name,tipnum,year,antigen
6dc9984d,196,0.1534,12
5432f82e,15,0.1534,1
6d39cc87,118,0.1534,1
6a252a05,131,0.1534,1
63a98f86,93,0.1534,1
4203784e,166,0.1534,1
1b31ba8,114,0.1534,1
42057c99,67,0.1534,1
6dff1ee0,163,0.1534,1
34e7da19,54,0.1534,1
2d90f976,98,0.1534,1
4418b9e9,123,0.1534,1
5185b794,170,0.1534,1
5b3898af,39,0.1534,1
714991f7,183,0.1534,1
709fa9c6,37,0.1534,1
cda9956,845,0.1534,1
13389582,32,0.1534,1
2e43683b,64,0.1562,1
239f25ac,82,0.1562,1
7bd718a0,99,0.1562,1
2c1406dd,33,0.1562,1
1923b1d4,11,0.1562,1
434b4519,12,0.1534,1
9a57c8,83,0.1562,1
c349be8,173,0.1534,1
89d36ab,72,0.1562,1
1167c92c,86,0.1562,1
4391f8df,34,0.1562,1
6b52d09e,6,0.1562,1
a1b8b31,165,0.1562,1
251a1df7,105,0.1534,1
69015e8b,202,0.1562,1
14aab515,186,0.1589,1
42bee6b2,28,0.1589,1
373eaeb7,50,0.1589,1
11a81db0,68,0.1589,1
343538ac,92,0.1589,5
7aa8fbb2,124,0.1562,1
54284bdd,181,0.1589,1
15eb5e50,119,0.1589,1
2055b129,7,0.1589,1
4c2bfb2b,134,0.1589,1
625cf882,13,0.1562,1
743c31b7,871,0.1589,1
3beae8be,40,0.1589,1
363bca13,9,0.1589,1
76a0d43b,29,0.1589,1
33a6bcbe,1,0.1589,1
260282f4,126,0.1562,1
4ac13192,870,0.1589,1
2242018b,125,0.1616,1
5eec0c3f,73,0.1616,1
24071a31,16,0.1589,1
16203967,128,0.1616,1
552ec790,17,0.1616,1
5c646c59,71,0.1616,1
67d2cae7,10,0.1616,1
7b9882be,103,0.1616,1
6ce477ab,91,0.1616,5
4f552fe0,62,0.1616,1
3e21411f,187,0.1616,11
38d463a3,137,0.1616,1
193b917,8,0.1589,1
4e85cfa1,87,0.1616,1
28c9c3be,90,0.1616,1
1cd45601,161,0.1616,1
130f8d,5,0.1589,1
38175b1b,184,0.1616,1
608b20e9,156,0.1589,1
639db75,35,0.1616,2
38e3f1ed,167,0.1616,10
2094fe1b,18,0.1644,1
19a11e88,844,0.1616,1
510b9cba,41,0.1644,1
764073ef,53,0.1644,1
71a32f1a,116,0.1644,1
60672af8,76,0.1644,1
6d049402,55,0.1644,1
182e4d46,130,0.1644,1
709d7aa6,30,0.1644,1
2974bea7,69,0.1616,1
60999b0f,2,0.1644,1
a37ae27,177,0.1589,1
5bdf1de9,190,0.1644,12
1164bd8d,195,0.1644,12
1d69a880,109,0.1644,1
318409c1,132,0.1671,1
6f5cf40,85,0.1671,1
32c982c6,74,0.1671,1
7d1558a3,3,0.1671,1
62b401b7,31,0.1671,1
73efc621,88,0.1671,1
18316934,20,0.1644,1
5b4898d3,63,0.1671,1
25e9eece,129,0.1616,1
6792fa7d,162,0.1644,1
6ac1e660,172,0.1671,1
75d075eb,113,0.1671,1
1fa57a01,21,0.1671,1
6f143a9a,84,0.1644,1
a0323fe,78,0.1699,1
3f736b57,188,0.1671,11
7c8a6078,36,0.1699,1
484b689a,58,0.1699,1
6455be3,185,0.1699,1
15ca9406,96,0.1699,1
3a6caf67,138,0.1644,1
29f00f08,75,0.1699,1
546d396,154,0.1699,1
44ed1d9c,139,0.1671,1
1b2585f1,197,0.1726,12
320441d2,192,0.1726,12
1edee67,182,0.1699,1
2d40023b,164,0.1726,1
1aebf638,70,0.1726,1
20347465,65,0.1699,1
1a7d006f,97,0.1726,6
ae7d823,127,0.1726,1
649781ce,201,0.1726,12
49eb06bd,191,0.1726,12
3b670997,155,0.1726,1
ff5f818,108,0.1726,1
57b491d9,22,0.1699,1
467bbb7c,168,0.1726,10
45d33995,23,0.1753,1
65463c0f,115,0.1753,1
160f4327,169,0.1726,10
94efc28,194,0.1671,12
db4aac1,843,0.1753,1
51773573,294,0.1753,14
505dd16,25,0.1699,1
69ffa0ea,38,0.1726,1
4135edb6,26,0.1753,1
2901944e,42,0.1753,1
2470115,100,0.1753,1
162b0947,175,0.1726,1
789d1e69,869,0.1753,1
5d9b56d0,48,0.1753,1
67eeabdf,4,0.1753,1
2941e754,27,0.1781,1
39bfda43,176,0.1781,1
3e953672,107,0.1781,1
2cb7c22c,57,0.1726,1
aeafba9,66,0.1753,1
4dc05575,171,0.1781,1
5af1dc19,89,0.1781,4
48c5d3c9,56,0.1808,3
15af4ecb,106,0.1808,1
5a8bcaf6,193,0.1808,12
e4ed4aa,43,0.1781,1
68f31531,79,0.1808,1
7c5c7f2,135,0.1808,1
39d6186,95,0.1836,1
7b0e1edb,51,0.1836,1
b24c616,200,0.1808,12
22f77ad7,77,0.1836,1
4a0eae5e,49,0.1808,1
417d8902,44,0.1836,1
6cc4e34d,80,0.1836,1
75fc1dc0,94,0.1836,1
4a3f217f,14,0.1863,1
67a784a3,174,0.1808,1
2cb2cd91,120,0.189,7
39b5c7da,199,0.189,12
a322d4a,122,0.189,1
2ca1c0c9,19,0.1836,1
516b2233,121,0.189,1
6b0fb3ca,81,0.1945,1
7c133266,117,0.1918,1
416bb123,136,0.1918,1
675018d3,133,0.1945,1
67d7d5c4,52,0.189,1
6f22d4b0,189,0.1973,11
7925ab7d,24,0.1973,1
1c40363d,140,0.1945,1
7b3123e6,179,0.2027,1
5665c203,178,0.2,1
4b89e72c,157,0.2055,9
39d5d3a8,198,0.2,12
449caf39,203,0.2055,1
3c911873,180,0.211,1
3825384a,45,0.211,1
2ffaf475,204,0.211,1
130f2eca,101,0.2164,1
e3e73d4,46,0.2247,1
3a58a0e0,158,0.2274,1
2b2e2889,159,0.2384,1
2bdff16d,145,0.2411,8
538f38c5,141,0.2548,1
2ed241b3,160,0.2603,1
5172ab29,142,0.2658,1
bc2abee,872,0.2712,1
21a1e343,47,0.2959,1
1d42f11d,382,0.2986,14
59ad2a7f,231,0.2986,13
69fdf6ed,110,0.3041,1
78111c98,295,0.3315,14
47ae677f,104,0.3342,1
69bb3f32,143,0.3452,1
63fbe101,296,0.389,14
5335d1d3,300,0.3918,14
6714c155,315,0.4,14
57e6202a,529,0.4164,14
6b29203e,383,0.4164,14
66ffdce2,873,0.4164,1
16efcfc1,111,0.4192,1
5730aa20,385,0.4274,14
3131379c,205,0.4301,1
d041ce5,299,0.4301,14
13bbd954,144,0.4411,8
7bc28d25,112,0.4438,1
70811b67,384,0.4493,14
297159d7,304,0.4521,14
11c406b2,874,0.4548,1
5c780ca7,308,0.4685,14
2aa7280b,297,0.4932,14
333c19a8,298,0.4986,14
102041f9,146,0.5014,8
7829048f,305,0.5041,14
21e034d9,306,0.5096,14
3de10976,386,0.5151,14
74a09aff,147,0.5315,8
6ec3b63b,309,0.5397,14
7c7e1d93,236,0.5397,13
5c98b839,307,0.5397,14
6987a065,408,0.5452,14
1a86a100,206,0.5534,1
1618a546,317,0.5562,14
fd89ecc,233,0.5562,13
5b8893da,234,0.5671,13
7bbb9c72,301,0.5699,14
74a9a70a,235,0.5753,13
27c80e4c,316,0.5753,14
3d9671f8,311,0.5863,14
6c2dda87,530,0.589,14
73a4929b,531,0.5863,14
4a0cfa12,207,0.589,1
2dd12771,538,0.5973,14
2faa39ae,237,0.6027,13
78cd568a,387,0.6027,14
553cffeb,409,0.6082,14
7172a092,60,0.6082,1
feb805b,389,0.611,14
1d00ee2a,302,0.6192,14
2ff189c6,539,0.6329,14
4b63ca9a,410,0.6329,14
185962f5,532,0.6356,14
232ae6a,310,0.6384,14
2ffe6045,59,0.6767,1
653bd928,232,0.674,13
212ea853,388,0.6767,14
24dbe480,238,0.6932,13
252b5b13,312,0.6959,14
74cc91f6,534,0.7014,14
27511b50,102,0.7096,1
272dccd3,240,0.7151,13
3087b02e,208,0.7178,1
160c1d08,313,0.7205,14
643fea5d,209,0.726,1
746c940d,239,0.7342,13
6a45febd,148,0.7342,8
5bc89a4b,318,0.7397,14
7dd9423d,533,0.7397,14
56c347dc,303,0.7507,14
4db5325b,540,0.7562,14
76b9cff1,883,0.7589,1
629aac93,411,0.7644,14
f49d9a5,61,0.7644,1
5de91b1c,314,0.7918,14
4d3bed0,882,0.7973,1
426cc828,535,0.8027,14
e5d8a1e,393,0.8027,14
6a1e4664,536,0.8027,14
7f3a81c0,390,0.8082,14
5bb32b87,241,0.8137,13
36de8d79,537,0.8164,14
395c4795,391,0.8164,14
21e90bbc,846,0.8493,1
a76aac0,392,0.8575,14
3828e814,394,0.863,14
48db571a,847,0.8849,1
717e92d5,542,0.9014,14
21f4a752,541,0.9151,14
1360d17b,319,0.926,14
7a3d9c40,246,0.9425,13
45a2196d,262,0.9452,1
5753e544,396,0.9507,14
422d0ddc,875,0.9507,1
54645645,150,0.9534,8
4dfbaf7,324,0.9507,14
1d844d5,149,0.9507,8
23514624,210,0.9589,1
4969e86f,412,0.9699,14
59767e46,244,0.9753,13
63804f73,325,0.9781,14
7285d27e,326,0.9808,14
1520fb38,395,0.9808,14
22f53e9b,413,0.9836,14
569dfba5,876,0.9918,1
50b15b89,546,1.0055,14
74739d27,211,1.0192,1
31ab6d3b,245,1.0274,13
23c0a90d,212,1.0274,1
3af3c661,247,1.0301,13
1ab92e03,320,1.0356,14
408e43ce,151,1.0575,8
2a262c51,321,1.0658,14
c0870d9,414,1.0658,14
5f928e6d,544,1.0685,14
6db02662,545,1.0767,14
766fdb21,398,1.0822,14
39aee38d,215,1.0877,1
7284e333,213,1.0877,1
1e6b4837,851,1.0959,1
16d53e08,263,1.0986,1
582915d4,848,1.1014,1
d61e899,415,1.1014,14
498f33f2,214,1.1041,1
640897d0,264,1.1068,1
769571b5,850,1.1096,1
6f33da82,242,1.1068,13
66825d06,416,1.1233,14
6b1d45b9,152,1.1288,8
732fb0cc,543,1.1315,14
64a5546f,218,1.1452,1
5405ebaa,547,1.1479,14
9403046,549,1.1644,14
7d5e2605,548,1.1836,14
331613ed,417,1.1863,14
1114bfcd,852,1.1973,1
48b5e69e,327,1.2027,14
2e6b38c3,397,1.2137,14
40ff2dce,399,1.2192,14
4c9d55da,422,1.2192,14
4f17bedf,323,1.2301,14
287130b5,219,1.2356,1
11d9f928,400,1.2356,14
37cc4d4c,418,1.2384,14
455fec2c,853,1.2411,1
640a88aa,322,1.2411,14
3ac43dba,849,1.2356,1
6f37b183,552,1.2575,14
55b30ec5,217,1.2575,1
654c8301,550,1.2603,14
7e7e4bff,551,1.2603,14
2c17561a,328,1.263,14
619fa07b,419,1.2658,14
60ca63c2,216,1.274,1
6c67ed97,420,1.2822,14
7ad6c187,265,1.2849,1
66562ade,266,1.2904,1
553181a5,854,1.2986,1
669c5c1,855,1.3014,1
4a7ff672,220,1.3068,1
1da82539,329,1.3096,14
44cda380,346,1.3096,14
30044e7e,554,1.3096,14
c423115,248,1.3178,13
5d45bb71,553,1.326,14
393b9a89,221,1.3288,1
764990f,332,1.3342,14
74fc8c60,555,1.3479,14
6566e17a,331,1.3562,14
4c1e9ff5,330,1.3589,14
12686625,225,1.3781,1
51c9d5fa,401,1.3836,14
3443f298,333,1.3836,14
142fb6e7,223,1.3836,1
7b513165,224,1.3863,1
667cb85b,249,1.3945,13
5ea57256,222,1.3945,1
415c0a7d,267,1.3973,1
6a20e7fc,884,1.4164,1
699d2483,885,1.4247,1
1c5fcc24,426,1.4247,14
3df12230,402,1.4301,14
50032d75,268,1.4493,1
50baa2ca,272,1.4521,1
da2ee74,421,1.4575,14
7f7ec5f5,243,1.4575,13
4722b6c4,153,1.4603,8
32667a15,558,1.4685,14
6b22ecb,967,1.474,1
4f93d3ed,556,1.4795,14
4aba9427,562,1.4822,14
4b8df9b7,229,1.4904,1
5c5e527b,226,1.4904,1
d03fea6,403,1.4959,14
48ac16af,858,1.4959,1
1386588d,339,1.5014,14
37625b0b,856,1.5068,1
19810a16,427,1.5123,14
be5214e,557,1.5123,14
2a86528f,559,1.5178,14
f99eed7,563,1.5315,14
1ed99488,347,1.526,14
3c14294c,564,1.5425,14
398cf908,968,1.5479,1
241e166b,561,1.5452,16
361e0ea3,969,1.5534,1
2bdd0f65,406,1.5589,14
7fa4e93b,428,1.5644,14
4e42625c,573,1.5644,14
7fb0a647,227,1.5699,1
16a7ff45,565,1.5726,14
508a8024,574,1.5726,14
3083f394,334,1.5726,14
13ef0b77,566,1.5863,14
3bb7f2e8,970,1.589,1
4bdac500,228,1.5918,1
3e1688a4,423,1.5918,14
62ae46e9,576,1.5918,14
66216138,250,1.5973,13
d7e6a38,971,1.5973,1
10114c52,350,1.6082,14
98d9b7,560,1.6137,14
6ddd503d,886,1.6192,1
138cd814,336,1.6164,14
96575eb,973,1.6247,1
4ff65011,340,1.6137,14
482dbd6a,859,1.6301,1
3d149003,335,1.6384,14
1f7c6067,424,1.6329,14
9fdb8e2,351,1.6493,14
62f7cd41,974,1.6521,1
64bea48e,230,1.6521,1
4794fa98,860,1.6548,1
5c593e7d,575,1.6658,14
7c39b7a6,273,1.6795,1
5e19eee1,972,1.6822,1
229ac21d,975,1.6932,1
7e5b8eca,407,1.6986,14
1efbeba3,352,1.7041,14
f04607b,425,1.7096,14
365a0614,337,1.7068,14
7bfad1ac,861,1.7151,1
59f53dc7,269,1.7205,1
189273a9,404,1.7205,14
de599df,586,1.726,14
3439cf78,429,1.7288,14
19631fe2,251,1.7315,13
6908120c,857,1.7315,1
628c3bbf,341,1.7342,14
18b47a99,252,1.737,13
19a9ea62,353,1.7425,14
30981329,587,1.7452,14
33ca8746,405,1.7616,14
8115314,338,1.7671,14
5e3d428e,271,1.7671,1
2ecc133b,978,1.7699,1
495b4113,590,1.7781,14
4bd022df,862,1.7836,1
7f4d2019,980,1.7781,1
31d6b100,348,1.789,14
22962df0,877,1.789,1
631e20b0,577,1.7918,14
681a25a7,274,1.7945,1
7e419d55,910,1.7918,1
7a1b6d2c,976,1.7973,1
69f12632,588,1.7973,14
50ff11b6,342,1.8,14
22a695c9,343,1.8027,14
57823012,430,1.8,14
3f5eebc,879,1.8247,1
63559846,578,1.8301,14
76fc3589,592,1.8356,14
4b0f473b,865,1.8384,1
622720d5,270,1.8438,1
5d119b4e,567,1.8438,14
61daff22,253,1.8438,13
27b69b0d,344,1.8548,14
713d1e5e,866,1.8548,1
2aac14c,589,1.8658,17
69b2c2e3,349,1.8685,14
6792d90f,591,1.8685,14
3e653f97,354,1.8685,14
f6291ff,887,1.8767,1
5e78b0b6,983,1.8767,1
47ae8ac9,979,1.8822,1
50208c2c,863,1.8822,1
4fd44b7c,864,1.8959,1
24e0e00f,345,1.9151,14
4bd612be,593,1.9151,14
5030f672,568,1.9151,14
637bd67f,582,1.9151,14
37ee77d0,878,1.9151,1
4cd6c071,880,1.926,1
40a0a19e,579,1.9288,14
59355e21,570,1.9315,14
d32afe8,277,1.9479,1
1b023cff,981,1.9507,1
2677c9ce,431,1.9562,14
62e36a27,583,1.9589,14
184ceb42,275,1.9644,1
36039e01,432,1.9644,14
1223d970,580,1.9671,14
5eec7dc,984,1.9699,1
4da6d22,889,1.9699,1
a825b43,594,1.9699,14
73c9aa66,254,1.9753,13
c2049a6,595,1.9808,14
667c820e,445,1.9836,14
c4e90b,569,1.9808,14
3efc05ad,597,1.989,14
d6d36c7,911,1.9918,1
2b6aceb8,888,1.9973,1
1804e213,867,1.9973,1
26a0e1ef,977,2.0027,1
2843f1e4,439,2.011,14
f68d956,881,2.011,1
38897607,584,2.0164,14
28391d71,598,2.0164,14
3043b6d2,913,2.0164,1
517c7b30,585,2.0356,14
11cd86ac,447,2.0384,14
26b699a0,985,2.0411,1
6f5d4649,581,2.0438,14
42858856,446,2.0493,14
3f008e4c,596,2.0493,14
2d697b95,890,2.0521,1
28030f7f,355,2.0548,14
462ae511,356,2.0548,14
7de37176,898,2.0603,1
a0374ab,433,2.063,14
1bb0088c,868,2.0603,1
2b788472,914,2.063,1
3a6bfe61,434,2.063,14
5ce5409b,891,2.0658,1
478ad7e3,435,2.0712,14
28be8074,915,2.0822,1
4dc3fbf4,982,2.0849,1
3b548b4f,440,2.0932,14
2af07609,361,2.0959,14
7611fe03,899,2.0959,1
4e7125e0,276,2.1068,1
245fa76e,900,2.1068,1
7a91cafe,694,2.1096,14
3bce4e59,437,2.126,14
6b3f32a6,1051,2.126,1
32028c78,278,2.1397,1
15e7f7d8,357,2.1452,14
7bf7b0e7,916,2.1479,1
3aa348c2,366,2.1534,14
50c32f01,684,2.1534,14
42fb8dbd,918,2.1589,1
64bcb8d6,360,2.1589,14
220a5c2e,912,2.1589,1
6bf8c449,695,2.1616,14
75703aee,903,2.1699,1
740b469e,358,2.1671,14
3c150602,901,2.1699,1
4908f1d,436,2.1726,14
29e7d94a,696,2.1726,14
5db421d2,449,2.1753,14
73a5a34c,986,2.1781,1
3e3831d1,448,2.1753,14
73cd2242,363,2.1808,14
647798f8,685,2.189,14
18319f15,365,2.1918,14
46d0f09c,893,2.1945,1
5c950536,902,2.1973,1
4fde604,359,2.2,14
102008b9,442,2.2027,14
51355e31,280,2.2055,1
611de70f,917,2.211,1
257d4d94,438,2.211,14
35c83e63,599,2.2137,14
4edb42f9,892,2.2164,1
2774fe33,441,2.2164,14
5190c1c4,364,2.2247,14
5e2eee5b,1054,2.2411,1
2591e779,284,2.2521,1
6a4f0fb2,282,2.2603,1
7e174488,444,2.2658,14
1717b511,571,2.2658,14
57e23127,940,2.2658,1
7d62be8d,456,2.2767,14
43f4580f,450,2.2767,14
6f421c0c,919,2.2849,1
2b352668,697,2.2904,14
6d184120,370,2.2904,14
5e60cd8,1052,2.2904,1
304e1031,987,2.2877,1
7a3bd214,1058,2.2959,1
78bfbd5d,686,2.3014,14
5701f22b,255,2.3014,13
1254eb07,896,2.3041,1
62b4b4df,257,2.3041,13
46bb61ef,687,2.3041,14
39b7c9ea,1053,2.3068,1
43eb7930,572,2.326,14
2937a800,894,2.3288,1
57979fd9,988,2.3315,1
1b235bcc,991,2.3342,1
5cf6163b,443,2.3452,14
415fb053,1055,2.3479,1
59e563b1,461,2.3507,15
5899be7a,941,2.3534,1
53f553cc,462,2.3534,15
34323c9c,699,2.3562,14
853df61,688,2.3562,14
7a59cd31,905,2.3589,1
6fa6d66e,897,2.3616,1
4a55d1da,689,2.3726,14
5c6ba726,698,2.3753,14
686fc9df,993,2.3808,1
3123671a,904,2.3836,1
551cabe5,1059,2.3918,1
54cf64f7,600,2.3918,14
42786e80,362,2.3918,14
68c9ca62,942,2.3918,1
2748ca6f,906,2.3918,1
583a171d,1056,2.3973,1
777d2831,1060,2.4,1
7dacb2ff,992,2.4027,1
76f05430,457,2.4055,14
50cc1a56,923,2.411,1
237657a7,463,2.4137,15
58c67dad,1061,2.4164,1
46e4ea24,452,2.4219,14
3241671c,989,2.4192,1
2efc5a8,690,2.4329,14
69affb4d,1057,2.4384,1
87b8996,700,2.4384,14
31b12dc2,603,2.4521,14
31bb7602,1069,2.4603,1
3d2e3eae,1070,2.463,1
4d052718,285,2.474,1
5b66d866,601,2.4712,14
f85cda5,920,2.474,1
65e4a131,288,2.4795,1
13d7772,602,2.4822,14
6c752adb,990,2.4932,1
4dbc2a15,604,2.4959,14
3c2ce1da,259,2.5014,13
d11e7ba,465,2.5068,15
67fd878d,921,2.5096,1
3f6a83aa,922,2.5123,1
221b5a5b,691,2.5096,14
e5b208f,605,2.5205,14
cf53ac9,1071,2.5233,1
7bf0535,260,2.526,13
d3c490e,464,2.5288,15
7f0e4e1b,998,2.5288,1
2886462d,606,2.5315,14
d800286,467,2.5288,15
72e928ae,895,2.5288,1
7f9ace7e,258,2.5397,13
35f229c9,458,2.5425,14
65b7588e,459,2.5425,14
356e3c0f,1063,2.5425,1
68aee28c,367,2.5479,14
53391b6f,256,2.5507,13
1f2f9ac2,692,2.5562,14
7a79c648,693,2.5534,14
255582a1,283,2.5562,1
3af0ae05,468,2.5562,15
992c3a8,371,2.5616,14
21893857,1064,2.5616,1
15f6f1a8,1062,2.5616,1
23003c29,1291,2.5671,1
4b23f39e,930,2.5753,1
69fa30e3,999,2.5644,1
c698a30,907,2.5781,1
5f44589a,701,2.5753,14
2eaa1ee0,1072,2.589,1
7a41a7a8,994,2.589,1
4a0c2d01,281,2.5945,1
659a9526,1292,2.5945,1
5144d16c,1065,2.5973,1
419c23f4,931,2.6082,1
4204fd2b,451,2.6137,14
27cc751,908,2.6219,1
7c5f84e0,924,2.6274,1
b541024,368,2.6301,14
6edc59c0,375,2.6329,14
a7e5d05,1004,2.6384,1
a86b02e,466,2.6493,15
1fd956b8,261,2.6493,13
21f8546a,1076,2.6493,1
2d660bcc,460,2.6493,14
5588ed10,925,2.6575,1
6ab0204f,1293,2.6603,1
9887277,615,2.6712,14
14ad20e1,995,2.674,1
65faf09,608,2.6877,14
6d0645d5,997,2.6904,1
275789c8,1000,2.7041,1
5a801feb,727,2.7041,14
215cc455,1066,2.7096,1
7eab0546,932,2.7151,1
30424294,279,2.7151,1
65a9ca92,1016,2.7178,1
3f0cee8b,377,2.7233,14
7b4da2c8,1067,2.737,1
78b5fb53,376,2.7315,14
77b0e174,943,2.737,1
5e925036,1068,2.7425,1
75c4fc2c,944,2.7425,1
2de42ca9,369,2.7425,14
7adc3525,607,2.7425,14
2444b810,609,2.7507,14
3603d9a8,289,2.7562,1
64f466d8,946,2.7507,1
11cf6217,1294,2.7589,1
297b935a,933,2.7589,1
68f99f8b,610,2.7699,14
7397faac,934,2.7671,1
5b71a3ef,928,2.7726,1
1cf4ccff,935,2.7726,1
38550d2d,374,2.7644,14
74dbc211,909,2.7726,1
226379be,616,2.7781,14
184aca39,489,2.7781,15
8669078,453,2.7781,14
2207102f,292,2.7863,1
1b102358,1015,2.7918,1
3237bc99,1020,2.7945,1
55453901,617,2.7973,14
699c8681,926,2.8027,1
738065f5,947,2.8055,1
6910923e,996,2.8055,1
55c6b6e4,290,2.8082,1
477a61f8,1295,2.8082,1
15e1232c,372,2.8055,14
46af2d0a,1296,2.8082,1
18c4079f,490,2.8137,15
686013ff,1005,2.8192,1
6976e66f,1001,2.8274,1
689b76bf,945,2.8329,1
5f798f0,1017,2.8411,1
19133321,499,2.8384,15
21532763,454,2.8411,14
12ce8378,956,2.8493,1
2bc7b9c9,1086,2.8521,1
2b4d1dab,702,2.8521,14
139d5f9e,469,2.8548,15
75aecbd6,1087,2.8548,1
63312d5b,373,2.8603,14
2052c4d3,1002,2.8658,1
59ca1ee8,1003,2.8685,1
1b866475,927,2.8658,1
5ab99e7c,470,2.8685,15
30082b85,936,2.8712,1
64a050b,611,2.8767,14
35d13249,938,2.8767,1
a3c19d4,455,2.8822,14
f7e6674,1088,2.8822,1
19225399,1077,2.8822,1
766dade5,949,2.8849,1
6807073b,955,2.8904,1
3e33356d,937,2.8904,1
4282b919,1096,2.8932,1
2c4c722b,1089,2.8932,1
4937844b,1078,2.8904,1
19597c89,948,2.8959,1
3e66aa92,291,2.9014,1
69fb9636,957,2.9068,1
1c9b429e,475,2.9096,15
35eaad5f,471,2.9096,15
4e619945,1090,2.9096,1
4e74d8b0,1006,2.9123,1
454dc9d6,1021,2.9123,1
7032bd6f,612,2.9123,14
3f20280e,1297,2.9096,1
36fb9e45,728,2.9151,14
2fe5b331,929,2.9178,1
5e226172,958,2.9288,1
758a0019,939,2.926,1
10361202,378,2.9288,14
7a55aff7,500,2.9315,15
37b1783e,1073,2.937,1
121e2c19,501,2.937,15
35da72fa,1018,2.9397,1
32189a5a,1079,2.9425,1
65e5a1f9,491,2.9397,15
59a945f3,495,2.9452,15
3ab4c43b,496,2.9507,15
4c88537d,1007,2.9534,1
4aad97c,1024,2.9534,1
17bf92c7,1080,2.9534,19
b361917,1022,2.9534,1
7264ddf,613,2.9534,14
52bb0b7,1091,2.9589,1
5798e857,476,2.9589,15
3c5a71c9,472,2.9671,15
71f29f4,473,2.9671,15
5fe99fa8,1008,2.9671,1
4f230e52,1097,2.9671,1
1437f717,1098,2.9726,1
2018fa46,1023,2.9753,1
5e362738,614,2.9781,14
4db1e789,474,2.9808,15
5fce571d,729,2.9836,14
1a3731f3,1299,2.989,1
7d1a3239,1074,2.989,1
12fac545,1025,2.9973,1
5035e53c,730,3,14
759bcd7d,959,3.0055,1
732efe60,1099,3.0082,1
5f8991c6,1019,3.011,1
647eadd5,703,3.0137,14
602792c4,1026,3.0137,1
5afc655b,1075,3.0137,1
73b338a7,502,3.0219,15
5644801,492,3.0247,15
3c4ed31b,1011,3.0247,1
14655d7d,286,3.0274,1
48885c87,625,3.0274,14
22942331,950,3.0301,1
5974322,1009,3.0329,1
514d8a82,1010,3.0356,1
3b277858,1300,3.0411,1
2e98271a,287,3.0466,1
314177df,293,3.0521,1
5599b297,960,3.0521,1
55e8eeb2,704,3.0521,14
324f576d,1092,3.0575,1
d7e9c55,1035,3.0603,1
d9bc01a,618,3.0685,14
419cc39c,493,3.0767,15
375eb1f9,1100,3.0795,1
7f627c40,1298,3.0767,1
4b2faf08,1187,3.0795,1
607cbcd,1081,3.0849,1
554f4007,1188,3.0986,1
175cf22e,623,3.1014,14
7b300cf9,1301,3.1041,1
4351e9f1,1093,3.1041,1
6cb1c6e4,477,3.1068,15
2bb42b42,1012,3.1068,1
1c8c84de,731,3.1068,14
67a00472,705,3.1068,14
2bf26716,706,3.1068,14
4996126a,1027,3.1096,1
31c4c5f2,478,3.1123,15
56a0c42c,1028,3.1205,1
6e52d339,379,3.1178,14
796771f5,1034,3.1288,1
17ae99db,1094,3.1315,1
d23589,962,3.1315,1
5003101b,1095,3.1342,1
4180dad5,1189,3.1315,1
2830ca39,1083,3.137,1
4bb3fea5,1105,3.137,1
549ce32b,626,3.1397,14
5a5cf427,619,3.137,14
1297a4bf,1106,3.1397,1
376a9970,961,3.1397,1
3cd8d5d6,624,3.1452,14
684a523e,1101,3.1452,1
558a6edc,380,3.1479,14
4e090477,1302,3.1452,1
7a178a8e,627,3.1562,14
1b967f,963,3.1589,1
3afaefe0,1013,3.1699,1
61d43e35,1014,3.1863,1
3c009aed,1082,3.1863,1
7a852419,497,3.189,15
4f0da51b,636,3.1918,14
26f1fd58,964,3.1918,1
4b999389,1036,3.1945,1
7376afe5,1029,3.2082,1
2000f87e,951,3.2055,1
9b2da1b,498,3.2164,15
3de7a229,1030,3.2219,1
eb0157f,479,3.2219,15
25426562,1102,3.2192,1
48ff8acb,1190,3.2247,1
6f1b58a2,1103,3.2274,1
70662558,952,3.2329,1
7e73cdc6,1192,3.2411,1
4aeea911,732,3.2438,14
5220d7f,1107,3.2493,1
7f0526a6,1084,3.2493,1
3e8890fb,1111,3.2521,1
5ef57711,953,3.2548,1
61ecfbff,628,3.2521,14
370ac172,1104,3.2575,1
37590514,381,3.263,14
4d7f8020,503,3.263,15
38c73b61,1191,3.2603,1
774bbc87,504,3.2658,15
7a528b1d,480,3.263,15
3e721c85,629,3.2712,14
5f124b68,1112,3.274,1
6eddbe2a,508,3.2822,15
6f408ca3,1085,3.2822,1
417823fa,620,3.2822,14
cfc79b6,707,3.2849,14
fd3baed,505,3.2904,15
3694fbf5,621,3.2959,14
649d0a20,622,3.3041,14
64fa92ba,1193,3.2986,1
b24665a,1194,3.3068,1
19b2a101,481,3.3205,15
15f2641d,494,3.3233,15
252d5b5b,1108,3.326,1
2417a963,644,3.3288,14
d93ff12,1303,3.326,1
1a5fd08,1040,3.3288,1
771a3ad,510,3.3315,15
32e4796c,1195,3.337,1
1224fea8,1196,3.3342,1
48c9d79b,630,3.3479,14
5ab0daff,509,3.3479,15
74d3211c,1312,3.3534,1
7e3588e0,483,3.3534,15
7846edb2,708,3.3616,14
5a28a17,965,3.3616,1
24fdb767,484,3.3699,15
49cba925,714,3.3808,14
1beb4a74,1037,3.3973,1
540f0fc6,1307,3.4,1
1d80ccaf,631,3.4027,14
17a6d037,1309,3.4027,1
996dcbb,1109,3.4055,1
48ef8f17,966,3.4027,1
87c9b75,1200,3.4082,1
64b2d8f3,506,3.4082,15
7fcc957e,1110,3.411,1
4000ed38,1347,3.4192,1
93438d0,1354,3.4219,1
74235518,1201,3.4274,1
6246e2f,1308,3.4301,1
245b679,486,3.4329,15
1d586cf0,1310,3.4329,1
5af62b4e,1038,3.4329,1
34132e9d,1348,3.4329,1
2cd43042,485,3.4356,15
11637b26,1306,3.4329,1
4f82ba16,507,3.4548,15
244544f3,1305,3.463,1
3531cd0c,1202,3.4685,1
90fe120,1355,3.4685,1
33f116c,482,3.4712,15
6a5e8bbf,1113,3.4767,1
4ef14401,641,3.4767,14
59375917,632,3.4822,14
575bfc1e,1114,3.4849,1
212b0134,733,3.4932,14
65924a41,1203,3.4959,1
5ae4d00c,1351,3.4986,1
3978d5a6,633,3.4986,14
31cb759b,716,3.5068,14
4810e037,1349,3.5123,1
34883d89,511,3.5151,15
4b221b5b,1311,3.5233,1
21afc809,645,3.5233,14
6e718553,1356,3.526,1
1be08961,1350,3.5288,1
40c3b185,715,3.5315,14
976042d,1486,3.5315,1
20f1389d,1031,3.5342,1
1f73c614,1115,3.5315,1
59b625b3,1322,3.5315,1
623e336d,639,3.5397,14
7d4a93b4,735,3.5397,14
62fea6fd,734,3.5397,14
86639f2,709,3.5479,14
32dbe37a,648,3.5507,14
3f6c6cbe,1313,3.5534,1
6b75cb5e,1033,3.5507,1
4af59ccb,1116,3.5562,1
69e90628,1117,3.5589,1
6c6f54b7,1032,3.5616,1
1750ad63,637,3.5644,14
3d84beb0,1314,3.5671,1
8e383a,1353,3.5726,1
5cdbbd09,1315,3.5726,1
10c8bff5,954,3.5726,1
33605eb1,1304,3.5753,1
2e1233a,1352,3.5699,1
936e983,1324,3.5781,1
735f94b4,642,3.5808,14
726d5c23,640,3.5863,14
1671a535,1323,3.5808,1
278f728c,634,3.5918,14
5bd44caa,646,3.5945,14
2cfc6db4,512,3.6,15
2389a6ab,1316,3.6027,1
3b1d7abd,638,3.6082,14
73d07ad9,1318,3.6082,1
5dcc7305,649,3.6329,14
67da6440,1319,3.6329,1
288434c2,1491,3.6384,1
46d66387,1119,3.6438,1
2c2c9a4,635,3.6438,14
164e3172,1489,3.6493,1
2202af9f,1487,3.6521,1
2ba9bd39,1357,3.6521,1
5e962990,513,3.6548,15
55a2880e,1118,3.6575,1
39345691,1317,3.6603,1
ca5c5b6,717,3.663,14
68db5cec,1488,3.6712,1
76e22ce,487,3.6712,15
1cf57c6c,517,3.6767,15
1321161,1197,3.6767,1
79ae511d,1204,3.6795,1
4b204ef8,647,3.6822,14
3d2e6d00,718,3.6849,14
a8f60d5,514,3.6904,15
122ee20,1320,3.6767,1
483c3772,664,3.6932,14
6341518,650,3.7068,14
774c54c3,1041,3.7068,1
6109f7e4,1328,3.7123,1
4827cb10,1205,3.7151,1
6e1d8bd9,1198,3.7151,1
7b623095,1492,3.7151,1
557a5eca,1321,3.7178,1
2373703e,518,3.7205,15
213264ca,1199,3.7205,1
669d88e2,1493,3.7205,1
6568d210,1330,3.7233,1
4bbe0ee1,1358,3.726,1
3f3b7704,643,3.7233,14
4c359552,1120,3.7397,1
74fffe6a,1325,3.7397,1
46d9c00b,651,3.737,14
7d2b1737,1121,3.7425,1
1d529fbc,1326,3.7479,1
2a57c2b2,652,3.7507,14
289a04b4,1039,3.7534,1
1dd492c5,1042,3.7589,1
16d323bb,1496,3.7671,1
1e0270f2,1363,3.7753,1
3b355eaa,719,3.7753,14
24ea1b3,1043,3.7781,1
d8f94ba,1497,3.7781,1
4a7ec8b0,720,3.7808,14
62ffb9de,1494,3.7836,1
87f019,1206,3.7918,1
11d62ead,736,3.789,14
66e2561d,1359,3.7973,1
17b9343f,1044,3.8027,1
280109e9,515,3.8055,15
802f902,723,3.811,14
7c2414a1,1490,3.811,1
22e2cfd6,1333,3.8164,1
20cd422,516,3.8192,15
1dd9f788,1327,3.8247,1
4104698e,1336,3.8219,1
752c8207,1364,3.8329,1
11e5f544,1329,3.8301,1
43523547,666,3.8356,14
21786cba,1337,3.8356,1
30d5ee28,1122,3.8384,1
e2462a3,737,3.8411,14
5c0e962d,724,3.8466,14
38e39ab5,653,3.8493,14
3ef12caa,1046,3.8493,1
214a21f2,1335,3.8521,1
c566e02,1498,3.8521,1
24412e5b,725,3.8521,14
1362d205,673,3.8548,14
6357242a,1339,3.8575,1
c3d1999,1334,3.8575,1
599dae8f,1502,3.8575,1
5cce703c,1331,3.863,1
7150ae08,526,3.8685,15
74a7a8dd,1340,3.8685,1
2e0ba417,792,3.8712,14
1eb6e7a,738,3.8712,14
753fa0a1,527,3.874,15
d65e2b4,1360,3.874,1
3c971f9b,1499,3.874,1
67e28340,1338,3.8822,1
4f4f3f02,1045,3.8822,1
158d102f,674,3.8822,14
1dbf8097,721,3.8795,14
7360e8ae,519,3.8822,15
19d02f7c,710,3.8822,14
2f51b46b,722,3.8849,14
5220d5c6,1047,3.8877,1
25d9acb3,1361,3.8904,1
337a5c2d,1362,3.8932,1
2b492ef1,665,3.8932,14
5a747013,711,3.8932,14
919351f,655,3.8959,14
5783b7d2,1500,3.8986,1
5dc34f1f,1371,3.8959,1
3c39fbbe,1495,3.9068,1
5e65746e,712,3.9096,14
1e941370,528,3.9123,15
59e80c0a,1125,3.9178,1
2a7fe882,793,3.9178,14
5f4c2fa7,1341,3.9288,1
617da8ad,1501,3.9288,1
af9c11e,739,3.9342,14
4c7168ae,1342,3.9342,1
78ec60d4,1373,3.9425,1
2d02bcb3,1343,3.9425,1
138d9fa3,667,3.9425,14
1fb975bf,1344,3.9479,1
4c84c5c,1506,3.9507,1
3c178f52,794,3.9507,14
43987ff4,1123,3.9534,1
17d8feb5,524,3.9562,15
5134eabe,740,3.9616,14
68380559,678,3.9644,14
51d982d5,1379,3.9644,1
51be30c5,1372,3.9616,1
1c34111,654,3.9699,14
77d43a8d,1048,3.9644,1
6a86d188,741,3.9671,14
4a1eec05,1207,3.9699,1
51cee79e,679,3.9753,14
5d5c6662,656,3.9808,14
1a53af74,1507,3.9836,1
718bf78,1332,3.9863,1
5bce3482,488,3.9918,15
660d853a,525,3.9945,15
5163f5e6,521,3.9918,15
40d97c72,1380,3.9945,1
278f86e,1049,4,1
2838a687,1377,4,1
4b699062,1374,4.0055,1
4feea4e2,747,4.0055,14
2296c2ef,1345,4.0137,1
29a71023,1515,4.0192,1
6c5926f1,1124,4.0192,1
6e1d42fa,1050,4.0219,1
138b963,1375,4.0247,1
152d8211,1126,4.0247,1
41abe9f,1508,4.0247,1
21d16e43,669,4.0301,14
65e638bb,748,4.0356,14
1c22131c,1503,4.0411,1
4d9db841,680,4.0438,14
679464c7,1516,4.0411,1
3363bb6e,749,4.0493,14
3fd5f4ed,1376,4.0493,1
1f2a1ce6,1346,4.0493,1
5bdce198,522,4.0521,15
754a8946,660,4.0521,14
1969534c,1365,4.0521,1
65a8799e,1514,4.0521,1
2aaa94e1,796,4.0521,14
1646700d,795,4.0548,14
367ba10e,1403,4.0575,1
37e7db3a,1517,4.0575,1
11a530d1,1504,4.0575,1
6f56a398,713,4.0575,14
4a356067,742,4.0658,14
43025c10,670,4.0658,14
7b19cf19,681,4.0658,14
2109e981,1402,4.0658,1
3e929c9c,523,4.074,15
17cf8dc8,1378,4.0767,1
40de839f,1367,4.0849,1
7f3c7f0c,682,4.0849,14
116da548,726,4.0849,14
24b9d17b,1136,4.0877,1
4a92718c,1404,4.0877,1
7e64c13a,668,4.0877,14
2df6c5b,1382,4.0932,1
68074772,1381,4.0959,1
24576926,1505,4.0986,1
31c045ef,520,4.1041,15
1614b125,671,4.1068,14
4a9198f2,1520,4.1096,1
69f52ffc,683,4.1123,14
1663f07e,1387,4.1123,1
10313b2d,1127,4.1178,1
425fc28e,1509,4.1205,1
27b0573f,1510,4.1315,1
71030817,1410,4.1397,1
31c94304,1368,4.1425,1
1efc3829,1366,4.1425,1
2838fe43,1511,4.1425,1
103e0951,797,4.1534,14
144f0278,1512,4.1589,1
7d65f356,1423,4.1644,1
2f730434,662,4.1671,14
6cf4e9d,1521,4.1699,1
69ea62e1,1418,4.1753,1
5dae166,1384,4.1753,1
57774dc8,1383,4.1753,1
2bb04a1d,1208,4.1644,1
11f7c8e0,663,4.1808,14
4374ca69,1424,4.1836,1
2e00d6c2,1223,4.1863,1
7c991bd,1425,4.1918,1
28d6e96c,1128,4.1863,1
4d14599d,1369,4.1973,1
658a203b,1522,4.1918,1
2e85114e,750,4.2,14
3107007b,1388,4.2027,1
5e306f77,743,4.211,14
468dd159,1392,4.2082,1
6a8f0772,1519,4.2137,1
6c86740c,1389,4.211,1
1f916514,744,4.211,14
658bb53f,1518,4.2164,1
389d352e,1405,4.2247,1
2abb01d8,1513,4.2247,1
75423697,1391,4.2301,1
3a332d08,751,4.2301,14
4dd8474d,752,4.2356,14
5453f84c,1209,4.2356,1
1cbd3f9d,1390,4.2384,1
476e510,661,4.2466,14
5c2a9796,1370,4.2521,1
b597a0,1385,4.2603,1
6efa4813,1530,4.263,1
ae82dd5,1406,4.2685,1
585e1ea,658,4.2712,14
70316710,1531,4.2712,1
4cb703d5,1532,4.274,1
77a0913,1450,4.2849,1
2d5a32a7,745,4.2849,14
56a8c9fb,1412,4.2904,1
22f5c150,1419,4.2904,1
7510768c,1407,4.2932,1
61782dbd,1523,4.2904,1
9a3bd83,1426,4.2959,1
19544a5d,659,4.2986,14
15a7f766,1393,4.2986,1
63f54748,675,4.3014,14
77aeb110,1427,4.3041,1
4c130b1a,672,4.2932,14
54a14e38,1411,4.3068,1
6625d939,1553,4.3123,1
2fa31db2,1224,4.3096,1
2d070f67,1211,4.3123,1
79988a06,1225,4.3151,1
313c781d,1413,4.3205,1
69fbbcf6,1428,4.3205,1
1cbd427c,1386,4.3178,1
645bd05,676,4.3205,14
13acf69d,677,4.3288,14
2ed99654,1524,4.3425,1
7cf7ff02,657,4.3479,14
5771d80c,1215,4.3562,1
239dc461,754,4.3589,14
5641c323,755,4.3589,14
41149d70,746,4.3671,14
25865bf,1210,4.3753,1
5bb07c40,1212,4.3781,1
16c3159b,1408,4.3808,1
7359f52e,1129,4.3808,1
49a330b8,1394,4.3836,1
326d1367,1395,4.3836,1
ba3010d,1397,4.389,1
3af50ca6,1525,4.3973,1
6a673b16,1409,4.4,1
6406940c,756,4.4027,14
584aed27,753,4.4027,14
2e62b62,1554,4.4055,1
510a0fa3,1398,4.4082,1
1fc477a,1535,4.4164,1
2792c3a6,1132,4.4219,1
e50a1b7,1226,4.4219,1
3d5e2624,1216,4.4301,1
3ca8513b,1421,4.4301,1
89a489d,1534,4.4301,1
5f0c0643,1429,4.4329,1
54da490c,804,4.4466,14
3e5e729f,1414,4.4466,1
18f93ab5,1533,4.4493,1
66a68118,798,4.4493,14
59a7bd91,1130,4.4493,1
5f331d80,1536,4.4521,1
e4eb841,1451,4.4521,1
4a35be58,1422,4.4548,1
5c3246d1,1227,4.4575,1
389d33f3,1555,4.463,1
7f05e67d,1138,4.463,1
472c56c,757,4.4712,14
79de7116,1537,4.474,1
4ab80ffd,1430,4.474,1
1bebbff2,799,4.4767,14
4b0d94fc,1133,4.4767,1
59c66154,775,4.4767,14
530b5a76,758,4.4767,18
15d97bca,759,4.4822,18
3254a7f9,1221,4.4877,1
5872ac26,1542,4.4877,1
512385b4,801,4.4932,14
2eb82078,1538,4.4932,1
531ec4fb,1415,4.4986,1
ffaa371,1543,4.5014,1
1806b618,805,4.5014,14
49a248bc,1420,4.5014,1
11574cb6,800,4.5041,14
3ce4be08,1416,4.5123,1
55583aa2,1399,4.5233,1
181b1b98,1396,4.5205,1
42a0d2c1,1544,4.526,1
15e35361,760,4.5233,18
cf10153,1137,4.5233,1
6f3b1afb,1134,4.5288,1
59a8d137,1222,4.537,1
7b22b094,1557,4.5397,1
3b25b3b3,761,4.5452,18
33083cad,1400,4.5452,1
480c791f,1545,4.5479,1
1d640183,802,4.5452,14
2644d69a,1556,4.5507,1
472b74ac,1453,4.5452,1
30ea41ca,1213,4.5534,1
75beee23,1217,4.5534,1
5ed1b50a,1218,4.5644,1
5e21484c,774,4.5644,14
3ca7b653,1452,4.5753,1
3e6a8812,806,4.5808,14
6dc01330,1417,4.5836,1
39f745ec,1220,4.5863,1
1f02667e,807,4.5836,14
588bf8f3,1219,4.589,1
38e369af,803,4.589,14
52a34cb9,762,4.5918,18
3f179c4e,776,4.5945,14
3ccc6665,1540,4.6,1
1fc1de42,1649,4.6055,1
5664db4e,1539,4.6192,1
57cf8f87,1135,4.6274,1
54b99cdc,815,4.6274,14
b193760,1650,4.6274,1
290db0e0,808,4.6356,14
1a64d779,1651,4.6384,1
682ea147,1558,4.6466,1
1abbdb8f,1541,4.6466,1
5bad8c48,1131,4.6521,1
1342a8fc,1559,4.6521,1
2900cb71,1214,4.6521,1
3123dce8,765,4.6575,18
2964f96c,1564,4.6575,1
4a55b6c9,1526,4.6603,1
6b846917,1527,4.6575,1
1481002d,1457,4.663,1
2f27a04b,817,4.6658,14
44f38e4d,1459,4.6685,1
cceddb,1644,4.6712,1
e6dcb37,779,4.6712,14
46e9c73c,816,4.6795,14
545e0252,1454,4.6795,1
331b9f37,1462,4.6822,1
6ede372,1560,4.6849,1
53cfce10,1229,4.6904,1
5b973372,1437,4.6959,1
7f7ff6c0,763,4.6959,18
10f23c3f,1528,4.7014,1
3d60cf7f,1458,4.7096,1
5f0e6702,1652,4.7096,1
5f4753d5,1641,4.7178,1
5ed59fc6,780,4.7178,14
135d5971,1433,4.7151,1
65f5b854,1574,4.7178,1
39930a6c,1576,4.7233,1
2cd3de8c,1748,4.7233,1
5e0a4f7f,1575,4.7205,1
16f56bf2,1653,4.726,1
208037be,1642,4.7288,1
1295ba9c,1431,4.7315,1
218a4f2a,766,4.7315,18
1ee86e06,1228,4.737,1
237f2cd2,1577,4.7397,1
7a5eb6fb,1455,4.7425,1
2e3c2c4,764,4.7507,18
3d9dd95e,1456,4.7534,1
60d818b5,781,4.7534,14
5867e59b,1578,4.7534,1
3a9ba1c0,777,4.7699,14
2672a1b5,1645,4.7726,1
75f6cb0c,1432,4.7699,1
55cb68b7,1546,4.7753,1
3239566f,1643,4.7836,1
1752694,1464,4.7836,1
4218231d,1565,4.7808,1
4c986539,1547,4.789,1
48bff53c,1466,4.789,1
34ead8eb,1460,4.789,1
1c031964,1648,4.7945,1
1f00c132,1463,4.7973,1
10bece46,778,4.7945,14
72f1713a,1646,4.8,1
76bd9e39,767,4.8027,18
4dec66bf,1647,4.8027,1
59de9c86,819,4.8082,14
6cd656c0,1435,4.8164,1
6f2dc88d,1561,4.8164,1
13dd8784,768,4.8192,18
68dd8e3a,1465,4.8247,1
987e7d0,1139,4.8247,1
1434e58e,820,4.8247,14
44155f1e,1434,4.8274,1
70862f7b,1461,4.8329,1
6a502b04,1566,4.8411,1
1f396b10,1236,4.8356,1
6bb8ef63,1438,4.8438,1
5db72ca3,1548,4.8493,1
3002a5b9,1230,4.8493,1
9605ae7,1469,4.8548,1
1c8b2d99,1562,4.8658,1
6ef3d8f,1467,4.8658,1
77683d07,1579,4.8767,1
5b87077e,1549,4.8822,1
3fb1ea99,1567,4.8822,1
7a93ff13,1468,4.8904,1
4c257543,1471,4.8904,1
2ffa374e,1529,4.8904,1
1f2ff50a,1140,4.8904,1
7aa1fa9b,1563,4.8904,1
1d4907e1,1237,4.8904,1
b2f656b,1758,4.8932,1
63f71341,1568,4.8904,1
3103d90,769,4.8959,18
76906a4b,1401,4.8959,1
1c3efcfd,1580,4.8986,1
3054cf7f,1749,4.8986,1
23330d77,1472,4.9041,1
22475317,1765,4.9041,1
78857f4b,821,4.9068,14
3cecd5ef,1436,4.8986,1
7afb2176,1751,4.9123,1
f4cde50,1750,4.9123,1
34af327b,1764,4.9178,1
67037c82,1569,4.9205,1
44501185,1231,4.926,1
2d87e901,1142,4.9288,1
60762a20,1141,4.926,1
4e1610b4,1551,4.9288,1
1cedadc0,1584,4.9315,1
58754be1,1550,4.9315,1
4a286e0f,1470,4.9315,1
6ae6a4d6,1552,4.9342,1
1bde7a40,1143,4.937,1
6a2c5756,770,4.9425,18
523e7417,1586,4.9397,1
18f433b1,1581,4.9425,1
11256eb6,1572,4.9425,1
79c11aa8,782,4.9452,14
1ec007dd,1654,4.9452,1
715f7421,1570,4.9425,1
480fb800,1571,4.9479,1
72652f69,1910,4.9507,1
21b95ef4,818,4.9562,14
3807fd7,1755,4.9589,1
974fdfa,1585,4.9671,1
5e716a68,771,4.9699,18
3c0e8b6c,1770,4.9699,1
2591127b,1473,4.9726,1
67b5500a,1144,4.9753,1
4980ea2b,1756,4.9671,1
11d4d9c,809,4.9808,14
39c154a1,1587,4.9836,1
74396693,1771,4.9863,1
3a261b8d,1573,4.989,1
51bcc0f8,1766,4.989,1
62ebe232,1583,4.9973,1
5dd90d02,1767,5.0055,1
57299f47,1772,5.0164,1
60a53e5a,1752,5.0219,1
5cb3bd35,783,5.0274,14
5de2aa0e,1687,5.0301,1
1b8982d2,1759,5.0329,1
48460dad,826,5.0411,14
530e7045,772,5.0438,18
1a90d390,1769,5.0438,1
f8958ec,1145,5.0411,1
526ab816,810,5.0466,14
2a39fc93,1760,5.0466,1
a152dc9,811,5.0493,14
16856348,1768,5.0493,1
1128c386,1688,5.0548,1
74107854,812,5.0575,14
5748787a,825,5.0603,14
799688ca,1232,5.0603,1
6aeadef8,1911,5.063,1
3d8904d0,1146,5.0658,1
4a2c19ed,1753,5.0658,1
5e33237a,822,5.0685,14
62922b5a,1233,5.0685,1
17c81c5c,1147,5.0767,1
3d818c39,1671,5.0767,1
609b19bb,1582,5.0795,1
7a6e4000,1757,5.0822,1
9d57cec,1665,5.0795,1
5ea8ab76,1474,5.0877,1
6ff904de,1440,5.0877,1
679f3761,1912,5.0904,1
450f0562,1779,5.0932,1
5ee7e5ae,1754,5.0959,1
791fc558,1664,5.0986,1
6725d125,784,5.0986,14
5a3cecb6,1773,5.1041,1
3b97b8ca,1913,5.1096,1
3c258fe5,1151,5.1096,1
75c0cdbd,785,5.1123,14
4824d6ef,1916,5.1151,1
4ef366c9,1148,5.1151,1
22b08a55,1439,5.1178,1
5e398255,1761,5.1178,1
2d67010a,1775,5.1151,1
439a29e7,1780,5.1288,1
160ada73,813,5.1205,14
4b3c9cd,1666,5.1315,1
1149f700,1762,5.1315,1
38e21df,1781,5.1342,1
4397aa9f,1441,5.137,1
59f0fe81,1660,5.137,1
7dfe348,1667,5.1425,1
75adbab5,1588,5.1425,1
b9035cd,1442,5.1452,1
55cac6c8,1655,5.1479,1
2df7aa9a,1669,5.1507,1
3517d583,1921,5.1507,1
3fa3b0b1,1917,5.1534,1
3c5cdd0b,1668,5.1616,1
2cef1360,773,5.1616,18
27df70b3,1656,5.1699,1
54c7f451,1443,5.1699,1
55b6ac1,786,5.1699,14
5fb54be4,1689,5.1726,1
b153761,788,5.1726,14
625a24c1,1776,5.1753,1
57938458,1445,5.1781,1
64d2cd2a,1657,5.1781,1
2169fa76,1149,5.1753,1
3d794813,1914,5.1808,1
9c0f109,1774,5.1836,1
7c5f61be,1589,5.1836,1
5e53ef6b,1690,5.1781,1
15a911bd,1670,5.1836,1
1b6fe2b8,1475,5.1973,1
1c3a32fa,1476,5.2,1
5dd3bea1,789,5.1945,14
ee45821,1763,5.1973,1
71c251cf,814,5.2,14
781a50d2,791,5.2082,14
643430d0,790,5.2055,14
2d40e440,1658,5.2164,1
29d4634e,1915,5.2192,1
6932e663,1922,5.2192,1
3a89938a,1446,5.2247,1
7f7e96bb,1235,5.2247,1
75ba4409,1785,5.2219,1
b45b523,1782,5.2274,1
64eaf0bc,1783,5.2301,1
8ccb59e,1786,5.2301,1
7d267202,1787,5.2329,1
7a0c3772,1444,5.2384,1
5b030039,1777,5.2411,1
515b709a,1931,5.2411,1
77112b3f,1918,5.2438,1
7781bb4c,1919,5.2466,1
7958b881,1661,5.2521,1
58df3bbd,1447,5.2493,1
3969f1bd,1477,5.2548,1
780cb2b3,1234,5.2548,1
72d9d288,1920,5.2548,1
64409234,1788,5.2548,1
c6f573f,1932,5.2603,1
7a7dab16,828,5.2603,14
677907c0,1923,5.2603,1
5b08d435,1925,5.2685,1
3a9a9d7c,1926,5.2712,1
1572dae8,1659,5.2685,1
8c61d0f,1691,5.274,1
60301455,1784,5.274,1
74cc941,1150,5.274,1
eaf0452,1239,5.274,1
d093af5,1679,5.2767,1
359f703e,1933,5.2822,1
556d4864,1778,5.2849,1
23964b0f,1789,5.2904,1
670c131a,1927,5.2904,1
295c9145,1675,5.2932,1
16cdc262,1790,5.2959,1
69dba450,1794,5.2959,1
7123d87,1240,5.2959,1
16abc,829,5.2932,14
4d9a1540,1934,5.2986,1
353c0043,1662,5.2986,1
2354ed66,1929,5.2986,1
288b373a,1810,5.3014,1
35a6077e,824,5.3068,14
60cd3791,1935,5.3151,1
6476c933,1677,5.3178,1
15b51060,1928,5.3178,1
10ad685f,1672,5.3233,1
1955a464,1241,5.3288,1
4bb8d92c,1162,5.3342,1
451f6967,823,5.3315,14
5c9a4c6a,1449,5.3425,1
76b3f62b,1930,5.3342,1
d278732,827,5.3452,14
39657476,830,5.3452,14
3499bbcf,1663,5.3452,1
5d7201d9,1448,5.3507,1
6c5d0352,1924,5.3507,1
7e890c6b,1936,5.3534,1
7b787b6,2101,5.3671,1
4a063250,1163,5.3671,1
4ec5ffd1,1674,5.3726,1
34c08747,1791,5.3726,1
78194836,2099,5.3753,1
4328fab4,1673,5.3781,1
9a60e53,1950,5.3781,1
3847c433,2100,5.3781,1
591d8f9d,1952,5.3863,1
6bf72470,1685,5.389,1
6f8e9ee0,1692,5.389,1
69eea97e,1676,5.3918,1
5c3aa2b9,1678,5.3973,1
ebcc9ea,1686,5.3973,1
6953622d,1814,5.3945,1
15de3f43,1955,5.4027,1
967d1df,1940,5.4055,1
418520,1795,5.4055,1
68daff5b,1951,5.4137,1
c9ae124,1238,5.411,1
3bc43041,1694,5.4192,1
3720da9c,831,5.4192,14
83fcb04,1941,5.4164,1
53f788e6,2102,5.4192,1
2275cb9a,787,5.4192,14
49abece1,1165,5.4219,1
78ee3b72,1680,5.4247,1
effb880,2103,5.4247,1
6120b101,1956,5.4274,1
777a9520,1697,5.4301,1
7e461516,1796,5.4247,1
d8e89e6,2104,5.4329,1
694299ef,1983,5.4356,1
4ab2d272,1953,5.4384,1
4929097,1797,5.4384,1
7d2af85a,1798,5.4411,1
da8bf1,1815,5.4384,1
5c27f8da,1954,5.4329,1
4c21cde1,1937,5.4438,20
4b8e4d3d,1478,5.4356,1
66630417,1593,5.4466,1
32b29e29,2107,5.4466,1
31d70c3b,2513,5.4493,1
25b68c78,1242,5.4548,1
4ba5e86c,1812,5.4548,1
5130418d,1942,5.4575,1
133cd08f,1792,5.4575,1
6d813d43,1963,5.4575,1
4be4a50c,1591,5.4603,1
75730660,2514,5.4603,1
188bb9d4,1799,5.463,1
6d46aae2,2108,5.463,1
949e92c,1811,5.4658,1
67ebe1cc,1243,5.4685,1
3ed0d692,1693,5.4685,1
22ebb1fc,1479,5.4685,1
7aa21ef9,1800,5.4712,1
3ce49808,2105,5.4712,1
439fbd9,1813,5.4712,1
7b22cef3,1684,5.4767,1
111d42b8,1938,5.474,20
6cc1aeaf,1244,5.4795,1
921bc4b,1944,5.4795,1
420d6985,1943,5.4767,1
2f357261,1801,5.4795,1
54c6edbd,1806,5.4795,1
5001c08a,1802,5.4849,1
79e9ca4e,1793,5.4795,1
7d4b0968,1984,5.4849,1
1e83b879,1958,5.4849,1
4591b020,1939,5.4877,20
40d83eb3,1166,5.4904,1
77d4275c,2515,5.4932,1
52716087,832,5.4904,14
51b24ac0,1987,5.4959,1
509ecbe3,1803,5.4959,1
6a6e86b,1590,5.5041,1
5f8ad560,1807,5.5041,1
1cad601b,1964,5.5014,1
3aca71be,2516,5.5041,1
5c5f167f,1985,5.5096,1
b9e333c,1681,5.5123,1
236c6fa,1154,5.5096,1
645dc4f,1959,5.5151,1
75ecc31f,2008,5.5123,21
1c421b9d,1999,5.5151,1
66bfccfa,1804,5.5123,1
528ac7c1,2009,5.5178,21
59f54cd2,1164,5.5178,1
3268c053,1957,5.5178,1
41ed12b4,1245,5.5205,1
4d7f77e7,1482,5.5205,1
6526aa4c,1986,5.5233,1
55bfbaae,1246,5.526,1
fb92271,2003,5.5288,1
4b96b644,1805,5.5288,1
518fcb17,2001,5.5288,1
5f392f80,1968,5.5315,1
29dfd199,2002,5.5342,1
56bad42e,1808,5.5315,1
78de1b20,835,5.5342,14
4ea88b93,1695,5.5397,1
49129a8b,2000,5.5452,1
d7273,1965,5.5397,1
411d8f92,2010,5.5479,21
4be36031,1966,5.5479,1
7c2f205d,1967,5.5479,1
656302bc,1592,5.5507,1
21343b91,2115,5.5479,1
cf8413a,1969,5.5534,1
5c4a5a7c,2112,5.5534,1
59e2a460,1696,5.5562,1
598af47e,2106,5.5562,1
17358fe4,1974,5.5589,1
1922bec4,2109,5.5671,1
55afd824,2011,5.5671,21
5b08ffeb,1970,5.5671,1
607901c1,1945,5.5699,1
6ca15794,2005,5.5726,1
3fec5863,2117,5.5726,1
2ffc3d5e,2118,5.5781,1
47e4dcdc,1975,5.5781,1
5b8f946c,2119,5.5781,1
73d0e1d5,1817,5.5781,1
152b05cc,1682,5.5781,1
11f6c6e0,2116,5.5808,1
5319602f,2111,5.5808,1
74c82989,1683,5.5836,1
53c3ff88,2110,5.5836,1
27e9626c,1989,5.5863,1
6a211638,1597,5.5863,1
5f90fe94,2004,5.5836,1
13e37551,1594,5.589,1
7ff58f43,1988,5.5836,1
4e54c694,1990,5.5918,1
1d07d653,833,5.5945,14
45bbff39,2006,5.5918,1
4dfa4322,1960,5.5973,1
1e265249,1705,5.6,1
3d30aa90,2018,5.6,21
451451d8,1809,5.5918,1
27e8c838,1247,5.6027,1
3f8d9a2f,2012,5.6027,21
38947cb4,2046,5.6055,21
140cc5f5,2019,5.6082,21
2c5099ce,2047,5.6082,21
4d982d74,836,5.6082,14
56f299af,2517,5.611,1
2423cde9,2121,5.6137,1
c95be4a,834,5.6137,14
6ac121,2120,5.611,1
42171f62,1818,5.6137,1
59a758e4,2045,5.6164,21
f92e938,1167,5.6164,1
75841ba7,1962,5.6137,1
36138e5,2048,5.6192,21
60e22015,2050,5.6219,21
7821ce18,1972,5.6192,1
2d2dab98,1971,5.6219,1
278108c8,2024,5.6247,21
569276a5,1704,5.6274,1
20352361,2052,5.6274,21
60842d94,2025,5.6301,21
598c7212,1480,5.6301,1
4fecae04,2051,5.6301,21
a0ece02,1992,5.6356,1
71fdb621,1698,5.6356,1
329ca09,1993,5.6384,1
2c738de4,1598,5.6384,1
4280af75,2015,5.6411,21
68b6b5af,1816,5.6411,1
14b40865,1991,5.6438,1
5980e178,2049,5.6384,21
1e3c063a,1596,5.6466,1
437ac39f,1977,5.6466,1
77b90cb5,1961,5.6493,1
29ecb81b,1595,5.6521,1
aa30858,2032,5.6521,21
579f66ca,2016,5.6575,21
42ec319d,1979,5.6575,1
7d0f41d1,1481,5.6575,1
316f020b,2053,5.6575,21
1d6a9bda,2034,5.663,21
38e0a6e,1978,5.663,1
3e293133,1994,5.6658,1
392feeee,2113,5.6658,1
7019dc9a,2256,5.6685,1
4e1273d2,1995,5.6685,1
39643d08,2007,5.6685,1
46d69f14,1980,5.663,1
4e3333be,2021,5.6685,21
8adec08,1981,5.6685,1
366e1c8b,1976,5.6712,1
49071c6,2013,5.6712,21
2efaeb33,2033,5.674,21
79038391,1170,5.674,1
1ea9ed15,2525,5.6712,1
2a162006,2526,5.674,1
5865200f,2531,5.6767,1
28d00f54,1169,5.6795,1
213ffb43,2530,5.6822,1
4445fbfe,2027,5.6822,21
15d56726,2026,5.6822,21
64c148cb,2022,5.6822,21
3a7a52f3,1973,5.6849,1
22a91ba,2035,5.6877,21
510bd449,2114,5.6849,1
6fd96519,1947,5.6877,1
1b0ff39,1483,5.6904,1
6935c836,2154,5.6932,1
5ce92b99,2037,5.6932,21
6693e0c5,1699,5.6959,1
42c6a0a3,2518,5.6959,1
4489d6f5,2029,5.6986,21
3bad22a,1484,5.6986,1
7a568f50,1700,5.6986,1
de2fb01,1155,5.6986,1
7d6ba36,2014,5.7014,21
52281364,2122,5.7014,1
1cca2a7e,2152,5.7041,1
6eae015,2161,5.7041,1
345fedf4,2527,5.7041,1
267e7b28,2028,5.7041,21
6baa3c43,1156,5.7014,1
3a11936b,2017,5.7068,21
62e37672,1819,5.7123,1
716ae990,2153,5.7096,1
24187bae,2519,5.7151,1
1e6a034a,1157,5.7178,1
28565127,2521,5.7205,1
6b56e6d,2520,5.7205,1
e561bd4,2023,5.7205,21
69f4d4bb,2532,5.7205,1
274afa9c,2020,5.7205,21
3d0f583b,2528,5.7205,1
3396cf5,1168,5.7205,1
4ca72125,2036,5.7178,21
3cc9ac37,1948,5.726,1
7b40f515,2198,5.7233,1
3356704c,1820,5.726,1
feb5c37,2054,5.726,21
468dc10a,2259,5.726,1
37d465f8,1996,5.7315,1
4bc0d64a,2155,5.7315,1
4b140b6e,2648,5.7288,1
63390697,2055,5.737,21
775654ad,1997,5.737,1
2d418942,1836,5.7315,1
35077ff6,2533,5.7397,1
356bdc7a,2257,5.7397,1
3ae9be8b,1701,5.7397,1
51cd8dc3,1949,5.7425,1
7a6b34d3,2163,5.7452,1
3fdde40f,2038,5.7452,21
3d36e18f,2649,5.7452,1
48b70899,1485,5.7425,1
5bdd5a20,2030,5.7452,21
752927d9,1998,5.7479,1
56475803,2523,5.7425,1
6ea3358,1152,5.7479,1
766900dc,1982,5.7479,1
6d5c61c2,2538,5.7452,1
4ac2f627,2164,5.7507,1
2629283c,2162,5.7507,1
710ebf52,2529,5.7534,1
4f5f2e4f,1946,5.7562,1
12f18a4d,1706,5.7562,1
7d7628e7,2260,5.7534,1
7906ec34,2522,5.7479,1
4f1d980d,1702,5.7589,1
5120d041,2125,5.7534,1
1d5deb92,1158,5.7589,1
5374d341,2031,5.7616,21
700ae4d2,1248,5.7616,1
277f904a,2039,5.7644,21
4f706528,837,5.7589,14
550cfe4c,1837,5.7616,1
2097d177,2165,5.7644,1
79c9dc3,2123,5.7671,1
5c3ab0ba,2166,5.7671,1
6e76cbef,2040,5.7671,21
7074b33f,2157,5.7699,1
3327215f,1707,5.7726,1
77d146dd,2156,5.7753,1
13654a77,2200,5.7753,1
776e78ab,2536,5.7753,1
1ad397c1,2199,5.7699,1
42220ec7,2126,5.7781,1
6e3a4cfb,2127,5.7808,1
171ab0f7,1249,5.7863,1
2e157691,2124,5.789,1
28fe810d,2223,5.789,1
4fe8d279,2201,5.7918,1
7a78f6e3,2128,5.7918,1
38276c53,2158,5.7945,1
3d032438,2056,5.7945,21
61a93c7c,2057,5.7973,21
127b7f9a,2238,5.7973,22
5cdb1144,2239,5.7973,22
5f1dbb78,2261,5.7973,1
7b1b7647,2347,5.7945,1
5b5e308f,2535,5.8055,1
5a722bf6,2222,5.8055,1
5379ef84,2537,5.8055,1
572c859e,2312,5.8055,1
36d8f043,2129,5.8055,1
65583278,2203,5.8082,1
4551c9da,1600,5.8082,1
59c80b3b,2202,5.8082,1
6afb65e9,2136,5.8137,1
4e14413c,1838,5.8192,1
5c05e3d,2651,5.8192,1
1cc81c6d,2137,5.8219,1
3f837310,2267,5.8192,1
64329dff,1823,5.8219,1
2d2df630,839,5.8219,14
466ac0a8,2258,5.8274,1
1a9d877c,838,5.8247,14
170dc33a,2237,5.8274,1
5fe581e5,1839,5.8301,1
58c36e69,2159,5.8301,1
7b44ce66,2534,5.8329,1
6bbb3e26,2167,5.8329,1
1cd0b6c1,2240,5.8329,1
1debf24a,2041,5.8329,21
5e9877b8,2160,5.8329,1
372b5f3,2665,5.8247,1
318ae1b5,2548,5.8329,1
73313c6c,2524,5.8329,1
4069b2a8,2138,5.8356,1
6e89b005,2224,5.8301,1
78424d0a,2130,5.8356,1
7e713ed,840,5.8384,14
1ea38cfe,2073,5.8411,21
640b011a,2134,5.8411,1
47219c06,2268,5.8411,1
2d61a3f5,2131,5.8438,1
2fa71edb,2213,5.8411,1
1398c9e4,2650,5.8466,1
5812a63d,2133,5.8466,1
784cd8c1,2135,5.8466,1
3b5b7b3c,2230,5.8438,1
73b5f456,2043,5.8493,21
3f8dd04c,2668,5.8493,1
6f0a40d5,2204,5.8493,1
3a087339,2241,5.8493,1
77e6090b,2549,5.8521,1
ed346e,2042,5.8575,21
69725de6,2132,5.8548,1
5443b4f5,2044,5.8548,21
79910b7f,2076,5.8493,21
2d2b94ff,2074,5.863,21
6ac27e00,2540,5.8658,1
5c7b9b3d,2348,5.8658,1
11a493d3,2270,5.8658,1
5809690e,2225,5.8658,1
2974829c,2666,5.8685,1
50bfdbcc,2556,5.8685,1
711977bc,2245,5.8712,1
65b0e003,1265,5.8712,1
76e2b4a2,2168,5.8712,1
7b8fb880,2231,5.8712,1
55406d86,2243,5.8712,1
5d40387d,2205,5.8685,1
37123fd5,2669,5.8767,1
5436da31,2226,5.8712,1
527b238f,2227,5.8767,1
6ead9b86,2263,5.8795,1
481581b,2210,5.8822,1
65c9d689,2058,5.8822,21
22cb33c9,1176,5.8822,1
40ce82f3,2209,5.8795,1
3f01f3a1,2211,5.8822,1
4b22a63e,2075,5.874,21
665db699,2232,5.8849,1
45ed6ec1,1177,5.8849,1
3ec358ce,2077,5.8849,21
aae8cff,2212,5.8849,1
54e3c8c2,1824,5.8877,1
7ad63ff9,2262,5.8877,1
5e770d45,2214,5.8904,1
20c0bb00,2551,5.8904,1
6a2fc202,1825,5.8904,1
214d1149,1601,5.8904,1
47b62d00,2242,5.8877,1
628b964d,2264,5.8932,1
76a067cc,2269,5.8932,1
325d3477,2139,5.8986,1
6e12521,2271,5.9014,1
2408be3b,2265,5.9014,1
4ac99c87,2391,5.9014,1
3f2ee708,1821,5.9014,1
498603c0,2652,5.9014,1
7701dd43,2228,5.9041,1
26a4a68,2170,5.9041,1
4ab4eb8a,1153,5.9041,1
58b2ef61,2244,5.9068,1
33d5791f,1159,5.9096,1
32cbc466,2550,5.9096,1
4a4741e3,2541,5.9123,1
1aae6bc9,1602,5.9096,1
77ab3bad,2140,5.9123,1
37245dfe,2059,5.9151,21
6faeb9c6,2728,5.9123,1
1f16b589,2087,5.9151,21
768f6581,2169,5.9151,1
58574eae,2313,5.9205,1
68bdf3ca,1171,5.9233,1
65132031,2233,5.9178,1
7532003,2234,5.9233,1
28369ee6,1703,5.926,1
464d1430,1266,5.9233,1
2f120b89,2393,5.9233,1
537ca4f2,2188,5.926,1
4d31d5a6,2654,5.926,1
51eca348,2173,5.9178,1
6e9db4bf,2078,5.9233,21
58f0c6aa,2539,5.926,1
5233d990,2363,5.9288,1
1b2fa4f7,2394,5.9288,1
2f6da239,2088,5.9315,21
2c56d327,2552,5.926,1
21894900,2318,5.9315,1
7214e4a7,2141,5.9342,1
74c5b3b7,2146,5.9315,1
72cd8591,2229,5.9342,1
14239f23,2266,5.9342,1
561d9bf4,2142,5.9342,1
4c48a5fb,2396,5.937,1
52b740ee,2278,5.937,1
5ae5171c,2364,5.9342,1
25e29ac4,2352,5.937,1
2b67d8ad,2542,5.9397,1
7a508fdc,2653,5.9397,1
3fe0e085,2395,5.9342,1
601df58f,2543,5.9425,1
6973f30a,2066,5.9425,21
12b6efa,2185,5.9397,1
7384c434,2067,5.9425,21
7c3ae646,841,5.9452,14
aa7b168,2186,5.9452,1
76bb9e9e,2174,5.9452,1
79e626f3,1841,5.9452,1
327cbfea,2351,5.9452,1
5d1993c,2557,5.9452,1
2ef24716,2171,5.9479,1
19699f51,2667,5.9479,1
4301bc86,2354,5.9507,1
4a90d5a3,1160,5.9507,1
76e6f110,2143,5.9507,1
23a07b8a,2172,5.9507,1
6d0b06f4,1599,5.9479,1
217aeb3b,2656,5.9534,1
6055e075,2215,5.9507,1
4089abde,2349,5.9534,1
7500399d,2248,5.9534,1
3553735,2272,5.9534,1
4c4c3962,2544,5.9534,1
1fb598e3,2068,5.9562,21
6be655ac,2316,5.9562,1
1ebddf3,2350,5.9562,1
4196ac6e,2177,5.9562,1
35aea910,2246,5.9534,1
1f68dc0f,2060,5.9534,21
324271a9,2655,5.9507,1
46c34e53,2367,5.9589,1
66599b2,2392,5.9589,1
5fb4a5d5,2670,5.9562,1
f87af88,2546,5.9589,1
7eda48b3,2356,5.9589,1
22b720ed,2144,5.9589,1
8b59500,2235,5.9616,1
681a3a66,2365,5.9616,1
725503ce,2553,5.9589,1
5e6642e7,2558,5.9616,1
45cda18e,1172,5.9644,1
617431a2,2353,5.9644,1
3be50531,2317,5.9644,1
577819d0,2314,5.9671,1
1f1af930,2063,5.9671,21
7f110360,2547,5.9699,1
3f28c401,2069,5.9616,21
2c778258,2175,5.9726,1
3b56b89f,2147,5.9726,1
4c2bb696,2247,5.9753,1
355a7bde,2070,5.9753,21
a432352,2178,5.9753,1
2a3fa3e8,2236,5.9726,1
252f5a6f,2659,5.9753,1
7f6698f4,2288,5.9726,1
2b338c15,2071,5.9808,21
3abd00e3,2090,5.9781,21
5cdf18e1,2179,5.9808,1
37ccd37,2149,5.9753,1
3418ba69,1161,5.9808,1
66f01e11,2082,5.9808,21
424c1a3e,2148,5.9726,1
27bc6235,2359,5.9808,1
3c00dd76,2658,5.9808,1
56865f59,2661,5.9836,1
3060d30e,2660,5.9781,1
125fa2d6,2187,5.9781,1
5636d762,2089,5.9836,21
9b2910a,2061,5.9863,21
13f0558d,2274,5.9863,1
32ae366a,2355,5.9863,1
4607b92,2206,5.9836,1
6b4630da,2064,5.9863,21
b2b6717,842,5.9808,14
48f51d7e,2062,5.989,21
4fce5319,2145,5.9863,1
15d47ada,2357,5.9863,1
4597a4a8,2315,5.989,1
25e94f89,1827,5.989,1
188296b6,2545,5.989,1
7165e130,1173,5.9918,1
2eb62dd6,1842,5.9918,1
605a527f,2273,5.989,1
567c6e4c,2207,5.9945,1
3906e60d,2559,5.9918,1
5136fbc3,2216,5.9918,1
35bdf0bd,2718,5.9945,1
5ae785b1,2360,5.9918,1
40f8207c,2091,5.9973,21
2a7aa341,2358,5.9973,1
d359b17,1603,5.9945,1
1f41b64c,2555,5.9973,1
11791d27,2657,6,1
4b1b2fad,1829,6,1
65a00392,2251,6,1
52ef414a,2065,6.0055,21
2665ce3e,1826,6.0055,1
7fac7ff0,1267,6.0055,1
c492ec4,2189,6.0082,1
b4a2b35,2275,6.0055,1
6dd851ef,1822,6.0082,1
5d47ea,2289,6.0082,1
7ea66cad,2397,6.0137,1
76ba5979,2083,6.0137,21
6af5eba1,2560,6.0137,1
450d8839,2575,6.0137,1
1684f3ac,2398,6.0137,1
8034731,1250,6.0164,1
25f045b0,2252,6.0164,1
db5e89,2671,6.0164,1
2c56b6d9,2554,6.0192,1
69bbe811,2376,6.0192,1
40def95f,2208,6.0219,1
527614ba,2719,6.0219,1
4b8f8053,2176,6.0219,1
7d421253,1270,6.0192,1
4a6108a5,2150,6.0247,1
28501697,2079,6.0247,21
1fea96d6,2253,6.0219,1
7257dff2,2092,6.0247,21
3031c53d,2191,6.0274,1
18fd9902,2190,6.0247,1
536af0ed,2276,6.0301,1
1b8ef34a,2720,6.0301,1
1f8e1d3d,2151,6.0274,1
21a82bdc,2319,6.0301,1
55e99362,1840,6.0301,1
6a87a58e,2320,6.0301,1
5100ecaa,2193,6.0274,1
3e087442,2254,6.0301,1
5e9e4e94,2180,6.0301,1
70968071,2277,6.0329,1
47f5b4a6,2085,6.0356,21
11c6654e,2194,6.0329,1
6c11a950,2413,6.0356,1
4057a0a8,2672,6.0384,1
195092ed,2249,6.0411,1
668f3892,2418,6.0411,1
2aed6c80,2677,6.0411,1
8239086,2250,6.0411,1
6999e3fb,2220,6.0438,1
1f645e36,2366,6.0438,1
1c625aaf,2072,6.0466,21
14b64c80,2377,6.0438,1
5889b80a,2182,6.0466,1
557ebbfa,2730,6.0493,1
41cda673,2218,6.0493,1
676d038a,2416,6.0466,1
419981ab,2093,6.0493,21
292208c8,2255,6.0548,1
61185309,1268,6.0548,1
4d4a8f67,2279,6.0521,1
3ff1c52f,2417,6.0548,1
42b4a417,2861,6.0548,1
44f28815,2086,6.0575,21
6a2e2a36,2361,6.0575,1
4f2df133,2094,6.0575,21
6c8e73c4,2196,6.0575,1
75a6e885,2221,6.0603,1
12557e3a,2729,6.063,1
3251a12a,2673,6.063,1
2ddee4f7,2195,6.063,1
6ffed309,1174,6.063,1
5663d462,2400,6.063,1
69847775,2321,6.0658,1
3327cfee,2401,6.0658,1
2ad82418,2368,6.063,1
625025e5,1708,6.0685,1
28a5c905,2362,6.0685,1
25703b40,2181,6.0685,1
4e632312,2322,6.0685,1
2dff4836,2293,6.0685,1
2b94416d,2576,6.0685,1
f9ac564,2217,6.0685,1
58360c36,2732,6.0712,1
f5f51fe,2219,6.0712,1
781f15b0,2731,6.0685,1
4fcab97e,2290,6.074,1
6c9e651,2679,6.0712,1
3a51df85,2577,6.074,1
5fa1b209,2282,6.0685,1
379e4277,1272,6.074,1
42bb25db,2565,6.074,1
b09b8b3,2590,6.074,1
2e7ab100,1269,6.0767,1
59ea7221,2378,6.074,1
1c221e91,2379,6.0767,1
72c6533,2587,6.074,1
5ed3180e,2578,6.0795,1
41a68945,2384,6.0795,1
4b57802a,2414,6.0795,1
3fe1db00,1175,6.0795,1
470dd947,2566,6.0767,1
236c2968,2385,6.0795,1
56f560e1,2197,6.0822,1
71764d0b,2733,6.0822,1
5b6dd28,2183,6.0849,1
21d4ecc5,1273,6.0849,1
83ace59,2283,6.0849,1
4a5f815f,2297,6.0877,1
3750129d,2678,6.0932,1
31647276,2680,6.0932,1
6ff23a05,2084,6.0904,21
59110bdd,2399,6.0932,1
6ee23e98,1832,6.0959,1
5ee6716d,2568,6.0959,1
7c0706f0,2298,6.0959,1
25b3967,2192,6.0932,1
316d38be,2095,6.0986,21
53c59512,2419,6.0986,1
2cac670c,2280,6.0986,1
68d8c4ef,2373,6.0986,1
33934892,1711,6.0986,1
4c0126f7,2724,6.0986,1
35aac7c,1180,6.0986,1
2d8bef44,2624,6.1014,1
4f5e5bf,2407,6.1041,1
41065d48,2369,6.1041,1
17e92058,2420,6.1041,1
656a0c2e,2386,6.1041,1
48ec519,2595,6.1014,1
4e99d521,2403,6.1068,1
3d063da7,2387,6.1068,1
8206075,2380,6.1041,1
633321bf,2569,6.1096,1
568d5a8b,2675,6.1068,1
56bdada6,2608,6.1096,1
5ada59d3,2571,6.1096,1
201eb5ee,2681,6.1096,1
1cfbfa64,2634,6.1096,1
4acb7f30,2299,6.1068,1
2710b4c0,2370,6.1068,1
2f8c6530,1271,6.1123,1
7a6804ea,2423,6.1123,23
3983e919,2674,6.1123,1
1b97ec5d,2567,6.1123,1
194a56be,2080,6.1068,21
57febffa,2736,6.1123,1
42ef92eb,2294,6.1151,1
ec65c8a,2291,6.1151,1
6d0baebb,2292,6.1151,1
7f82e3d8,2402,6.1178,1
4be65922,2323,6.1205,1
f2dbe23,2682,6.1233,1
6f37b107,2405,6.1233,1
34eabd4c,2734,6.1233,1
4d94c274,2588,6.126,1
7d5ac30b,2284,6.1233,1
48cbacb,2638,6.1233,1
56618cd4,2737,6.1288,1
3d0d630e,2622,6.1288,1
1664ad3f,2581,6.1288,1
775f07da,2409,6.1288,1
2d0232c9,2562,6.1288,1
7bc12174,1833,6.1315,1
43713466,1712,6.1315,1
66d9ac21,2281,6.1315,1
125d6527,2735,6.1315,1
487f7666,2408,6.1315,1
4711d964,2371,6.1342,1
7b392f35,2563,6.1342,1
476098b,2570,6.1342,1
9816ba7,2774,6.1342,1
5ef71497,2625,6.137,1
247cc879,2599,6.137,1
3a7ee0b7,1709,6.137,1
467de021,1604,6.137,1
200bdca,2372,6.137,1
73edc465,2406,6.1397,1
3c28ab4b,2374,6.1397,1
411f0daa,2862,6.137,1
43c19a7d,2296,6.1397,1
e77a1ea,2424,6.1397,23
13a482ad,2421,6.1397,1
2aefaf2e,2721,6.1425,1
5c580b24,2591,6.1425,1
6532ca7c,2582,6.1425,1
56f95fc1,2579,6.1425,1
617f0e59,2589,6.1425,1
36be4b87,2081,6.1452,21
566d6857,2779,6.1425,1
45ac0606,2662,6.1452,1
59375e25,2415,6.1452,1
40a38e9c,2184,6.1452,1
7fe0e1c2,2422,6.1479,1
485177c,2285,6.1479,1
213caddc,2388,6.1479,1
246d47f9,2295,6.1479,1
429909a8,2683,6.1479,1
13049867,2286,6.1507,1
1e12a809,2603,6.1507,1
18335587,2334,6.1507,1
32807240,2404,6.1452,1
76966b81,2782,6.1507,1
7c48f8b2,2300,6.1507,1
771145d2,2722,6.1534,1
2d38768d,2410,6.1507,1
6e872a6a,2561,6.1562,1
74100298,2425,6.1562,23
68fa52b1,2863,6.1562,1
504b5440,2775,6.1534,1
46322b02,1714,6.1562,1
33d8a26,2723,6.1589,1
388b7f9b,2738,6.1562,1
4549828d,2427,6.1589,23
12f4db1d,2788,6.1562,1
4951916e,2623,6.1616,1
7df71fdf,2287,6.1616,1
1e63d05d,2676,6.1616,1
173764f6,2776,6.1589,1
31532215,2626,6.1562,1
43eb8a2a,2302,6.1589,1
17aea8f6,2780,6.1644,1
232f793e,2596,6.1644,1
66639363,2866,6.1589,1
668246ca,2864,6.1644,1
7830b4be,2389,6.1644,1
4a3e8e38,2338,6.1644,1
1280f8c8,2339,6.1644,1
68029970,2335,6.1671,1
48cd9bec,2600,6.1699,1
1cc226ac,2781,6.1671,1
22b33442,2610,6.1699,1
4b5508e1,1710,6.1699,1
462fa061,2777,6.1699,1
4dc319d0,1181,6.1699,1
7d059dc2,2375,6.1671,1
4ca7fff8,2580,6.1726,1
671089a0,2336,6.1753,1
159d59d3,2635,6.1753,1
31c144a6,2663,6.1753,1
2fd6e48d,2602,6.1781,1
14c165be,2592,6.1781,1
5f46823d,2573,6.1753,1
457b0169,2783,6.1781,1
3a999253,1843,6.1781,1
36506e01,2572,6.1781,1
31c97a26,2597,6.1753,1
2c24553f,2727,6.1808,1
19b116dc,2871,6.1808,1
6743cf66,2627,6.1781,1
1da181e2,2390,6.1781,1
6a576ef7,2324,6.1808,1
1322a2c4,2640,6.1808,1
234518a,2340,6.1836,1
7bf59655,2337,6.1836,1
2f26e423,2865,6.1808,1
6a4ab658,2426,6.1836,23
6c781d57,2343,6.1836,1
4c60b953,2601,6.1808,1
1b70c9b4,2604,6.1863,1
11dc43b9,2664,6.1863,1
25c7639a,1828,6.1863,1
243744f4,2613,6.1863,1
8896780,2341,6.189,1
416afde3,2784,6.1808,1
5ccab113,2325,6.1918,1
7a253908,2382,6.1918,1
42c44e9a,2888,6.1918,1
1b29425,2411,6.1918,1
17a1e415,2342,6.1918,1
1eea8ddb,2609,6.1945,1
4ff17275,2301,6.1945,1
1356f1e4,2593,6.1945,1
7e3aa002,2383,6.1945,1
6a6ebe04,2564,6.1945,1
6b3c005c,2872,6.1945,1
73a5c062,2725,6.1918,1
396b1f98,2726,6.1945,1
55e5bea3,2791,6.1973,1
76ce93c1,2614,6.1973,1
12fa9207,2632,6.1918,1
7c0ca842,2432,6.2,23
194f5ee4,2785,6.1973,1
5307bd14,2583,6.1973,1
44b42b7f,2778,6.2027,1
25426bae,2790,6.2027,1
636eafab,2594,6.2055,1
222d6997,2786,6.2055,1
b5655c,2752,6.2055,1
65bf59e6,2381,6.2082,1
539641e4,1178,6.2082,1
4593bfca,2326,6.2082,1
6ea7bda1,2687,6.211,1
71c8a9fa,2096,6.211,21
709000f4,2686,6.211,1
71b4b729,2605,6.211,1
10305f46,2873,6.2137,1
5ebf47c3,2636,6.2164,1
4805df65,2429,6.2192,23
1b1c2971,2328,6.2192,1
2fafd491,2412,6.2192,1
20120ec5,2628,6.2274,1
3df7744d,2753,6.2274,1
5b6f6a61,2639,6.2274,1
2bbd4808,2765,6.2274,1
6dded79b,1844,6.2301,1
7098d429,2611,6.2247,1
76cb936b,2612,6.2329,1
5657c3b1,2598,6.2274,1
639e42c0,2824,6.2329,1
2ddc33f4,2812,6.2329,1
5511fb06,2606,6.2274,1
178bc996,1179,6.2356,1
7f6b6a04,1713,6.2301,1
17496413,2629,6.2356,1
6d0ac78,2813,6.2356,1
5cc3ae6f,1257,6.2356,1
78dcc4b9,2637,6.2384,1
24e94e4d,2330,6.2384,1
27d985c4,2607,6.2384,1
fe1be43,2574,6.2411,1
66a8e786,2689,6.2384,1
784f0ee6,2642,6.2411,1
163aac84,2641,6.2411,1
7d26fc22,2701,6.2411,1
2489a8eb,2620,6.2438,1
57eed99b,2327,6.2466,1
5c13a0d7,2428,6.2466,23
5cabad8d,2688,6.2438,1
1f366410,2709,6.2466,1
553b4c38,2739,6.2493,1
14ef5b50,2941,6.2493,1
15a95b85,2344,6.2493,1
3913bbc4,2643,6.2521,1
36466a52,2615,6.2493,1
40e3a526,2616,6.2548,1
581d8211,1261,6.2548,1
7b78fe4,2345,6.2548,1
23dec94d,2814,6.2575,1
26cf239e,2585,6.2548,1
1276205c,2329,6.2575,1
29855559,2789,6.2603,1
7cc47585,2633,6.2603,1
665825ec,2438,6.2603,23
23487a50,2631,6.2603,1
1fcaa5,2700,6.263,1
19394f51,2690,6.263,1
3b37862,2787,6.2603,1
5c845dcc,2684,6.2658,1
37116413,2630,6.2658,1
3c7e26f6,2430,6.2658,23
42ca993e,2304,6.2658,1
5aa2896d,2644,6.2685,1
2436d5c8,2698,6.2658,1
69321e2e,2617,6.2712,1
3c03acff,1251,6.274,1
44124cf3,2307,6.274,1
38b4300a,2308,6.274,1
7f27695f,2762,6.2712,1
3d53cc45,2435,6.2712,23
31807e37,2763,6.274,1
6ed4032f,2584,6.2712,1
230a655a,2767,6.2767,1
5622cf19,2306,6.274,1
b334cdc,2618,6.2767,1
5ab0dc7b,2431,6.2712,23
1e193be3,2699,6.2795,1
2cda8fd1,2754,6.2795,1
5c0a0fa5,2440,6.2795,23
5535b,2758,6.2822,1
5714b69b,2619,6.2849,1
2fc80faf,2621,6.2849,1
23b34ad4,2702,6.2849,1
9064a72,2759,6.2849,1
218c293e,2755,6.2849,1
7bd495a7,2645,6.2849,1
148e4805,2793,6.2849,1
2d5245aa,2768,6.2904,1
16bccfa8,2740,6.2877,1
499a0975,2441,6.2904,23
2f32be23,2890,6.2932,1
10f2c17a,2711,6.2877,1
60438d43,2703,6.2877,1
798bf19f,2766,6.2959,1
43729b2b,2097,6.2959,21
450d7b2e,2875,6.2959,1
3958df59,2942,6.2959,1
1f79c6e4,2829,6.2959,1
4805bde3,2710,6.2959,1
667f6bc6,2303,6.2986,1
19a2c247,1183,6.3014,1
1d9215dd,2804,6.3041,1
48bd7971,2794,6.3041,1
2d322f20,2433,6.3041,23
300e401b,2434,6.3068,23
3f311ca7,2713,6.3041,1
1c649cc1,2442,6.3096,23
2013fb42,2691,6.3041,1
62df69c3,2826,6.3151,1
55bc851b,2331,6.3151,1
6d0699f9,2586,6.3178,24
7c016818,2792,6.3151,1
5270b6f0,2815,6.3178,1
4bf84c0c,2892,6.3178,1
7add9c35,2769,6.3178,1
234d0bc6,2805,6.3178,1
74ddfe69,2346,6.3178,1
1ebd4dc8,2891,6.3233,1
6b9c5c90,2439,6.3233,23
7d4c44d2,1184,6.326,1
6be6437a,2874,6.326,1
20be76fb,2443,6.3288,23
3b0bfa33,2305,6.326,1
247e4354,1274,6.326,1
7d5a2932,2764,6.3288,1
2e0091cc,2756,6.3288,1
4abe3c5d,2742,6.3342,1
45a66d6a,2714,6.3342,1
1c0ca2bd,1185,6.3288,1
30330bb7,2757,6.3342,1
1a17728c,1262,6.3342,1
2170e947,2900,6.3342,1
511da605,2761,6.337,1
5810ae9e,2798,6.3397,1
70d66898,2715,6.3397,1
4facd62a,2825,6.3397,1
5174f71c,2332,6.3425,1
6d40c5df,2876,6.3397,1
776816a4,2712,6.3425,1
2a512289,2685,6.3425,1
6ebe7bdb,2098,6.3425,21
69001df3,2893,6.3425,1
1f3adbd8,2436,6.3425,23
47f207eb,2894,6.3452,1
28d033ad,2830,6.3452,1
b361954,2795,6.3452,1
62306244,1719,6.3452,1
2b1d91c1,1715,6.3479,1
49503996,2877,6.3452,1
2f99254,2437,6.3507,23
393ed7e6,2801,6.3562,1
58fdb0c7,2878,6.3589,1
1f29a180,2695,6.3589,1
518ceb03,2770,6.3562,1
1a5554a9,2309,6.3562,1
107267a1,2716,6.3562,1
1ec28733,2867,6.3589,1
2b8c67a4,2802,6.3616,1
5b85a168,2901,6.3616,1
2c3ea2ac,2741,6.3644,1
797bf6f4,2796,6.3671,1
4f99de2b,1277,6.3671,1
45e833f4,2800,6.3671,1
d91ddaa,1182,6.3671,1
2bfb46ba,2868,6.3671,1
2a12bd68,2760,6.3699,1
2ee15c4d,2819,6.3699,1
1b39ffff,2797,6.3699,1
69c0338f,2704,6.3671,1
2d1eb8b6,2808,6.3726,1
5ca1e539,2444,6.3726,23
63e7ea38,2705,6.3726,1
4740c13d,2879,6.3726,1
1f431a6b,2333,6.3753,1
4c98ac97,1252,6.3699,1
6c7554d6,2827,6.3726,1
10f22916,1834,6.3781,1
51fa4b1c,2692,6.3781,1
56ed930a,2803,6.3808,1
5f186154,2646,6.3808,1
5e235938,2771,6.3808,1
5d025b4b,2820,6.3753,1
67cdf622,2696,6.3808,1
44b6df0a,2889,6.3781,1
7bc3294e,2717,6.3836,1
3f6d5597,2880,6.3836,1
707a8932,2881,6.3863,1
780e0df9,2841,6.389,1
1ae5c2ef,1717,6.389,1
4f71fdc9,2693,6.3863,1
6b66ce0c,1605,6.3918,1
638f775c,2828,6.3918,1
57c93378,2882,6.3945,1
4cb7c9be,2772,6.3945,1
3cd6a09,2807,6.3863,1
171603fd,2947,6.3945,1
d039c1c,2948,6.3973,1
4adda9bd,2842,6.3973,1
5c687565,2310,6.4,1
52f0022d,2884,6.4027,1
4c3ca9f8,2943,6.4027,1
6b125269,2773,6.4027,1
6515f023,1835,6.4027,1
1183f35c,2810,6.4027,1
4c259ef7,2949,6.4055,1
1e161c34,2903,6.4027,1
18465e1a,2896,6.4055,1
374c1567,2840,6.4055,1
4eb498fd,2311,6.4055,1
2e0675fa,2886,6.4082,1
df2bb2,2799,6.4,1
5dcd97fb,2697,6.4082,1
2fbd49e,2809,6.4027,1
6ab1fc0b,2950,6.411,1
11aaed5e,1275,6.4082,1
57eff1e3,2902,6.411,1
3df6f893,2887,6.411,1
20c2f372,2817,6.4137,1
5939de63,2944,6.411,1
71714c4e,2743,6.4137,1
7bc90093,1607,6.4164,1
4c2735fb,2885,6.4164,1
5bfa20da,2897,6.4137,1
209214d7,2707,6.4219,1
136c55ce,2446,6.4164,23
661122b5,1276,6.4219,1
45805c5b,2831,6.4274,1
6ce7225d,2816,6.4247,1
5ce3b7ba,2951,6.4274,1
2dd05bcd,2883,6.4247,1
423bc048,2706,6.4274,1
179bf798,2952,6.4192,1
5a54e746,2895,6.4274,1
5684ccb6,2869,6.4329,1
79a5fb98,2806,6.4301,1
4a529656,3691,6.4329,1
65004d64,1716,6.4356,1
2def416b,2744,6.4384,1
4d2c2c2b,2910,6.4411,1
5d7ed91c,1608,6.4493,1
b519010,2818,6.4493,1
6cdd9773,2911,6.4521,1
c751f0f,2909,6.4411,1
3b6e779a,2945,6.4521,1
1073efd2,2898,6.4548,1
17252cdc,2913,6.4548,1
17435744,2870,6.4575,1
5f593091,2694,6.4548,1
50db49d7,2916,6.4603,1
6e26dcdc,2708,6.4575,1
5941fc14,2447,6.4603,23
63525f2b,2921,6.463,1
75192668,1186,6.4658,1
7f864ced,1606,6.4658,1
271ebffd,2832,6.4603,1
56c41732,2991,6.4685,1
3a936909,3692,6.474,1
2f75550b,1849,6.4712,1
6a5251e4,2904,6.4795,1
27fe8967,2899,6.4767,1
75cd2b32,2946,6.4822,1
630de622,3043,6.4822,1
3c6df3e,2821,6.4822,1
27d96af4,2745,6.4795,1
118e08e,2912,6.4877,1
7b6373d3,2811,6.4877,1
28857869,1845,6.4904,1
340d52f0,3041,6.4904,1
1074460,2993,6.4932,1
619a5278,2997,6.4932,1
62df2812,2992,6.4932,1
3c1b6c6b,2907,6.4959,1
7040bcc,2996,6.4932,1
34be90c6,2905,6.4986,1
2fbaa1fb,2994,6.4959,1
4825e853,1258,6.4959,1
21fe0725,3736,6.4986,1
6f58c0f0,2998,6.4986,1
2c334b86,1831,6.5014,1
2f20457d,3697,6.5014,1
72bcd40c,2908,6.5014,1
556f9c1b,3737,6.5041,1
32ef8195,1846,6.5096,1
1b998878,2445,6.5068,23
363f3ddb,2906,6.5068,1
1f99f043,2647,6.5151,1
63a0fe9b,2990,6.5178,1
51b4390c,3738,6.5233,1
639b10a,3044,6.526,1
492795f3,2995,6.526,1
19ec6f7c,3046,6.526,1
71a21c15,3739,6.5315,1
4ef92757,2823,6.5288,1
69e05914,3700,6.5288,1
221a14c3,2746,6.5315,1
57e7857e,3045,6.537,1
2d8a8771,3705,6.5342,1
74367715,2914,6.5397,1
4649532d,3698,6.537,1
3487fb2b,2448,6.5397,23
7a15ab91,3042,6.5452,1
5fa054b0,1830,6.5452,1
2668e13a,2915,6.5452,1
2a340ee1,3699,6.5479,1
21e1e62f,1850,6.5479,1
6c40667b,2917,6.5479,1
7cb93377,2449,6.5452,23
1db96ceb,1259,6.5507,1
17f02abb,2966,6.5534,1
390e66f4,2845,6.5534,1
c99c829,1610,6.5562,1
5a913365,1260,6.5616,1
4ca26f7e,2834,6.5616,1
3c4692e4,3048,6.5589,1
6d189d8,3741,6.5644,1
444bc1ab,2822,6.5644,1
2ebcc83b,1253,6.5644,1
1792c85c,3133,6.5671,1
48948c4f,3742,6.5671,1
142fd932,2453,6.5616,23
549162b,3740,6.5644,1
420143cc,2847,6.5699,1
58dd84be,2846,6.5699,1
598c77d1,3134,6.5699,1
35166e5b,2931,6.5726,1
50fd7761,3080,6.5753,1
7dc14416,2923,6.5753,1
37b155a3,3707,6.5781,1
1ec120b6,3706,6.5836,1
498dc764,2833,6.5808,1
7305137b,2747,6.5836,1
3833ba49,3077,6.5836,1
7567cff6,3693,6.5863,1
2f1d4b8,1718,6.5863,1
25e08565,2967,6.589,1
7e25c469,1720,6.589,1
431944b4,2843,6.589,1
3576bc24,2924,6.589,1
39aeea26,2450,6.5836,23
686986fe,3694,6.5918,1
18c48bdb,2926,6.5918,1
48121226,2454,6.5918,23
4885109c,3701,6.5945,1
6343c70,2953,6.5945,1
24e49fd6,2925,6.589,1
3a12f53e,2932,6.5973,1
62494378,3078,6.5918,1
228be5d,3049,6.5973,1
2558d5d4,2954,6.6,1
62308ff7,1609,6.6,1
8ce7f44,3137,6.6,1
20b4bfa6,3135,6.5973,1
672927bb,2968,6.6027,1
8794844,3695,6.6027,1
2146199c,2748,6.5973,1
3135c732,3081,6.6027,1
6a601152,3702,6.6027,1
4bcb8ff,3001,6.6027,1
7f73c373,1254,6.6027,1
7a3f0ab4,1285,6.6027,1
5485eeb7,3713,6.6055,1
359fcf98,3061,6.6055,1
9462338,3050,6.6055,1
25411888,2922,6.6,1
54ddb047,1255,6.6082,1
5416ea03,1611,6.6082,1
47578bd0,2451,6.6082,23
73ede6dd,2999,6.6082,1
207237c0,3069,6.611,1
56fe209f,3051,6.611,1
2df59ca1,2956,6.6137,1
665d7588,1278,6.5973,1
5f8cdb2,1618,6.6137,1
2225ff4a,2957,6.6164,1
23b46f3b,3079,6.6164,1
7995ca77,3059,6.6164,1
2ec8aff0,3047,6.6164,1
4886d734,3743,6.6164,1
7636c2ab,3696,6.6192,1
6d1e72c6,1263,6.6192,1
604c1f80,2456,6.6192,23
773bdead,3057,6.6247,1
60016905,2918,6.6247,1
6cb6574a,2836,6.6274,1
6aeabcb0,3703,6.6274,1
6464771f,3082,6.6274,1
b5dedda,3708,6.6301,1
15cb2635,1256,6.6247,1
31945d63,3143,6.6329,1
157b8b13,3709,6.6329,1
7ed981f8,3083,6.6329,1
786750f2,2919,6.6356,1
56b8e73e,3714,6.6356,1
1f52dde9,2835,6.6356,1
35079fde,2959,6.6384,1
2db659ba,3058,6.6384,1
43507478,2459,6.6411,23
5240fa3b,1847,6.6411,1
5bf4d80f,2963,6.6411,1
44902142,2837,6.6466,1
4236e1c,2960,6.6466,1
6cd46f2a,3000,6.6466,1
4b347d5e,2958,6.6466,1
51e7dd81,2927,6.6493,1
157f16ac,2455,6.6493,23
2c2e4312,2844,6.6493,1
6971fde4,3154,6.6493,1
5f3ae668,2962,6.6521,1
763d2d58,2934,6.6521,1
38bfd72c,3136,6.6521,1
34c0d0ef,3704,6.6521,1
188d6c0d,3070,6.6548,1
1959fdcb,1279,6.6521,1
47b11b21,3155,6.6548,1
8464dc3,1848,6.6548,1
21c940ee,2978,6.6575,1
1758a1b3,2457,6.6603,23
3e01fe62,3016,6.6603,1
1e374429,3052,6.6575,1
6860fbcc,2928,6.6603,1
10a7854e,3139,6.6575,1
27478df2,2964,6.6603,1
4ce277c4,2980,6.6603,1
7da162d4,3053,6.663,1
12705837,3140,6.6603,1
6335c801,2920,6.663,1
9437f96,2961,6.663,1
4baf7498,2965,6.6603,1
5640652d,1723,6.663,1
20010af3,2936,6.6658,1
3ef6b547,2749,6.6658,1
30a05f24,2981,6.663,1
79e4be1a,2979,6.6658,1
228d2969,3238,6.6685,1
18ce4fd8,3240,6.6685,1
77315918,2955,6.6658,1
5f4f939f,3071,6.6685,1
62e2321f,2971,6.6685,1
6d24be2d,3744,6.6712,1
26291481,2969,6.6685,1
5b2d60c5,3073,6.6685,1
78ddd354,3072,6.6685,1
3040dfb4,3014,6.674,1
5e234821,3144,6.674,1
6e383068,3715,6.674,1
78e91988,3156,6.674,1
7a2b9987,3054,6.6712,1
4e62d45e,2750,6.674,1
ac4fff3,2838,6.674,1
255025b3,3345,6.674,1
15454dc8,3055,6.6767,1
65573a97,3015,6.6767,1
4dddbb1a,3146,6.6795,1
604bfe35,2839,6.6822,1
44123232,2983,6.6767,1
7b861c75,3085,6.6822,1
5ba36d74,3145,6.6849,1
64269a63,3157,6.6877,1
3170a777,3075,6.6849,1
41efbbb,3087,6.6849,1
7ade7098,3797,6.6877,1
3ad66a7a,1612,6.6877,1
6af31ac1,3062,6.6877,1
26610f32,2452,6.6877,23
5e0c53f7,3346,6.6904,1
1e21e7c3,2970,6.6932,1
575fb21e,2933,6.6959,1
5e538735,3086,6.6959,1
2c04ab2c,2972,6.6986,1
10abc6b0,3089,6.6986,1
3ace59f9,2973,6.6986,1
78e61bba,3710,6.6986,1
d3453c4,3002,6.6986,1
71328241,3056,6.7014,1
3f624491,3798,6.7014,1
772bd315,3064,6.7014,1
3f582d81,3716,6.7014,1
5a1d80a1,3063,6.7068,1
777601bf,2751,6.7014,1
47529ae7,3711,6.7041,1
5eecc73f,2975,6.7068,1
2026dd46,3090,6.7096,1
1688596b,2938,6.7068,1
5134d9fc,1280,6.7096,1
388d6d00,2935,6.7096,1
92e8994,3347,6.7096,1
69d929da,3147,6.7123,1
7f83154a,3138,6.7096,1
2b9458d0,3076,6.7123,1
4062541,2974,6.7151,1
16599b33,3074,6.7123,1
5c189f67,3241,6.7178,1
7caffac7,3753,6.7178,1
6dd0a9b,3060,6.7178,1
1be1995d,3799,6.726,1
123a1029,2939,6.7288,1
a4146ae,3088,6.7315,1
93bfce3,3717,6.7315,1
1e07a7e8,3251,6.7315,1
5cfe4759,3019,6.7315,1
5c8a0e5e,3252,6.7342,1
a803dc8,2985,6.7342,1
299bf397,3091,6.737,1
7f1ad72,3084,6.737,1
b05ab2c,3092,6.7397,1
e0b9f9,3800,6.7397,1
7691e539,2849,6.7397,1
13a77f7,2984,6.7397,1
7c815ca4,3018,6.7425,1
517ae14b,2929,6.7452,1
5afbc4d3,3770,6.7479,1
5f519104,2460,6.7479,23
26901ffa,3093,6.7534,1
50712e1c,3141,6.7534,1
1bf1d1af,2940,6.7534,1
508213f0,1281,6.7534,1
54db886f,3771,6.7534,1
751ea41,3158,6.7534,1
21184a9e,3253,6.7562,1
c583dd1,2937,6.7534,1
3acdf211,3160,6.7562,1
61c5c0de,3801,6.7589,1
69d5b479,3802,6.7562,1
11cb947a,3745,6.7589,1
2f1b2ef,2458,6.7616,23
4dfd415f,4067,6.7671,1
94f52e5,2982,6.7616,1
1ac59274,3104,6.7671,1
152c3d09,3159,6.7671,1
32fc614a,3748,6.7699,1
4157d58a,3805,6.7699,1
7737a9e6,3804,6.7644,1
307067c,3017,6.7699,1
52a0c167,2986,6.7699,1
671651e7,1724,6.7726,1
5907eab2,2930,6.7753,1
11f69dd6,3254,6.7781,1
5c198f9f,3772,6.7781,1
57b76791,3348,6.7808,1
11a35d36,3003,6.7808,1
8e6d682,3242,6.7781,1
630ff7,3806,6.7808,1
552fff75,3239,6.7836,1
45daf738,4068,6.7808,1
1d5df7b4,3718,6.7836,1
2cccab9d,3803,6.7781,1
7bb66bc7,1851,6.7836,1
63b2cff1,2976,6.7863,1
49cc40a5,2850,6.789,1
5b3d0d93,3300,6.789,1
131dbd60,3256,6.789,1
10814861,3807,6.7918,1
662525b5,3105,6.7973,1
4d4788bc,3282,6.7973,1
7ea55512,3274,6.8027,1
2d1f56e3,3065,6.8027,1
2d111b,3304,6.8027,1
4f6a9426,3870,6.8055,1
3e99f71f,3068,6.8027,1
6ac0281b,4156,6.8055,1
a99f426,3171,6.8055,1
20d5991,3746,6.8082,1
19dd2652,3067,6.811,1
688d1b79,3912,6.811,1
3e67683,1619,6.811,1
6bcf66bf,3172,6.811,1
1b502222,3247,6.811,1
1b86b4e2,3243,6.811,1
2be48b7f,3142,6.8137,1
3b8eea22,3275,6.8164,1
21d58e43,3762,6.8164,1
fda1f3f,3178,6.8164,1
6ac2c8,3871,6.8164,1
4ff3289d,2848,6.8164,1
4870b38,3888,6.8192,1
4c79f71d,3724,6.8192,1
41d3cf47,3727,6.8192,1
1eaf03a5,3106,6.8219,1
4805fe3a,3774,6.8192,1
6e1e345a,3747,6.8247,1
4b473938,3712,6.8247,1
14316ee0,3749,6.8247,1
72e5e5e8,3725,6.8274,1
35d0ec5a,3285,6.8247,1
15f621a0,3721,6.8247,1
670a54df,3773,6.8274,1
785370b0,1853,6.8274,1
254410f7,3872,6.8274,1
11bdede,3259,6.8301,1
789a81ee,3913,6.8274,1
3482de8e,3257,6.8274,1
13bc1400,2987,6.8329,1
57b7fe5e,3722,6.8356,1
52f18ff7,3022,6.8356,1
3f9c5459,3066,6.8356,1
2f978fc1,4157,6.8356,1
47bad163,3148,6.8356,1
19ea7054,2977,6.8384,1
e8c0cbe,3149,6.8384,1
1d767329,3004,6.8384,1
601714fc,3283,6.8384,1
c56982d,3873,6.8411,1
46743123,2989,6.8411,1
23e80e4a,3179,6.8384,1
28733caf,3173,6.8438,1
6b2edb3,3244,6.8438,1
3e1d8ab8,3162,6.8438,1
59875971,3096,6.8438,1
68a080aa,3778,6.8438,1
79ee3778,3284,6.8438,1
1762a11b,3094,6.8466,1
64364a8d,3258,6.8466,1
114d04f1,3723,6.8466,1
e27d46,3150,6.8438,1
2b743ab7,1621,6.8493,1
485bb279,3754,6.8493,1
2412de08,2461,6.8493,23
3e9c5d4a,3020,6.8493,1
2c4f7805,2988,6.8411,1
26e45eb9,3750,6.8521,1
3339e866,3808,6.8521,1
1699297,3889,6.8521,1
56b15def,3719,6.8521,1
52a4c016,3151,6.8521,1
2e2278fc,1264,6.8548,1
6312aa85,3720,6.8548,1
3f10cd2d,3161,6.8521,1
4b400ea9,1288,6.8521,1
76987aa5,3305,6.8548,1
a8b071,3180,6.8548,1
39e86cec,3255,6.8575,1
7296183e,1725,6.8575,1
1f3f7011,3107,6.8603,1
3088a3a9,4069,6.8603,1
476e099b,3368,6.8603,1
41d139b6,3095,6.8603,1
200023f,3354,6.863,1
5a504ca3,3874,6.863,1
78f5919f,3121,6.8658,1
3a603157,1613,6.8658,1
75fb101c,3287,6.8658,1
f663f2a,3726,6.8658,1
5b4b2e30,3765,6.8685,1
609a4687,3383,6.8603,1
6a2db43c,1628,6.8712,1
4366d888,3372,6.8712,1
7dc720a1,3021,6.8712,1
7fffbb87,3731,6.8658,1
4de36481,2854,6.8685,1
2041d957,3193,6.8712,1
3834472d,3369,6.8712,1
7fd6c807,3005,6.8712,1
7cb2baa2,3286,6.8712,1
7e130530,3763,6.874,1
2802a11f,3809,6.8712,1
3215961d,1286,6.874,1
3dc7e981,3307,6.874,1
70bd7f,3370,6.8767,1
1ecb7612,3764,6.8767,1
1fbbe169,3288,6.8767,1
1d3298fe,3349,6.8767,1
18ac5562,3123,6.8767,1
7206ce4c,3196,6.8767,1
5d12db83,3373,6.8767,1
4d56f4c0,3728,6.8767,1
1de2c9e1,3733,6.8767,1
28dd35cc,3245,6.8767,1
7e670cb8,3775,6.8712,1
141e57cb,3099,6.8767,1
a255fcb,3891,6.8767,1
6ee3176f,3875,6.8767,1
25e607f3,3006,6.874,1
2e406f6f,3175,6.8822,1
4806c563,3174,6.8767,1
3ea8eb63,1287,6.8849,1
2b64aada,3890,6.8849,1
67283ce,3184,6.8849,1
78a173be,3152,6.8849,1
12b6c3a,3766,6.8849,1
f1734bf,3301,6.8849,1
1de9ba60,1855,6.8849,1
6e2606e0,3183,6.8877,1
34b6eda2,3246,6.8877,1
2329547,3108,6.8849,1
525815db,3302,6.8877,1
c970876,3153,6.8877,1
fcf3fbb,3350,6.8877,1
19c10ba8,3755,6.8767,1
ba52386,3352,6.8904,1
3f454e3c,3289,6.8877,1
49019c88,3351,6.8904,1
580c424b,3117,6.8904,1
7a97f3df,3306,6.8904,1
6fb6761f,3303,6.8959,1
2a1652bd,1620,6.8959,1
10b243ae,3353,6.8959,1
55fe436c,3308,6.8932,1
748f1fa4,1289,6.8904,1
9a4c142,3751,6.8959,1
113ff971,3194,6.8959,1
131267cb,3248,6.8932,1
41e9c49e,3760,6.8959,1
3450b3e6,3776,6.8959,1
45d619c2,3109,6.8959,1
1bd1caff,3249,6.8959,1
75cb4c85,3007,6.8986,1
75e741c8,3777,6.8986,1
44991311,3164,6.8986,1
64063b7a,3200,6.8986,1
518aaf4f,3757,6.8986,1
7e8a7e9f,3195,6.8986,1
31ac9987,1629,6.9014,1
3d211538,3111,6.9014,1
39553504,3292,6.9014,1
1406da37,3362,6.9014,1
41b30991,3734,6.9014,1
3b4366b7,3318,6.9014,1
740e5c4a,2857,6.9041,1
64e3bada,3182,6.9014,1
46960313,3319,6.9014,1
1fb065d1,3892,6.9014,1
208cbbdf,3758,6.9068,1
3111b8d5,3729,6.9068,1
195a8661,3101,6.9041,1
12e9f8a2,1721,6.9068,1
d0f4bc,3371,6.9096,1
6016dafa,3779,6.9096,1
6de9f7a,3023,6.9096,1
16eec370,3756,6.9096,1
aecb291,3355,6.9068,1
65426b2f,3876,6.9096,1
47484423,3291,6.9123,1
115f873a,3759,6.9096,1
71ca2322,4108,6.9123,1
1e5d7fb0,3163,6.9151,1
1f05a01a,3730,6.9151,1
1b314904,3379,6.9123,1
763a7b0f,3185,6.9151,1
231cd05f,3100,6.9178,1
32f4c451,4718,6.9178,1
17b33303,3752,6.9178,1
dce8b71,3250,6.9178,1
48952cbf,3364,6.9178,1
5c57bfb0,3110,6.9151,1
3ba0cbbd,3201,6.9151,1
52f2b412,3181,6.9178,1
2b9e383e,3893,6.9178,1
4a8f1926,3290,6.9205,1
2bc495f8,4397,6.9205,1
6cd1e6b6,1290,6.9205,1
36547cda,3361,6.9205,1
4a0051f,3102,6.9205,1
bc43b26,3276,6.9233,1
68c388be,3293,6.9233,1
7d648bd0,3027,6.9233,1
79e8e19e,3026,6.9178,1
53dfe88e,3900,6.9233,1
15911708,3165,6.9233,1
27ad0c33,2856,6.9233,1
7e4e391d,3122,6.9233,1
4014d35b,1631,6.9151,1
19602d72,3356,6.9288,1
6ca3d84f,1722,6.9288,1
23208d7c,3363,6.9288,1
43dfb39,3279,6.9315,1
2c29ded4,3309,6.9315,1
4a414e01,1852,6.9315,1
6aabb5fc,3360,6.9315,1
7fe645c0,3169,6.9315,1
385286a6,3130,6.9315,1
1f3ea7bd,3735,6.9315,1
3d726d17,3203,6.9342,1
11b9aba9,3359,6.9342,1
7b50e56c,3781,6.9342,1
1e995373,1282,6.937,1
1abb4410,3294,6.9342,1
6c959e3d,3810,6.9342,1
10927d46,3375,6.937,1
4444a6ec,3168,6.937,1
184e7789,4126,6.937,1
586a66cb,4158,6.937,1
5b1158cd,3374,6.9342,1
3a03e685,3167,6.937,1
6542b430,3119,6.9397,1
519a2c73,3380,6.9397,1
5acd44b5,3113,6.9397,1
2fc98c2c,3197,6.937,1
bcba811,2462,6.937,23
2ea0183f,3384,6.9342,1
1e7819b2,3278,6.9425,1
4825b14c,3112,6.9425,1
6d99dbc1,1726,6.9425,1
2c992833,4071,6.9425,1
14741a89,3761,6.9425,1
2d6bc7f,4070,6.9425,1
5cbd901e,3205,6.9425,1
39f7e514,3186,6.9452,1
5c4a9aa9,3211,6.9452,1
6b48f01b,4074,6.9397,1
5bc5b00c,3897,6.9479,1
5f28f1e1,3376,6.9479,1
5d1c2125,3116,6.9479,1
550b67fd,4394,6.9479,1
796f9d6f,3281,6.9507,1
f5c079e,4395,6.9507,1
7b092e60,3732,6.9507,1
33f51a59,3204,6.9479,1
3d4fb755,3780,6.9479,1
38ced176,3310,6.9507,1
57414106,4138,6.9507,1
4c7dae65,3295,6.9507,1
5728b428,3198,6.9507,1
cc85da0,3114,6.9452,1
42c3682e,3115,6.9507,1
1f574801,3118,6.9534,1
7093bc3a,3877,6.9562,1
29c8381e,3011,6.9589,1
c7a6a66,3199,6.9589,1
74e29862,4128,6.9616,1
7c9ac4d5,3280,6.9589,1
19fd88a8,4120,6.9589,1
4f0fb9cd,3357,6.9589,1
719d4b41,4109,6.9616,1
2eeb364e,3277,6.9616,1
4eaa9a79,3311,6.9589,1
64a21865,3212,6.9616,1
347e5f30,3187,6.9644,1
3be7e3cc,2464,6.9644,23
57956bad,3914,6.9671,30
4df64a74,3377,6.9671,1
498b3985,3202,6.9671,1
324efee6,3312,6.9671,1
4e7a3301,1622,6.9671,1
31206550,3901,6.9671,1
34345972,4396,6.9644,1
21f735e0,1614,6.9671,1
640b56f6,4127,6.9644,1
557e6e4b,2463,6.9699,23
7bf6934d,3894,6.9699,1
6cdece0c,4129,6.9671,1
49ce6386,3782,6.9726,1
518e176a,4121,6.9726,1
6f8c574b,3313,6.9726,1
72b48a79,4359,6.9726,1
647e970a,3812,6.9726,1
20afcd0c,3320,6.9726,1
1ac748cc,2851,6.9726,1
3b5329b9,4124,6.9726,1
36681797,1635,6.9726,1
68f17bfb,3008,6.9753,1
48d0df01,4130,6.9753,1
6a6c3943,4401,6.9753,1
1cce4f36,3323,6.9699,1
7f03c1f7,1869,6.9753,1
316521c1,3390,6.9753,1
3ac8b08f,4140,6.9753,1
5411ef1f,3120,6.9753,1
35fc8013,4719,6.9753,1
79a9e200,4398,6.9726,1
522aa0a8,3206,6.9781,1
2d0fc444,3322,6.9781,1
52bc55a2,3267,6.9781,1
98e21fd,4358,6.9726,1
58a3c4c7,4125,6.9781,1
b5d1673,3124,6.9781,1
3bfc43ff,3321,6.9781,1
6cb3135,3365,6.9753,1
43051cb4,3389,6.9753,1
5467def,3987,6.9808,30
1646a4ec,3024,6.9808,1
115f9f0f,4110,6.9808,1
664b1dba,4141,6.9808,1
695715f4,3025,6.9808,1
3ff15937,1630,6.9836,1
54fa12c1,4122,6.9836,1
6265b4b4,3176,6.9808,1
5c7dd38f,3264,6.9836,1
28f9e137,3895,6.9863,1
697011d6,2858,6.9863,1
1e452892,2852,6.9863,1
6d987a23,3260,6.9836,1
2217a330,3388,6.9863,1
10c4ed56,4131,6.989,1
7953b039,4360,6.989,1
57b49452,4143,6.9863,1
4825a3b7,4072,6.989,1
79a6c868,3125,6.9918,1
7fbc59b8,3129,6.9918,1
1cb0b16a,3013,6.9945,1
1b8afc0e,3261,6.9918,1
facc7c9,3012,6.989,1
68effd29,4136,6.9945,1
db2c398,3783,6.9945,1
105e3a0f,3378,6.9918,1
5cf8de86,4142,6.9945,1
56fe4240,3166,6.9973,1
277f6edd,3177,6.9973,1
4b697685,4075,6.9973,1
50dcd273,2855,6.9918,1
31b31425,3811,6.9973,1
2ba5e07b,3031,6.9945,1
5d956215,3358,6.9973,1
2b7876d4,3207,7,1
1d816682,3385,7,1
34ba4b2b,4123,7,1
3098d3ff,4139,6.9973,1
583eddee,3296,7,1
4e9d051d,4402,7,1
2898ecf6,3988,7.0027,30
5ee9c531,3789,7.0027,1
7016b2af,3386,7.0027,1
5685e45d,4144,7.0027,1
9b3d9fa,4361,7.0055,1
39954d27,3898,7.0055,1
2945d769,3899,7.0055,1
47e69438,3213,7.0082,1
79155c6d,1870,7.0055,1
6c038b24,3324,7.0055,1
15dd2df5,3103,7.011,1
632a61c,4179,7.011,1
14bc72c,3188,7.011,1
7161268a,4134,7.0082,1
1ebe4a29,3298,7.0137,1
30b720f0,4089,7.0137,1
39bea7ab,4088,7.0164,1
6ce6a284,3009,7.011,1
4c9a5ef5,4116,7.0164,1
3702e019,4135,7.0164,1
2019aa4d,1871,7.0192,1
7db4ea1f,3010,7.0192,1
317b99fd,4148,7.0219,1
2f0804d1,4440,7.0164,1
422e88bf,3896,7.0192,1
181076f7,3903,7.0192,1
7549a079,1854,7.0219,1
79b002d2,4178,7.0219,1
1a080c8d,3338,7.0219,1
2c551403,3784,7.0219,1
5642294e,4073,7.0247,1
73a532f5,3902,7.0247,1
f9b5c5c,3381,7.0247,1
55ad5546,4111,7.0274,1
2d8c688f,3382,7.0247,1
7820b8de,4441,7.0274,1
4718d5f9,2859,7.0274,1
73c770a0,3904,7.0274,1
3dc1a647,2853,7.0274,1
405a1f69,4090,7.0274,1
416cad86,3337,7.0301,1
966977b,1283,7.0301,1
3925fb8e,3190,7.0274,1
72572fa7,4112,7.0301,1
7dec2a9d,3767,7.0301,1
29941a94,3268,7.0329,1
db092bd,3916,7.0329,30
3050113f,3191,7.0329,1
263f7530,3915,7.0301,30
2f768bd9,4439,7.0329,1
2f7deaf0,3813,7.0329,1
265ad1f0,3828,7.0329,1
16b3e5ed,3327,7.0356,1
4bf884fe,3209,7.0356,1
504bf61b,3314,7.0356,1
206e78b3,3315,7.0384,1
297b7dde,4133,7.0384,1
31b22fb,3935,7.0384,30
26abd37b,4400,7.0384,1
295f029b,1856,7.0384,1
7a274ce3,4132,7.0356,1
58d265ff,3032,7.0384,1
6daf7fcd,3262,7.0384,1
2893fe69,3325,7.0384,1
75b385e8,3033,7.0411,1
8404bf4,4159,7.0411,1
7008718c,3339,7.0411,1
2192eecc,3034,7.0411,1
6112ee49,3263,7.0438,1
6b071674,1857,7.0438,1
128d05d4,3029,7.0438,1
58b08e89,3126,7.0356,1
6e62efdd,3831,7.0466,1
4bead52,3335,7.0411,1
18f424fe,3208,7.0466,1
4b133522,4079,7.0466,1
170b2e0f,3269,7.0466,1
6e6e3734,4399,7.0466,1
12ea685a,3790,7.0466,1
57843dd3,3097,7.0466,1
7f812307,4078,7.0438,1
58057b1f,3786,7.0466,1
56ca824,3387,7.0466,1
11f5a842,3951,7.0466,30
4b5985d0,3210,7.0466,1
3ea5dab,2468,7.0466,23
5491cc18,4364,7.0493,1
228d09fc,4161,7.0438,1
459bbf17,4076,7.0466,1
7ae2caa1,3956,7.0466,30
2398261b,4372,7.0493,1
42c0a801,4117,7.0493,1
4530d28c,4442,7.0521,1
1f1b373e,3189,7.0521,1
55931fc8,3334,7.0521,1
125435db,4443,7.0521,1
439c83df,4160,7.0493,1
51b321af,3297,7.0521,1
3e17b0b2,3936,7.0521,30
17d74e60,2860,7.0521,1
5a776e0d,3960,7.0548,30
693e7275,3958,7.0521,30
214888a4,4456,7.0521,1
3a4c8a5,3937,7.0521,30
cc166a3,1615,7.0548,1
6d276630,3391,7.0548,26
12f8b7c5,3959,7.0548,30
150b2f47,2467,7.0575,23
43cbcd30,3331,7.0575,1
344de0a6,4118,7.0575,1
635c3f75,3929,7.0575,30
2fe1554e,3170,7.0575,1
2e9da4bc,3931,7.0575,30
325eafcf,3878,7.0575,1
3099a821,3905,7.0603,1
7702d268,3330,7.0603,1
6b680c39,4403,7.0603,1
4e866f3f,3028,7.063,1
9e181f7,3035,7.063,1
9236388,4405,7.0603,1
5faa7f59,2465,7.063,23
2201af51,1616,7.0575,1
5f03c3b9,3879,7.063,1
5a680f97,3336,7.063,1
67114d0f,3832,7.0658,1
26ce545f,4113,7.063,1
3cc0e3a6,3953,7.0658,30
5c26e2df,4380,7.0603,1
650a73a4,3791,7.0658,1
5e6c6170,4077,7.0658,1
35b74078,4363,7.063,1
63fea4d6,3880,7.0685,1
110af212,3299,7.0685,1
32b0e5af,3127,7.0685,1
248f8906,1872,7.0712,1
3b101e4e,1633,7.0712,1
272b34c4,3030,7.0712,1
1a71a6b0,3392,7.074,26
15ca8106,3098,7.0712,1
53166bcf,1879,7.074,1
2d65e87d,3882,7.074,1
66c9f02,3794,7.074,1
614156e1,3396,7.0685,26
1b1dbf0c,3885,7.074,1
19398a12,4091,7.0767,1
58fec4a,4137,7.0767,1
17fb62c5,3908,7.0767,1
3422b621,3961,7.0795,30
4347c3c7,4092,7.0795,1
35d4f17c,4444,7.0795,1
60e884ce,3954,7.0795,30
2cc92f5c,3340,7.0767,1
345abd22,4149,7.0795,1
4320cca9,3817,7.0795,1
67cafef7,3393,7.0795,26
542c5781,3192,7.0767,1
29c8e9d,3036,7.0822,1
3f0be467,3788,7.0822,1
38b50313,4016,7.0822,30
35a0ae8e,3884,7.0795,1
7a0b22ab,3883,7.0849,1
4a06565b,3957,7.0849,30
2c88d1e0,3785,7.0849,1
5d4f402d,4164,7.0849,1
4cc020ca,3930,7.0849,30
6ffd4d83,1634,7.0849,1
17317aa9,3829,7.0849,1
7d5cae7e,1284,7.0849,1
30d7176f,3792,7.0849,1
5c87a7a3,4404,7.0849,1
35c3d5a3,3316,7.0849,1
120760bd,3815,7.0877,1
29bb1580,3332,7.0849,1
310c6197,4152,7.0877,1
39e874b6,4373,7.0877,1
7cddf16c,3326,7.0877,1
122dd0e5,3964,7.0877,30
63cbc035,4115,7.0849,1
3bdc9b1a,4114,7.0877,1
31191502,1727,7.0904,1
4b2e8a53,1873,7.0904,1
3778c12b,3820,7.0904,1
a8f6599,4362,7.0877,1
4780ed6c,4406,7.0877,1
78551853,3217,7.0904,1
3c35a8f1,4145,7.0904,1
4c84b0e6,4375,7.0904,1
48d14a5,4119,7.0904,1
3d0441c4,3830,7.0932,1
4cd64850,4463,7.0904,1
5911a225,3947,7.0932,30
15a28ad,4017,7.0932,30
1a27268f,4099,7.0959,1
68b0abe0,3328,7.0932,1
77a5dd53,3407,7.0959,26
1a30a359,4150,7.0959,1
9cf9f3f,3963,7.0959,30
44311ed2,1861,7.0959,1
5900c1eb,4419,7.0986,32
34829e80,3215,7.0959,1
6d148206,3214,7.0986,1
1857defc,3421,7.0986,26
47070281,3367,7.0986,1
47874b84,4151,7.0986,1
6751bb6a,3952,7.0986,30
2e9c0134,3992,7.0932,30
89a8a25,3394,7.0986,26
75bc3bd9,4365,7.0986,1
68de79f9,3940,7.0959,30
100714f6,4374,7.1014,1
1fdc44ef,4018,7.1014,30
2d797196,3224,7.1014,1
51077381,3216,7.0959,1
d101026,4162,7.1014,1
196690ae,3907,7.1041,1
64604451,3965,7.1041,30
e91a827,3132,7.0986,1
30d18f3,3366,7.1041,1
2e431bdc,3333,7.1041,1
48678089,3270,7.1041,1
4b34d932,3131,7.1068,1
2d01a9ea,4459,7.1068,1
20959a27,3795,7.0986,1
16bef812,4516,7.1068,1
3c72d97b,3999,7.1068,30
62294184,4457,7.1068,1
f39f9ba,4093,7.1041,1
3f10ed8,3814,7.1068,1
62ee18dc,4083,7.1068,1
278fa3b9,3966,7.1096,30
5e8e11b0,1626,7.1096,1
4ae35064,3834,7.1096,1
77d042f,3225,7.1096,1
56806ada,3835,7.1068,1
a5784ab,2466,7.1096,23
3dfab3cb,4446,7.1123,1
15bccf7,3265,7.1123,1
13610cf8,1632,7.1123,1
43510e80,3833,7.1014,1
7595b89d,3405,7.1123,26
2af6feac,3787,7.1123,1
316b31c6,3317,7.1123,1
426eb933,3128,7.1123,1
33140b4d,3445,7.1151,26
7a050c65,4080,7.1151,1
228c12e8,3990,7.1151,30
3f128b8b,3989,7.1123,30
571f78ae,4409,7.1123,1
5ab300c,4407,7.1151,1
47f26903,4448,7.1151,1
6c97eca5,2473,7.1151,23
40e12391,3939,7.1151,30
1c1650d1,4458,7.1178,1
48f88821,4376,7.1178,1
1b59a75f,4460,7.1178,1
7c82da77,3408,7.1178,26
52ede20e,3938,7.1151,30
7c53b05a,4019,7.1178,30
2983dc74,3793,7.1151,1
70e69671,3266,7.1178,1
5749ba3,3906,7.1151,1
2a4aa2f7,3818,7.1178,1
26d3b46d,3271,7.1178,1
40bd17ab,3967,7.1178,30
1ee13772,3922,7.1205,30
1b93cf2b,3397,7.1205,26
16b3b292,3395,7.1205,26
7a237d63,4420,7.1205,1
798462c4,3819,7.1233,1
3eb23948,4100,7.1233,1
5f9822f,4367,7.1233,1
96ef2c,3443,7.1233,26
613f4238,3923,7.126,30
4e684f2e,3398,7.126,26
7c95436,3881,7.126,1
3091346c,4163,7.126,1
2b248ec4,3226,7.126,1
2346c632,3227,7.126,1
55a6cc36,4720,7.1233,1
2739a5b1,4085,7.1288,1
6a1c2d84,3886,7.1288,1
54fd1b5e,3816,7.1288,1
531746ff,4169,7.1288,1
5c4ab0f7,3955,7.1288,30
36b482e2,4447,7.1315,1
3d4fe9bd,4094,7.1288,1
54867055,3444,7.1315,26
5d42af3a,4084,7.1288,1
51a9e142,3406,7.1315,26
4ff385e2,4095,7.1315,1
1e2be0ba,4518,7.1315,1
7462262e,3917,7.1342,30
db39fa0,3909,7.1315,1
7b2a10e8,4449,7.137,1
6a50529b,3329,7.137,1
62e9c4b,4383,7.137,1
22a31b94,4153,7.137,1
712c46b7,3768,7.137,1
607389ad,4423,7.137,1
85fdbb2,4421,7.137,1
329a1e96,4427,7.137,1
2110ef8c,4722,7.1315,1
5d5234e2,4168,7.1397,1
3c695956,3962,7.1397,30
1e61a3b7,4466,7.137,1
3c98a16a,4000,7.1397,30
2b26f6b1,1876,7.1425,1
492a23ed,3039,7.1425,1
6fe0d9cb,3887,7.1425,1
64fdda5e,4517,7.1425,1
23d905f1,3991,7.1425,30
3fd6fc45,4154,7.1452,1
277b8519,4081,7.1452,1
4e3c3ebc,3232,7.1452,1
3c7d79a3,3518,7.1425,26
25a15c07,4155,7.1452,1
2d1da822,4096,7.1479,1
428a6b97,2474,7.1479,23
5635b3d5,3037,7.1479,1
79d3ae71,4519,7.1479,1
563d8428,4445,7.1479,1
16a17a75,4097,7.1507,1
6df1c86f,2469,7.1507,23
9b55386,4461,7.1479,1
64b3d927,1858,7.1507,1
33938a5c,3436,7.1534,26
797c16fa,3924,7.1534,30
2efc2c89,3821,7.1534,1
4d2d2b89,1617,7.1534,1
6ea768c9,3796,7.1534,1
41c9de2b,3409,7.1534,26
7c156e2a,1623,7.1534,1
65666948,4408,7.1534,1
e9e2aff,3824,7.1562,1
2acb29c6,3233,7.1562,1
7ffffd76,3437,7.1562,26
70c84c24,4368,7.1562,1
f7e5910,3826,7.1534,1
7c08c420,4366,7.1562,1
7c9c829a,3948,7.1589,30
5220752b,3918,7.1589,30
4e074841,3993,7.1589,30
334c2e48,3932,7.1589,30
9dfd5c5,4001,7.1589,30
11cf0e36,3994,7.1589,30
65fe190e,3825,7.1589,1
37125597,3448,7.1589,26
68f00a7f,3220,7.1616,1
4094df4d,4369,7.1616,1
29c3c7d7,1637,7.1616,1
7bd03529,3222,7.1616,1
1df18e48,3423,7.1616,26
3ce09d88,4377,7.1589,1
19fbc96e,4467,7.1616,1
7ff303ab,3221,7.1616,1
48399efd,3399,7.1644,26
3af3086e,3910,7.1644,1
700d56af,3218,7.1562,1
37fa4179,4082,7.1616,1
5073e276,3438,7.1616,26
54b940f3,3843,7.1644,1
4e9bcce5,3844,7.1644,1
2b0fbdc6,4192,7.1644,1
162c7a35,4520,7.1644,1
64208a83,3038,7.1644,1
7a80e02c,4450,7.1616,1
5b16b6e,3941,7.1671,30
6aecf77d,4086,7.1671,1
3c5b866b,1859,7.1671,1
5c4f77f1,2470,7.1671,23
21b36dd4,3422,7.1671,26
2c693180,3827,7.1671,1
754ce81c,1636,7.1671,1
4c6182b8,3439,7.1671,26
6b36843a,3943,7.1671,30
4a5755ed,3919,7.1671,30
51d18945,1627,7.1671,1
345147ce,3842,7.1671,1
746567be,4146,7.1699,1
2b2d3a5c,3272,7.1671,1
76eb15dd,4180,7.1699,1
4ae5753e,3449,7.1671,26
48ba53f9,3435,7.1726,26
173d85c7,4723,7.1726,1
5500a2a6,3446,7.1699,26
7beb0026,3836,7.1726,1
61d4b139,4464,7.1726,1
1a3c1379,3273,7.1753,25
4af9870a,4098,7.1753,1
1b18f7a,3425,7.1726,26
69305443,3434,7.1753,26
2da97d25,3926,7.1753,30
7f17f906,4452,7.1753,1
2917abdb,3503,7.1726,26
57741432,3400,7.1753,26
51331801,4378,7.1753,1
3a4acc28,3822,7.1753,1
5cecce11,3920,7.1753,30
7f99601,3845,7.1753,1
2b4e943a,4451,7.1699,1
62747242,3447,7.1726,26
eb3c9a8,3925,7.1781,30
34151229,4002,7.1753,30
6ba5bfd5,3341,7.1753,1
2a023681,1860,7.1781,1
3a6c44e0,4379,7.1808,1
65b65bdb,4721,7.1808,1
26748dde,3519,7.1753,26
6069c5d2,4454,7.1753,1
5be44160,4728,7.1808,1
53db2db4,1638,7.1808,1
37745b8,3971,7.1836,30
1ef3275,3977,7.1836,30
2f8620cf,3426,7.1836,26
56108b1e,4003,7.1781,30
6f735ee1,3219,7.1836,1
1777b5e0,3234,7.1781,1
9e96f99,3968,7.1836,30
56f28e50,4193,7.1808,1
5b735dc1,4521,7.1808,1
4eabc737,4274,7.1863,1
2e029418,4004,7.1863,30
6dfe63a9,3504,7.1863,26
470fc8d,4370,7.1863,1
46a7de3d,3975,7.1836,30
77b0e7d,4147,7.1863,1
3de3e8de,3228,7.1863,1
58341711,4005,7.189,30
3e74ff7b,3995,7.189,30
46da88be,3837,7.189,1
1ac74131,4006,7.189,30
3b8ad009,3229,7.189,1
221c6f24,3996,7.189,30
30119ca1,1639,7.189,1
4299fec3,4381,7.1863,1
11400401,4021,7.1918,30
2f7e6401,2475,7.189,23
5212267b,3451,7.1918,26
5ff0a51c,3944,7.1918,30
3f28c8f,3974,7.1918,30
3f486907,4371,7.1918,1
5ec6cd79,1880,7.1918,1
7caaa16b,4171,7.1945,1
262833a7,4428,7.1945,1
4650c421,4181,7.1918,1
4d55027a,3823,7.1918,1
64dd4342,3927,7.1918,30
30fe175,4382,7.1973,1
78756d90,4588,7.1973,1
758812f2,3231,7.1973,1
1d56e636,3838,7.1973,1
139f618d,3505,7.1973,26
6f673ec2,3410,7.1973,26
47a7d0b7,3978,7.1973,30
3c2dc753,3427,7.1973,26
1660f1b6,4165,7.1973,1
73eb0fcf,3921,7.1945,30
58879749,4014,7.2,30
7e9b69fe,4194,7.2,1
285cd9c1,4724,7.2,1
701aec1b,4009,7.2,30
7a1994c6,3428,7.2,26
2a7065cf,4022,7.2,30
6be53772,4020,7.2027,30
3f3134d4,3976,7.2027,30
4e947769,3342,7.2027,1
c82dab,4042,7.2027,30
36c136d0,3508,7.2027,26
74ddd9dd,3506,7.2055,26
199fd710,3223,7.2055,1
587b14fd,4043,7.2055,30
67b3ce94,3440,7.2027,26
7dbae08e,4434,7.2055,1
1afa9f7e,4007,7.2082,30
1a26bc20,4384,7.2055,1
6318169e,3235,7.2082,1
490c24e3,1640,7.211,1
7c343d3,4087,7.211,1
3ceec0d,3945,7.211,30
282b28b7,4039,7.211,30
ba477ca,3040,7.2,1
11275cf9,4385,7.211,1
23a77161,4465,7.2082,1
3ee7631d,4422,7.2082,1
4f789ae6,4411,7.211,1
b079910,4433,7.2137,1
67cabee4,3424,7.2137,26
6fa5e920,4101,7.2137,31
7f7ee705,3946,7.211,30
782d5851,4389,7.211,1
628e414d,3230,7.2137,1
7a848c7c,3997,7.2164,30
71209660,3511,7.2164,26
432f2b3e,3847,7.2164,1
4b61ba91,3928,7.2137,30
155828ed,3942,7.2164,30
603e2fb0,3520,7.2164,26
71bfd99a,4435,7.2164,1
5af29e52,3969,7.2192,30
1c8112af,4183,7.2192,1
47b7da3f,3911,7.2192,1
484a5e92,4170,7.2192,1
5918bb84,3521,7.2219,26
17d6befb,3450,7.2219,26
356d2c4,4475,7.2219,1
19f2a2f2,4453,7.2219,1
5aafed3,4008,7.2219,30
27a9a9fb,3998,7.2219,30
59a2c705,3769,7.2247,1
12dc8f38,3509,7.2247,26
1eb55aa3,4012,7.2247,30
4c3b73c0,4044,7.2219,30
2637edcd,4410,7.2247,1
5064137c,4280,7.2274,1
64303b91,4729,7.2247,1
7302e1a4,4725,7.2274,1
6a42238c,3839,7.2274,1
1acd324b,2476,7.2247,23
7fc47e30,4030,7.2274,30
1b2fbfad,4390,7.2301,1
608ab107,4462,7.2301,1
13268837,4391,7.2301,1
4f4f519d,3933,7.2301,30
297b4d0e,4239,7.2301,1
5ff1bbd0,4172,7.2329,1
1c4cc3af,4388,7.2329,1
3b8c9721,3934,7.2329,30
efafa74,4041,7.2329,30
7d1ad598,4182,7.2329,1
731202f,3429,7.2329,26
526474ba,3401,7.2356,26
58db9a77,3402,7.2356,26
12be242,4429,7.2356,1
2ab651ea,3510,7.2356,26
24882ccb,1875,7.2329,1
2004120f,4185,7.2356,1
7ee3ddbf,4235,7.2356,1
1514c618,4730,7.2356,1
66c2fa88,4279,7.2356,1
3c97cef,4013,7.2384,30
641c90b3,4040,7.2384,30
4a20b7a4,4386,7.2356,1
35d82f3,3970,7.2384,30
29ab9e91,3430,7.2384,26
63b3a902,4167,7.2411,1
12541946,3513,7.2411,26
5a3231e7,4522,7.2411,1
7d8323c,3441,7.2411,26
35976a48,4184,7.2411,1
4b123e41,3507,7.2411,26
793e904c,4032,7.2438,30
32482b85,4102,7.2438,31
3862694e,3522,7.2438,26
66391349,4031,7.2466,30
6b084332,4392,7.2466,1
19fa4ce4,3432,7.2466,26
18ef59d5,3848,7.2466,1
3a5bfec4,4166,7.2466,1
14d6019d,3979,7.2466,30
3deec1e6,3411,7.2466,26
5f2d167f,4024,7.2466,30
3a657e80,4430,7.2493,1
1e1b4ab8,3343,7.2493,1
55b1496c,4275,7.2493,1
6298234b,3973,7.2493,30
4a365c7b,2477,7.2493,23
7318c0e6,4425,7.2521,1
37120ab7,4233,7.2521,1
1992b2f1,4025,7.2521,30
68b7df10,4240,7.2466,1
270df931,4294,7.2493,1
4b962b36,4023,7.2521,30
7e3cdd52,4276,7.2521,1
59dc2790,1734,7.2521,1
f452ce4,4234,7.2493,1
75f079a1,3512,7.2548,26
6dbeec00,1862,7.2548,1
5566b680,4105,7.2548,31
22384ff9,1733,7.2548,1
5468ba4f,4237,7.2575,1
76bc9a4b,3431,7.2575,26
5a9d078,3515,7.2548,26
34ed7e7a,4424,7.2603,1
1f6de221,3403,7.2521,26
58fa2cbe,1877,7.2603,1
7f5f85fa,4295,7.2575,1
18cc4c77,4393,7.2603,1
3fc3b78b,3849,7.263,1
53ad7506,3949,7.263,30
23a1e9b8,1624,7.263,1
20d2c863,4186,7.2575,1
5a0797fa,4277,7.263,1
623adcf9,3840,7.263,1
4efa152f,3414,7.263,26
3baf752e,4106,7.2658,31
45b3c2f2,3980,7.2658,30
78dd5d43,3972,7.2603,30
1e03bde5,4241,7.2658,1
2a6a67c8,4387,7.2658,1
34a75cc7,3523,7.2685,26
26823855,4476,7.2685,1
25ed55f5,3856,7.2685,1
5cc022a7,4238,7.263,1
520f0c9c,4278,7.2685,1
65f8c618,4103,7.2658,31
7cf6ca80,4195,7.2685,1
2af575af,4104,7.2685,31
777dbf4c,4176,7.2685,1
5dbc36d3,3442,7.2712,26
11335b42,4029,7.2685,30
75cc3ab1,4426,7.2658,1
8f163ad,3412,7.2712,26
7ed7e37a,4175,7.2712,1
7f0eb902,3433,7.274,26
144aba8,4480,7.274,1
6513fe70,3841,7.274,1
592556af,3452,7.274,26
1828a2c2,3453,7.274,26
1264de6c,4431,7.2767,1
687e422e,4033,7.2767,30
1b9de1a0,4281,7.2795,1
467e7ea3,3517,7.2795,26
60c64dcb,4218,7.2795,1
72dd5fbe,4726,7.2795,1
68a80cf9,3415,7.2795,26
1c4c70ad,4034,7.2795,30
29729ee1,4482,7.2795,1
31ca04de,4413,7.2822,1
65068692,4455,7.2822,1
70f1f61,3481,7.2822,26
192d09da,4015,7.2822,30
343ffada,3852,7.2795,1
669bdb4a,4028,7.2822,30
5b23c4ee,4437,7.2849,1
3aaed7a0,3471,7.2849,26
3ed3403c,4436,7.2822,1
2d8491b3,3418,7.2849,26
4bbc6af6,3857,7.2822,1
7345a940,4415,7.2849,1
36040772,4468,7.2849,1
7a5bd5c5,3482,7.2849,26
5218fba2,3404,7.2849,26
cc95708,4236,7.2849,1
1a60ee74,4197,7.2877,1
108eb1fa,4469,7.2877,1
3eb1e500,4107,7.2877,31
2be1cc9f,3416,7.2904,26
6d56bffc,3516,7.2877,26
7058ef6c,4219,7.2904,1
41709d82,3950,7.2904,30
64503407,4045,7.2904,30
3c21ce2e,3514,7.2932,26
45aadb,4173,7.2904,1
4caaf3df,4216,7.2932,1
40dbddb0,4414,7.2932,1
bb57549,3846,7.2932,1
4e6c6530,4177,7.2877,1
2b7990f6,3344,7.2932,1
199b6b09,4589,7.2932,1
cccaab6,4296,7.2986,1
39244a4e,4412,7.2986,1
144cfdbf,4010,7.2959,30
73d531e0,4493,7.2986,1
31d4cfb0,1625,7.2986,1
2a3985fe,4416,7.2986,1
5b4786de,4198,7.3014,1
596b3403,4727,7.3014,1
65fc9346,4220,7.3014,1
2eedd6fb,4438,7.3014,1
36b54ff,3524,7.3014,26
1455b26d,2478,7.3014,23
7225c36c,3858,7.3014,1
72ee3a07,3855,7.2849,1
2b7b4409,4432,7.3041,1
55523492,4046,7.3041,30
1a88213d,3236,7.3041,1
12844dd1,4284,7.3014,1
4e66c24e,4470,7.3014,1
4ddbf787,4471,7.3068,1
1da0c9d3,3850,7.3068,1
3cf1b939,1874,7.3068,1
cab81b3,3859,7.3068,1
74a746da,4489,7.3096,1
66d2e006,4188,7.3096,1
57dba594,3472,7.3123,26
72d10c5,3862,7.3123,1
49f2176c,4187,7.3096,1
38d11c84,4037,7.3096,30
32acf90f,4209,7.3151,1
5d686ca7,4208,7.3123,1
4f85911,4731,7.3151,1
29cb3393,4174,7.3151,1
32b528a1,4225,7.3151,1
34fd4036,4485,7.3151,1
61ccb327,4199,7.3178,1
7fdff6ed,4026,7.3178,30
39a908d6,4607,7.3178,1
670b1325,4011,7.3151,30
63dad168,4217,7.3178,1
63b22b60,4196,7.3151,1
12ac7078,3860,7.3178,1
613d719e,4036,7.3178,30
7001da31,3417,7.3205,26
2d81cb33,4206,7.3205,1
18650e7a,4038,7.3205,30
1ba04dba,4605,7.3205,1
385bd5ae,3413,7.3233,26
8fd0a01,3483,7.3233,26
14e6bb14,3981,7.3233,30
72b9a49e,4229,7.326,1
db2f9af,4310,7.326,1
4f30b7d8,4047,7.326,30
b6f0975,4207,7.326,1
2af03d17,4201,7.3288,1
3015c667,4293,7.3288,1
4e11914c,4473,7.3288,1
3679d661,4285,7.3288,1
3dc60d5a,4200,7.3315,1
16759770,3474,7.3315,26
84d5d27,4523,7.3315,1
4a942693,4505,7.3342,1
47354e46,4305,7.3342,1
7dc18fc7,3863,7.3342,1
1f87513d,1865,7.3342,1
744c4ce0,3473,7.337,26
19667b51,4027,7.3342,30
6828700d,4282,7.337,1
4d03da8c,4189,7.3342,1
29051ce9,4590,7.3288,1
6bed511d,4472,7.3342,1
5b3ea480,4486,7.337,1
71a8f045,4477,7.337,1
5aab5e65,4524,7.337,1
9af3806,4658,7.337,1
279b9717,4035,7.337,30
11077179,4487,7.3397,1
115f5d4a,4594,7.3397,1
61c0386f,4490,7.3397,1
1a98286f,4474,7.3425,1
303e0efc,4504,7.3315,1
5b60a0bc,4283,7.3425,1
3b83e8ff,3861,7.3425,1
701458e5,3454,7.3425,26
3d6be739,4297,7.3397,1
b18a2a1,4311,7.3479,1
600374b0,3525,7.3479,26
200acfa2,4338,7.3479,1
7e31fe5f,3526,7.3507,26
5a513576,4048,7.3479,30
39d46aa2,4491,7.3507,1
210c6c78,4591,7.3479,1
235cc47,4202,7.3452,1
52731488,3456,7.3534,26
578dd024,3475,7.3534,26
263f1f8c,3527,7.3534,26
751664b8,1863,7.3534,1
37bbb9ce,4733,7.3534,1
46af9e19,3851,7.3534,1
157c7ac2,4525,7.3507,1
e8e43ed,4511,7.3562,1
5093fecf,4494,7.3562,1
7ba14414,4483,7.3562,1
16e673c1,3455,7.3562,26
7c79dd1a,1889,7.3589,1
946853,4227,7.3589,1
194b3924,1735,7.3562,1
4fbe8b08,4592,7.3589,1
6a638145,4418,7.3589,1
5840001e,3530,7.3589,28
7b352db5,4417,7.3562,1
40681f10,3531,7.3589,26
36f7d7f1,4243,7.3616,1
6eef71c1,4242,7.3589,1
3ce5b12c,3486,7.3616,26
3c75a93f,3982,7.3616,30
3435a91f,4732,7.3616,1
21c1a721,4231,7.3644,1
d7bb4da,4506,7.3589,1
6c592813,4212,7.3671,1
303c1ee4,4244,7.3671,1
2111658d,3237,7.3671,1
38755de1,3532,7.3671,26
14a11d61,4484,7.3589,1
443afa2f,4492,7.3699,1
9bf9e18,4608,7.3699,1
1c714ca5,4228,7.3699,1
6e2dd228,3864,7.3699,1
7ca50059,4226,7.3699,1
607340b9,4290,7.3726,1
738b251a,3487,7.3726,26
49c0d084,4737,7.3726,1
4988540,4593,7.3726,1
73b705d1,4230,7.3726,1
27c47436,4286,7.3726,1
5d488eff,4488,7.3726,1
77c1c3b9,4210,7.3753,1
3c13c91d,4299,7.3753,1
38727f6d,4606,7.3753,1
58f1f262,4300,7.3781,1
6ebcf794,4302,7.3781,1
6dfd07c8,3478,7.3781,26
7a889340,4298,7.3781,1
4e833e64,4335,7.3781,1
512a126b,4312,7.3808,1
5171a2d5,4512,7.3808,1
5a8e68b7,3419,7.3808,26
644287b,4301,7.3808,1
38e8a960,4495,7.3808,1
4154d8bb,4329,7.3781,1
656b27b9,4213,7.3808,1
424bcc9f,4313,7.3808,1
3f15de1f,3488,7.3836,26
414ce0c,4503,7.3836,1
38fe67d8,4478,7.3808,1
53779e98,4232,7.3836,1
7f45ac84,4734,7.3836,1
244d7b6c,3533,7.3836,26
3539acdc,4659,7.3863,1
177f60d9,3528,7.3863,26
5c740549,4481,7.3836,1
132d93b0,4306,7.3863,1
6b8a8245,4318,7.3863,1
33f1c285,4330,7.3863,1
71f4e45,3462,7.3863,27
7b3d5da2,4303,7.3863,1
4f2f166,4479,7.3836,1
6a5e7fee,4736,7.389,1
3bd5c317,3529,7.389,26
60dae8f4,4496,7.3918,1
4645df4e,4291,7.389,1
57044a69,4211,7.389,1
44eee82e,4595,7.3945,1
513656df,4332,7.3945,1
2e7e019f,3476,7.3945,26
39e14c18,4054,7.3918,30
4c431e4f,3490,7.3945,26
7fdf3071,4307,7.3945,1
2f4d6f3d,4339,7.3973,1
1cbc01fb,4499,7.3973,1
2f0e0ff8,3420,7.3973,26
7b6bdd30,3457,7.3973,26
7d312694,4738,7.3973,1
2fcd0e26,4526,7.3945,1
17e5310,3460,7.3973,27
5e50ed08,3489,7.4,26
b407190,4055,7.3973,30
7b7739af,4056,7.4,30
f06a5d3,4735,7.4027,1
7c1381f0,1866,7.4027,1
670af487,4631,7.4,1
20c05725,4532,7.4027,1
5d98fd88,4613,7.4027,1
3d64ebca,4331,7.3973,1
87d7312,4333,7.4055,1
38630056,3461,7.4055,27
228dce6f,1738,7.4055,1
382d5b4f,4190,7.4055,1
3934a176,4203,7.4055,1
5bab5abb,4626,7.4055,1
7bea8028,4507,7.4082,1
3f8fa458,3458,7.4027,26
37d8c78c,4740,7.4082,1
657d051b,4288,7.4082,1
6402e58d,4527,7.4082,1
4bc6d2e5,3477,7.4082,26
276c2e6a,4314,7.411,1
3a5388b6,3853,7.4027,1
370b173a,4053,7.411,30
48c68d28,4304,7.4082,1
44d6a2db,4204,7.411,1
455113df,4191,7.4055,1
397a015e,3865,7.4137,1
1f4a38ff,1737,7.4164,1
70175eeb,4340,7.4164,1
126ea48,4501,7.4164,1
683f7bc3,4666,7.4164,1
267c2bfb,3459,7.4192,27
2f0e1ab4,4214,7.4192,1
6c56c9d9,5412,7.4164,1
73fd80d4,4500,7.4192,1
5a940ab1,4319,7.4192,1
49668343,4287,7.4192,1
e825a67,3484,7.4219,26
54c0526f,4289,7.4192,1
2efb0bc4,3485,7.4219,26
53fae9c3,4336,7.4247,1
4f37d0b9,4628,7.4247,1
25711db8,3854,7.4137,1
2eb98436,4513,7.4219,1
2856c3d6,1739,7.4247,1
19b2b01a,4337,7.4219,1
6e067cc9,4215,7.4219,1
6fe13dc3,3985,7.4247,30
6bd1650d,4596,7.4247,1
1a12c2d6,1888,7.4274,1
6a6f9b32,4742,7.4301,1
6e49df4a,4315,7.4301,1
16ac93ee,4497,7.4329,1
7045abdd,4529,7.4329,1
105c51d5,4292,7.4274,1
13d88528,4057,7.4356,30
1cd4357a,4245,7.4356,1
6e15e6ed,4221,7.4384,1
7da896ce,4334,7.4384,1
3353a3b1,4502,7.4329,1
212c5abc,4667,7.4411,1
2776e21f,3466,7.4411,27
41f39ef7,4743,7.4411,1
7c311c56,4660,7.4411,1
3d52bfb3,4632,7.4438,1
1332dd83,4597,7.4438,1
757d39a1,4629,7.4438,1
4e6bfd34,2479,7.4466,23
2593f228,4049,7.4466,30
3a4c8b03,4627,7.4411,1
796a1925,4669,7.4466,1
124b14de,4633,7.4466,1
17100dd1,4792,7.4466,1
4daa74e8,4793,7.4466,1
683c05a,1878,7.4466,1
5849571a,4320,7.4493,1
12ee5529,1736,7.4521,1
587ac20,4316,7.4521,1
4e571e6f,4741,7.4521,1
5e9c051,4309,7.4521,1
1d9e3dda,4533,7.4521,1
253ce354,4514,7.4548,1
f7d58f4,5411,7.4548,1
6f5a132f,4205,7.4575,1
2de5dc22,3479,7.4548,26
5ac3ed7b,4528,7.4575,1
57844448,4668,7.4603,1
3b98c38f,4614,7.4603,1
6d507ab4,4308,7.4603,1
5e4796f0,4223,7.463,1
61bb257c,4739,7.4603,1
14e89b07,4321,7.4658,1
45dda5bd,4755,7.4658,1
6911a6ae,1891,7.4685,1
b034d6a,4639,7.4685,1
33ab09b3,4222,7.4685,1
63cb8c62,3986,7.4685,30
70b6263,4323,7.4712,1
16f217f5,4756,7.474,1
7dff7209,4498,7.474,1
42e84948,5509,7.474,1
1eac330c,4801,7.474,1
4b3d6ba9,4317,7.4767,1
18e7d293,4322,7.4685,1
1e0e94bc,4663,7.4795,1
1e2c3c3c,4508,7.4767,1
61e748a6,1729,7.4795,1
3065d07d,4661,7.4795,1
47327d43,4058,7.4822,30
2df3ba6d,4254,7.4822,1
52c1be33,4051,7.4849,30
9386eb5,4634,7.4822,1
2b8d1741,4744,7.4822,1
5db4d2b4,1892,7.4849,1
6da42bbd,4246,7.4877,1
383f7f3a,4615,7.4877,1
5c6fba85,4050,7.4877,30
32cb301c,4757,7.4877,1
784cbd36,1740,7.4877,1
57fb18e,4670,7.4904,1
396f1f9,1890,7.4877,1
1dbd209d,4662,7.4904,1
4f23cbf5,4534,7.4795,1
240359dd,4558,7.4849,1
1172d907,4618,7.4932,1
393bf566,4642,7.4959,1
126f1e97,1728,7.4959,1
d96c281,4224,7.4959,1
4974e8d6,4324,7.4959,1
209373de,4609,7.4986,1
2f94910b,4255,7.4877,1
6248ab5e,4535,7.5014,1
4bef2b4,4256,7.4986,1
65a70551,4671,7.5014,1
3f87ba68,5413,7.5041,1
3d5b07c9,4800,7.5041,1
1a6e4967,4052,7.5014,30
69b633cc,4610,7.5068,1
6b608068,4559,7.5068,1
ee0a782,4341,7.5096,1
66ade248,4509,7.5068,1
3edd8502,4616,7.5096,33
51d13171,4758,7.5123,1
5a86407e,4510,7.5096,1
53b056c4,4643,7.5151,1
5915dfcf,4804,7.5178,1
2b26f87c,4248,7.5205,1
31f8f123,1864,7.5205,1
30ed9b9b,4747,7.5178,1
1ac65602,4249,7.5205,1
60af97ae,3480,7.5233,26
58e1f99a,4342,7.5233,1
2f7daeee,4250,7.5233,1
597a23cb,3983,7.5205,30
762538d5,4598,7.526,1
45f4cdad,4530,7.5233,1
120ec1a0,4746,7.526,1
6d5bdc65,4636,7.5233,1
504607d1,4325,7.526,1
582a0269,4805,7.526,1
3b502564,4531,7.5288,1
6b52b734,4617,7.5288,1
5fb7e06f,4803,7.526,1
1a94925e,4646,7.5288,1
3f2f0cc7,3984,7.5205,30
379e7801,3463,7.5315,27
d5f1093,4761,7.5315,1
6d8b3dcf,3491,7.5315,26
2a854d8d,4637,7.5315,1
6e9f66ac,4327,7.5342,1
1bb13864,4647,7.537,1
2fe00b98,3468,7.537,27
2f09d2cc,4542,7.5425,1
3a366b87,4750,7.5425,1
285606bd,3867,7.5425,1
5b216a0d,3866,7.5288,1
74574e4,4664,7.5452,1
663b4972,3467,7.5479,27
6fd87c61,4760,7.5479,1
5b6d549d,4599,7.5479,1
4bb6a5ba,4612,7.5507,1
239b4da1,4326,7.5507,1
12e33cf3,4802,7.5507,1
76484173,4269,7.5479,1
7a1883ca,4651,7.5507,1
47d7246,4794,7.5507,1
5e03bc03,4748,7.5479,1
7d72c12d,4749,7.5507,1
76fd7ed4,3868,7.5479,1
48c5a512,4806,7.5507,1
27c5010e,4267,7.5507,1
2e89732e,4263,7.5507,1
4cd5c772,1893,7.5534,1
51430be2,4515,7.5534,1
2250c89b,4536,7.5534,1
34cbd9ed,4759,7.5507,1
3b89630b,4638,7.5534,1
5905cd5f,4767,7.5562,1
1050d186,4644,7.5562,1
7a3e76d0,1867,7.5562,1
7dc79886,4649,7.5562,1
6b0dba59,4648,7.5562,1
628cd91e,4247,7.5562,1
163a7c13,4665,7.5589,1
57f8d5fa,4611,7.5589,1
5561052d,4601,7.5616,1
107e2176,4059,7.5644,30
1387186,4650,7.5644,1
5bd2d39d,4328,7.5671,1
647fda7,4766,7.5671,1
67d30988,4600,7.5671,1
25a5f0b5,4745,7.5671,1
682691a7,4807,7.5699,1
5135f3c1,4543,7.5699,1
10b040,4619,7.5699,1
2e553f26,4630,7.5699,1
24ff4201,4623,7.5726,1
78085490,4768,7.5726,1
6dd1bab,4751,7.5726,1
1f6a859,4764,7.5753,1
5f470d2c,4765,7.5753,1
65517e80,4772,7.5781,1
20fe3a28,4796,7.5781,1
b3f21c2,2485,7.5753,23
3f3fe49c,4635,7.5781,1
70dc585c,4640,7.5808,1
52618003,1742,7.5808,1
5876a03a,4560,7.5836,1
36bd70ca,2480,7.5836,23
44fe76ee,4620,7.5781,1
202aec4a,5065,7.5863,1
42561e9,2471,7.5863,23
69bf7627,4762,7.5836,1
345960fa,4603,7.589,1
3a73999,4604,7.5863,1
2c223a2d,4645,7.589,1
542bc934,5446,7.589,1
3ebe6fc0,3869,7.5863,1
419f865d,4257,7.589,1
2850a59e,4797,7.5863,1
7bce1406,3492,7.5918,26
4680ba00,4621,7.589,1
b8d0d7f,1868,7.589,1
369dcf3d,4763,7.5918,1
3df893cc,4672,7.5945,1
7e6b6ec9,4809,7.5945,1
7b16c86c,4752,7.5945,1
1dee728e,4602,7.5945,1
4552b229,4261,7.589,1
3c4d2fbc,4777,7.5973,1
545ed062,4538,7.5973,1
5fd855c2,4270,7.5973,1
197513da,4265,7.5973,1
20d9e50b,4624,7.6,1
50612498,1894,7.6,1
77616878,4625,7.6,1
6fcebba4,5475,7.6027,1
27725f47,4266,7.6027,1
7217b4da,4641,7.6027,1
434d8281,4264,7.6027,1
3f130038,5477,7.6027,1
aaee8fa,4769,7.6027,1
45503c11,4808,7.6,1
6a26e7b0,4540,7.6055,1
4d93380c,4258,7.6055,1
3007f07c,4539,7.6082,1
7473e2d9,5414,7.611,1
29359080,5415,7.611,1
7d329ef2,1881,7.6137,1
72390538,4259,7.6137,1
19b7548c,4546,7.6137,1
1c8376aa,4753,7.6164,1
75afaec6,5478,7.6164,1
4f85758e,4795,7.6137,1
6c355bc6,5447,7.6137,1
6b8456cc,4570,7.6137,1
63551ce4,4567,7.6192,1
7183c05,3534,7.6192,26
41b5bc4b,4544,7.6192,1
8ceb087,4754,7.6192,1
43b73f46,4770,7.6219,1
589cb21,4622,7.6219,1
5ce5f027,4565,7.6219,1
6932783f,4771,7.6219,1
1405a716,5510,7.6247,1
2dcc0508,4569,7.6274,1
6e32f7df,3469,7.6274,27
25a9f9fb,4547,7.6301,1
5f209ef1,4272,7.6301,1
66a4af14,4573,7.6329,1
1f512010,5450,7.6274,1
75dd6420,5476,7.6329,1
2ed1bb7c,1741,7.6329,1
6d4e6dbd,4343,7.6329,1
656b1691,4568,7.6274,1
46c25b1b,2472,7.6356,23
69cbfc9c,4273,7.6356,1
58fff5fb,4676,7.6384,1
325dda84,4775,7.6356,1
5012f6f0,4545,7.6384,1
5aed988e,4564,7.6411,1
6f4c4bf1,4548,7.6411,1
522e1717,4260,7.6411,1
2197f9d0,4561,7.6438,1
57605b53,4773,7.6438,1
2c093dd0,5439,7.6466,1
76df6c27,4673,7.6466,1
ebd01e9,4268,7.6466,1
66e8b7ca,4549,7.6493,1
cf99220,5416,7.6438,1
12beb316,4541,7.6493,1
33502b6a,4344,7.6493,1
773ceb2c,4574,7.6521,1
11681e6b,4571,7.6521,1
51c0f6f4,4562,7.6521,1
3601d9d9,4537,7.6521,1
4c55a445,1730,7.6548,1
55871d2a,5419,7.6548,1
26f421be,5066,7.6548,1
77bef84d,1882,7.6548,1
219fc718,4774,7.6548,1
19e80de3,4675,7.6575,1
1e9626b1,2481,7.6548,23
1eead9be,4810,7.6575,1
41126a7c,5417,7.6575,1
3740feae,4061,7.6658,30
6df77db0,3464,7.6658,27
7fafe6d1,3493,7.663,26
2031b10d,4776,7.6658,1
2dbc22d2,5420,7.6685,1
528a4e6d,4550,7.6685,1
628f6f1c,5421,7.6685,1
621694f2,4060,7.663,30
2e7080d0,4822,7.6767,1
2e094a55,4271,7.674,1
37e73707,3465,7.6822,27
454dba6,5442,7.6822,1
6180840d,5418,7.6822,1
ffcc3b8,4798,7.6822,1
4bdceeed,4575,7.6822,1
2fe34e21,4678,7.6822,1
21b20bd5,5440,7.6849,1
44f75302,3494,7.6849,26
687076f7,4652,7.6849,1
5d57af9e,5153,7.6849,1
611defa2,4674,7.6849,1
6c8afb42,5511,7.6877,1
121bca92,5422,7.6877,1
53bae37a,5441,7.6877,1
7937c1e8,4818,7.6877,1
7fef745b,5454,7.6877,1
197caa0f,4820,7.6904,1
22970289,3470,7.6904,27
6e141313,2486,7.6932,23
296bb7b8,4251,7.6932,1
553b5c48,5448,7.6904,1
657ddc42,4577,7.6959,1
1290aaeb,4252,7.6959,1
4f228f2c,4778,7.6959,1
1e08150,4811,7.6904,1
75c220a3,5484,7.6959,1
7a14fb4f,4779,7.6986,1
211450ce,4677,7.6986,1
24fbafbd,4566,7.6986,1
40d844b9,5481,7.6986,1
4f686f1b,5482,7.7014,1
1d4b016e,5443,7.7014,1
1edab029,3535,7.7014,26
67257208,4819,7.6986,1
655a0fd9,1883,7.7014,1
205f226d,4062,7.7014,30
6bcf95b7,5068,7.7014,1
27361ff4,4689,7.7014,1
1227f80c,5483,7.7014,1
4b32fc6f,4576,7.7041,1
5c47ba93,5485,7.7041,1
4b19c750,4553,7.7041,1
12711d40,5449,7.7068,1
66d3a1a7,4799,7.7068,1
3adee896,5423,7.7123,1
65853a9d,5557,7.7123,1
2de2ea6,4262,7.7123,1
5b2c5e7c,5512,7.7151,1
5e0a310e,5426,7.7123,1
25af7df1,5067,7.7151,1
68f8bb8a,4821,7.7151,1
33836f95,3540,7.7178,26
511ec757,5444,7.7178,1
5e931e3b,5425,7.7205,1
3716d53c,5456,7.7205,1
8db0ed,5445,7.7205,1
2d846f9d,4653,7.7205,1
a872105,5558,7.7178,1
2e3bbd4c,3496,7.7205,26
4ca394a8,4572,7.7178,1
21445f09,5451,7.7205,1
2f32243b,4346,7.7205,1
1c0eb7d1,4690,7.7233,1
4cd8662c,4812,7.7233,1
4f67d4a9,4781,7.7233,1
33c432a9,5071,7.7233,1
39ba1902,5455,7.726,1
714a2282,4813,7.7233,1
1893b345,4563,7.726,1
17754f7d,4253,7.726,1
664603a6,5318,7.7288,1
46b863de,4552,7.7315,1
6494460b,5424,7.7315,1
43b4e9d7,4691,7.7315,1
7e87587b,5486,7.7342,1
4faf166e,5072,7.7342,1
288a2f3e,4345,7.7342,1
38173a56,5438,7.7342,1
2d290f62,5479,7.737,1
49b7b141,3541,7.737,26
d376c8c,4680,7.737,1
743d41cb,4692,7.7342,1
33539a77,4352,7.737,1
118a1231,5259,7.7397,1
65c394f8,4814,7.7397,1
5326c7c0,5154,7.7397,1
583d3e73,4353,7.7397,1
4d0bf776,5069,7.7397,1
70732d32,4578,7.7397,1
c516f7c,4823,7.7397,1
754c4e5a,5516,7.7425,1
10b18ff4,3537,7.7425,26
2937ad3,4554,7.7452,1
5becf72,4939,7.7452,1
7c03c438,4354,7.7452,1
12177f01,5463,7.7452,1
e459c98,4786,7.7452,1
17192a61,5073,7.7452,1
1e2490f3,4780,7.7452,1
64afa2af,4688,7.7479,1
63bad0cd,4551,7.7452,1
4de9264c,4347,7.7479,1
6fead235,4679,7.7425,1
31fea78b,1731,7.7479,1
28ddd1c1,5515,7.7507,1
2c0249d0,3543,7.7479,26
15c04d1f,3495,7.7507,26
514662d3,4782,7.7507,1
44f6c3bc,3536,7.7534,26
17d3f2e3,5075,7.7562,1
29a17500,5074,7.7562,1
3e9e6d9e,5480,7.7562,1
5c2cd064,5437,7.7507,1
e8d641d,5487,7.7589,1
54e075e8,4555,7.7589,1
76cb1301,3538,7.7589,26
396a936f,3539,7.7616,26
3b7462db,5264,7.7644,1
1556989e,5464,7.7644,1
5cbf2d80,5274,7.7671,1
32c94428,3497,7.7671,26
1e12a21,5465,7.7671,1
1e86264c,5275,7.7699,1
567940c0,4579,7.7699,1
78840215,4785,7.7699,1
60fec564,5070,7.7699,1
68c64b78,5427,7.7726,1
742579e0,4580,7.7726,1
245d1f78,5452,7.7699,1
2ab38d1e,5428,7.7726,1
2c6959db,5607,7.7753,1
3aaa6cd7,5267,7.7781,1
606d7d71,5460,7.7781,1
3f58e2e5,5078,7.7781,1
5999d354,5076,7.7781,1
303cd064,5077,7.7753,1
3bb1b5e7,5488,7.7781,1
438627be,5466,7.7808,1
54924fe9,5517,7.7808,1
27b1aef,4991,7.7836,1
345399ca,3542,7.7836,26
461ae329,4940,7.7836,1
b10104,5260,7.7836,1
6f13a9cf,4815,7.7836,1
5a47cf9f,4788,7.7863,1
72f290d4,5514,7.7863,1
63603608,5160,7.7836,1
51998b2d,5513,7.7836,1
6b51b241,4556,7.7863,1
f0eb383,5453,7.789,1
699cf686,4790,7.789,1
f2363b6,4789,7.7863,1
bae4dcb,4816,7.789,1
6d8b3545,4693,7.7863,1
176311dc,4696,7.7918,1
1945ed70,5272,7.7918,1
b3658f0,5084,7.7918,1
7fcc37d6,4783,7.7918,1
60fc2b86,5518,7.7863,1
7675a11f,4825,7.7945,1
54690bc1,4992,7.7945,1
5b0b1d61,5157,7.7945,1
6d93451d,4869,7.7945,1
6e9b501c,5323,7.7973,1
6c32f332,4824,7.7973,1
7019ca76,5559,7.7973,1
737a3101,5158,7.7973,1
6859502b,1732,7.7973,1
43639de,5457,7.7973,1
7f66f109,5458,7.7973,1
4192dee9,5459,7.8,1
88d47b6,5461,7.7973,1
1f296e5f,4557,7.8,1
63421de3,4581,7.8,1
560f209c,4870,7.8,1
4ddd1ac5,5261,7.8027,1
20f69122,5467,7.8055,1
1e296ded,5560,7.8055,1
499b9d57,5079,7.8055,1
3a452c82,5273,7.8027,1
15e1f096,4694,7.8055,1
40f2b1c2,5085,7.8082,1
5596edae,4826,7.8,1
74600159,3498,7.811,26
4624faa2,5017,7.811,1
5c5bc7b0,4684,7.8137,1
9f20158,4697,7.8137,1
6beb6655,4941,7.8137,1
afb6060,4698,7.8137,1
89f40c8,2497,7.8164,23
778efb00,5268,7.8164,1
11fe7842,5265,7.8192,1
21977de6,4695,7.8192,1
70bee1d4,4787,7.8192,1
2d5660b,5159,7.8219,1
f07b2c5,5489,7.8219,1
5ab9e7d5,4784,7.8247,1
608b327b,5344,7.8247,1
7a690bc1,4705,7.8219,1
7ddee519,5001,7.8247,1
231870fd,3544,7.8274,26
54922197,5530,7.8274,1
6db3d994,4835,7.8247,1
5f36e0e0,5520,7.8274,1
55ca2032,5269,7.8247,1
6572a8ba,4349,7.8301,1
10913d85,5429,7.8301,1
631d397a,2483,7.8329,23
b44f419,4348,7.8329,1
f0b9ef3,5462,7.8356,1
16eff782,1895,7.8329,1
742573d5,4834,7.8356,1
1c33dacc,4582,7.8356,1
7e17250b,5270,7.8329,1
307b116f,4881,7.8301,1
63d4ed95,2487,7.8356,23
a6e558a,4993,7.8329,1
62fc017c,5490,7.8384,1
8891bb1,5292,7.8384,1
609193a6,5491,7.8356,1
24ed6264,5521,7.8356,1
784231a6,5044,7.8384,1
5cd7b176,5531,7.8411,1
1c437dce,4350,7.8411,1
70a3c143,5271,7.8411,1
3f927371,5320,7.8438,1
5e2f39f4,1884,7.8466,1
590592f2,5018,7.8438,1
4831d02a,5319,7.8466,1
37c2f948,5290,7.8466,1
1be71d3a,5045,7.8493,1
3c20772b,4817,7.8493,1
4947f05f,5266,7.8493,1
69ef4886,5262,7.8493,1
75642900,4351,7.8493,1
3d7fafb,4942,7.8493,1
10ef397f,5636,7.8493,1
4e413dd8,5608,7.8493,1
1dddc96a,4836,7.8493,1
1ab93139,5291,7.8493,1
2b564e29,5519,7.8521,1
268500b7,1743,7.8548,1
2ccb148c,1744,7.8548,1
4fc8f1d9,4065,7.8521,30
820ba05,5046,7.8548,1
5b4362c1,1896,7.8548,1
554d41a6,4943,7.8575,1
5d8334ef,5286,7.8575,1
50fe4dc8,5293,7.8575,1
106b787c,4791,7.8575,1
2f145ba6,4874,7.8603,1
6bf426e7,1898,7.8575,1
75ba8b11,5049,7.8603,1
49c6b65c,5002,7.8575,1
63c30fd1,4706,7.8603,1
2a59f80,5161,7.8603,1
f613d19,4063,7.8603,30
39e0dbab,4066,7.863,30
605346a1,4583,7.863,1
17971a88,5469,7.863,1
11186496,5532,7.863,1
13fa8738,5609,7.8603,1
2cf82b6f,5263,7.863,1
57ce40d9,4064,7.8658,30
3142722,4584,7.8658,1
1cd6e41c,5321,7.8603,1
3612c3bb,5155,7.8658,1
51facf02,5493,7.863,1
167e5142,5614,7.8658,1
20313d10,4356,7.8658,1
78c9eafc,5561,7.8658,1
7bb0b3b1,1897,7.8548,1
593fb6d2,5492,7.8685,1
5ebae028,2482,7.8685,23
3a2a5efc,4837,7.8685,1
44794f33,5050,7.8712,1
6054e848,5523,7.8658,1
6966efca,2498,7.8712,23
1d381a4,5287,7.874,1
f5d567a,5051,7.874,1
480cf971,4683,7.874,1
46510efb,3500,7.8712,26
164a4705,5047,7.8712,1
b092ac9,5533,7.874,1
f71daf6,4681,7.8767,1
6e824354,4873,7.874,1
7e4632cb,4682,7.8712,1
41eaf884,5470,7.8795,1
55cfdd3,5019,7.8795,1
4741c0d3,5610,7.8795,1
78d43777,4871,7.8795,1
2d1d42a4,5563,7.8822,1
5eb864d2,5615,7.8795,1
4557e601,4707,7.8795,1
64396d3,4685,7.8822,1
66ab08c7,5005,7.8849,1
106c7c44,4357,7.8849,1
5723148f,5288,7.8877,1
74485ed2,5043,7.8877,1
39c854ee,4900,7.8877,1
6ea7ab86,4944,7.8904,1
1d5a744a,4654,7.8904,1
26555a8,5564,7.8904,1
52929c02,5616,7.8877,1
641ae64c,4994,7.8932,1
37b28ad2,5289,7.8932,1
7984504a,5522,7.8932,1
3f30b1f4,4656,7.8932,1
cab18d8,5579,7.8904,1
2fecf785,1885,7.8932,1
7431f432,4655,7.8959,1
42fa5d07,5054,7.8904,1
204dcc94,4901,7.8959,1
885e08c,5562,7.8959,1
1a8df897,4827,7.8959,1
71b0067b,5302,7.8932,1
5295649c,4355,7.8986,1
71c7a55b,5364,7.8932,1
427940a5,4902,7.8986,1
297e8a98,5294,7.8986,1
ae03bca,5472,7.8986,1
569fb323,4657,7.8986,1
4584452a,4995,7.9014,1
28fc6862,5494,7.9014,1
3038444d,4701,7.9014,1
49f06752,5365,7.9014,1
14871ebe,5433,7.9014,1
734db411,5580,7.8986,1
6e7c0efa,4903,7.9041,1
1259c19,5029,7.8986,1
4ba5b198,5322,7.9068,1
6f63132e,1902,7.9041,1
677b34bc,5502,7.9068,1
7908e97e,5055,7.9068,1
54606712,4838,7.9068,1
32af3577,5565,7.9096,1
ccf294a,5324,7.9096,1
323272b4,5303,7.9068,1
653dcb17,5621,7.9068,1
2ef25e4a,3499,7.9096,26
5b02a7a7,4702,7.9068,1
40166009,5566,7.9096,1
55a5cea8,5021,7.9123,1
78f9b4a1,5276,7.9123,1
7a84d9a1,5325,7.9123,1
4d56c0ec,4875,7.9123,1
327797e,4699,7.9096,1
5b199425,4846,7.9123,1
5f32f16a,4585,7.9096,1
24470484,5004,7.9151,1
78fb6c71,5473,7.9151,1
3ecd2cc4,4872,7.9151,1
3d18222,5468,7.9151,1
3b85f7af,5027,7.9151,1
4c903df9,1899,7.9151,1
7374e814,5569,7.9178,1
50cf9aef,4829,7.9178,1
4b2c7e86,4828,7.9151,1
1fcc0bbf,1886,7.9205,1
33f8e24b,5347,7.9205,1
6ab31480,5003,7.9205,1
42439f1e,5304,7.9205,1
3d2de51a,4883,7.9205,1
49b3b24e,4911,7.9233,1
3bd6b8ec,5092,7.9205,1
65b36be7,5280,7.9233,1
37e4477e,5278,7.9178,1
75f1d73e,5306,7.9205,1
44c31559,4841,7.9233,1
49e3b7a7,5028,7.9233,1
6311b20e,4839,7.9233,1
6d8e7758,5567,7.9205,1
131cd55d,4913,7.9205,1
e57fe49,5366,7.9233,1
656aff7,4905,7.9178,1
6839ecf1,4904,7.9205,1
76937219,4843,7.926,1
350f7ab,2495,7.926,23
30cac921,2484,7.9205,23
17b3e5ad,4840,7.926,1
7a5d4ef8,4830,7.926,1
72754682,5346,7.9288,1
7e3403b7,5570,7.9288,1
489c4ff1,5435,7.9288,1
6e3a6977,5307,7.9288,1
18515e91,5345,7.9288,1
10c74ebb,4878,7.926,1
7de8d5,5581,7.9288,1
6dabec9e,5434,7.926,1
4e1acf2e,5348,7.9315,1
5e0a6ad6,5350,7.9288,1
3758af46,4703,7.9315,1
4c3d0250,5277,7.9288,1
66a52ffa,4996,7.9315,1
4e13fdaa,3545,7.9315,26
9f158bb,5617,7.9315,1
420df89,5622,7.9315,1
7092212a,1900,7.9288,1
20ab62df,4882,7.9315,1
6f3e43cf,4912,7.9315,1
6c89fa13,5048,7.9288,1
6ed7ac9c,4831,7.9342,1
4f7cc0a4,4844,7.9342,1
15118603,5279,7.9315,1
8ac9f55,5030,7.937,1
4cad498a,5093,7.9342,1
2b56b531,2496,7.937,23
78364f8b,5308,7.9342,1
618eef10,5383,7.937,1
135551e9,5495,7.9397,1
59550e1f,5006,7.9397,1
4fb59c4a,5281,7.9397,1
5e77003f,4832,7.9397,1
66ba2965,5080,7.9397,1
5fd9e642,5474,7.9397,1
2e0d2e50,5326,7.937,1
4db9b017,5352,7.9397,1
7aff59c4,4914,7.937,1
74f540c1,5020,7.9425,1
6a044b2f,5023,7.9425,1
2d3c9791,2499,7.9425,23
2d05a329,4842,7.9452,1
2db4ee34,5505,7.9452,1
65a1959e,4833,7.9425,1
2ce816a4,4964,7.9452,1
2cf4e4fb,4686,7.9452,1
263b6a1f,5471,7.9452,1
5b48f905,5022,7.9479,1
2150acdb,5052,7.9479,1
4fdf0623,3501,7.9479,26
23ee744a,5305,7.9479,1
28b68ff0,4704,7.9507,1
5520736b,5618,7.9479,1
62f999f2,5053,7.9507,1
e74d3c5,4945,7.9507,1
3265edc3,5430,7.9479,1
2e302d70,5612,7.9534,1
68dee80d,4884,7.9534,1
785da8f6,4906,7.9507,1
56459806,4915,7.9534,1
4b536cf8,5503,7.9562,1
6427934f,4847,7.9534,1
86d2411,5384,7.9562,1
b57aebe,5327,7.9589,1
5bb32780,4711,7.9589,1
3567a52,5024,7.9562,1
23eb5b94,5295,7.9589,1
36a28ea8,5374,7.9589,1
b6e49c,5156,7.9616,1
42fb5c2d,4916,7.9616,1
72cf3aca,4946,7.9589,1
50ba3df5,4700,7.9616,1
671fa17a,5497,7.9644,1
8313d99,4848,7.9644,1
7f9d8380,4919,7.9644,1
740fefd3,5191,7.9616,1
75db2132,4876,7.9644,1
6f555a82,5526,7.9644,1
5cb66b6c,1901,7.9644,1
7cc7556b,5496,7.9644,1
77bd5c57,5623,7.9644,1
5b433123,5582,7.9644,1
1e07f183,4845,7.9644,1
582d8325,4687,7.9644,1
45ef2393,5498,7.9671,1
767c824,5583,7.9671,1
264daaa2,5367,7.9671,1
12cd21e5,4710,7.9671,1
2e026b94,5568,7.9671,1
171da098,5095,7.9671,1
5cce0063,4879,7.9671,1
2777d016,4920,7.9699,1
1a1451a7,5571,7.9699,1
60f73b1d,5309,7.9699,1
4c96e278,3502,7.9699,26
55786c9c,5524,7.9699,1
6dd986fd,4877,7.9699,1
342f6788,5385,7.9726,1
4fd1c657,5625,7.9726,1
59db5fbd,4853,7.9726,1
b52fa90,5086,7.9726,1
7814d415,5506,7.9726,1
37485812,4712,7.9726,1
3401e335,2488,7.9753,23
3748efb8,5203,7.9753,1
766a7478,5025,7.9753,1
75cffbbf,5624,7.9726,1
2ba53d6f,5192,7.9726,1
5be0328c,5431,7.9726,1
7e8c543c,5373,7.9753,1
74944a51,5525,7.9781,1
76584fe9,4907,7.9781,1
466f0156,5611,7.9781,1
2cf677fc,5355,7.9808,1
30c7ebea,2500,7.9781,23
66d7e961,5386,7.9808,1
52c4d555,3604,7.9808,29
4d121166,4709,7.9808,1
76583ecb,5436,7.9808,1
42853b95,5096,7.9808,1
26c8d8d8,5637,7.9836,1
7b8faa17,3546,7.9836,26
1b404e45,5008,7.9808,1
6fda5e05,5087,7.9836,1
329efbb9,5613,7.9836,1
2deae5fe,5351,7.9836,1
b239cb5,5031,7.9836,1
59ac37ec,5358,7.9863,1
41e7b604,5349,7.9863,1
408768fa,4708,7.9836,1
7d903c99,5007,7.9863,1
1ee0c12f,5589,7.9863,1
2cc8d208,4714,7.9836,1
381643a1,5359,7.989,1
3d1018,5300,7.9863,1
25c65264,5368,7.989,1
7b86785d,5032,7.989,1
70ee740,5527,7.989,1
d0fa74b,5125,7.989,1
65dacb22,5619,7.9863,1
a4e6829,2504,7.9918,23
2d561354,5353,7.9918,1
4c28f738,4922,7.9918,1
5d12d559,5202,7.9918,1
5a6c956,5504,7.9918,1
2d57044f,3547,7.989,26
1e67491c,5296,7.9918,1
3b63537,5193,7.9918,1
48459005,4715,7.9918,1
5d25903e,1745,7.9918,1
792e1d2f,5094,7.989,1
51d8eced,5330,7.9945,1
4b8380b0,4947,7.9945,1
1827a5bf,4889,7.9945,1
2f22e47d,5282,7.9863,1
5ef735c7,4713,7.9945,1
57398c53,5013,7.9945,1
288be6a4,4949,7.9945,1
681004,4953,7.9945,1
38d11d78,5328,7.9945,1
52e4e010,4854,7.9973,1
5fef5ea8,5299,7.9973,1
44af0a12,5082,7.9973,1
407cab3,5163,7.9973,1
340d3d96,4997,7.9973,1
4a459659,5311,7.989,1
341308f5,5329,7.9973,1
11b22fa1,5335,7.9918,1
2df1481f,5432,8,1
17195d40,3552,8,26
4a2533b8,5081,8,1
18d904f5,2489,8,23
4a6ac27a,5283,8,1
6dfcca98,5356,8,1
5389346b,5097,8,1
4fec5572,5033,7.9973,1
44cffe1d,5588,8.0027,1
6777c407,4999,8.0055,1
7d479eee,5572,8.0055,1
502d03f1,5337,8.0055,1
6ba930ff,5297,8.0055,1
32a79671,4968,8.0055,1
73d6ce25,5056,8,1
441242f6,5590,8.0027,1
535b75b6,5336,8.0082,1
69508679,5098,8.0027,1
674a813c,5126,8.0027,1
22a8cc16,5499,8.0082,1
a159c27,5354,8.011,1
679ba052,2502,8.011,23
54eb8efc,5009,8.011,1
21c8a82a,5361,8.0082,1
3047300b,4716,8.011,1
16956680,5057,8.011,1
2cb6cd30,5034,8.011,1
24222a34,5099,8.0137,1
2dec91d3,4885,8.0137,1
10f04388,5000,8.011,1
4479447c,5534,8.0137,1
a35d3eb,5507,8.0137,1
3ff32b13,5172,8.0137,1
76585737,4862,8.0164,1
6426b677,5100,8.0164,1
40288b93,5026,8.0164,1
66a59b36,5535,8.0164,1
52f0993a,5089,8.0164,1
3b4181d,5543,8.0164,1
7c47feb,5162,8.0137,1
4df2280e,5360,8.0164,1
1c90b34a,5591,8.0164,1
1b9d51c3,5500,8.0164,1
384ad65d,5387,8.0192,1
1c55dd98,5088,8.0164,1
52ae2e18,5180,8.0137,1
403b2444,4952,8.0192,1
31d976c9,5176,8.0164,1
5fcfa691,4586,8.0192,1
6d4409ed,5310,8.0219,1
739fb48,4954,8.0192,1
74c41905,5638,8.0219,1
ed1566a,5102,8.0192,1
11194eb9,5014,8.0219,1
755a9b8f,5312,8.0247,1
2c08920f,3561,8.0219,29
614eed02,4948,8.0219,1
3596cc1f,5110,8.0247,1
31f0aec1,5620,8.0247,1
5980da1a,1903,8.0274,1
4f301ad5,5338,8.0274,1
4c45d118,4917,8.0274,1
7877e8f7,4886,8.0274,1
1e3cf262,5537,8.0274,1
27f8bde9,1887,8.0274,1
55845c8a,5536,8.0301,1
68d1fd71,5204,8.0301,1
afe2c62,5340,8.0301,1
4d095d9a,5820,8.0301,1
2f7cb627,4887,8.0301,1
48a1fccc,5544,8.0274,1
eae7222,3551,8.0301,26
33474486,4955,8.0301,1
34a53af9,5035,8.0329,1
485d8ac4,3550,8.0274,26
5468c51e,3549,8.0329,26
7ea26fc4,5101,8.0329,1
7ddce3c2,5058,8.0329,1
7ef7e65c,5585,8.0329,1
3922bb40,5357,8.0301,1
30c8bb96,5538,8.0329,1
2d273d84,4849,8.0274,1
4096bbab,5331,8.0247,1
6cc2e042,5171,8.0329,1
19a3f247,5116,8.0356,1
dfc27ea,4908,8.0356,1
78c29e1d,3557,8.0329,26
379b1b7,5314,8.0356,1
54e5a55,5501,8.0356,1
c8d9525,5376,8.0384,1
69e1fe61,5206,8.0356,1
53fa736,4960,8.0384,1
58ce13bc,4880,8.0384,1
4b855a2f,5539,8.0384,1
3cee3df8,4921,8.0384,1
5a1acef2,4950,8.0384,1
22e4d490,5388,8.0356,1
43d1b6c1,5175,8.0384,1
5c5b4207,5221,8.0384,1
e1d52be,3555,8.0384,26
52a50c1a,5389,8.0329,1
2fc60d1,4855,8.0411,1
638644a,4998,8.0384,1
4811bdf2,3559,8.0356,29
2c7d9eec,5540,8.0438,1
6d1bb849,5546,8.0438,1
4de6995a,5313,8.0438,1
5601170e,2501,8.0384,23
839ae98,2490,8.0384,23
4d027c40,5059,8.0438,1
dc811f2,5010,8.0438,1
29b68bb,5039,8.0438,1
741d6558,5165,8.0466,1
3195482d,4918,8.0466,1
6fabc223,5177,8.0438,1
222109a5,4888,8.0438,1
3d898f1c,5090,8.0493,1
26467ca0,5391,8.0493,1
1d1eaf46,5222,8.0493,1
17cd1891,5223,8.0493,1
77924133,5166,8.0493,1
3d0b57ec,5301,8.0493,1
4c8bde3e,5037,8.0521,1
593d1873,3605,8.0521,29
264b9a55,5205,8.0521,1
2ff73aef,5127,8.0521,1
41180d47,3548,8.0521,26
53f05174,5284,8.0521,1
623f35f9,4965,8.0548,1
1c172a88,5115,8.0493,1
185c82d9,5392,8.0493,1
19afc6a0,5298,8.0548,1
48855f10,5545,8.0548,1
530e2b04,4951,8.0548,1
2fb831f6,5118,8.0575,1
671ff5ab,5112,8.0575,1
48c56867,5584,8.0521,1
4db36e55,4966,8.0603,1
2a5ad3b0,5333,8.0603,1
8ae8bf4,4969,8.0603,1
66772c96,5315,8.0575,1
512f66f,5547,8.0603,1
7929722e,5377,8.0603,1
7f15e681,4967,8.063,1
524a7d4,5091,8.0603,1
5ae8387a,5119,8.063,1
485b1cc6,5111,8.0603,1
873ccd6,5083,8.063,1
35425b87,4891,8.063,1
7ad1afe1,5113,8.063,1
5a6bbd68,5038,8.0658,1
415b65b7,2491,8.063,23
6cbcf9ad,5233,8.063,1
5176ec76,4856,8.063,1
51983f65,5396,8.0685,1
3f98c285,5369,8.063,1
262fef1e,5036,8.0685,1
2128864e,5011,8.0685,1
3b442901,5015,8.0658,1
5db76743,5332,8.0685,1
43934f4,4890,8.0685,1
6146d8cb,4863,8.0685,1
7b50f9c3,5375,8.0712,1
4d90a75a,3558,8.0712,26
2aa10aa0,3556,8.0712,26
1dbb0495,3560,8.0712,29
50e80d42,1746,8.074,1
73f1714,5164,8.074,1
27fd98c7,4956,8.074,1
7b5d78d1,5173,8.074,1
78561d50,5196,8.074,1
9fb198e,5194,8.0767,1
3e074483,2503,8.0767,23
2e15cc1c,5012,8.0712,1
51edf97d,5040,8.0767,1
41e69861,4957,8.0767,1
4541ff82,5117,8.0795,1
2263f65c,5362,8.0795,1
45b4ae1a,5403,8.074,1
1312fafe,5339,8.0795,1
7bac81c0,5041,8.0822,1
e7c2b44,5393,8.0822,1
448b78e6,5042,8.0822,1
242fca13,4895,8.0822,1
3b12edd7,5225,8.0849,1
7ba816a9,5586,8.0849,1
54dbd7fa,5174,8.0822,1
4b88d9cf,5195,8.0849,1
488d5e61,5167,8.0877,1
11adfdff,4864,8.0822,1
6b262eda,4909,8.0822,1
3dfdd648,5016,8.0822,1
3713b20a,5234,8.0877,1
3a584386,5224,8.0877,1
7a4edb72,4961,8.0877,1
44641337,5587,8.0877,1
17f8d265,5592,8.0904,1
3d51b172,4850,8.0822,1
6060673b,5599,8.0904,1
456d812d,5247,8.0904,1
2174df1c,5237,8.0904,1
70ce5aad,5395,8.0904,1
40a4afe7,4962,8.0932,1
69e93a37,4866,8.0932,1
6e629429,5228,8.0959,1
6c7ba07a,5573,8.0959,1
945f185,5404,8.0904,1
29dd4a18,5639,8.0959,1
15c17ca4,4717,8.0959,1
53e440d6,5285,8.0986,1
63cdd1f6,5602,8.0986,1
62ad42a0,5394,8.0986,1
44425ea9,5577,8.0986,1
28b5ad8a,5178,8.0932,1
78c51b3,4587,8.0959,1
6bcb9a36,4892,8.1014,1
761f4364,5363,8.1014,1
56e83412,5371,8.1014,1
509ae2c8,5600,8.1014,1
7eafb745,5641,8.1041,1
284e192f,5226,8.1041,1
4d2ad45c,5179,8.1041,1
41a2bafe,2505,8.1041,23
42b42810,5372,8.1041,1
1a6bd608,5390,8.1041,1
1f8792d,4851,8.1014,1
555956a6,5370,8.1014,1
36ce00b5,5334,8.1068,1
72d14bf2,5402,8.1068,1
63392379,5120,8.1068,1
30a27594,5528,8.1068,1
2fd1e940,5405,8.1068,1
695c8fa7,5574,8.1068,1
523fee80,5105,8.1068,1
11aad7a5,5821,8.1096,1
187cb42a,3565,8.1041,29
32070ed1,3607,8.1123,29
123c6a38,5235,8.1123,1
1f90fe6f,5122,8.1123,1
58c005c7,5168,8.1123,1
523be988,5629,8.1123,1
23a7245d,5341,8.1123,1
3bdcd5c0,5121,8.1151,1
63ea1141,5550,8.1151,1
6e10c31d,5548,8.1151,1
740f974e,5397,8.1151,1
29203eda,4923,8.1151,1
1a7342a6,4852,8.1151,1
721362de,1906,8.1151,1
7aae3e35,5106,8.1151,1
52500954,5644,8.1178,1
52b617ca,5236,8.1178,1
3b5a9ad0,5123,8.1178,1
b560cf9,5939,8.1151,1
6654d1bd,5398,8.1151,1
300e5418,4865,8.1178,1
62c6e1e4,4924,8.1205,1
acb231,5642,8.1205,1
6fcf34ee,4893,8.1205,1
2d23039b,5549,8.1178,1
783f0e1a,5208,8.1205,1
1b5f9430,5378,8.1151,1
1de71616,4925,8.1233,1
b993900,3563,8.1233,29
24264101,4910,8.1233,1
3e93dc33,5129,8.126,1
3edc4a25,5575,8.126,1
66c71201,5231,8.126,1
1baebc4e,5107,8.126,1
b376a37,5114,8.126,1
6685ce23,5103,8.126,1
593dd702,5060,8.126,1
79effa52,5551,8.126,1
25be1a28,4958,8.126,1
4b9c8e1d,5601,8.1233,1
7c2ed5ab,4896,8.126,1
7a159d16,4926,8.126,1
2f2fb726,5207,8.1205,1
ec28b8,5399,8.1233,1
ae53683,3606,8.1288,29
795de682,5128,8.126,1
40634ce3,5594,8.1288,1
5c4ee7e4,5124,8.1288,1
e0afdcc,4959,8.1288,1
6f42ad5d,5181,8.1315,1
4c30df18,5595,8.1315,1
676a60bd,4897,8.1288,1
3e571501,5253,8.1315,1
44056fd3,5593,8.1342,1
2c0c6398,3553,8.1342,26
e07a054,5406,8.1315,1
3a5c46a1,5169,8.1342,1
3ca5a3f6,5675,8.1315,1
53312846,5596,8.137,1
60073774,5062,8.1342,1
38b60c9b,3564,8.1342,29
291da268,2493,8.137,23
7334cc15,5130,8.1342,1
2a51e990,5184,8.1397,1
1ab4bd11,5182,8.1397,1
68b7d0ae,5646,8.1397,1
220bfa95,5816,8.1397,1
66c1125e,4894,8.137,1
33403ef7,5645,8.1397,1
16784c66,5209,8.1397,1
6bdac36e,5379,8.1397,1
5677fa9,5131,8.1425,1
37e25e74,5554,8.1425,1
632d2f92,5822,8.1425,1
5e51512a,5229,8.1425,1
6075e77e,4963,8.137,1
45c104fa,5814,8.1397,1
3b71682b,1747,8.1452,1
4f9af26f,5576,8.1425,1
1b1632b7,5824,8.1452,1
549778bc,4857,8.1397,1
19bc4000,5578,8.1479,1
1add0d2,5597,8.1479,1
56551d65,3633,8.1479,29
2b04c9da,5813,8.1452,1
44b9169e,5342,8.1507,1
3f7ee249,5380,8.1507,1
50ba8e34,5400,8.1507,1
5d7dc7e0,5183,8.1507,1
51fc2737,3632,8.1507,29
1958fbeb,5823,8.1425,1
1d971dda,5940,8.1507,1
672981c1,5655,8.1479,1
2e669b4f,5108,8.1507,1
1e93d42b,5626,8.1507,1
40cae3b1,3566,8.1425,29
65165fbf,5815,8.1507,1
7f301cb1,5627,8.1534,1
7f02adf0,4928,8.1534,1
68c21eca,5552,8.1534,1
3f7e5fca,5197,8.1534,1
40541900,6052,8.1534,1
2a5341d7,4932,8.1534,1
521f2e19,5603,8.1534,1
6effb485,3562,8.1479,29
1f52bb9f,5643,8.1534,1
7fae3d6c,5529,8.1562,1
3b944829,5185,8.1562,1
4fc396b7,5186,8.1562,1
eab54cb,5227,8.1562,1
648716b0,5104,8.1589,1
6e83d7fc,1905,8.1589,1
60c8d21d,5132,8.1589,1
33ed969d,5401,8.1589,1
6f8324c6,4927,8.1562,1
1f4f32fd,5407,8.1589,1
39b15333,5170,8.1616,1
663763e6,4867,8.1616,1
76daced9,5135,8.1644,1
45c133fa,5640,8.1644,1
183450f7,5238,8.1644,1
2e118e4d,2506,8.1644,23
5700b90b,5250,8.1671,1
e9d3150,5408,8.1671,1
420f9d9a,5818,8.1671,1
7806cec4,5825,8.1671,1
5a47546f,5817,8.1671,1
31f8fd48,5598,8.1699,1
3d37e9c6,3617,8.1699,29
3ea50b7,5061,8.1699,1
4d54dee0,4858,8.1699,1
2d501f09,3634,8.1699,29
2f2baabc,5316,8.1699,1
7e953806,5210,8.1699,1
15dd4aea,5230,8.1671,1
3858a70f,5252,8.1699,1
4ad484f2,5941,8.1699,1
1d56d0a6,5198,8.1726,1
64a53e64,5650,8.1753,1
62a353fc,5819,8.1753,1
1fbef078,5555,8.1753,1
46191868,6050,8.1753,1
71a30469,5876,8.1753,1
5a5b391b,5556,8.1753,1
229fbd1f,5739,8.1753,1
4f0a95bb,5741,8.1753,1
4acaa404,5232,8.1753,1
3c027d3b,5137,8.1781,1
23237178,5381,8.1781,1
169aab9e,5604,8.1753,1
4a21741c,5541,8.1781,1
203317e6,3616,8.1781,29
7f1b21ba,4898,8.1753,1
606e40d9,5628,8.1781,1
587e451d,5251,8.1781,1
1c8b94ec,5145,8.1781,1
604ae5d3,5136,8.1808,1
46fa1e91,5248,8.1808,1
5400f61f,5317,8.1808,1
28fa4b8b,5146,8.1808,1
93fb5bc,5605,8.1808,1
282100ad,4868,8.1836,1
7efc172f,5508,8.1836,1
492f015e,3635,8.1836,29
5fb7807c,5553,8.1836,1
63c9411a,6366,8.1836,37
cd4359b,3609,8.1808,29
120f0e41,5382,8.1836,1
32aad26d,3608,8.1781,29
239bd8af,5948,8.1836,1
40cc18c0,5542,8.1836,1
63a628e3,5200,8.1863,1
6d9985af,3567,8.1863,29
1b0e53e5,5970,8.189,1
78ef35b,4859,8.189,1
7aad0da5,5133,8.189,1
5a871028,5877,8.1918,1
7b92522a,2492,8.1918,23
7448fa86,5647,8.189,1
bf67228,6051,8.1918,1
192486d6,5949,8.1945,1
2d0bb153,5199,8.1918,1
7b40c38a,5409,8.1945,1
122addca,5249,8.1918,1
2a759a95,5878,8.1973,1
17daab3b,5651,8.1973,1
6a7b66d9,5254,8.1973,1
2e7b32d1,5942,8.1973,1
28dca4b9,5187,8.1973,1
6bb2adda,5950,8.1973,1
6a9d51ea,5109,8.1973,1
1b05bd,5606,8.2,1
2970fecc,5410,8.1973,1
5be1afce,5213,8.2,1
61cf7393,6367,8.2027,37
61dd7c41,5343,8.2,1
3794206b,5740,8.2,1
4482e86b,5676,8.2055,1
5e4b4883,5662,8.2055,1
21b0ef39,5738,8.2055,1
4f2407b0,2494,8.2055,23
547e087f,5951,8.2055,1
427fede3,6258,8.2027,1
116d8477,5660,8.2082,1
1566d989,5826,8.2082,1
6bbbb2db,6089,8.2082,1
31ff16aa,6150,8.2055,1
cd2e583,4930,8.2082,1
71e18652,5648,8.211,1
4f9cc73,5656,8.2082,1
5268a376,5188,8.211,1
1b6bb5d7,5661,8.211,1
8ea5c4,1907,8.2055,1
7da07091,4860,8.211,1
6a441f40,6725,8.2137,37
2c47cad2,6744,8.211,37
5912ea1b,5143,8.2137,1
27482d50,5742,8.2164,1
561fb74d,5649,8.2164,1
6d3c98e6,5852,8.2164,1
7f3fdec9,5944,8.2137,1
3a7b5835,5630,8.2164,1
3133a107,6151,8.2192,1
57f728dc,5835,8.2192,1
5e85616c,5134,8.2192,1
5fcd35e3,4861,8.2137,1
735a8c84,5201,8.2164,1
5afaf8ae,4929,8.2219,1
1d85fbfb,5659,8.2137,1
687e7726,4899,8.2219,1
5eaa35e7,5827,8.2219,1
7933bc1a,5828,8.2219,1
4b5bcae4,5971,8.2192,1
500743ee,5829,8.2247,1
5f8d5104,5652,8.2247,1
3bbae583,5830,8.2247,1
391c7926,5147,8.2192,1
2e2314fa,5211,8.2247,1
44d13ae3,5144,8.2247,1
71e1560c,3636,8.2247,29
1d1b234e,4931,8.2219,1
2ba970d3,5138,8.2274,1
66e24167,6053,8.2274,1
2d740b13,3554,8.2274,26
5cad7efa,3568,8.2301,29
57e56e74,6191,8.2274,1
18d71ab1,4936,8.2329,1
3a58332a,6054,8.2329,1
1d483a81,5142,8.2329,1
590d6b35,5831,8.2329,1
39c2a72f,5838,8.2329,1
49dc975e,6368,8.2356,37
111f8701,5751,8.2356,1
237912d4,4935,8.2301,1
f2e324b,5255,8.2384,1
3b4594cf,5632,8.2384,1
568f3b29,3570,8.2384,29
3d8b7c9e,6728,8.2384,37
43c9ad0e,4937,8.2356,1
28ac61ca,6153,8.2411,1
543dba54,5149,8.2384,1
5809372a,5752,8.2384,1
7bc48589,5216,8.2438,1
1dcd69e3,6090,8.2411,1
13e21689,4977,8.2438,1
2a34f1bb,6745,8.2438,37
7583c1b9,5745,8.2438,1
3772c9b,5837,8.2466,1
a23422,5943,8.2466,1
d16a4a4,5753,8.2466,1
667322b6,1904,8.2493,1
5c5ad917,5657,8.2466,1
4d48e59a,12770,8.2521,37
75c34b13,5217,8.2548,1
adab18f,4933,8.2548,1
4243a2,5916,8.2548,1
aac1205,9789,8.2548,37
54bfc137,5063,8.2521,1
65584b90,5836,8.2575,1
3ad1c87d,5839,8.2548,1
289cc3d6,6154,8.2575,1
60474ff4,5853,8.2575,1
424ac0fa,5754,8.2575,1
7088051d,5678,8.2575,1
656917e8,12771,8.2603,37
514fb918,5842,8.2548,1
75023cfa,5633,8.2548,1
1f034294,9877,8.2575,37
bda0c9e,5634,8.2603,1
26a18c5a,5945,8.2603,1
a0a66ef,5911,8.2575,1
f9882d8,5214,8.263,1
71d43b24,6194,8.263,1
5ec49986,5746,8.263,1
54fdc149,5635,8.263,1
7e9444d0,6119,8.2658,1
16d68048,5654,8.263,1
48af82e1,5653,8.2548,1
42bffd45,3610,8.2658,29
6c35b087,6155,8.2685,1
2700b420,6370,8.2685,37
56f8c3c1,5879,8.2685,1
a96bf0a,5243,8.2685,1
215235b7,6206,8.2685,1
2e85695b,6729,8.2712,37
6ff54584,6108,8.2685,1
7f836570,2507,8.2685,23
cac2e26,5189,8.2685,1
40d2fb65,5190,8.2685,1
45989d95,5952,8.2712,1
8429c7,5855,8.2712,1
10c88c30,13531,8.274,37
64c87442,10569,8.274,37
62c923e1,5215,8.274,1
7ccafedd,5854,8.274,1
3396a26d,17300,8.274,37
3263e5bf,6369,8.274,37
47a30c7a,12772,8.2767,37
13082825,6201,8.2767,1
34452462,4978,8.2767,1
32466d4d,5658,8.2767,1
1fa528a7,7772,8.2795,37
6c91e939,5953,8.2767,1
4dbe6276,6730,8.2795,37
37055a8e,6746,8.2795,37
5c98eb25,6731,8.2795,37
789fe243,6202,8.2795,1
13f21027,6732,8.2795,37
50c53997,5954,8.2795,1
51681ac7,5863,8.2822,1
24c7c71b,5843,8.2822,1
6adf3c1f,7775,8.2822,37
67bef05d,5972,8.2795,1
59ad930e,6192,8.2822,1
20dd102d,5212,8.2712,1
31f288d3,6181,8.2822,1
14b4c84,12874,8.2822,37
21debaa8,5892,8.2795,1
14de787e,6259,8.2849,1
5c4a4eb0,5239,8.2822,1
79dbe1fa,6071,8.2849,1
2d841f93,14597,8.2849,37
4afe8fd5,6106,8.2849,1
44cf77f4,6109,8.2849,1
58c1523b,5759,8.2877,1
62bd9aa6,5840,8.2822,1
a5e0d95,6223,8.2877,1
1c4d70a4,5959,8.2877,1
51f6c3ee,6727,8.2877,37
4bb6f4b2,5947,8.2904,1
6eb96ef3,5880,8.2904,1
60dfa128,6726,8.2904,37
4c74fb87,3638,8.2877,29
2b7ab854,6193,8.2904,1
e11853e,6156,8.2932,1
135aa335,7773,8.2932,37
7afbad6d,6107,8.2932,1
7899ca1a,12989,8.2932,37
6df6545,5761,8.2904,1
4e538d5,3569,8.2904,29
42606077,5148,8.2932,1
741fbb3b,5755,8.2959,1
9971db0,5743,8.2959,1
2419bfc7,6059,8.2959,1
58c868b5,5240,8.2932,1
653b00eb,9720,8.2986,37
6cf4a914,13532,8.2959,37
5dbf43a7,3611,8.2986,29
34b12850,5756,8.2986,1
4c6af51a,5946,8.2986,1
9305a75,17867,8.3014,37
4045ee4e,6111,8.3014,1
e0989ce,4934,8.3014,1
67402f9a,5150,8.3014,1
5a8e788a,7774,8.3014,37
51e6625c,5244,8.2959,1
3e3ed1b0,6371,8.2986,37
58641512,5256,8.3014,1
71077cbc,5882,8.3014,1
13110442,5631,8.3014,1
5b6af4c1,5844,8.2986,1
23deb63b,5924,8.3014,1
7a55c1ec,6734,8.3014,37
6976cc60,5929,8.3014,1
725ee618,5925,8.3041,1
7e9ed86e,6065,8.3041,1
540a2b73,6073,8.2986,1
2827d6e8,5957,8.3041,1
77ed1a40,6122,8.3041,1
72065c83,5679,8.3041,1
7ad3b705,5861,8.3041,1
6cd5be21,6110,8.3014,1
73f586e1,6060,8.3041,1
33d73e58,6222,8.3068,1
13304d25,5241,8.3041,1
545bccb8,15434,8.3068,37
153e44a4,5064,8.3068,1
4aa31a6c,6735,8.3041,37
400cd89e,5908,8.3068,1
4a38e22b,5973,8.3068,1
2d4494ac,5748,8.3041,1
7fe69b12,5747,8.3041,1
59086458,5796,8.3068,1
54acece8,6238,8.3096,1
5d44f325,5913,8.3096,1
16b1cd94,19261,8.3068,37
c0151be,5857,8.3096,1
3ff9377a,5856,8.3096,1
41f89bca,5242,8.3096,1
455e367b,5858,8.3096,1
5d9b8e29,17301,8.3096,37
5b11a885,5974,8.3096,1
2da5067a,13530,8.3123,37
19fc105b,5762,8.3096,1
18973f8b,5912,8.3123,1
4e14f99c,3576,8.3096,29
1ef6660c,4938,8.3123,1
6d44f61a,19744,8.3123,37
4b07b0f2,6055,8.3151,1
32801f01,6372,8.3151,37
13ca15bd,5139,8.3123,1
7afbd641,5859,8.3123,1
7bc58ad9,6057,8.3151,1
c8d69cc,5845,8.3151,1
3ec7074b,6224,8.3151,1
7de39ad3,5680,8.3151,1
598e02f0,2508,8.3151,23
3e2ac304,3612,8.3151,29
38d166d5,5883,8.3151,1
5985561e,6159,8.3123,1
7035465c,6157,8.3178,1
3b3d552f,5927,8.3178,1
186f99bd,14598,8.3123,37
2b3bb3ab,5923,8.3178,1
587d3574,5914,8.3178,1
2a08f81,5860,8.3151,1
66665c19,17868,8.3151,37
10b61d95,12875,8.3178,37
21515c62,6091,8.3123,1
278b034e,10001,8.3178,37
73591532,3613,8.3123,29
53a3f479,6241,8.3205,1
78ba1023,6158,8.3205,1
3dfeddf5,5893,8.3205,1
754fd09,5663,8.3178,1
3c1f8854,18400,8.3205,37
70d3a392,6092,8.3205,1
58409ea3,5960,8.3205,1
785c8c17,5257,8.3178,1
3841f660,6120,8.3151,1
55630dc9,5928,8.3205,1
630ac3c4,5140,8.3178,1
32f74376,5955,8.3205,1
444ee650,12877,8.3205,37
90a2440,6736,8.3205,37
15aa2d42,5246,8.3205,1
226f3b61,5760,8.3178,1
6faf67a0,5931,8.3233,1
37df6631,5958,8.3233,1
73db9db5,13533,8.3205,37
28b4049c,9722,8.3233,37
3c32f44d,3640,8.3233,29
7010f314,9878,8.3233,37
5f09ee96,6203,8.3233,1
5711810f,5975,8.3205,1
7c2a873c,6250,8.326,1
19ca10bc,5894,8.326,1
bd543fe,12789,8.326,37
1b38714c,5919,8.326,1
40fa92dd,6225,8.326,1
2cdb6566,13817,8.326,37
6841fe99,14721,8.3233,37
e5eca2,12876,8.326,37
49aa8adc,5744,8.326,1
11c020b4,3577,8.326,29
7d6d62a3,13693,8.326,37
26ec553,6239,8.326,1
705be9ed,6064,8.3288,1
1c137c3c,12814,8.326,37
5b8242b,12812,8.326,37
626ab733,12990,8.3288,37
7f8b3dc8,14438,8.326,37
1d252cf0,6075,8.326,1
6fde670d,12815,8.3288,37
2b038fa1,5917,8.3288,1
1c6776dd,6121,8.3288,1
3aa47de4,13806,8.326,37
26de93b2,6066,8.3288,1
11977e4f,5664,8.326,1
4d8525a6,5763,8.3288,1
36e1233e,5151,8.326,1
2fb3335b,13534,8.3288,37
7da2761c,5832,8.3315,1
57ed1ae1,6501,8.3315,37
32be9224,5245,8.3315,1
73671519,6227,8.3315,1
682a3bf1,5701,8.3315,1
5eb5f444,13188,8.3315,37
30c96b18,6748,8.3315,37
29f178e3,5932,8.3342,1
fcc55f2,14720,8.3342,37
17d23d88,9721,8.3342,37
36000249,6540,8.3342,37
4766d719,14164,8.3342,37
6bdb2897,6072,8.3342,1
3c0cf546,5865,8.3342,1
da3bd0c,5219,8.3342,1
518254f0,10081,8.337,37
672616c3,6112,8.337,1
320411f0,16483,8.337,37
509639a0,5218,8.337,1
1609db21,3620,8.337,29
e1242f9,5909,8.337,1
59d5ddf6,6063,8.337,1
1ddd53e,5956,8.337,1
6912d0d4,9723,8.337,37
758b4285,8422,8.337,37
2461baf,6260,8.337,1
6d5d5afc,6883,8.3397,37
12b6a3f3,6229,8.3397,1
56f4d17a,9790,8.337,37
3d06444a,3618,8.3397,29
f2fab26,6074,8.3397,1
8a29a85,10571,8.3397,37
2f2c0959,19262,8.3397,37
20873ce2,5864,8.3397,1
5283c54f,14165,8.3397,37
4ee91b28,12996,8.3397,37
1c0a56d,12793,8.3397,37
1839f99b,5846,8.3397,1
545cee6e,7958,8.3397,37
52ea9f96,20248,8.3425,37
5685b36b,6739,8.337,37
1a77d01,5920,8.3425,1
32bbccc5,6228,8.3397,1
34abf32b,5937,8.3425,1
4f4e003e,10570,8.3425,37
753b23a3,6261,8.3342,1
190a0425,12773,8.3425,37
72539e84,5881,8.3397,1
4da32f00,6738,8.3425,37
6fde69d2,5702,8.3425,1
74f36bf,5926,8.3425,1
61a92b2c,9879,8.3425,37
28cb3010,12775,8.3425,37
46823c33,6541,8.3425,37
13f9a8fb,9755,8.3425,37
128dc0cc,13596,8.3452,37
3ad569fa,14439,8.3452,37
4b6f9500,5976,8.3452,1
1c5b4bfa,6737,8.3452,37
71275c5b,5918,8.3425,1
465710ea,6067,8.3452,1
158741,12912,8.3452,37
4e4eacc9,6062,8.3425,1
3a2a8c5,9107,8.3452,37
48ace96e,19746,8.3479,37
368260d1,18729,8.3479,37
cf3b1ca,7825,8.3479,37
23bbdea3,12813,8.3479,37
c45c8eb,5862,8.3479,1
61ab6ed,6124,8.3479,1
12b93f5f,3614,8.3479,29
3d5b123,12997,8.3479,37
7e66293c,5915,8.3425,1
2d1855c3,7776,8.3479,37
7600c4f8,5866,8.3479,1
58722fb2,5691,8.3452,1
1712d249,5910,8.3507,1
78cb3b25,12998,8.3507,37
81c07c0,5833,8.3507,1
415ab6ce,12776,8.3507,37
40dba436,5141,8.3507,1
7c692d58,13818,8.3479,37
2a5c437f,18730,8.3507,37
6168ad1b,6754,8.3507,37
9a294f1,6086,8.3507,1
1ddabfcd,14001,8.3507,37
3e3e7840,6076,8.3507,1
2419372d,6056,8.3425,1
39013a43,5841,8.3507,1
716dde79,9760,8.3507,37
1b288de2,4970,8.3479,1
175260ba,14166,8.3479,37
22b43030,10090,8.3479,37
5b535613,5220,8.3507,1
76e571f5,5764,8.3507,1
3ef323c7,12816,8.3507,37
46868e48,14189,8.3507,37
59871ef7,5938,8.3507,1
69fcfb8,6542,8.3479,37
5ba87c47,5152,8.3534,1
29ae4db4,8423,8.3507,37
48bf8ed0,19747,8.3534,37
30a57a70,7804,8.3534,37
4d09282,12790,8.3534,37
28f77267,6213,8.3534,1
73ef5920,14169,8.3534,37
47128083,13695,8.3534,37
5c7f14eb,9108,8.3534,37
4f882149,14444,8.3507,37
7b710e64,9880,8.3507,37
462757c1,13610,8.3534,37
1562c11e,6113,8.3562,1
319e4715,6503,8.3534,37
3f12ba06,6755,8.3562,37
43776b7a,5885,8.3507,1
409e383b,6084,8.3534,1
37b69d2,13694,8.3562,37
48067039,6226,8.3562,1
29933131,18745,8.3562,37
5147b3c2,19909,8.3562,37
1e122c65,5933,8.3562,1
60290631,5934,8.3534,1
617c7a78,5961,8.3562,1
3844c61f,5780,8.3562,1
86e629f,5936,8.3562,1
767f8997,3619,8.3562,29
64db19f3,9726,8.3507,37
1be0036a,19263,8.3562,37
21a48301,6182,8.3562,1
500862e5,19303,8.3562,37
4ceb83d7,6068,8.3562,1
5281c06b,12878,8.3562,37
29802a3e,6215,8.3589,1
1e2598f2,6123,8.3562,1
1528ba7c,10002,8.3589,37
5cd6635,3571,8.3589,29
41dbeb3b,9756,8.3589,37
4860cf83,14202,8.3589,37
59136c7f,14051,8.3589,37
71ea7cb9,6251,8.3589,1
21c1c3a2,5681,8.3589,1
4fd3f561,5964,8.3589,1
de10870,6161,8.3562,1
2f4ca2c1,10092,8.3589,37
bfa859,14656,8.3589,37
50972dd2,13595,8.3589,37
55b00d38,7959,8.3589,37
1fa0e7e5,19302,8.3562,37
62a06928,14633,8.3616,37
bb02113,13611,8.3616,37
4fb2b2a8,13699,8.3616,37
5e3c2490,4971,8.3616,1
463b6f7d,18731,8.3616,37
27b3a7bb,17869,8.3616,37
2d01a2e7,5724,8.3589,1
12261b73,5779,8.3616,1
35cf3ef6,6312,8.3616,1
15f9b432,12948,8.3616,37
3726c87d,5867,8.3589,1
667a75e2,7473,8.3616,37
2a0ecf55,6756,8.3589,37
3215e5bf,6747,8.3644,37
73eaed0e,5935,8.3644,1
602c6cdd,5896,8.3616,1
468a43f4,6077,8.3644,1
1aa25817,13364,8.3616,37
1d1bc3e7,3639,8.3616,29
75b1c43,7824,8.3644,37
393dcfd7,20436,8.3644,37
2dbcbee7,6502,8.3616,37
7dfc3e08,14003,8.3644,37
13079552,12774,8.3616,37
25d639a7,13917,8.3616,37
6691c201,16484,8.3644,37
63587d94,10635,8.3616,37
4e628792,5895,8.3644,1
3105fa73,6822,8.3671,37
79862132,8844,8.3671,37
6d0934a4,13859,8.3671,37
56062ce,20249,8.3644,37
1b28d673,17454,8.3671,37
53effb95,6240,8.3671,1
77e75958,5869,8.3671,1
71973378,13240,8.3616,37
3390ee8,5886,8.3671,1
3d6f7643,13697,8.3671,37
194faad9,6078,8.3671,1
3a5e6859,14002,8.3671,37
2e5735b5,19415,8.3671,37
2acbef2a,14021,8.3671,37
2cd1e877,5258,8.3671,1
4e9d2b,6853,8.3671,37
4d2e29e3,8424,8.3671,37
5eadfcd,13241,8.3671,37
265b0d57,6982,8.3699,37
52887b72,19781,8.3699,37
6ed531f1,13916,8.3699,37
3d128f51,12779,8.3699,37
435d0c11,6195,8.3699,1
1a81d1dc,7977,8.3699,37
529fbce3,14657,8.3699,37
73fa77b2,18202,8.3699,37
158245f8,13451,8.3699,37
3c43381e,9757,8.3699,37
7073c630,13696,8.3699,37
17d58603,5921,8.3699,1
388248be,5868,8.3699,1
7ec5a821,12992,8.3699,37
3fa877d3,18078,8.3699,37
1a0e3bf0,8579,8.3699,37
21d0432c,15435,8.3699,37
bbd3810,5665,8.3699,1
3dfc7f1a,5757,8.3699,1
77d7d05b,6058,8.3699,1
6557d0ea,6733,8.3699,37
7a2a24af,2510,8.3699,23
1c6da4ea,13536,8.3699,37
304af6fc,9791,8.3699,37
4aa6a8f1,19375,8.3699,37
3f075d68,10082,8.3699,37
5d189f20,8425,8.3699,37
1404c9d0,17455,8.3699,37
6cc48d5f,5765,8.3699,1
a14e3d,2509,8.3726,23
65bf754e,13698,8.3726,37
6056988c,5766,8.3726,1
222749ec,5962,8.3726,1
792efa39,5978,8.3726,1
4b56f685,10634,8.3726,37
555defa4,6000,8.3726,35
19b8f7b,12879,8.3726,37
f6a4243,6252,8.3671,1
4ca649cf,9724,8.3699,37
73747ff5,9932,8.3726,37
49ee8ef0,5848,8.3726,1
14d330e1,5834,8.3726,1
49f60062,5930,8.3726,1
192d457e,18890,8.3726,37
2489c1a5,5777,8.3726,1
29d0b9ed,17634,8.3726,37
505c49a5,7788,8.3726,37
23a9e065,5698,8.3726,1
49c7895c,19785,8.3726,37
65f45e58,6749,8.3671,37
15f7761b,5682,8.3726,1
57d73222,7777,8.3726,37
3b114a75,13189,8.3699,37
4e69b922,15750,8.3753,37
9282829,5888,8.3726,1
67004d0c,6001,8.3726,35
5673e17b,8845,8.3753,37
55d0e23e,15452,8.3726,37
1df1e1cd,6641,8.3753,37
2594a306,18826,8.3753,37
5b881cca,12818,8.3753,37
78fca752,6114,8.3753,1
314de90f,5677,8.3753,1
5f997a61,10572,8.3753,37
635e2c0a,14658,8.3753,37
71335625,18203,8.3753,37
7f1cf4d2,6373,8.3753,37
119599bb,5669,8.3753,1
54e38b08,13807,8.3726,37
6c68b966,12778,8.3753,37
32b32075,6568,8.3753,37
201f7455,6377,8.3781,37
4bf68c0d,13808,8.3781,37
627caf9c,14184,8.3781,37
1281f39b,19377,8.3781,37
3517a60,6565,8.3781,37
6a6fd14c,13862,8.3781,37
21b04ffd,6216,8.3781,1
1f2419c4,6244,8.3781,1
2a43c90,6253,8.3753,1
2bfcce65,18891,8.3781,37
3f8d9fe7,10114,8.3781,37
45ce616a,9732,8.3781,37
d85beb,6516,8.3781,37
23bba7dc,6561,8.3781,37
6ef9ca28,13912,8.3753,37
3d5802b7,5884,8.3781,1
7f9d01f4,6823,8.3726,37
4f63304d,6378,8.3781,37
1e6dc9c,12777,8.3781,37
216efe02,5714,8.3808,1
5cde0d22,19120,8.3808,37
12494a3e,19806,8.3808,37
7c6e0227,6115,8.3808,1
38d5b60b,5769,8.3808,1
59534928,5715,8.3808,1
7f3d3853,5889,8.3808,1
2aa66d46,12782,8.3808,37
7d76b8be,6217,8.3781,1
55015094,6163,8.3808,1
f89fc49,8058,8.3808,37
688b308a,13671,8.3781,37
63dd22d,19745,8.3808,37
145bf343,13330,8.3808,37
18a8a4d5,5977,8.3808,1
5d5f0416,6247,8.3808,1
1fd36db,18437,8.3808,37
69393073,5749,8.3808,1
22b307fc,7789,8.3781,37
4470ff39,6164,8.3808,1
7f609173,19421,8.3808,37
17432baa,20339,8.3808,37
37d92b99,6230,8.3808,1
d6f5679,17751,8.3781,37
767fa5ae,16168,8.3836,37
78efceb0,18892,8.3836,37
614b7d7,19501,8.3836,37
713fe5f2,7578,8.3836,37
7ae66cae,15454,8.3836,37
7cfaa70c,14203,8.3836,37
5f730d4b,9934,8.3836,37
51ed6322,6245,8.3836,1
18a7e6ad,6196,8.3836,1
7091bb50,12999,8.3836,37
7612ba55,13002,8.3836,37
4c5c33c6,19376,8.3836,37
6be9366e,7961,8.3836,37
3df09411,14780,8.3808,37
5ed341e8,6070,8.3836,1
733c9bf7,13005,8.3808,37
13ffeba4,10573,8.3808,37
51c499b8,10636,8.3808,37
682ddf8d,6242,8.3808,1
2cb51f61,13819,8.3836,37
4e3d8daa,18859,8.3836,37
486af257,19458,8.3863,37
4c20a22c,18038,8.3863,37
79856959,18204,8.3863,37
5bf7fb1e,6183,8.3863,1
4410527d,6243,8.3836,1
d68b911,9745,8.3863,37
5adfe831,19278,8.3863,37
5f75c644,15751,8.3863,37
3b3ee9bf,6560,8.3863,37
59df3646,6214,8.3863,1
7dfbd71f,9943,8.3863,37
65974b4c,5703,8.3863,1
76cf2d51,5849,8.3863,1
35934980,6422,8.3863,37
4a281a7e,18535,8.3863,37
4425fe90,6093,8.3863,1
89a94ba,20251,8.3863,37
6edf5237,14617,8.3808,37
2b7ae999,6562,8.3863,37
48a7a3f,5713,8.3863,1
6f30d540,8066,8.3836,37
20a89af2,6207,8.3863,1
3353a358,6582,8.3863,37
4f99b28a,6313,8.3863,1
189572c4,6564,8.3863,37
71e62e43,6570,8.3863,37
5f010a44,9166,8.3863,37
5d0efecc,6304,8.389,1
6e3eb4fb,6379,8.3863,37
2600d3bb,6061,8.389,1
2eea0b49,12791,8.389,37
796e67fa,12896,8.389,37
35fa69c2,6563,8.389,37
533c0e85,18534,8.389,37
48bee175,14634,8.3863,37
36f00b68,12792,8.389,37
6d0c1270,9761,8.389,37
3cabebfb,5775,8.389,1
fd082cd,8063,8.389,37
6479923,13918,8.389,37
2fcb63a9,5776,8.389,1
47458bb4,6753,8.389,37
65d04e23,19422,8.389,37
6e9d7ebe,5692,8.389,1
ddcf641,6897,8.389,37
37e8e858,11708,8.389,37
502e19d0,15180,8.389,37
55c3f5e5,5980,8.3863,1
3fc77fe2,6381,8.389,37
4f1dea6a,13745,8.389,68
6fdd8ac0,10184,8.3863,37
257b2603,5730,8.389,1
98d8732,19807,8.3863,37
21c77521,17362,8.3918,37
1a995c9,7778,8.3918,37
3c46b586,14052,8.3918,37
22184b6,19072,8.3918,37
7e96e1cf,5771,8.3918,1
6462fd41,6162,8.389,1
29a83bd9,7575,8.3918,37
27220e6e,18827,8.3918,37
46f7ea1c,5847,8.3918,1
11a36af7,7981,8.3918,37
3d0f37ba,11709,8.3918,37
fae57b,16803,8.3918,37
4c42024c,9815,8.3918,37
4c131cbb,5981,8.3918,1
5330cbc0,6543,8.3918,37
6e731bdc,12993,8.3918,37
1d086ba6,14173,8.3918,37
7516fd2d,5798,8.3918,1
42f0cc9f,19791,8.3918,37
34ab92e6,7474,8.389,37
6a208a8e,14221,8.3918,37
289ded72,9727,8.3918,37
6ccd48ca,3573,8.3918,29
419cb17,6185,8.3918,1
6a0345e0,5750,8.389,1
2d32c3af,5979,8.3918,1
4bf43047,6296,8.3918,1
2b3f45db,12947,8.3918,37
61b472d8,5670,8.389,1
b9b211b,14084,8.3918,37
11e8074b,5887,8.3918,1
2afc8162,6096,8.3918,1
7b3c187b,12817,8.3918,37
395c8776,9881,8.3945,37
715d263b,6234,8.3945,1
685f0d49,6262,8.3945,1
26e676b1,6573,8.389,37
3d825dd6,14004,8.3945,37
60380a27,15056,8.3945,37
701d662c,10086,8.3945,37
437de8fb,14185,8.3945,37
65dbd560,20279,8.3945,37
4a9858e0,9939,8.389,37
6ad10aa6,6655,8.3945,37
71e62dd6,13914,8.3836,37
4a2d865f,5900,8.3945,1
42fa98a2,9731,8.3945,37
209c2e61,6152,8.3918,1
60542f39,13190,8.3918,37
46ed5212,13001,8.3945,37
5044ede5,6954,8.3945,37
11ea3eaa,6079,8.3945,1
5086e649,10113,8.3945,37
7cd74389,9110,8.3945,37
20ab2a83,18037,8.3945,37
b0bb233,13935,8.3945,37
4bd4c296,13365,8.3945,37
2c87c10b,6423,8.3945,37
3cc6b941,6566,8.3945,37
516b0c3d,4981,8.3945,1
43f61082,5778,8.3945,1
79e6fe29,5758,8.3945,1
70e34ce5,10319,8.3918,37
79e0ac20,6517,8.3945,37
a61d19e,20252,8.3945,37
4438614d,6624,8.3945,37
2ed6994b,13004,8.3945,37
522ba11d,13252,8.3973,37
564277e7,20740,8.3973,37
5177466b,5725,8.3945,1
4b7191cf,15787,8.3973,37
5b41d1b0,20574,8.3973,37
16558c6,3615,8.3973,29
6aca129f,14930,8.3973,37
3923d486,5767,8.3945,1
6f842faf,19264,8.3945,37
2df209e0,27295,8.3973,37
6930cf1,8580,8.3973,37
2d9bd78d,6316,8.3973,1
17ff664b,18876,8.3973,37
2a7fd05d,14670,8.3973,37
3495a567,20341,8.3973,37
47413bc7,13294,8.3973,37
2b60d05a,14085,8.3973,37
7f491053,17366,8.3973,37
666e2c40,19416,8.3973,37
283fbc49,15453,8.3945,37
5f04b14,14440,8.3973,37
328c1871,12880,8.3973,37
25973e4c,6094,8.4,1
4885181d,20437,8.4,37
34a49ad5,8846,8.4,37
77b05ebf,6235,8.4,1
704f0dda,9769,8.3945,37
25ad8fa8,9766,8.4,37
58682652,6186,8.3973,1
3954b00f,15456,8.4,37
3159296d,6168,8.3945,1
44e9cc5f,6440,8.4,37
d70cba5,14005,8.4,37
11b8c6cc,15153,8.4,37
695287d7,14620,8.4,37
63533596,9816,8.3973,37
6875e7ba,19077,8.4,37
3facd2de,12795,8.4,37
423d96c3,7209,8.4,37
38b8e497,17364,8.4,37
120a5761,18439,8.4,37
7fb79c0d,7967,8.4,37
26548b07,7574,8.4,37
8719a80,13003,8.4,37
1b6679c5,13332,8.4,37
177abf68,18155,8.4,37
77125b45,9384,8.4,37
3486e65e,12914,8.4,37
732f1ffd,5797,8.4,1
36885f7a,8001,8.4,37
32a966b1,9764,8.4,37
5704cbd2,18438,8.4,37
6bc532a3,5770,8.4,1
e682e06,12959,8.4,37
54b3737a,14671,8.4,37
20b49519,27296,8.4,37
59d1f350,7257,8.4,37
287af9e3,6204,8.3973,1
1bc8afe1,6514,8.4,37
671d6735,27292,8.4,37
63053a92,14306,8.3973,37
35981ed1,8241,8.4,37
4a524c60,17635,8.3973,37
467aaed0,6205,8.4,1
c61dd27,7960,8.4,37
79fa34ec,6832,8.3973,37
328c7023,18862,8.4,37
30861bb0,19466,8.4027,37
18730418,9383,8.4027,37
236c9d57,9839,8.4027,37
7230fc71,18734,8.4027,37
72eb321c,5922,8.4027,1
7238bb9d,6126,8.4,1
35f916a8,15137,8.4027,37
40dfb712,18081,8.4027,37
6b0f06c7,14442,8.4,37
5c5cbc68,6795,8.4027,37
21edbd1d,10351,8.4027,37
1cb7f915,7670,8.4027,37
f9dfd7a,14186,8.4027,37
361bbf1d,13452,8.4027,37
7a52e996,14175,8.4027,37
598ec898,14786,8.4027,37
391888fe,6263,8.4027,1
71b74be0,18401,8.4027,37
52103b97,14988,8.4027,37
3fe3661a,8638,8.4027,37
1086a376,9933,8.4027,37
6d2496e0,9793,8.4027,37
3ebbd450,17365,8.4027,37
1a4cb62b,15152,8.4027,37
76ae299f,15752,8.4027,37
16577a4e,5870,8.4027,1
69d56b41,13320,8.4,37
7d72f9ae,13617,8.4027,37
2046636f,6955,8.4027,37
7767c97f,6520,8.3973,37
7002f4dd,9725,8.4027,37
5d2a6599,9109,8.3973,37
1f67821e,14216,8.4027,37
2a6e6c85,5699,8.4,1
56028cbc,14183,8.4,37
4cf07f0f,8594,8.4,37
31412ebd,9844,8.4027,37
3f4983a1,6130,8.4027,1
1c9d8124,19869,8.3973,37
5e389967,6884,8.4027,37
663460db,7259,8.4027,37
1513b337,9937,8.4,37
65f78410,9402,8.4027,37
7c0dd461,14672,8.4027,37
7f9eda68,18733,8.4027,37
3a694ff8,6425,8.4027,37
326bc989,13860,8.4055,37
6b650cd0,7779,8.4027,37
6221d64e,9774,8.4027,37
718c9ed4,6208,8.4055,1
27875816,9770,8.4055,37
4dcbe33d,13135,8.4027,37
1247437d,15117,8.4055,37
7e8ce73d,14513,8.4055,37
28d0228d,6069,8.4055,1
3dcc77b0,19043,8.4055,37
513355e1,14006,8.4055,37
7947b811,19423,8.4055,37
6ded4e7,6380,8.4027,37
1a7d9cef,14623,8.4027,37
3ec49741,15689,8.4055,37
75134125,6256,8.4055,1
3150e8a6,6231,8.4055,1
9eb28c2,17764,8.4055,37
130fc821,18749,8.4055,37
7c7aa90c,16679,8.4055,37
4ad97bfd,13000,8.4055,37
1a24e75c,9776,8.4055,37
12eec55c,13539,8.4055,37
77876af9,10575,8.4055,37
5e9c8fcc,18079,8.4027,37
58887a87,14641,8.4055,37
5f1b0171,19760,8.4055,37
4f36cc99,14669,8.4055,37
623813c9,9746,8.4055,37
2e246dd5,6297,8.4055,1
3da1668a,7962,8.4055,37
14fc7532,18738,8.4027,37
136bfe55,18893,8.4055,37
316f01aa,26994,8.4055,37
3ca89897,5871,8.4055,1
4b8a2fd5,6139,8.4055,1
75fe9a7,12819,8.4055,37
4ef4dab7,6314,8.4055,1
36e08fde,18875,8.4055,37
2c0eea50,13864,8.4082,37
3cad75ee,6187,8.4082,1
e8193da,13340,8.4082,37
5506b430,8013,8.4082,37
2072bb33,5672,8.4055,1
7727b8d6,9743,8.4082,37
5092222d,6248,8.4082,1
75baeaab,6522,8.4055,37
4e492a28,14214,8.4027,37
157d6718,17749,8.4082,37
2063fda7,14618,8.4082,37
48054035,6233,8.4055,1
363eab8a,5963,8.4027,1
41ba1bdd,6824,8.4082,37
31e6305,18043,8.4082,37
23ee14d3,13034,8.4082,37
4188fc73,13284,8.4082,37
2296d33,14217,8.4082,37
74e15dc7,6298,8.4055,1
27fa8704,19073,8.4082,37
21979cec,18402,8.4082,37
252996d6,17558,8.4055,37
681e3d18,8426,8.4082,37
16ef5ab9,19388,8.4082,37
655e2dc7,14782,8.4082,37
7833bd7c,13331,8.3973,37
615ca99f,14621,8.4082,37
d8a0d9f,8099,8.4082,37
19ae39fc,17456,8.4082,37
7c13afe8,6782,8.4082,37
7887f1a4,9771,8.4082,37
25bcedde,17559,8.4082,37
4d35414c,13920,8.4082,37
209c1c07,13134,8.4082,37
6b75151f,6616,8.4082,37
3238c895,12783,8.4082,37
29e5d7b2,10098,8.411,37
799ad8b9,19130,8.411,37
4e3dcce3,6752,8.4082,37
24b0116a,6960,8.411,37
67ae250e,18440,8.411,37
60f1260e,17870,8.411,37
408bb427,16500,8.4082,37
6414d61d,13913,8.411,37
720409c4,13346,8.4082,37
28f5ac69,6197,8.4082,1
1bac80dc,14673,8.411,37
6a6239a1,14788,8.411,37
61b3502,6527,8.411,37
447dafe2,7207,8.411,37
2fba87dc,9772,8.4055,37
2a6fd3b0,18747,8.4082,37
16e5d480,18863,8.411,37
69b01ce0,14205,8.411,37
36dc97f1,19121,8.411,37
1ff72c77,5982,8.411,1
278ebadd,10093,8.411,37
4eb0f5d0,4980,8.411,1
1c0180e8,17887,8.411,37
3a33938b,10253,8.411,37
bca5425,13281,8.411,37
7ad73ee0,14523,8.411,37
68399e42,8000,8.411,37
21eef8e0,7206,8.411,37
31782af5,19759,8.411,37
295191c0,18735,8.4082,37
1771489a,6750,8.411,37
331e1fb8,16498,8.411,37
65e1c8c3,14053,8.411,37
651567f6,13127,8.411,37
7b9d7046,6424,8.4082,37
153e7908,6688,8.411,37
42529e57,17750,8.411,37
816d6ad,19305,8.4137,37
67216373,6757,8.411,37
13a66fe,13567,8.4137,37
4b36ebc8,10094,8.4137,37
365c0386,6798,8.4082,37
207a85bd,19424,8.4082,37
466a4e83,9420,8.4137,37
78774b5d,13919,8.4137,37
4638730,13652,8.4137,37
70c0bd6c,6382,8.411,37
3a446f36,18828,8.4137,37
644aeba1,7792,8.4137,37
1218b346,19281,8.411,37
26a569d6,12881,8.4137,37
4b39c158,19425,8.4137,37
47616e24,8676,8.4137,37
757b0171,17594,8.4137,37
27119649,19417,8.4137,37
721a7163,11555,8.411,37
3f15387c,17327,8.4137,37
3961bc81,14815,8.4137,37
77ac4d79,13006,8.4137,37
66c37925,15457,8.4137,37
4b9e8c05,5683,8.4137,1
6aae7d7c,3641,8.4137,29
7ffc22d5,15089,8.4137,37
7cb9f0e5,14086,8.411,37
28b765e,19504,8.411,37
3dca2cae,13863,8.4137,37
2416e3f6,14022,8.4137,37
8d73ffe,17304,8.4137,37
247394a1,8427,8.4137,37
3a62872b,16669,8.4137,37
3cdd6506,18571,8.4082,37
63022fbf,14441,8.411,37
f41c02d,14627,8.4137,37
1cdb9b60,6926,8.4137,37
322e0c0f,10091,8.4137,37
40a3a222,17560,8.4137,37
16f8ee2b,9840,8.4137,37
41e252b3,6014,8.4137,35
1a2d174,6116,8.4137,1
6ed0c6ca,19426,8.4137,37
43aefb3b,8015,8.411,37
1ec1e3de,12780,8.411,37
4d655d7f,27039,8.4164,37
5adb1cd6,11373,8.4164,37
6e184395,18085,8.4137,37
7fd6929b,11166,8.4164,37
18bfa6bb,5768,8.411,1
1a0034d6,12897,8.4164,37
3628c8e8,6375,8.4164,37
7d21d6fc,14222,8.4164,37
184e3d9d,19459,8.4164,37
3731cc6,6599,8.4164,37
73ecebc8,7978,8.4164,37
89457f,9775,8.4164,37
69422226,12949,8.4164,37
72cc86e4,5704,8.4164,1
666a81de,11461,8.4164,37
54a9c665,19520,8.4164,37
42c481b2,19808,8.4164,37
70129c45,14364,8.4164,37
67459981,8711,8.4164,37
483e9c9c,6786,8.4164,37
523ef110,17755,8.4137,37
349123f4,14518,8.4137,37
50056197,13915,8.4137,37
67c7acb2,14864,8.4137,37
6ce3cd77,17375,8.4164,37
49f0078a,7972,8.4137,37
74c313c3,14896,8.4164,37
fb1cd15,18860,8.4164,37
7d4b31e1,4972,8.4164,1
34cea595,9729,8.4164,37
58fff5c4,3621,8.4137,29
59a742ab,13093,8.4164,37
7d47a447,6218,8.4164,1
1b12c7fa,13921,8.4137,37
78436c29,14785,8.4137,37
38e68afa,20535,8.4164,37
263f267d,13928,8.4137,37
485e0b29,19910,8.4164,37
44e3f982,13537,8.4137,37
1bb023ad,14599,8.4164,37
48be5d3c,14215,8.4164,37
70811041,19282,8.4164,37
2b75d83a,10403,8.4164,37
494c7ed6,19265,8.4164,37
31c22bb2,19513,8.4164,37
7354cd37,6523,8.4164,37
76e57f6f,12794,8.4164,37
56da55ba,6957,8.4164,37
233857e5,19399,8.4164,37
76d00bc0,9744,8.4164,37
2b931c72,14137,8.4164,37
2fe0eb3f,6160,8.4164,1
4e061659,6792,8.4137,37
208367e1,13035,8.4164,37
387e9a52,6281,8.4164,1
bbd71a3,9421,8.4164,37
232cdaf8,6751,8.411,37
5de6b41a,27294,8.4192,37
2c68985a,6095,8.4192,1
110619fe,7576,8.4164,37
71d64214,18087,8.4164,37
3468bdcc,20533,8.4164,37
5c46893f,5697,8.4164,1
7daeb2a0,9762,8.4192,37
3e2b89e3,10019,8.4192,37
4f5cc537,20340,8.4164,37
27bbb292,17595,8.4192,37
2f082f77,7072,8.4192,37
5be2f7f8,5694,8.4192,1
4d8edfe4,6958,8.4192,37
6452ce1f,17359,8.4192,37
3731b1b,17889,8.4192,37
1e07cf25,19428,8.4192,37
4bd0a81d,9111,8.4192,37
3900a54e,7979,8.4192,37
38a56282,10254,8.4192,37
767ba5cb,12882,8.4164,37
4a6d449f,7264,8.4192,37
22068525,20534,8.4192,37
31244295,19748,8.4164,37
1a5afc87,6282,8.4192,1
3ab31aef,14198,8.4164,37
2c8a9f31,9748,8.4137,37
3f2940df,14517,8.4164,37
72da2d79,19855,8.4192,37
501c35af,12994,8.4192,37
28175b8a,15436,8.4192,37
441ef05a,14629,8.4164,37
5dcdc9ef,8847,8.4192,37
7e5f86ca,6623,8.4137,37
4f5f65e3,9773,8.4192,37
13e6c1c8,17752,8.4192,37
5d06ac89,17710,8.4192,37
6e378477,6793,8.4192,37
6c5c36ad,6996,8.4192,37
589836b8,5700,8.4164,1
3012abc6,5897,8.4192,1
62d4858f,7260,8.4192,37
6fb02e26,15097,8.4192,37
7684f89e,13861,8.4192,37
536d2113,18160,8.4192,37
15d33e0c,9422,8.4192,37
7bfcf38e,20344,8.4192,37
2aedb467,13036,8.4192,37
10326d90,8978,8.4192,37
1c1d02c4,6396,8.4192,37
e1f24a,8581,8.4219,37
47e830bd,14822,8.4219,37
44b58b3d,14138,8.4219,37
30caaa4d,8059,8.4219,37
7d8c055,6249,8.4164,1
3fb67dbc,19911,8.4164,37
7f2a919d,6236,8.4219,1
39ddcf2f,6956,8.4219,37
51d9474a,27416,8.4192,37
342407fe,13121,8.4219,37
2a7d8d4c,12797,8.4192,37
3a4aebbf,14674,8.4219,37
38f3d75b,6209,8.4192,1
6f80c3dd,10119,8.4192,37
6a02c102,6504,8.4219,37
74782a70,17684,8.4219,37
55dcbb88,8121,8.4219,37
60f7d8f6,14823,8.4192,37
461892bc,19874,8.4219,37
2f6f3f89,6796,8.4219,37
51c7abd4,5992,8.4219,1
449fe06e,12915,8.4219,37
46100733,9891,8.4192,37
10d5fb0f,19856,8.4192,37
7ee0ee0,13279,8.4219,37
3c4902e3,8090,8.4219,37
7a26b3c6,20715,8.4192,37
4514320e,19389,8.4192,37
32faad42,6219,8.4219,1
46d0efe4,5903,8.4219,1
927dc7b,6571,8.4219,37
6d471b13,14882,8.4192,37
32a3a5ed,18082,8.4192,37
4b5e4a29,13120,8.4219,37
7cad933d,15118,8.4219,37
29e79038,13099,8.4219,37
2206f44b,9747,8.4219,37
1b30ed20,7379,8.4164,37
b94b100,13820,8.4219,37
1ee7861a,14870,8.4219,37
bd68d21,16308,8.4219,37
17932896,7790,8.4192,37
24de6ad0,11508,8.4219,37
2cbf9464,19463,8.4219,37
392197d5,14622,8.4192,37
1bd411bd,8710,8.4219,37
24542863,6572,8.4219,37
2a8d63e7,17706,8.4219,37
1f27c65c,17392,8.4219,37
24c565fc,6127,8.4219,1
dcdf276,9419,8.4219,37
21575637,13540,8.4219,37
60849ba1,14637,8.4219,37
41b0a4cb,9733,8.4219,37
4ed5c384,9312,8.4192,37
55a8d287,6797,8.4219,37
11b51200,13538,8.4219,37
55e77a01,6993,8.4219,37
354e4ada,6596,8.4219,37
3747fc45,14206,8.4219,37
26618a1e,17794,8.4192,37
30de9fe5,20257,8.4219,37
1ffda9c0,13282,8.4137,37
cda87b,16172,8.4247,37
7124ef4c,6885,8.4247,37
36fb7328,6026,8.4247,35
1c603e93,11402,8.4247,37
6e213776,10215,8.4219,37
38a9eb71,14030,8.4247,37
482f95ee,10298,8.4247,37
2fd2911a,6254,8.4247,1
58d715f2,13612,8.4219,37
38fa06c2,19131,8.4247,37
6945d28a,17360,8.4247,37
cce64d6,6575,8.4247,37
37af6e14,14635,8.4219,37
57378596,14228,8.4247,37
3f1355a4,11871,8.4247,37
40047e44,13038,8.4247,37
c17679e,6898,8.4247,37
5076320d,9642,8.4247,37
67e758bf,12885,8.4247,37
6b7ca746,9836,8.4247,37
427c9f92,9042,8.4247,37
21e93fc7,5717,8.4247,1
7407a308,13242,8.4247,37
16f587f3,27293,8.4247,37
59a77acb,7606,8.4247,37
4b8a0732,8677,8.4247,37
6dac81de,18759,8.4247,37
5d38cab,9728,8.4219,37
3fa349fd,15437,8.4219,37
472f1c51,13091,8.4247,37
240b6aac,10216,8.4247,37
1b74f6b6,12913,8.4247,37
566de4fe,18309,8.4247,37
2d20bd82,16237,8.4247,37
348fca59,7531,8.4247,37
164b4070,7210,8.4247,37
11469194,13047,8.4219,37
6e67d71a,6972,8.4247,37
7ed67958,10083,8.4247,37
4603abf9,14628,8.4247,37
ca332ec,19379,8.4247,37
c147c62,18089,8.4219,37
297b9645,9460,8.4247,37
3bcccc57,13453,8.4247,37
79744b77,19531,8.4247,37
22736bc3,17888,8.4247,37
dabe483,7171,8.4247,37
789782cd,5667,8.4247,1
23e3515b,9804,8.4247,37
1af70b97,11307,8.4247,37
79c6d18e,14415,8.4219,37
6f35330c,13064,8.4247,37
7544a780,8116,8.4247,37
48aa7bb6,15789,8.4247,37
cef0984,7224,8.4219,37
35bfe8cb,7241,8.4247,37
17b6f658,8428,8.4247,37
c5a58d3,19763,8.4247,37
788dd3f5,17363,8.4247,37
32be959f,7437,8.4247,37
129ab1a6,14023,8.4274,37
4cd8ffe6,13048,8.4274,37
5adc9ff3,9537,8.4274,37
1c88eb5a,20250,8.4247,37
5bd87eec,19873,8.4274,37
28cf8d51,5693,8.4274,1
48c2293f,5850,8.4274,1
50749dbe,7964,8.4274,37
645dfcbd,10341,8.4274,37
6ee9a344,10929,8.4274,37
356047f8,14897,8.4274,37
2dd770a6,19429,8.4247,37
593a91cf,5684,8.4274,1
7aeafa2f,16169,8.4274,37
4d823d0d,14728,8.4274,37
50e1f14a,6924,8.4274,37
5bc6365b,6567,8.4274,37
57165724,10941,8.4274,37
684e072c,7477,8.4274,37
7be9d367,7805,8.4274,37
275fe342,14204,8.4274,37
5d2e495e,14731,8.4274,37
1e09e797,19304,8.4274,37
4dc16d1c,7406,8.4274,37
6013c3f9,17553,8.4274,37
55545677,6761,8.4274,37
d49ea6c,10230,8.4274,37
4ba6cf54,14496,8.4247,37
3554c1d2,8979,8.4274,37
4244dee1,9794,8.4274,37
1c464f,8037,8.4274,37
7dbdf577,18864,8.4247,37
7c1a163c,18974,8.4274,37
6ef4f143,7577,8.4274,37
a2399aa,6165,8.4247,1
662e6d47,6569,8.4247,37
68ef889f,6447,8.4247,37
7a6bceb8,6799,8.4274,37
25246747,6426,8.4274,37
311ba80c,7832,8.4274,37
1521be99,6521,8.4274,37
7aa6d0a7,18039,8.4274,37
441e7ccc,14230,8.4274,37
4c19e4a8,10099,8.4274,37
42863557,17497,8.4274,37
531d5b93,6170,8.4274,1
2e31bec3,8203,8.4274,37
36fc18ea,15216,8.4274,37
1b3fae5,7389,8.4247,37
726c4b09,6983,8.4274,37
6edf7e5,6758,8.4274,37
51082421,18748,8.4274,37
199ffb69,13568,8.4274,37
9bbcf50,20537,8.4274,37
55bd7391,14031,8.4274,37
416ebdad,18083,8.4274,37
1902cb6a,15146,8.4274,37
2cdfa19e,20781,8.4274,37
72a1db39,7809,8.4274,37
34a70db5,13840,8.4274,37
71a30129,6595,8.4247,37
5205ecfb,13830,8.4247,37
51368a4,12785,8.4301,37
ac5baf7,13156,8.4301,37
683d4bf,20586,8.4301,37
7b9c92a0,18732,8.4274,37
65d4933f,6246,8.4301,1
42e19f70,6994,8.4301,37
28b64ae1,10812,8.4301,37
5a5f8dbf,10917,8.4301,37
45491dc6,7982,8.4301,37
445333b,18156,8.4301,37
4a9136dc,6618,8.4301,37
6c056844,13454,8.4301,37
61afef2f,17361,8.4301,37
4c5ed4ca,14174,8.4274,37
f3a2c4b,10813,8.4301,37
483a22a0,6128,8.4301,1
56f26a1f,13283,8.4301,37
6cb01c8f,8064,8.4301,37
32362d26,7965,8.4301,37
2b8026e2,18403,8.4301,37
6ee7031f,17665,8.4274,37
7bf877e2,6531,8.4301,37
1f72f190,12798,8.4301,37
2df3e28,6528,8.4301,37
3474987b,9802,8.4301,37
1037c48,10004,8.4301,37
2b1eedbc,6397,8.4301,37
7f23c97e,14327,8.4301,70
7db7ec3b,13253,8.4301,37
662b3db,7833,8.4301,37
1c197e63,18927,8.4274,37
40b60351,12799,8.4301,37
2a2f948,5787,8.4301,1
11cd6eac,15790,8.4301,37
45bba747,14885,8.4301,37
46f0f090,10383,8.4301,37
1766c217,19170,8.4301,37
362cdf94,19402,8.4301,37
235108a0,14675,8.4274,37
4f9cc839,15090,8.4247,37
5913ba68,6995,8.4301,37
18a6a5aa,14191,8.4301,37
48260955,10637,8.4274,37
63991cf9,18751,8.4247,37
271d3a18,13890,8.4301,37
24cde61f,19444,8.4301,37
abb50a4,13285,8.4301,37
72af8c07,14008,8.4301,37
59fa387f,8120,8.4301,37
3aa7cd87,19337,8.4301,37
177914a2,7172,8.4301,37
da2fd06,6483,8.4274,37
47174899,13777,8.4301,37
48ff92c6,13542,8.4301,37
49562bc8,9038,8.4301,37
4167db5d,19380,8.4301,37
59c2670e,9837,8.4301,37
1ee40bd7,6125,8.4247,1
3084dc78,13100,8.4301,37
63cadb12,16375,8.4274,37
1b3ab4c8,19792,8.4301,37
318665cc,16238,8.4301,37
64f829c1,18206,8.4301,37
5a7c3c3a,8065,8.4301,37
6f5b7e2c,6854,8.4274,37
21890bfb,17636,8.4329,37
41a882a,14821,8.4329,37
2769ae78,10679,8.4329,37
3fbce97f,14781,8.4329,37
b224aba,17685,8.4329,37
65ecd9ee,13706,8.4329,37
621d5ef6,19461,8.4301,37
3216d147,13712,8.4329,37
6ab9316b,6117,8.4301,1
7357d11c,8246,8.4329,37
d83572f,10638,8.4329,37
7b35cb6e,18314,8.4329,37
7f2db1a6,15093,8.4301,37
5cbcf541,14789,8.4329,37
112e10fb,13824,8.4329,37
4495c70b,20280,8.4329,37
56a7febe,8495,8.4329,37
6d0a1fd6,6509,8.4329,37
cc26344,17376,8.4329,37
66054048,6088,8.4329,1
f3e0038,6651,8.4329,37
32774aa6,10450,8.4329,37
2d30d7ef,13049,8.4329,37
61fbc501,17871,8.4274,37
1ebb36c6,17303,8.4329,37
16116dcd,13243,8.4329,37
3db55f4f,15620,8.4329,37
2d95635,6398,8.4329,37
45135dae,17401,8.4329,37
58713fc4,6131,8.4329,1
4f294ca2,14746,8.4329,37
789c38c,14865,8.4329,37
582810fe,15791,8.4329,37
9f68b20,5671,8.4329,1
c3f9ae0,17753,8.4329,37
45e3bd48,6136,8.4329,1
5d54eaea,14867,8.4274,37
6046d5eb,14816,8.4329,37
10deab99,20477,8.4329,37
480f5d37,18832,8.4329,37
3276fd66,13821,8.4329,37
64c98f4e,13303,8.4301,37
1ae722d,9929,8.4329,37
33fa71ca,6087,8.4301,1
3662371e,6100,8.4329,1
1e796d63,8994,8.4329,37
6c344b9b,11821,8.4329,37
281c089b,10307,8.4329,37
c2013f6,18831,8.4329,37
2b5d0fab,13295,8.4329,37
7e9a7dd6,18973,8.4329,37
303c890d,8551,8.4329,37
1e84262c,14636,8.4329,37
53fa4dda,9198,8.4329,37
3c8f835f,11520,8.4329,37
7fece332,10087,8.4329,37
523545d4,12846,8.4301,37
615da7e,10353,8.4329,37
7d93c1e9,15788,8.4301,37
e3b674,18086,8.4329,37
5debcaee,15144,8.4329,37
46403498,15823,8.4329,37
5e2daa11,27297,8.4329,37
25af2fef,10759,8.4329,37
34bb94aa,9645,8.4329,37
26ce5fe5,7007,8.4329,37
ea0a768,14820,8.4329,37
7acdf0d3,14676,8.4301,37
2e28a918,14314,8.4329,37
25b8d052,13543,8.4329,37
7159d703,10127,8.4329,37
6487ea93,17493,8.4329,37
f8cef72,19132,8.4329,37
6c559491,6027,8.4329,35
8031c47,18084,8.4301,37
609c854a,18861,8.4329,37
202d74d4,9057,8.4329,37
7848d182,12952,8.4329,37
45916fa9,7245,8.4356,37
2e16ca19,6140,8.4356,1
3e670ab8,7262,8.4356,37
3ad57eeb,15098,8.4356,37
1eef1292,11820,8.4356,37
719536b1,17567,8.4329,37
2652af0e,9423,8.4356,37
6fff99c3,8245,8.4274,37
7ecc90f1,6610,8.4356,37
26340127,7793,8.4356,37
142906c5,6788,8.4356,37
78bb402,7238,8.4329,37
1ddaf71a,8429,8.4301,37
2e63c30f,14083,8.4356,37
1be1e0bf,10308,8.4274,37
47a2c228,18750,8.4356,37
1d53557a,14109,8.4356,37
577b13ed,15120,8.4356,37
1269cc6e,17707,8.4356,37
1516b3dc,16376,8.4356,37
1a086c97,7258,8.4301,37
1a7d3ee8,14167,8.4356,37
6c7d6cf,10128,8.4356,37
5a9170c5,8091,8.4356,37
7a39b018,19677,8.4356,37
9405bc9,13865,8.4356,37
31898580,17457,8.4356,37
60cfdc2c,9404,8.4356,37
5741095d,13704,8.4356,37
5cd49e6f,17819,8.4356,37
218ca5f0,13672,8.4356,37
3f3c3351,9853,8.4356,37
657dc936,8067,8.4356,37
60e8ce0a,8713,8.4356,37
18b7039e,19155,8.4356,37
5c50865d,6166,8.4329,1
2a8903d,26995,8.4356,37
4dbd05e,4982,8.4356,1
61026c3e,5706,8.4356,1
241696fc,8614,8.4356,37
41dca13,5731,8.4356,1
5ca7d6a3,8496,8.4356,37
1ac88c72,6505,8.4356,37
af958a1,12886,8.4329,37
60de56bf,14310,8.4329,37
2ae96c9,6625,8.4356,37
5c5b31f2,14722,8.4329,37
2146506d,6619,8.4356,37
1c274688,14446,8.4356,37
e5e901d,15099,8.4356,37
78b047c1,13618,8.4356,37
7d613d84,13037,8.4356,37
5bd427a6,13321,8.4356,37
49a40d39,7791,8.4356,37
21709ab9,18771,8.4356,37
5b044f19,13136,8.4356,37
5399414,18797,8.4301,37
7cca6445,18205,8.4356,37
2ffdd4e0,17541,8.4356,37
556e2fae,6255,8.4356,1
70eed2e8,15754,8.4356,37
9eb276b,6210,8.4356,1
4870a862,10405,8.4301,37
6c47fd9d,6759,8.4356,37
6a380b6f,20379,8.4356,37
3ab8b93c,14101,8.4356,37
77c625b1,13961,8.4356,37
24be85c1,11334,8.4356,37
ef7914a,18955,8.4356,37
239f3adf,20540,8.4356,37
71f9b8f1,14881,8.4356,37
37d4f0d2,6271,8.4356,1
6794fb64,19124,8.4356,37
555b4b1d,10256,8.4356,37
3989259f,10360,8.4356,37
69d95f77,13541,8.4329,37
696c8791,10930,8.4356,37
2a11f706,17423,8.4356,37
2279697d,19401,8.4356,37
799b60fe,19403,8.4356,37
c4fbe1e,6583,8.4329,37
3914fb72,13569,8.4356,37
36184cee,19536,8.4329,37
15999fbd,6544,8.4356,37
37a79160,10293,8.4356,37
2976238d,15218,8.4274,37
5d7d7571,11507,8.4356,37
4035cfb4,13050,8.4356,37
f67c07d,19307,8.4356,37
1715f057,5901,8.4356,1
21f5c939,13613,8.4384,37
26da28ce,6383,8.4384,37
170f7040,16804,8.4384,37
2fa0adbe,9730,8.4384,37
20131572,17312,8.4384,37
57f8d5e6,19462,8.4356,37
3b192229,6508,8.4384,37
11feb5a9,7532,8.4384,37
29fe8a61,6919,8.4384,37
38382d5d,10193,8.4384,37
4ac24819,8849,8.4384,37
527ca91a,17539,8.4356,37
2e75ff15,14989,8.4384,37
5c611dbc,10255,8.4329,37
7385d538,7073,8.4384,37
32ea99c0,7983,8.4329,37
a2e4cd0,14889,8.4384,37
52745f0c,17890,8.4384,37
262ddabe,18878,8.4356,37
53788f00,5705,8.4356,1
e09ac42,9385,8.4356,37
76b9399f,13878,8.4356,37
6c5847b,6266,8.4384,1
527adee8,14956,8.4384,37
6db060f9,13535,8.4384,37
47fcc768,14787,8.4329,37
46f6bfc0,3572,8.4384,29
42ffa468,18315,8.4384,37
2c26a366,6118,8.4384,1
7ebb40da,18572,8.4356,37
41586781,19625,8.4384,37
58fcd15f,9796,8.4356,37
6c10cf7e,6973,8.4384,37
5206b4d3,15884,8.4384,37
433a9851,14836,8.4384,37
769f93d9,5772,8.4384,1
74f996e4,5726,8.4384,1
395d3e7f,6576,8.4384,37
4a31c70d,6704,8.4384,37
2df652b4,19171,8.4384,37
277d1d88,14677,8.4384,37
1f8be135,6188,8.4384,1
5bc65466,9462,8.4384,37
44bade58,18752,8.4329,37
4ba6c01a,12920,8.4384,37
222ad86c,8714,8.4356,37
30708a6f,15123,8.4384,37
6762fdf3,10995,8.4384,37
1befe2a1,9848,8.4384,37
66b457d6,6766,8.4356,37
12291ad4,13137,8.4384,37
26bed90c,14416,8.4356,37
4220cd90,13597,8.4384,37
66e28e5,5788,8.4356,1
cedb97a,6515,8.4384,37
14c938e1,12916,8.4356,37
48e5b93a,19610,8.4384,37
381de22f,11261,8.4384,37
23f2a5db,7261,8.4384,37
5b34e656,12898,8.4329,37
595aba3f,5696,8.4384,1
3c13e447,7432,8.4384,37
8de9ac2,9953,8.4384,55
45952a4,19400,8.4356,37
1eb415e0,15459,8.4384,37
274bbfb4,14136,8.4329,37
660213b8,14866,8.4411,37
50853de5,14631,8.4411,37
32278bb8,20478,8.4411,37
6e299dba,9786,8.4411,37
2c71b5bd,19272,8.4384,37
62731ee5,10005,8.4411,37
18bfbb00,14168,8.4384,37
3d38a0b9,5666,8.4411,1
61acc7e7,16173,8.4411,37
40514a32,17377,8.4411,37
3a2ff0eb,6609,8.4411,37
5fad3b15,8243,8.4411,37
58395cf8,6289,8.4411,1
7e04d4f4,6020,8.4411,35
12f38d17,5727,8.4411,1
579e9f0a,17518,8.4411,37
73913d20,8325,8.4411,37
7d048d70,17519,8.4411,37
5ec13b15,6264,8.4411,1
540dfd39,8242,8.4411,37
2e0fa2a5,17434,8.4411,37
77b9d519,19418,8.4411,37
20f75168,5990,8.4411,1
1ba8847a,20300,8.4411,37
15ff0ba1,17925,8.4411,37
48610720,7145,8.4411,37
71c90228,13271,8.4411,37
1c8b2e5a,13667,8.4356,37
6b2f7168,14931,8.4384,37
5d1ad15d,13372,8.4411,37
347ba323,19074,8.4411,37
7463ea8b,15683,8.4411,37
3a2c7007,19828,8.4411,37
4d026e6d,9313,8.4411,37
5db6f294,11168,8.4411,37
34bd20ba,20596,8.4411,37
5f61a314,17313,8.4384,37
14ecf93,13095,8.4411,37
6b86af7c,15761,8.4384,37
36e3ea46,14600,8.4411,37
6448868d,19279,8.4411,37
138defc0,13929,8.4384,37
4d2e4f82,13549,8.4384,37
64363dbb,14102,8.4356,37
446aa35e,6376,8.4411,37
3865b7fc,16499,8.4384,37
788ad2d,15155,8.4411,37
52869382,14818,8.4384,37
43e7aadf,19846,8.4411,37
1d90485,6545,8.4384,37
56a83f08,13046,8.4411,37
140b1135,13570,8.4384,37
4bce1fc9,19419,8.4411,37
213c422e,15122,8.4411,37
547053ec,9409,8.4411,37
72f78ab5,15637,8.4411,37
cb87766,15550,8.4384,37
1bff5986,10352,8.4411,37
4e276ba4,7235,8.4411,37
75edc8b2,13749,8.4411,37
2ddda947,7094,8.4411,37
78cd03b5,14642,8.4411,37
57316175,13094,8.4411,37
19ddeb04,6794,8.4411,37
5611ac1e,6833,8.4411,37
37c3ec33,9039,8.4411,37
5187fe04,19335,8.4411,37
6b251977,6137,8.4411,1
1d564adc,8068,8.4411,37
7ad95316,8014,8.4411,37
467c6434,18865,8.4411,37
6ef6babc,5732,8.4411,1
2c71bd69,17467,8.4411,37
2ddbf8b4,20716,8.4411,37
2744779,6690,8.4411,37
278cdec7,14790,8.4411,37
7c74b3d0,19338,8.4384,37
e18fab2,11672,8.4438,37
2ef73b87,12809,8.4438,37
6f4cb278,6863,8.4438,37
43c80512,19691,8.4438,37
367f6672,10283,8.4438,37
21442c83,13724,8.4438,37
9f64299,6577,8.4438,37
6847f00e,13789,8.4438,37
3d89dc06,13410,8.4438,37
6292500c,18737,8.4438,37
ef2dcb2,18157,8.4438,37
59628ae2,6856,8.4438,37
2980b3f2,7455,8.4438,37
1995252e,11870,8.4438,37
19a6de2,13280,8.4438,37
4c62d2a9,8045,8.4438,37
6051e7f4,7579,8.4411,37
50dd0285,15534,8.4438,37
27a8001,16239,8.4411,37
58d7ed7d,8712,8.4411,37
3756cfd4,13096,8.4438,37
710c16dd,6867,8.4438,37
598bc9fc,8460,8.4438,37
3ed06bb5,19793,8.4411,37
479ac53b,9758,8.4438,37
3ff92bd4,10278,8.4438,37
93c6d08,8210,8.4438,37
e7f81fa,12950,8.4438,37
7e71ed84,6274,8.4438,1
451ef475,17566,8.4438,37
1f1d3ddf,14405,8.4438,37
2fa095f3,15831,8.4438,37
5da2b1ac,20342,8.4411,37
1052c19d,13456,8.4438,37
22dd22be,18158,8.4438,37
9f9241b,19381,8.4438,37
419edb59,6211,8.4438,1
4746a4de,10834,8.4438,37
5c134907,19125,8.4438,37
c45a65a,15121,8.4438,37
4c5c8235,13286,8.4411,37
7bafccf4,7587,8.4438,37
93df70b,10288,8.4438,37
286be700,12786,8.4356,37
e9512,6787,8.4438,37
5c3218b,18044,8.4438,37
63201b97,6578,8.4438,37
1484b314,9040,8.4438,37
60d61293,14199,8.4438,37
7c85b87b,13092,8.4438,37
1f9ae8df,6315,8.4438,1
2eb7f42b,17596,8.4438,37
7ea529e4,8977,8.4438,37
2fb2102b,9749,8.4438,37
6726c912,13149,8.4438,37
76216f71,6287,8.4438,1
211c9258,14024,8.4438,37
1e10ed18,19420,8.4438,37
4fafd991,14630,8.4438,37
32087df2,12917,8.4438,37
7743a7b9,19378,8.4411,37
6ea2ec64,8265,8.4438,37
7fdc54c0,27298,8.4411,37
4472c68b,19433,8.4438,37
3dcac3ad,6518,8.4438,37
64787c37,5718,8.4411,1
7c1248f3,6184,8.4438,1
2e868f64,6257,8.4438,1
453af6b2,11262,8.4438,37
7fce382e,18746,8.4438,37
6204a3e6,6614,8.4438,37
c3f3a85,8003,8.4438,37
16d879c9,18816,8.4438,37
4c582c6,20556,8.4438,37
43190a2b,7806,8.4438,37
3687ebdf,13455,8.4438,37
4b3fa7fb,11059,8.4466,37
407ca4e5,6441,8.4466,37
492c7626,8004,8.4466,37
cfa0e96,7498,8.4466,37
48ec204,10940,8.4466,37
78f22ce4,13373,8.4438,37
3acc608d,14244,8.4411,37
46919ddb,14308,8.4466,37
3505682b,17711,8.4466,37
69d74ea3,9856,8.4466,37
30c6931c,15753,8.4466,37
3a7b6af1,14732,8.4466,37
24a119a5,10153,8.4466,37
7750f9c4,5851,8.4411,1
2e623876,8517,8.4466,37
730aca41,5799,8.4466,1
12c71a33,8218,8.4466,37
3e0745ff,27420,8.4466,37
3b553ddd,8251,8.4466,37
34614215,9628,8.4438,37
39f6f63f,9792,8.4466,37
4ee91522,12960,8.4466,37
6b14967c,14229,8.4466,37
41280faf,14223,8.4438,37
458492c8,14226,8.4466,37
13f6f397,11315,8.4466,37
4342cf5f,14058,8.4466,37
d7e2560,19964,8.4466,37
6c8df4d5,20541,8.4438,37
39e0f62c,13254,8.4466,37
65a794d3,15147,8.4438,37
7a467a31,12921,8.4466,37
2af879c6,11403,8.4438,37
198ef822,14898,8.4466,37
1aa69c9a,9629,8.4466,37
2e971c37,12820,8.4438,37
24c94874,10121,8.4466,37
6d440faa,11058,8.4466,37
30038924,14742,8.4466,37
7d115132,19915,8.4466,37
64363738,12995,8.4466,37
13b0f95a,6317,8.4466,1
3d5ce5fa,10122,8.4466,37
861d892,14054,8.4466,37
5c97fb00,5773,8.4438,1
533880cd,9780,8.4411,37
2457c359,5983,8.4466,1
303994a0,5898,8.4466,1
7a2faf81,7298,8.4438,37
6a90d468,19122,8.4438,37
7db91f1f,13123,8.4466,37
676e46fa,7091,8.4438,37
5243d63e,15141,8.4466,37
1b0e4223,19695,8.4466,37
7751f6be,19870,8.4466,37
42254eac,19485,8.4438,37
57699984,6902,8.4466,37
3e9fc610,10483,8.4466,37
4603237b,9167,8.4384,37
2ebb5539,8911,8.4438,37
35855cd3,7425,8.4466,37
130af2ed,14678,8.4466,37
75eab335,13962,8.4466,37
2aad4e08,10977,8.4466,37
5ecbd4f9,9750,8.4466,37
3205993b,20717,8.4466,37
41b76837,14140,8.4466,37
6164182f,13705,8.4466,37
2179c705,18787,8.4411,37
2195a3cf,18820,8.4466,37
5b19811a,9452,8.4466,37
33808d14,11463,8.4466,37
1afd4f36,6887,8.4466,37
75d3e283,14196,8.4411,37
79d4bc2d,9889,8.4466,37
5f3a11f7,13893,8.4466,37
4eee6650,7087,8.4466,37
6e52e35c,19871,8.4466,37
1e26955f,7263,8.4466,37
740bbbe2,13245,8.4466,37
71763d94,17391,8.4438,37
390eaa54,7475,8.4466,37
2cfbf122,18276,8.4438,37
2862549a,9954,8.4466,55
4cddca0c,14659,8.4438,37
51d31ac9,14619,8.4438,37
7bf5e1c1,14817,8.4493,37
520891f6,16487,8.4493,37
68f4d9a9,7780,8.4493,37
21b8832c,18902,8.4493,37
75979533,7240,8.4466,37
63062d56,13889,8.4493,37
2df1990e,7588,8.4493,37
48b5de7f,6175,8.4493,1
1c2f457,14307,8.4493,37
537c15a4,5716,8.4493,1
72e4cf2c,27415,8.4466,37
14c4b129,20539,8.4493,37
2328faa,17494,8.4493,37
31506b7d,19156,8.4493,37
31e7ef20,6635,8.4466,37
1d1ef122,10354,8.4493,37
65194fd4,13367,8.4493,37
54e5f7a7,13713,8.4493,37
423c7d4e,10920,8.4493,37
7005fdf7,15886,8.4493,37
5fcd7bcc,14861,8.4493,37
246ef75d,14660,8.4493,37
496e37a5,19690,8.4493,37
5192893,6169,8.4466,1
5aac9782,8249,8.4493,37
6e0b8400,15889,8.4493,37
3d8c4283,18159,8.4493,37
719da811,10355,8.4438,37
4f333127,6174,8.4493,1
7d2a8745,8745,8.4493,37
22ed5a39,6299,8.4493,1
3eacb355,6374,8.4493,37
684007ae,8046,8.4493,37
41f9b54c,16507,8.4411,37
90d03d8,19537,8.4438,37
52602fb7,19391,8.4493,37
779ab8fc,14190,8.4493,37
3a752f22,13033,8.4493,37
3a47afdf,19765,8.4493,37
362aaef5,10120,8.4493,37
5758782b,18736,8.4466,37
3aa025a6,15148,8.4493,37
416f8e0,20804,8.4493,88
1789cb7f,6085,8.4493,1
64e6379f,11374,8.4493,37
60ba25e0,17302,8.4493,37
62e49cf9,13629,8.4493,37
53d800ef,6659,8.4466,37
ad3fbd8,19507,8.4493,37
37a0138a,9524,8.4493,37
423f3495,19056,8.4493,37
6a7c63ed,9781,8.4466,37
731b8c17,13341,8.4493,37
60d735e3,6634,8.4438,37
43d7ea3c,14200,8.4493,37
754f1f1a,6082,8.4493,1
68319e40,6886,8.4438,37
4e6f16ba,9960,8.4493,37
613b4054,19273,8.4493,37
381a09bd,13255,8.4493,37
35a0666b,12899,8.4493,37
3cc6ca3,19343,8.4493,37
38ceb56e,15621,8.4466,37
50f1042b,13626,8.4493,37
66d4a360,7529,8.4493,37
61d626d,6442,8.4493,37
4b35d205,19019,8.4493,37
133d4714,15615,8.4493,37
50b129b0,20293,8.4493,37
3dd227c1,12951,8.4493,37
58127f84,16240,8.4438,37
21ee9675,6740,8.4493,37
78cbd751,13776,8.4466,37
548b1ba6,18808,8.4466,37
2841260e,19079,8.4493,37
1faeb0ec,14007,8.4493,37
4a26d052,7214,8.4493,37
6c71e718,15825,8.4493,37
60ab871b,13353,8.4493,37
1d08275e,6842,8.4493,37
ae87232,6660,8.4493,37
76b0977d,14227,8.4493,37
159ae794,15101,8.4493,37
29353963,19857,8.4466,37
6005b795,14497,8.4493,37
127cdf97,19794,8.4493,37
50982c0b,5806,8.4493,1
5066e95a,14646,8.4411,37
1d1255dc,8247,8.4466,37
69e6b18e,19289,8.4493,37
780f30cd,19642,8.4493,37
1fc42aaf,18753,8.4493,37
10f7303e,14968,8.4493,37
4cc1996f,11464,8.4493,37
4d494162,19172,8.4493,37
73668b36,6465,8.4493,37
5ab923a4,17468,8.4493,37
1af3c37d,19514,8.4493,37
1db6d310,9779,8.4493,37
5a4ed4ab,6770,8.4493,37
4d15a23c,11556,8.4466,37
6690c6dd,16001,8.4466,37
4ad7ad28,14524,8.4438,37
486ecf77,10408,8.4493,37
280a8004,17458,8.4493,37
484c0df6,19796,8.4466,37
3f85473a,9646,8.4493,37
1ae32ca,20602,8.4493,37
64faa3be,9540,8.4493,37
7dd8885b,13366,8.4493,37
555309ab,8968,8.4493,37
5398a96e,14236,8.4493,37
407a28ac,13457,8.4493,37
30b26a0b,7530,8.4521,37
14754d02,19392,8.4521,37
911a616,6768,8.4493,37
44c2e8ce,17314,8.4521,37
55ec87b2,18298,8.4521,37
76ad4d36,12902,8.4521,37
720874e3,9424,8.4521,37
215f76f4,14648,8.4521,37
103fb47a,19057,8.4521,37
ce79fb6,17509,8.4521,37
3df94da5,6484,8.4521,37
67cb7438,19650,8.4521,37
a3a90df,15586,8.4521,37
3a90b401,13287,8.4521,37
4df34293,5899,8.4521,1
1048d677,10921,8.4521,37
1aad64e4,14197,8.4521,37
f86864c,8204,8.4521,37
59ab02a5,17306,8.4521,37
4ddc4e59,13623,8.4521,37
599a79e6,6649,8.4521,37
28e1bc75,5668,8.4493,1
13eefbc3,7984,8.4521,37
12516d31,13725,8.4521,37
188e73d4,15119,8.4493,37
3d2976a4,13170,8.4493,37
597da221,7217,8.4521,37
40dc74da,6176,8.4521,1
2b27afc6,14845,8.4521,37
fc46c43,6167,8.4493,1
3acd6f88,14457,8.4493,37
5dcd6050,14611,8.4521,37
6915ad62,19309,8.4521,37
16fd568b,9759,8.4466,37
4a4c6e3e,8262,8.4521,37
5c03b12e,10927,8.4521,37
6afa851e,18817,8.4493,37
2ec05b9e,18162,8.4493,37
1a5c8fc,11167,8.4493,37
754ede6,9797,8.4493,37
461fa6e3,14644,8.4521,37
78f3194b,6506,8.4493,37
5443b160,6097,8.4521,1
74d85dd3,9647,8.4521,37
4fcbd515,13700,8.4521,37
2f92b4e6,8715,8.4466,37
6613d8c5,20314,8.4521,37
45b2d096,13674,8.4521,37
50133711,13627,8.4521,37
41e1337b,17666,8.4521,37
7bee8a25,14953,8.4521,37
343a06d,6612,8.4521,37
4aa1b4ab,10039,8.4521,37
519809ae,14390,8.4521,37
2932c6f,14154,8.4521,37
d2331ba,17825,8.4521,37
3a054e10,19092,8.4521,37
137db8bb,9461,8.4493,37
543e5293,7671,8.4493,37
4f55fc2f,13244,8.4521,37
5befaa9e,9493,8.4493,37
218c4a02,20286,8.4521,37
25a96938,18772,8.4521,37
3a50dd4,6524,8.4521,37
63712d0b,7089,8.4521,37
456cd0a1,6626,8.4493,37
82f298,6288,8.4521,1
6af18ef6,19285,8.4493,37
493ba2d1,9643,8.4521,37
766aac12,19548,8.4521,37
61eb9675,10038,8.4521,37
70b2280,15217,8.4521,37
1332259a,13810,8.4521,37
309b11d2,15458,8.4466,37
2f111024,17574,8.4521,37
53bf4d97,16485,8.4521,37
4c0c3547,10279,8.4493,37
36b0670,9850,8.4521,37
5123bc8f,12969,8.4521,37
395e22f8,9427,8.4521,37
47d2e668,8211,8.4521,37
6e28c8f0,18140,8.4493,37
22a3c67e,6783,8.4521,37
6a226930,13166,8.4521,37
3a1333ba,6767,8.4521,37
54ae014f,19829,8.4438,37
8cb18,18829,8.4521,37
12541340,7216,8.4466,37
177dad,11736,8.4493,37
2ef8b742,18539,8.4521,37
576a3044,14234,8.4493,37
744747f0,6141,8.4521,1
463b942b,7456,8.4521,37
2d926909,19544,8.4521,37
2bfc94ef,17756,8.4493,37
7f4a74f9,7426,8.4548,37
3ca5586c,7810,8.4493,37
3855da9c,14527,8.4548,37
412e9038,19627,8.4548,37
e3a2f1e,9149,8.4493,37
16f0516b,8171,8.4548,37
236aacdd,15057,8.4548,37
7cf73571,6765,8.4521,37
4ecff740,5993,8.4548,1
5a209cfb,6427,8.4548,37
2c5adf26,19080,8.4548,37
69433b61,12802,8.4548,37
5887b4fe,9958,8.4548,37
61e2c51,19087,8.4521,37
615f52f2,5800,8.4548,1
7c47705b,27040,8.4521,37
cafd481,6081,8.4493,1
696ab1ae,7208,8.4548,37
1e617476,9434,8.4521,37
59e30a49,6785,8.4548,37
d3bb797,14723,8.4548,37
2b9ac628,9782,8.4548,37
17c1f534,11571,8.4548,37
14aa3ee8,14837,8.4548,37
296f17e,13458,8.4548,37
43e61227,7074,8.4493,37
3e3037f5,11572,8.4548,37
136815e5,10816,8.4548,37
606c4a85,16334,8.4548,37
5f5c56e2,9841,8.4548,37
2ac41f34,6305,8.4466,1
28fe508b,27064,8.4548,37
1528e830,6083,8.4548,1
6bd0b699,6015,8.4548,35
61672968,20613,8.4548,37
147522c8,8100,8.4548,37
3b4757c7,8117,8.4548,37
69373c9e,18128,8.4548,37
69fc51f7,18094,8.4548,37
7f6562f,14401,8.4548,37
5f8203d0,18444,8.4548,37
5e7a8e88,19916,8.4521,37
55020f59,14272,8.4548,37
60707cf8,6034,8.4521,35
2f237fa5,20536,8.4521,37
2527ba07,20480,8.4548,37
36e366a,14328,8.4548,37
6fa61856,11557,8.4521,37
3784aff5,15219,8.4548,37
2f6bcc80,6532,8.4548,37
1fc8a3b9,10409,8.4548,37
6de70b4c,8326,8.4548,37
579322d1,15100,8.4521,37
19d10355,14060,8.4548,37
7f8efa02,18163,8.4521,37
e7026bf,13203,8.4548,37
547f99a3,17435,8.4548,37
197550b,17432,8.4548,37
941f1d1,8995,8.4548,37
68b6b98,14176,8.4521,37
2e11486b,8157,8.4548,37
21fb11c4,7119,8.4548,37
13dccba5,6906,8.4548,37
4ed6a5ed,14103,8.4548,37
6043dfeb,17872,8.4521,37
6aa0ee4c,8085,8.4548,37
d3c6dd7,13946,8.4548,37
54f69ca0,18760,8.4548,37
2102f478,11414,8.4548,37
5a00c478,11872,8.4548,37
37bf83fa,19628,8.4548,37
574c1a31,17520,8.4521,37
61db8594,15154,8.4548,37
6c5ef5fa,4979,8.4548,1
3d24aed3,8716,8.4548,37
76cf4ade,6741,8.4548,37
41655ba4,7265,8.4548,37
7c2f9139,19450,8.4548,37
64e5fa59,8678,8.4548,37
68f0c5a1,19515,8.4548,37
3a30b60,14838,8.4548,37
305e474,6932,8.4548,37
48f9f17f,18277,8.4521,37
26cae80c,6487,8.4521,37
6dd53f31,5782,8.4548,1
3da90fbe,13066,8.4521,37
11236a3b,6800,8.4548,37
16d60369,16672,8.4548,37
67ad0337,15125,8.4548,37
120c3483,13146,8.4548,37
18f4e64b,14373,8.4548,37
3e9f6377,14663,8.4548,37
31a47b28,15704,8.4548,37
42fff9b3,12781,8.4521,37
7d869919,13124,8.4548,37
3847c905,6285,8.4548,1
51dfc1fe,6177,8.4548,1
1727de89,15124,8.4548,37
5e20c325,8118,8.4548,37
58292605,14844,8.4548,37
362f3d66,7457,8.4548,37
1fd57ebc,17828,8.4548,37
47b4af88,12923,8.4548,37
56bcb075,6801,8.4548,37
193773c9,27063,8.4521,37
4e323640,14899,8.4548,37
2da3cecd,11873,8.4521,37
28121e67,9765,8.4548,37
555dbf57,6080,8.4548,1
4f89fc1e,13811,8.4548,37
7c95a8e6,8583,8.4575,37
7c05d282,9426,8.4575,37
5e0e5ff0,10376,8.4575,37
6d68275a,15142,8.4575,37
6d015fe5,7075,8.4575,37
3f421105,19535,8.4575,37
139f38c2,14379,8.4575,37
3f619f1c,18866,8.4493,37
58780162,18091,8.4575,37
66232515,13746,8.4548,37
779df951,9777,8.4548,37
1d2e8648,9453,8.4575,37
2e04738e,6784,8.4575,37
36ef143d,15224,8.4575,37
2e2024c0,17926,8.4575,37
47d5fb8a,14108,8.4575,37
4a4078fd,10345,8.4575,37
4c0d374,13545,8.4521,37
2be9f108,9123,8.4575,37
43885654,13459,8.4575,37
ac64948,19640,8.4548,37
89f7017,13576,8.4575,37
6c9ab1bd,5685,8.4575,1
6da1608c,13866,8.4575,37
26f92514,6661,8.4575,37
6afda551,10404,8.4575,37
1fd76f2f,9821,8.4548,37
7994c959,11522,8.4575,37
4b67756d,6855,8.4575,37
338b022,6959,8.4575,37
480c406c,7969,8.4575,37
178d9635,6652,8.4575,37
51f28d46,6031,8.4575,35
a09f3e8,7294,8.4575,37
202cdde5,15546,8.4575,37
3d06a6ac,5789,8.4575,1
16293620,13825,8.4575,37
45106fbc,13894,8.4575,37
6449de95,6036,8.4575,35
5b6bdbeb,14122,8.4575,37
1eb6f57d,11462,8.4575,37
5b65d3f0,13370,8.4575,37
1de0ee8c,14498,8.4575,37
27112dce,19274,8.4575,37
1851da58,18836,8.4575,37
5b89da96,14011,8.4575,37
31e5d932,5803,8.4548,1
446a66ad,6705,8.4575,37
5ee46422,9538,8.4575,37
57428ad9,12803,8.4575,37
408ac192,13714,8.4548,37
31c12f92,18164,8.4493,37
3db278d5,7390,8.4575,37
7ab1add9,10029,8.4575,37
2ff634fb,18316,8.4548,37
1ac8500,6986,8.4575,37
76842f89,8122,8.4575,37
78ccb319,10426,8.4575,37
52b3b25d,6921,8.4575,37
66831117,19678,8.4548,37
3e20c42,10477,8.4575,37
544d93d0,7293,8.4575,37
4984b63b,14010,8.4575,37
37710db5,6030,8.4575,35
24e29705,13556,8.4548,37
1c09535a,7557,8.4548,37
70d00b8e,6284,8.4575,1
4f73ac84,14694,8.4548,37
7f1940d0,9435,8.4575,37
29dc5fea,8980,8.4575,37
5920ad24,6928,8.4575,37
be53d08,11664,8.4575,37
3e4ff364,14725,8.4575,37
75a7d848,14846,8.4575,37
29b20255,7973,8.4575,37
303fe447,10370,8.4575,37
b1d6716,15792,8.4575,37
326389f7,7143,8.4575,37
4a8861c2,14298,8.4575,37
1269543,9795,8.4575,37
38bf8f98,17569,8.4521,37
587a6a4e,20557,8.4575,37
51f596f2,19764,8.4575,37
64cc9d02,10817,8.4548,37
204b0d4c,14068,8.4575,37
2be82b11,9854,8.4548,37
56576a98,13788,8.4575,37
714ed6e6,8250,8.4575,37
dbeddb9,7173,8.4575,37
5838f419,9751,8.4575,37
2e2a9f22,18904,8.4575,37
44f09955,20718,8.4575,37
299e28f9,9387,8.4575,37
616b3126,7218,8.4575,37
1b4261a6,6929,8.4575,37
5b3879aa,14170,8.4575,37
3b95bd4,9778,8.4575,37
3b63a884,8197,8.4575,37
33a4a11f,7438,8.4575,37
2b497be8,14009,8.4575,37
6267e2ae,15762,8.4603,37
44e641ee,6693,8.4603,37
525cac34,11018,8.4603,37
32aa1bac,14380,8.4603,37
32c94e93,13256,8.4575,37
6f85edc5,14402,8.4603,37
199a28ea,13577,8.4603,37
2e901ae1,8639,8.4603,37
c2e2464,7360,8.4603,37
443b8073,20350,8.4603,37
4fab20,10382,8.4603,37
6ad2cd07,26999,8.4603,37
1d615adc,7121,8.4603,37
eac698a,5695,8.4575,1
73dc713f,19912,8.4603,37
6bfc4f2f,19692,8.4575,37
17ba1da2,14088,8.4603,37
7ab7c6e6,7015,8.4603,37
6af20506,27417,8.4603,37
637eaa40,9041,8.4575,37
24eeec80,5707,8.4603,1
602a9e0d,10234,8.4575,37
1a8a7d3b,19761,8.4575,37
cb0f880,10952,8.4603,37
5f699f7a,13867,8.4575,37
6b87b86c,15577,8.4603,37
22ad7382,17826,8.4603,37
2952fbaf,13460,8.4603,37
3ad333b0,6033,8.4575,35
6cc1b85e,9735,8.4575,37
25b3bbf1,27421,8.4603,37
25b9f727,11236,8.4603,37
8a6d60b,19872,8.4603,37
1b08efbc,10196,8.4603,37
386501de,13288,8.4603,37
59875dc4,20542,8.4603,37
33ed991c,6802,8.4603,37
14644213,12796,8.4603,37
6f44e5d2,19662,8.4603,37
7fbf6215,12856,8.4603,37
1cb5795b,10787,8.4603,37
43cf26a8,15824,8.4603,37
b6d3176,27047,8.4575,37
f4645c4,18798,8.4603,37
388e9ad6,9539,8.4603,37
24e1109,14695,8.4603,37
1bc1c699,7215,8.4603,37
604a66b7,10130,8.4575,37
5d1f671f,15793,8.4603,37
118b1e40,5688,8.4603,1
63bf9321,12953,8.4603,37
299ab1c,14207,8.4603,37
50f33e3f,17542,8.4603,37
3fc2f531,9767,8.4575,37
207b4f73,9044,8.4603,37
69b09f85,9803,8.4603,37
bc50196,10236,8.4603,37
238616a2,5687,8.4548,1
59fcc576,5995,8.4603,1
345d357b,12821,8.4603,37
17b75bd7,18762,8.4603,37
4977c85,18118,8.4603,37
3bffce14,18477,8.4603,37
6654d2fd,18805,8.4575,37
4b105403,14612,8.4603,37
745c7ab0,20479,8.4603,37
ea1670e,7239,8.4548,37
31169541,15888,8.4603,37
71157aa4,18897,8.4603,37
4ceba07e,14724,8.4603,37
386c88c9,17765,8.4603,37
2f72ec8e,8332,8.4575,37
2acbc8bc,18481,8.4603,37
70d1571b,14144,8.4603,37
2c27a308,8799,8.4603,37
14892c9e,13930,8.4603,37
5881473f,14240,8.4603,37
6073989b,14514,8.4603,37
1a606201,9403,8.4603,37
b4eada6,14643,8.4603,37
567e8d8d,14794,8.4603,37
2ab57099,13669,8.4603,37
335c6fa4,8658,8.4575,37
6f31392c,15145,8.4603,37
6e81adeb,15181,8.4575,37
3ef0ced0,20759,8.4575,37
70972923,5790,8.4603,1
7d0d109d,5801,8.4603,1
45b21912,19502,8.4603,37
2f4dec7,18176,8.4603,37
1b93be49,9078,8.4603,37
781ea625,14871,8.4603,37
402061b8,16046,8.4603,37
78ccfd2a,17495,8.4603,37
55bc08d9,19329,8.4603,37
535b85d1,27013,8.4521,37
5ef92e11,10361,8.4548,37
1d17b9d7,10084,8.4575,37
28d8806c,6265,8.4575,1
2722fdab,6648,8.4603,37
30bcc6f8,18604,8.4603,37
10c50839,7816,8.4575,37
7cf231ad,14389,8.4603,37
4c8d443d,9785,8.4603,37
1a50c052,13822,8.4603,37
220580d3,13167,8.4603,37
22ec87e1,6491,8.4603,37
4ffea548,18896,8.4603,37
6974ac26,9893,8.4603,37
433f4294,6597,8.4603,37
75baa30a,18442,8.4603,37
4ed20e7d,14035,8.4603,37
332fe1d3,18811,8.4575,37
941c61b,10406,8.4493,37
45984e89,15228,8.4603,37
651a07c3,5872,8.4603,1
29f743ca,17708,8.4603,37
2e8129f1,10302,8.4575,37
7f62a0f3,20262,8.4603,37
296ac6ae,6762,8.4603,37
1c7bf85f,17531,8.463,37
f010109,15259,8.463,37
28e87fb9,13409,8.4603,37
57c883bc,15705,8.463,37
12ba4fa0,8151,8.463,37
14b2201a,12991,8.4603,37
251fe43d,10359,8.4603,37
133c62cc,10257,8.4603,37
182986c6,17598,8.463,37
78c2d2a5,10221,8.463,37
6b846b62,12937,8.463,37
6eb334f8,14733,8.4603,37
70d0bf62,19922,8.4575,37
38c71561,18122,8.463,37
7ad6a522,15182,8.4548,37
4f24e275,17548,8.463,37
6cca1b8f,12961,8.463,37
6c26776a,14499,8.463,37
47907d1,11667,8.463,37
39336ca2,7980,8.463,37
5990e68,13384,8.463,37
16d07783,17433,8.463,37
34a44f87,10592,8.463,37
7983fd35,5689,8.4548,1
7efb0997,14954,8.463,37
6b8215a4,17795,8.4575,37
1bc097fd,13171,8.463,37
3d5192a3,13622,8.463,37
46858f98,16377,8.463,37
5e68e5eb,18573,8.463,37
4108fea4,19427,8.4603,37
707da8ac,19284,8.4603,37
1a6e1074,9112,8.463,37
3b0f96f,11375,8.4603,37
5cbda63,7144,8.463,37
186e3abe,9890,8.463,37
46760eaa,19173,8.463,37
72696477,8981,8.4603,37
769680d4,18806,8.463,37
2d5554a7,8861,8.4603,37
44873079,16337,8.463,37
7d74be42,20545,8.4603,37
3f260118,7396,8.463,37
38d18a37,7705,8.463,37
452861ac,18161,8.4603,37
1d7641e5,18822,8.463,37
12d7bd92,20268,8.463,37
26630dcd,10258,8.463,37
20402dac,11711,8.463,37
20822e75,19914,8.463,37
1eb152cd,19176,8.463,37
3fbd21fa,19404,8.4603,37
522d8918,20760,8.463,37
1dc905c,13823,8.4603,37
309ce794,9955,8.463,55
24afec70,4973,8.463,1
724bbbee,19564,8.463,37
17f08b8b,8123,8.463,37
40076ea6,8141,8.463,37
1b10c6ba,8072,8.463,37
342b8afd,10479,8.463,37
2714f320,12883,8.463,37
5c1dcb3a,9734,8.4603,37
fece07a,14237,8.463,37
4c054267,13625,8.4603,37
4125e315,14803,8.463,37
2931e5ae,7989,8.463,37
29bc8e5b,19393,8.4603,37
3727784c,10384,8.463,37
1bcac44d,17582,8.463,37
7519a16a,18867,8.463,37
532326f2,14299,8.463,37
1ea0b49b,18119,8.4603,37
5385f3ae,7185,8.463,37
6b2f0a45,10129,8.463,37
2171a564,6925,8.463,37
3a6ec9bd,7798,8.463,37
55e4126b,14235,8.463,37
7912d736,7826,8.463,37
22e2a95d,27409,8.463,37
1f93bee0,20258,8.463,37
357dda88,18905,8.463,37
1d9f91ef,7440,8.463,37
21cd4547,10095,8.4603,37
544f6c5f,20721,8.463,37
3b0baa87,9935,8.4603,37
1a87d2d7,6283,8.463,1
60798ef4,8338,8.463,37
724f8f0e,15622,8.4575,37
1d4bb0fb,13122,8.463,37
2b5518c1,7088,8.463,37
457b460,19055,8.4603,37
746063f4,14155,8.463,37
62ee69ff,11240,8.463,37
4e4c4578,11671,8.463,37
4ddcdf60,13354,8.463,37
7411860f,9930,8.463,37
5a3f2a17,18117,8.463,37
65a1a8e3,14664,8.463,37
496a56aa,14057,8.463,37
6266a738,7807,8.463,37
1a3f7485,7242,8.4575,37
72312191,19706,8.4603,37
69f5e67b,6267,8.463,1
5f87131c,6843,8.463,37
24c18cd4,13848,8.4603,37
62417009,15816,8.4575,37
32f48a48,13247,8.4603,37
558c60f9,18761,8.463,37
7d03e1b0,13631,8.463,37
14ab1721,9567,8.463,37
29b7936,12924,8.4603,37
34264a34,14456,8.463,37
564a3361,6611,8.463,37
1a142496,15535,8.463,37
431fac2b,14231,8.463,37
70a02b3b,10289,8.463,37
45ee2996,15256,8.463,37
42b8cb71,10942,8.463,37
79b37724,10643,8.463,37
47f3e2cd,15547,8.463,37
7365c13c,14360,8.463,37
77827f62,19795,8.463,37
15ea3ce1,8258,8.463,37
4d57411b,27000,8.463,37
71c4c0cd,15545,8.463,37
10e615ac,8038,8.4658,37
747b01bd,10096,8.4658,37
30b226e7,18441,8.4658,37
479ae673,15018,8.4603,37
67f1d059,7966,8.463,37
4bab43f3,6711,8.463,37
6a8fd17f,11695,8.4658,37
7ab61b23,19066,8.4658,37
4ab97f17,18936,8.4603,37
132c7f34,18612,8.4658,37
2890279,7845,8.4658,37
16193f7e,7225,8.4658,37
19c41243,11734,8.4658,37
5cbc519d,15853,8.463,37
38a04f4f,10574,8.4575,37
2c9940e1,7811,8.4658,37
563a7316,11525,8.4658,37
66c915c1,13826,8.4658,37
39f424a9,19693,8.463,37
7faaab3,5774,8.4658,1
61827ce5,9976,8.4658,37
4f4b1a09,7295,8.4658,37
57f2944,8172,8.4658,37
77e8185a,11615,8.463,37
6064cffc,17393,8.4658,37
22d52653,10856,8.4658,37
5e1c1e44,6301,8.4658,1
6981e715,8244,8.463,37
2f5cdef6,5792,8.4658,1
243092f0,15438,8.463,37
1ae0460c,19889,8.4658,37
7c3fb30a,8984,8.463,37
35dd7915,10973,8.4658,37
15daca4c,27065,8.4658,37
2069df7f,12919,8.4658,37
d122edd,11408,8.4658,37
c347b96,5802,8.463,1
52ffbed4,10284,8.4603,37
1134866d,19665,8.4658,37
d4c3650,6007,8.4658,35
220b04a4,27042,8.4658,37
d2d172f,7029,8.4658,37
381fff09,18317,8.463,37
17e38d81,13640,8.4658,37
540db0ec,13676,8.4658,37
2e59a0ed,7392,8.4658,37
4ba84e66,17820,8.4603,37
c8807ad,20782,8.463,37
35bb5c00,14087,8.4603,37
5686dc92,19604,8.4658,37
132db262,17402,8.463,37
7c19b75b,19633,8.4603,37
1c9b9606,10925,8.4658,37
60a9f87c,17730,8.4658,37
1e69e8a9,16340,8.4658,37
2f7b2750,16310,8.4658,37
a2f6d15,17404,8.4658,37
78eb5292,12805,8.4658,37
6f10bf1f,7146,8.4658,37
4055d099,12847,8.4658,37
1128449a,11523,8.4658,37
3dda5a2d,7439,8.463,37
671fb048,13466,8.4658,37
651c6c59,9822,8.463,37
3e79a066,9951,8.4603,37
d9d03f3,14384,8.4658,37
6322dbc1,11465,8.4658,37
30fd5fab,10427,8.4658,37
2a7a340c,15815,8.4658,37
4f9d282b,17403,8.4603,37
3a940eca,9436,8.4658,37
604e1e34,5890,8.4603,1
1b6f9c65,19464,8.4658,37
3d152353,13110,8.463,37
50655f4f,18956,8.4658,37
27ed9865,6689,8.4658,37
5029a32b,10478,8.4658,37
44b20dc6,19133,8.4658,37
5a175b33,10978,8.4658,37
fd79b85,17637,8.4658,37
16e1c7d0,8649,8.4658,37
31f3f33b,10194,8.4658,37
5643b077,9857,8.4603,37
b2b22e2,14070,8.4658,37
256f6297,8862,8.463,37
180e4e30,7090,8.4658,37
5305954e,8552,8.4658,37
16b91fe,19753,8.4658,37
5f4e309e,19094,8.463,37
67f9c1b5,13702,8.4658,37
5ec50722,11521,8.4658,37
35db8a89,10088,8.4658,37
4a0bd699,9386,8.4658,37
17b24a47,6771,8.4658,37
395652ef,18478,8.463,37
50b0088e,8788,8.4658,37
449bb31f,19496,8.4658,37
417e29b9,6028,8.463,35
16efa1ef,10357,8.4658,37
4ab4ca53,17561,8.4658,37
1a104ff3,15849,8.463,37
38a04e5,10520,8.4658,37
3309c6cc,14445,8.4658,37
7946030b,7827,8.4658,37
5f0374ac,17394,8.4603,37
47f4d768,6300,8.4658,1
148a5e5f,14147,8.4658,37
69c8d5a4,27299,8.4658,37
2daa7a25,13668,8.4658,37
4c04a76f,15614,8.4658,37
aba6016,18834,8.4658,37
4e3a626f,3637,8.4658,29
2570f110,11026,8.4685,37
5b75ccc9,13879,8.4685,37
4b35a44e,6834,8.4685,37
32a33717,5791,8.4685,1
6bc05b85,14680,8.463,37
491acf9c,14055,8.4658,37
3c7c41f2,19492,8.4685,37
174cc2e5,9940,8.4685,37
7eb9bffa,13023,8.4685,37
61c0f99e,13550,8.4685,37
3fed5785,6650,8.4685,37
4e47e177,13017,8.4685,37
7db2d12a,6430,8.4685,37
1bd8db0b,18527,8.4685,37
46e6c657,10661,8.4658,37
4edcf68a,7561,8.4685,37
3f61ea7f,18877,8.4685,37
54b14738,11772,8.4603,37
96cce26,6620,8.4658,37
4d4d7432,19917,8.463,37
20ad1127,9630,8.4658,37
b930aa3,18207,8.4685,37
102f355f,9463,8.4685,37
4e7928e5,7481,8.4685,37
218bc2f2,16508,8.4685,37
69e7dbcd,9904,8.4685,37
3ddf5d5c,14696,8.4658,37
8b8e63,19565,8.463,37
732b097,13481,8.4685,37
78516ed1,13639,8.4685,37
2fbfeba5,14744,8.4685,37
731b90a7,12085,8.4658,61
4e07c6f5,14378,8.4685,37
61bf305b,14238,8.4685,37
126bed5b,12928,8.4685,37
42d9ce70,17621,8.4685,37
6d68f024,17570,8.4685,37
754d283a,19493,8.4685,37
380112fd,19538,8.4685,37
3427f1c3,17709,8.4685,37
1ee4deb3,7427,8.4685,37
7e1705c8,18833,8.4658,37
2939edca,7076,8.463,37
2f439ad,13172,8.4658,37
325245f4,10033,8.4685,37
39701394,8644,8.4685,37
1d9434f,7095,8.4685,37
22c33b88,11524,8.4658,37
29eb7c1,9944,8.4685,37
3ee9eae7,8659,8.4685,37
3bcbf8b5,19480,8.4658,37
704307b8,8611,8.4685,37
4be76d43,18868,8.4685,37
3cb0eb41,8351,8.4685,37
7564ea7e,7814,8.4685,37
64d0b312,11874,8.4685,37
3406f4f4,6662,8.4685,37
cd3f3f3,9678,8.4685,37
30cc0056,14957,8.4685,37
48dfc694,19626,8.4685,37
40b1ee79,14317,8.4685,37
6b970b13,9845,8.4685,37
663b8807,12931,8.4685,37
7b60efcd,8041,8.4685,37
76a619a1,19965,8.4685,37
26b86993,19666,8.4685,37
69b5991b,8650,8.4658,37
15d70d67,8863,8.4685,37
11b485ef,18957,8.4658,37
14f909f9,13160,8.4685,37
1c277c2f,17554,8.4685,37
53fa756d,9950,8.4658,37
366b7a70,14529,8.4685,37
73d340e7,19123,8.4685,37
5ec2d7cf,8652,8.4658,37
58bf6cb6,19266,8.4685,37
5e139067,6142,8.4685,1
33c6c92f,7097,8.4685,37
5a7b73c8,14461,8.4685,37
124fbbe7,14969,8.4658,37
509d9161,8997,8.4685,37
5597b5ec,17821,8.4685,37
64581aac,10979,8.4685,37
363401fd,11042,8.4685,37
547369a5,6270,8.4685,1
3b0c704f,20007,8.463,86
726e8d6,10362,8.4685,37
58b3ea6d,6552,8.4685,37
20076711,7397,8.4685,37
7851f556,19786,8.4658,37
4881c2d2,11169,8.4685,37
1700c884,5965,8.4685,1
ca41a9a,7808,8.4685,37
7ba8b51d,10008,8.4658,37
3df97fe8,7394,8.4685,37
2cacc43b,14958,8.4685,37
706bfe,6694,8.4685,37
3e4e36b0,19705,8.4685,37
483e08ae,19283,8.4685,37
279908e,6032,8.4685,35
1d534a4,20640,8.4685,37
4e617998,14241,8.4685,37
38117038,6835,8.4685,37
10c9038a,11061,8.4685,37
552115b2,9905,8.4685,37
384c1063,8595,8.463,37
30fa42f7,11710,8.4685,37
3597460,8880,8.4685,37
5bd4e2d2,16691,8.4685,37
605f09f,13273,8.4685,37
648af752,13289,8.4658,37
2c3865d7,4974,8.4658,1
5086c0f0,17571,8.463,37
79ae5377,14443,8.4685,37
4a2d0b77,18443,8.4658,37
2554d938,11101,8.4685,37
43330c22,18096,8.4685,37
480ddad8,5690,8.4658,1
6ad9161d,15638,8.4658,37
69478f67,7077,8.4658,37
32cedc71,15562,8.4685,37
14331bea,10154,8.4685,37
36788e8f,13391,8.4685,37
19e38a81,10931,8.4685,37
63910390,10855,8.4685,37
1449cb3b,10235,8.4658,37
2b98d599,9285,8.4685,37
59662a93,18871,8.4685,37
32803fac,17427,8.4658,37
562ab965,7246,8.4685,37
3bf38a24,14632,8.463,37
53290d7b,13633,8.4712,37
60e735ed,8016,8.4658,37
63854905,16002,8.4685,37
44805dfb,6530,8.4685,37
5f59c2c5,16509,8.4712,37
648cc9e,13165,8.4712,37
4f4c7033,13195,8.4712,37
96593a4,13620,8.4712,37
183b37a7,9388,8.4712,37
58d72402,18903,8.4658,37
845b8eb,16549,8.4712,37
74361ac3,6922,8.4712,37
51eb4f52,14601,8.4712,37
713a1de4,13347,8.4685,37
359ef102,20719,8.4712,37
3e84b93c,15442,8.4712,37
48b800cf,9235,8.4712,37
69ccf101,14990,8.4712,37
2b180bdb,10366,8.4712,37
2f716c16,15951,8.4712,37
30ce0add,13462,8.4712,37
2e1b2fbe,20587,8.4712,37
3878ca73,13463,8.4712,37
36327084,7031,8.4712,37
5d1fe34a,8440,8.4712,37
e2ca083,19089,8.4658,37
3181904d,6537,8.4712,37
1dc792d6,19710,8.4685,37
6312e84f,7476,8.4712,37
460112f9,13614,8.4712,37
64a6acc0,9004,8.4658,37
45d6c3a0,17681,8.4712,37
31f21bc5,6138,8.4712,1
7f2a41d8,8194,8.4712,37
2e3b3251,11429,8.4685,37
595c0ee3,17430,8.4712,37
5d833ff5,17489,8.4712,37
7c8e2bb3,13869,8.4712,37
532b2ab1,8985,8.4712,37
5107817b,6525,8.4712,37
265988b0,5902,8.4712,1
6e9e31a0,16734,8.4712,37
62616719,14528,8.4712,37
6fbf0b55,15058,8.4712,37
30bb788c,13670,8.4712,37
68a85773,14064,8.4712,37
198acd0,19293,8.4712,37
16eaea15,11379,8.4712,37
4c61a96c,6452,8.4658,37
85b621c,10299,8.4685,37
49209b40,16488,8.4712,37
6c1523ce,19782,8.4712,37
7e6611c8,17822,8.4685,37
33516fdf,9798,8.4712,37
761f3128,13204,8.4685,37
2dd5bb97,7963,8.4712,37
63f317b4,8651,8.4712,37
5b64a382,10238,8.4712,37
547d5fb7,10187,8.4712,37
54745fac,9805,8.4712,37
2fc1ac21,7108,8.4712,37
514772e8,14425,8.4712,37
6f791f90,19067,8.4685,37
1906b4ec,6974,8.4712,37
10193521,5904,8.4658,1
3b04b349,15103,8.4712,37
40edd65c,14032,8.4712,37
761c46cb,10371,8.4712,37
5a912d30,9634,8.4712,37
449153d0,14862,8.4685,37
673b0c6f,13963,8.4712,37
7305345d,13950,8.4712,37
7a1ea25e,7968,8.4712,37
7aea7fc6,27014,8.4712,37
20ae6fa0,13786,8.4658,37
1a77fc0f,16322,8.4712,37
559d1c7,19320,8.4712,37
6e6fb7b6,14177,8.4712,37
51888660,19344,8.4712,37
b75f7d0,11732,8.4712,37
7344cf8c,14208,8.4712,37
58f54a71,11082,8.4712,37
4bb494de,8655,8.4712,37
5e1ab04e,14883,8.4712,37
7a75172a,18962,8.4712,37
8217cd7,13841,8.4712,37
675c1b69,6449,8.4685,37
6ccf5f0c,15460,8.4712,37
3ed1c9f8,19923,8.4712,37
3d95cd31,7226,8.4712,37
3a150eb9,19680,8.4712,37
2cb411c8,6134,8.4712,1
1c9a83af,6198,8.4712,1
1d079ed9,15165,8.4712,37
11b1e6e0,10006,8.4712,37
597e9882,6492,8.4712,37
7f67c58c,9959,8.4712,37
5e376def,15091,8.4658,37
402f162f,10918,8.4712,37
6d382c20,11784,8.4712,37
2c32dfae,19200,8.4712,37
729b18a0,18528,8.4712,37
490f87d2,13411,8.4712,37
71a96eb2,10745,8.4685,37
38d7b534,11081,8.4685,37
5ddc058b,7895,8.4685,37
67297e31,8430,8.4712,37
52ad4411,7096,8.4712,37
68cb6c08,14795,8.4712,37
5cfc3cba,19937,8.4712,37
5506dcc7,14264,8.4685,37
7972e8a0,11745,8.4712,37
41c7a653,13337,8.4685,37
72df294f,9275,8.4712,37
11dc3337,20482,8.4712,37
7f05ee44,9819,8.4685,37
38c3ac9,9589,8.4712,37
4b56fd01,8198,8.4712,37
812eea6,20283,8.4685,37
78a73118,13114,8.4658,37
28008786,12810,8.4603,37
4ab8ba3d,9763,8.4712,37
55c00a12,14819,8.4712,37
14aede43,14025,8.4685,37
383e57e7,19770,8.4712,37
37d87b8f,8554,8.4658,37
621d77fc,17597,8.474,37
23e13a,18967,8.474,37
4ae80fb6,14683,8.4712,37
3e180167,7891,8.474,37
373323cf,14158,8.474,37
6e6df318,8040,8.474,37
28063e22,10622,8.474,37
5cf43f26,6776,8.4712,37
7277422c,7834,8.474,37
6b99856e,7813,8.4712,37
163c17f,14013,8.474,37
7c93c37a,9212,8.474,37
34bd98e6,13938,8.474,37
1328c9ea,11035,8.474,37
594d25e4,19292,8.4712,37
6eb5002b,6965,8.474,37
3697cfb3,15094,8.474,37
63252712,9892,8.474,37
135ce07d,6574,8.474,37
55ae0e65,7307,8.474,37
5d4cb934,17599,8.474,37
171b1838,19177,8.474,37
63b04dae,20320,8.474,37
4648aa9b,18842,8.474,37
7ef52e7f,9788,8.474,37
31e03341,9650,8.4712,37
505cd5ee,5991,8.474,1
412fbdd,12929,8.474,37
3458aa25,14991,8.4712,37
21deae5,13304,8.474,37
4c98707b,7447,8.474,37
5f47b626,10185,8.4685,37
2e3f2669,8545,8.474,37
4398bb89,17555,8.474,37
4c8c0029,18963,8.474,37
2e987918,17927,8.4685,37
79c30ecc,9389,8.474,37
7f01a68e,13709,8.474,37
53a06c0f,8518,8.474,37
3e9d8fda,18103,8.474,37
5fc953ab,6617,8.4685,37
2d8eab0a,13258,8.4712,37
3aee93c3,13922,8.474,37
62e0a96f,6715,8.474,37
6ca584f9,18841,8.474,37
7acd4c7f,12839,8.4712,37
3d971312,13102,8.474,65
7329efe8,15706,8.474,37
14e58b33,8923,8.4712,37
5427571a,7707,8.474,37
51adc10f,17600,8.474,37
6d47327d,6009,8.474,35
554380f5,6598,8.4712,37
3b3292c0,13115,8.474,37
4a89910,14605,8.474,37
50a88722,17568,8.474,37
19a5e1ea,12968,8.474,37
362ed48c,11712,8.474,37
768eab40,7846,8.474,37
620bb324,13257,8.474,37
3d401b7f,13109,8.474,37
5497b43e,8095,8.474,37
145d9094,17411,8.474,37
170afdf4,14239,8.474,37
2827fea2,14515,8.474,37
417899dc,14209,8.474,37
39d96857,16317,8.4712,37
797cc7c5,19088,8.474,37
6e39e4a6,9264,8.474,37
6b8a26c4,9649,8.474,37
19636032,13831,8.474,37
63ece34,17768,8.474,37
27830681,6698,8.474,37
1d05a8b3,14302,8.474,37
1f6529d1,17786,8.474,37
6fda1b67,14610,8.474,37
50d2af13,14783,8.474,37
6022c58a,12800,8.474,37
56bf43fe,11019,8.474,37
69017b6d,11235,8.474,37
7216f3d4,18821,8.474,37
2ceeeb69,5967,8.4712,1
761a6df4,11696,8.474,37
14a2aa49,19924,8.474,37
4f4cbe17,13644,8.474,37
2eea5418,6510,8.474,37
269ca338,27422,8.474,37
2bd1d10,10407,8.4712,37
282ba756,15229,8.4685,37
6bed4408,19890,8.474,37
8bce438,13168,8.474,37
62032da2,19688,8.474,37
176737a3,7030,8.474,37
16abec43,16533,8.474,37
5575f907,13051,8.474,37
3742a1f9,19696,8.4712,37
79d9478a,19093,8.474,37
24c1b2e,10377,8.474,37
6d51a508,6035,8.474,35
63b2f300,10420,8.474,37
1c551187,18485,8.474,37
6538c6db,19506,8.474,37
566e28e1,8264,8.474,37
3419dc69,7122,8.474,37
5f3da3a7,17521,8.474,37
7c10b885,7054,8.474,37
5b1ebec6,6017,8.474,35
219edb58,6302,8.474,1
d950304,5673,8.474,1
130c6457,13642,8.4712,37
6a213223,27325,8.474,37
4467592f,18101,8.474,37
13f41ee0,10417,8.474,37
632aee15,27324,8.474,37
2bc0e645,12926,8.474,37
7ea9f768,7742,8.474,37
4d19e543,17668,8.474,37
79f7e0b3,5686,8.4712,1
4e870ad9,6700,8.474,37
3206f554,11060,8.474,37
32556cb,7109,8.474,37
1149811,14187,8.474,37
472012f8,8660,8.474,37
4289f31d,7679,8.474,37
235951e5,19498,8.4712,37
6b337689,15806,8.474,37
4e42afee,16266,8.474,37
932c30c,6535,8.474,37
4aed82c,7035,8.474,37
7459610e,6212,8.4712,1
2f3f8db4,15551,8.474,37
22f83581,18882,8.474,37
300a01fc,14447,8.474,37
4217d069,5997,8.474,1
7df99834,19134,8.474,37
2e78f812,6493,8.474,37
4e1d19c0,10476,8.4712,37
32751cf2,6016,8.474,35
37c0ab0,6615,8.474,37
6a2dcaa5,9682,8.474,37
4c580d39,11238,8.474,37
56d00acc,19280,8.474,37
359ab32c,19479,8.474,37
31e63fd8,18789,8.4767,37
3ddbdd18,14806,8.4767,37
38caba47,15755,8.4767,37
6b0b2605,15468,8.4767,37
b68eb9b,9016,8.4767,37
bf01dd1,13747,8.4767,37
59db3db4,6546,8.4767,37
720ca4fe,18421,8.4767,37
68a032aa,6008,8.4767,35
4b4cfa6c,5807,8.4685,1
5a290ab5,6143,8.4767,1
22a84cc8,13010,8.474,37
16d11658,13552,8.474,37
2aefb9cb,13551,8.4767,37
1d449fc6,9334,8.474,37
7418dba6,17928,8.4767,37
66f61b32,10089,8.4767,37
780ba262,12966,8.4712,37
4108a80a,13936,8.4767,37
73ff8e66,13315,8.4767,37
250624a0,14285,8.4767,37
bb9ad0,20720,8.4712,37
4f72a35,16170,8.4767,37
bf41873,20288,8.4767,37
1f430e89,13619,8.4767,37
43f27aab,19516,8.4767,37
7ee94662,12806,8.4767,37
55f5fe4c,17583,8.4767,37
52c5853d,17670,8.4767,37
2b28aec,12967,8.4767,37
365c068e,16311,8.4767,37
4ca19997,15164,8.4767,37
32330153,8259,8.4767,37
24401813,19694,8.4767,37
72fe0263,11956,8.4767,37
3253508a,8461,8.4767,37
19048d39,19290,8.4712,37
1840f60a,18894,8.4767,37
3e0b0574,17806,8.474,37
99b915d,14519,8.474,37
12c8b582,10100,8.474,37
748e220a,13158,8.4767,37
4463cc89,8263,8.474,37
1127bc21,10358,8.474,37
46946f22,14145,8.4767,37
438f8b88,6495,8.4767,37
195210f4,20346,8.474,37
3538614b,7402,8.4767,37
5030e5b1,12838,8.4712,37
45febb0f,7709,8.4767,37
66008f5b,19798,8.4767,37
104488e9,9213,8.474,37
478efa3d,8047,8.4767,37
4f65566f,13868,8.4767,37
2d7d628f,15684,8.474,37
194ab409,7104,8.4767,37
29a5ea0f,6742,8.4767,37
4c96177a,15850,8.4767,37
41ec0ed2,18763,8.4767,37
ab97d7d,14100,8.4712,37
469f7adf,7607,8.4767,37
406c1591,9956,8.4767,37
3c3df721,19319,8.474,37
7d2e374e,17904,8.4767,37
40daf3b6,18279,8.4767,37
603ab6a1,18124,8.4767,37
336dd178,17307,8.4767,37
3ff5041c,14525,8.474,37
28a50717,14192,8.4767,37
1d1f331c,18843,8.4767,37
40a4c7d6,9817,8.4767,37
57e6fe3a,7589,8.474,37
577bc66e,12918,8.4767,37
3318884e,15639,8.4767,37
8a61f4d,20563,8.4767,37
55e4638c,18754,8.4767,37
35135024,8746,8.4767,37
3c52b85e,18755,8.474,37
4bff0d62,15695,8.4767,37
3d71ff92,10968,8.4767,37
12cc1a68,17823,8.4767,37
8524e36,14932,8.4767,37
3a6dbdc1,14753,8.4767,37
4800ffbe,17371,8.4767,37
5de17a61,9635,8.474,37
71fb469c,13600,8.4767,37
52dafc1a,6513,8.4767,37
47d8bc15,9683,8.4767,37
100c929a,19641,8.4767,37
5fbe722a,19445,8.4767,37
6878cd85,19081,8.4767,37
95a29ce,18540,8.4767,37
7f0cdf50,7016,8.4767,37
530fcdb9,18982,8.4767,37
bc39a4f,17800,8.4767,37
8ff8f7,7012,8.4767,37
19e051e9,10485,8.4767,37
5ba45228,6636,8.4767,37
342f2569,15542,8.4767,37
4bd3247e,16270,8.4767,37
2329d041,7812,8.4767,37
5c1edc93,19346,8.4685,37
47eaa1e0,17459,8.4767,37
aa3d019,9936,8.4767,37
6765b2d4,15971,8.4767,37
4d3510ef,9674,8.4767,37
5f425d08,16267,8.4767,37
4bf57de1,4975,8.4767,1
1cc9559,14532,8.474,37
649b5fe7,19707,8.4767,37
4bb21a04,11263,8.4767,37
29fce461,14431,8.4767,37
49069eca,13845,8.4767,37
565b2f59,9170,8.474,37
2c85acee,13103,8.474,65
125fbafe,5710,8.4767,1
202084bf,19703,8.4767,37
52980bcd,6494,8.4767,37
4f47520f,7147,8.4767,37
5b72ab58,8434,8.4767,37
7fd3d9f5,10003,8.4767,37
a713b2a,5998,8.474,1
2916c9d7,11065,8.4767,37
67f08fc6,6712,8.4767,37
68dfebc,10124,8.4767,37
5262d2c,17336,8.4767,37
1ae1142e,15832,8.4712,37
790c260b,14999,8.4712,37
109d4f88,9684,8.4795,37
24665ffa,14516,8.4795,37
36347f3c,14139,8.4795,37
3698346d,7266,8.4767,37
2e103b8f,9211,8.4795,37
548bd0ca,19078,8.4795,37
4204cc2e,13548,8.4795,37
575c96cd,10241,8.4795,37
783f03ea,14069,8.4767,37
723881a7,11774,8.4767,37
16395672,20774,8.4795,37
25e04086,18823,8.4795,37
25403783,6987,8.4795,37
61535f44,9957,8.4767,37
13c3af35,3642,8.4795,29
4f95e1f9,14315,8.4795,37
68566cfd,14430,8.4767,37
4c08a1d8,10411,8.474,37
42ba16e8,10412,8.4795,37
2240ad6f,20343,8.4795,37
792a1c5e,10980,8.4795,37
400f755a,5874,8.4795,1
529026e5,19755,8.4795,37
759cc20d,12808,8.4795,37
5c7df80c,7414,8.4795,37
67e3e37c,18582,8.4795,37
3417566b,13301,8.4795,37
2788664e,18773,8.4767,37
1406572b,20560,8.474,37
6c06bed4,7458,8.4767,37
62ac1931,12804,8.4767,37
6f2b93c,18445,8.4795,37
20eb19c6,20281,8.4767,37
7942f311,13142,8.4795,37
78c9cafa,17373,8.4767,37
7b250899,18845,8.4795,37
680d6598,8128,8.4795,37
10506476,17734,8.4795,37
7ee4c716,13486,8.4795,37
2dd66993,14036,8.4795,37
2ef4e814,16003,8.4767,37
9f87955,13169,8.4795,37
3d144a68,17556,8.4767,37
6590f6ab,7799,8.4767,37
7b94817b,17328,8.4795,37
72a97255,13624,8.4795,37
6df12162,19969,8.4767,37
fb6b7d9,18824,8.4795,37
50f6600d,11737,8.4795,37
69748b9c,15139,8.4712,37
dea5de1,7882,8.4795,37
37d83bfa,7383,8.4795,37
5d636925,9533,8.4795,37
54cdd304,14188,8.4767,37
19a89a6a,6699,8.4767,37
4672c9eb,19689,8.4795,37
30033d34,10866,8.4795,37
a6c8dc3,13882,8.4795,37
450eea5f,14309,8.4767,37
574a2d2e,13125,8.4795,37
7279bbd,7560,8.4795,37
2e64fcf0,18852,8.4795,37
462d0808,9799,8.4795,37
7d6c8903,9529,8.4795,37
74e66922,9202,8.4795,37
779eb2ea,14624,8.4795,37
59dd9959,10484,8.4795,37
406027f0,20294,8.4795,37
708e9a7,10422,8.474,37
583024e,19966,8.4795,37
7d39d411,15817,8.4795,37
302154f6,18120,8.4767,37
71bfaaa5,9952,8.4795,37
31ba20e4,13881,8.4795,37
2cb6d5ef,12954,8.4767,37
160ab26b,17370,8.4795,37
76446a89,11880,8.4795,37
1aecd88d,10102,8.4767,37
7a316634,14520,8.4767,37
60b2dd30,10232,8.4795,37
2368b2a7,13138,8.4795,37
5f3c3ef7,7878,8.4767,37
2ecde3e2,15628,8.4795,37
1cb4434a,15203,8.4795,37
3efb9c67,11733,8.4795,37
ec6c9,9045,8.4795,37
419df7d9,17498,8.4795,37
77e6c7a9,8587,8.4767,37
1e205dec,7101,8.4795,37
39e33cb0,13350,8.4795,37
a945b27,18872,8.4795,37
24994693,10285,8.4795,37
672a965c,15567,8.4795,37
38cab0d1,9116,8.4795,37
132cc089,18835,8.4795,37
3bc9fca8,7178,8.4795,37
558a889c,8327,8.4795,37
382be6c4,17575,8.4795,37
4df641c0,27311,8.4795,37
39aec86a,7608,8.4795,37
38e179ab,7499,8.4795,37
5f9ba5b5,10286,8.4712,37
4e149e2,7919,8.4795,37
201c17c7,10223,8.4767,37
6f3e6636,19712,8.4767,83
5c21765b,16540,8.4795,37
6b9f7b56,13056,8.4795,37
1e77504d,15186,8.4795,37
2649a63,16198,8.4795,37
5520b7da,27419,8.4795,37
2576f5f7,19497,8.4795,37
1a72c2c,19100,8.4795,37
27b609f9,15140,8.4795,37
2ed7932c,19321,8.4795,37
7778f4b2,6101,8.4795,1
3e20280c,8008,8.4767,37
5dcde831,17797,8.4795,37
4aa3cbb0,6772,8.4795,37
7ace7b32,19783,8.4795,37
4f4f6da,16697,8.4795,37
36ca1a15,15462,8.4767,37
6260b937,9851,8.4795,37
6bfe59a2,9568,8.4795,37
481f3021,13937,8.4795,37
2ee38185,15694,8.474,37
49ad2c6f,13898,8.4795,37
61a8e3a8,14146,8.4795,37
5375a9b1,10327,8.4767,37
731b39e4,8857,8.4795,37
190b9af1,12827,8.4767,37
3f989fdb,7148,8.4795,37
116e376e,10036,8.4795,37
415e91b8,6654,8.4795,37
6ba0546e,14884,8.4795,37
2eb997f9,11239,8.4795,37
55a4a3b2,11020,8.4767,37
cdceb50,13007,8.4767,37
60c23bef,6306,8.4795,1
457561c8,7013,8.4795,37
9a810bd,13884,8.4795,37
6bcc482e,7970,8.4795,37
1b85cfd6,27410,8.4795,37
4134df74,6232,8.4795,1
6ae9820a,20481,8.4795,37
4e5baa7,5985,8.4795,1
238d4a12,20321,8.4767,37
2a09eb75,7738,8.4795,37
1f477a9d,16670,8.4795,37
700c4246,8086,8.4795,37
15bb5d71,13290,8.474,37
310c4ec9,5728,8.474,1
4afaef7f,13067,8.4795,37
58f69a14,7459,8.4795,37
17e904ae,9907,8.4795,37
44406a9c,27310,8.4795,37
59dcf47c,10287,8.4767,37
371b1278,9908,8.4795,37
5e413b47,9150,8.4822,37
3596e369,15709,8.4822,37
c062cb7,13296,8.4822,37
37aab14f,18217,8.4822,37
6f7a31c1,14681,8.4822,37
6a855d01,14247,8.4822,37
3ef57544,6927,8.4822,37
2dd6de47,18168,8.4822,37
1317a095,7433,8.4822,37
11188435,15623,8.4822,37
51b5ae42,16316,8.4822,37
5c239da5,18209,8.4822,37
4a8a66d5,19184,8.4822,37
64377419,18312,8.474,37
315b7d86,9292,8.474,37
17318bbf,20626,8.4822,37
4d601251,14262,8.4767,37
54c569e6,9806,8.4767,37
b0d48db,27423,8.4795,37
61d0b371,6029,8.4822,35
2c6fd780,8653,8.4767,37
539a01b2,6696,8.4822,37
1890d2b7,11746,8.4822,37
32b0d08a,17801,8.4822,37
561fa696,6899,8.4822,37
49eb802,18278,8.4822,37
78aaeb2,15896,8.4795,37
63dd94c8,17699,8.4822,37
330a1a49,6584,8.4822,37
260cc740,14562,8.4822,37
180a31a8,14375,8.4822,37
29fa4ee4,18123,8.4822,37
3b8808ab,9114,8.4822,37
3b369288,9496,8.4822,37
412df672,9172,8.4822,37
11fd680e,12828,8.4822,37
24859213,6485,8.4822,37
56bf33fe,7782,8.4822,37
2d89a4d2,6432,8.4822,37
7dd82b3d,9894,8.4822,37
6950313f,19021,8.4795,37
13979903,8553,8.4822,37
5544ac7a,10007,8.4822,37
3d0c2f00,19213,8.4822,37
3c18784c,19811,8.4822,37
5c57f429,13191,8.4822,37
3466ef55,7120,8.4767,37
1b96275b,5708,8.4712,1
6433e67d,11325,8.4795,37
726a06e,6760,8.4795,37
4b9eb98,17671,8.4822,37
2ebfb8ab,13553,8.4822,37
5544a30f,17729,8.4822,37
67d35c19,18964,8.4795,37
c19e465,13951,8.4822,37
2cfd8e50,8378,8.4822,37
7fd41184,6826,8.4822,37
ff899aa,6293,8.4795,1
72b63fd8,6869,8.4822,37
16720bbf,6189,8.4822,1
32f9b0d0,14245,8.4822,37
6d7ecf3a,18102,8.4822,37
50881a37,15952,8.4822,37
26803ef6,13932,8.4795,37
650b9d01,11483,8.4822,37
1a0bde40,18320,8.4822,37
197c524,8431,8.474,37
26472c6e,18104,8.4822,37
1f9d5e32,17367,8.4822,37
5b207a5f,19508,8.4767,37
64a12afa,9855,8.4822,37
7b9a5e5c,10356,8.4822,37
56a992ce,13461,8.4822,37
5686a34b,17412,8.4822,37
3b32841b,9253,8.4795,37
12f3459f,10953,8.4822,37
3ffb179,6275,8.4822,1
195a7c2a,11316,8.4822,37
36673146,13715,8.4795,37
3e3055a8,14224,8.4822,37
403a4f6e,17441,8.4822,37
a4bc06f,7885,8.4822,37
5a92d61,14992,8.4822,37
3908a569,9514,8.4822,37
2b5bdc19,13259,8.4795,37
4f9609f4,6403,8.4822,37
3ad8af0b,7391,8.4822,37
7c94b3f4,19023,8.4795,37
7e0e849e,13151,8.4822,37
66283dc4,18208,8.4822,37
1d1dca3,8190,8.4767,37
5883c47e,18482,8.4822,37
1e4a145c,6695,8.4795,37
6eab0a3f,13544,8.4822,37
146a597f,7102,8.4822,37
1bd1bb95,8855,8.4822,37
5d372ca5,14391,8.4822,37
13113bab,7590,8.4822,37
13004d70,7272,8.4822,37
55762917,8717,8.4822,37
43ed3d3f,10103,8.4822,37
3d8dd8c0,13305,8.4822,37
595770f7,12443,8.4822,61
73f9aa27,13487,8.4822,37
fc10bd0,17309,8.4822,37
5cd98930,19306,8.4795,37
7ec21361,19175,8.4822,37
3e6b8a94,11264,8.4822,37
7da7ec,15168,8.4822,37
765b3b8,14808,8.4822,37
17e53a6d,9464,8.4822,37
75383d2f,11824,8.4822,37
1897b6a3,5999,8.4822,1
32c52e7a,9823,8.4822,37
c4d4c1d,9672,8.4767,37
3828c9fe,18958,8.4822,37
1d2f42f6,10190,8.4795,37
68209d7,17461,8.4822,37
604980be,12157,8.4767,61
1e50c270,18741,8.4795,37
790f1bbe,18742,8.4822,37
6fd579f9,13578,8.4822,37
433558cd,7098,8.4822,37
5ae11109,7673,8.4767,37
501f51e1,10926,8.4822,37
5a3d63a1,10309,8.4822,37
1e63d3ae,20484,8.4822,37
4833d6db,16353,8.4795,37
7779039f,14258,8.4712,37
295a64f5,10239,8.4822,37
5eb27670,6580,8.4767,37
76ed81b3,15918,8.4795,37
6fa3366c,19244,8.4849,37
934c532,19637,8.4849,37
5007e50a,18906,8.4849,37
7dd6144b,9670,8.4849,37
25ad605d,27043,8.4849,37
6bad4d0f,6621,8.4822,37
6f407721,11573,8.4849,37
f076,16534,8.4849,37
45ca9782,17437,8.4849,37
448e6f01,15885,8.4849,37
1ea9c404,6538,8.4849,37
2f9f37eb,19632,8.4849,37
234a41d1,7538,8.4849,37
3ef8d31d,20562,8.4849,37
9b955a4,17910,8.4849,37
7e5bc0dc,13205,8.4795,37
282d9093,13547,8.4849,37
5035deb0,18825,8.4849,37
13e2a567,6632,8.4822,37
6e51bd13,8850,8.4849,37
162ea15d,8149,8.4795,37
339fdae7,13571,8.4822,37
77f27d0f,19022,8.4849,37
94cfd1f,7103,8.4849,37
f83b8cc,16671,8.4822,37
1ec0c9b3,19451,8.4849,37
42060339,13412,8.4822,37
26781473,10680,8.4849,37
4832b1a6,18461,8.4822,37
5ae535b4,14059,8.4849,37
2888ea1a,7078,8.4849,37
4eb5b8f4,9307,8.4849,37
2764a753,6627,8.4822,37
718cde0a,17329,8.4849,37
13579f05,17669,8.4849,37
22a14ad2,6868,8.4849,37
64b5d8f8,6579,8.4822,37
606c504e,14960,8.4849,37
fdbae63,14734,8.4849,37
6ccad574,15685,8.4822,37
434ad05f,6708,8.4849,37
41260658,14385,8.4822,37
64bf6a67,17438,8.4849,37
6689306,7719,8.4849,37
13dc10a9,17436,8.4822,37
290706d3,6697,8.4849,37
27604047,8789,8.4849,37
3c5af384,8462,8.4849,37
4d3f2691,17378,8.4849,37
3e952ec7,5873,8.4849,1
2f359658,17532,8.4849,37
441886e9,9267,8.4822,37
70a73b55,19787,8.4849,37
6753c090,14428,8.4849,37
64571d74,10259,8.4849,37
6478e0d9,10974,8.4822,37
2d4c1290,12891,8.4822,37
54e210e9,19268,8.4849,37
8021bbc,13924,8.4849,37
2b5f4c4d,19545,8.4849,37
4381280f,13152,8.4849,37
664a0324,18529,8.4822,37
3aac1256,15231,8.4849,37
ee147ee,7393,8.4849,37
6b401c6a,15263,8.4822,37
5da56105,9237,8.4849,37
2627c12f,20615,8.4849,37
6d314de9,8330,8.4849,37
7cc3591f,6400,8.474,37
170ba9a1,17622,8.4849,37
7966c4b0,8588,8.4849,37
2c4631b6,13720,8.4849,37
c718cdb,12146,8.4849,61
6efa19d6,12070,8.4849,61
1f8b6122,15890,8.4849,37
5dcf02ab,17846,8.4849,37
550795d3,9216,8.4849,37
364c0840,19517,8.4822,37
3b5491f7,10919,8.4849,37
3d06f506,13653,8.4849,37
54c65678,6102,8.4849,1
21e5aa8,5793,8.4795,1
7b6c3067,13272,8.4849,37
71c854c9,17824,8.4849,37
67606a57,11037,8.4849,37
7d9581d4,8938,8.4849,37
4ec8fcb3,14094,8.4849,37
411af3d,18090,8.4849,37
60475f3a,17415,8.4849,37
310df9c7,12889,8.4849,37
3829b631,19967,8.4849,37
31489e4e,12504,8.4849,61
6b2ca9d2,15106,8.4849,37
35b1b6b1,17496,8.4849,37
405c0608,17443,8.4849,37
35934aa3,15773,8.4849,37
5e7fd284,14684,8.4849,37
3b7f07fa,13009,8.4849,37
3433a1a,15201,8.4849,37
4a047e3b,6975,8.4849,37
c7c9e44,16273,8.4849,37
230f103c,13031,8.4849,37
1638d0f3,8856,8.4849,37
ce680ac,6272,8.4795,1
4f65161d,14374,8.4849,37
e391270,9262,8.4822,37
36e200fb,8340,8.4849,37
51d03dc4,9272,8.4849,37
673a1581,6709,8.4849,37
21d63184,8598,8.4849,37
795189d,14141,8.4822,37
577b3bb6,9977,8.4849,37
60daaac5,7686,8.4849,37
7090fd4b,13368,8.4849,37
5f6e4234,9010,8.4822,37
51c664e4,15143,8.4849,37
36903e76,10186,8.4849,37
647f609b,10097,8.4849,37
1372b3fa,11802,8.474,37
3e202c42,13880,8.4849,37
5ca38e26,19020,8.4849,37
43474691,17533,8.4849,37
452cd060,9938,8.4849,37
22de6fce,13643,8.4849,37
7a51a6bb,15463,8.4849,37
3ac3c569,20259,8.4849,37
60c518b7,10804,8.4849,37
17561e6a,6199,8.4849,1
339a7964,7118,8.4849,37
3ba0c276,19185,8.4849,37
73687515,9047,8.4849,37
66248422,6547,8.4822,37
31a94967,15660,8.4849,37
34db82ec,17424,8.4849,37
9d54573,9465,8.4849,37
39254981,19648,8.4822,37
52b6c70,9284,8.4849,37
394dc689,13352,8.4849,37
72b4d62d,15629,8.4849,37
614ee0bb,14180,8.4849,37
36601b95,9391,8.4822,51
2789eafe,10491,8.4849,37
28ea9668,11954,8.4849,37
63788c73,15138,8.4849,37
7cbb38e6,14842,8.4849,37
6ae654f2,19318,8.4849,37
5c6c4688,15149,8.4849,37
20c9d2bb,18297,8.4877,37
5d0927c8,16252,8.4877,37
63ef62e7,7800,8.4877,37
ddd382b,7505,8.4877,37
ddf791e,10943,8.4849,37
197c380a,11027,8.4877,37
19c9998,6428,8.4849,37
374cd3e4,27044,8.4877,37
6564e5e0,9585,8.4877,37
4644a5ab,9543,8.4877,37
6b41a1d9,13493,8.4877,37
ef4a570,14418,8.4877,37
4c7d1aab,6825,8.4849,37
74fe9740,13891,8.4877,37
12d7af6f,13933,8.4849,37
43ea690f,14367,8.4877,37
39234760,9466,8.4877,37
1d2fbaad,19858,8.4877,37
1d6b6adf,9444,8.4849,37
32e812ca,9043,8.4877,37
11534bb0,14263,8.4877,37
2b2fda4c,19711,8.4877,37
71c971e5,19452,8.4877,37
3520b595,19899,8.4877,37
45beeaef,9818,8.4849,37
4ebb3723,12848,8.4877,37
7798e5fc,9858,8.4877,37
74473148,18446,8.4877,37
55d0c119,8256,8.4877,37
670bb0de,11309,8.4877,37
701e9133,19161,8.4877,37
3d9e2309,10349,8.4849,37
6e95f5aa,16510,8.4849,37
542225e6,6585,8.4877,37
5031a158,17460,8.4877,37
1c7b463c,7106,8.4849,37
5d02c8bc,15060,8.4877,37
18cacbef,18404,8.4877,37
56c53468,7384,8.4877,37
452c92cf,6904,8.4822,37
32066f0,19505,8.4877,37
48ac1900,9680,8.4877,37
6773649,10222,8.4877,37
276c66a2,17527,8.4849,37
27fb8359,20575,8.4877,37
fb7fabf,14682,8.4877,37
30cd407e,16698,8.4849,37
6dbf12cb,15864,8.4877,37
745079b3,11028,8.4849,37
f4add2b,16264,8.4877,37
3f98ac7f,15982,8.4877,37
627fabb,13101,8.4822,65
658cd542,15488,8.4877,37
12e6b5a1,17754,8.4795,37
4b9c9153,6021,8.4877,35
319d270b,11881,8.4877,37
74f8e77f,13143,8.4877,37
3238c2bf,10415,8.4877,37
155422e4,10669,8.4877,37
3a6d2f14,13299,8.4877,37
6210e22d,16523,8.4877,37
1649f9ea,12900,8.4877,37
223ebac5,13026,8.4849,37
71f82419,10372,8.4822,37
141cb181,12515,8.4877,61
4dc39c41,7368,8.4877,37
1afcefae,9168,8.4877,37
2a14c804,6273,8.4877,1
5b75f47e,17714,8.4877,37
a054ac5,7611,8.4877,37
77f955b4,7123,8.4849,37
7ba1e7a7,14281,8.4877,37
f833aa9,18435,8.4877,37
36552f92,8771,8.4849,37
2ff01afe,7988,8.4877,37
1219ae41,11616,8.4877,37
66f1ef7a,7781,8.4877,37
5c98cb9d,14849,8.4877,37
7031c77f,8449,8.4849,37
5f39146d,7227,8.4849,37
8dc26d,15808,8.4877,37
69ee7739,19882,8.4877,37
179a5f44,19797,8.4877,37
17aba6,12925,8.4849,37
6ee78f63,17545,8.4877,37
5d959577,7848,8.4877,37
5b9591c6,20598,8.4877,37
7e879e5,19127,8.4877,37
310f6b87,17310,8.4877,37
c78bc9b,6529,8.4877,37
5e36b6e0,19434,8.4877,37
79eae4ad,8998,8.4877,37
33f3fb44,7540,8.4849,37
7aa615c5,13641,8.4849,37
573e1f71,7674,8.4877,37
114c2dc7,16033,8.4877,37
596aae28,13673,8.4877,37
293882d7,15799,8.4849,37
28b2541c,15092,8.4877,37
7da7c82b,12922,8.4877,37
2a15830b,14110,8.4877,37
2682638f,20742,8.4849,37
4bc173b2,14554,8.4877,37
8640c71,20667,8.4877,37
e6fdbad,10410,8.4822,37
3bc45ff4,18847,8.4877,37
7bd8e7dd,13147,8.4849,37
53f76b53,17611,8.4877,37
23356033,6276,8.4849,1
3a17a05e,13809,8.4877,37
64d4ece,9515,8.4877,37
6e0800a7,7084,8.4849,37
66b4c1ad,10414,8.4877,37
61269875,7236,8.4877,37
df191a1,15650,8.4877,37
23d2b580,8519,8.4877,37
632bb1fe,19058,8.4849,37
493dd7b7,9547,8.4877,37
369b78de,17316,8.4877,37
5bf3c833,19614,8.4877,37
67abaf9e,18180,8.4877,37
37e68b35,19201,8.4877,37
1ae56fc,9428,8.4877,37
c63d920,9139,8.4877,37
3fb4a376,17848,8.4877,37
528471d6,16735,8.4877,37
79d0a58e,11237,8.4877,37
51b8e790,14687,8.4877,37
225252ed,10347,8.4877,37
3867eac2,7533,8.4877,37
491c36d9,6865,8.4877,37
3515ab17,14423,8.4849,37
5f8ecc0d,9236,8.4849,37
6ffb282b,6511,8.4877,37
684deeec,11046,8.4877,37
40cfa7c2,6006,8.4877,35
6988f572,8002,8.4877,37
5f843218,15476,8.4877,37
7fe64234,8255,8.4849,37
58399d8a,11561,8.4877,37
6575d0f8,6171,8.4877,1
4be1397e,19982,8.4877,37
4b788a41,15166,8.4877,37
e8c17d1,9494,8.4877,37
359275c4,16354,8.4877,37
21d36b31,7107,8.4849,37
6a6a9de3,9293,8.4849,37
654f286d,16006,8.4877,37
43d55d55,7124,8.4822,37
79653cfd,6448,8.4849,37
7b2c82c,20290,8.4849,37
475e33b7,15854,8.4795,37
5bce6771,14041,8.4877,37
3218a6a8,6303,8.4849,1
378f4c86,16506,8.4877,37
62cae6c2,8800,8.4849,37
71c75bd6,6806,8.4877,37
543fb2a7,6512,8.4877,37
7ce2b2be,17735,8.4877,37
478f267d,6536,8.4877,37
bb8666c,7541,8.4849,37
3ef17d2f,6602,8.4877,37
17725adc,12442,8.4877,61
7eec6dce,8445,8.4877,37
362fff79,16323,8.4877,37
382f496,6179,8.4822,1
6a3ea80,14148,8.4877,37
1bbc6587,10009,8.4877,37
52a185be,8087,8.4877,37
4693fd38,16049,8.4877,37
5ffdf880,19044,8.4877,37
27953ea5,8801,8.4849,37
79c7d39c,8597,8.4877,37
20e49ba1,19503,8.4877,37
106d5ec5,14026,8.4877,37
1e033a7b,8102,8.4877,37
5d22f005,10949,8.4877,37
27430612,6435,8.4877,37
20143063,14365,8.4849,37
320d294,19698,8.4849,37
7f269a78,16004,8.4904,37
76045480,6633,8.4904,37
7792e50b,15260,8.4877,37
72a32d1f,11118,8.4904,37
7e266ab6,17440,8.4849,37
4759c4c3,9548,8.4904,37
2ad281a6,10324,8.4904,37
4a88934a,19294,8.4877,37
3b1c48d3,12508,8.4904,61
21a884d1,15687,8.4904,37
6c163988,6628,8.4904,37
52f75a1d,9541,8.4904,37
5ceb81ca,7155,8.4877,37
3980088a,27015,8.4904,37
6487bc4b,20287,8.4904,37
c482574,19082,8.4904,37
cad00e6,6777,8.4904,37
35d08da1,14647,8.4904,37
6cec0ab4,12071,8.4904,61
2142e1d8,14027,8.4877,37
450c6f26,13630,8.4904,37
74005fa3,18965,8.4904,37
78b5523d,17317,8.4904,37
4e4f20d2,8929,8.4904,37
681c0362,9525,8.4904,37
1e17b485,8329,8.4904,37
ae31a95,11697,8.4849,37
4c6139c0,19061,8.4877,37
7b1fd92e,11777,8.4904,37
35550d77,7149,8.4904,37
7390d23c,9586,8.4904,37
5000f357,15813,8.4904,37
156a6fae,20316,8.4904,37
10b90284,9632,8.4904,37
654d239d,19410,8.4904,37
3280fe28,9768,8.4904,37
7451f0c9,19749,8.4904,37
2ca461e5,15061,8.4904,37
20f9ee27,11593,8.4904,37
491551dc,13582,8.4904,37
15bd35ae,9584,8.4822,37
6135b706,6908,8.4904,37
ed2e5d1,8851,8.4904,37
72beb1e0,13348,8.4904,37
1f70e6a5,6664,8.4904,37
2454c33a,13349,8.4904,37
75374874,13193,8.4904,37
5ac9ed87,11311,8.4904,37
43ac6762,5996,8.4904,1
441aef46,6450,8.4904,37
15ed0c4f,8052,8.4849,37
dd6ea0,16171,8.4904,37
206a8eae,8379,8.4849,37
3319353a,16005,8.4904,37
9375bc4,10205,8.4877,37
4e6bc862,16524,8.4904,37
25281761,6220,8.4877,1
5143f294,15812,8.4877,37
658c3159,7899,8.4904,37
2b09ad63,10769,8.4877,37
5e47c3b0,13828,8.4904,37
5697145f,10364,8.4849,37
6f37d43f,17713,8.4904,37
10de4dbe,14729,8.4904,37
765a9873,15661,8.4904,37
471ffa88,14537,8.4904,37
2725eb98,27418,8.4904,37
35099a88,7567,8.4904,37
4574e17f,10413,8.4904,37
67cf60a2,13105,8.4904,37
5fbc0d69,18181,8.4877,37
57cd542d,6433,8.4904,37
35d038b2,8266,8.4904,37
298684da,9800,8.4877,37
16ee03c6,18966,8.4904,37
1d373764,18126,8.4904,37
2bbf510a,13931,8.4904,37
1f1ee967,10125,8.4877,37
2230e0a,8656,8.4904,37
64b5cdbb,27411,8.4904,37
5d6e653a,10237,8.4904,37
472773c3,13701,8.4904,37
27f58ace,13780,8.4904,37
91c7cbf,19453,8.4849,37
1f143225,13546,8.4904,37
7559bf34,15261,8.4904,37
55f85ef8,15474,8.4904,37
5ed01d73,13297,8.4904,37
34436b92,11509,8.4904,37
c5bd231,11792,8.4904,37
1b4352dc,14735,8.4904,37
45a6ff42,13392,8.4904,37
6a96139f,18947,8.4904,37
380e8ea6,10451,8.4904,37
395aeec9,15169,8.4904,37
4b744a4f,17891,8.4904,37
1a5ba9d3,10348,8.4904,37
11a4b255,17601,8.4849,37
5d937579,15640,8.4904,37
33d1f4a4,7017,8.4849,37
5a9ee6a3,19446,8.4877,37
ce26cc6,8101,8.4904,37
3c19a347,14830,8.4904,37
286249a8,18739,8.4904,37
14aafcd4,8119,8.4904,37
39acab1c,8060,8.4904,37
31b514af,12854,8.4877,37
b203438,7247,8.4877,37
4978ca48,15838,8.4904,37
4e3a5aa4,11180,8.4822,37
6c40f9bd,10101,8.4877,37
482f35d4,17305,8.4877,37
14079386,5719,8.4904,34
78589b8,9587,8.4904,37
36b59d09,9961,8.4904,37
a08861,10020,8.4904,37
1e06b3fa,13959,8.4904,37
641c853a,11574,8.4877,37
fbb3353,6458,8.4904,37
6e4e8052,9633,8.4904,37
73bf0b49,14063,8.4877,37
55b8896b,13012,8.4904,37
7e8a7945,19383,8.4877,37
7e3f06fb,8642,8.4904,37
53d2f8b2,8444,8.4904,37
4935fc3c,14998,8.4904,37
5857c7a0,15183,8.4877,37
75baddbe,7415,8.4904,37
7334152c,9335,8.4849,37
1586d36a,9005,8.4904,37
730a7cbd,9648,8.4904,37
507e184f,11410,8.4877,37
6b383323,19313,8.4904,37
330ea19,11562,8.4904,37
2cb237df,15475,8.4904,37
200e7496,7581,8.4849,37
410bbe,20741,8.4904,37
7c393a15,7892,8.4904,37
20ddc799,13312,8.4904,37
243991b9,8654,8.4904,37
77c0fb6c,10155,8.4904,37
7f5412d1,12822,8.4904,37
31fbe3ad,6675,8.4877,37
59a71872,10206,8.4904,37
29cc93b1,10498,8.4849,37
1e2d5e92,9277,8.4849,37
7651cec3,6663,8.4904,37
18d9ad2f,13954,8.4904,37
79dc42ce,20597,8.4877,37
34c0075f,12807,8.4904,37
4c1ff0d2,17446,8.4904,37
197a8cab,7817,8.4904,37
35d2b887,8152,8.4904,37
22b7778,20295,8.4904,37
22886816,15477,8.4904,37
36e5629d,16511,8.4877,37
54f8df3,7849,8.4904,37
489d5625,18303,8.4932,37
11d478f9,7858,8.4932,37
cb811d4,10762,8.4932,37
756125a5,13338,8.4877,37
57ef6952,13097,8.4877,37
65cec0e6,8912,8.4932,37
29344b3a,18188,8.4932,37
55841fb4,14266,8.4877,37
790d49af,19539,8.4932,37
6ad77f98,8366,8.4932,37
61b18463,27473,8.4932,37
14bd4e5e,11326,8.4932,37
2e810b40,15807,8.4904,37
5614a98d,9671,8.4932,37
71b1165c,10945,8.4932,37
455acb3d,11905,8.4904,37
4003dd6d,19186,8.4932,37
35f34a22,13787,8.4932,37
44b894aa,18125,8.4932,37
1a8ec1e5,17736,8.4932,37
2727b82a,7539,8.4932,37
8aa44b6,13323,8.4932,37
8379ccd,10964,8.4932,37
645ae5c7,6673,8.4932,37
7ea6e78e,8304,8.4932,37
24739318,11716,8.4932,37
1096b2af,14868,8.4932,37
235119a7,14686,8.4904,37
d67d52b,14104,8.4932,37
6a8200d4,14804,8.4932,37
52d1a5cf,7380,8.4932,37
777766f0,6011,8.4904,35
26befa74,10922,8.4932,37
74d79748,14934,8.4932,37
799edcb1,11840,8.4932,37
35926594,13430,8.4877,37
6fa49abb,18928,8.4932,37
3e18a061,11778,8.4932,37
316c9847,18080,8.4932,37
650eb2c9,8207,8.4932,37
17f4f53b,6710,8.4932,37
5cced43c,7079,8.4932,37
27ae7c6c,15686,8.4932,37
72d5667e,9080,8.4932,37
42b81832,14530,8.4904,37
687d4b6d,18969,8.4932,37
3ce40712,17374,8.4932,37
65db7066,13895,8.4932,37
650494cd,15001,8.4932,37
79c4d3e8,11875,8.4932,37
240aa2c0,7282,8.4904,37
68577141,15826,8.4932,37
65e9f870,9263,8.4877,37
3aed3cb6,14371,8.4932,37
5fc50ef0,6436,8.4904,37
75c258ae,14608,8.4932,37
6b39ca69,20608,8.4932,37
6ea5c447,14872,8.4932,37
1a54796c,9982,8.4932,37
3054282e,19382,8.4932,37
630faa1e,8288,8.4932,37
46c04e94,9276,8.4877,37
7fe6d039,9437,8.4932,37
6e6292b3,5984,8.4932,1
70238a3b,6656,8.4932,37
3453ce45,10031,8.4932,37
7d7db7ee,10486,8.4904,37
77045f8,9495,8.4932,37
270f2ff9,20317,8.4932,37
6aacd3e,20260,8.4932,37
6bee757f,6803,8.4932,37
4165bfa1,17512,8.4904,37
5137a2a4,14130,8.4932,37
546d72ff,14886,8.4932,37
36daf6b8,11038,8.4904,37
4c30b080,14246,8.4932,37
20449610,19336,8.4932,37
4c8a223e,19756,8.4932,37
734f5bda,13687,8.4932,37
3a325183,17813,8.4904,37
77157a23,9895,8.4932,37
3e42a4c3,14784,8.4932,37
23c4eae7,19310,8.4932,37
2aabba3,10857,8.4932,37
2a5cf4ce,11045,8.4932,37
2ca064f,10543,8.4932,37
2985de69,13634,8.4932,67
2d129a6c,6864,8.4932,37
6025e184,19799,8.4932,37
328f7bb1,6409,8.4795,37
35fe8d1f,18093,8.4932,37
c86a036,9685,8.4932,37
436049e3,19861,8.4932,37
41be2c9d,9787,8.4932,37
35bb08b8,9710,8.4932,37
4b2c12f8,6507,8.4877,37
72928cbb,8219,8.4904,37
337cfc5b,6431,8.4932,37
66d40f61,17480,8.4932,37
2b55c0d6,9981,8.4932,37
7f9f6fc3,9631,8.4932,37
39f6d856,9425,8.4932,37
57882d1b,10972,8.4904,37
52de044c,20722,8.4932,37
563b98a3,16525,8.4904,37
5980ce5a,10604,8.4932,37
4f76c084,13322,8.4932,37
6d284142,9810,8.4932,37
675c32c4,11718,8.4932,37
3871c26b,10123,8.4932,37
417a5701,19762,8.4904,37
6e772c3d,6930,8.4849,37
68bbf925,20558,8.4877,37
5e6f0cc3,16805,8.4932,76
4d3e8a50,20618,8.4932,37
1aff510e,17439,8.4904,37
2d3ae1a5,8546,8.4904,37
b95f9d5,7487,8.4904,37
32408efd,7008,8.4932,37
5257de9a,10378,8.4932,37
289a2abc,15150,8.4932,37
ce5352b,13339,8.4932,37
3ae4752c,9859,8.4932,37
56abcfe4,13584,8.4904,37
2f1dc047,14300,8.4932,37
af4e4e2,15209,8.4904,37
1320ad85,15151,8.4877,37
1bfc94ea,10363,8.4932,37
5a22702a,19649,8.4932,37
77dc4c78,10365,8.4932,37
61869b83,14540,8.4932,37
1e22189d,14557,8.4904,37
57489853,15202,8.4932,37
57866737,9079,8.4904,37
176d7012,13682,8.4932,37
19856492,13849,8.4932,37
a9cedf1,13020,8.4932,37
5d23552d,13024,8.4932,37
21b2537b,10576,8.4932,37
1321022b,10814,8.4932,37
7ebf96db,13892,8.4932,37
c2bb478,9544,8.4932,37
39722e1c,14809,8.4932,37
ae88bc2,5794,8.4932,1
11c3f0ee,6933,8.4849,37
1348a543,14471,8.4932,37
3be26bf8,9416,8.4932,37
7b509b00,14056,8.4904,37
2d645b94,8596,8.4904,37
571586b,8287,8.4904,37
56ceef63,15563,8.4932,37
22c2f5a1,20467,8.4932,37
22f397e7,7612,8.4904,37
5d35f262,19465,8.4932,37
5202aaab,13896,8.4849,37
5d3f1280,19348,8.4877,37
68e59b7b,15579,8.4932,37
5d2174f8,16730,8.4904,37
78afc6ce,6394,8.4877,37
3cd5b4e3,18141,8.4932,37
28e7ff74,17395,8.4877,37
7e37d824,13615,8.4904,37
78a8e89a,7055,8.4904,37
694b29c0,9405,8.4932,37
7ec067c2,14433,8.4932,37
3e7676c6,20543,8.4932,37
484a7c29,19883,8.4932,37
31109967,10188,8.4932,37
4c1316f0,13575,8.4904,37
41de89f2,12888,8.4932,37
6d7afc86,27016,8.4959,37
58149bef,5986,8.4932,1
ce4a28b,8867,8.4959,37
4141e7f8,10034,8.4932,37
39402bfc,19269,8.4959,37
3e47e9e,13560,8.4959,37
7fd356ee,10391,8.4959,37
560a4365,9706,8.4959,37
6e2d8d93,20559,8.4932,37
4e1d0e46,20318,8.4959,37
2b1c554d,6010,8.4959,35
2f893a20,14329,8.4932,37
2d4a6b57,17929,8.4959,37
b032f86,5720,8.4959,34
42fcb596,10126,8.4959,37
24c2cfd3,10962,8.4959,37
5a2c18cf,20319,8.4959,37
48c17313,17847,8.4959,37
6fb63f98,15540,8.4959,37
74098ce4,7018,8.4959,37
676848f2,13019,8.4959,37
7ae6571e,19350,8.4959,37
618a2631,11971,8.4959,37
4480dd2a,8333,8.4959,37
77f65e93,13814,8.4959,37
3f60a9d4,9215,8.4932,37
febaba7,6132,8.4959,1
4dc05efd,20296,8.4959,37
8078310,10963,8.4904,37
3293a5cd,17481,8.4959,37
60f796ab,14606,8.4959,37
2f0f1bfe,19699,8.4932,37
1b24120c,9308,8.4904,37
34b67168,11353,8.4932,37
6828eb9b,13157,8.4904,37
6b2f8b57,9115,8.4932,37
70ece3c2,18179,8.4959,37
3f2fdd8b,8944,8.4959,37
4200c10,15707,8.4959,37
31a00cd,26996,8.4959,37
2c414706,14802,8.4959,37
6d430480,8562,8.4959,37
3ac8bc31,6807,8.4959,37
3b173cd5,8061,8.4959,37
1c97b519,16742,8.4959,37
6905d50f,27300,8.4959,37
3e7817ee,19481,8.4959,37
412e0d24,8088,8.4959,37
6135196f,27312,8.4959,37
60b04765,20322,8.4959,37
59e3ffa3,19905,8.4959,37
68958e96,10863,8.4959,37
a7c778e,15578,8.4959,37
7f8db1c3,13934,8.4959,37
39554776,5674,8.4959,1
7df08ff4,20485,8.4959,37
145957c3,27363,8.4959,37
648ef22,6173,8.4959,1
1535666a,6307,8.4959,1
6cc3d417,13057,8.4904,37
327a6103,14797,8.4959,37
738ab991,15095,8.4959,37
4db287bc,19918,8.4932,37
3f238171,11717,8.4904,37
5e309def,6104,8.4959,1
7850f189,18302,8.4959,37
580ba47f,6286,8.4959,1
21060658,14458,8.4959,37
28d2300,14902,8.4959,37
d05821b,20743,8.4959,37
5808095b,20463,8.4959,37
27ab776a,13778,8.4959,37
368e9101,9752,8.4959,37
5df031f3,19612,8.4959,37
452aa9c7,9181,8.4959,37
39c6862f,9124,8.4959,37
7b021e8f,8069,8.4932,37
27a1d7b5,15901,8.4959,37
4f9bf5c2,14709,8.4932,37
37552617,9700,8.4959,37
58af32cb,19482,8.4959,37
3aaf392c,9294,8.4959,37
51b2be90,7428,8.4932,37
7887d76c,9065,8.4959,37
27c593a7,20063,8.4959,86
2559105f,15775,8.4959,37
61db7c5a,12801,8.4932,37
27a1fbba,15536,8.4932,37
20c59730,11482,8.4959,37
4c4e3e87,10691,8.4959,37
4d73b09f,14993,8.4932,37
7cc11ec8,20641,8.4959,37
77f03cc7,17540,8.4959,37
5fa465a8,7296,8.4932,37
5354057b,6455,8.4904,37
1a2669e7,20441,8.4959,37
3f3a0c6,11116,8.4959,37
7513a27b,13148,8.4959,37
7aeaa3ce,12451,8.4932,61
6401c9c5,19533,8.4932,37
ce9bf44,7130,8.4932,37
590c3f4f,6038,8.4959,35
3534ea2d,20349,8.4959,37
1aefdb96,8352,8.4959,37
70ca66ef,17490,8.4959,37
3118f42d,19454,8.4959,37
236f15a1,13601,8.4959,37
47b84931,11665,8.4959,37
64e6b237,17772,8.4959,37
12a99b1a,6453,8.4932,37
493056f3,7739,8.4959,37
4cc47f25,19468,8.4932,37
1de21b80,13883,8.4932,37
434d326d,16324,8.4959,37
53481447,6451,8.4959,37
8817339,8334,8.4959,37
6753185b,10932,8.4959,37
6ae0212a,13654,8.4959,37
4014a841,13599,8.4959,37
430f03c1,14805,8.4959,37
3ce15a3b,9171,8.4959,37
5763c5fc,13843,8.4904,37
32d039f1,6526,8.4959,37
3ffc96e7,14970,8.4959,37
26392402,14726,8.4959,37
76f9e8c1,7648,8.4959,37
45d5585e,19174,8.4932,37
1ddc2cb8,14381,8.4959,37
7f4a9db2,9663,8.4959,37
10323dad,18583,8.4959,37
6cf77aff,19935,8.4959,37
4c49f3a1,7690,8.4959,37
67455097,13703,8.4959,37
5310756f,15187,8.4932,37
669bc687,19644,8.4959,37
31ec7829,20380,8.4959,37
323b414e,14526,8.4959,37
488256d0,8205,8.4959,37
5a9392b0,7886,8.4959,37
7f377e76,20440,8.4959,37
47a020e9,16385,8.4959,37
155f3504,16486,8.4959,37
7d0627d0,14406,8.4959,37
16251de4,14661,8.4959,37
390632c8,14242,8.4959,37
7fe7fa69,10140,8.4959,37
4e0b2059,18248,8.4959,37
137c1784,6037,8.4959,35
5f888a9c,5907,8.4959,1
571073d7,12901,8.4959,37
1764efee,18560,8.4959,37
64570ab1,9152,8.4959,37
7f10b0cd,17796,8.4959,37
2bcaea33,12903,8.4959,37
1b617b3b,14843,8.4932,37
47bff864,13246,8.4932,37
3d53ae86,12884,8.4932,37
7d4ce3a,9199,8.4959,37
519c43d3,27302,8.4959,37
69d8ed5c,14903,8.4932,37
49df597f,7220,8.4959,37
2a8bdf11,18978,8.4932,37
19ba9348,14847,8.4959,37
37a62f2e,13827,8.4959,37
4018c04,9978,8.4959,37
4e6d22c4,14432,8.4904,37
7086a8c2,11902,8.4986,37
3d6b4549,7883,8.4986,37
3b32c295,18121,8.4986,37
335b185b,13955,8.4986,37
765e764a,15758,8.4986,37
117834c5,6393,8.4986,37
76d85c01,6391,8.4986,37
3c737a15,11415,8.4986,37
57812400,20561,8.4986,37
52e8e49c,11779,8.4959,37
462f7f23,10195,8.4986,37
2e63c18,13439,8.4986,37
25e24d83,19880,8.4986,37
7b1ddc1b,4976,8.4986,1
6e440be0,9801,8.4959,37
5d71fccc,20650,8.4959,37
655a7373,19486,8.4959,37
483f9047,6962,8.4986,37
6a482cb4,8195,8.4986,37
7fa0c8e2,19968,8.4959,37
555fbc1f,16513,8.4959,37
31f5c7fd,11486,8.4986,37
63b0da93,9254,8.4986,37
483677dd,19474,8.4986,37
312851e1,7356,8.4986,37
2efdb216,18850,8.4986,37
4b7c9118,13812,8.4986,37
308f9f35,19630,8.4986,37
435b779c,19267,8.4986,37
2f2ea5b4,6460,8.4986,37
6394e153,9497,8.4986,37
361db286,14706,8.4959,37
7b6b8d2a,10690,8.4986,37
533178bc,7303,8.4959,37
968746b,18107,8.4986,37
4db2926c,20442,8.4986,37
6a17442d,13183,8.4932,37
323b354b,27048,8.4986,37
78bad44b,8257,8.4986,37
214208c2,12505,8.4986,61
712406eb,6969,8.4986,37
539ba2c8,20486,8.4986,37
38936ab4,9945,8.4986,37
34e87365,14419,8.4986,37
55d7922,11798,8.4986,37
549f343c,13973,8.4959,37
390bfbea,11043,8.4986,37
4e8fd4f5,17894,8.4986,37
20f5306f,14201,8.4986,37
de6de99,20547,8.4986,37
6b54a064,9679,8.4986,37
5233dcd9,14232,8.4986,37
691ad210,10761,8.4986,37
278308d7,16058,8.4986,37
1b3fdd61,14727,8.4986,37
57261fcb,13779,8.4986,37
6813dd6d,5987,8.4986,1
5769a508,6643,8.4986,37
3258be51,11713,8.4986,37
55672796,10521,8.4986,37
236970e2,8365,8.4932,37
39b2d062,11170,8.4986,37
7732ae78,8447,8.4986,37
4eef5b33,18873,8.4986,37
450e8d5,9979,8.4986,37
22589eef,17321,8.4986,37
4ade0426,11735,8.4986,37
65c0ecdf,18497,8.4986,37
51c20597,6221,8.4986,1
370b56a6,14688,8.4986,37
dce8b55,9714,8.4986,37
2c2fe79e,8647,8.4986,37
6f8a2827,10304,8.4959,37
7588ac75,8092,8.4986,37
535583cc,19634,8.4986,37
2ea576fc,13013,8.4986,37
43f6bbe8,10343,8.4959,37
3a9b04e0,13683,8.4959,37
46ec884,14366,8.4986,37
1f95c63,5783,8.4959,1
69e4e1aa,10418,8.4986,37
77268e4f,13583,8.4959,37
15f8284f,7753,8.4959,37
6720f89c,26997,8.4986,37
2cf1aa5f,7613,8.4986,37
6f661d78,13011,8.4986,37
5b0c017e,15478,8.4986,37
7a8efb12,14764,8.4986,37
255ca4e6,7219,8.4932,37
597c5e64,5733,8.4986,1
6240a3c4,7783,8.4986,37
6f1b92f5,12811,8.4986,37
2fa07064,10614,8.4986,37
1494948a,16312,8.4986,37
29e85a82,10770,8.4986,37
73ad4b5f,6804,8.4986,37
4fa989c9,18848,8.4986,37
6c1d98c3,18774,8.4986,37
5c9d610e,10059,8.4959,56
45733e71,7633,8.4986,37
1229f0e1,13065,8.4986,37
1272b9e7,17513,8.4986,37
25d03fb6,12147,8.4986,61
790c0dcb,10599,8.4986,37
247f54f3,19136,8.4986,37
23457c1a,6860,8.4959,37
7ccda4b,16352,8.4959,37
1eb7fd2c,19900,8.4986,37
4031fac5,9546,8.4986,37
719aedb4,18584,8.4986,37
489ceb75,13621,8.4986,37
29636eaf,10981,8.4986,37
81ca832,18555,8.4986,37
6f2b27ab,6642,8.4904,37
47b49c26,6644,8.4959,37
64c02b50,13660,8.4986,37
7662a0cb,9414,8.4986,52
5a781d54,18105,8.4986,37
9eed978,18447,8.4986,37
37c87311,20269,8.4986,37
72d16f14,13680,8.4986,37
547e9c62,27424,8.4986,37
5c2d6d2b,13678,8.4959,37
501e2ad6,17544,8.4932,37
46255947,10269,8.4932,37
3281fa69,9980,8.4986,37
12bcfdd7,19772,8.4959,37
49cc1411,8768,8.4986,37
7423edf3,13813,8.4959,37
184f4e5,9412,8.4986,37
153c828,11184,8.4986,37
74d7b0d4,8129,8.4986,37
7acd8f28,8173,8.4986,37
5866a135,9348,8.4986,37
71a35ab4,8174,8.4986,37
1a847d06,6691,8.4986,37
3c01916f,27301,8.4986,37
5103f0d3,7248,8.4959,37
3a9e76bd,5891,8.4986,1
34b40a5,8852,8.4986,37
33f1234a,8435,8.4959,37
7d3ac88f,11407,8.4986,37
3458720b,13783,8.4986,37
6d4f524d,15185,8.4986,37
571ec7dd,11793,8.4986,37
7ccb1301,15865,8.4986,37
bf4feb9,9141,8.4986,37
1c3e08b0,6463,8.4986,37
3d3f14c5,13420,8.4986,37
19484b78,11800,8.4986,37
35656fde,16503,8.4959,37
59728a4a,6605,8.4986,37
1cae349d,19672,8.4986,37
59e33356,7672,8.4959,37
148ed2fa,14311,8.4986,37
6610784a,16041,8.4986,37
4b3b1c3e,6105,8.4986,1
29c01ea1,5804,8.4932,1
182985f5,6963,8.4986,37
48b0754,10623,8.4959,37
17423117,18844,8.4986,37
3e5e1048,15759,8.4986,37
6a0c3c5b,6129,8.4986,1
143d1fd4,6964,8.4986,37
498d58b3,14225,8.4959,37
36e127e9,13679,8.4959,37
302d62ab,13015,8.4986,37
7e3fe8b6,6012,8.4986,35
75dafdce,10040,8.4986,37
4a3b52f3,10421,8.4986,37
11584925,18743,8.4986,37
102379e0,15833,8.4986,37
3235d2a7,8073,8.4986,37
2289a2d8,13790,8.4986,37
4f06f43f,7640,8.4986,37
71cbc6cd,6401,8.4932,37
7aac4d6d,15774,8.4986,37
66100875,7835,8.4986,37
960f90d,8289,8.4986,37
2632bb42,14649,8.4986,37
3eed5dcc,7058,8.4986,37
5858a9c4,14848,8.5014,37
567e8b53,20642,8.5014,37
6525c275,19068,8.5014,37
38a469af,7116,8.4904,37
3172e020,13173,8.5014,37
2c796943,9689,8.4986,37
4502164c,17584,8.5014,37
63579d2c,19929,8.4986,37
403c374,9268,8.5014,37
70545b53,13374,8.5014,37
6a27c8ec,20323,8.5014,37
25319363,7675,8.5014,37
7ad0c414,6934,8.5014,37
6052a059,9896,8.5014,37
320ee1c3,14613,8.5014,37
3de88a6b,12784,8.5014,37
11692281,7706,8.4959,37
12a475ba,13196,8.5014,37
57618ed4,11617,8.5014,37
22aa2cd4,19566,8.4986,37
6e8c7ec0,7847,8.5014,37
7ef51e05,7460,8.4986,37
71dfb06d,7288,8.5014,37
25393821,19881,8.4986,37
56867cde,14736,8.5014,37
74b6575e,3622,8.4986,29
22e57afb,15699,8.5014,37
6ab2f5fa,10709,8.5014,37
4ef1a6b6,6429,8.5014,37
2bf4433a,14961,8.5014,37
6dbeedbd,20723,8.5014,37
2702be73,11906,8.5014,37
2e66c43a,13716,8.5014,37
342f074e,11117,8.5014,37
7b676e70,9838,8.5014,37
49a4a649,13128,8.4986,37
517bec53,15000,8.5014,37
1d228445,20771,8.5014,37
5df67d7f,18284,8.5014,37
318c1e66,15641,8.5014,37
3f1b7570,27045,8.5014,37
3612ce7a,6889,8.5014,37
58614042,14665,8.4986,37
94f0a06,13480,8.5014,37
6d9b5eaa,15983,8.5014,37
4dda3c7d,15127,8.5014,37
1f6b16d4,13375,8.5014,37
6e853005,19683,8.5014,37
59dc4d71,9397,8.5014,37
45f9bbe3,17318,8.5014,37
263c83e,19447,8.5014,37
45a1c56f,27412,8.4986,37
7e2dbf6f,7429,8.4986,37
c6e320c,6039,8.5014,35
760335ea,17431,8.5014,37
6abd212c,11405,8.5014,37
217c0ba9,11438,8.5014,37
32b90e2e,7165,8.5014,37
5d7ad1f6,12932,8.5014,37
761d21b,8848,8.4986,37
5ecd3f34,12787,8.5014,37
1fad4607,14312,8.5014,37
651fe3a2,19521,8.5014,37
6ee16b96,17585,8.5014,37
5962dde1,18088,8.5014,37
2c0a35b4,20438,8.4904,37
5a89ea05,7971,8.5014,37
3612d164,15207,8.5014,37
534aa1eb,13219,8.4986,37
1c88f3b6,18499,8.5014,37
5eaff946,13385,8.4959,37
37f96945,12635,8.5014,61
61d2c206,19455,8.5014,37
416bb6a9,13784,8.5014,37
7b2ab910,5808,8.5014,1
1c665c86,14393,8.5014,37
6bd37ffe,15455,8.4986,37
779142d3,12938,8.5014,37
70aa5215,6961,8.5014,37
5e86a2ea,7796,8.5014,37
2eda0a4b,19684,8.5014,37
5be684f3,7448,8.5014,37
6e80ddff,16550,8.4986,37
5de2a404,10529,8.5014,37
53a05299,14863,8.5014,37
71388802,6190,8.4959,1
1ac2e53d,17691,8.5014,37
64b43c7c,8056,8.5014,37
35518ee9,19835,8.5014,37
9c68d9,8534,8.5014,37
2ae66fac,19435,8.5014,37
d7a9efa,9083,8.5014,37
486804f5,6903,8.5014,37
71f7fdd7,12861,8.5014,37
124e8990,14666,8.4959,37
4b9a486d,20725,8.4986,37
435da247,15066,8.4986,37
d8ae6be,6622,8.5014,37
6beeec96,17798,8.5014,37
304d37fe,9941,8.5014,37
72ae18a6,7478,8.5014,37
5ccfd32e,10300,8.5014,37
62a611f,15206,8.5014,37
1abca710,14265,8.4959,37
1855f7c9,8187,8.5014,37
3aa1014e,8887,8.5014,37
6f56ad9c,9143,8.5014,37
10ad0341,16034,8.5014,37
27f15522,9570,8.5014,37
15e89be3,14318,8.5014,37
4f08ee8f,14106,8.5014,37
37c74b24,10428,8.5014,37
1ab240bb,13008,8.4986,37
4bd4e78d,27066,8.5014,113
432014ee,19405,8.5014,37
4e33e9c5,15851,8.5014,37
468cdf20,17607,8.5014,37
2a08a0f3,18098,8.5014,37
69cc5638,18536,8.5014,37
38e0f705,9458,8.5014,37
7e6ea9de,7085,8.4986,37
7e93898,9664,8.5014,37
18354ae6,19467,8.5014,37
6bd750a0,14392,8.5014,37
77d57e2b,13025,8.5014,37
7c238b7f,19704,8.5014,37
43c40321,7032,8.5014,37
711403c5,12444,8.5014,61
b30342f,7559,8.5014,37
40d42769,18040,8.5014,37
502de91e,19611,8.5014,37
2d6c0fea,18169,8.5014,37
4d74014b,5781,8.5014,1
2e4adecf,7318,8.5014,37
32cfa9af,12093,8.4986,61
19c83f6,13032,8.5014,37
5f5c88e4,8589,8.5014,37
27188966,8866,8.5014,37
572ee1c7,19096,8.4986,37
23c3080c,6978,8.5014,37
2e38be4b,11575,8.4986,37
775f211a,20616,8.5014,37
3fc6065d,19494,8.4986,37
bddde5d,19663,8.5014,37
60f307bb,19349,8.5014,37
65d7f2b1,17502,8.5014,37
1f666b7,19439,8.5014,37
794077ed,13782,8.4959,37
23d8400e,13163,8.5014,37
53a7d77,11199,8.5014,37
374b60b9,10035,8.5014,37
4dce96a2,9473,8.4959,37
2c776725,13846,8.5014,37
7a706619,15499,8.5014,37
16d28f46,10189,8.5014,37
2f1060b8,6497,8.4986,37
7dfa7462,9303,8.5014,37
38496430,19809,8.5014,37
41f08d8e,15102,8.5014,37
5f96f9c7,19784,8.4986,37
435a8249,11050,8.5014,37
6fe32f3a,17511,8.5014,37
1cf8ae12,14531,8.5014,37
5921ccfe,20410,8.5014,37
4e7e4559,7179,8.5014,37
38922953,14959,8.5014,37
61c3986d,14014,8.4986,37
36d2fe97,17779,8.5014,37
a3a3199,15900,8.4986,37
7985c7ed,16676,8.4986,37
234b593c,13606,8.5014,37
5eb6bdc8,12979,8.4986,37
7fb1d6cf,13503,8.4986,37
24dc9659,16338,8.5014,37
5da7b947,7542,8.5014,37
361417c6,16325,8.5014,37
47e2a865,11466,8.4986,37
7cc909e,15461,8.5014,37
67c17ca1,20284,8.4986,37
717dfdb8,7441,8.5014,37
238ed272,20396,8.5014,37
40a5fefd,17849,8.5014,37
75b52f3a,9897,8.5014,37
2ceda63c,9180,8.5014,37
32e30e24,14193,8.4959,37
34152006,15134,8.5014,37
4d25bdeb,17799,8.5014,37
67ab4748,13192,8.5041,37
8961f56,6653,8.5014,37
490b943e,10197,8.5041,37
5e1fab3c,15167,8.5041,37
3ce2b03f,15801,8.5041,37
664b7306,13885,8.5041,37
7374a195,7695,8.5041,37
9358d77,13479,8.5041,37
2a509126,19938,8.5041,37
173e1429,13351,8.4986,37
41906752,11308,8.5041,37
64eb1422,20620,8.4986,37
4a1c7038,6581,8.5041,37
2d64aa0e,15557,8.5014,37
6f8cf207,12445,8.5014,61
537ab1d0,12978,8.5041,37
7ace8637,11335,8.5041,37
72f277ba,17522,8.5014,37
7ae6bf29,10132,8.5014,37
7c146594,15730,8.5014,37
7265bb1f,6294,8.5041,1
134b5d4e,8643,8.5041,37
5c9bb7f9,9470,8.5041,37
3fc513b,19713,8.5041,37
5c1ebf18,15059,8.5041,37
15f628f8,7884,8.5014,37
14d361c0,9739,8.5041,37
75c78fe8,14194,8.5041,37
5c080837,6966,8.5041,37
39431ba2,10662,8.5041,37
774fe914,10141,8.5041,37
3e3e80da,9182,8.5041,37
22eb7e9a,7887,8.5041,37
75779e38,11376,8.5041,37
3031d81b,13655,8.4959,37
38be8040,6269,8.5041,1
724cefdd,15932,8.5041,37
baa40a0,9467,8.5041,37
3565b0ce,18898,8.5014,37
79158aa2,11104,8.5041,37
6cb2a05a,14873,8.5041,37
3544422c,20792,8.5041,37
2dbf678a,9644,8.5041,37
78aab805,18932,8.5041,37
707f5831,15002,8.5014,37
1e3773a,18839,8.5041,37
16a11008,9454,8.5041,37
40f4b661,9270,8.5041,37
6db344ea,18837,8.5041,37
7773b4c1,13850,8.5041,37
69ccdb77,8561,8.5041,37
7b0dbee2,11591,8.5041,37
11b2d8fe,10044,8.5041,37
1eaaaedc,6319,8.5041,1
6345183f,11714,8.5041,37
75a9501b,13316,8.5041,37
725b1378,18740,8.5041,37
39cc8fa1,9269,8.5041,37
7283ec47,8104,8.5041,37
57c8bbf9,14434,8.5041,37
1483a750,19567,8.5041,37
4d155384,18216,8.5041,37
677f498d,14955,8.5041,37
3a936344,14062,8.5014,37
30f1b181,7092,8.5014,37
7ab6e296,6466,8.4986,37
2ddfb533,13628,8.5014,37
c776a8f,6268,8.5041,1
214981ed,14650,8.5014,37
1c0941fc,17640,8.5041,37
4c2f1963,15794,8.5014,37
7b3b217b,6909,8.5041,37
16108118,18306,8.5041,37
40402487,7563,8.5041,37
131b4cfe,18165,8.5041,37
6b929cb0,27354,8.5041,37
7490c9ed,20124,8.5014,86
56020efd,7105,8.5041,37
44884d64,20483,8.5041,37
5ad3d6e,14947,8.5041,37
3cc915d,13726,8.5041,37
6a021181,27046,8.5041,37
77804397,13307,8.5041,37
34169f64,11803,8.5041,37
208073e4,11416,8.5041,37
3133ce7c,19810,8.5014,37
37d64653,17380,8.5041,37
5bfc4b8a,13870,8.5014,37
2e952799,7860,8.5041,37
17a5c19,17769,8.5014,37
41b66bb,8986,8.5041,37
3aac8c7f,7597,8.5014,37
69e585a7,7500,8.5041,37
3694089e,13781,8.5041,37
1dd0f460,27313,8.5041,37
43415cd1,18178,8.5041,37
64c31a3,17413,8.5041,37
ae39c89,15156,8.5041,37
438deed0,9545,8.5041,37
242b1e2b,14645,8.5041,37
642931db,16269,8.5041,37
7238fe03,8641,8.5041,37
5e6f75fa,15504,8.5041,37
2249e25a,14603,8.5041,37
f43b821,6713,8.5041,37
6a8a7491,18907,8.5041,37
1f5bf524,10045,8.5041,37
72ed9fa7,8725,8.5014,37
607db36b,10010,8.5041,37
2eb45fbf,7411,8.5041,37
6e867d98,7125,8.5041,37
7008d748,9207,8.5041,37
7de3d4c9,7730,8.5041,37
4a1c90b7,17921,8.5041,37
7126356d,8335,8.5041,37
2c91fc6c,7033,8.5041,37
1a15dc21,9252,8.5014,37
79330636,8070,8.5041,37
397ed920,7110,8.5041,37
1aaf20ff,13842,8.5041,37
2eef035f,19473,8.5041,37
4f0ca202,9142,8.4986,37
f4c51a,9681,8.5041,37
604bafc1,14536,8.5041,37
633fb523,12849,8.5014,37
351cb7e0,8290,8.5041,37
1f2a0ff3,17322,8.5041,37
3950d519,19569,8.5041,37
2758e9bd,7003,8.5041,37
77abe901,8584,8.5041,37
3311e053,11829,8.5014,37
38313590,9826,8.5014,37
776d792,18818,8.5041,37
6703d3c0,17700,8.5041,37
4f48cdc0,7990,8.5041,37
7e64ec0c,6200,8.5041,1
5074f7b6,13021,8.5041,37
4f9f7e15,7267,8.5041,37
36fb29f5,8132,8.5041,37
3fd4c427,15834,8.5041,37
66094b5d,11119,8.5041,37
5252ee5f,13495,8.5014,37
3d09c161,10160,8.5041,37
2465cf1b,19875,8.5041,37
89a2b69,6404,8.5014,37
4dff1c33,9527,8.5014,37
3e8ede24,14697,8.5041,37
57ad5ed7,13333,8.5041,37
3419d3f9,15023,8.5014,37
6d016770,19830,8.5041,37
58aaf067,19773,8.5041,37
109d6aa8,14824,8.4986,37
6a61e559,8021,8.5041,37
c3d2582,8802,8.5041,37
39bd5aa,7570,8.5014,37
7828375b,17802,8.5041,37
1d865e2a,15021,8.4986,37
78f2692d,14115,8.5041,37
2519c51c,7729,8.5041,37
1cb2bc0b,6900,8.4959,37
4409879,14767,8.5014,37
336ac6b9,8758,8.5041,37
58ba6af8,15257,8.5041,37
336065d6,20263,8.5041,37
3abbd555,20609,8.5014,37
5f0193b5,14361,8.5014,37
54e7df07,10390,8.5041,37
64994e98,9528,8.5014,37
ec2e23,9651,8.5041,37
263f2b30,14301,8.5041,37
76ebe57,8791,8.5068,37
532389b0,7211,8.5014,37
39567b34,15857,8.5068,37
17151f08,11883,8.5068,37
76e9a6ff,6467,8.5068,37
39c8df9b,17965,8.5068,37
36123c0c,5906,8.5068,1
33cd9c4d,15069,8.5068,37
c1f2863,7761,8.5068,37
377aa941,17930,8.5068,37
48b18c32,20788,8.5068,37
17c15e9d,14096,8.5068,37
62683036,13413,8.5068,37
3abd9b,7304,8.5068,37
3abab3bc,16037,8.5068,37
442e61b2,10481,8.5041,37
5906ea1c,10766,8.5068,37
7a4c888a,8535,8.5014,37
2fcf243d,15003,8.5068,37
18dbe387,6830,8.5068,37
76e3ac8a,20144,8.5068,86
68756204,11957,8.5068,37
6a2f20f9,13748,8.5068,37
3e4d4dfb,10156,8.5068,37
79cd466e,19351,8.5068,37
7efe7fbe,9593,8.5068,37
12a12221,17841,8.4959,37
1c5e9eca,14386,8.5068,37
51070733,17850,8.5068,37
5f1aa7d,14210,8.5068,37
169c629b,8105,8.5068,37
d37ea43,20291,8.5068,37
64e05a49,13947,8.5041,37
4f27ea19,7274,8.5041,37
6ccab6ea,7395,8.5014,37
6fe4c2d6,6789,8.5068,37
19379952,14763,8.5068,37
2b601dc5,11700,8.5068,37
4d3428f2,8520,8.5068,37
74f0aa58,14755,8.5068,37
1a0029da,9084,8.5068,37
5128509d,6406,8.5068,37
7a0de148,14407,8.5014,37
239fc417,10986,8.5068,37
98517c9,11036,8.5068,37
16123543,7687,8.5041,37
3c539c60,13645,8.5068,37
6741efb3,6496,8.4986,37
74fef77e,18166,8.5041,37
483da8a0,11358,8.5068,37
616c5f08,7131,8.5068,37
66d3d64b,15439,8.5041,37
e878155,18667,8.5068,37
d41d2fc,6554,8.5041,37
e565843,9824,8.5068,37
4ae6a4fb,9160,8.5068,37
764fa64c,19859,8.5068,37
44701cf9,12072,8.5068,61
47a5f0b9,10595,8.5068,37
711e4256,7649,8.5068,37
401c8715,10157,8.5068,37
7b0d2c4e,10609,8.5041,37
70fb98a5,14042,8.5041,37
34a8c597,15037,8.5068,37
5ce0db83,27392,8.5068,37
2747de27,15564,8.5068,37
628f64cb,7221,8.5014,37
10799170,9534,8.5068,37
4a1f6c3f,20551,8.5041,37
6b3b6bfa,13727,8.5068,37
728be36a,15129,8.5068,37
2ea51e5a,27041,8.5068,37
29c214a6,6437,8.5068,37
1f6af125,17428,8.5068,37
2f3e3d89,15642,8.5068,37
2030bb7,12788,8.5068,37
4529263,19654,8.5068,82
4c79a815,13386,8.5068,37
12f51666,8039,8.5068,37
8b1e93c,14558,8.5068,37
18e0b3c3,20692,8.5068,37
19d889ca,15662,8.5068,37
36046a79,11394,8.5068,37
23a4eab1,14543,8.5068,37
3938ce13,19024,8.5068,37
64738627,16728,8.5068,37
6086097a,10392,8.5068,37
1cde2e05,10644,8.5041,37
636933db,19045,8.5068,37
1b53d32f,20653,8.5068,37
4b4ed4e6,17469,8.5068,37
260d758c,7117,8.5041,37
5cadf04f,11485,8.5068,37
c507d7d,11439,8.5068,37
99f1d73,7784,8.5014,37
344b1142,14297,8.5068,69
7927a352,17557,8.5068,37
7613929e,13220,8.5068,37
7966daa,13688,8.5068,37
6b3bbd1b,9526,8.5041,37
2fc2ae1d,17787,8.5068,37
74ab0ca3,27004,8.5068,37
30b1567,20470,8.5041,37
7160903b,27357,8.5068,37
47853869,19652,8.5068,82
7d0dd4c2,17396,8.5068,37
12035f97,8452,8.5041,37
426d92fc,10247,8.5068,37
3f3aef8d,9569,8.5068,37
377933c2,8093,8.5068,37
7773e212,6920,8.5068,37
58680cb6,19137,8.5068,37
59d11334,15481,8.5068,37
4e147aa4,19060,8.5041,37
4ae97708,20264,8.5068,37
643de6db,13986,8.5068,37
1aa43ebd,18167,8.5068,37
4aedb936,15220,8.5068,37
41ed958e,14248,8.5041,37
120b7eac,19095,8.5068,37
7a070ad8,20518,8.5041,37
5f2c2d50,10022,8.5041,37
78af1b8a,9455,8.5068,37
5543b0f4,20617,8.5068,37
1750314e,20762,8.5041,37
29dbf5ad,20589,8.5068,37
61d72472,5784,8.5068,1
65741efb,7369,8.5068,37
771ba347,9498,8.5041,37
747afc5e,11404,8.5068,37
189e57fd,20644,8.5068,37
6e1eafde,7856,8.5068,37
70487164,17572,8.5068,37
36b2e2db,11317,8.5041,37
1c997ed1,15690,8.5041,37
76d2e300,19286,8.5068,37
6d29d25b,13952,8.5014,37
4c2c511f,12940,8.5068,37
1b94c1bd,8774,8.5068,37
7abffb2c,15071,8.5041,37
59a7452a,8582,8.5068,37
efb1633,13104,8.5068,37
4a89fdd9,16290,8.5068,37
4f6a193f,8110,8.5068,37
2c078bed,7051,8.5068,37
312a3dd6,19252,8.5068,37
34c8691f,20315,8.5041,37
2b743d58,9117,8.5068,37
5b18dd14,8142,8.5068,37
2c6fc7f9,9429,8.5068,37
26fbb1d1,18456,8.5068,37
7901d365,18506,8.5068,37
646c512c,19629,8.5068,37
36ee1257,14095,8.5068,37
4de05862,17712,8.5068,37
3c6ee31c,9173,8.5068,37
7a54226c,10651,8.5068,37
17374402,13014,8.5041,37
3538560c,13308,8.5014,37
66e4ffdb,8924,8.5068,37
2d599618,9457,8.5068,37
7645969d,14195,8.5068,37
40611ba4,13141,8.5014,37
2169bce6,12860,8.5041,37
7bc23728,7728,8.5041,37
2b9bef61,18500,8.5068,37
63ef7d8d,7482,8.5068,37
1868b7fa,11510,8.5041,37
f0d739a,11928,8.5068,37
651c7e24,16008,8.5068,37
11887501,18498,8.5068,37
99361a8,18177,8.5068,37
6d6652a3,13923,8.5041,37
3e19b768,14289,8.5068,37
6b0dec75,19139,8.5068,37
397fac68,19660,8.5068,37
2b7304ce,11719,8.5041,37
74dfb849,13707,8.5068,37
70359ce3,17905,8.5068,37
6949f017,12636,8.5041,61
34669661,6013,8.5068,35
346d7261,17311,8.5014,37
78b4556,11318,8.5068,37
e1fa81e,18041,8.5068,37
5291efba,17474,8.5041,37
db071f3,13467,8.5068,37
504c24e6,6443,8.5041,37
1a802f75,10480,8.5068,37
236029a9,15019,8.5068,72
7ed1fe40,7099,8.5068,37
70602780,13607,8.5041,37
5b0d75ff,16271,8.5068,37
413a467e,20619,8.5041,37
63351291,11023,8.5041,37
12e7d349,15036,8.5068,37
634aaab2,9516,8.5068,37
70500913,14890,8.5041,37
3bba2c12,18127,8.5068,37
17ebddb7,13111,8.5096,37
2142eac2,6498,8.5096,37
512a6768,13126,8.5096,37
4a1b4f87,14793,8.5096,37
99c7b6d,20289,8.5096,37
3b9a0be3,19339,8.5068,37
72556f42,13387,8.5096,37
44779f30,14971,8.5068,37
4664b1f1,14105,8.5041,37
2d4a7fcd,7129,8.5068,37
743c2a59,9017,8.5041,37
ccab5f1,7534,8.5096,37
2a5ee4ff,17416,8.5096,37
6fc266a0,7680,8.5068,37
5a6c49a9,19862,8.5096,37
1108d882,13736,8.5096,37
4f34618,18318,8.5096,37
5dcf1e4a,9288,8.5096,37
3efe1c0b,13956,8.5096,37
19c86a35,9000,8.5096,37
4d9ab116,11268,8.5096,37
48fa61bc,15711,8.5096,37
420db948,8790,8.5096,37
3c8914c4,19971,8.5096,37
24830042,11396,8.5068,37
3fef72ef,6827,8.5068,37
10875ba3,15063,8.5068,37
64dc4243,16631,8.5096,37
1cdda663,14900,8.5096,37
36adac18,9006,8.5096,37
5b172879,19312,8.5041,37
30e52ed4,15565,8.5096,37
662e3acd,5875,8.5096,1
711ab480,19681,8.5096,37
4ca7c557,8345,8.5068,37
552dc199,14792,8.5096,37
50c36e9d,11558,8.5096,37
42c271a3,9827,8.5068,37
5ed920e0,7751,8.5096,37
2ca6db11,8585,8.5068,37
173ce615,16253,8.5096,37
46a2c238,14097,8.5096,37
51eb242c,15852,8.5096,37
4b0f0353,11197,8.5096,37
6b90ee2d,12447,8.5096,61
63527d37,7237,8.5096,37
50f4ef95,6472,8.5096,37
7165c5f2,8035,8.5096,37
1de8bc75,8191,8.5096,37
6d23d13a,10615,8.5096,37
1a5c034c,15440,8.5068,37
45c91fa0,20724,8.5096,37
1d1a1878,7636,8.5096,37
6e43b0e0,17808,8.5096,37
14ff8807,9271,8.5096,37
1946a127,16313,8.5041,37
5452b3af,13306,8.5096,37
2765cd75,13815,8.5096,37
4f32d62e,17372,8.5068,37
63d10976,8146,8.5068,37
22df1168,7859,8.5096,37
2b587e23,20292,8.5068,37
72024ec0,7880,8.5096,37
19f3634f,7488,8.5096,37
437d6548,14313,8.5096,37
2bbcb262,11699,8.5096,37
76cbf723,17757,8.5014,37
4ba89d9b,17482,8.5096,37
33d5ae6,7544,8.5096,37
49c376ba,19495,8.5068,37
61bc0def,11357,8.5096,37
2016883d,15809,8.5041,37
72324c23,15795,8.5096,37
7360f4ff,11603,8.5096,37
301e0bc7,16265,8.5068,37
245d2a99,7158,8.5096,37
446e3965,10593,8.5096,37
30ddea1b,6459,8.5068,37
70dd8ff4,5968,8.5068,1
3d997a94,7354,8.5096,37
889d953,19203,8.5096,37
575b676b,18183,8.5096,37
4be5e05b,9085,8.5096,37
3dde7e69,20621,8.5068,37
7bdb7bc0,13661,8.5096,37
13b4ea6a,19606,8.5096,37
5d57e343,11390,8.5096,37
7df29652,6180,8.5041,1
33d4b250,14679,8.5096,37
707f9fa,8640,8.5096,37
7a6a4d4b,13675,8.5096,37
c811543,15955,8.5096,37
1ad160b1,13335,8.5096,37
22a18238,10505,8.5068,37
5d38c81,12887,8.5068,37
1fcba75,11277,8.5096,37
10b99613,14065,8.5096,37
3ea7667e,20622,8.5096,37
270942af,16328,8.5068,37
43426b29,14112,8.5068,37
1f97745c,19860,8.5068,37
1a867546,14607,8.5041,37
77774083,8547,8.5096,37
27bc7667,8718,8.5041,37
32dc358,9413,8.5096,37
2aa8aa3e,16254,8.5096,37
4d43896,7727,8.5068,37
671694b0,7056,8.5096,37
3769bdaa,14038,8.5068,37
235dd97b,7896,8.5068,37
4e07e94b,8612,8.5096,37
211143ef,16537,8.5096,37
7271f069,13313,8.5096,37
3f2a695d,19549,8.5096,37
d5dbd14,18658,8.5096,37
6533ae54,6637,8.5096,37
183cf823,18884,8.5041,37
74b01af8,13941,8.5096,37
ece92be,17319,8.5068,37
76f7cc3d,19178,8.5068,37
4e79c8ef,17964,8.5096,37
9f5cf20,20744,8.5068,37
7de6733c,7291,8.5096,37
747455c,19613,8.5096,37
68b2bdb1,10868,8.5096,37
26835c08,6890,8.5096,37
1b539021,13977,8.5068,37
1bf7a869,14825,8.5096,37
6655d193,19247,8.5096,37
5a0aa24d,8130,8.5096,37
5ddfe3b5,9531,8.5068,37
152dba6c,27438,8.5096,37
6ba0c5b0,19532,8.5096,37
7b4dbc87,14043,8.5096,37
335c2334,16692,8.5096,37
3c4be7d8,15818,8.5096,37
1e2b79af,18879,8.5041,37
8945769,14743,8.5096,37
5a8390cc,19345,8.5068,37
7cb639ef,15064,8.5096,37
5633160f,6998,8.5068,37
1070e9f5,9077,8.5068,37
7396449,13336,8.5096,37
4a0d5c00,11901,8.5014,37
6be3a5fb,10987,8.5096,37
440b820,15710,8.5096,37
13e8d61c,6290,8.5068,1
5f3fe304,6553,8.5068,37
7ff249bf,20381,8.5096,37
7ef26fd9,20588,8.5096,37
376bf138,17917,8.5096,37
60c239b2,7596,8.5096,37
2bff0e2d,18479,8.5096,37
bf8ef95,6473,8.5096,37
662ae0e4,13585,8.5041,37
609c67de,10487,8.5096,37
b4bc75f,15230,8.5096,37
58163e7d,11481,8.5096,37
145ef6ad,18106,8.5096,37
25420902,12094,8.5096,61
70e653ca,6716,8.5096,37
19ea6e7d,9829,8.5096,37
7a620873,14040,8.5068,37
4fdd0424,20728,8.5096,37
de77616,17771,8.5096,37
47b46851,17577,8.5096,37
2d7fc144,10316,8.5096,37
61071401,15128,8.5096,37
a241ceb,15654,8.5096,37
2403f384,17767,8.5096,37
3c459c7f,5994,8.5041,1
58d79d46,14286,8.5096,37
b7112f9,14142,8.5096,37
21189438,17731,8.5096,37
312e4200,16272,8.5096,37
5577d4ce,14901,8.5096,37
5612e243,17510,8.5096,37
33ce15ed,17701,8.5096,37
56c1fd96,14131,8.5068,37
6c6e0a93,17330,8.5096,37
70b37fd6,16645,8.5041,37
1b8914aa,11796,8.5096,37
5ac8ed62,6857,8.5041,37
196afaab,10492,8.5068,37
724c6b9f,16512,8.5096,37
21331d38,7713,8.5096,37
3c8d5781,11882,8.5068,37
72fc5d19,11066,8.5096,37
637dd04a,14267,8.5096,37
5a9ecbc0,9530,8.4986,37
c79be4d,8521,8.5096,37
1cfd3e4e,8759,8.5096,37
110f521b,8336,8.5096,37
3de34b31,14319,8.5096,37
7ca90116,13291,8.5096,37
5d711afe,10923,8.5096,37
9d34f83,9243,8.5096,37
62a75b28,9339,8.5096,37
45ba3e8e,8346,8.5096,37
712f269e,10867,8.5096,37
6213d06f,18319,8.5096,37
3ab5a91e,16732,8.5123,37
5b86b0ce,27413,8.5096,37
2e6fae88,19311,8.5123,37
fc1072f,16059,8.5123,37
267c760d,13561,8.5123,37
5a905a05,19145,8.5123,37
4dfae510,11775,8.5096,37
1e3219c9,8208,8.5123,37
5bbbd81c,7785,8.5123,37
3a3f11c,13425,8.5123,37
19eb561d,16048,8.5123,37
1719f8b8,16731,8.5123,37
1267b97f,13710,8.5123,37
ed0813e,12864,8.5123,37
4dc87547,6790,8.5096,37
15cc887e,8868,8.5123,37
3a4f67f9,12830,8.5123,37
309cc8ff,14012,8.5123,37
3e70e1e6,16673,8.5123,37
4f8e012e,7285,8.5123,37
ebfc789,13153,8.5096,37
58b23d91,13498,8.5123,37
61f498b0,6763,8.5123,37
5ecc62d1,17619,8.5123,37
2e3f750e,17504,8.5123,37
3307b3a0,11044,8.5123,37
67a88bed,18869,8.5123,37
225caeb0,9608,8.5123,37
1f3b8ac0,17523,8.5123,37
4af91b2c,6861,8.5123,37
692d067d,11534,8.5123,37
2e430cc6,6706,8.5123,37
6dedee44,13355,8.5123,37
6f4fa8ae,8752,8.5123,37
6e5055d4,6805,8.5123,37
63767f93,7710,8.5123,37
584341e4,19930,8.5041,37
5abfb848,19287,8.5123,37
2e7b6c9b,7057,8.5123,37
5a5e1b66,10161,8.5096,37
4846d25b,18768,8.5123,37
2454c072,10694,8.5123,37
665ae97d,7828,8.5096,37
4cf54bfb,7696,8.5123,37
32df9c34,14288,8.5123,37
300a8d4d,17515,8.5123,37
1aa9b30,7564,8.5041,37
67e6b26d,16378,8.5123,37
2996bc99,16102,8.5096,37
4d923c03,6980,8.5096,37
18345d9a,13052,8.5123,37
3e776a48,13248,8.5123,37
4a13e12b,5735,8.5068,1
56fdfe84,9371,8.5123,37
a53a27c,20599,8.5123,37
30b1e621,10624,8.5123,37
65fe53a5,11120,8.5123,37
5c4e9840,16241,8.5123,37
5d95e649,6408,8.5123,37
4b1991f7,15839,8.5123,37
74a6f65b,6133,8.5096,1
63d2e011,7650,8.5123,37
4b76f8b3,8103,8.5123,37
4c674e03,10749,8.5123,37
f306dfa,19766,8.5123,37
7b16c665,9411,8.5123,37
7591ad4,14303,8.5123,37
71b84b6a,20519,8.5123,37
7deba71a,11738,8.5123,37
3003632c,19812,8.5123,37
7fc34042,7080,8.5123,37
47d11e97,13844,8.5123,37
22f5977f,8062,8.5123,37
1fd444fa,10037,8.5096,37
50bed431,11576,8.5096,37
5e7eef36,15866,8.5123,37
63420c85,19664,8.5123,37
5e8c7783,17638,8.5123,37
78b52f3f,13677,8.5123,37
511b6840,6237,8.5123,1
22ce60c2,18182,8.5123,37
14ffe200,15469,8.5123,37
1f432b77,19913,8.5123,37
4ede3377,14832,8.5096,37
440d0b84,11592,8.5123,37
1514abb7,10750,8.5123,37
130a22f1,13960,8.5123,37
d815d,12823,8.5068,37
30f4dbf8,10260,8.5123,37
72ab7abd,15664,8.5068,37
5903690a,20654,8.5123,37
35681c1e,20605,8.5068,37
a82c215,19059,8.5123,37
480bb176,6318,8.5123,1
3d76cc85,14737,8.5123,37
37fbf6c1,8155,8.5123,37
2b750841,11397,8.5096,37
3e608c58,6813,8.5123,37
35f96df5,19863,8.5123,37
5d5cd875,11773,8.5123,37
5ee8f49f,18483,8.5123,37
6450b156,19101,8.5068,37
1a38feec,11749,8.5123,37
219c12ae,7166,8.5123,37
38c9560e,12516,8.5123,61
59728a40,19668,8.5123,37
7fc39865,7815,8.5123,37
45a8ab5c,9020,8.5123,37
37a3fcc1,17546,8.5123,37
7a4e50ff,14730,8.5123,37
782c9f9a,14249,8.5123,37
78de2988,20345,8.5041,37
50b397a6,14708,8.5123,37
443e782c,7838,8.5123,37
1e73bef,10860,8.5123,37
4ebdfaf0,7308,8.5068,37
18eb2fbc,3628,8.5123,29
206b470d,14796,8.5123,37
120538a,18507,8.5096,37
50249a21,9500,8.5123,37
1173c956,9304,8.5123,37
6b5aa75a,7857,8.5123,37
68e505b8,6438,8.5096,37
1c647f17,10032,8.5123,37
13522cb4,9807,8.5123,37
2d0c29f3,18045,8.5123,37
6d04312f,15765,8.5123,37
5227675f,8267,8.5123,37
5012c623,13690,8.5123,37
1c9d2e63,15555,8.5123,37
505ce996,14099,8.5123,37
39a8615d,10522,8.5123,37
7fcd8b95,14748,8.5123,37
ad64c39,17562,8.5123,37
3d7104ac,20507,8.5096,37
d49aa07,14132,8.5123,37
472938d6,16249,8.5123,37
542b8285,16737,8.5123,37
6c24abbd,7762,8.5123,37
594596f1,19126,8.5123,37
57a4fa87,15539,8.5096,37
75920de7,9086,8.5123,37
5f13655c,16219,8.5123,37
16234440,8450,8.5123,37
4a73b206,10965,8.5123,37
23c96634,19270,8.5096,37
63a4ba6b,10290,8.5123,37
13a4145a,16388,8.5123,37
57d9baf7,8380,8.5041,37
5b54e508,6888,8.5096,37
1de57beb,13314,8.5123,37
2e50aac9,6399,8.5123,37
3444a3f6,11467,8.5123,37
48c47cd3,15004,8.5123,37
7e487c03,14233,8.5123,37
55e597e1,13395,8.5123,37
5ce84237,18462,8.5123,37
2f661b1a,11409,8.5123,37
12f3d291,9588,8.5123,37
330f0392,13310,8.5123,37
6b5015b1,20789,8.5096,37
51688f66,9410,8.5123,37
5e7547bf,8609,8.5123,37
4ec9f09a,15800,8.5123,37
4222c488,17766,8.5123,37
29b4bce0,8179,8.5123,37
3cb2050f,7277,8.5123,37
692cea90,18422,8.5123,37
45fa5b2a,7568,8.5123,37
657308e9,7503,8.5123,37
49c5e335,16047,8.5096,37
78c8a49,11392,8.5151,37
9fa9842,19075,8.5151,37
44d4f771,15827,8.5123,37
1289642c,13393,8.5123,37
71346af6,6295,8.5151,1
2cd1c41a,8500,8.5151,48
47e7d119,16693,8.5151,37
1e9675cd,11411,8.5123,37
4ca7df33,12452,8.5096,61
1a63bc76,14111,8.5123,37
6ef423a9,11107,8.5151,37
17e25877,8454,8.5151,37
2049059a,8543,8.5151,37
d269b6,8358,8.5151,37
3af77f5b,20603,8.5151,37
485b6171,18819,8.5123,37
77dfab8,17471,8.5151,37
2593bc0,14747,8.5151,37
3d59177,7309,8.5123,37
10963895,19030,8.5123,37
78d6b805,14828,8.5151,37
339a0be4,14305,8.5151,37
14636fb3,13440,8.5123,37
1ceb6ac9,9591,8.5123,37
3d98bb51,9214,8.5151,37
70432a77,20576,8.5151,37
13e5cab0,11393,8.5151,37
549f5727,18775,8.5151,37
5687b961,8969,8.5151,37
2ca53cd6,10433,8.5123,37
45dcaba7,9007,8.5151,37
56591fa4,14702,8.5151,37
539fca35,13871,8.5151,37
733ed272,11102,8.5151,37
152bb8a,16343,8.5151,37
1fe8203b,17809,8.5151,37
328b8f91,6692,8.5151,37
77957a58,15891,8.5151,37
4fe8dd1c,13494,8.5151,37
23b91565,18346,8.5014,37
5b39fc0e,19901,8.5151,37
1317ffe6,14039,8.5151,37
3f2f1f82,13098,8.5151,37
5456373f,13249,8.5123,37
751711ff,6461,8.5151,37
3283c3d0,10325,8.5151,37
5789e570,8451,8.5151,37
1d7eca7d,19723,8.5123,37
17f50eb0,14933,8.5151,37
5ce475ba,10950,8.5123,37
6c0b3de8,18849,8.5151,37
5aa06d58,19406,8.5123,37
7611b89f,14368,8.5151,37
6e2b7148,15962,8.5096,37
722bd6af,18484,8.5123,37
519462b3,8446,8.5151,37
8071f74,14376,8.5151,37
73299bab,18769,8.5151,37
650cf812,7132,8.5123,37
34ce6639,7081,8.5151,37
482336b,16050,8.5151,37
3b490493,20651,8.5151,37
6c76f70,5795,8.5151,1
1577aef0,13223,8.5123,37
524ffdc9,7036,8.5151,37
2151f8d7,5709,8.5123,1
47439580,18948,8.5123,37
3a8e9259,9265,8.5151,37
345d7c67,9542,8.5151,37
1cf54432,7712,8.5151,37
31f953d0,20655,8.5151,37
6acd3ffa,17829,8.5096,37
352cc880,6474,8.5123,37
34ecec3,9988,8.5151,37
78526aa9,7543,8.5123,37
7b63a8b6,13311,8.5151,37
28581792,6320,8.5151,1
5d95ec8c,19708,8.5151,37
36f9c2b5,8750,8.5151,37
5039fac4,13210,8.5123,37
38b583d6,7156,8.5151,37
3d25db95,15933,8.5151,37
4ab6e9c0,8212,8.5151,37
3e0580be,18281,8.5151,37
32a26649,7222,8.5151,37
72ff1a68,18305,8.5151,37
39edc84c,11004,8.5123,37
38f5401f,18283,8.5151,37
44e8ce58,7715,8.5151,37
6cc177c,7066,8.5151,37
65d978a2,13816,8.5151,37
5a9c4347,15516,8.5123,37
de45ff0,11877,8.5151,37
f7cca1a,13113,8.5151,37
4c1638b,5905,8.5151,1
214ebf3f,19728,8.5151,37
19f0462a,17923,8.5151,37
7244cc62,11395,8.5123,37
36c4813b,10367,8.5151,37
5f01b1e3,16341,8.5151,37
be25a7b,18810,8.5151,37
10b89c3b,14505,8.5151,37
2670a4e,16746,8.5151,37
503b2d48,19776,8.5096,37
499384b6,11241,8.5151,37
4bb0831e,8005,8.5151,37
2711cc6c,19534,8.5151,37
2e49e4ab,13224,8.5151,37
e204cad,14387,8.5123,37
7b2a73e0,17737,8.5151,37
1db34ef3,19288,8.5151,37
12daad36,6764,8.5151,37
4e345760,20786,8.5151,37
2a24795e,7412,8.5151,37
4f7650fe,13378,8.5151,37
3b8171ad,5988,8.5123,1
5a0ca6ca,10702,8.5151,37
72917b18,15631,8.5151,37
35e5cb61,20579,8.5151,37
5d9d869,15696,8.5151,37
3a5c14ee,13275,8.5151,37
436cf106,10784,8.5151,37
58c994c9,14754,8.5151,37
13180529,17563,8.5151,37
49b998c0,10209,8.5151,37
6df9b430,7855,8.5151,37
79021a9a,11666,8.5151,37
2ae069de,9390,8.5123,37
2f1a9bda,17667,8.5151,37
f62f23d,6462,8.5151,37
538733e6,17833,8.5151,37
66ddef81,9204,8.5151,37
4fdad41d,5966,8.5151,1
3b61bb8a,19487,8.5123,37
34e54277,8456,8.5151,37
2c0eadcc,10944,8.5151,37
2526ee2b,17646,8.5123,37
2f5b020,18976,8.5151,37
3c45bcae,12840,8.5096,37
22ada7ab,18129,8.5151,37
7b941eff,10430,8.5123,37
6951e010,11487,8.5123,37
78608158,17472,8.5151,37
7727f0dc,13068,8.5151,37
6c0772fe,20643,8.5151,37
ab04e0e,13602,8.5151,37
76267441,19456,8.5151,37
3e593c74,6988,8.5151,37
6156dac0,6144,8.5151,1
24973ed7,8970,8.5151,37
535a0cad,6672,8.5123,37
4b126724,19945,8.5151,37
7f57d430,13206,8.5151,37
68c2e680,19717,8.5123,37
2859b6b,13144,8.5151,37
5af6e758,14061,8.5151,37
8094c1d,14268,8.5151,37
6fa4df9e,18530,8.5096,37
20d69787,14178,8.5151,37
3d6c4bc0,6836,8.5151,37
e260e35,13276,8.5151,37
6387f48e,18235,8.5151,37
71842de1,7700,8.5151,37
2a969f4f,13791,8.5068,37
3e684f35,8106,8.5151,37
81b96b,13194,8.5123,37
5c7e0e71,14638,8.5151,37
299bb989,9738,8.5123,37
420c8e56,19546,8.5151,37
3e6170c5,8248,8.5123,37
6300b635,10859,8.5151,37
33a6dc83,11832,8.5151,37
1f074100,17803,8.5151,37
395f0288,19276,8.5151,37
c8dba3e,8181,8.5151,37
14361f34,19523,8.5151,37
94a3de8,16514,8.5096,37
6351b518,7723,8.5151,37
2c606280,6098,8.5151,1
6dea7ec6,13264,8.5151,37
54aabc00,17961,8.5151,37
7b71b077,18968,8.5151,37
4553ed91,10671,8.5151,37
614b01ca,10665,8.5151,37
3516799e,9169,8.5151,37
721b0729,19769,8.5151,37
73d0efd6,14770,8.5123,37
5d41bd3,19729,8.5151,37
abbe47e,27326,8.5178,37
5f31519d,8540,8.5178,37
109a69ad,19607,8.5178,37
7539371d,11618,8.5151,37
138aa508,5737,8.5178,1
163c833,8009,8.5123,37
244c514f,18556,8.5178,37
712441e2,14072,8.5178,37
4d191104,13557,8.5178,37
52a47ac4,16516,8.5178,37
14a49ff6,19767,8.5178,37
47dcf7d1,12933,8.5178,37
42484f1f,11468,8.5178,37
334b7fc8,10764,8.5178,37
3a01d78,13131,8.5178,37
23e200a2,18959,8.5178,37
23528376,8043,8.5151,37
4b0f1deb,11878,8.5151,37
4847822f,20473,8.5151,37
7b937c95,14839,8.5123,37
4ced09a2,17639,8.5178,37
7f3ea591,6967,8.5151,37
b1c06a3,9206,8.5151,37
6b8ba481,19771,8.5123,37
4f0f004b,9594,8.5151,37
45972616,27067,8.5178,113
2e551919,9808,8.5178,37
184c0ffe,13317,8.5178,37
791c2af5,14943,8.5178,37
53ad7d9a,19635,8.5151,37
55363b27,19069,8.5178,37
2d7dfd80,9280,8.5178,37
3059b8b2,19291,8.5151,37
820528e,15541,8.5178,37
6c2bbfae,17590,8.5151,37
2e78ce56,14113,8.5151,37
53197f03,15558,8.5178,37
59a7f3cc,7987,8.5178,37
68c0f199,9340,8.5151,37
2288a9,6717,8.5178,37
18db1ec9,27364,8.5178,37
7e04a78d,17543,8.5178,37
1127dded,7065,8.5123,37
5d478a0,16244,8.5151,37
45b91385,19460,8.5151,37
1edafc70,13130,8.5178,37
313d92f3,13989,8.5178,37
170aed0c,6838,8.5178,37
1a22e153,7725,8.5178,37
5352b71b,19046,8.5178,37
ea50d88,18285,8.5178,37
4e07f3dd,9009,8.5178,37
43a2ab37,15976,8.5178,37
750e385a,10488,8.5178,37
20bdcebd,18585,8.5178,37
6c8a6abc,17916,8.5178,37
50e3637,11003,8.5178,37
2361a253,6601,8.5178,37
528924f9,14604,8.5123,37
4a4c68c,14766,8.5178,37
70efe7a1,20668,8.5178,37
5eb2a0d5,8865,8.5178,37
4507e916,14904,8.5178,37
286fa8a8,8448,8.5178,37
22889e9,19608,8.5178,37
6735d79c,8753,8.5178,37
6ee401f,7714,8.5178,37
68e8f634,13980,8.5178,37
239757f4,19718,8.5178,37
59a245c9,7449,8.5178,37
1062f056,15492,8.5178,37
3f94fd38,9119,8.5151,37
262535c9,20793,8.5178,37
6de2b0c9,6178,8.5178,1
6a051d63,15914,8.5178,37
72605026,10653,8.5178,37
7de4a8de,12149,8.5178,61
5f83b53,20038,8.5151,86
2788ea3a,7681,8.5096,37
4754d08a,8657,8.5178,37
37c55926,15802,8.5178,37
6f3fa558,13991,8.5178,37
2bd9294f,6018,8.5178,35
4ae86c3e,14654,8.5178,37
c0551f8,8940,8.5178,37
57f9002c,15264,8.5178,37
457e7aee,15726,8.5151,37
278fa05f,14037,8.5178,37
2e0fa10c,11441,8.5178,37
31682c81,6022,8.5178,35
7f78948,13265,8.5178,37
5da05cb1,11450,8.5178,37
e7481c8,19142,8.5178,37
7e08a8a3,16174,8.5178,37
450ed3e3,10794,8.5178,37
1a945a27,6844,8.5178,37
3044e27c,6103,8.5178,1
b320967,15226,8.5178,37
38104229,11470,8.5178,37
ed626e,10795,8.5178,37
172d270d,15105,8.5178,37
c4f6dbe,18095,8.5178,37
36f46714,15712,8.5151,37
5de19db6,11070,8.5178,37
238acc48,17812,8.5178,37
54df771a,8331,8.5151,37
41067652,18744,8.5151,37
105b5fe9,17462,8.5178,37
4e728630,19248,8.5178,37
65c63926,15892,8.5178,37
4a0ef523,19025,8.5178,37
38c8bed6,8089,8.5178,37
72a61a31,6791,8.5178,37
26fd124a,17780,8.5151,37
1be75c5b,27430,8.5178,37
66247fff,14541,8.5151,37
24119698,8022,8.5178,37
6ab0bf12,17406,8.5178,37
4b14239b,20039,8.5151,86
e8a7681,10670,8.5178,37
5b49d973,20261,8.5178,37
2f59155e,12448,8.5178,61
2687849e,20471,8.5178,37
49a0f773,14698,8.5178,37
23421d27,15634,8.5178,37
7f4b3119,20761,8.5151,37
7e2159b0,18659,8.5178,37
6418819e,11279,8.5178,37
2acde901,15104,8.5178,37
1955625a,8528,8.5151,37
2565778e,15874,8.5178,37
6dcd5419,8147,8.5178,37
67a5e05,6676,8.5178,37
4df93c4f,10796,8.5178,37
8395110,14533,8.5178,37
3acca5ff,5736,8.5123,1
3da64323,19471,8.5178,37
39390b9c,7598,8.5178,37
7b4a6c7a,7034,8.5178,37
2476cdb1,17804,8.5178,37
2b462d47,9286,8.5178,37
5ad2b658,13139,8.5151,37
725328c4,15810,8.5178,37
60da687a,13829,8.5151,37
7a6c5d33,11001,8.5151,37
319835f1,10115,8.5178,37
35c35450,7150,8.5178,37
6d976531,13579,8.5178,37
758a3875,9008,8.5123,37
5ac48340,7818,8.5178,37
6eb42353,8613,8.5178,37
385c6d59,7355,8.5178,37
1c31a3b7,10025,8.5178,37
6291edf2,17444,8.5178,37
2834c6a,8806,8.5178,37
761d621a,6135,8.5178,1
67204b75,14451,8.5178,37
ab3d41e,10788,8.5178,37
20cb33a4,19631,8.5178,37
2aea6719,19906,8.5178,37
3ddb9815,10672,8.5178,37
58451738,18975,8.5151,37
4c422b0a,6665,8.5178,37
35ed6735,5711,8.5178,1
54975aad,9081,8.5151,37
3afdbf7b,20652,8.5178,37
241b6bd0,9605,8.5151,37
795c1e22,13953,8.5151,37
27561af3,9962,8.5178,37
497a6e86,11073,8.5178,37
77c91a39,14171,8.5178,37
3640c992,16251,8.5178,37
2ff46c76,14938,8.5178,37
38e26af9,8221,8.5178,37
22762d3d,17770,8.5178,37
124a7cb8,6603,8.5178,37
7eb5ca25,7251,8.5178,37
1e51355b,11430,8.5178,37
354f31ca,19202,8.5151,37
26c3ed9b,10294,8.5178,37
672dea47,14765,8.5178,37
70c1e014,11797,8.5178,37
3c4c5ea7,10819,8.5151,37
55ad380,6877,8.5178,37
dad7ebe,19719,8.5178,37
7293ee5f,12449,8.5178,61
2cf43fcc,17911,8.5178,37
5f343b99,14322,8.5178,37
7fe13f01,19411,8.5178,37
195fe6cd,16224,8.5151,37
745302af,13605,8.5178,37
795459b6,8720,8.5205,37
f3b78aa,17774,8.5205,37
69349e0e,11922,8.5205,37
59eaffd,18807,8.5178,37
5edccf11,9784,8.5205,37
af61248,10344,8.5178,37
47ff29f6,16702,8.5178,37
376e87b3,15814,8.5205,37
f726208,14602,8.5205,37
352c45fc,19541,8.5205,37
b227a36,11669,8.5178,37
483237fe,19907,8.5205,37
544c7ed2,6590,8.5151,37
398d202,7724,8.5205,37
26bc5b27,8272,8.5205,37
1b73fb8d,9417,8.5151,37
4227a2da,11071,8.5205,37
75aafea2,16060,8.5205,37
30e73ad7,7416,8.5178,37
344c00d5,13106,8.5178,37
4b0245f4,16339,8.5151,37
697ffdd8,17414,8.5178,37
604743a2,6831,8.5205,37
3459add7,13586,8.5205,37
67d716f0,10320,8.5205,37
6d2d634d,8164,8.5205,37
7b2ac20d,17629,8.5205,37
212ad499,11202,8.5205,37
58e4e27e,14906,8.5205,37
73424e59,19253,8.5205,37
43bc2b4,18613,8.5205,37
7bb3275f,10984,8.5205,37
b3fa1f8,20041,8.5205,86
6aee0640,7755,8.5205,37
301a47cb,10704,8.5205,37
52710748,14472,8.5178,37
4be861bf,9140,8.5205,37
24375c9f,15811,8.5205,37
3ef1825f,19605,8.5205,37
5cb7be55,17573,8.5178,37
186bde33,10600,8.5205,37
2a3a441b,14396,8.5205,37
4b9e021f,14273,8.5205,37
78c53a79,7443,8.5151,37
6938fe95,8229,8.5178,37
3e19f914,17483,8.5205,37
686250e4,19557,8.5205,37
467b6850,8199,8.5178,37
7d4e047a,11269,8.5205,37
2c89ef58,16624,8.5151,37
5d297284,17835,8.5205,37
400db899,13500,8.5151,37
4d6d1936,10273,8.5205,37
4316e21c,18838,8.5178,37
2e7ddcec,11319,8.5178,37
385636f5,8719,8.5205,37
15329816,9686,8.5205,37
3033972f,7718,8.5205,37
7069a779,7731,8.5205,37
7981d61f,7059,8.5151,37
5ef2feaf,8268,8.5205,37
545479cf,17576,8.5178,37
693b5e53,7864,8.5205,37
751a776e,12074,8.5205,61
1e7d5c45,9512,8.5178,37
112ab01,17602,8.5205,37
32e8b4b6,13334,8.5205,37
460349da,8055,8.5205,37
63da1c8d,14066,8.5205,37
498370a4,17323,8.5205,37
5ddd8036,9125,8.5205,37
2a67d23f,11715,8.5205,37
76f60330,19847,8.5205,37
63d96f77,6454,8.5178,37
24224b1a,7836,8.5205,37
15cfa398,18405,8.5205,37
12d7d34,20472,8.5205,37
478411a2,14073,8.5205,37
71c8f8d3,13792,8.5205,37
eeb9f40,19146,8.5151,37
19734611,10199,8.5205,37
73dd5cd6,7829,8.5178,37
14b35a0e,6533,8.5178,37
228b362b,9342,8.5205,37
214bbfa5,8196,8.5205,37
38e97cb6,7403,8.5205,37
3604328f,18765,8.5205,37
4d45700a,10577,8.5205,37
310f4890,19903,8.5205,37
6bba0b41,17324,8.5205,37
42708ecb,14807,8.5205,37
55775c40,19488,8.5178,37
3354a3c4,12592,8.5205,61
445b397f,9659,8.5205,37
516e272f,11106,8.5205,37
68565d40,10946,8.5178,37
47b2f445,11198,8.5205,37
1e0809d3,7195,8.5205,37
74ab002,8314,8.5205,37
27bda89b,13432,8.5205,37
777d60f5,14156,8.5205,37
29e5a958,10996,8.5178,37
7bfdc6c6,10385,8.5205,37
31ce5052,8747,8.5205,37
2da8e456,14534,8.5205,37
290327d2,17586,8.5178,37
3cdd1fc2,6456,8.5205,37
7fd294cb,15581,8.5178,37
15324533,10435,8.5205,37
253fcdf0,11786,8.5205,37
71c8e59a,8124,8.5205,37
1a5743a4,12855,8.5151,37
1dcb8600,20253,8.5205,37
46408804,14909,8.5205,37
70125163,13899,8.5178,37
50f866a6,9471,8.5205,37
11c2113f,13990,8.5205,37
5380abab,9501,8.5205,37
317b61f1,15493,8.5205,37
2225ec2e,11703,8.5178,37
23ef4abc,7797,8.5178,37
75e47099,16220,8.5205,37
1ffae33d,15065,8.5178,37
12b33870,10134,8.5205,37
2850965,9867,8.5205,37
4bd02a30,20254,8.5178,37
1de6eb6b,14218,8.5205,37
55cd10e1,13075,8.5178,37
5e36d290,5805,8.5205,1
14fde2cc,15963,8.5205,37
3eeafe8b,18788,8.5151,37
39dabaf,18286,8.5205,37
6b575b1e,9051,8.5205,37
10c73f3a,18900,8.5205,37
79b0850f,20565,8.5205,37
179e9945,20836,8.5205,88
46c0af03,7722,8.5205,37
5b3f0dba,11841,8.5205,37
42ccd85a,11566,8.5205,37
6fd7760e,8158,8.5205,37
12b21e06,20301,8.5205,37
7185e9a4,10789,8.5205,37
5880426b,7187,8.5205,37
327ef820,17830,8.5178,37
66cd8f67,10332,8.5205,37
648def96,13400,8.5205,37
5354720e,15022,8.5205,37
3a9be26a,8586,8.5205,37
7f61b2e1,20783,8.5151,37
75ddacdd,9256,8.5205,37
7e271caf,12456,8.5205,61
69ce6691,16250,8.5205,37
716d9431,10982,8.5178,37
37693cd7,6968,8.5205,37
7da48c28,19682,8.5205,37
674497e3,11776,8.5205,37
7a954b26,11684,8.5151,37
4e44f27,9266,8.5205,37
5d78565f,10208,8.5205,37
1ec0399c,7442,8.5205,37
4edc9d19,11354,8.5178,37
68e77e92,14751,8.5205,37
7732077f,16517,8.5205,37
68a1ccdc,17450,8.5205,37
5c6a3e05,6769,8.5205,37
423fa084,17781,8.5205,37
11ff45bf,15465,8.5178,37
7691b100,19483,8.5205,37
440d87c4,27359,8.5205,37
3fef37f4,11822,8.5151,37
39431fa0,13717,8.5205,37
2dece56f,6291,8.5205,1
2539401f,13734,8.5205,37
da2d0db,8230,8.5205,37
4bb4060c,18191,8.5178,37
1b94588,6099,8.5151,1
6e6fc418,9513,8.5178,37
75d0f506,19275,8.5205,37
5d3e03d4,6457,8.5205,37
1e3f19d6,18937,8.5205,37
55618a9c,18916,8.5205,37
45bedb2c,11577,8.5205,37
37346e58,19659,8.5205,37
512320c1,15803,8.5205,37
86af1ea,18486,8.5205,37
8cf7513,12073,8.5205,61
3b1bb89d,7100,8.5205,37
2f495708,10452,8.5205,37
67245f08,8017,8.5178,37
14b0d912,9018,8.5151,37
72894449,16736,8.5178,37
52846df3,17924,8.5233,37
372535a8,20357,8.5205,37
40ee56f8,10818,8.5233,37
787df9a0,11698,8.5233,37
2fa1f3c,19730,8.5233,37
73601165,17524,8.5233,37
410bc067,10983,8.5178,37
2629a141,11825,8.5233,37
562c911f,17738,8.5178,37
47d6719,14159,8.5178,37
68f25bb9,6600,8.5233,37
5a649bd1,15819,8.5205,37
35ce7a2b,14172,8.5233,37
6fdf42bd,16342,8.5233,37
150af36c,8161,8.5233,37
2d17687f,8947,8.5233,37
38480dca,12970,8.5233,37
7a1b183c,6674,8.5233,37
630ca940,19970,8.5233,37
75ce71ce,14304,8.5151,37
67524006,10233,8.5178,37
d1004e0,7743,8.5233,37
2f683786,18883,8.5233,37
29a8dd82,10760,8.5205,37
2fee8978,9712,8.5233,37
618546fd,8726,8.5233,37
6741245f,13504,8.5233,37
75a5cafe,17547,8.5233,37
22d4af61,10191,8.5205,37
4c6e68ba,13132,8.5233,37
23c5f878,19301,8.5233,37
78bb1031,12981,8.5233,37
7f1307e0,13221,8.5233,37
73bf267f,8982,8.5233,37
4c8dbd50,14521,8.5233,37
6c971668,11689,8.5233,37
bdc301d,17811,8.5233,37
777f65ed,13161,8.5178,37
5639316f,7093,8.5205,37
2c94996,9120,8.5233,37
687fdd0a,17836,8.5205,37
64a38de5,18092,8.5233,37
7b8e6a57,6901,8.5233,37
33c31949,6145,8.5233,1
25c215b6,19296,8.5233,37
5df6784e,9517,8.5205,37
55226d75,8074,8.5233,37
7e802fc9,9983,8.5233,37
4bdaea0a,14435,8.5233,37
2580df37,14946,8.5233,37
7cedbbfe,16542,8.5233,37
630f5737,11313,8.5233,37
1c8ed2f8,10601,8.5205,37
98f1d9,15956,8.5233,37
23c2ef9a,12453,8.5233,61
3aedb23a,20324,8.5233,37
501eae8d,18307,8.5233,37
17cf8b6e,15210,8.5205,37
23451832,10201,8.5233,37
7af6ad25,18412,8.5233,37
74ee1202,17647,8.5233,37
5121b0d4,19128,8.5205,37
3a5ec565,13616,8.5205,37
604acb32,10675,8.5233,37
3151ce94,8075,8.5205,37
352ba4be,6837,8.5233,37
695005df,6812,8.5205,37
25e9907d,13562,8.5233,37
1af3cf3a,10313,8.5233,37
7215868e,7708,8.5233,37
1b820bee,10198,8.5233,37
72010a9b,18218,8.5233,37
768f91fe,14639,8.5233,37
46f7744a,14429,8.5205,37
28704857,9082,8.5233,37
2326fbcc,14250,8.5233,37
590978e1,7297,8.5233,37
5303125f,20468,8.5233,37
791bda98,10625,8.5233,37
6df7b6ec,17399,8.5233,37
7f2b05c3,18605,8.5233,37
34f17193,10049,8.5205,37
1399a28f,8803,8.5233,37
430926c6,7819,8.5233,37
642b3679,9716,8.5233,37
12d2c24d,7619,8.5233,37
5be9ae86,13992,8.5151,37
53ae2ae,16395,8.5233,37
3c879ccf,7189,8.5233,37
f0fdbd9,8200,8.5233,37
32aaacbf,8463,8.5233,37
24a1b9f2,14340,8.5233,37
76dc005a,19308,8.5233,37
7fccc4b,10869,8.5233,37
60d4475f,7357,8.5178,37
49930c9e,15715,8.5233,37
12a76119,8206,8.5233,37
5fdb0b26,10721,8.5233,37
3e241a02,6470,8.5233,37
24a4aba2,5734,8.5205,1
2d2e58c5,10988,8.5233,37
2aabf47d,13659,8.5233,37
34c11f20,19777,8.5233,85
a169cf2,8538,8.5205,37
55210505,13180,8.5205,37
20dc0bc0,13646,8.5233,37
7f9ec912,18970,8.5233,37
1cd828e4,13886,8.5233,37
2297d681,7186,8.5233,37
7f43e6fb,13150,8.5151,37
3f0160d8,15756,8.5233,37
6243e0d4,19757,8.5233,37
5fc10f4f,15934,8.5233,37
1e6854c9,7289,8.5233,37
2adbf07c,9301,8.5233,37
57e3e0b3,14403,8.5233,37
498f0185,19852,8.5233,37
151dda61,7014,8.5233,37
79483b6b,19330,8.5205,37
603090ae,14503,8.5233,37
281e0263,16617,8.5233,37
66cee14a,14417,8.5233,37
19acbdcc,19667,8.5233,37
6299b24a,13431,8.5233,37
6c8eb57,19032,8.5233,37
1e83c0a5,12982,8.5233,37
5e9decf7,8228,8.5205,37
22236835,20624,8.5233,37
d8785d9,9060,8.5178,37
4cd4556d,15482,8.5233,37
7d1ff254,16489,8.5178,37
44445f02,10806,8.5233,37
755cb31e,9468,8.5205,37
1bcdefe5,8153,8.5233,37
19c2339a,19440,8.5233,37
7f18d3ef,5809,8.5205,1
6fcc4b51,13608,8.5233,37
1b0a238a,9949,8.5233,37
13dc8d92,10596,8.5233,37
2a62a3ad,11876,8.5233,37
2779f373,19084,8.5233,37
6da58265,20546,8.5233,37
32d87fe1,10168,8.5178,37
18eafb89,11950,8.5233,37
1ae2225e,14750,8.5233,37
25a28564,8111,8.5233,37
4d2818c8,13731,8.5205,37
cdf1da2,7252,8.5233,37
7a42eb5,20256,8.5233,37
6bec5eb8,7197,8.5205,37
369c0280,19441,8.5233,37
3bffa2c3,10242,8.5233,37
4fb99a13,7794,8.5233,37
694ec4d7,15828,8.5233,37
3f90437c,13394,8.5233,37
6adf725a,14775,8.5233,37
79bf17f7,14157,8.5233,37
7a5563d1,10207,8.5233,37
65227830,8539,8.5233,37
58145c4b,14776,8.5233,37
5915e811,18282,8.5233,37
88f5309,18790,8.5205,37
7e1a49d0,11857,8.5233,37
496b45c,12983,8.5151,37
72b581bf,11787,8.5233,37
d083fb,20347,8.5233,37
5b79096f,13154,8.5205,37
2c281ef8,14261,8.5233,37
42e9e38,13656,8.5233,37
1dad6b75,15651,8.5233,37
478025df,9852,8.5233,37
2bb32c09,19271,8.5233,37
1020ff7d,9783,8.5233,37
5f35c5a2,7801,8.5233,37
432e0df0,10805,8.5233,37
8097e8f,19457,8.5233,37
5c67697,7286,8.5233,37
3727c142,20627,8.5205,37
7237d62b,14869,8.5233,37
41451410,9456,8.5233,37
7701a061,27051,8.5233,37
7e255212,19925,8.5233,37
326f5573,10815,8.5205,37
5be332ba,19720,8.5233,37
219b830f,19396,8.5233,37
757ae0ec,18984,8.5233,37
3d76f7fd,11181,8.5233,37
30848ff0,7417,8.5233,37
7fc2640b,10706,8.5205,37
23c0307,11692,8.5233,37
f0db4a,15537,8.5205,37
2063ee2c,9604,8.5233,37
2a202cc2,14996,8.5233,37
462ef7b1,16051,8.5205,37
51659201,13039,8.5205,37
2468f048,11484,8.5178,37
1bc57867,15663,8.526,37
30a801e1,20604,8.5233,37
18aeb3a,20443,8.526,37
37e12a5b,3650,8.526,29
52b5eb84,13837,8.526,37
22624f3a,8591,8.526,37
7467a377,19518,8.5233,37
b940831,18194,8.526,37
678d7482,15988,8.5233,37
76803b0c,7321,8.526,37
46abb179,13603,8.526,37
1cfbc20c,6321,8.526,1
f1edec0,10063,8.5205,56
24e09a92,18280,8.526,37
53cf8d59,10210,8.526,37
47efb6e2,10133,8.5233,37
48f4ce20,8225,8.526,37
3165e120,15898,8.526,37
11f1c994,16501,8.526,37
6a90df59,6444,8.526,37
3efb2bb6,19097,8.526,37
50107787,10146,8.526,37
4ee2e044,15560,8.5233,37
403024bc,8680,8.526,37
36011a70,17912,8.526,37
65feef78,14411,8.526,37
3c47d343,19206,8.526,37
6cbcfabb,8784,8.526,37
3dea87da,7154,8.526,37
52d0bfc6,8367,8.526,37
40470fcb,20685,8.526,37
4218014b,10342,8.526,37
cf1186c,6386,8.526,37
49fa4291,9014,8.526,37
1e83fae7,13309,8.526,37
664287ab,19469,8.526,37
64d2c071,7974,8.5205,37
7f27f8b0,7745,8.526,37
7ef27171,27109,8.526,113
cffdedb,14377,8.526,37
7e5c467d,7840,8.526,37
3e7ed37e,18951,8.5233,37
53ea4439,16753,8.526,37
21114199,14372,8.526,37
6aa7f881,10997,8.526,58
3de29468,20790,8.526,37
754f5589,10707,8.526,37
32de2cf6,7444,8.526,37
466a32fe,19519,8.5233,37
583dcab9,13993,8.526,37
74851c95,11380,8.5233,37
6c51b5a8,14287,8.526,37
5fb38615,11340,8.526,37
76db185f,10523,8.526,37
31c9ce55,18952,8.5233,37
7937e810,19522,8.526,37
7bea192f,9499,8.526,37
250a3217,8772,8.526,37
664a9b8d,11314,8.526,37
48fd7efb,9660,8.526,37
e4c689c,14479,8.526,37
7aa269c8,17759,8.526,37
488613e2,18144,8.526,37
6b2fb6af,16677,8.526,37
6ca2bde,17381,8.526,37
6fcfeee6,11103,8.526,37
1a2af6a,17805,8.526,37
5661e05b,8686,8.5233,37
46498caf,10192,8.5233,37
26486c81,6146,8.526,1
32854edd,9811,8.526,37
6bbf13ee,6979,8.526,37
6119c6c2,16335,8.526,37
4509204,19249,8.526,37
28f174c9,7938,8.526,37
1cbbd7f5,10397,8.526,37
f0887ef,7871,8.526,37
20087f1a,19750,8.526,37
20c809ad,18233,8.526,37
628e763e,7152,8.526,37
29f2b27f,18799,8.526,37
4a61e8f4,13967,8.526,37
340c9284,11644,8.526,37
2a840574,7083,8.526,37
3baab99c,9190,8.526,37
19f7aa1d,20469,8.5233,37
77795dc,7535,8.526,37
4214eb8e,20270,8.5178,37
48b1f91d,13762,8.526,37
26b9dfce,8859,8.5233,37
1d5b67b0,17425,8.526,37
7876a70e,12148,8.526,61
3f48d00c,10791,8.526,37
57672f84,16528,8.526,37
1147b43f,10948,8.526,37
5c443fce,9050,8.526,37
25755cfa,10489,8.526,37
4b804cdf,16055,8.5233,37
3db120db,6630,8.526,37
1a8d06a4,8973,8.526,37
15900b83,17379,8.526,37
363e70cf,18450,8.5233,37
5cbf5b5a,9059,8.526,37
1929a802,19778,8.526,37
6cbb6b0e,18632,8.5205,37
64c48122,11324,8.526,37
1ef1e81b,18853,8.526,37
f5b3796,10862,8.526,37
2debcbf1,13358,8.526,37
36846184,20787,8.5233,37
1a3f2659,6044,8.526,35
b1fb435,10684,8.526,37
6e5a757d,8159,8.5205,37
41df239f,9571,8.526,37
3298cc16,16065,8.526,37
3ec9c448,19568,8.526,37
51f629f2,7634,8.526,37
27be81e5,20610,8.526,37
1f458d56,16809,8.526,76
b1017f6,19831,8.526,37
50cc08f5,9183,8.526,37
58f21ed8,11785,8.526,37
6b6e17ad,10379,8.526,37
48d23fae,6880,8.526,37
43763ee5,10291,8.526,37
45664dfb,10495,8.526,37
101d4afb,9363,8.526,37
29b8a537,13609,8.5233,37
b3aec8d,9860,8.5233,37
490423c7,20701,8.526,37
3b77ad14,7861,8.5178,37
67f57073,11690,8.5233,37
658c1634,14412,8.526,37
d7e1b59,18794,8.526,37
be718ef,13925,8.526,37
47dd8708,17426,8.526,37
42e50471,17514,8.526,37
3f3c7ba7,13324,8.5178,37
c2f3ccf,10440,8.526,37
27611f85,17962,8.526,37
4dcd4194,19347,8.526,37
644c757c,10778,8.526,37
4b7ed347,8769,8.5233,37
6c18ea5d,16808,8.5233,76
289ee50b,7283,8.526,37
7f717cbd,19836,8.526,37
7d481e19,13186,8.526,37
40910e1c,10861,8.526,37
17c458fd,14652,8.5233,37
6b705e51,13897,8.5205,37
52fc3dc1,8107,8.5233,37
19313828,13371,8.526,37
6ff94951,11005,8.5233,37
27504b5c,15965,8.526,37
4e3b1b31,19298,8.5205,37
7d1a2502,10333,8.526,37
580c4831,16245,8.526,37
44c34d5d,10594,8.526,37
7da3e2c7,27331,8.526,37
6b578cd1,7306,8.526,37
4749968c,7754,8.5205,37
30cb6f65,6666,8.526,37
7d3e0394,8010,8.526,37
1f69732e,10597,8.526,37
480f4516,15632,8.526,37
4379476d,14964,8.526,37
4e56de35,17851,8.526,37
1af234d2,20496,8.526,37
28e7f56f,12450,8.5233,61
21ac8d31,9555,8.526,37
59734847,17503,8.526,37
522ca31f,18099,8.526,37
45f778b8,14917,8.5233,37
f7b032,19325,8.526,37
35058f3b,12831,8.526,37
4385e11b,11283,8.526,37
7406962f,16703,8.526,37
aca12af,18097,8.526,37
378155e4,8761,8.526,37
5be0f736,6548,8.526,37
1b17a58b,8328,8.5233,37
4192932c,10224,8.526,37
7c01d08f,19475,8.526,37
2004c17e,18674,8.526,37
53c7eb04,14404,8.526,37
2739f632,10334,8.526,37
69f6209e,7867,8.526,37
585696f,19322,8.526,37
2270bf80,14591,8.526,37
18515a90,15553,8.526,37
4a90559a,20297,8.5233,37
123a7e86,17429,8.5233,37
3cdaa3bf,20439,8.526,37
1bf1971b,8590,8.526,37
53053d7a,13140,8.5233,37
120ab7d2,13939,8.526,37
7b243977,20770,8.526,37
625684f1,8723,8.526,37
6c7a3047,8339,8.526,37
2c8f9141,8805,8.5205,37
16ee3e5f,9606,8.526,37
d21b83d,17499,8.526,37
b28dbb2,19102,8.5233,37
366d3a98,19062,8.526,37
5116e6cc,9046,8.526,37
6dcc1d8e,16056,8.526,37
20f4aece,19550,8.526,37
7f12f9b2,7479,8.5233,37
19d4401a,14640,8.526,37
14f90ec3,18532,8.5288,37
2e7f1dbf,8343,8.5288,37
3fed06ba,11108,8.5288,37
117e504c,13761,8.5288,37
79c9e4b8,8125,8.5288,37
42a6af0b,19218,8.5288,37
1ef52e8a,11804,8.5288,37
7deae128,15922,8.526,37
4b303609,9184,8.5288,37
6e31c009,16255,8.5288,37
3c190693,14997,8.5288,37
b2ffee4,12977,8.5233,37
2166ad08,9715,8.5288,37
2f776263,10579,8.5288,37
1f75e92b,11377,8.5288,37
6b59fcff,18236,8.5288,37
7f431271,13573,8.5288,37
765cc405,10261,8.5288,37
46504754,10030,8.5288,37
3cd87618,13944,8.5288,37
463008dc,14555,8.5288,37
bf71f0f,19484,8.5233,37
624af565,11914,8.5288,37
5fda3c7,15548,8.5288,37
15112391,8201,8.526,37
2685af4c,15494,8.5288,37
3bfd17a,15544,8.5288,37
51bfac80,7631,8.5288,37
64eb8a0f,8438,8.5288,37
c60fece,9898,8.5288,37
10f15978,13580,8.5288,37
3c063c4a,8184,8.5288,37
4856237,16394,8.5288,37
f186ae7,16674,8.526,37
1538d8e5,14651,8.5288,37
18514264,14667,8.5288,37
376a0f83,15902,8.5288,37
7b6904db,17618,8.5288,37
56f1b55a,15724,8.5288,37
28c514a3,20465,8.5288,37
3a1521bd,19751,8.526,37
5de4276b,17470,8.5288,37
6e18afd0,9238,8.5288,37
456e6c1a,17589,8.5288,37
7682f488,18249,8.5288,37
6ef8cebc,13164,8.526,37
7d730217,19245,8.5288,37
150adad,9964,8.5288,37
2a9df478,8071,8.5288,37
23852b9,15842,8.5288,37
67be8b53,10200,8.5288,37
1c63ca6b,6931,8.5288,37
63876fcc,16199,8.5233,37
267c79f0,14320,8.5178,37
66114a1c,9655,8.5288,37
1140f531,7370,8.5288,37
2dc749e1,16529,8.5288,37
68b10650,15688,8.5288,37
49cf0f0,9809,8.5288,54
44b65bac,6999,8.5288,37
53299a9a,15714,8.5288,37
33ca9529,15875,8.5288,37
50b2f8d0,7839,8.5233,37
262fa251,8754,8.5288,37
39cd0144,10695,8.5288,37
7982fbc5,10262,8.5288,37
4e3b5167,20282,8.526,37
65d00c1c,6878,8.5288,37
5ec9a889,10387,8.5288,37
197abff8,11339,8.5288,37
429cabac,13069,8.5288,37
138a559a,9595,8.5288,37
943a82,9862,8.5288,37
4cddd017,9563,8.5288,37
6b3bd3eb,14972,8.526,37
2a5c7d93,20750,8.5288,37
b3d1270,10301,8.526,37
29c22668,7569,8.5288,37
1cd31c30,9711,8.5288,37
55aa4adc,5969,8.5288,1
36e76c8b,3646,8.5288,29
eaefd59,11563,8.526,37
a184220,10708,8.5288,37
d631515,9406,8.5233,37
edb306,7641,8.5288,37
7950d277,13018,8.5288,37
3191963f,11417,8.5288,37
495704b9,16057,8.5288,37
366bb48e,9295,8.5288,37
b76fc12,19314,8.5288,37
50575907,14973,8.526,37
2154ed78,15903,8.5288,37
4af0e218,6478,8.526,37
76da1138,10998,8.5288,58
1caff185,17564,8.5288,37
46838166,7850,8.5288,37
1a16e045,9812,8.5288,37
50e62c5d,18407,8.5288,37
573b313d,7536,8.5288,37
33526cc,20072,8.5288,86
714eb933,19800,8.5288,37
120e4d46,7268,8.5288,37
3f37938a,17718,8.5288,37
310bff88,11955,8.5288,37
35884fbb,6943,8.526,37
558c4031,11251,8.5288,37
56a432c9,8592,8.5288,37
38bd702a,14756,8.5288,37
4fbf0511,6657,8.5288,37
7d59639f,18908,8.5288,37
2112cdde,10250,8.5288,37
fc01ebc,10685,8.5288,37
5caf134e,8996,8.5288,37
6b8f1247,10705,8.5233,37
39906398,10231,8.5288,37
362abfe8,14738,8.526,37
5bee544d,6613,8.5233,37
12bbef00,7305,8.5288,37
20bf6990,9472,8.5288,37
1b5ca3a,10530,8.526,37
3b03f537,10793,8.5288,37
58b5c840,14321,8.5288,37
153bffb9,15873,8.526,37
3af0133e,15062,8.5288,37
1efee31a,20763,8.526,37
687fdf4d,18764,8.5233,37
22f323cc,10142,8.5288,37
18a0ad4f,10350,8.5288,37
71af7b72,11747,8.5288,37
67bc57bd,18609,8.5288,37
5ceaf5c5,14994,8.5288,37
413df1c2,20325,8.526,37
4bc3767c,11171,8.5288,37
4e47c106,9713,8.5288,37
458841d6,17834,8.5288,37
6b151b44,9223,8.5288,37
3b35f0cc,17810,8.5288,37
5c1debd7,16743,8.5288,37
4b8a495d,19394,8.5288,37
4c0b270b,11327,8.5288,37
f07caf5,8813,8.526,37
1b20e849,8888,8.5288,37
2d1900c6,19083,8.5205,37
2799ad1,11469,8.5288,37
17dfd6ea,15067,8.5288,37
26bef686,20475,8.5288,37
7f974965,17603,8.5288,37
3a4020b8,9753,8.5288,37
74219a33,7501,8.5233,37
1d206adb,10783,8.526,37
4c7bb53f,8369,8.526,37
770509e8,19697,8.5288,37
f0de539,19709,8.5288,37
11e520b1,11137,8.5288,37
26adff,20351,8.5288,37
8e4594a,11578,8.5288,37
3ff7bcb8,7571,8.5288,37
7aff35f,10790,8.5288,37
d7638ac,17815,8.526,37
3253ff00,7404,8.5288,37
7240a6a0,18142,8.526,37
a8d96bc,12075,8.5288,61
278bd312,15225,8.5288,37
77998164,14625,8.5288,37
519e92bb,9208,8.5288,37
269c4b8e,19768,8.5288,37
40420197,11145,8.526,37
66ad7678,20683,8.5288,37
392849ce,7462,8.5288,37
2a28e532,14563,8.5288,37
1c861f1a,8531,8.5288,37
5882e73f,20008,8.5288,86
81c0b01,15444,8.5288,37
738155f5,12904,8.5288,37
5fd3fa50,7907,8.5288,37
10a7458a,10419,8.5288,37
43c25175,9290,8.5288,37
780b009c,3574,8.5288,29
1dccc95,17918,8.5288,37
419db784,8593,8.5288,37
6b3c2128,19570,8.5288,37
19c96bcd,9011,8.526,37
4b93c333,7637,8.5288,42
41b53a,18901,8.526,37
afef17b,20358,8.5288,37
5f21214c,8175,8.5288,37
1394559e,11399,8.5205,37
1ef1dab3,19448,8.5288,37
34ab071e,19940,8.5288,37
6379953f,11389,8.5288,37
3504f35d,7746,8.5288,37
14b91ea6,13369,8.526,37
3bc6b163,6384,8.5288,37
4a0518bb,8154,8.5288,37
294a335d,8253,8.526,37
6b18ae98,17500,8.5288,37
7e04414b,15867,8.5288,37
466ea5ea,9707,8.5288,37
43239225,20514,8.526,37
1a7edfaf,12930,8.526,37
3233fa6f,12829,8.5288,37
143d282a,14033,8.5288,37
6c95312b,19299,8.5315,37
69bd1f51,15868,8.5315,37
5f6798a6,18668,8.5315,37
3388b742,7401,8.5288,37
4e89b561,15957,8.5315,37
bd0c9f2,9249,8.5315,37
6811c286,4983,8.5315,1
1e555a61,7549,8.5315,37
1d74c677,19076,8.5315,37
10660372,6944,8.526,37
7685e60a,13981,8.5315,37
42b73ce9,7720,8.5315,37
308e6b67,17859,8.5288,37
794b1db6,20409,8.5288,37
5996fc7e,12154,8.5315,61
195d7792,15489,8.5315,37
7b51d062,12506,8.5315,61
5ad6c413,18135,8.5315,37
34cda63b,11884,8.5315,37
63c78936,8315,8.5315,37
166087ec,16806,8.526,76
278d31eb,12594,8.5315,61
7afa3f6f,17537,8.5288,37
23dfa275,15887,8.5315,37
7c8e1101,14481,8.5315,37
6e43b69b,6773,8.5315,37
4569fd7b,10493,8.5315,37
1b7b33a9,8077,8.5315,37
17f13fde,8318,8.5315,37
28f44609,19837,8.5288,37
6475a4d5,20255,8.526,37
6efd0f05,9130,8.5205,37
4fce0bee,13112,8.5288,37
2c599f08,13940,8.5315,37
32c85a92,6499,8.5315,37
479a4923,11186,8.5315,37
7b521312,8566,8.5315,37
7d51be5a,10501,8.5315,37
1d10df27,14874,8.5315,37
26c92b0f,14757,8.5315,37
6dfc0add,15700,8.5288,37
6dd5ef3,7190,8.5315,37
760e931c,14473,8.5315,37
6d7c931d,12077,8.5315,61
60dbc68d,10626,8.5315,37
c1d36a3,6970,8.5315,37
7644cf8,9132,8.5315,37
15bcd8c,20606,8.5315,37
39b50d37,18606,8.5315,37
7fda0a76,16515,8.5288,37
5cf88c8c,9590,8.5315,37
1ca326f6,17672,8.5315,37
3985ba16,15479,8.5288,37
28c8c4a4,14369,8.5315,37
304cb1dd,7744,8.5315,37
355db5b4,12942,8.5288,37
4f1ff170,27307,8.5315,37
1a886317,7284,8.5315,37
422085e7,9153,8.5288,37
49a1544,11382,8.5315,37
34bee0d6,6677,8.5315,37
6d77ad8d,9675,8.5315,37
2b3e1279,13435,8.5315,37
7f5a126f,9701,8.5315,37
3c21f502,11670,8.5315,37
6cea3cce,13489,8.5315,37
2c62935f,14408,8.5315,37
379c46f0,18895,8.5288,37
18faf306,11047,8.5288,37
2bc09cfe,9610,8.5315,37
38a3dbf4,17719,8.5288,37
5f8c87d1,13145,8.5315,37
16f1c904,6718,8.5315,37
6670a059,17331,8.5315,37
430fb6ec,9741,8.5315,37
ca20f48,19149,8.5315,37
232a454e,12076,8.5288,61
3b8b01c6,19064,8.5288,37
1949ef3b,6808,8.5315,37
68b8d969,19571,8.5315,37
bde7089,3575,8.5315,29
65f9286f,20755,8.5315,37
339f23dc,8048,8.5288,37
1dc2c757,19138,8.526,37
6560a65e,9708,8.5315,37
497650cd,9012,8.5315,37
33d1bfc,10844,8.5315,37
8ce8cb3,11451,8.5288,37
687c99a2,8053,8.5315,37
13775c58,10431,8.526,37
78fe5731,10244,8.5315,37
4a9f789,19214,8.5315,37
894cf37,19636,8.5315,37
2128d7e1,16222,8.5288,37
603be470,16531,8.5315,37
4ef86237,20628,8.5315,37
298833d6,7904,8.5315,37
69ae7e8a,6719,8.5288,37
663afa89,9564,8.5315,37
28b581c6,15855,8.5288,37
1792e8c4,10966,8.5315,37
1a76c9db,8042,8.5288,37
72084fc0,12944,8.5315,37
76b75bf6,18779,8.5288,37
237f531a,18287,8.5288,37
7663592c,8931,8.5288,37
5a776e2a,8232,8.5315,37
6ab14ceb,17761,8.5315,37
2695c2a0,14556,8.5315,37
4ad35567,14344,8.5315,37
2bb47429,14034,8.5315,37
4b82a3a0,16256,8.5315,37
438ae8b2,9022,8.5315,37
13a2e5c9,19091,8.5315,37
1bbfdea8,7082,8.5315,37
457ef1dc,19063,8.5315,37
552d75f9,10639,8.526,37
3002bb6a,18537,8.5315,37
2c04ca7,7747,8.5315,37
796b1ad0,9609,8.5288,37
47573ab9,13852,8.5315,37
622b00d2,10375,8.5315,37
620ecd44,13376,8.5315,37
4312e64f,8044,8.5315,37
3d6e8e66,15543,8.5178,37
7f93489,8439,8.5315,37
1389addf,16712,8.5315,37
47fd017f,10274,8.5315,37
ea9ba58,11398,8.5315,37
40ba8a78,19295,8.5315,37
37babfde,10116,8.5315,37
1e8320e5,11623,8.5315,37
72e22bba,8441,8.5315,37
661f96d4,10703,8.5205,37
619c06fa,15587,8.5315,37
14391ce,16360,8.5288,37
78ac5606,10085,8.5315,37
7906343f,10137,8.526,37
64d60730,20413,8.5315,37
787844e0,20359,8.5315,37
62fe218f,6591,8.5288,37
2a914623,12841,8.5315,37
7e2a3bc6,20756,8.5315,37
444f3fa7,8316,8.5315,37
572e8cf8,15966,8.5315,37
77ae7860,10021,8.5315,37
58f58958,8783,8.5315,37
65fa27e6,11564,8.526,37
46902eed,13718,8.5315,37
42f93327,14875,8.5315,37
4d1e8373,15204,8.5315,37
3632cd69,20772,8.5315,37
243195e,14460,8.5315,37
4563a8bd,12962,8.5315,37
4e88cb3d,7920,8.5315,37
6e710e00,20009,8.5315,86
74626379,16067,8.5288,37
2c1c1b08,7610,8.5315,37
2445fc95,19477,8.5315,37
33e4bb63,9665,8.5315,37
42a2f713,11805,8.5315,37
6b27f909,10586,8.5315,37
253c3d95,15568,8.5315,37
69b4a661,20474,8.5315,37
621e5e96,8882,8.5315,37
7b141f78,17907,8.5315,37
5c29063b,17475,8.5315,37
37d127a9,8150,8.5288,37
73c57453,15580,8.5315,37
3f8e53e4,13116,8.5315,37
2ff4406d,10947,8.5315,37
49194fce,8778,8.5315,37
4c5247a,14420,8.5288,37
9bfeba7,18766,8.5315,37
2e8c90ab,20152,8.5288,86
2d68cd8b,17762,8.5315,37
7637fbd8,17487,8.5288,37
3c74247d,7127,8.5315,37
579ba2ed,14626,8.5315,37
49f3543c,6534,8.5315,37
171f51de,18620,8.5342,37
449ea5b5,18185,8.5342,37
582e0640,14370,8.5315,37
d4062db,11205,8.5342,37
60bc530c,15028,8.5342,37
51bee1a3,27395,8.5342,37
790ae1d2,6040,8.5342,35
77520292,19384,8.5342,37
75f41b47,19297,8.5315,37
53614fa3,16346,8.5342,37
7d4b206c,11122,8.5342,37
54e5a283,10544,8.5342,37
1aeaebc5,15691,8.5342,37
4f91e5fc,19499,8.5315,37
1654a7fa,12955,8.5342,37
35639a9,16810,8.526,76
3766b67d,16707,8.5315,37
743ad61e,13972,8.5342,37
32b8bd1c,9469,8.5342,37
7f41cc4d,17349,8.5342,37
3f3f785c,16076,8.5342,37
c677336,19438,8.5315,37
7bc06ffb,20729,8.5342,37
a92e76a,10496,8.5342,37
4e2b83fc,17315,8.5342,37
7962b7cc,19140,8.5342,37
1a5a0ac,20702,8.5342,37
1f1d651a,10663,8.5342,37
1c91ae45,19331,8.5342,37
eb7fa48,13558,8.5342,37
6287f085,16268,8.5342,37
8e6eca,13957,8.5342,37
4e8b8cb9,15038,8.5342,37
5ff9e0ab,9221,8.5342,37
6e2d24a6,13801,8.5342,37
33f3f23e,8165,8.5315,37
210f4ebd,9418,8.5315,37
31e31e8f,16078,8.5342,37
36ec1401,11384,8.5315,37
1aa262e0,8751,8.5342,37
4103adaf,7338,8.5342,39
68bdd466,16733,8.5342,37
5224a65,19939,8.5342,37
3e27996c,11604,8.5342,37
371b492a,9906,8.5288,37
6b29e4b3,14653,8.5315,37
6fdf0b67,15500,8.5342,37
2e05daf,13987,8.5342,37
26483d3c,6411,8.5342,37
4306b102,10482,8.5342,37
54950e36,10432,8.5342,37
54182c2e,8881,8.5315,37
33de4a4c,16541,8.5288,37
45267394,15835,8.5342,37
54346564,20464,8.5315,37
393e31b8,14332,8.5342,37
2c5213ed,10580,8.5342,37
1bd3d4f5,16548,8.5342,37
53a885c6,27303,8.5342,37
6fd93925,11579,8.5315,37
7f568367,8781,8.5315,37
7a278404,11385,8.5315,37
6db6b833,18812,8.5315,37
4b80b4b1,20732,8.5288,37
64b1d,13060,8.5342,37
62125364,10046,8.5315,37
1ee8b766,7802,8.5342,37
5083ad36,19864,8.5342,37
626f5a98,19204,8.5315,37
1b14d478,14324,8.5342,37
401c03fb,14382,8.5342,71
dbbfcd3,18313,8.5342,37
1598dc66,7786,8.5342,37
28926db9,7243,8.5342,37
831b08b,9931,8.5315,37
5abe983a,11903,8.5315,37
99604e7,20757,8.5342,37
32d25fc9,8567,8.5342,37
20bbbb83,8341,8.5342,37
b7944a,18619,8.5342,37
27d5d538,7312,8.5342,37
274d8ce9,17605,8.5342,37
5a575c20,15126,8.5315,37
667e96e4,7387,8.5342,37
6f8be306,9121,8.5342,37
246a00da,6629,8.5342,37
678a11af,14689,8.5342,37
12fc281a,19991,8.5288,37
5aee79fe,7820,8.5288,37
44bcfe2b,11652,8.5342,37
566799ee,20285,8.5342,37
349d559a,7614,8.5342,37
66c4c3f7,11039,8.5342,37
125c6325,9325,8.5342,37
31328ae3,10326,8.5342,37
5b70cdc2,10629,8.5342,37
1b6b7620,14316,8.5342,37
6adf7b23,16490,8.5342,37
4f1f9109,12446,8.5342,61
125c5bf5,9336,8.5342,37
52c6f5e8,9828,8.5342,37
43d19af0,15665,8.5342,37
70f5dc5a,8057,8.5315,37
86b242,7565,8.5315,37
658a6e0f,6941,8.5342,37
740a704a,18986,8.5342,37
b890448,6862,8.5342,37
3c61ece1,19758,8.5342,37
46e75d61,7879,8.5342,37
61c8fdd7,13574,8.5342,37
7ebd8b45,9209,8.5342,37
30f49711,20489,8.5288,37
701017a9,19442,8.5342,37
4c84d83b,14711,8.5315,37
75ca3cc8,11823,8.5342,37
6a04a239,19031,8.5342,37
7871eb9f,20356,8.5342,37
56d0c6b6,19936,8.5315,37
6c29a79f,8762,8.5315,37
686ff21,20044,8.5342,86
49dc80a2,19390,8.5342,37
3e86b715,13070,8.5342,37
1f32fa05,27457,8.5342,37
3083dc8,16314,8.5342,37
83d1ca3,15858,8.5342,37
d72d73,11608,8.5342,37
4def9195,15108,8.5342,37
f4b039d,20590,8.5342,37
6f73ded3,17368,8.5342,37
5676cafb,6002,8.5315,35
3e6b44cd,27304,8.5288,37
30242a0b,6707,8.5342,37
41d0ef9a,18448,8.5342,37
6022c311,19865,8.5342,37
2111d449,15666,8.5342,37
62a262a0,7290,8.5342,37
73c7788d,17922,8.526,37
35adf550,7726,8.5342,37
1a31dc30,10292,8.5342,37
6b770ab4,20779,8.5342,37
23bc0447,13978,8.5342,37
78abee72,7159,8.5342,37
79e17215,15909,8.5315,37
6da5f145,14668,8.5288,37
7e919e9,10587,8.5342,37
3ed464ef,10533,8.5342,37
f8a7530,18840,8.5315,37
4d67825d,11207,8.5342,37
50897402,17613,8.5342,37
63b9ccfc,20611,8.5315,37
3fc6064e,9596,8.5342,37
531135db,7409,8.5315,37
4e420e81,7609,8.5342,37
55f04a2f,13691,8.5342,37
7803a241,8864,8.5233,37
77783f79,10722,8.5288,37
29100111,9185,8.5342,37
7ee6972e,13735,8.5342,37
1b122319,14560,8.5342,37
496d0c9,18809,8.5342,37
4e837892,18339,8.5342,37
448380b0,8097,8.5342,37
53947439,14133,8.5342,37
61b6e61a,19661,8.5342,37
6a699703,20064,8.5342,86
34245556,16526,8.5315,37
6c7ad562,14452,8.5288,37
1c3f4168,9324,8.5315,37
4aefe2c3,17758,8.5342,37
5c77902d,6604,8.5342,37
1582b935,15024,8.5342,37
669c9f04,9694,8.5342,37
3582a59e,11185,8.5342,37
5514adfb,16709,8.5342,37
57727ce2,15630,8.5342,37
22fc4bf4,9991,8.5342,37
272a460,18514,8.5342,37
72f9baa0,18800,8.537,37
36a84d71,17720,8.5342,37
764b13bb,20488,8.537,37
2a174ab6,13179,8.5342,37
e6f96cb,19927,8.537,37
5e9e728d,10954,8.537,37
2aa97fea,15777,8.5342,37
4d177cf,13856,8.537,37
a97f7ab,13632,8.5342,37
2730f66e,8078,8.537,37
4967f35d,13162,8.537,37
7c787f75,15236,8.537,37
49ccd1f9,13499,8.537,37
5c5b7512,19470,8.5342,37
267c5037,15464,8.537,37
50f7b2be,7901,8.537,37
6fcbec02,12984,8.537,37
683fe70c,7188,8.537,37
2c06efd4,10240,8.5342,37
4189caa8,17994,8.537,37
71928567,11412,8.537,37
66820bde,15763,8.5342,37
7de13095,8126,8.537,37
4ca2dbbe,14715,8.537,37
72b2690b,11925,8.5315,37
6144565f,9314,8.537,37
1a4d619d,17782,8.537,37
1555a77a,14363,8.537,37
1f9ce59d,7000,8.537,37
523122d9,13948,8.537,37
74ce6eea,20525,8.537,37
10d859bf,15984,8.5342,37
536d0355,10933,8.537,37
6bbb1035,15114,8.537,37
6c058a96,11121,8.5342,37
3ec22308,7461,8.537,37
58ef82e,6858,8.537,37
36877a12,13968,8.537,37
7616176e,13356,8.537,37
59e3b0c7,15020,8.5315,37
6609ad7a,17827,8.537,37
2bde6c5d,6416,8.5342,37
2684c4de,5721,8.537,34
606f1a07,9830,8.5342,37
24ceeb45,27008,8.537,37
35c69003,14071,8.537,37
7c2ad705,15027,8.537,37
7c084e6a,20513,8.537,37
2131d09d,11827,8.537,37
642fccce,10991,8.537,37
37e897cd,16221,8.537,37
1d50fcca,7269,8.537,37
7aa7bdee,10985,8.537,37
23959a14,17686,8.537,37
40adc291,15829,8.5342,37
7cfe0f68,11040,8.537,37
39c67b14,12454,8.537,61
4ae3c51e,13197,8.537,37
50cfc624,7371,8.537,37
4ab1d977,9341,8.537,37
5f85b313,14609,8.537,37
55117d2c,17673,8.537,37
10e99a5,17641,8.537,37
2fde8146,27327,8.5342,37
6b86b884,10835,8.537,37
5db1b285,16380,8.5315,37
3175c02,17682,8.537,37
76a12e74,27358,8.537,37
49510c14,9592,8.537,37
2dae4557,14876,8.537,37
7d5beffd,10303,8.537,37
3bb81f60,11630,8.537,37
64e371bd,9446,8.537,37
46655edb,19675,8.537,37
28c61094,6402,8.537,37
53fe59f3,19803,8.537,37
2cefb4a8,14703,8.537,37
4090b468,11794,8.537,37
584a4e5e,20010,8.537,86
795aa565,7381,8.537,37
28c10412,19476,8.537,37
6d37c696,13692,8.5342,37
67855dd0,8226,8.5342,37
4bd8adc8,14759,8.537,37
6b19d135,10373,8.537,37
152177ed,16062,8.537,37
3ce21ae8,7591,8.537,37
422a7dfa,9576,8.537,37
3849a9b6,9240,8.537,37
756f18b2,13662,8.537,37
7b574d3a,14143,8.537,37
5e62bb1c,14893,8.537,37
2b13ad7f,9554,8.537,37
26b48a27,8437,8.537,37
67cb2d56,10524,8.5342,37
2c3ac0e8,19332,8.537,37
7afd68c2,15915,8.537,37
1af4e845,15039,8.537,37
1893ac8e,13737,8.5342,37
260c9357,20705,8.537,37
1ef91f95,15972,8.537,37
5ccb2afe,8347,8.537,37
1c40462f,7374,8.537,37
614047e2,19412,8.537,37
64327098,20777,8.537,37
26e6c162,15485,8.5342,37
23ff839a,10845,8.537,37
4063bf50,17614,8.537,37
3722b174,8269,8.537,37
27df9b23,11907,8.537,37
652ace18,7851,8.537,37
78633f11,11813,8.537,37
25a78672,7621,8.537,37
333a7e30,10136,8.5342,37
7ac2aa3,16193,8.537,37
5cf1aff6,16680,8.537,37
3d8b88ce,14150,8.537,37
24861d1b,14114,8.5342,37
4219d21a,9226,8.537,37
13464bb0,20348,8.537,37
726a6cee,14342,8.537,37
6610c97d,27474,8.5288,37
6a154ea7,7037,8.5342,37
4baf839e,13838,8.5342,37
6a839b19,11444,8.537,37
a38ec15,8082,8.537,37
4a18eb83,6607,8.537,37
7d9c322d,18190,8.537,37
bb125d4,6774,8.537,37
46a428f3,13681,8.5342,37
4bed8757,17397,8.537,37
5561c9f3,14107,8.537,37
3265801c,18757,8.537,37
15156e38,20623,8.537,37
c4c43ef,16705,8.537,37
2492ebe6,9061,8.537,37
7f6780d6,14833,8.5315,37
611c8a46,19674,8.5342,37
5f464cf3,14500,8.537,37
6cb85126,8270,8.537,37
2f9a0d57,7905,8.5342,37
2a51fc58,13798,8.537,37
471d1c35,8133,8.5342,37
69825491,20730,8.537,37
168d1c43,15919,8.5342,37
33430eb0,17351,8.537,37
1cc8df14,27393,8.537,37
2d608811,14826,8.537,37
679536c0,9654,8.537,37
59491997,14582,8.537,37
19044175,8502,8.537,48
767f6792,8971,8.5342,37
2c952636,10583,8.537,37
59ccdc91,8213,8.537,37
540273cd,9532,8.537,37
34633d03,19158,8.537,37
51a34bed,16207,8.5342,37
724a3d3d,7386,8.5315,37
6886f5df,17484,8.537,37
f9cd67a,12927,8.537,37
4ddd4fb1,11842,8.537,37
a06d1dc,14251,8.537,37
41b11f52,18531,8.537,37
6231718c,14522,8.537,37
45b60abc,20308,8.537,37
7982abe7,8176,8.537,37
92b9f93,14362,8.5342,37
3080600a,7231,8.5342,37
5954ca87,8983,8.5342,37
2cc2c8fb,9407,8.5315,37
40738317,10423,8.5342,37
73c03b23,13835,8.537,37
c3fc72e,27049,8.537,37
36804342,7975,8.537,37
6a3705be,10537,8.537,37
185c32f8,11836,8.537,37
6a28806a,5785,8.537,1
5e06443e,19222,8.5397,37
cceb0b5,13851,8.5397,37
75fc8826,8036,8.5397,37
5bf96d23,9438,8.5397,37
3732e5d6,20133,8.5397,86
4e00b09d,13042,8.5397,37
5facbcc3,13719,8.5397,37
4f2c5260,7010,8.5397,37
6f901206,20035,8.5397,86
245fd331,7041,8.5397,37
1e2f29dd,20669,8.5315,37
5cd2e379,9052,8.5397,37
64e6589,7582,8.5397,37
61c8d55c,6714,8.5397,37
3c915ac8,11312,8.5397,37
7713bf08,19941,8.5397,37
284fe4e,16038,8.5397,37
25c1b977,13999,8.5397,37
1330f01d,7157,8.5397,37
7931e68c,7385,8.5397,37
5ce2016a,19615,8.5397,37
74400180,18561,8.537,37
6064b70d,20521,8.5397,37
1617380b,14593,8.537,37
6521ba29,8757,8.5397,37
5ab282f2,27360,8.537,37
2e0ac425,17963,8.537,37
6b93d236,19005,8.5397,37
a80c752,10296,8.5397,37
725311cb,7167,8.5397,37
7247fd5,10104,8.5397,37
f1e758f,18676,8.5397,37
1811551e,8942,8.5397,37
1427bb19,8616,8.537,37
7e103d1f,6405,8.5397,37
78ad141d,20682,8.5397,37
3fbafda1,17919,8.5397,37
5aee3fdf,14535,8.5397,37
48c52839,10799,8.5397,37
6193bd4b,10628,8.5397,37
1e948ca3,18059,8.5397,37
2c2746da,13795,8.5397,37
75b39c08,13181,8.5397,37
54ca3a05,9278,8.537,37
284fac32,8006,8.5397,37
1284dc0c,19398,8.5397,37
5da72235,16739,8.5342,37
58b82196,19431,8.537,37
3993f197,12669,8.5397,61
5d41ca1a,6500,8.5397,37
446ce4b5,8765,8.5315,37
500e34fc,15192,8.537,37
507f3bf7,18617,8.537,37
76c66726,11243,8.5397,37
258472fe,14566,8.5397,37
66e63b7,14098,8.5397,37
2f67400e,20582,8.5397,37
6a5dfd93,13942,8.537,37
6cc861a4,19673,8.5397,37
19ced451,20487,8.5397,37
c3c9056,7902,8.5397,37
9084527,15856,8.5397,37
2662d0e3,10585,8.5397,37
49e1e422,19908,8.537,37
21b76368,9687,8.5397,37
6a5d3b04,11278,8.5397,37
552bd37b,10578,8.5397,37
5a880b64,15916,8.5397,37
1c8e24e3,13388,8.5397,37
6b8a839,12963,8.5397,37
53e26f1,17608,8.5397,37
3b984677,18042,8.5397,37
1f77ce19,8869,8.5397,37
72b35828,15262,8.5397,37
3109cf27,17816,8.537,37
45746e59,16598,8.5397,37
64d267e8,20045,8.537,86
c481142,16396,8.5397,37
dc55c91,7191,8.5397,37
7347971b,15599,8.5397,37
15a7398c,14567,8.5397,37
69752f19,10060,8.537,56
623de1f7,7431,8.5397,37
2eb33ef3,10381,8.5397,37
61039b71,6870,8.5397,37
4dc4b584,15132,8.5397,37
40fbd792,15552,8.5397,37
77883dd8,7180,8.5397,37
aadf84b,8804,8.537,37
62ad140f,11837,8.5397,37
7c74088f,9395,8.5397,51
4a249c24,15193,8.5397,37
25292e1d,6989,8.5397,37
79c56a47,9225,8.537,37
176e0ce7,9984,8.5342,37
4ac96683,14565,8.5342,37
223b6b4b,12670,8.537,61
26fcf001,14905,8.5397,37
74b931cb,11400,8.5397,37
1357128f,19397,8.5397,37
12ab9318,11328,8.537,37
531615b4,17971,8.537,37
6e1c5174,11887,8.537,37
4574e552,19686,8.5397,37
2b420fbe,9676,8.5397,37
b098db7,16054,8.5397,37
644ae948,16699,8.5397,37
6f6cee6,9599,8.5397,37
41d58fba,18189,8.537,37
390e3e96,20515,8.5397,37
25f66a6d,8455,8.5397,37
16c5c732,20805,8.5397,88
2674baf2,27429,8.537,37
4bb149d9,17463,8.5397,37
5d82e7c0,12162,8.5397,61
65465715,10864,8.5397,37
6666c265,17739,8.5397,37
2f0b7c3c,13441,8.5397,37
2758b0f1,27361,8.5397,37
916fa42,16554,8.5397,37
6d2eff3d,16738,8.5397,37
3a07f372,9965,8.5397,37
6a227bbd,19754,8.5397,37
89f8130,16619,8.5397,37
12525009,16635,8.5397,37
174bbd52,14995,8.537,37
6e4dd395,14462,8.5397,37
1aaf596d,13997,8.537,37
1a7d8029,20647,8.537,37
50961f19,14482,8.5397,37
50c7afe5,8555,8.5397,37
3043f0a1,19942,8.5397,37
46495248,14559,8.537,37
2647f34f,20411,8.5397,37
4b92d8e5,18801,8.5397,37
64fbffce,15466,8.5397,37
75e943e1,6608,8.5397,37
5bad34e1,16704,8.5397,37
384384d,7253,8.5397,37
68ac3a0b,13802,8.5397,37
3f3ea7d0,10042,8.5397,37
71e871da,14334,8.5397,37
2ce0daf2,19931,8.537,37
175e552f,18614,8.5397,37
1eab59ad,10874,8.5397,37
2cff9d03,9317,8.5397,37
4c147221,14614,8.5397,37
6e2e524,12895,8.5397,37
63703ffa,18110,8.537,37
27526408,17538,8.5342,37
7795f264,11720,8.5397,37
664fe277,15910,8.5397,37
4229eab,10602,8.537,37
30e4c803,11284,8.5397,37
68ba0aa9,6879,8.5397,37
717f1193,7624,8.537,37
61b80ed1,12945,8.537,37
6e813b85,14343,8.5397,37
778a7635,19774,8.5342,37
4f5dc52f,15764,8.5397,37
4627a6de,18413,8.5397,37
6748e64d,17337,8.537,37
43d71f4f,18673,8.5397,37
6282dea7,9549,8.5397,37
19e8957f,15025,8.5397,37
39cd953c,7635,8.537,37
39326281,14015,8.5397,37
42e43f8f,16031,8.5397,37
36e7a692,7711,8.5397,37
6a61a715,20383,8.5397,37
6bf98e5c,8368,8.5397,37
41f5cfc8,19947,8.5397,37
228e983e,8252,8.537,37
70ba0ab,15043,8.537,37
21845217,20403,8.537,37
295679cb,16556,8.5397,37
4f764ad2,12964,8.5397,37
e7a99d3,18299,8.5397,37
611e8c5b,15227,8.5397,37
d1fec61,6871,8.5397,37
3707a72e,10955,8.5397,37
610dd1c7,10934,8.5397,37
2d051824,5729,8.5397,1
77ebb856,7382,8.5397,41
1a8cf873,6555,8.5397,37
68366b1d,9925,8.537,37
6d779a07,14181,8.5397,37
47f4a6f7,20645,8.5397,37
31f57703,15796,8.537,37
6a409ca3,11359,8.5397,37
3bb6844e,18488,8.5397,37
59974ed1,7615,8.5397,37
4340678f,16368,8.5397,37
2d0b5ec0,16391,8.5397,37
643688cd,17625,8.537,37
23c576af,14831,8.5342,37
22903bdb,11545,8.5397,37
4192189e,6592,8.5397,37
12e633c,8858,8.537,37
76a4c087,16543,8.5397,37
5549636b,10416,8.5397,37
44ec7b4,20688,8.5397,37
760b6382,6556,8.5397,37
58d36814,13589,8.5397,37
36f95548,17860,8.5397,37
26fb253c,7546,8.5397,37
383758b3,9742,8.5397,37
4ab64b66,20476,8.5397,37
670c36c1,19323,8.537,37
18a12dd9,7174,8.5397,37
1ad11cbe,16595,8.5425,37
49ca1943,27001,8.5425,37
624499f9,10798,8.5425,37
64f8014e,11242,8.5425,37
752637ed,15986,8.5425,37
6700f11b,19972,8.537,37
214d3753,10374,8.5425,37
59bb045,7642,8.5397,37
41c67644,15115,8.5425,37
3ea32292,13159,8.5425,37
21aecf4e,8775,8.5425,37
69119387,11265,8.537,37
31d01f78,13598,8.5397,37
43562b50,10967,8.5397,37
14d548cb,7992,8.5425,37
71bd6c7d,27023,8.5425,37
40a786ed,6942,8.5397,37
32593902,9069,8.5425,37
c74bc92,18198,8.5425,37
16b0f7e5,10135,8.5425,37
6adc9b30,14768,8.5425,37
11b62e40,6866,8.5425,37
380f80c8,11391,8.5425,37
291147f3,7756,8.5397,37
279a4cfa,9703,8.5425,37
77ea267,11814,8.5425,37
43b36b80,9600,8.5397,37
60be82da,15483,8.5425,37
15b6ffab,18802,8.5425,37
67290ae0,16754,8.5425,37
3f9e92ee,27478,8.5425,37
2b227f95,9239,8.5425,37
9cb86fd,6971,8.5425,37
37b3ea76,11845,8.5425,37
261af32e,15830,8.5397,37
6d580ce1,15486,8.5397,37
553e1808,18449,8.5397,37
97803c,7045,8.5425,37
71658083,16052,8.5425,37
5c77b54a,8166,8.5425,37
792c1894,18615,8.5425,37
4506f1ed,8960,8.5425,37
183a0056,14243,8.5397,37
79063bfe,18195,8.5425,37
607774f2,6997,8.5425,37
128c6888,19584,8.5425,37
5a7ce23f,18052,8.5397,37
126deb45,7654,8.5425,37
4966dd1e,13250,8.5425,37
38df2492,11002,8.5425,37
78c5a09b,9053,8.5425,37
7b41cb0,18813,8.5397,37
48d25859,11244,8.5397,37
460e5360,10217,8.5425,37
395bd529,8342,8.5425,37
6c4f7be1,20564,8.537,37
33b63e79,6279,8.5425,1
4bb9bb44,16551,8.5425,37
2cdcaddd,8260,8.5425,37
7f186400,10172,8.5425,37
188d1457,27370,8.5425,37
2b85a3cf,9241,8.5425,37
f0ae4d4,19721,8.5425,37
96f0dea,7160,8.5425,37
356b40a3,11645,8.5425,37
7d0a9d25,15869,8.5425,37
45b4d5f5,11923,8.5425,37
105601ed,17352,8.5425,37
1acb2f11,15692,8.5397,37
36d5e4a1,9122,8.5425,37
1d40b5d3,15272,8.5425,37
6cb1fbcc,9113,8.5397,37
330c0a1,14662,8.5425,37
60c8b64f,19250,8.5397,37
78be79a8,7558,8.5425,37
1b3292e8,14126,8.5425,37
3b5ddba6,12517,8.5425,61
1a28b406,9656,8.5397,37
3025965c,15044,8.5425,37
78208239,19326,8.5425,37
3f0fe762,18430,8.537,37
3267c130,14330,8.5425,37
6732bc31,18917,8.5425,37
7bb951fd,8436,8.5425,37
3b4d9d1f,10836,8.5425,37
37afa507,8667,8.5397,37
458e44f7,14282,8.5425,37
7409d302,14463,8.5397,37
5ea85b31,16397,8.5425,37
1fec4f89,17447,8.5425,37
469b110b,8501,8.5425,48
5af6bb3a,13129,8.5425,37
5b751b36,9062,8.537,37
45f84a1a,14758,8.5425,37
2302c77f,18888,8.5425,37
2a3816f4,12956,8.5425,37
48011808,20333,8.5425,37
3b5e0695,27458,8.5397,37
5053b7cb,9740,8.5425,37
3cf1337e,20412,8.5425,37
56940da2,17350,8.5425,37
16958e20,19098,8.5425,37
5d3448c9,9048,8.5425,37
68ebfad2,6277,8.5425,1
1e641370,16706,8.5425,37
32fdae9f,15859,8.5425,37
243a7a12,7358,8.5425,37
5b371c5c,12153,8.5397,61
6c3d5082,12893,8.5425,37
52fc21e6,19163,8.5397,37
6ef1a447,13187,8.5425,37
4be2455f,7287,8.5425,37
25613b41,11138,8.5425,37
46d7064d,15265,8.5397,37
4068e755,10251,8.5342,37
73a81daf,11406,8.5397,37
20dffc2d,11418,8.5425,37
5fbf8ba8,7399,8.5425,37
5f521b0f,14410,8.5425,37
21240b7c,18538,8.5425,37
26f11242,10335,8.5425,37
15072656,18301,8.5425,37
3924108e,18678,8.5397,37
36460d95,11266,8.5425,37
37388fca,9187,8.5397,37
1975f86d,9899,8.5425,37
356c4883,17991,8.5425,37
3ae965c0,19805,8.5425,37
33c0d11e,13754,8.5397,37
40f54e73,14269,8.5425,37
76756090,11021,8.5425,37
218a168d,15912,8.5425,37
14f76b83,7502,8.5397,37
7e9b29b8,9612,8.5425,37
2337b71b,10951,8.5397,37
52f8e38e,13657,8.5397,37
7d7c3121,15593,8.5425,37
5a0d01df,7630,8.5425,37
449cfaea,8557,8.5425,37
51ed9564,20042,8.5425,86
4d845341,9754,8.5425,37
7f35b0d7,14260,8.5425,37
59c9f193,19235,8.537,37
6cc9a955,16379,8.5397,37
4c3b6491,15561,8.5425,37
5c5d5e71,17852,8.537,37
6126a62b,10647,8.5425,37
ed7ef15,14962,8.5425,37
5cb64510,17814,8.5425,37
6aae3621,14545,8.5425,37
3eedc2a1,19511,8.5425,37
f733d2e,9475,8.5425,37
61037715,16053,8.5425,37
7a875a2a,18669,8.5425,37
2aaf7711,15517,8.5425,37
3c23a527,13965,8.5425,37
523e05a8,8235,8.5425,37
46e2c669,11624,8.5397,37
6749295,17655,8.5425,37
57326ab5,13966,8.5397,37
7619e7e9,8453,8.5425,37
2698a6cd,19432,8.5425,37
45a68b1,27394,8.5425,37
4079dd4d,12593,8.5425,61
79664c04,27017,8.5397,37
3e1e580d,18677,8.5425,37
1aab332b,11048,8.5425,37
4de3df2f,13572,8.5425,37
437ee06b,12972,8.5425,37
8b3926c,18999,8.5425,37
4b42ca3a,10280,8.5425,37
188b6eda,20036,8.5397,86
2cc2a818,14762,8.5425,37
38767f1e,8779,8.5425,37
65b86130,10858,8.5397,37
26062ee3,17784,8.537,37
1fbdc053,11750,8.5425,37
1438c235,10144,8.5425,37
322f9063,10245,8.5425,37
7926be51,16336,8.5425,37
2549c1f3,27402,8.5425,37
54073251,18184,8.5425,37
6fc7b8e,9001,8.5425,37
489e4fba,9825,8.5397,37
23335903,14716,8.5425,37
4ecb628e,6445,8.5425,37
2b8e50d2,6557,8.537,37
11d73986,17817,8.5425,37
281581fe,19129,8.5425,37
449601bb,17972,8.5425,37
3d5f4960,17620,8.537,37
648e96d9,11826,8.5425,37
3690388a,18109,8.537,37
4c3d88c7,19135,8.5425,37
48a3facf,14544,8.5425,37
8a1a627,11580,8.5425,37
2e031e3d,19207,8.5425,37
ff0aef2,16347,8.5425,37
1fd8c98b,14123,8.537,37
3f830107,11601,8.5425,37
23fa8c05,18111,8.5425,37
68a1f1ba,7314,8.5425,37
62ac4562,11419,8.5425,37
3be15c2d,8952,8.5425,37
1c4de96f,18322,8.5425,37
7b013a2a,10394,8.5425,37
4a301153,15026,8.5425,37
39459feb,7060,8.5425,37
7534bab1,6678,8.5425,37
7161e57,18616,8.537,37
4de62d6f,19867,8.5425,37
58c959ff,12523,8.5425,61
8789165,15074,8.5425,37
3f2bc29b,9702,8.5425,37
514eb261,20398,8.5425,37
1df1e294,15258,8.5425,37
7cafd4ab,13847,8.5425,37
6f0cc647,19395,8.5397,37
4b75ac7d,6846,8.5425,37
598212c5,7009,8.537,37
35fcbdc9,7279,8.5425,37
5b0a8fd2,9551,8.5452,37
4c6b8ce7,7900,8.5425,37
523d440a,12163,8.5452,61
344d1c74,8465,8.5425,37
7d903402,14704,8.5452,37
72eb407d,16344,8.5452,37
4a4e573e,11147,8.5425,37
16bc4cbf,16650,8.5452,37
56f23066,8254,8.5452,37
4811e756,11112,8.5452,37
6af05a4e,6539,8.5452,37
42b017c5,17791,8.5452,37
7a7f5f0a,8143,8.5452,37
e522d4e,13357,8.5452,37
669824e0,6839,8.5452,37
24d409c9,11471,8.5452,37
24539556,15507,8.5425,37
3bf4e4cf,7620,8.5452,37
1c6c7875,7434,8.5452,37
23c624ae,11445,8.5452,37
18f2a070,20520,8.5452,37
20337f1d,17906,8.5452,37
3c7d3548,7994,8.5452,37
71bc0674,7537,8.5425,37
43ad5d62,13436,8.5452,37
4ed19447,5811,8.5452,1
75a1c117,10756,8.5452,37
20237d9e,7004,8.5452,37
9cc62b5,11853,8.5425,37
4b7dbc67,14749,8.5452,37
302f7566,15198,8.5452,37
b5b3170,18108,8.5452,37
61e83364,15467,8.5452,37
475035ba,11497,8.5452,37
46cb6573,13302,8.5425,37
c9fec73,18566,8.5452,37
5e1d9c21,13155,8.5452,37
7ecee795,6172,8.5425,1
3875f013,10780,8.5452,37
4bfa7f1a,17974,8.5452,37
1109bc4b,13292,8.5452,37
78cf29a5,11072,8.5452,37
79341ed0,10616,8.5452,37
67ad3f4e,18587,8.5452,37
7f378e0e,14966,8.5452,37
262cdda6,14586,8.5452,37
2b8fab83,10336,8.5452,37
50fb0cc,11828,8.5452,37
2556a6f3,10808,8.5452,37
66d21ba9,14116,8.5425,37
26d32b38,6840,8.5425,37
494a2f74,19413,8.5452,37
70d64fd2,15208,8.5452,37
5bc797a1,6606,8.5425,37
60270e05,10999,8.5425,58
165e5efb,14761,8.5452,37
296b3de3,10380,8.5452,37
6b815fc3,14573,8.5425,37
673df9a0,9502,8.5452,37
338e3390,16066,8.5452,37
57c30a9c,14211,8.5452,37
629ca945,19839,8.5397,37
5f237298,10395,8.5452,37
27b7a1a2,11208,8.5452,37
46298dd0,8975,8.5452,37
4f92436,10499,8.5452,37
4b2149df,16291,8.5452,37
51815ba8,17702,8.5452,37
4134cb5f,16729,8.5452,37
16595c9e,27454,8.5452,37
57f7903b,9316,8.5425,37
c70dd76,15554,8.5452,37
375d799e,9864,8.5452,37
6bbc6e47,19948,8.5452,37
215d43,12612,8.5452,61
ab0bb5c,18909,8.5397,37
1e599adc,7151,8.5452,37
56fdb21d,27308,8.5452,37
5ebb20d3,19490,8.5397,37
5b9f8e9a,9709,8.5425,37
10d4177c,12088,8.5425,61
6049b2ae,10865,8.5452,37
67f3abcc,15964,8.5425,37
66204095,17978,8.5452,37
416cf995,9305,8.5452,37
6c1dffd4,15068,8.5452,37
50888903,13396,8.5452,37
16ca9450,20497,8.5452,37
24233c2a,18358,8.5452,37
728a5af4,12935,8.5425,37
57ec037b,16072,8.5452,37
15c675c2,8076,8.5425,37
35bbd074,17788,8.5425,37
72f8d500,8054,8.5452,37
4addc0f,11843,8.5452,37
336de03a,11626,8.5452,37
1523fbf0,16039,8.5425,37
25353296,7270,8.5452,37
14574725,8615,8.5452,37
48e709a5,7837,8.5397,37
42918732,12941,8.5452,37
7f0e66d8,9408,8.5425,37
7bcf8125,15072,8.5452,37
39904411,11401,8.5452,37
17d04269,10453,8.5452,37
28c3737b,19804,8.5397,37
670acb17,8661,8.5452,37
29ec78d3,18145,8.5425,37
12e70133,15671,8.5397,37
7b1da0c,17612,8.5452,37
36d2fb9e,6278,8.5452,1
a740b6b,16108,8.5452,37
7cb23777,15073,8.5452,37
56f64f4b,19361,8.5452,37
390736bf,16109,8.5397,37
5f1e8e23,10697,8.5452,37
7eb18055,15029,8.5452,37
1355197b,7271,8.5452,37
77bd804d,8941,8.5425,37
5c79770f,13318,8.5452,37
2eb8f7fd,7616,8.5425,37
159dbd90,5812,8.5452,1
eb9e886,15911,8.5452,37
196f3751,10603,8.5452,37
77f20105,16068,8.5397,37
70013c9e,12097,8.5452,61
8886e33,13743,8.5452,37
49344a7c,20404,8.5452,37
290129b4,13744,8.5397,37
501d15c6,27165,8.5425,113
1baf1000,8404,8.5452,37
649f7bf0,5722,8.5452,34
3813b559,16744,8.5452,37
96109ed,18199,8.5452,37
4d9d8f6,9364,8.5452,37
7023dea3,10535,8.5425,37
50cf059a,11780,8.5452,37
68c49960,9693,8.5425,37
b88bb68,18433,8.5452,37
65b0ba7c,18049,8.5425,37
4d7b8085,7941,8.5425,37
1b81fd3,17704,8.5452,37
4f25a777,8916,8.5452,37
2fa697b5,9535,8.5452,37
3e48556c,11310,8.5452,37
7f4f93f1,7480,8.5425,37
1d339d70,15559,8.5452,37
6b3ba5c,18464,8.5452,37
7a2c7cd3,10310,8.5452,37
79ffa87c,16636,8.5452,37
78a6722e,15205,8.5452,37
63dc463c,18170,8.5425,37
7a8f6470,7153,8.5452,37
7e378f15,27403,8.5452,37
354ba5ff,16811,8.5452,76
3427f8cc,10225,8.5452,37
350ab6dc,8776,8.5425,37
7707c84f,19179,8.5452,37
1f8bef0d,6410,8.5452,37
146195a8,17398,8.5397,37
743d7dae,11915,8.5452,37
7d02e5ea,6721,8.5452,37
65d6f337,16627,8.5452,37
7a19222e,3627,8.5397,29
4baf0c9d,13964,8.5425,37
21e88db7,9474,8.5452,37
73759df6,13581,8.5452,37
40cec9e4,8277,8.5452,37
16d64070,18575,8.5452,37
6044205b,15635,8.5452,37
4993e571,13689,8.5452,37
7fa4844e,20307,8.5425,37
3b2207e0,15767,8.5452,37
1fd31534,9296,8.5425,37
12e0a85f,14125,8.5452,37
39d6b0e4,9861,8.5452,37
3e2b785f,18468,8.5452,37
19af9f1b,9396,8.5425,51
2c7ae96,7019,8.5452,37
3d23c6f5,18795,8.5452,37
67cbc711,8292,8.5425,37
279cbb4,10538,8.5425,37
6043f0dd,12957,8.5452,37
5909408b,11360,8.5452,37
15e11475,10490,8.5452,37
30be5a53,13058,8.5479,37
4f048181,13804,8.5479,37
5c9a9df2,14067,8.5479,37
41c578a8,7299,8.5452,37
36bce01,17473,8.5425,37
68084f64,13182,8.5479,37
60753a9a,27475,8.5479,37
135bfd32,18192,8.5452,37
a9f0e04,7688,8.5479,37
57d9c290,16113,8.5479,37
12a3915,9273,8.5479,37
7d80c460,7126,8.5479,37
34e890a0,9019,8.5479,37
74afd4f7,9476,8.5479,37
3ec6591b,14475,8.5452,37
349224af,16647,8.5452,37
46755717,27005,8.5479,37
5fa1d00b,15130,8.5479,37
24f9bc5b,19619,8.5425,37
54e455f4,15107,8.5479,37
38c56d90,15973,8.5479,37
3b24c23c,16348,8.5479,37
69b5c30b,18610,8.5479,37
c7b102,7353,8.5479,37
767a0f1b,7862,8.5479,37
65c055a9,8079,8.5479,37
22aa7f81,20747,8.5479,37
1fd89577,9306,8.5479,37
39fc4340,18913,8.5479,37
5e7634cb,16558,8.5479,37
2f510ef3,16032,8.5479,37
75833087,11904,8.5479,37
74f94543,27314,8.5452,37
2fc4eedf,14564,8.5479,37
407b4780,20153,8.5479,86
677aefea,11801,8.5479,37
59177d1b,9820,8.5452,37
512dd2f0,20149,8.5452,86
4b70c812,8274,8.5479,37
7b456b29,19617,8.5479,37
19582eff,14712,8.5479,37
265dc576,16365,8.5425,37
6b20b9f7,7580,8.5452,37
3bec9b99,11668,8.5479,37
2b257aad,7692,8.5479,37
4524813f,27372,8.5479,37
1a4bea51,9222,8.5479,37
2246d1d8,7795,8.5479,37
2236372f,10252,8.5479,37
437a772f,15713,8.5479,37
6261473,20508,8.5425,37
12fadd7e,14542,8.5479,37
1660f41,14395,8.5397,37
11b5d34d,19643,8.5479,37
6bd277b2,11740,8.5479,37
4444b4ae,9557,8.5479,37
2786c884,14504,8.5452,37
63d3f027,17488,8.5479,37
527ee71b,9900,8.5479,37
324ef804,7763,8.5425,37
6d6e69a2,8930,8.5479,37
7cbd5e63,6389,8.5479,37
13db1b,18939,8.5452,37
2570a23d,18758,8.5479,37
3bcdfc48,10314,8.5479,37
7da0615c,10582,8.5452,37
85d3c16,13902,8.5479,37
2d95e314,7913,8.5452,37
33c03ebe,9673,8.5452,37
130113b1,7196,8.5425,37
47fa9225,20458,8.5425,37
4575548d,20693,8.5479,37
1b25cfac,20298,8.5479,37
7772a753,11151,8.5479,37
391e9903,19801,8.5452,37
372df616,13738,8.5479,37
6c75ae97,8007,8.5479,37
7f8d6286,7405,8.5479,37
10b380c6,6829,8.5479,37
7219e5bc,17983,8.5479,37
5885f735,18803,8.5479,37
3359fc7e,19832,8.5479,37
27d431c1,13872,8.5479,37
2b6d304d,16628,8.5479,37
16e40499,8610,8.5452,37
f9877f6,8188,8.5452,37
6aa2a037,14891,8.5397,37
6c7ece9b,18793,8.5479,37
3266b7f6,10265,8.5479,37
2ed36401,6412,8.5479,37
18767496,16040,8.5479,37
18a57d8e,18210,8.5479,37
6779c5b5,13803,8.5479,37
7d69d5d7,11083,8.5479,37
48af4517,19685,8.5479,37
7bd50881,10540,8.5479,37
52283e23,20791,8.5397,37
61dc8edc,11378,8.5479,37
5369e80d,20745,8.5479,37
2b63e1,14028,8.5397,37
13619ce1,10975,8.5479,37
16ce4a3f,15967,8.5479,37
a7bf16b,9281,8.5479,37
5114afae,17715,8.5479,37
4e0db7f9,20397,8.5425,37
2a7683b5,11908,8.5479,37
6facf2e2,11440,8.5425,37
7f53df39,18515,8.5479,37
bce76a2,8353,8.5452,37
28dfba5d,11153,8.5479,37
57e15433,8874,8.5479,37
2fe2430b,18608,8.5479,37
7aba19f8,7001,8.5479,37
1b8f6d58,14935,8.5479,37
4692e2d6,20526,8.5479,37
7b550b14,18899,8.5479,37
518aa85f,18487,8.5425,37
310ffa9b,11068,8.5452,37
605a3a3e,8271,8.5397,37
3384908a,17785,8.5397,37
2cd89760,16863,8.5479,76
37c81ef5,8145,8.5479,37
79dde1b5,17382,8.5452,37
48e7bf7a,7933,8.5479,37
5f70762c,19651,8.5479,82
2838e481,13958,8.5452,37
3efe687a,16257,8.5479,37
4b970cb0,17725,8.5479,37
170ac2f8,6024,8.5479,35
78792074,18791,8.5479,37
35893ab9,15757,8.5479,37
3a9637ce,12851,8.5479,37
57fbb686,14351,8.5479,37
46085234,10158,8.5479,37
7d4550f,8541,8.5425,37
369faf01,11446,8.5479,37
4a3f0799,18046,8.5479,37
4e227518,8619,8.5452,37
6bfb2dfe,18417,8.5479,37
20d77027,19510,8.5479,37
12e6b86b,17609,8.5479,37
4f31859a,8388,8.5479,37
7d97c55f,11067,8.5452,37
b664d70,12150,8.5479,61
6833ce25,8349,8.5479,37
665ad482,10065,8.5479,56
41580dc2,18918,8.5479,37
2865d26,27356,8.5479,37
336f8e5d,11381,8.5452,37
41f8dd14,10315,8.5479,37
7136ff6d,12939,8.5479,37
7001ca94,11632,8.5479,37
405ed6df,9481,8.5479,37
4749a3bd,19878,8.5452,37
1c2e1ae,11653,8.5479,37
7f69ce68,19187,8.5479,37
49b70774,27371,8.5479,37
436911b4,9611,8.5479,37
3864af6,11879,8.5479,37
553057e6,13133,8.5479,37
641bc9a6,18434,8.5479,37
1566eef6,8162,8.5425,37
62e37985,13298,8.5479,37
1e09a95f,19902,8.5479,37
4951421f,16745,8.5479,37
51b51fb2,7504,8.5479,37
73bdf46a,16535,8.5479,37
510eb5b5,19779,8.5479,37
21ebd9a,13433,8.5479,37
242cfef5,15277,8.5479,37
411c567c,18607,8.5479,37
5d9ef491,10652,8.5452,37
7999418a,17674,8.5479,37
e1cc14e,9242,8.5479,37
19aa7b02,7545,8.5479,37
3e30fb81,6387,8.5397,37
2d90c947,12850,8.5479,37
7009a18,7112,8.5479,37
34a61e63,6388,8.5479,37
3f3d1022,13040,8.5479,37
5cd8bf08,18623,8.5479,37
77299f25,15605,8.5479,37
74fa1b82,10169,8.5479,37
70ab4678,15501,8.5479,37
6912979a,17343,8.5479,37
52f9ed2a,27396,8.5479,37
767bdafc,8160,8.5479,37
5cc9cacd,11329,8.5479,37
211a2889,14341,8.5479,37
39d22964,15968,8.5452,37
3c97013d,8233,8.5479,37
14939069,10243,8.5452,37
61ebf94,20444,8.5452,37
76b091be,17992,8.5479,37
72aae8bc,10605,8.5507,37
7ab23e58,17675,8.5507,37
923dc85,16620,8.5479,37
7bec917e,16596,8.5507,37
358ddcc5,9291,8.5452,37
22ddf905,17977,8.5507,37
3da5fb41,7278,8.5479,37
157a54c0,10398,8.5507,37
50235683,13427,8.5507,37
b93d3b6,10820,8.5507,37
464b1610,14705,8.5507,37
1e7b4122,13401,8.5507,37
be02f38,9813,8.5452,37
158553c2,20523,8.5507,37
7550bec3,27373,8.5507,37
31e6831a,9574,8.5507,37
3bf5f3f1,11488,8.5507,37
4d1bc0e,19217,8.5507,37
518d46d9,19002,8.5507,37
7e67eb70,15725,8.5507,37
7407acf1,10041,8.5507,37
71fc1f38,10630,8.5507,37
6582108d,9398,8.5507,37
6cbaf1ff,19926,8.5479,37
2513a8bd,19540,8.5507,37
340776f8,11443,8.5507,37
41f40e8d,6990,8.5479,37
7afa2a45,10011,8.5507,37
7523ba28,12986,8.5452,37
421423e7,20501,8.5507,37
4dab2deb,19542,8.5507,37
2c4ac2b5,10322,8.5507,37
7c96d7b,11966,8.5507,37
64217d7e,10026,8.5507,37
70f1d064,11833,8.5507,37
ad4fba5,6519,8.5479,37
463afd31,19976,8.5479,37
291fa205,20751,8.5507,37
5e746dd4,5810,8.5507,1
571325b2,6948,8.5507,37
7a37f526,8293,8.5507,37
6bf55c24,18061,8.5507,37
3f2ed4d5,9021,8.5507,37
71de4837,8777,8.5507,37
34851def,6280,8.5507,1
75506327,19246,8.5452,37
3c119924,16683,8.5507,37
35de35c3,14907,8.5479,37
3f0de161,8127,8.5507,37
23fbe90a,13905,8.5507,37
65ac843c,19436,8.5479,37
35fa6701,8306,8.5507,37
49356b0d,18424,8.5507,37
5a51c722,8953,8.5507,37
3b7bf985,7562,8.5507,37
3af717b2,19676,8.5507,37
5cd3bd82,20460,8.5507,37
3e5cc816,20734,8.5507,37
4d57e0ef,14655,8.5507,37
15c05c44,7600,8.5507,37
58c77ffd,6023,8.5479,35
19b9e6ca,19543,8.5507,37
417d8193,8932,8.5507,37
66993bd4,15518,8.5425,37
5c2986d,18949,8.5507,37
539ba1a9,20147,8.5507,86
7ec7d350,6476,8.5507,37
512f10c7,9392,8.5452,51
403feb7f,17920,8.5507,37
4ea79c38,12934,8.5479,37
8f658a6,14506,8.5479,37
e3a9bef,27481,8.5507,117
27ba0bc7,8294,8.5479,45
1861685c,17385,8.5479,37
6a557134,13490,8.5507,37
30ea7a72,9552,8.5507,37
4779ab9b,17683,8.5507,37
544908a0,16502,8.5507,37
15540fcc,15667,8.5507,37
6aeeb9e2,19215,8.5507,37
760ecefe,10386,8.5479,37
7ca186d7,15708,8.5507,37
393b0778,8529,8.5507,37
60b18deb,6488,8.5507,37
55aec45e,10266,8.5507,37
5557892b,11673,8.5452,37
25b03a68,12595,8.5452,61
498225e0,19724,8.5507,84
6a2d94ba,9066,8.5507,37
35a5605,15987,8.5507,37
271d4f7c,18406,8.5507,37
7fe8c35a,17464,8.5507,37
79660059,11929,8.5507,37
285d9b0e,19407,8.5507,37
65f647d6,11859,8.5507,37
18e8f239,16223,8.5507,37
5c3daa21,20015,8.5507,86
15100d37,18408,8.5507,37
51d16170,16309,8.5507,37
6ce546b,10767,8.5479,37
22ff4051,14713,8.5507,37
78ff6f9f,8382,8.5507,37
c6601e7,16345,8.5507,37
278f5058,11646,8.5507,37
7f2a6130,13421,8.5507,37
6fbdfbfd,18196,8.5507,37
7c2a7add,8214,8.5507,37
40ff3586,19437,8.5507,37
1dafa051,10539,8.5479,37
31a06135,15566,8.5397,37
1ef3094e,11760,8.5507,37
5b428742,17760,8.5479,37
27194c13,9255,8.5479,37
47d4cd89,18186,8.5507,37
754fa58f,8182,8.5507,37
73f06b11,8464,8.5479,37
1e64c8a8,8112,8.5507,37
7f3de668,9553,8.5507,37
775657dd,7903,8.5507,37
70e12c5,9736,8.5507,37
3f97ab04,9536,8.5452,37
2f090438,19992,8.5507,37
6a2446bb,11341,8.5397,37
1d4be900,17526,8.5507,37
e41d237,19105,8.5507,37
1f06be26,20065,8.5507,86
440b801d,16651,8.5507,37
78c9513a,27355,8.5507,37
3090c106,20648,8.5507,37
72513dfd,9343,8.5507,37
588c4a1f,19315,8.5507,37
6a7e80b5,18234,8.5452,37
47108312,16864,8.5507,76
5cd0f40d,13750,8.5507,37
279584bf,10248,8.5507,37
1d73eee0,20591,8.5479,37
157fcb69,18880,8.5507,37
316bed3,17344,8.5507,37
583d5220,9023,8.5507,37
530695e4,6981,8.5507,37
5180658a,15030,8.5507,37
67d6a94f,14182,8.5507,37
55c84bc7,6471,8.5507,37
32865d2f,16200,8.5507,37
6078d2c0,15005,8.5452,37
32b68351,20646,8.5479,37
253770b3,11631,8.5507,37
258845bf,15594,8.5507,37
25d82e1f,19333,8.5507,37
31016b6,7691,8.5507,37
5bab18e,12301,8.5507,61
1b16eb62,19853,8.5507,37
7e9a4080,8354,8.5507,37
7f5a96c9,19669,8.5507,37
7c7c8a32,16678,8.5479,37
2c9a72f2,7223,8.5507,37
7bd1f8,27479,8.5479,37
2bbce3e0,14939,8.5507,37
3309d1bf,10772,8.5507,37
4c7b28ce,19647,8.5507,81
1251d4a8,11625,8.5507,37
5e3e96e1,13108,8.5479,37
234720b0,15904,8.5479,37
366f414e,14124,8.5479,37
2a0727bf,11595,8.5507,37
a42580,10792,8.5507,37
1afcd784,12973,8.5507,37
56d590a4,18067,8.5479,37
457c6f1e,9918,8.5507,37
6455ca14,8027,8.5507,37
186961ed,27306,8.5507,37
44e1153d,14769,8.5507,37
eae72df,13805,8.5507,37
5d1b1cee,14259,8.5507,37
2331e18b,17308,8.5479,37
6f35502d,19932,8.5507,37
1270ef9e,27050,8.5507,37
17897d52,19026,8.5507,37
7e6960e7,8131,8.5507,37
6bf07cab,7976,8.5507,37
37cfef6a,18870,8.5507,37
75932b11,18562,8.5479,37
4b774e71,10648,8.5507,37
7e2c61a0,17745,8.5507,37
16514fea,17623,8.5507,37
5e2d56f5,17536,8.5507,37
2f589f87,9737,8.5507,37
32e4daad,19205,8.5507,37
12894e08,27006,8.5507,37
2ed6fd04,10746,8.5534,37
1a788cd5,12862,8.5479,37
71379cba,8793,8.5534,37
65921183,20516,8.5534,37
5ffcb844,8222,8.5479,37
22f5cb8f,27166,8.5507,113
6fea4127,8049,8.5534,37
1f5b76ed,19715,8.5534,37
1a815b50,17726,8.5507,37
49103446,9177,8.5534,37
45b52758,19141,8.5534,37
786bb5b0,10882,8.5534,37
68203a36,7803,8.5534,37
205a8170,17407,8.5534,37
4c39fdc4,6646,8.5534,37
69da07c6,18685,8.5534,37
427141,18351,8.5534,37
74672138,12160,8.5534,61
773325ad,18686,8.5534,37
4e6ee8ba,13442,8.5507,37
5db5504f,11596,8.5534,37
1096d420,11936,8.5534,37
7ee685d2,13397,8.5534,37
47f4998c,19547,8.5534,37
30348e15,19722,8.5534,37
16a57be7,14772,8.5534,37
a8e293c,12890,8.5534,37
5c27a4f4,16700,8.5534,37
2bac1bc9,11280,8.5507,37
30e7d9fb,14161,8.5534,37
16eb3718,18472,8.5534,37
778a2135,11337,8.5534,37
2b5af587,10581,8.5534,37
60e3c176,11514,8.5479,37
2e71febb,20382,8.5534,37
2f7f6985,13174,8.5507,37
95a76d6,17501,8.5507,37
75d04cb7,9989,8.5534,37
b46db0a,17626,8.5534,37
5f21a8a6,18171,8.5534,37
7255d8b3,7020,8.5534,37
5c7f3220,11834,8.5534,37
4ff6c378,11342,8.5534,37
1dc036b8,9863,8.5534,37
24a4714b,6937,8.5534,37
78e8a52c,11139,8.5534,37
1fc544a,13225,8.5534,37
1d95d73b,7324,8.5534,37
1abcd3eb,8939,8.5534,37
27c0d455,13211,8.5534,37
b5927b2,9942,8.5534,37
77e2b158,27443,8.5534,37
b3d07c4,8215,8.5534,37
2afe188a,6743,8.5534,37
2fc25b4,10346,8.5534,37
60763cc2,8373,8.5534,37
396042f,9362,8.5534,37
59f6769f,19983,8.5534,37
3ac42990,27309,8.5534,37
6b058226,6308,8.5534,1
58015415,15110,8.5452,37
32a99304,18502,8.5534,37
29baa468,13117,8.5452,37
6e6907cb,13648,8.5534,37
3c9a47ef,7638,8.5534,37
4255d2cb,15556,8.5534,37
3e30a70d,7328,8.5534,37
18c1b85f,12892,8.5507,37
1a256617,7625,8.5534,37
2116b291,16855,8.5534,76
13216c22,10305,8.5534,37
484177f7,8721,8.5534,37
2285b58f,14331,8.5534,37
36130974,12863,8.5534,37
58da79f,27482,8.5534,117
1d558b70,27007,8.5534,37
1a4dad14,12525,8.5534,61
12736c98,10434,8.5534,37
3c859f0b,27381,8.5534,37
656369bb,9909,8.5534,37
6cfdce23,13464,8.5534,37
7c107970,17525,8.5534,37
553750e4,8890,8.5534,37
4b493617,16079,8.5534,37
1d5b2158,27133,8.5534,113
3599a074,8432,8.5534,37
3797ec32,17528,8.5507,37
4833c849,18426,8.5534,37
4ac8b6d6,11173,8.5534,37
3a54a9f0,8407,8.5534,37
6cf34f73,15843,8.5507,37
63823a3d,7698,8.5534,37
e4ce4b,19090,8.5479,37
1fe0fc8e,18756,8.5534,37
1bbf3c0a,7716,8.5534,37
3d0f2fa0,7376,8.5534,37
2513b003,16807,8.5534,76
39972c67,7421,8.5534,37
5baa0833,6392,8.5507,37
1f1c4ec9,7398,8.5534,37
34516a8b,17529,8.5534,37
27439204,6639,8.5534,37
2c23ed4f,10990,8.5534,37
4d2be3cd,11049,8.5534,37
76c39bde,14944,8.5534,37
453959dc,17908,8.5534,37
30d8f1cb,9575,8.5534,37
2705ce70,19028,8.5534,37
227f5996,15974,8.5534,37
48882b6c,10837,8.5507,37
47f07c18,16527,8.5534,37
30d18b84,18574,8.5534,37
1f2e2955,12155,8.5507,61
61e052d1,19679,8.5507,37
2534f249,17732,8.5507,37
1905c0c0,19851,8.5534,37
273e19de,18304,8.5507,37
442bb132,18501,8.5534,37
468fa544,9318,8.5534,37
71bb6e95,19159,8.5534,37
269c7995,10747,8.5479,37
211d8b93,8096,8.5479,37
3f27ee55,11741,8.5534,37
4b9d970,20601,8.5534,37
2edcc0b4,15697,8.5534,37
6bc9442b,18458,8.5507,37
6b1c5a41,8305,8.5507,37
21246c0b,9127,8.5507,37
6935c1fb,20632,8.5534,37
48fc38ea,15582,8.5534,37
397c4c99,20735,8.5534,37
413bade6,13855,8.5507,37
43fdd5fe,6638,8.5534,37
400ee63,13428,8.5507,37
2d92bd61,20302,8.5534,37
315a61a8,14029,8.5534,37
1c251058,14437,8.5507,37
1f559649,15985,8.5534,37
27145977,14333,8.5534,37
45a12b1c,16701,8.5534,37
71324420,14508,8.5534,37
42666391,7002,8.5534,37
473c554b,18060,8.5534,37
b097f7b,9478,8.5534,37
6879297e,19257,8.5534,37
1972b50b,9503,8.5534,37
3cc12d63,8457,8.5534,37
7c737f27,11693,8.5534,37
5de09b0e,20600,8.5507,37
2a41d2ee,16553,8.5507,37
64292234,12156,8.5534,61
344e3d1,20053,8.5534,86
5aa5205c,15937,8.5534,37
3e4d304b,15441,8.5479,37
13589d34,13484,8.5507,37
37a6bee5,14275,8.5534,37
136a7020,17863,8.5507,37
46df31a6,11146,8.5479,37
14831047,19854,8.5534,37
54a88987,9617,8.5534,37
77f5a398,19234,8.5534,37
4898fec1,11974,8.5534,37
4495debd,15250,8.5534,37
54e18319,11489,8.5534,37
1e316566,19300,8.5507,37
6ad0c201,14397,8.5534,37
ed2137e,8599,8.5534,37
1338a93,16205,8.5534,37
6bb9cc3e,16175,8.5534,37
3398731b,14426,8.5534,37
2d4fcff5,8018,8.5534,37
255571ca,6468,8.5534,37
6f8a55dc,17505,8.5534,37
1767fca3,18567,8.5534,37
3035bfdd,6486,8.5534,37
6538e4c0,11355,8.5534,37
365baff5,19065,8.5507,37
2b0d25b4,13799,8.5562,37
292f5a33,12868,8.5562,37
7c7c1399,10145,8.5534,37
5e40f632,14424,8.5562,37
350fce08,15698,8.5562,37
34741d2b,8860,8.5562,37
776d7d98,18643,8.5562,37
5d96f3f1,15538,8.5534,37
5ed7144f,19034,8.5562,37
6b915837,6809,8.5562,37
32b9d211,15221,8.5562,37
790d25c0,14877,8.5562,37
651006c4,15760,8.5534,37
421bab1,9186,8.5562,37
78f4c97e,17880,8.5562,37
10771ba9,9967,8.5562,37
63d2659f,20749,8.5562,37
6847d085,10710,8.5534,37
d84dd6f,14717,8.5534,37
4790a5c,15975,8.5562,37
c0dbcba,12524,8.5534,61
27c967f1,17485,8.5562,37
6baea2be,13027,8.5562,37
75ccef63,7993,8.5562,37
14c5650c,15633,8.5534,37
785f6e8a,19551,8.5562,37
66fa986d,15070,8.5562,37
639e0b79,17975,8.5562,37
745fc426,6947,8.5562,37
4b0d32a4,9504,8.5562,37
48252e71,13763,8.5562,37
7a2eeee8,17831,8.5562,37
705a6b7f,8883,8.5562,37
52e0efc2,13465,8.5562,37
33d71549,6292,8.5562,1
3e83e475,27362,8.5562,37
55ed46a,7599,8.5534,37
1d217149,13559,8.5562,37
48ea03d0,7489,8.5562,37
431c3ad9,16357,8.5534,37
629dde83,6845,8.5534,37
74a040a0,14810,8.5562,37
6ccc2967,12151,8.5562,61
4ea41cd5,27464,8.5534,37
341247ec,13278,8.5562,37
3998c718,20069,8.5562,86
5734264a,7275,8.5562,37
1868b562,10654,8.5534,37
3e63bca4,15616,8.5534,37
41bc1c77,9287,8.5562,37
374c647c,13443,8.5562,37
6ad21452,9129,8.5562,37
49771330,14448,8.5562,37
13f44851,27365,8.5562,37
6889f1cd,17340,8.5562,37
3c321724,9315,8.5562,37
37a79110,16194,8.5534,37
108719b0,7622,8.5562,37
3c20b7b3,9993,8.5562,37
3dba6f17,15133,8.5562,37
ddd89af,18642,8.5534,37
361e46a1,19316,8.5562,37
1efc934b,20305,8.5562,37
27d83208,10502,8.5507,37
49742333,14812,8.5562,37
d9b4ff2,12833,8.5562,37
7787f3c1,27401,8.5562,37
ab10352,11909,8.5562,37
1129d74b,17592,8.5562,37
79ac03e6,27332,8.5562,37
2e1f27fe,20134,8.5534,86
66ced007,15480,8.5562,37
3902c01a,18409,8.5562,37
202847ef,20631,8.5452,37
775fa4c3,18047,8.5562,37
67011cc7,11602,8.5562,37
482c122d,16621,8.5562,37
2ad923f8,18634,8.5562,37
20aae3dc,17383,8.5507,37
4fa2242a,15596,8.5562,37
67b7fa89,20748,8.5562,37
492d364,17862,8.5562,37
73517429,15449,8.5562,37
2d0c9d1d,11131,8.5562,37
75b74987,16259,8.5562,37
7fcba1fb,6976,8.5562,37
67acada6,13563,8.5562,37
1f247d46,11761,8.5562,37
5689ffca,6558,8.5562,37
193d6fed,11935,8.5562,37
1b7e20f1,20459,8.5562,37
270ca095,7372,8.5534,37
3ee26c11,18919,8.5562,37
4cd22e27,14887,8.5562,37
4b324465,19821,8.5562,37
2641f6e4,15953,8.5534,37
648be2b1,11609,8.5534,37
492488d5,6778,8.5534,37
145a34c0,11650,8.5534,37
3d050679,11431,8.5562,37
6a0f502,8223,8.5562,37
6bafb723,18053,8.5562,37
2e1672a2,18212,8.5534,37
3b358fd7,9598,8.5562,37
3a3c6556,13185,8.5562,37
2c3cdb9d,19408,8.5534,37
348f9240,12946,8.5562,37
31223fda,16274,8.5562,37
6ae96585,11209,8.5562,37
351b5e0a,27018,8.5562,37
15676b9c,7169,8.5562,37
41e58a8b,6390,8.5534,37
3235a377,13263,8.5562,37
5d314035,10443,8.5562,37
73a4eb84,9126,8.5534,37
16342b89,5712,8.5562,1
1c9b00a,13903,8.5562,37
56ae78ee,15502,8.5562,37
2025174,10726,8.5507,37
5895c253,10436,8.5562,37
141060ab,11647,8.5452,37
31dc13cf,19620,8.5562,37
21c56d71,12958,8.5507,37
57b4a440,14117,8.5562,37
40b68325,13564,8.5562,37
1125a297,12906,8.5562,37
1b01fb27,16355,8.5562,37
6965caa3,7617,8.5562,37
21b3fb2b,4985,8.5562,1
357ff4f9,10598,8.5534,37
72880027,14912,8.5562,37
19c573ac,9607,8.5562,37
5c7d58b0,8807,8.5562,37
2791a91c,20511,8.5507,37
6d03592b,14745,8.5562,37
5fb8f594,15600,8.5562,37
6d52a5dc,8381,8.5562,37
47a13823,14800,8.5534,37
309cfbfd,14134,8.5562,37
2890ac2f,10275,8.5534,37
501480a4,7388,8.5534,37
3d59e46c,14436,8.5562,37
1e3acaa5,9070,8.5562,37
492e998c,16386,8.5562,37
4c0f0108,7897,8.5562,37
64f2b552,17864,8.5562,37
101708c8,11799,8.5534,37
58b0978d,16276,8.5562,37
656f87ee,19443,8.5562,37
14c6f634,7359,8.5562,37
1e27592f,9131,8.5562,37
3cbffd2c,20135,8.5562,86
606f19c9,8987,8.5562,37
7926b2dd,18830,8.5562,37
5af29c9b,10246,8.5534,37
1c588202,8505,8.5562,48
4da2557c,8913,8.5562,37
3fa1e17,14345,8.5562,37
20dd66f0,16629,8.5562,37
54896d14,14616,8.5562,37
b5fdb4c,7052,8.5562,37
13277180,13741,8.5562,37
cd95f3d,19085,8.5562,37
79296051,16332,8.5562,37
12f08b34,13635,8.5562,67
3a73439b,14840,8.5562,37
7c95c35f,18695,8.5534,37
4e8c0f74,11320,8.5562,37
583384ba,9154,8.5562,37
7f75b68d,7939,8.5562,37
787c7bbc,12164,8.5562,61
2a21c0d7,10590,8.5534,37
4e7cd08f,18112,8.5562,37
4f88d48,16618,8.5562,37
402adf39,13260,8.5562,37
4b93c6bd,18910,8.5562,37
5b10ed1b,6946,8.5534,37
7f93a9d6,6872,8.5562,37
6eb14e75,8646,8.5534,37
29843a67,18675,8.5562,37
7b131946,15588,8.5562,37
75a07279,19386,8.5562,37
179fb802,7483,8.5534,37
2723d7a1,11526,8.5534,37
2f7c9620,20776,8.5562,37
59390a0c,14771,8.5562,37
330ce681,14572,8.5534,37
a2bb19e,9994,8.5562,37
41adeb6d,9224,8.5562,37
50d5e03e,13251,8.5562,37
4393c4b,19891,8.5534,37
53c9ca13,15670,8.5562,37
7d11a584,8748,8.5562,37
23a7e08,11447,8.5534,37
4facc160,17792,8.5562,37
52a803d4,14274,8.5534,37
22e5a180,8231,8.5589,37
73fe41ea,7841,8.5562,37
5a702934,9399,8.5589,37
4854370d,19653,8.5589,82
47326626,8185,8.5534,37
46428e3b,19524,8.5589,37
1da0264e,18691,8.5589,37
742596a8,10047,8.5589,37
20f2cd5c,9578,8.5589,53
7213bc2f,15589,8.5589,37
6e9d7675,9558,8.5589,37
36553dd8,19788,8.5589,37
fb8e63,10429,8.5589,37
106c350e,20673,8.5589,37
6fe6b897,14850,8.5589,37
6a4d55c0,17580,8.5562,37
75691eac,27052,8.5589,37
293d1ef4,14561,8.5562,37
73c53944,14179,8.5589,37
732691a9,10807,8.5589,37
f0c1095,8722,8.5589,37
55d91729,11810,8.5589,37
12b56fe2,15717,8.5589,37
67af873e,19035,8.5589,37
8c8abe6,8794,8.5589,37
15359589,16684,8.5589,37
2cc632b2,10676,8.5589,37
37cbc663,17535,8.5562,37
7a11cce7,17733,8.5589,37
43b187f1,6723,8.5589,37
1c1302e9,11386,8.5589,37
5e7f7e97,9459,8.5589,37
625c48c4,8558,8.5589,37
436cd70b,19000,8.5562,37
c2d5e98,20326,8.5562,37
2983024c,10117,8.5534,37
6cb78df2,8563,8.5589,37
727c7d1d,14335,8.5589,37
2f7995ce,8224,8.5562,37
1e59730f,19003,8.5534,37
4e51b52b,11267,8.5589,37
31b7eeda,17587,8.5562,37
5203cac7,10821,8.5589,37
56f8fb76,7585,8.5589,37
7171a83,20146,8.5589,86
44ac0fa7,10399,8.5589,37
4a63f8d6,12673,8.5589,61
6fa56af,14914,8.5562,37
398687f1,9289,8.5589,37
1d736651,10454,8.5589,37
48838861,18687,8.5589,37
1c98e0f0,18200,8.5589,37
112c559d,7430,8.5534,37
6387f22d,9577,8.5589,53
17ebf807,10159,8.5562,37
437faa1b,15643,8.5589,37
6bc873c3,8814,8.5589,37
232b957d,7232,8.5589,37
1d3adc71,27374,8.5589,37
3caaf057,14016,8.5589,37
5facf65f,10656,8.5589,37
77d2c002,14888,8.5589,37
8ad33f8,14160,8.5589,37
433fafc8,16675,8.5589,37
7b19a7fe,11052,8.5589,37
1a2aba4f,20156,8.5589,86
7bf97801,20612,8.5562,37
d509e9e,9369,8.5589,37
4586c959,7086,8.5562,37
7396a040,18950,8.5589,37
3c2184bf,10611,8.5589,37
63594ba4,27484,8.5589,117
c28da4a,15503,8.5589,37
15773591,18466,8.5589,37
7f170697,6003,8.5589,35
39c53d95,9188,8.5562,37
971426e,20040,8.5589,86
43412380,7584,8.5562,37
4a5b6c1,12708,8.5589,61
149c1a55,14501,8.5589,37
17fd589a,19838,8.5589,37
5dea34c6,27444,8.5589,37
74508204,10771,8.5562,37
6a7069,11200,8.5562,37
3bb4edd8,17648,8.5589,37
7d2ec176,10627,8.5589,37
12e8ad46,17688,8.5562,37
71ee8611,10588,8.5589,37
15e7a8a,13426,8.5589,37
52e4abf0,10534,8.5589,37
59caf5ab,17656,8.5589,37
5c912e8d,17325,8.5589,37
2ee995bf,14773,8.5589,37
592500b9,11704,8.5589,37
574cc19b,11641,8.5589,37
2fc68b9,13658,8.5589,37
60da4134,10396,8.5589,37
118ba55e,12834,8.5589,37
1f9a4012,9866,8.5589,37
20fafeed,7733,8.5589,37
41a2e3eb,11937,8.5589,37
73c3c90a,18131,8.5589,37
3f2e3379,19646,8.5589,81
48d4afe7,20352,8.5589,37
b2da764,14710,8.5589,37
1ebfb0ad,27433,8.5562,37
7359a1e9,20272,8.5589,37
3da2e100,8317,8.5589,37
5064dac4,8019,8.5589,37
33bd32bd,6586,8.5562,37
d559bca,18960,8.5589,37
27d5d181,13482,8.5589,37
51119d45,12842,8.5589,37
b636500,10924,8.5589,37
2a49246d,12103,8.5534,61
2399b17c,18341,8.5534,37
7ebffbff,7011,8.5589,37
6ee4ca4d,11965,8.5507,37
7477bfa7,14950,8.5589,37
d6df1b0,8570,8.5589,37
6391b330,10610,8.5589,37
62f0ccbe,17855,8.5589,37
2a8ec40f,8770,8.5589,37
480c509f,19670,8.5589,37
266a629d,6385,8.5589,37
429bcfd2,10108,8.5589,37
1e69d532,15944,8.5562,37
34cbf6c8,6991,8.5589,37
41c00446,15484,8.5589,37
5db9b6f3,14453,8.5589,37
d292833,19430,8.5507,37
68da5dac,14162,8.5589,37
663ff2e8,17878,8.5589,37
2ece7eb,11809,8.5534,37
279c385d,27024,8.5589,37
732ec200,9661,8.5562,37
6a9fd63f,17649,8.5589,37
2c8755e1,17984,8.5589,37
bc12596,6891,8.5589,37
5a70afee,9550,8.5589,37
efac82c,8668,8.5589,37
1a40d9e2,11858,8.5589,37
c7eaf16,16114,8.5589,37
e11d69a,14459,8.5562,37
56f2d4dc,19582,8.5589,37
4a618829,10497,8.5562,37
339e886c,11356,8.5589,37
5a2802ce,20607,8.5562,37
333b2d83,17400,8.5589,37
732f4b0c,7022,8.5589,37
35c9a580,7128,8.5589,37
674d1537,19317,8.5562,37
72d386bd,15768,8.5589,37
186eea51,14615,8.5589,37
1110a57b,18702,8.5589,37
762bcc4a,16638,8.5562,37
348ba94,20552,8.5562,37
690df77c,10525,8.5589,37
705728e,10657,8.5589,37
68d63c5d,19352,8.5562,37
7cf97741,12457,8.5589,61
2068e526,14017,8.5589,37
7a49d9b5,7514,8.5589,37
56744570,5723,8.5562,34
328095a1,15042,8.5589,37
f99bf37,9717,8.5589,37
386d82fa,10698,8.5589,37
cdd6033,12971,8.5589,37
78f6eb1d,18696,8.5589,37
3a549333,8504,8.5562,48
481678ad,14127,8.5589,37
6efabcd1,11125,8.5589,37
94185c5,18914,8.5534,37
46a039f3,14583,8.5589,37
58f3e71f,20614,8.5589,37
63d4c4e4,11423,8.5589,37
663e0af6,20629,8.5589,37
2196d863,16349,8.5589,37
669a0851,11427,8.5562,37
23ac0382,16813,8.5589,76
35d3d4bb,6322,8.5589,1
3c5717d3,20366,8.5589,37
221147a2,6892,8.5589,37
706221e8,19714,8.5589,37
14ff0b31,19879,8.5562,37
570cba3f,9151,8.5562,37
3775c9d5,15923,8.5589,37
7cd1da69,8620,8.5589,37
54d5ae06,7400,8.5589,37
381f812e,7865,8.5562,37
a701950,7842,8.5589,37
788098e5,19701,8.5616,37
1dcac6d,7311,8.5616,37
450e5b89,16398,8.5589,37
4fbe70e1,16260,8.5589,37
5dfddb3d,20726,8.5589,37
33858e43,11069,8.5589,37
575ef39a,18431,8.5616,37
60bb38eb,13359,8.5616,37
5c3e7565,9326,8.5616,37
8b9d5dd,15109,8.5589,37
43d60f37,19357,8.5616,37
5a71e609,16366,8.5616,37
88ad00a,13342,8.5616,37
75cb357f,8471,8.5616,37
1c143689,17687,8.5616,37
42d07626,11888,8.5616,37
17c491db,27455,8.5616,37
3b083e91,11676,8.5616,37
4baa7b5,18290,8.5616,37
748389ac,16035,8.5616,37
45acce08,10840,8.5616,37
5d97b88b,13565,8.5589,37
554f9a7f,11127,8.5616,37
451a9042,12985,8.5616,37
76639b73,11885,8.5616,37
c65df98,15958,8.5589,37
6e63108d,9244,8.5589,37
5db346ae,16750,8.5616,37
4cba45da,11861,8.5616,37
2fb83951,7758,8.5589,43
2668f73d,20067,8.5616,86
4537577,16121,8.5616,37
4392d565,20784,8.5589,37
5d98cc58,15111,8.5616,37
3c2809c9,12174,8.5616,61
23cf3bf6,18911,8.5616,37
76a3fb17,20304,8.5589,37
6dc20397,11330,8.5616,37
e8f495d,11691,8.5616,37
11d839a7,10267,8.5616,37
4b92b0e1,12520,8.5616,61
228091c7,13853,8.5616,37
5fa3e0bb,11420,8.5616,37
fe6ffe9,18360,8.5616,79
51ad534c,11345,8.5616,37
7705fe17,19251,8.5616,37
37e37e74,19489,8.5616,37
fc2c6d6,10802,8.5616,37
34ced351,9480,8.5616,37
6ce37699,11723,8.5616,37
405fb5af,13434,8.5616,37
59322f04,10956,8.5616,37
1ba42b28,8548,8.5616,37
6c84d17b,7651,8.5589,37
3df1f4cb,7111,8.5616,37
514bf389,8816,8.5616,37
19c9acab,18465,8.5589,37
238e39d1,17491,8.5589,37
694b2bd2,14945,8.5616,37
33ea0e74,11975,8.5616,37
6178e969,16856,8.5616,76
515d4b2f,19151,8.5616,37
246c07cf,11628,8.5616,37
47163498,19219,8.5616,37
6183beb2,16530,8.5616,37
5a3c859e,9155,8.5562,37
6eacbb44,16184,8.5616,37
1e2ab369,10992,8.5616,37
68eee6c0,7566,8.5616,37
14e4a341,17856,8.5616,37
2acad436,19525,8.5616,37
13ce7c29,7133,8.5616,37
61b08bfd,15804,8.5562,37
7ef7b9ed,17642,8.5616,37
4fb8f3d9,27003,8.5589,37
970bd59,9297,8.5616,37
2ef00277,7506,8.5616,37
332ff57c,15006,8.5616,37
e27688d,7422,8.5616,37
60f2d21d,8359,8.5616,37
56256f87,14974,8.5616,37
155e8c7f,18428,8.5616,37
1df09336,14076,8.5616,37
51b811e1,17549,8.5616,37
2c9c1506,14421,8.5616,37
4d40599e,8344,8.5616,37
54300a23,9319,8.5616,37
45963e5d,13076,8.5616,37
96e27cc,9997,8.5616,37
462d13d6,7643,8.5616,37
12186822,17980,8.5616,37
6688d8ea,19735,8.5616,37
1e20d3b0,14283,8.5616,37
30bdc001,20584,8.5616,37
6135e74c,8192,8.5616,37
6291b784,10797,8.5589,37
41da3c08,12557,8.5616,61
597fdad0,7740,8.5562,37
71ca436,16812,8.5616,76
495d3c1e,15805,8.5616,37
59f76341,18508,8.5616,37
7ef99bf5,17578,8.5589,37
30b533e6,7586,8.5616,37
1ca6ad08,19671,8.5589,37
3c3bcf4e,14568,8.5616,37
5e345ee3,8662,8.5616,37
6c2040e3,19866,8.5616,37
45476e82,18701,8.5616,37
276488db,8669,8.5616,37
5b5b1992,9477,8.5616,37
35126d42,17892,8.5616,37
4bdf261c,17807,8.5616,37
1ac72710,20154,8.5616,86
487e4dec,16982,8.5616,76
651dff33,15238,8.5616,37
4b6a5af8,19920,8.5616,37
6486bc24,11918,8.5616,37
6db446aa,7893,8.5616,37
5f6962c6,15920,8.5616,37
65c255ea,13054,8.5616,37
7ce66e30,10883,8.5562,37
33a8f610,13949,8.5616,37
292cf1fb,17654,8.5616,37
5a63398,19472,8.5616,37
27c3cdf1,7301,8.5616,37
5059b1e6,18469,8.5616,37
1f81c233,9849,8.5589,37
6b6dafa5,17895,8.5616,37
7a797b57,10147,8.5616,37
52785b7c,12116,8.5589,61
4b100d2e,15497,8.5616,37
4f330654,11762,8.5616,37
5eb2d5db,9690,8.5589,37
5824592f,7985,8.5616,37
48174aec,27436,8.5616,37
1f41f41c,10875,8.5562,37
5715f622,18979,8.5616,37
2d8220ce,11627,8.5616,37
3546fff5,11742,8.5562,37
5fb05fb8,14284,8.5562,37
4fc1b146,17507,8.5616,37
371dfa7a,16077,8.5616,37
b252807,11154,8.5616,37
5635eb44,10171,8.5616,37
3f3d77d5,20054,8.5616,86
143c3b45,19049,8.5616,37
4c2acd92,9026,8.5616,37
6eedb100,16660,8.5616,37
17fb0852,11211,8.5616,37
21b4dd5b,8624,8.5616,37
44661b46,19181,8.5616,37
6268effb,10311,8.5616,37
7834e879,15512,8.5616,37
7bd223ce,17409,8.5589,37
34240d7e,10400,8.5616,37
11962b36,10711,8.5616,37
4ebe6e5d,15716,8.5616,37
2498e817,20703,8.5589,37
30c35e07,6720,8.5589,37
102c0cb2,18588,8.5616,37
2ddd446c,19182,8.5616,37
4ee6c990,14346,8.5616,37
64ff852d,6439,8.5616,37
63680800,18576,8.5616,37
14c64c9c,6588,8.5589,37
53ff844c,11322,8.5616,37
2bad6dea,10401,8.5616,37
3363435f,7023,8.5616,37
15675b03,19224,8.5616,37
3a156007,7592,8.5616,37
7a178892,11452,8.5616,37
53c74534,9995,8.5616,37
5079735f,19700,8.5616,37
6d53f1d9,17966,8.5616,37
2bc6a7f9,13228,8.5616,66
42c1a950,6938,8.5616,37
3cf3dc7,11201,8.5616,37
7160c95e,11424,8.5616,37
6f8741e4,7697,8.5616,37
20c3fe6d,16110,8.5562,37
5a18deb7,7053,8.5589,37
2dc5d693,7250,8.5616,37
78983aae,20773,8.5616,37
47978346,10276,8.5616,37
25b5d1c7,18814,8.5616,37
5b661065,20630,8.5616,37
581434d4,27439,8.5589,37
61602832,10043,8.5616,37
49ab0a8,9024,8.5616,37
1a960aeb,17741,8.5616,37
17dc145a,19327,8.5616,37
7198c4e4,15513,8.5644,37
853ec97,11619,8.5644,37
f5eff6b,13998,8.5616,37
68927417,27414,8.5644,37
4279fabc,20690,8.5616,37
7571b9f3,16367,8.5644,37
62d1d49e,7249,8.5644,37
515550f,15718,8.5644,37
1998361f,15820,8.5644,37
559c81e1,13059,8.5644,37
650a0d02,17979,8.5644,37
1439938a,20334,8.5589,37
6c7f1edf,7292,8.5644,37
6642ea,14714,8.5644,37
5816a437,15601,8.5644,37
ebc97c,10263,8.5616,37
14f6a658,8954,8.5644,37
26b5d73e,13176,8.5644,37
4b6fe8c3,20798,8.5644,37
159168fb,10664,8.5616,37
5054398c,20785,8.5644,37
3474c877,11063,8.5644,37
3c70e5e0,19006,8.5644,37
652cdda1,11754,8.5644,37
16255c1b,14467,8.5644,37
48009d8,9118,8.5616,37
3f64b34d,19989,8.5644,37
5eb2c02f,7175,8.5644,37
62cb9a66,10692,8.5644,37
2db75a13,16117,8.5644,37
6601912e,15913,8.5644,37
7c65b878,17973,8.5644,37
349eac63,18457,8.5616,37
ab8083c,15606,8.5616,37
605a70a4,18311,8.5562,37
312db2af,14044,8.5644,37
7091fd5d,7319,8.5644,37
3a22e29b,15096,8.5644,37
1468f41b,8319,8.5644,37
9ce6a2b,19990,8.5644,37
552a1977,6722,8.5589,37
2aae7d9a,13496,8.5616,37
7b5646e,11605,8.5616,37
7d50d981,20037,8.5644,86
78b486fd,8497,8.5616,37
212f76dc,16275,8.5644,37
d95f083,7320,8.5644,37
9e06ab2,19526,8.5644,37
7672bc61,8291,8.5644,37
2aad5f3c,11727,8.5616,37
706e5523,19104,8.5644,37
52dda245,27053,8.5644,37
31af9dcb,17789,8.5589,37
71bb707d,9613,8.5616,37
737ef424,19354,8.5589,37
4c8ebf84,8180,8.5644,37
182321b,11844,8.5644,37
2b1092ce,20581,8.5644,37
2f4b8c5c,10838,8.5644,37
5ec337dc,6923,8.5644,37
160064ae,11007,8.5644,37
6029e9f,14878,8.5644,37
29abfa73,13785,8.5644,37
5af1ba76,19150,8.5644,37
4fc18092,13030,8.5644,37
5d251993,11105,8.5644,37
66a31c48,19904,8.5644,37
2b2b0826,19977,8.5644,37
7cde253f,15184,8.5644,37
3f58ef26,10667,8.5644,37
4ac490df,9597,8.5644,37
39dddb99,9559,8.5644,37
3427e640,7822,8.5644,37
1e746927,19362,8.5644,37
4c7e0e3d,27367,8.5589,37
22d23d05,9831,8.5644,37
75842bd5,15990,8.5644,37
7e1ad6c3,20271,8.5644,37
422920db,16298,8.5644,37
71a0178e,9087,8.5644,37
252e40ec,18815,8.5644,37
daa2644,11583,8.5644,37
60ef0d2,17875,8.5644,37
1b551e83,19919,8.5644,37
77639bfa,15602,8.5644,37
201d8cda,18410,8.5644,37
7cd9069b,12126,8.5589,61
da0f1b2,7583,8.5644,37
66f707b7,10957,8.5616,37
8c03a74,10061,8.5644,56
2ac03cef,18545,8.5644,37
1e191af2,7038,8.5644,37
1c18dfe6,27334,8.5644,37
445be306,14911,8.5644,37
143e45e2,14827,8.5644,37
4aaa226d,11473,8.5644,37
61265893,19162,8.5644,37
2a7b81e3,17550,8.5616,37
24fcccf0,17876,8.5644,37
16b1cef1,8559,8.5644,37
37be10cf,9447,8.5644,37
51c9528f,20846,8.5616,88
4aebab91,15214,8.5644,37
195a909f,8355,8.5644,37
5ea5d313,27305,8.5644,37
45e3af62,26998,8.5644,37
58080ce5,15031,8.5644,37
52c3336c,20265,8.5644,37
1f509fc3,9257,8.5644,37
6f1dfa71,11565,8.5616,37
37ddc04f,19188,8.5644,37
7c4edd8b,10536,8.5644,37
2b95d856,15213,8.5644,37
67fbfb46,10976,8.5589,37
67354bba,12463,8.5562,61
3eb320ab,19047,8.5644,37
437cd82d,19558,8.5589,37
341b0073,10138,8.5644,37
c82ec7d,16866,8.5616,76
1f987a8d,16208,8.5644,37
5a5a72c0,9088,8.5644,37
41270ecc,17740,8.5644,37
6636c83b,6935,8.5589,37
ac25416,27366,8.5616,37
11b8b037,13800,8.5616,37
68909da2,15549,8.5644,37
7b524b68,13266,8.5644,37
38b7e79b,17610,8.5616,37
20cd767f,11889,8.5644,37
74a05359,13857,8.5644,37
18b1bde2,16104,8.5644,37
1f3d1a50,13995,8.5644,37
5488f946,13300,8.5616,37
22445215,20517,8.5644,37
370fb512,9200,8.5644,37
4097d639,17783,8.5644,37
369436c8,9572,8.5644,37
92ba116,15776,8.5644,37
68418642,7787,8.5644,37
53c645a4,13686,8.5644,37
53927133,18425,8.5644,37
19fff976,11413,8.5644,37
67a7d26e,16279,8.5616,74
6ad405b,20335,8.5644,37
4676b254,18326,8.5644,37
2024d7a5,8976,8.5644,37
79c9556d,7310,8.5644,37
150a6d97,11685,8.5644,37
32991c8b,8442,8.5616,37
6082f3f9,7418,8.5616,37
24e6fe19,10781,8.5616,37
53d3b0b9,16536,8.5644,37
15f31981,7618,8.5644,37
1f2f4456,11216,8.5616,37
68c56171,18944,8.5616,37
26dd52a8,9128,8.5644,37
18708e0f,7830,8.5644,37
4e4499c7,15445,8.5616,37
1199af0b,19780,8.5507,37
4e87843c,17744,8.5644,37
d8aba74,16042,8.5616,37
418ee17f,17369,8.5616,37
11f631dd,18051,8.5644,37
63a2e1bb,17689,8.5616,37
3ba3aea1,15212,8.5644,37
523a4956,9350,8.5644,37
d1035b3,27184,8.5616,114
2d489515,6041,8.5616,35
7f637d0b,12095,8.5589,61
735262f9,7693,8.5644,37
5e5e365c,10455,8.5644,37
1adba1bb,8094,8.5616,37
5bb8e628,16063,8.5616,37
4e003207,17408,8.5644,37
3f574371,27328,8.5644,37
7abaec8c,20405,8.5644,37
5f72abc8,11830,8.5644,37
4ed94d7a,17342,8.5644,37
18e30fe4,16747,8.5671,37
4f62376,8186,8.5671,37
13fb452,13293,8.5671,37
4bd97356,7463,8.5671,37
4b45d9e6,7507,8.5671,37
7e9dbe6b,16646,8.5671,37
2fc18ce,11755,8.5644,37
2bf9804,11806,8.5589,37
67d0fb5c,12709,8.5671,61
74ad6f2b,19579,8.5671,37
16752318,15443,8.5644,37
68f4e66a,8370,8.5616,37
2ba10e97,17628,8.5671,37
265bf1fe,6945,8.5644,37
89eea33,11951,8.5671,37
17d5183c,18467,8.5644,37
2807943d,19353,8.5671,37
6f5c4b11,16518,8.5644,37
678ff0e1,27110,8.5671,113
53cdc878,20457,8.5644,37
183f5151,9990,8.5671,37
17e6b3e1,8925,8.5671,37
2794ae92,18062,8.5671,37
33a67021,15243,8.5671,37
2b36964c,13319,8.5671,37
65976f00,17627,8.5671,37
49e1ffa2,15446,8.5671,37
4b832832,12943,8.5671,37
19857fce,14760,8.5644,37
4b246e1b,20549,8.5671,37
1bbbf363,15737,8.5671,37
55115ba3,7572,8.5644,37
543f15c5,10645,8.5671,37
1265fc0f,13764,8.5671,37
407594c9,11916,8.5644,37
28497e6a,8629,8.5644,37
4f4d79b,17877,8.5671,37
39ccd68e,7548,8.5671,37
55f3cea2,17593,8.5671,37
362a5058,20706,8.5671,37
14c01109,17452,8.5644,37
4b67ddb9,10779,8.5671,37
2a8ca9,8645,8.5671,37
64e6a464,11781,8.5671,37
5e61fe17,10069,8.5671,56
703aa9a8,15924,8.5671,37
5c53803,27524,8.5671,117
515eb3d6,11972,8.5616,37
4ae81d,7407,8.5589,37
25987655,14948,8.5671,37
9b147c5,13041,8.5671,37
2d559526,13888,8.5671,37
7a088a91,13277,8.5671,37
1c44615b,9189,8.5671,37
1fc89279,7067,8.5671,37
1e35d803,17703,8.5671,37
20d79556,15607,8.5644,37
1f2666ae,8337,8.5671,37
44a67469,19687,8.5644,37
7463493e,9963,8.5616,37
68821fc1,11538,8.5671,37
443d0769,10500,8.5671,37
334f36bb,17995,8.5644,37
5d0ba355,13979,8.5671,37
1e8114fd,11041,8.5671,37
258fc322,14212,8.5671,37
9259eb5,12905,8.5671,37
4527803c,10748,8.5671,37
43958bc4,18679,8.5671,37
438499e8,18310,8.5644,37
18c9d469,11516,8.5671,37
3d3c21f3,20746,8.5644,37
5218563b,18541,8.5644,37
3534ce49,16852,8.5671,76
63883e1a,14908,8.5671,37
3fe7a821,19236,8.5671,37
2fde9868,14149,8.5671,37
3c0b5d5c,11224,8.5671,37
5e1de4b1,9373,8.5671,37
1ed1dc29,6647,8.5671,37
1cf5d972,20697,8.5671,37
47330f5c,10801,8.5671,37
18844a86,18014,8.5671,37
2222bebc,18146,8.5671,37
21345b5b,10067,8.5671,56
4bfbf055,14975,8.5671,37
3194ebc0,20686,8.5589,37
3989ac9,19818,8.5671,37
5c0e3c09,15498,8.5671,37
5fe34a50,10677,8.5644,37
49bf7087,8961,8.5671,37
e36e5ab,20145,8.5671,86
23756e10,13437,8.5616,37
1e9c6b9a,6434,8.5644,37
660111e4,12681,8.5671,61
54887eeb,9049,8.5671,37
6daad26c,27316,8.5671,37
65273427,16755,8.5671,37
b479756,17853,8.5644,37
1c2fcff3,27477,8.5671,37
cec85b9,8506,8.5671,48
272d47a8,6810,8.5644,37
7b77c966,10321,8.5671,37
4cbd0c79,9156,8.5671,37
2e8f124a,13055,8.5671,37
1bd1cd84,16061,8.5671,37
63d21034,10686,8.5644,37
26abc9d1,11113,8.5671,37
251c7b9,14151,8.5644,37
549a88fb,20566,8.5671,37
27ba61ec,12706,8.5671,61
5fa7c18b,18851,8.5671,37
53c7b9c9,20570,8.5671,37
539a2e1a,14951,8.5671,37
27db9084,9203,8.5671,37
4691b66d,10768,8.5671,37
28764687,17837,8.5671,37
20eed729,7161,8.5644,37
2a1e476d,15199,8.5616,37
61c0e871,17657,8.5671,37
513aad1a,8083,8.5671,37
1ad35b8e,12858,8.5671,37
8b742d,15977,8.5671,37
58766e7e,19578,8.5671,37
5ca04a17,13429,8.5671,37
5caf7526,16639,8.5671,37
75e5882,16281,8.5589,37
6cb0c389,13900,8.5616,37
329edcfa,20336,8.5671,37
153f99ca,14915,8.5671,37
a9672af,14427,8.5671,37
27b327cd,13177,8.5671,37
45cccffd,17790,8.5671,37
7c76cee1,16218,8.5644,37
6afb943a,16389,8.5671,37
54485be7,19984,8.5671,37
77d8c5b4,27136,8.5671,113
3d930c68,8183,8.5671,37
b7f15a4,13107,8.5671,37
1dfef04f,7906,8.5644,37
2cba7321,7573,8.5671,37
9efca92,22468,8.5671,88
7a4e3c3e,7377,8.5671,37
1058d7b0,7465,8.5562,37
6f849de1,19409,8.5671,37
18c871d9,17410,8.5671,37
13ec0132,9479,8.5671,37
e7f4777,8560,8.5671,37
55e2b9d8,12098,8.5671,61
2674d7c7,19355,8.5671,37
1e1ee050,15523,8.5671,37
6aae581b,12616,8.5699,61
2a4210ef,10937,8.5699,37
2a88308f,27405,8.5671,37
437d49ee,15797,8.5699,37
5b8bbf1a,17874,8.5699,37
617419ec,9210,8.5671,37
35ab2f74,11321,8.5699,37
a135105,7898,8.5671,37
23085b90,10800,8.5699,37
640785be,19884,8.5699,37
740c7b42,11085,8.5699,37
15b97a88,11946,8.5699,37
5a177ad8,16552,8.5616,37
2e53e51,10249,8.5644,37
15248324,7732,8.5616,37
4b4187e1,13071,8.5699,37
4b97d632,11597,8.5699,37
2a37b422,15470,8.5699,37
10b0083,12161,8.5699,61
30078e25,12541,8.5699,61
4554f851,16648,8.5699,37
52d5d27d,16521,8.5671,37
3a524847,17879,8.5671,37
b03dfbc,7694,8.5671,37
7f90e5f,16694,8.5616,37
650df881,11629,8.5699,37
19379867,8549,8.5671,37
cdc4ac2,10871,8.5699,37
3a20b4a9,9201,8.5699,37
431826f0,13901,8.5699,37
495b07e2,17844,8.5699,37
6c8a5a0e,18670,8.5699,37
26e8707,8792,8.5699,37
430e1c,6042,8.5644,35
11b67de1,19840,8.5699,37
2fd21ff3,18054,8.5699,37
59f2e3b1,11247,8.5699,37
41d9257d,20806,8.5699,88
63a211d2,11448,8.5699,37
4f967326,16708,8.5699,37
5cb0a7d2,20571,8.5699,37
1211389e,10618,8.5699,37
1aeb156c,7302,8.5699,37
6934ab62,16538,8.5699,37
30e31fa1,14336,8.5699,37
2b2d04eb,6587,8.5699,37
69af3497,11490,8.5699,37
250cfd7b,17843,8.5699,37
d3af06c,9146,8.5699,37
4e73a77c,13970,8.5699,37
5ee829a9,20583,8.5671,37
462eca5f,14352,8.5699,37
15b5cda1,18289,8.5699,37
a8f1bdf,18885,8.5699,37
79b07604,7550,8.5644,37
49fc275f,7676,8.5671,37
721f2304,13971,8.5699,37
3c8f7b,8914,8.5699,37
4fc396b6,11084,8.5699,37
7a46c92e,13728,8.5699,37
52a8cfe6,11782,8.5671,37
59a4d1b4,20696,8.5699,37
3d87daac,15836,8.5671,37
71447b8b,7874,8.5699,37
65075dba,20155,8.5699,86
6d0c8159,17341,8.5671,37
630a11d7,18172,8.5671,37
1ad119df,11811,8.5699,37
1900f293,10062,8.5699,56
4bca5a1b,18459,8.5671,37
14ff2455,6984,8.5699,37
672d8f4,8876,8.5699,37
187836c3,6701,8.5699,37
1fbad55,17721,8.5699,37
6ccbecb3,9439,8.5699,37
7c6e2ca6,9058,8.5699,37
4cd8cb91,8945,8.5699,37
79b44339,20731,8.5699,37
7b472480,11846,8.5699,37
4a2986c8,16981,8.5671,76
472f8837,9002,8.5699,37
2c2304e7,13836,8.5616,37
77d537d1,11812,8.5699,37
714cf025,16350,8.5699,37
4a99a00b,7468,8.5671,37
7e298183,16176,8.5699,37
201c5a28,20764,8.5699,37
36c74bd6,8321,8.5699,37
31592cfd,10441,8.5699,37
34e96cc,15995,8.5671,37
41414197,20775,8.5699,37
4dd43b92,14135,8.5699,37
429dd089,17506,8.5671,37
91b6cb4,10312,8.5699,37
657fdeae,16122,8.5699,37
460e4040,14464,8.5699,37
6abbc990,10131,8.5671,37
389766bf,7752,8.5699,37
230655ad,18019,8.5699,37
173e0dcd,20548,8.5699,37
49179341,13501,8.5671,37
23fda1f3,13379,8.5699,37
205c89ad,14388,8.5699,37
31660b36,16983,8.5699,76
565138b2,27342,8.5699,37
18edf9b2,4984,8.5671,1
5cb80ae3,8785,8.5644,37
5d8685f9,10681,8.5671,37
2cdb253,20136,8.5671,86
759aebd1,16865,8.5671,76
588fd2a6,15906,8.5699,37
69e90893,12509,8.5699,61
35f3a92e,6549,8.5699,37
29e11a,16382,8.5699,37
6f999466,7300,8.5699,37
1103a508,20276,8.5699,37
6cf30a8b,11748,8.5699,37
239d073e,19365,8.5699,37
46de1f85,14587,8.5699,37
848d8f,27020,8.5699,37
7a147414,6992,8.5699,37
34be85ae,16225,8.5699,37
406d66e0,15893,8.5699,37
2fce212e,18361,8.5699,79
6f1d428c,20753,8.5699,37
5e9d8d5d,27002,8.5699,37
5883b5f,9842,8.5616,37
1019f54f,19334,8.5699,37
30bafc25,7273,8.5699,37
742c7bae,18480,8.5699,37
35a8b394,14399,8.5699,37
d78095a,19775,8.5699,37
1a9ee250,6905,8.5699,37
6a5ad684,17775,8.5699,37
240fc3af,15471,8.5699,37
69703cad,18783,8.5699,37
491cfb1,20577,8.5671,37
190e9735,12531,8.5699,61
38c3c751,10841,8.5699,37
21231ca5,17854,8.5616,37
620b695d,27552,8.5699,117
af6b4e5,11648,8.5699,37
26cfa851,15766,8.5726,37
1f377c54,10506,8.5726,37
2059b2cb,15195,8.5726,37
203bb2eb,9992,8.5726,37
7b6d1b9d,14799,8.5726,37
5f1c0d78,12865,8.5699,37
323e23ba,27483,8.5699,117
4f6f73fc,8530,8.5699,37
5c4d387f,15720,8.5726,37
63859943,12105,8.5726,61
20e5457a,18621,8.5726,37
52e4ca5e,13555,8.5671,37
14212209,15267,8.5726,37
211a6e32,11183,8.5726,37
6e1ab4d3,13649,8.5726,37
64def2ff,20148,8.5726,86
79f2b507,17345,8.5726,37
beb3ff5,15211,8.5726,37
306cbe77,8949,8.5726,37
2336eb8f,13751,8.5699,37
4f002863,11515,8.5644,37
1dc6b2e1,6559,8.5699,37
488c2828,13343,8.5726,37
5cf2c825,18660,8.5726,37
127fa0e8,9919,8.5726,37
3a0649fc,7366,8.5726,37
611a6eb8,8999,8.5726,37
1362ebfc,17477,8.5726,37
599baa55,16116,8.5726,37
360c296e,8050,8.5699,37
3e4dcffa,10118,8.5726,37
3bbf845b,12104,8.5726,61
3af4fec4,19527,8.5726,37
3e3922cd,22458,8.5726,88
69292b3d,9174,8.5699,37
13771153,19160,8.5726,37
394b1bfd,9507,8.5726,37
2454d0ce,15925,8.5726,37
530ca1c3,18343,8.5726,37
73dc085c,27084,8.5726,113
12a96129,20150,8.5726,86
10790112,13711,8.5671,37
26cda867,13588,8.5726,37
35c0da0a,18340,8.5726,37
6cb945b2,8307,8.5726,37
3490a8a6,17643,8.5726,37
7f55b0c3,11839,8.5726,37
4cf625a9,20550,8.5699,37
6ac47d50,18427,8.5726,37
5ba03d36,7200,8.5726,37
9a15d29,8177,8.5644,37
7407ead9,17893,8.5726,37
3d6037f4,16400,8.5726,37
6812e85c,15244,8.5726,37
67f3f4e3,14916,8.5726,37
64b8b521,7759,8.5726,37
6b6d2dbd,16195,8.5726,37
4a5d9c4c,16369,8.5726,37
739447f8,9556,8.5671,37
10967876,18796,8.5726,37
6ef6b9f1,16069,8.5726,37
486ff79f,16555,8.5699,37
1915d2ed,17579,8.5726,37
5626e491,15075,8.5726,37
dc4f695,6464,8.5644,37
3a202bbd,16851,8.5726,76
d9514ae,16622,8.5671,37
6c767be1,14691,8.5699,37
462c48a4,16206,8.5726,37
7d6aee1f,6814,8.5726,37
58ffa578,19033,8.5644,37
70974f5,27445,8.5726,37
23c475d8,15701,8.5726,37
185678d7,14892,8.5726,37
9746da9,8943,8.5726,37
2c05dd9a,18432,8.5699,37
600d7942,14349,8.5699,37
48d5b40f,6893,8.5726,37
153ea904,16326,8.5726,37
1ef21588,18586,8.5699,37
263ac7a8,13839,8.5726,37
43aa6aac,8766,8.5699,37
23bc9d54,27467,8.5699,37
2dec92fe,12674,8.5726,61
5d9b176c,13756,8.5726,37
4d74e979,16292,8.5726,37
ae58bbe,27440,8.5726,37
43d7837e,12470,8.5726,61
4672cc1f,13994,8.5699,37
2ca7da89,11594,8.5726,37
36d4902e,6679,8.5726,37
11a5aff7,7868,8.5726,37
ab90cd8,6939,8.5726,37
2d54816d,8144,8.5726,37
7a2c1d86,27456,8.5726,37
750ab282,27068,8.5671,113
25c89a08,7931,8.5671,37
37296faa,9191,8.5726,37
75347a5b,18940,8.5726,37
74275dd3,12597,8.5726,61
5370f7f,10892,8.5726,37
558a58dd,18056,8.5726,37
347380be,8786,8.5726,37
485beda5,9279,8.5726,37
1eeba057,8915,8.5726,37
19205fe7,20528,8.5726,37
31fe4a0d,15583,8.5726,37
4628ba9,6047,8.5726,35
265fbf52,18363,8.5699,79
65f55ad6,19449,8.5726,37
7eb1fee8,15194,8.5589,37
3ddc7d11,15978,8.5726,37
6622e0d7,8991,8.5726,37
294e352f,11246,8.5699,37
58f9d850,18889,8.5699,37
69312ab,11152,8.5726,37
77466ef6,18213,8.5726,37
2f79da7c,7623,8.5726,37
4578a7fa,13733,8.5726,37
39d4bc9b,9068,8.5726,37
274ce740,12671,8.5699,61
63b90c81,6149,8.5726,1
2f280b0,8957,8.5726,37
1eded411,20567,8.5726,37
5232b4c6,13326,8.5726,37
be95304,13650,8.5726,37
161026d6,13072,8.5726,37
e1e7f6f,7276,8.5699,37
4f2e6cdb,11051,8.5726,37
2d5b1573,18938,8.5726,37
3a6ab098,9067,8.5699,37
47f245bd,19645,8.5726,37
7b06a12c,13267,8.5726,37
e83d3b2,13742,8.5726,37
61824c8a,9054,8.5726,37
37b8cac1,13587,8.5726,37
340822aa,6881,8.5726,37
7a49fac6,16390,8.5671,37
6a47b87e,17723,8.5726,37
19525fa0,18193,8.5699,37
6cba3352,18548,8.5726,37
41bcf860,18147,8.5726,37
59907bc9,18347,8.5726,37
ec3bccd,16823,8.5726,76
5e75dea,13081,8.5726,37
102a3572,27488,8.5726,117
38fadea7,8012,8.5726,37
626ea442,16115,8.5699,37
71d84916,18550,8.5726,37
4eef42ca,10606,8.5726,37
200ea256,8903,8.5726,37
37d54ea1,19103,8.5726,37
2d3c2a65,11680,8.5699,37
4f621b4,17842,8.5726,37
28c60940,8470,8.5726,37
303bdaf2,7280,8.5726,37
65f2c2b1,10617,8.5699,37
78cf28e8,20327,8.5726,37
4d014dc4,11674,8.5671,37
2383f2dc,14077,8.5726,37
50974b57,15131,8.5726,37
519ea1c5,10631,8.5726,37
1636b95f,14383,8.5753,71
2a9fbc57,19973,8.5726,37
40b897a0,8756,8.5753,37
640c86fb,10782,8.5753,37
47533764,12099,8.5726,61
107956dd,19509,8.5753,37
56ac835,6882,8.5753,37
14f8d6e5,19340,8.5753,37
14c3b1df,18563,8.5753,37
394b36fe,14834,8.5753,37
77e2a866,7924,8.5699,37
4a754c34,7632,8.5753,37
10e03419,10545,8.5753,37
427d871e,8148,8.5753,37
4b399bc7,14584,8.5753,37
5f27aeae,18048,8.5753,37
2bcd7a78,19070,8.5753,37
3a9cc3e4,7423,8.5753,37
14f7f6de,8098,8.5753,37
5aa196ed,19813,8.5753,37
2146c4af,9573,8.5753,37
1317b024,16280,8.5753,37
53491684,17534,8.5753,37
f167cea,7869,8.5726,37
24fc2ad0,7741,8.5753,37
ac428fb,17448,8.5699,37
1122f211,12158,8.5726,61
2def3df3,6479,8.5753,37
68802834,15738,8.5699,37
43a8562f,16009,8.5753,37
459c8631,13554,8.5753,37
11482bd4,19491,8.5753,37
78e07041,11582,8.5726,37
5874f44c,7934,8.5753,37
8b2721d,13016,8.5753,37
732b6932,14575,8.5753,37
482a75b3,13497,8.5726,37
37833e6e,18595,8.5726,37
2c3a8019,27083,8.5753,113
4f00e55,8080,8.5726,37
1f6c6495,8348,8.5753,37
31325958,8209,8.5753,37
49702d2f,16597,8.5753,37
2d88e50b,16277,8.5753,37
4d7600f2,8163,8.5753,37
31429d05,10439,8.5753,37
2f571bce,11911,8.5753,37
1219eaec,10659,8.5699,37
5ac8a4d5,16282,8.5726,37
6b64387b,20353,8.5726,37
2cb55a6,11612,8.5753,37
5f589199,11426,8.5671,37
402968ab,19819,8.5753,37
459f7d6e,18436,8.5753,37
1da1661e,18452,8.5753,37
66ef86a,8356,8.5753,37
d09b43c,8760,8.5726,37
7b4e1d97,20309,8.5753,37
598d3a8b,13214,8.5753,37
3343dcfe,8026,8.5753,37
2544cd1e,15935,8.5753,37
4c4710bf,16695,8.5753,37
3df65e0a,7244,8.5753,37
5418cc74,6417,8.5726,37
14702a9f,16131,8.5753,37
3979a0c3,6658,8.5753,37
4deb5439,11659,8.5753,37
268d40bc,6667,8.5753,37
3a56a6cf,18055,8.5753,37
283fa69d,13721,8.5753,37
3d8e45d7,19887,8.5753,37
4985851d,13118,8.5726,37
46ea323c,20510,8.5726,37
13b47f32,13858,8.5753,37
5c5b206e,10842,8.5753,37
3993eb95,27137,8.5753,113
1e02e24b,14252,8.5753,37
1bdff9b5,10773,8.5753,37
55ce7999,15495,8.5753,37
3db67618,8965,8.5726,37
69b7b9ea,12518,8.5726,61
602e1e2d,15798,8.5753,37
4d841cc,7281,8.5699,37
ad0f1f9,19944,8.5753,37
5e7c61a0,11815,8.5753,37
1d618493,13887,8.5753,37
4e33d334,7757,8.5726,37
8232d1f,17981,8.5699,37
5f15adb,11610,8.5753,37
38bd4aa4,8532,8.5753,37
68c794f4,15157,8.5726,37
791d1726,16625,8.5753,37
76b5bd5c,7923,8.5753,37
248f2144,18987,8.5753,37
703b7115,7339,8.5753,39
610eec13,19237,8.5699,37
3a0ae233,14325,8.5753,37
67d26137,18503,8.5753,37
4c4a0701,8275,8.5753,37
5a3214ef,19928,8.5753,37
37447ee0,13708,8.5726,37
436b7ae6,11639,8.5726,37
5f051f85,16640,8.5753,37
561431a2,8236,8.5753,37
155afde6,14949,8.5753,37
d053b08,15508,8.5726,37
1fd32d3,14422,8.5699,37
19d9c440,7334,8.5753,37
6ed719c9,9947,8.5753,37
2ca06c38,20266,8.5753,37
4423b8d5,20569,8.5753,37
138f8fd5,7932,8.5699,37
6a2eb000,19192,8.5753,37
33924880,11654,8.5753,37
1fa6df98,9579,8.5753,53
58cdb431,11182,8.5726,37
17d2dc,16505,8.5753,37
21605c16,27329,8.5726,37
19940ca2,8673,8.5726,37
2d7b92d4,20752,8.5753,37
14336ac5,12521,8.5726,61
1e8eada6,15268,8.5753,37
57605ec5,27021,8.5753,37
26fc9bcf,11495,8.5753,37
2916a897,7419,8.5726,37
421ed38e,17705,8.5753,37
175d2b7e,15926,8.5726,37
553de8b9,19220,8.5753,37
49f3a099,10889,8.5753,37
7d45988a,19732,8.5726,37
3bd5a87,7863,8.5753,37
397f0269,8217,8.5753,37
6ddc8ab7,8889,8.5753,37
3c8cde4e,7986,8.5753,37
550cd23a,11270,8.5726,37
1421eeb8,16590,8.5753,37
1da147b9,19180,8.5753,80
478584ed,11428,8.5726,37
74ab0325,9704,8.5753,37
6f647726,27346,8.5753,37
774cf171,15608,8.5726,37
786f79fc,10306,8.5753,37
132638f0,14835,8.5753,37
3fb8b39a,11245,8.5753,37
73a93e0c,15702,8.5753,37
700a091c,13053,8.5753,37
52495e55,10843,8.5753,37
281703e5,10268,8.5753,37
231ba260,15719,8.5699,37
127411b5,18785,8.5753,37
3216a80e,19152,8.5753,37
2a35f3ef,7068,8.5753,37
3a2dd567,9865,8.5753,37
8e6922e,14707,8.5753,37
fb71de4,8749,8.5753,37
a983d76,13684,8.5753,37
5e4a47af,11973,8.5726,37
6201c9aa,16519,8.5753,37
55eeb033,13061,8.5781,37
1ed64475,17353,8.5781,37
14581721,18954,8.5781,37
122d0f3f,13502,8.5781,37
7e8dc849,18130,8.5753,37
5ec28083,9013,8.5781,37
729b92c2,20066,8.5726,86
8352f59,11148,8.5781,37
18ea6196,15215,8.5781,37
52663c90,27525,8.5781,117
7c45b99c,14798,8.5753,37
5dab1eaa,18693,8.5781,37
16063258,18776,8.5781,37
cf3bd9a,20055,8.5753,86
75e71eb4,14509,8.5781,37
243fd0cd,7336,8.5753,37
21e4d4ae,16247,8.5753,37
6d7b638,15693,8.5753,37
4b080ae8,16242,8.5753,37
225e2c5c,9063,8.5781,37
538f6d8b,9376,8.5781,37
11eb02fc,16177,8.5781,37
1c3e453f,11174,8.5753,37
16ade5cb,11584,8.5781,37
2df0f750,14791,8.5753,37
26a4e74c,14484,8.5753,37
49d78f46,19949,8.5781,37
6f11fd86,8631,8.5781,37
16ebce12,20733,8.5781,37
3c0bf1e8,6907,8.5781,37
3d94ffa2,16630,8.5726,37
5d89d85b,8755,8.5781,37
155a16a6,18288,8.5781,37
763d2154,17565,8.5753,37
6c4eb9de,11086,8.5753,37
16f38d6a,11220,8.5753,37
7f16ef0c,19820,8.5753,37
251488fc,27447,8.5781,37
3c0d45c9,8568,8.5781,37
43d0ad58,11924,8.5781,37
742bb3cb,18618,8.5781,37
354bd660,14454,8.5781,37
2f071369,10023,8.5781,37
2ed52d1d,7485,8.5726,37
78201603,11210,8.5753,37
617a6a16,13907,8.5781,37
513c4727,13377,8.5781,37
6aae5980,17931,8.5781,37
46b79a32,20360,8.5781,37
410dfa3c,13414,8.5781,37
39e57c10,9349,8.5781,37
9a0998c,8108,8.5781,37
ad31174,10872,8.5753,37
70cf6c16,14118,8.5781,37
4deba85d,8389,8.5781,37
5ebdb429,20527,8.5781,37
4c2a4612,18152,8.5781,37
5e60b652,20847,8.5781,88
24a266a9,14128,8.5781,37
5544de54,20727,8.5781,37
4dc4dea6,18411,8.5781,37
66eb3429,16599,8.5781,37
6c307594,6475,8.5781,37
786fe430,15171,8.5781,37
432aedea,7168,8.5781,37
50a3c30f,11064,8.5753,37
6f56ef4e,20046,8.5781,86
681fc8f0,9846,8.5781,37
7b100eed,19655,8.5781,82
6d91a446,11472,8.5781,37
7b5fa94c,15032,8.5753,37
404aeb9c,14413,8.5781,37
7bb47acf,7925,8.5781,37
43a7ac,14323,8.5753,37
1db28256,7183,8.5753,37
7d61a632,20778,8.5781,37
57cb83ee,8081,8.5781,37
7bf2751b,14480,8.5726,37
6691d30e,9996,8.5781,37
6fb85db8,8383,8.5781,37
1f98364b,11694,8.5753,37
6ee6b700,10226,8.5753,37
77aac20e,10712,8.5781,37
1fcb6656,7945,8.5781,37
3233ad8a,9482,8.5781,37
6cc7ffe9,19360,8.5781,37
4d5cfacd,27489,8.5781,117
177ae229,17832,8.5781,37
9e1dce6,13274,8.5753,37
1a7a2323,7767,8.5781,37
26917fad,16696,8.5781,37
75faf421,27480,8.5781,37
73e47b3d,10877,8.5781,37
6643fa03,11123,8.5726,37
2d26512a,12228,8.5726,61
5fdae2c1,16190,8.5781,37
58db1330,12596,8.5781,61
751a7391,8780,8.5781,37
7be3d8bb,6859,8.5753,37
1f3c22f7,16036,8.5781,37
57e3daef,8433,8.5781,37
5f27e638,27335,8.5753,37
5f652c7f,12987,8.5781,37
79454af9,7193,8.5781,37
30b8d39c,9505,8.5781,37
504ef595,10673,8.5781,37
26be2d37,14774,8.5781,37
75ffa99b,11272,8.5781,37
3ada08b,16749,8.5644,37
24680f36,18633,8.5781,37
73e85919,18590,8.5726,37
7b53858e,13178,8.5753,37
1514cb97,14270,8.5781,37
71e167bc,10893,8.5781,37
4159d617,9868,8.5781,37
4070c808,13022,8.5781,37
27684a7d,7946,8.5781,37
1c13a008,7821,8.5781,37
14937574,15135,8.5781,37
192258f1,14777,8.5753,37
6eb53cdd,9901,8.5753,37
30c90ec3,20455,8.5781,37
2843898b,14219,8.5781,37
4d1d055c,18133,8.5781,37
422af15e,27434,8.5753,37
5be6e12,13043,8.5781,37
3105b0ff,8025,8.5699,37
14177466,14338,8.5726,37
122c7bb,13361,8.5753,37
771af773,10589,8.5781,37
6b042327,14468,8.5781,37
449fde65,11838,8.5781,37
5397d652,11917,8.5781,37
3f42e819,6811,8.5726,37
7cd8c021,9205,8.5781,37
1ce346bd,18953,8.5753,37
7316123c,18946,8.5781,37
39411a62,12558,8.5781,61
39787d9,8503,8.5699,48
6e5ff4bf,19341,8.5781,37
2d1b8cba,17742,8.5781,37
1cb80171,7940,8.5726,37
232ef470,12302,8.5781,61
324516a6,9282,8.5753,37
434a3208,16181,8.5781,37
1fa50099,18470,8.5753,37
4bfcfa69,7926,8.5753,37
51163596,11638,8.5781,37
43de87ce,11585,8.5781,37
7448f6e4,27531,8.5781,117
584b75b6,17453,8.5781,37
389151ac,15899,8.5753,37
7defe52,11539,8.5781,37
f465187,7552,8.5781,37
4770bdca,6875,8.5808,37
51ab73c4,12461,8.5808,61
3c0a695d,14271,8.5808,37
3f6f4daf,17551,8.5808,37
d4177df,20585,8.5808,37
3036c599,7192,8.5808,37
5f190243,7464,8.5808,37
180d8f6a,8918,8.5808,37
1ade3e3a,14858,8.5808,37
1a3b4931,11474,8.5781,37
da74b2f,27167,8.5808,114
66e38b4f,9985,8.5808,37
408b1c77,15897,8.5781,37
b9a796,17442,8.5808,37
37706a9d,9652,8.5808,37
4db326cf,10612,8.5781,37
55c3e3aa,11055,8.5808,37
669e1220,16178,8.5808,37
188b7b93,10110,8.5808,37
2c1bce9d,7361,8.5781,37
784a108f,7363,8.5808,37
32de629f,7194,8.5808,37
714ac0b4,11947,8.5781,37
674b7715,11517,8.5781,37
3d78726,10632,8.5808,37
2bb131bb,9302,8.5808,37
61227c83,20568,8.5808,37
129e14ae,7922,8.5781,37
4d52465b,16748,8.5808,37
72831660,19387,8.5808,37
501dcd62,18143,8.5781,37
12c1dff,27435,8.5808,37
36071c7f,16756,8.5808,37
5c5d2cc9,15991,8.5808,37
6b30d71f,11790,8.5781,37
62159cfd,7043,8.5808,37
4c7fc3b5,11271,8.5808,37
17b0a1f5,10531,8.5781,37
4215caa1,18416,8.5808,37
771b8d4e,10763,8.5808,37
39a71524,11930,8.5808,37
b770bce,9162,8.5808,37
675b88c3,11336,8.5808,37
4c01089b,11606,8.5781,37
4d8e3a0a,18015,8.5808,37
7e14710e,19951,8.5808,37
45b2f39f,18214,8.5781,37
1b37e62,12859,8.5808,37
3d515a34,12675,8.5808,61
6010c091,18549,8.5753,37
326cf907,18591,8.5808,37
2836c146,9662,8.5808,37
7973f1b7,11496,8.5808,37
4d61a92b,8227,8.5808,37
4e884cde,8536,8.5781,37
2c029b5f,9968,8.5808,37
32204368,16331,8.5781,37
2047fe7c,6419,8.5808,37
465f5d8a,11124,8.5781,37
4eb4c9d1,12825,8.5808,37
519f6a65,8679,8.5808,37
42f77e40,12152,8.5808,61
6d90ced1,18767,8.5808,37
6cdd8918,11886,8.5781,37
56f5ace4,10507,8.5808,37
4cf3f13,6841,8.5808,37
1257f875,7450,8.5808,37
2e29a1ad,10850,8.5808,37
452414ff,20354,8.5753,37
4531c00a,11053,8.5808,37
38fb4818,3651,8.5808,29
5b3ca263,27446,8.5808,37
3edad617,20736,8.5808,37
3bb9bd69,7199,8.5781,37
75a06056,7233,8.5753,37
17f94d72,10668,8.5808,37
29e8da54,20402,8.5781,37
5bf29b15,11613,8.5808,37
41eadb10,15840,8.5781,37
37bea1ab,14829,8.5808,37
4feefc15,9966,8.5808,37
6af1f8f3,7329,8.5781,37
5a4b583,11649,8.5808,37
1281dc7c,16106,8.5781,37
5070947e,15591,8.5808,37
35a3c8e3,16815,8.5808,76
3131ed1f,11938,8.5808,37
158b7b79,10494,8.5753,37
36dfadb7,12542,8.5781,61
9f53788,13729,8.5808,37
5df291ac,10936,8.5808,37
76bdae21,11788,8.5781,37
3823533c,11559,8.5726,37
184a6ac7,8617,8.5781,37
51fce793,12835,8.5808,37
4a2b972b,20012,8.5808,86
68b387e1,6985,8.5808,37
5db73783,19638,8.5808,37
23e4d462,11383,8.5808,37
15127ff2,12988,8.5808,37
31630b4,16520,8.5808,37
77ee33b8,16011,8.5808,37
722cbee3,7947,8.5781,37
74c7a2bb,8571,8.5808,37
46e6bf07,8809,8.5808,37
40933790,18063,8.5808,37
57df42c7,13796,8.5808,37
18d5417b,16561,8.5808,37
1ec4f0fd,15269,8.5808,37
6bb5fe48,19978,8.5808,37
6da96aa5,27138,8.5808,113
345fff37,22469,8.5808,88
5af8e94,17763,8.5808,37
19bb5a01,13685,8.5808,37
2c0daa81,8498,8.5808,37
18960ae4,17716,8.5781,37
20c112d3,7375,8.5808,37
61bb82c,12707,8.5808,61
4df6499f,20580,8.5753,37
2ef9044d,18429,8.5808,37
ede6972,15247,8.5808,37
2621a5f0,17320,8.5781,37
7da0a3c0,14353,8.5808,37
265a75a,19364,8.5808,37
7f8dcb9d,10111,8.5808,37
54a8efb9,10803,8.5808,37
4aaeada2,19814,8.5808,37
2c6ef84f,19802,8.5808,37
31ed5ef,19209,8.5808,37
575ad89b,16300,8.5808,37
12de2732,8871,8.5808,37
118d7f7,9327,8.5808,37
15c4a623,27134,8.5808,113
2fabec04,9832,8.5808,37
4cafa974,13757,8.5808,37
bcf6879,9440,8.5808,37
2edd6d38,9946,8.5808,37
5ee67f2b,18016,8.5808,37
1f7bd658,16286,8.5753,37
6f33998a,17616,8.5808,37
1f4fb8b5,11221,8.5808,37
5abeb2c9,17581,8.5808,37
37cc9192,19009,8.5808,37
19ccebff,6413,8.5808,37
44c0b128,16119,8.5808,37
26a82315,8279,8.5753,37
9afe5f3,9666,8.5808,37
5a3cb555,17591,8.5753,37
44f41391,20674,8.5808,37
1b3406cb,12078,8.5808,61
5c160282,8238,8.5808,37
a15dc31,15496,8.5781,37
353c563b,18661,8.5808,37
e851c09,10839,8.5808,37
6bf2294c,11789,8.5808,37
75a2aed,17508,8.5808,37
7ee7342b,18068,8.5753,37
4fa29457,12455,8.5781,61
18789e16,16191,8.5781,37
3e3bac44,8109,8.5808,37
44f95a86,11835,8.5836,37
1fa27e62,6469,8.5836,37
43f6dbae,8216,8.5836,37
4e2104d2,9618,8.5836,37
7c7cc85c,27459,8.5836,37
2eef55fd,12079,8.5808,61
22b27f2c,16285,8.5808,37
57eceb7f,16103,8.5836,37
43c434e6,11109,8.5808,37
72be68ad,17909,8.5836,37
42b9c296,12869,8.5808,37
5322eb36,13028,8.5808,37
312396b0,17967,8.5808,37
30597b39,18971,8.5836,37
3cf8a2d6,11140,8.5836,37
78478524,9064,8.5836,37
557c1a8a,19950,8.5836,37
2e0723af,16681,8.5808,37
5710caab,13029,8.5753,37
13ba0bc8,18977,8.5836,37
26a7fb7f,12832,8.5781,37
312abe5f,12836,8.5836,37
60be7f43,12907,8.5836,37
2319dcd7,7452,8.5836,37
3a7ca7c8,16491,8.5808,37
5e403e9e,8921,8.5836,37
4d970672,18780,8.5808,37
4477dc9f,14811,8.5836,37
20859473,20509,8.5836,37
183a348d,14741,8.5836,37
7f18254c,14474,8.5808,37
207350ff,14965,8.5808,37
55227615,13325,8.5836,37
5effc6a1,18211,8.5836,37
598856ce,15905,8.5836,37
67043af6,8542,8.5836,37
5dca6a41,11011,8.5808,37
1b1e2d33,10757,8.5836,37
2cddca16,7021,8.5836,37
2cacde2e,19193,8.5836,37
bb36b8,27087,8.5808,113
462e7fd3,11728,8.5808,37
48b89d35,8787,8.5836,37
222546a4,17873,8.5836,37
7b72baae,11442,8.5836,37
4e1782f4,18990,8.5836,37
424aff36,11477,8.5753,37
1502252b,10894,8.5836,37
50639d25,16816,8.5836,76
95d708f,16381,8.5836,37
4a5291bd,11024,8.5808,37
241be593,17615,8.5836,37
5669c3c6,19027,8.5836,37
434f3572,11948,8.5836,37
2bb67a14,8134,8.5836,37
1dce8bdf,20659,8.5836,37
645b9e4a,16662,8.5836,37
6602d288,20273,8.5808,37
7e6d5a7d,20754,8.5836,37
44331467,8694,8.5836,37
2d4aef4d,20306,8.5836,37
5daceefe,7181,8.5836,37
4906e984,16261,8.5836,37
15ca5cef,16192,8.5836,37
6f80e99c,15040,8.5836,37
5561218c,20089,8.5836,86
67903df8,17693,8.5836,37
2b55a86d,17405,8.5808,37
6c3fa4cc,6640,8.5836,37
58aa4080,15860,8.5836,37
5e3a9d38,8273,8.5836,37
4fb25bf7,13926,8.5836,37
10903343,15844,8.5836,37
1a34cf91,17743,8.5836,37
78995bd9,13766,8.5836,37
391fbcbf,16012,8.5808,37
10ed52b2,14690,8.5836,37
5aa970d3,19048,8.5836,37
4d5dcebb,8443,8.5836,37
5c46e678,17883,8.5836,37
4fc0fde6,16209,8.5836,37
6032e226,20522,8.5836,37
1ab05450,11910,8.5836,37
393b79ab,10619,8.5836,37
52252dd2,20401,8.5836,37
2a4220b5,8168,8.5808,37
25f1d662,10106,8.5808,37
3dfb0458,15927,8.5836,37
5fefc46d,11338,8.5781,37
6eb9461f,15771,8.5836,37
2fabaf51,17347,8.5836,37
5cf1a105,13524,8.5836,37
4b7e4a0f,10109,8.5836,37
fb6b9c0,19254,8.5836,37
6a0aa5aa,16202,8.5808,37
4be7c82a,16010,8.5836,37
162a1068,8601,8.5836,37
2ce8c3d4,17951,8.5836,37
13f01416,20765,8.5836,37
662328da,9003,8.5836,37
204cdd26,18688,8.5836,37
4ad05c98,13415,8.5836,37
5913b170,7042,8.5808,37
26092770,10989,8.5836,37
606a6b7a,8278,8.5781,37
d10e5a1,16118,8.5836,37
2816df73,19099,8.5836,37
6c4a6330,14699,8.5836,37
317fb6e,14919,8.5808,37
309571cd,15821,8.5836,37
2e66cdeb,13082,8.5808,37
110a68f4,15447,8.5781,37
2d7a3d30,15113,8.5836,37
367a3a4b,20657,8.5836,37
72f8d47e,20490,8.5836,37
4fe1221e,9161,8.5836,37
2eeba0fa,17896,8.5836,37
6c64301b,16504,8.5836,37
100b131a,18945,8.5836,37
7744cb32,12229,8.5836,61
45b5950,22481,8.5836,88
49f24528,9372,8.5808,37
1a90ccf,15644,8.5836,37
50e54a93,17651,8.5836,37
e2a0806,17838,8.5836,37
55aad7ee,7212,8.5836,37
1c2c66e0,20675,8.5836,37
66e70624,20329,8.5836,37
38d358c6,8919,8.5836,37
3bc5ed95,9518,8.5836,37
31f0c6da,16682,8.5808,37
1a296ffd,6681,8.5836,37
389e1116,7005,8.5808,37
2c23ead5,16105,8.5836,37
64712af5,19366,8.5808,37
3576e701,19512,8.5836,37
7d284618,11149,8.5836,37
4eee6e2a,7467,8.5836,37
23a5c380,16623,8.5836,37
21e9661a,7508,8.5836,37
1e4efcb9,8853,8.5836,37
23ec4e64,10935,8.5808,37
2e58205a,10699,8.5808,37
44eb5a3d,11721,8.5836,37
2da9dd2d,19414,8.5808,37
6cf72992,19943,8.5836,37
3c29ea6,11651,8.5836,37
115a6c4,8689,8.5781,37
1d660651,13647,8.5836,37
759bda05,19552,8.5836,37
7e45f065,19050,8.5836,37
2babfd86,16387,8.5863,37
3c0b61fb,12894,8.5863,37
1172aca5,10607,8.5863,37
40e5a036,17326,8.5863,37
34d63261,9561,8.5863,37
533599b9,18359,8.5863,37
572600fe,18920,8.5863,37
3a2ffe3c,11091,8.5836,37
3f6f9622,19385,8.5863,37
40682827,20512,8.5836,37
55733d49,17552,8.5863,37
272ef124,7453,8.5863,37
623535e3,18777,8.5863,37
21287101,14940,8.5863,37
20004c13,11949,8.5863,37
70f73ee6,10541,8.5863,37
3b268736,7991,8.5863,37
59e4592a,8946,8.5863,37
7ba6e6d1,7601,8.5863,37
326fe74d,11633,8.5863,37
3d7fd901,19585,8.5863,37
4629ea8d,18972,8.5863,37
af50cf7,13832,8.5836,37
476dc76b,6310,8.5863,1
499a956,20090,8.5863,86
2fdd6124,8115,8.5863,37
5bdc5b28,12682,8.5863,61
6a2bd2b,19639,8.5863,37
4fb867b0,10170,8.5836,37
2884b38b,13988,8.5863,37
6c1433fe,9483,8.5863,37
7fcc80b2,6775,8.5863,37
73c5ed1c,16318,8.5863,37
7e500004,18414,8.5863,37
339647f3,9030,8.5863,37
28449823,20658,8.5863,37
74353d3a,9228,8.5836,37
a9b5398,6940,8.5808,37
bb324e7,9912,8.5863,37
73a3032,11114,8.5863,37
5abb1102,18881,8.5836,37
3d0399c0,12522,8.5863,61
a6c9e5e,18611,8.5836,37
18ea17e8,14538,8.5863,37
4e070f67,20634,8.5808,37
4c3634a4,15170,8.5863,37
22c6cd12,7315,8.5863,37
6adbcbf5,18504,8.5808,37
1cd18dfe,11361,8.5836,37
61bf09d4,8114,8.5836,37
7505e6ac,9653,8.5863,37
41351f9a,7921,8.5863,37
582486d6,14894,8.5836,37
511bd43f,9164,8.5863,37
48f39661,16301,8.5836,37
12193955,8899,8.5863,37
7b393d43,15570,8.5836,37
748cb437,7424,8.5836,37
20987459,10317,8.5863,37
7b90228e,13212,8.5836,37
4971db9a,9521,8.5863,37
58cdf38f,9217,8.5863,37
3b946e73,16814,8.5863,76
41eaafdd,15609,8.5863,37
6800171,19208,8.5808,37
3166cba5,10584,8.5836,37
2999dc0c,17717,8.5863,37
3d190aa5,10139,8.5863,37
3b140ffe,13215,8.5863,37
47b227e3,14813,8.5808,37
3c28c0da,18991,8.5863,37
5bb612ef,10646,8.5863,37
1ce32797,9415,8.5863,37
2e0f771e,7652,8.5836,37
357ff6de,13044,8.5863,37
4fabdebb,9283,8.5836,37
24619ccb,6815,8.5863,37
12c184b8,10070,8.5808,56
7103b8de,8690,8.5863,37
38c749b6,14414,8.5863,37
3b807926,6420,8.5863,37
2acf26eb,10503,8.5863,37
2e060bd,7176,8.5863,37
6e49fd77,19974,8.5836,37
5638e0d1,18149,8.5863,37
5937c83,8308,8.5836,37
4f70104,12096,8.5863,61
25f4e6a8,16196,8.5808,37
34dba4af,11660,8.5863,37
548ccd4c,8234,8.5863,37
2ab2a1d3,18069,8.5836,37
63c3a5c6,15841,8.5863,37
16f16aa0,18451,8.5836,37
14320f70,14129,8.5863,37
7da52f85,15939,8.5863,37
4226a5db,18138,8.5836,37
5f1f6355,10958,8.5863,37
5bd2be49,13732,8.5863,37
f5f6bb1,15524,8.5863,37
78201ffc,10013,8.5863,37
5c01de66,15878,8.5863,37
12ef0359,19157,8.5863,37
6619f056,16043,8.5836,37
1ebedc96,15174,8.5863,37
4c1ec3c9,10424,8.5863,37
2601f4d8,15942,8.5863,37
f333b0e,14455,8.5863,37
5d3b9ba0,8051,8.5863,37
7bb14316,27526,8.5863,117
743503eb,19356,8.5863,37
6248bd28,10071,8.5836,56
d46ccef,6680,8.5836,37
c21a07c,18692,8.5863,37
5057d048,19324,8.5863,37
77d18697,8767,8.5863,37
4c4b1d36,10751,8.5808,37
67af3d86,9520,8.5836,37
4d686683,8023,8.5863,37
23533af6,18546,8.5836,37
584de535,15266,8.5836,37
42a9dad5,15728,8.5863,37
7897ccfc,16185,8.5836,37
4f44ea96,19560,8.5836,37
5c21cc10,11763,8.5863,37
50d2ca33,7551,8.5863,37
16e40cf9,11807,8.5863,37
5afdf8f7,15270,8.5863,37
7e1c44e9,8810,8.5781,37
2c0f5676,19848,8.5863,37
6aca9296,9374,8.5863,37
5c7fc8f2,20797,8.5863,37
4058e498,11425,8.5863,37
1632a603,20670,8.5808,37
28d2d871,11217,8.589,37
ac8adc1,20544,8.589,37
db3e424,8220,8.5863,37
e32492f,8484,8.589,37
301d09c8,15251,8.5863,37
7f740caf,18505,8.5836,37
6df445a1,13468,8.5863,37
71131201,7764,8.589,37
5a5cb413,7228,8.589,37
299806a2,18453,8.589,37
76d6764a,9175,8.5863,37
3940fc7c,7927,8.589,37
502a724f,13360,8.589,37
687b5227,8390,8.589,37
39eec3fe,17384,8.5836,37
7ccf86af,20461,8.5863,37
42d23656,13402,8.589,37
41699c49,18308,8.589,37
ed746a9,11281,8.589,37
e2d5322,10446,8.589,37
5177ffe3,15490,8.589,37
5d1ea437,18564,8.589,37
5018e009,19731,8.589,37
64ce06ad,14018,8.589,37
9efd55,15669,8.589,37
2889ce6d,10050,8.589,37
3f066bdd,8024,8.589,37
2be9f9fe,7420,8.5808,37
5ceadd83,17845,8.589,37
3af68ad5,13566,8.589,37
2f40bf77,20766,8.589,37
36a246d5,6977,8.5863,37
52e07ff6,12980,8.5863,37
4941eff6,10658,8.589,37
58eca6ec,11722,8.589,37
48b68023,13084,8.5863,37
56423f06,27135,8.589,113
72725ff5,11032,8.589,37
af61bbf,13854,8.589,37
23bc8182,6309,8.5863,1
1eda88df,27112,8.5863,113
59a73e0d,12867,8.589,37
39ca5f3b,11010,8.589,37
7e3d7911,14089,8.589,37
346b9a79,10870,8.5836,37
54dc8daf,6147,8.589,1
3f843388,12852,8.589,37
2ae43098,13229,8.5863,66
552f7abf,13770,8.589,37
42b4cfef,10532,8.589,37
72b583e3,18854,8.589,37
6cb3f64e,9926,8.589,37
67587bb0,14465,8.589,37
3770b03,27168,8.589,114
5d832a15,18321,8.589,37
2ef1b66d,13739,8.589,37
ad0ddf8,11891,8.5863,37
31c4e0b2,18941,8.5863,37
75d3b71d,14852,8.589,37
56b23514,14486,8.589,37
5a010d27,11022,8.589,37
4cd6b7a5,17419,8.589,37
24d58a7d,16064,8.5808,37
63880166,10456,8.589,37
4ec52351,19946,8.589,37
31b25005,11640,8.5863,37
4820a209,9869,8.589,37
7d1a9695,27333,8.589,37
402e5f12,9506,8.5863,37
638ee540,13604,8.5863,37
401fa34c,15636,8.589,37
de261ac,17451,8.589,37
3f0679cd,15822,8.589,37
2bb63f88,15668,8.5863,37
168efc71,10048,8.589,37
87f100d,27476,8.589,37
4bbc8de,13491,8.5863,37
389e3b91,18557,8.589,37
1e6bfdbe,7367,8.5863,37
7f67f776,10297,8.589,37
f686fef,12178,8.5863,61
554fabe4,7952,8.589,37
14083afe,10846,8.5808,37
5414a34e,11620,8.589,37
184fb934,22487,8.589,88
30f73152,11323,8.589,37
657d2278,27009,8.589,37
1402f34a,5989,8.589,1
71616ee7,11008,8.589,37
7895ac38,19817,8.589,37
74772fb0,7677,8.5808,37
77ec0ad7,7888,8.5863,37
d00549b,20277,8.5863,37
5821cd6f,19051,8.589,37
15667374,14213,8.589,37
24b69bd,7177,8.589,37
de041e3,18624,8.589,37
5b7cbf85,10674,8.589,37
7d278a4d,17652,8.589,37
247802d5,8763,8.589,37
2b98b0e0,9922,8.589,37
7e24543b,12468,8.589,61
2a9a0069,10649,8.589,37
1526a281,9375,8.5863,37
5412378a,7678,8.589,37
3098f977,13471,8.589,37
5e694034,14347,8.589,37
7893e17f,8466,8.589,37
7e7bd3d2,16751,8.589,37
3b1015f0,17530,8.589,37
4c3410a4,20796,8.589,37
584881f6,14394,8.589,37
780d3c6e,9134,8.589,37
4137a8c3,17724,8.589,37
4389190a,11074,8.589,37
2f5490ef,8569,8.589,37
56da56f5,13073,8.5863,37
338fe3c2,17818,8.589,37
22705791,7201,8.5863,37
226265bc,8681,8.589,37
6e3f03c1,11831,8.5863,37
4ed30d48,11679,8.589,37
35ced9a5,17773,8.589,37
7c1ebe4,18065,8.5863,37
4577c4b,15870,8.589,37
4b00525,11282,8.5863,37
12873f79,8892,8.5863,37
4468d92c,8371,8.589,37
7a833f5,12717,8.5863,61
3358708,14507,8.589,37
28e20ce0,19885,8.5863,37
2ac10169,12837,8.589,37
6cb0a85f,27336,8.589,37
43126f06,7069,8.589,37
7b2ffe88,13207,8.589,37
59c772cd,7602,8.5808,37
643cdc8d,13198,8.5918,37
30dcdbfa,6645,8.5918,37
60e6f8b8,16649,8.5918,37
533e0594,8189,8.589,37
64398192,27069,8.5918,113
40dc716,13665,8.5918,37
60ad6c2,10444,8.5918,37
505fcef2,9370,8.5918,37
7abcf79,7316,8.589,37
2fb6eb0f,27449,8.5863,37
7fda94fd,14576,8.5918,37
51dcfdaa,14739,8.5918,37
85530ef,6828,8.589,37
10235c79,9309,8.5918,37
3b755ffc,14547,8.5918,37
d72c495,16295,8.5918,37
2c815f9c,18625,8.5918,37
264b0ee1,14700,8.5918,37
37503f6b,10608,8.589,37
183b2518,10851,8.5918,37
2c9d1378,11976,8.589,37
ac6d4c8,11753,8.5918,37
2430d94f,16824,8.5918,76
7484ef77,27113,8.5918,113
42192deb,13740,8.5918,37
6dbf003,16626,8.5918,37
3a871484,12711,8.5918,61
692babf4,12540,8.5918,61
2d958e4,19616,8.5918,37
62d6b54f,8481,8.5918,37
6e77d412,11511,8.589,37
3bd40afe,8625,8.5918,37
39751a34,13045,8.5918,37
db572e5,9927,8.5918,37
486a7089,16327,8.5918,37
5a1ec2d1,20694,8.5918,37
4106a096,9144,8.589,37
50b3b638,10786,8.5918,37
189216ae,10785,8.589,37
7637c491,14502,8.5918,37
7a64ad2a,19012,8.5918,37
5a1398cc,8884,8.5918,37
2e659108,15188,8.589,37
23022b12,13904,8.5918,37
63aaf08a,19725,8.5918,84
2bf1a322,8724,8.5918,37
6d628b68,18697,8.5918,37
6f0dba1d,14483,8.589,37
5b1729d6,20802,8.5918,37
7d596925,16869,8.589,76
419942d,6911,8.5918,37
6461be1,8312,8.5918,37
647dcb66,10068,8.5918,56
52db868d,20091,8.589,86
1aabc807,16358,8.5918,37
26a889ad,18364,8.5918,79
28c98c1b,6477,8.5918,37
6ce682f5,14357,8.589,37
4ab09971,17694,8.5918,37
7963134e,8988,8.5918,37
62e1d798,11025,8.5918,37
66df88,11453,8.5918,37
7534a679,7768,8.5918,37
3c82e591,18622,8.5918,37
50b3b88e,15279,8.5918,37
661fa78f,18064,8.5918,37
5b9ffcfd,16124,8.5918,37
709a3472,15158,8.589,37
3da09527,15652,8.5918,37
26987ec3,15252,8.589,37
24406f9,12617,8.589,61
235c9b67,15959,8.5918,37
1aec3b86,7604,8.5918,37
7fe7207e,19656,8.5836,82
5db682b5,16402,8.5918,37
1af6bdc7,7872,8.5918,37
613d8514,11479,8.589,37
4ed520e1,15273,8.5863,37
6162b479,8537,8.5918,37
36d3b333,12626,8.5918,61
51e64f20,15491,8.5918,37
25d3e819,10338,8.5918,37
1d52ed7f,14152,8.589,37
36b38fcd,3653,8.5918,29
55cf4974,10295,8.5918,37
6fe6f0f4,14963,8.5918,37
6555c162,10727,8.5918,37
4fb2e7e2,14546,8.5918,37
60198389,19258,8.5918,37
38a0be2e,20663,8.589,37
73352689,7486,8.5918,37
2b6052fa,19893,8.589,37
3a2516cd,20848,8.5918,88
60fe6e6e,15590,8.589,37
49a01709,10066,8.5918,56
26ca0c0,20572,8.5918,37
106d5d3e,16299,8.5918,37
373cc43,12119,8.5863,61
4aa29b7b,20018,8.589,86
2d2f584f,9566,8.589,37
57d16479,9695,8.5918,37
4addbb14,12713,8.5918,61
14fa9877,20538,8.5918,37
79f13bf7,9353,8.5918,37
3254e14d,18509,8.5918,37
43c04787,9027,8.5918,37
1f6e112a,6550,8.5918,37
4790a8c3,6019,8.589,35
384c0cc8,7410,8.5918,37
78351296,19790,8.5918,37
39889e68,10620,8.5918,37
56003f32,20407,8.5918,37
e725376,9345,8.589,37
2305effa,11743,8.589,37
74abad07,14701,8.5918,37
68deb907,16179,8.5918,37
2c950aa1,18153,8.5918,37
9090868,13268,8.5918,37
c9830b2,9871,8.5918,37
14828ecf,9920,8.5918,37
10464efc,11512,8.5918,37
6b431591,11433,8.5918,37
6bb70ac0,17884,8.5918,37
49a488e4,19789,8.589,37
23919c6a,8533,8.5918,37
508dfa14,7721,8.5918,37
73688a28,17976,8.5945,37
416cf384,20462,8.5945,37
7e0eece7,19975,8.5945,37
514718a,11942,8.5918,37
61c6b7bc,7765,8.5918,37
479098d3,16081,8.5945,37
4e703d12,19342,8.5945,37
684e8d77,9147,8.5945,37
3c61bc95,6004,8.5945,35
7f74fdca,9486,8.589,37
3023d79b,11218,8.5945,37
6de1cd08,18419,8.5945,37
2c9ac1dd,19143,8.5945,37
3e69fcb3,20267,8.5945,37
1dae45cf,9025,8.5945,37
456c711d,8281,8.5945,37
6bdde924,17617,8.5945,37
113359ab,7335,8.5945,37
7edce67f,14510,8.5945,37
581e9420,7605,8.5945,37
66b1dc56,13945,8.5945,37
5c0ec2ce,11130,8.5945,37
49badb29,19110,8.5945,37
577b26e5,15861,8.5945,37
4e0ddd6b,27406,8.5945,37
621eef1e,27437,8.5945,37
48ac4921,11150,8.5918,37
466e12df,9915,8.5945,37
73db1c38,27530,8.5945,117
5994b623,27538,8.5945,117
6609a574,13403,8.5945,37
7c104a54,8564,8.5945,37
6f5abf24,18689,8.5945,37
4a18dcaa,19001,8.5945,37
5d0a9ba,19886,8.5945,37
6189330d,20420,8.5945,37
3324ca23,9073,8.5945,37
1dd0a4b1,16853,8.5945,76
27498bb0,16007,8.5863,37
2b38ee7f,9870,8.5836,37
381a14e,20373,8.5945,37
3ec518aa,7662,8.5945,37
70936475,14398,8.5918,37
17f8c9f8,11611,8.5945,37
72cd526,10682,8.5918,37
1c34370e,11491,8.589,37
12317e17,10264,8.5945,37
5e170cc,16817,8.5945,76
6ae02582,15172,8.5945,37
1bb4467,17839,8.5945,37
3c0a8f19,12866,8.5945,37
25528f49,13222,8.5918,37
4e756254,8727,8.5945,37
15368f81,14476,8.5945,37
7d2ca879,7511,8.5945,37
4c355852,11273,8.5945,37
29b7e442,15505,8.5945,37
8dc2c72,13722,8.5945,37
102b2270,11343,8.5945,37
76ba0fef,15938,8.5945,37
20c842a7,12613,8.5945,61
60b9708e,8139,8.5945,37
9ef7f57,8870,8.5945,37
401ef4b8,12519,8.5945,61
4cf3a87c,14588,8.5945,37
26e8309a,7408,8.5945,37
66fd4e23,18471,8.5945,37
4d6b7f72,11729,8.5945,37
3f8cb44f,5786,8.5945,1
8803c32,11142,8.5945,37
480f757,8920,8.5945,37
2b88b02d,18150,8.5945,37
1286885a,11203,8.5945,37
48f27889,15196,8.589,37
411aac09,11751,8.5945,37
4223d132,16637,8.5945,37
64414574,13943,8.5918,37
2bc2d64d,9688,8.5863,37
77343846,12159,8.5945,61
19b0b931,11621,8.5945,37
44bb0b35,18100,8.5945,37
1e4b438f,12908,8.5945,37
79f6cd51,15041,8.5918,37
2fd63c21,18886,8.5945,37
528a1965,14569,8.5945,37
170dd02c,16544,8.5945,37
71bc5371,18579,8.5945,37
33b361db,10143,8.5863,37
2fcd363b,9227,8.5945,37
609eead6,17913,8.5945,37
7eb7f5d0,20594,8.5918,37
72082f76,11475,8.5945,37
10186675,13208,8.5945,37
7c7e6fa,20068,8.5945,86
469f9aa7,12677,8.5945,61
212751cf,8663,8.5945,37
36194b50,15677,8.5945,37
6361c517,13767,8.5945,37
70f1dde,6045,8.5918,35
5477f884,18201,8.5945,37
6c3f34c6,22503,8.5945,88
c96f831,14079,8.5945,37
564fc144,16189,8.5945,37
29d1d7be,7435,8.5945,37
4289a9d8,14579,8.5945,37
57053c4b,13651,8.5918,37
7fe8920e,11677,8.5945,37
58a3c66a,18352,8.589,37
576b73cf,18250,8.5945,37
29f2ea0d,20330,8.5945,37
123165df,9668,8.5945,37
54676165,8958,8.5945,37
581e852d,10064,8.5918,56
6682aea1,17993,8.5945,37
7f042033,13730,8.589,37
10871aff,18662,8.589,37
3c1cc22f,8084,8.589,37
4f9884ab,20416,8.5945,37
114320d3,27470,8.5945,37
1674c940,15617,8.5945,37
393b90e6,8665,8.5918,37
636c2054,18418,8.5918,37
16522888,15727,8.5918,37
68da4d4e,8648,8.5945,37
6097bd3e,13199,8.5945,37
5cead6a,7170,8.5918,37
7a25307,9601,8.5945,37
600bfa46,6589,8.5945,37
105ebed0,14910,8.5945,37
5f1edb7,7881,8.5945,37
7e56ef47,16854,8.5945,76
4130e301,14855,8.5945,37
8449a91,19586,8.5945,37
247d7dc9,16319,8.5918,37
2eeba0a4,20737,8.5918,37
678e4ee9,8630,8.5918,37
216091f2,20011,8.5945,86
6ebc3322,8011,8.5945,37
1da150d1,17676,8.5945,37
8cdbc8a,9565,8.5945,37
22ad50c1,19004,8.5945,37
220e9483,18781,8.5945,37
351dbb9d,9847,8.5945,37
50517858,9163,8.5863,37
47dabd61,10876,8.5945,37
f39c603,15509,8.5918,37
5720452a,16401,8.589,37
c68642e,9718,8.5945,37
1ecbf177,12826,8.5945,37
5f832573,13119,8.5945,37
adf32bc,10969,8.5945,37
45596edd,13663,8.5945,37
4587f48,13513,8.5973,37
42b67a0d,6668,8.5973,37
310ffa35,20384,8.5945,37
3f2e554f,8193,8.5945,37
78cbcfdd,20593,8.5973,37
9dcb4db,20684,8.5973,37
474c3987,15871,8.5973,37
2c160ba6,18151,8.5973,37
3e6223b2,12512,8.5973,61
40801893,9667,8.5945,37
66268105,19147,8.5973,37
40452035,15487,8.5973,37
5c9248a0,11387,8.5973,37
1556860a,7870,8.5973,37
4eea130f,19194,8.589,37
411b5734,9923,8.5973,37
2747d66f,14220,8.5945,37
695e5d6f,27441,8.5945,37
4159f0ea,14337,8.5945,37
5f35e1a5,9910,8.5973,37
4658b082,12676,8.5973,61
5d763803,9581,8.5973,53
5832bd01,9393,8.5973,51
53264de7,27442,8.5945,37
23eea6ef,13062,8.5973,37
6e74fc29,17653,8.5945,37
2031deb0,11636,8.5918,37
4c6b4c95,10591,8.5973,37
2dc3698a,8550,8.5973,37
7b4c6b03,8872,8.5945,37
5526fe84,18132,8.5973,37
43bf0f51,18930,8.5973,37
6c1d6fb3,19500,8.5945,37
7506b195,18645,8.5945,37
650f34e0,13074,8.5945,37
6d0ad845,11225,8.5973,37
f3ad9be,27070,8.5973,113
34448a8f,8950,8.5973,37
748e1f8b,6421,8.5973,37
4f7d29af,20274,8.5973,37
16d3fed7,6949,8.5973,37
6d31e70,18664,8.5973,37
2a52b66,9884,8.5973,37
24334acc,9133,8.5973,37
33218686,11764,8.5973,37
18f4759f,8156,8.5973,37
26af2967,20310,8.5945,37
720aa98c,18238,8.5973,37
4da004fd,12857,8.5945,37
76c3c85b,20689,8.5973,37
29f823f5,20013,8.5945,86
e99a98f,19107,8.5973,37
43d3c34d,12600,8.5973,61
2bba4a7c,9719,8.5973,37
43b52375,11607,8.5973,37
a33f5d,10388,8.5945,37
5d375daf,8626,8.5973,37
4ee324a5,9691,8.5973,37
57a3b3f3,16080,8.5945,37
64fc10a1,6446,8.5945,37
309e568d,8282,8.5918,37
2c8b34ac,11172,8.5945,37
7b9aeb94,9921,8.5973,37
65f8529,8683,8.5973,37
2fab0276,19210,8.5973,37
2996f795,20794,8.5973,37
2a35183d,11056,8.5973,37
7c16e34f,9882,8.5973,37
284b0c95,20385,8.5945,37
51bcf618,8682,8.5973,37
5247a278,20331,8.5973,37
5031bcfd,15008,8.5973,37
1b76212f,18338,8.589,37
67c14f6,17695,8.5973,37
412821f,14092,8.5973,37
59190034,15882,8.5973,37
73cc3d61,15626,8.5973,37
5588f841,16320,8.5973,37
1ca850fa,16752,8.5945,37
54132aa2,7948,8.5973,37
4956295a,20466,8.5973,37
46263274,17865,8.5973,37
54fe8001,13492,8.5945,37
45a16639,13873,8.5973,37
6b7253aa,20758,8.5973,37
82a1215,8666,8.5973,37
5f364d82,16984,8.5945,76
498a7a61,6847,8.5945,37
77fb2832,8632,8.5973,37
1acc3112,14074,8.5973,37
2c09b490,9136,8.589,37
48b17d48,8237,8.5973,37
52f25f4d,15722,8.5973,37
7c665799,20125,8.5973,86
38ee0d96,9176,8.5945,37
662802ad,9615,8.5973,37
7d9bda6,12469,8.5973,61
4441cb28,19223,8.5945,37
489fcda,9365,8.5945,37
630925,8565,8.5973,37
4a318a8a,11598,8.5973,37
195d03a,18942,8.5973,37
5f0a681c,19572,8.5973,37
26e54684,10849,8.5973,37
3e57495c,18887,8.5973,37
7874e1c6,13755,8.5945,37
57cfeaf2,16722,8.5973,37
5b1257e9,13771,8.5918,37
5f0be87e,6848,8.5973,37
18cea6bf,7229,8.5973,37
2e4888,12562,8.5973,61
289eaa05,11129,8.589,37
61fa1de0,11014,8.5973,37
61b251b9,11795,8.5973,37
13aa2f0f,9969,8.5973,37
4eb971fd,8873,8.5973,37
7f9d70d7,15595,8.5973,37
cd1d904,18342,8.5973,37
4ec15dc6,7024,8.5973,37
4b72eb7a,18071,8.5973,37
3538e6eb,11204,8.5945,37
5ffd310b,18357,8.5945,37
5d66ca09,19752,8.5973,37
1d3b63fc,12732,8.5973,61
198d830e,19580,8.5973,37
4578827e,27541,8.5973,117
733b96b3,15271,8.5973,37
18662c5f,19609,8.5945,37
6d0649ae,20399,8.5973,37
6cec4d02,12637,8.5973,61
40a7bf4a,8891,8.5973,37
43cdc022,9638,8.5973,37
6ae008d0,9344,8.5973,37
3574671b,16857,8.5945,76
3bfeb8ea,15783,8.5973,37
1e00ceb4,11769,8.5973,37
169fa367,20299,8.5945,37
7cd39fec,7603,8.5945,37
6a0963d2,18415,8.5973,37
24feaf91,14081,8.5973,37
79bf1ce5,6395,8.6,37
4f11b4f2,8178,8.6,37
2fdd6e03,12627,8.6,61
e6b9fd9,7325,8.5973,37
5f383ba2,20093,8.6,86
1d4cb293,7689,8.6,37
59a56a4f,8894,8.6,37
3e7d063,7322,8.6,37
15b0ae34,7162,8.6,37
b62a3f5,15778,8.6,37
390c6a6b,14477,8.6,37
15996c10,10713,8.6,37
6d399c1a,11529,8.6,37
1fbc74e0,20498,8.6,37
1df01e9,11348,8.5945,37
5ff8142e,9872,8.6,37
7e809a87,15729,8.6,37
267fac3,18547,8.6,37
7b4e732f,9178,8.6,37
50cb2d0,17476,8.5973,37
440b000f,11860,8.6,37
6408410c,19985,8.6,37
1e26bba8,7330,8.5973,37
232aeb4d,12618,8.6,61
30f709a,19367,8.6,37
2bf5230c,6873,8.6,37
dd3175f,16991,8.6,76
260306b6,15770,8.6,37
22f4e1d1,13444,8.6,37
5287e1b8,13184,8.6,37
506845a7,12619,8.5973,61
b267eb,17630,8.6,37
7b9c41b8,27378,8.6,37
167bf552,15136,8.5973,37
42cdf47,9696,8.5973,37
67938ac1,12251,8.6,61
3fafbc26,18300,8.6,37
1dcf7836,14574,8.6,37
7e1b960a,14153,8.6,37
37832dfe,8311,8.6,37
624fefa9,10051,8.6,37
7a892e9f,17932,8.6,37
167e75b0,9669,8.6,37
55b71aae,8671,8.6,37
c802f46,16546,8.6,37
22420ff5,13063,8.6,37
4f4d1379,7451,8.6,37
2b9a2654,8797,8.6,37
26edd67e,11581,8.5945,37
146248f1,8795,8.6,37
331357df,7995,8.6,37
49c17f6f,17486,8.6,37
1d70e0f,13469,8.6,37
2790fa07,7230,8.6,37
774eb04,13422,8.6,37
2399b486,15200,8.5973,37
2e70f99a,27086,8.6,113
6d498cdf,19106,8.5973,37
55979ffc,7866,8.6,37
59dc2d82,11298,8.6,37
6c08c13c,11297,8.6,37
55161dc4,17516,8.6,37
751ae0a9,8955,8.6,37
5c0f6bb9,6480,8.6,37
76244025,20530,8.6,37
13b98b18,22482,8.6,88
24b9a226,14967,8.6,37
31843e6e,11226,8.6,37
16f1c944,3630,8.6,29
89e7cc9,6910,8.6,37
1dbe24d4,11141,8.6,37
dd90e43,18784,8.6,37
15fa4d55,14339,8.6,37
50c32b8c,14589,8.5973,37
530ac703,20275,8.6,37
3ffed132,12678,8.6,61
7a106b98,8773,8.6,37
3d47116a,13908,8.5973,37
3870eb1e,17881,8.6,37
71ceca63,11110,8.6,37
87b2369,12614,8.5918,61
d32bf4d,11681,8.6,37
32258dee,16120,8.5973,37
35bfc41b,10107,8.6,37
648ec9ae,16392,8.5945,37
7cdedaa5,9883,8.6,37
628a722d,18846,8.6,37
29deed7b,19583,8.5973,37
3b0f9257,9885,8.6,37
310e6c61,27111,8.6,113
a46b77,13906,8.6,37
5ecffb2d,15197,8.6,37
5b3a4dae,20446,8.5973,37
78666a6d,10281,8.6,37
5951f0df,18961,8.6,37
6acbcd73,17417,8.5973,37
6529e6e3,11635,8.5945,37
6315aab9,15232,8.6,37
28eb81b4,7517,8.6,37
7e6a5b7e,16210,8.6,37
308b427,20780,8.6,37
9d3eea,10693,8.5973,37
4afea195,20400,8.6,37
4f08a11,10339,8.6,37
70624d1a,7953,8.6,37
5cff59c3,13389,8.6,37
63b2a9c0,27471,8.6,37
29515614,15240,8.5973,37
25340b0a,10993,8.6,37
1fa8c50,19108,8.6,37
5d0b87f6,16288,8.6,37
276dfced,11913,8.6,37
51e7bd69,13079,8.5973,37
223bb7cf,17650,8.5973,37
777627d4,19256,8.6,37
3f342743,18454,8.6,37
33f9b33d,10938,8.6,37
53d4d939,15880,8.6,37
2cae8943,11960,8.6,37
6aa04385,9843,8.6,37
74307fad,15739,8.6,37
6ec89804,10227,8.6,37
1586d03,18017,8.5973,37
500eefc4,27022,8.6027,37
7b4aad25,10878,8.6027,37
3b7ebf7a,9400,8.6,37
59e408fa,11275,8.6,37
3130c428,19618,8.6027,37
468a08b4,12310,8.6027,61
4f85513,14119,8.5973,37
7da23eae,11478,8.6027,37
4a84a4b6,14449,8.6,37
5cddcafa,14120,8.6,37
1acb4cbf,7831,8.6027,37
137220a9,9258,8.6027,37
2297f616,11274,8.6,37
7cdba4bd,15721,8.6027,37
76f04606,19933,8.6027,37
193eed7a,15222,8.6,37
2b866ebd,13483,8.6027,37
1f5cdacb,14045,8.5945,37
7167b167,20687,8.6027,37
690cca70,11212,8.6,37
2490f82e,11248,8.6,37
38b170b7,7490,8.6027,37
5628787e,17696,8.6,37
7411124f,11724,8.6027,37
409f0d72,10445,8.6027,37
3eec6ba6,7198,8.5945,37
7bc109f7,17679,8.6027,37
29d78219,8556,8.6027,37
1a507b5c,14692,8.6027,37
662f8133,19573,8.6027,37
1552b2b0,6684,8.6027,37
2d49,16073,8.6,37
19933c8e,11890,8.6027,37
37ce3007,18929,8.6027,37
1f7ce268,16123,8.6027,37
3af0096,14570,8.6027,37
368f561,14580,8.6027,37
203fa20,10437,8.6027,37
2f4c1a2,15603,8.6027,37
2be63aa,19148,8.6027,37
7924cada,18473,8.6027,37
3da3eb62,15245,8.6027,37
4ed99f47,7734,8.6027,37
206cd40c,11634,8.6027,37
4b1e872,11537,8.6027,37
5b1c9024,15033,8.6027,37
794698de,7255,8.6027,37
26fefdf,8782,8.6027,37
3f4cff4e,18565,8.6027,37
34b572ad,11143,8.6027,37
b9759af,9580,8.6027,53
3be2163e,15239,8.6,37
46daa06b,13213,8.6027,37
485e621a,20635,8.6,37
1e349171,12672,8.6,61
18ba800,18533,8.6027,37
30e0c3bf,19815,8.6027,37
23aaf430,7553,8.6027,37
19af562d,8028,8.6027,37
45b826b0,20664,8.6,37
73f3e883,15672,8.6027,37
a9abeeb,11187,8.6027,37
78c89b9,18136,8.6027,37
6471b95b,8933,8.6027,37
60789ec3,18596,8.6027,37
ca3c5bf,11435,8.6,37
6f8154d3,6950,8.6,37
b684ad,7943,8.6027,37
6d38319,11033,8.6027,37
22799b86,14921,8.6027,37
30653c4b,19221,8.6,37
5527d158,11432,8.6027,37
4ff65bae,11791,8.6027,37
4f8e6bb7,20554,8.6027,37
213d5c7d,11000,8.6,58
69158b3e,8499,8.6,37
38a3bb75,20447,8.6,37
1a46a44a,19029,8.6,37
53650028,17644,8.5973,37
2eb30ac1,18050,8.6027,37
65a675de,17861,8.6027,37
19b912d8,16070,8.6,37
40fb120c,18558,8.6027,37
3be43e7b,18420,8.6027,37
d37dec4,15514,8.6027,37
5b695239,11214,8.6,37
439a402a,9366,8.6027,37
5997a9c4,7513,8.6027,37
6ae58dcc,6489,8.6027,37
7b0ce233,13765,8.6027,37
4fb43a74,7027,8.6027,37
6a866668,8513,8.6027,48
e3b3b75,11932,8.6027,37
48f65c93,20555,8.6027,37
54f732c4,13488,8.6027,37
d1bab14,10368,8.6027,37
5a2cd951,14740,8.6,37
20c41443,17968,8.6027,37
3379f851,7445,8.6027,37
4d48638d,20649,8.6027,37
1ddb323b,6936,8.6027,37
21e7f8ff,12507,8.6027,61
2f3db345,10898,8.6027,37
607908c2,19041,8.6027,37
6bb31673,18423,8.5973,37
46ab3803,11967,8.6027,37
58151029,6005,8.6027,35
1a7037f5,19144,8.6027,37
6903ba46,13525,8.6,37
7677fc45,15879,8.6027,37
6933efa,12464,8.5973,61
3af2e754,9015,8.5945,37
1dc76e42,9430,8.5973,37
5f1704d5,16557,8.6027,37
69622636,19849,8.6027,37
203e7a8b,20801,8.6027,37
4d8ac50d,11587,8.6027,37
3fc5f498,11656,8.6027,37
19d6285c,10228,8.6027,37
617deec6,27404,8.6027,37
32443a40,6669,8.6027,37
22b569a4,16359,8.6027,37
a892166,15510,8.6,37
48cf52f,8674,8.6055,37
170959c4,13083,8.6,37
1ef8eac8,20151,8.6055,86
5d397a60,10886,8.6027,37
4062882,8701,8.6055,37
3e7fd965,27425,8.6027,37
63e56017,13080,8.6055,37
1589d101,11132,8.6055,37
3a926809,27317,8.6055,37
2ceeef41,10024,8.6055,37
6c9aaf48,12620,8.6055,61
24378f14,18856,8.6055,37
dcc69bb,6043,8.6027,35
56030ba4,10218,8.6055,37
6fda1ec3,12459,8.6055,61
778d6303,7213,8.6055,37
19e24df8,18328,8.6055,37
57723b4b,10899,8.6055,37
68610b60,14466,8.6055,37
4875847,11968,8.6055,37
7468f814,27085,8.6027,113
4e08347f,8895,8.6055,37
7feef6ec,13769,8.6055,37
39003239,15979,8.6055,37
59da0472,11029,8.6,37
6a41ef05,18137,8.6055,37
62103d37,9705,8.6055,37
53493c07,20660,8.6055,37
3695d8ac,11535,8.6055,37
550fa2cc,7204,8.6027,37
45f3be21,9999,8.6055,37
5fc01b9c,16321,8.6055,37
4708e870,8959,8.6055,37
37e382ef,12679,8.6027,61
68207374,10425,8.5918,37
686b5d68,16315,8.6055,37
4e287639,15506,8.6055,37
657761e9,10389,8.6055,37
ea705e0,11765,8.6055,37
531b0716,17969,8.6055,37
3c159941,27071,8.6055,113
39c086e,10173,8.6055,37
3101b944,20303,8.6055,37
6fa7fea4,17418,8.6055,37
59197eb5,8522,8.6,49
49563b46,6407,8.6027,37
752170b1,7760,8.6027,37
2523f26f,14590,8.6055,37
375dcca8,11434,8.6055,37
45b878ec,12601,8.6055,61
4fa95d0e,8893,8.6,37
317318b2,16655,8.6027,37
bf93479,20138,8.6055,86
52989122,9311,8.6055,37
575ce752,9692,8.6,37
7ec3d383,10822,8.6027,37
27b9549e,9322,8.6055,37
3cdb7ade,18516,8.6027,37
6627bbbd,16246,8.6055,37
2adcede6,7346,8.6055,39
1a0af998,13758,8.6055,37
7a357e91,8482,8.6027,37
20a2919c,14841,8.6055,37
cdd28d1,18354,8.6027,37
549b01e4,18635,8.6055,37
1ddfe683,27140,8.6055,113
50a18b03,8391,8.6055,37
1daa6eb6,15173,8.6055,37
4c3a5a64,10282,8.6027,37
2e33469e,15248,8.6027,37
721639c8,7908,8.6055,37
3c8736e2,8384,8.6055,37
22f0a26c,12106,8.6055,61
90caa39,9913,8.6027,37
16c3071a,9998,8.6055,37
55d8b473,12712,8.6027,61
50eda80c,14091,8.5973,37
772983bf,10402,8.6027,37
6ae11e70,14539,8.6027,37
795ca197,15936,8.6055,37
69b7e9e3,11730,8.6055,37
54278111,14276,8.6055,37
6f28c451,20493,8.6055,37
7364803a,8284,8.6027,37
254a8744,6818,8.6055,37
d3cdfc7,11933,8.6055,37
4d0db5f5,11926,8.6027,37
642eea49,16243,8.6027,37
331cc3a6,12853,8.6055,37
429d0226,16393,8.6055,37
629fb59d,7639,8.6055,37
71707725,7484,8.6027,37
24248b5e,18703,8.6055,37
e0231ce,8113,8.6055,37
112e4ece,11588,8.6055,37
636bc3d6,10959,8.6055,37
7c780234,14358,8.6055,37
6cc09abb,8030,8.6055,37
1fc37b4b,20661,8.6055,37
540015c8,9522,8.6055,37
4c1ad19d,9377,8.6055,37
6f07678c,27448,8.6055,37
5352b1fa,6414,8.6082,37
574f91f8,13833,8.6082,37
367576f2,17915,8.6082,37
261f3390,14355,8.6082,37
7e72640a,6874,8.6082,37
19ade911,19588,8.6082,37
2a9d574f,20456,8.6055,37
6c06fe87,27139,8.6082,113
476d72ae,14450,8.6082,37
6a02905e,20019,8.6082,86
2ad21c7d,11892,8.6082,37
6ab50147,19368,8.6082,37
274312ef,20374,8.6082,37
2732e836,19153,8.6082,37
5a99d6fe,18018,8.6082,37
65be9079,15189,8.6082,37
8cae7b,14356,8.6082,37
35b0ea36,20553,8.6082,37
6e05bee3,12306,8.6082,61
51ee1da6,8602,8.6082,37
7291d1de,11767,8.6082,37
31a08bc9,15917,8.6082,37
1002b376,10202,8.6082,37
4306547e,14585,8.6082,37
3fe562e1,27330,8.6082,37
aae4817,17776,8.6055,37
f32d337,11531,8.6082,37
7ee6d30b,27056,8.6082,37
6a80445c,7326,8.6055,37
121647eb,7184,8.6082,37
b2495f5,19657,8.6082,82
43126111,16685,8.6082,37
2b586f8b,13768,8.6082,37
20af4294,11919,8.6082,37
b514c14,7202,8.6055,37
24f5ebb6,7702,8.6082,37
743f0cd0,10508,8.6055,37
1c7311eb,15571,8.6082,37
16e03fd8,8408,8.6082,37
1a35e858,16111,8.6082,37
17d3da6e,9230,8.6055,37
1e4d4ebc,10678,8.6055,37
1d7155cf,17866,8.6055,37
145d605c,6685,8.6055,37
a78b746,20502,8.6082,37
3f3ae979,18348,8.6082,37
5c3e8300,16356,8.6082,37
1333dd46,20625,8.6,37
7baa8f78,8796,8.6082,37
3e03a99,27345,8.6082,37
9df44c4,9394,8.6082,51
2bee9f66,6849,8.6082,37
26baaeb0,15233,8.6082,37
9c42450,8202,8.6082,37
bf2e303,15769,8.6082,37
54b858b4,18349,8.6082,37
2704b3bd,17346,8.6082,37
66a721bc,10526,8.6082,37
fcaf5a9,10823,8.6082,37
13bce5a8,16329,8.6082,37
7ccb0df,14752,8.6,37
5ff36a32,7317,8.6082,37
2b1655c1,16096,8.6082,37
156b79da,18931,8.6055,37
774369e0,8936,8.6082,37
33252fc0,14354,8.6082,37
2a04cc38,8167,8.6082,37
646fd50b,19036,8.6082,37
88fbc0f,7935,8.6082,37
12ced9f1,11548,8.6082,37
1e27a29c,14577,8.6082,37
4faebde,7134,8.6055,38
3f781f8f,28535,8.6082,117
7160408a,14163,8.6055,37
15850e06,11962,8.6055,37
36957d68,7936,8.6082,37
5621dd6a,20503,8.6082,37
65e2c47f,15872,8.6082,37
1675ac59,10072,8.6082,56
2bbd65af,19726,8.6082,84
365e238d,12615,8.6082,61
456cc805,18985,8.6082,37
7ec0b395,8544,8.6082,37
3e9021ff,15781,8.6082,37
4d7a1572,7657,8.6082,37
79952feb,11756,8.6082,37
5a9aec3c,11549,8.6082,37
213da0e1,27082,8.6082,113
1e1df2e0,16492,8.6055,37
6f326c1f,7769,8.6082,37
4e276cbf,9031,8.6082,37
4351824b,16293,8.6027,37
f271868,18455,8.6082,37
7e5c619e,8483,8.6055,37
beba87e,9639,8.6082,37
11898f20,8031,8.6082,37
73b4942e,16082,8.6082,37
6ef94b57,18020,8.6082,37
3807a6ae,14926,8.6082,37
21abb288,7770,8.6082,37
4519f29c,19369,8.6082,37
125b0bf5,15448,8.6082,37
36dc591a,10014,8.6055,37
22e25a70,17727,8.6082,37
396c325a,10660,8.6055,37
73a29221,18770,8.6082,37
276211c6,8285,8.6082,37
493ad0e0,15883,8.6082,37
119cd57f,16858,8.6082,76
76486ef7,6490,8.6055,37
4193add9,12604,8.6082,61
5e31c8db,6850,8.611,37
2971d94f,11912,8.611,37
1c7b3540,20636,8.611,37
405aae73,10211,8.611,37
10fdd1b3,10330,8.611,37
37e1c942,13793,8.611,37
72f53bcb,11657,8.6082,37
67c92ad0,11190,8.6082,37
19471fd3,8808,8.611,37
20557e60,17677,8.611,37
7ba532c2,14350,8.611,37
1a839d0a,19733,8.6082,37
551418cc,8828,8.611,37
740c3c3a,13927,8.611,37
7f21eaa5,18694,8.611,37
5b76b7c0,11931,8.6082,37
449696c5,13759,8.611,37
58674bad,12100,8.611,61
4d9f4177,8692,8.6082,37
3d1bfea3,8405,8.611,37
17d4e04d,20016,8.611,86
758ceb39,7378,8.611,37
42af9806,10546,8.611,37
20239816,7910,8.611,44
10c5c2d7,6049,8.611,35
28236d5,22442,8.611,88
3cd3e12b,27426,8.611,37
c3d8f,11560,8.6082,37
a90758a,9137,8.611,37
3ee18423,12466,8.611,61
2d4639b4,14277,8.611,37
ebf5f8e,8904,8.611,37
6fbefb93,10728,8.611,37
5dccbadb,7337,8.611,37
415ba34f,11006,8.6055,37
25b5b43f,7323,8.611,37
35ecc7c5,16262,8.6055,37
2d96d088,9602,8.611,37
15b4bd83,7182,8.611,37
96935a1,9519,8.611,37
5a6809a6,11191,8.611,37
416190f3,15253,8.611,37
710975f9,14685,8.611,37
318d9244,10331,8.611,37
2b3298ea,9621,8.6082,37
66197377,11227,8.611,37
5c0574f0,9148,8.611,37
7c8124db,10177,8.611,37
1c7d286,6894,8.611,37
3e8dff9c,19111,8.611,37
1322b1f1,17678,8.6082,37
64f7e591,13201,8.611,37
5b1b586b,7949,8.611,37
778b1f31,6323,8.6055,1
a3b2d8b,13983,8.611,37
c90a804,15007,8.611,37
57900f6a,7436,8.6082,37
5649ddf3,14093,8.6027,37
54df5c4,12843,8.611,37
c94ade1,16278,8.6082,37
5ba81846,7627,8.611,37
4316e085,16226,8.6082,37
299fcef6,9442,8.611,37
cd8581,11111,8.611,37
1b3cc7f6,19587,8.611,37
6146b9b3,6631,8.6082,37
2bbc5c49,11016,8.611,37
38e585bf,12460,8.611,61
5468feaf,10442,8.6082,37
291690a3,8691,8.611,37
160547b3,18857,8.611,37
259e0b1,9616,8.611,37
1157fbd3,11536,8.6055,37
cd9f2d2,20368,8.611,37
305d0425,27553,8.611,117
7dcc36f7,20592,8.611,37
1464a02e,11219,8.611,37
6fde5d91,11062,8.611,37
536bc3fe,14578,8.611,37
1067f423,16013,8.6055,37
48c3b626,11518,8.611,37
54244a47,19921,8.611,37
59dd170e,9330,8.611,37
76b436fa,13509,8.611,37
2393dc8c,17902,8.611,37
5513cccb,12471,8.611,61
64c7c400,27169,8.611,114
33933d84,8458,8.611,37
ed9e0c6,22804,8.611,88
45671042,11920,8.611,37
1f5a3b2a,9637,8.611,37
350f4a58,14548,8.6082,37
749153ef,15604,8.611,37
909a83f,6702,8.611,37
47c4515f,15845,8.6082,37
8569e75,9231,8.611,37
7626babb,15862,8.611,37
32aaac10,16654,8.611,37
57015db3,19868,8.6082,37
6b18c410,15645,8.6082,37
28a848aa,6724,8.611,37
79b61f54,13520,8.6082,37
402e1e09,9320,8.611,37
4f85bb83,18988,8.6082,37
12349b05,9250,8.611,37
3f21e517,11546,8.611,37
55261741,13175,8.611,37
73ff5c08,7364,8.611,37
371df7c5,13438,8.611,37
147be90,18782,8.611,37
317eeaf2,7766,8.611,37
e2c0407,27382,8.611,37
54076f83,19259,8.611,37
cfc0919,8917,8.611,37
30739528,9218,8.611,37
769cd0ae,8684,8.611,37
1908d289,8815,8.611,37
75d0b470,11655,8.6082,37
67ad5c39,10848,8.611,37
5926a537,19071,8.611,37
500e872e,15519,8.611,37
49af071d,12309,8.611,61
7b18c9cd,9614,8.611,37
5cbec22,20080,8.611,86
16ec083b,8357,8.611,37
66ef5da2,12870,8.611,37
a0c5355,20738,8.611,37
3baa2ae6,16227,8.611,37
4df15078,6951,8.6055,37
516f0629,19010,8.611,37
399161aa,8309,8.6137,37
53068164,13474,8.6137,37
143369ec,27347,8.6137,37
3d447b0d,8295,8.611,37
f6ad13e,16539,8.6137,37
68006c16,12642,8.611,61
3f5318f7,20337,8.6137,37
25a80f90,11250,8.6137,37
67f304f3,15569,8.611,37
79718713,16818,8.6137,76
f0272ea,27343,8.6137,37
204b4a22,7628,8.6137,37
4bc0e2e1,20850,8.611,88
215d9e25,20595,8.6137,37
34eba3f6,8672,8.6137,37
4157e367,11144,8.6137,37
3bb7ab35,7593,8.6137,37
772c8148,8798,8.6137,37
1e317848,12598,8.6137,61
5f9cafb6,18858,8.6137,37
6083ec32,20388,8.6137,37
666b1d14,17697,8.611,37
75dee650,14090,8.611,37
60b8239b,8374,8.611,37
1fa5a1c2,15520,8.6137,37
21989c9f,7875,8.6137,37
23f6029a,16180,8.6137,37
2735984,27534,8.611,117
30ea43b9,16333,8.6137,37
55f35d5f,13327,8.6082,37
468267a9,10971,8.611,37
5ea5b984,7873,8.6137,37
3c30ce62,6551,8.6137,37
73e6751e,7331,8.6082,37
560ece57,20633,8.6082,37
268cfbe4,13974,8.6082,37
55960f28,9138,8.611,37
6f6f9826,11215,8.6137,37
2fe14e50,8964,8.6137,37
50aa46ff,18174,8.6137,37
6ef3c393,27055,8.6137,37
bf96e2a,12458,8.6137,61
18c479db,16361,8.6137,37
3d72275d,8360,8.611,37
4d6d943b,7044,8.6137,37
2a7a026,27493,8.6137,117
da53b82,7039,8.6137,37
3694814c,27535,8.6137,117
1a70100c,15941,8.6137,37
3b1d9335,8029,8.6137,37
1fc0d6ff,13969,8.6137,37
d4caaaa,12710,8.6137,61
17262b7f,9431,8.6082,37
40f58695,9298,8.611,37
599bc75a,20328,8.6137,37
31ea3f39,10176,8.6137,37
1b4a922d,20524,8.611,37
3701acab,15954,8.6137,37
173187a8,8618,8.6082,37
7b9c6af5,13380,8.611,37
7c3ad3cb,10105,8.6137,37
1cc93882,11686,8.6137,37
75ee074,8664,8.611,37
1eae8232,18704,8.6137,37
1f0de9a8,7362,8.611,37
11a4846e,10687,8.6137,37
3503d509,11963,8.6137,37
60dbf603,18522,8.6137,37
1076f72c,27849,8.6137,117
60c61c23,14348,8.6137,37
4b4636af,8962,8.6137,37
63d915da,16633,8.6137,37
7412aa2a,11897,8.6137,37
537aec13,16740,8.6137,37
38dc55b,27121,8.6137,113
260102e2,9970,8.611,37
798468cb,8764,8.6137,37
18a6de2b,17901,8.611,37
1c38b358,11547,8.611,37
71721a99,11854,8.6137,37
2beae64c,9640,8.6137,37
593329c,19736,8.6137,37
3d2f9cc3,7205,8.6137,37
418bd5ac,16602,8.6082,37
5d1018d3,20278,8.6137,37
3981a4b2,11009,8.6137,37
670b3e2f,14851,8.6137,37
467ba8bf,17985,8.6137,37
773ed37,19277,8.6137,37
18ca6ec0,22443,8.611,88
5e644ddd,18134,8.611,37
46660973,16661,8.6137,37
481f5d9a,11586,8.6137,37
d91d311,22451,8.6137,88
4140a442,15703,8.6137,37
3d361312,16362,8.6137,37
4b6db856,27532,8.6137,117
48e7f371,15592,8.6137,37
c412c9b,14253,8.6137,37
1e21082,16125,8.6137,37
27eba7e0,11682,8.6137,37
50e0a417,18577,8.6137,37
55407f64,15190,8.6137,37
44b7034e,7006,8.6082,37
3e19789f,10323,8.6137,37
6b8ca357,11705,8.6137,37
3de14a1d,9321,8.6137,37
41b0839c,8966,8.6137,37
3498d6b5,15940,8.611,37
3a004d6a,10547,8.611,37
d064995,10457,8.6137,37
486f87ca,8485,8.6137,37
41dd2b66,15907,8.6137,37
3a30cd0c,22470,8.6137,88
2e3ac3d,7113,8.6137,37
97386ba,8283,8.6137,37
35176235,11540,8.6137,37
2a8ab2ee,12936,8.6137,37
27a9a605,7327,8.611,37
32fab21c,9677,8.6137,37
f9c2ed3,16263,8.6164,37
3cf278bc,18912,8.6164,37
4310a00e,22452,8.6164,88
29e3afe7,13078,8.6164,37
4e6e8295,16632,8.6164,37
61f6247c,14254,8.6164,37
27a0f89c,20491,8.6082,37
1388e718,18237,8.6164,37
2c928606,20739,8.6082,37
29c8b5d6,16600,8.6164,37
794da157,8286,8.6164,37
5989d2fa,19007,8.611,37
d6d5ef4,11092,8.6164,37
61672c8a,27847,8.6164,117
75346ee8,20529,8.6164,37
62bd6cb6,13086,8.6164,37
5c004eb,12179,8.6164,61
5d1b6ba5,8967,8.6164,37
b0e0dc0,14326,8.611,37
25f08cb,14121,8.6137,37
73da337,19877,8.6164,37
1fda636,20695,8.6164,37
7ae6dbc4,9179,8.6164,37
858d03,20014,8.6137,86
6a4ba23f,20671,8.6164,37
6eb7556,17945,8.6164,37
70e9da6d,9401,8.6164,37
665ed761,22444,8.6164,88
5133dbcf,20423,8.6164,37
c2f557a,17445,8.6137,37
3bb2e85d,10970,8.6164,37
c8ec3e2,18057,8.6164,37
7c03ab43,9657,8.6137,37
7f9fcef4,15176,8.6164,37
2bc7d595,27383,8.6137,37
64e58e81,8670,8.6164,37
343ca1d5,8685,8.6164,37
121783e2,27150,8.6164,113
3e4b71fd,19189,8.6164,37
2bb570dc,16532,8.6164,37
4fd1e13b,7823,8.6164,37
636c62ad,3589,8.6164,29
4dcaf5b1,19255,8.6137,37
28ebb16c,8829,8.6164,37
2858173d,8693,8.6164,37
28217191,19183,8.611,37
32dc7e59,8992,8.6164,37
7c92e5ea,13797,8.6164,37
47c9c9bf,8728,8.6164,37
2f40df84,11331,8.6164,37
c4e8e04,9911,8.6164,37
5db10762,14941,8.6082,37
543cb95a,7703,8.6164,37
7da9f0a6,8472,8.6164,37
56f6fb9,14592,8.6164,37
17f8e66a,10960,8.6164,37
5030e261,11752,8.6164,37
61777754,20369,8.6164,37
8cf6017,9987,8.6164,37
263cb648,10504,8.6164,37
5369871c,7554,8.6164,37
2d85286f,18644,8.6164,37
7a71e454,16741,8.6164,37
20e6e199,12559,8.6137,61
3f28c3fe,16107,8.6164,37
3bea5224,16758,8.6164,37
4ecc4249,27185,8.6164,114
59b18820,20355,8.6164,37
20ff97db,12127,8.6164,61
49ed8a92,19934,8.611,37
2db4bc0b,10460,8.6164,37
169ea402,17624,8.6164,37
30ba23e7,15779,8.6137,37
6ca73b64,17690,8.6164,37
1d8ee20a,18698,8.6164,37
49bb8578,17897,8.6164,37
56848b84,19216,8.6164,37
159e231e,11222,8.6164,37
37403fa8,8385,8.6164,37
62e95e3f,12308,8.6164,61
77ec975f,10723,8.6137,37
3c8e951f,14856,8.6164,37
33cd28f2,9251,8.6164,37
1b7d9012,13664,8.6164,37
838ba4d,10847,8.6164,37
3a183b45,15223,8.6164,37
60c81e4c,14942,8.6137,37
1742ff47,9448,8.6164,37
20c406ea,13636,8.6164,67
5ae5d530,9582,8.6164,53
215c1f3a,10016,8.6137,37
edc40f2,8020,8.6137,37
1c64f23,11952,8.6164,37
148254d2,12513,8.6164,61
525da4e4,7062,8.6164,37
1fe309b,12683,8.6164,61
754639c1,27375,8.6164,37
34a25d9c,8523,8.6164,49
72eb37c,11527,8.611,37
6f9a44c8,20163,8.6164,86
772421ea,19190,8.6192,37
33e896fe,22488,8.6192,88
158063a2,3654,8.6192,29
6747873d,11176,8.6137,37
313ad14e,8696,8.6192,37
4612eef1,16289,8.6192,37
509908e2,11349,8.6192,37
26921bb3,10734,8.6192,37
bbc13a3,15969,8.6192,37
6ceb033b,8948,8.6164,37
3d5f1d31,7313,8.6192,37
2519dc60,18353,8.6192,37
4ed3e26b,15177,8.6192,37
7a95c251,19621,8.6164,37
3fe6fea7,7626,8.6192,37
5477dfe7,10873,8.6192,37
566afb8,8479,8.6164,37
3435a432,14879,8.6192,37
51b5720f,22490,8.6192,88
59aebd58,18705,8.6192,37
367bbc3,16090,8.6192,37
5882c9cf,13984,8.6192,37
793884aa,9562,8.6137,37
55d0a2a8,16399,8.6164,37
1047296e,12723,8.6192,61
28ede,7771,8.6192,37
3e0594be,20137,8.6192,86
3254a00,13590,8.6192,37
53307d2e,19037,8.6192,37
47507de8,11498,8.6164,37
5562b1d8,10737,8.6192,37
7cbe943e,7454,8.6192,37
2cb74f8a,11706,8.6164,37
68ccd8c9,11701,8.6192,37
28e04879,12527,8.611,61
2077263f,6025,8.6192,35
36aaf6a4,18933,8.6192,37
38ae6a28,13077,8.6192,37
12a74ec4,16720,8.6192,37
b78c471,9346,8.6192,37
6a060c6c,19478,8.6192,37
4465ec1e,27527,8.6164,117
21b2d42e,19574,8.6137,37
9cb6fb2,16603,8.6192,37
445d69b6,27114,8.6164,113
1e62683d,15863,8.6192,37
29c6dc7b,9093,8.6192,37
aea2f97,18580,8.6192,37
7ba2800e,15627,8.6164,37
541d4615,7996,8.6164,37
5933ff2b,17606,8.6192,37
4689c572,11206,8.6192,37
1757598e,18707,8.6192,37
51db36e8,12122,8.6192,61
5971cbf4,15618,8.6192,37
54c209f0,16547,8.6192,37
79f4b1cf,11493,8.6192,37
7110b46f,16601,8.6137,37
6220ef76,18778,8.6192,37
3e064034,10012,8.6192,37
4a412857,8135,8.6192,37
23bf59a2,27344,8.6137,37
4a8aa6e8,9583,8.6192,53
9ca2c7e,19225,8.6192,37
50e106ac,12526,8.6164,61
1ce3fbe5,15511,8.6192,37
3c1b377,12680,8.6164,61
5bb0c6ad,13085,8.6192,37
3bc6f11,12561,8.6192,61
38050,6876,8.6192,37
1bb16f2a,8963,8.6192,37
52b98ec0,18855,8.6192,37
e57c12c,19892,8.6192,37
538ffbe5,20372,8.6192,37
68e378dc,9641,8.6192,37
331ba9ac,11249,8.6192,37
33abc262,15846,8.6192,37
2f36c547,7950,8.6192,37
1f582f2c,18291,8.6192,37
33a4bff1,7955,8.6192,37
5e71d335,13760,8.6192,37
79fc82c0,9378,8.6192,37
47743941,10277,8.6192,37
190b5fcc,20367,8.6192,37
404c8b90,11969,8.6192,37
f46302b,6682,8.6164,37
78eaf0c2,9337,8.6192,37
5f7ea28d,9074,8.6192,37
39263612,13834,8.6164,37
7a90fbc5,11436,8.6192,37
44695bd4,19850,8.6192,37
6e29f31e,19040,8.6192,37
66b7ce6f,11177,8.6192,37
1b045faf,16182,8.6192,37
6c31c416,18983,8.6192,37
55711718,11128,8.6137,37
28b6b756,11015,8.6219,37
71407dfa,20578,8.6219,37
389c037c,19053,8.6164,37
13b316b0,27115,8.6219,113
4e271a09,9619,8.6219,37
46d88e44,27337,8.6219,37
1ffa7c1b,9902,8.6219,37
5336089c,11012,8.6219,37
21eb10ad,20666,8.6219,37
2ae694b6,16819,8.6219,76
5ce724b1,11893,8.6192,37
3ff6b559,20414,8.6219,37
4661a472,15624,8.6219,37
58bcdb2c,27122,8.6219,113
3d1bbe26,14977,8.6219,37
37cd98a1,16228,8.6192,37
7c44f81e,11175,8.6164,37
429f2901,9347,8.6219,37
2d61dcde,9948,8.6192,37
229555fa,14080,8.6027,37
7946c999,20573,8.6164,37
22995aa7,12974,8.6219,37
1103f30d,20803,8.6219,37
1975b8d4,11528,8.6219,37
11c71485,27468,8.6219,37
5e021d25,12599,8.6219,61
21df34bf,12511,8.6219,61
36262820,18995,8.6219,37
2a19528,11783,8.6219,37
2bebdac5,11115,8.6219,37
65ce11a8,13345,8.6219,37
54f9a66d,16822,8.6219,76
c7205e0,19011,8.6192,37
622e5219,14979,8.6164,37
6ca893a1,8956,8.6219,37
19605103,12307,8.6164,61
c3650d6,19734,8.6219,37
1c1865d3,19876,8.6219,37
3405c86a,8695,8.6164,37
2f766fa0,10369,8.6219,37
1e74d9f4,16197,8.6219,37
11f82a78,18994,8.6219,37
4e11f369,11346,8.6219,37
544d2459,16074,8.6192,37
485a4a1f,9220,8.6219,37
18a10286,16094,8.6219,37
174185a0,19888,8.6192,37
59ea3040,12235,8.6219,61
472ebe53,14291,8.6219,37
64b8a8c8,14359,8.6219,37
29305db8,27120,8.6219,113
7e280cf2,27119,8.6219,113
6e8d8483,10527,8.6219,37
666dd122,10752,8.6192,57
47b2dbcf,16589,8.6219,37
79c31057,19015,8.6219,37
7b683a70,18460,8.6192,37
730400fe,7735,8.6192,37
2239c1f2,15249,8.6219,37
43992c4a,27025,8.6219,37
799835f3,15780,8.6164,37
2ac8c9ce,15960,8.611,37
4612ab34,17898,8.6219,37
4ce334c0,16095,8.6219,37
746cb702,16688,8.6192,37
188686f8,15597,8.6219,37
4b9ec5d7,8296,8.6219,37
1e0ebd50,7749,8.6219,37
fcbdd34,20691,8.6137,37
23563b73,18680,8.6192,37
1e5be2b3,13087,8.6219,37
75543815,15625,8.6219,37
24a779f6,13200,8.6219,37
248cf0a7,27315,8.6164,115
363853b2,20408,8.6219,37
77b761bc,13508,8.6219,37
23777bcf,9158,8.6219,37
3c00ce9e,9484,8.6192,37
4851bf6f,7509,8.6219,37
4a78d58,6952,8.6219,37
1c162700,10272,8.6219,37
26d86e22,22808,8.6219,88
63b71751,11513,8.6164,37
76c1997d,20140,8.6219,86
48272e17,14571,8.6219,37
130d50f9,7347,8.6164,39
48dbd056,13226,8.6219,37
7dff3299,27385,8.6219,37
48c3f47,13909,8.6219,37
280adc28,10961,8.6219,37
124306e0,16186,8.6219,37
6f7ab935,15989,8.6219,37
567d387d,17604,8.6247,37
e6d49b2,9636,8.6247,37
e06599b,27465,8.6247,37
4f83abd,15162,8.6247,37
23808326,17955,8.6247,37
3e719806,18992,8.6219,37
7c8bda8c,16258,8.6247,37
40fd9e07,11940,8.6247,37
5157977,9075,8.6247,37
71dc3743,11702,8.6219,37
156b93af,7928,8.6247,37
394a2aa3,12684,8.6247,61
173a223c,12082,8.6247,61
132b8d18,19987,8.6247,37
5a149239,18370,8.6247,79
32e3a4ea,18350,8.6247,37
740e4b48,7937,8.6247,37
7de59370,27029,8.6219,37
3b025b9c,17449,8.6247,37
3fb8f750,10688,8.6192,37
45f9939f,16686,8.6247,37
6a12bb3e,17946,8.6247,37
6cc0f93f,11530,8.6247,37
45b79180,14019,8.6247,37
70066145,9814,8.6247,37
4cdb87c2,19109,8.6219,37
336f1e2c,10073,8.6219,56
580d007f,18626,8.6247,37
214fb16f,9873,8.6247,37
31bad713,10774,8.6247,37
7aef2176,8322,8.6247,37
6a5953eb,12081,8.6247,61
4a51d8ac,9658,8.6247,37
1649cc40,18786,8.6219,37
61042742,18690,8.6247,37
7521d6eb,16586,8.6247,37
6adf5d94,20707,8.6247,37
712c83d5,9623,8.6247,37
72cbf817,27460,8.6247,37
361bda5a,8820,8.6219,37
6e683b15,13985,8.6247,37
7b4f2f26,11492,8.6247,37
56696b18,12234,8.6247,61
3e48a285,10754,8.6247,37
398c4562,10890,8.6247,37
11d796ca,18173,8.6247,37
13e3adc9,19008,8.6219,37
ecf2506,20532,8.6247,37
7568e2d0,14511,8.6192,37
58244b71,16138,8.6247,37
56272859,13505,8.6247,37
2137c08e,8525,8.6219,49
137bd81a,9914,8.6247,37
697e66c7,27850,8.6247,117
6f4ee51,11961,8.6247,37
19587db1,14980,8.6219,37
542ecd88,12177,8.6247,61
77af554e,10175,8.6219,37
4efcc194,12844,8.6247,37
6f5b287c,7040,8.6247,37
353465d3,20311,8.6247,37
17d4bc70,18187,8.6219,37
7be5ff70,18568,8.6247,37
3f8c2f7f,18355,8.6247,37
922e83a,18327,8.6247,37
211b5100,14485,8.6247,37
1f2e0e30,16283,8.6219,37
2dab0699,19328,8.6247,37
19123cb,19979,8.6247,37
73823384,19562,8.6247,37
6dff66f6,11223,8.6247,37
2cfbaf7,7748,8.6219,37
77a5ebf9,9232,8.6247,37
15d9f89a,18066,8.6247,37
387f401,11622,8.6247,37
7ce0ee84,18241,8.6247,37
3b6e98a2,9928,8.6247,37
5ef35434,27397,8.6247,37
23fe0266,22453,8.6247,88
2921f906,27432,8.6247,37
24c238c2,18148,8.6247,37
7e8519e8,7942,8.6219,37
6760bcf1,15655,8.6247,37
4facc811,19986,8.6247,37
429eddc5,8310,8.6219,37
39719fdc,9328,8.6247,37
cc0a418,15159,8.6219,37
5a5cb631,16211,8.6192,37
5a987827,9449,8.6247,37
122ee714,12737,8.6247,61
6e18284a,13230,8.6219,66
5ba2c52a,22500,8.6247,88
1c324d8,6895,8.6247,37
524b5a22,8972,8.6219,37
6d999364,8633,8.6247,37
42ecace5,19154,8.6219,37
75d55722,10724,8.6247,37
73f1d451,18542,8.6219,37
3709cd41,7909,8.6247,37
386bc462,12609,8.6192,61
faaaa07,10219,8.6219,37
7b87b9a,11541,8.6192,37
269bdaba,11287,8.6247,37
1fb410ad,9622,8.6247,37
1b7c108,6148,8.6192,1
2035743b,16183,8.6247,37
5b17a9ab,19013,8.6274,37
1f376df8,7701,8.6247,37
67012aae,10809,8.6274,37
42bd0ad3,19052,8.6247,37
580118c7,14292,8.6247,37
3ebda89d,16229,8.6274,37
1a415a1f,14853,8.6219,37
56375f0,7512,8.6274,37
747b47a3,19727,8.6274,84
246cbecb,13328,8.6247,37
7746039b,18646,8.6274,37
67472ece,12250,8.6219,61
3476e659,11494,8.6219,37
492f3bda,9351,8.6274,37
8f44ed2,20312,8.6274,37
4f69ce8c,14895,8.6274,37
41a479b4,6913,8.6274,37
1106b8f1,13390,8.6274,37
21c7b0e0,14779,8.6274,37
beff8d4,15928,8.6274,37
a734a8b,15948,8.6274,37
2e16aa04,20531,8.6219,37
32ca5f96,17722,8.6274,37
46973843,7894,8.6274,37
56a01508,14978,8.6274,37
4d7dc352,15610,8.6274,37
6972a3c6,9338,8.6274,37
2dab1384,15676,8.6274,37
52817352,13329,8.6274,37
45f345f,11213,8.6247,37
279b00d5,13510,8.6274,37
52591091,10666,8.6219,37
b9be26b,11725,8.6247,37
769bc28b,9096,8.6274,37
979f925,16559,8.6274,37
133ebd03,12605,8.6274,61
47e29db5,12168,8.6274,61
6fc59058,6816,8.6274,37
29b3fc54,18559,8.6274,37
31d87fd1,7594,8.6247,37
fca1061,19816,8.6274,37
281b333e,9028,8.6274,37
398321a4,17952,8.6274,37
4f039ac4,17388,8.6274,37
1cdfb9a4,18598,8.6274,37
5fdbad37,16201,8.6274,37
3abac98d,11476,8.6247,37
5b4955e7,17953,8.6274,37
5979f9ac,16284,8.6274,37
55178bcc,11256,8.6274,37
398dd642,12845,8.6274,37
287a5af9,7595,8.6274,37
3ed872c3,19658,8.6274,82
5778d73f,27848,8.6274,117
103454,20139,8.6274,86
7f430dc,16383,8.6274,37
73d95e7c,18706,8.6247,37
1624ce32,6311,8.6274,1
1797fa36,10885,8.6274,37
554b850a,10329,8.6274,37
731f3daf,8140,8.6247,37
4236d099,10340,8.6247,37
43fa28a0,22471,8.6274,88
6b942ca3,22445,8.6219,88
627e970e,9916,8.6247,37
68863cab,15241,8.6274,37
7aabb633,19842,8.6274,37
30907cf1,13752,8.6274,37
2b510f0b,15234,8.6274,37
26404b0a,9089,8.6247,37
7ffa580d,19581,8.6274,37
58c763ef,15246,8.6247,37
6b83ebf2,7843,8.6274,37
4f3fe593,19589,8.6274,37
62a8f649,12169,8.6247,61
11339e8,27387,8.6274,37
75bb9e43,8372,8.6274,37
4598fe1a,18072,8.6274,37
5a8b0715,11458,8.6274,37
60a7525e,10887,8.6219,37
78e3fbdb,8478,8.6219,37
51032b02,14290,8.6247,37
53e96716,18518,8.6274,37
5d2a5819,10148,8.6247,37
986ea97,22489,8.6274,88
6e5ce55f,12528,8.6274,61
264f88ad,9091,8.6274,37
3e068aa5,16867,8.6274,76
6a1da0,19260,8.6274,37
99576ef,8877,8.6219,37
53c58d90,15653,8.6164,37
591c66ef,18489,8.6274,37
9cbf771,7234,8.6274,37
2bcbdaa9,27349,8.6274,37
549d7b4d,14854,8.6274,37
6e0c542f,7682,8.6274,37
382a56e0,8905,8.6274,37
72398028,13637,8.6274,67
7e980f6c,13527,8.6274,37
177fb8a2,12718,8.6274,61
146fcb09,10755,8.6274,37
57834b77,11768,8.6274,37
6905b96f,16545,8.6247,37
5758284c,20386,8.6219,37
3d05962d,13521,8.6274,37
384a7f0d,15847,8.6274,37
7090ba09,18943,8.6274,37
2216ff22,8622,8.6301,37
4606053e,12570,8.6274,61
27204958,17840,8.6301,37
325a5d71,17031,8.6301,76
1cca4ca0,12690,8.6301,61
b0758d6,13404,8.6274,37
6a1385f2,16287,8.6301,37
4fdc6b61,11567,8.6247,37
2f8d163e,7663,8.6301,37
4f1161c0,22446,8.6274,88
61ecf023,9359,8.6301,37
4c463189,11030,8.6301,37
1726c5f9,16663,8.6301,37
3b8d231f,27054,8.6274,37
7a1d74e3,12610,8.6301,61
5b356f54,6683,8.6274,37
9f23af6,18197,8.6301,37
423a6630,11977,8.6301,37
5391b8f8,10220,8.6301,37
23ae3211,17858,8.6301,37
38aba74c,19561,8.6301,37
2a0973bc,15161,8.6301,37
416284fb,11155,8.6274,37
26edc246,8386,8.6301,37
111c4da,9603,8.6301,37
6064d3d7,22519,8.6301,88
1ed8bd06,12462,8.6301,61
566fb369,16760,8.6301,37
59579a6a,20665,8.6274,37
1feb00fc,8885,8.6301,37
4400be8a,16605,8.6301,37
77c326bd,11293,8.6301,37
abefac3,18463,8.6301,37
4d15f788,7348,8.6301,39
c20e44e,27545,8.6301,117
1ea10f3b,27010,8.6301,37
633496ce,15076,8.6301,37
17f8497,27348,8.6301,37
af60262,9432,8.6274,37
5faa212a,10739,8.6301,37
1cb80cd0,8974,8.6301,37
5bfd7b6f,18647,8.6301,37
131217ad,20448,8.6301,37
26db17bb,22460,8.6301,88
1c84e410,10528,8.6301,37
4006a5dc,17882,8.6301,37
709098b0,22501,8.6301,88
154ceaaf,29722,8.6301,117
e083fd6,6046,8.6247,35
3517ee63,7254,8.6301,37
40ca8558,27030,8.6301,37
346bd0e9,19980,8.6247,37
6eaf361e,16020,8.6274,37
1aec447b,27386,8.6301,37
3244805,11568,8.6274,37
7b52af3d,9355,8.6274,37
2103196b,20698,8.6301,37
71bc22c2,11126,8.6301,37
65c889e8,12117,8.6301,61
f4ee120,15992,8.6301,37
610b9cb3,7070,8.6301,37
163d707f,12086,8.6301,61
71311862,9917,8.6301,37
4eb259f,15848,8.6301,37
50175865,7911,8.6301,44
28a8e4a6,11980,8.6274,37
15fb0b04,8508,8.6301,48
6cf0e3d1,10775,8.6301,37
64e4a5a,15740,8.6301,37
69ac13e1,8512,8.6301,48
244296fb,7684,8.6301,37
4f4717c9,14927,8.6301,37
3b2f88e1,15525,8.6301,37
3215b77e,9441,8.6301,37
2d01a89,20427,8.6301,37
75deac45,19622,8.6301,37
32714a9f,11848,8.6301,37
762cd846,6703,8.6301,37
1debb623,27368,8.6301,37
2dc0b5e8,12720,8.6301,61
2fc6f68b,15908,8.6274,37
2ffadbb2,12824,8.6301,37
3f20d181,10824,8.6301,37
27ca1a40,11589,8.6301,37
5e147240,8169,8.6301,37
73958cab,15997,8.6301,37
7f32df47,27536,8.6301,117
4a80e781,8934,8.6301,37
3defec8b,6914,8.6301,37
40141f04,12640,8.6274,61
1fbb3379,10337,8.6301,37
524a63e0,16564,8.6301,37
10835696,16132,8.6274,37
708f87bd,12120,8.6301,61
3669422e,10458,8.6301,37
373d7260,16127,8.6274,37
3d00a5f7,13344,8.6301,37
dadef65,19113,8.6301,37
313e7f85,12485,8.6301,61
4d3a23be,18491,8.6301,37
1148e60b,10000,8.6301,37
295fd6c8,11855,8.6274,37
6bdf4631,16870,8.6301,76
31c240fd,18551,8.6301,37
77e4bf27,15619,8.6301,37
21ca776e,18070,8.6274,37
76f40c09,9310,8.6329,37
678b3228,8906,8.6301,37
35c4a479,16713,8.6329,37
2d180f18,11542,8.6329,37
47c7d4a8,27012,8.6329,37
39a2aabd,10735,8.6301,37
11050c1d,13511,8.6329,37
2f216667,20699,8.6329,37
3fd6e896,27472,8.6329,37
46cd1950,11808,8.6329,37
7f919070,3629,8.6329,29
3321e8b9,16522,8.6301,37
53bd1201,11658,8.6329,37
31f221e7,3623,8.6274,29
7d9496bf,13202,8.6329,37
e758b6d,18589,8.6301,37
6b2abb13,7026,8.6329,37
20c4fe3f,8623,8.6301,37
503c816d,12510,8.6274,61
58a6c6f4,12237,8.6329,61
b51e1e1,20799,8.6329,37
944c4bb,20849,8.6329,88
51bef818,16985,8.6329,76
2bc8081d,16714,8.6301,37
1504cc54,17035,8.6329,76
21870070,9986,8.6329,37
ec979e7,18239,8.6329,37
65aa10c3,10884,8.6301,37
567f064e,17492,8.6329,37
4fe20871,16014,8.6329,37
aa1462b,13794,8.6301,37
7548d844,14923,8.6301,37
3f3863b4,18219,8.6274,37
11db4f6b,16126,8.6329,37
4e256ca1,11599,8.6329,37
4eb5eb50,9071,8.6329,37
32ec04f1,10542,8.6301,37
7987b5d0,27088,8.6329,113
1ca28e25,9971,8.6329,37
7dac198a,19373,8.6329,37
2f355142,9233,8.6329,37
6bd84841,17348,8.6329,37
638320b9,11276,8.6329,37
1dfd2a1a,14020,8.6301,37
7efe050a,14922,8.6329,37
7bc4f4d6,6048,8.6301,35
527731af,10655,8.6329,37
288b45b0,13523,8.6329,37
26d3d3fe,9620,8.6329,37
7a6df1b6,19166,8.6329,37
11fc5d1d,20505,8.6301,37
63a82c57,12644,8.6329,61
5b5c4fff,8320,8.6329,37
4e29f563,18648,8.6329,37
79c3fe0c,10164,8.6329,37
3d4e5d0e,14491,8.6301,37
1fa60464,11739,8.6301,37
26bc93d8,10328,8.6247,37
273ff881,16296,8.6329,37
68d67745,16562,8.6274,37
477cdb1f,11569,8.6301,37
59ca27b,7063,8.6329,37
5dbfb9b9,10438,8.6329,37
6088114,27369,8.6329,37
270d16e9,15237,8.6329,37
297f4e26,19038,8.6329,37
47e2e709,18139,8.6329,37
6730ec3d,12238,8.6329,61
5f6aa45b,16988,8.6356,76
25f2d1ee,13528,8.6356,37
55c79732,8137,8.6356,37
6a0731e7,6670,8.6356,37
3a8d4901,6418,8.6329,37
5abc1b69,11054,8.6356,37
6972cc71,16294,8.6356,37
3aa950b1,8387,8.6356,37
6a3cc3a4,27466,8.6356,37
50e1ead9,18592,8.6356,37
2f8fb5f0,13522,8.6356,37
5f534468,15611,8.6356,37
537e9dc5,18804,8.6356,37
c961251,10738,8.6356,37
43644bc3,13216,8.6356,37
5ee41606,11970,8.6356,37
1bd179b6,22520,8.6356,88
3c664fbc,7515,8.6356,37
5ec6fb,8621,8.6329,37
7ef4a4d0,20428,8.6356,37
6ef87e71,12467,8.6356,61
61d8c68d,27533,8.6356,117
606dc7bd,11188,8.6329,37
1672ac55,9076,8.6356,37
4d7b486f,14078,8.6356,37
3fd5be9d,17032,8.6356,76
60ddbc47,14913,8.6356,37
6e03dfce,18792,8.6356,37
6d10c65f,11726,8.6356,37
2e5d80a1,8926,8.6356,37
7abfc3a2,8908,8.6356,37
408a1c98,27490,8.6356,117
778d6736,11687,8.6356,37
7002ba6,17698,8.6356,37
6cc92727,16203,8.6356,37
686f5bcf,16829,8.6356,76
74473523,27026,8.6329,37
729c6d16,10204,8.6356,37
9118c9,15515,8.6356,37
57498c7d,10753,8.6356,37
45ea1478,15970,8.6356,37
8c9dfcb,17517,8.6356,37
19ace719,14859,8.6356,37
29daa35,17389,8.6356,37
17c137ca,17996,8.6356,37
5130857e,14718,8.6356,37
64cf4976,27451,8.6356,37
2fda246e,18344,8.6356,37
6bb6c1d1,16573,8.6356,37
40f9ffa2,15946,8.6274,37
5e98ef10,11637,8.6356,37
bd68ac8,19211,8.6356,37
75512688,12623,8.6356,61
7adac36f,18553,8.6356,37
5c9c153d,15723,8.6356,37
20050d40,10213,8.6356,37
ce87394,9097,8.6356,37
75a84049,20406,8.6329,37
49a1863c,18593,8.6356,37
1db6f6bb,17588,8.6356,37
344f154,13723,8.6356,37
41c6ed45,13473,8.6301,37
efd423a,20421,8.6356,37
3960e1a4,14082,8.6329,37
7cb510d2,19833,8.6274,37
a6f76c4,6912,8.6356,37
6e670921,8886,8.6356,37
1f0c78cf,19952,8.6356,37
5034b888,12514,8.6329,61
4d311dc,6415,8.6356,37
757b9ed4,8951,8.6356,37
2383bf5b,11299,8.6356,37
5606a35b,12645,8.6356,61
4ac715b6,27469,8.6247,37
46611d2b,11388,8.6356,37
62fc7ec2,19981,8.6356,37
7ce430ef,16838,8.6329,76
5d24ad44,9886,8.6356,37
3edbc1c0,19363,8.6356,37
4cc31908,19054,8.6356,37
32a6141b,12087,8.6329,61
4a90d186,16604,8.6356,37
2a25ccd5,27318,8.6356,37
7efa9bc0,22447,8.6356,88
7cfe4ec8,17692,8.6356,37
2859f996,11499,8.6356,37
302eac30,18996,8.6356,37
34698d84,12230,8.6356,61
1e673452,9433,8.6384,37
10e1b158,16658,8.6384,37
3647511d,27089,8.6384,113
6a46ed2c,16363,8.6356,37
55ebd058,8897,8.6356,37
2d9672cc,20092,8.6356,86
a741688,10074,8.6384,56
17020def,13217,8.6384,37
1c607647,8261,8.6384,37
2fe6715,20313,8.6384,37
2894e194,14918,8.6384,37
2ffefc1c,18256,8.6301,37
303365ea,18254,8.6384,37
41846a36,13982,8.6384,37
4e93bbd3,13910,8.6384,37
1655a001,15782,8.6356,37
3de28b14,7025,8.6329,37
5f559344,16351,8.6384,37
c4be65e,7373,8.6384,37
37a50a7e,7665,8.6384,37
1eb69db5,10736,8.6384,37
77489e2f,17997,8.6384,37
6d0af294,10730,8.6384,37
3ea0807d,16659,8.6384,37
21498b2d,12630,8.6384,61
b38e184,10459,8.6384,37
311c2c25,11675,8.6384,37
b85f113,8524,8.6384,49
66f813ad,12102,8.6384,61
2a00fa37,7645,8.6384,37
7a2d8656,10548,8.6384,37
3dfc2edf,15160,8.6384,37
5e84ed69,16112,8.6384,37
78c7e86f,7929,8.6356,37
553b6402,7852,8.6384,37
5cf9c4fd,17948,8.6384,37
54b8036b,11683,8.6356,37
433257c5,14280,8.6384,37
3a24056f,8363,8.6384,37
7d6716d4,16083,8.6384,37
7372660e,10318,8.6384,37
22af8bda,18989,8.6384,37
38baed9d,15894,8.6384,37
7dae9de8,20095,8.6356,86
1d8cc645,12695,8.6384,61
43a36f75,19370,8.6356,37
2c1aa499,17933,8.6384,37
25522d2f,9697,8.6384,37
5e97692e,16302,8.6356,37
6976d4e,11550,8.6356,37
6049c23f,14409,8.6384,37
7fd03f69,22483,8.6384,88
3db293ff,20656,8.6384,37
4bdf5ee9,11978,8.6301,37
2e6490a5,17658,8.6384,37
1324753a,27141,8.6384,113
6df13b40,7629,8.6384,37
7538a3b4,7930,8.6384,37
5c680801,8313,8.6384,37
56834a91,11894,8.6384,37
6e59c6cf,13516,8.6384,37
66be78de,16723,8.6384,37
2716472,9487,8.6356,37
1ec55c3d,15648,8.6384,37
52de4ab6,20081,8.6384,86
4733a0bb,20672,8.6384,37
7a78979f,9698,8.6384,37
7e35d4e9,11449,8.6384,37
5ad3e99c,8901,8.6356,37
3fac05,27384,8.6384,37
e2f740f,9192,8.6384,37
3055ce3a,7555,8.6356,37
21d59fa9,10852,8.6356,37
750f5ea5,19834,8.6384,37
d30941d,15275,8.6384,37
82d9b85,27462,8.6329,37
7d570983,20700,8.6356,37
63ed3c0d,10112,8.6356,37
6c98aca3,10826,8.6384,37
50d8cc71,16689,8.6384,37
4d53f885,20017,8.6384,86
47d4a876,19239,8.6384,37
6e80f99b,12621,8.6411,61
9f2b29e,12252,8.6411,61
54809d83,15929,8.6384,37
5bb7e4f5,17914,8.6356,37
394260ed,18921,8.6411,37
50670a7f,18255,8.6384,37
4c1d24af,16403,8.6411,37
2869f195,17645,8.6384,37
206a97d,14981,8.6356,37
6a5a7fb0,18175,8.6384,37
4fc70608,7365,8.6411,40
28c5b33c,19112,8.6411,37
1f3faa18,16759,8.6411,37
26a1f1b0,18874,8.6384,37
5121442a,7510,8.6411,37
54f84161,14982,8.6411,37
36755e8c,8900,8.6411,37
1f700583,9090,8.6411,37
442b1253,15742,8.6384,37
52cea0fe,9379,8.6411,37
4ed31515,11847,8.6411,37
51104d51,7658,8.6411,37
2419ac3e,13416,8.6384,37
4db574aa,19841,8.6384,37
6a5be4b2,9624,8.6411,37
3c762f51,11017,8.6384,37
6fdf974b,10827,8.6411,37
929be3e,8875,8.6411,37
3ce2b5dd,8350,8.6411,37
245b8c7c,15647,8.6411,37
316309b7,10178,8.6384,37
2215a51f,16687,8.6411,37
6689372d,14594,8.6411,37
4f6c2a7c,8705,8.6384,37
19bd49f6,16563,8.6411,37
666bac97,16089,8.6411,37
2910d164,8898,8.6411,37
69d9d018,12607,8.6411,61
46c6b251,14512,8.6411,37
68574f3f,15598,8.6411,37
53e349b6,19563,8.6356,37
741d0ac2,10174,8.6384,37
73a7a2a,18058,8.6411,37
5546f345,20856,8.6411,88
1ca1bea2,8138,8.6411,37
f6fcee,6671,8.6356,37
54492df0,27537,8.6411,117
367730e7,16820,8.6411,76
9309aaa,11941,8.6411,37
7955a187,8526,8.6411,49
27b2cc25,9219,8.6411,37
109445b1,7889,8.6411,37
d2fdcfe,16364,8.6411,37
25025b4,19894,8.6411,37
33b2023f,9367,8.6411,37
1396035,17982,8.6384,37
728294c0,16825,8.6411,76
71fc72a1,27090,8.6411,113
527c355b,18552,8.6411,37
180edfe9,18215,8.6411,37
7ecc7cbc,19822,8.6411,37
6cb760be,7699,8.6411,37
5f52569e,17387,8.6411,37
4182ff55,9055,8.6384,37
3e2b6d4,12170,8.6411,61
314d3b0a,16664,8.6384,37
76fca73b,27350,8.6411,37
2c799803,15678,8.6411,37
7b1cafa2,14857,8.6411,37
6e7a085e,12631,8.6411,61
ea33c12,11600,8.6384,37
105ce3db,7547,8.6411,37
1965e901,15035,8.6411,37
27e33a8b,28536,8.6384,117
30b7d1c9,14492,8.6384,37
4782ae3f,15280,8.6356,37
209d73fe,8480,8.6384,37
71196a2f,6896,8.6356,37
41a79857,15996,8.6411,37
1306350a,9157,8.6411,37
13bb8d0c,16587,8.6411,37
29746d57,16986,8.6438,76
4ef0bddf,19014,8.6438,37
2f96ce4,11939,8.6438,37
67257e95,27170,8.6438,114
1a3d3706,20415,8.6411,37
7fd9114b,10393,8.6438,37
34663240,7163,8.6438,37
38b1ff2e,19195,8.6411,37
1f796283,27492,8.6438,117
322533ba,18323,8.6411,37
7eb822bd,8854,8.6411,37
dcebf6b,12639,8.6438,61
3a317973,7524,8.6438,37
2112356c,12622,8.6411,61
1e805639,18154,8.6438,37
66cd8765,15961,8.6438,37
5706902e,13269,8.6438,37
17721950,12476,8.6438,61
670f76f7,12738,8.6438,61
7b22c5b1,16606,8.6384,37
71de831f,15949,8.6438,37
123afaea,16214,8.6438,37
e1e9e94,9331,8.6438,37
63fcddab,16071,8.6438,37
663f7cb0,18475,8.6438,37
23972737,6593,8.6438,37
33817ba4,16084,8.6438,37
5987e7ef,10879,8.6384,37
5c9378f1,11642,8.6438,37
4154552f,20142,8.6438,86
5be06cad,8280,8.6411,37
3d3e40a1,11285,8.6384,37
7aade307,12714,8.6438,61
19b32c50,22506,8.6438,88
416eaecf,11927,8.6411,37
14e3ebd7,7344,8.6438,39
e9ad50b,19358,8.6384,37
1bbaaa04,12719,8.6438,61
1bebd48f,9485,8.6411,37
2fc709eb,10509,8.6438,37
77ada395,13485,8.6438,37
3989ddee,10212,8.6438,37
7c0339fc,18511,8.6438,37
6b1cffc6,15278,8.6411,37
7137483b,10696,8.6438,37
6f56c4af,7164,8.6438,37
6269d5e,20837,8.6438,88
53cfa2a3,18073,8.6438,37
630f98bf,10075,8.6438,56
6f61b9d7,7028,8.6438,37
245c4290,11964,8.6438,37
1622f728,9159,8.6384,37
9f75f33,10895,8.6438,37
6bbaf0db,16634,8.6411,37
2db467fe,16098,8.6438,37
2c2e5ed7,19823,8.6438,37
1f9382a6,9560,8.6411,37
239395a7,27072,8.6384,113
2d168dbc,17777,8.6411,37
6dbaf990,20676,8.6438,37
667c5894,9094,8.6438,37
1aa90b46,7876,8.6438,37
7310b62f,16215,8.6438,37
70159c59,19359,8.6411,37
4f940151,12624,8.6411,61
56760e72,7683,8.6438,37
20a16b5d,15112,8.6438,37
76b4e1a9,11031,8.6438,37
7c8acc44,11057,8.6438,37
137bc40d,13514,8.6438,37
1cfa50f3,13591,8.6438,37
75984d8e,8821,8.6438,37
5e483be3,11456,8.6438,37
740a3482,27142,8.6411,113
4696750c,10825,8.6356,37
391cdda2,15772,8.6411,37
e5f0332,8032,8.6438,37
34dc3ea5,19016,8.6411,37
6b721451,11087,8.6438,37
17a7787d,27539,8.6438,117
1dc2dc9e,10902,8.6438,37
3108c761,12694,8.6438,61
1fdfbeb0,29721,8.6438,117
14f2a7f9,8896,8.6438,37
633649c9,9381,8.6438,37
423e20aa,15163,8.6411,37
43f28a7b,7664,8.6438,37
125bfbcd,15472,8.6438,37
33d7ecc,12314,8.6438,61
30b53571,16710,8.6384,37
67c3d04e,10203,8.6438,37
2a0bcae8,14278,8.6438,37
639c663d,16019,8.6411,37
1e198cf8,20425,8.6438,37
42281a7b,6481,8.6438,37
5b2fa1f2,12311,8.6438,61
22175b79,16592,8.6466,37
563f9959,22461,8.6438,88
5446ba27,27388,8.6466,37
72c0a16c,12643,8.6466,61
39869eab,18074,8.6466,37
6ebf76cc,7519,8.6438,37
40cb5994,15116,8.6466,37
213d5428,18922,8.6438,37
56014aa2,12101,8.6466,61
1b5e42ac,7644,8.6466,37
1c3bfaa,22502,8.6411,88
4a1427ae,13209,8.6466,37
161c3014,18597,8.6438,37
7fbe4b59,20047,8.6411,86
14db0ff6,8300,8.6466,37
85ef771,16652,8.6466,37
7fb5eafe,12236,8.6466,61
7568e2af,14551,8.6466,37
af2760c,10828,8.6466,37
5a408fb6,14924,8.6438,37
4c9ccc2e,20159,8.6466,86
7ed33288,7646,8.6466,37
67087948,7071,8.6411,37
396b7720,8907,8.6466,37
13bc319f,16233,8.6466,37
749c0612,12685,8.6466,61
38938243,7655,8.6466,37
507af3f0,13362,8.6466,37
32ca5ca8,11189,8.6466,37
4008a3a7,9699,8.6466,37
54308122,12733,8.6466,61
60e50b1e,6819,8.6466,37
331d34f9,22465,8.6466,88
368daca6,15276,8.6438,37
666402c4,11421,8.6438,37
7f7cd2bc,12186,8.6466,61
24cfb969,16330,8.6466,37
627bfd16,7466,8.6466,37
23a6bd83,12567,8.6466,61
3a566279,8406,8.6466,37
638b90ab,16092,8.6438,37
5ea55281,15178,8.6466,37
48f9b673,12735,8.6466,61
413550bf,8527,8.6438,49
ac1eaf1,16091,8.6411,37
f0e8ff4,13976,8.6466,37
64d58602,17970,8.6466,37
3e7c373c,15895,8.6438,37
40659dc6,8735,8.6466,37
8c8e65e,18671,8.6466,37
12db67f2,20165,8.6466,86
7e3c53c2,11678,8.6466,37
3189a04d,19702,8.6466,37
71b6dc45,10052,8.6466,37
105f29d8,12180,8.6466,61
381bc176,10165,8.6466,37
58d260e5,19042,8.6466,37
1f41db4e,18594,8.6466,37
37042a62,18265,8.6438,37
2a23a086,8937,8.6466,37
c2bd4f9,27540,8.6466,117
604c9266,14936,8.6466,37
79b7b9a1,15732,8.6466,37
7420bbe4,12194,8.6466,61
3fbe38cd,19993,8.6466,37
2e341fdf,17332,8.6466,37
6a0ac109,11953,8.6438,37
553293ca,8736,8.6466,37
5bf6b454,20160,8.6493,86
674834aa,12734,8.6493,61
59b3ed74,18251,8.6493,37
18de994b,8989,8.6466,37
7664da10,10270,8.6493,37
6fa6cf47,15837,8.6466,37
502f4d12,20043,8.6493,86
16b1d22e,28615,8.6438,117
7a490572,15584,8.6493,37
2a2df471,20677,8.6493,37
406bfb,15010,8.6493,37
18f8e97f,11744,8.6493,37
2a280d87,8990,8.6493,37
6fe3facf,8034,8.6493,37
6cff5b7b,20429,8.6493,37
55577013,12696,8.6493,61
3313f48a,11252,8.6493,37
593d835a,7647,8.6493,37
f1b40e,8392,8.6466,47
29783f30,20096,8.6493,86
3fca9de7,27186,8.6493,114
13d19930,8603,8.6493,37
2643ef43,27143,8.6493,113
4e2ac504,10512,8.6493,37
25e44c83,18366,8.6493,79
3a635916,22491,8.6493,88
7058d807,11662,8.6493,37
1bf96773,10640,8.6493,37
1cfea0db,12632,8.6466,61
3c75e1bb,10162,8.6493,37
238e623b,13911,8.6493,37
731c4bc6,16871,8.6493,76
1a0dd506,15943,8.6493,37
9e697c5,18490,8.6493,37
59a9a378,17947,8.6438,37
48fa91f0,12175,8.6493,61
3c2bd80c,6851,8.6493,37
1ce38f3,19371,8.6466,37
1568f9d1,16133,8.6356,37
9818f9d,16757,8.6493,37
6b08dd19,19737,8.6493,37
1bf1792b,8922,8.6493,37
4985bdf5,17033,8.6493,76
7f672ea9,22439,8.6438,88
4c7d2e3f,18332,8.6493,37
44daa517,7853,8.6493,37
61b0d2bc,15993,8.6493,37
7198c780,13753,8.6493,37
6c27191e,9833,8.6466,37
45a30160,16075,8.6466,37
1596b653,3647,8.6493,29
303f6e08,11958,8.6493,37
3f894fa,11034,8.6493,37
2548ba08,16719,8.6466,37
187b7d1a,20143,8.6493,86
57fd6f81,12611,8.6493,61
60ee0639,12080,8.6493,61
406a1059,18362,8.6493,79
b6e7972,27389,8.6493,37
37539ef9,20126,8.6493,86
271c99e4,18371,8.6493,79
4f39e7e1,11688,8.6493,37
64b61ca9,10928,8.6493,37
27a67a62,11981,8.6493,37
353c7b8d,18923,8.6493,37
35ba8424,20157,8.6493,86
613d856e,8697,8.6493,37
75dc8641,9092,8.6493,37
236a7b64,11502,8.6466,37
42104089,20057,8.6493,86
4f0bbb50,18993,8.6466,37
5e74c27e,20128,8.6493,86
2eb5238f,8702,8.6493,37
6ee13ad8,8375,8.6466,46
7ca2dd6f,20704,8.6466,37
43d97b7,27187,8.6493,114
31365e4,17899,8.6493,37
6443b8a4,13417,8.6493,37
ee048e6,18367,8.6493,79
6688e6a2,17934,8.6521,37
7eac83d2,14693,8.6521,37
7d3823b,27431,8.6521,37
34b9604b,12724,8.6521,61
b785d5f,14928,8.6521,37
2a641764,20020,8.6493,86
304ca3e9,16575,8.6466,37
2b153d81,16585,8.6493,37
624e1f19,11943,8.6493,37
681bfb03,7912,8.6466,44
3d1d5e02,14550,8.6521,37
3fe68515,16560,8.6521,37
2d42f327,16987,8.6521,76
1ab6c66f,8698,8.6521,37
4d0c7675,12698,8.6521,61
46498cec,10650,8.6438,37
7c2894c9,8170,8.6521,37
1a7fc8b0,12560,8.6521,61
5081b09d,22466,8.6521,88
7e90cb26,12543,8.6493,61
74b406f4,15012,8.6466,37
4c825a77,27074,8.6521,113
115a1e22,15947,8.6493,37
696b2ed4,19844,8.6521,37
3d3c16ab,7516,8.6521,37
63b3a299,20678,8.6493,37
22d91bc3,11192,8.6493,37
12748cc2,17949,8.6521,37
5bde6f18,11944,8.6493,37
4f205969,16574,8.6521,37
627caf25,16721,8.6493,37
31f99d7e,11459,8.6521,37
5b149f81,6915,8.6521,37
6d300abd,14487,8.6521,37
2096ed63,10904,8.6521,37
5d798662,11661,8.6493,37
22eef2db,10163,8.6521,37
4fe671d9,11178,8.6521,37
580c70b3,17935,8.6521,37
49d7a746,11898,8.6521,37
1cfaec8d,20492,8.6521,37
60ee2e72,11300,8.6493,37
2fc5328e,22807,8.6521,88
64103d7f,8703,8.6521,37
751c0231,14469,8.6521,37
4ce03a55,16303,8.6521,37
515f9912,12118,8.6411,61
4a372005,16859,8.6521,76
3477b38c,19116,8.6493,37
3a3195b7,7954,8.6521,37
774e3236,18324,8.6521,37
55ab1fff,27890,8.6521,117
40a03d2,27032,8.6411,37
637b5a65,15045,8.6493,37
5551f790,18524,8.6521,37
5388a08e,16297,8.6466,37
7c82dbe,12529,8.6466,61
3e59f750,10229,8.6521,37
bdefef6,13507,8.6521,37
646e6a7c,18554,8.6521,37
72f42aaf,27320,8.6493,37
34174c92,17386,8.6521,37
4505ce37,9368,8.6521,37
52af7161,20141,8.6493,86
15d98c9,8376,8.6493,37
f2027ac,18372,8.6548,79
107b9f44,14860,8.6548,37
643f3409,8299,8.6493,37
4db27596,19372,8.6521,37
20443739,12165,8.6548,61
2ed769da,11350,8.6521,37
33559f75,13518,8.6548,37
496aca04,11945,8.6548,37
6d95524c,13472,8.6521,37
6c695d38,7944,8.6548,37
3c4e6c95,10149,8.6548,37
79e570d6,19554,8.6548,37
2f6e8e18,16837,8.6521,76
6654e6a8,27450,8.6548,37
2194df1c,14000,8.6548,37
732d68b,22454,8.6548,88
5503657b,10853,8.6548,37
14a3b8d5,20506,8.6521,37
13c8e962,8604,8.6548,37
25fe31e,22484,8.6521,88
2eda9249,11500,8.6548,37
7c060525,12641,8.6548,61
4cb97693,13515,8.6548,37
45d51ac1,18997,8.6521,37
110278e0,19374,8.6548,37
6cb83ecd,10994,8.6521,37
6bb2d027,8687,8.6521,37
6dccc82,10888,8.6466,37
49b71c1,11551,8.6548,37
297879c9,18252,8.6548,37
54b6a729,15254,8.6548,37
34eed9e1,16989,8.6548,76
6ba4b3c4,20430,8.6548,37
1f83948,27319,8.6548,37
601649b1,20389,8.6548,37
2325944f,19086,8.6548,37
6c01189a,7061,8.6548,37
2c734e2b,19988,8.6548,37
7e7ac1d5,15191,8.6548,37
712c3a24,7114,8.6548,37
150d2953,20097,8.6548,86
23393fcf,20499,8.6521,37
b652614,19845,8.6548,37
6e1f3644,27407,8.6521,37
1b08c046,9299,8.6548,37
673325c5,9450,8.6548,37
d1eb9ab,16212,8.6521,37
2f696b9a,17857,8.6548,37
639acb5,20418,8.6521,37
72be94c1,18220,8.6548,37
cdd9a5e,15450,8.6548,37
74f6b98f,13475,8.6548,37
4cfe921c,18476,8.6548,37
2d5eaefe,11133,8.6521,37
16b9bf79,14294,8.6548,37
76d6d89a,11817,8.6548,37
372d2d0e,13772,8.6548,37
78299c52,19197,8.6548,37
58d02839,15731,8.6521,37
6ca96712,18581,8.6548,37
647d6430,10449,8.6548,37
1e6aec62,11731,8.6548,37
63adfa61,9380,8.6548,37
45f3caa1,27884,8.6548,117
521d88d,11301,8.6548,37
5bbad07a,11532,8.6548,37
1e8f7fa7,27124,8.6548,113
127a2e93,19553,8.6548,37
490758bf,12489,8.6548,61
426904a2,8361,8.6548,37
4fdd2595,10900,8.6548,37
c90944b,11013,8.6548,37
7f21f7c6,20504,8.6548,37
75e7a094,15881,8.6548,37
53b0c230,27321,8.6548,37
5b0a36c1,15994,8.6548,37
2be575a1,14801,8.6575,37
5a934298,11959,8.6575,37
63ce8349,19843,8.6548,37
36ba6c42,11099,8.6575,37
38b1032f,6953,8.6575,37
3c8cf86a,15451,8.6575,37
3c44ca27,8704,8.6575,37
2b87c22d,11286,8.6548,37
6dbc4835,14488,8.6575,37
6bae5e44,8600,8.6575,37
4e3a7363,9356,8.6521,37
152e8d66,17778,8.6575,37
fa17816,15473,8.6575,37
1aa24565,13874,8.6521,37
71e9c39,18980,8.6575,37
66ba7401,19591,8.6548,37
62dfd108,15281,8.6548,73
6ade395b,12312,8.6575,61
47c977c5,27554,8.6575,117
19528f6d,9229,8.6575,37
2cfdfa3a,11856,8.6575,37
3036393c,16593,8.6575,37
2b39da80,18520,8.6575,37
261d016d,27546,8.6548,117
65f213be,10053,8.6548,37
43b8a6b3,11098,8.6575,37
640c39e5,2511,8.6575,23
184023e,10683,8.6575,37
4fdc7d0a,8507,8.6575,48
3a46f8ac,12107,8.6575,61
3f803d10,19198,8.6548,37
1e344d2c,7844,8.6575,37
32ac47cd,20445,8.6575,37
3fa25aac,27542,8.6575,117
17498f5,13445,8.6575,37
26a4fbb4,20800,8.6575,37
3d15e8da,18113,8.6548,37
6dd7529a,3624,8.6575,29
2c87828,13476,8.6575,37
59339a08,13227,8.6548,37
400d12b6,11543,8.6548,37
651b8972,17950,8.6548,37
77daee33,11895,8.6575,37
204e31d0,8572,8.6575,37
87e0fcd,7340,8.6548,39
319757a9,10854,8.6548,37
72dcb3a,20164,8.6521,86
66d8a9f9,10055,8.6575,37
23f04368,14937,8.6548,37
111c8cde,11088,8.6521,37
408dff9c,16995,8.6575,76
38f59027,20370,8.6575,37
3354a28f,20098,8.6575,86
46dbb247,7046,8.6575,37
6985d41f,27494,8.6575,117
7d6505a0,14778,8.6575,37
53bfe45,9972,8.6575,37
6b338059,22499,8.6575,88
70e15ef2,12608,8.6575,61
378359dd,20500,8.6575,37
621e1288,15274,8.6575,37
155877da,18998,8.6575,37
6f34bd4d,10027,8.6548,37
42545cc7,19039,8.6575,37
50cc9c57,14880,8.6575,37
67cc733,20127,8.6575,86
4ce8dc64,19896,8.6575,37
2c3a135a,18474,8.6521,37
7154f0ce,27057,8.6575,37
18a00cae,27376,8.6575,37
788515d6,19196,8.6575,37
7204ed5e,10613,8.6603,37
50b8a46c,22528,8.6603,88
ed89087,18325,8.6575,37
1605388e,9903,8.6603,37
467ea43d,22609,8.6603,88
13c5cfb1,8473,8.6603,37
59d339e6,11863,8.6603,37
66adbb1a,7854,8.6603,37
55c1b4be,18649,8.6548,37
684451f0,27558,8.6575,117
28985917,20130,8.6603,86
23664275,11193,8.6603,37
69c72be4,16016,8.6575,37
7bda76e3,22459,8.6603,88
31db63b9,15077,8.6575,37
5b61c474,19596,8.6603,37
4a855087,19199,8.6603,37
62404a5a,20094,8.6603,86
8ec2b00,11934,8.6603,37
5dfb0c0d,8823,8.6575,37
3d1a6e5d,15673,8.6603,37
5d68f13e,8467,8.6575,37
34b575b8,13405,8.6603,37
31ab9c47,11096,8.6575,37
5fad74a9,12602,8.6603,61
45d69f63,20371,8.6603,37
5ad12ad4,9924,8.6603,37
37f5dc6d,20056,8.6603,86
2babb2a0,15945,8.6548,37
3c9fe06,17936,8.6603,37
7295449b,16097,8.6603,37
21415797,16015,8.6521,37
33232427,18242,8.6603,37
384ee166,27491,8.6575,117
74bb01a7,10905,8.6603,37
2c522237,10740,8.6603,37
70435c5,12721,8.6603,61
488eb192,10015,8.6603,37
6494371d,17355,8.6603,37
596af222,16248,8.6603,37
4dd5a57e,12171,8.6603,61
6ec9dce6,6594,8.6603,37
7f664ed7,18022,8.6603,37
42597288,18262,8.6575,37
16750075,12544,8.6521,61
7309901,15046,8.6603,37
9c59027,16923,8.6575,76
4418673e,17746,8.6603,37
69f557e,13398,8.6603,37
4e27f02c,7469,8.6575,37
6bc61567,12254,8.6603,61
53dbec14,20431,8.6603,37
6c60beb6,12965,8.6521,37
45954795,19590,8.6603,37
3442699b,7115,8.6575,37
6aaaa90,11896,8.6603,59
6ff43f59,18244,8.6603,37
608a91f,11899,8.663,37
69ceefa4,8935,8.663,37
4e675db7,18334,8.663,37
a7bdd5,18115,8.663,37
52db4ea5,19955,8.6603,37
35c07602,20387,8.663,37
1e723fcd,19954,8.6548,37
43a4ac8f,12646,8.663,61
5d09d890,11504,8.663,37
2977bc63,20166,8.6603,86
4708f3b4,20059,8.6575,86
1403f58d,12691,8.663,61
72a5f356,27171,8.663,114
617b78ca,17680,8.663,37
75fb5422,27452,8.663,37
7edf788d,10700,8.6603,37
ef068ee,10731,8.663,37
233d0b43,16924,8.663,76
19ba8ac6,8634,8.663,37
36cf8797,10776,8.663,37
33519ad3,16642,8.663,37
787de8e9,18512,8.663,37
4b2d8332,10448,8.663,37
35dcb19a,12606,8.663,61
1d6f7135,8909,8.663,37
7fe57b89,11094,8.663,37
40dde1a4,15656,8.663,37
577073f6,17939,8.663,37
7f058e3,13446,8.663,37
af4d44c,18373,8.6575,79
4f858e3e,12730,8.663,61
531d52a7,18924,8.663,37
7c6259a1,13975,8.663,37
28d97a18,10810,8.663,37
3e09eb11,12530,8.663,61
2d6b08a0,19555,8.663,37
14daffc0,12083,8.663,61
7a1b13ab,14952,8.6603,37
19f1bf4a,15612,8.6603,37
6c2a9adc,7890,8.663,37
2f4d5c66,10939,8.663,37
de9846f,27885,8.663,117
19767177,7349,8.663,39
2132f4ff,15741,8.663,37
4089eb96,11544,8.663,37
645922d3,20839,8.663,88
255218cb,14920,8.6603,37
36fc67d2,11862,8.663,37
408aae8f,11519,8.6603,37
f0538df,10777,8.663,37
39a6a0cc,16045,8.663,37
14445291,16607,8.663,37
21e59492,8818,8.663,37
70083b1,12551,8.663,61
bacf35d,8734,8.663,37
3dcae863,11422,8.663,37
3006aa4c,10271,8.663,37
3398aaf6,14719,8.663,37
5f4281c3,10903,8.663,37
35a1e3b8,12638,8.663,61
4758a9a0,14493,8.6603,37
30706b8a,13418,8.663,37
4649b868,22809,8.663,88
3cf04a85,8822,8.663,37
dce75fb,20048,8.663,86
37c8ebd9,8699,8.6603,37
457ea91,18517,8.663,37
71494537,16839,8.663,76
19bc5b7f,16128,8.663,37
12feee4,11979,8.6603,37
3a978f32,12728,8.663,61
31233201,17747,8.663,37
13eca2b,20332,8.6603,37
3ae547c6,12084,8.663,61
44c3d6b0,13592,8.663,37
422b2f05,16665,8.6658,37
3533daf9,27338,8.6658,37
25f870ee,8927,8.6658,37
6ddb67ec,7556,8.6658,37
7fd454b7,9625,8.6658,37
649c0f4f,8239,8.6658,37
4fd3f537,8240,8.6658,37
294a9323,13470,8.6658,37
74e60b51,14984,8.6658,37
708484f5,18513,8.663,37
20aebd9f,8396,8.663,37
1978d550,9508,8.6658,37
1517daf2,9135,8.6603,37
189857cd,18023,8.6658,37
42cbbc0d,17339,8.6658,37
45d7b410,16569,8.6603,37
1d462351,13423,8.663,37
2a338b26,8910,8.663,37
704f9792,12633,8.663,61
6ffb6642,7750,8.663,37
430b8c47,7736,8.663,37
75d755bb,15649,8.6658,37
7928bf94,17420,8.6658,37
4dd51f85,8033,8.6658,37
52a3dbcc,10715,8.6658,37
1d9636ae,9274,8.663,50
21feee97,8675,8.663,37
44b2f41a,15646,8.6658,37
8033afb,19226,8.6603,37
240c4e13,10897,8.6658,37
67f023a5,16024,8.663,37
72508653,16711,8.6658,37
2191be27,22493,8.6658,88
766e30d3,14478,8.663,37
fa5253,11505,8.6658,37
2cb6b4ed,19995,8.663,37
3816798b,7203,8.6658,37
3f792ef2,19164,8.6658,37
6dc38b84,27398,8.6658,37
6f9dec9c,27027,8.663,37
744b5b0d,27019,8.6658,37
7f9aae2e,20049,8.6658,86
9621191,11093,8.6658,37
780c3492,14494,8.6658,37
56b19bad,6817,8.6658,37
7cf0a48b,8393,8.6658,37
6587cc1d,27891,8.6658,117
7c36cc9b,7737,8.6658,37
26805c43,16656,8.6658,37
5f2d60e4,20812,8.6658,88
491b838,3655,8.6658,29
4e09ee25,20129,8.6658,86
6acfc1e3,15325,8.6658,73
4fe4d2d0,18002,8.6603,37
5e51b61e,27390,8.6658,37
57089594,22485,8.6658,88
56712196,8688,8.6658,37
42253262,9145,8.663,37
16db6f15,8509,8.6658,48
11178d7e,7525,8.6658,37
2a01efd,17885,8.6658,37
5d02f2ae,15613,8.6658,37
1b8e7a86,17034,8.6658,76
19dbc8fc,7914,8.6658,37
1a169c15,9489,8.663,37
5386ceeb,16216,8.6658,37
234b1a52,7877,8.6658,37
1efe7cd8,20050,8.663,86
38ce9036,3652,8.6685,29
764c7fcb,10468,8.6658,37
5d296680,13218,8.6685,37
366bd685,14983,8.6658,37
3197c5d6,18981,8.6685,37
5403a499,6482,8.6658,37
39760a7d,8276,8.6685,37
2cd198bf,18925,8.6658,37
23e75186,10054,8.6685,37
6a890e0f,12128,8.6685,61
52ddcfb6,14279,8.6685,37
6325d4c1,12196,8.6658,61
4391ac7a,20838,8.6658,88
5a63beef,27073,8.6685,113
78383ada,12231,8.6685,61
274cad90,10214,8.6685,37
4a4c08e8,18519,8.6685,37
7b4ae278,16093,8.6658,37
3c99af38,18665,8.6685,37
54ebc9b,20424,8.663,37
368f688,12496,8.6685,61
2f9d9dbf,22448,8.6658,88
31003aa4,20158,8.6685,86
5e0c171b,20851,8.6685,88
7e7e7924,27379,8.6685,37
2e56d225,27497,8.6685,117
29fdb542,18021,8.663,37
1777dba9,12465,8.6685,61
fa8f498,10896,8.6685,37
4c2cb79b,8831,8.6685,37
5484006c,27339,8.6685,37
7d0723c6,12566,8.6685,61
15ba57aa,22440,8.6685,88
35c304ca,7341,8.6685,39
1a7fb9c3,27011,8.6658,37
6e0c5d80,10056,8.6685,37
2ad14a94,13261,8.6658,37
719fe50,15526,8.6685,37
604feed1,22474,8.6685,88
299834f4,22462,8.6685,88
6ccb81b1,7047,8.6658,37
6c234f05,9834,8.6685,37
21a77b3a,8817,8.6658,37
4c062dff,17338,8.6685,37
425a151,13262,8.6658,37
1b83fe62,11344,8.6685,37
6daed170,10469,8.6712,37
103a70ef,13448,8.6712,37
7bb2d33e,11347,8.6658,37
393c7490,17956,8.6712,37
26768ea3,12172,8.6712,61
65083f8a,12181,8.6712,61
79c3eb3a,18253,8.6712,37
3f4a4f4f,16861,8.6712,76
4511dca8,7048,8.6685,37
6fe66191,27322,8.6712,37
5780513f,12123,8.6712,61
73d0c02a,11294,8.6712,37
1e8dd928,18240,8.6712,37
5532a2cd,13517,8.6712,37
4e297c1b,9354,8.6685,37
6e18fd,16591,8.6712,37
518a9f60,7491,8.6712,37
75ca494a,19212,8.6712,37
57e8a42,11766,8.6685,37
451a64ea,17937,8.6712,37
1cb4cfbf,19529,8.6712,37
893ea78,16404,8.6712,37
35433544,20811,8.6712,88
1264babf,8902,8.6685,37
63b90e2b,12975,8.6712,37
75121b82,17940,8.6712,37
5957e971,14986,8.6712,37
6ed101a6,11097,8.6685,37
45328201,17728,8.6712,37
20195f2e,22473,8.6712,88
4663263d,14489,8.6685,37
24162f11,27116,8.6712,113
20d9c366,13447,8.6712,37
1274dcbd,27076,8.6712,113
1d61d948,13232,8.6712,66
71aa6ff6,11590,8.6712,37
1ba0aec2,11351,8.6712,37
2f558c9c,10714,8.6712,37
44ad2145,15921,8.6712,37
2a810845,11552,8.6712,37
876073c,9357,8.6712,37
163e6e4e,11457,8.6712,37
3b34d2c5,20417,8.6685,37
19d536c6,16213,8.6712,37
21229d27,20390,8.6712,37
1338e0eb,22464,8.6712,88
440bdb53,18926,8.6712,37
59349bed,8492,8.6712,37
69e7f50b,12188,8.6712,61
5c9986b5,14293,8.6658,37
46d21f36,12909,8.6712,37
3bc41ff2,19191,8.6685,37
6d5dfa2c,15242,8.6712,37
7d61651c,13875,8.6712,37
20396298,7135,8.6712,38
2b1cee29,22463,8.6685,88
303c5f37,10058,8.6712,37
32b24f86,10891,8.6712,37
448d8549,8819,8.6658,37
76199251,10729,8.6712,37
82c4657,12750,8.6685,61
3e23289a,12187,8.6685,61
5a3b7582,12629,8.6712,61
428252da,11228,8.6712,37
63bf5bf5,9382,8.6712,37
1f67d8cb,18543,8.6712,37
7a55cf3c,14295,8.6712,37
52dabaf2,16087,8.674,37
382e4000,8362,8.674,37
a7e77bd,8811,8.674,37
3938b5e2,20679,8.674,37
6d40a1d6,10741,8.674,37
6a4a9ba6,12315,8.6712,61
202ee8af,4986,8.674,1
5cc5ceed,9329,8.6658,37
34638ab2,12263,8.674,61
a4ab033,18333,8.674,37
5df65a45,11643,8.674,37
2fb645b0,12715,8.6712,61
7a87cee,11707,8.674,37
207618f0,13088,8.674,37
58bc8f00,16641,8.674,37
3777d220,19114,8.6712,37
2af19abb,13506,8.674,37
6e7acc07,20058,8.6712,86
52028a47,15572,8.674,37
5beda4f5,27496,8.6685,117
123904a0,17793,8.674,37
7defd971,12729,8.6685,61
454d283f,18116,8.674,37
3dbc263,20023,8.6712,86
35a714e1,16230,8.6712,37
36006775,12313,8.674,61
1a20ad5a,11100,8.6712,37
47b5aca7,19897,8.674,37
72f3b671,9056,8.674,37
4ab8a8ac,13381,8.674,37
6a662872,19716,8.674,37
7f364541,16724,8.674,37
60e37d80,13231,8.6685,66
123ee5e9,8459,8.6712,37
a5925af,22507,8.674,88
5ab0180,22805,8.674,88
487a4039,9165,8.6685,37
613daed6,7653,8.674,37
70b90448,19824,8.6685,37
292cb0f,7520,8.674,37
2dc3bcde,27075,8.6685,113
16890c4f,16690,8.674,37
37224ad7,13233,8.674,66
75b06f9b,12725,8.674,61
4d13be21,17333,8.674,37
7d06de11,13593,8.674,37
50c7319b,18221,8.674,37
58d75794,17998,8.6712,37
2eed37a2,15657,8.6685,37
7edf66e8,9029,8.674,37
3562d974,13666,8.674,37
576b53bb,8573,8.674,37
43a15ef0,16990,8.6712,76
295f12aa,8302,8.674,37
107c3ed3,11501,8.674,37
74a833ab,18599,8.674,37
1591e212,11157,8.674,37
369b20ad,15175,8.674,37
3be05b4e,11503,8.674,37
4a1b6047,16204,8.6712,37
50808a64,9443,8.674,37
3ff14691,16085,8.6767,37
672500a,12568,8.6767,61
177a01db,27118,8.6767,113
437d6afa,11288,8.6712,37
760d69ca,6852,8.6767,37
62eb8501,22494,8.674,88
25d8345e,11437,8.674,37
d5ab0a5,6820,8.6767,37
1084cbfd,11816,8.674,37
2ef99761,11758,8.6767,37
4ae72c24,10732,8.6767,37
12e06245,12491,8.6767,61
248d88c7,18076,8.6767,37
462d51a8,16232,8.6767,37
35d8c345,10461,8.6767,37
24bb6df1,16994,8.6767,76
6c381211,17037,8.6767,76
7eb1b9fd,9234,8.674,37
4034ae2f,11332,8.6767,37
33859f87,17938,8.6767,37
4caeb8e3,14581,8.6767,37
60aa83fd,19528,8.674,37
c6f9a0a,20767,8.6767,37
58a0c11,12108,8.6767,61
1a6cc280,20852,8.6767,88
233c088e,7527,8.6767,37
173dd27f,19559,8.6767,37
4202ae0d,15931,8.674,37
3e061c0f,8297,8.6767,37
7dbd1b39,16025,8.6767,37
29f0c8fa,11818,8.6712,37
46a80db,16644,8.6767,37
180bef1e,19623,8.6767,37
534f249d,8510,8.674,48
68cdb2e0,18629,8.6767,37
2e823ab3,7446,8.674,37
5da7bc9f,15009,8.6767,37
48d610c1,27117,8.6767,113
186a3d58,15980,8.6767,37
32ab9904,20082,8.6767,86
5208888a,10765,8.6767,37
2a20ca12,10057,8.6767,37
63e9b2f3,19238,8.6767,37
d646433,11533,8.6767,37
1b3ee1cd,14047,8.6767,37
126f5e4c,19117,8.674,37
5848af04,8397,8.674,37
240dbd97,17659,8.6767,37
3762d8e2,27495,8.6767,117
19329ad7,20168,8.6767,86
40039c8a,19996,8.674,37
37d9303e,9445,8.6767,37
5b858f81,18293,8.674,37
7a81e9db,14075,8.6767,37
7768307e,12553,8.6767,61
9ceb66d,11819,8.674,37
29127213,12545,8.6767,61
3b94ed3f,11480,8.6767,37
b7a3870,7521,8.6767,37
4126a6b6,19598,8.6767,37
3954fd99,8707,8.674,37
63b7fb7b,15585,8.6712,37
6680cfa6,16370,8.674,37
12e7c6d6,8928,8.6767,37
39c7c1ed,11194,8.6795,37
cc14926,10880,8.6767,37
507117e6,22806,8.6795,88
30ec1fb1,17002,8.6685,76
6583a4df,14985,8.6767,37
63b582a8,10447,8.6795,37
1c11be0c,18024,8.6795,37
1a1f4cd1,15674,8.6795,37
4209b653,8323,8.6795,37
56fadf02,8394,8.6795,37
12483834,29723,8.6795,117
33805af,20161,8.6795,86
6321a8dd,17999,8.6795,37
6c9521c4,15326,8.6795,73
57e92cd7,20853,8.6712,88
3f4f2dfa,9488,8.6795,37
782dcc9a,4989,8.6795,1
7c1952c1,17003,8.6795,76
12906adf,22495,8.6795,88
574ef248,9510,8.6795,37
5c8853aa,20074,8.6795,86
2711e208,8700,8.6767,37
3646a2a7,16766,8.6767,37
22fcf167,15785,8.6795,37
73858ad9,10179,8.6795,37
649fc168,7956,8.6795,37
16baca95,27461,8.6795,37
76dbdde0,20375,8.6795,37
5959b44d,16044,8.6795,37
46ef58f1,17041,8.6795,76
6ec6e386,13477,8.6795,37
57e33b77,10466,8.6795,37
6d963763,22472,8.6795,88
2db8a626,16826,8.6767,76
112c5bb0,16862,8.674,76
482f40c0,16017,8.6767,37
145e4b89,11195,8.6767,37
7c3f56b2,15575,8.6795,37
222a6ed5,9875,8.6795,37
231cea44,11089,8.6795,37
3d260b39,18708,8.6767,37
5bc20d17,10077,8.6795,56
417e2ee4,17004,8.6795,76
5d4e5a1b,8878,8.6795,37
398df57f,8824,8.6767,37
6ea87898,12547,8.6795,61
60fd050e,20712,8.6795,37
34ff4eb4,27207,8.6795,114
7f9e5789,10017,8.6767,37
50af54e3,11095,8.6795,37
6df7584,18934,8.6767,37
489b1105,16872,8.6795,76
769c31dd,10166,8.6795,37
45b43580,18000,8.6795,37
5e883df2,9451,8.6795,37
6f966999,20361,8.6767,37
121852ba,11506,8.6767,37
21b7ac5,18114,8.6795,37
66675733,18246,8.6795,37
4e66f2f,8301,8.674,37
72f435d,14814,8.6795,37
3ae120c7,16666,8.6795,37
6abc28a3,2512,8.6795,23
33a8aa63,8826,8.6795,37
6f2abdea,15013,8.6795,37
5cfe4fd0,20809,8.6795,88
570c8ddc,11156,8.6795,37
12fa827c,18681,8.6767,37
2181ceec,19956,8.674,37
1b7ee2db,16868,8.6795,76
3550aeab,20362,8.6795,37
601b7b0,16099,8.6795,37
29d8ff32,19118,8.6822,37
222c86f,9876,8.6822,37
455cb8e8,17900,8.6822,37
7549631e,17660,8.6822,37
16f6062,18009,8.6822,37
78aad18f,8993,8.6822,37
617278b9,20419,8.6822,37
7e7ee630,16762,8.6822,37
1031b7a2,18329,8.6822,37
300ac6b4,10742,8.6822,37
7048b33f,17354,8.6822,37
e650238,20391,8.6822,37
7232aa2,20338,8.6822,37
1ab20143,14549,8.6822,37
7ceb5bc7,18368,8.6822,79
41f8f4b5,9245,8.6822,37
6762ad0b,12195,8.6822,61
5ab9e2a0,28617,8.6795,117
44d1a56f,19997,8.6822,37
4ee30caf,16860,8.6767,76
68f043d7,15282,8.6822,73
7dc9108b,9523,8.6795,37
34fa3880,10463,8.6822,37
62aadcc4,27028,8.6795,37
82ec5bd,27091,8.6822,113
3d56c17b,20854,8.6822,88
580dc069,8486,8.6822,37
745254a0,7345,8.6795,39
6c757b50,7332,8.6822,37
1208584e,27172,8.6822,114
19de1e6d,18578,8.6822,37
2fe68bb7,22508,8.674,88
688ecae0,7350,8.6822,39
38142597,18627,8.6822,37
2be5d88d,12731,8.6822,61
5150798e,12686,8.6822,61
4a70fb20,22610,8.6822,88
54b7f144,7049,8.6795,37
2d739ad3,12647,8.6822,61
4d164ed8,13773,8.6795,37
1a6ff5d7,18652,8.6822,37
1f58d2fd,15733,8.6795,37
52bc93cd,11900,8.6822,37
39ea650f,18628,8.6822,37
2c48a1bf,18672,8.6822,37
46759c64,17036,8.6822,76
1fe3616d,28638,8.6822,117
29f7bba7,17631,8.6795,37
43df618b,27188,8.6822,114
29a35328,15011,8.6822,37
6aae0b45,12552,8.6822,61
2d4fb778,11460,8.6822,37
39f11bf5,16100,8.6822,37
11ae679,20060,8.6849,86
62b74a2c,3643,8.6849,29
53a8cb3c,19740,8.6822,37
5d7d61e,12563,8.6822,61
2913f912,9259,8.6822,37
71ad2036,22455,8.6849,88
64c9e414,27528,8.6849,117
5f95a9b5,11770,8.6849,37
5612dce7,13270,8.6849,37
6978103c,8377,8.6822,37
714c21b5,28552,8.6849,117
5a8e92cc,15255,8.6849,37
28a45029,16234,8.6849,37
1f45cf1,19530,8.6822,37
112584f3,19119,8.6849,37
3f936ce9,7050,8.6849,37
6d29d01a,14495,8.6849,37
2163e0ea,10701,8.6849,37
35bc462a,8635,8.6849,37
168c97b8,22467,8.6849,88
577da74c,16567,8.6822,37
2bb39b86,13529,8.6849,37
f635e3d,20073,8.6849,86
26fb4434,19953,8.6849,37
58b9d4ed,20807,8.6822,88
2a7aa915,18266,8.6849,37
1d226877,15576,8.6849,37
709261c9,19017,8.6849,37
8254f58,11257,8.6849,37
1e2dfc0d,16921,8.6849,76
3be90e5a,27189,8.6822,114
61e0dcdc,27543,8.6849,117
6f8f6147,27408,8.6849,37
4d72bc61,11258,8.6849,37
3c4efc56,20061,8.6849,86
5b2fc13f,10181,8.6849,37
4fbe1644,16821,8.6849,76
17773a66,15574,8.6822,37
6e043920,7518,8.6849,37
5c90d892,16086,8.6849,37
6887bc9b,18003,8.6849,37
7993cc06,16827,8.6849,76
5725945,15034,8.6822,37
4620f946,22521,8.6849,88
682a4fee,18075,8.6849,37
32a45e31,22810,8.6849,88
55b0479f,12648,8.6822,61
33ff0b54,11179,8.6822,37
149b6ea6,8574,8.6849,37
2ef416e4,17987,8.6849,37
6a89d94a,16653,8.6822,37
696ab43b,19227,8.6849,37
26cb19ee,19741,8.6849,37
288678e5,9352,8.6849,37
7a71d991,18247,8.6849,37
1a033240,19739,8.6877,37
26749657,7660,8.6877,37
588eef1e,19556,8.6877,37
4354f5ba,16570,8.6877,37
40c64ea2,16774,8.6877,37
4202bec3,20638,8.6877,37
6ddb4f82,18653,8.6877,37
5aea6f60,12490,8.6877,61
9468ea6,28537,8.6877,117
7b077272,8136,8.6877,37
24c82809,15658,8.6877,37
2c242f77,18544,8.6877,37
1bb4c22e,12739,8.6877,61
263a5c40,16657,8.6877,37
66ee2e17,11852,8.6849,37
6b3cea2a,12548,8.6877,61
52f0d264,27611,8.6877,117
56a4e0d1,11849,8.6877,37
22887e19,17478,8.6877,37
350172c9,9300,8.6877,37
3960a3f9,15784,8.6877,37
46cddab5,7064,8.6877,37
48336e6c,20449,8.6877,37
292ab9c5,12253,8.6849,61
17830113,12692,8.6877,61
2bc00771,18025,8.6877,37
78d35c6b,27144,8.6877,113
4cb3625,19592,8.6822,37
bcf2436,18032,8.6877,37
209f41b1,20162,8.6877,86
42cd71cd,12166,8.6877,61
1fea1daf,7137,8.6877,38
6df664f0,22475,8.6877,88
37be2236,12751,8.6877,61
1ed47e15,19898,8.6877,37
519c1f05,18935,8.6822,37
f132022,17986,8.6849,37
5c2cf726,8468,8.6877,37
497a1c64,8827,8.6849,37
74e3f788,15573,8.6877,37
4536aa26,7343,8.6877,39
53b29092,18699,8.6877,37
371d53e,20364,8.6877,37
2106dec5,28619,8.6877,117
51112759,22523,8.6849,88
48d11afe,12554,8.6877,61
16e01be9,9260,8.6849,37
4df41956,8628,8.6877,37
2156cfa5,12494,8.6849,61
342500a8,17421,8.6877,37
2e0d92f,16608,8.6877,37
214b02f,27079,8.6904,113
1449a5c9,17013,8.6904,76
799a30bf,10881,8.6877,37
3bfd4499,17018,8.6877,76
3f50cb68,12699,8.6877,61
666e56a6,16873,8.6904,76
4e599d1c,13424,8.6904,37
1f51d1c2,18682,8.6904,37
266352cb,19165,8.6877,37
322cebc7,14046,8.6904,37
309f31e3,18636,8.6904,37
21d139f3,15675,8.6904,37
1d18c208,8298,8.6904,37
4fe8c1f,16021,8.6904,37
48bf60bf,16405,8.6877,37
1e64062,16568,8.6904,37
2950ef0c,11455,8.6904,37
728360ac,8491,8.6877,37
410a5cdb,18295,8.6904,37
58d8afe0,16610,8.6904,37
725cf1c8,9509,8.6904,37
5cda5800,14490,8.6904,37
35b5c537,10689,8.6904,37
26caabde,18356,8.6877,37
338ddc7e,3648,8.6849,29
3d999857,9888,8.6904,37
db5a46d,16565,8.6904,37
269e7eae,28144,8.6877,117
55f9a5f8,16761,8.6904,37
8caed15,27486,8.6877,117
7960977b,17038,8.6904,76
2c5eedf7,20840,8.6904,88
34104be1,20810,8.6904,88
6bedaa33,11254,8.6904,37
16cb337a,13235,8.6877,66
4da14501,18492,8.6904,37
7b585017,10811,8.6904,37
7de2d17d,19738,8.6904,37
327d6d58,10180,8.6877,37
7533bf5b,9511,8.6904,37
4c528102,16775,8.6904,37
2750c8cc,28620,8.6904,117
7e1e66d3,11362,8.6904,37
163fd72c,8627,8.6877,37
4e3d1e78,19895,8.6904,37
6f0aa9db,16371,8.6877,37
622f7217,10549,8.6904,37
a414fc9,27146,8.6904,113
e1bb9f1,6779,8.6849,37
2c294e27,22509,8.6932,88
16577e08,18001,8.6932,37
ff1091f,9032,8.6932,37
6526b96d,20494,8.6904,37
c4193f6,27123,8.6932,113
f4e302f,11078,8.6904,37
69700f97,20708,8.6932,37
447a8b8f,13774,8.6932,37
4344cbee,11075,8.6904,37
3d7554e1,28146,8.6932,117
5410e86f,12316,8.6932,61
4d183abc,16763,8.6932,37
44a63791,27093,8.6932,113
21588f50,18600,8.6904,37
141f6da4,22456,8.6932,88
361d05c6,16717,8.6932,37
36fd9095,7138,8.6877,38
659dd0fa,27485,8.6932,117
10727967,27453,8.6877,37
6b8232e6,18915,8.6932,37
75b54636,7256,8.6904,37
2bd84e73,16594,8.6932,37
204951f2,13406,8.6932,37
23f3bddd,13996,8.6932,37
7ca8db63,12176,8.6904,61
15eaa953,18650,8.6932,37
7fc6bcdd,14976,8.6932,37
41e5fbad,27145,8.6932,113
3309f48e,13236,8.6932,66
67fc6b71,7666,8.6932,37
7bac4331,14925,8.6932,37
6e7e1d2,11230,8.6904,37
2d558f36,17357,8.6932,37
3bccdd26,16101,8.6877,37
71a6bed6,15743,8.6932,37
1ff00bdc,14470,8.6904,37
5ba4bed8,12603,8.6932,61
1f30eb74,27612,8.6932,117
3445d5c7,27463,8.6932,116
81bda5,7470,8.6932,37
658e61cb,12628,8.6932,61
1ba251dc,16716,8.6932,37
3d16297,18374,8.6904,79
e308bdd,17941,8.6932,37
182633e9,7342,8.6959,39
18a51d63,10464,8.6932,37
1183bd80,18294,8.6959,37
194ea0fd,18345,8.6959,37
13aaae6a,17358,8.6932,37
17de303,15049,8.6959,37
3aa40b00,17008,8.6932,76
503b39ff,27602,8.6959,117
68ca9655,12256,8.6959,61
3aba7e8d,9626,8.6959,37
36d9abe7,20495,8.6959,37
236805dc,12555,8.6959,61
5afcac89,7997,8.6959,37
1ce38042,28844,8.6959,117
7544cb45,12167,8.6959,61
e39d099,16408,8.6904,37
311ebd33,20099,8.6959,86
317fcac2,16767,8.6959,37
6232214b,15047,8.6959,37
493dbc9,16996,8.6932,76
22cf988c,11851,8.6959,37
66fc5ec3,22457,8.6959,88
299aa104,7656,8.6959,37
5ad1e505,20106,8.6959,86
4041d2b,27092,8.6959,113
8a412e,17005,8.6959,76
7ce452ba,12317,8.6932,61
d81d4b9,16129,8.6959,37
416141f2,12182,8.6932,61
5f507716,28618,8.6932,117
1ff9fc4,16997,8.6959,76
3c22293f,12304,8.6959,61
4addf69e,11290,8.6959,37
11af7f14,7140,8.6959,38
7b3581eb,22504,8.6959,88
6b92911c,7667,8.6959,37
6835a4cb,18651,8.6959,37
3481961c,15735,8.6959,37
42a98330,12089,8.6959,61
497d3ef7,18630,8.6959,37
36985cb5,18569,8.6959,37
73cea551,7139,8.6959,38
a501891,16493,8.6959,37
463ef461,12232,8.6959,61
4b47fc42,12121,8.6959,61
54ad6ea7,18510,8.6932,37
6b6df95b,10462,8.6959,37
1f646d77,12722,8.6959,61
1906b7e7,14929,8.6959,37
6dd7fd69,11229,8.6959,37
58047dc8,15048,8.6959,37
69f476a9,16588,8.6959,37
5547b135,18028,8.6932,37
79d28df5,20710,8.6986,37
2b3c0b13,16993,8.6986,76
613761e3,16999,8.6986,76
30290653,7141,8.6986,38
991aae9,16992,8.6986,76
64c1230b,18663,8.6959,37
2feed813,11921,8.6986,37
758c9c74,9246,8.6986,37
714eb6ce,13399,8.6849,37
1cfa1a97,22524,8.6986,88
54f32ca2,10829,8.6959,37
500f1834,13449,8.6959,37
1ced9e00,16643,8.6986,37
32f41569,12320,8.6986,61
7fafa9a9,10621,8.6986,37
5749d0d0,10078,8.6959,56
27a459a7,16188,8.6986,37
35e94f67,8469,8.6986,37
37095a92,19999,8.6986,37
2edfd3f3,10641,8.6986,37
2b33ceee,18008,8.6986,37
545e2e98,28555,8.6986,117
329e4e96,12090,8.6986,61
297e234b,16715,8.6904,37
796e2ddc,8409,8.6986,37
4c9fd8a1,12303,8.6986,61
1cc6ed0,8605,8.6986,37
63adb721,18029,8.6986,37
7a08611c,15078,8.6986,37
699224a5,16571,8.6986,37
69900544,13478,8.6959,37
312c0746,9490,8.6986,37
312afbcd,11454,8.6986,37
3924cc72,12492,8.6932,61
b4c4127,15736,8.6986,37
629fdf2f,12578,8.6986,61
33d8f20d,20181,8.6959,86
2c80ef58,28643,8.6986,117
45acd696,18026,8.6986,37
59561fab,7352,8.6986,39
2dead616,20637,8.6986,37
63b06dc,18655,8.6986,37
250078eb,12736,8.7014,61
4cc290a7,27125,8.6986,113
33ad268e,15179,8.7014,37
69304889,22529,8.7014,88
1f2f2d46,17988,8.6986,37
4fd1b264,18335,8.7014,37
17ce4491,12532,8.7014,61
4df6f5e,15734,8.7014,37
3d2d42fa,28145,8.7014,117
563221d6,12871,8.7014,37
611bb04c,27851,8.7014,117
1432ebe6,27853,8.7014,117
713ddf3d,18523,8.7014,37
180c9fa9,8830,8.7014,37
26d07972,16028,8.7014,37
61abc0ef,27427,8.7014,37
62c56ae7,12500,8.7014,61
7d9e85b5,16372,8.6959,37
130501f2,10642,8.7014,37
58a0789d,12910,8.7014,37
67b367de,22611,8.6986,88
2ee8bb9d,20808,8.6932,88
58dde631,14296,8.7014,37
27d220d8,12649,8.7014,61
3da6787,12319,8.7014,61
7cedc02f,11759,8.7014,37
1965bab0,10733,8.6986,37
1cc5fb,12693,8.6986,61
6b43b236,28623,8.7014,117
5da19b66,13519,8.7014,37
30e84fea,16764,8.7014,37
18cf25de,8395,8.7014,37
4fdfd445,11365,8.7014,37
754058c8,17422,8.6986,37
298af358,12546,8.6986,61
5fae265d,9874,8.7014,37
5ec3184c,18004,8.6986,37
8ae0a38,12486,8.7014,61
6e6e7128,12318,8.6986,61
e05ec65,27487,8.6986,117
3fc96c1c,3656,8.7014,29
41a7588e,17479,8.6959,37
6f951229,7333,8.7014,37
4ed2bd7a,17957,8.6932,37
3a8f9130,7998,8.7014,37
2504ce10,28184,8.7041,117
7b3d39cc,22441,8.7041,88
4117cdc7,11771,8.7041,37
6d49b96,16725,8.7041,37
5d36df5b,19575,8.7041,37
1bf6c3dc,7668,8.6986,37
64705c90,29725,8.7041,117
465a73a3,7522,8.6986,37
2d7db034,17039,8.7041,76
b86e64,20025,8.7041,86
66ca363f,18637,8.7041,37
7398962e,16410,8.7041,37
69579d09,7915,8.7041,37
33246479,8706,8.7041,37
70acf737,27195,8.7014,114
47e05cd3,15659,8.6986,37
70fe8be7,18296,8.7041,37
60693e2d,17020,8.7041,76
30fefd0c,18369,8.7041,79
77eb6858,27380,8.7041,37
3228b4b2,17886,8.7041,37
368da0a3,15287,8.7041,73
1f3c6809,20070,8.7014,86
33396a1e,7661,8.7041,37
44c3d5ef,9361,8.7041,37
1f10fd6c,11850,8.7014,37
6390b2a7,17465,8.6986,37
1b814d51,27151,8.7041,113
41378f63,16768,8.7041,37
3f3765a3,12574,8.7041,61
2ecd4cd1,18077,8.7041,37
53fc92fc,12752,8.7041,61
2ddb9066,7526,8.7041,37
2945f203,14400,8.7041,37
668d1501,15981,8.7041,37
3fac4120,10550,8.7014,37
6daa883e,12697,8.7014,61
5a768c05,18033,8.7041,37
36815e4c,11368,8.7041,37
2bdf7f8d,10906,8.7041,37
2d8c551f,15744,8.7041,37
14dec3e8,18027,8.7041,37
7a2663d2,19599,8.7041,37
2a55580c,13419,8.7014,37
653ed4f4,27561,8.7041,117
36b38ed,6686,8.7041,37
79d9a38,16187,8.6986,37
36600b12,18263,8.7041,37
4eec51ea,17748,8.7014,37
4ef9f503,22512,8.7041,88
5df3015c,11757,8.7068,37
36541c80,20813,8.7068,88
1a1b68a1,12716,8.7068,61
1b4bc70c,20001,8.7068,37
5e77ccd8,15283,8.7014,73
48d16b8a,12727,8.7041,61
9ce5c51,28557,8.7068,117
4c7889c3,29724,8.7068,117
2c898d98,8410,8.7068,37
6fc73eb8,20083,8.7068,86
1490dbc5,16231,8.7068,37
1cae6e05,27176,8.7068,114
7c2bd545,9098,8.7068,37
2acf0686,9193,8.7068,37
3893bee9,27147,8.7068,113
57a221b8,18700,8.7068,37
b6455ad,18570,8.7068,37
758147f4,12493,8.7068,61
7fabb385,15930,8.7068,37
272884f4,20422,8.7041,37
2e9120e,10473,8.7068,37
10681139,16828,8.7068,76
54dc3837,12487,8.7068,61
648ded35,11663,8.7068,37
44804c0a,16022,8.7041,37
3b411d89,20075,8.7041,86
582d3131,17943,8.7068,37
129e2158,12239,8.7041,61
67a62d46,16026,8.7068,37
56332c3a,12264,8.7068,61
35c44345,20182,8.7041,86
279632c7,18654,8.7068,37
718cf76e,11295,8.7068,37
3e915799,17954,8.7068,37
29d8e565,22449,8.7068,88
3fcefa93,20376,8.7041,37
29ef5d83,16373,8.7068,37
18f167ec,15876,8.7068,37
73ebc7be,15998,8.7068,37
3b39b132,8474,8.7068,37
68e9e093,27190,8.7014,114
42e0740c,16139,8.7068,37
6f1b8dd9,27198,8.7041,114
19dd0129,27077,8.7068,113
3e1787f9,9095,8.7096,37
7f96c423,12183,8.7068,61
b614959,7916,8.7096,37
4cd0fb4d,11076,8.7096,37
3d756fb7,11260,8.7096,37
7b020fc2,27529,8.7096,117
3f5f0faf,20709,8.7014,37
762163bb,11255,8.7096,37
2b7e3c7d,20002,8.7096,37
6c9b7cca,12477,8.7096,61
115af659,22486,8.7096,88
10b7db70,14552,8.7096,37
2ba5cd3f,7659,8.7096,37
716291e2,10510,8.7096,37
46a8de28,15877,8.7096,37
3cc67b4f,8832,8.7096,37
6009a,13450,8.7096,37
4b7b4edb,12255,8.7096,61
7e9e3257,20062,8.7096,86
54ff990,13089,8.7041,37
6047855a,16840,8.7096,76
601e4ee4,10028,8.7041,37
2c846032,27179,8.7096,114
502c90ad,27391,8.7068,37
2a556041,18226,8.7096,37
76644d04,15786,8.7096,37
649f5442,20855,8.7096,88
50020984,19115,8.7068,37
51543cad,28554,8.7096,117
58c57ee,10901,8.7096,37
1b2f3e59,8575,8.7068,37
5b215a91,29726,8.7068,117
2b60b40c,18243,8.7096,37
4cb4b5a9,18710,8.7068,37
2e0b9790,18336,8.7068,37
7fafb512,17022,8.7096,76
51c1ae3f,11302,8.7068,37
38315053,11196,8.7096,37
4af4f7d2,15014,8.7096,37
48f1dcbb,16494,8.7096,37
149d33cc,20000,8.7068,37
269c5ac4,18666,8.7068,37
4b3b73a2,12740,8.7096,61
de97a7a,29271,8.7068,117
70972b58,19018,8.7096,37
341915f4,9360,8.7123,37
24afc6b6,22497,8.7123,88
62d342f3,9035,8.7123,37
2bd7781a,7704,8.7123,37
571d7e21,12533,8.7123,61
d5d9802,12634,8.7123,61
75e19780,20084,8.7123,86
6566368e,18267,8.7096,37
5936a075,6327,8.7123,1
38caaed9,20103,8.7096,86
1608bd61,9323,8.7123,37
1cea35fc,16130,8.7123,37
416e73d7,11289,8.7068,37
79b1d0f2,11161,8.7123,37
14e0057b,27127,8.7123,113
26222cfb,10465,8.7123,37
74e1d672,12502,8.7123,61
320be5c,9973,8.7096,37
177fa89e,10513,8.7123,37
103e0f85,18365,8.7123,79
208d0b7e,10167,8.7123,37
52387267,20432,8.7123,37
5a251b5b,30716,8.7123,117
5cf18c1d,27377,8.7068,37
36a0f445,17010,8.7123,76
7e3ecf14,27351,8.7123,37
2e3535d0,12499,8.7123,61
43fe7bb9,27499,8.7096,117
c33ec4b,11614,8.7123,37
5cf218b4,19624,8.7151,37
6d41cdb3,9835,8.7151,37
650ff960,9332,8.7096,37
76cd003e,10743,8.7151,37
3a3681eb,10831,8.7151,37
59f9ef4b,17016,8.7123,76
43a7d9ed,13363,8.7151,37
5d75fd57,29282,8.7151,117
534206cb,16235,8.7151,37
4557285f,17334,8.7151,37
33c6729,7685,8.7151,37
38c2f9a9,11077,8.7123,37
54f065e,27603,8.7151,117
4a2f34a3,7142,8.7123,38
9980773,6821,8.7123,37
6c113f1c,27604,8.7151,117
5ba580a6,16998,8.7151,76
29aa2c13,12244,8.7068,61
7571c3cf,9333,8.7123,37
5ad16379,16029,8.7151,37
69e8ceac,11553,8.7123,37
2082ef7d,20680,8.7151,37
5b963f19,17040,8.7151,76
a8d55b9,16765,8.7123,37
4ef73f4b,8812,8.7014,37
25bf77ea,3625,8.7151,29
12718d27,28637,8.7151,117
78f51687,17023,8.7151,76
1835b4bd,22492,8.7151,88
46eb9076,18245,8.7151,37
586d2539,3590,8.7151,29
87c419d,16922,8.7151,76
5a9b4958,22478,8.7151,88
3d598c73,17903,8.7151,37
27abd38e,28147,8.7151,117
16de7eaf,9195,8.7151,37
7c44a540,20377,8.7151,37
d0f94af,3591,8.7151,29
74411123,20828,8.7123,88
118f2202,9033,8.7151,37
4838ebd6,17632,8.7123,37
3963b492,11253,8.7151,37
45577294,17006,8.7151,76
2da0c70e,12872,8.7178,37
71c3c8fd,27560,8.7178,117
22c9ef37,22450,8.7178,88
62a18d8,20021,8.7178,86
7897195b,20843,8.7178,88
53a429f0,27177,8.7178,114
6958153f,16572,8.7096,37
3ef9c4e4,7999,8.7096,37
68c3e73b,17000,8.7178,76
28de76b9,16384,8.7178,37
5a4731fb,12652,8.7123,61
2ae900b3,18264,8.7151,37
5d64c0ea,16667,8.7178,37
6d41e41,18526,8.7178,37
46d1e63b,29727,8.7151,117
657f2f89,10079,8.7178,56
6a0311b6,6780,8.7178,37
7f1470d,17001,8.7178,76
7ce9a489,8729,8.7178,37
5ae98b43,16968,8.7178,76
46f6f4f0,27197,8.7178,114
4b320a0c,22510,8.7123,88
7a4e320f,20100,8.7151,86
6c6b1d96,11363,8.7123,37
1d4b259f,27547,8.7178,117
46723e50,8636,8.7151,37
4da7b2db,12124,8.7178,61
79948154,29238,8.7178,117
3d373424,19168,8.7178,37
6ae01d6c,12240,8.7178,61
1a215b81,3644,8.7178,29
4762e7b0,10551,8.7178,37
7ff9c99b,8732,8.7178,37
43f07d6c,27191,8.7178,114
29111303,27886,8.7041,117
39fcb8f3,27988,8.7178,117
6973871b,16406,8.7178,37
29289c44,19597,8.7151,37
3de53bb0,12257,8.7178,61
8000b69,16217,8.7151,37
54e711ba,20426,8.7178,37
21d91f62,29237,8.7151,117
4cfe7da1,18711,8.7178,37
282bcffa,19593,8.7151,37
75b67eb7,10467,8.7205,37
4160f792,16668,8.7205,37
7ecc896a,19826,8.7205,37
512e876b,20681,8.7205,37
278cc6ab,12259,8.7205,61
619669af,27323,8.7178,37
7b0b3b2e,27340,8.7205,37
5e3bfefb,17944,8.7205,37
1f43d209,19169,8.7205,37
4d4a0b5f,27606,8.7205,117
75b1694b,15527,8.7178,37
66d35c29,17014,8.7123,76
6fba9b93,9194,8.7205,37
6ef77cb9,17009,8.7205,76
6fa528f4,20071,8.7205,86
72a8c6ac,19594,8.7205,37
3aff97b6,27609,8.7205,117
4975ad69,9100,8.7205,37
269581f4,27605,8.7178,117
1c32124a,12650,8.7205,61
5a966bb0,22505,8.7205,88
6e3f4be8,8488,8.7178,37
a45ada3,12242,8.7205,61
21c5734c,19228,8.7205,37
10e05e57,12700,8.7151,61
6e95ee3,15051,8.7205,37
6f4b6e65,10633,8.7205,37
7b3f186f,8398,8.7151,37
5cb09a1e,15521,8.7205,37
1062c92d,11303,8.7205,37
24eea502,20829,8.7205,88
27113d90,17942,8.7205,37
7fa93306,10076,8.7178,56
7904a67f,12911,8.7205,37
2893dae8,8708,8.7151,37
6c09fd7,12687,8.7205,61
3047bd0a,18601,8.7178,37
6c2cd223,18683,8.7205,37
5ade01d4,12266,8.7178,61
5862037f,22526,8.7205,88
55c04a94,27178,8.7205,114
5f7737c5,16023,8.7205,37
758d4d5e,20107,8.7205,86
3dbcc16b,27078,8.7205,113
6a7fb8a2,16495,8.7233,37
c506337,27852,8.7233,117
13a8285e,12246,8.7233,61
48c414d9,20713,8.7205,37
5fe90fcb,18709,8.7233,37
50af86da,17011,8.7233,76
6a9d101e,27608,8.7233,117
7d9dddd1,15529,8.7233,37
1ba7b971,8489,8.7233,37
51a80dee,20817,8.7205,88
6ef20474,10908,8.7233,37
6c6de454,12625,8.7233,61
7f0dcf5d,20102,8.7233,86
6edb7a2f,8825,8.7233,37
10740224,18602,8.7233,37
13380b3a,12501,8.7178,61
25e5927,8364,8.7178,37
37e15141,16304,8.7233,37
73400bb,20024,8.7233,86
65e75b0c,12495,8.7233,61
5486babc,18257,8.7233,37
24e1566a,16776,8.7233,37
193760ee,12184,8.7205,61
3ea19aab,12651,8.7205,61
5fae8289,16609,8.7205,37
5f139499,17356,8.7233,37
209e855a,20194,8.7205,86
716fdb17,10182,8.7205,37
7fb9d0ee,27080,8.7233,113
6105a421,7669,8.7233,37
537de5c4,20394,8.7233,37
613b49c2,17015,8.726,76
2020edb4,29241,8.726,117
22cfbe20,16409,8.726,37
2df77e0d,17335,8.726,37
1198edb2,12243,8.726,61
2ad6c31a,13407,8.726,37
753746de,19742,8.726,37
63a64963,19998,8.726,37
3585cdd8,28149,8.726,117
29d70661,28558,8.726,117
6699b433,8487,8.726,37
372504d2,14256,8.726,37
2c55e4e3,6687,8.7233,37
c1a2b2e,20639,8.7233,37
3d201b06,8476,8.726,37
16b308bd,13408,8.726,37
9af8d2d,18010,8.7233,37
ade1207,20450,8.726,37
371bd071,12265,8.7233,61
39e3d0cf,13090,8.726,37
4cd0e43b,15950,8.7233,37
36e4898c,10907,8.7205,37
78d789fc,9101,8.7233,37
176c6095,28148,8.726,117
33ed5be1,9887,8.726,37
21571cf9,16718,8.7233,37
54ccf12d,12241,8.726,61
10101a21,11570,8.726,37
497b6991,16970,8.726,76
50521493,7917,8.726,37
63a4c22d,11364,8.7233,37
73750d6a,15081,8.726,37
6150c574,15235,8.726,37
2166a341,16374,8.7233,37
6416b8ea,12565,8.726,61
3f53e75f,16874,8.726,76
4c272247,7351,8.7233,39
5ea59a1a,10183,8.7288,37
1da702c1,22496,8.7233,88
3dee6735,27036,8.7288,37
52eda02e,14255,8.7288,37
1a7384e2,15306,8.7288,73
6fb3a8f1,13512,8.7288,37
2099e36e,12534,8.7288,61
6a9d4c78,20026,8.7288,86
4aa70ecc,20104,8.7288,86
4be1f62,16411,8.7288,37
61d7e9b8,20711,8.7233,37
26ccf83,11233,8.7288,37
249aaa0,20451,8.7288,37
7678e084,15079,8.7288,37
120c291f,6917,8.7288,37
321efaa2,15999,8.7288,37
7d4d4aeb,15050,8.7288,37
4c80f906,14987,8.7288,37
2b1826d4,21060,8.7288,90
3fb77558,17050,8.7288,76
8fb5a49,19957,8.7233,37
7ab943e6,27607,8.7288,117
6db44448,8738,8.726,37
3160cf2a,12479,8.7288,61
2637c831,19230,8.726,37
222e741a,27180,8.7288,114
1238b5ca,9491,8.7288,37
5d6125c1,16956,8.7288,76
55c6f19f,12480,8.7288,61
60af2f5,12135,8.7288,61
450f081c,15327,8.7288,73
4499a7a3,15679,8.7288,37
14503a03,15082,8.7288,37
43114ba6,28016,8.7288,117
1f33866e,10552,8.7233,37
178a3128,17633,8.7205,37
2a78942d,12571,8.7288,61
3f6d2343,19576,8.7288,37
617402ff,3631,8.7315,29
76681373,27498,8.7315,117
302d6fe7,9974,8.7315,37
5e9a4c33,27154,8.7315,113
8bb0b98,7957,8.7315,37
3e7e7277,12190,8.7315,61
7778b38d,20085,8.7315,86
65777008,12498,8.7288,61
693c401c,27562,8.7315,117
69005341,11134,8.7315,37
39376232,12549,8.7315,61
4a3bfa4c,15083,8.7315,37
21ffa03c,22612,8.7315,88
741742a9,8879,8.7288,37
2a3e9b13,13238,8.7315,66
414f5f4e,28556,8.7315,117
43eb93a7,10151,8.7315,37
da79379,8730,8.7315,37
539f77dd,20101,8.7315,86
29b58a73,7717,8.726,37
3edd1573,30816,8.7315,117
779736ea,11163,8.7288,37
6891f7cf,17024,8.726,76
77f827d1,10018,8.7315,37
4cb67d03,16780,8.7315,37
46f54e0c,28553,8.7315,117
a5ccee3,22527,8.7315,88
6efcf890,14257,8.7315,37
934550f,27031,8.7315,37
6b6dcb1e,28538,8.7315,117
3f442d57,28621,8.7288,117
532d819d,3657,8.7315,29
5a9cdb10,11352,8.7315,37
ea4d167,29239,8.7315,117
712b6161,11162,8.7315,37
6f1bd486,20814,8.7315,88
50859191,11333,8.7315,37
6c7d94ca,7492,8.7315,37
333681ba,20003,8.7315,37
4677d04d,11079,8.7315,37
777983e1,12497,8.7315,63
bd793f9,17017,8.7342,76
73dacf76,18011,8.7342,37
4a8d9004,17466,8.7288,37
48872c67,13526,8.7342,37
2708784c,16781,8.7315,37
10776f0f,16611,8.7342,37
3573b308,16027,8.7342,37
44e655d5,17019,8.7342,76
20489f1d,7523,8.7342,37
78437737,12569,8.7342,61
bec930c,12130,8.7342,61
232f8a8a,28650,8.7342,117
3948df01,20795,8.7342,37
55913bc7,28150,8.7342,117
239854b,16407,8.7342,37
31c5e61f,8576,8.7315,37
5ede67d8,19825,8.7315,37
1facd53,10150,8.726,37
5de981a8,8475,8.7342,37
43026114,3645,8.7342,29
6e4f2e0b,27500,8.7342,117
3908f6c4,27399,8.7342,37
28fdd48c,16842,8.7342,76
78a71a46,20662,8.7342,37
6ad0a3c5,12873,8.7315,37
6bb0191c,28580,8.7288,117
6f0f5c2f,18012,8.7342,37
5e57f43b,27544,8.7342,117
11cf29dc,8511,8.7342,48
5750d6dd,20815,8.7315,88
1765835b,16875,8.7342,76
21e4bbc,16962,8.7342,76
6a7713ea,11982,8.7315,37
3b40c647,18292,8.7315,37
4f52f,6916,8.737,37
7d47a94b,3584,8.737,29
70370d38,12473,8.7342,61
220db897,20051,8.737,86
1fc2306f,16613,8.737,37
38c80335,28540,8.737,117
70de97d9,11554,8.7288,37
3f585055,11371,8.737,37
146af185,18030,8.737,37
43c2a1f2,20363,8.737,37
31975e99,9358,8.7342,37
493e3235,3659,8.737,29
7cb87bde,10744,8.7342,37
4dda1494,12488,8.737,61
5d0fc689,17390,8.737,37
30fd3f82,18223,8.737,37
3b95dc92,27856,8.737,117
40a63b2c,30818,8.737,117
302fe4f,10470,8.737,37
1ee1240f,28583,8.7342,117
47b9097e,27208,8.737,114
52dd3c57,8577,8.737,37
46b940c5,19167,8.737,37
516fc541,30819,8.737,117
5e12d4eb,21061,8.7342,90
659664fa,15084,8.737,37
6925afe5,11231,8.737,37
46cf3a4d,3661,8.737,29
eb20bf3,16000,8.737,37
3b5fc728,29829,8.737,117
58551f6b,16925,8.737,76
1ccbd903,9627,8.737,37
23e99585,11259,8.737,37
3d1aef98,13234,8.737,66
344eb211,12478,8.7342,61
4c24caa4,19577,8.737,37
2ec48450,12503,8.737,61
4dc40117,28626,8.7397,117
f85ca6d,12688,8.7397,61
60af33a5,3583,8.7397,29
678212ed,17007,8.7397,76
46757ad2,12233,8.737,61
316ab3f9,28676,8.7397,117
5f5e4ba2,28616,8.7397,117
4e5c8d00,17026,8.7397,76
39beeb5c,11080,8.7397,37
6af68879,28559,8.7397,117
795ef724,16971,8.7397,76
53c05182,20816,8.7397,88
1d6ab4ad,18493,8.7397,37
4ce1407e,20842,8.7397,88
42087911,22531,8.7397,88
13157c93,19229,8.7397,37
5b926d80,11366,8.7397,37
1d36343c,30655,8.7397,117
1cf7067a,18228,8.7342,37
24be1093,12197,8.737,61
6c8897e9,18521,8.7397,37
6406c590,7493,8.7397,37
40215897,22513,8.7397,88
40b3d990,11164,8.7397,37
64d3d32a,19827,8.7342,37
30bd6dab,16954,8.7397,76
319d7873,8477,8.7397,37
5481ef0,28546,8.737,117
4b55c001,11158,8.7342,37
18a2838a,9072,8.737,37
500e707e,16832,8.7397,76
4683a657,18222,8.7397,37
3c33672e,11367,8.7397,37
67389536,10716,8.7425,37
3f2d5c8c,20131,8.7425,86
6b8af488,16967,8.737,76
306056b0,15080,8.7425,37
6d5832db,20859,8.7425,90
174d4d85,16577,8.7425,37
347ffb7f,18525,8.7425,37
337e1249,8833,8.7425,37
86d77cc,19994,8.7425,37
3a8a65a7,22814,8.7425,88
47d63616,12258,8.7425,61
c398990,27193,8.7397,114
6f095ccc,11234,8.7425,37
70575b8f,18229,8.7425,37
3062391c,18227,8.7397,37
15a8fce0,12324,8.7425,61
2e0ae491,20768,8.7425,37
64cb49fc,15528,8.7425,37
45c036a0,28042,8.7425,117
175d9d04,12564,8.7425,61
6e0add12,19743,8.7425,37
50b0fd86,22811,8.7425,88
1401b406,11232,8.737,37
6f4fae3f,11090,8.7397,37
57950c89,18230,8.7425,37
1e9730,27174,8.7425,114
3a27164b,29272,8.7425,117
1926a2b1,14048,8.7397,37
b0ac9fc,9099,8.7425,37
74047d50,12245,8.7425,61
d7d3f7,8303,8.737,37
2cc8da76,14596,8.7425,37
71d0a33a,27126,8.7425,113
26e9aead,12579,8.7397,61
189f89ec,17661,8.7397,37
726efbe3,13775,8.7397,37
6d35fe7,16841,8.7397,76
6d241556,27887,8.7397,117
5fa80aa1,8400,8.7425,37
91031f7,14553,8.7397,37
c2462d5,8731,8.7425,37
5d570120,10516,8.7452,37
75c70d2f,18006,8.7397,37
105e6c76,15016,8.7452,37
1fda97e3,27341,8.7452,37
55401cf4,9975,8.7452,37
4b3e9379,22532,8.7425,88
2e85c53f,11369,8.7425,37
7bf7cba7,22525,8.7452,88
6e4d0d7c,17012,8.7452,76
5157ee97,12535,8.7452,61
517b75bf,14595,8.7425,37
141436c4,28639,8.7452,117
12b4ffd7,12556,8.7452,61
7c799840,8739,8.7425,37
76a5ccfd,12536,8.7452,61
43b276fb,10152,8.7452,37
76cd631d,12321,8.7452,61
46c65e1c,17021,8.7452,76
1e5cb01d,27559,8.7452,117
2ef2abc3,27400,8.7452,37
4e091883,27033,8.737,37
17854fe4,12689,8.7452,61
53414fd4,20921,8.7425,90
2703dd1e,3649,8.7452,29
5c244dbb,12726,8.7452,61
5aef8bbc,8493,8.7425,37
3225aad3,10080,8.7452,56
27bfe82a,30817,8.7479,117
30950da,27858,8.7425,117
3a5b8688,13638,8.7479,67
4d8c6e52,20365,8.7479,37
446c5ded,22812,8.7452,88
62f88cb7,13239,8.7425,66
2bbe8fb2,19595,8.7479,37
7ae95d6e,20169,8.7425,86
1ed98726,20393,8.7479,37
4d37338b,20714,8.7479,37
6b928cf5,7136,8.7479,38
4da92804,8709,8.7479,37
1235ed1c,16612,8.7479,37
666a3fba,16847,8.7479,76
1960e2a6,21062,8.7479,90
1d0d1086,8399,8.7479,37
206d4336,10911,8.7479,37
17cd3f6e,17042,8.7479,76
9269ae3,15015,8.7425,37
7cda2261,27209,8.7479,114
36e4ba3f,16412,8.7479,37
48acd5c2,11296,8.7479,37
368aa2d4,8514,8.7479,48
155bbd2a,20087,8.7452,86
75e0bfb6,20392,8.7425,37
58045241,27096,8.7479,113
6140e830,8637,8.7507,37
4ba22e3c,28543,8.7507,117
548ecb20,22511,8.7479,88
650ef04f,20395,8.7507,37
1563ee57,27152,8.7479,113
6f8f20e0,8835,8.7479,37
358630e3,14049,8.7425,37
7f5557ed,17989,8.7507,37
27182294,22480,8.7507,88
2d037176,10514,8.7507,37
3b9dcc16,12198,8.7507,61
18d40559,16576,8.7507,37
3f18f2ae,16154,8.7507,37
59727b5b,20052,8.7507,86
6f4c39c2,20183,8.7479,86
3ae4a541,18224,8.7507,37
4291bd31,18631,8.7507,37
65f99f06,27094,8.7479,113
8f3be9b,11370,8.7479,37
6ff046e,19958,8.7507,37
19ae675d,15285,8.7479,73
5619396c,27428,8.7507,37
430b5252,28991,8.7479,117
3d29f229,12199,8.7507,61
5757fe5e,8834,8.7507,37
481a7f81,27352,8.7507,37
404b2a5a,12481,8.7507,61
22909d75,28640,8.7507,117
519a3d12,12482,8.7507,61
23d025b2,27599,8.7507,117
4b9d8a98,12189,8.7479,61
5060021d,12185,8.7507,61
45f67492,16848,8.7534,76
5012c7ae,16771,8.7534,37
724d95ab,8324,8.7534,37
55a31830,22530,8.7534,88
6b9eef22,17027,8.7534,76
5038873,22540,8.7534,88
436a00ca,20109,8.7507,86
5d9435c1,28562,8.7534,117
10bbd4db,10912,8.7534,37
96296af,10758,8.7534,37
1a9dab19,10830,8.7507,37
2d5b5dd9,12483,8.7452,61
66dbbfb6,12129,8.7534,61
2758c5dd,27889,8.7507,117
2888b2ba,18013,8.7534,37
35429eea,28644,8.7534,117
42f02e38,20105,8.7507,86
79ed1fdf,27888,8.7534,117
141d7f3a,28628,8.7534,117
1024e94,27201,8.7534,114
3509069d,30820,8.7534,117
79b950e2,18005,8.7534,37
1eb29668,15296,8.7534,73
76cb7fea,28627,8.7507,117
6749950b,27563,8.7534,117
1852d277,20769,8.7534,37
6592120e,15085,8.7534,37
480b0579,16952,8.7479,76
63c130be,16843,8.7534,76
e45ac3a,20195,8.7534,86
18f9fa16,27229,8.7507,114
84914bd,12550,8.7534,61
62e781ca,16830,8.7534,76
7b4ee212,16155,8.7534,37
2cb09e27,27173,8.7534,114
6c9c8bf0,12323,8.7534,61
322bae78,27501,8.7562,117
7bb5fcb9,27601,8.7562,117
16107403,30715,8.7562,117
1edbae3a,20204,8.7562,86
716c8bf7,16769,8.7562,37
5fd51fbe,12247,8.7534,61
56f76bff,28541,8.7562,117
3c5a2fb,18268,8.7562,37
16606eec,11864,8.7562,37
5589a864,28544,8.7562,117
40afb211,22498,8.7534,88
4c2bd155,18258,8.7562,37
6ed30285,16018,8.7562,37
7b5116bd,27502,8.7562,117
63034b3b,18684,8.7534,37
5e814270,18712,8.7562,37
28b0b40f,13237,8.7479,66
5b27ab5a,30892,8.7562,117
22046996,22514,8.7534,88
76423d64,16145,8.7562,37
6fcdef7a,7528,8.7507,37
5bffff6f,10471,8.7562,37
3de4f231,18007,8.7534,37
1cccaa77,6324,8.7562,1
3cad64c2,9196,8.7562,37
5be3d72e,22479,8.7562,88
7f434fba,20178,8.7562,86
652c4f19,27564,8.7562,117
72fe879c,20076,8.7562,87
687ce80a,18034,8.7562,37
32f0bc0a,10909,8.7534,37
776f47dd,29283,8.7562,117
1234f815,19601,8.7534,37
156739cd,28641,8.7562,117
22c0d787,12125,8.7562,61
645ccd4f,18713,8.7589,37
2f1c2dad,12325,8.7562,61
1add9c0b,16140,8.7562,37
36d877cc,12111,8.7562,61
6c8b1065,29275,8.7589,117
61f97194,9197,8.7562,37
1280e27f,27353,8.7562,37
6b0680b8,15017,8.7589,37
5cbfd4c7,28018,8.7589,117
2af4269f,8413,8.7589,37
5f67521a,9247,8.7589,37
2d44cbaf,12269,8.7589,61
4ae1c093,27854,8.7589,117
685a2ce4,15328,8.7589,73
63113fae,18330,8.7562,37
6035654,10474,8.7589,37
4222eb5f,19960,8.7589,37
7ba6c2f3,8733,8.7589,37
11206e66,21494,8.7562,90
d8d2be0,12572,8.7507,61
5820411d,11865,8.7562,37
15dcb1b0,12575,8.7589,61
79dae33,15286,8.7534,73
632b470b,10725,8.7507,37
39d9dada,20857,8.7562,90
49f8bd60,12260,8.7589,61
237e6e5a,12305,8.7589,61
1ad46621,15332,8.7589,73
6d2c70ab,29240,8.7589,117
61b3d3d3,11304,8.7589,37
316f7d01,15747,8.7589,37
8b3f063,16144,8.7589,37
61470f6,16578,8.7616,37
2e1a9116,3581,8.7616,29
794616ac,12537,8.7616,61
48077b07,8401,8.7616,37
338bebf0,16926,8.7589,76
27882be3,10718,8.7616,37
242c350a,8402,8.7616,37
73f9711e,28584,8.7616,117
11a72b9,27581,8.7616,117
241841cf,15284,8.7616,73
6159a423,29273,8.7616,117
33048d0b,16158,8.7616,37
7c5166dc,12745,8.7616,61
1a19265,20114,8.7616,86
195a2f9a,16088,8.7616,37
36f5916b,27034,8.7616,37
561ecb00,28847,8.7616,117
21bc3180,20841,8.7616,88
461a1325,13594,8.7562,37
5c7ebc44,9261,8.7616,37
cd3bcc6,12200,8.7616,61
5b5ec0b,31002,8.7616,117
2c353097,8578,8.7616,37
3aa09d0f,17069,8.7562,76
13158a83,11983,8.7616,37
69262db6,18656,8.7616,37
2b121ab,12248,8.7616,61
70518e2,22613,8.7616,88
39f3b5e8,16831,8.7616,76
68d71c7,27512,8.7644,117
2613cb9d,27610,8.7644,117
dbaa4c4,28151,8.7616,117
22576f99,27510,8.7644,117
62fc2ce,22616,8.7644,88
6bc18885,27059,8.7644,37
33858dbd,28582,8.7644,117
20d3064d,28846,8.7644,117
2a3707f3,29274,8.7589,117
1ea82b7c,20830,8.7644,88
527699c9,22522,8.7644,88
34533a25,11372,8.7644,37
1dac67a9,12136,8.7616,61
3514a6a2,18638,8.7644,37
6ce9c9e0,20179,8.7644,86
2ae32dd8,15680,8.7616,37
38f9bfe8,22541,8.7616,88
5e27d1ef,29276,8.7644,117
4e964d3f,18494,8.7644,37
7d2834d8,12702,8.7644,61
54ec81f7,27989,8.7644,117
8dbd26a,28561,8.7644,117
75a77eda,16957,8.7644,76
6813d237,12484,8.7644,61
2699fa1d,16833,8.7644,76
149095bf,27613,8.7644,117
28a2ed01,30139,8.7616,117
bd36874,20876,8.7644,90
7e3c32fd,28845,8.7644,117
848d567,29252,8.7644,117
18e594bc,20108,8.7616,86
2790b844,29285,8.7644,117
38a4dd91,27035,8.7644,37
7689d40f,18259,8.7671,37
42fdfe16,10475,8.7671,37
2aec4e9b,27037,8.7644,37
7edb2d40,20175,8.7644,86
362c44b4,12754,8.7671,61
6b6afca9,12173,8.7671,61
620a9cd5,16146,8.7644,37
459c1cf9,16834,8.7671,76
567c8005,7918,8.7671,37
6acfa1d7,16844,8.7671,76
5c95646f,28017,8.7671,117
79cbc0d0,28622,8.7644,117
4b851b44,10910,8.7644,37
5cd3cafa,20005,8.7671,37
2b927b13,20187,8.7671,86
c78f3f1,15308,8.7671,73
6f449601,28585,8.7589,117
2d820509,16965,8.7671,76
1570a949,12322,8.7671,61
5e5c276d,28581,8.7644,117
15e34639,9104,8.7671,37
2874a3c1,10913,8.7671,37
2993bc06,28545,8.7671,117
385e7d67,22813,8.7671,88
786524e,10832,8.7671,37
85b1e09,18657,8.7699,37
5bcce68,27511,8.7644,117
4ec23efd,20207,8.7699,86
7b631149,12270,8.7699,61
48b4a7ef,28174,8.7699,117
175e5dd2,9102,8.7699,37
74d4ef29,12267,8.7699,61
18bb51fa,27614,8.7699,117
755d16dd,27855,8.7699,117
10087569,28625,8.7671,117
4147872,12287,8.7699,61
43767de6,17053,8.7699,76
100d0f3,7471,8.7699,37
1cf6d5f0,18337,8.7699,37
4f06583a,18231,8.7699,37
3fef9571,28164,8.7671,117
38ef4d37,17990,8.7699,37
129c468f,3580,8.7699,29
6fa60b6e,7951,8.7671,37
bcfa21,27575,8.7699,117
2c214ff6,12286,8.7699,61
7601e598,22476,8.7699,88
6ee539b0,16959,8.7699,76
1ebda2dd,18225,8.7699,37
419f371f,28043,8.7699,117
67e79e25,20167,8.7671,86
208803d0,19959,8.7644,37
5350e656,20453,8.7644,37
1e9d4461,20199,8.7699,86
6bcf04ec,10719,8.7699,37
3082b906,29277,8.7699,117
5074ba45,28154,8.7726,117
4c2944b,20874,8.7726,90
524c854c,27181,8.7726,114
17b9185b,20086,8.7699,86
3256c923,17070,8.7726,76
4785fbbe,20171,8.7726,86
57f55fc9,15331,8.7699,73
8d1eeac,20077,8.7726,87
c4a2144,10553,8.7671,37
647a6378,29242,8.7644,117
198c6329,1908,8.7726,1
62107e7d,22543,8.7699,88
1eaf4a3a,27549,8.7726,117
433218aa,7495,8.7726,37
6fe9df6c,22620,8.7726,88
7464d217,22533,8.7699,88
e8b6299,17218,8.7726,76
4b929ad6,12261,8.7671,61
6a9107e8,16770,8.7726,37
39b5a558,7494,8.7699,37
6b133c13,11160,8.7726,37
24b21e81,20184,8.7726,86
2b0ca83e,22477,8.7726,88
3ed90442,11159,8.7699,37
d68e88a,20206,8.7671,86
5c15ea36,12576,8.7726,61
649e8aae,16496,8.7699,37
7aa9b76b,28647,8.7726,117
75587359,19962,8.7726,37
481e1b89,13383,8.7699,37
3a1f553d,27228,8.7726,114
3464090e,30653,8.7726,117
4c12bd28,30141,8.7671,117
3fa5bac6,11135,8.7699,37
1e10bd69,9492,8.7726,37
75f2ce8,20873,8.7726,90
47292783,23340,8.7726,88
1e8b39b3,15748,8.7726,37
cead32e,22549,8.7726,88
722c9637,20860,8.7699,90
3b364a4a,28560,8.7753,117
619f9da1,27215,8.7753,114
7714328b,16932,8.7753,76
3674cf65,19963,8.7753,37
3f99a7fb,27857,8.7753,117
22f6473c,20452,8.7753,37
7420a983,16849,8.7753,76
643f4f85,9103,8.7753,37
166b9a86,7496,8.7726,37
393bdf65,27153,8.7753,113
35b8d33e,20176,8.7726,86
41ffa22d,12282,8.7753,61
634e0d0,8606,8.7753,37
5f5b25b9,19600,8.7753,37
77293d24,17958,8.7753,37
69f41723,27576,8.7699,117
23811f31,20132,8.7753,86
79eed0bd,4990,8.7753,1
21249f1,30821,8.7726,117
3cec848a,20434,8.7753,37
2f63bf63,27081,8.7726,113
75e8d13b,15307,8.7753,73
66932496,17028,8.7753,76
5ebb2020,12091,8.7753,61
4ef6a7c7,20088,8.7753,86
16e6a247,27566,8.7671,117
2534c8a9,29425,8.7753,117
2289460f,20027,8.7781,86
593a0506,20858,8.7781,91
7aed70fc,27097,8.7781,113
799f9e88,28642,8.7781,117
11ce068a,19603,8.7781,37
6a2cc246,18384,8.7753,79
5f0deafc,12262,8.7781,61
18d52380,28999,8.7781,117
92edaf6,16305,8.7781,37
6c7ea6dc,16614,8.7781,37
c407e85,22615,8.7781,88
6ddbc3d1,18036,8.7781,37
5ca334c9,10914,8.7781,37
1d8bb615,27548,8.7781,117
23a5acc1,18714,8.7781,37
2c9e5a66,16958,8.7753,76
1f68d16f,20004,8.7753,37
526e1746,8412,8.7781,37
5a28ab37,30785,8.7781,117
5465c717,8838,8.7781,37
af6fa97,18715,8.7781,37
78c8e081,27615,8.7781,117
534cb10f,30142,8.7781,134
4c22d942,16850,8.7781,76
3685f2ae,28246,8.7781,117
b1a84ab,28563,8.7781,117
3de8880e,10511,8.7781,37
675aae38,28586,8.7753,117
7ed330ff,20378,8.7753,37
2133cc52,16972,8.7781,76
58e29882,13382,8.7808,37
63c3b3fa,12577,8.7808,61
4aaa5ad6,11989,8.7808,60
6a7bd6c8,27582,8.7808,117
45cb7aa2,30652,8.7781,117
d4857b0,16566,8.7808,37
32a64b17,8740,8.7726,37
7bae88b9,16964,8.7808,76
3fb74bb0,30758,8.7808,117
7ecce349,18031,8.7808,37
91ee41d,28185,8.7781,117
4a35b7ce,16777,8.7808,37
50f9cef,9034,8.7808,37
7038f3a7,28689,8.7808,117
5f181aa,16147,8.7808,37
1c3eecf6,30718,8.7808,117
7b52b378,28848,8.7808,117
243b019,12209,8.7808,61
bb68d2a,28175,8.7808,117
608499f6,28690,8.7808,117
ea33fed,20174,8.7753,86
11ff8558,28677,8.7753,117
2e1f9590,12109,8.7781,61
6a90e28c,18375,8.7836,79
7ddbe464,28624,8.7836,117
10637bc2,20205,8.7808,86
4282df4b,15522,8.7781,37
2febd115,15054,8.7836,37
db1f848,6918,8.7836,37
6072f57,27128,8.7836,113
593aa959,27058,8.7836,37
448f9938,28649,8.7836,117
6815897,8515,8.7836,48
522bd05b,20185,8.7836,86
23b9c072,3578,8.7808,29
21481ff5,22515,8.7808,88
1e0af11c,27892,8.7836,117
12af538e,30658,8.7836,117
7f78bbf9,18035,8.7836,37
1eaeb454,12268,8.7836,61
5765248c,28155,8.7836,117
60ac24b4,16933,8.7808,76
3f3e3ecd,29280,8.7836,117
523eda0,12760,8.7808,61
6e44e544,8411,8.7781,37
107bfd44,27227,8.7808,114
5e7d71d0,12976,8.7836,37
1253ca18,30654,8.7863,117
44a9d952,20022,8.7836,86
d0e6a46,12703,8.7863,61
42d0277e,12131,8.7863,61
77962d05,12113,8.7863,61
7d7f19ec,30789,8.7781,117
35d105f,20189,8.7863,86
40752c9d,27210,8.7863,114
6cdcf93,12753,8.7863,61
68fc483c,15333,8.7863,73
655f3124,27148,8.7863,113
68cc2117,12112,8.7863,61
7a52c1a4,28587,8.7863,117
1b4e957,22545,8.7836,88
69ed1fa5,30656,8.7836,117
2a60b2a9,16030,8.7836,37
232dfa6b,30769,8.7863,117
31f40c65,20197,8.7836,86
6348f1ad,20845,8.7863,88
5f55108,11291,8.7863,37
4e47624,8840,8.7863,37
2bbe79eb,16963,8.7863,76
670c3055,20078,8.7836,87
abc6fc2,16960,8.7863,76
48de40ad,17131,8.7863,76
6fac4ac4,12249,8.7836,61
3227fb73,27990,8.7836,117
378517fb,3660,8.789,29
318d07c6,18232,8.789,37
bece272,12215,8.789,61
e8d7a0b,27600,8.789,117
2f49e291,15052,8.789,37
61b73a1,27149,8.789,113
193e8656,22516,8.7863,88
40540180,10517,8.789,37
2cc7948a,16937,8.789,76
719c7cc8,10515,8.7863,37
1c7d489b,27690,8.7863,117
7c450295,18639,8.7836,37
6cb6ba53,20006,8.789,37
7e5ef131,10833,8.7863,37
81147f1,28564,8.789,117
2defb56,12137,8.789,61
5c94adcc,20862,8.789,90
529e02f,20172,8.789,86
cf75ec2,30140,8.789,117
edbae62,11305,8.789,37
77d888b8,20198,8.7918,86
3d3a36f4,8403,8.7918,37
75683ed0,16148,8.7918,37
2215faf,16778,8.7918,37
7e56409d,16726,8.7863,37
4584a092,27513,8.7918,117
3eda865a,28849,8.789,117
b0d6edf,12225,8.7918,61
58f66962,17052,8.7863,76
6bd8a78c,12110,8.7918,61
739b195,30931,8.7918,117
67a25c3b,28645,8.7918,117
c7484d4,16969,8.7918,76
223eb611,12764,8.7918,61
68411eda,12653,8.7918,61
1df7c46d,16835,8.789,76
358db123,19231,8.7863,37
62d407bd,17051,8.7918,76
28362f3,27196,8.789,114
24151a6d,15288,8.7918,73
21f41a62,27230,8.7918,114
27fa2b2e,17959,8.7918,37
79a8a3d6,16579,8.7863,37
454f2e55,28247,8.7918,117
3b03bab1,12656,8.789,61
228ec3d8,28048,8.7945,117
23a8fae1,17129,8.789,76
1fa24b51,15681,8.7945,37
39d2ac26,16953,8.7945,76
6d9628c7,10558,8.7945,37
90da866,12192,8.7945,61
4f882d5,23341,8.7863,88
6117c5c0,28648,8.7918,117
2867bdf0,12040,8.7945,60
746b682b,12288,8.7945,61
b05ceb9,28646,8.7945,117
10c1b058,15055,8.7945,37
506f66bf,18376,8.7918,79
4572c97f,30759,8.7945,117
3c44d320,28547,8.7945,117
78f54ca4,12704,8.7945,61
6a77dbca,15086,8.7945,37
77a9e5ac,28596,8.7945,117
5c583f78,16727,8.789,37
fb23cbd,17130,8.7945,76
5bcf0f0a,11867,8.7945,37
63a7fd5d,11990,8.7918,60
63f3055a,15290,8.7918,73
7ecd45a3,28678,8.7945,117
43f910d7,20173,8.7945,86
6084c913,17043,8.7973,76
43102d56,20196,8.7945,86
38b229bb,29426,8.7973,117
10a7b5cf,16135,8.7973,37
2c469353,12202,8.7945,61
6acc0b99,12212,8.7973,61
2874e10b,30719,8.7918,117
7ff52df2,27577,8.7973,117
122fa4f,29278,8.7973,117
19e62d33,13876,8.7973,37
137c7d55,16413,8.789,37
1c0fba88,27550,8.7973,117
42ef9403,30760,8.7973,117
ae9cbc4,12114,8.7973,61
224ef01f,20844,8.7973,88
33dd2c06,8741,8.7945,37
5228b7d6,19961,8.7973,37
4bd82172,29243,8.7973,117
33928ce1,16845,8.7918,76
7761c6bc,29796,8.7945,117
22fa1e47,10720,8.7945,37
62b6829a,12290,8.7945,61
35fb9bc9,15289,8.7945,73
27abfa57,20875,8.7973,90
69857c59,31003,8.8,117
78302f86,8490,8.7973,37
19feafdd,16772,8.8,37
70324af8,11292,8.8,37
2d267999,27579,8.8,117
628be20d,12216,8.7973,61
e6739c6,27199,8.8,114
6ce0c778,18640,8.8,37
721491cc,8836,8.7973,37
4f328e09,3671,8.8,29
69f3d59c,12132,8.8,61
782c3720,12755,8.8,61
5f7a8410,18331,8.7918,37
cf800da,15682,8.8,37
129de45a,13877,8.8,37
71b85eed,29000,8.7973,117
44d18d34,20863,8.8,90
1fc81161,28590,8.7973,117
644a08f,17054,8.8,76
7b063b29,28050,8.8,117
33f6a150,30822,8.8,117
6c6afd56,3658,8.7973,29
4f89788c,28542,8.8,117
36600f5,22614,8.8027,88
385ddd82,31087,8.8027,117
3c148f1d,31228,8.8027,117
5f02985d,30717,8.8027,117
608f806a,20112,8.8,86
6cd04ae0,12203,8.8027,61
3ab73b35,16497,8.8,37
22432719,30143,8.8027,134
68512cc0,19232,8.8027,37
5b17146d,27203,8.8027,114
6948937c,29244,8.8027,117
d522b90,28630,8.8,117
72143ff,28177,8.8027,117
44cbebd,12273,8.8027,61
3f0c2ac2,20170,8.8027,86
12728d2c,28166,8.8,117
1f411a26,12191,8.8,61
7e99e625,9105,8.8027,37
209d990e,22618,8.8027,88
26807bdc,17133,8.8027,76
27accfd3,22567,8.8,88
3187d500,18385,8.8027,79
1eb5db,20190,8.8027,86
77acdba3,16846,8.8,76
4c07093f,8417,8.8027,37
69fcc5f8,28850,8.8027,117
66dc2212,19240,8.8027,37
105e8f78,12472,8.8027,61
1399e37f,23343,8.8055,103
67a35ec2,22536,8.8055,88
687f84cb,17246,8.8055,76
5d3c092a,8839,8.8,37
3635a386,12210,8.8055,61
2d7fb7c6,12115,8.8027,61
6fb4f764,28173,8.8055,117
33ea63f6,16306,8.8027,37
5a0ff2c8,18716,8.8055,37
40a10978,27182,8.8027,114
12c8213a,28055,8.8055,117
72dd1546,29001,8.8055,117
2fb2ff4c,18641,8.8055,37
84fcd86,3626,8.8055,29
a0ec1c0,28176,8.8055,117
591ce04a,16580,8.8055,37
43f1b90a,28186,8.8055,117
7b8176a7,10518,8.8055,37
5d1a000a,28860,8.8027,117
646cb27,27194,8.8027,114
77da8d6,16615,8.8055,37
39dd06c3,8494,8.8055,37
77aac11b,10472,8.8055,37
76ea507,30837,8.8055,117
6dbf8624,20079,8.8055,87
3c056e4e,11868,8.8055,37
1d06c2cc,12765,8.8055,61
3c74f616,29248,8.8082,117
6f321af6,18260,8.8082,37
7ead3f92,12133,8.8082,61
2b1a6077,30770,8.8082,117
694d5917,28993,8.8055,117
4276f650,22617,8.8055,88
3d6ca142,28049,8.8055,117
2a2a58d2,27514,8.8082,117
292c3961,28023,8.8055,117
5c9d9e62,30761,8.8082,117
4a35202,28565,8.8082,117
7c37668c,20831,8.8082,88
3418af5a,28571,8.8082,117
49e13a93,28992,8.8055,117
4c70eeb1,30823,8.8082,117
4464935,29247,8.8055,117
1aeb38fd,12201,8.8055,61
5daf2e2a,8414,8.8082,37
2c3c28ba,20186,8.811,86
1a05c3e9,8837,8.811,37
59ea3c84,12289,8.8055,61
7d9087ed,12580,8.811,61
3024091d,8607,8.811,37
714f5669,27200,8.811,114
66a2ab2b,20820,8.811,88
14b6aae6,27578,8.811,117
4ef029c4,29002,8.811,117
40a8e7b,12222,8.811,61
c8c8c62,15087,8.811,37
75dacdf1,27587,8.811,117
65265eb6,23344,8.811,103
358f7d3f,17662,8.811,37
5d081870,7472,8.8082,37
7e9ef365,15088,8.811,37
291ad1ee,19602,8.8082,37
67b22777,28044,8.811,117
7ae47869,11165,8.7973,37
4c90a615,27216,8.811,114
73e8b98b,10519,8.811,37
5fbdb31a,11306,8.811,37
c0293b9,27060,8.811,37
7a7d94d1,16973,8.811,76
23838cc7,20110,8.811,86
7cd4cf6e,16149,8.811,37
15115ddd,28550,8.811,117
d169b9d,22566,8.811,88
1b5b4df2,16141,8.811,37
24011fea,17960,8.8055,37
3b614102,27598,8.811,117
436716fd,27691,8.8137,117
6f35bf34,9248,8.8137,37
5e6d8a81,28180,8.8137,117
4b961033,27516,8.8082,117
30bd2742,18270,8.8137,37
72b3f27e,27504,8.8137,117
40b8572b,20877,8.811,90
3bd4d087,30891,8.8137,117
628a7788,17029,8.8137,76
fc759a5,20826,8.8137,88
dc45679,16836,8.8137,76
5d16432f,16966,8.811,76
1089efae,27551,8.8137,117
218eec00,27565,8.8137,117
14b193e5,12586,8.811,61
301c84dc,22672,8.8137,88
7be02a26,20220,8.8137,86
3be97894,28591,8.8137,117
644214d8,9036,8.8137,37
1931e21,11987,8.8137,37
32fa1abc,28652,8.8137,117
2a4c89bd,12092,8.8137,61
5a1169b8,10717,8.8137,37
2e8142f6,20435,8.8137,37
7749e170,11992,8.8137,60
4c4c8260,7497,8.8082,37
283eb35,8415,8.811,37
538e0e74,28685,8.8137,117
77bc7001,12204,8.8137,61
38b1932,16156,8.811,37
5fcba314,20454,8.8137,37
428c319b,11988,8.811,37
61d27a10,10561,8.8137,37
2636a3c2,8744,8.8137,37
757a3253,16955,8.8137,76
5f3e7957,27192,8.8137,114
77abfceb,20113,8.811,86
1ea519e1,16150,8.8137,37
54080b6c,27584,8.8137,117
5e8d69c2,28046,8.8164,117
26f8f907,12275,8.8164,61
234af21,20821,8.8137,88
2ad05728,16134,8.8137,37
4b2d96e6,12271,8.8055,61
3e976a75,16779,8.8164,37
5fc69c61,15349,8.8164,73
4fa32034,28167,8.8137,117
7a8b48dd,30828,8.8164,117
78ac7d1f,22542,8.8164,88
506d0c35,29747,8.8164,117
3a396c30,28629,8.8164,117
552c108f,29748,8.8164,117
3e62abdf,30786,8.8137,117
253d6d89,12583,8.8164,61
1d89c1bf,30825,8.8164,117
281412e9,22568,8.8164,88
3036867,30661,8.8164,117
2904040f,27211,8.8164,114
1575a45a,30830,8.8164,117
4d9c0cab,18269,8.8164,37
11a752ee,12274,8.8137,61
1ecbb89e,20115,8.8164,86
164072f4,21063,8.8192,90
e98700b,7413,8.8164,37
23ccdc27,12205,8.8192,61
60008f88,27692,8.8192,117
754286ae,29808,8.8164,117
3897a825,11136,8.8192,37
7d7f66f4,27175,8.8192,114
1967ca1c,28688,8.8192,117
78f15868,16161,8.811,37
7da201d3,28181,8.8192,117
7bec9055,22537,8.8192,88
5c7c921e,12138,8.8192,61
2ebcb3e1,8742,8.8192,37
43fd937c,8743,8.8192,37
5c0ccd6e,27905,8.8192,117
644eab4b,15334,8.8164,73
64585893,16582,8.8192,37
2f30cc42,12193,8.8192,61
6d4c08d7,28653,8.8192,117
f9dcab,12213,8.8082,61
20710f4f,20433,8.8192,37
3a241667,28045,8.8192,117
1c1e4d70,17214,8.8192,76
7bb74efe,15369,8.8192,73
7c25382b,27555,8.8192,117
761b24b6,16961,8.8192,76
613af8c1,16944,8.8219,76
18d7fb6a,16938,8.8192,76
f214c5b,12746,8.8219,61
145c936a,17134,8.8219,76
555defa1,19241,8.8219,37
6317f93b,30659,8.8219,117
5deadcd6,18495,8.8219,37
66512296,27895,8.8219,117
7976b9f4,20864,8.8219,90
16662af5,12538,8.8219,61
2c7cff7f,30829,8.8192,117
707e15ea,8416,8.8192,37
1fd4cce1,27585,8.8219,117
38426c6c,28165,8.8192,117
738eeb1c,20878,8.8219,90
380eb794,28566,8.8219,117
73df71c2,10554,8.8219,37
4a55189c,27098,8.8192,113
7cb0b07e,27591,8.8219,117
40fcf8a3,30932,8.8219,117
615f2cb6,30790,8.8219,117
658ded8a,12581,8.8192,61
6dd4c198,28248,8.8247,117
f27b546,16152,8.8247,37
17050288,28539,8.8247,117
1d6e4c5f,17132,8.8247,76
56fd966b,8608,8.8247,37
64c29477,28053,8.8247,117
5b6cdb25,29809,8.8247,117
340f68a3,12327,8.8164,61
efbee87,8842,8.8247,37
7e6ab203,28657,8.8247,117
e62bdc0,16136,8.8247,37
43e2fb18,20896,8.8247,90
3b72184c,8737,8.8247,37
ce7c9b7,18272,8.8247,37
5ec0b27,18496,8.8247,37
5d39917a,16581,8.8247,37
654389cb,30824,8.8192,117
76e8ca74,27991,8.8247,117
5333e31e,20861,8.8219,90
2286c58a,12539,8.8192,61
101e1a1c,21495,8.8247,90
13deb24,27588,8.8247,117
4703f6a6,17213,8.8247,76
25080334,11985,8.8247,37
271842fe,1909,8.8247,1
45262373,20894,8.8274,90
2b2c8438,3579,8.8219,29
3279274,9037,8.8274,37
2bcaa582,12326,8.8274,61
4e3e126c,12211,8.8274,61
3a778d63,30826,8.8274,117
7535d351,30933,8.8274,117
bad9ec0,27217,8.8274,114
25de9a2f,27155,8.8274,113
353e50ab,22667,8.8247,88
3324cffa,27567,8.8274,117
68d02d94,16974,8.8274,76
76471247,12226,8.8274,61
26fdf8e9,12582,8.8247,61
f6cf5d0,29798,8.8274,117
4890479e,28249,8.8274,117
5d5e0a69,17071,8.8274,76
348b20db,28019,8.8274,117
5c2181ef,17025,8.8274,76
15531dc7,16942,8.8274,76
16478142,28995,8.8274,117
3b67cca1,27130,8.8274,113
5607beee,16945,8.8274,76
6f97338,21906,8.8274,90
2c9eaf34,23342,8.8274,88
29996cc2,27589,8.8301,117
428257d1,16939,8.8301,76
f2f9c0a,12741,8.8301,61
561175d4,16307,8.8301,37
5c2e3936,27212,8.8274,114
340ceca8,21617,8.8301,90
64e00927,30934,8.8301,117
175c167d,20818,8.8301,88
4abe6e97,20188,8.8301,86
1984b2c4,15335,8.8301,73
7dc939e2,11993,8.8301,60
a5127d8,12654,8.8301,61
33a23ad3,30854,8.8301,117
f0cbcf1,17220,8.8301,76
3b3e82db,29003,8.8274,117
38d21d83,28633,8.8301,117
1a84cce8,27129,8.8301,113
7085107d,12588,8.8301,61
5fe1d537,16151,8.8301,37
3fe27cec,20111,8.8274,86
17745096,28021,8.8301,117
2bab3d1c,27232,8.8301,114
4d7bb222,30245,8.8301,134
7375c6ec,27202,8.8301,114
5fdcc172,15293,8.8274,73
6010af3e,30660,8.8274,117
6a99daff,29810,8.8301,117
18a8596d,30722,8.8301,117
45b7ae32,30827,8.8301,117
7cd930a7,29249,8.8274,117
58b353e1,18603,8.8301,37
20a0aab,12761,8.8301,61
7ab4e2e6,27693,8.8301,117
4f5da91f,28994,8.8274,117
48dba7a0,12283,8.8329,61
db3d74e,28853,8.8329,117
5f3ecb01,21905,8.8329,90
2c0b1d2,16879,8.8301,76
2077f5c4,16616,8.8329,37
336d4f23,30893,8.8329,117
7a752f39,28548,8.8329,117
1aa2fc8c,20822,8.8329,88
1deb902b,20879,8.8329,90
1f93a783,28592,8.8301,117
22d9f87,15336,8.8329,73
5be0dcb6,12217,8.8329,61
56ab1dda,28187,8.8301,117
27f81cec,29250,8.8301,117
1780a5ec,20200,8.8329,86
793fc13c,15291,8.8329,73
24e7b7c1,27231,8.8329,114
38114426,10915,8.8301,37
1354ccf9,17663,8.8329,37
3f205439,12584,8.8329,64
2660b5a3,12218,8.8329,61
6d5d2c4e,22534,8.8329,88
5fdf75b7,27213,8.8301,114
626363e9,12763,8.8329,61
3a7d268a,27583,8.8274,117
418d0fab,8841,8.8329,37
49ba3da,20180,8.8274,86
45b66488,27515,8.8329,117
6160d344,27893,8.8356,117
186598aa,22569,8.8356,88
31bc2c5a,28588,8.8356,117
47d88cc1,3669,8.8356,29
20c58d8d,27099,8.8356,113
14d1f1f7,12292,8.8356,61
445fd1cb,27204,8.8356,114
4762e305,28020,8.8356,117
1e49f8ba,29445,8.8329,117
21a7fdfb,19233,8.8329,37
44f5c422,28679,8.8356,117
4b47b781,18271,8.8356,37
62f6d5a4,28655,8.8356,117
5082a957,18261,8.8356,37
458b9a41,8418,8.8356,37
6ae9eb05,29812,8.8329,117
3a435796,28656,8.8356,117
4cce04e0,29854,8.8356,117
9c3c43f,30771,8.8356,117
2c57b7c1,20192,8.8356,86
c08aa3a,17211,8.8356,76
305d565f,15745,8.8356,37
27a88e57,29855,8.8356,117
36d0dcdc,28691,8.8384,117
7f40e946,12296,8.8384,61
2575a75f,29799,8.8384,117
46cc5f90,20823,8.8384,88
57e9c3e8,20210,8.8329,86
76ca4da9,18377,8.8384,79
63c1ab86,21618,8.8384,90
eb880ef,15329,8.8384,73
226b7ea8,16943,8.8356,76
2b870410,28693,8.8384,117
668d849,16975,8.8384,76
63bba857,28851,8.8384,117
4c9d8f93,12766,8.8384,61
36112179,27100,8.8356,113
7902c956,10562,8.8356,37
4ff6972d,16236,8.8384,37
f9cb40a,28631,8.8384,117
2f5d437d,20177,8.8384,86
1078b506,28028,8.8356,117
6b4c07db,30764,8.8356,117
19ad25c,15053,8.8384,37
44192fb9,29811,8.8329,117
111c72b9,28070,8.8356,117
1a65cd9e,17244,8.8384,76
4d3ae4bc,3592,8.8384,29
40d37e45,27586,8.8411,117
58ffb720,28651,8.8329,117
3228455c,29830,8.8411,117
69577ba,28047,8.8411,117
1c907cd0,29800,8.8411,117
476a1851,8420,8.8411,37
2e48b842,27205,8.8384,114
3718b745,11869,8.8384,37
3bb89873,9106,8.8329,37
53b21535,15350,8.8411,73
1a1d3ebb,27517,8.8384,117
574b7d4,18387,8.8384,79
12cb8fbb,27595,8.8411,117
303d8f9c,22815,8.8411,88
7c82973c,27038,8.8384,37
33c5cfa1,15294,8.8411,73
609bb038,29449,8.8411,117
1380a276,22550,8.8411,88
33ea7dc5,22544,8.8411,88
7d128a54,21535,8.8411,90
4035ffbe,22673,8.8384,88
56b066dc,27580,8.8411,117
36542d9a,12272,8.8384,61
44845c3c,21067,8.8438,90
5f7d412e,31128,8.8411,117
30da8d70,18388,8.8438,79
72a642f7,27219,8.8356,114
6a9f11bf,23333,8.8438,88
476719bc,12762,8.8438,61
2332ad2d,12139,8.8438,61
a4bea79,22517,8.8438,88
6935c40b,28178,8.8438,117
2e1ed1c9,29286,8.8438,117
4a3ab03d,28026,8.8384,117
35efea3f,30855,8.8411,117
382726a,22818,8.8411,88
34b80988,28188,8.8411,117
42be4135,27694,8.8438,117
564f4841,28599,8.8438,117
496bb1ed,11986,8.8438,37
39f14ed,21908,8.8438,90
139e27d6,20193,8.8438,86
3f3f68a4,12134,8.8438,61
2bcf4277,16940,8.8438,76
500c139f,12474,8.8438,61
324e2edf,28156,8.8411,117
76700a7a,12291,8.8438,61
277d3239,14050,8.8438,37
17dd4da2,28694,8.8438,117
5426a150,29797,8.8438,117
22734274,27556,8.8411,117
79772969,30896,8.8438,117
6c5140f9,28632,8.8438,117
111ca08c,15330,8.8438,73
23d1a3ff,29245,8.8438,117
70d1bfde,15343,8.8438,73
48893352,27594,8.8438,117
2e39e432,12475,8.8438,61
5a5529b9,20029,8.8438,86
27875262,21064,8.8466,90
65a49022,30897,8.8466,117
2102135a,22763,8.8466,88
2695e663,17215,8.8438,76
47ec8ef7,20028,8.8466,86
34877f52,28658,8.8466,117
332772c6,29284,8.8466,117
49e1c3b8,15530,8.8466,37
298e2fe2,18274,8.8466,37
25bb4476,16941,8.8466,76
20a1724e,28152,8.8466,117
319cb9b,12293,8.8466,61
c6b4945,27206,8.8466,114
54c29615,15292,8.8466,73
7f5abdc1,15746,8.8466,37
3252e4a2,29749,8.8438,117
64a5a2cc,18378,8.8466,79
2417f273,30795,8.8466,117
43e8e7e4,8516,8.8466,48
1724a440,10559,8.8466,37
e09f785,30657,8.8466,117
5a4a8ca1,30834,8.8438,117
2bdb6512,28602,8.8466,117
62a11167,28260,8.8466,117
79bee32a,17159,8.8466,76
38ca8647,18389,8.8438,79
48c997b9,29807,8.8466,117
22099dee,28854,8.8493,117
2c209d36,27214,8.8466,114
4034de4b,27992,8.8493,117
4444edab,20223,8.8493,86
2a4cfe20,8843,8.8493,37
514747a3,28549,8.8493,117
2ad1f72,27131,8.8493,113
640d5fea,22665,8.8493,88
7c7cf75,29427,8.8493,117
4a379c53,21068,8.8493,90
200b5ce8,30857,8.8466,117
24910e5d,28634,8.8493,117
2ef7b50c,27095,8.8493,113
17f27bc0,28068,8.8438,117
35f82c8d,27104,8.8493,113
37d32f97,18392,8.8493,79
2ce3ca9b,29453,8.8521,117
49c0e45c,27590,8.8521,117
6151a869,30898,8.8521,117
1028b707,12660,8.8521,61
1b4754b7,22570,8.8521,88
789b150b,22554,8.8521,88
80bcd06,6781,8.8521,37
ca38bbc,12705,8.8521,61
605d78a1,12297,8.8521,61
411e6af1,15348,8.8521,73
7457b0b,12219,8.8521,61
57f746c7,11994,8.8521,60
cd68332,27616,8.8493,117
3e2d39bb,29801,8.8493,117
76afc0e3,31229,8.8521,117
5a9e601e,12748,8.8493,61
6269b76c,16157,8.8521,37
35deba7b,12025,8.8521,60
3dfeccfb,16137,8.8521,37
14c9d5ca,27505,8.8493,117
3b34d2e8,28852,8.8521,117
335a6f12,29813,8.8521,117
214734de,29442,8.8521,117
7bf9ba97,30791,8.8466,117
205555a0,17030,8.8521,76
302b2807,15339,8.8521,73
6a16dc4d,20923,8.8548,90
7728f075,22817,8.8548,88
47d32df1,22555,8.8548,88
4133d105,18390,8.8548,79
28b1a234,29430,8.8548,117
7419f7db,28408,8.8521,117
6fbf36a5,28593,8.8548,117
44821a75,12214,8.8548,61
1be64019,16142,8.8548,37
3e63e153,27183,8.8548,114
d312cc4,16782,8.8493,37
5ff6e6b,15340,8.8548,73
517a8d13,30144,8.8548,134
78b5f9ad,28660,8.8548,117
59fdf691,16934,8.8548,76
278f57f3,21071,8.8548,90
22985404,28603,8.8521,117
180df7ed,30853,8.8493,117
75b7b96b,18379,8.8548,79
3531b51e,27156,8.8548,113
43c88032,27557,8.8548,117
1ea57777,29251,8.8548,117
7e7d38d3,29656,8.8548,117
36c9ba96,30766,8.8548,117
3107656d,15342,8.8548,73
70060231,6325,8.8548,1
42cb2f5,4987,8.8548,1
695df8ee,8421,8.8548,37
1380a903,17216,8.8548,76
68e6bcef,12224,8.8575,61
64b927f9,12223,8.8521,61
62c09093,17055,8.8575,76
31a3d24,12332,8.8575,61
ad3ad84,30772,8.8548,117
48988366,18717,8.8548,37
7c9b2d00,17219,8.8575,76
4b4f3d8a,20880,8.8575,90
47401436,18275,8.8575,37
3f352786,30856,8.8575,117
28f233f6,15338,8.8575,73
74588590,29279,8.8548,117
6f54737a,12587,8.8575,61
794b6001,18386,8.8575,79
21245e53,28996,8.8575,117
7c5f78e3,8419,8.8575,37
6ffd3421,16928,8.8575,76
458b891d,12220,8.8575,61
988ed75,29446,8.8575,117
2be1df2d,12747,8.8575,61
2c7e32d2,11995,8.8548,60
35a48521,29831,8.8548,117
7b8935a5,27596,8.8575,117
6eda01b5,21070,8.8575,90
5e34954e,27695,8.8575,117
381c4f8,22518,8.8603,88
129dd424,16773,8.8575,37
208befcf,30894,8.8603,117
5a6f9075,29728,8.8603,117
8508816,27569,8.8603,117
574439c4,29806,8.8603,117
2b84ebfc,15370,8.8575,73
540e8cd4,29447,8.8575,117
8314920,28168,8.8603,117
3766644a,30145,8.8575,134
72c45218,17045,8.8603,76
4b8cf9d,22572,8.8603,88
86f0ffd,27939,8.8603,117
28275a08,28051,8.8603,117
78238986,10916,8.8575,37
3aa57538,27568,8.8603,117
4a459576,12206,8.8575,61
5820712c,23332,8.8575,88
18cb6ece,20202,8.8603,86
3cabbc17,22553,8.8548,88
2d36020f,30762,8.8603,117
4bbedcfa,29448,8.8575,117
10cc7db0,11866,8.8603,37
52f60f8f,12331,8.8603,61
71e630ba,20201,8.8603,86
6cdd62f3,31091,8.8603,117
51b93a9e,21497,8.863,90
22ebece4,16159,8.8603,37
62c86be3,16976,8.863,76
658557b3,30781,8.863,117
7d70ec57,28027,8.863,117
81a3d1,27906,8.863,117
62cfd873,30858,8.863,117
21374751,15341,8.863,73
1ec8bf76,12284,8.863,61
2a63b41,12299,8.863,61
6ec0b40b,27503,8.863,117
1428efd0,29802,8.863,117
4167c53e,12655,8.863,61
19ba59af,22619,8.863,88
45f30022,21498,8.863,90
22c9806,28345,8.8603,117
69a704a4,30664,8.8575,117
3aa2302f,28052,8.8603,117
711e61f5,21069,8.863,90
2de3ab0e,30665,8.863,117
17143b78,15351,8.863,73
46c79f1a,11991,8.8575,60
24ef042c,12276,8.8603,61
63b9b467,17247,8.863,76
6dcffca5,28659,8.863,117
6fdc2920,22764,8.863,88
59a51058,22539,8.863,88
23e07b39,30763,8.863,117
38ab99a7,28682,8.863,117
6994a502,12298,8.8658,61
31d89134,10560,8.863,37
3fc33b06,28855,8.863,117
729b432b,17135,8.8658,76
4e15cb76,22538,8.8658,88
6e8c583e,29832,8.8658,117
1ba835ea,28029,8.8658,117
3d952692,29254,8.8658,117
4ed555be,30662,8.8658,117
71b37c5f,15531,8.8658,37
5dbb142d,20211,8.8658,86
51fafa0c,10563,8.8575,37
7e86e778,16160,8.863,37
ba792bc,18380,8.8658,79
11f68683,17136,8.8658,76
1f9284ec,29253,8.863,117
1a0df14f,27617,8.8658,117
403755ab,20832,8.8658,89
1ca14298,21499,8.863,90
499ec669,20203,8.8658,86
2ba411c2,17245,8.8658,76
201a55be,20224,8.8658,86
55e84f7b,28169,8.8658,117
56b99f5c,28856,8.8658,117
43cb62dc,16929,8.863,76
3aaf4a70,16877,8.8685,76
2dab59c9,16153,8.8685,37
356e0322,16143,8.8685,37
2f951598,29443,8.8685,117
2e0e5bbf,25229,8.8685,103
6fa936d0,15297,8.8685,73
18bb4ffd,15295,8.8685,73
5d8928db,28574,8.8685,117
5ab7cf27,20212,8.8685,86
7c8e6d17,16927,8.8658,76
3e8801dc,16783,8.8685,37
2a532926,28056,8.8685,117
5025bb5a,28189,8.8658,117
4e7905bc,21909,8.8685,90
2ff828ae,31232,8.8685,117
3fe850be,12221,8.8685,61
cc1447c,29627,8.8685,117
a13e4bd,22816,8.8685,88
56158e4b,27233,8.8658,114
2c382ae9,17221,8.8685,76
4abe3ff9,30246,8.8685,134
8e62cb4,29312,8.8685,117
23d4d446,11984,8.8685,37
372eebb0,22552,8.8658,88
314aab8d,28230,8.8685,117
24e98715,21911,8.8685,90
1ba7e837,15356,8.8712,73
1f933586,22573,8.8685,88
5fa02eaf,28692,8.8658,117
e897f5f,21907,8.8685,90
53eb1945,27132,8.8658,113
1111a304,20191,8.8658,86
555239bb,15337,8.8712,73
bd9b0e8,15318,8.8712,73
27273bde,28594,8.8712,117
2c8d2f4e,18381,8.8685,79
68d64485,31325,8.8712,117
c71098d,30914,8.8712,117
1d906990,27062,8.8712,37
2e4ee787,22571,8.8685,88
43f717f4,27238,8.8712,114
6731831a,27222,8.8712,114
30a9c05b,12207,8.8712,61
759b7e5f,22546,8.8712,88
2fb3ee05,12140,8.8712,61
761856ab,20895,8.8712,90
84deb2b,18391,8.8712,79
284925ca,28153,8.874,117
268a15fb,12333,8.8658,61
167914e9,22556,8.874,88
2260b583,28880,8.874,117
45930657,27101,8.8712,113
33c0e6d3,12767,8.8712,61
6dc0621e,28997,8.874,117
4aab1e88,12701,8.874,61
17d70834,30915,8.874,117
23159263,23941,8.863,103
4d2bc48d,31233,8.8712,117
5f66ccfe,29657,8.874,117
70dff98e,17212,8.874,76
7f56fb7c,29628,8.874,117
6c4a57b7,30784,8.874,117
52267fc,28589,8.874,117
abefd5f,21500,8.874,90
42fb7a6f,28092,8.8685,117
7c326a68,29814,8.874,117
6a39ff95,28094,8.874,117
2fc47fe5,29803,8.8658,117
1710a388,22535,8.874,88
16709b15,22547,8.874,88
ea18b07,11996,8.8767,60
612fd191,12658,8.8767,61
444f4f76,27061,8.8767,37
56d1b894,12657,8.8712,61
54aaf8fa,12573,8.8767,61
4b1618a7,12329,8.8767,61
759cca4c,20881,8.874,92
2e52c973,28654,8.8767,117
2dbc996b,20116,8.8767,86
56146f5b,28054,8.8767,117
4549017f,28573,8.8767,117
7d6851f4,12585,8.8767,61
34d6f8f3,12328,8.8767,61
414d2785,21619,8.874,90
4c82842a,28600,8.8767,117
73da9bbf,20824,8.8767,88
7048f457,28604,8.874,117
40cd44a4,30832,8.8767,117
589184d4,28409,8.8767,117
6ae838,29612,8.8767,117
274a9ce9,17252,8.8767,76
10972e1b,31328,8.8767,117
4474aff9,30720,8.8767,117
1388b467,23345,8.874,103
60d6cf2b,27570,8.874,117
4918c2dc,30779,8.8767,117
2872b761,28022,8.874,117
7e0f0584,28597,8.8712,117
42e49e27,6326,8.874,1
28f622f9,29515,8.8767,117
3884f26e,29611,8.874,117
5345470f,24629,8.8767,103
39e89553,24004,8.8767,103
ecf7060,29431,8.8795,117
27f71b19,28635,8.8795,117
d5140f8,20882,8.8795,90
1a037939,29450,8.874,117
1ca66cd8,30783,8.8767,117
55e645f,15311,8.8795,73
1a6e983e,22067,8.8767,90
7732a649,27940,8.8795,117
2e2a781f,16977,8.8795,76
1b25e0fb,29451,8.8795,117
34ca9feb,15344,8.8795,73
424069b1,28197,8.8795,117
116430cc,31326,8.8795,117
2c81a6af,30797,8.8795,117
1817b9fc,30721,8.8767,117
78c258d2,29519,8.8795,117
398ebb9a,28071,8.8795,117
181bd6da,12662,8.8795,61
3de6547c,17046,8.8767,76
57889fda,17044,8.8767,76
52d134e8,22822,8.8795,101
1b96acda,20833,8.8795,89
7ec0a1e7,30723,8.8795,117
5dfd0474,15313,8.8795,73
52b7ee03,21910,8.8795,90
57c95314,12285,8.8795,61
41d2cdc0,20885,8.874,90
6f8c595c,30796,8.8795,117
5a672e7d,12742,8.8767,61
37cd14c4,28686,8.8822,117
60266330,16876,8.8822,76
6d6d90d1,28069,8.8822,117
e1a4fc7,31088,8.8767,117
512e11f4,30169,8.8795,134
242c702,20897,8.8822,90
5cbeabdb,27235,8.8822,114
22cfec72,16935,8.8822,76
3a83483,20117,8.8822,86
46713219,22779,8.8822,88
37a3a7f,28687,8.8822,117
5f102746,18382,8.8795,79
562c6a58,30860,8.8795,117
7e902ce1,15312,8.8822,73
6afe9ee6,28090,8.8822,117
28b0a316,30663,8.8822,117
76c48b51,30146,8.8822,134
2029d995,15532,8.8822,37
94c464c,29428,8.8822,117
175bf02d,12589,8.8795,61
3ade59c3,10565,8.8822,37
6892d3ca,12227,8.8822,61
2e3147af,3585,8.8767,29
30786b2,28346,8.8822,117
3bb0f9e9,28253,8.8849,117
71bdcfc0,12026,8.8849,60
4b95d467,12278,8.8849,61
3cd9c97,12005,8.8822,60
3d64902a,31327,8.8849,117
7d3f03a7,11998,8.8849,60
78e59593,12041,8.8849,60
7fe5dbe7,30292,8.8849,134
42b228a4,28252,8.8849,117
27e1ea79,20225,8.8849,86
4827f336,29833,8.8849,117
1e2405b2,17251,8.8849,76
363e862d,17072,8.8849,76
7f7519eb,28576,8.8849,117
3329ebae,30170,8.8849,134
429341fe,29454,8.8849,117
41f77d9f,29295,8.8849,117
48789522,28578,8.8849,117
ba07b9c,29853,8.8849,117
3517f6cf,18273,8.8795,37
77da11ae,12334,8.8849,61
7b3966a8,30838,8.8849,117
d3b914f,28998,8.8849,117
69df76f4,28724,8.8849,117
5cf77ef,30935,8.8795,117
fe44817,15352,8.8849,73
28947f24,12661,8.8849,61
79f42290,28572,8.8849,117
77a424e,31103,8.8849,117
2af31646,22823,8.8849,101
21152163,12143,8.8877,61
2e158cac,12013,8.8877,60
79ad7773,12590,8.8877,61
2c10323a,28915,8.8877,117
1ee350d8,12294,8.8877,61
16f5645e,15309,8.8877,73
11c1bbb1,28857,8.8877,117
6d83f509,10564,8.8877,37
4718f1c,28601,8.8877,117
295dec4a,27220,8.8877,114
2dbc0c29,24630,8.8877,103
10564a54,17047,8.8877,76
18d72e2d,27859,8.8877,117
5eaebec1,30732,8.8877,117
13be3c79,17260,8.8849,76
26a2149a,28182,8.8877,117
15e2d52,28191,8.8877,117
3118d0b0,12335,8.8877,61
3b6cda9c,28598,8.8877,117
56007f,31329,8.8877,117
35b7c8bf,28229,8.8904,117
59d3747c,28868,8.8904,117
2e39a2a6,28179,8.8904,117
609884d5,29120,8.8877,117
47f8f97f,20898,8.8904,90
1a1d6326,28254,8.8904,117
582f948d,31089,8.8877,117
f8182c0,22765,8.8904,88
7b5c27d0,29520,8.8904,117
430e1c21,27102,8.8904,113
3b5314ae,28861,8.8904,117
4a2654b1,30666,8.8904,117
6e093a84,30899,8.8904,117
545e0b28,16583,8.8904,37
1f2a30f5,21065,8.8904,90
778b8369,27236,8.8904,114
ff0c2f5,28903,8.8904,117
566eae56,28568,8.8877,117
14bd64fb,18718,8.8877,37
280a0495,27894,8.8904,117
c294df7,31090,8.8904,117
271217d0,20899,8.8904,90
7d681728,20834,8.8877,89
16f70513,12336,8.8904,61
41f11b92,15319,8.8932,73
6b027a69,30831,8.8932,117
2e7c8ead,27572,8.8904,117
102ab09c,30936,8.8904,117
27b189de,17057,8.8932,76
6d726263,15371,8.8932,73
382fb9f8,16584,8.8932,37
2eff2de9,20120,8.8904,86
5abbe91,28157,8.8932,117
7bb4a53d,28093,8.8932,117
369f3afa,31004,8.8877,117
6158c9a5,20121,8.8932,86
3478f548,28862,8.8904,117
395fac29,22666,8.8932,88
671c7b72,29281,8.8904,117
289bc581,29429,8.8932,117
f2934d6,27808,8.8932,117
4bd3fffe,28864,8.8904,117
4f10da1d,12663,8.8877,61
3951a9b3,30798,8.8904,117
7f18b5cb,20835,8.8904,89
2be099d9,20904,8.8932,90
62e97e8a,23500,8.8932,103
56c15f55,22557,8.8904,88
6ccd0eab,29621,8.8932,117
434c6cba,22819,8.8932,88
6a785777,29121,8.8959,117
361f969a,12028,8.8959,60
32237ea4,28916,8.8959,117
122afde6,22820,8.8932,88
702029af,29004,8.8959,127
595fbf51,27571,8.8959,117
1c5fbc51,31235,8.8959,117
2833ecfa,30901,8.8959,117
af80a46,29444,8.8959,117
7dae5c51,28680,8.8932,117
1c72ca81,31140,8.8959,117
46eaee80,27896,8.8959,117
12bb12bf,30782,8.8959,117
2b11b1c9,31015,8.8959,117
cb1f67c,17248,8.8932,76
3727f6f,12048,8.8959,60
95e9b42,17264,8.8959,76
2fe7fc59,12300,8.8959,61
2ce6edcf,12042,8.8986,60
3cff663b,15310,8.8986,73
41867e6d,29432,8.8932,117
51934730,15388,8.8986,73
4a005058,17161,8.8986,76
d89299d,29255,8.8986,117
7f8e4b57,30792,8.8986,117
34ef2951,22558,8.8986,88
7c252d04,17286,8.8986,76
4a1c488f,15749,8.8986,37
357d066c,3662,8.8986,29
78151433,17222,8.8986,76
2d8d5b38,17160,8.8932,76
34068a83,30833,8.8959,117
6915a409,17225,8.8986,76
39719194,27239,8.8986,114
19ba760b,12277,8.8959,61
7ee24919,31234,8.8986,117
7eb086d4,29663,8.8986,117
3a4150e7,15345,8.8932,73
f898b0a,30900,8.8959,117
634fb163,17056,8.8986,76
9efa3e3,17177,8.8959,76
19330df8,12014,8.9014,60
2945a051,28111,8.8986,119
6a57bfa8,30262,8.9014,134
740ddf28,12743,8.9014,61
2814e20c,22068,8.9014,90
75d0509c,28072,8.9014,117
7113315f,12749,8.9014,61
266e7a2a,28025,8.8986,117
3c001550,28569,8.9014,117
4ba3e6fc,28934,8.9014,117
2352bf1e,29622,8.8986,117
451a8857,28255,8.9014,117
76b82e74,21072,8.9014,90
4aae1f66,29055,8.9014,117
4cc110e5,12019,8.9014,60
1e6e94c9,30937,8.9014,117
28726255,28871,8.8986,117
1f0e22a1,20903,8.9014,90
4207f83f,30148,8.9014,134
3eb4069e,31161,8.9014,117
25e14b09,20238,8.8986,86
4fc35ba0,28917,8.9014,117
7418e8c7,30965,8.9014,117
1aedd7cf,23348,8.9014,103
357b7e98,16978,8.9014,76
60b02dcc,27635,8.9014,117
535dafcd,29521,8.9014,117
27fa49c6,12016,8.9014,60
491b7c1f,27234,8.8959,114
2824e6bd,27998,8.8986,117
79dd5be4,31236,8.9041,117
3d9047a9,12045,8.9014,60
77d9f017,22674,8.9041,88
163917b3,27863,8.9041,117
6378c8cb,17285,8.9041,76
3848c457,22080,8.9014,90
7111bb3f,23942,8.9014,103
7e8fbaae,28158,8.9041,117
2055be43,27696,8.9041,117
5ce1412,29757,8.9041,117
32f20b1b,21066,8.9041,90
822cc6d,22668,8.9041,88
797a8fd7,15389,8.9041,73
6210d4da,15353,8.9041,73
7a23009c,15298,8.9041,73
77091e3d,17073,8.9014,76
292fa4a,28595,8.9014,124
2fbbd9f8,28683,8.9041,117
4d7e0b73,17162,8.9041,76
72b90c17,12768,8.9041,61
67ece8a0,28251,8.9041,117
16e989bc,28199,8.9014,117
2b713d81,12659,8.9041,61
25f6bd5d,28575,8.9014,117
1112454c,27909,8.9041,117
11bb0626,27592,8.9041,117
4b45c9c4,10556,8.9041,37
69fa6818,30835,8.9041,117
6a41784e,16936,8.9041,76
2b498686,21509,8.9041,90
2302d916,29758,8.9014,117
466c3f5b,28874,8.9041,117
3d66c44c,30902,8.9041,117
2839b846,17253,8.9014,76
7c6c2526,20901,8.9068,90
1d0eb1ed,20900,8.9041,90
28f11133,30905,8.9068,117
f406591,28896,8.9068,117
1298344a,27943,8.9068,117
7a717e2d,28709,8.9068,117
30a6219,20902,8.9068,90
5aa990d9,20865,8.9041,90
56c91af0,27641,8.9068,117
5a04e07,29522,8.9068,117
7451d888,24632,8.9068,103
6268a183,31016,8.9068,117
7c6829a4,15347,8.9068,73
7bbf8058,27944,8.9041,117
1d0823f,29246,8.9068,117
26934f3f,15396,8.9068,73
1b8b7740,28127,8.9041,119
1cb19929,6337,8.9068,1
230f4f61,25267,8.8986,103
115d7a91,27622,8.9068,117
8e6fb57,20922,8.9041,90
197521fa,17234,8.9068,76
25a37f5c,27860,8.9041,117
40e6650b,30895,8.9068,117
65523ddf,29610,8.9068,117
75ba888d,12006,8.9068,60
45700d31,22704,8.9068,88
7b17d35c,16930,8.9014,76
fdfb524,30922,8.9068,117
2e80bab2,20118,8.9068,86
6bdc23d6,27518,8.9068,117
2e1490c2,29730,8.9068,117
313a6962,27773,8.9068,117
5c1076b1,29856,8.9068,117
76924859,29834,8.9096,117
776e02ab,28904,8.9096,117
7d265d03,20119,8.9096,86
773e50e5,3586,8.9096,29
2844054d,29525,8.9096,129
2f3831b4,16165,8.9068,37
6039af15,28858,8.9096,117
32950e78,20825,8.9096,88
6505628f,15357,8.9068,73
54e1d22b,16784,8.9068,37
6de37d0f,11999,8.9096,60
2b217463,22069,8.9096,90
107dcabd,25266,8.9068,103
2ed412e3,27223,8.9041,114
600b0cac,27945,8.9096,117
76b99e71,28057,8.9068,117
16760ea7,12337,8.9096,61
572b741b,29287,8.9096,117
59662717,29516,8.9068,117
79049309,31104,8.9096,117
61303efb,29309,8.9096,117
57f9eb57,27106,8.9096,113
23c78acf,21510,8.9096,90
4795174c,17235,8.9096,76
4b923809,30767,8.9096,117
2324e0f3,28935,8.9068,117
4383c58a,31129,8.9096,117
63da19c2,23501,8.9068,103
5ff6c395,20226,8.9096,86
2c4395c1,12144,8.9096,61
70570fd4,28190,8.9096,117
6e8403ba,31230,8.9096,117
473e3ee0,16791,8.9096,37
764ba230,3670,8.9123,29
4df8062e,15320,8.9096,73
726ce772,28089,8.9123,117
2f9ec320,27221,8.9123,114
1fc3a68f,31248,8.9123,117
3432dd65,24923,8.9068,103
45d004b8,10555,8.9123,37
21f0ebe6,27240,8.9123,114
782eab3b,12756,8.9123,61
7adb8d6f,17178,8.9123,76
5820aea4,16878,8.9096,76
7e29d19d,17064,8.9123,76
7353ca10,16793,8.9096,37
554591e0,15412,8.9096,73
84d4062,27107,8.9096,113
3858ddcf,29308,8.9123,117
20e2745e,22551,8.9096,88
142cd0f3,28567,8.9123,117
5536839e,12043,8.9123,60
2c85c249,17048,8.9123,76
4ea9c9eb,30787,8.9123,117
512a8cb5,23347,8.9123,103
533f8b53,20209,8.9123,86
5359f64e,22548,8.9123,88
6d9cf412,31105,8.9123,117
68569230,21505,8.9123,90
479cf97a,28707,8.9123,117
7c5feca8,27237,8.9123,114
5b6b9c41,25268,8.9123,103
13a80a8b,28930,8.9123,117
51ddcf5a,28870,8.9123,117
d460043,15390,8.9151,73
2db16fb8,21540,8.9151,90
2a3f77db,22081,8.9123,90
15a7cad9,27620,8.9151,117
3d2a78e,27593,8.9151,117
285e9436,12769,8.9151,61
e34e22a,12744,8.9151,61
5f64cd98,27519,8.9151,117
74be25af,28900,8.9123,117
281de02a,29297,8.9151,117
13029689,24091,8.9151,103
78606716,27624,8.9151,117
7df6b6e8,28200,8.9151,117
3aad05cc,30187,8.9151,134
30a37cc2,27913,8.9151,117
4b00f517,30859,8.9151,117
3095b69,27597,8.9096,117
5158ada1,28636,8.9096,117
7a368e24,10566,8.9151,37
36526438,29750,8.9151,117
7f49b388,27941,8.9151,117
6be82c65,28889,8.9151,117
2561d892,30969,8.9151,117
370ba2,3598,8.9151,29
32d02ddf,12330,8.9151,62
18f1a4e4,12031,8.9151,60
38d5bc54,29296,8.9123,117
337f5a20,28901,8.9151,117
1dbd3080,12295,8.9123,61
bad3df6,24099,8.9151,103
38a05789,12141,8.9151,61
2d6312fd,28863,8.9151,117
6484f32b,22669,8.9123,88
6a420c0,20214,8.9068,86
3c023382,28727,8.9151,117
9433a05,12015,8.9096,60
4a9d9dad,30211,8.9151,134
6d98161e,20924,8.9151,90
127bfe8b,23346,8.9096,103
402bb60c,28577,8.9151,117
50282f1e,28088,8.9096,117
76fea043,22675,8.9123,88
5bfb7064,12145,8.9178,61
46fd26c1,30923,8.9151,117
57bca1df,16166,8.9178,37
5443efd3,21676,8.9178,90
543bcd6f,27866,8.9151,117
7b5f2207,17164,8.9178,76
495fd6ea,29731,8.9151,117
2299565,29658,8.9178,117
8f370fa,30264,8.9178,134
abe34f9,17175,8.9123,76
50cd2a0c,28198,8.9178,117
3de14bc2,29452,8.9178,117
732d73a6,29288,8.9178,117
604aa999,23409,8.9151,103
1b284095,16880,8.9178,76
2ca0a769,30251,8.9151,134
34085118,21934,8.9178,90
13b3061,21129,8.9178,90
1f3c0771,22676,8.9178,88
584ef43b,27864,8.9178,117
71fc8bb4,28681,8.9123,117
4fdba0b1,17163,8.9178,76
70a9402,21134,8.9178,95
5f6a14ba,29433,8.9178,117
70aacc40,17075,8.9178,76
659e58ca,17664,8.9178,37
36677aff,12047,8.9178,60
3927774d,31231,8.9151,117
1f4964e5,22077,8.9178,90
88637ce,16792,8.9096,37
517a7388,27628,8.9178,117
53b14a3,23357,8.9151,103
7248656,16979,8.9178,76
531ea41b,21504,8.9178,90
6a9fd1f1,20866,8.9178,90
375c5e0d,12046,8.9123,60
14696886,28895,8.9178,117
5a8afe2d,22083,8.9178,90
32f1386c,20227,8.9178,86
26f5779a,31241,8.9151,117
730ce97f,28872,8.9178,117
2cfe92c0,15346,8.9151,73
4bfd925b,20221,8.9178,86
1777ed6b,28869,8.9178,117
1da75124,20925,8.9151,90
5100db2c,21496,8.9178,90
1ab301b8,29456,8.9178,117
ee04480,30807,8.9178,117
10211a6e,28710,8.9205,117
56d0af0e,12020,8.9205,60
7d6a0022,17166,8.9205,76
7e641c0a,29122,8.9178,117
76f2caa5,28742,8.9205,125
7cd86cbf,28250,8.9205,117
236b8a23,30780,8.9205,117
366260e2,29556,8.9205,129
4c7985be,17255,8.9205,76
7db15608,30968,8.9205,117
354b04c0,27618,8.9205,117
4a8eaad8,30861,8.9178,117
3df8a497,15397,8.9205,73
6496cc75,20883,8.9205,90
f86fef7,16948,8.9205,76
996a923,16167,8.9205,37
36f11aa3,27946,8.9205,117
4e55ccf6,17090,8.9205,76
1c72442d,27103,8.9178,113
6abfcd43,21263,8.9178,90
20112931,22782,8.9205,88
1e0b1b92,30966,8.9178,117
425bc0a,20208,8.9205,86
7e5946d9,22084,8.9205,90
70842613,27108,8.9205,113
7ae22b9d,30224,8.9205,134
59f5d193,28898,8.9205,117
1fe486b4,28347,8.9233,117
629af459,29620,8.9233,117
3c18206f,30768,8.9123,117
feadab9,28257,8.9233,117
2bbf741f,28881,8.9205,117
7a5a6bc5,29815,8.9233,117
dd44454,28078,8.9233,117
36beb27c,21620,8.9205,90
66f13738,12757,8.9205,61
4fdc6c60,28728,8.9233,117
6085672b,27105,8.9233,113
23eb1415,23410,8.9233,103
4cccafa7,30903,8.9205,117
605f7532,30778,8.9178,117
2ba8fa2d,27999,8.9233,117
509808f1,18383,8.9233,79
790024d2,22790,8.9233,88
626d3825,22082,8.9233,90
e78cfd7,23359,8.9233,103
1e378169,28000,8.9233,117
666910c9,16162,8.9178,37
2842705a,17249,8.9205,76
6d4ea031,18720,8.9233,37
2500cc38,22085,8.9233,90
79e2d38,27506,8.9233,117
295f9a5a,20228,8.9233,86
3188f868,16931,8.9151,76
124a836d,27218,8.9123,114
644b9bf1,30294,8.9205,134
31134068,23360,8.9233,103
d5a6dc0,27809,8.926,117
72545b2d,30252,8.9233,134
3042f34,17137,8.926,76
1b917e9,12027,8.926,60
3995803c,27912,8.926,117
122e9766,29835,8.926,117
c7a882f,31134,8.926,117
209ee2dc,30188,8.926,134
5f0e193d,27914,8.926,117
69d1bf79,20213,8.9233,86
290b7b97,28886,8.926,117
7cd0461f,28115,8.926,119
1aa36b44,20827,8.926,88
15a297a7,12017,8.926,60
4dfce2ce,28695,8.926,117
d55e7fc,17140,8.9205,76
2932a67f,12664,8.9233,61
3bc39449,12142,8.926,61
57acfdf8,21503,8.926,90
56544502,23358,8.9205,103
7c943794,28112,8.9233,119
73278ef9,17058,8.926,76
748e61e0,20886,8.926,90
253f03e9,28060,8.926,117
7855bd74,22575,8.926,88
45182831,17077,8.9233,76
40296727,27697,8.926,117
705a01e7,29434,8.926,117
5942555f,20234,8.9233,86
6b7c219,11997,8.926,60
4d236bb,28663,8.926,117
2c8bdc39,28205,8.926,117
59278922,28201,8.926,117
52bcdd7e,16424,8.926,37
72c9bbf7,25269,8.9288,103
673b3cfb,17269,8.926,76
2b0d7a7,27771,8.9288,117
3653ada2,27942,8.9288,117
97aae9c,22621,8.9288,88
61dcd21f,28024,8.9288,117
238b7fd9,21501,8.9288,90
74273d,28890,8.926,117
223466f1,29436,8.9288,117
379887ac,28079,8.9288,117
33117317,17278,8.9288,76
1804f66a,30805,8.9288,117
4456b5b8,12010,8.9288,60
3780ff79,16794,8.9288,37
fb1bb55,31135,8.9288,117
3039bb6f,24068,8.9288,103
413323a5,21621,8.9288,90
1354a36,28062,8.9288,117
3a17b62d,3593,8.9288,29
717867cd,30862,8.9288,117
731111a4,22078,8.926,90
e8e3e6a,18719,8.9288,37
56781a15,30773,8.926,117
648c4918,20887,8.9178,90
1febe81c,27619,8.9288,117
60e9e8e5,29729,8.9233,117
7657ee5f,17138,8.9288,76
7095bd04,29759,8.9288,117
14470142,29439,8.9288,117
30fe0002,28058,8.926,117
1fff6838,18724,8.9288,37
5693488e,28859,8.926,117
bb3b2c5,17189,8.9288,76
4b8d4da1,29734,8.9288,117
2f575240,30924,8.9288,117
734bc0f9,28899,8.9288,117
3ec0e85e,28114,8.926,119
63ccb81c,15374,8.926,73
6bb9371b,27247,8.9288,114
75ff0b3a,24633,8.9315,103
3851ffb1,30774,8.9315,117
543ea061,22670,8.9315,88
416e3df4,27862,8.9315,117
8a43338,27702,8.9315,117
4764719d,15533,8.9315,37
4a4f1490,4988,8.9315,1
6bd38810,17279,8.9288,76
5be28903,24908,8.9315,103
3feef37b,15416,8.9288,73
d379b82,18725,8.9315,37
7ad3113c,17236,8.9288,76
353635f4,20867,8.9315,90
7d8b7d02,18721,8.9315,37
4c5112ba,27775,8.9315,117
2e69b0fd,30904,8.9315,117
794e111e,6338,8.9315,1
2af4b951,29051,8.926,117
cb1b260,28258,8.9315,117
48b1b58e,17217,8.9315,76
2b3c1a3d,22791,8.9288,88
248d003a,28919,8.9315,117
252e9479,29341,8.9315,117
60765897,28579,8.9315,117
2bd05b56,16795,8.9315,37
671012c6,28906,8.9315,117
364cdf01,20235,8.9315,86
3459ba2c,28729,8.9288,117
64ac8bbf,12591,8.9315,61
4d8f6697,22722,8.9315,88
2a6ecbc2,20030,8.9315,86
7a8aad59,16949,8.9342,77
7a7b20c4,17076,8.9342,76
4cf64ac2,15372,8.9342,73
109aa845,30867,8.9342,117
3f552f6a,30863,8.9342,117
1c8b5544,28063,8.9342,117
62d5bc4d,30147,8.926,134
27c8e8d2,30733,8.9342,117
3170ad3e,27910,8.9342,117
5c569989,17049,8.9342,76
7bdd3338,29664,8.9342,117
7797ff21,28908,8.9342,117
386f024a,20031,8.9342,86
5801f3ed,17143,8.9315,76
6cacac8e,22559,8.9342,88
248a38cd,28183,8.9342,117
64b71344,20819,8.9315,88
33fe1aa4,27897,8.9342,117
3a3f1889,20233,8.9315,86
4f061353,27861,8.9342,117
1449ff70,28725,8.9342,117
13f714c4,30794,8.9342,117
509f0724,31440,8.9342,117
6d45b372,29256,8.9342,117
54510797,20966,8.9342,90
46bfcb2a,16950,8.9342,77
6eb142fe,21507,8.9342,90
657cf6dd,12032,8.9342,60
49879810,29805,8.9342,117
9997c71,28192,8.9342,117
31c700f3,31330,8.9342,117
55050287,31005,8.9315,117
20b7472f,29804,8.9342,117
620fcdbc,3599,8.9315,29
6b468996,12208,8.9342,61
28c88457,28708,8.9342,117
16aaaf43,31132,8.9342,117
cbe0c86,25230,8.937,103
3cbe1801,15358,8.937,73
10404280,23502,8.937,103
4f156327,28726,8.937,117
c061d31,20122,8.937,86
7020fa0b,24486,8.937,103
62e6f2cd,24188,8.937,103
2925bb60,28696,8.937,117
68ea9ed,29005,8.937,127
3eacf1af,23785,8.937,103
4d5a867a,28256,8.937,117
187f7586,21135,8.926,90
6bcd66a5,22705,8.937,88
3fd8a957,28030,8.937,117
26a89180,15314,8.9342,73
45180396,22792,8.937,88
4560bdde,28193,8.937,117
3f082634,29340,8.937,117
5d4e94c4,17074,8.937,76
58cf2848,24092,8.937,103
1881f0c2,28887,8.937,117
66c64c60,20905,8.9342,90
63e73a0a,28194,8.937,117
4f071cc8,23361,8.937,103
6e2bf008,28098,8.9342,117
793b0aef,31439,8.937,117
2dcafce4,30695,8.9342,117
5a5c54c9,15321,8.937,73
6b46543a,22576,8.937,88
6c11efa7,22710,8.937,88
4a0b47cf,17091,8.9342,76
30dcbfb6,29289,8.937,117
81e4f78,23692,8.937,103
2bc3f11f,30939,8.9342,117
51a03dc5,27995,8.937,117
41852d01,28684,8.937,117
2ed8ae5b,23334,8.937,88
14f11b88,20229,8.937,86
6b537524,20123,8.937,86
2873deda,29659,8.937,117
6eeee3e1,28097,8.937,117
3e70a5ec,31114,8.9342,117
56756a06,30765,8.937,117
4a44061b,30793,8.937,117
532c0559,30906,8.937,117
50f1e623,29290,8.937,117
68c89515,21130,8.937,90
1590f750,29735,8.937,117
7f0e4f27,27642,8.937,117
4c3b8b52,17237,8.9397,76
3ffdc32,30293,8.9397,134
60f7dffd,27901,8.9397,117
72cf9ec4,27225,8.9397,114
6302e5b8,28099,8.9397,117
45ab4182,17261,8.9342,76
2a717efc,17280,8.9397,76
f4598bb,22578,8.9397,88
7fb580cd,29324,8.9397,117
6f44e572,16163,8.937,37
3112d750,17176,8.9397,76
3fa55608,30212,8.9397,134
6c451ad9,15354,8.9397,73
24621d56,29623,8.9397,117
36df6dd,29760,8.9397,117
c4720b6,27865,8.9397,117
15376fc0,22795,8.9397,88
16edf5ae,27907,8.937,117
42417c72,28351,8.9397,117
5a6d0d6c,29624,8.937,117
52baa678,27911,8.9397,117
668689d4,29613,8.9397,117
a3150c7,10557,8.9315,37
738884aa,25485,8.9397,103
748665c5,28366,8.9397,117
269c9aa8,28611,8.9397,117
18cd218a,28664,8.937,117
2b3ea07b,31162,8.9397,117
262b41d4,31243,8.9397,117
11b13c6f,22560,8.9315,88
205ee055,22133,8.9397,90
56dedbd1,17290,8.9425,76
14555278,17265,8.9425,76
680c94c7,25291,8.9425,103
2acbe135,23695,8.9425,103
70c68fed,28202,8.9425,117
50e6c277,15385,8.9425,73
6e9e8c81,16946,8.9425,76
62388739,28073,8.9425,117
2645d574,31331,8.9425,117
40564eb1,29300,8.9425,117
5a3638be,30925,8.9397,117
7c916d8e,29625,8.9425,117
2365a9ee,28697,8.9425,117
317c1341,27714,8.9425,117
74f7f91d,31138,8.937,117
62602f4,19242,8.9425,37
6dbe3946,22579,8.9397,88
1ab4d462,22562,8.9425,88
55275bde,30373,8.9425,134
51c0e938,29732,8.9425,117
67c76056,28882,8.9425,117
7b2f01e1,29258,8.9397,117
4704dd22,29919,8.9425,117
3b7b3005,16947,8.9425,76
e87dc9e,17263,8.937,76
115b75d3,23381,8.9425,103
4d42727e,22793,8.9425,88
4e61523e,17270,8.937,76
1f7099b9,30295,8.9425,134
2fed7b1d,17184,8.9397,76
655266de,25295,8.9425,103
3bdd3988,21131,8.9425,90
7f696c6f,30253,8.9425,134
3b18c50c,29459,8.9425,117
4d8a3027,23335,8.9397,88
1f494167,31133,8.9425,117
2b775cf5,29455,8.9425,117
56bacc32,27643,8.9425,117
6cc39a43,17059,8.9452,76
4a2dd5ca,28612,8.9452,117
2974cc34,22781,8.9452,88
e3b8077,21073,8.9452,90
490ebd07,29822,8.9452,117
2a47014d,30938,8.9425,117
62897dfb,30926,8.9425,117
30e371e5,28931,8.9452,117
3e3bc7c1,16164,8.9397,37
2ce4f422,22709,8.9452,88
5ab32e0,27520,8.9397,117
2eec07e9,24069,8.9452,103
4e89c83a,22134,8.9452,90
45c7602d,28367,8.9452,117
19a76647,28891,8.9452,117
6bee324,20884,8.9452,90
573af9d5,30839,8.9452,117
8fbadc2,18723,8.9452,37
57f22310,29626,8.9425,117
ddd2088,15355,8.9425,73
6a951a2e,31106,8.9452,117
bfd29fb,30808,8.9397,117
347fd5f2,28712,8.9452,117
b898d00,25270,8.9452,103
5608a06a,30916,8.9452,117
4da5d5c2,27997,8.9452,117
33af1702,29313,8.9452,117
51ff527d,29629,8.9452,117
16d924cf,28095,8.9452,117
75b1e813,28365,8.9452,117
3eedf6a0,27902,8.9452,117
15aa27ba,29006,8.9452,127
4a8a869c,29733,8.9452,117
30811eae,3582,8.9452,29
6188b6e8,12000,8.9452,60
fca6e6c,30836,8.9479,117
255bda94,25296,8.9479,103
284d354,15378,8.9479,73
4401a20c,17065,8.9452,76
3b7b06c5,29457,8.9479,117
3370b6a,30799,8.9479,117
272cd212,28918,8.9479,117
5c583319,28160,8.9479,117
3f765b79,24631,8.9479,103
4216ba6,12029,8.9479,60
e16415f,23362,8.9479,103
40c18727,25429,8.9479,103
5434bd91,15315,8.9479,73
5801b63b,18722,8.9425,37
552183d1,29301,8.9479,117
5a52be88,28661,8.9452,117
7b8457b5,29665,8.9479,117
2e619690,29435,8.9452,117
7787b786,3587,8.9452,29
386ee100,29460,8.9479,117
4e486015,29437,8.9479,117
618e2047,23693,8.9452,103
43f9fff0,27224,8.9452,114
28bcbe40,28113,8.9479,119
2b4629de,27241,8.9452,114
9884b8e,27869,8.9479,117
31d679cd,17223,8.9452,76
46a1cd5e,28570,8.9479,117
56bd51d5,21705,8.9479,90
47a5831c,27898,8.9452,117
7094bc08,21912,8.9479,90
5a37328d,30271,8.9479,134
11a8d67e,22767,8.9479,88
592b2228,22800,8.9452,88
6524e321,20868,8.9479,90
6641652,17141,8.9479,76
51283bc6,17144,8.9479,76
511279a9,31017,8.9479,117
136db541,30263,8.9479,134
351df7f8,30214,8.9479,134
257b0c96,20230,8.9425,86
67e6f6a1,29050,8.9479,117
19df90a1,16881,8.9479,76
43a70655,30842,8.9452,117
23f96088,17142,8.9479,76
3f07ff6f,21706,8.9507,90
bf9c87d,30734,8.9507,117
7097e2f9,21508,8.9507,90
63292405,23412,8.9507,103
569b2979,15393,8.9507,73
3d0d258b,15413,8.9507,73
44d6b6f5,27918,8.9507,117
78f2a877,29761,8.9507,117
353a7c72,30308,8.9507,134
37bd1dba,30270,8.9507,134
1d1e1e44,17179,8.9507,76
3e42a0af,17266,8.9479,76
49eb5111,15363,8.9479,73
2437f94b,21541,8.9507,90
7bb860ba,25231,8.9479,103
1639adb7,17190,8.9507,76
54905b8,17271,8.9507,76
4f7461d2,23503,8.9479,103
548253e,31007,8.9507,117
1e2f49fb,12044,8.9507,60
26aa4734,28096,8.9452,117
7da50243,30276,8.9507,134
300cac8a,23366,8.9479,103
34b5f8c4,29115,8.9479,117
79be68e0,31242,8.9452,117
54084be1,30273,8.9507,134
20ef25b3,28349,8.9507,117
750d9cf7,17262,8.9507,76
20b01620,22796,8.9479,88
36710694,3594,8.9534,29
6f6a6f54,30296,8.9507,134
56b8a59f,28100,8.9507,117
68c34c7a,31182,8.9534,117
54ef9ef9,22698,8.9534,88
6fae12f2,21314,8.9534,90
7ca9d6c5,31244,8.9507,117
e7bf5b6,22821,8.9534,88
264baad6,27868,8.9507,117
396d056f,28237,8.9534,117
642746db,27916,8.9534,117
bc0f379,29116,8.9507,117
5a4761f2,27824,8.9534,117
21a16d76,21154,8.9534,90
70364250,29458,8.9507,117
7c612c14,31115,8.9507,117
1d489a9b,17165,8.9534,76
37288e99,12056,8.9534,60
75ce7eee,28061,8.9507,117
bafdcf,21074,8.9507,90
7ca4de84,29310,8.9534,117
597f2301,30266,8.9534,134
48c0069a,16785,8.9534,37
329e4c89,28897,8.9534,117
7b6cd49c,30917,8.9534,117
5bab97db,17167,8.9534,76
70c771e5,22079,8.9534,90
247e4afe,23350,8.9534,103
39abb2d9,28713,8.9534,117
3e39ef78,17254,8.9534,76
4b7a0cf8,27623,8.9534,117
75bae903,30215,8.9534,134
234574f0,25272,8.9562,103
471c273b,29461,8.9562,117
362f528f,27698,8.9562,117
147f47b8,17238,8.9562,76
1c155333,21544,8.9562,90
3a169a75,30225,8.9562,134
76611c92,22785,8.9562,88
18cdd761,28730,8.9562,117
2e778380,22839,8.9562,101
20bc6109,21511,8.9562,90
5e477c00,12034,8.9562,60
28c7ce76,28785,8.9562,125
10f460b,30775,8.9562,117
7cd86667,30908,8.9562,117
516aa656,29496,8.9562,117
3abe236d,28607,8.9562,117
7949b91a,21155,8.9562,90
1c0b6d4f,17060,8.9534,76
aa9b4c6,27996,8.9562,117
41c74bb5,22070,8.9562,90
1693660f,30803,8.9562,117
7dccfc78,27900,8.9534,117
7572abfe,29259,8.9562,117
32d4d10a,30272,8.9507,134
3e0fc71a,30952,8.9562,117
751c4c12,29342,8.9562,117
efd3be7,28170,8.9562,117
6e304c9d,31237,8.9562,117
7a788cd0,24367,8.9562,103
432598e,28033,8.9507,117
4bbf5007,20236,8.9562,86
6d933351,27930,8.9562,117
a561f07,31245,8.9534,117
666efe74,22712,8.9562,88
7961769d,31254,8.9562,117
584ef065,28715,8.9562,117
2f0ed572,28369,8.9562,117
1627d530,27917,8.9589,117
72b14de,28195,8.9589,117
28491186,16415,8.9589,37
2f269ba4,24032,8.9534,103
1aed9096,28875,8.9589,117
604c533d,30841,8.9589,117
1e800260,31136,8.9562,117
3626cad5,29440,8.9589,117
6974b52b,29517,8.9562,117
9d15ca2,28031,8.9589,117
27504674,29485,8.9589,117
74f126ab,17061,8.9589,76
17dcccfa,28698,8.9589,117
172cccb6,25232,8.9589,103
5b3dfe95,30310,8.9589,134
6e5c27c8,21545,8.9589,90
59e77ea2,21784,8.9589,90
588a9d1c,27822,8.9589,117
294031eb,30735,8.9562,117
58780109,17229,8.9589,76
6c8595c5,24187,8.9589,103
60eb8734,29751,8.9589,117
480c2dab,22799,8.9562,88
50e41dea,28120,8.9589,119
625f01ad,28933,8.9589,117
40c97bcd,22943,8.9589,101
108f918e,16414,8.9589,37
2c61768c,28876,8.9589,117
52977de,31116,8.9589,117
75d221dc,16980,8.9589,76
193dcd09,24189,8.9589,103
3e4f1db4,30724,8.9562,117
70160a24,12338,8.9589,61
142e093b,22766,8.9589,88
630cdb32,15379,8.9589,73
1b8a0d7c,30303,8.9589,134
25e8c85a,10567,8.9589,37
65efa1e9,27870,8.9589,117
1ec1bbe,24194,8.9589,103
43c85fa,17228,8.9589,76
2fd2181a,27919,8.9616,117
67f5373f,27823,8.9616,117
7f0d32c1,31332,8.9562,117
1e5de775,29057,8.9616,117
7eaea211,22706,8.9616,88
7e5384af,22794,8.9616,88
302c3e34,29524,8.9616,117
115adba9,12033,8.9589,60
504336e4,17092,8.9616,76
26a199ca,28902,8.9616,117
5736b424,30213,8.9589,134
5c033af9,20870,8.9616,90
d8f72d3,27625,8.9589,117
27cad561,24374,8.9562,103
453fd228,28909,8.9616,117
4a3d0a5e,30265,8.9616,134
1ef7e2a4,30776,8.9616,117
1bfb3ae5,12665,8.9616,61
aefc84,28731,8.9616,117
76c10fa8,15414,8.9616,73
7d1bdcc,31246,8.9616,117
4c6181ce,12392,8.9616,61
3cc4818c,18393,8.9616,79
4bf9004c,27699,8.9616,117
353bead4,30868,8.9589,117
f45353d,15411,8.9616,73
3f8e1e62,30739,8.9616,117
27de30fe,15377,8.9616,73
2426bf29,24487,8.9616,103
4e218c33,12030,8.9589,60
113e69b,17289,8.9534,76
571c6f87,25271,8.9562,103
46525dba,28234,8.9589,117
4d00157,22770,8.9616,88
1ae90868,28331,8.9616,117
2ebd2ce5,28266,8.9616,117
7ad60b05,21076,8.9616,90
7e0867b1,20908,8.9589,90
2c708a50,28352,8.9616,117
6bed413f,24924,8.9616,103
21a9f164,29614,8.9644,117
1ca12f0f,20888,8.9644,90
34ab04c1,30300,8.9644,134
19646877,21939,8.9644,90
35ce5fd2,30940,8.9644,117
46ee31b2,17062,8.9644,76
5b82bade,27626,8.9644,117
4e4e2ff6,21166,8.9644,90
22afb7f2,25234,8.9644,103
65585cba,15391,8.9589,73
7e93f166,28220,8.9616,117
2bc24e85,22780,8.9616,88
144cf594,28171,8.9644,117
4b83c0c8,27629,8.9589,117
6c99e88e,28236,8.9644,117
559635fe,24695,8.9616,103
26059a8d,28076,8.9644,117
73558b05,28888,8.9644,117
502bc079,30864,8.9644,117
34762647,22707,8.9644,88
7974a1a8,24364,8.9616,103
67045e3f,29117,8.9644,117
61ffbad5,17287,8.9644,76
6f59869b,29303,8.9616,117
261027eb,28465,8.9644,117
6a18d129,12382,8.9644,61
3cfecf7f,24072,8.9644,103
20cbf327,28716,8.9644,117
305c4fb,31010,8.9616,117
2f38dc2b,24100,8.9589,103
65776b84,27703,8.9644,117
1a5aeec6,24070,8.9644,103
37d5c36a,21537,8.9644,90
5ee5983f,28932,8.9644,117
4df10126,28951,8.9644,117
54a64561,29438,8.9644,117
21fe15cb,31009,8.9644,117
6443c8e3,17063,8.9644,76
2a81447,24925,8.9644,103
24a372e3,23351,8.9644,103
75a27bf1,17147,8.9644,76
f5cb176,12007,8.9616,60
50908c0f,28734,8.9644,117
4d9496f6,31249,8.9644,117
721fd1cd,22574,8.9644,88
1484518c,28950,8.9644,117
7eb9956b,22583,8.9644,88
17f39f6c,28368,8.9644,117
5de1e3b7,22711,8.9644,88
1ba2d8b3,24101,8.9644,103
2839cf3c,28310,8.9644,117
1beeb5e6,29752,8.9644,117
2d509f26,27243,8.9644,114
1ff0452a,29052,8.9644,117
1473a147,23943,8.9644,103
7adc67aa,21075,8.9671,90
53dc7e78,31011,8.9644,117
4e18b83c,27772,8.9671,117
6caacfc1,22137,8.9671,90
47e85121,20239,8.9671,86
32fd66e4,30846,8.9644,117
5e109f41,30226,8.9671,134
6e8f1545,30909,8.9671,117
65dd99f0,28123,8.9671,119
6039bd33,30171,8.9671,134
3a89cce2,24927,8.9671,103
59d57a22,22840,8.9644,101
2cbad3cb,22783,8.9671,88
25a1ddb5,25233,8.9671,103
8dc2c17,12036,8.9671,60
229b1faf,20216,8.9671,86
7c460f32,24093,8.9671,103
7920248b,31250,8.9671,117
698bffa,20237,8.9671,86
2dff86e9,21167,8.9671,90
442aabd5,21009,8.9671,90
8d903fd,23367,8.9671,103
4b7d1a73,29314,8.9644,117
1a64153b,22740,8.9671,88
b0171a1,21536,8.9671,90
4b874dd7,30696,8.9671,117
688a7856,29291,8.9644,117
52fd75b1,17180,8.9671,76
52f19a36,28034,8.9671,117
6b1491e7,12001,8.9671,60
23e98c4a,12391,8.9671,61
189a18a9,27780,8.9671,117
33269ec3,21512,8.9644,90
21f3a6f6,29923,8.9671,117
635cce89,30970,8.9616,117
7f0db8d4,23352,8.9671,103
1069e0a3,28277,8.9671,117
587efd57,12008,8.9671,60
765ffbe4,22136,8.9671,90
29ec7174,15415,8.9671,73
657a55b,22784,8.9671,88
53a172dd,22135,8.9671,90
5a283396,28666,8.9671,117
10059e76,31137,8.9644,117
2bc38c50,20980,8.9671,90
732c246f,17267,8.9671,76
68030d1f,23556,8.9699,103
368cf8b5,27242,8.9671,114
6edf5585,29441,8.9699,117
7cc6551b,28667,8.9699,117
7e4c5938,28911,8.9699,117
5449d847,23349,8.9699,103
63df6f92,28665,8.9699,117
714220da,28231,8.9671,117
a4e4ba3,30299,8.9699,134
159b018,28907,8.9699,117
1b48db94,29061,8.9671,117
3f39490,24636,8.9699,103
72ce2f75,30227,8.9699,134
63d730c4,30254,8.9671,134
2fc285d6,29062,8.9699,117
3078e361,17224,8.9699,76
728b6fc1,30274,8.9699,134
cee6f6b,24931,8.9699,103
581b91c1,27621,8.9671,117
529c45e9,12022,8.9699,60
6dc33214,24005,8.9671,103
37c86e78,28196,8.9644,117
c1fa162,16951,8.9699,76
25432247,29523,8.9699,117
51e4e769,25275,8.9699,103
25abe883,29617,8.9699,117
54ce49e5,30953,8.9699,117
68a30821,28735,8.9699,117
1e8a75f3,23694,8.9671,103
641f7951,29260,8.9699,117
42b88556,21506,8.9699,90
322a7f20,22071,8.9699,90
7fc2a17b,21936,8.9699,90
60088a23,31186,8.9699,117
7bbb6153,23371,8.9699,103
669c2141,22798,8.9699,88
7ae81cd,16882,8.9671,76
6d0d213a,29326,8.9726,117
4970f72a,23372,8.9726,103
4e61516c,24365,8.9726,103
3d321184,29123,8.9726,117
39b2f3e9,29497,8.9671,117
77359a52,30951,8.9726,117
339b4fe9,29631,8.9726,117
1e08c62f,24634,8.9726,103
308b53bc,21677,8.9726,90
6bb7a8f5,30806,8.9726,117
2ba466d,12667,8.9726,61
5adbd1ab,23719,8.9726,103
30276fff,28877,8.9726,117
6601990e,30801,8.9726,117
36d8228d,22801,8.9726,88
328aeb74,31172,8.9699,117
39d9324d,27704,8.9726,117
53fa0591,24077,8.9726,103
27f2afe4,28321,8.9726,117
24418929,29315,8.9726,117
4175179e,31018,8.9699,117
314e1ea7,20889,8.9726,90
1a3b9c39,25235,8.9726,103
739bb107,12383,8.9699,61
32e122f5,12018,8.9726,60
5a8e70f8,24076,8.9726,103
1c92f5c4,27825,8.9699,117
96206e2,29672,8.9726,117
2042ae86,29311,8.9726,117
2b75539f,28423,8.9726,117
19c2827e,28059,8.9726,117
62f53395,12049,8.9699,60
7b396c3f,28221,8.9726,117
4f5290a3,28865,8.9726,117
4707b47,29836,8.9699,117
3498a762,30750,8.9726,117
2c608a7a,27776,8.9753,117
77ecd0dd,28786,8.9753,125
70413724,29557,8.9753,129
1132df9,17146,8.9753,76
290854fb,22797,8.9753,88
3873133f,31183,8.9753,117
41f2eb02,28410,8.9726,117
59966a20,24366,8.9753,103
16a67579,16786,8.9753,37
7d678040,30186,8.9753,134
592b5342,22723,8.9753,88
32d25265,17230,8.9726,76
121855eb,30256,8.9753,134
44e40651,27871,8.9753,117
2e49a387,25274,8.9726,103
ea89d51,21326,8.9753,90
5ecf3662,31141,8.9753,117
3a7d6564,27933,8.9753,117
1b8d967,30777,8.9753,117
594bac37,27700,8.9753,117
13c3f05a,29298,8.9753,117
3498b866,28214,8.9753,117
651fbdd4,30802,8.9753,117
61318f54,23411,8.9753,103
1da937f5,15373,8.9753,73
6dfce208,28262,8.9753,117
a99d031,23382,8.9753,103
1cd62c59,28077,8.9753,117
4bfd30a,27920,8.9726,117
6919b7e6,29126,8.9753,117
63ffe46f,31093,8.9726,117
4e66a8ad,28232,8.9753,117
34bb15e8,28032,8.9699,117
1039321e,30844,8.9753,117
77219218,28235,8.9726,117
fd2bc3e,28001,8.9753,117
42a9a5e6,3588,8.9753,29
13294448,21938,8.9753,90
510e379,28424,8.9753,117
4bb8a14e,21010,8.9753,90
7e5a0091,22161,8.9753,90
5b8be4f3,6339,8.9753,1
2b3c69de,30255,8.9726,134
24357fca,17191,8.9699,76
64f18135,28064,8.9753,117
26bc4b1e,27651,8.9753,117
8cc99d0,29141,8.9726,117
4076738e,29302,8.9726,117
4fb28f65,17226,8.9699,76
1b70d1ca,20967,8.9699,90
b92c936,30920,8.9753,117
67fcd38d,17250,8.9726,76
2ca4717b,24696,8.9726,103
281fce82,31256,8.9753,117
1b52c8ec,28702,8.9781,117
146536ff,31347,8.9781,117
4ff75ab1,25279,8.9781,103
52b1f100,24071,8.9781,103
53503060,27716,8.9753,117
6bbe34ac,24637,8.9781,103
6ebf263b,31185,8.9781,117
1b68db8f,29816,8.9781,117
460c0013,30483,8.9781,134
6423681d,29344,8.9781,117
140dfb82,17268,8.9781,76
79dced1f,27508,8.9781,117
31489c6,29817,8.9781,117
2f1017da,24274,8.9781,103
365367cf,24193,8.9781,103
78d711cc,27928,8.9781,117
37d34bf,21651,8.9781,90
2400c7af,24679,8.9781,103
16bb1469,28733,8.9726,117
56a23e03,22825,8.9781,101
3c1020a4,31238,8.9781,117
19b4dc74,24073,8.9781,103
1e8fa536,28662,8.9699,117
5059f2d2,15301,8.9753,73
174c8cfc,28732,8.9781,117
2ae49bb1,21741,8.9753,90
49a13dce,22824,8.9781,101
56f1994a,28203,8.9781,117
25a9c404,28210,8.9781,117
6b11fdf3,29995,8.9781,132
31700212,21785,8.9781,90
5a1269dc,30309,8.9753,134
1764399f,12340,8.9753,61
600deef,30149,8.9781,134
621a45b9,27903,8.9781,117
53cbab7a,28711,8.9781,117
1ade7456,15424,8.9781,73
1a292644,30671,8.9753,117
bc3cd40,27707,8.9781,117
34bff3f9,28608,8.9753,117
2a2e9f35,27826,8.9726,117
24b07171,20240,8.9781,86
514a7d68,12388,8.9808,61
4d25cd75,20914,8.9781,90
29d0afc,28121,8.9808,119
1e6dc993,30275,8.9808,134
40e43a5c,22724,8.9808,88
6778e0c8,29343,8.9808,117
21e14652,12387,8.9781,61
163cf5a1,12021,8.9781,60
4d5c737,24277,8.9781,103
7404a76f,31092,8.9808,117
15d34569,28348,8.9726,117
13f275cb,29125,8.9808,117
350d89bb,28466,8.9808,117
1fcb1c52,30941,8.9808,117
73d89d0c,24074,8.9781,103
4ea5ff1b,17291,8.9808,76
415203ab,27931,8.9808,117
184b1a6b,28261,8.9808,117
c2a773b,22708,8.9808,88
5f25bcbc,30189,8.9808,134
3e19cd64,22741,8.9808,88
6f87de57,28350,8.9808,117
2f5f198e,27705,8.9808,117
5ded9085,29826,8.9808,117
7548e075,28002,8.9808,117
7ccb022d,29994,8.9781,132
2b0fe753,28883,8.9808,117
1ad7230f,30942,8.9808,117
4f487678,28866,8.9781,117
6b36cfd6,28209,8.9781,117
3fd7989c,28172,8.9808,117
1cbb0b32,17185,8.9808,76
104c556b,20985,8.9808,90
2895dfe5,31255,8.9808,117
4d5970cb,28411,8.9808,117
4ec90284,22108,8.9808,90
a6f72f4,28467,8.9808,117
53df35bf,24677,8.9808,103
792d5fa5,3595,8.9781,29
787a99df,24122,8.9781,103
7ea37133,20217,8.9781,86
78789141,27899,8.9808,117
5d2cda10,19243,8.9781,37
4fbbc684,21156,8.9808,90
9f1a468,31142,8.9753,117
256960e8,28122,8.9808,119
40a6b79f,12389,8.9808,61
7c68d453,20906,8.9808,90
78beed52,30972,8.9808,117
56784418,22944,8.9836,101
163eac8d,30741,8.9808,117
1ac81d9,31184,8.9808,117
1b1673da,27706,8.9808,117
6351eb9a,26064,8.9836,103
59a171ef,28320,8.9836,117
56fac3f4,20871,8.9836,90
38739cbd,25280,8.9836,103
35c35762,28788,8.9836,125
59a2677b,30301,8.9836,134
b5e4ba9,28238,8.9808,117
19f4025f,30865,8.9836,117
16c085f1,24488,8.9836,103
b3bdc55,24926,8.9836,103
2479977,31164,8.9836,117
246ce217,21546,8.9836,90
6ebfc05e,29056,8.9836,117
85f3cd,12402,8.9836,61
17c5cd23,29372,8.9836,117
42c962fa,29088,8.9836,117
1f65cee,12050,8.9836,60
11dbc1be,12051,8.9836,60
1db2e56f,28322,8.9808,117
cbe59af,24638,8.9836,103
284eba73,30804,8.9836,117
5c5b2226,22679,8.9836,88
16d03457,22564,8.9836,88
2119d332,30971,8.9836,117
123bfad3,30967,8.9836,117
5d220f1b,28699,8.9836,117
1463b860,23370,8.9808,103
e2bbee,12011,8.9836,60
6f0d7883,28091,8.9808,117
10f345c1,30150,8.9781,134
22adfad3,12390,8.9836,61
6fba734a,24697,8.9836,103
7a928898,27630,8.9836,117
765de2b2,22771,8.9836,88
7e5f2e29,23720,8.9836,103
1a16f7dd,26066,8.9781,103
494c931f,27922,8.9836,117
33693853,27993,8.9836,117
ff53d57,28074,8.9836,117
61cdb279,29640,8.9836,117
6664f60f,20979,8.9836,90
7d5f91ca,30011,8.9836,132
1cb5e130,22095,8.9836,90
2aa7e213,30173,8.9836,134
3a8c6874,27509,8.9808,117
36de5b26,12403,8.9781,61
77cb177c,24102,8.9808,103
78f8cd8e,22163,8.9836,90
4444c4d4,27226,8.9753,114
1d52cbe0,27994,8.9836,117
5911b407,30843,8.9836,117
764e28ae,29089,8.9836,117
491617e0,31205,8.9863,117
4be0fe34,27715,8.9863,117
6d9fcc12,24409,8.9836,103
1f48e475,29299,8.9836,117
4badca17,29926,8.9863,117
4c218094,30812,8.9836,117
24b60351,27872,8.9863,117
290cc94f,28867,8.9863,117
71bffb57,15417,8.9863,73
54e77a05,28920,8.9863,117
1482652d,12057,8.9863,60
3cb0acab,31107,8.9836,117
76d2c6bb,23787,8.9836,103
5b0b8043,21937,8.9836,90
55e0ad36,29118,8.9863,117
451e27d3,29205,8.9863,117
1624dafa,28211,8.9808,117
3a38d2dd,28102,8.9863,117
134f5770,28609,8.9863,117
3d1473ba,27507,8.9863,117
4887af38,29825,8.9836,117
3a1af5c3,27157,8.9863,113
318b1b55,31108,8.9863,117
6a4376ab,30172,8.9836,134
11f708ba,28952,8.9863,117
1611ef04,28206,8.9863,117
886d7df,29178,8.9863,117
655f9fe1,29063,8.9863,117
14d85bcf,29996,8.9863,132
da8ef9f,26065,8.9836,103
332ee9da,22563,8.9863,88
2a97d8c9,28159,8.9863,117
7cc7f877,28704,8.9863,117
53a16e91,31109,8.9836,117
72fd7b5f,29632,8.9836,117
6638a459,31251,8.9863,117
257feca9,24103,8.9836,103
5a7a9e6d,22730,8.989,88
434431fe,27878,8.989,117
60fd4fa3,28714,8.989,117
3a3dedb1,22842,8.9863,101
343a956d,29661,8.9863,117
569389d5,27953,8.9863,117
796ae58d,29615,8.989,117
6c8826f7,28789,8.989,125
2da1e750,27915,8.989,117
5c1944f3,27932,8.989,117
99c6aa4,30297,8.989,134
696d0707,23696,8.989,103
6b262934,27954,8.989,117
23faf6de,31258,8.989,117
35d2108e,29150,8.989,117
5ff195da,24275,8.989,103
5ea5e41c,28945,8.989,117
2a1db510,23336,8.989,88
fee86bd,27947,8.9863,117
5ce28ddf,15394,8.989,73
2d96175b,23511,8.989,103
6ae492cc,28905,8.9863,117
11c43a43,22731,8.989,88
5980c1d1,28354,8.989,117
44313975,30840,8.9863,117
a8db1cd,15322,8.989,73
3aab94fd,29462,8.989,117
65fa4430,27867,8.989,117
79319f8c,30921,8.9863,117
1a1ffa5b,29997,8.989,132
28cd236b,15381,8.989,73
4f29ec66,28703,8.989,117
5e9f12e0,28936,8.9781,117
29c39502,25486,8.9836,103
1eaf9fce,24192,8.989,103
715a7289,24094,8.9863,103
5fb8310b,20981,8.989,90
5ff2bc46,28878,8.989,117
6a2c493f,24361,8.989,103
81ffa5b,17227,8.989,76
1631a23a,30681,8.989,117
732dc434,21312,8.989,90
5c6b3c36,24682,8.9863,103
5406e335,22841,8.9863,101
233c06cc,27929,8.989,117
388740e3,22162,8.9863,90
3d084149,15316,8.9918,73
5e741296,28610,8.9918,117
1fbfaeee,17288,8.9918,76
60c2a659,22768,8.9918,88
1edce875,12002,8.9918,60
68b88cb9,22683,8.9918,88
a92979e,12279,8.989,61
7f1718fb,20968,8.989,90
6f1d82c,31173,8.989,117
2a80510f,28468,8.9918,117
34b01da6,20972,8.9918,90
7b1f8dfb,21373,8.9918,90
533fa3be,30980,8.9918,117
67d6d952,23786,8.9918,103
2ce2e9f0,23697,8.989,103
25037a2b,29827,8.9918,117
2b15d9c2,28360,8.9918,117
599ad4d,22626,8.9918,88
6a92ce48,24078,8.9918,103
54d4e8e5,29327,8.9918,117
6fc236e6,24386,8.9918,103
6a9c2915,29318,8.9918,117
7ab57830,30945,8.9918,117
222702ce,30866,8.989,117
51c745af,28826,8.9918,125
2fcc2c77,28356,8.9918,117
24136c1a,31247,8.9918,117
3eb83b24,28605,8.9918,117
55b9eb61,24379,8.9918,103
1bd8ca35,12758,8.9918,61
249406e8,29495,8.9918,117
5b0a7845,22577,8.9918,88
41f262a6,21941,8.9836,90
1ca691cf,31259,8.9918,117
188177f5,31163,8.989,117
10c1fcf0,16789,8.9918,37
42744b1c,22580,8.989,88
2ec9ca4f,24676,8.9918,103
5c997c88,28879,8.9918,117
6a748274,29641,8.989,117
79d96e10,28873,8.9918,117
5c17bbc8,31143,8.989,117
66e02ba7,18726,8.9918,37
62cb0cc,21914,8.9918,90
4885f55f,28361,8.9918,117
7a1eabb1,29673,8.989,117
175e8f11,15386,8.9918,73
1d441a46,28004,8.989,117
7e8d63f2,12666,8.9918,61
19454e71,21519,8.989,90
7515fe51,30727,8.9918,117
63ff137d,30541,8.989,134
16093dcb,27720,8.9945,117
31c1a4bc,22096,8.9945,90
2ba29366,28066,8.9945,117
7d6f55db,29616,8.9918,117
3e25e713,29090,8.9918,117
da00060,30737,8.9945,117
5298837a,15361,8.9945,73
76db33c8,24278,8.9945,103
578d18ef,27827,8.9945,117
7c926c23,12009,8.9945,60
713cd0d1,30667,8.9945,117
67a91edf,20907,8.9945,90
47f9a504,29818,8.9945,117
7a3560a5,25300,8.9945,103
15a9e8b4,20986,8.9945,90
2040888,28551,8.9945,117
2df4b1f1,17281,8.9945,76
226eae9e,27573,8.9918,117
7c15dca2,15359,8.9918,73
26a377dc,28425,8.9945,117
4c17bc8,29762,8.9945,117
cb23998,30679,8.9945,117
5e900460,22072,8.9945,90
63b095f9,15425,8.9945,73
6ca0ad7c,29119,8.9945,117
71433789,28278,8.9918,117
6af6ca09,12281,8.9945,61
12000351,21547,8.9945,90
2fae8ec5,27778,8.9945,117
48d6c994,24673,8.9918,103
21f446bf,28937,8.9945,117
4963d277,12280,8.9945,61
12e0b538,29068,8.9945,117
3f309670,24007,8.9945,103
6c845499,22787,8.9945,88
32b6be7d,28207,8.9945,117
6f462608,24680,8.9945,103
3861b1fd,21786,8.9918,90
2fbf9abc,29261,8.9918,117
3ff93f1a,15395,8.9945,73
748801a9,20932,8.9863,90
aa28f41,30800,8.9918,117
4c421862,17192,8.9945,76
591b8ed3,25236,8.9945,103
31381ded,31174,8.9945,117
47cfe53f,24380,8.9945,103
5989b200,21201,8.9945,90
6262cdc9,28719,8.9945,117
5c61d2f4,21538,8.9945,90
2dc77be0,24369,8.9918,103
1519857a,27722,8.9918,117
1942c6b,28743,8.9945,125
5330b8df,28263,8.989,117
453ec122,23789,8.9945,103
1cd5beaa,20231,8.9918,86
3c023e2f,28910,8.9863,117
6aa28f30,28312,8.9945,117
59a66497,27634,8.9945,117
6837a1e7,25095,8.9945,103
1ea36961,20215,8.9918,86
4407281b,21539,8.9973,90
45e90988,30686,8.9973,117
3b4cc50a,30918,8.9973,117
51a48c28,29755,8.9973,117
97cc76b,22742,8.9945,88
4c93762,25123,8.9973,103
54583b99,25430,8.9973,103
216828f6,24378,8.9973,103
6cd7799e,28353,8.9973,117
6ee4d55b,28705,8.9973,117
6b68c725,29819,8.9973,117
7ef9ad22,30676,8.9973,117
7e479d51,30543,8.9973,134
1eb60593,22645,8.9973,88
49fa8452,28212,8.9973,117
640623a7,27574,8.9918,117
57a502b8,18396,8.9973,79
187d430d,27880,8.9973,117
79110f42,30845,8.9945,117
64d4cc26,17168,8.9973,76
451ccf98,12023,8.9973,60
5a15dcf7,27158,8.9945,113
b3dc11c,24650,8.9945,103
319ac000,28101,8.9973,117
4e55b449,28065,8.9973,117
3fcfc9de,30752,8.989,117
7db897fd,24639,8.9945,103
1ac5c28a,24011,8.9973,103
79d1da67,23508,8.9973,103
357bf9ee,30742,8.9973,117
38916dba,30981,8.9973,117
12f022a,30979,8.9973,117
354a4117,30683,8.9973,117
10f21058,30978,8.9945,117
42bfb73b,25434,8.9973,103
7170fe6b,24489,8.9973,103
8379c3d,21742,8.9945,90
6f9226d5,28940,8.9973,117
502b5273,29007,8.9973,127
265e7dbb,28613,8.9973,117
29c61f65,22727,8.9973,88
17f2d2a4,28700,8.9945,117
528ee23a,29674,8.9945,117
123ccb39,21313,8.9973,90
6ce6e325,24104,8.9918,103
2f377795,28355,8.9945,117
66549c00,30809,8.9973,117
33b286d4,30236,8.9973,134
4d940568,28965,8.9973,117
4723e698,22726,8.9973,88
1c87ca92,28953,8.9973,117
5ef1f19e,24116,8.9973,103
79d258b2,22702,8.9973,88
211d7636,24410,8.9973,103
36cfbdd,22769,8.9973,88
52c0972f,27631,9,117
39bc420d,30871,9,117
73da2fca,30258,9,134
71979ac1,29618,9,117
41a3044e,25282,8.9973,103
1ad48a5d,23953,9,103
385242b2,28668,9,117
288deb92,22623,8.9973,88
7efd0d63,28966,9,117
4b2e32af,29096,9,117
12f6def0,21542,9,90
2c4e2891,27926,9,117
623a878,20926,8.9973,90
3c224959,31008,9,117
18071173,24022,8.9973,103
45d0b842,30878,9,117
5e2ba8e8,20975,9,90
706d4af5,28745,8.9945,125
50c14102,22843,9,101
1093f1f0,28161,9,117
13fc77e2,30847,8.9973,117
9dcad8a,17282,9,76
534f34e2,25237,8.9973,103
5cdc530a,17193,9,76
2c6f6c14,29319,9,117
181c6843,28116,8.9973,119
21ce171a,30872,9,117
403324ee,23698,9,103
6af1f02e,29667,9,117
548baa79,29526,9,129
3d37330,23510,9,103
5a9e23f0,27828,9,117
3ac64a9d,28923,9,117
116e7ca8,17139,9,76
3f8bc80d,30740,8.9973,117
36da65e7,30277,9,134
2e88daff,12394,9,61
6734b8fe,29837,9,117
522fd7d,28323,9,117
64089674,20934,9,90
118224f,30311,8.9973,134
47706fb0,15398,9,73
692f5fb1,17097,9,76
7bf48efc,30232,9,134
5bef0cc0,30910,9,117
1b2547a8,30946,9.0027,117
8e441aa,29630,9.0027,117
57b8ad24,28744,9.0027,125
4ddbf283,29938,9.0027,117
7492321f,27652,9.0027,117
45bb2322,28796,9.0027,125
6f78d32e,21707,9.0027,90
7dbb8268,28204,9.0027,117
554308ec,28737,9.0027,117
185c450a,22075,9.0027,90
462c710,15382,9.0027,73
4e3f638b,20982,9.0027,90
2d2a8511,23709,9.0027,103
c23fa1e,22725,9,88
56f1566,27245,9.0027,114
762d9a85,17293,9.0027,76
5598b60c,28124,9.0027,119
6d8a6764,30012,9.0027,132
25f21a0d,29753,9,117
64658917,29020,9.0027,127
1d9e8a87,30247,9.0027,134
1aed5f9a,21940,9,90
e7e6020,28208,9.0027,117
149d3ad8,21709,9.0027,90
5cf8346d,27160,9,113
355b57c7,31006,9.0027,117
48595e2c,27632,9,117
7883a3,17258,9.0027,76
356ff605,26067,9.0027,103
2829e799,22732,9,88
47a37834,27636,9.0027,117
4509f6d2,30542,8.9973,134
f1cefa8,24006,9.0027,103
2a42aae7,21652,9.0027,90
68eed4fd,24635,9.0027,103
3450730c,31260,9.0027,117
3e65ac32,28388,9.0027,117
56ec75f9,30725,8.9973,117
483b0ae5,27244,9.0027,114
7f44c8fd,28812,9.0027,125
60123c67,25285,9.0027,103
6cd3ff1b,29860,9.0027,130
59a51cc5,12393,9.0027,61
49d94936,27774,9.0027,117
108373d0,30973,9.0027,117
63db6dfc,20933,9.0027,90
12690676,22775,9.0027,88
11fa6df4,22087,9.0027,90
1a6c81e8,20918,9.0027,90
22e0abd4,23730,9.0027,103
78e05348,30675,9.0027,117
3ab7146d,23944,9.0027,103
442ab112,30313,9.0027,134
63331c48,29140,9.0027,117
19b37975,25001,9,103
1b250252,30374,9.0027,134
a168205,18395,9.0027,79
713c1e53,12339,9,61
6f5bdd4,15387,9.0027,73
7ca4883b,30919,9.0055,117
7346b9d0,22937,9.0055,101
340cc5d0,28460,9.0055,117
40421278,27701,9,117
7e7ab6df,30684,9.0055,117
6f25f1c5,23598,9.0055,103
29eb5dc8,30484,9.0055,134
796a4b5f,28921,9.0055,117
520dd6e3,25292,9.0055,103
1266aebe,27881,9.0027,117
78d47a4f,28357,9.0055,117
6190a427,24370,9,103
6565ab40,30726,9.0055,117
4a0b2bf9,22109,9.0027,90
768d4695,27960,9.0055,117
513915a4,28461,9.0055,117
356c3238,31252,9.0055,117
26ab938f,25238,9.0055,103
3a8ec021,29675,9,117
238376e1,27830,9.0055,117
77aa7d5b,27832,9.0027,117
de7bfca,3672,8.9973,29
41a4e99f,28270,9.0055,117
79a8ab34,23699,9.0055,103
5d4c41ff,30954,9.0055,117
6de5ac73,22677,9.0055,88
b6b5841,29676,9.0027,117
2d845289,23364,9.0055,103
37a6a313,12759,9.0027,61
1dfa8699,30506,9.0055,134
85a5fa1,20970,9.0055,90
489cfced,12386,9.0055,61
19641cef,22773,9.0055,88
1bd88aeb,28469,9.0027,117
41256966,21133,9.0055,90
6e719e3b,15380,9.0027,73
574b647e,21915,9.0055,90
89b33ae,30738,9.0027,117
21ee21f2,28324,9.0055,117
621f0582,31175,9.0055,117
65fc5390,29774,9.0055,117
fddfbc,12384,9.0055,61
c993349,30869,9.0055,117
31a6cb69,31125,9.0055,117
5d4e6737,20909,9.0027,90
47674a09,30540,9.0055,134
29097d66,29639,9.0055,117
6c4f0075,30876,9.0082,117
31b7e8e7,24656,9.0082,103
3f5c985d,18727,9.0082,37
5ddc309d,29257,9.0082,117
4984dffb,28359,9.0055,117
3e4dedda,20915,9.0082,90
6508143e,28371,9.0082,117
59ec98da,15299,9.0082,73
8728f97,22786,9.0082,88
2b72cae4,12401,9.0055,61
2ff23c57,29021,9.0082,127
36f8ff1b,29764,9,117
670af723,24381,9.0082,103
662d67c9,27829,9.0082,117
4286b618,28938,9.0055,117
7f11dcda,20032,9.0082,86
41f2b70e,30907,9.0082,117
e60e404,17292,9.0082,76
3ee3a904,20927,9.0082,90
49a2feb6,23790,9.0027,103
1308a949,25002,9.0082,103
31ed8f90,30668,9,117
12e5ab20,29215,9.0082,117
4c6ca084,21623,9.0082,90
5432d3e1,28459,9.0082,117
9fe57f8,30687,9.0082,117
36fd514c,27668,9.0082,117
1fbcbf97,23413,9.0055,103
5d53ca5a,28370,9.0027,117
2669179f,16796,9.0082,37
7ac2552f,21548,9.0082,90
60505fda,28924,9.0082,117
780de7,29763,9.0082,117
43ba16a8,22086,9.0082,90
2d0134af,21553,9.0082,90
4582670d,12038,9.0082,60
1e09c669,24910,9.0082,103
1649043b,15375,9.0082,73
3249fe11,25301,9.0082,103
64a54d5a,30877,9.0082,117
4bb44a94,30958,9.0082,117
4bf8ded7,31165,9.0082,117
231613cd,29095,9.0082,117
1502f705,28215,9.0082,117
68c62ac2,29924,9.0055,117
2647651d,28912,9.0082,117
4f4e7bab,17240,9.0082,76
4d761798,20919,9.0082,90
143fa4ce,28884,9.0055,117
77acc39c,28792,9.011,125
9cd44d9,27927,9.011,117
3562e568,20973,9.011,90
48d5ee8b,31110,9.011,117
21253a8b,20910,9.0082,90
422d59fa,27521,9.011,117
5972e6c9,23363,9.011,103
60c6ad72,31253,9.0082,117
1cc78064,15392,9.011,73
700b657,24276,9.0082,103
ff9255e,30751,9.0082,117
27b34fd2,29518,9.011,117
579e25c6,22584,9.011,88
a3dce8,12024,9.011,60
724bcb6b,23945,9.011,103
70fb697b,20935,9.011,90
36ee71ef,29262,9.011,117
253da90c,28701,9.011,117
b1e653f,24368,9.011,103
27a2e7a4,29124,9.011,117
c39f29a,24691,9.011,103
491d8bfb,12398,9.0082,61
31d2387a,21315,9.011,90
1fd6623,31477,9.011,117
4213f9a4,22646,9.0082,88
6774f04e,29566,9.011,129
7ee7e789,31139,9.011,117
1cd58051,28939,9.011,117
47c51532,29820,9.011,117
2d63af97,22703,9.011,88
70e0ad46,28216,9.011,117
7a240ea0,29754,9.0082,117
3056d594,23799,9.011,103
5f553a29,20936,9.011,90
6f7a3943,17256,9.0082,76
1a852377,24190,9.011,103
1cf9afc6,29925,9.011,117
6a8b4a02,24113,9.011,103
5485d631,30259,9.0082,134
6728c94d,22802,9.0082,88
36fecdf1,27708,9.0082,117
6155a76,17194,9.011,76
7cdb20db,15426,9.0082,73
5d18ecac,17086,9.011,76
1dc923bb,30257,9.0082,134
31231c9e,31094,9.0082,117
145b2f99,22073,9.011,90
e3cdc32,21320,9.011,90
5a3cf2b5,22074,9.0082,90
7352c280,29316,9.011,117
3eb80c94,28267,9.0082,117
568d8a3d,15300,9.011,73
6b197303,29558,9.011,129
3d683eb9,24008,9.0082,103
ebafa22,29765,9.011,117
70189bcd,29064,9.011,117
4afe3b91,22828,9.0082,101
6d8d8e0d,21169,9.0137,90
6adfc8a6,28470,9.0137,117
33ed4435,15419,9.0137,73
71f7776,24932,9.0137,103
3c06e6b7,17273,9.0082,76
28088369,25316,9.0137,103
719db6b1,29065,9.0137,117
dc5cb33,21665,9.0137,90
6fda762,30279,9.0137,134
6a027f1f,24191,9.0137,103
763674d0,27777,9.0082,117
3dcf3298,30975,9.0137,117
5589a576,23947,9.0137,103
3ea4ce12,29008,9.0137,127
47a7b45e,15362,9.011,73
212ed8ef,21624,9.0137,90
78d6035e,28736,9.011,117
4d4baead,29128,8.9973,117
272c88e,30974,9.0137,117
245550b1,15399,9.0137,73
1a486fa3,30237,9.0137,134
284e6a6,16788,9.0137,37
787ba7ec,24009,9.0137,103
4cea1a5d,28281,9.0137,117
1bf25292,16790,9.0137,37
3535698a,23504,9.0137,103
10a1185c,18398,9.0082,79
35c08963,27921,9.0137,117
100aee90,17067,9.0137,76
e6dbc22,23846,9.0137,103
1696364b,25276,9.0137,103
27ac2e6b,30302,9.0137,134
60152a60,21841,9.0137,90
37a06ec,16787,9.0137,37
62e0f124,21088,9.0137,90
2b6f8132,20969,9.0055,90
7871afd5,12397,9.0137,61
23d2eebf,21708,9.011,90
1683d011,17195,9.0137,76
730f7a34,29329,9.0137,117
243e0376,30685,9.011,117
51c40f23,31012,9.0137,117
594f4e52,28075,9.0082,117
51994195,12035,9.0137,60
568dd63,24362,9.0137,103
742467fa,21645,9.0137,90
573a8af2,25302,9.011,103
4c34fc69,18397,9.0137,79
f74a349,31130,9.0137,117
58380eea,29328,9.0137,117
5bd67205,21132,9.011,90
306a0aa2,29127,9.0137,117
1aae990d,22803,9.0137,88
2798bec,21316,9.011,90
4c536cf1,24151,9.0137,103
6a5787fc,27627,9.0137,117
a88bf0e,17283,9.0164,76
13a4eebf,17169,9.011,76
648029a3,17173,9.0164,76
4f3a1c21,24075,9.0164,103
2ae8e834,17084,9.0137,76
7cd6e2f2,29666,9.0164,117
33e952a9,24010,9.0137,103
4dcdbb80,30743,9.0137,117
5641a846,22671,9.0164,88
51999dd8,22713,9.011,88
3b8543f2,28956,9.0164,117
708ff702,22680,9.0164,88
98a8fa0,21935,9.0164,90
52d2054f,29058,9.0137,117
4ce19eba,17232,9.0164,76
11cbef09,22627,9.0137,88
53717802,29466,9.0164,117
5a907cae,28271,9.0164,117
1ac43d08,22826,9.0164,101
54b93afe,22945,9.0164,101
c50e903,28925,9.0164,117
557c912b,28957,9.0164,117
6eebcaf1,31491,9.0164,117
a0c7283,29642,9.0164,117
73187318,21680,9.0055,90
788b9489,20937,9.0164,90
49cfb77a,28213,9.0137,117
79c340f0,12052,9.0164,60
498e6866,29465,9.0164,117
49f36c63,24095,9.0164,103
6d789608,21942,9.0164,90
593898ba,17148,9.0164,76
3a1f87ad,28717,9.0164,117
6851991,23721,9.0164,103
685d64f9,12058,9.0164,60
56167f82,28793,9.0164,125
41bc672c,22647,9.0137,88
5c5ccae9,30682,9.0164,117
14549c01,24080,9.0164,103
1ab81c20,21327,9.0164,90
19c1c922,24097,9.0164,103
48f97513,21089,9.0164,90
3b664831,12668,9.0137,61
38a6492e,10568,9.0137,37
2dff16a4,30947,9.0164,117
26d4f9b6,16801,9.0082,37
157c636,17087,9.0164,76
5bd48320,30298,9.0164,134
4c4bc9a1,25240,9.0164,103
7abc3f35,31206,9.0164,117
50e7ec1,29054,9.0164,117
179ab900,21716,9.0164,90
7f15c327,29059,9.0164,117
7bad8fd5,23373,9.0192,103
60735202,30927,9.0192,117
16fdc0bb,31476,9.0192,117
54ed39dd,30873,9.0192,117
4329d7b2,17233,9.0192,76
7e6bfa2f,30670,9.0164,117
39b06e97,21318,9.0192,90
41309902,28954,9.0192,117
7cae7328,28327,9.0192,117
71b7af48,28162,9.0192,117
4b49a33f,17231,9.0192,76
ef4cbdd,15302,9.0164,73
be7ea21,15365,9.0192,73
1ccde18,17170,9.0164,76
7effd655,29317,9.0192,117
39aab67f,31445,9.0192,117
4d4dec86,21663,9.0192,90
4b9bfe4b,28913,9.0164,117
63197ec6,23386,9.0192,103
4c250a3,30174,9.0192,134
507e7ca,28922,9.0192,117
2649b561,15418,9.0192,73
32b47e45,28358,9.0192,117
1af3c99b,25246,9.0192,103
c22c52e,23599,9.0192,103
67ab8b76,25277,9.0164,103
76fc8790,27882,9.0192,117
5dc334a3,28280,9.0192,117
39082f89,21625,9.0192,90
72c737c5,27248,9.0192,114
68568706,27721,9.0137,117
531d5141,15364,9.0192,73
41cf9cb5,29320,9.0192,117
afdf256,27633,9.0192,117
56cf2ab8,28787,9.0164,125
6fe1ee79,29053,9.0164,117
9d6456b,25241,9.0192,103
630d5dc8,29838,9.0192,117
52f6ed04,30190,9.0192,134
377cda4e,30736,9.0164,117
18c9acf3,25281,9.0164,103
759222ba,27718,9.0192,117
58c3ef1f,17078,9.0192,76
3ad6bab8,21502,9.0192,90
78bb1bb5,17066,9.0192,76
1cd0a455,21842,9.0192,90
1d40576b,23391,9.0192,103
4c3f4027,29942,9.0192,132
235527c3,24195,9.0164,103
19c4d367,15420,9.0192,73
39820559,30151,9.0192,134
26e6f60d,27267,9.0192,114
2f0e120f,24033,9.0192,103
68f727a,16419,9.0192,37
1748ba38,21328,9.0137,90
7267368b,28706,9.0192,117
2da6dca2,29216,9.0192,117
458a3d,30879,9.0137,117
50c777ce,24580,9.0192,103
5c60ab7d,27669,9.011,117
28c8e94,31131,9.0192,117
49943320,17196,9.0192,76
524ca57c,29345,9.0192,117
39ded1fc,27162,9.0219,113
5f40107d,23505,9.0219,103
75015b,16800,9.0219,37
4f6b7198,21682,9.0219,90
107753f0,20941,9.0219,90
e60dd7d,12037,9.0219,60
26376a33,30380,9.0219,134
2516772c,31168,9.0219,117
324428dc,24376,9.0219,103
58eb16d4,24112,9.0219,103
180615b7,31212,9.0219,117
1005b8ff,12407,9.0219,61
2ae8a311,23791,9.0192,103
d7e2e3e,24292,9.0219,103
1e6fe585,12404,9.0192,61
366ce052,22106,9.0082,90
b937420,28309,9.0219,117
7760b4b2,30813,9.0219,117
16423416,21664,9.0219,90
7c32f396,31300,9.0192,117
6cd5e2a,21554,9.0219,90
47fd28fc,28389,9.0192,117
57df7657,21622,9.0219,90
25688d3a,20222,9.0219,86
683a617f,24098,9.0219,103
228dff05,28753,9.0192,125
7a6afa80,23368,9.0219,103
c199960,29998,9.0219,132
20582b7a,12054,9.0219,60
4a334719,30728,9.0219,117
f4b82a1,21744,9.0219,90
1450df6d,30848,9.0219,117
41b86316,22744,9.0192,88
c00c9f3,16891,9.0164,76
4c92938a,30216,9.0219,134
2df07299,21647,9.0219,90
31c62911,29022,9.0219,127
2fd214e2,30191,9.0192,134
25170fba,29306,9.0219,117
7d41d651,21514,9.0219,90
530b17da,29060,9.0219,117
6cc17c5d,20911,9.0219,90
eb7355b,12062,9.0192,60
71b6c4a0,30744,9.0219,117
2b66799,17085,9.0219,76
98805d2,21747,9.0219,90
6eccb32a,31095,9.0219,117
2998e997,29097,9.0219,117
1823d992,29330,9.0219,117
51ccf9d1,31272,9.0219,117
1f7363d9,24678,9.0219,103
5a925521,25613,9.0219,103
3428cbb5,30672,9.0219,117
32417beb,25881,9.0219,103
4f50e03,31198,9.0219,117
669d94fa,29857,9.0219,130
4c8678e1,17187,9.0192,76
3e0177a7,27948,9.0247,117
5e4603d7,29669,9.0219,117
65f9cc82,28264,9.0247,117
7a6cdaf,22076,9.0247,90
2b0f5e4e,20912,9.0219,90
54b16abe,16889,9.0247,76
613883c0,21522,9.0247,90
50c2e1fd,28105,9.0247,117
16e2885,22728,9.0219,88
46f4f13f,22700,9.0219,88
5569594a,29527,9.0247,129
5ed5468c,23506,9.0247,103
7bd6f815,12012,9.0247,60
3cdc239b,28472,9.0247,117
4c060e85,29331,9.0247,117
3893d0af,21626,9.0247,90
74c981f8,29693,9.0219,117
29d4a401,25431,9.0219,103
555af598,21513,9.0247,90
736a5134,23704,9.0247,103
4b14c8e0,21683,9.0247,90
476c992f,24372,9.0247,103
29dd5757,21870,9.0164,90
73094733,22831,9.0247,101
4598426f,22827,9.0247,101
64da4819,23572,9.0247,103
964dfaa,23700,9.0247,103
2a628a48,22561,9.0247,88
2dee3e51,12063,9.0247,60
ea703e0,23514,9.0247,103
1bc22175,28269,9.0192,117
34f42428,12059,9.0247,60
afad834,21878,9.0247,90
56ba738c,22772,9.0247,88
5cf939a7,30268,9.0247,134
49b99374,22592,9.0247,88
155ed90f,22114,9.0219,90
10fdfe3b,23800,9.0219,103
714335fd,31187,9.0219,117
35266151,28268,9.0192,117
5dcc982,28606,9.0247,117
7bd87e,30680,9.0247,117
638effdf,29579,9.0247,129
1c7dc9b3,21102,9.0247,90
7f0e8367,21666,9.0219,90
21e80cd0,23946,9.0247,103
350c6f35,18399,9.0247,79
3128219b,20987,9.0247,90
47ce0876,18394,9.0219,79
4c50be53,29333,9.0247,117
2d3fb585,23711,9.0247,103
7b1c12d0,27934,9.0247,117
5103a7f3,23701,9.0247,103
4c26387d,31013,9.0247,117
3f181454,21710,9.0247,90
54db58c,21917,9.0247,90
558eab3d,23369,9.0274,103
4e1fa9ce,23512,9.0274,103
338785a0,17182,9.0247,76
1827b21,17079,9.0219,76
5b8ea789,20916,9.0274,90
7bf93886,21883,9.0274,90
489bafee,28104,9.0247,117
47be99d8,21717,9.0274,90
6922cc49,30238,9.0274,134
15203995,31121,9.0274,117
7acdc8dc,29098,9.0274,117
5b2df4e3,27956,9.0274,117
4edcc4b7,23948,9.0247,103
7d1fe4ed,21681,9.0247,90
2203f83,23573,9.0247,103
369e49c8,15376,9.0274,73
1ecfdad0,17145,9.0274,76
477ce5a0,27736,9.0274,117
1faa9552,21329,9.0274,90
5b3e5f66,28718,9.0274,117
21b9a480,30810,9.0274,117
1c00be7b,24023,9.0274,103
3b47078b,28955,9.0274,117
c6ea3a6,28103,9.0247,117
47a5a77c,22107,9.0274,90
6e491581,12053,9.0247,60
6db12c9c,28106,9.0274,117
14bbc11f,21743,9.0219,90
7ecf1ab3,21916,9.0274,90
d4a7f30,28130,9.0274,119
588cfdf6,24390,9.0274,103
3cbdefb7,27739,9.0274,117
48649115,29142,9.0274,117
76c47206,24371,9.0274,103
7058e4ef,28760,9.0274,125
4f04d45f,27908,9.0274,117
2103962f,21920,9.0274,90
1c975a5f,31126,9.0274,117
39611a25,21264,9.0274,90
49965f89,23788,9.0274,103
7edea5c8,28471,9.0274,117
17913060,25107,9.0274,103
31f2d56f,31490,9.0274,117
3e5e8e40,30267,9.0274,134
4ae3aecf,29858,9.0274,130
4118b2be,21887,9.0274,90
5f9498cd,22699,9.0274,88
71b9ce65,15400,9.0274,73
786a77fd,24928,9.0274,103
2fa83be9,28794,9.0274,125
2c2ac559,29383,9.0247,117
2ba1f1e0,31261,9.0274,117
508846a9,31098,9.0274,117
7b7616da,30260,9.0274,134
156f0d2e,17081,9.0274,76
23ca7509,29823,9.0301,117
6841676c,27923,9.0301,117
5aa0137,17257,9.0301,76
6ac6ec3e,30811,9.0301,117
95f8c0d,22593,9.0301,88
5ca997a8,15366,9.0301,73
63c0facd,23702,9.0301,103
3eba5d97,28135,9.0301,119
4b7081a9,28387,9.0301,117
5b745bb8,29488,9.0301,117
3f86c489,31492,9.0301,117
533c700b,28463,9.0301,117
1c0ede0c,25286,9.0274,103
3ef84671,30880,9.0219,117
5f430ebb,23822,9.0301,103
dd80027,17242,9.0301,76
65deffae,23390,9.0301,103
6c75cd10,22776,9.0301,88
5cf944bd,28473,9.0301,117
36ed1f90,30001,9.0301,132
24dcb56c,28824,9.0274,125
6683e1aa,23557,9.0301,103
70499d6b,30509,9.0274,134
38e41757,28375,9.0301,117
2e061d6d,28426,9.0301,117
6115b9dc,29756,9.0301,117
6fb0ba14,25607,9.0274,103
164798f9,29321,9.0274,117
2ad9ed9f,28311,9.0247,117
342a60dc,22701,9.0247,88
740ac73a,29770,9.0301,117
11da6931,21807,9.0247,90
7611c756,21141,9.0301,90
288d2f77,29927,9.0301,117
a9c0e4b,22946,9.0274,101
48cd7dc8,29498,9.0274,117
309e38f0,27246,9.0274,114
71294f03,29766,9.0301,117
1b2de93b,31096,9.0301,117
38adf4ab,22099,9.0301,90
425f1b94,24382,9.0301,103
364f46d5,21136,9.0301,90
3063e86d,28279,9.0301,117
a5ac64e,27710,9.0301,117
466f503e,30544,9.0301,134
11b19a75,23374,9.0301,103
20b9d4d4,21627,9.0301,90
f36702e,28217,9.0301,117
5382bf30,28892,9.0301,117
23b6e40b,29845,9.0301,117
6f50fbde,29569,9.0301,129
1a19d94,25125,9.0274,103
7b176924,28008,9.0301,117
1371f393,12385,9.0301,61
1eb18154,17080,9.0329,76
72a32646,27904,9.0329,117
32bd3f7f,29464,9.0329,117
2eccbfd0,25097,9.0301,103
30dd48b2,28464,9.0329,117
3c65307c,12039,9.0329,60
65a4336e,25247,9.0329,103
579fa0a0,24035,9.0329,103
c023beb,17241,9.0329,76
528819d7,30507,9.0329,134
78382986,12003,9.0329,60
65f89809,25124,9.0301,103
7ba1c425,24081,9.0329,103
69f52c27,24909,9.0329,103
109d6565,17183,9.0329,76
50384c86,22581,9.0329,88
71a1be58,28163,9.0329,117
454dca5,21871,9.0329,90
44005c1c,30284,9.0329,134
564e6466,27723,9.0329,117
2a615389,27709,9.0329,117
8720394,31123,9.0329,117
4e545e3a,17272,9.0274,76
6b9c7ec2,23802,9.0274,103
4bc19523,22565,9.0301,88
5337416c,24743,9.0329,103
3ffe60be,27159,9.0329,113
7f4082d9,23513,9.0329,103
371c63ed,27268,9.0329,114
70b390a0,21678,9.0329,90
196683fb,30948,9.0329,117
5551fbf9,25432,9.0329,103
106f9b5,23792,9.0329,103
6ddc5fa5,28885,9.0329,117
7a17c4a6,22844,9.0329,101
400860be,27735,9.0329,117
1a5cd575,17239,9.0329,76
2ca15cda,21745,9.0329,90
238f1f9c,25609,9.0329,103
208196c3,24411,9.0274,103
5c0a08db,31273,9.0301,117
7aebd80c,27717,9.0301,117
21435b32,29499,9.0329,117
dd8f657,22091,9.0329,90
1186be7,28282,9.0329,117
2517e870,24408,9.0329,103
22cb6db6,22624,9.0247,88
1e36ad2b,17082,9.0329,76
54968af4,15383,9.0329,73
169384d2,21879,9.0329,90
cddaa18,30304,9.0329,134
2729115d,24083,9.0301,103
4788fe66,28332,9.0329,117
4d375751,29619,9.0329,117
2cdbb985,28037,9.0329,117
4317e6ba,21667,9.0329,90
436c5b70,29928,9.0301,117
34160193,28390,9.0329,117
1e2793c7,27779,9.0329,117
5baf17a8,23746,9.0329,103
595a2a93,23562,9.0301,103
45f09105,23949,9.0356,103
598059fe,22625,9.0329,88
16de3f14,20983,9.0356,90
392e8d37,21311,9.0356,90
18b8f6b9,16890,9.0301,76
1ca666a4,25242,9.0301,103
5d1fb48c,21549,9.0356,90
1095cd2d,29374,9.0356,117
59f7edea,28720,9.0356,117
4fc7ecb8,22681,9.0356,88
60fb20a2,29662,9.0356,117
40e043e5,21684,9.0356,90
e709321,28478,9.0356,117
37375c7d,23976,9.0356,103
1bd56b4f,24644,9.0356,103
3a728345,30959,9.0356,117
11b60a8f,29066,9.0356,117
1c6f6870,31257,9.0329,117
67b265ad,25882,9.0356,103
3fb6e79e,21543,9.0356,90
f097c34,23801,9.0356,103
2e4aed28,23954,9.0329,103
4103b8d0,21404,9.0356,90
7c750a28,30987,9.0329,117
3c57032b,12408,9.0356,61
60cef949,29075,9.0356,117
19383e0c,29677,9.0329,117
4d485349,17068,9.0356,76
49824f90,25507,9.0356,103
5e91e358,24687,9.0356,103
6816ed8,24026,9.0356,103
95ca75a,22622,9.0329,88
5279972e,28958,9.0356,117
3a3251a,29463,9.0329,117
11104999,17088,9.0356,76
e596c18,24363,9.0356,103
62d36cfe,28746,9.0356,125
7c0d476d,21011,9.0356,90
661c3603,31199,9.0356,117
2360bf74,31480,9.0356,117
5a2d837a,23353,9.0356,103
4c0d917d,28117,9.0356,119
254a7576,22714,9.0329,88
4ba61ad1,21653,9.0356,90
6d9b97ce,28893,9.0356,117
5b9bef54,28328,9.0329,117
6740556e,25611,9.0356,103
7b3d0b23,30745,9.0329,117
36f607,29767,9.0329,117
31222428,28118,9.0356,119
512d7ade,20971,9.0356,90
35c79c17,23984,9.0356,103
26b0fd9f,28806,9.0356,125
5522443,27163,9.0384,113
1101a180,24387,9.0356,103
31a2d4ec,28083,9.0384,117
380cd1eb,29294,9.0356,117
19719f70,24319,9.0384,103
5e0207f,24096,9.0356,103
22c2919b,30688,9.0384,117
119bb0a3,28313,9.0384,117
47af8a2b,17083,9.0356,76
7c9f9fa1,29500,9.0384,117
32bf0169,30177,9.0384,134
6900155d,17172,9.0384,76
6de733da,24154,9.0384,103
5b9f29b4,24498,9.0384,103
5bfdc7f1,24911,9.0384,103
32be8b2e,30312,9.0356,134
66131740,15401,9.0384,73
44e350bf,28817,9.0384,125
7114c59d,31446,9.0384,117
3735c76a,24674,9.0356,103
49e27fdb,21321,9.0329,90
4cb2d963,27249,9.0384,114
403a94a5,17181,9.0384,76
175ab8f0,30192,9.0384,134
5f701b9d,22585,9.0329,88
4035bfab,27251,9.0384,114
4ff8680,28492,9.0384,117
281e0d1c,30985,9.0384,117
59a23e50,28084,9.0384,117
3e48e18,28825,9.0384,125
413b2bac,20997,9.0356,90
21e6a398,30669,9.0356,117
2c9e0cc7,29293,9.0384,117
6486e7ba,22118,9.0384,90
4335317c,25608,9.0384,103
59e47d5d,24377,9.0384,103
25833bec,28005,9.0384,117
5bcb14fd,23722,9.0384,103
445c7672,23509,9.0384,103
7efc377,18728,9.0384,37
54074f07,24421,9.0384,103
3e532a2a,29179,9.0384,117
3331b557,28239,9.0384,117
3dbcade1,28959,9.0384,117
1d3ca4af,31127,9.0384,117
4431255a,25283,9.0384,103
2a2025ac,20232,9.0384,86
d0558b8,21333,9.0384,90
550e2f5c,28009,9.0384,117
18d8db52,25293,9.0384,103
33fe90a0,27875,9.0384,117
1419ceff,24383,9.0384,103
30c977ef,28391,9.0384,117
6e1528ef,30278,9.0384,134
41ac398d,31118,9.0411,117
29a9ce1d,28138,9.0411,119
731d83e1,23575,9.0411,103
890f462,30179,9.0411,134
4f05e7cf,28491,9.0411,117
283b1114,28462,9.0411,117
37a68d79,21685,9.0384,90
389a5c0b,21711,9.0411,90
58c1ff48,29939,9.0411,132
2802f6f5,21573,9.0411,90
2bcc7bc9,25610,9.0411,103
415c00bf,28010,9.0411,117
16309c63,30955,9.0411,117
7dbeceb3,28081,9.0411,117
25023f73,24025,9.0411,103
6ad13dd5,28080,9.0411,117
58721bbd,30228,9.0384,134
29ba650e,22733,9.0411,88
61e051c3,21888,9.0411,90
23d10603,24034,9.0411,103
4098ecb8,24407,9.0384,103
773979bc,24412,9.0411,103
5259a34c,22774,9.0411,88
28b13e1c,20892,9.0411,90
4b3c0c80,28372,9.0411,117
4cc6d473,27664,9.0411,117
207f7a2d,28747,9.0384,125
539a5d64,21960,9.0411,90
72fac8d5,27879,9.0411,117
59099206,29467,9.0411,117
31bd9420,24675,9.0411,103
2316a018,30673,9.0384,117
22e6b863,21515,9.0411,90
6fe608a,23354,9.0384,103
5dc0df11,21550,9.0411,90
13f24bf1,23574,9.0411,103
5f23ff7,28283,9.0356,117
12c0ba8a,21630,9.0411,90
674f7268,23723,9.0411,103
666310b3,22938,9.0411,101
72fa860f,30314,9.0411,134
6c83a1e4,20938,9.0411,90
42f518c8,29846,9.0411,117
65f97630,12406,9.0411,61
6533a2bc,24082,9.0411,103
793994d5,20984,9.0411,90
721f5c9,21425,9.0384,90
214dd1dc,31019,9.0384,117
fab6b33,22594,9.0411,88
3a81d92f,30488,9.0411,134
bd835c5,20218,9.0411,86
3286ec0b,20890,9.0411,90
2ca2452c,22138,9.0411,90
7d0a08b6,21806,9.0411,90
292c16d7,21095,9.0384,90
1d50fa7c,29633,9.0411,117
1833ab69,23707,9.0438,103
12a373ac,29660,9.0384,117
61e58620,22630,9.0438,88
35d14f61,21103,9.0411,90
4bf5442d,21142,9.0438,90
7c027da2,24279,9.0438,103
3ccc4b82,25250,9.0438,103
661beb44,28754,9.0438,125
63767c0d,23606,9.0438,103
5c638d45,17089,9.0356,76
a9b88f5,27883,9.0438,117
5a5d0bbf,25718,9.0411,103
1a14ac14,23827,9.0438,103
31fc5864,25248,9.0438,103
61bbfc4c,12405,9.0411,61
67f6a28e,28614,9.0438,117
55444d3c,23745,9.0411,103
48c4603f,17201,9.0438,76
6a8f3f8c,25244,9.0438,103
396365c1,30176,9.0438,134
4cb96c15,22749,9.0411,88
71b702da,21821,9.0438,90
6bd352b1,30239,9.0384,134
1c89df5a,31207,9.0438,117
f69f018,21957,9.0411,90
2d06c159,29768,9.0438,117
5cb14892,30411,9.0438,134
e903f51,30518,9.0438,134
4eb9e7ab,23847,9.0438,103
552efb2c,29560,9.0438,129
30ddcc3,24084,9.0438,103
ce81144,31239,9.0438,117
d6d2bcd,29009,9.0438,127
2fb846d7,30219,9.0438,134
42be6c27,31388,9.0411,117
e902705,21808,9.0411,90
6ac74659,28941,9.0438,117
7a42b28,16883,9.0438,76
364aa0af,30269,9.0438,134
7ae9429b,31177,9.0438,117
39ed016c,30674,9.0438,117
69c87d86,23365,9.0438,103
4f13f6fc,30519,9.0438,134
16c57f4e,21319,9.0438,90
2c3f7869,24683,9.0411,103
7d88eae3,21845,9.0438,90
57069c99,24117,9.0384,103
3dd1333a,22139,9.0438,90
7a1f1529,28969,9.0438,117
7f22493,29346,9.0438,117
5059e834,31194,9.0438,117
6a3ccf2e,30982,9.0438,117
9bd64a4,31124,9.0438,117
62e851d7,27653,9.0438,117
1ffd1fbc,21403,9.0438,90
7a4c3f,21322,9.0411,90
a39f9ee,25358,9.0438,103
c33a6a1,25102,9.0466,103
6ec96bc7,15402,9.0466,73
718c2aa5,30522,9.0438,134
2a8e6288,23747,9.0466,103
193e895d,28427,9.0301,117
4b7725f1,23393,9.0466,103
5a608490,28721,9.0466,117
7f524b48,31240,9.0466,117
12cb419e,25278,9.0466,103
288cb29d,29091,9.0466,117
63333acd,22743,9.0466,88
6061b69b,31188,9.0466,117
3e7bea03,21575,9.0466,90
531efe8f,25731,9.0438,103
62457e77,22126,9.0466,90
1b9192c3,21880,9.0466,90
76a93a44,17095,9.0466,76
492b558a,21843,9.0466,90
17e3ed60,21090,9.0466,90
332d8395,15427,9.0466,73
243d08b9,28336,9.0466,117
1b796d60,29930,9.0466,117
13f90b82,21096,9.0466,90
4c971343,27957,9.0466,117
23a2a8,23516,9.0466,103
50e1cda1,25288,9.0466,103
4b7401d1,24506,9.0466,103
b9f7924,30512,9.0466,134
7f666e1f,21591,9.0466,90
b10c0a0,28894,9.0466,117
62cdb5b9,25392,9.0466,103
3c1fe084,31471,9.0438,117
4c39f87a,28814,9.0466,125
636174,29839,9.0466,117
f8c6cbc,29373,9.0466,117
4cd4b609,21584,9.0466,90
4f2d6dc1,29941,9.0466,132
54decd91,25359,9.0466,103
385bb23a,25096,9.0466,103
51d63fc6,25487,9.0466,103
75b11358,28003,9.0466,117
42e70773,30983,9.0466,117
5721ea3a,28669,9.0466,117
328e4886,24745,9.0466,103
5246691e,27924,9.0411,117
2f908bdd,27968,9.0438,117
77b8c42f,23705,9.0466,103
37327826,31210,9.0466,117
56dde947,22682,9.0438,88
7db85e22,31195,9.0466,117
6777bf32,17284,9.0466,76
73b8cc65,24490,9.0466,103
4c907406,29143,9.0466,117
5da34939,21323,9.0466,90
68c7d6fa,27522,9.0466,117
51699d74,21961,9.0466,90
6e9f9035,30943,9.0466,117
63890f60,28738,9.0493,117
21e0f9a4,24114,9.0493,103
77c69b64,25289,9.0466,103
6a593ad5,21712,9.0493,90
78550193,26068,9.0466,103
5edeeae4,29678,9.0466,117
31b95de8,26071,9.0493,103
4b2a7bab,29668,9.0493,117
1d0047e0,22582,9.0493,88
3eac4907,25717,9.0493,103
6ea59ed8,30753,9.0438,117
4785c022,29099,9.0466,117
5825b075,25287,9.0411,103
41d3e07,21168,9.0493,90
1cb32312,25297,9.0493,103
9e072a7,28493,9.0493,117
468c3302,31196,9.0493,117
76eec7bb,29217,9.0466,117
35371e4c,29468,9.0493,117
5a32d4a0,31264,9.0493,117
373234e7,29824,9.0493,117
7d9b0887,28240,9.0466,117
10811520,29292,9.0466,117
34bdf866,27743,9.0493,117
15003493,30984,9.0466,117
78e6ad85,24681,9.0493,103
5e553b72,30870,9.0466,117
46650d8d,25104,9.0466,103
1d40b3ef,29644,9.0493,117
5087bf47,21686,9.0493,90
27fe908e,22716,9.0466,88
4bc42ea,30513,9.0493,134
4999e899,21925,9.0493,90
515ee58e,28960,9.0493,117
3c4e0565,30115,9.0493,132
6f678882,22088,9.0466,90
309ea55,29570,9.0493,129
7f3fd25c,22121,9.0493,90
4fe892fb,28274,9.0493,117
341c34e,25245,9.0493,103
50b1783c,21924,9.0493,90
5a41482d,21400,9.0493,90
51b566d4,21648,9.0493,90
5ce3841f,17171,9.0493,76
7c86727,24661,9.0493,103
27a17305,23748,9.0493,103
571847d3,31176,9.0438,117
2d611822,30997,9.0493,117
6de2a2ed,28943,9.0493,117
24742d4f,24640,9.0466,103
29570129,29154,9.0493,117
3c64fd0f,28739,9.0466,117
19e152a9,17096,9.0493,76
616c6eb2,28490,9.0493,117
70a375ff,27719,9.0466,117
6b346261,23376,9.0438,103
785311b4,24422,9.0466,103
7a48e9f2,31117,9.0493,117
1da1c92f,24198,9.0493,103
11af77c9,25122,9.0493,103
59c038f7,31478,9.0493,117
397e5cca,27523,9.0493,117
4c4256e,29011,9.0493,127
6ebf1b00,28340,9.0411,117
36e081a0,30999,9.0493,117
1a3e585c,29501,9.0493,117
7db303ba,30705,9.0493,117
4e88d133,29263,9.0493,117
7cd7a4c3,24196,9.0493,103
199cd630,23528,9.0493,103
cc1833a,22097,9.0493,90
448dad8,21644,9.0493,90
4578972e,25393,9.0466,103
3a2af4e7,24497,9.0493,103
3a7268cb,31301,9.0521,117
78aeeb47,21962,9.0521,90
796ec29b,23604,9.0521,103
1a7bad26,30013,9.0493,132
140e8c9d,30520,9.0521,134
3d939ae7,24085,9.0521,103
2c533178,30949,9.0521,117
3268bac1,24295,9.0493,103
3d1ddc0d,24331,9.0521,103
5d97d557,23392,9.0521,103
7c7228a0,26099,9.0521,103
bbb2b5d,27740,9.0521,117
77cbb8cf,23713,9.0521,103
58956393,27670,9.0521,117
3bcb28bb,23985,9.0493,103
5611204a,24297,9.0521,103
4220816,21551,9.0493,90
77d86afa,29769,9.0521,117
15b40a4a,28333,9.0521,117
4a786bc6,21668,9.0493,90
5e8ea827,22122,9.0521,90
6a3596b6,29181,9.0493,117
5f6627e0,31099,9.0521,117
56494191,17294,9.0521,76
7dad04ef,30261,9.0521,134
7fe03ffb,21426,9.0493,90
775447c3,28242,9.0521,120
3bebbdca,25054,9.0521,103
555cc470,22586,9.0521,88
49855283,15360,9.0521,73
5c9aad20,29940,9.0521,132
9b572ff,25045,9.0493,103
6ac73800,24105,9.0521,103
633d7bd5,30002,9.0493,132
134094d8,24689,9.0521,103
31402ec5,20928,9.0521,90
629407d5,28820,9.0521,125
3ae1056e,23733,9.0521,103
5bea486b,29736,9.0521,117
7d0e8442,15367,9.0521,73
4d88ab20,28474,9.0521,117
1cd026a5,25360,9.0493,103
15759de9,28272,9.0493,117
1dacf5cc,29183,9.0521,117
17f9c66d,21649,9.0438,90
69808daf,21746,9.0521,90
a812f39,25249,9.0521,103
550703db,22110,9.0521,90
33227155,31213,9.0521,117
49daf068,27644,9.0521,117
10c99d90,29562,9.0493,129
13b29057,28740,9.0493,117
33bae3ad,12395,9.0521,61
2d7d1c02,24373,9.0521,103
3d6d66f8,22597,9.0521,88
1f08c2e1,20917,9.0493,90
71842120,29358,9.0493,117
7633276f,23724,9.0521,103
12f0058f,21097,9.0521,90
57a896df,24966,9.0521,103
71e484a5,21959,9.0521,90
76c8677d,22115,9.0521,90
f64b9cc,31443,9.0493,117
7f5202b,29864,9.0521,130
681277e5,30510,9.0493,134
7a5ccb15,30956,9.0493,117
69d1b4ef,30960,9.0548,117
478b2586,30950,9.0548,117
3c5ddfcd,28307,9.0548,117
20c5bf30,29486,9.0493,117
44d7110b,16420,9.0548,37
5a6ebb02,30178,9.0548,134
4627afce,21631,9.0548,90
81fb435,25099,9.0548,103
5aeb639,25239,9.0548,103
798db0ce,23602,9.0548,103
5694b256,21812,9.0548,90
23df1aad,27256,9.0548,114
35efc989,28914,9.0548,117
53306f91,21886,9.0521,90
47afaef9,24943,9.0548,103
345ab258,30526,9.0548,134
6f0bcc0c,21628,9.0521,90
3f976a9b,23735,9.0548,103
5f5c3f6,23852,9.0548,103
64dc7962,23834,9.0521,103
5586a259,24582,9.0548,103
2a17d764,21341,9.0548,90
5141c9c0,27873,9.0548,118
7a004a6d,20243,9.0548,86
7d103b26,24152,9.0521,103
1d64cab7,28218,9.0548,117
42b41f12,21854,9.0548,90
3a9f660b,22598,9.0548,88
1ee7ae0e,23384,9.0548,103
46aaa375,21317,9.0521,90
7d20f865,23563,9.0548,103
1f8e345c,21523,9.0521,90
5ee0b698,30706,9.0548,117
4dc2073a,24413,9.0548,103
375b2d37,29161,9.0521,117
5999c354,29334,9.0521,117
296ea89,12067,9.0548,60
5fb0c636,29595,9.0521,129
25a37f5e,30574,9.0521,134
31ec7a62,17094,9.0548,76
26f88c68,21923,9.0548,90
138fe89c,25706,9.0548,103
479ad05,29162,9.0548,117
4a570dad,23600,9.0548,103
43442f49,24657,9.0548,103
18ba41ef,30874,9.0493,117
3ff3f243,28085,9.0548,117
7ac3155c,21988,9.0548,90
7e15ced5,30077,9.0548,132
16e4c990,21586,9.0548,90
58f1938c,31111,9.0521,117
6b3a58fb,31348,9.0548,117
64ac9484,23355,9.0548,103
2ed314c7,17198,9.0548,76
4c589db4,21687,9.0548,90
7cc075e6,12360,9.0548,61
4a8b903c,17295,9.0548,76
42b611e4,30079,9.0548,132
3da62311,29634,9.0575,117
65110149,23644,9.0575,103
18060713,22164,9.0575,90
766785d,29635,9.0575,117
117a12fd,29580,9.0575,129
61c8753a,22715,9.0548,88
63310807,28362,9.0548,117
b0a96f8,31334,9.0575,117
6f0301db,21921,9.0575,90
5b1338f6,25103,9.0575,103
1abf3493,31274,9.0575,117
71a566f3,30377,9.0575,134
6dfacc5,28363,9.0575,117
143253f,29078,9.0575,117
140b5a08,31389,9.0548,117
4449e060,24937,9.0575,103
27314fd6,31351,9.0575,117
7d79373d,29322,9.0575,117
6bb05d3,28131,9.0575,119
d7aaf84,25008,9.0548,103
20180e02,21943,9.0575,90
146c05e3,24641,9.0575,103
59dd60e0,29332,9.0548,117
1c6d6df6,27876,9.0575,117
4a270f20,29881,9.0493,130
7707074c,24012,9.0548,103
7b9d4946,28086,9.0575,117
12799f6f,24079,9.0575,103
7271fb3c,30708,9.0575,117
46e243db,31262,9.0521,117
646bb8c,29092,9.0548,117
74eafa6b,30976,9.0575,117
2a36917e,31197,9.0575,117
2c8354c4,29163,9.0575,117
9616e1b,31209,9.0575,117
57e3271f,24690,9.0548,103
64ca6cb4,28755,9.0575,125
47d0ebe4,23564,9.0521,103
59f32f01,24024,9.0575,103
176620ff,16893,9.0575,76
1a63072b,29679,9.0548,117
207e416b,25148,9.0548,103
60b1114b,28326,9.0575,117
20faa17b,27969,9.0548,117
6bd1c43,22729,9.0575,88
49449db7,20872,9.0575,90
549a70e6,24648,9.0575,103
3cc90877,25003,9.0548,103
49cd87ec,31263,9.0575,117
277cc592,31189,9.0575,117
20e69cdb,27252,9.0575,114
5418b200,22678,9.0575,88
714fbd88,31288,9.0575,117
30deb666,27958,9.0575,117
244ae4e2,21587,9.0548,90
1c962510,30511,9.0575,134
53ac4acf,21811,9.0548,90
67ee67e5,30003,9.0575,132
1131b412,23828,9.0575,103
397c8216,3675,9.0603,29
7c546ed9,21669,9.0575,90
79dc2b6,24153,9.0603,103
f4af845,31211,9.0603,117
24e4ee67,16892,9.0548,76
3ee81f0e,27949,9.0603,117
7955a4df,21104,9.0603,90
75ca3d59,28039,9.0603,117
75b3700e,25051,9.0603,103
26a82f8a,24414,9.0603,103
7e7863ca,31277,9.0603,117
7d6c3db4,30118,9.0603,132
29cb1d9a,22270,9.0603,90
3f827457,24956,9.0575,103
4ef8a356,24986,9.0548,103
73a3ff70,21576,9.0603,90
6f3eed2d,25135,9.0575,103
1ee80a9d,29561,9.0548,129
1581e805,27972,9.0575,117
79b5cdba,29023,9.0603,127
67c72d83,15403,9.0603,73
617a1024,28797,9.0603,125
17dd8b11,24203,9.0603,103
207f647b,21588,9.0575,90
3f185274,30120,9.0603,132
25c35452,29182,9.0603,117
72cc954d,31100,9.0548,117
43064000,21574,9.0603,90
3e7021e6,22758,9.0603,88
12e83be,15368,9.0603,73
17de182b,29740,9.0493,117
66294c90,23712,9.0603,103
59e92ea2,12359,9.0603,61
2caf7552,29920,9.0603,117
4bd73fac,15429,9.0603,73
67b6a78a,28494,9.0575,117
77ba19e0,24294,9.0575,103
2068f7a0,23854,9.0575,103
5230965e,12396,9.0575,61
e8f165,22759,9.0603,88
273a8d81,29643,9.0603,117
4008ab31,30545,9.0575,134
16dc5708,29503,9.0575,117
5178ff6f,29218,9.0603,117
3abf2280,31349,9.0575,117
2709400d,24912,9.0603,103
531937f3,12064,9.0603,60
2b786af4,23823,9.0575,103
450c3978,27959,9.0575,117
ea8c89b,12055,9.0575,60
63ccf86b,12060,9.0575,60
79f0ed4e,29067,9.0603,117
5d93dcf1,29147,9.0603,117
15b73bc8,29133,9.0603,117
113c96b5,22631,9.0603,88
3346bea,28813,9.0603,125
6f588341,21889,9.0548,90
2c6fae0f,23515,9.0575,103
aab931,29206,9.0603,117
75561eaf,16416,9.0548,37
5ebfc9cf,29077,9.0548,117
ff10bc1,30508,9.0603,134
5a47583f,28341,9.0575,117
6f5a4958,28967,9.0575,117
1fa186be,29600,9.0603,129
3ff0d534,20244,9.0603,86
62122142,25044,9.0603,103
38d87e08,22587,9.0493,88
58be4f8c,24123,9.0603,103
4bb9a653,28801,9.0603,125
72599365,28963,9.0603,117
90a8b18,22337,9.0603,90
2362679a,29528,9.0603,129
25efc69b,24532,9.063,103
1b93abf8,28818,9.063,125
469cb1d9,30064,9.063,132
7bc69b00,28431,9.063,117
76725027,30814,9.0603,117
5087e3a1,28292,9.0603,117
53f0a930,23803,9.063,103
1dbc4216,30912,9.063,117
39bb8bfb,25361,9.063,103
2b382951,24581,9.063,103
1713e0b7,21324,9.063,90
8895796,25121,9.0603,103
44cefcea,28723,9.063,117
6c1ecdc8,24688,9.063,103
558e02cc,29529,9.063,129
3f96cb8d,20998,9.063,90
7de10e0e,27877,9.063,117
2dbdd999,24917,9.0603,103
670becf7,27874,9.0603,118
56d8f6f1,30424,9.063,134
42361ab8,30381,9.0603,134
4bf56bd0,28670,9.063,117
3e919dde,27250,9.0603,114
6c5a2af,21578,9.063,90
74549b15,28756,9.0603,125
149fd5a4,24388,9.063,103
2652c584,29637,9.063,117
da9db3b,30378,9.0603,134
6a29eb9f,25055,9.063,103
5df575a8,29571,9.0603,129
372db947,31291,9.063,117
44d05717,21077,9.0575,90
327e3210,17154,9.063,76
68434299,30004,9.063,132
7618a67e,26069,9.063,103
30b63f45,21585,9.063,90
731b65f1,17276,9.063,76
54a74070,30957,9.0603,117
3226cb8e,29469,9.063,117
33eb9698,29861,9.063,130
1b7759f9,28273,9.063,117
6f096ea8,27925,9.063,117
45e4749e,22101,9.063,90
6b77b27c,24296,9.0603,103
7e2a97df,29144,9.063,117
379fd510,24662,9.063,103
4c7a6dc,16417,9.063,37
25de8f2c,25719,9.063,103
106c911,28968,9.063,117
57b47f1f,28671,9.063,117
2f10dbd,22754,9.063,88
325778fe,25488,9.063,103
6e7cc273,31472,9.0575,117
3f8a877f,31441,9.063,117
14af2105,28376,9.0603,117
8f38fde,31122,9.0603,117
5bfc7516,21401,9.063,90
7c4b4558,21688,9.063,90
74ac6ff8,30006,9.0575,132
1f76af6d,27665,9.0603,117
b6f5e22,20988,9.063,90
2da8ab92,29680,9.063,117
3a6cd270,21577,9.063,90
41501850,20033,9.0603,86
5331c3e9,21713,9.063,90
10cb1f97,30248,9.063,134
688e2e8e,31119,9.0658,117
264e6abc,28325,9.0658,117
61a4dde2,25149,9.063,103
9381e7f,24207,9.0658,103
96aa469,25108,9.0603,103
559bb27a,28942,9.0658,117
1d6428f9,31014,9.063,117
5a68bd7a,22272,9.0658,90
136a8bae,27965,9.0658,117
1beae3db,25137,9.0658,103
277533bf,22170,9.063,90
3869d946,31333,9.0658,117
7f19021e,28128,9.0658,119
3321d21d,28222,9.0658,117
3d47f70d,31166,9.0658,117
4b12aa0a,30529,9.0658,134
7c2c5884,28962,9.0575,117
126ce355,21670,9.0658,90
41a0dc26,21844,9.0658,90
43ddb480,30977,9.0658,117
2ad5bda1,25127,9.0658,103
1d41140b,25006,9.0658,103
3b7875f,24491,9.0658,103
44b12ae3,28764,9.0658,125
6ae6ef41,12004,9.0658,60
7f124f5a,27781,9.063,117
4020b298,12065,9.0658,60
d0b7e4d,29738,9.0658,117
50ca044a,25303,9.0658,103
3d4ff996,29636,9.0658,117
2d2b906e,28233,9.0658,117
783e28d5,29531,9.0658,129
5156ca6,27761,9.0658,117
2e91c889,24646,9.0658,103
2e797145,31355,9.0658,117
6c38be55,29207,9.063,117
65c95b87,28343,9.063,117
45bc0237,28476,9.0658,117
52f605be,28948,9.0658,117
20aab09c,30998,9.0658,117
94968ca,21592,9.063,90
26731f07,30677,9.0658,117
3fb0c44,22271,9.0658,90
76a072f7,17098,9.063,76
6e59a392,31373,9.0658,117
34ed4bd1,30603,9.0658,134
ad8e16c,29737,9.0658,117
519a455f,30875,9.0658,117
24d8b251,21598,9.0658,90
4533b8b4,30788,9.0658,117
7a35c6d8,22098,9.0658,90
37ab9b73,24653,9.0658,103
34989064,23605,9.0658,103
5533f69c,28795,9.0658,125
1e4f9e4,20989,9.0658,90
6aff9aa8,25897,9.0658,103
1a942c23,17188,9.063,76
50d9aefb,12061,9.0658,60
765456dd,24647,9.0658,103
6068b865,23959,9.0658,103
5ba6657f,29863,9.0658,130
4695a686,25243,9.0685,103
1223f237,23882,9.0685,103
5f48cd81,24204,9.063,103
3402f178,22273,9.0685,90
5d7aa270,20913,9.0685,90
39bd1f85,30928,9.0685,117
601582cf,21000,9.0658,90
79286f89,29502,9.0685,117
5a02d8e5,17151,9.063,76
47dd5d40,24027,9.0658,103
7db32615,24415,9.0685,103
4c5645ef,23375,9.0548,103
31ba1cb6,28766,9.0658,125
2f1ebd9b,17111,9.0685,76
284c265,21691,9.0685,90
66e3cfae,21809,9.0685,90
7dd2068,25056,9.0685,103
5d75a76d,28314,9.0685,117
79c6c14c,30486,9.0685,134
1a0ff65,24293,9.0685,103
113c3a1f,23379,9.0685,103
4c484633,22874,9.0685,101
6f104159,28412,9.0685,117
1f2ecd19,23708,9.0685,103
502da311,30152,9.063,134
38306510,24913,9.0685,103
567035a6,21718,9.0685,90
3b87bcb8,27782,9.0603,117
52a8f8d4,28259,9.0685,117
6f20ecbb,23793,9.063,103
38aa29fc,25931,9.0685,103
3ece202d,25053,9.063,103
2bb50178,28119,9.0685,119
bfbd5e1,28107,9.0658,117
1681e04e,30944,9.0685,117
47bc7f3e,30240,9.0658,134
43186581,30020,9.0685,132
2a1441d7,23380,9.0658,103
6c0c538b,28722,9.0685,117
6514d3f0,20999,9.0685,90
f3fa63e,23736,9.0685,103
66a9a0eb,24645,9.0685,103
661df5d2,24649,9.0658,103
75d7147c,29671,9.0685,117
6e0f0a3f,23385,9.0685,103
2d47cf5d,28815,9.0685,125
6c29ce6,16797,9.063,37
a0c6b37,21987,9.0685,90
f784a89,16894,9.0685,76
7c9ee452,24013,9.0685,103
19b0e7ab,29186,9.0658,117
a9eeee7,28961,9.0685,117
3887edc6,28432,9.0712,117
18a976fe,29682,9.0712,117
55484b60,24087,9.0658,103
4bdb73dd,24028,9.0712,103
44ccdb8c,21855,9.0712,90
364f4597,30746,9.0712,117
6582db26,21958,9.0712,90
72869fbd,24086,9.0685,103
2e7ccd8b,31167,9.0712,117
1b696ff9,17186,9.0712,76
633fc538,24686,9.0685,103
2e50a0f,25896,9.0685,103
3a3ff09f,29069,9.0712,117
2be75c41,29862,9.0712,130
55897984,21555,9.0712,90
5cfc26b,17199,9.0712,76
18c4d1ef,31021,9.0685,117
248f3154,31214,9.0685,117
9d083e2,20939,9.0712,90
178b9e05,27955,9.0712,117
6c2cda05,23853,9.0685,103
525935c6,31442,9.0658,117
5f1b63fc,28762,9.0712,125
385f32ce,21679,9.0712,90
1d6fc3e3,22599,9.0712,88
142bb5ac,30575,9.0712,134
1edda9de,23603,9.0685,103
5b148c6,22175,9.0685,90
1b1cf0f,21185,9.0712,90
48fe9c40,20869,9.0603,90
3466d705,31190,9.0658,117
3b20af31,30489,9.0712,134
7003889,26098,9.0685,103
4e29c73e,15317,9.0712,73
767816a9,21629,9.0658,90
4cf5ff01,17296,9.0712,76
72129889,27666,9.0712,117
74502232,24499,9.0712,103
3dc1939f,24418,9.0712,103
74c01bb1,24583,9.0712,103
17aeefdf,29360,9.0712,117
719eeb73,23734,9.0685,103
4aa06c0,23796,9.0712,103
70c39877,21926,9.0712,90
107341a7,29033,9.0712,127
16b0e5a9,22760,9.0712,88
42f86db9,22734,9.0712,88
2e1445b1,30007,9.0712,132
246057ad,29039,9.0712,127
4d44e1cb,25138,9.0685,103
35ec7325,22628,9.0658,88
34f85584,31371,9.0658,117
60a9b813,28946,9.0712,117
38cda767,22736,9.0685,88
1a68d45b,28308,9.0658,117
76fd8577,29870,9.0712,130
47530454,29196,9.0712,117
3eb757b7,28223,9.0712,117
6b142999,24088,9.074,103
bfc3e8d,28970,9.074,117
4799b735,28819,9.074,125
24951fdd,28798,9.074,125
209bfe17,17149,9.0712,76
6c73781c,27269,9.0712,114
6a89437c,21003,9.074,90
60a37107,30220,9.0712,134
4efafbeb,30593,9.0712,134
6c44e139,30316,9.074,134
13d0d1e0,25489,9.0712,103
32edf3df,21406,9.074,90
3362e245,25007,9.074,103
48328667,28011,9.074,117
3b4eb71,16421,9.0685,37
167e7536,27737,9.074,117
322acd76,31178,9.0712,117
6ef774ea,22836,9.074,101
4a3ce526,22829,9.074,101
2f0eee92,21524,9.074,90
4b2bd778,21374,9.0712,90
1e2eaad3,28972,9.074,117
331669e5,31361,9.0712,117
6b346b6b,21001,9.074,90
7eb1e162,29943,9.074,132
15a2a455,25273,9.074,103
157bbe45,25339,9.074,103
5ddcf0b2,21459,9.074,90
2c97b09a,29603,9.0712,129
2c172951,31293,9.074,117
4215b187,30988,9.074,117
64d62300,21881,9.0712,90
5e350648,29850,9.074,117
400f5757,26100,9.074,103
4f377e74,24591,9.074,103
5a7f8b62,29134,9.074,117
fe46d0e,30487,9.074,134
79152dfc,29851,9.074,117
6aa2eabb,31302,9.074,117
d252874,31453,9.074,117
2ba79629,21944,9.074,90
707124e,31292,9.074,117
736f4186,30592,9.074,134
64ee971c,21334,9.0712,90
5bc46cad,28284,9.074,117
61ffbb07,22755,9.0685,88
6815a5cf,23529,9.0712,103
785399a6,31097,9.074,117
a2305,25932,9.074,103
1cb18780,23710,9.074,103
59cf7204,29187,9.0685,117
3d355e32,22834,9.074,101
6c76509a,22338,9.074,90
7ceb4713,29563,9.074,129
5e1655d8,29264,9.0712,117
7bf73c08,29604,9.074,129
49c554e6,29349,9.0712,117
17692fc4,25150,9.074,103
311c21e5,28134,9.0712,119
5d481a8b,23607,9.074,103
3e4917a0,21913,9.074,90
600008a2,31305,9.074,117
30431e4e,30305,9.074,134
2dc2c68f,24389,9.0712,103
3b657652,23356,9.074,103
6f71cb68,22140,9.074,90
13fcae1e,30315,9.0685,134
82a6079,23378,9.074,103
2505e47c,27751,9.074,117
21dd279f,29597,9.0767,129
2831e450,29821,9.0767,117
32bea5f3,29681,9.0767,117
722f85f6,23894,9.0767,103
3f15a403,15404,9.074,73
62e8ba07,25057,9.0767,103
1492641a,30286,9.0767,134
332601bc,23518,9.074,103
3d28321b,21594,9.0767,90
1a378f3b,31219,9.0767,117
702d045e,25363,9.074,103
1d828ad3,25018,9.0767,103
1eaa433e,24957,9.0767,103
626e121a,29034,9.0767,127
4486073b,28373,9.074,117
7f9953df,27725,9.0767,117
4d5bd96a,23387,9.0767,103
1a4c04c,29596,9.074,129
1348eca0,25251,9.0767,103
1ea4717d,23601,9.074,103
67039e2d,23530,9.074,103
4c8f240b,24984,9.0767,103
74808b2e,21202,9.074,90
36369e79,30523,9.0767,134
778586e,29079,9.074,117
7cf15c5a,23377,9.074,103
745f7ba5,24658,9.074,103
c587111,28108,9.0767,117
531cf8db,25435,9.0603,103
166271fe,25402,9.0767,103
6087ece4,17275,9.0767,76
2f98d91c,31356,9.0767,117
1b762614,21295,9.0767,90
1e9e4905,24746,9.074,103
41a166fe,24384,9.0767,103
4e11ae8a,29504,9.0767,117
281817ef,30042,9.0767,132
3d2ba18c,27935,9.0767,117
2f4d27e,21856,9.0767,90
6ece7544,24416,9.0767,103
249278f5,30217,9.0767,134
4cdda4e7,23517,9.0767,103
689ee820,12066,9.0767,60
75e7d422,30078,9.0767,132
42855fbb,24156,9.0767,103
63de3190,31481,9.0767,117
7c9e1a23,21853,9.0712,90
37939756,29347,9.0767,117
5f836e98,24934,9.0767,103
4dc38649,30986,9.0767,117
4100c2d0,21922,9.0767,90
6ced5e8,25362,9.0712,103
6a82d481,28413,9.0767,117
2e3180e7,21098,9.0767,90
7f91baa6,30579,9.074,138
3840e1c6,29868,9.074,130
441a0c93,29325,9.0767,117
668e9a4f,28125,9.074,119
143858b2,25433,9.074,103
2bc9d522,28377,9.074,117
3fa33a5c,28109,9.0767,117
2ded8305,21945,9.074,90
7b46b3c2,29776,9.0767,117
1e43194d,25140,9.0767,103
3814b103,30699,9.0767,117
79a0e8af,31112,9.0767,117
37369cfa,24115,9.0685,103
31b96220,21405,9.0767,90
2cb851bd,31265,9.0795,117
52233115,21985,9.0795,90
5171b6e7,21100,9.0795,90
2b23768b,30229,9.0795,134
4578efeb,28763,9.0767,125
e18c5c8,28040,9.0795,117
52028c62,28384,9.0767,117
62252f87,28337,9.0795,117
6020939f,31306,9.0795,117
1b0256e1,23968,9.0795,103
28de2cd6,29268,9.0795,117
638fe4a5,21846,9.0767,90
6e79c433,15428,9.0795,73
256b876c,17093,9.0767,76
41b35435,24493,9.074,103
7833ba88,29929,9.0795,117
18527849,29180,9.0795,117
38aa7f2c,28428,9.074,117
41d3e4d9,21349,9.074,90
4183dfb2,30701,9.0795,117
1a4a294b,23576,9.0795,103
11518a7b,29267,9.0795,117
8653aaa,22875,9.0795,101
7ae9d462,22788,9.074,88
2548eac2,30005,9.0795,132
6e038f51,21775,9.0795,90
731cc2b8,28501,9.0795,117
4762527d,12413,9.0795,61
6d8fbf14,29508,9.0767,117
259eaea9,23703,9.074,103
5715d44c,21990,9.0795,90
172d9692,23383,9.0795,103
47169938,31215,9.0767,117
38cd6ba9,28479,9.0795,117
3ed88222,25058,9.0795,103
3275d188,24037,9.0795,103
49974852,24933,9.0795,103
3e22836,30961,9.0795,117
3a3bc701,29392,9.0795,117
40889bf6,28971,9.0767,117
5cedfbfe,25284,9.0795,103
2fcbede9,17274,9.0795,76
4b2c24de,24215,9.0767,103
4f7f4166,29505,9.0795,117
7cfe617c,29741,9.0795,117
c2a6faf,28765,9.0767,125
76298bc,21325,9.0795,90
268ab020,31352,9.0795,117
13cba1e6,30153,9.0795,134
1cb1c762,30621,9.0795,134
c07e592,21402,9.0795,90
43b9844c,25407,9.0795,103
304137ab,29197,9.0795,117
7b31382d,20940,9.0795,90
7e4b74d4,30911,9.074,117
7783739b,24987,9.0795,103
6c5326a8,21896,9.0795,90
6347448a,30485,9.0767,134
5a02db26,21016,9.0795,90
7fcaf966,17152,9.0767,76
3bd23b67,29848,9.0795,117
ad9e651,28392,9.0795,117
5e294e58,15323,9.0795,73
2255f5d8,24216,9.0795,103
4add2ba1,28750,9.0795,125
6311b7bc,23415,9.0795,103
53e38094,23651,9.0795,103
1ff4aa25,28136,9.0795,119
5871851e,30690,9.0795,117
11399d5,30382,9.0795,134
3a477bb9,29391,9.0795,117
375d6174,17259,9.0795,76
72f3f2a0,30689,9.0795,117
3ddb2b4a,21343,9.0795,90
7c40b56,24036,9.0767,103
5bce8c1b,29683,9.0822,117
36c50330,21714,9.0767,90
52a0efd9,25304,9.0795,103
7599c060,22093,9.0822,90
5a98249c,22833,9.0822,101
6cffd023,23535,9.0822,103
44da707c,21552,9.0822,90
11519119,23951,9.0822,103
2af0d993,24321,9.0822,103
31d7b495,28981,9.0822,117
26997b43,21430,9.0822,90
6bf2d04,29082,9.0822,117
69d927ca,28334,9.0822,121
41080862,22869,9.0795,101
3b5dffd0,21723,9.0822,90
174d8569,23960,9.0822,103
59cf1e26,21689,9.0822,90
dd52554,15324,9.0822,73
41427abf,30015,9.0822,132
1bb2e809,29348,9.0822,117
2aff2c6b,29882,9.0767,130
761cdb5f,22089,9.0822,90
226b0933,29265,9.0822,117
5976b6da,31353,9.0795,117
5588ff5d,29352,9.0822,117
45de0090,25722,9.0822,103
2ac4812a,24964,9.0795,103
3f06bb89,25126,9.0822,103
53aa0ad5,24214,9.0822,103
414a75ea,24324,9.0822,103
1088cfad,22111,9.0822,90
742527d3,29874,9.0822,130
7e75102d,21002,9.0822,90
7d0a4194,28007,9.0822,117
6ffd9efa,21516,9.0822,90
15ef061,17204,9.0822,76
323b2769,28364,9.0822,117
6419ad7b,22737,9.0822,88
4bb0568d,29742,9.0822,117
48b91b4f,29694,9.0795,117
23527d5e,21521,9.0822,90
a096e3a,30989,9.0822,117
43c445c8,31354,9.0822,117
5d701d1,29304,9.0822,117
43274d9c,29606,9.0795,129
5ef8bbc9,25490,9.0822,103
5fc0ff3c,12369,9.0822,61
73af602b,23987,9.0822,103
3216b8da,27966,9.0822,117
539d5155,28823,9.0822,125
2a2fbd17,25139,9.0795,103
75921894,12399,9.0822,61
22093e41,16422,9.0822,37
230ac08f,28067,9.0822,117
255e82b2,17104,9.0822,76
2ccfe6e5,22116,9.0822,90
205f0371,12423,9.0822,61
1cf078b5,29093,9.0822,117
4be0b939,16798,9.0822,37
20706d32,29506,9.0822,117
7ef94bd1,24280,9.0822,103
716a209c,31350,9.0822,117
6ec0dbd4,30594,9.0822,134
20278e44,23531,9.0822,103
31d7e8f,28293,9.0822,117
23d3c0b0,22117,9.0822,90
4ba5a165,30122,9.0822,132
576c53fb,24533,9.0795,103
3feda69f,24985,9.0822,103
2862792,23536,9.0822,103
59f991fa,22151,9.0822,90
644e002e,24651,9.0849,103
6bb81e59,21810,9.0849,90
303e937,24208,9.0849,103
308ae472,29530,9.0822,129
3d483766,24299,9.0849,103
24d1dd3d,16907,9.0822,76
2b307e0,20931,9.0849,90
fb3929d,21346,9.0822,90
2abbb607,23824,9.0822,103
4d757e56,30678,9.0822,117
67e76af0,22124,9.0849,90
477d7da9,20990,9.0849,90
7394ff88,25004,9.0822,103
3c0c0deb,20929,9.0822,90
4b709fe3,24200,9.0849,103
4541afe1,29199,9.0822,117
2d91cf15,21105,9.0822,90
667fe6b4,31191,9.0849,117
2dc2a82c,21749,9.0849,90
6202a5f0,25491,9.0822,103
41c827c2,21766,9.0849,90
5cad3f2e,28129,9.0849,119
64167f5f,29080,9.0849,117
134c7b08,28829,9.0822,125
13bab894,24929,9.0849,103
26dba182,23648,9.0822,103
71e0ce81,30230,9.0849,134
1047f8e,25709,9.0849,103
42c93365,29564,9.0849,129
47bc0922,28374,9.0849,117
2d8277f9,26101,9.0822,103
3c9067e6,31169,9.0849,117
4bf32233,23520,9.0849,103
69a9dccc,31449,9.0849,117
4efb2dc2,29871,9.0849,130
716bdcac,25252,9.0849,103
235b8a08,29145,9.0822,117
22b8db9e,24044,9.0849,103
498f31e8,21593,9.0849,90
4b36d13,21335,9.0849,90
24cb1f23,24119,9.0795,103
3509687e,27762,9.0849,117
13b1c57a,21632,9.0849,90
3c10e51c,21946,9.0822,90
5c2005d6,24038,9.0849,103
41a7813d,29487,9.0822,117
7aa4b410,30218,9.0767,134
18b896cb,28126,9.0822,119
3247eacf,28241,9.0849,117
44ea3ebf,23519,9.0849,103
3939e176,23461,9.0822,103
6662c675,27784,9.0849,117
3a301abc,21348,9.0849,90
2fbad483,21517,9.0849,90
295f8677,23836,9.0849,103
13808c1a,29509,9.0849,117
6a674c25,21265,9.0849,90
46a70710,24652,9.0849,103
139e4d8d,22184,9.0849,90
4e9e3b8,28926,9.0849,117
54bf8164,29100,9.0849,117
3e69d437,28265,9.0849,117
2ade9364,24014,9.0822,103
4b4d5197,29849,9.0849,117
f29f65,26070,9.0849,103
28ee9abe,30242,9.0795,134
5f169430,23955,9.0849,103
3a009f4f,17157,9.0822,76
3c81dff4,31358,9.0877,117
76f56974,30088,9.0877,132
57954fd4,31374,9.0877,117
4388ebf4,22629,9.0877,88
1fefa251,29921,9.0877,117
428cc611,30700,9.0877,117
3f1aca7b,25732,9.0877,103
3b495127,17205,9.0822,76
59569135,21336,9.0877,90
146e3c90,25049,9.0877,103
3687f28,28038,9.0877,117
655f8753,21947,9.0877,90
45b14146,25615,9.0849,103
590ccf80,24960,9.0877,103
86d6df4,30517,9.0877,134
6ef98d1,30014,9.0877,132
12dedb8,21460,9.0877,90
6380be20,24106,9.0877,103
7a7cc81c,30285,9.0877,134
199d186a,24553,9.0877,103
634e2298,23764,9.0877,103
559f16f,20974,9.0877,90
1979f5f0,27837,9.0877,117
68d6f0fd,29828,9.0822,117
7a1e459d,21331,9.0877,90
30860138,30619,9.0877,134
6606b4ad,22234,9.0877,90
31b27989,30747,9.0877,117
31bd3146,21748,9.0849,90
62cd5800,23395,9.0877,103
1c377170,29094,9.0877,117
3eeb3d4e,31278,9.0877,117
66841cd4,29131,9.0877,117
6e81555c,29336,9.0877,117
22694c3e,25311,9.0877,103
499a050d,31473,9.0849,117
2e7c403d,30576,9.0877,134
68d88b9a,24534,9.0877,103
153cd68a,28947,9.0877,117
590d01b8,17243,9.0849,76
7525d558,28741,9.0877,117
41c547cc,27961,9.0849,117
32be51f8,31357,9.0822,117
38f96d6,30913,9.0877,117
58db0cea,29638,9.0877,117
a08275b,24157,9.0877,103
33cbcb1a,28137,9.0877,119
251a4bf0,21345,9.0877,90
733a6d0a,27785,9.0877,117
c7c6c9d,22176,9.0877,90
cc09da4,23804,9.0877,103
613e043d,23558,9.0877,103
414c772d,28385,9.0877,117
2e3bf31d,23457,9.0877,103
269e76c3,29198,9.0877,117
188ad0d9,25050,9.0877,103
379081c1,22750,9.0877,88
15c76d01,26144,9.0877,103
6415c7bf,27164,9.0877,113
2c58ce5,29102,9.0877,117
2a2d93c1,29948,9.0877,132
2cc456d9,28748,9.0877,125
66a644c1,24045,9.0849,103
13d75198,23873,9.0877,103
3ddb55a3,27952,9.0904,117
33a7ae5f,21847,9.0877,90
677374a6,31444,9.0877,117
49867998,29598,9.0877,129
5718c2f0,23414,9.0904,103
4e81a241,24090,9.0904,103
3d3dab66,29103,9.0849,117
2990907f,28329,9.0849,117
27cb1644,30021,9.0904,132
5b61905f,28386,9.0904,117
18b1b2d8,17202,9.0904,76
350fdad9,21144,9.0904,90
4a89930a,27950,9.0877,117
1dbd016c,15405,9.0904,73
88f5771,27749,9.0904,117
431d9dab,25933,9.0904,103
458a4701,29208,9.0904,117
30c988bd,28133,9.0904,119
428f650a,27746,9.0904,117
6dd05835,30200,9.0904,134
7af5b8c1,17155,9.0904,76
cd3d1e,29035,9.0904,127
6055b42,22141,9.0904,90
3f9bc9bd,28495,9.0849,117
50e52f8b,25883,9.0904,103
701a6e6,25298,9.0877,103
2bf2220f,30524,9.0904,134
45119f41,6340,9.0904,1
4ac5c0ed,30175,9.0904,134
33252749,17174,9.0877,76
3999815d,27799,9.0904,117
340a44ff,24108,9.0877,103
67e75416,27254,9.0877,114
7de238cc,29359,9.0904,117
804dd44,24197,9.0904,103
a0920f5,20930,9.0904,90
576b0dfa,21963,9.0904,90
5f2ce0f1,24965,9.0877,103
2be0a89,29101,9.0904,117
5f24a92c,23706,9.0904,103
33ecce5c,30081,9.0877,132
738430e6,21520,9.0904,90
6fb460e6,30080,9.0904,132
1523c9f5,21599,9.0904,90
24adc44,31454,9.0904,117
40e86b23,25141,9.0904,103
3b6318bd,22198,9.0849,90
771cfc67,25098,9.0904,103
19291431,31340,9.0877,117
7cfbef10,28006,9.0904,117
4de8bfda,22177,9.0904,90
2ba43414,27161,9.0904,113
7fc922df,29076,9.0904,117
6a71591e,23532,9.0849,103
417e3832,29323,9.0904,117
5c4c6b6b,24401,9.0904,103
4ca34b41,22778,9.0877,88
6f83beaa,30119,9.0877,132
59eab65f,28243,9.0904,117
6642893a,24643,9.0904,103
57ff0f55,21518,9.0877,90
306d3ff0,23650,9.0904,103
5e214583,28974,9.0904,126
4269b1b9,22123,9.0904,90
4ebdbfe5,29739,9.0877,117
3cc4e451,17153,9.0904,76
658fce86,30990,9.0904,117
6ae44ff7,24124,9.0904,103
490597d9,30221,9.0904,134
52f804c4,20991,9.0904,90
49981be3,30089,9.0904,132
14b7ed0,28816,9.0904,125
64159a7f,24642,9.0932,103
76d97c1d,12400,9.0932,61
7f172626,25290,9.0932,103
25f06aea,23829,9.0932,103
cd7d567,29036,9.0932,127
1f5efc9f,22633,9.0932,88
6d7eca49,31201,9.0849,117
507a6a6f,24525,9.0932,103
1bee121a,30620,9.0932,134
1b0a1154,22165,9.0932,90
169a5050,30754,9.0932,117
309bdf53,28757,9.0932,125
38fdefe5,20976,9.0932,90
5333dc91,29999,9.0904,132
34b26093,24029,9.0932,103
2b2c778b,25059,9.0932,103
28865993,24109,9.0904,103
6cda9403,28041,9.0932,117
255bf8c,24332,9.0877,103
6b484c73,20893,9.0932,90
4a0d1062,24089,9.0904,103
505d9271,24663,9.0904,103
689f6ef5,21078,9.0932,90
471905b5,30755,9.0904,117
65b59334,24128,9.0932,103
59c75be9,29645,9.0932,117
4a3c7ee2,28132,9.0932,119
4507eebd,28807,9.0932,125
c62f91a,30016,9.0932,132
6f19f36c,25964,9.0932,103
467b5b03,23559,9.0932,103
3c733777,28299,9.0932,117
2a70433f,20034,9.0932,86
2a1dfb22,25406,9.0932,103
abe3db5,31200,9.0932,117
38bad6ed,23856,9.0932,103
3bd72834,31101,9.0932,117
27c2a3ca,23763,9.0932,103
7e0a6cd,30379,9.0904,134
1b5f4671,31426,9.0932,117
3eb202e2,22167,9.0932,90
cdc2a0d,21145,9.0932,90
56e8821a,29470,9.0932,117
e082395,21966,9.0932,90
6f8590eb,31266,9.0932,117
418e2aeb,30691,9.0932,117
2c6ffc95,29686,9.0932,117
63b47606,31208,9.0932,117
20f5b053,23830,9.0932,103
109c1fd4,21344,9.0932,90
6e3ec153,24744,9.0932,103
58527952,28477,9.0932,117
688812a1,22178,9.0932,90
43c4d206,23950,9.0904,103
300983e,30243,9.0932,134
efad725,27811,9.0932,117
7ee80b91,23653,9.0932,103
1bd9b2a8,26119,9.0932,103
1c9f1885,21671,9.0932,90
4404b7cc,30604,9.0932,134
638e5147,23970,9.0904,103
7a8e885e,30376,9.0932,134
2c143955,31359,9.0932,117
482b4762,24519,9.0932,103
29f0337c,28286,9.0959,117
27329264,21234,9.0959,90
1170e8bd,29081,9.0959,117
2ae1c946,24684,9.0959,103
38639b2f,22789,9.0959,88
2cab51c3,29608,9.0932,129
1020248c,25076,9.0959,103
23b2355e,24935,9.0959,103
7bd6397,30515,9.0959,134
23232aac,23394,9.0959,103
32367e00,16884,9.0932,76
a12e6cb,27810,9.0959,117
9cb5dd,30580,9.0932,134
6c51cf82,29188,9.0932,117
569dfeee,21813,9.0959,90
575a5c43,27833,9.0959,117
328d2928,21178,9.0959,90
5042dd24,30180,9.0959,134
6911234c,22371,9.0959,90
306c00ba,25886,9.0959,103
6cacc269,27834,9.0959,117
373372bd,30199,9.0959,134
715e3282,23952,9.0959,103
113574a6,30289,9.0959,134
1b004363,24513,9.0959,103
1e2cf0b8,22648,9.0959,88
378a6c24,24125,9.0959,103
37c09275,21965,9.0959,90
dea406f,24747,9.0959,103
146811ea,20246,9.0959,86
7067b40f,17099,9.0959,76
4307c34c,23851,9.0959,103
1c310a7b,27646,9.0959,117
f560bf4,25898,9.0959,103
4882af56,30547,9.0932,136
52e8c0d6,25048,9.0959,103
588ad85,29944,9.0959,132
786803db,23957,9.0959,103
6c9ebc7f,30112,9.0959,132
313b46a5,21822,9.0932,90
711f3182,25147,9.0959,103
3e030f64,30280,9.0959,134
495192a1,23725,9.0959,103
5035a2b0,30383,9.0959,134
334b7db4,16799,9.0959,37
764a35e6,29266,9.0959,117
b9739bd,16418,9.0959,37
51d251df,27951,9.0904,117
36391b92,25046,9.0959,103
5e77663c,27726,9.0959,117
79b59d11,31364,9.0959,117
4bdd094b,29010,9.0959,127
35c67e29,29192,9.0959,117
50e5b82b,27973,9.0932,117
5edfa33,24983,9.0959,103
56b4d54,22893,9.0959,101
26593c94,30607,9.0959,134
20683940,24417,9.0959,103
3cb70312,30019,9.0959,132
5d31f986,23649,9.0959,103
200f91eb,29607,9.0959,129
3767ac71,17297,9.0959,76
58358b95,28288,9.0959,117
42a1ddc0,21564,9.0959,90
39f60bea,22127,9.0959,90
1fd8665b,21189,9.0932,90
6bd9289b,29335,9.0932,117
61d705b5,21347,9.0932,90
15ca4339,21986,9.0959,90
1c6ab331,24394,9.0932,103
2bed8110,28973,9.0959,126
3e55ddd7,25617,9.0986,103
67769d05,12341,9.0986,61
20e2c959,27786,9.0986,117
6958054f,28749,9.0904,125
79f3d6d6,27637,9.0986,117
4dc408c8,29852,9.0986,117
2abef258,23507,9.0986,103
1c204e57,22939,9.0986,101
35fb52e1,21872,9.0986,90
525977ee,29201,9.0986,117
f2873cf,27647,9.0986,117
11e4c68b,21143,9.0959,90
7e67f20c,29164,9.0986,117
67980c29,25105,9.0986,103
2be2ad1e,21690,9.0986,90
1c05e677,21595,9.0986,90
5d338069,29132,9.0986,117
7aed26a2,27654,9.0986,117
4459eebc,21296,9.0986,90
5daaf976,29350,9.0986,117
3f09629f,28506,9.0986,117
41b5da5f,21266,9.0986,90
52ca3a4c,31362,9.0986,117
775c9e1e,21646,9.0986,90
362d7854,22635,9.0986,88
25668005,30608,9.0986,134
2e41a61b,29365,9.0986,117
3dfe61a3,29149,9.0986,117
60cc5190,29872,9.0986,130
6b112c92,15421,9.0986,73
71bb8324,24118,9.0986,103
52e99276,25934,9.0986,103
1cd402f1,30043,9.0986,132
1e16902a,24300,9.0986,103
3399826f,28505,9.0959,117
2d7dcc48,28444,9.0986,117
1102809c,23560,9.0986,103
6e9b8f40,31455,9.0959,117
12d3c6a1,29013,9.0986,127
3bbfc556,30994,9.0986,117
444aa2b4,29945,9.0986,132
79629f9,29137,9.0986,117
2154ff7,31363,9.0986,117
47c5bf96,25015,9.0986,103
560bfad8,22883,9.0932,101
6064c801,24692,9.0986,103
4826490d,29364,9.0986,117
5785ec2a,29191,9.0986,117
22f56690,22837,9.0986,101
2b21852c,25317,9.0986,103
14aa2e31,21231,9.0932,90
6dc36489,22735,9.0959,88
1757361d,22940,9.0986,101
1e1f1381,25009,9.0986,103
3930ed8b,21270,9.0986,90
4f213108,28441,9.0986,117
6168012f,29337,9.0986,117
78d8598,30962,9.0986,117
39ef7c57,12429,9.0959,61
7f00b313,30193,9.0986,134
5ec0b4a5,28443,9.0986,117
358a5ba0,24988,9.0986,103
77458482,25508,9.0986,103
d273952,25394,9.0986,103
507095f4,17156,9.0959,76
5619d1cf,27967,9.1014,117
91676dc,24936,9.1014,103
31a9c7f7,21848,9.0986,90
6a9334d4,24492,9.1014,103
556c0cba,23565,9.1014,103
62c0c088,24048,9.1014,103
5eca7d7d,25161,9.1014,103
464558c2,25963,9.1014,103
27a3f66c,22777,9.1014,88
39aca982,29648,9.1014,117
4a6a1ff7,22152,9.1014,90
47c6a252,23969,9.1014,103
52442cf2,17200,9.0959,76
1229e5fd,22830,9.0986,101
2ba97120,27258,9.0986,114
77952d6e,28378,9.1014,117
6a2f10b,24594,9.0959,103
6d1a01cc,24536,9.1014,103
5f8fa250,24217,9.1014,103
1f3cfa0f,29305,9.1014,117
3bdfc7db,29155,9.1014,117
7f7ca8b9,21099,9.1014,90
21dc0465,28289,9.1014,117
1cf575f3,31342,9.1014,117
64e118e0,21204,9.1014,90
7e425da5,22197,9.1014,90
6e9048f7,29200,9.1014,117
7c9b278a,30121,9.1014,132
3f7c8124,21203,9.1014,90
1159a4d3,25345,9.0986,103
89121d5,25446,9.0986,103
14850ed,29567,9.1014,129
645b1e3f,21351,9.0959,96
898d864,23986,9.1014,103
53b61df2,22143,9.1014,90
52a811d8,29507,9.1014,117
6e3e5754,23656,9.0986,103
237de7f3,30017,9.1014,132
43112975,25612,9.1014,103
5125d61e,28500,9.1014,117
48e10a2d,23652,9.0986,103
4d3daf99,28294,9.1014,117
32a1d4b0,21773,9.1014,90
78311910,29865,9.1014,130
7dba52e,12350,9.0986,61
27ba832b,21858,9.0986,90
1b02d738,21650,9.1014,90
6b0ba4d1,21175,9.1014,90
31238e4b,30850,9.1014,117
4273e09f,31474,9.1014,117
4f4544fe,27744,9.1014,117
795e5ceb,27645,9.0959,117
54a2c45d,28087,9.1014,117
2db52731,27253,9.0986,114
908a14e,29670,9.1014,117
6c8f6625,22973,9.1014,101
42be1734,30535,9.1014,134
673dd65b,25972,9.1014,103
6fd63e69,30154,9.1014,134
25ff76cd,31335,9.1014,117
6931a1ed,29744,9.1014,117
7e984ca0,30082,9.1014,132
779ed226,24693,9.1014,103
29098b06,28497,9.1014,117
4d536903,25322,9.1014,103
7192c145,29351,9.0986,117
701c32b3,31304,9.1014,117
25f34d85,29684,9.1041,117
726535d5,31427,9.1041,117
78607542,24220,9.1041,103
15a8d60d,24507,9.1014,103
43e5aeca,23577,9.1041,103
241ac71a,27638,9.1041,117
3502f080,31276,9.1041,117
66c95093,26121,9.1041,103
8b4217e,29071,9.1014,117
7ae41565,30026,9.1041,132
58406c49,22692,9.1041,88
74a1e21a,30707,9.1041,117
5db79221,21633,9.1041,90
7a2ebcf,24958,9.1014,103
5cdbed56,22838,9.1041,101
279165e5,24424,9.1014,103
3a20bd02,30452,9.1041,134
34df25e1,22372,9.1014,90
4656cdac,27754,9.1014,117
56baaa3a,24783,9.1041,103
55884ce6,24520,9.1014,103
9d12cdd,30881,9.1014,117
ab9bca7,27671,9.1014,117
1dc13e6a,27800,9.1041,117
31d85570,25959,9.1041,103
31ef2052,21431,9.1041,90
76f4ee4c,25369,9.0959,103
62d2ac96,27727,9.1041,117
11521669,23567,9.1014,103
597749a1,25021,9.1041,103
8a05a4d,28475,9.1041,117
7f61e1d3,24298,9.0986,103
7e014108,23855,9.1041,103
b175e22,29072,9.1041,117
1d583528,31303,9.1041,117
17a076fc,27748,9.1041,117
673f72a2,22832,9.1041,101
1342764c,30288,9.1041,134
4f6ff079,25022,9.1041,103
5bec68fe,24586,9.1041,103
47daab43,23731,9.1014,103
472a55e2,21556,9.1041,90
77769946,22632,9.1041,88
4fe5a4ce,25399,9.1014,103
5d779ec2,12424,9.0986,61
486755cb,23797,9.1041,103
57a86440,30283,9.1041,134
1f439eca,30281,9.1041,134
5d0d3d2f,28758,9.1041,125
b185928,25973,9.1041,103
49a3777,29532,9.1041,129
69b94f51,31202,9.0986,117
8d94d2a,28975,9.1041,126
7ae298f7,27835,9.1041,117
33fa5f9a,25447,9.1041,103
109a4d73,22102,9.1041,90
29774e50,25305,9.1041,103
5268e257,22878,9.1014,101
3c23edcd,25826,9.1041,103
2cd118f0,22100,9.1041,97
5d44635c,25493,9.1014,103
1f774c52,21582,9.1041,90
a187fb1,21186,9.1041,90
4e0ceab1,21082,9.1041,90
70e10b4e,24326,9.1041,103
2976a6ba,12414,9.1014,61
4653c790,22173,9.1041,90
7266bd2f,21176,9.1014,90
7ce90be4,25895,9.1014,103
3bcab125,27794,9.1041,117
27959390,21190,9.1041,90
43d5951f,28821,9.1041,125
418f562e,29743,9.1041,117
68efbfc3,29537,9.1041,129
49dc78f,28949,9.1014,117
6a301da0,25020,9.0986,103
40f3d2be,31479,9.1041,117
61321a65,30425,9.1068,134
e201631,22090,9.1041,90
646b19c5,30748,9.1068,117
edcd5f5,29270,9.1068,117
7f4c0779,28012,9.1068,117
2183e2b3,29847,9.1014,117
7153073f,25047,9.1068,103
4dca8de1,22751,9.1041,88
25519ad0,24990,9.1068,103
7b726cd4,24595,9.1041,103
3a3926cc,28791,9.1041,125
533ab44b,24598,9.1068,103
4a069e48,25128,9.1068,103
63281ac2,31221,9.1068,117
10d45f2d,30546,9.1041,134
16ca3990,25014,9.1041,103
68c011df,31275,9.1068,117
4b1df80f,30605,9.1068,134
7ae23a70,21950,9.1068,90
7902fb76,21342,9.1041,90
3e435b7f,21973,9.1041,90
56e5eb81,23857,9.1014,103
721cbcd2,26145,9.1068,103
1c2b20ac,21079,9.1068,90
381708f5,23825,9.1068,103
41d75595,25509,9.1068,103
56ba8b51,24395,9.1068,103
1351ff6a,28767,9.1068,125
1c3d909f,21091,9.1041,90
13810d55,23561,9.1068,103
6801994d,25023,9.1068,103
6ae3771f,25448,9.1041,103
76d57f86,31447,9.1068,117
6da52fac,25616,9.1068,103
90a18a4,17197,9.1068,76
7820cd15,29224,9.1068,117
2554a4d8,24327,9.1041,103
f9eb969,28507,9.1068,117
385ecc34,28296,9.1068,117
4668e64f,30490,9.1068,134
283f6442,30991,9.1068,117
2964a594,23654,9.1068,103
382ef38e,25186,9.1096,103
2f29577b,29219,9.1068,117
6d4b5a27,16895,9.1068,76
7ce72ba8,27728,9.1041,117
70a369a5,23548,9.1068,103
20f2bff1,28673,9.1041,117
706e9504,29775,9.1096,117
20899b6a,25030,9.1096,103
3f5e56bc,27730,9.1096,117
5a294ca3,23961,9.1096,103
1fd68625,24512,9.1041,103
74533a3b,30441,9.1041,134
1e011dd0,31365,9.1096,117
397579bb,22217,9.1014,90
29a96662,29605,9.1096,129
2653adc,28790,9.1096,125
1cc9397e,29696,9.1096,117
6f8a4a49,23988,9.1041,103
7da04ea2,30047,9.1096,132
1fd8ad02,20920,9.1096,90
69b87e51,22877,9.1096,101
34c0d7ff,30697,9.1096,117
9a50b2c,31360,9.1096,117
2f80cce3,25623,9.1068,103
760f91e4,12068,9.1068,60
2ce5829a,22686,9.1096,88
1ea8c7d6,21849,9.1096,90
7c25089e,30530,9.1096,134
3ff54344,29083,9.1096,117
35ff75ef,29572,9.1096,129
358ec098,27836,9.1096,117
6dc02788,30548,9.1096,137
78bab617,31493,9.1096,117
54eac1cb,24587,9.1068,103
36a4e4e2,29366,9.1096,117
756d68ae,27639,9.1096,117
197dfdec,30048,9.1096,132
34daeada,20245,9.0959,86
25489b57,28275,9.1096,117
3b7eaf48,22119,9.1096,90
4d9aa756,31102,9.1096,117
2ef51805,30521,9.1068,134
4f06bcaf,21332,9.1096,90
1cc4ee8,29184,9.1096,117
19f4f990,22120,9.1096,90
1fc7ef9b,21991,9.1096,90
65dedb08,28496,9.1096,117
6066255,30307,9.1096,134
3800237c,25492,9.1068,103
38ded8b7,29581,9.1096,129
181ba8d0,30249,9.1096,134
b8e2640,28082,9.1096,117
3eaff9ae,24699,9.1096,103
52f23d14,24514,9.1096,103
78d26c4,24320,9.1041,103
429553cd,30085,9.1096,132
3853c1f9,28335,9.1096,117
79702dd4,25019,9.1041,103
17a59f38,24303,9.1096,103
7f46ad3a,21427,9.1096,90
59bce722,25408,9.1068,103
6740cc8b,31286,9.1096,140
215a7f4c,23122,9.1068,101
50d82900,23964,9.1096,103
6ee351ce,29745,9.1041,117
1c31f341,22171,9.1096,90
6d3df5af,21767,9.1041,90
7c3c5121,21267,9.1096,90
8a51249,21020,9.1096,90
1b1d53e7,22168,9.1068,90
198f5da6,23388,9.1096,103
7a4a2ef,29384,9.1096,117
2733cf08,28751,9.1068,125
56c03262,30306,9.1096,134
35412771,24302,9.1096,103
17d048ec,25259,9.1096,103
2ea28e91,30282,9.0959,134
7926fa05,29568,9.1096,129
456030ff,23185,9.1096,101
4e46b1d1,24944,9.1096,103
50629797,28285,9.1096,117
6a8e4d0c,25831,9.1096,103
24b6648a,31341,9.1096,117
3a96dc38,30815,9.1123,117
60955f2b,25887,9.1123,103
240fa281,29070,9.1096,117
3cf16d21,15384,9.1123,73
2b74cc01,23826,9.1123,103
61d2a243,29869,9.1123,130
38900f52,30392,9.1123,134
6bce2104,30385,9.1123,134
fbfe504,25299,9.1096,103
2263436,29875,9.1123,130
5037642e,25142,9.1096,103
76925e8b,24158,9.1123,103
4e403594,30244,9.1123,134
3e277e9d,25618,9.1123,103
d137aeb,24385,9.1123,103
69110bc4,28035,9.1123,117
26326fe7,21106,9.1096,90
23e42e2a,24959,9.1123,103
3536cc9f,28140,9.1096,119
5418aed6,24159,9.1123,103
61e0bee5,24535,9.1123,103
6377498d,29594,9.1123,129
60a63348,24508,9.1123,103
71594f94,29646,9.1123,117
b3e7a4c,24918,9.1123,103
15aad0cc,29084,9.1123,117
4cc8c8d5,23865,9.1123,103
1da58e77,31180,9.1123,117
26bb47b8,29878,9.1123,130
6f503d1c,30883,9.1123,117
5eb7d0b7,31170,9.1123,117
bcf0f29,29491,9.1068,117
22cdda5e,24428,9.1096,103
6122a553,29573,9.1123,129
f74ccb6,21673,9.1123,90
6cdc9493,29582,9.1068,129
2375bf07,22112,9.1096,90
57099e07,29866,9.1123,130
617a7033,30250,9.1123,134
7e31e92c,23539,9.1123,103
25f0d3d2,31448,9.1123,117
2b73cdec,21814,9.1096,90
30118723,25005,9.1123,103
62555536,28502,9.1123,117
6be8556e,30577,9.1123,134
69f684c7,24664,9.1123,103
b6b3a15,21884,9.1123,90
21c2902a,30882,9.1096,117
114fb92f,29473,9.1123,117
36a01838,30222,9.1123,134
38a5dd4d,31220,9.1123,117
65a8a622,24982,9.1123,103
505e297d,21119,9.1096,90
3cb47498,23608,9.1123,103
2a6d99f6,23956,9.1123,103
5ddd2874,24419,9.1096,103
ad4b32f,24685,9.1123,103
2be066c9,25738,9.1123,103
34efc799,25365,9.1123,103
720b4adb,23396,9.1123,103
5de9c27e,27750,9.1123,117
3f8ee310,25323,9.1123,103
492e11b,30181,9.1123,134
48c0feac,17206,9.1123,76
9e02c7,22094,9.1123,90
53f07fe1,21719,9.1151,90
4ef64f07,30000,9.1151,132
5dfff5fb,31144,9.1151,117
12855576,30536,9.1096,134
627de5db,21579,9.1151,90
1e8f10e4,29601,9.1151,129
2a49298,28300,9.1151,117
3c7d6ee3,27747,9.1123,117
46bb2ff,30018,9.1096,132
9b5cc94,21407,9.1151,90
6fdbf576,25899,9.1151,103
38868418,23798,9.1151,103
61a335bd,25449,9.1151,103
46d59471,30022,9.1151,132
e803b60,29649,9.1151,117
7615a998,23743,9.1151,103
7abf5506,31494,9.1151,117
2499931,29647,9.1151,117
68d5f315,26072,9.1151,103
33d7defe,20950,9.1151,90
420cbb0c,21928,9.1151,90
33c0bae7,29474,9.1123,117
7f02f282,30066,9.1123,132
7d0e3dbf,24393,9.1151,103
3a043450,25010,9.1151,103
37292dc0,21992,9.1151,90
66afacdb,30595,9.1151,134
188ae40,27724,9.1151,117
de7880b,22128,9.1151,90
16da8b53,23837,9.1123,103
6863e365,24164,9.1151,103
2cddaa87,31308,9.1151,117
1dcbc8c7,24930,9.1151,103
5f89583e,12415,9.1151,61
2806f061,21171,9.1151,90
69ceee74,24967,9.1151,103
2a009e7a,28674,9.1151,117
1ff41594,21012,9.1123,90
3fdd7bac,25529,9.1151,103
204711ce,21337,9.1151,90
3ee4f6fc,31050,9.1151,117
10395c14,25467,9.1151,103
446d55a4,29148,9.1096,117
5c3ce586,12357,9.1096,61
6b904c02,25016,9.1151,103
45f6abeb,21284,9.1151,90
b614303,27255,9.1151,114
492df9e9,27974,9.1151,117
311b3082,22876,9.1151,101
4bcfefd7,30223,9.1151,134
ab0f3f2,28429,9.1151,117
7a69b8bc,21654,9.1123,90
499a1932,22092,9.1151,90
21edbfa3,29012,9.1151,127
2ccff70f,25531,9.1151,103
1bd40672,20977,9.1151,90
29ecfb3,25318,9.1151,103
4ec268e4,24046,9.1151,103
1de689bc,30375,9.1151,134
263aebe4,28344,9.1151,117
3dfc3478,29135,9.1123,117
52ad4bc7,25469,9.1151,103
ff59c3e,27649,9.1151,117
26f75f15,24423,9.1151,103
57e3e5e4,20951,9.1178,90
6fa87fac,28013,9.1178,117
4c1f0a0b,29471,9.1178,117
6fec74c,28291,9.1178,117
4ddb7b86,27648,9.1178,117
500ceb6a,30516,9.1178,134
1808f84a,17203,9.1123,76
3471b1f8,29211,9.1151,117
aaa2f,12409,9.1178,61
37ea46ff,12422,9.1178,61
687f32e0,21655,9.1178,90
5138a066,25455,9.1178,103
43623bc,29946,9.1178,132
610e407b,22172,9.1178,90
70f78688,22845,9.1123,101
64583360,15430,9.1178,73
51c6d794,23397,9.1178,103
4258584f,24340,9.1178,103
ed7554a,30126,9.1151,132
2bb1a4c3,25201,9.1178,103
4c2cbc56,28927,9.1178,117
4c360fbc,24494,9.1151,103
78ff6e75,30049,9.1178,132
5e4e4a15,24396,9.1151,103
77a98386,27260,9.1178,114
b9e2920,30963,9.1151,117
89162e0,28761,9.1178,125
24a38f05,31285,9.1178,117
57961787,21428,9.1151,90
1f2d9da4,21101,9.1178,90
898f5b5,25151,9.1178,103
65007048,22340,9.1178,90
3cb93775,30578,9.1178,134
6685986a,27755,9.1178,117
5ee6e818,27672,9.1123,117
2dd58edd,29687,9.1178,117
4b31391f,29782,9.1178,117
13dbedb,24015,9.1178,103
687230cc,25889,9.1178,103
6950e879,24120,9.1178,103
2b6bdd8d,30384,9.1151,134
474c655d,17158,9.1178,76
3ec1c928,27263,9.1178,114
503cfda9,25162,9.1123,103
254ed596,22373,9.1178,90
10c3aef,30024,9.1178,132
31b43b6f,21527,9.1151,90
6525945,21774,9.1178,90
55e3de7c,31366,9.1123,117
4516b124,31372,9.1151,117
35584d6d,30083,9.1178,132
25a767ea,28483,9.1178,117
31ab9a6a,29073,9.1178,117
7af0b21d,23389,9.1178,103
d34ab0b,23533,9.1123,103
13321570,28802,9.1178,125
7e27a5b6,29952,9.1178,132
1b89035,30023,9.1178,132
4b4ab3f4,28139,9.1178,119
29fc1ffa,30729,9.1178,117
2ae60620,28978,9.1178,126
7d51d1ba,17207,9.1178,76
69af1cdf,31120,9.1178,117
2cd310e7,31287,9.1096,140
35018c78,27783,9.1178,117
12a7865d,21779,9.1178,90
2d2ed31c,29954,9.1178,132
6599d948,28484,9.1178,117
7f5404dd,21080,9.1178,90
6e0ca60c,29538,9.1178,129
35b08f39,21699,9.1178,90
5aecd702,29565,9.1151,129
7114068e,31484,9.1178,117
2eb9969d,22339,9.1178,90
75053908,22142,9.1178,90
258e7980,24915,9.1178,103
1966fef4,28414,9.1151,117
4897ab20,23832,9.1178,103
46d892b8,23534,9.1178,103
2af8c1d1,24281,9.1178,103
7c6cef77,21177,9.1178,90
52d32f50,30428,9.1178,134
1ae9eef8,22154,9.1178,90
7e5e86cb,23569,9.1178,103
5b8648e7,25436,9.1178,103
27684081,21890,9.1151,90
4bf2fbf4,24391,9.1178,103
50feb2aa,25960,9.1178,103
2926fcc5,30041,9.1178,132
1b9cbe4a,30116,9.1205,132
7e9589f0,31203,9.1178,117
2264e08d,31020,9.1205,117
7aa6d89,29873,9.1178,130
79bafdd8,29414,9.1205,117
2b323116,22756,9.1205,88
72653fea,3600,9.1205,29
2e57cc75,21693,9.1205,90
7a453a13,29085,9.1178,117
543f5cbe,25965,9.1205,103
6ebf6dae,25319,9.1205,103
19836348,23833,9.1178,103
7e9b3068,21768,9.1205,90
2d5d080a,30090,9.1205,132
3297bb3,22023,9.1205,90
166ea465,22342,9.1205,90
31d1ceb0,29602,9.1205,129
74099dd8,12417,9.1205,61
3c358409,22130,9.1205,90
5f1b5266,23737,9.1178,103
6080a37b,24554,9.1205,103
585f05ee,28301,9.1205,117
485ac720,25324,9.1178,103
4dd7342f,23749,9.1205,103
28a9cd95,22595,9.1205,100
601b4c4,31145,9.1178,117
31961697,15406,9.1205,73
8f9cd1b,30231,9.1205,134
168468e3,29193,9.1205,117
48d1b73a,31146,9.1205,117
62865050,22752,9.1205,88
425fcf0,16896,9.1205,76
4272787a,21993,9.1205,90
fe30f54,27812,9.1205,117
2f9b46a0,21205,9.1205,90
7784d3a7,31000,9.1178,117
27d019d7,29165,9.1205,117
c39b3a1,24426,9.1205,103
5dd9bbf4,24018,9.1205,103
c115203,25530,9.1205,103
2b28ecf7,22906,9.1205,101
6acdf688,22103,9.1205,90
7adbe63e,20241,9.1205,86
d3a0697,24325,9.1205,103
5d28c9ba,30065,9.1205,132
7cdc222c,22753,9.1151,88
10ff2614,15422,9.1205,73
5ae6c099,23751,9.1205,103
1583fb35,24521,9.1205,103
30cc15ad,30025,9.1205,132
2d1c9cda,22684,9.1205,88
44bad0eb,30929,9.1205,117
4e6ad11a,21931,9.1205,90
1e5bd407,24522,9.1205,103
5768715a,25306,9.1205,103
45c7ced4,21692,9.1205,90
5dbd3577,31378,9.1205,117
1d06292b,23835,9.1205,103
9f06970,27756,9.1178,117
72bab7f4,21596,9.1205,90
151c6a5,22200,9.1178,90
46183259,30549,9.1205,136
6a7b04c0,30993,9.1205,117
604a5b16,23714,9.1205,103
476855fc,30287,9.1178,134
40653db2,21967,9.1205,90
728a6c7a,21235,9.1205,90
4d680863,24995,9.1205,103
1a265a78,30930,9.1205,117
40aa0bd6,25720,9.1178,103
45e8718a,24199,9.1205,103
6ef08ba9,30597,9.1178,134
2c094c28,24129,9.1178,103
d410c6f,23831,9.1233,103
1da542aa,21191,9.1233,90
1b4704b5,30525,9.1205,134
7dc973f9,27655,9.1233,117
78ee2a5b,27711,9.1233,117
4f6987fe,21597,9.1205,90
6ca8400a,23337,9.1178,88
5ac8b0dd,30606,9.1233,134
517569f9,21581,9.1233,90
537de52d,29202,9.1233,117
5028decb,27259,9.1233,114
3c72880f,29931,9.1233,117
3c009f1d,24392,9.1233,103
7e2e7cd4,29746,9.1233,117
61ff6594,25294,9.1151,103
5d97a00b,21968,9.1233,90
4bdfe3f4,28752,9.1233,125
29e5caa6,29151,9.1233,117
c2dce33,29209,9.1233,117
461afe87,29146,9.1233,117
6446b6c9,30702,9.1233,117
2184f387,21636,9.1178,90
5cd3e015,28772,9.1233,125
3c24847c,23568,9.1233,103
850004f,29949,9.1233,132
192f3904,22884,9.1233,101
5a3fa17c,25451,9.1233,103
4220d923,21081,9.1205,90
4a7aeb50,25131,9.1233,103
48274db3,24748,9.1233,103
2afd0c02,22125,9.1233,90
1cc3d74a,23463,9.1233,103
dee6c60,24212,9.1233,103
49c3553f,25024,9.1233,103
54fe173c,3676,9.1233,29
16219cbd,30442,9.1233,134
4f41bfb6,24916,9.1205,103
68527f75,29771,9.1233,117
3b6ba5ed,24989,9.1233,103
1f88024b,26156,9.1205,103
3c0a08d6,29152,9.1233,117
556b173,23896,9.1233,103
7e84cf7b,16802,9.1233,37
1c07cc52,21330,9.1233,90
1826498b,31482,9.1233,117
47e39a9e,28499,9.1233,117
778e7638,29189,9.1233,117
5e9eeda,30426,9.1233,134
5e05a393,23566,9.1205,103
5a3e21dd,21158,9.1233,90
7c2d3b62,27673,9.1233,117
39f13e87,15423,9.1233,73
78bad4c,24130,9.1233,103
73a4985d,29772,9.1233,117
22f88a6e,22649,9.1205,88
1e56edc3,21147,9.1233,90
6a305981,23795,9.1233,103
1dcd7743,24495,9.1233,103
cea481,22761,9.1233,88
2b554d8c,28290,9.1205,117
1be04b67,28928,9.1233,117
4c514e36,12356,9.1233,61
394e0191,25409,9.1205,103
38f60219,24399,9.1233,103
2e05f992,21600,9.1233,90
21d4cd13,16423,9.1233,37
673207e1,28380,9.1205,117
2eb9c01f,27738,9.1233,117
6c3b99fe,22947,9.1233,101
5541a5b8,24665,9.1233,103
26d7f91b,28379,9.1233,117
216c1487,25364,9.1233,103
364f89b1,28799,9.1233,125
2fc9a142,24919,9.1233,103
6e404010,24282,9.1233,103
7c2aabf9,30596,9.1233,134
6776feeb,24228,9.1205,103
8227bae,21776,9.1233,90
42ea791a,24526,9.1233,103
4e38cbbe,25209,9.1233,103
204b13b4,24510,9.1233,103
4c67876d,21860,9.1233,90
57836a44,21083,9.1233,90
3cb359a,24969,9.1233,103
4630fb07,29220,9.1233,117
3e1e96c6,29685,9.1233,117
4eb23287,21017,9.1205,90
604350c5,28315,9.1151,117
77958193,15303,9.1096,73
2afa05f,28295,9.1205,117
ac79b05,24425,9.1233,103
43869bce,27765,9.1233,117
9649dde,21589,9.1233,90
569db07f,24047,9.1233,103
29cf5fab,29953,9.126,132
5ee0e9b7,22157,9.126,90
734705d8,31475,9.126,117
48625d87,28036,9.126,117
1b036127,23981,9.126,103
42f79ea1,30206,9.126,134
9d53ae2,20891,9.1123,90
5301d03a,29697,9.126,117
530b8924,25890,9.126,103
2df71772,29968,9.126,132
d552a04,29410,9.126,117
5088ab94,26120,9.126,103
5fc54a08,24329,9.126,103
4a9c8a05,21695,9.126,90
5bb3569a,23872,9.126,103
6e3d8c58,3664,9.126,29
7bfc4e00,21477,9.126,90
57916c1d,29840,9.1233,117
e1cce7d,29785,9.126,117
207eb119,20219,9.126,86
2223a602,29879,9.1233,130
3bb66008,21014,9.126,90
53b12e25,24121,9.126,103
692ab33,27937,9.126,117
74daca8f,24160,9.126,103
39be1e55,28394,9.126,117
31809f4a,29947,9.1233,132
6b9a5f59,25453,9.126,103
7842ba2a,24751,9.126,103
31475fc1,25083,9.126,103
408fc6c,30393,9.126,134
3d511b23,24155,9.126,103
502f7549,24209,9.126,103
5b1d91da,29129,9.126,117
1835fd49,21972,9.1178,90
2d88756f,27970,9.126,117
626c8aa,29472,9.126,117
31821af5,29362,9.126,117
6ea7639,3596,9.126,29
68a74886,22185,9.1233,90
58f4aea0,24174,9.126,103
798052f9,28014,9.1233,117
7e3f3631,31294,9.1205,117
3c306f8,22590,9.1178,88
782f9be3,21859,9.126,90
266de26b,31113,9.126,117
213a0070,28304,9.1233,117
26b334d8,23858,9.126,103
3ddc0230,26111,9.126,103
392866eb,25143,9.126,103
6de73f82,12416,9.126,61
48e0c83e,31367,9.126,117
774a200e,24938,9.126,103
2ada7155,28297,9.126,117
7ba49a3c,29385,9.126,117
654f9d58,23848,9.1233,103
503f45db,23659,9.126,103
1ed0d6da,25202,9.126,103
383ccf5e,29950,9.126,132
411551d5,25366,9.126,103
6baec5b1,21137,9.126,90
7350a818,22693,9.1233,88
2d48cf13,27763,9.126,117
46b8b896,27801,9.126,117
5b266ebd,27795,9.126,117
30bd4273,24205,9.126,103
2d400da9,25495,9.126,103
1ee7a97b,21093,9.126,90
469b7f45,30692,9.126,117
45e40308,22382,9.126,90
7dee1e6f,24328,9.126,103
2d5fde8f,25743,9.126,103
dfa3c8,30114,9.126,132
1d2395c1,27936,9.126,117
78ba392e,21777,9.126,90
7b29d316,25012,9.126,103
2b422b10,25077,9.126,103
567e1c53,21601,9.1288,90
577206c0,24524,9.1288,103
7e282649,22380,9.1288,90
44888837,16885,9.1288,76
62b29871,25450,9.1288,103
25b1c6e1,22835,9.1288,101
7d03b117,21441,9.1288,90
5940e6fb,22181,9.1288,90
1a14a670,29781,9.1288,117
6b4808a8,21476,9.1233,90
1add5c35,30581,9.1288,134
6cda3e0f,21084,9.126,90
66c30966,28440,9.1288,117
47777bbb,22187,9.126,90
78ef7203,21172,9.126,90
823a5df,25341,9.1288,103
43335ade,24206,9.126,103
35b4c892,21557,9.1288,90
5f0682a8,30756,9.1288,117
4ce53182,22166,9.1205,90
13e14415,21930,9.1288,90
2f989083,24997,9.126,103
4460541a,24322,9.1288,103
66a34857,24019,9.1233,103
21ec1435,27667,9.126,117
38b42df1,28298,9.1288,117
6b882506,27797,9.1288,117
53c3beec,24584,9.1288,103
1545f00a,22169,9.1288,90
54c9032b,29411,9.1288,117
4d8b67e6,24703,9.1288,103
3f18465,27731,9.1288,117
390ee1b1,29489,9.1288,117
33e09af9,29599,9.1288,129
3cbdf24c,25347,9.1288,103
a1688a4,30156,9.1288,134
446bd1d0,23570,9.1288,103
73ebacf6,27766,9.1288,117
20171f55,21583,9.126,90
56e984d3,28330,9.1288,117
4c963a8f,30109,9.126,132
2462e45d,28305,9.1288,117
6234b3f7,21107,9.1233,90
7ac1f553,23744,9.126,103
601439c4,21092,9.126,90
5ac79652,12348,9.1288,61
2f598b34,21861,9.1288,90
4b107610,25614,9.1288,103
6ec24d02,31307,9.1288,117
1ea30f94,24779,9.126,103
2a053eac,25900,9.1288,103
4c9658b8,24523,9.126,103
2f757a35,21021,9.126,90
53a39884,15304,9.1288,73
50d02c02,22386,9.1288,90
2e7ded38,23754,9.1288,103
52b56163,28822,9.1288,125
2add8e10,31425,9.1288,117
65754477,29701,9.126,117
3414c4e7,27732,9.1288,117
7541eb70,22153,9.1288,90
33aa56c6,30201,9.1288,134
7c33ea38,21694,9.1288,90
6e122aa5,28976,9.1288,126
14f2567c,31059,9.1288,117
750f3e42,24589,9.1288,103
168e78f1,25340,9.1288,103
523ca506,25034,9.1233,103
69362f87,25136,9.1288,103
6f71d56b,29790,9.1288,117
63800be9,21720,9.1315,90
62cbe98,22341,9.1315,90
5ebef3cd,21722,9.1315,90
3f85affc,28219,9.1315,117
5c3924a6,27656,9.1315,117
3f0299c7,21146,9.1288,90
168b2571,24107,9.1288,103
4e38213,23741,9.1315,103
6f353ea8,30531,9.1288,134
439f97dc,22383,9.1315,90
11ea8a3d,22199,9.1288,90
3a0de566,29533,9.1315,129
7562effb,22886,9.1315,101
6d89185e,23883,9.1315,103
211a0760,22634,9.1315,88
2877dcb0,25367,9.1315,103
7d043a0d,25710,9.126,103
1ffb0f61,24660,9.1288,103
3a15af28,28808,9.1288,125
5b4ce122,30113,9.1315,132
2c917686,23897,9.1315,103
7099e54b,28141,9.1315,119
23c85848,30995,9.1315,117
1fcbae58,24774,9.1315,103
37de6c3e,22284,9.1315,90
20a5f902,21750,9.1315,90
7a78ed6,12370,9.1315,61
38ab90d4,30318,9.1315,134
7c50b463,24330,9.126,103
73b23f02,25773,9.1315,103
48d8ce9c,30693,9.1233,117
2c91da63,22636,9.1315,88
559b803e,23775,9.1315,103
37b3ffa0,28498,9.1315,117
39916be4,23750,9.1315,103
1b71ec77,31409,9.1315,117
12e21557,23771,9.1315,103
3a84b654,26122,9.1315,103
1cfe6397,15407,9.1315,73
1e3485f2,29583,9.1315,129
19db676,31375,9.1315,117
48891792,21715,9.1315,90
7a03cefc,21271,9.1288,90
278437cf,29153,9.1315,117
1da53dd8,22941,9.1315,101
7167161c,22846,9.1288,101
71d2ba25,21801,9.1315,90
77eec19f,29086,9.1315,117
70716cda,28985,9.1315,117
43917947,21604,9.1315,90
a8f50df,30084,9.1315,132
6e68d039,20242,9.1315,86
6f8b0652,30086,9.1315,132
56f06e32,20946,9.1315,90
271811a5,30205,9.1288,134
57e1a431,22885,9.1288,101
7f205fec,24654,9.126,103
48ae7fcc,27682,9.1315,117
2f5cda45,25100,9.1315,103
75c633b3,21815,9.1315,90
2dba550d,28759,9.1315,125
864ddd8,24704,9.1315,103
330f9307,27650,9.1315,117
7a48e9d1,30433,9.1315,134
54808d90,25403,9.1315,103
3e570680,24776,9.1315,103
10f3868f,23521,9.1315,103
5f2ba83d,21283,9.1288,90
6290d468,23962,9.1288,103
64f5bdbc,23418,9.1315,103
683e8853,30757,9.1315,117
6ad6af29,25723,9.1315,103
e01158f,25011,9.1315,103
47d051ae,25783,9.1315,103
5b302517,23963,9.1315,103
4c066bf,29195,9.1315,117
26ba6c5,29375,9.1315,117
4773da07,25937,9.1315,103
1db15763,25144,9.1288,103
2e12fb2b,24588,9.1315,103
1a432ff4,24991,9.1315,103
4541eff7,25132,9.1315,103
1c3bb6ba,24784,9.1342,103
209f19ca,28445,9.1342,117
b26f011,29130,9.1342,117
899420e,30534,9.1288,134
426d3abd,24921,9.1342,103
322da2c,30514,9.1315,134
3fb81421,24537,9.1342,103
7d73b8ea,23813,9.126,103
56e0cd2b,28393,9.1315,117
179f7e91,29688,9.1342,117
43869e61,22007,9.1342,90
3ce0932c,23188,9.1315,101
3843773b,21851,9.1342,90
5c34c8b2,29210,9.1315,117
c6ddf8a,30412,9.1315,134
6e321ea5,22186,9.1315,90
7b6f2df0,25961,9.1342,103
432eb842,22012,9.1342,90
39a589cd,24020,9.1342,103
12fd3899,22131,9.1342,90
5bd690fc,23464,9.1315,103
595426db,21674,9.1342,90
6f0e691b,25052,9.1315,103
7af07ed6,26123,9.1315,103
15ce4004,29037,9.1342,127
6d54ce98,28768,9.1342,125
718e3498,30388,9.1315,134
8f1e2b1,12069,9.1342,60
6fd85dcb,23812,9.1342,103
24337ea6,29185,9.1342,117
2499b44c,26115,9.1342,103
237a3e04,21721,9.1315,90
ee109a5,22374,9.1315,90
31189091,24545,9.1315,103
58ca692a,29559,9.1315,129
2ab2f629,21429,9.1288,90
5971efe1,29040,9.1342,127
245708d8,28773,9.1342,125
52f95edc,31060,9.1342,117
6fc7e914,22687,9.1315,88
c7bda1,29539,9.1342,129
561f44bf,25496,9.1342,103
4e88ff1e,27787,9.1342,117
1e572092,29699,9.1342,117
23c0ac4c,28809,9.1342,125
f562e37,30582,9.1342,134
6af40cc,24333,9.1342,103
25136007,21791,9.1342,90
21dba33b,23540,9.1342,103
394678ca,29787,9.1315,117
4593f60e,27976,9.1288,117
39ad47fc,29203,9.1342,117
40478a80,23794,9.1342,103
4acd2a6a,22637,9.1342,88
103486bb,24201,9.1342,103
4375a1e6,29024,9.1342,127
3f1a3082,20947,9.1342,90
1ca7d371,23462,9.1315,103
28928f00,24219,9.1315,103
46066165,29138,9.1342,117
2876c707,21376,9.1315,90
a68a523,21452,9.1315,90
363ec1e1,25825,9.1342,103
43c6930a,30087,9.1342,132
5d162a8a,24920,9.1342,103
1218cdb6,25721,9.1342,103
526927dd,24950,9.1342,103
2540a059,21018,9.1315,90
496e8c01,27962,9.1342,117
3a6bb7ee,30992,9.1342,117
1d4f9de7,22024,9.1342,90
683165c,29540,9.1342,129
26613cbd,23732,9.1342,103
1bd2a2f4,31410,9.1342,117
7e88f617,23655,9.137,103
7a93a4cc,27816,9.137,117
64bc7c34,22691,9.1342,88
4b9730ca,27741,9.137,117
45dcfe4e,29393,9.137,117
5da69b70,30849,9.137,117
220e97fd,28110,9.137,117
25540254,29574,9.137,129
57b76754,24030,9.1315,103
3038ecb2,22757,9.137,88
75bbcd62,21530,9.137,90
23dc0d57,29041,9.137,127
269ffdda,29510,9.137,117
4afea39a,23773,9.137,103
6185a77a,27796,9.137,117
7334918e,24590,9.137,103
2270b8a8,30155,9.137,134
7b58f011,24777,9.137,103
44057e93,23551,9.1342,103
877bf1e,12362,9.1315,61
56d7b73,21444,9.137,90
2fe5e340,22174,9.1342,90
130156d5,30182,9.1315,134
39a6cfa5,21232,9.137,90
7c9f53c0,27798,9.137,117
49258c02,28989,9.137,117
2684227a,25210,9.1342,103
5d9c7048,21634,9.137,90
495a8985,30323,9.137,134
33a5da54,29307,9.137,117
5074c985,29136,9.1342,117
56738118,31428,9.1342,117
33d34248,27733,9.137,117
2e58f316,21377,9.137,90
58163fb9,31270,9.137,117
12271ee2,23742,9.137,103
3b4fcfec,24313,9.137,103
52e64bd0,29190,9.137,117
3b645dc2,20247,9.137,86
4a60e2a5,21932,9.137,90
77955666,29361,9.137,117
111e8442,25320,9.137,103
6e451bf6,29194,9.137,117
546b0922,21816,9.137,90
34b360b4,30704,9.1315,117
2d20b1ad,29698,9.137,117
48790cdf,29841,9.1342,117
44d72eeb,25313,9.137,103
6b4e5005,24323,9.137,103
434b2918,21432,9.1342,90
3b9143f0,26105,9.137,103
4354da5a,21796,9.137,90
3e0914ad,28503,9.137,117
27dea511,23209,9.137,101
3d474b1b,29139,9.137,117
3a15f082,31216,9.137,117
44fd7257,23571,9.1315,103
71c13bd,30583,9.137,134
58a4d0e3,30628,9.137,134
2e7e1b26,29951,9.1342,132
7c5ad5d5,29867,9.1342,130
7d392fc6,22639,9.137,88
51fa285,21852,9.137,90
5fa1d419,21559,9.137,90
5be62e2b,23806,9.1342,103
71b8acff,21085,9.137,90
182520f8,30429,9.137,134
60d6a2f3,23187,9.137,101
a2b5fb4,24599,9.137,103
3ec0c55a,20993,9.137,90
fd3109a,30196,9.137,134
5a47faa9,22908,9.137,101
a41c8aa,29017,9.137,127
321336ad,29212,9.1397,117
2553b7b5,21999,9.1397,90
5aca8f05,29016,9.137,127
40248304,20978,9.1397,90
482ecdc8,31268,9.1397,117
43165ced,24309,9.1397,103
44241732,23966,9.1397,103
6fa9e745,23965,9.137,103
577f1b1a,23820,9.1397,103
6a745315,25452,9.1397,103
6532038a,25101,9.1397,103
33278e52,22276,9.137,90
776dc4f2,28433,9.1397,117
5865a6ce,24301,9.1397,103
58ab5489,24397,9.137,103
573ff68e,31382,9.1397,117
74d62c60,27938,9.1397,117
6b07b57f,22377,9.137,90
2acfe013,25375,9.1397,103
6d853c5c,21751,9.1397,90
5b2f0b30,24403,9.1397,103
1823b4f4,21825,9.1397,90
3080aaf8,30317,9.137,134
75f025a4,27977,9.1397,117
51d2c055,25312,9.1397,103
34d20640,25712,9.1233,103
4978b4d6,31297,9.1397,117
1b0ad48,21207,9.1397,90
759975df,21375,9.1397,90
58637cb6,25679,9.1397,103
2c9bd843,22129,9.137,90
7ca791fc,22600,9.137,88
78f9a9cd,25106,9.1397,103
46f00c80,21174,9.1397,90
5355e24,21975,9.1397,90
455d170f,22642,9.1397,88
70df79a8,21571,9.1397,90
360dff3f,29014,9.1342,127
19e653a4,22381,9.1397,90
342ecaf8,25744,9.1397,103
3f37f7ec,21964,9.137,90
661a1332,27788,9.1397,117
f717d6d,21187,9.1397,90
ff963f8,31147,9.1397,117
39cc62b6,12363,9.1397,61
2422218e,22375,9.1342,90
54564f95,30027,9.1397,132
203caa72,22596,9.1397,100
641efb2e,30749,9.1397,117
3e1dfcc9,22762,9.1397,88
b0694d5,29535,9.1397,129
4e2cd0fd,21998,9.1397,90
5d78859d,25784,9.1397,103
cd2c14f,30386,9.137,134
33cd5c3c,29702,9.1397,117
1bced980,28979,9.1397,126
203e309,22378,9.1397,90
184192bf,20952,9.137,90
41b40137,26106,9.1397,103
2cdbc258,29412,9.1397,117
520bd3b6,24585,9.1397,103
315d6761,23980,9.1397,103
259ddf9f,26117,9.137,103
4441dfa2,31415,9.1397,117
36fa1c70,28988,9.1315,117
6c4613a1,24398,9.137,103
523f828c,24952,9.1397,103
27ec4891,23738,9.1397,103
be5b74e,28983,9.1397,117
57e26688,24914,9.137,103
120f0425,24527,9.1397,103
2e51d352,28800,9.1397,125
8a85e11,16425,9.1397,37
4c3aafaa,20992,9.1397,90
267ea424,25060,9.137,103
2bf1291,25774,9.1397,103
69528fa,25253,9.1397,103
4c87a6ef,24778,9.1397,103
32699299,25724,9.1397,103
5559172a,28810,9.1397,125
6d5d621,28442,9.1397,122
29a8fcf9,24946,9.137,103
586987fd,29400,9.1397,117
45943b9d,20994,9.1425,90
6d5899d0,16898,9.1425,76
3f9efb6,25680,9.1425,103
173bc65b,21560,9.1425,90
73175ff2,25656,9.1425,103
5a28de59,25203,9.1397,103
16e01ef5,30067,9.1425,132
5f201b6c,23765,9.1397,103
160137b5,21108,9.1397,90
a47e93a,25468,9.1425,103
1cc64931,29922,9.1425,117
4362dabe,25321,9.1425,103
5c41e1f8,21754,9.1425,90
697add73,22899,9.1425,101
7188618f,25013,9.137,103
475b9eac,25146,9.1425,103
12391bd3,21206,9.1397,90
54f9bc0b,22718,9.1425,88
4124764d,24126,9.1397,103
6dd7db75,21004,9.1397,90
7e0aaa5f,21696,9.1425,90
65bfe5cc,24922,9.1425,103
3f829d2b,24404,9.1425,103
5d761288,23866,9.1425,103
264c023,25109,9.1425,103
3e95e4af,22008,9.1425,90
7685132b,25828,9.1425,103
6c0e19b2,22182,9.1425,90
474eaadd,25114,9.1425,103
2a4102ee,21675,9.1425,90
748350c6,27817,9.1425,117
78026c3b,22858,9.1425,101
16e9169d,21282,9.1397,90
1e9e8741,29689,9.1425,117
27d6f771,21161,9.1425,90
52330b1,30290,9.1397,134
761f6660,31483,9.1425,117
1d97af2c,24593,9.1425,103
43940ffd,31460,9.1425,117
295a2c41,21268,9.137,90
34a6331,25404,9.1397,103
247b636c,22104,9.1425,90
4354600,25395,9.1397,103
673d5a9c,22026,9.1425,90
1ffd4a1e,24213,9.1397,103
60623a8e,24973,9.1425,103
4e4975c4,24218,9.1425,103
432d2f2b,30703,9.1425,117
36f520ea,29859,9.1425,130
6c1aec7c,25129,9.1425,103
4732caf0,21558,9.1425,90
1da56cbe,29038,9.1397,127
42d06087,24162,9.1425,103
2dc1e10c,27753,9.1425,117
682e5b81,30028,9.1425,132
77c3d41e,30491,9.1425,134
26f7f55c,21350,9.1425,90
87436d2,30533,9.1425,134
67627d5d,30414,9.1397,134
4a80aecb,21159,9.1397,90
6ce14034,23979,9.1425,103
7d8ad063,21005,9.1425,90
148098e8,30069,9.1452,132
1752cf01,12358,9.1452,61
7855247d,26080,9.1452,103
d44d231,25349,9.1452,103
79b8de51,22894,9.1452,101
6cd2c658,29402,9.1452,117
529a00cd,24546,9.1397,103
42cd85ae,21953,9.1397,90
69b3129c,30184,9.1425,134
56c603ad,23839,9.1452,103
5458fdd0,30584,9.1452,134
7a16e200,27831,9.1452,117
7d020d2,23728,9.1425,103
bc0282c,12349,9.1452,61
6d7d9992,29170,9.1452,117
7e585f90,29976,9.1452,132
3313a4b9,30125,9.1452,132
38a8d417,12418,9.1452,61
430a84d,21442,9.1452,90
2a28f21e,29883,9.1452,130
50173167,21569,9.1452,90
5e878f72,17100,9.1425,76
424747b1,30387,9.1452,134
2b32ca97,24968,9.1425,103
f8ff940,29650,9.1452,117
376738fe,24714,9.1452,103
e31875f,29534,9.1452,129
4fe58b6c,22655,9.1452,88
723e8675,30241,9.1452,134
20b348b,23660,9.1452,103
673ac721,28381,9.1452,117
ca55cfc,25348,9.1425,103
6ff808ef,21570,9.1452,90
6973364b,31053,9.1452,117
3287f882,24951,9.1452,103
14e30092,21157,9.1425,90
4b4265da,22745,9.1452,88
460cd7d8,21951,9.1452,90
4ae7b81b,25145,9.1452,103
6f5dfb93,21826,9.1452,90
37e92f17,22015,9.1452,90
17fb9c25,21567,9.1452,90
602bd9a1,23884,9.1452,103
602a2754,24962,9.1452,103
1e452dd1,24172,9.1452,103
55949088,25370,9.1452,103
6bccad4a,29363,9.1425,117
3366a7ac,30202,9.1425,134
5aed27e0,30427,9.1425,134
6d71b2c9,30234,9.1452,134
5ec8f68e,30609,9.1452,134
14390b9,24420,9.1452,103
1c907f3f,31416,9.1452,117
6bcf0be3,27745,9.1452,117
12b8371a,23419,9.1452,103
21d9c08a,31385,9.1425,117
41dec982,25713,9.1452,103
5ea82f01,29398,9.1452,117
d7bc329,28675,9.1425,117
1703fb7d,24547,9.1425,103
62c99f9c,30068,9.1452,132
55ecc89e,31524,9.1452,141
4a233505,21789,9.1425,90
1912d5e3,31052,9.1452,117
37899c22,21173,9.1452,90
4f702a02,24166,9.1479,103
57ca9cef,29167,9.1397,117
58f8f638,31217,9.1452,117
236b1989,25112,9.1479,103
37be7e23,25790,9.1479,103
3410a1df,31054,9.1479,117
2bc6d853,21954,9.1479,90
509a3bf3,23990,9.1479,103
7cd849a4,21006,9.1479,90
149118a5,24698,9.1479,103
253e5db1,21120,9.1452,90
38a70d05,22274,9.1479,90
3963ec41,24163,9.1425,103
25ab9ff8,21188,9.1479,90
722f9d29,29786,9.1479,117
1f591ff,21997,9.1479,90
72e0794c,28485,9.1452,117
544792b5,22739,9.1479,88
2d6a839a,23977,9.1479,103
7317279f,23838,9.1479,103
23a285cb,26124,9.1452,103
52f9a2ea,29511,9.1479,117
240e38b3,25133,9.1452,103
3ac3503a,17101,9.1452,76
434c72ab,24785,9.1452,103
74773bd4,22006,9.1452,90
36988d5f,21109,9.1479,90
6b862942,24538,9.1479,103
4be4e688,23541,9.1479,103
6b9d1c75,21562,9.1479,90
26f93349,24659,9.1452,103
7c6fc2ed,24961,9.1452,103
10d3bb4e,23978,9.1479,103
13ae7395,24948,9.1479,103
7c2269d2,28803,9.1479,125
7e58a411,21885,9.1479,90
4ce05075,24996,9.1479,103
73dc795f,22013,9.1452,90
138e9e6a,25470,9.1479,103
7c0d0930,21955,9.1479,90
474e428c,22847,9.1425,101
7bef1e38,22179,9.1479,90
57c8cdbb,21927,9.1479,90
30d274e6,22738,9.1452,88
2402bf45,23817,9.1479,103
11edd36b,28287,9.1479,117
5961f8,22920,9.1452,101
238f5051,25940,9.1479,103
12c62bf2,21162,9.1452,90
6dcfd44a,16897,9.1452,76
26522eaa,21580,9.1452,90
7f86efe9,24110,9.1479,103
5c3cc250,30157,9.1479,134
5f5ac3c9,21827,9.1452,90
4f422019,25837,9.1479,103
78527025,22132,9.1479,90
30e32161,15305,9.1452,73
a774b6f,27261,9.1479,114
546bf0d0,21352,9.1452,90
3f536120,30197,9.1479,134
1692a782,30430,9.1479,134
268eba0c,25130,9.1479,103
2de8237d,25061,9.1479,103
9160d81,23849,9.1479,103
a3b1596,22158,9.1452,90
3529a397,21118,9.1479,90
ceadab6,31051,9.1452,117
5e2ff918,24016,9.1479,103
33746c62,29415,9.1479,117
4b395480,25376,9.1452,103
11dc183b,30185,9.1452,134
45276029,30996,9.1479,117
309ac421,27983,9.1479,117
504c07a4,21919,9.1507,90
209db92c,31204,9.1479,117
2a5d3591,25962,9.1507,103
5ca29efb,27678,9.1507,117
210164eb,29575,9.1507,129
29434a29,23766,9.1507,103
50edad30,21823,9.1452,90
4d1681f5,30453,9.1507,134
3630d0c0,24749,9.1507,103
7b295bf3,30887,9.1507,117
51a54e41,21015,9.1479,90
6c1cfd68,31171,9.1479,117
5c1a86fb,30730,9.1507,117
16f124f4,17102,9.1507,76
1d0d7cff,21525,9.1507,90
15a81cfb,29394,9.1507,117
1537f9fe,31061,9.1507,117
7ce2c60c,29221,9.1507,117
29f842af,29492,9.1507,117
32ab667,22717,9.1479,88
7c6278d3,22192,9.1507,90
6c752526,25775,9.1507,103
16da03f5,21272,9.1507,90
7ddcd6bb,21635,9.1452,90
2b13dee9,23609,9.1479,103
44d88fb8,29166,9.1479,117
41cb8ee5,21790,9.1507,90
2dbf97d,22188,9.1479,90
19a99e93,26116,9.1479,103
2c78efd9,30291,9.1452,134
2cdd00a1,31457,9.1479,117
71100456,31379,9.1507,117
241841e1,25116,9.1507,103
635ac0b1,23657,9.1507,103
4ff5749c,24457,9.1452,103
be9adcb,27640,9.1452,117
7aaa3a54,24173,9.1452,103
1cdb7ba9,3673,9.1507,29
786ead3a,12426,9.1452,61
79b08f67,23850,9.1507,103
3e2fd009,21755,9.1507,90
15fc2502,27757,9.1479,117
52bd1227,30563,9.1507,136
5fb76237,31193,9.1507,117
1fd85e50,25946,9.1507,103
6bf8ac9c,29269,9.1479,117
516ea7ee,29171,9.1507,117
352cc12e,17113,9.1507,76
685b3305,29087,9.1507,117
4669eede,24971,9.1507,103
629c702a,29396,9.1479,117
31eae8e6,30964,9.1507,117
90e2716,24310,9.1507,103
8921b3d,27838,9.1479,117
6e597f11,26157,9.1507,103
2f365201,23398,9.1479,103
5778e666,25377,9.1479,103
4f2b4447,30622,9.1479,134
6aaf0b44,23186,9.1507,101
7714ea4a,30415,9.1507,134
674f6918,24467,9.1507,103
5f1485f0,24040,9.1507,103
661eef75,31150,9.1507,117
72d300ca,24600,9.1479,103
60b4d0ff,24468,9.1507,103
30a23019,21121,9.1507,90
2c3988bc,16887,9.1507,76
64c412b7,24700,9.1534,103
460608a1,27685,9.1534,117
730bb6,29777,9.1479,117
21f0c159,23624,9.1534,103
416cd1b3,22849,9.1534,101
37d98a3f,31269,9.1534,117
2fef19c9,25410,9.1534,103
8b2ef64,30319,9.1534,134
12f7873a,23210,9.1534,101
2ff45688,29490,9.1507,117
30bcf6ce,24539,9.1534,103
3f1c333,24787,9.1534,103
1c27d5e6,25786,9.1534,103
11ea90fc,21561,9.1534,90
4698ccad,24306,9.1534,103
78cd2d8b,23552,9.1534,103
752881fa,24050,9.1507,103
5702f25c,28944,9.1534,117
571e9042,27978,9.1534,117
122ae530,30458,9.1534,134
31a338b,25351,9.1534,103
328c5543,21122,9.1534,90
725cd15c,21568,9.1534,90
371ab942,22034,9.1534,90
65ce5241,12430,9.1534,61
35b835f6,24603,9.1534,103
39f163e5,16909,9.1534,76
21fad42c,17116,9.1534,76
78dcef7c,29788,9.1534,117
5d84ee44,24509,9.1534,103
4ac189b2,25350,9.1534,103
43c8b9f8,17105,9.1534,76
67614dd3,27767,9.1479,117
5483b79a,28982,9.1479,117
20602f79,21208,9.1507,90
574cd4ed,30694,9.1534,117
514db085,22430,9.1507,90
183bf251,28986,9.1425,117
1ca3b804,22387,9.1534,90
72aca790,28446,9.1534,117
39811dc8,24314,9.1534,103
8db4da9,26146,9.1534,103
34ae0daf,22921,9.1534,101
57d86058,31267,9.1534,117
7340d811,22852,9.1534,101
421ee4ec,31289,9.1534,117
10fa5f03,22144,9.1425,90
547debc6,24947,9.1534,103
21883108,25888,9.1534,103
53af2569,21572,9.1534,90
14048851,30457,9.1507,134
4d2f2091,30459,9.1507,134
56c4df95,21948,9.1507,90
6d5c2d50,28832,9.1534,125
d3c4182,20942,9.1534,90
2159ac6d,21752,9.1534,90
3dca1674,24039,9.1479,103
4d825e2f,21832,9.1534,90
56d9f59e,21918,9.1507,90
41b8cc62,27257,9.1534,114
2ee7a586,30044,9.1534,132
43f36f98,23989,9.1507,103
1cdf32ef,24021,9.1479,103
1b8336ca,23898,9.1534,103
85b7ba9,16899,9.1534,76
500c4a95,27264,9.1534,114
35a14231,24375,9.1534,103
37160729,28142,9.1534,119
64c3b451,23755,9.1534,103
56a902be,28015,9.1534,117
69a67290,27818,9.1562,117
e5ff6e7,21528,9.1562,90
6e0e0fc2,23921,9.1534,103
17165f6e,29957,9.1562,132
9b413c0,28486,9.1562,117
535cd294,30588,9.1534,134
3f97a915,31192,9.1534,117
67ba0133,27789,9.1534,117
4d32a722,28929,9.1534,117
687a7cc5,30111,9.1562,132
41f94819,23807,9.1534,103
2c5748d5,28833,9.1562,125
177095ce,24429,9.1562,103
1cc2aeb9,21994,9.1562,90
1eef2d8,28774,9.1562,125
78e0cc9,24775,9.1562,103
16420894,26207,9.1562,110
4f43150b,21656,9.1562,90
4a09ddd5,23895,9.1507,103
3bfad47e,24517,9.1562,103
43b7054b,29353,9.1479,117
3e2acefe,29025,9.1507,127
6adf5e71,30711,9.1562,117
6e3cc18a,31383,9.1534,117
155a0c5b,24945,9.1534,103
5c43bdf8,25513,9.1562,103
4cff4cd7,21269,9.1562,90
4447f453,30117,9.1562,132
13a1054,23542,9.1562,103
40d7c1f6,31380,9.1562,117
7678a4cf,29778,9.1562,117
de6233f,25400,9.1562,103
3a206238,22689,9.1562,88
5c8f2a67,30532,9.1562,134
22a99871,29413,9.1562,117
11441e37,24515,9.1562,103
2d8728fb,21602,9.1562,90
61253fe1,25260,9.1562,103
394e0e47,22643,9.1562,88
8fef33e,21949,9.1562,90
55f7b16b,22900,9.1562,101
66fa8840,29542,9.1534,129
57fe970e,29842,9.1562,117
43aabdfa,12410,9.1562,61
517b12db,24666,9.1534,103
7dd42f0b,24343,9.1562,103
3c32d1b2,29018,9.1562,127
e38f6fc,25254,9.1534,103
2d5d56d2,29168,9.1562,117
3b0e7bee,24953,9.1562,103
119b827c,24705,9.1534,103
3e3bb450,22652,9.1562,88
58dd19a5,30587,9.1562,134
372b3d23,28226,9.1562,117
989de2d,29019,9.1562,127
1ff12faa,29227,9.1534,117
5768f6b1,25035,9.1562,103
1a2d1642,29172,9.1562,117
2a0d2493,27975,9.1562,117
3c17c207,22963,9.1562,101
2cda664a,25532,9.1534,103
5eb7fa95,25307,9.1562,103
1d5d746c,31394,9.1534,117
1fd88a3a,21445,9.1562,90
60cf47bd,24469,9.1562,103
4be784d8,3663,9.1534,29
1cd7a63,21531,9.1589,90
77c59022,28415,9.1562,117
5b795591,24712,9.1589,103
2c175dba,21299,9.1562,90
36ff152a,21969,9.1589,90
68cf5171,25078,9.1589,103
522e4570,24458,9.1589,103
5c8b7ff4,27657,9.1562,117
714a0c7,30110,9.1562,132
11f8d712,30194,9.1589,134
3ac1c3cf,20953,9.1589,90
5fe0c642,25420,9.1589,103
68192fda,25327,9.1589,103
58136695,31151,9.1562,117
7aa3f7c8,26125,9.1589,103
2d34ffc9,21590,9.1589,90
74bfeefb,31271,9.1479,117
37db1937,24500,9.1589,103
71c8d0a,24592,9.1562,103
52a3a5b3,25785,9.1589,103
5863c299,25829,9.1589,103
53a02758,21233,9.1589,90
3cdd8eba,25711,9.1589,103
739c2aaf,21455,9.1562,90
352d594f,21605,9.1589,90
67653255,23524,9.1562,103
379dc85d,21481,9.1589,90
25c65553,30183,9.1589,134
3447e515,31062,9.1589,117
6d411ce0,22180,9.1534,90
7abaa0d6,28516,9.1589,117
74f6c2ab,23543,9.1562,103
bde2ec5,21438,9.1589,90
1a31266d,23647,9.1589,103
7f92fe6d,24753,9.1562,103
25bc4c2b,23767,9.1589,103
6b99ed3f,25968,9.1562,103
20f89c63,25263,9.1589,103
35c2f4ff,25969,9.1562,103
77639b76,30709,9.1589,117
1f6a7261,23646,9.1562,103
ff028ac,22907,9.1589,101
2d3740a1,21170,9.1534,90
a514d8d,3597,9.1562,29
46aa123,26150,9.1589,103
1159c311,17103,9.1562,76
134fdb47,22145,9.1589,90
2d91c494,23991,9.1589,103
73799962,21781,9.1562,90
73448fa5,25471,9.1589,103
22765b57,29773,9.1589,117
4f8e29bd,23211,9.1589,101
70831ba7,23816,9.1589,103
92cc47a,22644,9.1562,88
619ab8db,28804,9.1589,125
2a61a76e,28672,9.1589,117
408d28fb,31377,9.1589,117
1076b800,29015,9.1534,127
73e42ceb,31398,9.1616,117
7c6e5df1,23967,9.1616,103
48067ec7,25163,9.1589,103
6f7bea7e,30731,9.1616,117
e33facb,26073,9.1616,103
3caf29,22601,9.1616,88
7b3709af,28987,9.1562,117
4b2f34ad,21094,9.1589,90
5a5b7aa1,22146,9.1616,90
3f7bc324,31181,9.1616,117
7cc2df15,23819,9.1616,103
4e7a067c,21297,9.1616,90
4ff5f360,21700,9.1616,90
2ef67b59,29891,9.1616,130
44a633e5,25378,9.1616,103
5a7194eb,25154,9.1616,103
3aff1236,31399,9.1616,117
274e8a83,22429,9.1616,90
5202bc94,25153,9.1616,103
482bcf3,31222,9.1616,117
462e60f7,25115,9.1616,103
15e7e023,21956,9.1616,90
52c60817,31068,9.1589,117
43324398,28435,9.1616,117
762eaad1,25465,9.1616,103
5c62aacf,22193,9.1589,90
3e8697e4,31067,9.1616,117
6ff93d2f,31063,9.1616,117
6c026a23,25438,9.1616,103
6dc5a875,21952,9.1616,90
257f91be,24161,9.1616,103
1997d57a,22404,9.1616,90
2f4c0b42,21778,9.1616,90
9fa4bc1,22291,9.1616,90
76566baf,28302,9.1616,117
2ffde6ba,24655,9.1534,103
6024fe1c,17114,9.1562,76
6059d7fa,24111,9.1616,103
1971757,22850,9.1616,101
7f925d03,3677,9.1562,29
428ad7eb,21759,9.1616,90
36f77559,22016,9.1616,90
3b5b159a,29958,9.1562,132
7e151a4d,21532,9.1616,90
3e9dfb03,24713,9.1616,103
790e26d2,12364,9.1589,61
1a9a0bac,31001,9.1616,117
3721ab59,28836,9.1616,125
4c0badc0,29791,9.1589,117
1fd0d6ae,21788,9.1589,90
1d1f12a1,29969,9.1616,132
72a14209,26103,9.1616,103
15af8f66,25088,9.1616,103
c786739,31456,9.1589,117
3c59f86c,25070,9.1616,103
5f222114,24760,9.1589,103
4ed6e29d,29228,9.1616,117
2b396bfc,21850,9.1616,90
42841542,29027,9.1589,127
ce0a687,24427,9.1562,103
755b7f8c,31066,9.1616,117
155d8c50,31386,9.1616,117
7791b5bc,30128,9.1616,132
7eccf157,16908,9.1616,76
5045561d,29543,9.1616,129
29037f49,30324,9.1589,134
53c50380,28143,9.1616,119
58d3214a,21454,9.1616,90
4a1a06e6,28980,9.1616,126
30155406,29379,9.1589,117
79fc56b2,22203,9.1589,90
63cb525d,25117,9.1616,103
79e49f46,16886,9.1616,76
11bbf7f2,23545,9.1589,103
42b093e0,30207,9.1616,134
2f951d5c,21437,9.1589,90
f2f614c,25832,9.1616,103
147defdd,29104,9.1616,117
36509e0e,23125,9.1589,101
2d9d0eb5,29395,9.1644,117
70deaaef,21724,9.1644,90
48f90b9,23525,9.1644,103
7f7784f2,30123,9.1644,132
3adac50f,27680,9.1644,117
47a4cc62,28984,9.1644,117
4379070,23862,9.1644,103
6829df44,24127,9.1644,103
633f8ef9,26159,9.1644,103
2199920,29222,9.1644,117
3a152d03,23818,9.1644,103
1c6006fa,28276,9.1644,117
6107b7d1,29404,9.1644,117
3b71bc9,30092,9.1644,132
4d295206,25355,9.1644,103
5ec71395,30208,9.1616,134
420c8961,25063,9.1644,103
61e43957,26076,9.1644,103
7e607fe5,17115,9.1616,76
18dd8007,24754,9.1589,103
3ebc45fc,25512,9.1644,103
32b32afa,23926,9.1616,103
4fd1e41e,25511,9.1644,103
3bf8985b,21192,9.1616,90
67b7a97d,27979,9.1644,117
4cf8ab8b,29876,9.1644,130
c49471e,29386,9.1616,117
738c3c8c,23522,9.1616,103
292a9fc1,25835,9.1644,103
2007dd9c,22975,9.1644,101
66301f35,27792,9.1644,117
74ca2723,23544,9.1644,103
9e37aec,21298,9.1644,90
1716ad71,22292,9.1644,90
7139d111,23774,9.1644,103
546f032a,21029,9.1589,90
6d835e37,21637,9.1616,90
46492751,21446,9.1616,90
649677cc,29956,9.1644,132
5b188316,23549,9.1616,103
7742bd0c,30071,9.1644,132
783e7f1a,30554,9.1644,136
7c5653d8,27270,9.1616,114
2f415fc6,12352,9.1644,61
305e790b,21353,9.1644,90
521618d1,25155,9.1644,103
59db7b26,29544,9.1644,129
7cc1a0b4,30389,9.1644,134
3f140806,29885,9.1644,130
19f13eaf,30158,9.1644,134
5d265fa5,23781,9.1644,103
5fa61d6c,24402,9.1644,103
2e93c22c,30851,9.1644,117
31d8abc0,21163,9.1644,90
5e6c0129,22977,9.1644,101
31ce3af5,28517,9.1616,117
1fc0c42,21478,9.1644,90
758e2116,21019,9.1644,90
4bd513c7,30413,9.1644,134
b0c81da,31419,9.1616,117
6a7302e5,28775,9.1644,125
6e71082c,30070,9.1644,132
d59650e,24949,9.1644,103
6234372e,31073,9.1644,117
102275a7,17208,9.1671,76
780e1857,25372,9.1671,103
76f42fe7,31296,9.1671,117
30435522,28342,9.1671,117
730d9943,25165,9.1671,103
708145c8,25478,9.1671,103
275dc728,21461,9.1671,90
12c52bd5,25980,9.1671,103
4c665a4f,29887,9.1644,130
68908340,25739,9.1671,103
21bd7dfd,21929,9.1644,90
47a34d32,24755,9.1644,103
7c034d90,22223,9.1671,90
10e55bd3,22218,9.1644,90
5afd8ea7,29779,9.1644,117
7ea8217,23726,9.1671,103
616320b7,25442,9.1671,103
5be2c48b,31411,9.1671,117
6d5cf1e6,12427,9.1671,61
3ef53c60,21787,9.1671,90
466bc591,23971,9.1671,103
be0874b,23127,9.1644,101
1b98410,31148,9.1671,117
1638ae7b,29225,9.1671,117
ee7b660,29955,9.1616,132
1b2b228,27980,9.1671,117
1f2e476,24939,9.1671,103
4ce63f0a,22220,9.1671,90
1ffe0b9b,24750,9.1671,103
2c99eab2,26112,9.1671,103
38ae3efb,24341,9.1671,103
45cd488b,29231,9.1671,117
49af92e2,29545,9.1671,129
bf24ca,22356,9.1671,90
32b6ae59,24781,9.1644,103
4b9523e,25325,9.1644,103
31b4f8c9,21995,9.1644,90
48d40341,22719,9.1671,88
2ac57490,30093,9.1671,132
64a3eb54,21780,9.1671,90
120bdf98,24540,9.1616,103
72c735b9,27971,9.1671,117
1ae1eeab,25331,9.1671,103
1b017893,25660,9.1671,103
6003d9ec,28805,9.1644,125
733f36fa,24516,9.1644,103
2ba242a8,25791,9.1671,103
3e2375c1,30124,9.1644,132
2e764776,23821,9.1671,103
69ca885f,25017,9.1671,103
4ce265da,26147,9.1671,103
5033d6c7,22219,9.1671,90
2139e873,21453,9.1671,90
1c0c047b,24715,9.1671,103
439f7e95,29044,9.1671,127
d541dcf,25827,9.1671,103
63401666,17277,9.1671,78
144c100e,22870,9.1644,101
1f13e9a9,22638,9.1671,88
27c05708,27674,9.1671,117
ad79c5a,22388,9.1671,90
3ca4f47c,30203,9.1671,134
69474840,30091,9.1671,132
6999ba60,25951,9.1671,103
78d639f5,24548,9.1671,103
4c44c84c,25945,9.1644,103
7ac7b8d2,23840,9.1699,103
2991ea82,12428,9.1699,61
7396e147,22656,9.1699,88
70220732,26158,9.1671,103
dff0f6a,25949,9.1699,103
65615370,26149,9.1699,103
6793b031,25156,9.1699,103
b90e414,27752,9.1699,117
20558539,28827,9.1699,125
6b6be4b,31384,9.1699,117
734765a8,31413,9.1699,117
281bbc4,16888,9.1699,76
92f41c9,25342,9.1699,103
5df7198,30710,9.1699,117
62b7d6ae,25681,9.1699,103
30752a7b,29971,9.1699,132
3628c38e,26114,9.1699,103
7e0a8ac6,29900,9.1671,130
d58adc7,25422,9.1699,103
73754e45,27742,9.1671,117
331c716,25535,9.1671,103
2947210c,25533,9.1699,103
61b98776,31022,9.1644,117
3867fa62,30623,9.1699,134
35e3830f,21638,9.1616,90
8133a08,23200,9.1699,101
fa07582,26074,9.1699,103
26f26482,25437,9.1616,103
3b2bc04c,24833,9.1699,103
67d068c9,21209,9.1699,90
7602dd41,25062,9.1699,103
7a82ba66,23739,9.1699,103
4fe107c0,22235,9.1699,90
2b93b8d5,21210,9.1699,90
4b1b9033,23201,9.1699,101
24a552bc,30455,9.1699,134
633d8eef,30698,9.1699,117
7cdb2e6a,22014,9.1644,90
555ec74d,23715,9.1699,103
42d35fdd,30233,9.1699,134
4cedd589,21338,9.1699,90
4328600d,30033,9.1699,132
60efb38a,28830,9.1699,125
381a25fd,12342,9.1699,61
622b871,22747,9.1699,88
31a62672,24308,9.1699,103
4e1fd999,12353,9.1699,61
5dcd9de3,30008,9.1699,132
1a79eeea,24511,9.1699,103
3adcb1e6,28487,9.1699,117
1ad1dda0,30127,9.1644,132
7bf4e93,25788,9.1671,103
6ee3b654,28769,9.1671,125
3bb80bdc,27790,9.1671,117
2f10edd6,23752,9.1671,103
5226e571,23189,9.1699,101
2104a877,26160,9.1699,103
5a19a160,24051,9.1699,103
724f99a8,22025,9.1699,90
1727e7fd,23805,9.1726,103
1364a27e,25620,9.1699,103
3818b610,28508,9.1671,117
46103d3,29700,9.1726,117
a6d482e,24556,9.1726,103
22dd5e91,23400,9.1726,103
141c6fe6,25205,9.1726,103
18ef892d,26102,9.1726,103
78a38e26,25740,9.1726,103
30c26e75,21123,9.1726,94
475644d4,25084,9.1726,103
23140bf2,27681,9.1726,117
47227308,25440,9.1726,103
64300c5f,31412,9.1726,117
11b584e9,21030,9.1726,90
12fd56b6,25256,9.1726,103
4613ddd2,31316,9.1671,117
222573bb,20995,9.1699,90
1f0a29da,30434,9.1699,134
3f9f2803,29789,9.1699,117
362e2ce0,27841,9.1726,117
78a48706,31450,9.1671,117
4b0e5db5,27712,9.1726,117
4586b517,21725,9.1726,90
d97abe7,23808,9.1699,103
75599ac9,21292,9.1726,90
4a19df99,30454,9.1726,134
16d9fd6b,22696,9.1726,88
2f83e9f0,30552,9.1726,136
3e2a3fb4,24963,9.1699,103
1f7ba774,27683,9.1726,117
1b1a4615,23860,9.1726,103
6e65a360,24305,9.1726,103
42f1d2b8,25534,9.1726,103
12a006cb,17106,9.1726,76
728d6f7f,24555,9.1726,103
308f265d,21659,9.1699,90
b9732fb,23128,9.1726,101
55a2781f,21286,9.1726,90
796ce4b7,31069,9.1699,117
7fee3f,21657,9.1726,90
35448d30,22403,9.1726,90
2cabfa70,28434,9.1726,117
655f9c76,22201,9.1726,90
7f6c16cd,21672,9.1726,90
7b889536,21287,9.1726,90
6a34ba7a,28776,9.1726,125
19bfa536,25685,9.1726,103
5465459e,22147,9.1699,90
1a365b,22976,9.1726,101
3f04324b,30320,9.1671,134
70acb8bb,21769,9.1726,90
14de358d,24528,9.1726,103
45a761a3,27842,9.1726,117
5b2f9536,30162,9.1726,134
4e539788,24210,9.1699,103
2b44b192,25966,9.1671,103
55906720,22009,9.1726,90
7231ce81,30497,9.1726,134
200cf898,24017,9.1726,103
2eca052a,23885,9.1753,103
78b5deb4,21603,9.1753,90
6688a459,25714,9.1726,103
40c52e5,23537,9.1753,103
2c31385f,31368,9.1699,117
4303b2c4,29397,9.1753,117
3d1e0cdb,16910,9.1753,76
6b8825b2,26113,9.1753,103
6f480472,31391,9.1753,117
df5c95c,25497,9.1699,103
533edfb4,23204,9.1753,101
1e0b69dc,25884,9.1726,103
64373117,28398,9.1753,117
34846a1a,24970,9.1726,103
1718eaff,31023,9.1753,117
32fe44d7,25776,9.1753,103
777e9edd,30435,9.1753,134
603dfe92,28224,9.1753,117
3022bf78,30444,9.1753,135
70ba8d57,31420,9.1753,117
3fe6bd1c,21933,9.1726,90
73b16deb,27802,9.1753,117
7c77c461,22861,9.1726,101
77f17440,29338,9.1753,117
73e651af,28306,9.1753,117
590b6de8,25025,9.1726,103
6532e727,26151,9.1753,103
7dff93ab,30204,9.1753,134
5d967ca,29475,9.1753,117
6fc054eb,12431,9.1726,61
474fffdc,26107,9.1753,103
45a9aef0,21164,9.1753,90
44ca0f25,22183,9.1726,90
ae3d741,24496,9.1726,103
667f70c9,28420,9.1753,117
32ea68de,22105,9.1753,90
3a3c9e5d,25749,9.1753,103
2e9b0d18,25405,9.1753,103
3a568e55,26170,9.1726,103
5b9bad59,21236,9.1753,90
58b0e01,21148,9.1753,90
738e3065,29230,9.1671,117
27d8b540,29780,9.1753,117
4f8169ef,24334,9.1753,103
571e9b0c,21761,9.1753,90
7da42c67,27679,9.1753,117
7b53a7ef,17298,9.1726,76
26f54582,23782,9.1753,103
247a4421,17117,9.1753,76
7ad65018,22942,9.1726,101
786193dd,29576,9.1753,129
1e6b3fe1,24596,9.1753,103
12bea0fb,22685,9.1699,88
6413a5c1,31055,9.1753,117
10182de5,22391,9.1753,90
574b9c30,24307,9.1753,103
3095575a,30460,9.1753,134
4951c124,22189,9.1753,90
1877aaee,22390,9.1753,90
13d60fcc,22688,9.1726,88
275bc998,22851,9.1753,101
9a82103,29074,9.1753,117
420667d2,28811,9.1753,125
963b56b,22720,9.1753,88
1c7d20c7,31381,9.1753,117
48a29a9f,25947,9.1781,103
4e7c0d82,29703,9.1781,117
6246d6c9,22650,9.1781,88
6b79fe79,23193,9.1781,101
48f234b5,24832,9.1781,103
5c2e182d,30884,9.1781,117
68840ae8,21526,9.1781,90
72901e37,30029,9.1781,132
3e832014,30555,9.1781,136
2aee2333,24756,9.1781,103
56bebc2a,25346,9.1781,103
f307dd4,22965,9.1781,101
23f3f36f,21138,9.1781,90
51e02080,23404,9.1781,103
2b28dca,22746,9.1781,88
721c897a,30321,9.1781,134
535167f2,22640,9.1781,88
759ecc80,22285,9.1781,90
7ece8430,30032,9.1753,132
5cb30211,24335,9.1781,103
429a680d,25570,9.1726,103
12aea4fe,23772,9.1781,103
436d91a9,31337,9.1753,117
46fb888,28303,9.1781,117
e8a5331,25728,9.1781,103
1fc188ed,24316,9.1781,103
2e14a983,25152,9.1781,103
580b1d01,30055,9.1781,132
56d9014b,25464,9.1699,103
526cb102,31321,9.1781,117
4b04498c,27843,9.1781,117
78af46bf,25938,9.1781,103
17d1ada,17112,9.1781,76
5d32d21f,25134,9.1781,103
5778b39b,22249,9.1781,90
4e27bfb4,25368,9.1781,103
4cbf8271,31496,9.1781,141
25fdfaf6,25970,9.1781,103
6e94767c,22202,9.1781,90
1dbdae05,25113,9.1781,103
2d210bc9,25118,9.1781,103
67c16ed1,27729,9.1753,117
5a969d15,31336,9.1616,117
7fccaacd,31179,9.1781,117
1397f403,25371,9.1726,103
45fe18dd,24764,9.1781,103
67d68869,30528,9.1781,134
946cfb3,25707,9.1781,103
e46ac8b,27659,9.1781,117
13c68694,29577,9.1781,129
3fdd4f03,29043,9.1753,127
252123eb,23433,9.1781,103
62f865e3,25696,9.1781,103
6c9b0d51,25373,9.1753,103
1c012501,29416,9.1753,117
531f6c26,30589,9.1781,134
744aa2f7,24202,9.1781,103
21ba5e2a,31310,9.1781,117
15ff2ec9,23459,9.1781,103
3da91e0c,21797,9.1753,90
1cd54e54,30159,9.1781,134
6f6d18ea,23958,9.1781,103
388faa8,26154,9.1781,103
485fd180,21756,9.1781,90
7624ddab,23546,9.1781,103
40b58ad5,17299,9.1781,76
47187061,27839,9.1781,117
62a04e06,20944,9.1781,90
3018f90,25441,9.1781,103
6c73fc19,25510,9.1781,103
3f97184a,29584,9.1753,129
3b08fca1,23809,9.1781,103
34fa895f,27686,9.1781,117
21e93a3d,12351,9.1781,61
263b2302,24597,9.1726,103
5aaa2e90,24221,9.1781,103
3a7af4eb,31155,9.1808,117
522a094b,22010,9.1808,90
2d76033f,25328,9.1808,103
4b93132c,23753,9.1808,103
49712b44,22258,9.1808,90
5403a6ae,25800,9.1726,103
6928b49f,29977,9.1808,132
4403aa40,24344,9.1808,103
3af1d0e5,21149,9.1808,90
7a9af7f4,24601,9.1808,103
336518df,21193,9.1808,90
1f45ce60,21760,9.1808,90
2b874395,21466,9.1808,90
48545beb,24518,9.1781,103
60f2446,22385,9.1808,90
1d3767b8,25326,9.1781,103
59f545f3,25456,9.1781,103
2c308cb0,22003,9.1808,90
3d3ae948,21465,9.1808,90
6d22f63,30030,9.1808,132
8060f44,22999,9.1808,101
4268d7bd,30394,9.1808,134
644472ef,16903,9.1808,76
4c3927db,26152,9.1808,103
26a3f7bd,21450,9.1808,90
227209eb,25939,9.1781,103
5ccfa9cb,30072,9.1808,132
6da9c14d,21026,9.1808,90
606420d8,25967,9.1753,103
24d91cca,28837,9.1808,125
59c32d76,23645,9.1808,103
6bcc5af4,29399,9.1808,117
38db4709,21802,9.1808,90
79f8c22a,21639,9.1808,90
3990f8fe,24224,9.1808,103
30020ec2,25261,9.1808,103
5203e4c4,22376,9.1808,90
6d55853c,25036,9.1808,103
533cd760,29609,9.1808,129
7368b7db,25981,9.1808,103
3e8058b6,21658,9.1808,90
7f3d563f,25072,9.1808,103
7cca3726,24954,9.1808,103
4a0f096f,29387,9.1808,117
7cefa99a,21479,9.1781,90
6ca12759,21013,9.1808,90
40161b59,31070,9.1808,117
550f31ca,30498,9.1808,134
67f91e75,24237,9.1808,103
66dbc869,25080,9.1808,103
2c59e73c,22043,9.1808,90
16e7cb38,28977,9.1808,126
459916fc,23613,9.1781,103
3aca294f,28338,9.1808,117
458c892e,27265,9.1808,114
156f82d5,29970,9.1808,132
2dcf9891,22221,9.1808,90
5bd3177a,30624,9.1808,134
6e32f9ae,29232,9.1808,117
f1569d1,29705,9.1808,117
722b797,23538,9.1808,103
5678bcf2,24211,9.1781,103
69322f70,23843,9.1781,103
7e19c4c7,21529,9.1781,90
6189eb8d,29405,9.1808,117
1aad4fd6,23904,9.1808,103
632b3aa4,21792,9.1808,90
7127a759,23123,9.1808,101
62ab0aa3,20954,9.1808,90
12083adf,24031,9.1808,103
28cccc20,21610,9.1836,90
641dab0f,23867,9.1836,103
5e594b3d,23915,9.1836,103
d544ceb,30553,9.1836,136
43372cad,21798,9.1836,90
4afba217,27687,9.1836,117
5eef08d6,23899,9.1836,103
717324f4,25401,9.1836,103
612db7e1,20959,9.1836,90
b5b2c33,31290,9.1808,117
1c27cc55,21891,9.1781,90
3aa8debf,30235,9.1836,134
18843e59,25537,9.1836,103
129fbe16,23859,9.1836,103
5294099a,21117,9.1836,90
fc8d4f,21803,9.1836,90
229bac61,21824,9.1808,90
5ebad3ab,23776,9.1836,103
2c90d93f,20996,9.1836,90
48e2af17,24171,9.1836,105
37e5face,28834,9.1836,125
3f4a4012,24974,9.1808,103
15393fe5,30551,9.1836,136
4a8f2354,24782,9.1836,103
48feb042,25830,9.1836,103
50550019,22974,9.1836,101
3d7280d1,31298,9.1836,117
6168468d,25735,9.1836,103
502e3fb8,22848,9.1836,101
5ca99642,25669,9.1836,103
24841006,30537,9.1781,134
dd9784f,25472,9.1836,103
2ea61b57,29026,9.1808,127
3e2d9347,21974,9.1836,90
3aadb0a4,31024,9.1808,117
7cf0bcbe,22044,9.1836,90
12fb333e,22978,9.1836,101
62127cd4,22695,9.1836,88
30f76c7a,12343,9.1836,61
6708d250,21661,9.1836,90
15a72f91,25419,9.1836,103
1e649743,25619,9.1836,103
6f61ac87,24998,9.1836,103
647e89ad,12354,9.1836,61
3315af,21662,9.1836,90
45455d20,12411,9.1836,61
5561a23f,30852,9.1836,117
7f210444,25571,9.1836,103
1d468ab3,31338,9.1808,117
4348ef7f,24611,9.1836,103
d654b57,29173,9.1836,117
62a6ab86,24405,9.1836,103
155290b2,31320,9.1836,117
6b04ae4c,28225,9.1808,117
3ce893b9,25026,9.1808,103
1b704880,22224,9.1836,90
4c5d2af3,29042,9.1836,127
4d0be4ca,15408,9.1836,73
3586c389,29933,9.1836,117
1cece7cd,25536,9.1836,103
6a3932d0,25262,9.1836,103
2c2ba9f1,30495,9.1836,134
9041435,21484,9.1808,90
1b3b8c6b,21165,9.1836,90
18229e0e,25901,9.1836,103
6937c8da,25423,9.1836,103
40bbcc75,22050,9.1808,90
72458dd,30492,9.1836,134
bed69a5,26104,9.1836,103
b7a64d9,22588,9.1836,88
5c5c1c74,21023,9.1836,90
429abbee,30396,9.1836,134
675df1d0,27984,9.1836,117
3f591d4e,30538,9.1836,134
3da096d,30598,9.1836,134
14889733,30073,9.1808,132
1c532703,23417,9.1781,103
6b97eaaa,29169,9.1836,117
68b42ee2,31064,9.1836,117
394c0263,17150,9.1863,76
2937c939,24041,9.1836,103
603d31c3,17120,9.1836,76
5ee77e3b,24406,9.1836,103
7e1309e,27734,9.1836,117
10084f5a,30585,9.1836,134
19b2c7b1,23783,9.1863,103
7cc1641a,6342,9.1863,1
72aadedc,21213,9.1863,90
200a2d4c,27764,9.1863,117
2f8ae9b3,31392,9.1863,117
589cb9ec,29367,9.1836,117
14a1f9df,25935,9.1863,103
7c64c01d,23614,9.1836,103
5716343f,25069,9.1863,103
d75e290,23126,9.1863,101
dccdab7,27840,9.1863,117
75ca55fc,24529,9.1863,103
48a4d170,25514,9.1863,103
129a9451,22414,9.1836,90
305995f0,21977,9.1863,90
55132370,12371,9.1836,61
795a3f70,22589,9.1863,88
3fa40416,30045,9.1863,132
432ee007,21882,9.1836,90
ee5ad13,25891,9.1863,103
266cb200,31317,9.1863,117
39f7866f,25190,9.1863,107
ded778e,25733,9.1863,103
2e43ce15,22393,9.1836,90
6dfc856f,25079,9.1863,103
68bdb241,24342,9.1863,103
e8af9df,24541,9.1863,103
4a323252,30209,9.1863,134
3e89bd7d,25454,9.1863,103
37d7803e,24167,9.1863,103
3df19eb0,25089,9.1863,103
32fd133f,22964,9.1863,101
4c56eaf9,17118,9.1863,76
6b6050be,31451,9.1863,117
18f17afa,23157,9.1863,101
13acdfaa,24752,9.1836,103
4912420b,25836,9.1863,103
201e0e37,25746,9.1863,103
33ab9664,23625,9.1863,103
460f4e34,25621,9.1863,103
581bbc88,12361,9.1808,61
1dd64ee4,23402,9.1863,103
4de994df,31504,9.1836,141
229e33b0,23470,9.1863,103
1e5ca739,22227,9.1836,90
31527b78,21697,9.1863,90
301c5ee1,24975,9.1863,103
63cce8e1,21451,9.1863,90
18d2fece,27684,9.1836,117
3af9df17,25974,9.189,103
68c065ff,30493,9.189,134
6ccf13e6,26081,9.189,103
63e4b43f,31497,9.1863,141
7026ce85,23158,9.189,101
1711de33,22384,9.189,90
7c15beb3,31309,9.1863,117
6851c2f4,24336,9.189,103
2e52c68d,22981,9.189,101
37ab6532,25633,9.189,103
63447e3a,21300,9.189,90
669aa552,17107,9.189,76
3a9d17,22910,9.1863,101
38e45533,25064,9.189,103
1e1d9eb0,25206,9.189,103
540a35e8,30641,9.189,134
d2f0f35,23194,9.1863,101
338f41cd,22657,9.189,88
2958c742,25657,9.189,103
2c7802f4,23922,9.189,103
60b04af,23399,9.189,103
4fc3bc8a,21463,9.1863,90
12a9f713,23205,9.1863,101
20ce10e7,23681,9.189,103
4c4dc9a8,23992,9.189,103
3f6a9d69,24999,9.189,103
1dc08843,30390,9.1863,134
12bd92f2,21464,9.189,90
40484bc3,24612,9.189,103
10d12205,30129,9.189,132
32f3b93e,25473,9.189,103
4ca78790,25524,9.189,103
4eb3db94,23684,9.189,103
5e6671ed,23553,9.189,103
3a26a889,29406,9.189,128
576b094d,30462,9.189,134
716be2e9,22653,9.189,88
787e60d7,22694,9.189,88
815e34f,25257,9.189,103
582af6a2,31369,9.189,117
725f4185,23778,9.1836,103
5784bd8b,21996,9.189,90
5cf70774,24621,9.189,103
7b5f883e,22853,9.189,101
2c10a4e,23727,9.1808,103
1eb36e7a,21892,9.1863,90
30e5c377,22190,9.189,90
74cffe11,12355,9.1863,61
6557de6,25439,9.189,103
62fd06ff,26118,9.189,103
adc5dc1,22871,9.189,101
61158645,31485,9.189,117
65647ce6,21447,9.189,90
6e50392d,22027,9.1863,90
43c7c34c,25975,9.189,103
4907ff35,29029,9.1863,127
55b219c9,23811,9.189,103
cb57cb9,31387,9.189,117
fc239bf,28990,9.1863,117
60b4f03b,29972,9.1781,132
1d1492c2,25993,9.189,103
6b9c2802,12412,9.1863,61
4fd999d,24463,9.189,103
758dfb0f,26188,9.1836,103
598bf4da,20958,9.1863,90
496cdf78,23903,9.1863,103
32fff8ad,21863,9.189,90
b44eeb2,31500,9.189,141
1921be0,25258,9.1918,103
510cfb02,25689,9.1918,103
1b5ddd5e,25539,9.1918,103
562a7408,21534,9.189,90
7ab73101,22854,9.1918,101
147208f4,25699,9.189,103
6beb78ac,26208,9.1918,110
1ea9ffa2,28227,9.1918,117
1b26424b,24992,9.1918,103
71794102,25658,9.1918,103
2701e2ec,23004,9.189,101
585a4717,16912,9.1918,76
171b442b,12373,9.189,61
68c47aa8,24788,9.189,103
39c1dcfd,23768,9.1918,103
10dce594,23405,9.1918,103
1a346a67,31322,9.1918,117
51ee42b3,31501,9.1918,141
667f4a47,21439,9.1918,90
11f8f359,21182,9.1863,90
2826c453,29706,9.1918,117
b7ef03e,23868,9.1918,103
17cfae64,25734,9.189,103
417be5ff,30586,9.1918,134
1f4338cd,22389,9.189,90
5fe1b5df,31421,9.189,117
240ca2e7,23584,9.1918,103
23e2511d,29377,9.1918,117
49b4678b,29894,9.1918,130
577e375f,24400,9.1918,103
5e33f22,24311,9.1918,103
34b8fc3a,22293,9.1918,90
1d7f1732,25352,9.1918,103
5f222d58,25171,9.1836,103
5e5a5d19,30416,9.1918,134
78384d42,24042,9.1918,103
64be7748,12425,9.1918,61
17941ec9,29477,9.1918,117
5a5f6a0c,29897,9.1918,130
1b2a2bb7,22222,9.1863,90
21c237cd,31499,9.1918,141
5283f1cf,24614,9.1918,103
36d1008a,22277,9.1918,90
6e45ed7c,28228,9.1918,117
18432cf,28828,9.1918,125
4b39d6db,22922,9.1918,101
7b75ec2e,29896,9.1918,130
451e769a,29368,9.189,117
53a70572,22225,9.1918,90
652c26bc,29512,9.189,117
60a6abcc,24472,9.1918,103
34e62f6a,21183,9.1918,90
2fa25ca,23661,9.1918,103
6e7eaef,21443,9.1918,90
534ac934,22422,9.1918,90
56d23148,29476,9.1918,117
5558a2d,12344,9.1918,61
3c5cb8fa,22998,9.1918,101
33aa7274,25912,9.1945,103
39dad52c,30051,9.1945,132
7ec5eb2e,12345,9.1945,61
57e81239,24780,9.1945,103
3f46c6ce,21817,9.1945,90
420f0ec0,21194,9.1945,90
eaafb56,23740,9.1945,103
61b63c1a,29984,9.1918,132
30fb3799,30527,9.189,134
27158265,27985,9.1945,117
38744567,24720,9.1918,103
7e3cbd9a,22888,9.1918,101
2eba08ab,29895,9.1945,130
4794a51a,29380,9.1945,117
35ce35db,23874,9.1945,103
4c191127,30443,9.1945,135
1c12a21,24972,9.1945,103
5752a553,31299,9.1945,117
29d31042,25950,9.1918,103
280d8eb8,29541,9.1945,129
4b0dcc17,25729,9.1945,103
4f196c78,22890,9.1918,101
1b9bf317,24473,9.1945,103
d2320f5,21979,9.1945,90
3c437013,29704,9.1918,117
fdeed77,25211,9.1918,103
198b6ef8,28316,9.1945,117
1d75ab1d,16916,9.1945,76
94504ce,21485,9.1945,90
2ea12e1d,29030,9.1918,127
6c9f799f,27791,9.1945,117
5c020a52,31390,9.1945,117
7d401668,21471,9.1945,90
4b57575f,31414,9.1945,117
5ab60e1b,23769,9.1945,103
4df2d753,22226,9.1918,90
25722192,22431,9.1945,90
1ee1425,29974,9.1945,132
7c60b126,31153,9.1945,117
164cae67,21606,9.1945,90
3ce1c110,29695,9.1945,117
4571ae2b,23900,9.1918,103
36bd0f74,22279,9.1945,90
60f303a,24604,9.1918,103
34d498aa,16901,9.1945,76
7c1c68ed,28964,9.1945,117
2fa7166d,23983,9.1945,103
22841eb5,24239,9.1918,103
4a70f20e,25661,9.1945,103
5c9a9390,22879,9.1945,101
5d75643f,22887,9.189,101
4df4a6f3,28244,9.1945,117
52b0f4a0,21533,9.189,90
5f007962,29585,9.1945,129
3f9c2915,27814,9.1945,117
504339f5,24786,9.1945,103
2661eb5e,29105,9.1945,117
4e4a025f,23777,9.1945,103
1b8aeac2,21110,9.1945,90
52cfe4d7,30629,9.1945,134
7b5dcecb,23578,9.1973,103
651b7305,24669,9.1973,103
290b499e,26171,9.1973,103
4cff934,21701,9.1973,90
13695dce,29886,9.1973,130
5d754aac,31323,9.1973,117
3f88d728,29047,9.1973,127
11f144f0,25090,9.1945,103
23ad5607,23202,9.1973,101
2f4c9e90,25466,9.1973,103
199c2d97,25374,9.1973,103
5c78655e,23585,9.1973,103
270531bc,30056,9.1973,132
3c482768,27815,9.1973,117
6aa228b8,24175,9.1973,103
1ea6ce31,21828,9.1973,90
26273162,30094,9.1973,132
4257f706,24605,9.1973,103
77bb966f,30060,9.1973,132
68764f53,23844,9.1973,103
66f01b30,22358,9.1973,90
bb3c17a,21032,9.1945,90
1b7e03e1,29588,9.1945,129
305df60f,21449,9.1973,90
6a8b3b80,21285,9.1973,90
c44847a,28518,9.1973,117
13140495,29550,9.1973,129
674eff18,31071,9.1973,117
38fc8070,29551,9.1973,129
6728d95d,26172,9.1973,103
276d7490,31535,9.1973,141
14cb0bb5,31430,9.1973,117
b98fbd4,29401,9.1973,117
2357d989,31509,9.1973,141
6fd2bdda,25802,9.1973,103
23d8bdaf,30163,9.1918,134
3edea3cc,20943,9.1945,90
b5c2bad,29536,9.1973,129
73007a7,30631,9.1918,134
7d7656f6,24351,9.1973,103
1b25a932,25071,9.1973,103
502ea959,12376,9.1973,61
57a481c4,24667,9.1973,103
7cd96dd9,29233,9.1973,117
18aaac20,23863,9.1973,103
21ebe551,17121,9.1973,76
2109efb0,25916,9.1973,103
2ef0ea3e,30391,9.1973,134
424c515f,22000,9.1973,90
b31fad8,21408,9.1973,90
78e8f0db,21184,9.1973,90
35ee984a,28245,9.1945,117
1c6635d3,31318,9.1973,117
1805fbbd,24762,9.1918,103
2754be4e,23888,9.1973,103
66b95e26,24304,9.1973,103
3842311b,23928,9.1973,103
4bdc278f,23148,9.1973,101
7c33e55a,25936,9.1973,103
7e17825c,31510,9.1973,141
5273bbd6,22641,9.1945,88
5b390240,25329,9.1973,103
78391e48,22949,9.1973,101
1bc33d20,23159,9.1973,101
59844966,12372,9.1973,61
1666f48b,16911,9.1973,76
79d07242,30611,9.1973,134
261d7351,3665,9.1973,29
24b5608f,29213,9.1918,117
5f81c206,21031,9.2,90
7ee2a7d1,24168,9.1863,103
33a8c4a7,25892,9.1945,103
6e438498,24345,9.2,103
3c166b45,29388,9.2,117
7461fc49,25457,9.2,103
487dd668,25494,9.1973,103
6dd60f33,22148,9.2,90
6e1f177,31572,9.2,141
731990f0,30420,9.2,134
7cda8195,21660,9.2,90
21a8b6aa,22435,9.2,90
284b81a1,23147,9.2,101
1d9073fb,30417,9.2,134
17ea0a48,29046,9.1973,127
3f94f709,25343,9.2,103
5b6d1bb7,28519,9.2,117
56d064d1,17119,9.2,76
18814ac6,31218,9.1863,117
2f5fdff2,25397,9.2,103
68a0281b,23422,9.1973,103
7094b6b9,22651,9.1973,88
4317abbf,23195,9.2,101
12664c60,28447,9.2,117
635d7743,23628,9.2,103
53c3491e,29898,9.2,130
7bef4ec7,25379,9.2,103
2e1b0e7d,27660,9.2,117
50af1252,31452,9.2,117
700a416b,23526,9.2,103
7112a0db,26153,9.2,103
454818f5,27844,9.2,117
23d4b12e,31423,9.1973,117
18aa0168,24613,9.2,103
78c3062,27813,9.1973,117
27188440,29973,9.2,132
713ef230,24238,9.189,103
3136f7f,22690,9.2,88
2f198f43,22155,9.2,90
d3a82d2,27981,9.2,117
694affd6,29707,9.2,117
121e4a38,26163,9.1973,103
f23cdbd,27675,9.2,117
6c23288d,29888,9.2,130
212e7818,31311,9.2,117
35560bc9,22966,9.1973,101
b5ce6fa,21150,9.2,90
1a838c09,28513,9.2,117
6f11b894,25111,9.2,103
6a1cfefc,21277,9.2,90
69bae73,25540,9.2,103
fe996d,22259,9.1973,90
62c954fe,22260,9.2,90
6fafbd45,23547,9.2,103
13b045a7,22602,9.2,88
1adc3c38,21112,9.2,90
7f7483f9,21007,9.2,90
331d3fc4,21607,9.2,90
341c6ef5,22036,9.2,90
40ddacea,29901,9.2,130
681b7eab,23901,9.1918,103
7a4ca378,25521,9.2,103
2df00102,25801,9.1973,103
6752aa,29548,9.2,129
7116a237,21111,9.2,90
333a8a2b,21864,9.2,90
2c72b857,24706,9.1973,103
7e92d189,24232,9.2,103
1a754ca,24317,9.2,103
3befa456,21770,9.2,90
4e79bc9,25697,9.2,103
66d8c5b4,29892,9.2,130
5c630ad2,21608,9.2,90
656ab109,22658,9.1973,88
3351571,24225,9.1918,103
5e50a86a,23876,9.2,103
7d2fc9d4,21462,9.1945,90
185b6ae2,22889,9.2,101
5c2ac6a1,25572,9.1945,103
6c78d6d4,24315,9.1973,103
373020c9,22275,9.2,90
1ce48f38,24615,9.2,103
74ff40b7,24622,9.2,103
7eea9f47,23716,9.2,103
7f56b536,12374,9.2,61
16886ab,26166,9.1973,103
540e2838,23982,9.2,103
620e7c18,25952,9.2,103
6c7a7216,22855,9.2,101
6714af44,30461,9.2,134
4640d879,24430,9.2,103
632a6761,25523,9.2,103
1ebc911a,28430,9.1945,117
72d529a0,16917,9.2027,76
4d001f2e,22343,9.2027,90
94b6ecb,22950,9.2027,101
561715c8,31536,9.2,141
d4395e7,24226,9.2,103
3de2ea41,22865,9.2027,101
66214c74,30210,9.2027,134
2b15c6f1,21771,9.2027,90
5065963c,23129,9.2027,101
3ae882d9,21698,9.2027,90
69dc798d,25948,9.2027,103
10f2d727,25715,9.2,103
7c5c6ba1,21386,9.2027,90
79fb0895,12420,9.2027,61
77ba339,24049,9.2027,103
136171e,22394,9.2027,90
1ea865fa,24230,9.2027,103
3f36791a,30137,9.2027,132
650e77ae,24448,9.2027,103
5bbc9f09,23610,9.2027,103
54b112f6,30599,9.2027,134
96b2a2f,21978,9.2027,90
5197cb1,22859,9.2,101
10929a9b,31076,9.2027,117
13bcd8bb,24176,9.2027,103
4f464e98,21472,9.2,90
1f2c2f0d,29407,9.2027,128
519e24ad,30419,9.2027,134
24925725,30600,9.2027,134
59ddefa1,21293,9.2,90
27f7f7d0,25566,9.2027,103
7ec04cf,25659,9.2027,103
31714068,29979,9.2,132
7670100,24240,9.2027,103
1fb62f4b,25812,9.2027,103
789b9a0e,25212,9.2027,103
4352f775,30632,9.2027,134
7c82911e,31502,9.2027,141
52e035b2,24761,9.2027,103
693d82af,24231,9.2027,103
768f9e0a,25028,9.2027,103
32448c9,22344,9.2027,90
22b226f1,29481,9.2027,117
4a5059d8,21378,9.2027,90
194eb885,29048,9.2027,127
133b0a68,21384,9.2027,90
208d2350,24346,9.2,103
68db2000,21160,9.2027,90
43d270e,25538,9.2,103
4f9e15ab,24606,9.1973,103
64028ab,22045,9.2027,90
38d4c9bd,29204,9.2027,117
37aad343,21354,9.2027,90
5ac287ef,25074,9.2027,106
654ef251,29381,9.2027,117
624c9b23,25332,9.2027,103
31d7ce2,22862,9.2027,101
4dae6e91,22278,9.2,90
267a4cd,24337,9.2027,103
5fe0d10f,28421,9.2027,117
59f3cc53,26162,9.2027,103
316141e3,25787,9.2027,103
2cc3a28,23861,9.2027,103
5634abfe,21640,9.2027,90
11e2643f,23401,9.2,103
2a3751b9,21894,9.2027,90
e4bb7ec,31422,9.2,117
7dd39680,21873,9.2027,90
7f12c699,24222,9.2055,103
6fb8ea5b,24476,9.2027,103
60cd38a5,29223,9.2055,117
5d192212,27845,9.2027,117
34d60126,24347,9.2055,103
1c94cfd5,22392,9.2027,90
5e6d0bac,20961,9.2055,90
4af0bbc1,26161,9.2055,103
747bd8ff,25702,9.2027,103
d1c188a,24707,9.2055,103
19c75aad,29792,9.2055,117
33d1d54a,25396,9.2055,103
b14e08f,21753,9.2055,90
1d6ff6b2,28504,9.2027,117
705a75dd,24978,9.2055,103
53eb5b49,21357,9.2027,90
6e2dbffb,24229,9.2055,103
c150eea,25166,9.2027,103
2f427628,29106,9.2055,117
26fa519a,28317,9.2027,117
252bf0d9,24234,9.2055,103
16dd8c8,23658,9.189,103
456e5d83,22407,9.2055,90
3da20dfb,20948,9.2055,90
1d97b3aa,23973,9.2055,103
5303030,23615,9.2,103
49a0ed54,23223,9.2027,101
33f76181,22901,9.2055,101
52de3423,24223,9.2055,103
25940a08,31574,9.2,141
5cb354af,22406,9.2027,90
71d35717,26155,9.2055,103
3fd7de34,30590,9.2027,134
37a45b26,27793,9.2055,117
71f46751,22425,9.2055,90
1b3243b2,26126,9.2055,103
1a74ed97,23845,9.2055,103
1b53a693,23124,9.2,101
e3ba3b4,23815,9.2055,103
5c2793cd,24557,9.2027,103
6102d58b,25218,9.2055,103
67638006,29902,9.2055,130
3416a95d,31486,9.2055,117
12033400,23923,9.2027,103
a62579d,29478,9.2055,117
2316c476,25386,9.2055,103
580e13a2,21214,9.2055,90
59d305bf,21288,9.2055,90
72581bc9,29586,9.2027,129
67f84480,24169,9.2055,103
4f43d8de,21179,9.2027,90
5853d531,22286,9.2055,90
efcd274,22948,9.2055,101
3c480631,22001,9.2055,90
138282fb,23925,9.2027,103
1931997c,29708,9.2027,117
48e527ac,21024,9.2027,90
206223b6,25380,9.2082,103
78ac213e,21358,9.2082,90
4988588c,24941,9.2082,103
28b1ce56,28417,9.2082,117
51e5d74e,31600,9.2082,141
19ff3765,30496,9.2082,134
7b7a3ba7,26211,9.2082,110
703d507c,23886,9.2082,103
56d8f353,22160,9.2082,90
36fcb2f2,29339,9.2082,117
5f488788,21857,9.2,90
1c710089,29045,9.2082,127
2c0da9ba,28418,9.2082,117
6d51dcb,24765,9.2082,103
78f2a17a,31575,9.2082,141
5ca7443c,29893,9.2082,130
51e39cff,25690,9.2082,103
17862429,21611,9.2082,90
44be7f09,24763,9.2082,103
6e0f73e0,21180,9.2082,90
50df5a5f,23005,9.2082,101
7eca3eca,21412,9.2082,90
58cbea56,29174,9.2082,117
6fba9071,21041,9.2082,90
459d327b,23912,9.2082,103
6a0e686c,22891,9.2082,101
197880be,21181,9.2082,90
6d90b621,21025,9.2082,90
56128afa,24055,9.2082,103
7ab064a9,22046,9.2082,90
63643e9b,21480,9.2082,90
b2dad68,22359,9.2082,90
49aab3ad,24708,9.2055,103
3046131d,25664,9.1973,103
4759bae8,16426,9.2082,37
14b4c6bf,23421,9.2082,103
95b1988,22603,9.2082,88
81f385f,22864,9.2082,101
8411cba,24501,9.2027,103
591f31e9,22304,9.2082,90
67336112,16900,9.2082,76
6bac954b,21609,9.2082,90
1a8095a1,31431,9.2082,117
1aa4fe87,30160,9.2082,134
3a140443,29843,9.2082,117
359dd887,30499,9.2082,134
2bae6e08,25792,9.2082,103
1643fd3c,29978,9.2082,132
c6fc5ab,25385,9.2055,103
7dca6066,25255,9.2082,103
67ec277d,25622,9.2082,103
57ed6d41,29354,9.2082,117
78ae08cb,30625,9.2082,134
f6b979a,26191,9.2082,103
6482156,24566,9.2082,103
7d772df2,30397,9.2055,134
74f8eea9,25976,9.2055,103
48430212,29899,9.2082,130
1bc79bc7,30456,9.2082,134
70edc83d,31503,9.2082,141
5c424b78,21388,9.2082,90
6f7c7bff,22303,9.2055,90
3f7fb790,24792,9.2082,103
18410a1b,25398,9.2082,103
56969be0,30642,9.2082,134
5ab9a14e,24737,9.2082,103
18b85ebe,21893,9.2082,90
8b98e60,31400,9.2082,117
78f6cdd2,30009,9.2082,132
6a924d0c,31429,9.211,117
7db632c1,21303,9.211,90
27a1de67,27661,9.211,117
632f9e7d,31537,9.211,141
1bad4539,27274,9.2082,114
57415cb7,22346,9.211,90
7e3af2de,31152,9.211,117
61f94712,21989,9.211,90
3c1fe81e,30421,9.211,134
100c5299,24288,9.211,103
4d7500cb,25157,9.211,103
64f0a7b9,30448,9.211,134
4f1abde2,24289,9.211,103
3d70b602,25522,9.211,103
58e68a3f,31072,9.211,117
39ca23f5,21793,9.2082,90
23a56c83,24348,9.211,103
1b5d0e53,15409,9.2082,73
7786c875,29980,9.2055,132
1fbb98fb,29382,9.2082,117
17723efb,24709,9.2082,103
72926c2b,23523,9.2082,103
64ae95d0,25662,9.211,103
252a3c50,27676,9.211,117
742e965c,23779,9.211,103
6615044e,23924,9.211,103
60966b91,28509,9.211,117
70867246,22909,9.211,101
43a08ba,22357,9.2082,90
19da7b2d,12432,9.211,61
5a8d2e12,30494,9.211,134
e268221,25172,9.2082,103
6d176667,23841,9.2082,103
5e6d7b91,21482,9.211,90
14a46062,23616,9.2082,103
276a315a,31077,9.211,117
79c2f715,22697,9.211,88
1de7981c,24460,9.211,103
64f1f213,23757,9.211,103
2fcf5c37,25119,9.211,103
2863d9c2,31295,9.2082,117
1f730bdc,22856,9.211,101
69651989,25691,9.211,103
48634bc1,25686,9.211,103
479c6d99,29651,9.211,117
7ef826c6,21387,9.211,90
79d2ef2e,26148,9.2,103
383a18cc,21895,9.211,90
2001ec12,29156,9.211,117
2f27cafb,30612,9.1973,134
6a556149,23527,9.2082,103
d084ef5,25308,9.211,103
5524b4d3,29877,9.2082,130
6e3dab90,24993,9.211,103
63ccb5c5,22060,9.211,90
3b619ac6,29028,9.2082,127
5375191e,28422,9.211,117
12eb7510,21289,9.211,90
6299d9b2,3682,9.211,29
5519d88d,15410,9.211,73
2edf96d9,31458,9.211,117
78bb6231,20945,9.211,90
2ea3d725,22979,9.211,101
67d535e7,26189,9.2137,103
13c500e0,25416,9.2137,103
4bad34e6,22052,9.2137,90
506b40ae,23974,9.2082,103
2506d24,17209,9.2137,76
4c640a84,23460,9.2137,103
67562186,24338,9.2137,103
45de4aaa,29389,9.2027,117
6ecc1dea,29376,9.211,117
4f606b39,24602,9.2137,103
64284ead,31376,9.2137,117
65102641,22395,9.2137,90
9cc204d,30539,9.2082,134
91664a0,25421,9.2137,103
7e14fd3,22432,9.2082,90
211a34a4,23426,9.211,103
455c2ce8,26212,9.2082,110
2dfab246,22860,9.2137,101
2068effd,31487,9.2137,117
4e248c8b,30031,9.2137,132
50a75040,21970,9.2137,90
74b81dd0,23435,9.2137,103
2938cec9,21124,9.211,94
ca8e983,23617,9.2137,103
6b58e8ec,22409,9.2137,90
1979097,25038,9.2137,103
35f54be8,26135,9.211,103
7eda4824,24955,9.2137,103
5269d09b,21339,9.2137,90
6f47f169,22416,9.2137,90
aea2243,24339,9.2137,103
70f24d62,22659,9.2137,88
5cc5a030,22967,9.2137,101
419e90c8,21829,9.2137,90
b82e85c,23618,9.2137,103
40b44e3b,30059,9.211,132
10a823fd,25573,9.2137,103
7253e5d7,31279,9.211,117
6ed88ccb,22345,9.211,90
3e60f8d,29390,9.2137,117
61415c5c,21114,9.2137,90
1c4d706e,21385,9.2137,90
30a72c42,22721,9.2137,88
5ad22eee,24623,9.2137,103
533b19e7,29482,9.211,117
5d370adc,23913,9.2137,103
4cb17118,23233,9.2137,101
6e9eec90,28481,9.2137,117
6a7e8bf1,23864,9.2137,103
556eea3,29031,9.2137,127
c9a0777,31576,9.2137,141
699e9dd2,30633,9.2137,134
952fe8c,21565,9.2137,90
707d161d,12375,9.2137,61
426cdd47,24350,9.2137,103
4e093817,25086,9.2137,103
1e91dbc2,21726,9.2137,90
3fcb5cf,25219,9.2137,103
1b299653,25913,9.2137,103
3f0be694,21290,9.211,90
2f54657c,23780,9.2137,103
1e2c63e5,3666,9.2137,29
7e7309f2,21612,9.2164,90
7280ecc5,31495,9.2137,141
3c52215e,26167,9.2164,103
419c5e7a,24286,9.2164,103
27c6e322,23236,9.2164,101
5255d5db,25730,9.211,103
7fa0461e,25417,9.2164,103
5ceca81e,21702,9.2137,90
4ca38f52,28520,9.2164,117
30246010,26095,9.2164,103
745cbd43,3601,9.2164,29
6cb17f54,25747,9.2164,103
24556585,23756,9.2164,103
37e2a5ff,29403,9.2164,117
30294f0f,25953,9.2164,103
218e5aec,24141,9.2164,103
2e786a15,21008,9.2164,90
355208b6,24617,9.2164,103
2ca2cedf,25085,9.2164,103
c17ef78,24431,9.2164,103
763c88c2,25474,9.2164,103
765e68e2,25073,9.2137,103
7ac01cd,27266,9.2164,114
19306a06,22191,9.2164,90
2536e5d3,29483,9.2164,117
48730ba2,21237,9.2164,90
494f631a,30500,9.2164,134
7bac41fb,30198,9.2137,134
6944bcd4,25838,9.2137,103
7bced452,31529,9.2164,141
2b30fe92,24942,9.2137,103
320ac196,21897,9.2164,90
7ee4691f,30550,9.2137,136
73055ed5,27658,9.2164,117
5f6dfa49,21800,9.2164,90
3b8f9643,15431,9.2164,73
3f54b540,25911,9.2164,103
f5baf51,22113,9.2164,90
18b23bdc,30431,9.2164,134
6d5b97bf,29369,9.2164,117
71c83c35,24769,9.2137,103
48211d77,30591,9.2164,134
102ada3a,22880,9.2164,101
5ba9c383,29880,9.211,130
7c22651e,30422,9.2164,134
414d8303,24349,9.2164,103
13be8d5c,23416,9.2164,103
5334f0f9,28770,9.2164,125
87d095b,22863,9.2137,101
469484c7,24549,9.2164,103
6bec528d,31461,9.2164,117
c5ff6c1,24701,9.2137,103
78986c8b,29214,9.2137,117
1a487de3,23477,9.2137,103
13b92c1d,25187,9.2164,107
60233955,23436,9.2164,103
5be4fdee,31223,9.2164,117
3084fbe0,29378,9.2164,117
690b5ab0,31149,9.2137,117
5899399e,23677,9.2164,103
21094a49,22035,9.2164,90
5d7ec80b,25120,9.2137,103
1fd3f0b1,24181,9.2192,103
74e3ba00,31511,9.2192,141
5f760a07,24434,9.2192,103
6abd3280,23000,9.2192,101
5e6418d2,31081,9.2192,117
8677ce7,22287,9.2192,90
6aeb011e,24053,9.2192,103
33195f9,25833,9.2192,103
6cf881aa,29484,9.2192,117
6fd28787,31224,9.2192,117
5d838892,28419,9.2192,117
52924086,21772,9.2164,90
7a4f7eaf,23206,9.2192,101
1da30de,28771,9.2192,125
405cff6f,20963,9.2192,90
8a0192,20964,9.2192,90
1b1ad2a,22032,9.2164,90
51bd3102,27713,9.2192,117
266b0219,30438,9.2192,134
2a3f3303,12377,9.2192,61
12b22267,25683,9.2192,103
ccf201f,25568,9.2192,103
724a9055,22159,9.2164,90
213e0234,22415,9.2164,90
229cbd6e,24312,9.2164,103
5726aefa,30712,9.2192,117
71485473,30050,9.2164,132
20b6c7cc,22980,9.2192,101
67067979,31424,9.2192,117
5354a1d,27986,9.2192,117
64f8ee6,24461,9.2192,103
366d7d04,25314,9.2192,103
207354a2,28436,9.2192,117
746a3c64,24054,9.2192,103
5b20f556,21467,9.2164,90
6f8266b,24758,9.2192,103
3c14b452,21799,9.2164,90
19b826a8,22194,9.2164,90
3368e0c2,25309,9.2164,103
456eea8c,21613,9.2192,90
2625734,26206,9.2192,103
1b4dd50e,24462,9.2192,103
43183da9,29966,9.2192,132
711095cc,25682,9.2192,103
6cb4448b,25310,9.2192,103
615ba72d,21027,9.2192,90
14cbebad,23972,9.2192,103
163c69e8,29709,9.2192,117
63f72016,21211,9.2164,90
5f29818a,27271,9.2192,114
14f48f41,23685,9.2192,103
6172c71e,25037,9.2192,103
3b5facb6,20965,9.2192,90
28e94f86,21468,9.2192,90
1857435d,29107,9.2164,117
6fea3d7e,23887,9.2192,103
29960629,30325,9.2192,134
4b61f9e2,26108,9.2192,103
698e0678,3678,9.2192,29
5731c7fa,28523,9.2192,117
4e8f347b,21291,9.2192,90
ae56aa1,16913,9.2164,76
33c57366,25344,9.2219,103
13411043,25670,9.2219,103
4a160bc6,25191,9.2219,107
7d8dc213,29408,9.2219,128
5c1c0f61,23403,9.2082,103
47c4dfa9,29419,9.2192,117
3d76b4ac,21276,9.2219,90
2e78744b,26213,9.2192,110
122301e2,23458,9.2219,103
73fbbd98,22061,9.2219,90
7ba0b49f,25736,9.2219,103
1cb172bd,24177,9.2219,103
595da503,24671,9.2219,103
32081bce,31417,9.2219,117
4cf2455c,25039,9.2219,103
60258a73,29793,9.2219,117
77963850,21469,9.2219,90
5b29b07,29032,9.2192,127
7787be31,26190,9.2219,103
5bb4e648,25954,9.2219,103
178e995f,23929,9.2192,103
5ef75d16,29794,9.2219,117
519c6746,26075,9.2219,103
3c9d9c33,25834,9.2219,103
5f3abe9e,23213,9.2219,101
6dae5468,29981,9.2192,132
1012b430,23234,9.2219,101
40bede05,31025,9.2192,117
4a7a56c2,22902,9.2219,101
55e846f1,24835,9.2192,103
505edb48,12346,9.2219,61
7ef2ffe0,23338,9.2164,88
69baf101,29961,9.2219,132
4f18e3e5,24142,9.2219,103
1a26784f,27688,9.2164,117
73428914,22923,9.2219,101
5df802a9,21086,9.2164,90
48fa3259,31313,9.2192,117
4dce4c84,30423,9.2219,134
45419913,26227,9.2219,110
6c8c75f4,15432,9.2219,73
be15b58,21473,9.2219,90
34f49ccc,25424,9.2219,103
7d340240,28522,9.2219,117
5e653a23,23196,9.2192,101
7218ebc7,28480,9.2219,117
5df0723e,21409,9.2219,90
73225547,27275,9.2219,114
3e5b9d35,29108,9.2219,117
77247368,25745,9.2219,103
b281fea,25988,9.2192,103
6a41eba5,30446,9.2219,135
cafd3c3,21434,9.2219,90
6e7f4556,25797,9.2219,103
2563c03c,24976,9.2164,103
401a1bf6,21410,9.2219,90
32d9e9fd,25640,9.2164,103
5aa46f80,24766,9.2192,103
26985f05,22156,9.2164,90
1dc109ca,22410,9.2219,90
d94742f,21308,9.2219,90
707fe261,26173,9.2219,109
147bfb1c,24624,9.2219,103
1612f00,29157,9.2219,117
2ffa060f,23215,9.2219,101
2019857b,22028,9.2247,90
6b71297f,24790,9.2219,103
63e0123e,30195,9.2247,134
1cd5ba33,23420,9.2247,103
708bd68f,24432,9.2247,103
12e1f0e5,25627,9.2192,103
12533330,17109,9.2247,76
71c1b2a6,24433,9.2247,103
40749a8f,24283,9.2247,103
6e6513a0,26174,9.2247,109
65a477ef,29479,9.2247,117
198cbd7f,25777,9.2247,103
7d48ec23,30398,9.2247,134
699bd892,25693,9.2219,103
3b761839,29175,9.2192,117
7dab0bb7,25479,9.2247,103
384894ce,22062,9.2247,90
1303638,30463,9.2192,134
3ba3ebc9,24672,9.2247,103
309f9b54,12347,9.2247,61
6be1cdc6,30165,9.2247,134
15ccd843,22396,9.2247,90
15cdbd34,31030,9.2219,139
3194e1e7,29962,9.2247,132
7d1d89ba,21804,9.2247,90
ee0489a,25333,9.2247,103
76bc606f,25544,9.2247,103
104c2d96,25748,9.2247,103
60313c86,23930,9.2247,103
71f02963,30643,9.2247,134
2f13f309,25955,9.2247,103
7dd81b5f,29355,9.2247,117
6872a393,27677,9.2247,117
1ce6717,30130,9.2247,132
7185fd7c,29964,9.2247,132
4cba12f0,30436,9.2247,134
31a94ecf,29783,9.2247,117
43ad6132,3674,9.2247,29
1d9d0a26,30889,9.2219,117
12ca6f7,29546,9.2247,129
7a884f2b,23203,9.2247,101
528415b9,23212,9.2247,101
273df9f5,22654,9.2247,88
4342e8fb,25164,9.2247,103
7b8b16af,22063,9.2247,90
950fdba,23407,9.2247,103
41ea5f34,17110,9.2247,76
153b62c2,24718,9.2219,103
36a620a4,21862,9.2219,90
3895b6e7,31525,9.2247,141
2b954d3e,22604,9.2164,88
65f607fc,27768,9.2247,117
22850b35,23612,9.2247,103
6f099a0b,25192,9.2274,107
6252b8e6,29356,9.2274,117
776508c5,28399,9.2274,117
769857aa,24770,9.2247,103
23046762,25443,9.2274,103
b1a7715,26109,9.2274,103
5cf66287,24543,9.2274,103
3f0b54db,23784,9.2274,103
1e90557,26089,9.2247,103
3fb41b2f,25579,9.2274,103
2b6b1f47,24670,9.2274,103
58c697bb,22411,9.2274,90
56321480,24620,9.2274,103
bce169,25665,9.2219,103
6574d029,25188,9.2274,107
7a06c2cb,25908,9.2274,103
1611e97f,30447,9.2274,134
71c1e57d,26225,9.2274,110
327796f4,25516,9.2274,103
7eab0aeb,21356,9.2247,90
2ac3725c,23219,9.2274,101
67e84e50,21435,9.2274,90
22a90bc4,31280,9.2274,117
19fca5dd,30445,9.2274,135
17324020,24544,9.2274,103
31e8fc7f,25353,9.2274,103
2318912b,28777,9.2274,125
1457bedc,6328,9.2274,1
49c9a193,29653,9.2274,117
68f933c6,25031,9.2247,103
6dcf5db9,16427,9.2274,37
1b324f7b,25475,9.2274,103
32bab39f,24979,9.2274,103
13fcd10d,30888,9.2274,117
449645e,21273,9.2164,90
7bcd4114,25741,9.2247,103
d89aa3b,25091,9.2274,103
6a48c65e,24058,9.2274,103
4af2e6cf,21212,9.2274,90
1fc916a3,25418,9.2274,103
57ffdff4,30564,9.2274,136
255103ec,29417,9.2274,117
506dea90,25477,9.2274,103
10f55ad4,29578,9.2274,129
3c2304a2,30439,9.2274,134
2a3efb47,30095,9.2274,132
6b08718b,25705,9.2274,103
548e2f10,25917,9.2274,103
6a8cbe29,30395,9.2274,134
27c96802,24233,9.2164,103
6e97ecaf,22968,9.2247,101
4ab5e3cb,22911,9.2301,101
5e48347,22038,9.2301,90
6219573f,24550,9.2301,103
474a12c3,22904,9.2301,101
16e97c11,23758,9.2247,103
73276ebc,24767,9.2301,103
4cff71fe,30057,9.2301,132
56963bcd,29159,9.2301,117
1b8c1f23,24791,9.2301,103
5baf6f48,26137,9.2274,103
4c64b2f4,22930,9.2301,101
1130469d,27262,9.2274,114
592a9889,25476,9.2301,103
79df69cb,24165,9.2274,103
10458716,25698,9.2301,103
3d22f2d,21830,9.2301,90
e31010e,21448,9.2274,90
30ee4c09,26165,9.2301,103
c22b032,23466,9.2301,103
3063fb97,23191,9.2301,101
22da11f1,24571,9.2301,103
24e55dd5,25941,9.2274,103
3d5fda5b,30636,9.2301,134
12cf2124,29909,9.2301,130
6068ef15,25798,9.2274,103
6e6d0d38,25977,9.2274,103
2d239fac,25040,9.2301,103
468e5d2d,26175,9.2274,109
613902ae,24772,9.2301,103
67bbd77c,28778,9.2301,125
5654fad8,23237,9.2301,101
6207a20a,23151,9.2274,101
4b02f096,25624,9.2301,103
72bbcebd,25943,9.2301,103
3c86808,24980,9.2274,103
19cb94ec,25944,9.2301,103
53f7c898,24702,9.2301,103
401e2fd4,30464,9.2301,134
5c808d89,29784,9.2301,117
5a40cf,21488,9.2301,90
2cb8a85f,29711,9.2301,117
6c53026c,23207,9.2301,101
6c700de8,26090,9.2301,103
34c4292a,24694,9.2274,103
664a4b45,20960,9.2274,90
f59fd83,31395,9.2301,117
63aaaecd,30399,9.2301,134
763246eb,26209,9.2301,110
42962b0b,24246,9.2301,103
2e3733f,23687,9.2274,103
34897968,26091,9.2274,103
50e8640c,24625,9.2301,103
23d5d369,25216,9.2301,103
3a3636a7,31459,9.2301,117
450b4ab0,31556,9.2301,141
56d08e19,21355,9.2301,90
5b935131,25989,9.2301,103
509bd7ea,29975,9.2247,132
4fda5983,24616,9.2301,103
1da8a627,21563,9.2274,90
5c73667a,29934,9.2301,117
5259de99,21033,9.2274,90
4f529310,21703,9.2301,90
17938d43,24143,9.2274,103
5094697d,21087,9.2301,90
17b40867,28416,9.2301,117
1c467647,12419,9.2274,61
6fea3b33,24572,9.2274,103
d6a8ce6,26164,9.2301,103
6438a1f1,29176,9.2301,117
3aaa4a1c,25795,9.2301,103
15f1f740,27982,9.2329,117
2b7c756e,24619,9.2329,103
7228c15b,27272,9.2329,114
643b8edd,21976,9.2329,90
272d0768,26181,9.2329,103
24f6f59d,24759,9.2329,103
622d662d,21294,9.2329,90
3faff781,25354,9.2329,103
1aba9fa8,23916,9.2329,103
7c7a69b8,30630,9.2329,134
eb2048,22748,9.2329,88
48f4f23e,23814,9.2329,103
24bbee06,27963,9.2329,117
3db5c196,23907,9.2329,103
2d63828d,26210,9.2329,110
7ce2d062,21274,9.2329,90
326b5789,25066,9.2329,103
6bdbd8ec,24542,9.2301,103
4d1b2ab,25330,9.2329,103
6e5a1393,22867,9.2329,101
6e5c6ce,31528,9.2329,141
334c7246,22195,9.2329,90
14811d33,22305,9.2329,90
3a81da6e,28838,9.2329,125
4798026,26127,9.2329,103
2c02f5d1,24717,9.2301,103
7c8c6c55,30440,9.2274,134
79e33345,23423,9.2274,103
486a9b00,30136,9.2301,132
5a4a9b,23442,9.2329,103
3bcd8b3c,21436,9.2329,90
243cb6d4,22436,9.2329,90
38128bc8,23150,9.2329,101
6a4e10c3,25588,9.2329,103
3d0de2dd,30613,9.2301,134
7cc669be,24241,9.2329,103
15a48a37,28527,9.2329,117
5026f125,31573,9.2301,141
4af43bea,22236,9.2329,90
183d2363,25027,9.2329,103
3335c282,27804,9.2329,117
57792243,23216,9.2356,101
30b15e50,27689,9.2356,117
5b7118c7,29795,9.2356,117
2a261ef1,25214,9.2356,103
1fdce608,25692,9.2356,103
34d35acc,25356,9.2356,103
770a4791,30164,9.2247,134
75e82eef,22250,9.2329,90
e2ac1d8,23931,9.2356,103
5dce47fa,21980,9.2329,90
47851b24,31225,9.2329,117
692e2c22,30166,9.2329,134
51d7a196,28450,9.2356,123
31d214de,22004,9.2329,90
1e8c7489,21731,9.2356,90
71bf0047,24061,9.2356,103
69686d6e,23662,9.2356,103
3568fddb,29418,9.2356,117
3cdc7e09,22423,9.2356,90
16f567e1,29111,9.2329,117
7fe5e9fd,31035,9.2356,139
31ec637e,25793,9.2356,103
4318c6bd,26176,9.2329,103
1e4d36f6,25708,9.2356,103
1cebd4e1,23444,9.2356,103
7339022c,31512,9.2356,141
76910fd8,28514,9.2356,117
7656feb4,22037,9.2356,90
4dc5aa30,30133,9.2356,132
3354839f,30010,9.2356,132
7b8aaafb,22029,9.2356,90
3a684860,25663,9.2329,103
5a9ce137,29234,9.2356,117
4d43c980,32140,9.2356,141
63306fa1,24170,9.2356,103
1be310ef,29109,9.2356,117
264bdffd,28318,9.2329,117
757be589,25545,9.2329,103
75171d7d,31370,9.2356,117
153a3919,31418,9.2356,117
165d3739,24668,9.2356,103
6e91b638,22306,9.2356,90
23a0b262,25971,9.2329,103
7389d9fa,30610,9.2356,134
6796a5fe,22897,9.2356,101
188db2ca,23993,9.2356,103
7b4ef795,28782,9.2329,125
5ddb693c,25703,9.2356,103
fb09e2c,23635,9.2356,103
7a5e66f2,21704,9.2356,90
51421841,23214,9.2356,101
3fc28023,30501,9.2384,134
76a0d473,27662,9.2356,117
7034d112,25638,9.2384,103
7bfe70c6,25909,9.2384,103
729ee0bd,23729,9.2301,103
26da1d1,25264,9.2356,103
54874ccf,27819,9.2384,117
5c776ed9,24728,9.2356,103
5969f6e2,25704,9.2384,103
36e5a737,12378,9.2301,61
58ea7410,22011,9.2384,90
3f0cc872,27273,9.2356,114
2944f797,25984,9.2384,103
32832197,22868,9.2274,101
39428923,23914,9.2384,103
25960369,27820,9.2384,117
60549921,22030,9.2384,90
6e2222f3,25637,9.2384,103
15586307,31312,9.2384,117
45062939,24757,9.2384,103
6820bb2b,22289,9.2384,90
2c79ba9f,23434,9.2356,103
53b32059,21411,9.2356,90
31b3d597,28781,9.2384,125
278884f7,23918,9.2384,103
2e65bd3f,29513,9.2384,117
4a1c9ace,24994,9.2329,103
2bd07c50,23471,9.2384,103
61ab209b,21898,9.2384,90
267af65,30437,9.2384,134
c7cd3c3,30634,9.2384,134
2c039f0d,29691,9.2384,117
4995421,29963,9.2329,132
3c8e13d1,25636,9.2384,103
32d8fa2,21981,9.2356,90
33e6933d,21028,9.2384,90
57dc543d,23717,9.2384,103
7d90e13c,25517,9.2356,103
31cc75c4,27803,9.2356,117
5e73acc0,25580,9.2384,103
598ba348,22872,9.2384,101
43e8371f,25789,9.2356,103
23682044,24721,9.2384,103
29fddcb4,24059,9.2384,103
71d803b8,17108,9.2384,76
320eb4ef,22591,9.2384,88
361bd005,25694,9.2384,103
2af69b52,21139,9.2384,90
5493bc82,31468,9.2384,117
65e7a06b,31078,9.2384,117
2289c9f4,23465,9.2329,103
c15ea65,22408,9.2384,90
4afabe58,26215,9.2384,110
795bb42d,3679,9.2384,29
3c46c29,23190,9.2329,101
5cc7a4bd,26082,9.2384,103
5b7870c2,23192,9.2411,101
3752d430,31498,9.2411,141
28c5b4fc,29589,9.2411,129
651ee1d5,31065,9.2411,117
84030e9,24796,9.2384,103
571b1855,31543,9.2384,141
1026af43,31467,9.2411,117
2b8c1f8c,30635,9.2411,134
31f41a23,31056,9.2411,117
34933ab5,22280,9.2411,90
3d5d93b6,23486,9.2384,103
18a46fe9,21275,9.2356,90
9904bdc,23586,9.2384,103
24fb9ec9,25567,9.2356,103
756a79c3,22857,9.2384,101
4e8a8ba0,23152,9.2356,101
45cfe706,23686,9.2411,103
3d3a24a0,26226,9.2411,110
7a3458c3,21783,9.2356,90
1bb8e6a5,21732,9.2411,90
3b389906,25997,9.2411,103
57cbb5e5,31432,9.2411,117
b9afc77,31464,9.2411,117
4dae5ac8,29714,9.2411,117
58037bd2,26138,9.2384,103
526d89aa,24435,9.2411,103
e48bed4,30096,9.2411,132
48b641d7,22903,9.2411,101
b287ef8,29480,9.2411,117
353686ee,24869,9.2356,103
7ec32082,23339,9.2411,88
5dcc9856,23406,9.2384,103
4816e74,21035,9.2411,90
4c161fa2,25167,9.2411,103
4d96f138,24459,9.2411,103
2a360f38,24131,9.2411,103
254b36c4,27663,9.2411,117
59dcc6c0,21305,9.2411,90
2339f3f2,28382,9.2411,117
39ec7762,25551,9.2356,103
45ed8b8d,30503,9.2411,134
7a38af36,25996,9.2384,103
167265e0,23611,9.2411,103
4cff472b,21022,9.2384,90
65671cda,31513,9.2411,141
71420390,25173,9.2411,103
5a994e5f,22969,9.2411,101
511ec80d,25903,9.2411,103
5fc16d89,25813,9.2411,103
69b1af45,29712,9.2411,117
346def65,25796,9.2411,103
2496b401,24183,9.2411,103
70ef383f,28489,9.2384,117
14c06ae0,31545,9.2411,141
5e2a3a96,27277,9.2411,114
578dcfac,25525,9.2411,103
400d38d7,15433,9.2384,73
626c1a65,25794,9.2438,103
56a7b088,28319,9.2438,117
6d1d6234,21757,9.2411,90
54d42094,25893,9.2438,103
7d367159,12421,9.2384,61
7f8be3a8,26281,9.2438,110
1b7627d5,23591,9.2438,103
798132af,21433,9.2384,90
c247d8b,23759,9.2438,103
42d669ef,23908,9.2438,103
62e044be,30034,9.2438,132
2705359d,25444,9.2438,103
12041607,31584,9.2438,141
3d63e9e9,23889,9.2438,103
4c8b66bb,24182,9.2438,103
2c2e1e20,29226,9.2438,117
1e28818c,22662,9.2438,88
3c261f01,25853,9.2411,103
1ab5f52a,24530,9.2438,103
2b8f0880,29552,9.2438,129
3b63a595,25750,9.2438,103
770cdccf,23467,9.2438,103
2df20743,23663,9.2438,103
6ba7e6af,21215,9.2438,90
21a0cbeb,22281,9.2438,90
72b81c57,23130,9.2438,101
63c35c6b,22913,9.2438,101
5eb6974f,23588,9.2438,103
79eef0e1,25625,9.2411,103
4b06112f,21818,9.2438,90
32df3c20,21782,9.2438,90
5839c9db,21340,9.2438,90
56de53c5,30504,9.2438,134
5a6f5602,25458,9.2438,103
41d536ae,24318,9.2438,103
2d2aaf58,23770,9.2384,103
203f3890,26177,9.2411,103
665fb8e1,24043,9.2438,103
455fa9ce,22873,9.2438,101
6d4cea8c,25032,9.2438,103
70bec2e0,31027,9.2438,139
54daf749,23424,9.2438,103
2c72c2e5,23554,9.2438,104
37f1ff3a,24287,9.2384,103
31de82e6,25804,9.2438,103
bf3d2a7,21899,9.2411,90
323d5b2b,24436,9.2438,103
324ab639,23239,9.2411,101
3052f47a,25213,9.2438,103
124c2b66,28448,9.2438,123
755e9924,30432,9.2384,134
2de270a7,25942,9.2438,103
330ddea2,21304,9.2466,90
273e3a75,28839,9.2466,125
14db1d9d,28395,9.2466,117
15cd219b,24618,9.2466,103
2b940ccd,31462,9.2466,117
435088b3,22427,9.2466,90
76b13fd3,22952,9.2466,101
3acae36d,23160,9.2466,101
4677cc56,26141,9.2466,103
5b209d41,22064,9.2438,90
4d0e4231,25542,9.2466,103
323ea3e4,23587,9.2466,103
67349125,24559,9.2466,103
5f02ff45,21763,9.2466,90
276f8d8f,29910,9.2466,130
64b3c174,22265,9.2466,90
184f4c99,31465,9.2438,117
5fa9fdf7,24178,9.2466,103
47787828,30468,9.2438,134
1799d990,22031,9.2466,90
4c413d19,30167,9.2466,134
2e889b8c,30601,9.2466,134
24878144,29587,9.2466,129
3ede8def,24729,9.2466,103
2a362b06,25480,9.2466,103
67d296fd,29113,9.2466,117
223ed6eb,21971,9.2384,90
48806ddb,23877,9.2466,103
2bdb1f1c,24872,9.2466,103
27b20d1,25029,9.2438,103
716d3b1d,22413,9.2466,90
25b03255,23408,9.2466,103
1c55e7cd,28488,9.2466,117
6e156d8d,25581,9.2466,103
35b3b536,28449,9.2438,123
2d1ec54e,25541,9.2466,103
9986822,29420,9.2466,117
4c241599,31074,9.2466,117
6416132e,30035,9.2466,132
3f798e57,25666,9.2466,103
756a38e2,3680,9.2411,29
190e630b,23235,9.2438,101
3eadb8bc,22002,9.2466,90
60d8b630,30322,9.2411,134
1a242aa3,23469,9.2466,103
118f880f,24441,9.2466,103
4234bada,22896,9.2466,101
79fee10d,25817,9.2493,103
49303c49,28784,9.2438,125
24921a90,16902,9.2493,76
431786b2,24470,9.2466,103
4d6fe154,31026,9.2493,117
5f54ec4,21831,9.2493,90
31879270,28482,9.2493,117
4edaa0e4,25902,9.2493,103
7c8d8d2a,22417,9.2493,90
53a16f11,16428,9.2493,37
5eb87307,22895,9.2493,101
541928af,24437,9.2493,103
45fe35b4,23238,9.2493,101
550a04fc,29713,9.2493,117
d0b30ab,29884,9.2493,130
10364a46,22935,9.2466,101
19a0e3e4,26092,9.2493,103
24d19e61,31539,9.2466,141
21f953e3,12365,9.2493,61
75a3b11f,25498,9.2493,103
587eb109,21125,9.2466,90
57e5b197,31314,9.2438,117
7f6f1f9c,23927,9.2493,103
14e23dd9,25515,9.2493,103
7c214d13,23932,9.2493,103
6b22209,23224,9.2493,101
1265ebc,22982,9.2493,101
4afb7b4,29965,9.2493,132
72902be7,25065,9.2493,103
6525edd6,22924,9.2493,101
56458c70,28339,9.2493,117
2f2e931b,26178,9.2493,103
5c125a0a,31339,9.2493,117
16134703,24060,9.2493,103
6ccf6fbd,25087,9.2493,103
37a28f74,25081,9.2466,103
40768155,31282,9.2493,117
79ae4180,24138,9.2493,103
75092ae9,31083,9.2493,117
39a8af40,26282,9.2493,110
622c1172,25956,9.2521,103
41d6fb6c,24132,9.2521,103
4aff0097,31540,9.2521,141
769d3543,23443,9.2521,103
7f3fef95,24057,9.2493,103
74b81d63,23437,9.2521,103
2c39503,24873,9.2493,103
308ac674,31526,9.2521,141
2f22da0b,12379,9.2521,61
1b459989,25075,9.2493,103
5b06c6f,22914,9.2521,101
636fb3cb,29935,9.2521,117
5a24cf2f,25459,9.2521,103
6d1a8c33,30449,9.2521,134
6b4f46eb,25092,9.2521,103
75a041a2,22428,9.2521,90
901b58e,22290,9.2493,90
30c3db89,26193,9.2521,103
212aab64,25815,9.2521,103
567053b2,22051,9.2521,90
52d92137,31158,9.2493,117
7c68b776,24551,9.2493,103
86d4214,31541,9.2521,141
5cd46d68,32141,9.2521,141
471f2f5c,22866,9.2493,101
7ef5f3ce,22970,9.2521,101
1cea63e6,26192,9.2521,103
7aa5c4a1,21794,9.2521,90
63aaf23e,27770,9.2521,117
5d7144d8,26230,9.2493,110
ccba73b,29549,9.2493,129
535ae867,22039,9.2521,90
43711017,22412,9.2521,90
541d0b5d,27276,9.2521,114
77fe3145,28783,9.2466,125
4509158,23468,9.2438,103
207eece6,23869,9.2521,103
614f31b,25742,9.2521,103
715d75ad,25764,9.2521,103
3ae72239,22660,9.2521,88
14c8c42f,26021,9.2521,103
3c154839,12367,9.2521,61
25ce052b,25381,9.2493,103
76889007,29421,9.2521,117
315a9b59,3602,9.2521,29
6b5b9a81,28451,9.2493,123
71316a5a,16914,9.2493,76
72c478af,23171,9.2548,101
6486a24e,25582,9.2521,103
533eb3cd,25387,9.2548,103
29a7604a,23550,9.2521,103
78f774d1,31466,9.2548,117
7bee8603,23975,9.2548,103
29322d53,23917,9.2548,103
f344363,12366,9.2548,61
1d03d7ff,16429,9.2548,37
5e116972,29158,9.2521,117
2e28bbc6,23760,9.2548,103
66719f56,23718,9.2521,103
4bf3f7a0,24870,9.2548,103
48cc6d0e,22205,9.2548,90
1dc3d79c,22951,9.2521,101
7722605d,22288,9.2548,90
69b7f6f3,22228,9.2548,90
23b8c7ee,25501,9.2466,103
8b77a8a,25334,9.2548,103
b4b2337,25526,9.2548,103
212505ef,24878,9.2548,103
7518daa1,25033,9.2521,103
6f8f8a8b,29715,9.2548,117
aeda723,23682,9.2548,103
39bdefde,23665,9.2548,103
6bbd2145,24768,9.2521,103
78f5256b,23626,9.2548,103
1f4651e9,27769,9.2548,117
46718ce3,21306,9.2548,90
49539ec0,25204,9.2548,103
624424cc,30475,9.2548,134
188e2020,21728,9.2548,90
4b6629a6,21733,9.2548,90
548a6d30,30134,9.2548,132
42f01a27,23689,9.2548,103
3dbc01b5,28396,9.2521,117
1ae993dc,27987,9.2548,117
17837495,24724,9.2548,103
378d5071,25778,9.2521,103
62fd6dde,31159,9.2548,117
182c433e,28437,9.2548,117
4e8d4494,29982,9.2521,132
1a4497d4,29932,9.2466,117
600b0211,25754,9.2548,103
1b4f99cc,20962,9.2548,90
44065360,23619,9.2548,103
23e031e7,25994,9.2548,103
1da4f878,21874,9.2548,90
25077a57,30557,9.2575,136
71a1dc57,25628,9.2548,103
7f359249,22397,9.2575,90
4b7c8d23,24442,9.2575,103
55b783d9,31028,9.2548,139
63eb633b,16915,9.2575,76
1cd75875,21381,9.2575,90
33edcb59,22253,9.2575,90
5a2d3fb6,22424,9.2575,90
62676d73,29357,9.2575,117
445585ba,31582,9.2575,141
193f396a,31581,9.2575,141
2a5c7574,31031,9.2575,139
5695a32c,27805,9.2575,117
730989b9,29692,9.2575,117
1b99aa37,24139,9.2548,103
7b0d2447,24738,9.2575,103
32331987,25695,9.2548,103
d481a39,24000,9.2575,103
394dad6b,23446,9.2575,103
5bd6c1b5,23168,9.2575,101
496bf994,24440,9.2575,103
494a8e65,24439,9.2575,103
633e3e1f,25383,9.2575,103
244ee5e0,23555,9.2575,104
4341e181,26180,9.2575,103
2eea7993,28530,9.2548,117
55ed2824,26168,9.2575,103
47b12a40,21875,9.2575,90
3aeaf5c4,22254,9.2575,90
1f671455,31156,9.2575,117
2340dc0,24573,9.2548,103
23f7a395,6343,9.2575,1
6d5a7e81,22661,9.2575,88
f3f23b,12380,9.2493,61
27918bcc,24626,9.2575,103
39647fa0,31463,9.2575,117
7f4b07b,23994,9.2575,103
1809e894,22915,9.2575,101
33edcfb2,23197,9.2603,101
2772553,25855,9.2603,103
29ee2f10,29959,9.2575,132
bbb253e,29590,9.2603,129
5ca13195,24977,9.2603,103
16ce5ec,25215,9.2603,103
5922cc7e,23664,9.2521,103
be280b1,23169,9.2548,101
5e1a35c1,6330,9.2603,1
38bfe86b,21389,9.2521,90
77b1923e,30052,9.2603,133
68497371,31157,9.2575,117
67f2f784,22984,9.2548,101
20c9b7a1,28524,9.2575,117
5b12e1e4,22437,9.2521,90
78e3c30c,25992,9.2575,103
19af9652,31585,9.2603,141
85d5543,30132,9.2575,132
65c48f56,30472,9.2575,134
29155fcb,17210,9.2575,76
4f881246,30131,9.2575,132
2d219994,25818,9.2603,103
4f286e25,30168,9.2603,134
6ce22573,25854,9.2603,103
386ed75e,21301,9.2603,90
6f0ad423,25390,9.2603,103
31709682,30505,9.2603,134
609ff1a6,26179,9.2493,103
204f1475,30097,9.2603,132
5d7b64b2,25082,9.2603,103
646918f2,31488,9.2603,117
7be4c718,22438,9.2603,90
235088ad,23761,9.2603,103
25083681,16918,9.2603,76
98a045a,24353,9.2575,103
218826b,26216,9.2603,110
548bce74,24450,9.2575,103
73b931a8,22040,9.2603,90
17e1bd60,23448,9.2603,103
4e90d312,21413,9.2603,90
44624cda,24464,9.2603,103
2f6964cd,30626,9.2603,134
7eec018f,31531,9.2603,141
647ca98f,29229,9.2603,117
2cbcee51,29112,9.2603,117
7aee6380,26214,9.2603,110
652108e7,24290,9.2603,103
2ea4bc74,21239,9.2603,90
27df3843,25725,9.2575,103
4485382e,30076,9.2603,132
290e7669,22398,9.2603,90
22c22820,31315,9.2603,117
7c01011b,22379,9.2603,90
11a802fd,24797,9.2603,103
2d09b763,25592,9.2603,103
4b4f939f,24771,9.2603,103
787f21fe,23006,9.2603,101
c02fe33,29967,9.2575,132
5d6caaa4,23627,9.2575,103
6a0809fd,22905,9.2575,101
6af5c9f4,25687,9.2575,103
6bf9a593,21566,9.263,90
70112db9,25995,9.2603,103
48908095,25737,9.263,103
62fd2f9b,12433,9.263,61
6964f715,31544,9.263,141
7153e1ab,24940,9.263,103
7a5989ed,24627,9.263,103
483e4857,22295,9.2575,90
2f877d05,22057,9.263,90
41b79fe7,28779,9.263,125
1df542b8,25726,9.263,103
3fbf0843,29912,9.2603,130
58cb840b,12368,9.263,61
771760dd,31057,9.263,117
4dd1f298,22418,9.263,99
59aac172,25158,9.263,103
241f2507,31538,9.263,141
6842a8d1,25885,9.263,103
2ac5c273,29690,9.263,117
77992f42,22313,9.263,90
256b3708,26139,9.263,103
780119bf,26218,9.263,110
5f8324e,24552,9.2603,103
12aaed8,29547,9.263,129
7d851a82,24443,9.263,103
d39286c,23579,9.263,103
491711c7,24732,9.263,103
1d9f3a53,23688,9.263,103
481b6268,26093,9.263,103
c25494f,28831,9.263,125
7dcde825,25978,9.263,103
1964186d,24739,9.263,103
a7f310b,30135,9.263,132
67f00d3b,30885,9.2603,117
2cb66e3a,21113,9.263,90
f26fec5,24798,9.263,103
3ea83749,24352,9.2603,103
736e781,24871,9.263,103
74327905,23842,9.2658,103
6bea1e07,22971,9.263,101
2c036ab6,23427,9.2658,103
14876e4c,23629,9.2658,103
243d99b2,22204,9.2603,90
43a03661,28525,9.2658,117
78010234,23995,9.2658,103
575be676,25727,9.263,103
1f631526,28510,9.2658,117
5d322b95,32097,9.2658,141
2dd282a5,24725,9.2658,103
2532b93f,29591,9.2658,129
227f429a,27821,9.2658,117
6e5dabc3,22059,9.2658,90
5723cb07,25910,9.2658,103
67e86b9d,25335,9.2658,103
3f5b8e68,22426,9.263,90
3cdb39f3,25641,9.2658,103
debdf63,23445,9.263,103
7569a69c,25918,9.2658,103
51799f2f,21379,9.2658,90
32b263a6,29911,9.2603,131
54b49372,12381,9.263,61
5c1539f6,28841,9.2658,125
57c3d0a2,21151,9.2658,90
6fa6c180,29409,9.2603,128
723babbc,25481,9.2658,103
5335590e,26110,9.263,103
1a3ac50a,25412,9.2658,103
43c9bd0c,30558,9.2658,136
6c008882,31396,9.2658,117
15845125,30559,9.2658,136
59dad40a,30473,9.2658,134
577523e0,23690,9.263,103
1fad4d74,21456,9.2658,90
3f59e514,23153,9.2658,101
86386a3,30101,9.2658,132
7966921,25413,9.2658,103
79822010,24735,9.2658,103
9831b71,25803,9.2658,103
1d41d27c,25220,9.2658,103
292a7f94,21382,9.2658,90
41c05801,28840,9.2658,125
50899bdb,22985,9.2658,101
43c87184,28521,9.2658,117
396460b6,23240,9.2658,101
6a85156a,24133,9.2658,103
7a2727cb,25630,9.2658,103
666c2c17,24628,9.2658,103
66a8250f,25382,9.2658,103
5dd40bce,29553,9.263,129
7c5398bc,22605,9.2658,88
3f89e182,25589,9.2658,103
38027ef0,30075,9.2658,132
1fa5b4a2,31433,9.2658,117
7f534992,17123,9.2658,76
fa6220b,24734,9.2658,103
24f838f1,25598,9.2685,103
164a9868,26083,9.2685,103
73304cea,25552,9.2658,103
4d389efd,22206,9.2685,90
28e2181b,28400,9.2685,117
6aa95cb7,24719,9.2685,103
6de0916d,31401,9.2685,117
1b8f1a14,21729,9.2685,90
12c9a0ee,23131,9.2685,101
2a53506c,24056,9.2685,103
a3ffd75,25979,9.2685,103
41a9b098,25388,9.263,103
6903199c,23891,9.2685,103
36120a82,31079,9.2685,117
1b667916,23132,9.2685,101
70beb7d5,30474,9.2685,134
2ed30152,25716,9.2685,103
73537df2,24845,9.2685,103
4621d220,22881,9.2685,101
2ed55fd,23172,9.2685,101
237db45b,25700,9.2658,103
248d1938,22912,9.2685,101
358e83a9,21036,9.2658,90
5d5ad407,31082,9.263,117
5c36dce9,21140,9.2685,90
35f020ec,21390,9.2685,90
7978abb3,26252,9.2685,110
9e5c781,23226,9.2685,101
188a1831,21279,9.2658,90
38aafcfe,30644,9.2685,134
33dbed00,23679,9.2685,103
7184cd7,22266,9.2685,90
3b814ab4,25518,9.2685,103
54a30c36,31527,9.2685,141
387c584f,17122,9.2685,76
7d47d563,23879,9.2685,103
4ca2e495,22663,9.2658,88
2c938b,26094,9.2658,103
328302f,21470,9.2685,90
5a480de1,23154,9.2685,101
501082b3,24834,9.2685,103
684ca4c9,22405,9.2685,90
19e73706,25315,9.2685,103
3025d9dc,25894,9.2685,103
423aeee3,29235,9.2685,117
26ee8de4,20956,9.2685,90
3c53bbdd,31559,9.2712,141
1cace456,29370,9.2685,117
9f44cd6,25041,9.2712,103
5ba771a1,25556,9.2712,103
7a8ba45b,21380,9.2712,90
3d3ad12c,24291,9.2712,103
1fe6108,22256,9.2712,90
2a470f1d,22229,9.2685,90
ea4ce9c,27278,9.2712,114
4a0d598d,26128,9.2712,103
6d0385eb,25482,9.2712,103
1f074f62,22916,9.2685,101
d2a9478,30450,9.2712,134
2dcb6561,22400,9.2712,90
5c1691ee,22607,9.2712,88
794fa951,24002,9.2712,103
209f6b54,24773,9.2712,103
5609f24b,30890,9.2685,117
1671136d,24052,9.2712,103
3ef89085,24247,9.2712,103
3a79a32a,24471,9.2712,103
61e7aafa,25593,9.2685,103
7dfc538a,25093,9.2685,103
78e59727,24608,9.2712,103
2e34c06,21474,9.2712,90
2f172ee8,22347,9.2712,90
7574cf83,25189,9.2712,107
29980bad,23691,9.2712,103
7d10fd16,25553,9.2685,103
650b1dce,26219,9.2712,110
5ffc7e2f,21034,9.2712,90
257ec08b,23479,9.2685,103
5269a13e,26136,9.2712,103
7e526ce7,23620,9.2658,103
2837f8be,25503,9.2712,103
1486f691,24716,9.2685,103
2122e21c,24451,9.2712,103
472f0612,29592,9.2712,129
6dc7b804,23438,9.274,103
7aa24f0a,31533,9.274,141
59331cb1,24284,9.274,103
7d5f62be,31601,9.274,141
5e1323d6,21795,9.274,90
66139e13,28842,9.274,125
4d7e5577,22892,9.2712,101
7f99a9f0,25667,9.274,103
36440d4d,30062,9.274,132
5e76ce90,25502,9.274,103
1f61977b,24003,9.274,103
65787182,23902,9.274,103
1b2a74b3,26084,9.2712,103
d642721,21238,9.274,90
8e3f2e2,30074,9.2712,132
2e31761d,31577,9.274,141
5ffc41bd,31154,9.274,117
5cb31dd0,24730,9.2658,103
217d9e78,26077,9.2685,103
14f47519,25634,9.274,103
317f187,21195,9.2658,90
aee9471,25159,9.2712,103
26b3ee66,22058,9.274,90
622a2afd,24789,9.274,103
5541d71c,23441,9.2712,103
628d6678,31579,9.274,141
69669ffa,30465,9.274,134
501f8c6e,29652,9.274,117
63d12952,23909,9.274,103
38f3eb03,31516,9.274,141
3ccbb2af,22983,9.274,101
2bf24e6a,21037,9.274,90
78871c74,23208,9.274,101
65372aa8,25110,9.274,103
4967b69c,25805,9.274,103
23168d5b,24567,9.274,103
49ad1c9,21902,9.2685,90
58a4d998,21727,9.274,90
2c835746,28780,9.2712,125
6675fede,30638,9.274,134
3b686bd8,26140,9.274,103
69aee1e5,21764,9.274,90
17b88d51,21489,9.274,90
2137c187,22255,9.2767,90
597958d2,22267,9.274,90
47463bd1,24607,9.2767,103
64c6e9e5,23580,9.274,103
14c7f46d,31578,9.2767,141
b63248b,29554,9.274,129
184f52fd,25357,9.2767,103
1015dded,25919,9.274,103
5a924d12,22882,9.274,101
6e216a96,22033,9.2767,90
45ee9fa3,22932,9.2767,101
57bbbce9,25207,9.2767,103
3581c459,31319,9.274,117
50916da5,22300,9.274,90
6133f393,21903,9.2767,90
6b6547a8,30058,9.2767,132
10b9f2d2,25042,9.2767,103
50fdf591,22149,9.2767,90
bda566e,25067,9.2767,103
750b93ed,30063,9.2767,132
3492c2e3,29049,9.2767,127
bfcf89d,31514,9.274,141
524ca6aa,21641,9.2767,90
7bf1c3f5,24285,9.2767,103
595693b2,24981,9.2767,103
3502b015,23174,9.2767,101
1698aafd,30645,9.2767,134
7757bc3e,24793,9.2767,103
1a716a65,30418,9.2767,134
3ad3f326,23161,9.2767,101
593306e4,23666,9.274,103
13cff7b0,25519,9.2712,103
27c95ee,21876,9.274,90
27930c44,23636,9.2767,103
66562a74,21309,9.274,90
a483379,22251,9.2767,90
6cfd143b,30061,9.274,132
53b3d4cc,24794,9.2767,103
6dc02f88,24560,9.2767,103
4e15144,21302,9.2767,90
4ff9795a,28528,9.2767,117
4ba1f052,24568,9.2767,103
679485e,24243,9.2795,103
81c52a4,31517,9.2795,141
278bea06,31549,9.2767,141
c2bc954,31080,9.2795,117
48cc8be3,29593,9.274,129
43b111c,25982,9.2795,103
6e58ea4d,24795,9.2795,103
3c6bffbb,31550,9.2795,141
1054e846,24438,9.2795,103
4c3ba8a1,23487,9.2795,103
651839e9,32248,9.2795,141
66d94d6,30037,9.2795,132
42a8f65e,31469,9.2795,117
31cc5a85,21363,9.2795,90
1d3b0de8,24474,9.2795,103
20a392bd,31532,9.2795,141
4502031,30470,9.2795,134
6ef1df49,21900,9.2795,90
5fe07952,31602,9.2795,141
3d3aa860,30102,9.2795,132
1b0e300,25799,9.2795,103
4e40aaf,25574,9.2795,103
648f86ed,31583,9.2795,141
c1e4bb4,26132,9.2767,103
3415b11a,26285,9.2767,110
ab001d4,22917,9.2795,101
2ea5c35f,25575,9.2795,103
36858088,17126,9.2795,76
48382e07,30039,9.2795,132
420c2875,21126,9.2795,90
4233a450,25043,9.2795,103
3a5bf680,25068,9.2767,103
cc154f1,25590,9.2767,103
58a8fd5e,30556,9.2795,136
51e9b85a,31281,9.2795,117
72856d92,25846,9.2822,103
2dcb46b6,25208,9.2822,103
32161c5c,22972,9.2822,101
647c9000,25265,9.2795,103
2ea1592c,25983,9.2822,103
77915897,31343,9.2822,117
985e25,23451,9.2795,103
2ee4696,24063,9.2822,103
262217de,21421,9.2795,90
5b8ab66d,22299,9.2822,90
175bcdb7,31530,9.2822,141
19a1a24f,23933,9.2822,103
690b8d1b,17127,9.2822,76
5f21fb03,26283,9.2822,110
da96021,22214,9.2822,90
51160754,21819,9.2795,90
45b174e3,24062,9.2795,103
70e75a1b,22933,9.2822,101
20ce5ee7,31534,9.2822,141
4183d10d,25642,9.2795,103
fdba3b2,31397,9.2822,117
b50ae67,30161,9.2822,134
452617d0,16919,9.2822,76
4f04c5c2,28835,9.2795,125
174d50f5,24227,9.2822,103
4819f0a8,22268,9.2822,90
1a0d1c2a,25389,9.2822,103
6f60102c,29177,9.2822,117
12573fcd,21833,9.2822,90
15cc119f,22401,9.2822,90
6752b340,31515,9.2822,141
85c2ef6,26200,9.2822,103
4cfa0e5a,25599,9.2822,103
235ec167,30502,9.2822,134
566b6c7a,21765,9.2822,90
3c6171,29936,9.2822,117
4bb0ee8d,22053,9.2849,90
24511d44,29986,9.2849,132
15a645ef,22005,9.2795,90
2316c2c1,26000,9.2849,103
4d13bca6,25626,9.2822,103
1893099a,28529,9.2822,117
696a9e49,30639,9.2849,134
61e9734a,25094,9.2849,103
39013a85,29555,9.2849,129
69a7478f,22017,9.2795,90
3bf050e,21280,9.2849,90
69f84cf8,29422,9.2822,117
493cfb47,25520,9.2849,103
79d935f7,24710,9.2849,103
2a119e7c,22934,9.2849,101
1a5884a,21440,9.2849,90
2fedadfa,31393,9.2849,117
1f2b437d,29985,9.2849,132
396fdc9a,21152,9.2849,90
14a5f425,25569,9.2795,103
56e51936,30053,9.2849,132
1390883c,28452,9.2822,123
54dc0dd8,22348,9.2849,90
6f63cfba,24001,9.2849,103
113147c9,26078,9.2849,103
677fcbb,23890,9.2822,103
9ce8ab8,31032,9.2849,139
32f19360,21307,9.2849,90
7fad9512,30713,9.2849,117
439e849b,25779,9.2849,103
580a9c2e,26201,9.2849,103
5ff5d477,21422,9.2849,90
6878394e,3603,9.2849,29
649f3383,28843,9.2795,125
c5b3201,22316,9.2795,90
7dfc0991,24836,9.2849,103
4c0415b,23934,9.2849,103
54e7ed29,22399,9.2877,90
4979cf1d,21758,9.2877,90
1c672709,29110,9.2877,117
1ca1595,24065,9.2849,103
6a2f3e20,24733,9.2877,103
6d29155f,21734,9.2877,90
4853289c,21417,9.2877,90
1964fabe,26133,9.2849,103
aa9198c,25426,9.2877,103
2f0f766b,23667,9.2877,103
7ec9acde,25701,9.2877,103
404608b3,31084,9.2877,117
56898e47,22269,9.2849,90
20b614e,30098,9.2849,132
53ed1de0,23919,9.2822,103
49d5b94d,23474,9.2877,103
1566f885,23428,9.2877,103
1fef951b,24449,9.2877,103
58edb17,30138,9.2877,132
4beda175,24558,9.2822,103
69edda5d,21877,9.2849,90
ac9cd36,23998,9.2877,103
796ce91b,16445,9.2877,75
5fac094a,27759,9.2849,117
58140fd0,26129,9.2877,103
16b8a6fc,21457,9.2877,90
6c5fff2c,24242,9.2877,103
1c70c999,31603,9.2877,141
24adf3d,22931,9.2877,101
3d936067,31226,9.2849,117
4581828a,23170,9.2877,101
5f27b7a2,25504,9.2877,103
bc0284c,25629,9.2877,103
7910ef0e,23218,9.2877,101
2df6f10b,23810,9.2877,103
642ab3ed,26284,9.2877,110
73292650,31717,9.2849,141
652826d,30886,9.2877,117
c5a58a3,29114,9.2877,117
566a7a93,24354,9.2877,103
62aab49c,30565,9.2877,136
4732c276,25904,9.2877,103
16be8e8a,23165,9.2877,101
273af26b,21278,9.2877,90
35694d0b,22310,9.2877,90
6b288445,22301,9.2877,90
9809d74,22298,9.2849,90
650ffed2,25160,9.2877,103
4d3fc41a,23678,9.2849,103
79599f85,30404,9.2904,134
4e2e5519,30099,9.2904,132
6a784b0,23630,9.2877,103
2982328d,21038,9.2877,90
431099bf,25384,9.2904,103
24e471f4,21730,9.2877,90
282493f4,21127,9.2904,90
f593e8b,24465,9.2877,103
11f4775a,31058,9.2877,117
4d3f545e,21735,9.2849,90
2bccf3d0,24135,9.2904,103
1362aa7e,29514,9.2904,117
148e1237,22294,9.2904,90
2672e95b,21901,9.2904,90
6aeccc36,25985,9.2904,103
6cdbba4f,31489,9.2904,117
8201249,30616,9.2877,134
39a91a27,30040,9.2904,132
35a8fc58,21492,9.2877,90
4903160,25591,9.2904,103
5870ea8,25414,9.2877,103
c2ad9e1,23002,9.2904,101
7da38261,22263,9.2904,90
f9bebb1,24466,9.2904,103
3fa709f5,28531,9.2877,117
a05d013,31716,9.2904,141
7c9dbaf8,22926,9.2849,101
50bae563,31402,9.2877,117
99e7657,25808,9.2904,103
31ebd59f,30615,9.2877,134
1ad30bb7,24879,9.2904,103
617d6670,25752,9.2904,103
45dcb704,29983,9.2932,132
42cac321,24569,9.2932,103
2d62a1ca,27279,9.2932,114
1770f6fe,21361,9.2932,90
27261cf0,21839,9.2932,90
762fb87,30560,9.2904,136
13a5f381,23475,9.2932,103
29892bf,30036,9.2932,132
2b717cce,25684,9.2932,103
3c2724cc,23217,9.2932,101
53f9b278,23920,9.2932,103
2c094e0c,31505,9.2932,141
108c89f7,22212,9.2904,90
48d71528,20955,9.2932,90
30bb0024,23225,9.2904,101
353f43bb,25671,9.2932,103
5320023e,31520,9.2932,141
2717ea9c,21383,9.2904,90
4f45747a,23439,9.2932,103
28d4b2,25483,9.2932,103
53ca077b,22350,9.2932,90
4b114494,22925,9.2904,101
2f131f28,24235,9.2932,103
113f14e1,25635,9.2849,103
6958d33c,21865,9.2932,90
6aaae0b3,25576,9.2932,103
2bde2c96,30046,9.2904,132
1796b4f,31344,9.2932,117
74d2cf08,29914,9.2932,130
1c838c9a,23164,9.2904,101
336d7d05,22991,9.2932,101
e7faca3,21491,9.2932,90
4fcf842e,22238,9.2849,90
549f9b66,32296,9.2904,141
1f094064,21490,9.2932,90
74d5c180,30637,9.2904,134
54783a33,23163,9.2932,101
ca5f0ec,26196,9.2932,103
7fcc4f6f,21216,9.2932,90
57a0bf5b,23870,9.2932,103
9a9f28b,29716,9.2932,117
421cae3e,25780,9.2932,103
33eec737,23478,9.2959,103
3c3ce224,24134,9.2959,103
619d0401,21045,9.2959,93
40d9a580,25806,9.2959,103
7cb7886a,24064,9.2959,103
65bbe10,26228,9.2932,110
2e3faac0,31324,9.2959,117
9759c67,28533,9.2959,117
412c44,23621,9.2959,103
10909165,29903,9.2877,130
40f510fe,25643,9.2959,103
134fcb8a,29987,9.2959,132
367cfb20,22314,9.2959,90
3fd6c2a7,21418,9.2959,90
57cc5743,28438,9.2959,117
62e451,24711,9.2932,103
3ab2d5ab,25500,9.2959,103
6b468c26,24146,9.2959,103
5d96edf3,21419,9.2959,90
620cb813,25986,9.2932,103
574f9d5e,22351,9.2959,90
7bfc1591,25445,9.2959,103
24848174,26079,9.2959,103
23cf69d7,29423,9.2959,117
130a7989,24736,9.2959,103
4bdc87cb,31405,9.2959,117
4eb4be70,24250,9.2932,103
eb2401e,26194,9.2959,103
33a7d458,24610,9.2986,103
1ceaef38,29913,9.2986,130
5ffc39c3,26229,9.2986,110
774685eb,22953,9.2986,101
6be889ad,25484,9.2959,103
3d469c1c,21420,9.2986,90
66e0959c,24478,9.2986,103
6162bea5,24880,9.2986,103
2db82557,30646,9.2986,134
6e9284d6,23592,9.2986,103
4118dd48,24837,9.2986,103
18a5bb50,29904,9.2986,130
2336fc82,28532,9.2986,117
4fc8e72e,23593,9.2986,103
35067e35,23449,9.2959,103
32f30740,30038,9.2986,132
26352f70,26220,9.2986,110
2e4c5d0f,24844,9.2986,103
283d7925,22296,9.2959,90
2dea265,24502,9.2986,103
d9f53e1,21042,9.2986,90
2c07e22,32243,9.2986,141
25433b34,31580,9.2959,141
757a2995,22041,9.2986,90
57e2a7d3,23241,9.2986,101
20d6c80,25460,9.2959,103
7d1e13ba,22433,9.2986,90
7cae5355,25600,9.2959,103
58bcebd4,22262,9.2986,90
313ce52f,20949,9.2986,90
3cb2b371,29889,9.2986,130
32886b49,30469,9.2986,134
5b965d8f,25668,9.2986,103
729644b7,21762,9.2986,90
3b5bb8f,22664,9.2986,88
20673692,30477,9.2986,134
49f46d34,22261,9.2959,90
9873b41,25415,9.2986,103
27c0903d,21310,9.2986,90
3e0ae1f1,28526,9.2959,117
54fdb6c9,25527,9.2986,103
6490d224,22215,9.2986,90
47f2e7f3,25585,9.2986,103
2e9e8395,23425,9.2986,103
176c3371,24819,9.2986,103
758fd24a,26130,9.3014,103
28298d4c,31470,9.2986,117
25926e77,26233,9.2959,110
d91c796,26341,9.2986,110
9cb9048,25839,9.2986,103
2dd1eb9,16904,9.2986,76
340a3943,25840,9.3014,103
1d7275b2,25987,9.3014,103
48eeff84,23632,9.3014,103
1aa5fbf8,30640,9.2986,134
44b8eb8b,25755,9.3014,103
22ac08f6,23637,9.3014,103
44effb87,22419,9.3014,99
4958cf67,24185,9.3014,103
76751b17,29371,9.2986,117
34dc5697,21475,9.3014,90
3cb34228,26232,9.3014,110
339f912e,23640,9.3014,103
48930962,23450,9.3014,103
59036ba,29493,9.2986,117
6d6c99e9,27806,9.3014,117
472f0214,30614,9.3014,134
3b52123d,24731,9.3014,103
9bc863,26001,9.3014,103
1d56b57d,25425,9.3014,103
24480032,25757,9.3014,103
528f5118,3684,9.3014,29
5b252971,23429,9.2932,103
704d1bd2,24475,9.3014,103
5898a5fb,21359,9.3014,90
70b72861,22018,9.3014,90
66581b63,21039,9.3014,90
3d1d6d7e,17124,9.3014,76
2abf9a7,29988,9.2986,132
1aa0f1ab,22239,9.3014,90
30038443,17125,9.3014,76
5ebd0190,23871,9.2932,103
70a3879,17128,9.3014,76
4eb7ecd9,21365,9.3014,90
130c4269,6329,9.3014,1
e3cd40a,25756,9.3014,103
58a3fc44,25554,9.3014,103
5fd6d585,21423,9.2986,90
298312ad,24570,9.3041,103
586d02fe,25547,9.3041,103
3099017d,23198,9.3014,101
771f8af6,25781,9.3041,103
4638e8c2,23003,9.3041,101
76f26809,25672,9.3014,103
28552103,31345,9.3041,117
5db6e4c,23905,9.3041,103
522f0fcd,31718,9.3041,141
3206f0ae,26221,9.3041,110
424e8cd,21835,9.3041,90
61f36a60,30602,9.3041,134
5ebfb3a8,25499,9.3014,103
2fcf1108,30100,9.3041,132
71b8a3b3,21840,9.3041,90
10bd058,31608,9.3041,141
45e1e10b,25821,9.3041,103
52794fc9,31404,9.3041,117
28a39f8c,27964,9.3014,117
72bd3e65,22242,9.3041,90
7f339cc1,25583,9.3041,103
584764d9,24066,9.3041,103
4b220daf,32358,9.3041,141
414363a5,25673,9.3041,103
533d1405,21820,9.3041,90
4e0e3be,31604,9.3014,141
5f74c9f8,23680,9.3041,103
98b4646,25924,9.3041,103
64d2632f,24477,9.3041,103
36a6ef82,24186,9.3041,103
35d817fb,26022,9.3041,103
4c1a23b1,21246,9.3041,90
3b26ea06,25577,9.3014,103
3a7dc81f,23880,9.3014,103
4fef7764,27846,9.3014,117
52f5d283,25000,9.3068,103
4c98ffa8,22207,9.3068,90
5e8f7401,25753,9.3068,103
ae672ff,30714,9.3068,117
3e867090,31586,9.3014,141
46783549,23440,9.3068,103
421bdc09,21493,9.3068,90
67119737,22211,9.3068,90
7a486d23,23042,9.3068,102
4aba5bb8,23472,9.3068,103
30b127ba,28511,9.3014,117
5e5970a0,22150,9.3068,90
5356990b,26002,9.3068,103
4fb1ecfc,31605,9.3068,141
24727212,21614,9.3014,90
31bbca4c,30330,9.3068,134
564283b1,24574,9.3068,103
16d44389,25549,9.3068,103
210151a3,31615,9.3068,141
4e870665,31029,9.3041,139
c1a4b0f,31890,9.3068,141
7410611e,31719,9.3041,141
3cbe0f66,24848,9.3068,103
38e6890e,24179,9.3068,103
13c14bf8,25816,9.3068,103
6583c3cb,24479,9.3068,103
1b832759,21043,9.3068,90
3b1fbe47,21218,9.3096,90
37bdfed3,22231,9.3096,90
5b4e61d7,23220,9.2986,101
2ebafd57,3667,9.3096,29
555cfed0,25217,9.3068,103
759f4759,31561,9.3096,141
13f79fba,31033,9.3096,139
6a3470c8,22208,9.3068,90
4be4b071,21982,9.3096,90
324dac1f,21615,9.3096,90
556ef8,12437,9.3096,61
2ff02b07,24609,9.3096,103
41f961b0,23229,9.3096,101
4abca189,25644,9.3096,103
4d75e644,31075,9.3096,117
1e0b00c4,16905,9.3096,76
35828f53,28534,9.3096,117
1b0422f7,22898,9.3096,101
57b11b1d,25867,9.3096,103
7196b4ca,22230,9.3068,90
76e8eeaf,26195,9.3096,103
4c41691f,24148,9.3123,103
6152dfd3,25957,9.3123,103
cddb845,21217,9.3123,90
53eb3330,25602,9.3123,103
62472274,23935,9.3096,103
445714ca,30561,9.3123,136
2589a6b2,22232,9.3123,90
6aac080a,29424,9.3123,117
46578e6e,24855,9.3123,103
44f72dd6,25814,9.3123,103
37b0242a,25998,9.3123,103
4e0fe4cb,24882,9.3068,103
15802bfc,23996,9.3096,103
24b26075,25841,9.3096,103
7d54a3c8,23881,9.3041,103
30a829,22282,9.3041,90
48d9550b,25543,9.3068,103
31a82d58,23581,9.3068,103
25633f5a,32098,9.3096,141
7df192dd,29905,9.3123,130
566809f9,21424,9.3123,90
78851caa,25559,9.3123,103
3079ca94,25758,9.3123,103
8372c0f,31160,9.3096,117
34924bbc,22919,9.3123,101
45844089,25870,9.3123,103
153474df,22047,9.3096,90
24527522,22360,9.3151,90
2bb15bf,31406,9.3096,117
65dc9d69,26131,9.3096,103
53f89f81,24184,9.3151,103
64b40bb9,31587,9.3096,141
3e78ec7d,25168,9.3151,103
57d0e105,30647,9.3151,134
3f4e090e,24444,9.3151,103
28dd9df1,21364,9.3151,90
6c9d90b6,25550,9.3151,103
6c70a290,23199,9.3151,101
497f06cd,26039,9.3151,103
3aadbb45,29494,9.3123,117
3fe3bbff,23875,9.3123,103
1eb2f8ee,31506,9.3151,141
49b27bf4,25221,9.3151,103
1592a067,21805,9.3096,90
5adbdda2,23642,9.3151,103
1eadf11d,21414,9.3151,90
1111bda2,26237,9.3151,110
77a0b47a,25782,9.3151,103
77b1b371,26343,9.3151,110
730356e8,24503,9.3151,103
73598a02,26222,9.3151,110
257648c,31518,9.3151,141
702603d8,25809,9.3151,103
a761c96,31588,9.3123,141
63abbf26,25905,9.3151,103
3aac0b71,30451,9.3151,134
5a61c4db,23001,9.3151,101
1a19248c,29906,9.3151,130
33407959,23910,9.3151,103
203109f5,25193,9.3068,107
53758d45,21115,9.3151,90
1e5dd05a,25674,9.3151,103
38627f16,26287,9.3151,110
4ace8856,25174,9.3178,103
19a0e8c7,25505,9.3151,103
317624a7,26234,9.3151,110
4159fdd3,26046,9.3178,103
7f6b5196,24799,9.3178,103
6113686c,24504,9.3178,103
735ef20a,25578,9.3151,103
454a48d8,31283,9.3151,117
61c03bf5,30103,9.3178,132
4366a59f,26085,9.3151,103
6f79e57b,23622,9.3178,103
20bc26cb,31346,9.3178,117
4abbeee3,26217,9.3151,110
3091bfd0,21737,9.3178,90
224e10e4,31434,9.3178,117
50ee35a4,23242,9.3178,101
701c50ff,22213,9.3151,90
654574e9,23230,9.3178,101
589728ae,22252,9.3151,90
79f5650d,24741,9.3178,103
6b7c4964,25762,9.3178,103
148fef14,24531,9.3178,103
44631492,21153,9.3178,90
16ecdc1e,25194,9.3178,107
103064c0,27760,9.3178,117
1fd290ce,26197,9.3151,103
629ee30a,22955,9.3205,101
3e757f90,31557,9.3205,141
626e2b48,23179,9.3205,101
12920737,26286,9.3205,110
19cda14b,22992,9.3205,101
c51c41d,25999,9.3205,103
43fa31d,31403,9.3205,117
1f768ab4,31720,9.3205,141
69eca0db,25688,9.3205,103
6b9ff0d7,26023,9.3123,103
4097f43a,25391,9.3205,103
214750e7,25631,9.3205,103
2da1c66c,31606,9.3205,141
392c9247,25548,9.3205,103
46e5977c,26235,9.3205,110
5d3e372f,24455,9.3205,103
7e8f0842,23633,9.3205,103
5e2a4f00,31551,9.3205,141
2c3799c5,21838,9.3205,90
23ec137e,32240,9.3205,141
49d82e08,31558,9.3205,141
65f3ff53,23906,9.3205,103
633826b7,23149,9.3205,101
208cbe4d,31407,9.3205,117
282c6c3a,29844,9.3205,117
52df170b,22237,9.3205,90
11bc1e63,25586,9.3205,103
70708e79,25411,9.3205,103
35cb38ec,32187,9.3178,141
7e4dcfd3,24849,9.3205,103
5480f85e,32239,9.3178,141
20f7b7f1,24445,9.3205,103
4c97e75b,25760,9.3205,103
5c348a4d,32179,9.3205,141
f25db9d,23166,9.3205,101
12f0bdb7,32359,9.3233,141
61ae2d8d,23228,9.3233,101
19b0b517,22244,9.3233,90
38e86c8f,23481,9.3233,103
2d7c6dd4,31609,9.3233,141
2f627320,26169,9.3233,103
3f30e104,29654,9.3233,117
2334f3f8,24147,9.3233,103
58c36f05,25927,9.3205,103
6484ec4e,22317,9.3233,90
5c04091b,24355,9.3233,103
582b9a50,16906,9.3205,76
1bd37d17,23999,9.3233,103
58f614bf,26312,9.3233,110
24c6826b,30627,9.3205,134
20bb65b9,25461,9.3205,103
20808f7c,31753,9.3233,141
483b243f,25546,9.3233,103
58fe2289,31547,9.3233,141
23131282,25603,9.3233,103
3add1518,24850,9.3233,103
74c82f3,21040,9.3233,90
16c754f9,22309,9.3233,90
54a6edfc,23483,9.3233,103
3f84d6c2,26142,9.3233,103
4e0ca092,26143,9.3233,103
4b844b2,21240,9.3233,90
670005cc,25528,9.3233,103
4b4ce549,25990,9.3205,103
7440c61d,26034,9.3233,103
52e70824,23482,9.3233,103
14bc4b1e,22243,9.3205,90
73751220,23997,9.326,103
5fbfd7aa,29655,9.326,117
35734251,32143,9.326,141
43e10b5a,21483,9.326,90
18dee514,28512,9.326,117
39fd6322,22257,9.326,90
16b3cf86,23641,9.326,103
8efff7d,23173,9.326,101
5dc3add1,23430,9.326,103
32da0538,22240,9.326,90
13529907,26097,9.326,103
60ec9432,31892,9.326,141
68abb856,24180,9.326,103
28c63db7,21736,9.326,90
67ebfcbc,24811,9.3205,103
4ad71e52,32249,9.326,141
4e1e5e3e,23582,9.326,103
7b4226a3,21219,9.326,90
38cb53b9,23155,9.326,101
7f102f71,23878,9.3178,103
62f097f9,21046,9.3205,93
5f93a123,25427,9.326,103
1027307b,24820,9.326,103
2cf463ef,24144,9.3288,103
46693fec,31894,9.3288,141
1ce1b00b,32360,9.3288,141
38282b4a,22402,9.326,90
9cd7f0c,25871,9.326,103
6298ec1,22954,9.3288,101
9b047b7,27758,9.3288,117
3cdeb20f,24726,9.3233,103
28eda519,22918,9.3288,101
4aba9a17,26342,9.3288,110
af5a07,26198,9.3288,103
5bc589a5,23589,9.326,103
ba9385a,24742,9.3288,103
4ea9915b,22233,9.3288,90
50ddc0bb,22420,9.3288,99
2a58c7c5,30466,9.326,134
6871413c,30467,9.3288,134
6ad02620,25928,9.326,103
5436fbd9,25925,9.3288,103
38bc6875,28454,9.3288,123
5a26b6ff,28453,9.326,123
31ac6abd,21416,9.3288,90
19c3fd,31721,9.3288,141
1c526674,24480,9.3288,103
5227a762,26253,9.326,110
9038293,25991,9.3288,103
21d5d2c2,24452,9.3288,103
667d5c02,22993,9.3288,101
34563bf2,26096,9.326,103
5ba596ad,30054,9.3288,132
4ea78050,24145,9.326,103
423648ca,23447,9.3288,103
473a72d5,25842,9.3288,103
32b0924b,27807,9.3315,117
118a69ad,25428,9.3315,103
428a272a,24861,9.3315,103
328a47a9,25874,9.3315,103
4e981045,31891,9.3315,141
26b237f7,25337,9.3315,103
7a90c1dc,25856,9.3288,103
69301ad3,22283,9.3288,90
9e7bf53,31764,9.3315,141
3edd2c17,25639,9.3315,103
423f8431,25819,9.3288,103
2bb0f827,23043,9.3315,102
1f19d725,25601,9.3315,103
48f3fd45,23892,9.3315,103
76d3e666,25587,9.3288,103
49abaf16,22196,9.3288,90
5a8e595b,6344,9.3288,1
bff0dd0,22308,9.3288,90
5c31d03f,26035,9.3315,103
3538ed09,23051,9.326,102
1b305163,31227,9.3315,117
6d413c7f,22315,9.326,90
1d543e74,26288,9.3315,110
6eb63183,21458,9.3315,90
3cd4b442,25923,9.3315,103
6c4b96c6,24257,9.3315,103
4ef64674,21486,9.3288,90
726d7640,24067,9.3315,103
2d086ba7,32363,9.3315,141
13472935,25584,9.3288,103
7c73c35d,22990,9.3342,101
6d857f89,21738,9.3342,90
34e7bce0,27280,9.3342,114
6faa53f6,21392,9.3342,90
44df6995,16920,9.3342,76
48de89ee,25558,9.3288,103
511829c3,24236,9.3342,103
3f232514,24453,9.3342,103
36aa9eac,31542,9.3342,141
5840a131,31660,9.3315,141
a87e06e,24727,9.3315,103
1a4186cc,21837,9.3342,90
3c6c1b15,28515,9.3342,117
5c29841d,26199,9.3342,103
5ed1adca,26231,9.3315,110
6b60b2ee,24244,9.3315,103
7d812ea8,24356,9.3342,103
21e936be,32142,9.3342,141
728570b4,21116,9.3342,90
1c1c5bc8,22019,9.3342,90
681cd28d,21047,9.3315,93
2845f6,24860,9.3342,103
59f19597,23643,9.3342,103
274d577a,32297,9.3342,141
294b71a4,25555,9.3315,103
4fd2c721,22048,9.3342,90
6b0e868e,20957,9.3342,90
3e06fb55,25849,9.3288,103
733d8d68,31408,9.3315,117
18904fa,24862,9.3342,103
ec4217d,25759,9.3342,103
30b4f231,30471,9.3342,134
1eacd8b3,23162,9.3342,101
6853d8bc,22311,9.3342,90
17794460,21366,9.3342,90
4366eba6,32241,9.3342,141
830cd2a,31546,9.337,141
1eabc308,26040,9.337,103
4157a602,33232,9.337,141
39c687db,26045,9.3342,108
64c18ec7,22209,9.337,90
6a57e13e,23270,9.337,101
6a9656e8,22318,9.337,90
160d9a0e,25958,9.337,103
c1de052,26236,9.337,110
1b783f4b,6345,9.3342,1
73272d55,24357,9.337,103
2b5e14cf,32244,9.337,141
51f92640,24359,9.337,103
c357136,30401,9.337,134
4d124fee,24575,9.337,103
b21c953,24149,9.337,103
412600e7,22210,9.337,90
2566246,22957,9.337,101
738580e,31896,9.337,141
6faa12c,29937,9.337,117
76684136,24722,9.337,103
40383507,25875,9.337,103
71cd3b14,23227,9.3342,101
34f0e50b,29717,9.337,117
369c6343,26025,9.337,103
a56352,31560,9.3342,141
134ee4c,30405,9.3397,134
77a41d12,26289,9.3397,110
193970e5,23590,9.3397,103
2ad20674,24838,9.3397,103
58ac9ec9,26026,9.3397,103
1c65f8f,26086,9.3397,103
27a69775,28397,9.3397,117
754a753c,23893,9.337,103
4f913c47,3683,9.3397,29
7c98281d,23053,9.3397,102
7748a1ea,30617,9.3397,134
6f9605c4,23473,9.3397,103
49537e9f,26030,9.3397,103
328309d7,21369,9.3342,90
6de49266,30476,9.3397,134
3f91aec3,21739,9.337,90
cff877,31765,9.3397,141
1ed27132,22352,9.3315,90
2a289408,33275,9.3397,141
63965489,24881,9.3397,103
51c3098e,32242,9.337,141
2e305f81,30566,9.3425,136
4056069b,21241,9.3425,90
58f3c4c5,31507,9.3397,141
3484b8f9,25872,9.3425,103
7493440d,24454,9.3425,103
481f6da,23911,9.3425,103
3c0cd35e,22361,9.3425,90
7a9ffdf6,31436,9.3425,117
14c27d84,23011,9.3425,102
1ffe6ee0,21220,9.3425,90
45b2d862,31284,9.3397,117
40c7fd6f,21415,9.3425,90
2b8b69dd,23488,9.3425,103
78a9d506,33447,9.3425,141
77a73f9,26256,9.3397,110
3492de5e,26313,9.3425,110
44279c90,21834,9.3425,90
721070f7,25850,9.3397,103
26a120f7,24140,9.3425,103
555cf02e,32103,9.3425,141
31d1e318,21391,9.3425,90
180bc6fb,31036,9.3425,139
4636a53,25811,9.3452,103
7cd8a553,23670,9.3452,103
dbee5f7,31754,9.3452,141
fd1ec6f,21242,9.3425,90
54856bcf,31519,9.3452,141
2237da2f,21243,9.3452,90
39ed2979,25195,9.3452,107
3d991dc8,25920,9.3452,103
c7dcd42,23668,9.3425,103
207dadb9,26041,9.3452,103
452c515,23175,9.3425,101
7e391935,26223,9.3452,110
6243527f,31508,9.3425,141
174164a2,30569,9.3452,136
4fa044b2,24577,9.3452,103
72435827,21904,9.3425,90
1de76ef3,25810,9.3452,103
74422ead,21196,9.3397,90
f84eeaf,30104,9.3452,132
5296132,25926,9.3452,103
336f3013,22264,9.3452,90
4b474cab,25222,9.3425,103
57bf4515,21197,9.3452,90
19519e21,25847,9.3452,103
53f4cab0,23671,9.3452,103
2227e671,32376,9.3452,141
f1d98cd,22986,9.3425,101
dac1295,21487,9.3452,90
1aa8bf99,22434,9.3452,90
6f7c4736,23167,9.3452,101
727520c6,23016,9.3479,102
11cd15b5,23638,9.3479,103
c252bfd,23052,9.3452,102
4e462462,24846,9.3425,103
430e9f6b,22297,9.3425,90
1826f4dc,26047,9.3479,103
7fe51fd1,23672,9.3452,103
61bf2ad0,32742,9.3479,141
1f3c3a14,25857,9.3479,103
1ea567b1,23180,9.3479,101
296746c9,22421,9.3479,99
6ac8e09a,31034,9.3479,139
6c8c72d,22065,9.3479,90
1ae3d4b8,22312,9.3479,90
1e39948e,22302,9.3479,90
2b14f017,26024,9.3479,103
53f3beb5,23938,9.3479,103
38d6aab2,22319,9.3479,90
78e7e32a,31523,9.3452,141
2a28955c,23639,9.337,103
26304c46,21281,9.3479,90
2bbee108,24446,9.3479,103
6c07b9e6,31085,9.3425,117
2eb534f,25761,9.3479,103
65858b47,24840,9.3479,103
269d6d28,24258,9.3425,103
7a776e52,30333,9.3479,134
2b6e3073,21360,9.3479,90
2724f366,32377,9.3479,141
73c76f7a,21221,9.3479,90
3e7ea807,22049,9.3479,90
7f3a4464,33277,9.3479,141
48c64ef2,26134,9.3479,103
230bcdda,26294,9.3479,110
258d1e58,29991,9.3479,132
6df9092c,25223,9.3507,103
20ff161,22608,9.3507,88
268caa04,25807,9.3507,103
bb8d3d5,29960,9.3507,132
460a7324,24576,9.3479,103
232f699d,31521,9.3507,141
631fb2a0,26003,9.3507,103
2080e84d,25751,9.3479,103
7da9060f,22349,9.3452,90
40c5d8d,24447,9.3507,103
6d6bb1f3,25560,9.3507,103
786d6c29,23221,9.3507,101
66795b36,25557,9.3507,103
419c0534,23634,9.3507,103
71c8d0dd,23452,9.3507,103
62d7f6e9,22042,9.3452,90
4e5bb16e,25196,9.3452,107
6fcfa834,23009,9.3507,102
477dad8f,23669,9.3507,103
58b6d328,31607,9.3507,141
50b0669,33278,9.3479,141
3e809236,31086,9.3507,117
16480767,24723,9.3507,103
45d36cd2,32357,9.3507,141
4d48392,24856,9.3507,103
6a153fb3,31437,9.3507,117
37f054d6,23231,9.3507,101
61d51e70,31435,9.3507,117
41bdc9cb,31893,9.3479,141
2169ee8,24740,9.3507,103
475fc2b1,30400,9.3507,134
37f53c98,28439,9.3507,117
7ae24bd6,26241,9.3507,110
7e1a8288,23048,9.3507,102
51c6ff11,23045,9.3534,102
6711da1f,31755,9.3534,141
799e2b99,23495,9.3534,103
53bae8e0,22956,9.3507,101
3562abf1,23494,9.3534,103
5cca5e60,25462,9.3534,103
54806483,23010,9.3534,102
480e7e12,32298,9.3534,141
50f97b1b,25561,9.3534,103
76e3b3af,32212,9.3507,141
70647fd6,24841,9.3534,103
7ed316e4,25822,9.3534,103
27158b73,32180,9.3534,141
40ef6ee0,32181,9.3534,141
2920d1c1,25823,9.3534,103
321a465d,21867,9.3534,90
61d30507,24858,9.3507,103
7d14bef,33446,9.3534,141
28d02c0d,25336,9.3534,103
4898afe4,6348,9.3534,1
311a60cd,6346,9.3479,1
3c99db32,23631,9.3562,103
158028e8,23939,9.3562,103
18ea5233,31659,9.3562,141
7a1445eb,25906,9.3562,103
8a651d0,25197,9.3562,107
1cf5ff44,22020,9.3562,90
753eb9bd,25632,9.3562,103
56c45d23,29710,9.3562,117
ea7610d,22216,9.3562,90
34b589d8,25858,9.3562,103
7894fd5,25844,9.3534,103
73503742,23453,9.3534,103
464a9f2c,26027,9.3534,103
5ea93574,21393,9.3562,90
13933e93,32361,9.3562,141
618bf184,23008,9.3534,102
73aaa166,24821,9.3562,103
643f38f2,25864,9.3562,103
6ed2e540,31658,9.3534,141
506b3ecf,21642,9.3562,90
7290f795,33234,9.3562,141
76ec1435,29890,9.3562,130
6b095ab2,33589,9.3562,141
12085a76,30567,9.3562,136
1b1c83be,12434,9.3589,61
dc76154,23013,9.3589,102
2cba7694,23007,9.3589,101
7c31529f,23269,9.3589,101
7022213c,23489,9.3534,103
34f3fd4,23623,9.3589,103
35b42328,31522,9.3589,141
6e3a1690,31629,9.3589,141
4ac5eddc,24822,9.3589,103
3c16fbb1,21643,9.3589,90
465dc278,25862,9.3589,103
52e404f8,25820,9.3589,103
3b89adff,23431,9.3589,103
37aaa875,32149,9.3562,141
3c6a0642,23025,9.3589,102
148c5db5,24260,9.3589,103
5acde8af,30407,9.3589,134
663d5818,25562,9.3616,103
436bdaa,22246,9.3616,90
1077b61,24150,9.3616,103
6882e378,25859,9.3616,103
f8bfea6,31589,9.3589,141
1e957a28,27281,9.3616,114
12e41c7a,21740,9.3616,90
79be5535,30618,9.3616,134
230e3861,26029,9.3616,103
5ce8965b,30326,9.3616,134
6919f3d4,24839,9.3616,103
1fe98361,25863,9.3589,103
5bac3541,31895,9.3616,141
9b3d365,22245,9.3616,90
1171c646,32113,9.3644,141
375000ef,25596,9.3644,103
dec3d79,23054,9.3616,102
15ce1ece,25873,9.3616,103
1a53ff5a,23022,9.3644,102
50f49a0,24578,9.3644,103
32ef6696,25907,9.3644,103
5e048247,25675,9.3644,103
5b280ff2,33445,9.3644,141
47d64e37,29989,9.3644,132
24151f7e,26239,9.3644,110
6d0706bc,25765,9.3616,103
5451643,24259,9.3644,103
79c3aced,31766,9.3644,141
176ba7e1,30562,9.3644,136
ca76d61,23490,9.3644,103
457d64,23683,9.3644,103
389a280d,21128,9.3644,90
5522b936,25824,9.3644,103
1f3c58dc,31438,9.3644,117
2847e23f,24562,9.3644,103
342140e,24456,9.3644,103
4369e659,23272,9.3644,101
3eeeac50,25463,9.3644,103
755106a3,31684,9.3644,141
29afe7a8,22363,9.3644,90
3ade64f7,24863,9.3616,103
368906db,23176,9.3644,101
7d4eb076,22241,9.3671,90
2b8a9ad0,32362,9.3671,141
623aaa8a,12438,9.3644,61
74e83ece,22248,9.3671,90
1c7bd7c8,24851,9.3671,103
143e1931,24847,9.3644,103
21f3ad16,23156,9.3671,101
6b9d4d7c,29907,9.3644,130
5cc4d47f,26036,9.3644,103
1ec38db8,31037,9.3671,139
1f09d668,30331,9.3671,134
7a50f8c0,23476,9.3671,103
7b27bc5b,25843,9.3671,103
13af86c,28457,9.3671,123
3161bbe,26042,9.3671,103
5f927931,25860,9.3671,103
2f3dd3f9,22936,9.3671,101
7efd65e4,32188,9.3644,141
387edb04,24251,9.3671,103
6e51adff,32145,9.3644,141
390e88a,32388,9.3699,141
5da98060,31048,9.3699,139
6864886,25649,9.3699,103
655b23fc,25338,9.3616,103
74e015b7,23493,9.3699,103
a889dd6,26295,9.3671,110
1d3fe29e,33451,9.3699,141
4c553ae3,23583,9.3699,103
78a39997,26258,9.3699,110
44db01bc,32743,9.3671,141
3062f93d,23222,9.3699,101
55855ff0,31610,9.3699,141
310e1bf6,24827,9.3699,103
2dc43a8a,25914,9.3699,103
a48951e,24561,9.3699,103
754d2178,31554,9.3671,141
345d458c,26028,9.3699,103
38c139e7,21367,9.3699,90
699ea584,24859,9.3699,103
76efab84,32182,9.3699,141
7639ab43,32099,9.3726,141
6a3502c0,22320,9.3726,90
349a4b2f,25645,9.3726,103
525425a,23762,9.3726,103
e9d6af1,26051,9.3699,103
4cfc5ae0,26296,9.3726,110
2ad9b363,24563,9.3726,103
54113f0,32407,9.3726,141
60ee2b4b,25677,9.3726,103
4eeb46ec,25604,9.3726,103
294eb6f9,25654,9.3726,103
241dfeb3,31617,9.3726,141
35382d08,29990,9.3726,132
2170d165,31624,9.3726,141
7dd542cc,22247,9.3726,98
3676d3a3,25198,9.3671,107
650ef2ce,24261,9.3753,103
329a1f81,23133,9.3753,101
327139ba,24249,9.3753,103
67b69544,26257,9.3753,110
753c93fe,21049,9.3753,93
17b8fccf,26204,9.3753,103
2cbfab6b,30105,9.3753,132
6e42c86e,24857,9.3699,103
3ecc0fed,32162,9.3753,141
6f791fac,24262,9.3753,103
104e2531,32144,9.3753,141
68b79eee,24505,9.3699,103
365a5772,22353,9.3753,90
1179ba6a,26004,9.3753,103
718bfd76,25929,9.3753,103
be01f31,25845,9.3753,103
707f72d9,31611,9.3781,141
246bd2d6,25848,9.3781,103
40eef0ee,23496,9.3781,103
1c98b873,32153,9.3781,141
7e898d57,25605,9.3781,103
17faf883,22021,9.3781,90
6d7d65c8,25175,9.3781,103
2199246b,22321,9.3726,90
5a238109,23014,9.3781,102
321f11e,22995,9.3781,101
43df2f19,28455,9.3781,123
48184244,29908,9.3753,130
450a418f,26318,9.3781,110
4b1c3387,23046,9.3753,102
f8b6f9d,23594,9.3781,103
367abee,23271,9.3726,101
fc2039d,26050,9.3781,103
355f429b,24358,9.3781,103
224e7b86,21247,9.3753,90
1c489cfa,32115,9.3781,141
389aa05,24825,9.3781,103
4c0d7b75,24828,9.3781,103
37d2996c,25563,9.3781,103
6734574b,30409,9.3781,134
1dcebb39,31566,9.3781,141
45394b36,22996,9.3753,101
bae0816,31630,9.3781,141
605f5821,23491,9.3781,103
47bf9794,23673,9.3808,103
2cdf1cc5,26043,9.3808,103
44207d14,26474,9.3753,110
4b4ffe5d,31722,9.3808,141
305ab19a,32744,9.3808,141
64b7ba60,29236,9.3753,117
23b8b33f,21616,9.3781,90
581fb1d0,26048,9.3808,103
17b11c03,22022,9.3808,90
7282b90e,23288,9.3808,101
2bbf6984,21368,9.3808,90
4d780687,28383,9.3808,117
52364a2f,32183,9.3808,141
351bd3ae,25915,9.3808,103
65387fc0,21248,9.3808,90
687901de,21866,9.3808,90
87e59cc,32114,9.3753,141
61a06de6,30402,9.3808,134
63937dce,23940,9.3808,103
4124ff5a,23674,9.3781,103
45f3c803,32104,9.3808,141
65245692,26087,9.3808,103
1f6ed3c3,23497,9.3808,103
67ebb0ed,23182,9.3781,101
3c03dfc3,23232,9.3808,101
2fbb0fe1,28458,9.3808,123
7bd48e17,32100,9.3808,141
12cdba65,31590,9.3808,141
289b1c09,25676,9.3808,103
a44331e,26205,9.3808,103
553fb077,25766,9.3781,103
2ade3627,33233,9.3808,141
5ad50c21,32106,9.3836,141
39a9fa9b,22959,9.3836,101
1e744c5b,29993,9.3808,132
59b6b2ed,23492,9.3836,103
282c8f2,29992,9.3836,132
70446887,23012,9.3836,102
11c2a911,31618,9.3836,141
7d8f401e,16446,9.3808,75
69dec205,24875,9.3781,103
3a0d9fe9,25506,9.3808,103
3e032398,24245,9.3836,103
390b1bf6,22958,9.3808,101
4c53e4e,25199,9.3836,107
265a2838,23484,9.3808,103
707e09cd,24252,9.3836,103
5746ebb9,34765,9.3863,141
36738e0c,21200,9.3808,90
5693b931,22362,9.3836,90
55dab71f,32184,9.3836,141
419f7b12,31731,9.3836,141
7a478229,31038,9.3808,139
5c9ec1c2,23432,9.3863,103
1cbd9ebc,32387,9.3836,141
41af328d,22927,9.3863,101
7443aea9,23480,9.3863,103
4feb2fd3,24263,9.3863,103
bfdfbea,23244,9.3863,101
3180466c,23183,9.3863,101
903318b,21044,9.3863,90
847f78b,31767,9.3863,141
6c016fc2,32105,9.3863,141
e554a24,23049,9.3836,102
7407500f,24801,9.3863,103
5f01e708,31555,9.3781,141
4f9e0a0a,22994,9.3863,101
78d257dd,25767,9.3863,103
4f23d53c,23273,9.3781,101
70524888,23485,9.3863,103
1a5485e0,21199,9.3863,90
57100748,27282,9.3863,114
6cba2a3,32151,9.3808,141
64bfacfa,33235,9.3863,141
5afa4e08,21836,9.3863,90
d873858,21255,9.3863,90
12db7fc8,33590,9.3863,141
56824df1,32536,9.389,141
4f43e3a7,23595,9.389,103
47c16e49,32101,9.389,141
58cc21e1,32390,9.389,141
7330db11,24579,9.3836,103
5fb9be22,31047,9.389,139
3799ed43,22987,9.389,101
8d0472e,26260,9.389,110
67977ecc,28456,9.389,123
2b68f751,23498,9.389,103
5ef5597e,21983,9.389,90
3a1db10e,30106,9.389,132
267e4416,24852,9.389,103
7a432f0b,25646,9.389,103
167d9d6d,26316,9.3836,110
62370875,32299,9.389,141
363daed1,24874,9.389,103
1b47026a,25653,9.389,103
55e5e46a,25650,9.389,103
2f899d4e,22997,9.3918,101
75274c6a,31044,9.3918,139
2eb73f39,24248,9.3918,103
548b4831,25763,9.389,103
378bdc03,24823,9.3918,103
5ccce20f,32216,9.3918,141
78009284,29160,9.389,117
456e29e,23136,9.3918,101
6fd9244a,31563,9.3918,141
51918562,26202,9.3918,103
34b374e9,26473,9.3918,110
619d3340,32300,9.3918,141
306de373,21251,9.3918,90
81f90b4,25879,9.3918,103
4ad10975,29915,9.3918,130
522a3621,21370,9.3918,90
5aa51817,23181,9.3918,101
2e4bb9c7,30332,9.3918,134
67c9d820,26037,9.3918,103
64d171c6,26184,9.3918,103
16c6a8eb,30650,9.3808,134
6530be75,33452,9.3918,141
4c11722b,24886,9.3918,103
2321752e,22929,9.3945,101
31051,26031,9.3918,103
60a0c532,3668,9.3945,29
27676327,26315,9.3945,110
526a2216,32102,9.3945,141
e45bd2a,31046,9.3945,139
f47eae0,26314,9.3945,110
71312c5d,24864,9.3945,103
65186ac7,32746,9.3918,141
6d531707,26254,9.3918,110
5df3f0a7,31664,9.3918,141
3d5bd932,25224,9.3945,103
30ee8586,32368,9.3945,141
725a3df4,32369,9.3945,141
112bf8c4,29718,9.3945,117
5201ff4b,26203,9.3918,103
56d48ba8,23274,9.3945,101
1252e641,32537,9.389,141
31c4dc62,23499,9.3945,103
41d17068,23050,9.3918,102
7f67ff46,32401,9.3945,141
4b4c187c,23596,9.3918,103
d9ca2c9,31040,9.3945,139
8f93dd5,28403,9.3918,117
1f49c764,24481,9.3945,103
5f149604,25200,9.3945,107
68754f27,26238,9.3973,110
5d6a1c6,32215,9.3973,141
37f6edc5,24876,9.3918,103
76a0797b,25770,9.3945,103
2783f22c,24253,9.3973,103
5c5cf46e,26255,9.3945,110
5cc4b2e5,21394,9.3973,90
295a63a7,25606,9.3973,103
11f0e632,23047,9.3973,102
2a348fe6,25861,9.3945,103
28d04a50,26049,9.3973,103
539e53df,21362,9.3973,90
29234550,23177,9.3973,101
3ff4e730,31616,9.3918,141
31b10497,23178,9.3973,101
4c925cde,26391,9.3945,110
1010b9d5,31548,9.3973,141
504932b6,24805,9.3973,103
23aa7742,23243,9.3973,101
3b7fc960,31562,9.3973,141
2d3f724,23134,9.3945,101
179828ba,21984,9.3973,90
67785d6c,33236,9.3945,141
2209bc2a,31665,9.3973,141
3f7e1598,22354,9.3973,90
69752735,12435,9.3973,61
23c48914,32168,9.3973,141
2cd54410,32389,9.3973,141
7c647414,31898,9.4,141
7b6fdea5,31756,9.3973,141
5bc7db7b,33594,9.3973,141
5db4f1d7,21222,9.3973,90
22feaa1,32211,9.4,141
73086b7,27284,9.4,114
5b256461,33591,9.4,141
62c98929,24802,9.4,103
8049a57,26248,9.4,110
1809f6ee,22307,9.4,90
44a6c09b,24812,9.4,103
650e7dac,26259,9.3945,110
66085a84,31671,9.4,141
48a607ad,32535,9.3945,141
1fcf26d1,32152,9.3973,141
9badb99,23245,9.4,101
2dc26c50,24804,9.4,103
55a19d2a,31612,9.4,141
333ed0e1,21252,9.4,90
6c07b30c,26329,9.3945,110
5299e230,31744,9.4,141
b087d84,23023,9.4,102
267fdbcf,24800,9.4,103
4d4c8a4,33453,9.4027,141
4ef41ddc,31045,9.4027,139
10a6c0f2,25930,9.4027,103
62858c31,21050,9.4,93
1fba58dd,33840,9.4027,141
22fa178,25180,9.4027,103
25cc874,31567,9.4027,141
4a8308e4,32148,9.4027,141
2477f695,21371,9.4027,90
69463e76,26247,9.4027,110
169d7647,33283,9.4027,141
448b8858,30651,9.4,134
5fd31d02,31552,9.4027,141
73e3d00,26183,9.4027,103
7a6c4cee,26392,9.4027,110
62bdd2b3,12440,9.4027,61
25c1f8eb,26320,9.4027,110
5361076e,25594,9.4027,103
50e84188,32157,9.4,141
4bf22ad0,23287,9.4027,101
198a1b87,23454,9.4027,103
47d64157,32404,9.4027,141
129d603b,24824,9.4055,103
6d7aefe6,26044,9.4055,103
36fbdf50,32745,9.4,141
6c85d7f5,22960,9.4055,101
19acefcb,32185,9.4027,141
239336c7,25921,9.4055,103
19ba7a5f,21249,9.4055,90
5eaf1ba7,21395,9.4055,90
4b7a6cba,24482,9.4055,103
1c56076,23289,9.4055,101
9a621d5,30107,9.4055,132
1ec425da,21053,9.4027,93
982305f,26478,9.4,110
55d8ac3a,31668,9.4055,141
772e5413,26297,9.4055,110
4db1713f,26324,9.4055,110
676984cb,31757,9.4027,141
55b6cb8f,26186,9.4055,103
4dae19ae,24883,9.4,103
482542c4,33276,9.4055,141
e5bea76,25227,9.4055,103
6dd2a281,24884,9.4027,103
500cb5fc,26393,9.4027,110
32ddee5b,32131,9.4055,141
6384aa2c,34408,9.4055,141
1b3ada77,31553,9.4082,141
2eac3fb9,31742,9.4055,141
735eb301,32154,9.4082,141
354db28c,22989,9.4082,101
78e93f30,32748,9.4082,141
6bc7f91,24865,9.4082,103
7e17af60,25769,9.4082,103
7980cc49,26317,9.4082,110
37779663,21244,9.4082,90
3029b0b0,22606,9.4082,88
31b7fd37,25647,9.4082,103
46186d5e,21256,9.4082,90
6936e05f,26319,9.4082,110
710853ef,23597,9.4082,103
581752f6,32410,9.4082,141
53d80319,32117,9.4082,141
5d880210,12436,9.4082,61
477a40a5,21052,9.4082,93
628548ba,26388,9.4082,110
56098771,23675,9.4055,103
3e235e6,21051,9.4082,93
6100478e,32405,9.4055,141
72d3507c,25678,9.4082,103
2b8bd927,30410,9.4082,134
6fd654b4,24483,9.4055,103
7d0911ad,26389,9.4082,110
1ed605b5,32213,9.411,141
43b8c6fb,31734,9.411,141
7f57981f,23017,9.411,102
8c0fdd4,26475,9.411,110
1599588e,25651,9.411,103
76eee6a3,24885,9.411,103
2b406f3e,31683,9.411,141
41cdc398,16430,9.411,75
1e718782,32163,9.411,141
3024d254,23291,9.411,101
31fee10d,32463,9.411,141
196f5193,33279,9.411,141
4e2014be,22326,9.411,90
bb088ab,22928,9.411,101
7db8efc7,23015,9.411,102
1d905dfb,21198,9.411,90
5b2021cd,24484,9.4082,103
38a000f3,25851,9.411,103
24f59ca,25226,9.411,103
375a229c,21257,9.4082,90
4c692b14,32132,9.4137,141
28bade09,26038,9.4137,103
72ceac9a,31620,9.411,141
4a518da8,25564,9.4137,103
2cf918bc,26245,9.4137,110
52cdc1bc,24255,9.4082,103
55e01d03,31686,9.4137,141
139af6da,33290,9.4137,141
774220ed,31042,9.4082,139
4bbecf98,32169,9.4137,141
1e63cbe9,27285,9.4137,114
5a0bd2d9,23277,9.411,101
3c28c43d,26335,9.4137,110
1571e2f,25865,9.411,103
f23d6f4,31043,9.4137,139
1eba16f,21253,9.4137,90
69de38f,22988,9.4137,101
5f23691,24264,9.4137,103
7f01133e,26052,9.4137,103
461ecc97,32170,9.4137,141
7b8a241d,31723,9.411,141
40dcfbe5,23292,9.411,101
ef01689,30478,9.4164,134
799f6c8a,24360,9.4164,103
49557d5a,32155,9.4164,141
68a4e089,25225,9.4164,103
4415547f,30570,9.4137,136
482698c7,26224,9.4164,110
2a7b8334,26399,9.4164,110
44a38ca8,33592,9.4164,141
79bc2021,30328,9.4164,134
747dfc10,25876,9.4164,103
8e1b2f8,28404,9.4164,117
7ef5f2f3,32217,9.4164,141
26ebf749,23026,9.4164,102
3ded02f8,26032,9.4164,103
389e01cf,21254,9.411,90
692d0e45,29917,9.4164,130
1085fd96,25768,9.4137,103
1afddae,24813,9.4192,103
452ac7bc,31049,9.4192,139
d7226af,26325,9.4192,110
5077bf18,23246,9.4192,101
cac4e62,23936,9.4164,103
33fa6b2c,23250,9.4192,101
20fe5dc8,31769,9.4192,141
7ed3da48,30648,9.4192,134
3ca54026,23137,9.4192,101
5cd44277,32226,9.4192,141
1f63acff,26326,9.4164,110
5214c68e,24814,9.4192,103
325764eb,22961,9.4192,101
60957f74,32494,9.4192,141
7627a730,32159,9.4219,141
2f33fcc,32391,9.4219,141
b8a6345,27283,9.4219,114
402fc39f,23294,9.4219,101
3f404f4d,32365,9.4219,141
b7af28d,31759,9.4219,141
106ca171,31621,9.4192,141
48247872,31041,9.4192,139
762969d2,32126,9.4164,141
2a1b0300,33841,9.4192,141
5f09481b,25866,9.4137,103
34054c60,31768,9.4219,141
134b690e,24806,9.4219,103
9dfc4cb,32245,9.4192,141
7b2ec5f3,31666,9.4219,141
6e72031d,33842,9.4192,141
2a6e6ab3,26476,9.4219,110
708a34ff,22364,9.4219,90
596ac849,26240,9.4192,110
7845fb9,26246,9.4219,110
a0813e7,31737,9.4247,141
741c9350,23293,9.4192,101
4a56c9bf,31738,9.4247,141
55107ce0,33448,9.4247,141
70cc986c,32130,9.4247,141
428f4bc4,31761,9.4247,141
7738c64,30649,9.4219,134
5bbd97b7,31661,9.4192,141
3a113ab9,22322,9.4247,90
2a07b8b8,32108,9.4219,141
68bdde74,16447,9.4219,75
5b4ae528,31760,9.4247,141
4c9f5481,31613,9.4247,141
1c7de60,23300,9.4247,101
70ffe52,23301,9.4247,101
b60383e,31758,9.4247,141
30aa25c6,32364,9.4247,141
3ded5e8f,32370,9.4247,141
266a38c,32465,9.4247,141
7ae330fc,25877,9.4274,103
70485656,33467,9.4274,141
2ba404d5,32393,9.4274,141
278667f6,31667,9.4247,141
10cbca49,26054,9.4274,103
533c3407,34498,9.4274,141
73cc6c7c,32127,9.4274,141
41046eb5,34410,9.4274,141
552918b4,32399,9.4247,141
1b7e09da,26400,9.4247,110
b413945,32466,9.4219,141
69d28f5e,31625,9.4274,141
7423c668,32304,9.4219,141
1f7831ef,23055,9.4274,102
1df1b854,32129,9.4219,141
1a40622d,34416,9.4247,141
60247ccb,25868,9.4274,103
2a27d5e,33593,9.4274,141
adef621,25869,9.4274,103
547749dc,26243,9.4301,110
4454681e,32380,9.4274,141
3b93998a,21258,9.4301,90
755867b,24866,9.4301,103
7ac7074e,32403,9.4301,141
14109863,32400,9.4274,141
6f2a08b6,24877,9.4301,103
73e30667,28401,9.4301,117
5e5a9f38,34409,9.4274,141
58ae303e,25228,9.4301,103
1a11b112,22324,9.4301,90
76b653f9,23290,9.4301,101
ad2e1b3,24891,9.4274,103
61690eb0,31626,9.4274,141
486fed63,23937,9.4301,103
5f615c5d,32495,9.4301,141
4223e17b,21868,9.4301,90
6b167b01,31899,9.4274,141
5c2587f5,32406,9.4301,141
c991f36,23275,9.4274,101
973bb98,26182,9.4301,103
5406bbf4,26053,9.4301,103
7a55b929,31622,9.4301,141
c101c06,31662,9.4274,141
6ba05d3d,26088,9.4301,103
7c7a285e,23456,9.4301,103
6b78f776,24564,9.4301,103
68c1f332,30408,9.4247,134
9f93cc5,21245,9.4274,90
585f1d0,26327,9.4301,110
281011e6,25878,9.4329,103
4f2f3fb5,27286,9.4329,114
f702d81,24853,9.4329,103
255146ce,21869,9.4301,90
2f396e90,26330,9.4329,110
de6eca3,32392,9.4329,141
3b82b83d,23676,9.4329,103
359086e9,26262,9.4329,110
1ad8d1a3,32116,9.4329,141
18c4a0a,25181,9.4329,103
20e1a5af,26261,9.4329,110
5da047e3,31672,9.4329,141
792233af,32409,9.4329,141
e8ca2de,26328,9.4301,110
672e8d55,31770,9.4329,141
3f9ada28,28405,9.4301,117
1ee76f89,24803,9.4247,103
631341b1,21260,9.4329,90
4e724ca1,32366,9.4329,141
25038de3,33848,9.4329,141
4ca148f1,23056,9.4329,102
35c6961d,32186,9.4329,141
690dc340,33849,9.4329,141
50d82717,31956,9.4329,141
50a892fb,21398,9.4329,90
16780b3d,32214,9.4329,141
170f0191,23276,9.4329,101
109fd7f3,25652,9.4329,103
1eeba68,23455,9.4356,103
5719788b,31633,9.4356,141
3875e870,32378,9.4356,141
563b90c2,24854,9.4356,103
59562055,32160,9.4356,141
951b77d,32408,9.4329,141
22724d97,26390,9.4356,110
2992edbc,12441,9.4356,61
2325c5cc,23251,9.4356,101
130b3aca,31685,9.4356,141
30b88ced,24892,9.4274,103
e79684b,26322,9.4356,110
3ffd7ed,26033,9.4356,103
49e86032,31692,9.4356,141
3362dd67,21223,9.4356,90
3d434206,32252,9.4329,141
30a911ab,23135,9.4356,101
783d5ed5,21372,9.4356,90
580be80,32246,9.4356,141
fe3a7f2,22054,9.4384,90
3aceaf5b,22055,9.4384,90
3aba623c,25182,9.4384,103
5ab0d09b,25565,9.4384,103
71a6ae0d,31623,9.4384,141
28f48eae,31631,9.4384,141
3ccc708d,32540,9.4384,141
7337b438,26479,9.4384,110
1a7593e0,32496,9.4356,141
16f8fffe,26394,9.4384,110
49efbdb4,33449,9.4384,141
7b746c5,31619,9.4356,141
316b3f40,22323,9.4329,90
603d319c,26477,9.4384,110
548b2232,34411,9.4356,141
69b7d708,24807,9.4384,103
14e7441,25183,9.4356,103
6a41904a,31745,9.4356,141
8761425,22365,9.4384,90
5612dab,31762,9.4384,141
23af8eef,24254,9.4356,103
5f2ded18,28406,9.4384,117
52b9b598,33291,9.4384,141
20273ff2,22327,9.4356,90
18c8c0ef,21054,9.4384,93
14c8aa28,31739,9.4411,141
bc2d85c,32218,9.4411,141
1283be79,29719,9.4384,117
4c92cb7e,34412,9.4411,141
1ddaa12e,24842,9.4411,103
479af1,23020,9.4411,102
f388cf6,24265,9.4411,103
55ab6f54,26321,9.4411,110
1db0771e,32250,9.4411,141
219cf64b,22066,9.4411,90
6a8881b2,31900,9.4411,141
64d78278,24485,9.4384,103
7a41017b,28402,9.4411,117
3c299ed6,30327,9.4411,134
12021df0,26346,9.4438,110
4a1e998a,32499,9.4438,141
dc2211,26005,9.4438,103
38a6136b,31740,9.4438,141
4889e587,33607,9.4411,141
42a42e7c,33608,9.4438,141
4a668cfb,31635,9.4438,141
748a8ef4,31780,9.4438,141
7cbfe645,30571,9.4438,136
7b9d8188,32301,9.4438,141
562db54,33284,9.4438,141
7f64ad4f,33239,9.4411,141
253f1822,31687,9.4438,141
2c862818,32500,9.4438,141
26b15f0e,24867,9.4438,103
5e426478,26057,9.4411,103
31b70b91,25648,9.4466,103
229cde88,31975,9.4438,141
7fbf2cf1,32247,9.4438,141
535a5527,28407,9.4466,117
5ab8375e,21250,9.4466,90
1e14ca1f,29918,9.4466,130
4b85030c,32397,9.4466,145
18caa588,23302,9.4466,101
19b828db,23019,9.4466,102
221ee75,24256,9.4466,103
3a5d881c,23184,9.4466,101
67e33384,24868,9.4411,103
1cab1e3d,32501,9.4466,141
77769c3a,25595,9.4466,103
2f509cff,32128,9.4438,141
228f9d26,21259,9.4411,90
1a5024c2,34418,9.4466,141
6c717681,32161,9.4466,141
74c4ec03,33450,9.4466,141
379039ed,24565,9.4466,103
1c0cfc84,33461,9.4493,141
4234248e,32150,9.4493,141
11c36c3f,26185,9.4493,103
236d0dc2,32467,9.4466,141
27aa70bb,6347,9.4493,1
149a6173,31595,9.4466,141
5cb95016,12439,9.4493,61
3fca1f5b,24815,9.4466,103
35e22e09,25597,9.4438,103
4139bfa6,33287,9.4466,141
57966e77,32379,9.4493,141
38c98319,26291,9.4466,110
1cff606f,16433,9.4493,75
10b728d9,32172,9.4493,141
7436096e,32175,9.4493,141
138dba,25655,9.4493,103
2faf9996,31039,9.4493,139
670869cf,32173,9.4493,141
5c5d58ed,26336,9.4493,110
4ed06417,32747,9.4466,141
ae979da,31593,9.4493,141
160b4b60,23278,9.4521,101
32e91e7f,32125,9.4521,141
7f5424e9,32471,9.4521,141
3eb2b570,31596,9.4521,141
72aea98d,33844,9.4521,141
84e5b41,32394,9.4521,141
566355cd,35038,9.4466,141
2fba61c3,34945,9.4521,141
7dd16344,21048,9.4521,93
7a344fb2,31627,9.4521,141
2955258a,3681,9.4466,29
5a87e6,31628,9.4521,141
4c5b671d,16448,9.4493,75
3a66e691,22056,9.4521,90
71cb2f8,29916,9.4493,130
62f767b0,26395,9.4521,110
36c6b9bf,26337,9.4521,110
213253f5,22962,9.4521,101
2ced7b2c,24826,9.4521,103
75fe53e6,31634,9.4466,141
76f607a7,26323,9.4493,110
45684f77,31568,9.4548,141
21b78ed,21056,9.4548,93
57d6a2b,25771,9.4548,103
7e4489b7,32164,9.4548,141
43f08e1c,21261,9.4466,90
446472e2,26242,9.4521,110
1de1b693,32251,9.4548,141
263a2352,33286,9.4548,141
73a3ab36,34419,9.4548,141
34644b30,26058,9.4493,103
53f0dc3c,26293,9.4548,110
43b5adff,24830,9.4548,103
2d2144a4,32464,9.4548,141
3b0ab7fb,33468,9.4521,141
6ece9d9a,23021,9.4521,102
fa0fe9,32166,9.4548,141
49f72445,31741,9.4548,141
27d96f36,32227,9.4521,141
53bad7ae,31735,9.4548,141
23a95e85,25922,9.4521,103
1b1f4d1a,32302,9.4575,141
6fa370e3,23247,9.4548,101
4d85f91,32174,9.4575,141
36752a50,33854,9.4575,141
683989f2,35039,9.4575,141
4d9a1f5e,26290,9.4575,110
394a4a66,16449,9.4575,75
36d3ff5c,32468,9.4548,141
29eb747c,32167,9.4575,141
3496fef0,30479,9.4575,134
78c13b12,23138,9.4575,101
5fe49b7e,32228,9.4548,141
568cb9ec,26292,9.4575,110
7664a6c1,32538,9.4575,141
45e64e5,34414,9.4575,141
7bc6be0,26344,9.4575,110
55c185a0,31632,9.4521,141
7cf83f02,31724,9.4575,141
288f6c3a,33850,9.4603,141
2f79ccf2,32158,9.4603,141
3828a6ba,23279,9.4603,101
5877ecb4,25170,9.4603,103
3c707f31,32165,9.4575,141
1cd5792,32398,9.4575,141
26a31bf0,32133,9.4603,144
60b20505,26059,9.4575,103
334cf4b8,32219,9.4603,141
7c747eb,25169,9.4603,103
38f129d5,26331,9.4603,110
536b989e,33292,9.4603,141
238135db,31725,9.463,141
1ec4c65f,31901,9.463,141
2fcafbd3,33462,9.463,141
20ea29dc,25177,9.463,103
1432c582,23304,9.463,101
4a4d573f,32107,9.463,141
3b983363,34951,9.463,141
4e7d73b0,30403,9.4603,134
75d1934a,31669,9.463,141
39e77477,31636,9.463,141
5505c660,33280,9.463,141
2ffce488,31902,9.463,141
60c06705,32189,9.4603,141
a39e234,30568,9.463,136
738b7bfa,34417,9.463,141
8c6852d,26345,9.463,110
4056f819,24829,9.463,103
3a3dd169,32381,9.463,141
53b9a65,30108,9.463,132
73e77c5f,32156,9.463,141
2d476593,33490,9.463,141
119462fb,33240,9.4575,141
787543d9,31732,9.4603,141
66f5c6e0,32330,9.463,141
3fc480e9,33851,9.463,141
213aa4ca,31670,9.4658,141
29b9117f,33288,9.4658,141
53023a5e,33470,9.4658,141
48da2b1f,32171,9.463,141
18217458,33865,9.4658,141
2909e992,25852,9.4658,103
733369df,24831,9.4658,103
31216d2d,31957,9.4658,141
18f8bd58,31597,9.4658,141
28ba3ac5,31598,9.4658,141
4e990339,31743,9.4603,141
268ce6a4,23248,9.4658,101
1cfeaf5d,31763,9.4658,141
656bd215,25184,9.4658,103
2ee6e60f,32760,9.463,141
636d854a,33295,9.4658,141
2295f645,26401,9.4658,110
4bf8310d,33285,9.463,141
70b8a91d,31771,9.4658,141
7ff03595,31673,9.4685,141
725ac3f0,31904,9.4685,141
7820f4ef,26263,9.4685,110
4d655ab7,31736,9.4685,141
33c79213,21224,9.463,90
68de9b4f,33869,9.4685,141
f09c401,26338,9.4685,110
d198f9,24808,9.4685,103
23c27a79,26333,9.4685,110
40474b6c,23249,9.4685,101
3f5a99ad,24270,9.4685,103
7e326b8b,31897,9.4685,141
722832e4,25178,9.4685,103
42098f6a,26339,9.4658,110
57217fd4,34499,9.4685,141
29f5f177,26249,9.4685,110
44f6b9f1,22366,9.463,90
7fbda304,31903,9.4658,141
6269e022,31569,9.4685,141
77fa0c99,24269,9.4685,103
7906afd3,34415,9.4712,141
7f7e87cd,33617,9.4712,141
e3690e2,25185,9.4712,103
290fdb79,26402,9.4712,110
65bb91bc,32176,9.4712,141
6ef02229,23303,9.4712,101
547b0e95,32472,9.4712,141
3f8d370,21397,9.4712,90
3af784c2,33311,9.4685,141
557918df,34943,9.4712,141
597aab43,34562,9.4712,141
1c5c804f,31674,9.4712,141
1a8bd692,34942,9.4712,141
7299afc,32223,9.4712,141
1d71741a,32367,9.4685,141
b0519e9,33469,9.4712,141
7323ae3e,33296,9.4712,141
37d8c98e,33846,9.474,141
7ced4bf3,31594,9.4685,141
5f84cfd6,32395,9.474,141
3138c846,33289,9.4685,141
56799a7d,32411,9.474,141
58f7925a,27289,9.474,114
779f0d51,26332,9.474,110
41874686,32761,9.4767,141
6d2fdbad,34500,9.4767,141
1282d9ce,23252,9.4767,101
ad90b58,16435,9.4712,75
7683fc86,23064,9.4767,102
311a6b7c,34616,9.4767,141
79f98282,32328,9.4712,141
6a18dca3,33264,9.474,141
6e502487,26244,9.474,110
68011a8e,6349,9.474,1
75e9207,26348,9.474,110
3286fdfc,31913,9.4767,141
26373ff1,31688,9.4767,141
1e57d2cb,24266,9.4767,103
714ca99a,26264,9.474,110
2f1d31e,32539,9.4767,141
71db7a1,26302,9.474,110
135167cc,33265,9.4767,141
27fcfc03,31746,9.4685,141
3368811f,32222,9.4795,141
3f0ddd4f,22367,9.4795,90
5547d5b0,26265,9.4795,110
159b27ff,21396,9.4795,90
620c2c2a,24136,9.4795,103
247522c3,24816,9.4795,103
124f768b,25176,9.4795,103
9b9702d,16450,9.4795,75
333a6281,26396,9.4795,110
58bbcb03,22334,9.4795,90
1453ab34,33457,9.4795,141
257c3077,26055,9.4795,103
1aac6833,33454,9.4795,141
48e64e95,33293,9.4795,141
12d2fd4c,30329,9.4712,134
173da8e8,24817,9.4767,103
7773fee4,31663,9.4822,141
7196d0da,26349,9.4822,110
7895cfd7,6355,9.4822,1
783f4575,25179,9.4767,103
6a7908ad,33237,9.4822,141
2d2e0538,32191,9.4822,141
7b938c3d,25880,9.4822,103
53387ae0,26250,9.4822,110
71263c4a,34617,9.4795,141
2cfce093,26187,9.4822,103
28155c84,26303,9.4795,110
5b96efa2,6331,9.4822,1
2b19de89,24894,9.4795,103
1b924cf6,21399,9.4849,90
36b80840,30481,9.4822,134
5052fdf5,33599,9.4849,141
3c55e3a2,32221,9.4849,141
21de41ac,32305,9.4849,141
526555cb,32543,9.4849,141
35a9fd22,22331,9.4822,90
23a5a3a5,32759,9.4849,141
6bad165f,26398,9.4849,110
2cd7e38a,26062,9.4767,103
3f8c5d41,26397,9.4849,110
4536f77f,34954,9.4849,141
46aa1e68,32136,9.4849,144
55f26e84,33242,9.4849,141
8c9472e,33598,9.4767,141
5abe0d7b,23027,9.4849,102
7a36d447,22336,9.4877,90
6c79cc37,32177,9.4849,141
2ab91972,33600,9.4877,141
688bcb3c,21225,9.4877,90
2453be86,21057,9.4877,93
669d64f,22332,9.4877,90
64792d79,32190,9.4877,141
529dd8e1,32749,9.4822,141
6b83fbba,32122,9.4849,141
2310932b,27287,9.4822,114
eaf70d5,22368,9.4877,90
3249fb31,32109,9.4877,141
46e398e9,34944,9.4877,141
614dd2d5,22333,9.4877,90
14112ff1,32475,9.4877,141
697cce31,33238,9.4877,141
33022727,16434,9.4849,75
3cd690e8,26060,9.4877,103
21254e24,31958,9.4877,141
2e270177,33609,9.4877,141
6dc1dbe8,26497,9.4877,110
cbe208b,32119,9.4877,141
4e7b024,30406,9.4849,134
fb89af2,33267,9.4877,141
19821ecb,32764,9.4904,141
6445cf08,33261,9.4904,141
5d9a2534,29720,9.4849,117
44b64a1d,33472,9.4877,141
16be4b7f,30351,9.4904,134
1f437b25,32331,9.4904,141
55b4da4a,32818,9.4904,141
598be64d,33312,9.4904,141
ea67b02,32542,9.4904,141
3d8aabb0,32137,9.4904,144
76b3841e,32469,9.4904,141
39946577,27290,9.4904,114
4a019e85,24895,9.4904,103
4c3ea006,33259,9.4904,141
2481451a,34563,9.4904,141
3e243320,32220,9.4904,141
789767d7,33458,9.4904,141
7c219b87,26347,9.4932,110
4190d653,33281,9.4932,141
6f97f2ee,34421,9.4904,141
70b5710f,26355,9.4904,110
335f1911,32205,9.4932,141
743a6367,32476,9.4904,141
24eaff8c,25772,9.4932,103
7f8ccf17,21262,9.4932,90
3450c666,32335,9.4932,141
1356bad0,34420,9.4904,141
603331a9,32146,9.4932,141
67db3e1d,22335,9.4904,90
79debecf,24887,9.4932,103
4b0f2464,23253,9.4904,101
6d2987ef,34501,9.4932,141
146e4d9a,24271,9.4932,103
7e7f21f0,23018,9.4932,102
18cab11e,33243,9.4932,141
2a549a67,22355,9.4932,90
b63663d,33297,9.4932,141
6280dc78,32118,9.4959,141
3ec60d71,33471,9.4959,141
6d87e856,34766,9.4959,141
2088e6b9,34502,9.4959,141
2e01c76d,32769,9.4959,141
3ec31e1e,22325,9.4932,90
799295c7,33455,9.4904,141
6c5494c8,31564,9.4959,141
b8e1ad5,33870,9.4959,141
577fc946,31772,9.4959,141
d0156e4,34413,9.4959,141
45bb7158,23029,9.4986,102
3e189388,33614,9.4986,141
31704d83,31749,9.4959,141
71381faf,32134,9.4986,144
36c19b3f,33845,9.4986,141
286e0d0e,23295,9.4986,101
52905f58,34503,9.4986,141
5b1d6bb7,23140,9.4986,101
3430ba7,31726,9.4986,141
53f9ee08,32200,9.4986,141
4a394157,32120,9.4959,141
7a49cb74,31960,9.4986,141
7b15ab0b,24888,9.4986,103
6e30826b,31773,9.4986,141
7dd9d236,32371,9.4986,141
7dea0723,33596,9.4986,141
494c6181,33260,9.4986,141
4f4bd8b0,26350,9.4986,110
7c30fb0d,24809,9.4959,103
514e38b7,30572,9.4986,136
2797636,22328,9.4986,90
7b240b76,26498,9.5014,110
6abbc2fa,23139,9.5014,101
11a8a433,32470,9.4986,141
3183ad31,33282,9.4986,141
6a277fcc,33456,9.4932,141
5ebfcc60,32402,9.5014,141
a6272b8,26006,9.5014,103
2624bce0,32396,9.5014,141
77ac6ef7,33847,9.5014,141
6137103b,26485,9.4959,110
57d060ae,33595,9.5014,141
4e3e2f5e,34425,9.5014,141
4d7e59c5,34795,9.5014,141
59314d4b,31959,9.5014,141
d3083d3,26334,9.5014,110
32cb09f4,32762,9.5014,141
7119b539,33473,9.5014,141
d44ce19,32348,9.5041,141
76d993a8,26298,9.5014,110
135bf3d0,24843,9.4959,103
4932f4a,27288,9.5014,114
57ebaffe,21055,9.5041,93
3d05985e,23030,9.5041,102
161abde1,22329,9.5041,90
2c639534,32347,9.5014,141
267d5b19,33244,9.5014,141
372be0e0,26422,9.5041,110
7012d7a9,26403,9.5041,110
19146067,30480,9.5068,134
446757c3,16436,9.5068,75
60caa4d4,32229,9.5041,141
51a1df5,33463,9.5068,141
79fc29b2,26266,9.5068,110
75ba001,31591,9.5068,141
7ce0316e,31747,9.5068,141
4939c622,32303,9.5068,141
5190d70e,33315,9.5068,141
b913e95,33263,9.5068,141
2e4c50da,32235,9.5068,141
760705c8,32473,9.5068,141
7108d5fc,32201,9.5068,141
4d2804b7,32329,9.5041,141
1151749c,26423,9.5068,110
26775474,34422,9.5096,141
2410a3b9,34767,9.5096,141
6a77cbb6,33266,9.5096,141
5de75431,32333,9.5096,141
41af7f0d,33843,9.5096,141
600301ea,33459,9.5096,141
5f264c15,23031,9.5096,102
34fd5c27,23028,9.5041,102
53dcd055,33474,9.5096,141
69318a34,26356,9.5096,110
1145daa9,26305,9.5068,110
4f07a0c2,32135,9.5096,144
7a6c8f0f,31930,9.5068,141
1fe9ca5c,33657,9.5096,141
2046db9a,34769,9.5096,141
5d68003,33552,9.5096,141
52357ee0,33303,9.5096,141
4c3f875e,26271,9.5096,110
1d550faf,32193,9.5014,141
72e23061,21226,9.5123,90
42d75c14,34998,9.5123,141
774a1b96,23142,9.5123,101
30b89dd6,31961,9.5123,141
533ac298,31924,9.5123,141
2b751317,31727,9.5068,141
5007dde1,31599,9.5123,141
cc43b44,21228,9.5123,90
78665127,34948,9.5123,141
7d4d72b1,32231,9.5123,141
7ea33ba4,26061,9.5151,103
5310312f,31614,9.5151,141
15305623,33298,9.5151,141
19b5ad03,33618,9.5151,141
f7b9c7e,23044,9.5151,102
6862e82e,33540,9.5151,141
3aa92544,24810,9.5151,103
e405aa7,23033,9.5151,102
5d8bbf7d,32514,9.5151,141
22571f7a,31964,9.5151,141
51279d71,32192,9.5151,141
769a9da,26007,9.5096,103
47ce136b,31965,9.5151,141
5dce5c1d,32139,9.5123,144
2ad9f58a,32202,9.5151,141
43c3c419,31733,9.5123,141
4cdaab1,26251,9.5178,110
2b4c3081,26056,9.5151,103
2d125155,32110,9.5178,141
480284d8,33597,9.5178,141
21f3374b,33306,9.5178,141
d207376,3685,9.5178,29
6bf1c3cc,33619,9.5178,141
54d6bf1e,33602,9.5178,141
8aed518,26304,9.5178,110
305ff229,32121,9.5151,141
55d5a84d,23057,9.5178,102
341ad3a6,32343,9.5178,141
4a62c628,26267,9.5178,110
7ab0a427,34564,9.5178,141
5e3bbf7,32111,9.5178,141
7d0cecc6,33250,9.5151,141
1f698722,24267,9.5096,103
43664161,31570,9.5123,141
5b4266f9,26486,9.5068,110
2ffdbe1b,34426,9.5178,141
4132cb8b,33555,9.5178,141
12b11418,32502,9.5096,141
632d3266,33610,9.5178,141
2b90f554,31826,9.5205,141
7ca90d3e,31963,9.5178,141
6622c767,32547,9.5205,141
6c1667c7,33601,9.5205,141
40800544,32334,9.5205,141
74742097,32194,9.5205,141
29c89e2b,23034,9.5178,102
49dd881,34423,9.5205,141
5b6aaf8a,34955,9.5205,141
1b003b86,32763,9.5205,141
4e25d0e9,26011,9.5205,103
2496507c,32123,9.5178,141
2a0ead9b,21058,9.5205,93
30c87f57,33262,9.5178,141
500a433f,34999,9.5233,141
4609ecf2,32124,9.5233,141
1934f3dd,31934,9.5233,141
6a75056b,24818,9.5205,103
6864a0a1,32312,9.5233,141
6103bf23,31929,9.5233,141
5f1702c5,33317,9.5233,141
17733514,34579,9.5233,141
1d8b1a11,31968,9.5233,141
50a7d0a9,33294,9.5233,141
3fc743c7,32313,9.5233,141
179fd284,33314,9.5205,141
2c218739,23254,9.5233,101
4b47a952,26063,9.5205,103
e5969b9,34580,9.5233,141
6d4d9490,31592,9.5233,141
1fe3ae97,31690,9.5233,141
6015d243,32314,9.5233,141
402d8937,34946,9.5233,141
3656b559,34770,9.5233,141
7387068b,32819,9.5233,141
88a86ba,32474,9.5233,141
3dce5572,31693,9.5233,141
118607cd,33251,9.5233,141
12f984d9,33304,9.526,141
59817b53,26299,9.526,110
16abd0d4,26500,9.526,110
373205a3,32198,9.526,141
69b390d0,33241,9.526,141
86b4356,34768,9.526,141
3bba2556,32147,9.5233,141
73df7f85,16438,9.5233,75
3796df9b,32820,9.526,141
54677340,31925,9.5233,141
73ac0632,33615,9.526,141
21a74c0c,34511,9.526,141
4bdd4dfb,31962,9.526,141
38c23b08,32478,9.526,141
43762052,32138,9.526,144
63915f5e,23069,9.526,102
2c64a60f,34516,9.5288,141
37b858a3,32337,9.5288,141
162b693a,22330,9.526,90
64adbf1d,32649,9.5288,141
6d703959,32770,9.5288,141
18781914,32178,9.5288,141
26109030,32821,9.5288,141
5c8bd968,23024,9.5288,102
28b03a02,24889,9.5288,103
6ec3bc2,33499,9.5288,141
305d9951,32224,9.526,141
68b596f7,34949,9.5288,141
305d168,23035,9.5288,102
14718f9,26507,9.5288,110
17e2753a,33971,9.5288,141
5d0c8e91,32626,9.526,141
19caa9e9,34581,9.5288,141
34e9a529,34947,9.5288,141
dd0f39d,33625,9.526,141
34919cb0,32541,9.5315,141
2f7c5f2f,31931,9.5315,141
78d8ee2a,24137,9.5315,103
161ccf5,23065,9.5315,102
b279b5f,33868,9.5315,141
336bf297,32504,9.5315,141
26dcc24a,32545,9.5315,141
c7de36e,33972,9.5288,141
63ae8e1f,33246,9.5315,141
34be1e22,32315,9.5315,141
582dbd68,32204,9.5315,141
3b285390,26268,9.5315,110
1cf8a395,31914,9.5315,141
58f3f126,32627,9.5315,141
6d80d1ad,32195,9.5315,141
4bd0968a,33611,9.5315,141
14cdbb5e,32336,9.5315,141
4d704659,32316,9.5342,141
a4de410,23141,9.5342,101
649c52a,31977,9.5342,141
612b414d,31907,9.5342,141
18c5017d,32253,9.5315,141
57c8ceb2,21229,9.5342,90
3240cd3f,32519,9.5342,141
134534b,34510,9.5342,141
64542e5e,30352,9.5342,134
9dad313,33604,9.5342,141
3924f5bc,26503,9.5342,110
28881174,33616,9.5342,141
1c15086f,32771,9.5315,141
525a8388,33464,9.5342,141
438812b5,24268,9.5342,103
5d1f866d,26424,9.5342,110
35743f0b,31751,9.5342,141
1161fba,35040,9.5342,141
208b897,26351,9.5342,110
1bfacbbd,33475,9.5342,141
23857a55,24893,9.5315,103
45d4f197,22369,9.5342,90
379d8549,33613,9.537,141
6c7a7cf,21227,9.537,90
414c7b80,33313,9.5342,141
4993e62e,33603,9.537,141
52a1f067,31978,9.537,141
5af76c0d,31976,9.5288,141
29bda1d7,33612,9.537,141
b8f4f1b,35000,9.537,141
5409a3c3,33519,9.537,141
30180dfb,33503,9.537,141
70750d73,32112,9.5342,141
6baf5332,26008,9.5342,103
7435b808,33852,9.5342,141
5dfb6ad2,33542,9.537,141
33c667a0,34950,9.537,141
4edeb88c,33856,9.537,141
77b1cb16,32232,9.537,141
516a2788,34319,9.537,141
6b7b56c,34504,9.537,141
9ce292,33871,9.537,141
676e46,34324,9.5397,141
79f7ec27,26506,9.5397,110
42503aa0,33252,9.5397,141
297a585f,34582,9.5397,141
25bfc80a,34618,9.5397,141
1e1187a5,33855,9.5397,141
58d4f9a7,32414,9.5397,141
526c0a7,23058,9.5397,102
58c1d694,33492,9.5397,141
1b877216,26357,9.5397,110
3ac76fc3,31933,9.5397,141
40a316f4,32546,9.5397,141
6880190,26499,9.5397,110
15a7022b,33504,9.5425,141
529d8dea,33620,9.5425,141
43e945b,32236,9.5425,141
24094108,27291,9.5425,114
7cc5e7cb,24272,9.5425,103
4209d764,26009,9.5425,103
32651f32,33553,9.5425,141
5c0a1977,32196,9.5425,141
f225682,33623,9.5397,141
31c02f5,34989,9.5425,141
199a112b,33857,9.5452,141
155772ce,32637,9.5452,141
85ca0a0,31935,9.5452,141
75c91bab,35002,9.5452,141
6bb410f4,34138,9.5452,141
226e47e0,31689,9.5397,141
7f9f5491,33491,9.537,141
c019061,32503,9.5452,141
613568e1,32778,9.5452,141
5dfe0b77,32341,9.5397,141
2acde783,33626,9.5452,141
7a4ce47d,31932,9.5452,141
66a1be37,23068,9.5452,102
7acef1cd,33247,9.5452,141
3076ec15,31783,9.5452,141
7542f467,32497,9.5425,141
683099be,32766,9.5397,141
657d4dec,32349,9.5452,141
69508f7c,31781,9.5452,141
626c1312,33990,9.5397,141
ef32f4,34427,9.5452,141
45a88a8a,34780,9.5479,141
6cfea63e,34432,9.5479,141
6195ff9d,34517,9.5452,141
189419c9,34320,9.5452,141
72d731de,26504,9.5479,110
14283b3,24273,9.5397,103
6ffdf520,23074,9.5479,102
7e7d477f,26270,9.5479,110
30da363a,32822,9.5452,141
23c331f3,26480,9.5479,110
8382bb9,32237,9.5479,141
1d726e16,33861,9.5479,141
9a09478,31969,9.5479,141
68aa0890,32413,9.5507,141
210693df,33318,9.5507,141
2f8a4b37,32883,9.5507,141
220409ea,31915,9.5507,141
1a526bb2,32225,9.5452,141
41840f2e,26404,9.5479,110
fdf8b4c,32233,9.5507,141
72f1ba73,31678,9.5507,141
70b8a69e,34952,9.5507,141
79be5cc0,33866,9.5452,141
9db2081,30353,9.5507,134
a483d50,31784,9.5507,141
75953c48,34549,9.5507,141
40acf832,32773,9.5479,141
4b7ff4bb,26310,9.5507,110
96f239,33308,9.5452,141
1a6a9f6d,32306,9.5507,141
5cbde91f,26300,9.5507,110
72466121,34996,9.5507,141
7bf7f7d2,26406,9.5507,110
4f191e3b,33245,9.5507,141
78293adb,34325,9.5507,141
4befc1d0,33973,9.5534,141
fe2f618,30573,9.5534,136
2cc13266,32208,9.5534,141
80dc919,31926,9.5507,141
3943c521,26447,9.5534,110
c176298,32517,9.5507,141
18632bca,26311,9.5534,110
14dd1734,31729,9.5534,141
727e51b7,31699,9.5479,141
35127677,32412,9.5534,141
385d0ddb,32382,9.5534,141
62075388,23073,9.5507,102
1e9f9c4b,32516,9.5479,141
1e6c85c6,31979,9.5534,141
5455bd57,16431,9.5534,75
c163f46,32344,9.5507,141
42874f85,32206,9.5534,141
1fe9b6b3,32498,9.5534,141
6e89974b,34548,9.5534,141
14b16de9,33272,9.5562,141
6df7d52d,32307,9.5534,141
50262bda,31675,9.5534,141
7237cd5a,32765,9.5507,141
57f68bce,33268,9.5562,141
9eae40c,33853,9.5562,141
6d7628d0,32230,9.5534,141
3e7bc6ee,33938,9.5562,141
5fe24200,32518,9.5534,141
14d2f0d1,35001,9.5562,141
3bc3cdbd,26409,9.5562,110
75381d28,33501,9.5562,141
13f319bb,33502,9.5589,141
4f1f93bd,26487,9.5589,110
2fb36006,26352,9.5507,110
3d924d38,33465,9.5589,141
10f98bf5,34429,9.5589,141
628cc5b2,32342,9.5562,141
67f34006,33877,9.5589,141
7d165406,32308,9.5589,141
4530dc73,34521,9.5562,141
69b93699,26269,9.5589,110
5a88c268,33939,9.5589,141
6e0f3a6f,26013,9.5589,103
6aaad349,32477,9.5589,141
53dd4674,31748,9.5589,141
313f4c28,33658,9.5589,141
26b9889b,32317,9.5589,141
4a073d7b,33662,9.5589,141
56002dd1,35003,9.5616,141
76493215,26491,9.5616,110
414ba93c,31728,9.5616,141
59564f13,33874,9.5616,141
7dc70ac7,26306,9.5589,110
24fcafc4,21230,9.5616,90
e581ce1,34550,9.5589,141
59e1c65e,31905,9.5616,141
45ff8617,31927,9.5616,141
ab2d5d,32338,9.5616,141
171031a7,33624,9.5589,141
4e5a96bd,32654,9.5644,141
19de6a1e,32825,9.5644,141
20a8880c,31565,9.5644,141
79b08881,26488,9.5644,110
79848f8a,34583,9.5644,141
63450674,6350,9.5644,1
9a10e98,33500,9.5644,141
6d2d1f48,32544,9.5644,141
10a476ec,33309,9.5616,141
5b19b42a,31679,9.5644,141
63338032,34424,9.5644,141
35e6aa2d,33659,9.5644,141
5a4da41f,33554,9.5644,141
5f1f3741,26407,9.5644,110
6bb96382,33494,9.5644,141
6cbf3958,31696,9.5644,141
7a917801,32823,9.5671,141
228e7d33,34565,9.5671,141
c588674,31967,9.5671,141
4d4b4610,26340,9.5644,110
6b48c5c7,34638,9.5671,141
7e28440f,33934,9.5671,141
f886abb,26425,9.5671,110
5979a821,34518,9.5644,141
1864c69c,34428,9.5671,141
352f5eaa,32520,9.5671,141
91b6c3c,32309,9.5671,141
450a0216,31730,9.5671,141
7b646c0d,34771,9.5671,141
34f1a7c5,32628,9.5644,141
665947eb,33305,9.5616,141
73d6e384,23066,9.5671,102
2b0afdf7,26505,9.5671,110
12fcb8dc,33316,9.5671,141
3e36c377,16437,9.5671,75
7ab8ddf6,32207,9.5644,141
6216213,34430,9.5699,141
71ec1053,26429,9.5699,110
79c94862,31637,9.5699,141
45a27dc0,30482,9.5699,134
481ebe9d,34997,9.5699,141
49fdffe,23281,9.5699,101
7ac5dfe7,31700,9.5699,141
59614145,31750,9.5671,141
6ad88853,34637,9.5699,141
3cc2a4b5,23032,9.5671,102
1150fe6,26493,9.5699,110
52ad1de8,24890,9.5671,103
7c199dfe,26501,9.5699,110
555779c4,34554,9.5671,141
7c1436b7,32550,9.5699,141
2bbb7773,32340,9.5699,141
762ab5de,23143,9.5699,101
18dd7b86,34322,9.5671,141
452157a4,31782,9.5699,141
16b440c7,31919,9.5699,141
625eb1b6,32203,9.5726,141
41f96c66,26448,9.5726,110
320b3e94,33310,9.5726,141
7be0d39e,33559,9.5726,141
7dd8d306,23067,9.5699,102
6a1c0e0a,31908,9.5726,141
608cc573,26426,9.5699,110
b18a868,32339,9.5699,141
30e30aee,32505,9.5726,141
3a052ea6,16440,9.5699,75
56ce4431,23075,9.5699,102
3ca4d3c8,32197,9.5726,141
12c20a3d,34326,9.5699,141
723167dc,31571,9.5699,141
5a2db70e,23145,9.5753,101
494ed2f3,33495,9.5753,141
6c1c4bf2,31638,9.5753,141
536e7281,33560,9.5699,141
2a18f0b7,23095,9.5753,102
1dbaa73d,26307,9.5753,110
225c3733,32772,9.5753,141
286b383,23144,9.5753,101
51d5205a,33476,9.5753,141
3f6d9c6f,16451,9.5753,75
6ff6662c,33935,9.5753,141
27bdb7a0,33270,9.5753,141
5dcac0ee,31911,9.5726,141
649bf9cb,33497,9.5753,141
53b65470,26654,9.5781,111
f2d8f2c,34639,9.5781,141
3f13e5ef,33736,9.5781,141
45e729de,32345,9.5781,141
7e89d508,32199,9.5781,141
1ffd1b7d,33622,9.5781,141
7c4aa341,34321,9.5781,141
9fcccf,33541,9.5781,141
308e6841,32523,9.5781,141
475fabde,32767,9.5671,141
6ea658df,23280,9.5781,101
10210870,34640,9.5781,141
532eb655,33867,9.5726,141
6995e6b5,21059,9.5781,93
74cb1b56,26309,9.5781,110
2f96c83b,26301,9.5781,110
35293bf8,26410,9.5781,110
2dd3d7a5,33661,9.5753,141
b694054,34953,9.5781,141
4d8fbfc2,32350,9.5781,141
3105ab70,33477,9.5781,141
2582c0a,33460,9.5781,141
43f2b7f5,34431,9.5781,141
733361e6,34520,9.5781,141
6ff10adb,34513,9.5781,141
2c8a4353,33660,9.5781,141
7a111428,32750,9.5781,141
124566dd,26358,9.5808,110
336d8b15,32346,9.5781,141
7505019c,6356,9.5808,1
13ba019d,33621,9.5781,141
3abac20f,23146,9.5808,101
beb44b4,23305,9.5781,101
7929a1b5,26502,9.5808,110
40e353c3,32234,9.5808,141
1db7a3a2,33493,9.5808,141
4c289a44,34584,9.5808,141
7838ae7d,33737,9.5808,141
229f87f2,32630,9.5808,141
2159ab0,31752,9.5836,141
a67da0c,34260,9.5836,141
3711c67b,33977,9.5808,141
696f677c,35078,9.5836,141
4701b0fb,23070,9.5836,102
7302a5ad,32752,9.5836,141
4a1997a8,32415,9.5836,141
585f4d10,32828,9.5836,141
7cef92b2,31827,9.5808,141
1213a888,31691,9.5836,141
745a58aa,32209,9.5836,141
7278355e,32515,9.5836,141
50edc1cc,23296,9.5836,101
5fb564b1,23297,9.5836,101
790ce8e5,26513,9.5836,111
4a6de05f,32751,9.5836,141
3d1d9e79,26492,9.5836,110
7430ab7f,22370,9.5836,90
d4c9a4,26010,9.5863,103
1b6f56ff,33664,9.5863,141
1a704c22,26489,9.5863,110
3019dc83,33271,9.5863,141
1e01529b,32768,9.5863,141
3b4b261c,31970,9.5863,141
4a511959,33307,9.5836,141
7efb7e9b,26490,9.5863,110
6cee605e,31829,9.5863,141
786f72d2,33860,9.5863,141
7c25c1f7,23071,9.5808,102
582f89c3,24896,9.5863,103
47dcee08,31701,9.5836,141
4426edc3,32416,9.5863,141
68fc6baa,32210,9.5863,141
4c3996e7,26014,9.5836,103
6cb58dc6,32826,9.5863,141
40eee94,33978,9.5863,141
1f0e2d66,31703,9.5863,141
1424b416,33482,9.5836,141
14aa86db,34990,9.5863,141
5431f235,34566,9.589,141
3a3a90c8,32884,9.589,141
b0f079d,23059,9.589,102
4b53c479,34433,9.589,141
10a8277c,31695,9.589,141
7e7a5971,34568,9.5863,141
d3a9acc,30334,9.589,134
327ba105,32635,9.589,141
581ff71e,32310,9.589,141
95db8a6,33496,9.5863,141
25c0d92d,33872,9.589,141
7c75cba3,31916,9.589,141
5bf56434,33858,9.589,141
2b1a4ddc,31971,9.589,141
3f897f64,32789,9.589,141
1ca3d009,31702,9.589,141
4e5938ed,31681,9.589,141
3e7d21d6,34956,9.589,141
4afb1b22,30335,9.589,134
485aa9ec,23256,9.589,101
4f437e5a,35077,9.589,141
186795f5,23036,9.589,102
ad7bfd0,34519,9.589,141
17df72af,31945,9.5918,141
433a7fa0,32779,9.5863,141
67d6920f,32351,9.5918,141
50c8981a,32524,9.589,141
3ceec2a6,35004,9.5918,141
2fa5d64a,31790,9.589,141
7c4cfbe4,31694,9.589,141
2c396de4,32311,9.589,141
7f2cd486,34957,9.5918,141
6bb08b31,26655,9.5918,111
21818f13,33974,9.5918,141
101402c6,26012,9.5918,103
46b0808a,32780,9.5918,141
9ebaeae,32655,9.589,141
5fa1f43e,33487,9.5945,141
30a715f8,32656,9.5945,141
1df3ede8,32657,9.5945,141
535fd7e,32790,9.5945,141
5f058a0c,33875,9.5945,141
f5585d6,23255,9.5918,101
7d55911,34651,9.5945,141
5cb78ae,34268,9.5945,141
76edc7f1,34323,9.5918,141
553587cf,33933,9.5945,141
780551a9,32753,9.5945,141
2655480f,33481,9.589,141
3c14e9a2,31834,9.5945,141
3e9fc17b,31639,9.5945,141
47ed2298,34327,9.5973,141
68079a1c,34652,9.5973,141
15b7abd5,33515,9.5973,141
2e182727,31640,9.5973,141
597a020b,23298,9.5945,101
772d125e,33637,9.5973,141
5f6ce66d,35041,9.5973,141
32cd4db0,34506,9.5973,141
15dfc97d,31785,9.5973,141
3dd0ebe7,31947,9.5973,141
3b2e7bb8,34991,9.5973,141
240e3161,23060,9.5973,102
1c69e403,33248,9.5945,141
6462ba74,32754,9.6,141
44918af3,32479,9.6,141
caaca62,31641,9.5918,141
3a1b4b5b,33940,9.6,141
597a67af,32525,9.6,141
a60c97f,23038,9.6,102
426e0cd2,26353,9.6,110
1907c18f,32791,9.6,141
5202a53a,32827,9.6,141
184d2727,33953,9.6,141
12006c9e,32552,9.6,141
49818b3b,34963,9.5945,141
1ea76490,26458,9.5918,110
2c9df30a,33873,9.6027,141
6cefed97,31651,9.6,141
5d189da1,34261,9.6027,141
4ced7e00,33936,9.6,141
7324db16,32662,9.6027,141
694b10e9,34264,9.6027,141
2a8dbb69,31980,9.6027,141
6dce588a,32629,9.6027,141
3361ce0c,32261,9.6027,141
145bbb1e,32383,9.6,141
25a63d24,33876,9.6027,141
62378c0a,31680,9.6027,141
5f9b3fee,33249,9.6027,141
1651ec48,31909,9.6055,141
28aacbb,32417,9.6055,141
5c03273c,32254,9.6055,141
5a61171d,34514,9.6055,141
434b93b5,34619,9.6055,141
14f31013,31774,9.6055,141
510cff76,33521,9.6055,141
307d3b5,32439,9.6055,141
1c4e2e5b,33878,9.6055,141
1031d649,23061,9.6055,102
3f036a0d,26576,9.6055,111
26f06c76,30340,9.6055,134
1bd78966,33792,9.6055,141
768650b1,31643,9.6027,141
179dabc9,23039,9.6055,102
689b53b6,26538,9.6055,111
4dad110f,34140,9.6055,141
6a162d65,33269,9.6055,141
2ed1eb4e,23257,9.6,101
1c650bc1,34555,9.6027,141
34300abc,34620,9.6082,141
39e5542b,34328,9.6082,141
62c32b77,34551,9.6082,141
43e937fa,26509,9.6082,111
77661745,32755,9.6027,141
6431518e,34505,9.6082,141
1fd256ec,26427,9.6082,110
150ee40b,33627,9.6082,141
529515d0,32633,9.6027,141
38ffb188,34262,9.6082,141
3cc6932d,32829,9.6082,141
312ec76f,33629,9.6082,141
53e243fd,31791,9.6082,141
29a3e7c4,34604,9.6082,141
21f44626,32782,9.6082,141
6626e8c8,26514,9.6,111
279aa25a,32384,9.6082,141
1131ecaa,6332,9.6082,1
5514945a,35005,9.6082,141
12774ddc,31928,9.6082,141
43c687f2,26354,9.6055,110
313c65a2,31787,9.6082,141
2f769b93,33879,9.6055,141
5f4cbf2e,34789,9.6082,141
7c73a0c,31972,9.6082,141
70c9d411,32631,9.6082,141
228aaedf,33299,9.6082,141
393b131e,33273,9.611,141
712496f,34788,9.611,141
4ecec171,32757,9.6082,141
2f0c9855,26659,9.611,111
3a40e5ea,32781,9.611,141
3809ce31,34653,9.611,141
28f13d0e,32650,9.611,141
b30eb39,34512,9.6137,141
108ca428,32521,9.6137,141
5b89585c,23299,9.6137,101
665b9972,33992,9.611,141
4763c1fa,34552,9.6137,141
69ee013c,34571,9.6137,141
32bb80da,31697,9.611,141
23617569,33638,9.611,141
194bf87e,33255,9.6137,141
407e86bc,34556,9.6137,141
2e2d6339,31833,9.611,141
3d6ce19,35007,9.611,141
64f81a8,33557,9.611,141
747e24dd,34992,9.6137,141
318fa5c0,30339,9.6137,134
65e6d28,34993,9.6137,141
4bb72098,16441,9.6164,75
3761940,34602,9.6164,141
72e053e3,16442,9.6137,75
62b8d3f,31786,9.6164,141
5a925555,33995,9.6164,141
1751c269,26359,9.6164,110
4ac6899f,35153,9.6164,141
3887d3bf,26449,9.6164,110
1a017394,32783,9.6164,141
b8861f6,26408,9.6164,110
519057cd,33665,9.6164,141
2f64a611,33556,9.6137,141
29f89269,33886,9.6164,141
6137d171,32632,9.6164,141
77710178,34508,9.6164,141
32cadca5,33994,9.6137,141
3894a0c3,32774,9.6192,141
55921662,32551,9.6192,141
a71f9f8,24899,9.6192,103
6e3a23e7,33466,9.6192,141
1fb3b4d3,33985,9.6192,141
7335045b,33561,9.6192,141
6e964b3d,34603,9.6137,141
36d13d59,32506,9.6192,141
33eabc42,33506,9.6164,141
c7094c3,34585,9.6192,141
573c5eca,23072,9.6192,102
68b89a81,23107,9.6192,102
e562378,26450,9.6192,110
60878fd,33498,9.6192,141
3377acf8,31676,9.6192,141
1f375485,31981,9.6192,141
20c5f9f8,32634,9.6164,141
65cfb28d,33975,9.6192,141
6b51c2a0,34168,9.6219,141
4e673033,26577,9.6192,111
41e20a3e,23040,9.6164,102
59a19355,34331,9.6219,141
3c800e03,32830,9.6219,141
1a7307ae,31677,9.6219,141
4f9d048e,33478,9.6192,141
72f8ac5c,32658,9.6219,141
73d1fb68,33484,9.6192,141
32394b0d,31644,9.6219,141
30f57493,33505,9.6219,141
3fe9867d,26272,9.6219,110
1183e3d6,16454,9.6219,75
176baf77,32756,9.6192,141
6b9d0c49,26660,9.6164,111
137109ee,34871,9.6219,141
13044314,33862,9.6219,141
7a66df88,23265,9.6219,101
84eec0b,26308,9.6192,110
4294fa62,26411,9.6219,110
41e8493d,34509,9.6219,141
7045aef7,32548,9.6219,141
f943a40,33520,9.6219,141
e7d4103,26481,9.6192,110
6a36863a,34965,9.6219,141
69148be0,33558,9.6219,141
368b33ae,26412,9.6219,110
347bb223,31985,9.6219,141
1a13d8d6,32638,9.6219,141
44ca9af8,33859,9.6247,141
9cc520a,33996,9.6247,141
604f13ba,33253,9.6219,141
649ea20d,24903,9.6247,103
7493e93c,34790,9.6219,141
1fa4b9a6,32549,9.6219,141
76eab2b,34966,9.6219,141
1671ef01,33666,9.6247,141
7d402efa,33663,9.6219,141
532b38dc,32833,9.6219,141
4f98ddaa,32640,9.6247,141
408b22da,31788,9.6247,141
4713c17d,33485,9.6247,141
35560d47,32660,9.6247,141
2c46e50b,35145,9.6247,141
161d344d,30354,9.6247,134
9cc12d2,33508,9.6247,141
c750a99,24897,9.6247,103
1700d8a1,33986,9.6247,141
2e788ad7,34772,9.6274,141
47cb5748,34641,9.6274,141
634eacea,24898,9.6219,103
729ab5f2,34657,9.6247,141
185ea744,26015,9.6274,103
5b2d210,34621,9.6247,141
138d07b0,34643,9.6274,141
341f1516,26510,9.6274,111
5916e056,35042,9.6274,141
4aa78b36,32775,9.6274,141
316cb555,32784,9.6274,141
57122416,32372,9.6274,141
7d97a1cb,26361,9.6274,110
13edea7f,34781,9.6274,141
65652d0f,33522,9.6301,141
31f7faeb,23258,9.6301,101
71ae9ce7,31982,9.6301,141
d6c2ebf,32675,9.6301,141
6ef0721f,32776,9.6301,141
412d6748,32659,9.6301,141
72420eaf,33639,9.6301,141
4f83fd24,33667,9.6301,141
45e8cd6e,34329,9.6247,141
25cf0d42,32651,9.6301,141
4a4f1997,26482,9.6301,110
26bacfb7,31912,9.6301,141
c07fb0f,33630,9.6301,141
5c3d5d76,33954,9.6301,141
6e0c64c7,34139,9.6301,141
1e3bd9c6,34782,9.6301,141
2d57968d,34791,9.6329,141
1bb7a8bc,32259,9.6329,141
1690dd51,34587,9.6329,141
5625c3ac,32319,9.6329,141
4757d41b,31795,9.6329,141
43060ec2,34857,9.6329,141
4a003dba,33955,9.6329,141
7c825bfa,32238,9.6329,141
61037605,31775,9.6329,141
71e95521,33669,9.6329,141
215bebd5,35006,9.6329,141
9a9d013,34330,9.6301,141
6e225629,26657,9.6329,111
70273a31,34669,9.6329,141
aeec96e,34964,9.6301,141
3115c54f,33937,9.6329,141
76fba236,32355,9.6329,141
3fc4f86a,31998,9.6329,141
6667b35f,32758,9.6301,141
19b6b438,32354,9.6329,141
439de345,31949,9.6329,141
5c3d79c4,35053,9.6329,141
77fc8a67,32522,9.6329,141
6fe32b5a,31835,9.6356,141
43486a28,34515,9.6356,141
740cc8dc,34644,9.6356,141
6730cb88,23259,9.6356,101
11ff85cf,32260,9.6329,141
11e6b4f2,26483,9.6356,110
33ed43a,34337,9.6329,141
62b3235e,35147,9.6356,141
e0a3260,33254,9.6356,141
f8f033a,32318,9.6356,141
7e5d84cc,23284,9.6329,101
2bea771d,24900,9.6329,103
5e00f95e,33479,9.6356,141
295383df,26656,9.6356,111
25529813,34967,9.6356,141
5233d950,32777,9.6356,141
2a990e94,23283,9.6356,101
62be6a31,33319,9.6356,141
738ac890,26658,9.6356,111
42a944f2,31682,9.6356,141
e1cecae,34878,9.6356,141
6c13ae57,35043,9.6356,141
4978350d,31917,9.6356,141
20d7c587,34567,9.6384,141
41fe6604,33641,9.6356,141
286e8b09,23096,9.6384,102
2b4aeebd,33988,9.6356,141
597ee945,34141,9.6329,141
51267f3a,31910,9.6384,141
3fb014fd,33300,9.6384,141
4429e52a,32480,9.6384,141
11aae68f,31973,9.6356,141
30074f2b,26494,9.6384,110
7317942f,35064,9.6384,141
2f7d2f9a,32321,9.6384,141
6c3ef1bf,26405,9.6384,110
4793370c,33671,9.6384,141
3245b223,23037,9.6356,102
783bd4ff,32661,9.6356,141
3eb85e06,33257,9.6384,141
3ee3cbe9,33543,9.6384,141
719a86f6,33605,9.6384,141
322303cc,35090,9.6411,141
9d551a0,34003,9.6411,141
29c97ff0,26428,9.6411,110
cc1e109,35061,9.6384,141
5cda3f0b,34002,9.6411,141
7fa13d61,35149,9.6411,141
35e269e0,31828,9.6384,141
1df5fb9a,35059,9.6411,141
1ebf9884,32652,9.6384,141
6f70b31f,26451,9.6411,110
1310ce3f,32444,9.6411,141
652cb309,34334,9.6411,141
57b7bd1d,34879,9.6411,141
35ae64d7,16452,9.6411,75
205a256b,34576,9.6384,141
20ee6e92,35154,9.6384,141
591a9d35,26495,9.6356,110
4adb60c7,32831,9.6411,141
c953d97,31777,9.6411,141
7d152013,33302,9.6411,141
3bf01f71,31920,9.6411,141
2edc4bdd,32440,9.6411,141
3f90cb99,32356,9.6411,141
1acc2079,33956,9.6411,141
4e0d9e8b,6333,9.6384,1
243b634,35060,9.6411,141
6c27c77f,33480,9.6411,141
3bb669e6,33562,9.6411,141
af72b6c,34266,9.6384,141
40825901,34263,9.6411,141
62596e5c,31918,9.6356,141
75c5392c,34435,9.6438,141
27dd3cc4,35146,9.6384,141
e5f8ded,31776,9.6438,141
7da21f5,26430,9.6438,110
32af4f67,33509,9.6438,141
6b58d6e7,32255,9.6438,141
5703a73d,34642,9.6438,141
bd3f8a8,34453,9.6438,141
45a6ce0a,33628,9.6438,141
7d147028,31948,9.6438,141
730e423e,34572,9.6438,141
631aef7,33516,9.6438,141
6916d19a,35091,9.6438,141
1a33942c,33738,9.6411,141
1a47ccf7,31921,9.6438,141
d5d4d6f,26496,9.6438,110
6746f08c,34050,9.6411,141
5316f9dc,34586,9.6438,141
c536825,23062,9.6466,102
ac71f77,23041,9.6438,102
6d960d75,26484,9.6466,110
9aad102,33510,9.6466,141
1eaf8252,31983,9.6466,141
2c211a57,32385,9.6466,141
71815703,32992,9.6466,141
2efcaaf0,33517,9.6466,141
4c23106f,33941,9.6466,141
6874581e,34507,9.6438,141
13b6235c,26587,9.6466,111
5856b0f0,31793,9.6466,141
c2263fd,33578,9.6411,141
465c7ecf,33997,9.6466,141
64d2099b,34994,9.6466,141
164c539a,34773,9.6466,141
33c3ed9a,31952,9.6384,141
4729b4a8,23097,9.6466,102
1f2fbb75,16432,9.6438,75
9a28d7a,33987,9.6493,141
391f9870,32352,9.6466,141
4d3bcc4a,34594,9.6493,141
6138474a,31838,9.6466,141
6b3e3331,33301,9.6493,141
2e27ea3e,33256,9.6493,141
3d6d2a2c,31837,9.6438,141
1ecc38dc,32320,9.6493,141
471378f,33507,9.6493,141
15164b25,30341,9.6466,134
3e8be5ca,33518,9.6493,141
334b60db,34654,9.6493,141
14234af4,34774,9.6466,141
7da2f3dd,26511,9.6493,111
24126eb6,26539,9.6466,111
45d67a4b,31922,9.6493,141
2df38792,31789,9.6466,141
3f5a66de,34671,9.6438,141
23891c32,34444,9.6493,141
1459a12b,34553,9.6521,141
62ab95c9,33606,9.6521,141
38a6babb,34454,9.6521,141
53d54119,31652,9.6493,141
38d6bfdd,30336,9.6521,134
61df0115,33632,9.6521,141
5fe4c53a,23063,9.6521,102
26408a56,26414,9.6493,110
54c73f8f,31653,9.6521,141
2f103d2f,35155,9.6466,141
6312e675,32636,9.6521,141
4dba0d09,33668,9.6521,141
2b65e114,33993,9.6521,141
134d8313,32553,9.6521,141
32ab8ac4,31936,9.6493,141
4b9f44be,31778,9.6493,141
692f65a1,32653,9.6521,141
54fd49eb,31704,9.6521,141
6dc654d1,33976,9.6521,141
3d50e07,26413,9.6521,110
32de1077,23260,9.6493,101
204e79e0,31946,9.6521,141
7f71d1e4,31937,9.6521,141
546c7309,33942,9.6493,141
54ff5d3b,32931,9.6521,141
1660b27b,31939,9.6521,141
4532482e,26579,9.6521,111
34bd5f9d,32423,9.6493,141
3214acc0,32422,9.6521,141
ef75503,26578,9.6548,111
1a85dab4,33631,9.6521,141
96550f5,31705,9.6493,141
1e75c002,35008,9.6521,141
7cee6e1d,31940,9.6548,141
5e410acf,35161,9.6548,141
5ee72d,31974,9.6493,141
34badde8,34797,9.6548,141
6a312ba1,32885,9.6548,141
17fbc172,31953,9.6548,141
413ab630,26459,9.6548,110
362a56b5,31650,9.6493,141
549d9805,33945,9.6548,141
1d2423b5,33742,9.6521,141
93b8d17,33672,9.6548,141
6dc0ed7b,31642,9.6548,141
55a50d76,35056,9.6548,141
2026077d,33563,9.6548,141
6920b5fc,32663,9.6548,141
3ca6cefa,32563,9.6575,141
56675720,32787,9.6575,141
2bd42e27,33544,9.6575,141
47b7f1f4,32564,9.6575,141
4d6c26e6,34605,9.6575,141
4926a7ae,31950,9.6548,141
21deb63c,23282,9.6575,101
2bf11136,34670,9.6575,141
3c8417dd,33488,9.6575,141
53b17ded,35062,9.6575,141
7f463a6b,32639,9.6603,141
2b7d1ce9,32425,9.6603,141
8a6d011,23262,9.6603,101
50209afd,34470,9.6575,141
1e7b77f0,33489,9.6603,141
5da2ba82,34569,9.6603,141
15af35dd,35162,9.6603,141
37994687,34595,9.6603,141
72986373,31966,9.6603,141
3aa6b108,35057,9.6548,141
fd24014,34673,9.6603,141
72028217,32930,9.6603,141
4330e4df,33863,9.6575,141
4c113340,26360,9.6575,110
51de0836,33740,9.6603,141
372a2a20,32832,9.6548,141
73f83606,23285,9.6603,101
36b6800a,32558,9.6603,141
1788b152,23263,9.6603,101
7115e2a9,31941,9.6575,141
43efb28b,35047,9.6603,141
621d2969,33741,9.663,141
415bdc2c,33642,9.663,141
130bf774,23261,9.663,101
4d555f16,33320,9.663,141
7310c7dd,34645,9.663,141
6c35cf2f,32508,9.663,141
20c9358a,33904,9.663,141
4783636a,31698,9.663,141
32586a68,32824,9.6575,141
705687bb,31806,9.663,141
19da995e,34622,9.663,141
451e313c,26508,9.663,111
346418dd,33864,9.663,141
3d965d8b,33564,9.663,141
9b50cd4,33888,9.6658,141
1d035fcf,33991,9.6658,141
3434c058,23098,9.6658,102
3b41b950,31779,9.6658,141
1a33c140,31923,9.6658,141
1dc908ee,34793,9.6658,141
f6d2d0f,32353,9.6658,141
39d09e8b,33646,9.6658,141
3ded6130,23316,9.6658,101
147d7a40,34596,9.6658,141
68b6901b,31954,9.6658,141
ed5dd57,33984,9.6658,141
334c2ec0,23076,9.6603,102
65fe2d78,26277,9.6658,110
39945f94,31984,9.6658,141
198b0294,33523,9.6685,141
4be3154b,33483,9.6685,141
5fe264a2,33793,9.6685,141
4411e835,34436,9.6685,141
5cfdd81,32786,9.663,141
56d5d93e,32932,9.6658,141
1ade6032,32526,9.6685,141
5145631c,35079,9.6685,141
2a1d9f60,34558,9.6685,141
52f9af34,31830,9.6658,141
3b4f9aa9,24901,9.6685,103
4168535f,23119,9.6685,102
748328d,32664,9.6685,141
18d7bd5f,34332,9.6685,141
878b0a2,33903,9.6685,141
5f8af63e,34971,9.6685,141
4d21bd3a,24902,9.6658,103
5cfbb43b,34054,9.6685,141
214b994e,33881,9.6685,141
1a613973,34434,9.6712,141
3ff94225,26460,9.6658,110
374a68e2,34655,9.6712,141
3691585c,34455,9.6712,141
2528455c,32788,9.6712,141
50b5d3b6,34872,9.6712,141
34dcbc3a,26463,9.6685,110
8b34145,32019,9.6712,141
6f56f7aa,23108,9.6712,102
1100b195,34338,9.6712,141
406ce2e3,35148,9.6712,141
52c73ac2,34796,9.6712,141
af47c97,33739,9.6685,141
1e6cf845,32565,9.674,141
39306a91,34784,9.6712,141
4b6fdce7,33570,9.674,141
5a5032b0,26515,9.674,111
524a465f,34577,9.674,141
7b738845,34995,9.6712,141
224e9be,31986,9.674,141
48d4b39a,32446,9.6712,141
387a6f89,32481,9.674,146
5882c1bc,34004,9.674,141
3882ae67,33546,9.674,141
5fd42892,34574,9.674,141
7a9843cf,33511,9.674,141
11757d32,31656,9.674,141
3c2918ed,26273,9.674,110
770c226,34437,9.6712,141
42c72742,32507,9.6712,141
7a7982ee,23109,9.674,102
405fec7e,31792,9.6767,141
34457ae8,34578,9.6767,141
1087d2e9,32933,9.6767,141
4f43a615,6341,9.6767,1
791b33e1,34606,9.6767,141
46981ca0,26542,9.674,111
5995aca1,34575,9.6767,141
bb4da88,35063,9.6767,141
2b906424,26540,9.6767,112
2deb10ea,6357,9.6767,1
2bfe2cd2,34672,9.674,141
59ef5152,32527,9.6767,141
49b893fc,33949,9.6767,141
7422a07d,31951,9.6767,141
5cbb4b99,26588,9.6767,111
29227ca4,32332,9.6767,141
a64dd13,32257,9.6767,141
6ba4b56a,34649,9.6767,141
6d45cc04,33946,9.6767,141
57b84a54,34777,9.6767,141
51484705,23118,9.674,102
7b1899f5,31654,9.674,141
35d96c19,23286,9.6795,101
7d8239c8,35158,9.6795,141
763fa34a,31655,9.6795,141
4930e96c,32445,9.6767,141
6c4171ae,32456,9.6795,141
63c0bd33,32322,9.6795,141
5c28478f,32419,9.6767,141
226f41b7,16459,9.6795,75
29419343,34333,9.6795,141
4f8e9a7d,34573,9.6795,141
5104a83c,32834,9.6795,141
93e3952,33524,9.6795,141
2cc068bd,34557,9.6767,141
7274b851,32587,9.6795,141
1726422a,26552,9.6795,111
4d1cd9ff,34064,9.6795,141
1bbd0ea8,34873,9.6795,141
63175dba,33670,9.6795,141
1b1b1c23,31706,9.674,141
34b11a7d,35048,9.6822,141
112339d3,33486,9.6822,141
7f90af21,30346,9.6795,134
48805cc0,32785,9.6767,141
bb9bbf7,23264,9.6822,101
37672a0f,34858,9.6822,141
3f027091,35054,9.6822,141
75ae4ded,32020,9.6822,141
470997cf,33548,9.6795,141
330e36ac,34658,9.6822,141
3db75590,34775,9.6822,141
165bcaa4,32256,9.6822,141
54a22595,32676,9.6822,141
53bee144,23306,9.6795,101
2b395038,30358,9.6795,134
6309daaf,34335,9.6849,141
63ffb111,35095,9.6795,141
7dc2f1b,33321,9.6849,141
2634ae76,31839,9.6849,141
224cf35,34439,9.6822,141
4f2946e2,32424,9.6822,141
4397ead,34647,9.6849,141
637de7d9,34972,9.6849,141
7d14b59e,24905,9.6822,103
7e50f354,24904,9.6849,103
5a29d6cc,34590,9.6849,141
5666a17f,33528,9.6849,141
e864668,32592,9.6822,141
7735cebf,34270,9.6849,141
2e08c188,26580,9.6849,111
633ef923,33887,9.6849,141
b0c162,33527,9.6849,141
3cb9621a,32000,9.6877,141
65a01304,26016,9.6877,103
71c30972,26464,9.6877,110
777e7df9,32386,9.6877,141
2078be,35045,9.6877,141
702f11be,26436,9.6877,110
4237c128,34146,9.6877,141
657d738d,34958,9.6877,141
c1c6ec9,32993,9.6877,141
8895b06,34265,9.6877,141
b6f2721,32593,9.6877,141
500ccda,26362,9.6877,110
6a058095,32665,9.6877,141
1dbae0c2,26461,9.6877,110
2896b7b8,33647,9.6849,141
6dc5414a,33545,9.6849,141
5a32dba4,32607,9.6877,141
5957aa24,33743,9.6877,141
1f1088b3,26791,9.6849,111
226d79e,33998,9.6849,141
4e05c385,24906,9.6877,103
2ae756eb,26274,9.6849,110
31291614,33950,9.6904,141
587bd88,34060,9.6877,141
4a443c57,34792,9.6904,141
657e5f56,34522,9.6904,141
753e0d1c,26812,9.6877,111
c9bda81,31840,9.6904,141
c5e2c19,32488,9.6904,141
348dabe7,32509,9.6904,141
239ec6cf,34145,9.6904,141
264d694d,33258,9.6767,141
285fd6c,31645,9.6904,141
5778eb4d,32588,9.6904,141
1a32e7ee,34968,9.6877,141
34a92eae,34570,9.6904,141
19eadbca,33999,9.6904,141
4d8f26b,26786,9.6849,111
7e720b49,32441,9.6904,141
3602c06e,33884,9.6932,141
7cd9e626,31836,9.6932,141
57b6e235,33947,9.6932,141
3f51087c,30342,9.6932,134
1433e022,34648,9.6932,141
19b99667,23077,9.6932,102
d1a96e6,34859,9.6932,141
2d3b269b,26789,9.6877,111
1e601dcc,34336,9.6877,141
2945f494,33677,9.6932,141
7031eafc,34471,9.6932,141
4ca159f,34061,9.6932,141
1adaf6b7,32265,9.6904,141
1cbd402c,32484,9.6877,141
3796b85b,32489,9.6932,141
7a348f50,34776,9.6904,141
cfe1c1a,32943,9.6932,141
692b08b,32448,9.6932,141
d601fbd,31657,9.6932,141
8f25093,32262,9.6932,141
3e2c0594,32608,9.6932,141
4efb741e,35096,9.6932,141
4e62949f,32566,9.6959,141
4c34a968,32677,9.6959,141
307e2b17,33547,9.6959,141
12a4e1b1,32561,9.6959,141
6e462133,31794,9.6959,141
34da8608,33885,9.6959,141
5d4c1612,34143,9.6959,141
76afdc52,35122,9.6904,141
6850cd63,34960,9.6959,141
6d066d36,16460,9.6959,75
374036e3,32002,9.6959,141
574a1cc5,31999,9.6959,141
155af07f,31995,9.6932,141
6a0b7cb8,34438,9.6959,141
1903f734,31955,9.6959,141
4de9f4f,31707,9.6959,141
321f5619,33525,9.6959,141
3534d8ab,26435,9.6959,110
4eb8c09,34783,9.6932,141
5093665,26415,9.6904,110
74bf4f3c,34798,9.6959,141
3c58702c,23320,9.6932,101
3f24dc3f,32886,9.6959,141
52c4ca2d,32457,9.6959,141
20c5d3df,31799,9.6986,141
405ddb9d,23266,9.6986,101
2f3a068c,23321,9.6986,101
77e95ca6,26792,9.6959,111
79a12bc8,33274,9.6986,141
3f955990,34660,9.6959,141
6eb2bcd3,31866,9.6932,141
687edc0,35080,9.6959,141
79f695fa,31797,9.6986,141
4447ea0e,23116,9.6986,102
34c87625,33880,9.6986,141
6457cb97,33571,9.6986,141
1ff488f,34863,9.6932,141
566fd5e5,6362,9.6986,1
d987491,33673,9.6986,141
408c799d,34861,9.6986,141
76201bac,33890,9.6959,141
3c6d0379,26545,9.6986,111
3be0ec18,32645,9.6986,141
29c05ef,32487,9.6986,141
217fc4b0,33979,9.6986,141
1d436cab,33549,9.6986,141
27f75538,32792,9.6986,141
45269f54,31987,9.6959,141
52383e80,34805,9.7014,141
1c0388cf,32492,9.6986,141
1c040e2,32442,9.7014,141
706db3b1,35092,9.7014,141
7600ef11,34661,9.7014,141
764554ee,34169,9.7014,141
7501cd94,34062,9.7014,141
686c18be,32530,9.7014,141
19650ac5,33699,9.7014,141
45dbcf23,34874,9.6986,141
3e4dc761,35010,9.7014,141
36ec91fe,32427,9.7014,141
7ee96c4,35156,9.7014,141
78bc6d74,34271,9.7014,141
1cd7f3cd,32263,9.7014,141
4c7149f9,34559,9.6986,141
1ec052e8,35058,9.7014,141
6d6bbf42,34523,9.7014,141
4e8170b9,32560,9.6986,141
8f9c611,32510,9.7014,141
14b282f4,33674,9.7041,141
2493be8f,30359,9.7041,134
61d2161c,34000,9.7041,141
27dd8d79,32264,9.7041,141
27f80e54,32026,9.7041,141
5d108eb,34440,9.7014,141
1ea6bbe2,31938,9.7041,141
6fb53cdc,34592,9.7014,141
24c8d216,34144,9.7041,141
4325f275,26589,9.7041,111
68f72858,23318,9.7041,101
2ee2ba46,32994,9.7041,141
60c9f4f,34812,9.7041,141
4cd895ee,32323,9.7041,141
71e629ea,34969,9.7041,141
4a6d8d1a,34674,9.7041,141
2681b5c2,32864,9.7041,141
4212165c,34650,9.7041,141
71a1aef4,34778,9.7041,141
31c86053,35160,9.7041,141
17eb3e2d,32443,9.7068,141
45996a7a,26790,9.7068,111
7adf309d,32451,9.7068,141
39b3aa33,32490,9.7068,141
4b0b9fae,33698,9.7041,141
55fdab4,35009,9.7068,141
b9baadf,33957,9.7041,141
2251380,31867,9.7068,141
2fdd7bad,23317,9.7068,101
383c7717,26512,9.7068,111
434d90de,33024,9.7068,141
1556073a,34785,9.7068,141
5112062e,35020,9.7068,141
acd57d4,33889,9.7014,141
2529ed33,31994,9.7068,143
63417b,23099,9.7041,102
4101042f,33989,9.7096,141
2192982c,31708,9.7096,141
4b38a958,3686,9.7096,29
51ca41dd,34282,9.7068,141
182317b7,34607,9.7096,141
2e2fd04b,23309,9.7068,101
2dc5af67,34864,9.7096,141
23b9b1ee,26590,9.7096,111
7f3516c1,34794,9.7096,141
207ed8ed,34799,9.7068,141
2060edfa,34441,9.7096,141
20ded006,32987,9.7096,141
4e063332,32493,9.7096,141
3c351905,32854,9.7096,141
469c385e,26546,9.7123,111
186933af,23117,9.7123,102
1ce1e08c,32837,9.7123,141
3fc11265,34525,9.7123,151
69c9ab7b,33022,9.7123,141
16299ad3,35159,9.7123,141
72718c5e,34524,9.7096,141
72b1b0b0,32491,9.7096,141
470c27f2,32418,9.7123,141
7069574c,26417,9.7068,110
54dfa849,26813,9.7123,111
4082aefa,32267,9.7151,141
57f03342,32986,9.7068,141
575fb099,33818,9.7151,141
28efda89,26793,9.7151,111
12863bef,26787,9.7151,111
3b325416,35171,9.7151,141
676c1624,26278,9.7151,110
3101a3d2,34588,9.7123,141
2971a499,26366,9.7151,110
12fbaf5e,34807,9.7151,141
3b40dbf3,31906,9.7068,141
3c1a3789,33650,9.7151,141
b90ceb,33550,9.7151,141
4ff7d2fd,34052,9.7151,141
725517b3,34659,9.7123,141
1f9ed00f,32279,9.7151,141
57884943,31710,9.7151,141
26991975,34862,9.7178,141
7c2b7a9a,23101,9.7151,102
155cc3b8,34646,9.7178,141
4508fbfa,32485,9.7123,141
8b5201,26416,9.7178,110
6e37b1d4,31883,9.7178,141
49eff922,34860,9.7151,141
3a5da2a4,35150,9.7151,141
1a795da7,32988,9.7178,141
601ce4b4,32021,9.7178,141
33f64072,33644,9.7178,141
56689c7,33905,9.7178,141
79e72020,35014,9.7178,141
52f9534d,26431,9.7178,110
554724e2,32934,9.7178,141
65aa8818,32273,9.7151,141
30a040e0,26452,9.7178,110
7d51ccdb,33579,9.7178,141
11dd97a7,32887,9.7151,141
5dfd322f,3687,9.7178,29
6ca69bc0,31869,9.7178,141
1f62a59b,32995,9.7123,141
5432c1b3,33643,9.7123,141
627f697f,35172,9.7178,141
37e5a1a8,34526,9.7178,151
56a74355,34868,9.7178,141
e07bada,30343,9.7178,134
44388fc,33948,9.7178,141
1dee2d9a,31646,9.7205,141
71bf6899,33794,9.7205,141
425ddd1e,32282,9.7205,141
2fa1d8d0,34001,9.7178,141
5a41b9c1,24907,9.7205,103
11a64d13,34591,9.7178,141
362fcdee,26462,9.7205,110
3c5e8012,34623,9.7178,141
10471faa,26456,9.7205,110
479f33d2,33635,9.7205,141
f17d672,35170,9.7205,141
47819992,6363,9.7205,1
6f937487,35011,9.7205,141
1327223f,32594,9.7178,141
51acdb04,31852,9.7205,141
56eb85ce,33891,9.7178,141
60b93305,34624,9.7233,141
2b3f6b89,31988,9.7178,141
5ffc1525,31989,9.7178,141
68bf8125,35046,9.7233,141
41b7a62c,26363,9.7233,110
1104feb0,32989,9.7233,141
52717c24,23307,9.7178,101
2e6e9488,32838,9.7233,141
3acc8ec9,34277,9.7233,141
4636c97a,33565,9.7233,141
70f14e72,35051,9.7233,141
2a615e30,31709,9.7233,141
74852773,32272,9.7233,141
4084d80,34676,9.7233,141
7e7001ad,31942,9.7233,141
5ec0408d,16455,9.7233,75
3234a99,35081,9.7233,141
45816330,16465,9.7233,75
3b026f44,34779,9.7233,141
679a8481,32432,9.7233,141
7ef47d69,33640,9.7233,141
30a20964,32865,9.7233,141
18f2287b,32567,9.7233,141
2bff0968,34598,9.7205,141
763d264b,31800,9.726,141
5fccb384,31801,9.726,141
cab455c,26821,9.726,111
13bb25fc,33645,9.726,141
62f875ba,35164,9.726,141
ec59519,26591,9.726,111
49d2cde9,31841,9.726,141
441bd5f8,35049,9.726,141
28675e01,35050,9.726,141
aa87b49,33023,9.726,141
12097ad4,23115,9.726,102
30d33b59,34339,9.726,141
6779e7a3,23110,9.7233,102
1006dbf1,31872,9.726,141
c1ec088,34910,9.726,141
e6165d7,31991,9.726,141
1e1b005c,16453,9.726,75
572052e5,34473,9.7205,141
71dfc2a3,34063,9.7205,141
b3f4690,35082,9.726,141
4d60be4b,26553,9.726,111
18027a78,23112,9.726,102
17c77901,32268,9.7233,141
663da6af,34800,9.7288,141
2ee7dec5,32557,9.726,141
25bdb0db,32948,9.7288,141
440f55cf,32949,9.7288,141
91eda1c,35052,9.7288,141
29d0d4e,32258,9.7288,141
129cfa2e,34051,9.7233,141
5aefbbce,34819,9.7288,141
25de54b5,23267,9.7288,101
4f43da3d,34532,9.7288,141
5379292f,33529,9.7288,141
56929f9a,32866,9.726,141
3a7b1471,32595,9.7288,141
1dede93b,32678,9.726,141
4a417dcf,35055,9.7288,141
1b82d488,34534,9.726,141
79b89315,31807,9.7288,141
19baa528,34656,9.7288,141
bee1928,33634,9.7288,141
4a00b29f,32458,9.7288,141
472b09c3,26555,9.7288,111
7a361a08,34677,9.7288,141
4eb1b5c7,32944,9.7205,141
6c898d9f,31990,9.7288,141
63900fdd,34456,9.7288,141
51cbc8c3,34278,9.7288,141
1be77ea8,34536,9.7315,141
4986cd78,32590,9.7315,141
a5a4602,31649,9.7315,141
5d81a5a,26581,9.7315,111
256a3677,31868,9.7315,141
5a78c2af,32938,9.726,141
2caf5b4,31943,9.7288,141
4705257d,34088,9.7315,141
33287a64,35173,9.7315,141
2fd9bb14,32559,9.7315,141
1b647e01,34959,9.7315,141
7a6b8c0e,26661,9.7315,111
142b70f3,32269,9.7315,141
6420c348,33648,9.7315,141
6c3d5c3,23268,9.7315,101
206e32e9,32531,9.7315,141
6f0d72ff,32528,9.7233,141
4e04ca5f,33882,9.7315,141
11fa2572,16456,9.7288,75
d55d6d5,32529,9.726,141
4de140be,32433,9.7342,141
15a06771,34589,9.7315,141
2f1e39ff,34593,9.7342,141
4408e656,34865,9.7342,141
4016fea2,33819,9.7288,141
63d67b0b,26017,9.7342,103
1b75936b,34597,9.7342,141
755b13ef,32642,9.726,141
76626144,33943,9.7342,141
1f672c4,32562,9.7342,141
51a84fd2,34818,9.7342,141
7c41fa63,32669,9.7342,141
19ccccee,31647,9.7342,141
386c38ff,32434,9.7342,141
c566661,26814,9.7342,111
2b9efd41,26711,9.7342,111
38dbf13f,33959,9.7342,141
4bba96a5,35123,9.7342,141
3de714b8,33575,9.7342,141
6fe16414,34158,9.7342,141
346e8880,23078,9.7342,102
68c60fb9,34608,9.7342,141
ff34997,35070,9.7288,141
60fdcd36,34272,9.7342,141
4c086f8d,33574,9.7342,141
1063e972,34806,9.737,141
50094976,34612,9.737,141
86a3f09,32641,9.7342,141
5c8a69a8,33958,9.737,141
1dc06062,34787,9.737,141
12e722d1,32950,9.737,141
8bf8b02,34803,9.737,141
51f47f6b,26455,9.737,110
4fa9c647,6334,9.737,1
64f384c9,35125,9.737,141
1060f4ce,34599,9.737,141
629dde8e,33526,9.737,141
2062c114,26592,9.737,111
6387a764,23308,9.737,101
1baab211,30344,9.737,134
c7be32e,34533,9.737,141
1e3581,32835,9.737,141
5efc1e61,31648,9.737,141
10080595,34531,9.7288,141
4339f629,35065,9.737,141
32fa71f2,26457,9.737,110
ccb6eda,32266,9.737,141
5cbfe67b,34828,9.7342,141
50bbdb7b,26432,9.737,110
312f557f,34802,9.7342,141
5bd03fb5,26788,9.737,111
66c5503e,32840,9.737,141
45eaeea3,32426,9.737,141
4b849566,34273,9.7342,141
4ba5c4,35044,9.7397,141
5e4e218e,33633,9.7397,141
318ea084,33762,9.7397,141
6c3656f4,33583,9.737,141
424f8436,32935,9.7397,141
3a295be8,32839,9.7342,141
43f1ad87,33915,9.7397,141
15445f72,35157,9.7397,141
510a47de,33025,9.7397,141
f553afd,32589,9.737,141
10a91de7,34346,9.7397,141
7f53c6e4,23120,9.7397,102
485bb9b3,31798,9.7397,142
a6490e7,26418,9.7397,110
178db163,34142,9.7397,141
6208cb33,30337,9.7397,134
6dc86a93,31796,9.7397,141
c4df528,34560,9.7397,141
19ce4333,32855,9.7397,141
17f96a51,32845,9.7397,141
2b8a06c8,32643,9.7397,141
33169970,30345,9.7397,134
1d24e173,34537,9.7397,141
7ea3b34a,34269,9.7397,141
151fb076,33675,9.737,141
12c576bc,32793,9.7397,141
28d022ee,34666,9.7397,141
5bb7ddbe,34055,9.7397,141
4b8afd5d,31996,9.7397,141
1ab79a0f,33636,9.7397,141
33d91ce5,26541,9.7425,111
2fa56fd6,32270,9.7425,141
17568576,26465,9.737,110
7f496ec0,26817,9.7315,111
31a06e8c,33678,9.7425,141
69d82c3b,34279,9.7397,141
5908e4c4,26019,9.737,103
2612f564,34066,9.7425,141
1219b008,35022,9.7425,141
c29484b,23102,9.7425,102
34fcf3db,35127,9.7425,141
70889c2e,31831,9.7425,141
2f4efbc7,35151,9.7425,141
69e38575,34162,9.7425,141
2f605df6,32668,9.7425,141
1b3dcdd8,34461,9.737,141
43f58dbb,26597,9.737,111
36c8709d,26554,9.7425,111
285fd926,35166,9.7425,141
1bea145f,34880,9.7425,141
6ecc59f7,32447,9.7425,141
40b70d59,34610,9.7425,141
2479f42,33703,9.7425,141
13b89c0,34961,9.7425,141
74024de2,26433,9.7452,110
3f81f7d1,35093,9.7452,141
330e1237,32670,9.7425,141
8add564,34662,9.7425,141
38a294df,34472,9.7452,141
3d051ab1,31873,9.7452,141
50cb69bd,26794,9.7425,111
7bfea656,34527,9.7452,151
22c15f36,34348,9.7452,141
24d9ceec,26662,9.7397,111
44a1a8ff,34665,9.7452,141
6889c8d8,34065,9.7425,141
664b1f89,33796,9.7452,141
2249f075,34445,9.7452,141
4e5bc499,26364,9.7452,110
7f47bfd,31870,9.7452,141
211dbcd3,23082,9.7425,102
d6b4993,26434,9.7452,110
1f94582e,34200,9.7452,141
f7b2849,33980,9.7452,141
a9cfa11,34786,9.7452,141
2bf481c8,26466,9.7452,110
67c35b41,26453,9.7452,110
5a2b3abf,26815,9.7452,111
cc83667,33567,9.7425,141
2feb4aa,35073,9.7479,141
c4468d3,35021,9.7452,141
3315252,23310,9.7479,101
795d568f,32278,9.7479,141
7ed50826,34813,9.7479,141
7d283b81,32568,9.737,141
5d3ce027,34535,9.7425,141
5205c607,23079,9.7479,102
5bafadd7,32022,9.7479,141
ded0abc,34883,9.7452,141
3125dcb3,31874,9.7479,141
4d6c016e,26663,9.7479,111
6b8bcc01,34869,9.7479,141
ed68326,23084,9.7479,102
1189060b,3689,9.7479,29
3c430225,32945,9.7479,141
14e0c13e,33063,9.7479,141
91d2a68,31802,9.7479,141
721ab602,23113,9.7452,102
6500ae3e,34474,9.7479,141
336847de,34801,9.7479,141
6a08a6e6,34881,9.7479,141
3f796230,32936,9.7507,141
4e7ec3a8,34609,9.7507,141
2e50fe65,23114,9.7452,102
3f8900e9,26582,9.7507,111
5f770ac6,33572,9.7507,141
70e7b858,32867,9.7479,141
5df457b,33576,9.7507,141
48bc566f,6359,9.7479,1
61362acb,26454,9.7479,110
6703d11,32533,9.7507,141
4b1860ff,33035,9.7507,141
6eec08c8,34675,9.7507,141
61bd48dd,26593,9.7452,111
53bdfae2,32937,9.7507,141
310d4653,34067,9.7507,141
36126dd6,26375,9.7507,110
3e85fc73,26734,9.7425,111
3575a0de,31714,9.7507,141
6e1147fd,26761,9.7507,111
4b48eb34,31997,9.7507,141
1957240a,26713,9.7507,111
5a3fe04a,35152,9.7507,141
42d4c883,34157,9.7479,141
6e9f90dc,32955,9.7507,141
67a3afaf,31713,9.7397,141
261e518b,26724,9.7534,111
2a030f37,34191,9.7534,141
f9b878d,32679,9.7534,141
6b6fd62d,26547,9.7534,111
3f2950c2,32889,9.7534,141
739a9db0,34962,9.7534,141
d619aa7,33551,9.7479,141
79308c6c,34600,9.7507,141
5e95d369,34267,9.7534,141
4bdeb828,31847,9.7534,141
3e044ed1,34457,9.7534,141
41df0958,32483,9.7534,141
3fb14f14,32534,9.7534,141
1204b5b0,32644,9.7534,141
350cf36a,33981,9.7534,141
4f4fcd10,26275,9.7534,110
716e2329,32554,9.7507,141
4f07118b,35067,9.7534,141
6d809913,34377,9.7562,141
5a894093,34804,9.7534,141
587ca258,32486,9.7562,141
696ad30a,31854,9.7562,141
761f329a,26712,9.7562,111
691dd265,32680,9.7534,141
bc8654,34347,9.7562,141
3def8a79,33883,9.7562,141
2a2fc4d,32705,9.7562,141
52b9886,34462,9.7562,141
61412051,34163,9.7562,141
20bcd242,34667,9.7562,141
3569028c,32888,9.7562,141
6c5f530f,33036,9.7562,141
474b57d,26598,9.7534,111
429c5973,32555,9.7507,141
3f1c5ece,26583,9.7562,111
294db509,26584,9.7562,111
8332200,34663,9.7562,141
2844b5b4,31885,9.7562,141
7573745c,26816,9.7562,111
31527206,34374,9.7562,141
20e0750e,34201,9.7589,141
7cdc6713,33026,9.7589,141
2d049db3,32991,9.7589,141
43bbcddb,34202,9.7589,141
61db55e8,34303,9.7589,141
423014d8,34372,9.7589,141
fefb70b,33714,9.7589,141
4b50e028,35023,9.7562,141
1992fb44,26018,9.7534,103
5698298c,32856,9.7589,141
5a81d252,32325,9.7589,141
6d5742a2,34381,9.7589,141
2f831d04,32591,9.7562,141
631ef97c,32324,9.7562,141
745d68da,34304,9.7562,141
234866a1,6358,9.7589,1
149424f1,32283,9.7589,141
d5ea06,33586,9.7589,141
1fd1597e,26467,9.7589,110
7f4c594b,34283,9.7589,141
4a4a49ff,32027,9.7562,141
65e00f6a,23085,9.7589,102
70efa001,26771,9.7589,111
6d743956,33384,9.7589,141
75e990b6,32429,9.7562,141
10975a3e,32794,9.7589,141
1df50f85,35124,9.7616,141
51073be4,33701,9.7616,141
68527d52,32671,9.7616,141
1c5372d0,33021,9.7589,141
423e9ccc,33763,9.7616,141
77023a29,33512,9.7616,141
1fb2e736,33700,9.7616,141
64f1a17f,16472,9.7616,75
529f89d1,31853,9.7616,141
34aa32d9,23103,9.7616,102
3b79c99a,34204,9.7616,141
3c29e82d,23319,9.7616,101
553a4c8e,33325,9.7616,141
7bc586f9,32844,9.7616,141
1e9c5fa2,35174,9.7616,141
7f1895db,33064,9.7616,141
6d87a4dc,34529,9.7616,152
6adedbde,34380,9.7589,141
3dfb7a32,34375,9.7616,141
41e65360,23100,9.7616,102
1197bec4,23327,9.7616,101
1092a05d,26795,9.7562,111
d8b8703,34919,9.7589,141
52b34d73,34058,9.7616,141
6b47566a,32421,9.7644,141
3032983f,26419,9.7644,110
18497531,33065,9.7644,141
1371e144,16439,9.7644,75
34048962,32939,9.7644,141
6566a37e,33744,9.7644,141
34c34dbe,34382,9.7644,141
677046ea,33177,9.7644,141
772f8cff,26818,9.7644,111
2782bc37,6353,9.7644,1
982abc4,32023,9.7644,141
1ee32ea2,34006,9.7644,141
6ca0eb08,31711,9.7644,141
6763ca17,32428,9.7644,141
57ea7331,31884,9.7644,141
5532a1c8,33019,9.7644,141
4972fc21,31992,9.7644,141
2261b6ac,32996,9.7616,141
5b2bf385,34924,9.7644,141
1bd725c9,32952,9.7616,141
451a5166,32951,9.7616,141
71c244b6,34820,9.7644,141
6ae14bbf,31993,9.7644,141
6e523abd,26772,9.7644,111
4c89b3d3,26276,9.7644,110
5b0f5a45,32482,9.7644,141
3b534e28,16466,9.7644,75
44ab1c2d,26365,9.7644,110
453d2840,34613,9.7644,141
64419fd0,26743,9.7616,111
45c2bf7e,32990,9.7644,141
5994999f,32003,9.7644,141
75c7d5c5,26548,9.7616,111
1d106bb2,6352,9.7644,1
4df90e21,35175,9.7616,141
7413bd3d,33580,9.7644,141
7556b81e,33566,9.7671,141
30dc3e60,33710,9.7616,141
7b7eac43,33584,9.7671,141
652d0565,35012,9.7671,141
602097e7,34056,9.7671,141
31de8abd,31888,9.7644,141
3fcc3471,26437,9.7671,110
324708c0,34870,9.7671,141
56bc3ec0,31886,9.7671,141
3ee88c4f,32681,9.7671,141
1372ddc8,34340,9.7644,141
4dc30c6b,32857,9.7671,141
47c81c1b,31845,9.7644,141
7035701c,34009,9.7671,141
752c7f4f,33676,9.7644,141
205995d5,32373,9.7671,141
27f67d01,33759,9.7616,141
4d1f4249,35066,9.7589,141
7c984c73,34538,9.7699,141
6ad892a8,35163,9.7671,141
6c3451b,23083,9.7699,102
12c92eb7,33797,9.7699,141
2c8c0349,33715,9.7699,141
2ef89a2,32956,9.7699,141
1ac166be,33577,9.7699,141
1e18ef79,34561,9.7699,141
45ffd69b,34053,9.7699,141
9a51326,32532,9.7671,141
77f92929,34923,9.7671,141
2ec37388,23086,9.7699,102
15b323c5,32940,9.7699,141
34ae2e76,32609,9.7671,141
5e9c9cf8,32704,9.7671,141
a20e9ab,32646,9.7699,141
62ca6ff1,34528,9.7699,152
3fca9454,33711,9.7699,141
336b3563,32570,9.7671,141
767370e6,32569,9.7644,141
486a77f1,33944,9.7644,141
7b93b232,33906,9.7699,141
1090e120,26370,9.7699,110
7a3a0e7c,31944,9.7699,141
20609481,34530,9.7699,152
71479779,34008,9.7699,141
292a8e3f,31816,9.7699,141
6649f190,32511,9.7726,141
4caa5acb,33982,9.7726,141
46af119e,31819,9.7726,141
b9eaa6d,33825,9.7726,141
41a03c0e,32512,9.7726,141
2a8b24a6,35165,9.7726,141
22721fff,31712,9.7726,141
3c906578,33568,9.7726,141
20db095,32999,9.7726,141
7c3ebf7b,34290,9.7726,141
4e01cae4,32271,9.7726,141
7185ddf9,32001,9.7726,141
1e634244,35128,9.7726,141
64f27db5,35024,9.7726,141
32291212,34970,9.7726,141
17afe394,34834,9.7699,141
24dfde9c,26556,9.7699,111
57b95d6f,33147,9.7753,141
5606dd8b,3688,9.7753,29
88c2874,26279,9.7753,110
cf93a43,33037,9.7753,141
43ff838c,34482,9.7726,141
6422cb0b,32796,9.7753,141
79edb0c5,34920,9.7753,141
104be804,34176,9.7753,141
55a5f36c,35094,9.7753,141
27ad1040,34685,9.7753,141
446ebe10,31843,9.7753,141
7c96324e,32028,9.7753,141
6d29023,34809,9.7753,141
49b2afa9,32647,9.7753,141
6dfb6cd0,34010,9.7726,141
20322763,33908,9.7753,141
32f3e8ce,35084,9.7753,141
6ee0c6de,32024,9.7781,141
58cbaa3e,32596,9.7781,141
69f3977b,33020,9.7753,141
44ebb713,23311,9.7781,101
13b3b5e4,34911,9.7753,141
3a6fcffd,33588,9.7781,141
2cd54f66,32374,9.7753,141
3c26c3f0,34341,9.7781,141
294a8a98,31871,9.7753,141
5cf78885,32672,9.7781,141
453def27,34192,9.7781,141
1fa9a756,33178,9.7781,141
43153699,34376,9.7781,141
3e767a29,26557,9.7781,111
5ea57ec2,35086,9.7753,141
160faa0,34349,9.7781,141
1e7b95af,33326,9.7781,141
744bf6e6,34833,9.7781,141
1e80a708,33824,9.7699,141
132a31c3,33799,9.7781,141
668c0e0a,33587,9.7781,141
393a562c,34912,9.7781,141
4d5b28fb,31842,9.7753,141
56f86ebf,23111,9.7753,102
25f9e818,32571,9.7781,141
141ef98a,23322,9.7781,101
1264495d,6354,9.7781,1
45aabda4,26372,9.7781,110
66ca71a,33745,9.7781,141
73701d83,33581,9.7781,141
3dd1be3a,26725,9.7808,111
13f4bcfe,31715,9.7781,141
7bef9c96,32597,9.7808,141
7045c5a3,35167,9.7808,141
20dbab19,34383,9.7808,141
405b4457,32437,9.7808,141
236c6f31,32025,9.7808,141
15c934ee,35176,9.7808,141
4bff9329,32280,9.7808,141
511c0ffd,26585,9.7808,111
499f2b94,34208,9.7808,141
1149f708,26796,9.7808,111
3531e821,26438,9.7781,110
4dfbdf8b,32435,9.7808,141
7aaa7bc6,34885,9.7808,141
4b78e089,33702,9.7808,141
15d7af59,32004,9.7808,141
6c32def,34973,9.7808,141
2f1e12ba,33105,9.7808,141
709d7953,32436,9.7808,141
1f2e027d,26735,9.7808,111
23eed378,31887,9.7808,141
beb1d3b,34284,9.7781,141
1458f5fc,31814,9.7781,141
42ba2d5f,34477,9.7808,141
4271bdfe,34378,9.7808,141
4b8cae0f,34463,9.7836,141
fe9457d,34068,9.7836,141
1eacd115,34921,9.7808,141
4d7d053e,32513,9.7836,141
1ed9ee78,32450,9.7808,141
1d8281b2,32682,9.7836,141
308bc77a,34312,9.7836,141
5d76e437,31832,9.7808,141
7152b9b2,33800,9.7836,141
56bffcef,33398,9.7808,141
48578c07,32666,9.7836,141
49619777,33746,9.7836,141
6da624c6,23323,9.7808,101
3cddbd24,34875,9.7836,141
52831dd2,32449,9.7808,141
26408431,33704,9.7836,141
7a1c142b,33149,9.7836,141
60e7b2c,33181,9.7808,141
2bf9a2d1,32858,9.7836,141
615e47f1,32953,9.7836,141
431d36e7,23324,9.7836,101
59badfe3,33038,9.7836,141
4195c9d8,34922,9.7863,141
3fb3012f,32714,9.7863,141
1b0c760,33960,9.7863,141
2cc1a8e7,34285,9.7863,141
369f2fb8,34291,9.7863,141
6410996,32326,9.7863,141
90b8b7a,34668,9.7863,141
2e16490d,34147,9.7836,141
4d8ac8c,32692,9.7863,141
fb14ab8,33582,9.7863,141
1b2ef61,34925,9.7863,141
54b7f476,33803,9.7863,141
295514cb,32430,9.7863,141
b181a90,34475,9.7863,141
48f591cc,34174,9.7836,141
7bb76d18,34886,9.7863,141
6da16f37,34308,9.7863,141
4d14e6e0,32836,9.7863,141
223d7b2b,34175,9.7836,141
30b49a8f,34933,9.7863,141
54ab06a4,34614,9.7836,141
7f8b8748,33909,9.7863,141
3ee2d937,32957,9.7808,141
3b227ade,34625,9.7808,141
2f56ffd7,31803,9.7836,141
234442bf,33684,9.7863,141
bc71c81,35100,9.7863,141
231b63ad,32946,9.7863,141
3b2b885e,33179,9.7863,141
3afb743e,33681,9.7863,141
1aaf93f5,34350,9.7863,141
5b08b983,26020,9.7863,103
9eb44f4,34611,9.789,141
7115486f,26517,9.789,111
169b476b,16473,9.789,75
77209b02,26376,9.789,110
24bfadf6,26604,9.789,111
6a16636d,33748,9.789,141
7fb2df3e,31889,9.789,141
33de7fbc,30355,9.789,134
40d50a4e,34480,9.7808,141
195cdfbf,34692,9.789,141
52c1f03d,31846,9.789,141
707ea885,33719,9.789,141
309d0aa9,35134,9.789,141
5872f18e,32691,9.789,141
2293c2e8,32997,9.7863,141
7a834c51,33399,9.789,141
39d27588,32890,9.789,141
35b22c0e,34882,9.7863,141
71bada1c,26367,9.789,110
4d82d241,32281,9.789,141
2d83ee64,34866,9.7918,141
9f56586,33027,9.7918,141
2e38249e,31844,9.7918,141
2e845045,33716,9.789,141
75f3ebc2,26600,9.7918,111
94b162a,34274,9.789,141
4731cbd6,32274,9.7918,141
65ca5fe3,30338,9.7918,134
a398b10,33329,9.7918,141
60fedc6e,34976,9.7918,141
29d8c4dc,34293,9.7918,141
6f86c621,34292,9.7918,141
6562f881,33148,9.7918,141
58fdca93,33717,9.7918,141
4e76704e,34601,9.789,141
2167b378,26378,9.7918,110
6aecdcbc,34808,9.7918,141
4253ca1b,34934,9.789,141
5cf32a20,26543,9.7918,111
217ac5f0,32029,9.7918,141
3d9a5ed4,26368,9.7918,110
319f7ce7,34539,9.7945,141
572b5a31,33795,9.7945,141
7478e2de,33137,9.7945,141
35aece4,33720,9.7945,141
6c596ea5,32453,9.7945,141
763eac85,33585,9.7945,141
266b4f8d,33804,9.7945,141
2b6b2af0,31820,9.7945,141
1536278c,34867,9.7945,141
ab74d75,35085,9.7945,141
415fc402,35015,9.7918,141
6654b6ca,33513,9.7945,141
1abf9aaa,32947,9.7945,141
3e91d436,34286,9.7945,141
1d17832,23104,9.7945,102
42707c24,33820,9.7945,141
24fcd40a,33826,9.7945,141
44337a21,31848,9.7945,141
147c94c7,31808,9.7945,141
1ee66e92,33679,9.7945,141
5fb6b036,34829,9.7918,141
1da8634e,34351,9.7945,141
6d821690,34975,9.7945,141
47a24f30,32797,9.7945,141
40bd674c,32459,9.7945,141
2a60586d,34170,9.7945,141
23b15522,35181,9.7945,141
748cec7c,34479,9.7945,141
94752eb,34090,9.7918,141
216a4c4a,26905,9.7945,111
6803a393,32715,9.7973,141
72819980,26421,9.7973,110
226bd388,33334,9.7973,141
a605498,32438,9.7945,141
191cb6a4,23087,9.7973,102
2aff7f66,34464,9.7973,141
4a2cdb65,33686,9.7973,141
56f40e22,33327,9.7973,141
5e3854f0,34540,9.7973,141
b740e0f,34025,9.7973,141
22ed6005,33747,9.7973,141
73b82f71,26716,9.7973,111
5cbba3a,32998,9.7973,141
21924df7,26797,9.7945,111
19c8e1a7,34057,9.7973,141
506c47d3,34822,9.7973,141
621d2908,31817,9.7973,141
3adf451b,35071,9.7973,141
197c8b92,34005,9.7973,141
79e91c52,34203,9.7973,141
64445e3e,33705,9.7973,141
35e37ce6,35017,9.7945,141
5624dfba,34476,9.7945,141
5d7ae91f,30356,9.7973,134
1d4d8836,34159,9.7973,141
5bbe800f,33106,9.7945,141
2b174dcd,26420,9.7973,110
2a44e60b,23080,9.7973,102
21af7ba1,34089,9.7945,141
7fc31767,35016,9.7973,141
2a1dd77b,34379,9.7973,141
6eab5477,33680,9.7945,141
34834870,33141,9.8,141
4824735a,23121,9.8,102
76cfcbe1,33536,9.7973,141
11508270,34815,9.8,141
25ec64c1,32460,9.7973,141
b8278c4,34148,9.8,141
39a2a96,32954,9.8,141
164c7b97,31875,9.8,141
5040dff3,33805,9.7973,141
481cd967,33142,9.8,141
1a809468,26469,9.8,110
6f65d46c,34835,9.8,141
9d0b29f,34178,9.8,141
390c3134,32452,9.8,141
17f50093,26369,9.8,110
948f5d1,34306,9.8,141
484f9620,26516,9.8,111
10928b8c,32841,9.8,141
2fdce095,34814,9.7945,141
1d00cb9a,26586,9.8027,111
18a8fcc8,26544,9.8027,111
36f98b9a,33333,9.8027,141
61f46ec2,32648,9.8027,141
4ee1554d,34384,9.7973,141
2c25da61,34679,9.8,141
553e0a4a,33000,9.8027,141
5174258a,34091,9.8027,141
19e4af79,34100,9.8027,141
4708d363,34974,9.8,141
5ba440f9,33180,9.8027,141
7e6d7d9d,34892,9.8,141
e454faf,33802,9.8027,141
7e48bbf6,33116,9.8027,141
3266a679,34664,9.8027,141
4bbc8b44,23325,9.8027,101
5ea8963b,35083,9.8027,141
7a348276,26468,9.8027,110
7d66b627,26440,9.8,110
1ae9f3bc,31809,9.7973,141
2be69d12,32868,9.8027,141
522ff464,35104,9.8055,141
48acb954,26884,9.8055,111
7ff2521d,26599,9.8027,111
1655a505,23313,9.8027,101
5ecaee66,33328,9.8055,141
73ebad0f,26379,9.8027,110
5ea0dc3f,34810,9.8055,141
65e62763,32431,9.8055,141
ffb0a4,33718,9.8055,141
6cd64c67,26559,9.8055,111
29556f05,33401,9.8055,141
427b0727,26819,9.8055,111
4932f34a,32006,9.8055,141
1a627a73,33708,9.8055,141
4eeb8b63,34541,9.8055,141
6b976134,26799,9.8055,111
100053ad,33322,9.8055,141
a583cb5,23105,9.8055,102
3607e6f,34446,9.8055,141
11425df3,34887,9.8055,141
1c9847c3,33822,9.8055,141
34de94d,26834,9.8055,111
1dc7f5cf,33798,9.8,141
73ecbddd,34149,9.8027,141
31e5eb49,34481,9.8082,141
48bbc005,35106,9.8055,141
48285c7b,34150,9.8082,141
5fb1d231,34626,9.8082,141
4b063d48,32893,9.8082,141
276da2e4,32842,9.8055,141
58e602b7,33685,9.8082,141
1ee2391b,26800,9.8055,111
3140e5e4,32892,9.8082,141
46adb162,26380,9.8082,110
3b81ac33,34478,9.8082,141
41973a76,32420,9.8027,141
b27da22,33764,9.8082,141
7971aa3b,26736,9.8082,111
3d7e7167,34687,9.8055,141
ba8a2cf,32673,9.8082,141
73946d46,26762,9.8055,111
566db0b6,26776,9.8082,111
46575fdc,23312,9.8082,101
86ceb38,33760,9.7945,141
469c9e20,26594,9.8082,111
22c700ea,33721,9.8082,141
16b225e8,26558,9.8082,111
6bda34e4,26714,9.8082,111
6ae7315d,26886,9.811,111
53d3212,33808,9.8055,141
46bcf600,33406,9.811,141
4b7f5720,26775,9.811,111
5de8765,35018,9.811,141
2772c10b,35068,9.811,141
20683d68,26688,9.811,111
73d69de1,16475,9.811,75
1f979c2b,26669,9.811,111
2e5c6c4b,26820,9.811,111
2a0667a1,33910,9.811,141
4f3e9795,34373,9.8,141
8c02206,26371,9.811,110
3cfe16cf,33123,9.8082,141
587724ae,31850,9.811,141
2b9591f1,34391,9.8082,141
66669efc,34151,9.8082,141
5ddf3f9a,31821,9.811,141
74d72677,34342,9.811,141
1698a95,33402,9.811,141
5406e635,32859,9.811,141
539bff5d,35013,9.811,141
1d81aac,32683,9.8137,141
25dfc6e2,34276,9.8137,141
3a498bd5,26470,9.8137,110
460bab22,16474,9.8137,75
4ae6d5a9,34023,9.8137,141
baabb23,32667,9.8137,141
50199462,26745,9.8137,111
4b5067f8,33045,9.8137,141
37e7a8a6,34092,9.8137,141
694a7eda,34935,9.8137,141
75ec5d15,32005,9.8137,141
3763a670,34936,9.8137,141
4b9a56b1,32044,9.8137,141
d65a2e8,31858,9.8137,141
56f0e064,33532,9.8137,141
1af652a4,30357,9.8137,134
7b83e63e,33410,9.8137,141
1eca66fe,35069,9.811,141
51799f18,33706,9.811,141
80ce89a,33386,9.8137,141
d8db8fa,26563,9.8137,111
712b153d,26381,9.811,110
59601ace,26373,9.8164,110
3db6a5ca,35097,9.8164,141
202a6c3b,26835,9.8164,111
90107fe,32860,9.8164,141
506eda7a,32904,9.8164,141
58fead48,33108,9.8164,141
2b4649d8,26441,9.8164,110
2a7985b9,34152,9.8164,141
c623786,26746,9.8164,111
423a7221,34007,9.8137,141
21db5faf,34929,9.8164,141
38cacac5,34287,9.8164,141
5e78c428,33722,9.8164,141
49e245cc,34982,9.8137,141
2725b552,34386,9.8164,141
433b1666,16461,9.8164,75
38660f89,34615,9.8164,141
561466a2,23328,9.8164,101
4ed5b1cc,33723,9.8164,141
55460656,26689,9.8164,111
5dd44130,34027,9.8164,141
28001d5e,32556,9.8164,141
42b1edaa,33323,9.8137,141
4b388243,34160,9.8164,141
2ea959c4,34678,9.8192,141
518b40e0,35168,9.8192,141
76ece282,35074,9.8164,141
12eff2e2,34680,9.8192,141
19e83c1f,33039,9.8192,141
2af9400d,26439,9.8192,110
3b105f22,31818,9.8192,141
5605d240,23329,9.8192,101
ed5045b,33569,9.8192,141
6e4cd4a4,26518,9.8137,111
5eecebd6,34542,9.8192,141
579c7f00,33749,9.8137,141
2ff33061,31879,9.8164,141
9a20e18,34930,9.8192,141
143127c,33983,9.8192,141
3593092b,33538,9.8192,141
3d557c0,31811,9.8192,141
520bf856,32798,9.8192,141
1a1e5b6c,32958,9.8192,141
3d76aa1,26280,9.8192,110
9534545,33409,9.8219,141
2e20f1a1,33100,9.8219,141
762d8f2,34014,9.8219,141
6fcf3649,33001,9.8219,141
5775cb73,34811,9.8164,141
7745d513,26770,9.8192,111
7e7185c5,26442,9.8192,110
3bd25c00,32941,9.8219,141
6f4567b1,32959,9.8164,141
79ae796e,34309,9.8219,141
f90b7b,32276,9.8219,141
7254f90c,23326,9.8192,101
36e87018,33534,9.8137,141
3901f5eb,32030,9.8219,141
3c871aa2,33339,9.8219,141
d94fa53,32674,9.8219,141
604fd57,26377,9.8219,110
74ed6c9a,34070,9.8219,141
4a524ba,32007,9.8219,141
21247792,33687,9.8219,141
5439bb1e,32942,9.8219,141
16925a60,32036,9.8247,141
506ff931,32795,9.8247,141
4f79d61a,31804,9.8247,141
4d63a080,34165,9.8247,141
8ecd192,34288,9.8247,141
5f4a79e4,26719,9.8247,111
549b1379,33964,9.8247,141
7b92deaa,35089,9.8247,141
7ada1ec4,34927,9.8219,141
2a6dc6bf,33182,9.8219,141
19418ddb,34073,9.8247,141
26611850,32275,9.8247,141
72c8b372,33101,9.8247,141
4bebf5b8,32053,9.8247,141
61edfe3f,34013,9.8192,141
433ff23,33907,9.8247,141
25f18483,34898,9.8247,141
b7cabf5,34893,9.8247,141
1faec917,33709,9.8247,141
113cd0db,34101,9.8247,141
219d8fea,35182,9.8219,141
568dbc0d,26836,9.8274,111
3f0231ba,33914,9.8274,141
48cf9489,32693,9.8219,141
74ec81e0,32862,9.8274,141
4f3a36a4,33387,9.8274,141
611b4118,32869,9.8274,141
55c4fa6e,34294,9.8274,141
453782b7,26715,9.8247,111
5ba603a3,33150,9.8274,141
600e8a4e,33821,9.8274,141
12eb1bab,32696,9.8274,141
6bb0117b,33963,9.8274,141
e0acb5,32685,9.8274,141
14a80a1d,34448,9.8274,141
d0b042d,34485,9.8274,141
5bcec99e,31855,9.8274,141
530a70ff,23090,9.8274,102
5e547d60,26471,9.8247,110
35049418,32288,9.8274,141
a2a92fb,33070,9.8274,141
1f64e54f,33090,9.8247,141
16a31ac0,34926,9.8247,141
2ee3e1b3,16443,9.8247,75
30840309,26595,9.8274,111
64280fe6,26823,9.8247,111
19ead17e,32035,9.8274,141
29440777,33404,9.8247,141
62c3ef26,34034,9.8247,141
8df320f,35088,9.8274,141
18d3e456,33117,9.8301,141
3c209f95,34392,9.8301,141
738ed84e,33419,9.8301,141
230c37a,33537,9.8301,141
64b6edd3,34310,9.8274,141
5c6663e,35019,9.8301,141
3d228d24,34071,9.8301,141
38eb6e66,33341,9.8301,141
436eece,34449,9.8301,141
3c444112,33912,9.8274,141
a852732,32684,9.8274,141
23e7c0eb,32032,9.8274,141
409c02af,33403,9.8247,141
5ece877f,34069,9.8301,141
69192a0e,34821,9.8247,141
6a41ad1f,34831,9.8301,141
7d519723,34076,9.8301,141
60acf0fa,26822,9.8247,111
2bd8ca6a,35135,9.8301,141
40051f3a,32601,9.8274,141
6a5a8d3a,33573,9.8274,141
1bc3e7dd,26885,9.8301,111
1c6fef7f,34305,9.8274,141
1d64c7e3,16476,9.8301,75
747bcf07,35126,9.8301,141
4af6afef,34884,9.8301,141
4e0f4463,26664,9.8329,111
2df85eca,34983,9.8329,141
78a7e157,26444,9.8329,110
4c3f8e7c,34738,9.8329,141
5c53e872,33388,9.8329,141
23de873f,26887,9.8301,111
4f9b9a2f,33353,9.8329,141
63f550ae,32613,9.8329,141
29f93946,33340,9.8329,141
6e93d877,34195,9.8329,141
5e6ff7b7,34311,9.8301,141
9df743a,34899,9.8329,141
132a5ca2,33753,9.8301,141
4f5755a3,26670,9.8301,111
698c5f4e,34447,9.8329,141
192c7268,34387,9.8329,141
385fecb5,34024,9.8329,141
4a532120,26837,9.8274,111
41ae610b,35131,9.8329,141
3b6be464,34688,9.8301,141
7c169df8,32572,9.8356,141
2f1fe97b,34823,9.8356,141
1d8b73aa,23088,9.8356,102
49197e34,26624,9.8356,111
28e63263,26443,9.8301,110
56ffc782,34102,9.8356,141
79a7fcbb,32610,9.8356,141
3196572a,34026,9.8329,141
61122452,26665,9.8329,111
27421df9,32289,9.8356,141
61467f8e,33418,9.8356,141
626a5b8b,33823,9.8356,141
12aad320,26850,9.8329,111
2530b959,35087,9.8356,141
77d8187e,34035,9.8356,141
475eb30d,35075,9.8356,141
3a94b15,33324,9.8356,141
2373c048,32968,9.8356,141
145f37b0,32611,9.8356,141
6f4dcf89,26744,9.8356,111
26ab28ed,32960,9.8274,141
6f133ece,34466,9.8356,141
52dfc2e4,34442,9.8356,141
3fd08db8,34313,9.8384,141
404326ef,26625,9.8384,111
36508567,34164,9.8384,141
1ab4b9ab,33530,9.8356,141
21b25a08,33031,9.8329,141
789f748f,34984,9.8356,141
4ad6bd46,35132,9.8384,141
75902c56,32012,9.8384,141
46415af6,34103,9.8384,141
45f975bd,34388,9.8384,141
13dda11e,33758,9.8384,141
3a3accc9,26940,9.8384,111
4e3cb544,33118,9.8356,141
50674d9e,34727,9.8384,141
266c09f,33801,9.8384,141
cbc19f3,33184,9.8384,141
608cc029,33651,9.8384,141
4bb1cfe9,34458,9.8384,141
7f678c38,34214,9.8384,141
13f871a6,33185,9.8384,141
15736678,32290,9.8384,141
50f83db8,33400,9.8356,141
13bd6dd3,34280,9.8384,141
43984b43,33154,9.8384,141
4dd6b5ee,32600,9.8356,141
5cd24411,31810,9.8384,141
247979ad,33385,9.8384,141
25bafc32,32910,9.8384,141
5b8208d2,26446,9.8329,110
5dbb54ae,31859,9.8329,141
130771c4,34281,9.8384,141
7cdcc618,26720,9.8384,111
ef5eedd,6360,9.8384,1
21cd0c21,34693,9.8384,141
3b3be206,34546,9.8274,141
1a9960ba,26777,9.8384,111
75b62eed,6351,9.8384,1
3c53987e,26560,9.8411,111
589c7620,35129,9.8411,141
9d15139,34011,9.8356,141
4d54c7a8,16467,9.8411,75
6de42614,34876,9.8384,141
567260fe,33186,9.8384,141
5529ab90,35098,9.8384,141
3e2b4f1a,33535,9.8411,141
72331a4d,26605,9.8411,111
576d4ca0,34979,9.8411,141
648cf47b,26825,9.8384,111
3783e165,26608,9.8384,111
2feeb92e,35072,9.8411,141
4bd97056,33531,9.8411,141
5702eeee,32037,9.8411,141
2152ea12,34385,9.8384,141
9f2af94,26801,9.8411,111
538f404d,26804,9.8411,111
5354d1aa,34307,9.8384,141
65e0b3a8,33389,9.8356,141
79f23e8f,33111,9.8411,141
505684d4,33688,9.8411,141
25fac6f5,26730,9.8411,111
45e75c11,26738,9.8411,111
2d890464,34465,9.8356,141
499d4525,26382,9.8411,110
3a23ff8d,32911,9.8411,141
45db3b0c,34928,9.8438,141
2094bdf7,35184,9.8438,141
6ee54d90,34914,9.8438,141
30370ad,33827,9.8438,141
267928d7,35105,9.8411,141
527bcf8,26721,9.8411,111
3ae6744f,26623,9.8384,111
741a40b1,34295,9.8438,141
3f981de1,33109,9.8438,141
278694a7,26609,9.8411,111
1d8f4a03,33359,9.8411,141
48563f10,26959,9.8411,111
419b6e59,34352,9.8438,141
3e93049e,26778,9.8438,111
2da38c47,34694,9.8411,141
5474985c,31805,9.8438,141
4e07dd2d,33407,9.8438,141
68168787,23091,9.8438,102
5a25b99d,34895,9.8438,141
59e6ff76,34715,9.8438,141
29a03a6e,26690,9.8438,111
59be74c2,32799,9.8438,141
548eacd,34931,9.8438,141
6b3ba85d,34167,9.8438,141
43e08c1e,16481,9.8438,75
411b1b56,16444,9.8466,75
6952f8c4,26520,9.8466,111
2b8e79a1,33201,9.8466,141
1dc145cd,34841,9.8466,141
5a06ba17,26671,9.8466,111
24ecfd4b,33689,9.8411,141
7cf7cb06,34353,9.8466,141
6b0f0678,34686,9.8466,141
4b6df0c,34450,9.8466,141
47f37c74,33143,9.8466,141
59e2077,26824,9.8466,111
16b1ca7a,34161,9.8466,141
7881e13e,33342,9.8466,141
4f3bbe7d,33151,9.8466,141
39ab7f4b,26445,9.8466,110
c68fbc1,33405,9.8466,141
1492122c,16468,9.8466,75
59dad470,33187,9.8466,141
4169dcb1,33828,9.8466,141
2ea55664,32843,9.8466,141
5133bb2,33916,9.8438,141
d5d0478,26596,9.8438,111
61df7b67,34299,9.8493,141
6ea94a78,35130,9.8493,141
6abb37bf,26611,9.8493,111
4ff2406c,32872,9.8493,141
55ec1eb6,34389,9.8493,141
4287b3bf,33152,9.8493,141
2a667867,32718,9.8466,141
1f2b6aa3,34177,9.8493,141
19a2bdfe,31880,9.8493,141
2a87de5e,26727,9.8493,111
4870624b,32686,9.8438,141
37153ab1,34937,9.8466,141
50ed04cb,32873,9.8493,141
732f3082,34211,9.8493,141
6704c878,6365,9.8493,1
67ce6597,35101,9.8493,141
5d652e89,26385,9.8493,110
2c67211f,33335,9.8466,141
32395690,35076,9.8493,141
3898cb75,32285,9.8521,141
2ceee32c,32974,9.8521,141
4b8f1b8b,26876,9.8493,111
39945077,33965,9.8438,141
77a9cf5e,26798,9.8521,111
41610c03,34036,9.8521,141
3fdca439,31815,9.8521,141
6470d76d,34012,9.8493,141
7ffc247c,26677,9.8521,111
36b42e94,31881,9.8493,141
6c93a917,34483,9.8521,141
ebad057,34029,9.8521,141
107bda38,26877,9.8521,111
7437d5c8,33197,9.8493,141
7ac862d,33199,9.8521,141
24e42fbc,33390,9.8521,141
76865cde,26565,9.8521,111
2ee60231,33343,9.8493,141
6002b7cf,34682,9.8521,141
37cc80c,26841,9.8521,111
47581411,34544,9.8521,141
59b17141,34900,9.8466,141
efde1aa,32008,9.8521,141
2c781977,32807,9.8493,141
4921985c,33351,9.8521,141
4edee5f5,34696,9.8548,141
5be25c5a,34016,9.8548,141
340d5711,32891,9.8548,141
7068bf56,32284,9.8548,141
17c1051f,33809,9.8521,141
354e3a7f,33200,9.8548,141
c86806e,34275,9.8521,141
5c23f72a,35183,9.8521,141
2de0c8e6,26878,9.8548,111
18c75003,34728,9.8548,141
5c1e1ca6,34224,9.8521,141
64a372bb,34205,9.8548,141
4f2f3131,32617,9.8548,141
2b75b41a,34932,9.8548,141
6dca279f,33383,9.8548,141
411dfdac,34225,9.8521,141
3ed4699e,35192,9.8521,141
8c461cc,23081,9.8548,102
340e4994,31882,9.8521,141
1a502224,34985,9.8575,141
4f39b0ce,33756,9.8575,141
7d53069,26564,9.8575,111
2c34eb5e,35133,9.8575,141
6a3055a5,34248,9.8575,141
716a0bc5,34171,9.8575,141
5f123bf9,34695,9.8575,141
5477555e,26691,9.8575,111
4968d11a,26616,9.8575,111
3c82af08,32055,9.8575,141
1d17af7e,34940,9.8575,141
539492d6,26606,9.8575,111
3d27e05f,33110,9.8575,141
741ede0d,26803,9.8575,111
7ca28c07,23330,9.8548,101
47b8265a,35191,9.8575,141
1474f21c,35028,9.8548,141
34b8d3b3,33806,9.8575,141
34c412bc,34939,9.8548,141
434df5d0,26726,9.8575,111
416ad0fe,34830,9.8548,141
72bd3edd,32809,9.8575,141
6a4e72,32054,9.8548,141
2c25d8da,34359,9.8575,141
1b2925ee,26936,9.8575,111
3b5f0080,34836,9.8548,141
200f9ae0,34119,9.8575,141
7244594d,31856,9.8603,141
7025bcd7,32870,9.8603,141
33bdf953,34714,9.8575,141
6f39bd5e,33002,9.8603,141
3fe70fc5,23092,9.8575,102
62f9cfea,33729,9.8603,141
5abe39a2,33119,9.8603,141
3e52c587,33354,9.8603,141
1c235c5e,34041,9.8575,149
1bbdf138,26374,9.8603,110
fe5becf,26766,9.8603,111
3717fb3a,32800,9.8603,141
1fc16ea2,32286,9.8603,141
2837bffe,32812,9.8603,141
198600a8,33188,9.8603,141
6dc61691,26779,9.8603,111
6500ee38,16464,9.8603,75
563a2a42,34683,9.8548,141
2ceb5766,32898,9.8575,141
793cb3cb,26717,9.8603,111
71a03844,6364,9.8603,1
588ae598,34543,9.8603,141
5250286,34153,9.8603,141
294bf2a7,34059,9.8603,141
67b64d34,33754,9.8548,141
17243b9e,33337,9.8603,141
188daac7,26532,9.863,111
3511ba62,31851,9.863,141
601b8e19,3690,9.863,29
259e31a0,34296,9.863,141
5655a14f,34402,9.8603,141
237be2d0,34042,9.863,149
1b019e77,34111,9.863,141
2756b048,34046,9.863,149
5cf23234,34072,9.8603,141
20e32618,34166,9.863,141
21e975a4,26522,9.863,111
308004bd,34218,9.863,141
3706e655,33091,9.863,141
2540d40d,34343,9.8603,141
686e2103,26549,9.8603,111
510419f0,32863,9.863,141
51b079cb,34108,9.863,141
c8b914d,32614,9.863,141
72732f4c,34486,9.8603,141
6b0c7e38,32603,9.863,141
1a362130,35198,9.8603,141
489a6d9c,34877,9.863,141
2378228c,33336,9.8603,141
2b8d7565,26610,9.863,111
f2a8936,31857,9.8658,141
3ddd6787,32716,9.8658,141
99fe85,34390,9.8658,141
57ebe9e8,32079,9.8658,141
1bf49587,34697,9.8658,141
6e67b133,33029,9.8658,141
79fab837,35202,9.863,141
391ccc30,34354,9.8658,141
763e6040,26696,9.8658,111
49d98bad,34114,9.8658,141
654eb9a1,30347,9.8658,134
3a6c9474,26569,9.8658,111
3f55df19,26533,9.8603,111
2dd56d05,35114,9.8658,141
3a54afbd,26971,9.8658,111
1108e22c,33961,9.8658,141
2eab10df,34219,9.8658,141
2a479ae7,34172,9.863,141
745674ef,26767,9.8658,111
65eac06b,34698,9.8658,141
7a5ca22c,33153,9.8658,141
6c5a8f22,33120,9.8658,141
2b6c7f4a,26739,9.8658,111
7e4872c,34297,9.863,141
3f7f2b6d,26666,9.8658,111
772195e7,26889,9.863,111
5f61586c,33761,9.8658,141
7ba3e244,30360,9.8658,134
17e302e5,6361,9.8658,36
7c1f794b,33896,9.8658,141
3afd11e6,33913,9.8658,141
620d23d2,33331,9.8658,141
418825f3,33190,9.8685,141
14ffb796,33696,9.8685,141
13ad5163,33391,9.8685,141
418d00d1,34298,9.863,141
412a12ae,34903,9.8658,141
3e7e6341,32056,9.8658,141
28005e1a,34938,9.8658,141
26a294b5,34628,9.8685,141
26d9b3d,33807,9.863,141
515f3430,16463,9.8685,75
2ef62b1b,33330,9.8603,141
78fd3d42,32046,9.8685,141
6953ef91,30348,9.8685,134
43899c2f,33652,9.8658,141
5e020fc5,34915,9.8685,141
6bdfdeda,32575,9.8685,141
7a59f9ce,34894,9.8658,141
4380af5,32009,9.8658,141
c80be73,32013,9.8685,141
3e72328,23089,9.8685,102
1fa1fb8c,34901,9.8658,141
16db1480,26768,9.8685,111
23f9181c,34488,9.8685,141
1047c13d,35169,9.8685,141
790b2cda,32602,9.8685,141
5e76a8a1,32293,9.8658,141
35a4628b,32694,9.8685,141
55ec7f0,33155,9.8712,141
2b3ea04f,34913,9.8685,141
69ffdb95,26937,9.8712,111
5f2b19ce,33189,9.8712,141
70e30ee4,34721,9.8712,141
7a8fc177,32619,9.8712,141
40e63629,26568,9.8712,111
57622e2b,33198,9.8712,141
56c0a484,32579,9.8712,141
255288eb,34226,9.8712,141
7bb078d6,33693,9.8685,141
752dfeb1,34241,9.8712,141
a165ef7,33049,9.8712,141
59a12fb5,33962,9.8712,141
6885f1ba,26523,9.8712,111
2aa7a167,32969,9.8712,141
100b52b4,32287,9.8712,141
28d257a4,32573,9.8712,141
78de098c,34487,9.8712,141
3f113f0c,32031,9.8712,141
75c554a8,32375,9.8712,141
4f1042c3,26947,9.8712,111
437f766,34751,9.8712,141
25f52fe8,32010,9.8685,141
478aa0c4,35140,9.8712,141
71d50e66,33344,9.8685,141
2eea74e0,33138,9.8685,141
63a12da4,35185,9.8685,141
71bf2d94,26614,9.8712,111
28c0abfb,33003,9.8712,141
55f09777,33338,9.8685,141
3f565c60,16469,9.8712,75
378d0593,32970,9.874,141
1a3fefea,33951,9.874,141
52937079,26802,9.8712,111
4ba588f5,23093,9.8685,102
469d78bd,33215,9.874,141
19634c60,34839,9.8685,141
7cc6b019,33345,9.874,141
1bc36d54,32065,9.874,141
240df455,26740,9.874,111
3636a601,33420,9.8712,141
3535fceb,26607,9.8712,111
7cbad42c,33812,9.8685,141
7c13bf22,34739,9.874,141
7f16180f,33750,9.8712,141
65de61a2,23314,9.874,101
4f6fc281,35197,9.874,141
2c1e4a76,32912,9.874,141
40b7af23,26842,9.874,111
2e649ee1,34681,9.874,141
617d2d42,34109,9.874,141
773893be,34037,9.8712,141
46f22c12,33046,9.8712,141
4c6b31bb,35137,9.874,141
44740249,32574,9.874,141
7762dc1a,34094,9.874,141
6e81ad09,33158,9.8767,141
20a7fc58,34400,9.8767,141
35d4f71e,26890,9.8712,111
51d6cda7,32033,9.874,141
2f6f36e9,34491,9.8767,141
3d11481d,26528,9.874,111
5acd11ed,35178,9.8767,141
706a2a0,30349,9.8767,134
16204cac,34689,9.8767,141
2146bfd5,33124,9.8767,141
13b68069,31822,9.8767,141
7872e3f5,34043,9.8767,149
24be2f23,26737,9.874,111
71c11a46,16470,9.8767,75
30ef4234,35179,9.8767,141
2443ebeb,33007,9.874,141
3d192c2,32719,9.8767,141
56c362ac,34181,9.8712,141
1c7764a2,34044,9.8767,149
2750d874,33757,9.8767,141
289809de,34110,9.874,141
6c2ea84b,32034,9.874,141
6583d863,34074,9.8767,141
42f6e205,26675,9.8767,111
63441157,34826,9.8767,141
983b60c,26680,9.8767,111
b7a2218,33030,9.8767,141
70c1a3d4,34832,9.8712,141
5529103,26879,9.8767,111
465fe657,32975,9.8767,141
1cef6666,34467,9.8767,141
61cda92c,32041,9.8767,141
7006f69f,32913,9.8795,141
216e9466,34844,9.8795,141
1f832323,26550,9.8795,111
49d2cb96,33365,9.8795,141
2ee9589c,30361,9.8795,134
226110a4,32815,9.8795,141
6594a879,34545,9.8767,141
3a455126,26566,9.8795,111
5e0cc34a,33649,9.8795,141
74c21c1f,32291,9.8795,141
34d5a59e,26909,9.8795,111
24091e43,34227,9.8795,141
66b9e814,35177,9.8795,141
1c278f1b,32813,9.8795,141
78615a64,34393,9.8795,141
6181e9a3,26386,9.8795,110
21653761,34547,9.874,141
12859e51,30369,9.8767,134
d9608d6,34493,9.8795,141
2d690128,34845,9.8795,141
5f29dc9b,32598,9.8795,141
310bea2c,32039,9.8795,141
57810021,33755,9.8795,141
c669463,26853,9.8767,111
69e3b486,32615,9.8795,141
783f6025,26920,9.8767,111
168baf84,26769,9.8795,111
2e76e4ba,23315,9.8822,101
11b1d4d6,26854,9.8767,111
5ac52276,32720,9.8822,141
59f84f43,33121,9.8822,141
274d6acf,32081,9.8795,141
12442c77,34249,9.8822,141
b8e59b1,26383,9.8822,110
2f79eb9e,32580,9.8822,141
78ab1c24,34173,9.8822,141
6332d625,26753,9.8822,111
fdf5f12,35193,9.8822,141
7a1187b0,33772,9.8822,141
50a679a0,32620,9.8822,141
299ce1d4,26667,9.8822,111
97692ff,34902,9.8822,141
7c80fe0a,26950,9.8795,111
1f88f343,34484,9.8822,141
51d43327,32038,9.8767,141
6c08b288,26718,9.8795,111
178361ad,33131,9.8822,141
4f498af5,35141,9.8767,141
3ff4c530,26601,9.8822,111
1641bcb4,32846,9.8822,141
76c325dc,26640,9.8822,111
1a4329d8,35111,9.8822,141
195e1647,35113,9.8795,141
9a8d19,34155,9.8822,141
1dd22fe7,33653,9.8849,141
1ba535a2,32066,9.8849,141
18abc2e7,33691,9.8849,141
71ae139b,32618,9.8822,141
2588aaf2,32074,9.8849,141
173293c4,33892,9.8849,141
6e8d570d,33133,9.8849,141
5148d73f,32604,9.8849,141
10b603b7,26910,9.8795,111
507b3446,34846,9.8822,141
3044cb81,26851,9.8822,111
72ecd601,26612,9.8849,111
336bd2fe,26613,9.8849,111
922e5c7,26387,9.8849,110
240d1a83,32808,9.8849,141
2dddc340,32871,9.8849,141
3bd31db9,32707,9.8849,141
56c2c41f,33191,9.8849,141
1a570546,34120,9.8822,141
230ec80c,34115,9.8822,141
6c0e8122,33071,9.8849,141
5953128f,31849,9.8849,141
7acef2c9,26672,9.8849,111
3aec33b3,34977,9.8877,141
18b37c9d,34104,9.8877,141
59b5d26e,26869,9.8877,111
54602b2b,26806,9.8877,111
f4afbbf,33725,9.8877,141
c9e395f,34740,9.8877,141
7bcfac00,34193,9.8877,141
2ea3f921,33216,9.8877,141
4ffb9e87,26938,9.8877,111
766c7849,35188,9.8877,141
2a32f98c,35110,9.8877,141
b45f31a,26632,9.8877,111
22961239,34121,9.8877,141
d6ce1de,34209,9.8877,141
3cb77ba3,26619,9.8877,111
46cf8b22,34028,9.8877,141
298cf24c,31812,9.8877,141
df50944,33164,9.8849,141
6d1891c2,26472,9.8849,110
67fd6b35,33368,9.8877,141
60907e0a,33192,9.8877,141
2ec0eec6,33050,9.8877,141
b5a6d73,34986,9.8877,141
7f21bee,32599,9.8877,141
64f14534,30350,9.8877,134
4dee31b2,33130,9.8877,141
1587fc89,32080,9.8904,141
1cb2f90e,26631,9.8904,111
2bdb8bc,33514,9.8904,141
6c0b853a,33925,9.8904,141
50544aa8,33751,9.8877,141
7a1d979f,26602,9.8877,111
158ab838,34749,9.8904,141
2598dde6,34827,9.8877,141
576bc2f7,26844,9.8849,111
415c06ea,30370,9.8904,134
1d72d81,26763,9.8904,111
62c3b7b0,34228,9.8877,141
6bb6bd65,34229,9.8904,141
4afc8daf,26384,9.8877,110
72ff1a54,34837,9.8904,141
dfe4d8c,35108,9.8849,141
537d94c3,32014,9.8877,141
7d42faf6,33752,9.8904,141
69dafd17,32582,9.8904,141
776572b0,34250,9.8849,141
888d3fd,33766,9.8877,141
49473343,34825,9.8877,141
37ec95a3,34198,9.8767,141
5d934ce2,26645,9.8877,111
1bf5512,32847,9.8877,141
4f6679e3,35138,9.8877,141
1c74ac21,34212,9.8904,141
5bc71711,34314,9.8904,141
3ffbdf04,34459,9.8849,141
1cd43449,34824,9.8904,141
202bdebe,33726,9.8904,141
5c7e1239,35199,9.8932,141
3a98f227,34096,9.8932,141
17ca42fd,33392,9.8904,141
6552b833,34113,9.8877,141
6ce4417,32040,9.8932,141
786eb45e,33375,9.8932,141
54ad8eb0,35118,9.8904,141
244e3736,33165,9.8904,141
50d42154,32814,9.8932,141
5d15a354,34188,9.8932,141
3184b0c3,34490,9.8904,141
65f57e48,26839,9.8932,111
30570247,31876,9.8932,141
41785b98,34838,9.8932,141
31874fe0,33369,9.8932,141
7f4e70a6,34215,9.8877,141
4df640e9,34112,9.8904,141
77831032,33911,9.8904,141
742421c1,32810,9.8932,141
7fd798ea,32816,9.8932,141
73901cf6,26678,9.8932,111
1cfd8036,34315,9.8932,141
49829041,30362,9.8932,134
a515153,34093,9.8904,141
66b6d8d,34213,9.8904,141
79558b43,33773,9.8932,141
7c184ad8,33774,9.8932,141
9d9486f,34316,9.8932,141
5404d18d,32861,9.8932,141
545fd997,33724,9.8932,141
1854fcc,32277,9.8877,141
42dcf5a3,34733,9.8932,141
30a6cccc,33086,9.8932,141
1a9f282e,33332,9.8959,141
6fead280,33122,9.8959,141
31cfff9e,34289,9.8959,141
141b75e9,33408,9.8959,141
125d1b0a,34816,9.8959,141
71608f37,33028,9.8959,141
3f9dbd8a,34399,9.8959,141
70e623ad,33395,9.8959,141
a19e3f0,32895,9.8932,141
7f75ccb3,35025,9.8959,141
2d565f3a,32708,9.8959,141
6cecea76,33533,9.8904,141
292f8278,34116,9.8959,141
78eed3ba,34443,9.8959,141
67defc12,32583,9.8959,141
6c6a05c5,34117,9.8959,141
39836672,35099,9.8849,141
37fe11fb,32848,9.8959,141
259ef6f1,26888,9.8959,111
27d0457a,32801,9.8959,141
1b282868,34980,9.8959,141
39ba7d89,34254,9.8959,141
7e0cd28c,33202,9.8959,141
5b52b3a2,34699,9.8932,141
1e3abc8,33929,9.8932,141
6bdfc848,26603,9.8959,111
735fef0d,33183,9.8959,147
3dde8d67,34077,9.8959,141
49c3446c,26847,9.8932,111
311999d,32057,9.8959,141
3d0496cd,34888,9.8959,141
326df945,33765,9.8932,141
217fdcff,34843,9.8932,141
3477cd10,26856,9.8932,111
38dc7b14,32899,9.8959,141
c579a7,23094,9.8959,102
71a07cdd,34451,9.8932,141
2ee7de32,26633,9.8877,111
24f289b3,26838,9.8959,111
7f2d52e2,33170,9.8959,141
144e357f,34127,9.8959,141
d999f4e,26857,9.8959,111
67af2baa,33952,9.8959,141
1d9fc681,33077,9.8959,141
2d906b90,34048,9.8986,149
38bf8682,32894,9.8986,141
791d0d34,33431,9.8986,141
1a557758,32961,9.8986,141
34b75369,26942,9.8986,111
70f848eb,34184,9.8986,141
420675af,33897,9.8986,141
619d8f6d,33013,9.8959,141
50c3cbb1,30363,9.8986,134
3c2003f3,26848,9.8986,111
5e61f6db,34752,9.8959,141
6cec42ec,32916,9.8932,141
386e2784,32699,9.8986,141
61075efb,34460,9.8959,141
2fd79f29,26703,9.8986,111
7ed17326,32905,9.8986,141
2b8fcd5b,32963,9.8986,141
38b231d4,33731,9.8986,141
4d0f3da7,32454,9.8959,141
18579c01,35139,9.8986,141
4de76f45,33928,9.8986,141
6472cbbc,26700,9.8959,111
50243090,35120,9.8986,141
34c7ec76,34197,9.8959,141
76ea5e56,34978,9.8986,141
2dcdd85,32851,9.8986,141
7081c949,26741,9.8986,111
150c779,34492,9.8986,141
4de33943,34987,9.8986,141
29b7e58f,33923,9.8986,141
5782ba71,33092,9.9014,141
50eed4f7,33424,9.9014,141
413d688,26641,9.9014,111
129ec018,33436,9.8986,141
508db108,34360,9.8959,141
2fbd220e,26728,9.9014,111
76e28e82,16482,9.9014,75
7160f481,33144,9.8932,141
6c5fa140,32584,9.9014,141
2ea47ceb,26893,9.9014,111
5cb2b76c,33393,9.9014,141
8a522d3,26751,9.9014,111
5940070b,33927,9.9014,141
351dc73e,34030,9.9014,141
5769c981,34394,9.8986,141
462d278d,26567,9.9014,111
673f3621,33411,9.9014,141
3cc029cf,33712,9.9014,141
257cda17,34106,9.9014,141
ac2807a,31877,9.9014,141
14d2213d,33924,9.9014,141
19146822,34206,9.9014,141
29e1fc39,26521,9.9014,111
6a8e2770,34842,9.9014,141
74d1bb0b,26832,9.9014,111
559fe17e,34401,9.9014,141
718fb765,34367,9.9014,141
57298d59,33730,9.9014,141
100ae456,33366,9.8959,141
5f5e1376,34017,9.9014,141
4c87856b,32850,9.9041,141
39ff3a8e,33072,9.9014,141
35f77613,33360,9.9041,141
39cfcb57,33107,9.8959,141
2217da72,34187,9.9041,141
524baf86,33783,9.9041,141
5baa09a1,33156,9.9041,141
180c6c55,32724,9.9014,141
5c021c32,34122,9.9041,141
58d455b8,33112,9.9041,141
1b50e196,33917,9.9041,141
7086cc4,26723,9.9041,111
8b0d43c,31862,9.9014,141
449fba94,26617,9.9041,111
49aa0cf8,26529,9.9041,111
585fafc0,26701,9.9041,111
1cf58643,26906,9.9041,111
332c10fd,33968,9.9041,141
126ab0d5,32327,9.9041,141
2b18e316,32803,9.8986,141
e9c681a,26901,9.9014,111
3e6b2014,33539,9.9041,141
79c0c314,35029,9.9041,141
1d235df,35143,9.8986,141
152c8f69,26731,9.9014,111
789de96e,33102,9.9041,141
1f110de9,33834,9.9041,141
6036a57c,33114,9.9014,141
79c2a175,33690,9.8932,141
111039d4,33139,9.9041,141
6517401,26941,9.9068,111
738a91b0,33047,9.9068,141
11385f67,26975,9.9068,111
29b14176,33095,9.9068,141
aaeb9b8,34344,9.9041,141
44f01579,33081,9.9068,141
54be5aaa,32900,9.9068,141
5942cd40,32914,9.9041,141
ad27268,33115,9.9068,141
4e4de596,33159,9.9068,141
626b5c03,26782,9.9041,111
10e92c50,34743,9.9068,141
68008dff,34256,9.9068,141
27e76572,26764,9.9068,111
3ebf02d4,33004,9.9041,141
1fff21c0,33073,9.9068,141
73fc28b5,32088,9.9068,141
49a41b21,26561,9.9068,111
6fac0f4d,34452,9.9068,141
294309ce,26722,9.9068,111
4fd4dc07,34630,9.9041,141
6d95bd91,32688,9.9041,141
5d7fecc8,33697,9.9096,141
52a6564d,33376,9.9096,141
639a28ae,26524,9.9096,111
6d7e8a64,33437,9.9096,141
a47f43e,33352,9.9096,141
28fc5012,26891,9.9096,111
48887f7e,33032,9.9096,141
7ae5f199,32076,9.9096,141
4fb60cff,34189,9.9096,141
7634a730,34840,9.9068,141
500b9db,32049,9.9096,141
84166fb,34712,9.9096,141
7558d85f,26939,9.9096,111
13d43e4,26981,9.9096,111
24909051,33355,9.9068,141
347c07e2,34700,9.9096,141
e78558a,33435,9.9096,141
5bc414e5,32058,9.9096,141
24ea3a96,34981,9.9096,141
359d2e66,34232,9.9096,141
24a481b1,34318,9.9096,141
683c54aa,26809,9.9096,111
760a6edb,34395,9.9096,141
cf48343,26519,9.9096,111
7eb22cf4,34196,9.9068,141
13240674,32062,9.9096,141
10f274e6,34355,9.9041,141
42e7bf90,26895,9.8959,111
66efb00c,32075,9.9096,141
66460c69,33082,9.9041,141
6c558d0f,26972,9.9096,111
5f713157,33930,9.9096,141
280ff2d9,26750,9.9096,111
44858565,35189,9.9096,141
1276fcd8,33363,9.9123,141
528b366c,26805,9.9123,111
4a65ee3,33921,9.9123,141
6ce05dbf,33377,9.9123,141
49d5ecc7,26953,9.9123,111
2fe642cf,34489,9.9096,141
7401842e,26729,9.9123,111
1ae232b4,32045,9.9123,141
5876c603,33922,9.9123,141
cf28c6b,34633,9.9123,141
7cb756fb,26897,9.9123,111
a79c219,33767,9.9096,141
2f70a7db,34723,9.9123,141
79ddecfe,32804,9.9123,141
230dd39c,33654,9.9123,141
3f9b7db0,32612,9.9123,141
7b360950,32700,9.9123,141
1d16ccd,26682,9.9123,111
177dda15,32901,9.9123,141
736f43b7,34258,9.9123,141
38d8a803,26780,9.9096,111
32651cd1,34706,9.9123,141
278f9795,33052,9.9096,141
4bb1c5fa,32050,9.9096,141
3389fcbe,33087,9.9123,141
61701f3f,34251,9.9151,141
33bd8d58,26980,9.9151,111
424a45c0,34345,9.9151,141
3f2f753a,34237,9.9151,141
25b6659a,33074,9.9151,141
60edeac3,26826,9.9151,111
7019d75b,33732,9.9123,141
34dbfac7,33068,9.9151,141
22d7d373,26921,9.9151,111
2de38e18,34015,9.9151,141
5322b710,33364,9.9151,141
34c1109e,26964,9.9151,111
b775639,33169,9.9096,141
13fe27f0,32624,9.9151,141
7818fa8a,30364,9.9151,134
6448f2b1,32849,9.9151,141
55ea236e,34905,9.9151,141
4c894a46,34368,9.9151,141
37494f84,34105,9.9123,141
29791a54,26965,9.9151,111
70a03b9c,30366,9.9041,134
7bbdcdd5,32802,9.9151,141
83a2f4d,33008,9.9123,141
7e7c485d,6335,9.9151,1
2bc49981,33421,9.9151,141
4df86f2f,35144,9.9123,141
2f312ec4,26929,9.9151,111
527961c9,26833,9.9151,111
b607c8c,33134,9.9151,141
4e7f4f0,34720,9.9151,141
2286bda6,33372,9.9178,141
3be8e716,34627,9.9178,141
33e478fb,31860,9.9178,141
89f5a03,34741,9.9178,141
300b69ab,33432,9.9178,141
5d15095d,34629,9.9123,141
1fe3ad3b,32896,9.9151,141
634f3986,32623,9.9151,141
73fca6b4,32976,9.9178,141
447d7958,26892,9.9178,111
1c1a58a,26874,9.9178,111
3c95afc,33053,9.9178,141
19d0c00a,26765,9.9151,111
f8f0c82,26960,9.9178,111
160d27c1,34107,9.9178,141
36e050c,26742,9.9178,111
4ab9b127,33362,9.9178,141
55f6f8ea,34085,9.9178,141
22ea15ca,33373,9.9178,141
515f32fe,33203,9.9178,141
56e8917b,32897,9.9178,141
bd8b40e,33926,9.9151,141
54351b6b,33413,9.9178,141
34bb02e4,33966,9.9178,141
468d05fc,32068,9.9178,141
72ad236,33682,9.9178,141
75eac739,26948,9.9178,111
6e6d0711,32015,9.9123,141
66c14156,34242,9.9178,141
7c1c20ee,26562,9.9096,111
105ca1ab,26709,9.9178,111
3ed0f4b9,33378,9.9178,141
61bea110,32730,9.9178,141
5f5785a4,33727,9.9178,141
388339fd,33810,9.9205,141
25056553,34124,9.9205,141
5021c9a1,33160,9.9205,141
696d8a20,33694,9.9205,141
48801a21,26530,9.9205,111
46a1d19f,33173,9.9205,141
1893642b,26898,9.9205,111
1daac193,32063,9.9205,141
55339115,35026,9.9205,141
f6d91a5,33208,9.9178,141
1dd69f05,26705,9.9178,111
483ceac4,34185,9.9205,141
550aeeae,35142,9.9178,141
16708b46,33775,9.9205,141
6b15b378,34916,9.9205,141
1c786623,26747,9.9205,111
184446f9,16478,9.9205,75
357fec1e,33707,9.9205,141
7fc8e06d,34199,9.9151,141
13abca5b,26987,9.9205,111
11d6291e,26930,9.9178,111
4ec01c79,31863,9.9205,141
49516a3,32017,9.9178,141
691fb39b,26706,9.9205,111
43594e6c,35136,9.9205,141
27725915,32585,9.9123,141
3f1a864e,34710,9.9205,141
bfe6356,32042,9.9205,141
11695ce1,34356,9.9205,141
4d72956c,33813,9.9205,148
2518d425,34889,9.9205,141
59e57432,34369,9.9205,141
6c6a34ea,32875,9.9205,141
19f3016a,26626,9.9151,111
155afd33,16462,9.9205,75
30f39f81,34079,9.9205,141
2a8908e9,33014,9.9205,141
59f81454,32295,9.9205,141
66ca6cc9,33931,9.9205,141
14760ee2,32717,9.9205,141
35429b84,34131,9.9205,141
53f1fd3f,33010,9.9178,141
4d7630f5,33412,9.9151,141
3f40998d,33097,9.9205,141
4f048735,26916,9.9151,111
1348a057,26988,9.9233,111
4b3f9c26,26693,9.9233,111
248a62a5,33080,9.9233,141
2b037eb,33361,9.9205,141
67389db6,26915,9.9233,111
26952841,33093,9.9233,141
5a9845fe,33054,9.9233,141
612f23d1,35115,9.9233,141
77d33ca3,26949,9.9205,111
62a35f70,33218,9.9233,141
66eb60b1,32734,9.9233,141
6dfba445,35206,9.9233,141
7554bbb1,32977,9.9233,141
6dfd3f61,32018,9.9233,141
15ddb571,26649,9.9233,111
2534e203,34255,9.9233,141
75ed5c27,34906,9.9205,141
716f63cc,32701,9.9205,141
b47e968,34045,9.9233,149
71235cae,33919,9.9233,141
14549043,34361,9.9233,141
1eaff006,34154,9.9233,141
5140d712,33094,9.9233,141
571e8a18,26707,9.9178,111
5de010d5,33172,9.9205,141
1efbf920,34742,9.9233,141
2a435f3e,26873,9.9233,111
1aa514bd,32695,9.9205,141
7bebe82f,33442,9.9233,141
a936c0a,34684,9.9233,141
42f4fc4d,26643,9.9233,111
6bc19ca6,32047,9.9233,141
3a183c8b,34049,9.9233,149
a122e59,35203,9.9233,141
38a0c35a,26783,9.9233,111
51a7c5fc,33103,9.9233,141
48c7f132,26684,9.9178,111
65c2fc4d,26966,9.9233,111
621f1a72,31823,9.926,141
1caefef1,34236,9.926,141
67a9758b,35195,9.926,141
30a4d07e,33162,9.926,141
7cd2ffc1,33348,9.926,141
338e42c0,33166,9.926,141
42565912,32722,9.9151,141
29e47edf,26896,9.926,111
1bf94fd6,34233,9.926,141
5cd4345,33728,9.926,141
6e0a88ca,26951,9.9233,111
1e64d2d0,34118,9.926,141
14fc5545,33084,9.926,141
343fc6fa,34039,9.926,149
2629f520,34370,9.926,141
3b0154b2,26668,9.926,111
5cc6c1c5,30365,9.926,134
7bc4ebf4,34317,9.9233,141
41b2609e,26525,9.926,111
79f8d82a,33033,9.9205,141
f58fc2d,34405,9.926,141
531f3d79,33213,9.9233,141
5d81aa08,26967,9.9205,111
1fb1114,23331,9.926,101
3e7da089,26875,9.926,111
768c9aff,32971,9.926,141
1ce53e29,26620,9.926,111
79e80daf,33695,9.9233,141
5cd285a2,33044,9.926,141
5784c9d,34904,9.926,141
6ffd9c8a,34691,9.926,141
7e9c257f,34847,9.926,141
5652cd53,34018,9.926,141
449bee04,32980,9.926,141
cac8ca0,33212,9.926,141
4bf7250c,26708,9.926,111
b8f5174,33217,9.9205,141
5111cee0,33920,9.926,141
10ff65cf,26968,9.926,111
78de22fc,34083,9.9233,141
65e1cb3b,34631,9.926,141
a73a7ae,34084,9.926,141
7b864365,35204,9.926,141
10bc80c7,32731,9.9233,141
11d4486b,34755,9.926,141
61a403bc,33789,9.926,141
1851c916,26752,9.926,111
3d0d3c9b,26985,9.926,111
5d3cc952,34222,9.926,141
197c99ee,33220,9.9288,141
6d3d654e,34890,9.9233,141
e2513b8,32082,9.926,141
47f1f472,26918,9.9288,111
333feef3,35205,9.9288,141
166397a4,26902,9.9288,111
4ef1a293,26650,9.9288,111
68efd026,34190,9.9288,141
20f5eb2d,33734,9.9288,141
6cf1d1b6,34257,9.9288,141
2f570381,34704,9.9288,141
392f88ad,34729,9.9288,141
360ca026,33195,9.9288,141
5492ab30,34080,9.9288,141
434ee128,33830,9.9288,141
661730c,26864,9.926,111
55bffe76,35116,9.9288,141
2046e0c5,33814,9.9288,141
2d320ed2,16477,9.9288,75
7d4194c,26652,9.9233,111
94b764f,26679,9.9233,111
2cac41da,26894,9.926,111
11d59e03,26807,9.9288,111
366cfb0c,32576,9.926,141
5307ede7,33380,9.9288,141
1debd4cc,34097,9.9288,141
3f7e1d13,33768,9.9288,141
207374f4,26911,9.9288,111
71164f6d,32625,9.9288,141
673e369b,34031,9.926,141
1d12fc7d,33967,9.9288,141
5e1c06a7,34891,9.9288,141
65f30d44,6336,9.9288,1
26c29eef,26808,9.9288,111
265d4bb0,32902,9.9315,141
2c26ba12,31861,9.9315,141
12b1a80f,26870,9.9315,111
6fd50e30,34123,9.9315,141
2399c8b1,33196,9.9315,141
3a7610fa,34468,9.9315,141
2598366b,26642,9.9315,111
62fb1866,26989,9.9315,111
fca98c8,26840,9.9315,111
5b1a80b,35207,9.9315,141
617efdb8,33075,9.9315,141
5b7ce1d9,34239,9.9315,141
2b3ea6,35117,9.9315,141
8d23f58,34734,9.9288,141
1ed790c7,33371,9.9315,141
2219d8ed,33970,9.9315,141
7b9e0c06,32706,9.9288,141
6fc09ef3,34908,9.926,141
622fd4d2,26570,9.9315,111
405c31f8,26634,9.9315,111
2c6e47ae,32687,9.9315,141
271b8019,34371,9.9315,141
3b0e596c,33041,9.9315,141
44f11bc2,35035,9.9315,141
2f7cb444,31813,9.9315,141
3f91400d,32462,9.9315,141
761dbbaa,26912,9.9288,111
ff8f531,26748,9.9315,111
431bc007,34848,9.9288,141
763f7141,33422,9.9315,141
299ed4f6,32738,9.9315,141
79fd5638,32923,9.9288,141
6d6444c7,33136,9.9315,141
67112e76,26685,9.9233,111
10ca5915,32069,9.9315,141
257d6527,33135,9.9342,141
38fb8277,33425,9.9342,141
2003c5ab,26843,9.9342,111
563e672a,34234,9.9315,141
479269e0,26858,9.9315,111
35435950,26627,9.926,111
6583d8f6,33898,9.9342,141
7a4e7143,33175,9.9342,141
6dc3cc55,33357,9.9342,141
5058b3a7,34701,9.9342,141
6cfaa209,33379,9.9342,141
54326e6a,26952,9.9342,111
4ecb0ca,26629,9.9342,111
10de2f5,34496,9.9342,141
7f7ee925,26827,9.9342,111
7fc633ba,35030,9.9315,141
76335be0,26903,9.9342,111
77a86baf,26628,9.926,111
741b0fb4,34095,9.9315,141
7c24f7d3,26536,9.9315,111
277837dd,32906,9.9342,141
10244fec,34988,9.9342,141
4a6a53d2,33414,9.9288,141
2b392e8c,26644,9.9342,111
7f3e2f0,33779,9.9342,141
169aa96,32735,9.9342,141
46cffc36,32048,9.9315,141
5c3207b2,34744,9.9315,141
6edb68f7,33211,9.9342,141
c7466ee,32874,9.9233,141
1488f1f2,33415,9.9315,141
277e73ae,16480,9.9342,75
58cb7b46,34238,9.9342,141
1418fefc,35031,9.9315,141
6de22c78,33069,9.9315,141
778f0f8a,33370,9.9342,141
428e743c,34494,9.9342,141
2e5abf8d,32072,9.9342,141
54b33903,26990,9.9342,111
12c852d8,32016,9.937,141
7f35a34b,26749,9.9342,111
6e353d15,26759,9.9315,111
5f2b8b7b,23106,9.937,102
73fc97bd,34403,9.9342,141
1ee7e78a,32972,9.937,141
4ee9281c,34300,9.9342,141
9f36941,26859,9.937,111
a805b57,34745,9.937,141
2b7a263a,34396,9.937,141
2cd45281,26572,9.937,111
7bec1e78,34220,9.9342,141
adf142b,32067,9.937,141
3e7f9f3b,33396,9.937,141
4d82d609,34705,9.9342,141
eea0bbf,26855,9.937,111
36ad3140,33205,9.937,141
4c9c8a59,33015,9.937,141
42d29911,33427,9.937,141
165037,32927,9.937,141
5f6e4644,33347,9.937,141
18725264,33832,9.937,141
135ccbb4,34907,9.937,141
7708c1b2,34047,9.937,149
21c4d453,26969,9.937,111
13e1afb4,34735,9.937,141
4f47211,34301,9.937,141
3e9087ea,32621,9.9342,141
f24c4db,26810,9.937,111
845ef20,33417,9.937,141
16477d93,32586,9.937,141
c3c648b,35119,9.9342,141
502af5fd,33011,9.9342,141
392b392d,32294,9.937,141
2cd21766,26961,9.937,111
72c9287f,32908,9.9342,141
5f91c3b,34179,9.937,141
22e2df4b,32051,9.9342,141
7a66fdb0,35112,9.9342,141
fe48561,35107,9.9315,141
33b1cadc,35209,9.9342,141
670fa71e,32070,9.937,141
7ee41055,32461,9.9342,141
4a488045,16479,9.9342,75
61acdbe0,34406,9.937,141
5cf60a23,26977,9.9397,111
2cedf50,30371,9.937,134
c0a3de4,26754,9.9397,111
bfe845e,33113,9.9397,141
67b53010,34746,9.937,141
15a2f0f7,33226,9.9397,141
567879e0,32805,9.9342,141
19b7cf4a,34362,9.9397,141
13f547e9,34690,9.9315,141
6ad926ab,33078,9.9397,141
4ecdad6e,32581,9.937,141
31ee0c9d,33040,9.9397,141
7f959f00,33894,9.9397,141
15a06572,33127,9.9397,141
46664514,30367,9.9397,134
65e3266b,34917,9.9397,141
1c31fc4,32928,9.9397,141
24a854ae,33833,9.9397,141
7796a2a4,32909,9.9397,141
32c07a7,33017,9.9397,141
7f00b9d7,26860,9.9397,111
196b9fbd,33441,9.9397,141
38d8a84b,32577,9.9397,141
7bf8901,33769,9.9397,141
8f7636d,33058,9.9342,141
759018c8,32964,9.9397,141
54d92eac,32052,9.937,141
2fd552b7,34129,9.9397,141
655902d2,33223,9.9397,141
1c0aa02b,26676,9.9397,111
6391c109,33429,9.9397,141
69a9bd3a,26882,9.9342,111
7dd570bc,34707,9.9397,141
749852ed,26651,9.9397,111
b06039b,33060,9.9397,141
17b73a82,32622,9.9397,141
71dde623,32043,9.9397,141
335131d9,33780,9.9397,141
381f0bcb,34156,9.9397,141
1c7b219f,26673,9.9397,111
2a4217c7,34711,9.937,141
29623c76,26646,9.9397,111
3a8206a4,34398,9.9397,141
6d9a3782,33811,9.9397,141
5933b924,33076,9.9397,141
3b905095,32877,9.937,141
34b00052,34207,9.9397,150
7431145c,32925,9.9397,141
3183a49c,33126,9.9397,141
b457144,33132,9.9397,141
3f4352ee,26973,9.9397,111
43ac22ae,26755,9.9397,111
6f27d903,26986,9.9425,111
4fc85af2,33194,9.9425,141
1b29ee05,33096,9.9425,141
6ab9b5c7,34397,9.9425,141
48a2536c,26757,9.9425,111
199c64ba,35194,9.9397,141
140eb2b1,35200,9.9425,141
28a02fda,34750,9.937,141
33be3a7a,26551,9.9425,111
695d3652,34736,9.9425,141
131e2677,34040,9.9425,149
7264859f,34240,9.9425,141
30cb1c43,34896,9.9425,141
302453ae,26934,9.9425,111
5c5fc11a,34756,9.9425,141
52ebe643,32071,9.9425,141
288eac90,33012,9.9425,141
4c5f95f8,26861,9.9397,111
475c9fc,32702,9.9425,141
3e087266,26702,9.9425,111
6c34e435,35027,9.937,141
7e9f733e,33932,9.9425,141
73cb5b50,33784,9.9425,141
595b56fc,35208,9.9425,141
128504ae,33428,9.9425,141
17069343,34762,9.9425,141
3ebe5b28,34021,9.9425,141
3dd116b5,26962,9.9425,111
7cbc5d5,34363,9.9315,141
2474c2e4,26883,9.9425,111
2db1c15c,33128,9.9425,141
68ca3043,35180,9.937,141
685faa59,32903,9.9397,141
5d8e6d59,32739,9.9425,141
53c0f745,26635,9.9425,111
4b2ee50,34851,9.9397,141
6d37fc0,33016,9.9425,141
76d24e68,33009,9.937,141
13cb0021,34038,9.9425,149
3d0153a4,32881,9.9425,141
2ed2ea3a,26686,9.9425,111
33e2ad5f,33209,9.9425,141
78e3790a,34759,9.9452,141
4fc899c1,26907,9.9425,111
76723938,34081,9.9452,141
5c48aa14,35032,9.9397,141
7ee82648,34019,9.9425,141
505cfafc,35210,9.9452,141
2894bff0,32709,9.9452,141
3314f2d4,26919,9.9452,111
1e324e1,33901,9.9425,141
7218994c,26695,9.9452,111
389963e6,32965,9.9452,141
5f453634,34708,9.9452,141
40ba98be,32811,9.9425,141
f40e533,16457,9.9452,75
6879bc3a,34210,9.9452,141
7c6f61b3,33443,9.9425,141
71b75ea6,33061,9.9452,141
f9aab8b,33066,9.937,141
7998d8da,34763,9.9452,141
d2e0416,34635,9.9452,141
5ca523bf,26674,9.9452,111
39627f9e,30368,9.9452,134
5b40a361,32455,9.9452,141
1dc9d71,32736,9.9452,141
3e3dcb98,34125,9.9425,141
4b70bf3b,33713,9.9425,141
1575469f,32926,9.9425,141
70a76655,26732,9.9452,111
209612d2,33224,9.9452,141
60f4fc90,33157,9.9452,141
38922172,32924,9.9452,141
6ed1e89c,33785,9.9452,141
512f1a67,26781,9.9452,111
1a715bd9,26925,9.9425,111
a61dac7,32918,9.9452,141
6b15461f,34133,9.9452,141
42408538,34407,9.9425,141
527fb13a,32690,9.9452,141
56ccfe50,26537,9.9452,111
17a87f28,26974,9.9452,111
518741a0,26647,9.9452,111
26d7c97b,34075,9.9452,141
313eaf35,34216,9.9452,141
7e5ecccb,34364,9.9452,141
4fd1932e,26880,9.9452,111
1b54f4c3,26904,9.9452,111
70352c48,34243,9.9452,141
513e5257,33683,9.9452,141
8fe8b79,26621,9.9452,111
78058e11,32817,9.9479,141
3b8e2adc,32729,9.9479,141
7402382,32962,9.9479,141
5ece084e,32059,9.9452,141
514f7f26,33426,9.9479,141
3d79eb5b,32064,9.9479,141
aef7080,35034,9.9479,141
40fd63cb,33145,9.9452,141
46271465,32094,9.9425,141
6885e897,33374,9.9479,141
199ffe77,33434,9.9479,141
61ee3fae,32726,9.9452,141
325725b4,26926,9.9452,111
4cad9ba7,33777,9.9479,141
b2b03f5,26636,9.9452,111
9e00aac,26943,9.9479,111
6da128a1,26899,9.9479,111
3184d33e,32876,9.9479,141
6650ca24,34897,9.9425,141
460015ea,34221,9.9452,141
15678274,26697,9.9479,111
71674459,35033,9.9479,141
1186b1bb,33055,9.9452,141
576f5924,26615,9.9452,111
7e32059f,35211,9.9479,141
35bcc38c,33083,9.9479,141
3b96f691,32711,9.9479,141
1193b7e9,33893,9.9479,141
3c187a86,26698,9.9452,111
6d980e1a,32852,9.9479,141
d3b5549,32879,9.9452,141
52e88e67,33394,9.9479,141
11b8715,32086,9.9479,141
d3b5420,26993,9.9452,111
6405f0cb,26881,9.9479,111
6eb6293a,26849,9.9479,111
283c630b,34716,9.9479,141
5a90bd2c,26924,9.9479,111
cd036cf,33042,9.9479,141
11589d1d,34098,9.9452,141
77469f3f,33776,9.9479,141
30227b0b,26970,9.9479,111
28669714,35190,9.9479,141
77c026e9,32920,9.9479,141
22a5ed79,32616,9.9507,141
61592175,26944,9.9479,111
7d1bd47d,26571,9.9507,111
b9a4259,34194,9.9507,141
59c579a0,32091,9.9479,141
6d9a876,32737,9.9507,141
2ea36351,33204,9.9507,141
db8f2c4,32740,9.9507,141
54e9f1a0,33969,9.9507,141
3c5cead0,26831,9.9507,111
70f3663f,33206,9.9479,141
1f386953,26931,9.9507,111
78568d35,26637,9.9507,111
2a34280e,26733,9.9452,111
60d0d15e,33167,9.9479,141
17c7b6e4,35109,9.9507,141
287145f2,33382,9.9479,141
3131766a,26978,9.9507,111
7b2f5815,34099,9.9507,141
2701d4d2,34244,9.9507,141
2cfefc64,33168,9.9507,141
4ac29284,33088,9.9507,141
4b2c9439,34918,9.9479,141
55dd7eb9,34357,9.9507,141
5be91a46,33219,9.9507,141
2c675a4b,33692,9.9507,141
62a26eca,32084,9.9507,141
5586e75c,34760,9.9507,141
39e4b326,34855,9.9507,141
676c402c,33831,9.9507,141
484e9da4,32089,9.9479,141
396b6e59,33778,9.9507,141
258a97d1,16458,9.9507,75
20e2ce6c,26991,9.9507,111
1cfdc469,34636,9.9507,141
26fb4d9e,34909,9.9479,141
7a85f1de,33067,9.9507,141
7e867809,32878,9.9507,141
f435c17,32077,9.9479,141
71b1e4bb,34724,9.9507,141
3964723d,26865,9.9452,111
4b4827f4,33899,9.9507,141
64348a4,26573,9.9507,111
6933aa9c,26982,9.9507,111
46bfbbb9,32292,9.9479,141
13751f9f,26692,9.9507,111
99a7256,33229,9.9507,141
3678316,34020,9.9534,141
1ffdfdb6,34634,9.9534,141
24cf9031,34761,9.9534,141
1df158bb,33146,9.9479,141
7e1d4e3c,33018,9.9534,141
41dd0dda,35186,9.9534,141
1535f246,33829,9.9534,141
313d481a,33062,9.9534,141
69ab1814,26622,9.9534,111
181c5c96,33051,9.9534,141
7d53c7b3,33193,9.9534,141
745235e6,33161,9.9534,141
54c9a61e,34703,9.9534,141
182f348a,32741,9.9534,141
22161bc3,26945,9.9534,111
1ecbc037,32710,9.9534,141
799d144a,34082,9.9534,141
6695d2a4,32978,9.9534,141
f6f4905,31824,9.9534,141
3eb58b44,34758,9.9534,141
5d38bd7e,34086,9.9479,141
44d80991,32907,9.9534,141
29c8486,32095,9.9534,141
310a576e,32078,9.9534,141
53e67a50,34134,9.9534,141
237715a0,34849,9.9507,141
3bbc9ffd,33214,9.9534,141
3f2c9d9a,32090,9.9534,141
4b59dc2d,26531,9.9534,111
5cfe1c36,33125,9.9534,141
1e4334ca,26917,9.9534,111
473fc81c,34087,9.9534,141
1823e471,34136,9.9534,141
65da5cfd,32093,9.9534,141
40300b9d,33423,9.9507,141
43387aa2,26866,9.9534,111
6e00c438,34469,9.9534,141
15b03767,26784,9.9534,111
6f0bc15f,32981,9.9534,141
3b9899c0,34718,9.9534,141
564d9b8a,33416,9.9452,141
51cafd5e,33059,9.9534,141
51a760af,34747,9.9507,141
609752fd,33358,9.9507,141
5a3c04ae,32919,9.9534,141
5c9a22ba,32853,9.9534,141
16338d51,26852,9.9534,111
3652839e,32060,9.9562,141
6c882f13,34404,9.9562,141
562b4f58,26871,9.9507,111
b4c80f8,34253,9.9562,141
5ba928d5,32721,9.9562,141
79c50e4d,33085,9.9562,141
9d40f2f,32083,9.9562,141
708f538f,26946,9.9562,111
541856d1,34246,9.9562,141
5ba74cfb,26811,9.9562,111
58c59285,30372,9.9562,134
27d35a9c,33781,9.9562,141
4ab8f6c8,26756,9.9562,111
1bde3eb4,33770,9.9562,141
d664dc0,33099,9.9562,141
e2bf07d,34713,9.9534,141
1f4923f0,34854,9.9507,141
7943a753,26694,9.9562,111
4d714cfc,33056,9.9562,141
74401005,26683,9.9562,111
1e81aba7,26983,9.9534,111
21b6fdfa,34850,9.9562,141
4e63674e,33381,9.9562,141
362507d9,26710,9.9562,111
45abafa0,26638,9.9534,111
acda5ba,32073,9.9562,141
311f4f28,34130,9.9562,141
4a26457b,32915,9.9562,141
2250163f,34302,9.9562,141
341f66a2,32727,9.9562,141
5c5c4434,32712,9.9534,141
2c51192e,33787,9.9562,141
677c6583,26760,9.9562,111
453f76bd,33902,9.9562,141
ada22ce,34748,9.9562,141
442400bc,32880,9.9562,141
2e66c2d2,33735,9.9479,141
2a32fae0,26976,9.9534,111
1406fb85,26872,9.9562,111
1d532348,33057,9.9534,141
769ad7cc,32979,9.9562,141
212adb3,35036,9.9534,141
793d7eb2,33791,9.9562,141
57794ceb,33079,9.9562,141
6262fcdf,34135,9.9562,141
6aa1491e,26534,9.9562,111
b2ed856,32983,9.9562,141
49585d1c,34078,9.9562,141
6d6ee716,33089,9.9562,141
d314601,33835,9.9562,141
6d190aad,32713,9.9562,141
703b1ff9,26992,9.9562,111
7b800c5f,33048,9.9562,141
7c065c60,26867,9.9562,111
7edc8635,26527,9.9589,111
56308ac0,34126,9.9589,141
2d2986ad,33104,9.9589,141
63823a34,33836,9.9589,141
6398ea3d,35201,9.9589,141
399f9fce,32967,9.9589,141
20774b7,34022,9.9589,141
1b5d52d7,32917,9.9589,141
1197f1b3,34231,9.9589,141
45988f5a,31864,9.9589,141
1dd8d395,32725,9.9534,141
7975f55f,33438,9.9589,141
7b556250,34358,9.9589,141
5a576807,31865,9.9589,141
2b41163b,26845,9.9589,111
4a3ce110,33163,9.9589,141
381d21f9,33227,9.9589,141
6e14f4a8,34725,9.9589,141
4dc7d79f,32921,9.9589,141
335443a6,33918,9.9589,141
abf5c03,34230,9.9562,141
605e9b56,33439,9.9589,141
7864f782,32697,9.9589,141
13b73951,26984,9.9562,111
401f1c52,32973,9.9562,141
3768739b,33176,9.9562,141
319d6c4d,26913,9.9589,111
78657f62,33005,9.9589,141
10c21e5b,26785,9.9589,111
3a5489f6,32966,9.9589,141
bed34de,33430,9.9562,141
1ffd9ade,34764,9.9562,141
45587268,33733,9.9589,141
4a93a9fb,33210,9.9589,141
f8fd72e,35102,9.9589,141
16159bce,26574,9.9589,111
743c1616,33815,9.9589,141
7645925,32723,9.9562,141
b940abc,34032,9.9507,141
1a9a093,33790,9.9507,141
5d37e7f1,34137,9.9589,141
6ca85bfc,35212,9.9589,141
3bd88083,33817,9.9562,141
2fc0bd48,34495,9.9589,141
2d25cacb,33655,9.9589,141
5875ea5c,34702,9.9589,141
4a022b10,34223,9.9589,141
13b8c8c,26704,9.9562,111
a4864e4,33838,9.9589,141
1edb8c49,26862,9.9589,111
69c5caae,33230,9.9589,141
32b86686,35187,9.9589,141
46a9f006,26526,9.9616,111
1fbec696,26828,9.9616,111
63f1255a,32606,9.9616,141
57e52454,32061,9.9616,141
7515635d,33839,9.9589,141
390abcc8,32698,9.9616,141
6aa08e7a,34182,9.9616,141
130a6c5c,34245,9.9616,141
1f344079,32882,9.9589,141
64c6906d,26908,9.9616,111
3daf7421,26829,9.9616,111
5a2c459d,26935,9.9589,111
530ca71e,33397,9.9616,141
703c85b6,33034,9.9589,141
3f8cbd4b,26758,9.9589,111
7fa45e6a,34259,9.9589,141
479cfcae,33349,9.9616,141
719e9714,33788,9.9589,141
2ba21a89,33098,9.9616,141
16e365a2,32085,9.9616,141
4fbacac7,33786,9.9589,141
76a84699,34235,9.9616,141
5671bd6e,26922,9.9616,111
53d2b683,32922,9.9616,141
689f9822,33440,9.9616,141
5c378726,34852,9.9616,141
5a520c69,34731,9.9616,141
3fd9c1ac,35121,9.9589,141
3c01a53b,33174,9.9589,141
48723704,26681,9.9616,111
7f6db03,34722,9.9616,141
415613d0,26773,9.9616,111
559cdd50,35103,9.9616,141
12751d45,32984,9.9616,141
65c8311a,33782,9.9616,141
35726e72,34730,9.9589,141
4ed951c,33231,9.9562,141
7554cec2,34217,9.9616,141
4691eb65,33207,9.9616,141
60b60c3b,26653,9.9616,111
89b2044,32728,9.9589,141
2b7d8b67,34817,9.9589,141
719f3be2,34726,9.9616,141
5b6acd4b,26648,9.9616,111
5b8a3ad2,33837,9.9562,141
220ca6d1,34033,9.9616,141
12e9cf80,34853,9.9616,141
696d83dd,34709,9.9589,141
426ece32,35037,9.9616,141
33ca36df,26927,9.9644,111
31a72b74,26868,9.9644,111
13a65f3b,26863,9.9644,111
68495e94,34856,9.9644,141
1eabc891,26928,9.9644,111
b23d7d5,26932,9.9589,111
4262910b,34365,9.9616,141
d58c53e,34719,9.9644,141
7649d82b,26963,9.9644,111
57370e5e,33350,9.9616,141
1798ab69,26900,9.9644,111
41248a58,26914,9.9644,111
79948ad7,33771,9.9644,141
1d4f5392,33129,9.9644,141
5eb3a3b5,26955,9.9644,111
56f78545,33228,9.9644,141
163e3e45,32011,9.9644,141
617f36bb,33225,9.9589,141
442f0c08,16471,9.9616,75
2311c05e,34754,9.9616,141
32bacbdd,33043,9.9644,141
3efe331b,26618,9.9644,111
5136881e,34753,9.9644,141
5cc6a88e,35196,9.9644,141
73eb9b27,33346,9.9616,141
366f4f64,33444,9.9644,141
213c389f,33367,9.9644,141
7c23cc5d,26979,9.9644,111
6da3c294,34128,9.9644,141
1b88098a,31878,9.9644,141
27fb19bf,34183,9.9644,141
67c3351f,26630,9.9644,111
77a3b9e8,32806,9.9589,141
5605c9e,26958,9.9644,111
5e7fd1e1,33006,9.9644,141
21360d70,34737,9.9616,141
5f23af84,32929,9.9644,141
7d26253d,26957,9.9616,111
3e45928,31825,9.9644,141
694f2a38,33140,9.9644,141
15e89231,33816,9.9644,141
36c5dae2,26830,9.9644,111
1e4e0830,32087,9.9644,141
3455711,33656,9.9589,141
58208c52,26687,9.9644,111
20e4c9b7,26933,9.9616,111
7870be6e,34132,9.9616,141
62b9877a,34497,9.9644,141
48b8b804,32092,9.9644,141
4f598e96,34366,9.9644,141
542d80df,34632,9.9616,141
69bc619d,26846,9.9644,111
1e12f361,34186,9.9616,141
65d75431,32578,9.9644,141
2ba1aca1,34717,9.9616,141
773fe79b,26956,9.9644,111
24798434,26923,9.9644,111
a41a4dc,32096,9.9644,141
295e07a1,34252,9.9644,141
2c81e288,26699,9.9644,111
42d6d88d,33433,9.9644,141
fb8c80,26639,9.9644,111
1344c5db,26535,9.9616,111
2699fc9a,32982,9.9644,141
703171cf,33171,9.9644,141
2e12c4ed,33221,9.9644,141
29f2f2b7,32732,9.9589,141
23f63637,33356,9.9644,141
531a3ef6,32985,9.9644,141
7531e485,33895,9.9644,141
165b2ed9,34180,9.9644,141
1ca5bb95,33900,9.9644,141
24a83140,34757,9.9616,141
1a710828,26774,9.9616,111
7778a78d,32605,9.9644,141
609ed22f,34247,9.9644,141
e8a69b5,32733,9.9644,141
18f7e11f,32689,9.9644,141
5156a4ba,33222,9.9616,141
3491bde1,34941,9.9644,141
2633d313,34732,9.9616,141
302a7250,26575,9.9644,111
54bd739b,32703,9.9616,141
6dfaa258,26954,9.9644,111
