name,tipnum,year,antigen
3b0b3294,3,0.1534,1
1ab7e9ca,18,0.1534,1
576ae794,1,0.1534,1
3889ecae,10,0.1534,1
5a74e6b9,25,0.1534,1
7f28ad84,11,0.1534,1
7ffea3b2,7,0.1562,1
865dc7f,12,0.1562,1
75d9b2e4,21,0.1562,1
4f276556,13,0.1534,1
454ebc33,4,0.1562,1
63ee06c1,700,0.1562,2
5b98c6ca,26,0.1562,1
2fe1053a,5,0.1589,1
1ffe9bd1,8,0.1589,1
cb54ee1,19,0.1644,1
1106672b,22,0.1644,1
366968e4,9,0.1644,1
5da25deb,2,0.1644,1
7b46c2f8,33,0.1589,1
59dbdd84,6,0.1562,1
2488b013,27,0.1644,1
6b0afc6c,14,0.1726,1
2696b2f7,15,0.1753,1
21267c5c,30,0.1808,1
404f4843,23,0.1836,1
7c1a25ba,702,0.1808,2
472b74ac,24,0.1863,1
4aad51fd,34,0.1863,1
faac436,16,0.189,1
6f8821c4,17,0.1863,1
7dde64f5,703,0.1918,2
4769365d,31,0.1973,1
6af3ecff,20,0.1945,1
44db6664,35,0.2082,1
4d1c1997,701,0.2384,2
4aac4bc6,704,0.3288,2
44f94710,1057,0.3425,2
111c3d38,28,0.3671,1
3198df64,692,0.3918,1
4e51b8,37,0.4247,1
2e6f7775,1058,0.4384,2
6b5fb05,1059,0.4603,2
87afd04,32,0.474,1
15369ceb,787,0.5041,2
7fee6090,1061,0.5151,2
2a6f74c7,1062,0.5123,2
25e2958d,1060,0.5151,2
3abdf5c,1064,0.5178,2
5ce690f0,1065,0.5342,2
5080811c,1066,0.5479,2
1980e87,1063,0.5507,2
5c9470d7,789,0.5808,2
541d1652,1067,0.589,2
60c1f55b,788,0.6164,2
216c23f2,1068,0.6521,2
5e01fdc0,52,0.6603,1
2150c97,711,0.663,2
6d115aa3,1069,0.6822,2
2d228740,712,0.6877,2
7c9c80d9,1070,0.6932,2
5f7511eb,1071,0.6959,2
56c75a69,1073,0.7178,2
3164c650,1072,0.726,2
8c54fbb,705,0.7288,2
56f679c4,36,0.7315,1
10479c32,709,0.7342,2
7cbf9841,710,0.7342,2
6b7e97c0,713,0.737,2
49e4b583,790,0.7425,2
656e1681,708,0.7534,2
6513f7fd,1074,0.7699,2
7a4cac08,53,0.7753,1
64115783,793,0.8,2
1668566f,706,0.8,2
3a7803d,29,0.8082,1
79f123ab,791,0.8192,2
6642ec71,714,0.8192,2
2d61fa2e,707,0.8192,2
324d05f8,1097,0.8219,2
72549d4f,38,0.8274,1
d54cde4,1095,0.8301,2
4487b1e,42,0.8301,1
7d484b9e,1096,0.8384,2
c980122,715,0.8438,2
56a0b78c,794,0.8466,2
7db07b51,792,0.8493,2
429bcbc2,1075,0.8493,2
e4653a2,1076,0.8575,2
147b098f,795,0.8658,2
5d898931,50,0.8712,1
239d1b22,55,0.8795,1
5140e898,1098,0.8849,2
3f440148,1099,0.8959,2
3239e41,54,0.9041,1
12f24f15,815,0.9178,2
3e4141cf,716,0.926,2
597d1262,816,0.9315,2
349d5b52,814,0.9315,2
462c1644,810,0.9342,2
59625956,1077,0.9425,2
59e82f88,798,0.9507,2
68b7d8d5,817,0.9507,2
4e0f7db1,717,0.9534,2
1d60de85,808,0.9644,2
4bc7dc8c,807,0.9616,2
7e10d2b0,1101,0.9671,2
1a3642f0,1100,0.9671,2
1b923c5,800,0.9699,2
746fbcc2,718,0.9753,2
3d81525b,802,0.9863,2
c9275ad,801,0.9863,2
241b870d,746,0.9918,2
6c742f40,799,0.9918,2
657417a0,1078,0.9918,2
73dcd5d9,834,1,2
18338e54,803,1,2
156c0b41,796,1,2
7a5439be,749,1.0027,2
28ffa16,809,1.0055,2
4768947a,40,1.0082,1
4fcccb28,1105,1.011,2
ac00c66,824,1.0137,2
7569ac8,818,1.0137,2
51825d49,797,1.0164,2
2c205225,748,1.0164,2
51c4902,56,1.0247,1
fb5c6fb,1106,1.0274,2
4c1eaa51,805,1.0274,2
6281688d,827,1.0301,2
5b26986,719,1.0301,2
4d96f5ab,804,1.0356,2
2572ce0f,39,1.0356,1
2411f5d5,806,1.0384,2
1de49f24,747,1.0411,2
68839bd1,722,1.0466,2
78080c68,43,1.0493,1
74484915,820,1.0493,2
6220f043,828,1.0575,2
a1c308d,1103,1.0575,2
49341e8f,720,1.074,2
7090a532,1079,1.074,2
fd92537,1102,1.0767,2
46264ad4,49,1.0849,1
224da20d,835,1.0877,2
23e118bb,821,1.0959,2
3b02c24f,1107,1.0986,2
14fd921c,822,1.0959,2
52500331,1104,1.0986,2
51b7ad1,721,1.1096,2
4a48aa2e,823,1.1068,2
52b6a0c,825,1.1151,2
3f043f60,819,1.1205,2
6be1b6e6,1080,1.126,2
4b80a2be,830,1.1288,2
600f5fb5,1108,1.1288,2
6f999040,693,1.1397,1
71784dec,723,1.1425,2
3f23942f,826,1.1452,2
60cb002f,811,1.1425,2
668c2cfa,1083,1.1452,2
196f563c,57,1.1589,1
25cb9689,1082,1.1562,2
58bb6ba7,724,1.1589,2
6f319e0,829,1.1699,2
35d723ff,1109,1.1781,2
16764b86,44,1.1808,1
6f70e81f,1110,1.1808,2
69115929,1111,1.1863,2
22024fec,876,1.1945,2
71d2c008,1112,1.2,2
5b612019,1081,1.2027,2
7d96cd16,1118,1.2055,2
59189359,812,1.211,2
31c0a875,735,1.211,2
5675fcc5,831,1.2164,2
7f811604,1116,1.2192,2
1d407560,838,1.2192,2
dfbfca,750,1.2219,2
34682ca4,725,1.2219,2
4d027d38,1085,1.2301,2
5377ea8d,58,1.2301,1
3afae00f,1086,1.2329,2
2e2b3ec6,1117,1.2384,2
2a51e358,1113,1.2411,2
5bd32aab,736,1.2411,2
5667754,1084,1.2438,2
6929d6f7,17311,1.2438,2
18b13c01,17309,1.2521,2
1e03081a,17310,1.2548,2
5c47ef03,839,1.2603,2
6aadef08,1087,1.263,2
4d1412c4,751,1.2658,2
4bd180a4,813,1.263,2
288d512a,41,1.2712,1
b9a6d7b,1114,1.2712,2
51053278,694,1.2712,1
2d5d3e9c,1119,1.2767,2
40329bc1,1120,1.2795,2
7a1e7c3,832,1.2795,2
4567e21c,737,1.2822,2
18a8df2,17312,1.2822,2
55b2e291,17313,1.2877,2
5d25881b,726,1.2904,2
27a8f6a1,840,1.2986,2
72981abb,1115,1.3014,2
5861f3ea,1088,1.3014,2
30fcd813,727,1.3041,2
41e8fb47,1089,1.3096,2
322da6b0,728,1.3123,2
21150025,729,1.3151,2
13ea8b7e,753,1.3233,2
4580e550,755,1.3233,2
1bbc1e3f,833,1.3233,2
56da6cdc,59,1.3342,1
43340c64,45,1.337,1
4aa9380f,836,1.3479,2
ddfeb5f,762,1.3507,2
72c1795e,761,1.3644,2
6219e872,17314,1.3836,2
4fb725d1,1122,1.3863,2
2c03476f,17316,1.4,2
2fe96ba0,1090,1.4,2
5d9ee811,1121,1.4055,2
2b71d7de,1091,1.4082,2
1d7fd5e0,846,1.411,2
792f0984,752,1.411,2
535ba8d0,17317,1.4247,2
41fcb3ea,764,1.4274,2
76314a42,17315,1.4301,2
4f6267a6,763,1.4438,2
389b28a2,17331,1.4438,2
150251b1,17336,1.4521,2
14e019bc,756,1.4575,2
1a733ed8,17318,1.4575,2
7781bb4c,17334,1.4712,2
666c048e,17320,1.4712,2
1b278d89,17321,1.4712,2
394f4764,51,1.474,1
61e45e2b,1123,1.474,2
755d8652,1124,1.4767,2
765be3df,17332,1.4795,2
7015d1ee,766,1.4767,2
3343ccc1,17322,1.4767,2
2a35b3ed,17333,1.4849,2
3d9e86f,1125,1.4877,2
5d9dc35b,17319,1.4959,2
709529ed,17323,1.4959,2
77b856c9,1126,1.4959,2
3b6e42c1,754,1.5041,2
85ac9ec,17337,1.5068,2
3eb84b78,1131,1.5178,2
5159534b,765,1.5205,2
28887fee,1132,1.5233,2
254ac089,695,1.5205,1
4b582ac1,1092,1.5315,2
646259b7,17335,1.5342,2
1e9e194a,757,1.5315,2
2dd377b0,17324,1.5315,2
7318ce4f,17338,1.5452,2
4585505f,730,1.5479,2
68c0186c,17339,1.5507,2
1e994b22,60,1.5534,1
53ad58ae,1127,1.5534,2
4d8f7b21,1128,1.5589,2
2841d1b6,837,1.5644,2
1e0a629b,1130,1.5671,2
1d1e1847,17327,1.5671,2
583a77bd,17345,1.5726,2
75f570f0,732,1.5781,2
21e1e537,17325,1.5753,2
78b5cdc,17328,1.5808,2
6a3aa04a,17343,1.5808,2
34962f0d,17326,1.5863,2
1af0acf5,733,1.5918,2
c8427d9,1133,1.5973,2
47c07ecb,1529,1.5973,2
7847be89,17329,1.6,2
7dac08cb,1134,1.6027,2
62a4848f,1135,1.6082,2
26d69836,1537,1.611,2
63a0d993,1527,1.6137,2
7ed77f7c,841,1.6137,2
279f970c,1093,1.6219,2
38110cd5,731,1.6247,2
276b0d1,767,1.6247,2
762b996e,17346,1.6329,2
2a9434c9,877,1.6274,2
4f1d0c49,1094,1.6329,2
af4b649,1137,1.6411,2
3a337466,17341,1.6438,2
6b2f876c,17347,1.6466,2
310a3d95,1129,1.6466,2
16d200b9,1140,1.6493,2
39bbaad4,17344,1.6521,2
24b3d961,738,1.6575,2
188a69c1,17340,1.6685,2
780c19d0,1528,1.6685,2
344ce541,17330,1.6767,2
685bf34,1138,1.6795,2
7edd09a0,1139,1.6795,2
1a54e1a5,1539,1.6822,2
1f493052,77,1.6767,1
51db474f,1538,1.6849,2
4ba5e86c,771,1.6849,2
10a978fb,1136,1.6877,2
4901163d,1530,1.6932,2
5f0786b4,1532,1.6986,2
65b51220,739,1.7041,2
2bfca2c,17348,1.7096,2
62e30d38,1141,1.7096,2
6989df14,17349,1.7123,2
28788ce6,878,1.7151,2
4ba98d7b,768,1.7205,2
3159c3fb,758,1.7205,2
50dc5880,759,1.726,2
76783608,1540,1.7315,2
5aef5a3,1533,1.737,2
168fcbbb,769,1.7397,2
7afc7a30,772,1.7452,2
7d39f241,61,1.7452,1
5389bc90,17357,1.7507,2
5c5e8e02,773,1.7507,2
280b006,1557,1.7562,2
6aba71fe,842,1.7589,2
4591b020,17358,1.7589,2
738ebb63,696,1.7616,1
4117f4a9,17359,1.7616,2
46106c0d,17342,1.7699,2
7f1cc0b0,848,1.7753,2
79cf2993,17356,1.7753,2
70328bf,1556,1.7781,2
42365c56,734,1.7781,2
6807aa0e,1303,1.7781,2
5b360de0,1555,1.7808,2
5bb534a4,8998,1.7808,2
45eda9bd,17350,1.7808,2
35c999ba,777,1.7808,2
5e7bdbee,770,1.7836,2
2c99d491,1301,1.7836,2
41120fe,1144,1.7836,2
7dec7d8f,881,1.7836,2
7dc87d77,17360,1.7863,2
1f970303,8999,1.7863,2
78aa5bbd,847,1.789,2
128cd6df,17361,1.789,2
c92c104,62,1.7918,1
5eefbb03,17351,1.7945,2
320f3624,740,1.7945,2
15a7a47d,1549,1.8,2
6169b238,1300,1.8027,2
7be9d5f0,1304,1.8027,2
301c62bf,9001,1.8082,2
1055adc6,1558,1.811,2
63bd7fe,1550,1.811,2
18b0bc8d,1544,1.8137,2
34e425d1,1541,1.8164,2
11730e8,1531,1.8192,2
524db3ef,1143,1.8192,2
4f0429ff,78,1.8219,1
5adb5763,849,1.8247,2
6273aca0,9002,1.8356,2
5d1ea9ca,1739,1.8356,2
33bb3847,1535,1.8411,2
33db011c,46,1.8438,1
4cb2ad6b,17362,1.8466,2
644a1dce,1142,1.8493,2
2cc4f3a,843,1.8493,2
e596800,1421,1.8548,2
65e15b36,1542,1.8548,2
3c617b14,1534,1.8548,2
3e2deda7,9000,1.8575,2
8f1b53b,1543,1.8603,2
4d2dc54d,47,1.8658,1
227a0f35,17353,1.8712,2
15f479b5,879,1.8712,2
5004aaf5,1743,1.874,2
10295e5d,1740,1.8795,2
79883939,17352,1.8822,2
3e61d33,1744,1.8822,2
338df6b8,880,1.8822,2
162923aa,64,1.8822,1
41fc445b,17469,1.8849,2
77f3b400,1742,1.8849,2
2d72c715,17363,1.8877,2
7196dc35,1154,1.8904,2
526b90c0,1559,1.8877,2
38527d39,17470,1.8904,2
3235f49,4061,1.8932,2
4504c667,882,1.8959,2
44935c6c,17364,1.8986,2
4a7039ae,1547,1.8986,2
be572f1,17354,1.9014,2
61602e6c,48,1.9014,1
78a0ec1e,1536,1.9014,2
268eaf5a,1422,1.9014,2
6d785f6c,779,1.9041,2
d0b0fe1,17365,1.9014,2
72b4d242,1741,1.8986,2
21135731,1546,1.9041,2
59f11dee,1548,1.9068,2
e3fef40,79,1.9096,1
5b1e8d61,1302,1.9068,2
fec7282,778,1.9068,2
34fd0691,1145,1.9096,2
45c9baa1,17367,1.9123,2
6a9352fc,1147,1.9205,2
687554e,741,1.9205,2
5a120281,4062,1.9205,2
5286b7d0,1146,1.926,2
22f20bce,1305,1.926,2
f550f5c,17471,1.9288,2
1e6307fb,852,1.9315,2
3d88d728,80,1.9315,1
24477307,17488,1.9342,2
542f18bc,63,1.9315,1
5ddfda92,17368,1.9342,2
33700dde,17366,1.9342,2
16ecc05,774,1.937,2
657dbc5a,1155,1.9452,2
7b44f0c,1560,1.9452,2
7aca7a3a,1176,1.9397,2
2abae9de,775,1.9397,2
2bf24dbe,1148,1.9425,2
18dfabe3,1149,1.9479,2
6fa64219,1156,1.9534,2
4a4facce,844,1.9562,2
73698784,780,1.9589,2
46a49b05,4063,1.9589,2
160caab9,1551,1.9562,2
4be794eb,1545,1.9589,2
7cf96885,1307,1.9616,2
297b25d3,1745,1.9562,2
f7b38a3,1414,1.9644,2
33e8247d,1177,1.9644,2
43139539,850,1.9644,2
3039b680,1306,1.9671,2
470e2ca0,1310,1.9644,2
7004c984,9003,1.9699,2
2fe120e0,2109,1.9699,2
705b51e2,17355,1.9699,2
52111e2a,1453,1.9671,2
64cc53e4,1312,1.9726,2
2647ddff,851,1.9671,2
32d2ee10,760,1.9726,2
14123e8a,17869,1.9753,2
4e28826c,2173,1.9781,2
48fdab3e,1308,1.9781,2
6d7a7e5f,2105,1.9808,2
6899eb14,4064,1.9781,2
110b973d,4065,1.9808,2
2157c1db,2106,1.9836,2
62a82f89,1178,1.9836,2
4729ccb9,1552,1.9836,2
799fda85,1179,1.9863,2
5e794fe9,1413,1.989,2
7d0ee7c8,2110,1.9836,2
74cba0d4,2174,1.9918,2
7387073a,742,1.989,2
679518a4,1553,2,2
6daf9339,1417,2,2
44cb4358,66,2.0027,1
fbe222c,1473,2,2
40a15b47,1228,2.0027,2
51062e31,1152,2.0027,2
4fc976ca,2107,2.0027,2
3118925d,1379,2.0027,2
7ba98c5a,17489,2.0027,2
75892e01,1195,2.0027,2
1bbe42b8,776,2.0055,2
1fc50823,1796,2.0055,2
464fece4,1429,2.0055,2
72a8b25e,883,2.0082,2
6abaebfc,65,2.0027,1
5dc671ad,17472,2.011,2
3404432f,1309,2.011,2
337c19c,1431,2.011,2
3d7b820d,2172,2.0027,2
3e6f2f0d,17913,2.0137,2
388096a0,17868,2.0137,2
50ca6a74,1311,2.0137,2
46414679,1418,2.0137,2
7bc7440c,1367,2.011,2
3c171b3e,1157,2.0164,2
3f8d5f02,2175,2.0137,2
7333b404,1750,2.0164,2
3295794a,1554,2.0192,2
365f5acd,698,2.0192,1
63ff664b,1415,2.0219,2
d827da4,1471,2.0219,2
14440a77,1747,2.0192,2
5801a300,1180,2.0219,2
7c95eeac,1454,2.0219,2
4cc01c69,2315,2.0247,2
5ea56196,1470,2.0247,2
6a06cf87,1361,2.0247,2
3f4a6864,67,2.0247,1
5da7830b,17911,2.0274,2
287bf0f8,2176,2.0274,2
9ecb891,17480,2.0274,2
74dd7887,1150,2.0301,2
5fbbf702,17369,2.0274,2
18382730,1198,2.0301,2
79e640e7,17476,2.0247,2
2e9fc212,17481,2.0329,2
eed8313,2318,2.0329,2
11ebcb09,1642,2.0329,2
48337fa3,1423,2.0329,2
399ef3a,1380,2.0274,2
618e0141,1151,2.0329,2
2ef22dfa,1761,2.0356,2
7def81e0,1386,2.0356,2
31c34158,17912,2.0384,2
7d44ca93,1181,2.0356,2
53952e01,2317,2.0329,2
20d6ca28,4174,2.0411,2
1ff4be35,1233,2.0384,2
770983e0,1797,2.0411,2
1e95dcaa,1746,2.0438,2
357787a1,1643,2.0411,2
23e69cad,17872,2.0438,2
26a2b4b2,1561,2.0438,2
19599bf2,1612,2.0438,2
291964ff,17953,2.0466,2
205aa4f2,2179,2.0466,2
37ce57a0,1614,2.0466,2
6a24cea9,1234,2.0493,2
3e8faf22,17503,2.0493,2
629dcca0,17418,2.0466,2
416290,1751,2.0411,2
75c93b5e,1613,2.0493,2
307f1110,781,2.0493,2
3c0b3373,1196,2.0493,2
37d58380,1752,2.0466,2
bfa4def,1161,2.0493,2
43453a11,17395,2.0521,2
26b019a1,1158,2.0493,2
3d624774,1562,2.0521,2
64aef002,1336,2.0548,2
ed1cb34,1331,2.0548,2
288aa65e,1425,2.0548,2
67de4120,1644,2.0548,2
77c1ddc,1416,2.0548,2
14c1c3d1,1160,2.0466,2
9cad407,17394,2.0575,2
5e7590fc,17482,2.0575,2
14c92216,17954,2.0575,2
4a8f5a85,4088,2.0548,2
690cde87,1430,2.0603,2
ef9ac87,1330,2.0603,2
143c29c2,1382,2.0603,2
493870c1,17490,2.0603,2
464f6787,1153,2.0603,2
4ee77436,1469,2.063,2
591765d,1199,2.063,2
70962d14,1615,2.063,2
7aa2f5bf,1419,2.063,2
476cd633,1426,2.0603,2
4941731d,2177,2.0575,2
8fe19ac,1313,2.063,2
659c0a01,1762,2.063,2
16a71084,1159,2.063,2
54c11e15,1749,2.063,2
44e085cf,17473,2.063,2
6fbcfd5,1162,2.0658,2
6cad419e,1432,2.0685,2
7eb095df,2180,2.0685,2
e3269cb,1381,2.0685,2
7b79440a,1753,2.0658,2
781b5a45,1235,2.0712,2
3bf76857,1472,2.0685,2
632a9d9b,1798,2.0685,2
83f79ad,4175,2.074,2
194ef24c,1468,2.074,2
2826ac7b,1748,2.074,2
3b6a27e,1229,2.0712,2
2893dcf8,2316,2.074,2
1fe24a34,1236,2.0767,2
71d00716,17420,2.074,2
67bb22d6,17914,2.0767,2
6c082823,1197,2.0767,2
7c27a289,1474,2.0767,2
b868353,68,2.0767,1
5a4a4d46,17870,2.0795,2
57f41fd1,17493,2.0795,2
266d4a8e,1420,2.0795,2
b093750,1183,2.0767,2
3216b0a,2108,2.0822,2
74dcf628,1763,2.0822,2
38a9eb07,1475,2.0822,2
28af1561,1424,2.0795,2
7a58f8f5,2186,2.0822,2
7229a58f,17474,2.0849,2
16515eaa,17475,2.0849,2
2bf393c5,17483,2.0849,2
14494ee9,9005,2.0877,2
4e46c9f4,17952,2.0877,2
527e7a98,855,2.0877,2
2b5bd83c,2320,2.0904,2
65a4a6a9,17409,2.0904,2
3b4482f2,17419,2.0904,2
43b5e507,17457,2.0904,2
62beed53,2181,2.0877,2
22ef9e43,1182,2.0904,2
5ea6d60a,853,2.0822,2
3da3cbfe,9004,2.0904,2
51529c90,1369,2.0904,2
4413279c,4323,2.0932,2
1ad0b4db,1799,2.0877,2
398f6044,1368,2.0932,2
39a2abc,1436,2.0959,2
2b8e0b5d,854,2.0959,2
7c7ccdf9,17491,2.0986,2
3b08a89a,4176,2.0986,2
218e2a2d,1624,2.0986,2
3ee724ab,1455,2.0959,2
7c28fe73,17504,2.0986,2
66a1f70a,1433,2.0986,2
36ae66b1,17478,2.0959,2
7d014da1,17492,2.0986,2
31ebceb3,17873,2.0959,2
a8b759b,4177,2.1014,2
63fbda67,1427,2.1014,2
26a5b347,1434,2.1014,2
2975cd8e,9006,2.1041,2
49547f76,17505,2.1041,2
18a2fc6a,1395,2.1041,2
7a37b645,1364,2.1041,2
25b725fb,4320,2.1068,2
12255acc,1230,2.1068,2
61d747c5,1387,2.1068,2
2e838581,17871,2.1068,2
77bf12c2,17484,2.1096,2
44c6f0e8,17485,2.1096,2
4b0815b6,2112,2.1096,2
578c69d1,17925,2.1096,2
6591512c,2350,2.1096,2
25b45f33,1343,2.1096,2
16a3acc6,1385,2.1096,2
1d8dae01,4066,2.1123,2
29fb9e80,1773,2.1123,2
460cb2a2,17891,2.1123,2
4dc2f339,1337,2.1068,2
3dcfb126,1383,2.1123,2
48352781,2128,2.1123,2
493437e1,1332,2.1096,2
6b0f0587,1645,2.1123,2
5d73322c,1625,2.1123,2
318e68e4,1389,2.1123,2
7188b972,17477,2.1123,2
10e081ed,2178,2.1123,2
3d08d4b,1476,2.1123,2
41db1c9d,69,2.1151,1
752c7efd,1342,2.1151,2
6157665c,17511,2.1178,2
66ea05e8,17506,2.1151,2
7f4cc25c,1954,2.1178,2
690190de,17967,2.1151,2
33be7e24,17453,2.1123,2
1fb598e3,2319,2.1123,2
54de8fe,1396,2.1178,2
1c8a8429,17451,2.1178,2
79686006,743,2.1178,2
22bf3a1b,17374,2.1205,2
39677e51,17495,2.1205,2
53876b9b,1477,2.1151,2
1b64160e,17370,2.1205,2
73ac7135,1365,2.1178,2
21363d34,17900,2.1233,2
23a14ab5,2005,2.1233,2
4b9236e9,17458,2.1233,2
70fd8df3,2183,2.1205,2
6032d145,1390,2.1233,2
496fdb14,1565,2.1233,2
296d0442,1437,2.1233,2
139089ae,1366,2.1205,2
f1e1c3a,17496,2.126,2
d6ce2,1699,2.126,2
4e509f30,1563,2.1233,2
60bfed0e,17881,2.1233,2
4ac4644e,17410,2.1288,2
599aa2ad,2217,2.1288,2
261a8a68,1193,2.1288,2
5dd249aa,1649,2.126,2
1731e43f,2184,2.1288,2
1bb2b3be,2441,2.1288,2
4da9e7c6,1200,2.1288,2
6989236a,1231,2.126,2
2659b8e8,1800,2.1288,2
3e51a000,2352,2.1288,2
3070db37,17383,2.1288,2
10422c20,1456,2.1288,2
48d5b6ee,1435,2.1315,2
8f756a1,2321,2.1288,2
7e4a75a0,4321,2.1315,2
7f687565,4327,2.1288,2
3e5f0438,1163,2.1342,2
17387e0a,2365,2.1342,2
5bd8b7db,17926,2.1342,2
76122e75,2111,2.1342,2
4aedbe8f,1478,2.1342,2
cd50d2e,1384,2.137,2
122d0500,2348,2.1342,2
75abf0b6,17901,2.1342,2
1635cb05,17486,2.1397,2
198cfcad,70,2.1397,1
161f74ad,17392,2.1342,2
5295214a,1700,2.137,2
768dea4b,2443,2.1342,2
c72f49f,2121,2.137,2
26769be7,2351,2.1397,2
1c501d38,17494,2.1342,2
5d127112,1566,2.1397,2
44540749,1812,2.137,2
5f19d550,1388,2.1342,2
4d22c4f7,1201,2.1425,2
3f6b6a0,4067,2.1397,2
544cb96,17882,2.1425,2
677c97d8,1616,2.1425,2
76de6d32,1647,2.1425,2
2d800a62,4326,2.1425,2
1803fe89,1314,2.1425,2
1b75eac4,1479,2.1452,2
18b47c25,1316,2.1452,2
1d0635fc,744,2.1452,2
3078ff24,1764,2.1425,2
4ef0025,1975,2.1479,2
3f0101c9,1237,2.1479,2
13846a00,17902,2.1452,2
6472268b,17883,2.1479,2
18e0fc08,2187,2.1479,2
2f58a994,17502,2.1479,2
dc7ec7a,1698,2.1479,2
1f3c1215,17512,2.1479,2
34028481,1315,2.1507,2
6a0f3907,17393,2.1479,2
759098f2,17452,2.1507,2
1f6e8bdd,1754,2.1479,2
60bd8e9f,2355,2.1507,2
73e9548e,17396,2.1507,2
8fda249,17499,2.1507,2
24f0509,2182,2.1507,2
37ddc24c,1646,2.1507,2
699446fe,17507,2.1534,2
6551f425,2113,2.1534,2
5c259125,4209,2.1534,2
26b8b0e5,1626,2.1534,2
6dd0b17a,17434,2.1507,2
7ca9039,2323,2.1507,2
7716955c,17961,2.1534,2
144a2cc3,17960,2.1562,2
7cf90451,1164,2.1534,2
3926fd8,17955,2.1562,2
2f6118af,1393,2.1534,2
6c9ec46a,4117,2.1562,2
2977c10e,17376,2.1534,2
1d1893fd,17969,2.1562,2
3a1b4491,17432,2.1562,2
20bc6a2c,4118,2.1562,2
3754a084,17377,2.1562,2
2c3bd568,17421,2.1562,2
6e8a4ae8,17498,2.1562,2
e55a464,1617,2.1534,2
2b7e8395,1373,2.1534,2
4d7b4288,782,2.1589,2
1257039c,1977,2.1562,2
3b0f907a,17497,2.1589,2
5f398b23,1650,2.1589,2
470832f1,1651,2.1589,2
63584726,17431,2.1562,2
2ebdeb5a,81,2.1562,1
57f5cc36,1976,2.1616,2
44862578,2324,2.1616,2
65462bb9,17375,2.1562,2
a389007,4089,2.1616,2
66549512,1755,2.1616,2
48abb66d,17970,2.1616,2
31464732,17927,2.1616,2
441e1987,17386,2.1616,2
1051e95e,2185,2.1644,2
5dc2de7,17876,2.1616,2
62095b9,4325,2.1644,2
147d0ede,17435,2.1644,2
43713466,1955,2.1644,2
324666db,1346,2.1644,2
2dc272d4,1707,2.1644,2
5b50fab0,17406,2.1616,2
4915d19e,17424,2.1671,2
4b9a0858,4324,2.1671,2
4a6bcf4e,17884,2.1671,2
74015005,1776,2.1671,2
73cdf7bc,2007,2.1644,2
137ff63a,1648,2.1671,2
2f32b1ea,17425,2.1671,2
83ce4c5,2006,2.1671,2
1287e3e9,1391,2.1699,2
1cb95b33,1167,2.1699,2
62c6a1d9,1347,2.1699,2
4e7fd162,17372,2.1699,2
ee4559d,17384,2.1644,2
61918248,17896,2.1699,2
37272d8a,17436,2.1699,2
60389ade,1166,2.1671,2
4c5c63f9,2353,2.1726,2
21322bf8,17885,2.1699,2
20d19c0a,17397,2.1726,2
4d1b40a7,17930,2.1699,2
267d4494,2366,2.1699,2
1aa7a217,1400,2.1699,2
7fa9cec4,1239,2.1699,2
57e55f64,17479,2.1726,2
2ff70929,1370,2.1726,2
42f465bc,1392,2.1726,2
bbd8863,1618,2.1726,2
24517146,4210,2.1726,2
4d3fcac,2447,2.1726,2
31e6631d,1211,2.1726,2
140cf3df,1702,2.1726,2
3250e36,1774,2.1753,2
64bc70a1,17877,2.1753,2
4bc8f631,17422,2.1753,2
9e3ba0b,1344,2.1753,2
3829669c,17895,2.1753,2
13d68b11,2389,2.1753,2
14e8d8b2,2191,2.1753,2
189dcd60,4121,2.1753,2
6bf34569,4068,2.1753,2
4c5ad505,1362,2.1781,2
27ec9646,1339,2.1781,2
1ea5a974,2114,2.1753,2
6825910d,2368,2.1753,2
198c496d,17968,2.1781,2
36445a4,2449,2.1726,2
6c36ee80,2218,2.1808,2
76b457a9,2442,2.1808,2
30b9a2b5,2384,2.1808,2
6f760f1e,17903,2.1808,2
7450f056,1701,2.1808,2
fec1890,17398,2.1808,2
2e8435ac,1770,2.1781,2
53d596c3,17892,2.1781,2
342af214,1340,2.1836,2
20f41eaf,1805,2.1808,2
4fb3aab9,17459,2.1781,2
411a5128,845,2.1836,2
4095dfb6,1194,2.1836,2
3f893ae9,17508,2.1836,2
3f085ad1,1428,2.1808,2
6d3cc9eb,1202,2.1836,2
3bac395,1318,2.1836,2
2dded676,1317,2.1863,2
14f907f,2188,2.1863,2
686818c7,1165,2.1863,2
7592ff79,17411,2.1863,2
c908a8,1375,2.1863,2
8b1edc8,17407,2.1863,2
3490ea4,1333,2.1836,2
463b51e4,1214,2.1863,2
56bad333,1397,2.1863,2
6c50b90c,1619,2.1863,2
34b197aa,17460,2.1836,2
33e9f359,2220,2.1863,2
781ee7ae,17513,2.1863,2
783d90d5,17423,2.1863,2
141fe0f8,1345,2.189,2
400944bf,2129,2.189,2
3c0614dc,2189,2.189,2
332ab765,2349,2.189,2
278522ed,4115,2.189,2
2d23a61e,1687,2.1836,2
210ff792,17385,2.1836,2
4778ed49,2325,2.189,2
3fd47dd8,1689,2.189,2
49643d01,2354,2.189,2
79476165,4178,2.1918,2
272aaab8,1334,2.189,2
27b819b1,1652,2.1918,2
4fdcb472,1567,2.1918,2
d52b8a5,1688,2.1945,2
7f5fbcdd,2115,2.1945,2
1356f1e4,17907,2.1945,2
3359e554,2193,2.189,2
7a2a35fe,1756,2.1945,2
184d4716,1371,2.1945,2
32980f49,4183,2.1945,2
2a170e2f,1321,2.1945,2
7a5f7e30,2130,2.1973,2
28ace6e4,2448,2.1945,2
5a2b6110,2446,2.1973,2
283bdf5b,17956,2.1973,2
3acfca05,1267,2.1973,2
7a90faf9,17433,2.1973,2
751b807e,2418,2.1973,2
18a04f34,2356,2.1973,2
74b95c2c,17878,2.1973,2
28e94e7,17371,2.2,2
509c8391,2190,2.1973,2
46d5f951,1629,2.2,2
49c38db9,17931,2.2,2
6fe49985,2392,2.2,2
5102f069,1768,2.1973,2
24f1e268,2326,2.2,2
27dd6f02,2444,2.1918,2
4e2b05d9,1320,2.2027,2
5488528,1268,2.2027,2
f41f4a2,2445,2.2027,2
430fac50,17932,2.2027,2
f667e4c,17958,2.2027,2
19f5a7b4,4182,2.2,2
5e982143,2228,2.2027,2
58550067,2397,2.2027,2
66065a11,4122,2.2027,2
347555f6,2322,2.2027,2
5a2ecc83,17924,2.1973,2
6e520875,1627,2.2027,2
1e747be0,2414,2.2027,2
4a766ced,1350,2.2027,2
3d271b2,1705,2.2055,2
2301821a,2131,2.2027,2
6610fbf4,2419,2.2055,2
187f46e3,2360,2.2055,2
25e99577,2410,2.2055,2
5c018423,4090,2.2055,2
3d2f0b0c,17387,2.2055,2
5f851a14,17874,2.2082,2
36ae6ebe,17532,2.2055,2
665ec4d4,4184,2.2055,2
236cd478,2367,2.2082,2
54ce3fbb,2394,2.2082,2
59d0c155,17408,2.2082,2
11d06002,1766,2.2082,2
1387e88,1801,2.2082,2
44b2b5c3,2255,2.2082,2
61247909,17959,2.2082,2
7366d55f,17879,2.2082,2
6552b1c8,2253,2.2055,2
6dc64bc7,5840,2.2055,2
71789f5c,9007,2.211,2
31e83985,17399,2.211,2
60a59ed6,17934,2.211,2
488982e9,1793,2.2082,2
220b5ffa,1723,2.211,2
6702aac9,17426,2.211,2
17d693bd,2398,2.2055,2
5b49fcbf,17378,2.2082,2
23458ca3,4188,2.211,2
24ff1b31,17894,2.2082,2
51632ee0,4211,2.211,2
720b040a,699,2.211,1
66b3b2f0,1765,2.211,2
691c1a11,1769,2.2027,2
21c02dfc,4069,2.2137,2
6ede0b49,1238,2.2137,2
b41469a,2254,2.211,2
7255f867,17380,2.2137,2
701e5130,17875,2.2137,2
795b01b0,1709,2.2137,2
6ddfe9f7,17974,2.2137,2
5820948c,1406,2.2164,2
172a54c6,17906,2.2137,2
58dad947,1978,2.2164,2
5a35d969,4070,2.2137,2
7b42151e,2194,2.2137,2
10997f0,17905,2.2164,2
5dd1e7a9,5878,2.2192,2
748eabac,17455,2.2192,2
137675ed,1319,2.2137,2
295b83eb,9008,2.2192,2
425a893b,4322,2.2192,2
3eb8c269,2396,2.2192,2
fa13097,2327,2.2192,2
5d9f6265,17909,2.2192,2
282ef6e6,17464,2.2219,2
50e78b20,4134,2.2219,2
3e2ba189,2221,2.2219,2
38881b53,4179,2.2219,2
1ea2da6d,1457,2.2219,2
41e49699,2132,2.2219,2
40e9b022,4185,2.2219,2
222050c5,17412,2.2219,2
5a0a9551,17920,2.2219,2
52f34dcf,1775,2.2219,2
37c64956,1635,2.2219,2
17c09113,1322,2.2219,2
19ee3ea7,17373,2.2192,2
51bb9560,1984,2.2219,2
5432faf8,17379,2.2164,2
47e9a164,2395,2.2192,2
2f9ab438,1208,2.2219,2
1adf26d7,17388,2.2219,2
2287343e,2420,2.2247,2
6121efac,17516,2.2247,2
6bc9806d,1806,2.2192,2
7366b259,1653,2.2247,2
1108c258,1338,2.2219,2
19e5048,17509,2.2219,2
a353283,1708,2.2247,2
3825404d,1991,2.2247,2
6407f0e6,1767,2.2247,2
43eacee3,2333,2.2274,2
1427cec4,17921,2.2274,2
37a547e9,2390,2.2274,2
2d84bbe0,17978,2.2192,2
6cfe013b,4136,2.2274,2
79f65791,1458,2.2274,2
538de785,17888,2.2247,2
4e0a7812,17413,2.2274,2
52e15f31,17389,2.2192,2
9202ed7,1568,2.2301,2
1960c023,4328,2.2301,2
71ba40c4,1771,2.2301,2
25edad45,17898,2.2301,2
618c59f5,1407,2.2301,2
383a9b02,17487,2.2301,2
607a43e3,17919,2.2301,2
2dde5ae5,1564,2.2301,2
268bb442,1203,2.2274,2
7f84e617,17893,2.2301,2
37cbeb27,4330,2.2329,2
5b459457,4116,2.2329,2
6912b187,1461,2.2329,2
31fe46ec,1184,2.2329,2
59841127,2125,2.2329,2
2e94d16c,1982,2.2329,2
5276d3b0,1348,2.2329,2
11fc2634,17889,2.2329,2
68881005,2399,2.2329,2
6ea1c06a,2370,2.2356,2
609fa3c9,4071,2.2356,2
528a83b4,1374,2.2356,2
4100739,1240,2.2356,2
74ad5c09,1376,2.2356,2
5c0d72a1,1807,2.2356,2
41911302,2361,2.2329,2
7c8eb41c,1638,2.2329,2
45bcfdc6,17962,2.2384,2
3fa0d1cb,2415,2.2384,2
5b6fac6c,1584,2.2384,2
6cc055da,4212,2.2329,2
25004243,4180,2.2384,2
7f0d9e8,1185,2.2384,2
dc2f783,2385,2.2356,2
215a09b6,17908,2.2384,2
6d3cbe0e,1780,2.2384,2
4fdae6c2,2229,2.2384,2
68efb720,859,2.2411,2
6b98dfbd,1810,2.2411,2
69d10c4c,4186,2.2411,2
1837bf79,1794,2.2356,2
c3a64b,17910,2.2411,2
150047c4,1394,2.2411,2
74d28a44,1730,2.2411,2
51bb2fd0,17454,2.2411,2
4c572a52,1703,2.2411,2
5bfe7a7b,1993,2.2411,2
3b1e4bea,1327,2.2411,2
335336f6,2009,2.2411,2
46a38f74,17915,2.2411,2
6ea61879,1341,2.2411,2
6d26c394,1241,2.2384,2
2c183b28,2210,2.2438,2
13eb3b5c,4082,2.2438,2
6525e2e3,1325,2.2438,2
27ae5f5c,5887,2.2438,2
de029d9,2334,2.2411,2
57e2df3e,1439,2.2438,2
959706b,1173,2.2438,2
5cd89aa3,1335,2.2438,2
507ace00,1216,2.2438,2
11a0e01e,1731,2.2438,2
53b81069,17465,2.2438,2
4bad853f,1363,2.2438,2
738ba5c3,1250,2.2438,2
4da15884,1209,2.2438,2
5b17f13e,17922,2.2411,2
483f896d,17957,2.2411,2
44344239,4190,2.2466,2
6f1c6928,1772,2.2466,2
28be7937,1462,2.2438,2
4c44f31f,17923,2.2466,2
78047f1b,4189,2.2438,2
74dd1c1a,5841,2.2466,2
67364d9c,4187,2.2466,2
2ff1a477,17880,2.2438,2
44c6769d,1994,2.2466,2
1fe135b9,2391,2.2466,2
340c793,2332,2.2438,2
71c04281,4213,2.2466,2
21301990,1440,2.2493,2
56b5f1b5,1630,2.2493,2
40ef5a27,1837,2.2466,2
451661f6,1995,2.2493,2
644b0c5d,2256,2.2493,2
1d0a7138,1692,2.2493,2
278e3edc,1569,2.2493,2
58768feb,4072,2.2493,2
5161f20a,2411,2.2493,2
24e52925,4137,2.2493,2
6df4259f,1781,2.2493,2
23b91aa8,1252,2.2466,2
7597a8dd,1655,2.2493,2
2bb8e5c7,2214,2.2521,2
67ace5f2,4329,2.2521,2
7ce32c09,2139,2.2521,2
6d8ee197,2369,2.2493,2
cabcff5,17510,2.2466,2
44324ffd,1207,2.2493,2
28481c61,1631,2.2521,2
284befef,1215,2.2521,2
7a4d4974,1636,2.2493,2
2c56ac67,17429,2.2466,2
44951698,17933,2.2493,2
3356bd72,1992,2.2521,2
23404485,5877,2.2548,2
3aecf11e,1242,2.2521,2
2151babd,1782,2.2521,2
280f9319,1251,2.2548,2
5e30fd41,17916,2.2548,2
5621010d,2003,2.2548,2
509a8b96,5879,2.2548,2
715f996c,4355,2.2548,2
2c66f258,1711,2.2548,2
7291b7b0,4098,2.2548,2
7653544f,1820,2.2493,2
39dbd9d1,2983,2.2548,2
7b4a2710,17381,2.2548,2
60a5ee13,1808,2.2521,2
1ff6f980,5880,2.2575,2
736b271d,4138,2.2575,2
5933fcc7,1979,2.2548,2
31640b7d,4092,2.2575,2
e78bbcc,2133,2.2575,2
5860be0,71,2.2575,1
16a95484,1270,2.2575,2
3e3b9528,1460,2.2521,2
a96c460,17500,2.2603,2
52511db6,1654,2.2603,2
e006e0c,17428,2.2548,2
6cf02831,4120,2.2603,2
16bae7e5,1817,2.2603,2
5b8f7b88,17461,2.2548,2
32a16c67,1398,2.2603,2
386835d,17897,2.2575,2
11c6b739,2223,2.2575,2
5bd88cda,4214,2.263,2
3fdc1431,6030,2.263,2
5280025b,17405,2.263,2
1979c2f,1816,2.2603,2
22db0547,1987,2.263,2
386c0a2e,1212,2.2575,2
19ea6c34,2335,2.263,2
67ceec8e,1401,2.263,2
1bd1d9f0,1792,2.263,2
358eb8f6,4086,2.263,2
8452c8c,17441,2.263,2
50207ad0,2336,2.2658,2
16cc9674,17971,2.2658,2
401a56c6,1482,2.2603,2
131f3b,1704,2.2575,2
219372f9,1790,2.2575,2
72b66ae1,4359,2.2658,2
6088ae17,884,2.2658,2
76fd36c0,4224,2.2685,2
78fa9ffa,1447,2.2685,2
42c42ea6,1969,2.2658,2
3e4a57d,1988,2.2685,2
26b95b00,1795,2.263,2
a101562,2000,2.2685,2
69c2ab98,17437,2.2658,2
4fab3490,1377,2.2685,2
2326073e,1732,2.2658,2
2997ad3d,1791,2.2685,2
73a95ff8,17964,2.2685,2
4462a008,17501,2.2685,2
55f54dfc,2453,2.2712,2
43ecfc66,2134,2.2685,2
50601cd2,17533,2.2712,2
448abda6,4119,2.263,2
3bef9266,2988,2.2712,2
1fc456b1,1802,2.2685,2
4f925f17,2266,2.2685,2
5e64acce,1326,2.2712,2
195f79c6,17918,2.2712,2
2413d582,73,2.2712,1
79245cf0,1442,2.2712,2
25d8dc6,17517,2.2712,2
2557d9f5,2328,2.2712,2
602e5502,17382,2.2712,2
5a2b3340,2386,2.2685,2
1b32729,18033,2.274,2
6c2fa3cd,17886,2.2712,2
722ab028,1443,2.274,2
6f6ea964,1803,2.274,2
35375828,1213,2.274,2
7d7a77ce,2230,2.274,2
7ec8fa12,2010,2.274,2
2a055069,2001,2.2712,2
5f4a93a8,1757,2.274,2
66da108d,4099,2.274,2
7c65a0bb,4139,2.274,2
520b2c83,17534,2.274,2
520f6cfe,4083,2.2767,2
6b2e04c7,1169,2.2767,2
7989f307,1269,2.2712,2
44c44a10,2401,2.2767,2
5d463f57,1204,2.2712,2
c773c3c,17427,2.2767,2
3c4692e4,2412,2.2767,2
25b6d9d0,1690,2.2767,2
3e25e99d,2416,2.2767,2
5275c589,17972,2.274,2
67d68527,3305,2.2767,2
743da854,1170,2.274,2
14c1b1c4,4333,2.2767,2
65c5de4f,9009,2.2795,2
196006f3,1585,2.2795,2
4a4c5745,2122,2.2795,2
532a2950,17443,2.2795,2
10a7854e,1323,2.2795,2
1856b2dc,1186,2.2795,2
19878bb,2357,2.2795,2
2946e1b2,2267,2.2767,2
73eb45b,1733,2.2767,2
1a9142a6,1243,2.2712,2
2b243d63,2246,2.2795,2
6a345168,1968,2.2795,2
649ba89,1244,2.2767,2
362523b0,697,2.2767,1
4456475b,6027,2.2795,2
5a837512,1378,2.2795,2
50c68404,1222,2.2767,2
1b10e167,2989,2.2795,2
20ac1e88,17890,2.2822,2
6d8a11c1,2371,2.2822,2
6e9fff05,2231,2.2822,2
2e48e611,1632,2.2822,2
2c60c287,2140,2.2822,2
cdb1576,17440,2.2795,2
2ee6195,17515,2.2795,2
6ec01fbd,2450,2.2795,2
54654e09,1328,2.2822,2
3c8bdde7,2413,2.2822,2
69dc495d,1783,2.2849,2
4382ca1b,17973,2.2849,2
1f11d01d,4334,2.2849,2
61fac0f0,2002,2.2822,2
6ae7eb33,17917,2.2822,2
3f602666,1809,2.2767,2
2e8ae93c,1777,2.2849,2
2e6088af,2258,2.2849,2
19aa20d3,1813,2.274,2
3b773f12,2126,2.2849,2
4c41fea6,4471,2.2822,2
39730bf8,17514,2.2822,2
722ca25e,5842,2.2877,2
58a36944,2451,2.2849,2
10c7763b,6033,2.2877,2
6453358b,1657,2.2849,2
6d83221,17928,2.2877,2
53b01e4b,1481,2.2877,2
44197831,1785,2.2877,2
2c6e08dc,1784,2.2849,2
60353e6e,2008,2.2877,2
7fff095c,17899,2.2849,2
70283e62,2268,2.2877,2
6987aee0,9013,2.2877,2
35f373e4,17963,2.2877,2
324139ef,17463,2.2877,2
2ffa37e6,17577,2.2904,2
32bdaeb,4154,2.2877,2
28c11fd7,2211,2.2904,2
570f84c0,1410,2.2904,2
794da196,1255,2.2904,2
42787111,2379,2.2904,2
1fd90737,1205,2.2932,2
4bb8e9ec,1444,2.2932,2
65a3fc7b,2377,2.2932,2
345ba988,4225,2.2932,2
208eef84,82,2.2932,1
65573a97,2135,2.2904,2
21ffe27d,17979,2.2932,2
76c8a9ca,1399,2.2932,2
1fb65972,4356,2.2904,2
481367cf,4181,2.2932,2
16a188ba,2116,2.2904,2
2514f55d,9011,2.2904,2
750118e4,1324,2.2932,2
8c44544,2984,2.2932,2
135f1875,1206,2.2932,2
5f4750bd,4357,2.2959,2
5b3a668c,17416,2.2959,2
df42133,4361,2.2959,2
41c4d109,4141,2.2959,2
604fc984,2329,2.2932,2
43f87a71,1996,2.2959,2
69bce92f,1841,2.2959,2
613aec92,4158,2.2959,2
2986169b,17578,2.2904,2
6112525,1271,2.2959,2
45b6b298,1719,2.2959,2
63aec64,4191,2.2959,5
841981d,5895,2.2932,2
2b62dddf,1658,2.2932,2
3e29bbfb,2393,2.2932,2
311e8916,5846,2.2932,2
60161a9d,1989,2.2959,2
6493e7f2,1168,2.2959,2
17167ef8,17462,2.2959,2
a4e249c,1818,2.2932,2
52851335,5897,2.2986,2
297390a,2123,2.2986,2
63bd3939,1171,2.2986,2
79c0e2dd,1971,2.2986,2
2a6d913c,2219,2.2959,2
5d85a2a3,1718,2.2986,2
27630e9d,4358,2.2932,2
1c872c12,1438,2.2959,2
7757b3a4,1838,2.2986,2
30f1b3c2,17980,2.2986,2
62aff355,1712,2.2959,2
124fc519,17430,2.2959,2
2de7262b,1273,2.2986,2
8257839,1174,2.2986,2
158d1733,1814,2.2986,2
79066f96,9020,2.2959,2
6dc4c8e3,9017,2.3014,2
76367f5d,4472,2.3014,2
4e0391d2,4226,2.3014,2
33ca23ae,1659,2.3014,2
79fa909e,4228,2.3014,2
3232dc92,1372,2.3014,2
7fe1b1b8,4100,2.3014,2
5ae0a3f3,4217,2.3014,2
60ed4607,1706,2.3014,2
3a9fc7a4,1985,2.3014,2
2d8dee7,17414,2.3014,2
aac596f,1441,2.3014,2
2f8bc042,2222,2.3041,2
b795f6d,1980,2.3014,2
69a3a6bd,2212,2.3041,2
12efd7b,1736,2.3041,2
131e79b9,2137,2.3041,2
45c5245f,17929,2.3068,2
343d7575,1710,2.3041,2
757ec6a8,2269,2.3068,2
34d3859,1620,2.3068,2
6fc603b3,9010,2.3068,2
308f45e3,1986,2.3068,2
33c79edc,2138,2.3068,2
6ebe92cf,1349,2.3068,2
5922f70d,4331,2.3068,2
240492ca,5883,2.3041,2
79b6663b,5896,2.3068,2
6a6ac01,2127,2.3041,2
4ccc416b,2337,2.3041,2
705ccb05,2330,2.3096,2
2117cd59,1727,2.3096,2
43720750,4143,2.3068,2
10059d26,1843,2.3096,2
d261aac,2226,2.3096,2
2ab8c36a,17944,2.3096,2
381720ba,17438,2.3096,2
3e5379ad,17985,2.3068,2
10bab015,1981,2.3096,2
43a16dd5,1656,2.3096,2
7e6ffc77,1726,2.3068,2
5bd46c06,4215,2.3096,2
1eab5571,1445,2.3096,2
5f468112,2156,2.3096,2
56ac4cb4,17415,2.3068,2
57a18e52,2372,2.3068,2
6f4635d4,1570,2.3096,2
2f6d7cfc,4087,2.3096,2
2b6aac92,2454,2.3123,2
c37f23c,1253,2.3123,2
6ba9b4bd,1839,2.3123,2
5f549c90,17401,2.3096,2
5cfe703,17445,2.3123,2
45c5a36,2358,2.3096,2
40125cdd,1628,2.3123,2
b58bd76,1254,2.3096,2
6638043e,1463,2.3123,2
c583dd1,1633,2.3123,2
13778e0a,4123,2.3068,2
1d73a475,17541,2.3151,2
72210ef4,17439,2.3123,2
7b98d007,17904,2.3041,2
29be8f1d,2338,2.3151,2
f0167e0,2359,2.3151,2
f512a79,4159,2.3151,2
695f40fb,6034,2.3151,2
3062d211,1245,2.3151,2
398d36c9,2124,2.3151,2
3274cb7c,5888,2.3151,2
6f6f7c48,1282,2.3068,2
6bd52822,2141,2.3151,2
6dd1d5c3,1466,2.3123,2
79eacc2e,1734,2.3151,2
6d736267,1758,2.3151,2
2fa5d3d3,1973,2.3178,2
4cb97429,6029,2.3178,2
639d5a2c,17579,2.3151,2
676088b2,2195,2.3151,2
5b794392,1787,2.3178,2
158b6c62,1827,2.3151,2
26366d79,2019,2.3178,2
14311e4b,2143,2.3123,2
132e28d8,2466,2.3205,2
1aeb4cab,2117,2.3205,2
544ddbe8,17965,2.3205,2
4892546c,1175,2.3205,2
26d18dbe,1634,2.3205,2
3f200a04,2166,2.3205,2
2a18dd4e,1218,2.3205,2
6ad652b2,4076,2.3205,2
507e469b,1283,2.3205,2
a9559cc,4073,2.3151,2
660b077d,1724,2.3205,2
3e108acc,2213,2.3205,2
1c78590b,1411,2.3233,2
3c833871,4218,2.3233,2
28df073,1403,2.3233,2
15de554b,2452,2.3233,2
38714c04,4074,2.3233,2
661ffa00,1284,2.3233,2
2ebfdec,17986,2.3233,2
43fa1602,6028,2.3233,2
3f015a7,2012,2.3096,2
2e197866,4216,2.3205,2
1cba10cd,9014,2.3178,2
56c26a0,4360,2.3205,2
16b56a09,1804,2.3233,2
745b91db,1272,2.3205,2
730aeaf1,9021,2.326,2
3ffab025,1956,2.3233,2
5bc7c85c,17456,2.326,2
661f040f,2225,2.326,2
42e6375f,1329,2.326,2
6cac744d,4135,2.326,2
c95e166,17400,2.326,2
2877ccbe,1716,2.326,2
4d9764c4,4148,2.326,2
743a7b03,2259,2.326,2
1ef5a826,1446,2.326,2
53362e05,5900,2.3233,2
2099a7f3,5884,2.326,2
5384f549,17583,2.326,2
4308d10f,1408,2.3288,2
7014287,5844,2.326,2
361d8d62,4140,2.3288,2
405a6e21,17535,2.3288,2
24287e1f,2235,2.3288,2
227e2629,1786,2.3288,2
4f35bbaa,1351,2.3288,2
151949b3,4229,2.3288,2
78420ad4,9015,2.326,2
6a11657,2464,2.3288,2
553d37c4,1720,2.3288,2
37b72e22,1217,2.3288,2
68bcbdb6,4142,2.3288,2
66a11d58,2373,2.3233,2
78a0af14,4101,2.3288,2
5a1e955f,4085,2.3288,2
1f0eb797,1487,2.326,2
54d67600,17936,2.3288,2
16710a8f,1735,2.3288,2
5bbf00c4,9016,2.3315,2
598a3021,1737,2.3315,2
372fbd95,5845,2.3315,2
19b56242,1842,2.3315,2
7eb47102,1467,2.3315,2
52c84b57,2248,2.3315,2
3c9faf93,5890,2.3205,2
76374dcd,1459,2.3315,2
1ef0bcbd,9018,2.3315,2
3cbe858b,4335,2.3315,2
eab472c,1277,2.326,2
534a1b9a,1962,2.3315,2
1bd4bd88,1759,2.3288,2
1f5f7d1b,1223,2.3315,2
578521a6,1840,2.3315,2
136a8b4c,2374,2.3315,2
3438e5d,4362,2.3315,2
56c364,5847,2.3342,2
6485d1d0,1778,2.3342,2
6b30bb92,2331,2.3342,2
1af344f7,1821,2.3315,2
55d0092,1760,2.3342,2
33a6aebe,72,2.3342,1
79e7e24b,4103,2.3342,2
7933d57c,2249,2.3342,2
14870358,5885,2.3342,2
12d28c28,1959,2.337,2
439dd7be,1691,2.337,2
54e1d183,2144,2.337,2
331e7656,4075,2.337,2
1faf2eae,2340,2.337,2
10687d50,17417,2.3342,2
191a52bf,1219,2.3315,2
78e42c94,17941,2.337,2
432df5d6,1404,2.337,2
3419723,1464,2.337,2
65fd03bb,1960,2.3397,2
5b266c00,17580,2.337,2
2eb93a11,1779,2.3397,2
216f955,4091,2.3397,2
d618ebb,3042,2.3397,2
8ca477,4594,2.3397,2
67026fc5,1409,2.3397,2
526bee21,4093,2.3397,2
160149cc,17935,2.3397,2
66bfa5f2,1957,2.337,2
53feb681,4144,2.3397,2
36b40f95,1972,2.337,2
2350a2cf,2400,2.3425,2
42bc22c1,17525,2.3425,2
5a8ca14f,1819,2.3425,2
4f2bc651,2232,2.3425,2
7b319f13,17946,2.3425,2
69c73b8b,4336,2.3425,2
7f194981,5848,2.3452,2
5c90d689,4332,2.3452,2
4d989a04,1725,2.3452,2
1d53fb5f,4160,2.3452,2
5fe742ff,1210,2.3425,2
45b0db15,1247,2.3452,2
2833ec35,1961,2.3452,2
724d5324,1275,2.3425,2
285aec6c,17444,2.3452,2
33ce79fd,1579,2.3452,2
7b0cafd3,1278,2.3452,2
79072aee,1172,2.3452,2
4ee223bf,1274,2.3479,2
562e8d34,1728,2.3479,2
4842c215,1276,2.3452,2
8d2c1a9,1352,2.3479,2
53d505da,4231,2.3479,2
5772f4d7,17529,2.3479,2
75178420,1997,2.3479,2
2b1ba2fd,1729,2.3479,2
673fed2f,2985,2.3452,2
35dae1be,17887,2.3479,2
60d3c403,4104,2.3452,2
3c31c393,4077,2.3452,2
4a4b92a2,4152,2.3479,2
28fe4d44,5881,2.3507,2
5ecd868d,1637,2.3507,2
2e4af55a,2119,2.3507,2
d74f2b5,1713,2.3479,2
1c55865b,1571,2.3507,2
a1dd9f1,2261,2.3507,2
6766a67c,2417,2.3507,2
50d3319b,4363,2.3507,2
294aeefe,2011,2.3425,2
60d37f57,2378,2.3507,2
2c576386,1577,2.3507,2
199dc2d2,2120,2.3507,2
7d2b4241,2239,2.3507,2
343dfb96,1412,2.3534,2
5c05a3,2458,2.3534,2
4afedef1,17997,2.3534,2
125f9d2f,5891,2.3534,2
3d821e2e,2196,2.3534,2
1e36a697,2260,2.3479,2
1a9c6a95,17947,2.3534,2
41a6c31b,4486,2.3534,2
7d938488,4245,2.3534,2
50cd867a,17975,2.3507,2
29fc9634,1974,2.3534,2
5fae6165,1965,2.3534,2
5eb5360b,860,2.3534,2
3f635e91,4102,2.3534,2
6bc78aa8,1717,2.3562,2
321e151,17937,2.3562,2
155d7d9f,4595,2.3562,2
4ea19a37,1963,2.3507,2
39d3e886,1225,2.3562,2
761e2cb1,17553,2.3562,2
1ce1befb,2145,2.3562,2
10c6ff5f,2270,2.3562,2
5274af52,1958,2.3562,2
5e3ea926,17987,2.3562,2
74c5fa42,18014,2.3562,2
65c29447,2233,2.3534,2
42d9b3a7,1693,2.3562,2
78fa857c,5898,2.3562,2
64c170c4,4150,2.3589,2
35a09a91,17447,2.3589,2
71cb53b2,1357,2.3534,2
76db4a63,1246,2.3589,2
6e6c718d,4125,2.3507,2
1ffdb0ab,17938,2.3562,2
558397bb,1188,2.3589,2
10b66c78,5902,2.3562,2
78f8f9df,4124,2.3589,2
160e2e68,17966,2.3589,2
217318ed,1578,2.3507,2
486b61fe,1639,2.3534,2
2c9ee557,1402,2.3534,2
5e947087,4094,2.3589,2
5e32f7b3,2247,2.3616,2
7d620281,2362,2.3616,2
446fc9b0,2423,2.3616,2
1f003837,1587,2.3616,2
62ed6318,1983,2.3589,2
ff603ce,3043,2.3616,2
356e79c9,2157,2.3616,2
2bb13ed3,1830,2.3562,2
22cd6d1e,5843,2.3589,2
1d1ae2fa,6035,2.3589,2
5bfc60a1,5882,2.3644,2
79199aab,2375,2.3644,2
3075ad0b,1964,2.3644,2
7a3284cd,2465,2.3644,2
42f30a42,1815,2.3589,2
778a1c75,5889,2.3644,2
6cf6c8be,1970,2.3616,2
6a8afa7a,1828,2.3644,2
4f00f0a,17442,2.3644,2
5e0bb4cc,1586,2.3562,2
794562cc,1572,2.3616,2
44211eb4,1448,2.3644,2
402dc165,17584,2.3644,2
71e205f6,4105,2.3644,2
4383a078,1789,2.3616,2
1182e9c6,2376,2.3671,2
5d1a91fc,2467,2.3671,2
739245d3,745,2.3671,2
2dccabb9,4145,2.3671,2
3e17b0b2,4149,2.3671,2
310568db,4230,2.3644,2
81f2bf9,1485,2.3671,2
2b86ab1f,4151,2.3616,2
221a4ae2,2470,2.3671,2
43a51f81,2164,2.3671,2
43472faf,3016,2.3671,2
b1ec51d,17402,2.3671,2
15de4932,2237,2.3616,2
65635c31,1788,2.3671,2
1fa32d65,4235,2.3699,2
626835a1,1451,2.3699,2
5186707,17542,2.3699,2
7a653141,2380,2.3671,2
7cabe36d,4192,2.3671,5
74295b73,2432,2.3699,2
5f6c40e1,17391,2.3699,2
192b70c5,2990,2.3699,2
5c012177,2257,2.3699,2
4a17b598,17390,2.3644,2
6904873c,4106,2.3644,2
66c3282d,2341,2.3699,2
5edd505c,4146,2.3726,2
5b091238,1358,2.3726,2
1cb2be1a,4237,2.3726,2
6bfe7361,2265,2.3726,2
260e3445,2460,2.3699,2
1265df68,1998,2.3726,2
3423845d,17449,2.3726,2
1baef150,3017,2.3726,2
29dab8a3,4220,2.3726,2
6fb2924b,1248,2.3699,2
3d3fc3f,3306,2.3726,2
3d7c8509,4164,2.3726,2
54285c1c,1449,2.3726,2
54460f63,1738,2.3753,2
4420f5e,6045,2.3753,2
186c39ed,5899,2.3753,2
e324e40,2343,2.3753,2
3439d9df,17543,2.3753,2
201518f9,2993,2.3753,2
59cfee47,2203,2.3753,2
4593eb70,17981,2.3753,2
3f9e353c,2021,2.3753,2
6c0e7a47,1452,2.3726,2
37c420e6,4364,2.3753,2
115f4d8f,17585,2.3781,2
65129082,4365,2.3781,2
4b4decbf,17403,2.3781,2
534173f,76,2.3753,1
788975a2,2456,2.3781,2
13e1d46f,6046,2.3781,2
36941bef,5893,2.3753,2
7839c0a9,6036,2.3781,2
67314aaa,1353,2.3726,2
5cb5f305,2192,2.3781,2
791d8a43,2387,2.3781,2
5742fa4b,1405,2.3781,2
64c27ba3,2022,2.3808,2
31727375,2158,2.3808,2
4b04eb,2118,2.3781,2
292ede8d,17527,2.3808,2
5248c31a,2339,2.3808,2
21162f8d,4219,2.3808,2
344ce67e,1588,2.3808,2
43248c37,2433,2.3781,2
57e0d75a,4147,2.3808,2
479af06c,2020,2.3808,2
143691f7,1999,2.3808,2
7394f272,17526,2.3808,2
6241de2c,2240,2.3808,2
229fa15d,2029,2.3808,2
43e5eefe,1580,2.3808,2
32162cf2,17530,2.3836,2
128faa6e,18015,2.3836,2
465cdd2f,4246,2.3808,2
191609f0,4078,2.3836,2
5de70652,2342,2.3836,2
1a64d79c,1666,2.3836,2
7557c264,4596,2.3836,2
5542dc44,17939,2.3836,2
7c321695,4227,2.3836,2
4056e6b8,2991,2.3836,2
bd94834,4155,2.3808,2
48ba05f7,2136,2.3808,2
245034cb,2241,2.3836,2
25ecf4bb,2236,2.3836,2
53c475df,1990,2.3726,2
121d1f7b,2271,2.3808,2
a102572,2997,2.3836,2
2f43be97,2421,2.3863,2
71ed760a,17989,2.3863,2
1a9860a1,17404,2.3836,2
128a8787,1480,2.3836,2
441254,4232,2.3863,2
5fd94c2d,4084,2.3863,2
2545666a,4095,2.3863,2
3d485ad1,18034,2.3863,2
48beada7,1286,2.3863,2
2ef5ec05,17450,2.3808,2
1cf0484a,2142,2.3863,2
9ddd7dd,1694,2.3863,2
428ecd54,2224,2.3863,2
7a586ba,17448,2.3863,2
631c78f,2160,2.389,2
6b8686ef,17518,2.389,2
181d7d1b,1966,2.389,2
7f1922fa,5901,2.389,2
5422ebf5,1285,2.3863,2
68ec6a23,4193,2.389,5
5c274341,783,2.3808,2
2f21087b,17586,2.389,2
535b626a,1279,2.389,2
1999f197,2434,2.389,2
5a27dc12,2262,2.3918,2
3cfca15c,1640,2.3918,2
1bb90468,1575,2.3918,2
7a40a0d9,17999,2.3863,2
4dfa4bc1,17998,2.3918,2
2959d920,17942,2.3863,2
70f67b16,2425,2.3918,2
233fbb24,1967,2.3918,2
3c8448c1,1832,2.3918,2
5b7316a8,4337,2.389,2
181ee81b,2215,2.3918,2
46a686a7,17555,2.3918,2
58fa1cf2,1592,2.3863,2
1b7f8713,1226,2.3918,2
744eea57,1189,2.3918,2
62fc9c7,75,2.3918,1
eba487c,2263,2.3945,2
221ce9e5,17943,2.3945,2
691a11a7,17554,2.3945,2
6a054281,17992,2.3945,2
129ccff7,17531,2.3918,2
4eb99c70,1671,2.3945,2
67a831b1,2234,2.389,2
77173b29,17446,2.3945,2
37c67e00,1667,2.3945,2
43d1ec78,17561,2.3918,2
7357dff,2468,2.3945,2
6fca7331,4194,2.3918,5
3eb9f22b,18004,2.3918,2
4189b26e,2455,2.3973,2
f091705,2250,2.3973,2
b3b4e9a,1622,2.3973,2
47c5c1a9,17587,2.3973,2
4b5301fd,1663,2.3973,2
c2586ad,1187,2.3973,2
5d3b462d,1354,2.3973,2
c8534ce,2426,2.3973,2
341a1caa,1831,2.3973,2
60842c3a,2457,2.3973,2
6795af3d,2197,2.3973,2
47254d8c,17988,2.3973,2
55302853,2198,2.3918,2
4028616b,1593,2.3918,2
2433da88,1224,2.4,2
6e956574,1589,2.4,2
3b11c07,1829,2.4,2
307d50ca,9012,2.3973,2
911623,3307,2.4,2
3a4c7b23,1660,2.4,2
13057759,1355,2.4027,2
7fb717db,17537,2.3973,2
74ed7d0e,1621,2.4027,2
7ae565,1623,2.4027,2
7cc54dbe,17976,2.4027,2
2589a466,4204,2.4,5
62c766c3,1822,2.4027,2
7d5d6298,3029,2.3973,2
2b236830,1602,2.4027,2
43e153a6,2165,2.4055,2
1a49d467,1359,2.4,2
c163c14,4234,2.4055,2
3c44b74e,2469,2.4055,2
7571af03,1594,2.4027,2
21cfa726,2986,2.4027,2
1c84c997,1221,2.4055,2
563e38e,4126,2.4055,2
7d924d96,1220,2.4055,2
1d4d80cc,2459,2.4055,2
76011287,4156,2.4055,2
21382395,2027,2.4082,2
7778eb84,2422,2.4055,2
1b4a9e54,4080,2.4082,2
1af6120,2159,2.4082,2
6ebe627e,1280,2.4082,2
e7ad0b7,1601,2.4082,2
410d5712,4338,2.4082,2
3bd18872,2264,2.4082,2
6f79d5b0,4366,2.4082,2
2661a0e4,3003,2.4082,2
7e4623f7,1488,2.4027,2
64c00eda,4492,2.411,2
55585eea,1450,2.411,2
62fdce2b,1833,2.411,2
49303410,889,2.411,2
626ff5a,17581,2.411,2
119e5e7a,861,2.411,2
1d1e46f4,2344,2.411,2
554661f3,18022,2.4082,2
64ab882e,1465,2.411,2
725774f,2363,2.411,2
68e3b8b9,5906,2.411,2
e4c15af,1281,2.411,2
361e06b0,4367,2.4082,2
1aad8033,2242,2.411,2
6f7ec5af,9022,2.4137,2
1f14482,3002,2.4137,2
479ce98a,5903,2.4137,2
6e90a1ae,2024,2.4137,2
31c65552,5849,2.4082,2
4f8bc2fa,4079,2.4137,2
280cad78,9023,2.4137,2
5ef2b3b1,17977,2.4137,2
235229af,1232,2.4137,2
32254f6,18006,2.4164,2
cdfd05,2147,2.4137,2
4de7e709,1262,2.4164,2
692ac62f,17536,2.4164,2
380648c9,2345,2.4164,2
7fcab04b,4157,2.411,2
6e5ecea0,2025,2.4164,2
77b7ec92,2200,2.4164,2
2774d213,17557,2.4164,2
19423bb,17589,2.4164,2
73b9532f,17544,2.4137,2
55580664,18016,2.4164,2
78eeaa15,1581,2.4164,2
416803be,1661,2.4192,2
614179d3,2227,2.4192,2
40bd17ab,9019,2.4192,2
6430070f,18007,2.4164,2
58586eff,2427,2.4192,2
2e7a3463,1835,2.4219,2
5f9ef9aa,17524,2.4219,2
35fb9c6b,18005,2.4219,2
2ecf33bd,4081,2.4219,2
2389c9fa,5905,2.4192,2
b722788,17940,2.4219,2
6203fa49,6052,2.4219,2
35867f6f,1356,2.4219,2
58adb63c,17948,2.4247,2
427994c6,6037,2.4247,2
3fd5ef72,1574,2.4247,2
392e82e0,1260,2.4247,2
c07cfaf,2402,2.4247,2
26f12bfc,17608,2.4247,2
2d6b54d,4195,2.4247,5
1268641a,1190,2.4247,2
3ae0e1e7,1360,2.4247,2
43e16a45,4110,2.4247,2
33756b95,18021,2.4247,2
6d541bce,2199,2.4219,2
5a9fb7f4,17523,2.4192,2
b865009,4197,2.4247,5
266ffc8c,1836,2.4247,2
32cac139,17993,2.4247,2
7f8d26c5,4488,2.4274,2
588a0ed7,6049,2.4274,2
61350bd7,17538,2.4301,2
592cdc1,5894,2.4247,2
13bf78b8,2251,2.4301,2
1bcb20ae,1714,2.4274,2
5269fbb3,1590,2.4301,2
4106d8fa,4199,2.4301,5
291412da,2403,2.4301,2
6b988906,4236,2.4301,2
3c51bff6,2388,2.4301,2
50ee4b02,17539,2.4301,2
76b153a5,1834,2.4247,2
1078481,2346,2.4301,2
80cd4b9,3005,2.4329,2
2773bc07,1844,2.4329,2
3e5265be,4485,2.4329,2
5b23ff37,4238,2.4329,2
66bd4b5e,1249,2.4329,2
87af22c,2405,2.4329,2
32d3e4a0,5907,2.4301,2
38fe543b,6038,2.4329,2
76cd7f8a,4473,2.4329,2
7aa63db6,4484,2.4301,2
3bb1229,4597,2.4329,2
25924b5c,17982,2.4356,2
8c94daa,4161,2.4356,2
15655216,2004,2.4356,2
5c55b1e7,18008,2.4356,2
5e658681,1261,2.4356,2
699afeba,1591,2.4356,2
58e975e1,5892,2.4356,2
2b7c5a3e,1288,2.4356,2
143658a5,17528,2.4356,2
6695852c,4096,2.4329,2
58c4d86a,1721,2.4384,2
67ab5a8c,1811,2.4384,2
1120c4e6,17945,2.4384,2
37755517,17588,2.4384,2
7d830a30,1263,2.4384,2
308a35e7,17590,2.4384,2
37a8a62,4107,2.4384,2
14ea691f,17558,2.4384,2
9aa5b78,4233,2.4384,2
6f91f264,1605,2.4411,2
6c1d12f7,2244,2.4411,2
23491d36,2252,2.4411,2
5c54f8f0,17556,2.4384,2
3b63bc8c,17551,2.4411,2
7c86986e,3044,2.4411,2
272c6d1d,17995,2.4384,2
6107d938,18023,2.4411,2
23a249a5,4198,2.4411,5
17a35a5c,3001,2.4438,2
5831681,2201,2.4438,2
4d0eabb7,17582,2.4438,2
30253a16,17547,2.4438,2
90e638e,1715,2.4384,2
1f42b860,3018,2.4438,2
38d0ec6b,17562,2.4438,2
4759605c,2272,2.4438,2
257ac2ee,1287,2.4466,2
1d1196e5,1595,2.4466,2
677984da,9025,2.4466,2
58759fea,3050,2.4466,2
2b6b4bb8,2407,2.4466,2
3adc568e,18009,2.4466,2
4f2deef1,18019,2.4438,2
11a85a5b,3000,2.4466,2
6d9973a9,1582,2.4466,2
65d61d4b,4474,2.4466,2
1491bcc2,18010,2.4466,2
4c21e0f8,2204,2.4411,2
1f0811a5,2167,2.4493,2
4a616b4a,1483,2.4411,2
530fb968,17559,2.4466,2
22c58bb5,856,2.4438,2
106ab5d1,1672,2.4493,2
39b94a95,4242,2.4493,2
4fb00b40,2243,2.4411,2
eca02c7,9781,2.4493,2
20203e8f,2999,2.4493,2
65a1c367,6054,2.4466,2
31799856,1665,2.4493,2
5aabf40e,4247,2.4438,2
1ab34e38,17540,2.4493,2
2a842e98,6053,2.4521,2
7406dd35,4248,2.4521,2
55f3517c,18012,2.4521,2
3e220a5e,2992,2.4521,2
355903ec,4344,2.4521,2
77749f07,1845,2.4521,2
38434824,2026,2.4493,2
169dd588,1486,2.4521,2
6b26f2d4,9782,2.4548,2
38f9c410,3004,2.4548,2
1a59b943,3051,2.4548,2
62901e15,5904,2.4521,2
3efce0c1,1668,2.4548,2
48537a4a,1855,2.4548,2
1f1741a2,2023,2.4493,2
7d1584e3,2408,2.4521,2
24368968,18020,2.4548,2
7764268e,2406,2.4575,2
bfc2de,17550,2.4575,2
525b7391,4108,2.4575,2
338c7a5,17600,2.4575,2
13d56363,4490,2.4575,2
455367c1,4200,2.4575,5
4c9d4301,17607,2.4548,2
9ddb0d8,2424,2.4575,2
68493e29,4222,2.4575,2
31ab14fb,5908,2.4575,2
6f981060,1854,2.4603,2
493bd3d9,17950,2.4575,2
2d04f156,17519,2.4575,2
446134c1,4475,2.4603,2
6bd5373d,4476,2.4603,2
7ce79485,4163,2.463,2
7663540e,3010,2.4493,2
3be9a13f,1825,2.463,2
7eb712df,17548,2.463,2
3852eb11,2435,2.463,2
541fe0ac,2987,2.463,2
79c715a0,1669,2.463,2
39c4e5a1,2016,2.4658,2
556b05b3,2998,2.463,2
757e4453,4598,2.463,2
23fdb678,2202,2.4575,2
7b29a5e2,4097,2.4658,2
62d6cdb2,4368,2.4658,2
7c21c5a4,1826,2.463,2
12297d8,18041,2.4658,2
716a110e,18011,2.4658,2
3fea272d,5850,2.4658,2
388de0dd,1258,2.463,2
6b85d63f,4202,2.463,5
19fb320e,6047,2.463,2
3838b25e,3309,2.4658,2
5605293b,4153,2.4658,2
137429ea,2030,2.4685,2
1dc47a1e,2162,2.4685,2
53df12c8,1289,2.4685,2
740b05a5,4109,2.4685,2
2e88f0af,17951,2.4685,2
64c24030,4162,2.4685,2
46beca3f,17545,2.4712,2
513b58b4,18050,2.4712,2
63321000,17612,2.4712,2
23ac203d,6031,2.4685,2
48d007fc,1641,2.4712,2
21349bc1,18040,2.4685,2
2a4199ab,4477,2.4712,2
59002ef3,9784,2.4712,2
69dc5c20,5853,2.4712,2
11a72dc8,1484,2.4685,2
14c856ae,1606,2.4712,2
4260f2df,17611,2.4712,2
32e2095d,17552,2.4712,2
6acdce44,9026,2.474,2
422c67b8,4479,2.474,2
14873475,5852,2.4712,2
7374c9cf,4201,2.474,5
360d6f59,1673,2.474,2
32b62832,5886,2.4712,2
1386887b,17560,2.474,2
3e0f22e2,2994,2.474,2
106763ee,3006,2.474,2
29b36b6f,3019,2.4712,2
63a5f5dd,1823,2.474,2
6051a623,1265,2.474,2
47332f02,4166,2.474,2
2974d805,2245,2.474,2
6c0d34,4111,2.474,2
4e37ea5f,18017,2.474,2
4cab1bf9,1191,2.4767,2
28b0db12,2347,2.474,2
21a6dcf1,2472,2.4767,2
7f33bcf8,17520,2.474,2
5dbde6ca,4221,2.4767,2
1f561b87,1266,2.474,2
bb6bf47,5851,2.4767,2
3b5ad737,6039,2.4767,2
1c60bb94,2404,2.4767,2
7e56109c,3012,2.4767,2
79d152e6,6056,2.4767,2
5173a6f2,18036,2.4795,2
6f01671c,4243,2.4795,2
76a4cd73,1853,2.4767,2
1a639e3f,4239,2.4795,2
3838e1cb,2015,2.4795,2
63926250,9783,2.4795,2
74b09408,3011,2.4767,2
155d3f64,4206,2.4795,5
10ed3405,2216,2.4822,2
4072bc3e,2273,2.4795,2
40d5ec9c,4602,2.4795,2
3fbb2b42,6048,2.4822,2
4e7b11ac,4370,2.4822,2
4fdbe869,17549,2.4795,2
63856ef2,1227,2.4822,2
366fb08b,6050,2.4822,2
63a97934,17609,2.4795,2
5aebf38,18039,2.4849,2
15a68744,6041,2.4849,2
574ffc0,2017,2.4849,2
5e869693,1861,2.4877,2
520c4a4e,3045,2.4877,2
26919461,2238,2.4877,2
764e24ae,3030,2.4877,2
6691220,4131,2.4877,2
2754390e,1256,2.4877,2
4d0c0179,2205,2.4877,2
4ae03722,2462,2.4877,2
4d6c44c,1860,2.4877,2
2cc1191,17994,2.4877,2
2fe6cf78,2461,2.4849,2
6474a481,2161,2.4849,2
5632f8e7,3023,2.4904,2
34903b29,4203,2.4904,5
2d94afcc,17949,2.4877,2
6c054653,18037,2.4904,2
2db17ef4,4489,2.4767,2
184d4118,3308,2.4904,2
10af7712,17613,2.4822,2
56de8c8a,18038,2.4904,2
703e0e7b,4369,2.4932,2
289c4e5,2995,2.4932,2
69752441,18035,2.4932,2
43a226a9,2274,2.4932,2
329323a9,4345,2.4932,2
7378990a,4491,2.4932,2
33d773c1,1603,2.4932,2
7bedfbbc,4340,2.4932,2
4b20dde9,1824,2.4877,2
7592cdd9,1670,2.4904,2
7428684,17591,2.4932,2
47d5fd01,83,2.4932,1
3b459bd8,6032,2.4959,2
6660f645,4346,2.4959,2
2b62b0f5,1576,2.4904,2
380765bb,4207,2.4959,5
5052aa4f,18027,2.4959,2
3161acde,4240,2.4959,2
fba471f,7813,2.4986,2
c93c1ee,4167,2.4959,2
495602e1,1259,2.4986,2
75ed5049,3022,2.4986,2
22c4cc0a,2463,2.4986,2
75877f4a,9024,2.4986,2
28327354,2436,2.4986,2
3abc4b0d,1264,2.4959,2
430417b1,1192,2.4959,2
4507209e,4205,2.4986,5
5cf46880,17592,2.4959,2
625736e,4165,2.5014,2
67670899,2996,2.4986,2
3fdbd35b,4371,2.5014,2
5c01e28e,2409,2.5014,2
23ce21e6,4241,2.4986,2
7c32d6c6,17599,2.5014,2
154a3126,4599,2.5041,2
4ed417ae,3020,2.4904,2
1cc7de83,5909,2.5041,2
1362ea0b,4196,2.5041,5
76a9bf3b,4130,2.5041,2
7faa38ed,4244,2.4959,2
11ad39d1,3031,2.4986,2
1db489be,17601,2.5041,2
33bccea1,2437,2.5041,2
857ff8a,2169,2.5068,2
2614d33d,2013,2.5068,2
5e0f159f,18000,2.5068,2
5b80f2c7,6057,2.5068,2
b130139,2168,2.5096,2
15e6489f,17614,2.5096,2
3c8f047e,1604,2.5096,2
775f0319,1583,2.5096,2
3c02b5e9,6058,2.5096,2
5b4f51ca,6040,2.5096,2
73b4b585,6055,2.5096,2
58762bfc,1607,2.5068,2
1a07fc1b,17563,2.5123,2
4d53cd9f,1846,2.5123,2
98e3cab,4493,2.5151,2
4d666510,2028,2.5151,2
64e23ca8,17567,2.5178,2
41a0f30b,2149,2.5178,2
39b3e4f0,1856,2.5178,2
47835833,3008,2.5178,2
32f13b17,1850,2.5205,2
740fbee9,2151,2.5178,2
52bd40fc,7814,2.5205,2
f22c858,18051,2.5123,2
76704c27,2163,2.5151,2
34307328,18043,2.5205,2
29b1a524,18024,2.5233,2
5f9183c0,4263,2.5205,2
14c39672,85,2.5233,1
3dc16bb1,1292,2.5233,2
25937e5b,7815,2.526,2
5c36655,4168,2.5233,2
1c3a0ebd,18064,2.526,2
2ba48721,4223,2.526,2
1d8eed07,2148,2.5205,2
8542a3a,17617,2.526,2
361d12d,17594,2.526,2
4f62781a,17521,2.5288,2
40706358,1866,2.5288,2
2afc4884,1257,2.5288,2
27190c4f,1662,2.5315,2
7be7121e,9027,2.5315,2
38cec499,4113,2.526,2
703e036c,4339,2.5315,2
1f2a1250,3032,2.5315,2
5c9e9449,74,2.5315,1
12ba794f,9789,2.5342,2
3c7ec802,17616,2.5342,2
129f2d17,4487,2.5342,2
5de81586,17593,2.5342,2
757cfeae,17990,2.5342,2
344d914f,4249,2.5315,2
5fd1e544,5854,2.5342,2
3c6deea6,1722,2.5342,2
42889f1d,2206,2.5342,2
5013806c,4114,2.5342,2
1c5aabe2,1859,2.537,2
478e293a,2275,2.5315,2
80cb4c8,2381,2.537,2
58a78b48,18052,2.5342,2
44fc59f,2150,2.5342,2
7518b885,6386,2.5315,2
5e518736,9787,2.537,2
120d6c70,9786,2.5342,2
7fca200d,4112,2.5397,2
1b530977,1847,2.5397,2
4969451c,18028,2.5397,2
5facc67,9788,2.537,2
30fedead,4989,2.537,2
1e9a5af7,5855,2.5425,2
1d81e0e2,4347,2.537,2
1e4317eb,3013,2.5425,2
588ea938,1858,2.5425,2
148f1d3c,2207,2.5425,2
576ebd91,1596,2.5397,2
69b79bf,4892,2.5425,2
61cac8,6059,2.5425,2
2d0b6495,17466,2.5452,2
4181eaf5,1852,2.5452,2
54a81022,17602,2.5452,2
3c43dda,5856,2.5425,2
1277e875,123,2.5425,1
1c0a35fb,2428,2.5397,2
12339b38,2146,2.5452,2
6352ac78,2152,2.5452,2
64ea6a27,18003,2.5479,2
2a72f20d,18001,2.5452,2
671abf55,2208,2.5479,2
69fe12d5,9785,2.5479,2
5e72e69f,1597,2.5479,2
632d85c6,2439,2.5479,2
51ff7ee1,5910,2.5479,2
488ea6b1,18042,2.5479,2
31419990,2471,2.5479,2
e8d4162,18044,2.5425,2
242f3e24,4208,2.5507,5
19a9bf3e,1867,2.5507,2
179f6bd5,2014,2.5507,2
737dae15,3009,2.5507,2
5fbb0b8f,1573,2.5507,2
2e7e7040,2276,2.5479,2
52808cfc,1862,2.5507,2
7afa6afe,17996,2.5507,2
165777b7,6051,2.5507,2
8446e6e,4341,2.5507,2
5565f356,2382,2.5452,2
7ce1ce9e,2438,2.5507,2
5126e47a,18013,2.5507,2
7abac72e,4342,2.5507,2
128c23a,18002,2.5534,2
524a6d54,4372,2.5534,2
4ac782b2,1598,2.5534,2
3f646c,9794,2.5534,2
46af9e19,2493,2.5534,2
14bbf0de,4343,2.5507,2
3814d6d0,18018,2.5534,2
4373d9ba,17595,2.5534,2
77616098,2495,2.5534,2
3c1743aa,1609,2.5534,2
22aba0ae,1291,2.5507,2
7f480348,1610,2.5534,2
3d1d999,17991,2.5534,2
68eb3dbc,1857,2.5562,2
5ddc05a,1695,2.5562,2
7a8cbe9f,17618,2.5562,2
d2dafea,3052,2.5534,2
4561b0c5,17566,2.5562,2
48f1b4e1,4250,2.5562,2
23c562b5,3046,2.5589,2
dc7eef6,17467,2.5589,2
748d30cd,3311,2.5562,2
4ea55849,1863,2.5589,2
3fd68d75,5857,2.5589,2
3946c84d,4495,2.5589,2
170ac589,17615,2.5589,2
2b6adf15,1608,2.5616,2
a9c94fd,890,2.5616,2
4d65f763,17610,2.5616,2
42ee4a22,2494,2.5616,2
389e97b,18054,2.5562,2
7f45ac84,4373,2.5616,2
6ddcae8b,2383,2.5589,2
fe092bc,4478,2.5616,2
282591ab,1868,2.5644,2
3f6f6638,1664,2.5644,2
73e1829f,2170,2.5644,2
7bc1c29e,1851,2.5644,2
7998bfe4,3047,2.5644,2
703fca28,3321,2.5644,2
34a52cb1,2279,2.5644,2
4bafa5c0,4494,2.5616,2
7191b5ac,4169,2.5644,2
3e0f5b19,1674,2.5644,2
4b36dc6b,4127,2.5671,2
306fa87a,1848,2.5671,2
9bf9e18,4128,2.5671,2
75a25287,1696,2.5671,2
2db2da62,18123,2.5671,2
1b85ebb1,1675,2.5671,2
5f96ac4b,2496,2.5671,2
1277e3bb,17522,2.5699,2
292d4a5d,1611,2.5699,2
1dc1f4aa,6042,2.5699,2
775ff7ad,17468,2.5726,2
5a98a8c6,3643,2.5726,2
19a46e6a,1599,2.5726,2
bd2bd50,4480,2.5753,2
3b8d118,18030,2.5753,2
1c799731,17619,2.5781,2
4af7290c,1864,2.5781,2
26147dea,1849,2.5753,2
39173b35,10352,2.5781,2
38326c45,4496,2.5808,2
7dc75a4a,3320,2.5808,2
2dd78adc,17628,2.5808,2
282949a1,3048,2.5808,2
35248a5,6043,2.5836,2
4400478f,5865,2.5836,2
5590b4b9,857,2.5836,2
19f82e4a,4129,2.5836,2
7dcec682,5911,2.5836,2
37168beb,3014,2.5808,2
28561049,17546,2.5863,2
2610facc,2473,2.5863,2
60eafdbe,4170,2.5863,2
308fa866,2031,2.589,2
3345244f,93,2.589,1
12227e71,4132,2.589,2
25926686,1869,2.589,2
7e02fbb9,17629,2.589,2
276c2e6a,1870,2.5918,2
689336ca,7353,2.589,2
54684f97,9791,2.589,2
72ee10cb,124,2.5918,1
5a97b9fa,17630,2.589,2
7d7b1e3,84,2.589,1
73be2911,3025,2.5918,2
375a2d24,4171,2.589,2
34fa8caf,18053,2.5945,2
7fef745b,784,2.5945,2
3610bab3,18055,2.5945,2
3464ebc1,5913,2.5945,2
7125e860,2038,2.5945,2
7c4899c,1290,2.5973,2
3fde8d53,3310,2.5973,2
673be23f,10363,2.5945,2
544d0949,4251,2.5918,2
47e4cae2,4348,2.5973,2
644f23eb,2039,2.5973,2
5cdd1f47,17564,2.5973,2
606642d4,2018,2.5973,2
1b427e0,2364,2.5945,2
1cf90c46,7817,2.6,2
28ea0fb9,2209,2.6,2
7ac89892,7816,2.6,2
5ae33b0c,1676,2.6,2
eac872a,18045,2.6027,2
7643d681,2037,2.6,2
7c42ca3b,3007,2.6027,2
4871dcd3,7354,2.6055,2
b89b58a,9795,2.6055,2
4e69062e,3033,2.6027,2
6176e606,3049,2.6055,2
9e9d377,1600,2.6082,2
4fb811dd,9790,2.6055,2
95bd845,9792,2.6027,2
5f4b59be,4172,2.6082,2
18fe5b4b,3021,2.611,2
74acc831,3644,2.6055,2
17479770,18048,2.611,2
4089ec2d,4497,2.611,2
458adb2b,17568,2.6137,2
2f44f4d2,3034,2.6137,2
4130a5d,5912,2.6137,2
b746676,10364,2.6082,2
1834a7b0,8337,2.6137,2
3c5acedf,1865,2.6137,2
1a5633a1,4266,2.6164,2
105e3200,858,2.6164,2
14a7059a,4252,2.6164,2
6c2b7599,4894,2.6164,2
c8393b4,4893,2.6137,2
cbf393d,17984,2.6192,2
17a0afff,5866,2.6192,2
24ec1384,7355,2.6192,2
19d8298e,17571,2.6192,2
78f7c687,2171,2.6192,2
6879e41e,17620,2.6164,2
2ccdbaa6,17680,2.6192,2
740172e8,2032,2.6192,2
32044111,3015,2.6192,2
157a1a5b,4265,2.6164,2
54239ad8,4253,2.6219,2
8c52700,17983,2.6219,2
5b934509,4600,2.6247,2
2bca2486,2476,2.6219,2
3b56f427,9793,2.6247,2
7ebb99d4,18029,2.6247,2
36863981,2497,2.6247,2
4c92d5c3,6044,2.6192,2
40e9e7ba,6388,2.6247,2
623eb34a,4351,2.6274,2
65f3c4bd,4264,2.6274,2
4104a61,3053,2.6274,2
3f15290d,17565,2.6301,2
304ecd62,18031,2.6301,2
277d9cc2,4601,2.6301,2
5cd062bc,18056,2.6247,2
4d801baa,4133,2.6329,2
4a1b756a,5867,2.6329,2
4f479eb5,885,2.6329,2
1f5fa2ad,6387,2.6329,2
cf89496,18049,2.6329,2
47a88247,1877,2.6219,2
3aafbad3,4258,2.6356,2
18b2dd8c,3313,2.6329,2
9134bd5,1876,2.6301,2
2f94910b,2440,2.6356,2
3a72e19f,18057,2.6356,2
41873245,3645,2.6356,2
4c6ec1ee,3024,2.6384,2
67e8fc95,3646,2.6384,2
5fb07655,4352,2.6329,2
275d72fc,3312,2.6384,2
727b6abf,3054,2.6384,2
1404e6f5,2430,2.6411,2
bcd812c,3314,2.6411,2
2edf342a,17596,2.6411,2
7201fd7a,3324,2.6411,2
3e87ab54,7818,2.6411,2
d87d13f,4254,2.6384,2
5aaecac1,4374,2.6411,2
83e196f,4481,2.6411,2
273906c3,2153,2.6438,2
24e7d47b,3647,2.6438,2
17daf7f1,18124,2.6411,2
54eed9b5,2477,2.6438,2
4eb08b5f,4267,2.6466,2
e158807,3315,2.6466,2
764d3f24,18047,2.6466,2
432e784b,6389,2.6438,2
61af22ea,4255,2.6466,2
2b0fa7f3,17572,2.6466,2
1c124240,3648,2.6493,2
9f85725,4604,2.6493,2
39249a71,2033,2.6438,2
210457cd,2474,2.6521,2
77e24c21,4498,2.6521,2
3c687c87,3322,2.6466,2
21828e69,2429,2.6521,2
22bb1fab,7822,2.6521,2
475ddc99,8338,2.6521,2
382e1cb1,18032,2.6493,2
d6a3c1b,2277,2.6521,2
77d63c5a,3036,2.6548,2
5ec68f2d,4271,2.6521,2
16c5dbd0,18026,2.6548,2
7815fffc,10353,2.6575,2
4a13a7f7,2035,2.6575,2
3c6a0c94,18025,2.6521,2
18e187b0,1491,2.6548,2
1f7262dd,4509,2.6548,2
567275d3,18046,2.6603,2
c616603,9796,2.6575,2
66b42f45,2431,2.663,2
71f07474,8340,2.663,2
5e177318,18126,2.663,2
96c4b32,7823,2.663,2
4933bdf7,7821,2.663,2
2c59987a,9935,2.6658,2
47077318,18061,2.6658,2
1acb9fef,5020,2.663,2
4e434544,7820,2.6658,2
2e399ebe,7819,2.6658,2
52daa7d2,5858,2.6658,2
14a86e81,8037,2.6658,2
40957035,4605,2.6685,2
223bcaf7,17569,2.6658,2
25d80d55,2278,2.6685,2
202aec4a,4354,2.6685,2
72d3a309,4510,2.6685,2
16b6e6ca,17682,2.6685,2
19ac61be,3323,2.6685,2
6b6bc5d,17604,2.6712,2
65bc7c0e,2154,2.6685,2
6b6749,8003,2.6712,2
6f4f47a6,2034,2.674,2
15946a60,2036,2.674,2
134e28d0,8038,2.674,2
484454df,18059,2.6712,2
5da35806,4260,2.6767,2
6b52eeb8,3035,2.674,2
93853aa,8139,2.6767,2
63b00cfe,5363,2.6767,2
24141be6,6060,2.6767,2
584f16f2,3325,2.6767,2
13a1bb52,18060,2.6767,2
745a7ceb,1871,2.6795,2
54821c14,3037,2.6795,2
4ae756fd,3444,2.6795,2
16bf7937,9066,2.6795,2
75833aa3,8004,2.6822,2
523ca50,4259,2.6822,2
68b87d02,17681,2.6822,2
7692cea0,4173,2.6795,2
1a28a4f3,8339,2.6822,2
1429cac,4349,2.6822,2
2a39a1eb,86,2.6849,1
28770842,4268,2.6849,2
4abe8dc2,17573,2.6849,2
15eeb75a,8341,2.6849,2
5ceeb7,4353,2.6822,2
678d21ae,4256,2.6822,2
59e37000,17732,2.6849,2
50eeff62,17605,2.6877,2
39d74801,4991,2.6822,2
2d07b4ec,17597,2.6849,2
5e1930da,4257,2.6877,2
5017fae6,3326,2.6877,2
23d93975,1880,2.6877,2
1236e394,6503,2.6877,2
5480bd6,886,2.6877,2
1f88c162,5868,2.6849,2
11223693,17683,2.6877,2
6aa5b8d,17603,2.6822,2
69854174,5870,2.6877,2
4c0a2593,4606,2.6904,2
4c1c042f,87,2.6877,1
18be4812,862,2.6904,2
7f018275,6084,2.6904,2
77fcc6ae,9938,2.6877,2
5b733490,10354,2.6904,2
46c8b4d0,2498,2.6904,2
7878dbe6,7899,2.6877,2
6a59fd5a,5361,2.6932,2
32c47102,2155,2.6932,2
93c9776,5352,2.6932,2
cdc6db,1878,2.6904,2
656d0061,4375,2.6932,2
5cbf51c7,5871,2.6959,2
388489e9,5375,2.6959,2
4258b5e6,17632,2.6959,2
4135f749,17598,2.6959,2
64a37118,2551,2.6986,2
ab68849,4603,2.6986,2
d46fb7c,2475,2.6986,2
63a7ca22,5873,2.6986,2
3cfd352b,8728,2.6959,2
3f78c01b,7356,2.6986,2
1c735cff,1881,2.6986,2
22397bf8,5914,2.6986,2
58d2f939,4350,2.6986,2
189ef9d8,5088,2.6986,2
4535d633,4499,2.7014,2
43a7eece,18125,2.7014,2
2aa8bbf9,4272,2.7014,2
4517c74d,2040,2.7014,2
2e780592,17606,2.7014,2
52d55f0d,17633,2.7014,2
3d4d41dd,4992,2.6986,2
469bc496,4607,2.7041,2
384e7dba,4649,2.7041,2
6810a5bc,17800,2.7041,2
50f4126c,4269,2.7041,2
7e0e206,7825,2.7014,2
1f473918,2280,2.7068,2
3fac6cbf,8039,2.7068,2
4fbb7e54,1678,2.7041,2
4fcb5577,3317,2.7068,2
69e23a6f,5362,2.7068,2
35776a78,94,2.7068,1
21aafb5c,17621,2.7068,2
345f62f3,1489,2.7068,2
4d1cd2e5,3866,2.7068,2
4c161755,4500,2.7068,2
32e15180,1677,2.7096,2
42bc9005,7824,2.7096,2
343ae315,2042,2.7068,2
2080a1d4,4406,2.7068,2
7bbd579b,4376,2.7123,2
32a73e5,10365,2.7123,2
41021f51,17733,2.7096,2
2e6bf28a,4895,2.7068,2
7ed5b06,18072,2.7123,2
6451fedd,4273,2.7123,2
2e1504a1,3649,2.7123,2
21f7df46,3316,2.7123,2
4236b226,6123,2.7123,2
53262474,3327,2.7123,2
187ab77c,5915,2.7123,2
41a3dc4b,18058,2.7151,2
3e7e607d,8506,2.7123,2
5d810e,5356,2.7151,2
21ec951b,1879,2.7151,2
563cb482,5355,2.7151,2
34db3fb5,8350,2.7151,2
79ebdcdb,17730,2.7151,2
73aee4a,3657,2.7151,2
3ceacab0,8005,2.7151,2
fc1e10b,17734,2.7178,2
628a51d1,2478,2.7178,2
4520545f,3652,2.7178,2
2f75b901,5360,2.7151,2
2fbccc5d,8040,2.7178,2
1f8814a2,3658,2.7178,2
18d91c9c,4504,2.7178,2
596f2c90,10366,2.7178,2
58cd39a0,17574,2.7178,2
12c533f4,7856,2.7205,2
5af22e09,4261,2.7205,2
13e5df2e,4377,2.7205,2
4c97e4f4,4940,2.7205,2
7d26c4ff,5861,2.7205,2
366f2f34,3653,2.7205,2
4a9d4a4f,4650,2.7233,2
bce8a78,5357,2.7233,2
6586cadb,8041,2.7233,2
5be409eb,7857,2.7233,2
780d7fb1,10091,2.7233,2
33474d73,17801,2.7233,2
7c9ed2a0,17575,2.7233,2
37c1a01,18062,2.7233,2
109f0d28,4651,2.7233,2
19bae69d,2550,2.7233,2
13bb2cd8,6620,2.726,2
26d592ea,17684,2.7288,2
706fee77,9940,2.7288,2
707480bc,6061,2.7288,2
6af63224,4483,2.7288,2
18ea25d7,4262,2.7288,2
1f37ad,7361,2.7315,2
562ab659,5863,2.7288,2
8ad47b7,8042,2.7288,2
44573dd0,8351,2.7288,2
317e7b4a,3889,2.7315,2
1cbd9da8,8058,2.7315,2
48989fe3,9939,2.7288,2
195dfba,18127,2.7315,2
21a59d20,6845,2.7315,2
28e39af,10375,2.7315,2
72aea48b,5349,2.7315,2
7ec55aba,3568,2.7342,2
510222d7,1492,2.7342,2
22b22a19,5862,2.7342,2
25bf4838,5869,2.7342,2
26555a8,8140,2.7342,2
717bd6bf,4990,2.7342,2
1c4e8e00,891,2.737,2
312f46dd,9032,2.7342,2
2c100949,10092,2.7342,2
30bae108,7858,2.737,2
2fe5003,4505,2.7342,2
723eddc6,1882,2.737,2
70c7a573,4506,2.7397,2
59123615,3867,2.7397,2
354cac20,10355,2.7397,2
4fc13a23,2281,2.7397,2
39ec64f2,4539,2.737,2
49e24584,4511,2.7397,2
6d2e6202,6085,2.7342,2
697a528c,3056,2.737,2
336b70a5,8006,2.737,2
5c2c3fa8,1296,2.7397,2
687edd29,8057,2.7397,2
765e8c56,7834,2.737,2
615a9d51,4735,2.7425,2
4d8b4e23,5859,2.7425,2
250de16f,887,2.7425,2
3b84f772,8008,2.7425,2
39bae068,17731,2.7425,2
641bc106,9845,2.7425,2
78b88590,6244,2.7425,2
166f934f,1697,2.7397,2
2f594a3,7826,2.7425,2
38dc660a,1293,2.7425,2
4f4e084,4482,2.7425,2
6e6bfebe,1490,2.7397,2
74407c7,8353,2.7425,2
40152f5c,3381,2.7397,2
1ba2fd62,4512,2.7425,2
2ab38d1e,4993,2.7425,2
614660b6,2610,2.7452,2
38f1ce52,9798,2.7452,2
95e49fc,5584,2.7397,2
60d8f844,9067,2.7452,2
6c9d50d0,1679,2.7452,2
5a28804f,3887,2.7397,2
2142335f,4274,2.7452,2
503256cb,18192,2.7452,2
43d2de72,1502,2.7452,2
29245f94,3328,2.7452,2
6fff5eb,3057,2.7452,2
622e34,3055,2.7452,2
1e56fc8f,5872,2.7452,2
2ebeecd1,1874,2.7479,2
57971440,5089,2.7479,2
2dfa02e,1297,2.7479,2
46958308,7827,2.7479,2
6f8ebdd1,8729,2.7479,2
368f1c95,2570,2.7452,2
74708f06,6124,2.7479,2
7aedf2cf,5354,2.7507,2
59553b10,1872,2.7507,2
17d677da,9941,2.7507,2
74abb06,2043,2.7507,2
33326ef1,5381,2.7507,2
29c83d73,4994,2.7507,2
13ac6d49,3380,2.7507,2
67edf76b,5021,2.7507,2
1710dd3d,8009,2.7507,2
37f56cc8,1680,2.7534,2
5f3eece0,8352,2.7534,2
7f89a975,8867,2.7507,2
b421a04,125,2.7534,1
57e00ec3,4549,2.7534,2
4608c837,4540,2.7534,2
5a077f12,3329,2.7534,2
1d238185,2567,2.7534,2
7276d15e,5353,2.7452,2
25b74fc5,5874,2.7534,2
177fd14d,8007,2.7534,2
25fe6234,3888,2.7562,2
1b48eea1,4996,2.7562,2
58b395,4276,2.7562,2
805b8fa,6125,2.7589,2
1f8e1d3c,10371,2.7589,2
5c458e80,7567,2.7589,2
4937333b,3040,2.7616,2
ea33fbd,9070,2.7616,2
4ba2e1e7,6853,2.7616,2
1d7897a4,3332,2.7589,2
2fea6cfb,6245,2.7562,2
24aa6252,1883,2.7616,2
54f43317,18168,2.7616,2
64a79ebe,3572,2.7616,2
43bdb0e3,2559,2.7616,2
1fccccaa,6191,2.7534,2
688395f3,8141,2.7616,2
39f2b4a8,17735,2.7616,2
1d1a7f7f,18166,2.7616,2
338efe97,18170,2.7589,2
4adecdd0,4275,2.7479,2
3e86f575,9547,2.7616,2
7029845d,8043,2.7644,2
3417a689,17631,2.7644,2
46bb9d9c,6926,2.7644,2
89b4d96,2556,2.7644,2
13f2cad,4736,2.7644,2
3d884bbb,1294,2.7644,2
34a2916d,10093,2.7616,2
66078d92,5875,2.7644,2
1ea58fbb,5358,2.7644,2
618fca47,2565,2.7671,2
410606e2,892,2.7671,2
1bb7784d,1873,2.7671,2
295de4d7,6619,2.7671,2
2b7bb75c,2506,2.7671,2
31d8bec5,2041,2.7644,2
5aaf9c1d,17802,2.7671,2
361fde49,17570,2.7699,2
475fff7e,9543,2.7699,2
670a92c8,1299,2.7699,2
2137b9a2,2611,2.7671,2
6912c65b,9542,2.7699,2
510e7008,5418,2.7699,2
62a13433,2044,2.7699,2
7ec76b6c,7568,2.7699,2
5af7b1c8,10367,2.7699,2
1984af1,2048,2.7699,2
2334e4fa,8364,2.7699,2
1d7d90b3,18063,2.7699,2
485f5c03,10356,2.7726,2
27d746ce,8060,2.7726,2
237f99bc,18167,2.7726,2
d06d26f,18171,2.7726,2
4e8adefc,3039,2.7699,2
4a9df0e3,2499,2.7726,2
781002f7,4501,2.7726,2
43be3230,8217,2.7699,2
7e6480f5,18169,2.7726,2
18a5a5f0,6246,2.7726,2
3c5faa34,2554,2.7726,2
69b2274,4407,2.7726,2
6672da35,3026,2.7726,2
3406bf25,7667,2.7699,2
41dd9e17,4757,2.7726,2
e4b6c96,4513,2.7726,2
3491ef71,5419,2.7753,2
5280e6e2,10372,2.7671,2
6e28a23e,5022,2.7753,2
317fb50d,5090,2.7753,2
3001db90,3947,2.7753,2
b504086,4378,2.7699,2
20c22a80,18090,2.7753,2
6cd93448,3596,2.7753,2
52babf18,2668,2.7699,2
5b6781b9,6849,2.7726,2
6a40367f,6854,2.7753,2
4f9e240b,6848,2.7753,2
48db109f,8342,2.7753,2
2fd63a74,6393,2.7753,2
44ce023f,8365,2.7753,2
7aced8d1,888,2.7753,2
6a0160ff,10368,2.7753,2
749ae251,4899,2.7699,2
1ead1b1c,4408,2.7781,2
40f1c907,2552,2.7753,2
4cf58998,17622,2.7781,2
7f71156,3174,2.7781,2
1d2a39cb,8056,2.7753,2
2d120e61,6314,2.7781,2
e39e9f8,5376,2.7781,2
40ceb0c9,1884,2.7808,2
20175801,9548,2.7808,2
1dcb2b64,9030,2.7836,2
5cfc770c,3041,2.7836,2
6901cca2,7551,2.7808,2
73cc56d3,2553,2.7836,2
3718d3c5,10401,2.7836,2
8e3963d,5876,2.7836,2
6f602f5f,8507,2.7836,2
39e66222,3038,2.7836,2
7e8b86ae,7859,2.7836,2
f7cf441,7611,2.7836,2
5dd97ed9,7543,2.7836,2
1b3ad9ed,7366,2.7836,2
75ce1702,3569,2.7836,2
575241e3,9801,2.7808,2
edb89d8,10566,2.7863,2
3f6479b4,9363,2.7836,2
144b2681,4385,2.7863,2
725c3a04,17685,2.7836,2
77af554a,18065,2.7836,2
32b75f05,3173,2.7863,2
2e02293e,8833,2.7836,2
3d9dbae0,7364,2.7836,2
4720b34e,6850,2.7863,2
66ec7526,8374,2.7836,2
3095bd1c,3333,2.789,2
3852837c,4502,2.789,2
7260691,2045,2.789,2
57bce62f,8834,2.7863,2
4a5ccc99,18128,2.7863,2
6639ffcd,4383,2.789,2
2ec8f0c8,3063,2.789,2
519c7f15,9544,2.789,2
1668f472,1681,2.789,2
61a16697,3027,2.789,2
5cfb6755,6132,2.7863,2
4db5463e,7358,2.789,2
645b0fd2,7828,2.789,2
568da09b,4419,2.789,2
3cf2e103,8160,2.7863,2
5b11c415,785,2.7863,2
6708653a,6086,2.7836,2
5cba8838,7722,2.7918,2
776b9055,10567,2.7918,2
220fd3c1,6315,2.789,2
6221815e,7612,2.7918,2
5550c38d,6621,2.789,2
68a530f,5348,2.789,2
1a1885a6,3611,2.7918,2
200d94c9,3087,2.7918,2
61b121e4,9028,2.7918,2
e79e0ae,7569,2.7836,2
253b300c,8059,2.7945,2
79766eb1,3064,2.7945,2
2d3058bb,3660,2.7945,2
7bb6ecca,3382,2.7945,2
59cd81de,3336,2.7945,2
1fca503,6665,2.7918,2
6c8db123,4420,2.7945,2
104a47ee,9800,2.7918,2
5a83b0b0,9799,2.7945,2
75d9cedb,6622,2.7945,2
745c7dea,9809,2.7945,2
36eb31b8,2826,2.7945,2
71aa11e5,9810,2.7945,2
11ec6e88,4386,2.789,2
2b2e98d9,8621,2.7945,2
4a3eb61d,4900,2.7945,2
5d1a319d,4507,2.7945,2
3293ad77,4738,2.7945,2
1317a7f9,1503,2.7945,2
2ca675d8,18193,2.7918,2
20bc3f08,3664,2.7945,2
f6bc67d,5359,2.7973,2
21ed9006,3028,2.7973,2
3efa2956,4610,2.7973,2
1dd30942,6126,2.7973,2
7fff15fe,2555,2.7973,2
2e766c52,10358,2.789,2
6356b43a,5864,2.7945,2
c09819f,3338,2.7973,2
bde3505,8763,2.7973,2
16d7ccd0,2747,2.7973,2
577777bc,2046,2.7973,2
40764d54,4503,2.789,2
4e78e3d4,2560,2.8,2
3329bc,2480,2.8,2
7a3f52a2,18172,2.8,2
52a6b079,2558,2.8,2
161db837,4818,2.8,2
20c85b94,5860,2.8,2
39aff8f8,4739,2.8,2
3905072d,2568,2.8,2
5ec74d0c,2557,2.7945,2
3c31a9bb,2748,2.8,2
7a9feefd,7862,2.8,2
6b32b2ec,3868,2.7973,2
ff92dab,2282,2.8,2
3eb4319e,4541,2.8,2
3bd9c8b3,7860,2.8027,2
2584bdbd,3058,2.8027,2
4502b8f6,3612,2.7973,2
3d05188,9033,2.8027,2
3c8bcc1d,1298,2.8027,2
1cf7a8ad,18067,2.8027,2
7405c53c,7363,2.8027,2
1a0d4652,9325,2.8027,2
699e67d0,6927,2.8027,2
390bb71d,17624,2.8027,2
38d6eda5,7357,2.8027,2
19c598d2,7829,2.8027,2
37fccdd,9072,2.8027,2
20fc4e41,8812,2.8055,2
681c4275,9031,2.8055,2
5daa54ac,2067,2.8055,2
20ce62e0,3102,2.8055,2
64779b9,4621,2.8055,2
66aa177b,10568,2.8055,2
c429cee,10166,2.8055,2
342a6fe,7662,2.8055,2
50c81d14,7565,2.8027,2
6d7f2c05,4270,2.8055,2
75c268a8,18092,2.8055,2
63a145b8,2481,2.8027,2
534d1bb4,3661,2.8027,2
7391d465,6422,2.8027,2
671ac116,4998,2.8055,2
1fb7275,4608,2.8055,2
2b90379d,1493,2.8082,2
681e6b77,4758,2.8082,2
15d1b8ed,9326,2.8082,2
24f2d930,4422,2.8082,2
7ec06f01,3175,2.8082,2
659ef67d,6851,2.8055,2
7d103cf3,2484,2.8082,2
4f994138,8614,2.8082,2
640a1b05,10254,2.8055,2
325c97ad,7830,2.8027,2
20e3a285,9074,2.811,2
5c68e5ce,3613,2.811,2
597deffa,9936,2.8082,2
f4afa87,8813,2.811,2
770a985a,893,2.8055,2
32009661,3445,2.811,2
29dd437a,9034,2.811,2
1f696b84,7841,2.811,2
472f342c,17576,2.8082,2
71aa0136,5653,2.811,2
322f4aea,3078,2.811,2
664e2260,5656,2.811,2
587ee4d1,2561,2.811,2
797cfd59,2571,2.8027,2
31cc8086,10697,2.8137,2
2606f9fd,7613,2.811,2
9f1d980,3385,2.811,2
17797bd2,7362,2.811,2
b4cf921,3318,2.8137,2
77cbb672,9546,2.8137,2
42e4010b,3949,2.811,2
53bcd1bb,9937,2.811,2
54062f95,5093,2.8137,2
46cc8d75,4995,2.811,2
87d692c,3650,2.811,2
6af3cd71,4542,2.8082,2
5ff7e89d,6192,2.811,2
3ae80e71,90,2.811,1
59bf2409,6847,2.8137,2
2d53e20a,9942,2.8137,2
4d80443d,7549,2.8164,2
6e27ed19,4387,2.8164,2
37e1407a,2069,2.8164,2
2453b818,5105,2.8164,2
369048c,6394,2.8137,2
1808bb77,8835,2.8164,2
43b7a482,3319,2.8164,2
175eb5e3,4543,2.8137,2
252f46b0,7370,2.8164,2
6a414f84,5364,2.8164,2
579e2026,5662,2.8164,2
19f45169,3331,2.811,2
627afb6f,5377,2.8164,2
358d669b,6846,2.811,2
6ac8bc5c,18176,2.8164,2
a15e3ee,10359,2.8164,2
2cac7d9a,4617,2.8164,2
724b6f2a,4609,2.8164,2
5d4e0763,9071,2.8164,2
786185b7,17639,2.8164,2
37ee778c,2479,2.8082,2
33706f61,6928,2.8164,2
1e757c64,2750,2.8164,2
33ad05d6,8615,2.8164,2
47157229,3059,2.8137,2
3032f50,4762,2.8137,2
244c237a,2569,2.8192,2
1a37125c,7861,2.8192,2
53f0f9ef,6151,2.8192,2
36a0f508,8613,2.8192,2
6d78d5bf,8044,2.8192,2
1907603,18066,2.8164,2
17a3b8cb,7566,2.8164,2
4c4f682d,7842,2.8192,2
97edd47,9884,2.8192,2
1b73b0ce,8162,2.8164,2
2aca0e1d,4778,2.8192,2
134e3d6,17640,2.8192,2
316bd9d,2070,2.8192,2
56598f1,2482,2.8192,2
2bd44cd,18194,2.8192,2
7f25c4a6,8674,2.8192,2
18df8c7b,4611,2.8164,2
5929a2c7,8354,2.8192,2
5da676c,3573,2.8192,2
6fe5162a,7359,2.8219,2
466eb937,6130,2.8219,2
5c305c68,7719,2.8219,2
3f923677,4618,2.8192,2
2c7e13ff,10205,2.8219,2
17bf55a8,8142,2.8219,2
314f202,8810,2.8219,2
4487f00c,2562,2.8219,2
77935eaa,6929,2.8219,2
1a6c47e5,3724,2.8137,2
3ecc2248,3335,2.8247,2
45b0b20d,6535,2.8247,2
28bbd21f,9329,2.8192,2
5090eb82,4423,2.8247,2
544c8488,9324,2.8247,2
f115dba,3337,2.8247,2
4ff1a68f,6391,2.8247,2
392cbe44,5654,2.8247,2
6e378e18,6062,2.8247,2
63f01650,8163,2.8247,2
6b4ee2e9,2687,2.8247,2
31e1faee,3088,2.8247,2
29c9f4d1,1885,2.8247,2
754bb132,2612,2.8247,2
704b00c6,9029,2.8247,2
275eb6cd,6203,2.8247,2
3b1b4165,3725,2.8247,2
b7e92ac,9797,2.8247,2
62a0dce3,3948,2.8247,2
5d1255ab,786,2.8247,2
6f00a3f9,5916,2.8247,2
5bf22fd3,3871,2.8247,2
257f33ea,9554,2.8247,2
75f8bd1a,1295,2.8274,2
27c285b6,5952,2.8274,2
4633e842,9036,2.8274,2
58ce5b2c,9820,2.8274,2
6cc92a28,7663,2.8247,2
9435222,9859,2.8274,2
39e33e7d,7718,2.8192,2
70450b4c,10097,2.8274,2
abfe3c2,9862,2.8247,2
53177b2f,7367,2.8274,2
4056e12d,7836,2.8274,2
60663f8c,6852,2.8274,2
15b271b1,18093,2.8274,2
7d94ae2b,2485,2.8274,3
abc773d,5927,2.8274,2
317cde1a,6063,2.8274,2
5bf7b3b9,5099,2.8274,2
4bcc4e7d,8868,2.8247,2
5dce6e8f,9035,2.8274,2
14854e79,10165,2.8247,2
2969da2c,8161,2.8274,2
7f35caf8,10749,2.8274,2
5f366eb,3599,2.8301,2
1c20a696,7843,2.8301,2
6c1ffcf7,18173,2.8301,2
af1eb0b,3869,2.8301,2
a13f0b6,9802,2.8301,2
24074d6d,6127,2.8301,2
7dd6733b,9551,2.8301,2
3a5db338,10360,2.8301,2
29b618c0,8617,2.8301,2
6076355d,10357,2.8247,2
3c35db00,8248,2.8301,2
224785ce,6392,2.8274,2
75d426cd,9803,2.8301,2
6cbd50af,7368,2.8301,2
34ab96b7,3574,2.8301,2
7e427be3,7668,2.8301,2
71fc75f0,17623,2.8329,2
29c6b2ba,4781,2.8329,2
60b5f810,5101,2.8329,2
34035885,8245,2.8329,2
323d4e82,7837,2.8329,2
5f4db645,10242,2.8329,2
10f7a0c4,10256,2.8329,2
3e1e152f,7831,2.8301,2
2150a169,17652,2.8329,2
6f99b9a4,4777,2.8329,2
668f0530,3654,2.8329,2
54c2783a,3659,2.8329,2
799e03e6,10569,2.8329,2
37e7c697,4619,2.8329,2
40f617e5,2483,2.8329,2
257b4742,6693,2.8329,2
29dfe3de,3061,2.8329,2
55ca8c63,9080,2.8301,2
6e9b5d77,7701,2.8329,2
10bdcca2,863,2.8329,2
6713f271,5953,2.8329,2
76a8b72e,5926,2.8329,2
6ec9437a,9333,2.8356,2
385e8c6e,4901,2.8356,2
c1a0ef7,8375,2.8356,2
74e2e57f,8148,2.8301,2
5094ba0a,7835,2.8247,2
707a19cf,8655,2.8356,2
1ce5718a,3389,2.8329,2
40d4a957,8831,2.8356,2
23fe752f,2563,2.8356,2
48184047,2566,2.8356,2
662995eb,5585,2.8301,2
61118dd2,9069,2.8356,2
46a0eb6,9073,2.8329,2
7434534,8616,2.8329,2
546d4419,10369,2.8356,2
6ba6ba5b,3065,2.8356,2
7c77236b,4280,2.8301,2
11e55e2a,4763,2.8384,2
5ba4b59b,5655,2.8329,2
389f87a3,8010,2.8329,2
452efd1e,3667,2.8356,2
7bdd242e,6390,2.8384,2
3ef43c45,3060,2.8384,2
12876f07,8770,2.8384,2
5db21bf,6154,2.8384,2
37afea17,10206,2.8384,2
25c15498,10013,2.8384,2
3a485271,5929,2.8356,2
66424a5e,9365,2.8329,2
2e75ebd3,7108,2.8384,2
13f0f11,4793,2.8384,2
791c1e9d,2049,2.8384,2
d78bb5a,2781,2.8356,2
564b0f62,7553,2.8356,2
c52e255,18146,2.8329,2
756c2349,17626,2.8384,2
6c1d338f,3386,2.8411,2
2477e73d,10244,2.8411,2
3face9ac,4384,2.8411,2
3b312de5,9885,2.8411,2
10811909,2564,2.8411,2
2bcee37b,8048,2.8384,2
2e4a3cc6,17803,2.8384,2
359f683d,10373,2.8384,2
6da606ab,9806,2.8411,2
31aff55f,17805,2.8411,2
4efc53a0,3790,2.8411,2
5c0d125c,18079,2.8329,2
6654d1bd,18081,2.8411,2
ec14c2,8011,2.8411,2
5da2d92a,8220,2.8411,2
13e9cacc,5432,2.8411,2
2779081f,2068,2.8384,2
3fa4ea42,5593,2.8329,2
5f8eb370,8654,2.8411,2
653cd97,5110,2.8384,2
142e4a22,8346,2.8411,2
494c5dc1,9545,2.8356,2
bed9748,3334,2.8356,2
51224850,8730,2.8411,2
7b9d6437,5194,2.8411,2
1d845e3c,10094,2.8384,2
4a1968c8,10171,2.8411,2
73ff5535,10361,2.8438,2
368dba18,9664,2.8438,2
75ae1451,10224,2.8438,2
65027a0f,8366,2.8411,2
640898ce,4612,2.8384,2
5ac8bd2d,5094,2.8438,2
466e0a8,9550,2.8438,2
53705614,4902,2.8438,2
1ce8116,3870,2.8438,2
2d466702,4794,2.8438,2
9851570,6205,2.8438,2
4c701e2,10163,2.8438,2
6468a733,6128,2.8438,2
7263c177,5367,2.8438,2
6ddd2bc3,7711,2.8438,2
18eed15f,7900,2.8438,2
249a1bb1,6931,2.8384,2
481e0e2c,2283,2.8438,2
4c19a7df,9068,2.8438,2
45e7ba90,3515,2.8466,2
1435a39,17627,2.8466,2
2293e32a,10207,2.8411,2
5620235a,6504,2.8466,2
6e7728dc,3666,2.8438,2
6fd15d92,8731,2.8466,2
526679f1,8405,2.8466,2
50baa14,8622,2.8466,2
2559a546,5382,2.8438,2
7b4cb9bd,8045,2.8466,2
52ed43a1,3103,2.8411,2
8277de9,8244,2.8466,2
37b5b9a3,8343,2.8466,2
56fde755,4740,2.8466,2
6a0f74f0,6624,2.8466,2
e7eac94,10112,2.8466,2
36b616b1,3662,2.8466,2
2c54c965,6332,2.8493,2
15aa54f5,8347,2.8493,2
6e4b50d8,894,2.8466,2
68cec03e,10039,2.8493,2
62db23a3,8788,2.8493,2
34e2c98d,4508,2.8493,2
49fa0fcb,10362,2.8493,2
2511cef1,10583,2.8493,2
11e8971b,3683,2.8493,2
fb96a28,5660,2.8466,2
34448647,5659,2.8493,2
1f89b078,8930,2.8493,2
4a8cacdd,8017,2.8493,2
e20678e,6857,2.8493,2
1ec6aeb3,9037,2.8493,2
128c394b,6226,2.8493,2
4c9ec763,5378,2.8493,2
635b7069,6333,2.8493,2
6e4a679b,10612,2.8493,2
4552ffd7,1682,2.8493,2
7fcd8dc1,6247,2.8493,2
472d6269,8851,2.8493,2
43db5436,6129,2.8493,2
33628eb1,10584,2.8466,2
7ae6a3a8,7369,2.8493,2
28985764,4999,2.8493,2
3b287433,9342,2.8493,2
173a6715,6131,2.8521,2
580e7db9,3597,2.8521,2
6d5b593,9804,2.8521,2
32c732ab,10164,2.8521,2
2e19bd09,3570,2.8493,2
3d619dfa,7571,2.8521,2
67dec91e,5987,2.8521,2
4a36512c,4281,2.8493,2
ef095b0,8771,2.8521,2
25b8d262,7365,2.8521,2
60f69a0b,8143,2.8521,2
2ee1ee14,3874,2.8493,2
5cf137a4,10011,2.8521,2
701b9076,2487,2.8493,2
3f39c59a,5025,2.8521,2
1e891d27,6539,2.8521,2
7be45bee,3789,2.8521,2
2efd1f21,10374,2.8521,2
5f190a71,5586,2.8521,2
92f4490,3383,2.8521,2
50cd5570,9886,2.8521,2
168f5c5f,8618,2.8438,2
152867d,1904,2.8548,2
722a4903,3795,2.8521,2
3a480b5,10255,2.8548,2
48f6f4e3,3791,2.8548,2
24772406,8764,2.8548,2
31832f9b,5027,2.8548,2
11c10af9,10208,2.8548,2
6eefa5ce,4409,2.8548,2
7325fb01,10381,2.8548,2
5b72fd09,18094,2.8548,2
427db25c,8247,2.8548,2
512fae08,8050,2.8548,2
d8ebadf,8633,2.8466,2
fd51b33,6248,2.8493,2
415884d2,7544,2.8548,2
6e1821f7,5657,2.8548,2
42eb9dd2,8852,2.8521,2
3a4b9f12,4421,2.8521,2
23857b9a,8221,2.8548,2
3f30f29d,8348,2.8548,2
10887b15,8345,2.8548,2
62a48db8,10611,2.8493,2
e1361db,6155,2.8521,2
68c6dc04,7294,2.8521,2
50da6f9b,8832,2.8548,2
359f646,3099,2.8548,2
16d1524f,6856,2.8575,2
48a99a6d,6694,2.8575,2
4b0c9254,7550,2.8575,2
454089cb,5091,2.8575,2
72ba6b5,6206,2.8575,2
1b74cf35,6749,2.8575,2
1f8a44c4,5350,2.8575,2
1316435c,3950,2.8575,2
67c39a57,127,2.8575,1
6affedff,9805,2.8575,2
1f8e36a1,9079,2.8575,2
574f8af2,8246,2.8575,2
1a2e58bb,5661,2.8575,2
75a059ce,8406,2.8521,2
29c90644,2749,2.8575,2
1f1d480b,5658,2.8548,2
60a5c290,5433,2.8575,2
4b16cc6c,6855,2.8575,2
416b1f09,4424,2.8575,2
2395be35,6133,2.8575,2
540ceda0,5199,2.8575,2
1af314f3,5023,2.8548,2
67fbce6d,9883,2.8603,2
6991b0b1,2078,2.8603,2
5ac331ce,3208,2.8603,2
5815e2e9,18073,2.8603,2
6124d720,7448,2.8603,2
5d4f78d,6156,2.8575,2
46daebb8,3684,2.8603,2
31af5b20,5689,2.8603,2
767507e2,6930,2.8603,2
543fee3e,10302,2.8575,2
47f3a974,9588,2.8575,2
45a9582a,6542,2.8603,2
e146de4,6695,2.8603,2
2535f1bb,4029,2.8603,2
500031d3,5951,2.8603,2
2cd1e98d,8049,2.8603,2
7b656bf3,5198,2.8548,2
748204bd,4278,2.8603,2
59542c84,3571,2.8603,2
88b00d4,9364,2.8603,2
58e1c8c5,6623,2.8603,2
3ca28888,7616,2.8603,2
446aa394,8872,2.8603,2
14b7866d,17625,2.8603,2
4246c3de,8869,2.8603,2
6a08e5d6,6204,2.8603,2
202a364b,5436,2.8603,2
68c83d8a,5935,2.8603,2
7b6f8d00,10095,2.863,2
7cc7de3f,8355,2.863,2
5343f8ee,9552,2.863,2
276f996b,5988,2.863,2
ae4ee05,8814,2.8575,2
d6475d4,5958,2.863,2
38e350e8,9564,2.8575,2
702a41ec,2500,2.863,2
41ac781e,3665,2.863,2
1a531581,9549,2.8603,2
65c64fb9,8164,2.8548,2
376a4408,7925,2.8575,2
198e4de4,2501,2.8575,2
3bc0ba43,6087,2.863,2
39bd4fa7,9447,2.863,2
548089d3,8508,2.863,2
5c12069c,5379,2.863,2
37055a8e,5434,2.863,2
7854a477,7555,2.863,2
37189197,7617,2.863,2
9b42795,2613,2.863,2
2862774e,3655,2.863,2
65ac73b8,3605,2.8603,2
704c81e4,7665,2.8603,2
5aa78173,3578,2.8603,2
16cd4a5d,3176,2.863,2
65aaf53a,2672,2.863,2
4d0aee95,5258,2.863,2
2bc0425e,5688,2.863,2
b575717,10243,2.863,2
6cf4addf,1684,2.863,2
57236ad9,5492,2.863,2
20da193a,2688,2.863,2
65925622,8018,2.8658,2
7f766243,3967,2.8658,2
560d1d41,2698,2.863,2
1ab4c0fb,6157,2.8658,2
6d60b6c9,4737,2.8658,2
5cd7d1cf,5917,2.863,2
2148a55c,5026,2.8658,2
1f915321,6752,2.863,2
231efb30,6193,2.8658,2
317e08f9,7706,2.8658,2
149c9b3a,18180,2.8658,2
503c4e,8357,2.863,2
2fbba454,3879,2.8658,2
4ba0d764,4620,2.8658,2
65d65ae6,8377,2.8603,2
2fa6f909,4657,2.8658,2
3a3baf87,8656,2.8658,2
6e28048b,7669,2.8658,2
370bc5d5,6934,2.8658,2
237ee5dd,4759,2.8685,2
23a5583a,6095,2.8685,2
3b083e0a,10179,2.8685,2
5c28e97b,7664,2.8685,2
155bebc7,5095,2.8685,2
720ab229,3387,2.8685,2
268ee1b8,18148,2.8685,2
17cb7a00,5922,2.8685,2
5c0c630d,17804,2.8685,2
47742ac6,6540,2.8685,2
60c853fb,8194,2.8685,2
319aed7b,5370,2.8658,2
43ccb5b0,9088,2.8685,2
e31f44e,10170,2.8658,2
6875dd54,7618,2.8685,2
4a801c2a,2084,2.8685,2
45bb3f46,5420,2.8685,2
2c97d134,3600,2.8658,2
2d05d36c,10012,2.8685,2
a6b7436,10245,2.8658,2
6bdc24e5,4410,2.8685,2
21f714f8,5028,2.8658,2
33fb6f83,5594,2.8685,2
30e65423,3089,2.8712,2
3a17a5d6,8149,2.8712,2
13b1a2e6,4997,2.8712,2
235e26b8,6541,2.8712,2
afec6fd,5100,2.8712,2
4bb1d227,126,2.8685,1
49f4d03e,8736,2.8712,2
4e4af5c3,3517,2.8712,2
45577977,1683,2.863,2
1cf36154,9889,2.8685,2
5916a807,2690,2.8712,2
368ce63b,18083,2.8712,2
2ff1e9c4,4658,2.8685,2
288fc4af,2071,2.8712,2
44b50729,6339,2.8685,2
15598cba,8811,2.8685,2
35c6f81c,5936,2.8712,2
5dd70d9e,3330,2.8658,2
633ae8b7,8623,2.8685,2
f5a27b6,2047,2.8712,2
56bf56bb,10750,2.8712,2
54bb4268,1886,2.8712,2
3b388a00,1504,2.8685,2
282dd592,2689,2.8685,2
60706718,3686,2.8712,2
3e498b37,9807,2.8712,2
12ef18cb,17817,2.874,2
1cc9b0fc,7577,2.874,2
7fe24cda,8153,2.874,2
d007022,2515,2.8712,2
71bd5909,9887,2.874,2
67431809,6134,2.874,2
36dc0a4d,8836,2.874,2
5bb504d0,8265,2.874,2
553aeee4,3651,2.874,2
1ad90058,3726,2.874,2
c93044f,3604,2.874,2
2ac6371a,7709,2.874,2
7c1ede6d,8765,2.8712,2
f7ec6ba,4514,2.8685,2
db1547f,8625,2.874,2
16d4cc34,10167,2.8712,2
1cb39535,8737,2.874,2
6581db0f,6399,2.874,2
6214796c,8193,2.8712,2
5211ac76,3580,2.874,2
3203ce,6064,2.874,2
520b913c,7570,2.874,2
39b971d1,7914,2.874,2
5924bee1,4553,2.874,2
630938cd,6630,2.8712,2
78a7b093,10699,2.874,2
278ac1ed,7720,2.8685,2
29862651,3091,2.874,2
5b43ed49,5092,2.874,2
1ea5fd9a,7844,2.874,2
6fd1d20a,10098,2.874,2
777dd50f,17641,2.874,2
3390470c,8637,2.874,2
2e825c9,8624,2.874,2
63c8e61c,6136,2.874,2
7a0492c7,18147,2.8767,2
4b1d12ac,8154,2.8767,2
898a06b,17644,2.8767,2
2c444f62,9330,2.8767,2
72886287,8378,2.8767,2
51238608,6266,2.8767,2
1cf5ffbf,5587,2.874,2
12448c1c,8349,2.874,2
23694889,8839,2.8767,2
6eb7892a,6158,2.8767,2
5d8c8b44,7044,2.8767,2
6b9ec885,8620,2.8767,2
25ae87f,10585,2.8767,2
26d081b4,5384,2.8767,2
5076dfc7,8796,2.8767,2
6999a826,4546,2.8767,2
1132b5c3,5380,2.8767,2
74de9f70,7048,2.8767,2
21928884,9368,2.8767,2
4cb72eb4,10402,2.8767,2
47fcf396,3179,2.8767,2
6380bbd7,7360,2.8767,2
392f37b9,3518,2.8767,2
63a59dc8,5449,2.8767,2
5646ff90,7703,2.8767,2
71d50733,5956,2.8767,2
103e9589,8266,2.874,2
5fba119b,5024,2.8712,2
70d15c22,3672,2.8767,2
3ee1df83,2510,2.8767,2
7e13d47c,4760,2.8795,2
1ae584ea,1890,2.874,2
355ba65a,10589,2.8795,2
bbf5e3f,4903,2.874,2
155c68e4,6068,2.8795,2
25f1b00b,9597,2.8795,2
53340eed,3092,2.8795,2
452120fd,9812,2.8795,2
73552e67,7554,2.8795,2
5b873a1,17815,2.8795,2
2de1faf5,8675,2.8795,2
7632a7a,6096,2.8795,2
42b3f7ca,6935,2.8767,2
610b017c,2085,2.8767,2
3bf73d2c,7304,2.8795,2
7d947488,6858,2.8685,2
5f000f9d,18195,2.8767,2
6639e5e0,9846,2.8795,2
6425aa56,7702,2.874,2
3a4ba26e,5435,2.8795,2
65683e5d,7552,2.8795,2
4cd7c1f5,864,2.8795,2
5e9b523,10748,2.8795,2
62d62f22,3602,2.8767,2
2e2da013,6865,2.874,2
46687ff3,4820,2.8767,2
34c2d6a2,2723,2.874,2
3b230614,1875,2.8767,2
7c4a2db4,7404,2.8767,2
2fb6b220,6932,2.8795,2
2aa4c7c2,4747,2.8767,2
5d55e875,7838,2.8822,2
47bcfb83,9327,2.8822,2
87163f2,9558,2.8822,2
257bc8c5,18178,2.8795,2
4612912c,10050,2.8795,2
3fc659f8,6933,2.8822,2
119e649d,1905,2.8795,2
33d00315,8051,2.8822,2
303d986e,10168,2.8767,2
4bfb534c,2710,2.8822,2
467fca52,9129,2.8822,2
45f6c4a9,4819,2.8822,2
5fdc8197,5496,2.8767,2
7504b123,2614,2.8795,2
29a6a905,5351,2.8795,2
3856fe4e,8846,2.8822,2
439e4c,8379,2.8767,2
509eaace,8871,2.8795,2
4c6cdf59,6548,2.8822,2
43c7ec14,6207,2.8822,2
5feabbde,10096,2.8822,2
7a07a237,4381,2.8767,2
503b2c39,9081,2.8685,2
430b9b83,7666,2.8822,2
2c60dd66,8732,2.8822,2
265ea77f,5106,2.8822,2
610faf99,8344,2.8822,2
797eae0d,6138,2.8822,2
685c1d65,7619,2.8822,2
42fd76e5,3459,2.8795,2
114b449a,5195,2.8822,2
d24424d,1915,2.8849,2
51bd1b9,5538,2.8849,2
2cf8c5a1,6697,2.8849,2
675c2b30,18080,2.8849,2
5624ec7e,17816,2.8849,2
48c53bbc,18070,2.8849,2
1388ad04,3062,2.8849,2
7ab5bbb,9366,2.8849,2
7937b719,7371,2.8849,2
7fb416a4,7614,2.8849,2
48fba475,7039,2.8849,2
cb05d0c,18074,2.8822,2
53ee7b08,6135,2.8849,2
23821f22,9083,2.8849,2
36cfdf2b,7378,2.8849,2
3899bcc3,9890,2.8822,2
180fb6e3,6538,2.8849,2
2bc7d1cf,10376,2.8849,2
48dbfd1a,5622,2.8849,2
63b9651b,3177,2.8849,2
1633b20b,8801,2.8822,2
39d407b4,6152,2.8822,2
736eb680,8218,2.8849,2
6632588b,1929,2.8849,2
4e0b78eb,3688,2.8849,2
6d129631,9943,2.8849,2
45a328cb,3598,2.8849,2
437f5c49,4391,2.8849,2
7c692d58,10700,2.8849,2
377db2ad,5311,2.8849,2
71342578,6395,2.8849,2
22245889,8619,2.8849,2
7e1dd976,8753,2.8877,2
47b95fe8,8150,2.8877,2
1d8b6568,8802,2.8877,2
582b55e1,8767,2.8877,2
1deb8640,8797,2.8877,2
44207fb9,4379,2.8877,2
dad3ae2,3100,2.8877,2
48a89141,18068,2.8877,2
6672a0,18151,2.8877,2
4600f7e1,8870,2.8877,2
798b0e7,1887,2.8877,2
6306f0dc,6139,2.8822,2
50c67d6e,1894,2.8877,2
26721bf2,5450,2.8877,2
11b83768,9589,2.8877,2
53e5b230,3656,2.8877,2
7313880,3516,2.8877,2
647f0805,6163,2.8877,2
342c6095,8219,2.8877,2
4aa63012,6536,2.8849,2
445df4fe,9331,2.8877,2
587ee350,2676,2.8877,2
6d1538b9,6937,2.8877,2
f810802,4550,2.8849,2
74dc9f40,5107,2.8877,2
4452af08,5954,2.8877,2
704673e3,2669,2.8877,2
74ebfd3f,4544,2.8877,2
6b6c4b9d,7381,2.8849,2
7700b4f1,9038,2.8904,2
3a796413,17690,2.8877,2
673603ce,10505,2.8904,2
42e675c7,10169,2.8904,2
68fb2ad0,3685,2.8904,2
1e1202f3,6097,2.8904,2
106cb498,9328,2.8904,2
2f8e903e,6137,2.8904,2
62b93d58,5955,2.8877,2
d29b637,4904,2.8849,2
35467ab2,8012,2.8904,2
1167767f,8300,2.8904,2
56b09598,2512,2.8904,2
238d33a2,5959,2.8904,2
8f59976,6864,2.8849,2
e60e130,3101,2.8849,2
530a0ae1,1906,2.8849,2
76611b44,8873,2.8904,2
5c2ea931,3199,2.8932,2
16749135,2507,2.8932,2
32ee84a4,5497,2.8877,2
3b8e9aa8,10304,2.8932,2
12c0cbc9,8635,2.8932,2
208f1d9d,8052,2.8932,2
6682768c,9665,2.8932,2
2916eb2e,3093,2.8904,2
3d1cf346,8789,2.8932,2
6527728d,4782,2.8904,2
72b572bb,9556,2.8904,2
617ca5ae,6550,2.8932,2
10e44eb3,5373,2.8932,2
287aebce,9888,2.8932,2
5478c3d9,5452,2.8932,2
625ab2a1,4283,2.8932,2
e35981a,3951,2.8904,2
360644e3,5451,2.8932,2
54e9cc59,7545,2.8932,2
63034310,4392,2.8932,2
a847f53,3792,2.8904,2
38273966,9553,2.8932,2
1af08330,6973,2.8849,2
e10f33,5371,2.8877,2
29b6869b,18084,2.8932,2
285b76c2,7839,2.8932,2
362c89fa,7578,2.8932,2
3e3c809b,2050,2.8849,2
23a34b99,5595,2.8932,2
36d3522b,1895,2.8932,2
503dd449,10701,2.8932,2
20cf4ed,9343,2.8932,2
586e846f,8837,2.8932,2
5068a492,3519,2.8932,2
5f89ec88,9857,2.8959,2
723f707b,7035,2.8932,2
3ac7d008,2782,2.8959,2
1a794fa,10619,2.8959,2
162676c3,9075,2.8959,2
3033645c,9977,2.8959,2
20ce237e,8167,2.8959,2
240df0ff,4545,2.8959,2
1b81ad3,7572,2.8959,2
2a029f3c,6260,2.8959,2
7b869cd1,6262,2.8904,2
30c71156,9448,2.8959,2
71e8eb1f,2489,2.8959,2
4f2d7161,8838,2.8932,2
21c41,8438,2.8959,2
8c7e0b6,8013,2.8959,2
3ec142a2,6631,2.8877,2
1ac38a62,4523,2.8959,2
ab37d6f,10009,2.8959,2
3d46fedf,7376,2.8932,2
9266f87,3541,2.8959,2
fb0645b,8843,2.8959,2
6a9ce022,7377,2.8959,2
1bdfa7ad,5437,2.8959,2
1ef938c7,4389,2.8959,2
14c38dc1,3401,2.8959,2
2ea39289,8657,2.8932,2
22bda9ba,10010,2.8986,2
3b083d20,10407,2.8986,2
7555922a,18075,2.8959,2
7d70a4c4,2767,2.8986,2
4ff54639,18076,2.8986,2
5957d0f5,3880,2.8986,2
21f9099f,8267,2.8986,2
1e6f5fcf,3575,2.8986,2
6515b7f1,17818,2.8959,2
44585717,8634,2.8986,2
4918835a,5029,2.8986,2
1274c36e,2514,2.8986,2
754379ad,2766,2.8986,2
1c9f336b,3347,2.8986,2
1a793f00,4771,2.8986,2
2e22e092,5385,2.8986,2
40c27aea,7556,2.8986,2
25231df2,10008,2.8986,2
905a44a,7424,2.8986,2
7671b769,9847,2.8986,2
4f6eef45,6228,2.8986,2
1c28d968,5366,2.8986,2
689a4858,18149,2.8986,2
21599b92,5588,2.8986,2
5a68ba2f,3178,2.8986,2
624462e0,2486,2.8986,2
38fd1459,18069,2.8986,2
55159ddf,9367,2.8986,2
4ab3ec90,18177,2.9014,2
ba1d444,8151,2.9014,2
c453983,3446,2.9014,2
5b2e56b5,88,2.9014,1
222cd36a,2711,2.9014,2
772e6cd3,9555,2.9014,2
72288586,4414,2.8877,2
1fe9c102,7161,2.9014,2
1b257ed8,6267,2.9014,2
2d97dc8f,8799,2.9014,2
78803816,10101,2.9014,2
3b466f8,9334,2.9014,2
21f5890b,8663,2.9014,2
7045ade6,4761,2.9014,2
4026de88,10225,2.9014,2
53c601a7,5368,2.9014,2
381dbb0,18071,2.8959,2
752597d6,8535,2.9014,2
675d1eca,4769,2.9014,2
13e99aae,3875,2.8959,2
160d6bec,7037,2.9014,2
7baee877,4786,2.9014,2
f89fc49,10209,2.8932,2
76fff0e9,3402,2.9014,2
2f3d52c7,18174,2.9014,2
52921ec7,2488,2.9014,2
5ef3a9b2,6196,2.8986,2
5782723d,8626,2.9014,2
126ca960,10258,2.9014,2
50caf9cc,7840,2.8986,2
1337745e,4380,2.8986,2
57e0ff9f,5365,2.8932,2
13901890,8738,2.8986,2
20306baa,7457,2.9014,2
2733f2f9,8165,2.8986,2
f0ee7c5,6505,2.9014,2
5fc2edbc,3079,2.9014,2
47213121,8803,2.9041,2
7c0cb0d5,6223,2.9041,2
44103197,8804,2.9041,2
482a581a,8166,2.9041,2
3cd8c61f,7472,2.9041,2
743f7335,9090,2.9014,2
6d2cff7f,2892,2.9041,2
418ddc2a,4388,2.9041,2
1a338a98,6259,2.9041,2
52e724eb,7641,2.9014,2
1168e901,10120,2.9041,2
5d4e4359,5034,2.9014,2
361bbbb8,3674,2.9041,2
57938888,4282,2.9041,2
50df1e79,6340,2.9041,2
3bf4b8f5,3388,2.9041,2
4dfcbb18,10766,2.9014,2
140f6059,5275,2.9014,2
5f936d98,10099,2.9041,2
77978cc5,4788,2.9041,2
6c5fd24e,10210,2.9041,2
693ab1d2,8249,2.8986,2
6d81904,9595,2.9041,2
42635bea,5372,2.9041,2
9d916c7,4775,2.9014,2
35d1920f,7494,2.9014,2
7387bd88,10121,2.9041,2
4f5df437,9044,2.9041,2
2ab3c9ab,1916,2.9041,2
2be30419,4547,2.9041,2
6acd508c,3687,2.9041,2
5335e630,7913,2.9041,2
1f7c99f8,3181,2.9041,2
1d107a23,3603,2.9041,2
2e607654,9262,2.9014,2
2ea91a24,3403,2.9041,2
52517da7,3818,2.9041,2
4c0ec4ac,8443,2.9041,2
6171c9af,18154,2.9068,2
6ae375bf,4844,2.9041,2
1b9dc6b8,4554,2.8986,2
3070cbe,5196,2.9041,2
76f979f,5096,2.9068,2
5e8a7e90,9860,2.9068,2
649bea49,10463,2.8986,2
bc87bc4,7049,2.9068,2
70e0d64d,8446,2.9068,2
7d13583f,10370,2.9068,2
46e12c76,8840,2.9068,2
5952ccd6,5743,2.9068,2
e3f7935,7409,2.9068,2
32ab64d1,6866,2.9068,2
7d77e509,17653,2.9068,2
781b9401,5989,2.9068,2
1faee99d,5494,2.9041,2
50e3f482,4551,2.9068,2
25e0c97a,7046,2.9068,2
22d35c38,7615,2.9068,2
1ffea5b,2508,2.9041,2
697519f8,3919,2.9041,2
26fda7b0,9335,2.9041,2
575110c,5383,2.9068,2
33318e6,2618,2.9068,2
7ba68ecb,5495,2.9068,2
3a5de29e,7832,2.9068,2
2e1149fa,2513,2.9068,2
71560242,8145,2.9041,2
2c9556b2,4787,2.9041,2
5c069015,4768,2.9068,2
6d12909a,7873,2.9068,2
4e22332a,5930,2.9041,2
13999d88,3606,2.9068,2
4605c477,8189,2.9068,2
21718e2f,7927,2.8986,2
7008ae7,2724,2.9068,2
174a3f6,7031,2.9014,2
6fee242a,4741,2.9096,2
30449182,1891,2.9096,2
588acd81,2933,2.9068,2
5b5e33c5,7040,2.9096,2
450f83f0,10457,2.9096,2
51d3d252,10506,2.9096,2
5fbbeb2c,8358,2.9014,2
75d13b05,6936,2.9096,2
4c78364c,10698,2.9068,2
48a93e54,5421,2.9096,2
3763cd3,7585,2.9096,2
314551a,8658,2.9096,2
7f615f6e,18179,2.9096,2
4fb4f62f,8536,2.9068,2
7226dc98,17820,2.9096,2
4004e6ab,7011,2.9096,2
52743e65,8254,2.9096,2
6199c734,6088,2.9096,2
14f66e46,2638,2.9096,2
5070b25c,2673,2.9096,2
37a63747,5279,2.9096,2
64f67601,10757,2.9068,2
3f0a2ffd,17692,2.9096,2
6a3d9812,5493,2.9096,2
6ca7961d,3727,2.9041,2
3b6e638f,9082,2.9096,2
5575c6d8,1494,2.9096,2
538e296c,8144,2.9096,2
23db5be5,3467,2.9096,2
395ca15c,6194,2.9096,2
3c95a7e,4652,2.9096,2
4b732393,3614,2.9096,2
5cf171b6,6696,2.9096,2
304b6f23,7032,2.9096,2
122ce50f,10524,2.9123,2
5bff479e,5673,2.9068,2
94298c9,7162,2.9041,2
621bccb5,10663,2.9123,2
17ea4964,3080,2.9123,2
36883fb0,5312,2.9096,2
2b917d78,5276,2.9123,2
2c9da086,17634,2.9123,2
17d362db,18201,2.9123,2
5237a82c,5960,2.9096,2
25b56865,9813,2.9123,2
56fbb16,7579,2.9123,2
926c4da,8780,2.9123,2
66bf6b1a,7010,2.9123,2
6847d1e8,5923,2.9068,2
108860fd,4653,2.9123,2
2f377622,895,2.9096,2
324d3f65,10409,2.9123,2
64d36055,8157,2.9123,2
370f6bba,4766,2.9123,2
239d8d1f,3340,2.9123,2
7870281e,2783,2.9096,2
75e3e8d,6396,2.9123,2
4b40c767,5403,2.9123,2
47a5e65,4447,2.9123,2
577247a,3209,2.9096,2
498f6d23,2051,2.9123,2
7db3b62c,7721,2.9123,2
b6f5541,9087,2.9123,2
46d9c0b4,4821,2.9123,2
1086377c,8754,2.9096,2
70e4f196,4279,2.9068,2
1d07796,4515,2.9096,2
1b8426c5,6317,2.9123,2
984cb78,4005,2.9123,2
281830e3,8061,2.9123,2
7fa71c37,1892,2.9123,2
7d49a892,5589,2.9123,2
52397348,7045,2.9123,2
3b4fdec4,6771,2.9123,2
7cce3b3e,7425,2.9123,2
4cf3110d,2524,2.9123,2
37ee246b,8639,2.9123,2
554998e8,8640,2.9123,2
6e4b9659,5422,2.9123,2
1d2f0b98,17642,2.9014,2
528a6639,9086,2.9123,2
3f8c9a55,9817,2.9123,2
6b695058,7926,2.9096,2
1d2eb29,8301,2.9123,2
49000a49,10102,2.9151,2
50175559,6424,2.9151,2
6eb7cc3d,4452,2.9151,2
430b8f4b,6708,2.9151,2
ba169b8,8676,2.9151,2
42ba68c7,8053,2.9151,2
286d5054,5920,2.9151,2
78ebb740,8636,2.9151,2
7887ed4c,3094,2.9151,2
696a4ecb,7713,2.9151,2
2b475c42,7928,2.9151,2
eb3afdd,10305,2.9123,2
4919ceca,18202,2.9096,2
723ecd34,5692,2.9123,2
630a2a7d,7004,2.9096,2
7054bc86,8580,2.9151,2
77bc43d8,7036,2.9151,2
736f6776,7576,2.9123,2
4184f2a4,6164,2.9123,2
14e1d69e,5117,2.9151,2
38d21e74,7872,2.9123,2
156f559,10586,2.9151,2
90a76d2,5540,2.9123,2
6ffdb485,8376,2.9151,2
75b2dac2,9815,2.9151,2
43f80510,4294,2.9151,2
191e575b,2059,2.9178,2
17b0b118,3583,2.9178,2
1b459161,4390,2.9178,2
78423c01,3954,2.9178,2
7b11669c,3877,2.9178,2
105e522a,1897,2.9178,2
4178d1b7,7172,2.9178,2
27a707d9,7707,2.9151,2
4e6c9518,8475,2.9178,2
3e393fcf,17686,2.9178,2
251bcfc2,4789,2.9178,2
5c14f520,3581,2.9178,2
4392b8b4,1685,2.9151,2
e7726f9,3585,2.9178,2
697c318b,5921,2.9151,2
2e8c5ace,3180,2.9178,2
4ed6b1b6,6165,2.9178,2
f593615,8476,2.9178,2
1e4cac2c,8778,2.9178,2
658ae730,7916,2.9178,2
338ba42d,8768,2.9178,2
41a01fee,6627,2.9178,2
3b733bbe,3922,2.9178,2
4025dd30,2829,2.9178,2
72a40163,7033,2.9151,2
1c6069d6,3210,2.9178,2
3e6c0f2f,5423,2.9178,2
19550a0e,6397,2.9123,2
50ce898f,9175,2.9178,2
23325ec,7041,2.9178,2
1d02c2a5,2846,2.9178,2
43c9b35d,7642,2.9205,2
67efc85a,2532,2.9205,2
36abb8b6,7735,2.9205,2
7ce88d0e,3601,2.9205,2
2605171f,7710,2.9205,2
77746fdc,8436,2.9151,2
79296934,8766,2.9205,2
601dd353,8841,2.9205,2
5825b2a3,4905,2.9205,2
cfb3cf4,6066,2.9205,2
3ea98496,1907,2.9205,2
30205f5b,6270,2.9205,2
45e55356,8196,2.9205,2
10accb82,10455,2.9205,2
62d36035,3673,2.9178,2
50bb31b3,6667,2.9205,2
3f2bb711,4913,2.9205,2
48098a08,9398,2.9096,2
169afb1c,3872,2.9178,2
492d9bad,6159,2.9205,2
30069875,9821,2.9178,2
3939016f,7708,2.9205,2
5bc8aa66,8733,2.9205,2
234b23d6,8447,2.9205,2
7e9da241,4622,2.9205,2
2d3eecc8,2573,2.9205,2
7a5c48d7,10492,2.9205,2
b9f1c8a,6861,2.9205,2
151a1c05,6773,2.9205,2
6863b4d,8815,2.9205,2
1809c443,5498,2.9205,2
1e84d1ba,2692,2.9178,2
6d0ce5ac,7034,2.9205,2
2833363c,10016,2.9205,2
1f583c24,5259,2.9205,2
15a94830,6398,2.9205,2
27693774,8444,2.9205,2
2dc297b0,5991,2.9205,2
1cf1d6e2,2847,2.9233,2
42967044,3448,2.9233,2
2c2a2df5,7372,2.9205,2
15ec50d7,8411,2.9233,2
30e94123,7478,2.9205,2
738d24e,8014,2.9233,2
765d86bd,5620,2.9178,2
354f0ffb,6545,2.9233,2
be55806,9041,2.9233,2
7cf8db45,10257,2.9233,2
3d13dc36,7057,2.9233,2
28bc0e26,8628,2.9233,2
2761dd47,5386,2.9233,2
404cd424,10587,2.9233,2
66594c5,8682,2.9233,2
3cfd45bf,6334,2.9233,2
1faccc7a,8769,2.9233,2
3cbe0808,2284,2.9233,2
360ea12d,4663,2.9233,2
1ce7d895,7038,2.9205,2
4a61b60b,4914,2.9233,2
33d76c21,3548,2.9233,2
7093a4bf,6698,2.9233,2
5292f948,10122,2.9205,2
1504ccff,9858,2.9096,2
1d3a1c1a,7573,2.9233,2
7061e55e,2670,2.9178,2
35fc0aa3,10408,2.9233,2
7f5f07a3,6938,2.9233,2
6ac4bd7,17706,2.9205,2
4b3b4dd4,2854,2.9205,2
340f0af8,3968,2.9233,2
61f3a7c8,8537,2.9233,2
5d045508,4030,2.9233,2
5e5bad2,4290,2.9233,2
72dced4a,2893,2.9205,2
14a10257,6760,2.9233,2
583592f1,8844,2.9233,2
2484a3d8,5957,2.9233,2
50c2670a,6090,2.9233,2
c9faeb0,4291,2.926,2
1030b6ce,7877,2.926,2
54d95b30,4941,2.9178,2
64e61c23,10620,2.926,2
65fdf904,7580,2.926,2
14663125,6666,2.9205,2
1089518b,6366,2.926,2
1f573a1,4949,2.926,2
6cfc935b,8854,2.926,2
552670b8,6091,2.926,2
5f9986c1,5541,2.926,2
7a537b0e,3607,2.926,2
5e61725,9084,2.926,2
5091679e,17636,2.9233,2
36d46e84,7704,2.926,2
25e84911,9450,2.926,2
f82836e,18078,2.926,2
4482dda9,4555,2.926,2
1f74ef30,10378,2.9151,2
a410214,10760,2.926,2
6d06728c,6208,2.9233,2
3f3b8510,8800,2.926,2
78ee0a8,8816,2.926,2
55d03ef,4783,2.9233,2
5b9183da,17687,2.9233,2
3dae9f4f,3096,2.926,2
38619ebd,7005,2.926,2
481aa2b9,8359,2.926,2
25b5922e,2751,2.926,2
45daab2f,8381,2.9205,2
72ed5a11,8677,2.926,2
46cdb687,5438,2.9233,2
5b5fcb8d,7723,2.9233,2
5272062a,8842,2.926,2
4a57e3a7,6067,2.926,2
35afc7d3,3262,2.926,2
61851de4,9891,2.926,2
4423a1fa,5500,2.926,2
6a2bc02,17693,2.926,2
731d3daa,10590,2.926,2
3abe6410,4822,2.926,2
63cb2ecc,4293,2.9233,2
701adc1b,18175,2.9288,2
6a704fdf,7714,2.9288,2
23a72865,8437,2.9288,2
166ee706,6543,2.9288,2
19a0cf93,5663,2.926,2
3ffc32b8,3384,2.9288,2
579a9c2f,7012,2.9288,2
4de462b9,10379,2.9288,2
5227e0c1,2504,2.9288,2
c1071cf,6229,2.9288,2
f68ef86,10211,2.9288,2
61f7b578,9559,2.9288,2
39595e8f,10570,2.926,2
cbb706f,10303,2.926,2
3aae63e,3447,2.9288,2
4bf63d12,3670,2.9288,2
17760d61,4790,2.9288,2
40993fe8,8480,2.9288,2
c744c42,17688,2.926,2
67bc6790,5440,2.9288,2
14d6aad3,6626,2.9233,2
5f293540,7476,2.9288,2
3b6115d6,9445,2.9288,2
6eb21bf6,8853,2.9288,2
7689191f,89,2.9288,1
49080e44,6464,2.9288,2
40670ef2,10493,2.9288,2
6146a41f,8641,2.9288,2
62ca3a87,7917,2.926,2
1fd56e6a,18091,2.9288,2
162629fa,6940,2.926,2
6ecea552,6893,2.9288,2
3afc82c8,10259,2.9288,2
4e4b2c0,9861,2.9288,2
e6e0dc3,4796,2.9288,2
29208c0d,4797,2.9288,2
325f484e,6402,2.9288,2
6ceb660f,5164,2.9288,2
12157e44,3920,2.9233,2
3ff8c8ef,7050,2.9288,2
1cfc8263,4919,2.9288,2
772dea66,17712,2.9288,2
40c13192,8642,2.9315,2
791f9090,8798,2.9315,2
5980ec,4455,2.9315,2
18bf245b,6465,2.9315,2
513bdb7f,8356,2.9315,2
54a55ad8,5118,2.9315,2
ac33bf6,3955,2.9315,2
740f253f,3668,2.9315,2
1bd3c8a6,8360,2.9315,2
eae31f9,4845,2.9315,2
1837ee40,7934,2.9205,2
79cb9ce1,7557,2.9315,2
76a44084,4292,2.9315,2
8a9a712,2502,2.9315,2
2fcb0da9,1686,2.9288,2
a42b025,7379,2.9315,2
5eb66189,6544,2.9315,2
1b62dc7a,6318,2.9315,2
6cb32cfa,8361,2.9315,2
56ba850f,6751,2.9233,2
73ef6ad1,3211,2.9315,2
1e38f70c,9264,2.9315,2
133479bd,8845,2.926,2
669543dd,8638,2.9233,2
6e24043c,5200,2.9315,2
377d0e63,2894,2.9288,2
7b460a0,10545,2.9315,2
4b734020,4770,2.926,2
5b8a896,7725,2.9315,2
cb3bd04,9265,2.9315,2
af43489,4849,2.9315,2
5a69a054,7405,2.9315,2
7e7c7ad9,10014,2.9315,2
72cf3c32,10613,2.9315,2
2fdf5776,5369,2.9288,2
6f63b603,2615,2.9315,2
781fd0bb,5201,2.9315,2
65a8c7d3,10588,2.9315,2
301948f7,8595,2.9342,2
42b82359,17707,2.9233,2
1a7d4596,17708,2.9315,2
44a4a9bd,9814,2.9342,2
671168a5,3671,2.9288,2
1d35ca40,7056,2.9342,2
c609ac8,10212,2.9315,2
7f1c2b7a,6106,2.9342,2
2af9506b,7173,2.9288,2
13a4307c,6089,2.9342,2
20708f82,2898,2.9315,2
1a5c3df8,3616,2.9342,2
4859232,10454,2.9342,2
3610650e,8015,2.9342,2
12b8e0d1,5937,2.9342,2
6970ac83,3468,2.9342,2
414cb79d,3469,2.9342,2
58510d5d,5919,2.9315,2
8f8c9f7,10637,2.9315,2
744192af,8016,2.9342,2
1f682fee,6269,2.9315,2
212a4a9e,10464,2.9342,2
7ae3ac3b,8470,2.9342,2
4dd2fe8c,5282,2.9342,2
690658f4,2086,2.9342,2
11aa6b91,2625,2.9288,2
6227ad80,5617,2.9342,2
38db09d6,10595,2.9342,2
488ee2a6,8380,2.9342,2
40393b74,6199,2.9342,2
42c03f3d,5918,2.9342,2
634137c1,10041,2.9342,2
21f52edb,8020,2.9342,2
7e61ccc8,2691,2.9288,2
1e14ff6b,3890,2.9342,2
74813c57,3127,2.9342,2
7c8a47ea,7295,2.9288,2
c7dd33f,6507,2.9342,2
352b9a7c,2784,2.9315,2
48356b0a,6549,2.9342,2
662ed0f1,5007,2.9315,2
4281320,17709,2.9342,2
6d3981a3,7479,2.9342,2
e37da35,6423,2.9342,2
5ba1e513,6506,2.9342,2
1e8e2a5a,18133,2.9342,2
140b31cd,9863,2.9342,2
5afb8bb8,6951,2.9315,2
7b6e3ddd,5261,2.9342,2
631104e9,9955,2.9315,2
4b38a6f7,7621,2.9342,2
3aad8870,3921,2.9342,2
248b9930,7581,2.9342,2
222b6052,8099,2.9342,2
c4e1284,8795,2.9342,2
28a1211f,3213,2.9342,2
21633d55,1888,2.937,2
26a025e2,10403,2.9342,2
3b510ef3,3586,2.9342,2
5e1a6a1f,18077,2.937,2
27cab87e,8659,2.937,2
6c2dc41,6941,2.937,2
21ea664e,7726,2.937,2
2c2daafe,5260,2.926,2
5ed6ee4d,8790,2.937,2
4ee60102,5277,2.937,2
d43c601,7452,2.9315,2
3cccd686,8775,2.937,2
7df7f1bb,3732,2.937,2
143adcce,3876,2.937,2
6a2a215a,10142,2.937,2
3008a27f,8442,2.9342,2
72b0e7ec,8439,2.937,2
30ae99d8,10495,2.937,2
7edb1e25,9040,2.937,2
ba10995,2786,2.937,2
4f053160,6153,2.937,2
6e628088,8773,2.937,2
486e9157,5539,2.937,2
4b80d46e,4773,2.937,2
57f4d1ba,5030,2.937,2
33724fb8,7480,2.937,2
2809ef95,7410,2.937,2
6b2c063a,7724,2.937,2
48566808,2490,2.937,2
395e19b9,8756,2.937,2
32c8d57e,17713,2.937,2
dc5186,7901,2.937,2
7b316fbd,9914,2.9397,2
4b7e301c,5600,2.9397,2
326b32b3,8468,2.9397,2
6ec57c86,17646,2.937,2
244e5b9d,7047,2.937,2
4b47ecb,9818,2.9397,2
5472942e,9089,2.937,2
3fe7cab9,3689,2.9397,2
1aabfeba,7496,2.937,2
4c6fdcc1,6984,2.9397,2
c7ce286,7411,2.9397,2
dcf43b2,10614,2.9397,2
48d4229f,5197,2.9397,2
7a6f6690,6200,2.9397,2
116cc389,3095,2.9397,2
6649d0c5,2533,2.9397,2
fe0c649,2899,2.9397,2
e3a7ac3,2052,2.9397,2
79bd9006,10508,2.9397,2
515aa80c,10051,2.9397,2
5881fee0,7406,2.9397,2
5307b51,10774,2.9397,2
1098e651,2679,2.9397,2
2d0acb2f,8627,2.9397,2
14062686,6754,2.9397,2
4327ac18,4530,2.9397,2
454bbdde,9446,2.9397,2
12b66148,4774,2.9397,2
37a1578e,6249,2.9342,2
46c524e4,4767,2.937,2
49986a0e,4552,2.9397,2
1e69fcab,6551,2.937,2
51a59bae,7588,2.9397,2
70380cf3,1930,2.9397,2
4d98385d,3576,2.9397,2
398aaba4,8683,2.9397,2
475af3fa,4519,2.9397,2
3a5f7854,8412,2.937,2
ab0a478,7320,2.9397,2
6e62fa3,5280,2.9397,2
1633c9a6,3793,2.9397,2
57ef8eec,8679,2.9315,2
58f3730d,8269,2.9397,2
6f5fc487,8251,2.9397,2
67a95e33,4517,2.937,2
4c1a24c4,3090,2.9315,2
f325d51,6322,2.9425,2
543fa841,7473,2.9425,2
1e58dbcc,2849,2.9425,2
332d46f2,2620,2.9425,2
2e8c7857,5618,2.9425,2
33c96002,6985,2.9425,2
43f5196b,8021,2.9425,2
6b975b0c,5262,2.9425,2
7f571297,7373,2.9425,2
7e6a40f,3582,2.9425,2
56f8d0c4,2626,2.9425,2
4068061b,6227,2.9425,2
76c672b,3878,2.9425,2
35986d15,5621,2.9342,2
2576f592,2768,2.9425,2
252e77f9,6867,2.9425,2
419f1948,9451,2.9397,2
371934ab,4779,2.9425,2
189e9db1,3729,2.9425,2
25519dbf,8755,2.9397,2
7396b753,6859,2.9425,2
4eada53e,4915,2.9425,2
34386ca8,17647,2.9425,2
1d2db3f5,5924,2.9397,2
5bc7a32c,8794,2.9425,2
364dae38,2285,2.9397,2
440bce51,5239,2.9397,2
33a1a754,2622,2.9425,2
55f6c6a0,9561,2.9425,2
25ce2400,7462,2.9425,2
43e308ce,7185,2.9425,2
255b0d5d,6991,2.9425,2
3fb826e1,9336,2.9397,2
e2b4de3,6939,2.9425,2
11dbd45,17648,2.9425,2
5a6360d0,3449,2.9425,2
44dc6049,10172,2.9425,2
6259d15e,6007,2.9397,2
997bd86,7322,2.9425,2
272faf24,8304,2.9452,2
595e1a0e,8631,2.9452,2
354573f5,6004,2.9452,2
74e1e06d,3542,2.9452,2
2e6d375a,8630,2.9452,2
162312db,5990,2.9452,2
74ac6f3,3819,2.9452,2
265159c6,7688,2.9452,2
190ec734,5097,2.9425,2
6297bef0,3973,2.9452,2
74abb502,17637,2.9425,2
69836a84,3669,2.9425,2
1b73ebc4,6069,2.9452,2
444ca664,3794,2.9452,2
5d42c398,3796,2.9452,2
74687e97,8445,2.9452,2
70418615,8776,2.9452,2
519f61ff,10226,2.9397,2
1a0a3657,6160,2.9397,2
2d217f47,5439,2.9452,2
51ac25d8,8564,2.9397,2
576d63f5,10621,2.9452,2
7b96368b,3881,2.9425,2
30e50f20,4910,2.9452,2
1618853c,8047,2.9452,2
262af0c2,5453,2.9425,2
6cc2b8e2,3957,2.9452,2
74c63655,3066,2.9452,2
53939b2,9593,2.9452,2
26a56c94,5278,2.9397,2
57782462,10532,2.9342,2
2a6fd3b0,9085,2.9425,2
5aae6e52,5932,2.9452,2
6bb57cdc,2727,2.9452,2
66796cf2,9980,2.9452,2
70b41f6b,7582,2.9452,2
77a7362c,7179,2.9452,2
7aa43001,4847,2.9452,2
3ab7e015,10494,2.9452,2
1784154d,5318,2.9479,2
471b0f91,4032,2.9479,2
1ce41b4b,4772,2.9452,2
1956f78a,7715,2.9479,2
2ecfb790,2072,2.9479,2
3137525f,5931,2.9479,2
db53971,3760,2.9479,2
237175ea,7474,2.9479,2
70513523,4453,2.9479,2
6135cb19,9076,2.9452,2
7bff34dc,8054,2.9452,2
394062e7,10117,2.9479,2
5f25f463,5675,2.9479,2
77531448,5057,2.9479,2
e52cfac,6561,2.9479,2
c89536e,7689,2.9452,2
18df04b3,9598,2.9479,2
7cff3870,2516,2.9452,2
2f92de5a,10385,2.9479,2
13e182f3,7869,2.9479,2
bd6008c,7620,2.9479,2
4221297e,6461,2.9479,2
2dfaa13c,6769,2.9479,2
4d8230bb,8195,2.9479,2
48bbbdc3,8190,2.9452,2
5752583d,8155,2.9479,2
6c3be03b,6755,2.9479,2
306012ef,6477,2.9479,2
25a0f485,6460,2.9452,2
223ac952,6770,2.9452,2
60f6d3bc,2081,2.9452,2
53ffcda1,2693,2.9479,2
63b84a5b,6209,2.9452,2
419e9e75,7176,2.9479,2
10483092,2621,2.9479,2
3a1c9b59,3182,2.9479,2
6b58584c,4829,2.9479,2
5076320d,7163,2.9479,2
1b57e4d3,8367,2.9479,2
3aa573b8,1898,2.9479,2
2e8facfa,3237,2.9479,2
2753fa64,4411,2.9479,2
794b6b84,4033,2.9479,2
5d1e7902,5690,2.9452,2
ea5f627,8632,2.9452,2
369dbd4d,6342,2.9479,2
1428e751,10248,2.9425,2
3ad04abf,4655,2.9507,2
1b65870c,4742,2.9452,2
40c926f8,8197,2.9479,2
16295da5,8055,2.9507,2
130843df,7013,2.9507,2
2bb576b3,5158,2.9507,2
1cdfc92e,2590,2.9507,2
15a8d2ab,7058,2.9507,2
44ef6d7a,3974,2.9507,2
446f9bba,8302,2.9507,2
6962581b,2574,2.9479,2
261bbca0,6005,2.9507,2
75f51f42,6750,2.9507,2
5e0f26af,10456,2.9479,2
4ace283b,4285,2.9507,2
7244c893,6425,2.9507,2
9c194c7,6092,2.9507,2
541385b2,6197,2.9507,2
4f830a49,8270,2.9507,2
6f27f0fb,6290,2.9507,2
3bf3bddc,2827,2.9479,2
3e1171c9,8250,2.9479,2
76e74dac,3820,2.9507,4
27a5e261,6006,2.9507,2
2697cba3,10042,2.9479,2
6fb99e0f,3450,2.9507,2
2c9ff0,2785,2.9507,2
35863905,7653,2.9507,2
2241737b,8404,2.9507,2
79409834,9214,2.9507,2
61928e6c,5794,2.9507,2
5254eb1,2517,2.9479,2
d00ff9,7705,2.9507,2
2dae79a8,4412,2.9479,2
16f1101,4830,2.9507,2
7c93a820,5281,2.9479,2
987a830,6986,2.9507,2
26f82f77,5374,2.9507,2
5f66c5b0,5165,2.9507,2
3e55a4d4,6678,2.9507,2
a274d06,8777,2.9452,2
6dc348a2,8603,2.9534,2
4615bef,3133,2.9534,2
79938160,5319,2.9534,2
17812cb3,4752,2.9534,2
277e0c38,4008,2.9534,2
500fd62d,7845,2.9534,2
5ebf51e0,10227,2.9534,2
40c51a30,6065,2.9534,2
170dc1dc,8362,2.9534,2
391dd3ae,3678,2.9507,2
1d09b53c,6320,2.9534,2
9c416d3,5138,2.9534,2
75753837,5691,2.9534,2
c8f1464,2082,2.9534,2
5bd826f8,18203,2.9534,2
7ffae595,10380,2.9534,2
4284b8df,2945,2.9534,2
b28d8ea,3933,2.9534,2
5740ed38,4765,2.9534,2
69c4a8b5,18152,2.9534,2
2398ef80,5009,2.9479,2
39ede2ed,10186,2.9534,2
744f92b2,6862,2.9534,2
24b6882e,4659,2.9534,2
40b687d7,4850,2.9534,2
169aefa6,3549,2.9534,2
1ec835c5,10175,2.9507,2
35818cfc,10213,2.9534,2
eaf29ca,8566,2.9534,2
7a539ff7,6268,2.9534,2
3b75a8c4,3822,2.9479,2
4ab937bb,9877,2.9534,2
31016c54,7407,2.9507,2
64ccc472,8680,2.9534,2
135a5058,8152,2.9534,2
7510d9e3,4748,2.9507,2
63357c0d,6015,2.9507,2
61d8db4d,9811,2.9534,2
20c18fbe,7935,2.9479,2
536d9584,2677,2.9534,2
1bf05ef0,8146,2.9507,2
3cd5ec70,6894,2.9534,2
1045282b,8303,2.9507,2
2fbb5e12,3098,2.9534,2
362582cb,5674,2.9534,2
16081cb,9565,2.9534,2
25004e13,10176,2.9534,2
1c3d3ee8,8643,2.9534,2
6983b8b3,2896,2.9534,2
732a4c92,3587,2.9534,2
547de432,2904,2.9534,2
21425a2b,6282,2.9534,2
55f02890,10666,2.9479,2
749fb060,6250,2.9534,2
4f7896b5,18182,2.9562,2
7c581e73,7590,2.9562,2
28380dc0,17645,2.9562,2
21adb417,10228,2.9562,2
54ca0daf,2505,2.9534,2
2a6b43a9,6251,2.9562,2
167c6b11,7622,2.9534,2
7e422213,9904,2.9562,2
620947e4,6283,2.9562,2
32033cc0,5287,2.9534,2
42055722,18129,2.9562,2
3f481031,6761,2.9562,2
37548890,4449,2.9507,2
58e976d3,7716,2.9562,2
60cd4890,2947,2.9562,2
73a7a432,7449,2.9562,2
1bf34123,4791,2.9534,2
8f05ac5,9489,2.9562,2
1bbceae6,4382,2.9562,2
55f45b97,17819,2.9562,2
46db959e,9370,2.9562,2
548fe253,9848,2.9562,2
5e23bc75,7180,2.9534,2
524d2b77,4916,2.9562,2
2234968d,6166,2.9562,2
556b59bf,4654,2.9562,2
3dde6f81,8076,2.9562,2
3bd80649,7863,2.9562,2
b730c97,7687,2.9534,2
3471062c,8386,2.9507,2
279e10f5,3615,2.9534,2
2320da4,7717,2.9562,2
6972c1e0,7915,2.9507,2
126378c9,2054,2.9562,2
2e9f5ccf,8664,2.9507,2
79d1e851,9490,2.9562,2
3e596ee8,3521,2.9534,2
6d34b4a,9873,2.9534,2
f7fce69,10767,2.9562,2
1fcff432,2491,2.9562,2
73e67267,10174,2.9534,2
2db76a36,4017,2.9589,2
3122edd1,8772,2.9589,2
60790e91,2619,2.9589,2
405f711a,6427,2.9589,2
f51c296,10052,2.9589,2
19a1ef90,3183,2.9589,2
3f4bd510,6233,2.9589,2
4a7a442,4614,2.9589,2
5e39332,4277,2.9562,2
13a82171,8681,2.9589,2
722a8541,6098,2.9562,2
4b96aaf2,95,2.9562,1
84da37,4548,2.9589,2
262257eb,7846,2.9562,2
6334b1a8,18150,2.9589,2
589db8e7,2791,2.9589,2
24414107,7728,2.9562,2
23262da,18082,2.9589,2
361be078,6699,2.9562,2
3743cdc,7321,2.9534,2
6bdea8b3,4912,2.9589,2
2d930ccc,17691,2.9589,2
30f1cdd7,3543,2.9534,2
4262d84f,3341,2.9589,2
3ca68f16,6210,2.9562,2
5557a0da,6560,2.9589,2
7767e470,7904,2.9589,2
45310c40,2678,2.9562,2
42a7633c,3200,2.9589,2
20979923,3679,2.9562,2
4af19a41,9371,2.9589,2
9d0929b,8774,2.9507,2
6ac486e8,91,2.9589,1
7f2c4c3d,4906,2.9589,2
1383b60f,2627,2.9534,2
556615ac,7323,2.9589,2
325cd8af,17711,2.9589,2
7ce1fbca,2934,2.9562,2
725c1997,6625,2.9589,2
17f2a905,8757,2.9589,2
25c3e325,7558,2.9589,2
433f92f4,5624,2.9616,2
30f30ef2,17635,2.9616,2
22f129da,8602,2.9616,2
6b3cce22,4524,2.9616,2
20c91600,4825,2.9616,2
1fde98df,2895,2.9616,2
37728148,9808,2.9562,2
1c66c185,7052,2.9562,2
69d81d88,9346,2.9562,2
74f7bd1f,6198,2.9616,2
1f04cb3e,5058,2.9616,2
3cdf6157,6772,2.9589,2
177f1748,10705,2.9616,2
7a7d7318,3695,2.9616,2
161fe5a0,4744,2.9589,2
4de729af,6942,2.9616,2
5fc9ad39,4525,2.9616,2
662dc0c5,9176,2.9562,2
213fd08e,6343,2.9616,2
486403ec,8581,2.9589,2
39fcc718,8275,2.9616,2
6641651a,10216,2.9616,2
6ed0c6ca,7583,2.9589,2
5ad6cfbc,9978,2.9562,2
527507cb,5628,2.9616,2
54f69fba,18183,2.9589,2
41ddbdf3,4288,2.9616,2
d1106ab,9979,2.9616,2
65021f86,8739,2.9616,2
49359878,10664,2.9616,2
94597b5,10180,2.9562,2
73749209,9163,2.9589,2
76d5f692,9692,2.9616,2
35e29e1,2799,2.9616,2
2603ee00,5313,2.9616,2
71b0c413,17699,2.9616,2
2808ddd1,2828,2.9589,2
3671bc1b,6470,2.9616,2
50690cf6,6161,2.9616,2
32460cc4,7870,2.9616,2
ee5870d,10665,2.9616,2
5aebe810,4518,2.9616,2
63216ea3,5305,2.9616,2
14c6ae88,2848,2.9616,2
7a4e1f94,6367,2.9589,2
593f65e9,5597,2.9589,2
7a151257,9816,2.9589,2
50e2c239,6354,2.9644,2
7f60d3a5,5961,2.9644,2
175cee9c,3971,2.9616,2
36cfa011,6868,2.9616,2
515d2cea,4454,2.9644,2
8a2281d,8585,2.9644,2
3c77bbe3,5938,2.9644,2
4573aa33,5317,2.9644,2
352b840f,9134,2.9644,2
7e2f6593,7905,2.9616,2
7f867116,6403,2.9644,2
3788f2f3,1889,2.9616,2
5cb88f3d,4961,2.9644,2
277c7ee7,9232,2.9644,2
4e1e8dfb,8858,2.9644,2
72e3ee18,2671,2.9644,2
4b987a56,3069,2.9644,2
75aacf2,7847,2.9644,2
431561b8,5299,2.9644,2
79de5d74,17649,2.9589,2
5c3325f7,6341,2.9644,2
70c96d6d,9557,2.9644,2
719cd2d3,3223,2.9644,2
18d6d473,8191,2.9589,2
2373dd2e,3070,2.9644,2
4b037059,2694,2.9644,2
504baa5a,6997,2.9589,2
40bda1b0,7589,2.9616,2
5720e93e,8857,2.9644,2
6a87c459,2855,2.9616,2
3ad6e0e8,5168,2.9644,2
17cb7623,7880,2.9644,2
477214fd,9449,2.9644,2
1303b546,3932,2.9644,2
2e183a50,6358,2.9644,2
1e5fd66e,4846,2.9616,2
52e9c1e8,18155,2.9644,2
5ebf2b4,7175,2.9616,2
bccdeca,7850,2.9644,2
6bc0857b,8779,2.9616,2
77baef6a,10759,2.9616,2
2d9edd7b,5425,2.9671,2
40497c8c,4780,2.9671,2
25d2df56,8599,2.9671,2
2fcdc2a3,7382,2.9644,2
f2cb98f,6998,2.9671,2
5402c814,4448,2.9644,2
30d6d623,8440,2.9671,2
5fa47304,4911,2.9671,2
1e3d7a89,17710,2.9644,2
74b75800,7547,2.9671,2
36b77cea,4413,2.9671,2
4af7156b,3956,2.9671,2
1d6d8751,8684,2.9616,2
3febc78e,3839,2.9671,2
7152ff2b,3826,2.9671,2
7c8f8dc7,5542,2.9671,2
e218370,6224,2.9616,2
6f17e28d,5424,2.9644,2
95af3e3,18184,2.9671,2
93ba6ba,5002,2.9671,2
b038eee,8407,2.9671,2
5b501689,5971,2.9671,2
54b23eb,5590,2.9671,2
51115b8e,5098,2.9671,2
20fda932,8046,2.9671,2
46f2dbbc,17643,2.9671,2
1d4d79b5,8781,2.9671,2
4145458c,4458,2.9671,2
1a53bb01,8158,2.9671,2
4a2caccc,3936,2.9671,2
3c5af4ed,7458,2.9671,2
fae7993,7380,2.9616,2
57d8afcf,3730,2.9671,2
50d49d86,2675,2.9671,2
7fb1019c,7881,2.9671,2
14277f1b,18181,2.9671,2
6131c87,2771,2.9671,2
725f896e,10764,2.9671,2
180345b8,3977,2.9671,2
595db58,2653,2.9671,2
2ae5a356,8147,2.9671,2
34bb94aa,6371,2.9589,2
348c65a9,865,2.9671,2
3a168eaf,5291,2.9671,2
11f2cdae,9332,2.9671,2
168a23d5,10771,2.9671,2
417cbd80,7574,2.9699,2
4f1130f6,3462,2.9699,2
48090b07,5693,2.9589,2
f5a1d58,3544,2.9699,2
2bee218e,5795,2.9699,2
6d3e2285,2935,2.9699,2
6d6f5d16,3339,2.9671,2
32802d3e,4615,2.9699,2
3ff6421f,7727,2.9644,2
68b888b1,7383,2.9699,2
46226de0,10623,2.9699,2
6900caba,7374,2.9699,2
748ea529,3212,2.9671,2
639ec143,10591,2.9671,2
50c4e9d3,8582,2.9699,2
7c951e7a,6590,2.9699,2
21bfaad6,10525,2.9671,2
7d334b2c,8469,2.9699,2
68b21910,8290,2.9671,2
1f4fffa4,9945,2.9671,2
4b7d44f9,4556,2.9699,2
2c701c91,6225,2.9699,2
5472ea96,9337,2.9644,2
60bf2533,5962,2.9699,2
34209d63,3728,2.9699,2
155b4d92,3577,2.9699,2
39e34f3c,6892,2.9699,2
725bd653,3969,2.9616,2
7a8634cc,3105,2.9699,2
4a7d757a,10768,2.9699,2
585967a,6753,2.9671,2
263cb359,1893,2.9699,2
6d57d306,7623,2.9699,2
65b7587,6756,2.9644,2
4c20bd73,3429,2.9671,2
3dcb22a9,10100,2.9699,2
65bfc4cb,9893,2.9699,2
265a055e,8678,2.9699,2
75c63d70,10272,2.9699,2
5e032803,1899,2.9699,2
3c44cd9e,6112,2.9699,2
27c6df41,3222,2.9699,2
7b1a5081,7181,2.9671,2
260b2f03,8734,2.9699,2
51c04e12,6263,2.9644,2
1529c4e7,3349,2.9699,2
f9bd3e1,2800,2.9699,2
1e362984,5298,2.9644,2
4d55448e,7256,2.9726,2
1600af3f,8382,2.9726,2
475562c5,8363,2.9726,2
762a7216,3970,2.9726,2
688009a2,2503,2.9726,2
f964108,7463,2.9726,2
1c7c6e92,8062,2.9726,2
70537492,7902,2.9726,2
18f6be23,18185,2.9726,2
25d53234,8280,2.9726,2
5aa2c0e2,5137,2.9726,2
313ed8c0,8538,2.9699,2
4a9df4a3,5240,2.9726,2
1c147f62,9956,2.9726,2
44ce881,4921,2.9726,2
18156a6e,4457,2.9726,2
10dcaa46,4415,2.9726,2
66c5e5a2,6195,2.9726,2
5c35cd6f,5824,2.9699,2
1b0af6f1,2083,2.9726,2
245a759d,7920,2.9726,2
51a175ca,9344,2.9726,2
238d8424,3882,2.9699,2
6f7c53da,5035,2.9699,2
18fd2535,8509,2.9699,2
42281cc5,6993,2.9726,2
7c8e0e2c,5160,2.9726,2
d4b1c00,9944,2.9726,2
a46cf0,10571,2.9726,2
7c985d65,18153,2.9671,2
7101255c,4660,2.9726,2
5f91dbcd,2769,2.9616,2
73cdc18d,3807,2.9726,2
26b368e8,1902,2.9699,2
7d00bd01,10311,2.9726,2
605cda85,3694,2.9699,2
15afacf2,17694,2.9644,2
5d151a4e,2623,2.9699,2
42c0889d,2089,2.9726,2
3a50dd71,6679,2.9671,2
3cdea04c,9404,2.9726,2
49ec0af3,8931,2.9753,2
f2ef733,7438,2.9753,2
332908f2,10214,2.9726,2
7a3c121b,7385,2.9699,2
532e243d,7375,2.9753,2
2b41d604,4613,2.9753,2
50543506,4296,2.9753,2
4ae249dd,6167,2.9753,2
be3b74f,4709,2.9753,2
17071ff0,7559,2.9753,2
68cf9370,3550,2.9753,2
4d9b899b,9849,2.9753,2
3c16792b,6316,2.9753,2
646273d5,3952,2.9753,2
3915936d,7475,2.9753,2
70a2283a,7864,2.9753,2
61e4a0e4,18186,2.9753,2
7213ed4d,7584,2.9753,2
8f2215f,7946,2.9753,2
6eb442d2,1900,2.9753,2
5d1ad15d,8598,2.9753,2
19bf680a,8268,2.9726,2
783d60ff,4784,2.9753,2
143e88f6,9094,2.9753,2
6db17a7c,7833,2.9753,2
253e4200,8935,2.9753,2
3c1a1c9c,6700,2.9753,2
70746b1f,7878,2.9753,2
12e9b223,7177,2.9699,2
1c00219,2073,2.9753,2
6dd21041,7213,2.9753,2
3eada277,10215,2.9726,2
610a772b,3958,2.9753,2
605b71d9,3823,2.9753,2
31f34264,6355,2.9753,2
73936b86,4942,2.9781,2
1df6358b,2053,2.9781,2
4e1b8258,9273,2.9781,2
7c1a079f,18160,2.9781,2
4774647c,4823,2.9781,2
6b024b74,6860,2.9753,2
79191d0e,3195,2.9781,2
43f2cc7c,6271,2.9781,2
5593db4d,6466,2.9781,2
31a00207,8740,2.9781,2
5df6e15a,17736,2.9781,2
4800b6ac,5314,2.9753,2
79c033cf,6774,2.9781,2
3242d609,9266,2.9781,2
3c35a7c,4958,2.9753,2
23aaa4f6,6070,2.9726,2
4ebb397e,8758,2.9781,2
361d352d,3731,2.9781,2
12cb5f79,7275,2.9781,2
bc2f7e6,10277,2.9753,2
4bf0334e,7412,2.9781,2
1ca54f29,6537,2.9699,2
43cea5cd,3108,2.9781,2
bb61a5a,10229,2.9753,2
17d7b10d,17638,2.9781,2
4022f67b,3348,2.9781,2
213d78d9,9599,2.9781,2
6926ff99,8203,2.9781,2
ff68c75,7627,2.9726,2
176b41fe,10230,2.9726,2
2c34ed83,4745,2.9726,2
6416ed1,7015,2.9781,2
4cf02570,7643,2.9781,2
1d9f9a1,8539,2.9781,2
a0a54ec,8204,2.9753,2
730949a,6670,2.9753,2
4a26faa9,10377,2.9781,2
4fc16bd,5630,2.9781,2
5c899ffa,10639,2.9753,2
5f1e44b5,7628,2.9781,2
22900e4d,4559,2.9781,2
46bdbd5c,10422,2.9726,2
56db8c3e,10758,2.9753,2
7b4d51bc,2674,2.9808,2
590dcafe,5010,2.9781,2
72f1cbde,10496,2.9808,2
78c113c2,2830,2.9808,2
ca37473,10382,2.9808,2
69906dd7,9077,2.9808,2
3210f048,5159,2.9781,2
167d7434,3273,2.9808,2
7c1a45d5,5059,2.9808,2
5efd1021,4616,2.9808,2
222e9f1b,4792,2.9808,2
7e43a015,9566,2.9808,2
5201d79f,5631,2.9808,2
3895e6dd,3757,2.9808,2
edf95f6,2286,2.9808,2
58df1571,5694,2.9781,2
4be8cda,7854,2.9808,2
130a319e,10473,2.9808,2
6108762c,6261,2.9808,2
41dc83e1,3873,2.9808,2
31740f5c,9596,2.9699,2
40273226,2087,2.9753,2
196815c,2850,2.9808,2
5d31319,1901,2.9781,2
73304e2d,8648,2.9808,2
512bff71,7465,2.9781,2
744dbd3e,7855,2.9808,2
65d24204,3460,2.9808,2
14e229b5,5499,2.9808,2
1a3c8c2f,7016,2.9808,2
4bd08043,6632,2.9808,2
301661b,6319,2.9808,2
7434d61d,5972,2.9808,2
719ef6af,3128,2.9781,2
f3d5147,4006,2.9781,2
f22a64,3274,2.9808,2
784cf05,8205,2.9808,2
55d275d6,6775,2.9808,2
537fca4d,9297,2.9808,2
5c405438,8859,2.9808,2
7761e26d,4923,2.9808,2
d346b6e,2804,2.9753,2
36ad1e0c,4848,2.9808,2
1770033b,9917,2.9781,2
514ab8c6,7644,2.9781,2
7cca3d00,9055,2.9699,2
22c901eb,4016,2.9781,2
3537a752,7174,2.9781,2
31bfa5ba,9491,2.9808,2
270e29c,9915,2.9836,2
1c30bcb0,10053,2.9836,2
7381922f,5008,2.9808,2
761c3084,7507,2.9836,2
7e990422,3148,2.9808,2
32c7fc3e,3884,2.9836,2
2b0b13ea,5031,2.9836,2
3c049e1f,10006,2.9836,2
a8a25a9,5791,2.9836,2
7a11eca,8022,2.9808,2
7446d997,8510,2.9836,2
1d3fe2a8,6776,2.9836,2
6a4ed4ea,6552,2.9836,2
6c2a5566,3097,2.9836,2
37569227,3522,2.9836,2
388e9d49,5442,2.9836,2
bc6466d,9347,2.9836,2
7ac671ae,4896,2.9808,2
44798af5,3676,2.9836,2
47bdfff7,8745,2.9808,2
b95569c,10772,2.9836,2
42170d41,2682,2.9836,2
55c4be47,6559,2.9808,2
4a3109d4,9293,2.9808,2
625b0522,10622,2.9836,2
435b9e43,5115,2.9836,2
39dcee6c,10458,2.9836,2
7b612f2a,2056,2.9836,2
4a1db6d9,9174,2.9836,2
2934b6b8,5000,2.9836,2
41a94771,2900,2.9808,2
5e9f7081,8963,2.9836,2
6e5ab0,4864,2.9808,2
72043de8,7546,2.9836,2
7421715,9905,2.9781,2
388f2bf9,7336,2.9808,2
791d6e16,3192,2.9836,2
cef440d,8847,2.9836,2
5ca312cc,6710,2.9836,2
62d021f3,3215,2.9836,2
2e6a7832,5934,2.9836,2
7dd2eb6a,18204,2.9836,2
6fad5718,17650,2.9836,2
2bdc1d53,2856,2.9836,2
560a5bf2,8511,2.9836,2
7fdc3be0,6757,2.9836,2
3c6963e2,2659,2.9836,2
3979f6e0,5108,2.9836,2
72845219,9298,2.9863,2
91f9ddf,8481,2.9863,2
5cf2680c,9162,2.9863,2
76554270,7466,2.9863,2
1d4492b,7333,2.9863,2
776c6107,6546,2.9836,2
2728f169,8948,2.9863,2
7bb2613e,9291,2.9863,2
580ce272,6404,2.9863,2
4cfcd42d,7652,2.9863,2
3da4d11f,6116,2.9863,2
1b6e6d86,4664,2.9863,2
2cbfd762,8874,2.9836,2
44ecf85a,7429,2.9863,2
4f4a7f14,10526,2.9863,2
7bcc8dc7,5111,2.9808,2
51bb732f,6863,2.9863,2
36daabd,17714,2.9863,2
50fb2966,3805,2.9863,2
5c6fc596,10317,2.9863,2
20e0aca2,7918,2.9863,2
3fddafcc,2943,2.9863,2
35f58113,6255,2.9863,2
5ba3fd52,5695,2.9808,2
7e83cf38,3217,2.9863,2
40b551b9,6555,2.9808,2
f50da80,8685,2.9863,2
6a39fe4d,5161,2.9808,2
79b9bf6e,9918,2.9863,2
35965d7f,6668,2.9863,2
719b6ff2,7183,2.9863,2
118184f6,2936,2.9863,2
282d77c9,3827,2.9863,2
2f57ba16,4956,2.9863,2
599b4f1,6671,2.9808,2
18223680,7059,2.9863,2
5b728972,3477,2.9836,2
63c8d6ae,6426,2.9863,2
4f9e54ab,7306,2.9863,2
49e70f00,3278,2.9863,2
7e6cffc9,3828,2.9863,2
37631e66,7305,2.9863,2
19104f1,5973,2.9863,2
88ea475,2060,2.9836,2
64169072,7903,2.9836,2
4778950f,5102,2.9863,2
36960def,6910,2.9836,2
3fa93140,10482,2.9836,2
42f987cc,2492,2.9836,2
41aab271,3071,2.9863,2
47d526de,4425,2.9863,2
4cea01f4,3451,2.9863,2
72d487da,5443,2.9836,2
31003c55,7408,2.989,2
1c9e553a,6428,2.989,2
446a1378,3232,2.989,2
682bacd9,9988,2.989,2
3f490a5e,3418,2.989,2
2be40efc,8368,2.989,2
45e92e88,2628,2.989,2
75bb50f4,9894,2.989,2
2d7afe7,5427,2.9863,2
d225c20,3937,2.9863,2
9cfc2af,8477,2.989,2
1d4c1175,3953,2.9863,2
55e3070,9903,2.9863,2
2a4dfcdf,4456,2.989,2
15dac6e6,4701,2.989,2
4974fb86,9400,2.9863,2
6277a448,9131,2.9836,2
5978b015,6547,2.9836,2
165ec5c6,10752,2.989,2
53b078d6,6356,2.989,2
109e79b0,8744,2.989,2
4f14ca0f,17715,2.989,2
1de42174,3609,2.989,2
79b1398,18159,2.989,2
2f0456de,2631,2.989,2
8a6d60b,4623,2.989,2
1eb16f7d,6762,2.989,2
7f22fd20,6979,2.989,2
1c92488d,7670,2.989,2
75bfbda2,9350,2.989,2
7880a76d,4516,2.989,2
10a38ea0,2725,2.9863,2
1efb7a19,5112,2.9863,2
162196c9,3067,2.9863,2
6b67e0af,8782,2.989,2
67bda5ed,8741,2.989,2
22d320b1,9274,2.9863,2
385e7dfc,8881,2.989,2
6ce890c0,4710,2.989,2
6670c27d,7134,2.989,2
5d9db0aa,2770,2.989,2
16679778,7296,2.989,2
3e216be4,5221,2.989,2
6e0ac6e9,5220,2.989,2
44fc4007,3104,2.989,2
71b77d37,9042,2.9836,2
3ef167eb,3452,2.989,2
6f4c352,9580,2.989,2
20ae57f3,9906,2.989,2
79bbba75,3191,2.989,2
6a3ac814,5284,2.989,2
5fc12487,4746,2.989,2
7f0f827e,5429,2.989,2
2d4c43a3,6162,2.989,2
110a4476,8934,2.989,2
44a6c927,18087,2.9863,2
b38db4b,2525,2.989,2
48d207ae,7300,2.9808,2
421f96b7,8583,2.9863,2
30028022,4798,2.989,2
7d2df7ea,4907,2.9863,2
259a6096,8807,2.989,2
4005cbf1,2837,2.989,2
47658c7a,5103,2.989,2
1b8ee0bc,3733,2.989,2
3f29607f,10251,2.989,2
2da952d7,4749,2.9863,2
550be3ea,9399,2.989,2
7921eced,10640,2.9918,2
5bc11924,3663,2.9863,2
2eb35dd1,8606,2.9863,2
73b086be,9892,2.989,2
37a689e0,10596,2.9918,2
43f83df3,5073,2.989,2
24a0e0b1,7178,2.989,2
777bd538,5963,2.9863,2
7491abbe,3109,2.9918,2
7604077a,10601,2.989,2
5582c463,8441,2.9918,2
7c7909fe,4753,2.9918,2
5cc9194,4751,2.989,2
53a57980,2624,2.9863,2
6aaa2114,3590,2.9918,2
10470e4b,6372,2.989,2
24c5c344,6890,2.989,2
45e4a679,8629,2.9918,2
6f84a977,7453,2.9918,2
3df5ae3c,1505,2.9918,2
15e8da9f,8289,2.9918,2
1fbdf485,9949,2.9918,2
7f8a4e65,7853,2.989,2
6f1e9be6,9078,2.9918,2
3cf198b8,6987,2.9918,2
6df2006,4531,2.9918,2
4c185a7f,10593,2.9918,2
614cdcff,2735,2.9863,2
7a96ba9b,8791,2.9918,2
4a12d929,3129,2.9918,2
44d7a9b6,7184,2.989,2
437b3ef7,5992,2.9918,2
cf60661,3342,2.9918,2
50714d47,2509,2.9863,2
2992c4e6,6201,2.9918,2
3304cba5,3761,2.9918,2
f7d06aa,3410,2.989,2
55bc7977,7017,2.9918,2
6ab632d2,7909,2.9918,2
3797e5f,7073,2.9918,2
7ffa95c2,10231,2.9918,2
329b8371,5676,2.989,2
18d594c1,10497,2.9918,2
2e14316d,7671,2.9918,2
756fb6df,8478,2.9918,2
6a578daa,7851,2.9918,2
3d258f7d,3744,2.9945,2
654746d4,3430,2.9918,2
6d96cded,3592,2.9945,2
301248ab,5625,2.9945,2
66fea9de,18187,2.9945,2
39502233,5166,2.9945,2
62f27951,5404,2.9918,2
400732b4,3758,2.9945,2
321443b2,6235,2.9945,2
53a4c333,1917,2.9918,2
6b5d22ce,5591,2.9945,2
71e675c4,8224,2.9945,2
1a94e605,8604,2.9918,2
63fff571,9819,2.9945,2
16b71f66,5964,2.9918,2
147e142c,10113,2.9918,2
29e77c68,4427,2.9918,2
352f5058,5664,2.9945,2
1b4d25b4,6370,2.9945,2
79e86c73,7889,2.9945,2
7f769d85,7852,2.9945,2
6d60aa3f,5285,2.9945,2
b767629,2633,2.9918,2
22029a5b,9130,2.9945,2
747db998,5636,2.9918,2
50906b2a,10702,2.9945,2
1bc14e08,9666,2.9945,2
73983e1d,17665,2.989,2
45feb277,3368,2.9945,2
16e448d9,17832,2.9945,2
7c4e503,9874,2.9918,2
359e5b30,2903,2.9945,2
5433afe,3083,2.9945,2
3155080f,9444,2.9863,2
11991fdb,2851,2.9918,2
56198103,2944,2.9945,2
4a11c5f4,7498,2.9945,2
539da9c9,5603,2.9945,2
a2313a6,10765,2.9945,2
5eda2322,4806,2.9945,2
10289a78,7454,2.9945,2
53f7be81,4750,2.9945,2
54d2c3ec,6117,2.9945,2
6a3feb5e,10043,2.9945,2
78936b9c,3216,2.9918,2
2c3cd5ac,6467,2.9945,2
7b8c7446,9560,2.9945,2
7bc3cdf7,2576,2.9973,2
679a486,1910,2.9973,2
186f9698,8876,2.9973,2
52b4a18c,6237,2.9973,2
458b436f,5623,2.9973,2
2107f530,6908,2.9973,2
7550e9d4,7497,2.9973,2
444e3892,8882,2.9973,2
587ca379,3478,2.9973,2
2071bdd5,870,2.9973,2
57bed096,5225,2.9973,2
498e1124,8695,2.9945,2
6856b5c2,10529,2.9973,2
7c313a2f,8370,2.9973,2
2a787c73,10312,2.9973,2
5183bf69,4785,2.9973,2
7098efaf,5792,2.9973,2
49a6d7a9,6109,2.9973,2
3cb37cf0,7014,2.9918,2
7087e4f8,8494,2.9973,2
47d588d0,8413,2.9973,2
38b1041c,7593,2.9973,2
1fc2ab06,10517,2.9973,2
50ad2c22,5001,2.9973,2
7e8aec90,5119,2.9973,2
3bd5adef,10667,2.9973,2
bf4df6d,9295,2.9973,2
3bb4d8ae,10404,2.9973,2
164cf8e,6763,2.9945,2
38112fbc,2575,2.9973,2
2e3d4784,3579,2.9973,2
27627749,4007,2.9973,2
31fea99,10103,2.9973,2
4d370c32,4851,2.9973,2
7930c3aa,9950,2.9973,2
78538183,7848,2.9973,2
24a05dcb,6709,2.9945,2
157dfa2c,6701,2.9973,2
51388e60,6672,2.9973,2
2d0ffdfc,7883,2.9973,2
b67a393,10474,2.9945,2
71b18449,8272,2.9973,2
671a4b51,5283,2.9973,2
36ddbeed,6629,2.9945,2
10f89e,96,2.9973,1
7dfeb719,9916,2.9973,2
63736ce0,4289,2.9973,2
38829cb5,9275,2.9973,2
3f515733,3675,2.9973,2
6eb64c03,8877,2.9973,2
371f79bf,10118,2.9973,2
4ff317d0,4031,2.9973,2
63384daf,9452,2.9973,2
110dd34d,9946,2.9973,2
56e57634,10007,2.9973,2
1a7b3fd6,7222,2.9945,2
4de1f6de,8281,2.9973,2
6c959ff8,9875,2.9973,2
113c1088,5104,2.9945,2
52fa08f6,10515,2.9973,2
10ef4371,9710,2.9973,2
504564cb,8408,2.9945,2
218c861b,2055,2.9973,2
23338764,2683,3,2
492dbcb8,7947,3,2
3235fa6a,4852,3,2
77cc0e69,6211,3,2
79daf7e3,5619,3,2
487bbf53,3759,3,2
6c170298,1896,3,2
6177bedc,6230,3,2
36ee100d,17702,2.9973,2
4ea24a17,6336,3,2
71ec53da,7744,3,2
66c4b4c8,5426,3,2
73d01e64,5162,2.9945,2
2787c144,8495,3,2
346624ed,10641,2.9973,2
7747b45d,3085,3,2
417a7ef,2897,3,2
1d03cbc8,7387,3,2
1847d5c9,5965,3,2
52e87fc0,6368,2.9973,2
6b7992ad,7591,3,2
68a74981,6673,3,2
32e3deca,5970,3,2
5f6f40a3,9091,3,2
1f0e9965,6992,3,2
13112e02,7297,3,2
78244d19,2963,3,2
2a1de8dd,4585,3,2
25fc3b77,10387,3,2
331d33,4962,3,2
5a25d4a9,9092,3,2
1f3b8430,10115,3,2
5b582323,4711,3,2
6ea1ee8,8309,3,2
431a77fe,8565,2.9973,2
37ee73a8,2787,3,2
74377b61,7654,3,2
6eec0fff,10177,3,2
7e59305b,2901,3,2
3aee6f0b,2715,3,2
75cdf744,4764,3,2
7bd08df5,10148,3,2
4c3cb13c,4926,3,2
5e31987,6234,3,2
1f0eb9a8,17746,3,2
3aa3d1a1,10638,3,2
604e3099,5320,2.9973,2
465a0739,5109,3,2
4952d8fd,6563,2.9945,2
5460cf71,3891,3,2
3e49efac,1909,3,2
2f92da04,7133,3.0027,2
70587a3b,6373,3.0027,2
22912806,5129,3,2
53d48777,9294,3.0027,2
6a2f25f3,6254,3.0027,2
5915032f,2832,3.0027,2
72efd113,8746,3,2
6166c0e7,6471,3.0027,2
5771f06,4013,3.0027,2
1664b2e6,10592,3.0027,2
259f82f1,2290,3.0027,2
6719d77e,7440,3.0027,2
6bf2e5c7,8949,3.0027,2
56404890,10440,3.0027,2
6500333c,3893,3.0027,2
4c8baac5,3584,3.0027,2
30abb24e,3081,3.0027,2
64fb7803,10182,3.0027,2
863e73,18161,3.0027,2
11ca7124,9296,3.0027,2
7c9e8891,2289,3.0027,2
18f07ab6,6073,3.0027,2
431adc61,9957,3,2
72de17d7,17789,3.0027,2
30df0bf9,10181,2.9973,2
388dd773,6974,3.0027,2
2d61edd7,7007,3.0027,2
2f833703,10249,3,2
67cb71c9,7624,3.0027,2
312b140c,9577,3.0027,2
138648ab,8848,3.0027,2
258b4ef7,9563,2.9973,2
197226b6,5428,3.0027,2
7090dae0,3344,3.0027,2
51f20749,7481,3.0027,2
18300dd8,4009,3,2
2ef11776,2684,3,2
263ec388,8222,3.0027,2
508f4a75,10527,3.0055,2
1106c762,17767,3.0055,2
37ea2893,18131,3.0055,2
19da4f42,5113,3.0055,2
67989f65,6202,3.0055,2
4d6ebd01,6168,3.0055,2
6a744e19,2655,3.0055,2
c3c4d74,17689,3.0027,2
2f7c9821,9699,3.0055,2
1742ae7a,8601,3.0027,2
5f0e3e0d,8878,3.0055,2
31b79f75,18157,3.0055,2
2fdc4646,10516,3,2
7ac1b4f2,7460,3.0027,2
7872e4ae,8650,3.0055,2
562243fb,3610,3.0055,2
5cc41d3d,3734,2.9973,2
5be3227d,6374,3.0055,2
16d467fd,7071,3.0055,2
2c726bd7,6905,3.0055,2
43cabd63,5601,3.0055,2
733137a,6093,3.0055,2
4581392b,8584,3.0055,2
7a92de9f,4959,3.0055,2
3ef632b0,10144,3.0055,2
6ca5450b,5596,3.0055,2
73123326,9132,2.9945,2
1f4ec731,8644,3.0055,2
3f96040e,5769,3.0055,2
539c4345,7324,3.0055,2
137eca3f,3625,3.0055,2
232980c7,5943,3.0055,2
15d7d920,9947,3.0027,2
773e43bf,18085,3,2
78079f22,5167,3.0055,2
5e681ea9,8936,3.0055,2
3d62bdf8,4023,3.0055,2
23c20b85,2788,3.0055,2
49307d0c,7629,3.0055,2
6205a3d3,4626,3.0027,2
67232797,2838,3.0055,2
23994ade,9093,3.0055,2
690b9bbc,10775,3.0055,2
26dfa675,8600,3.0055,2
583e22a6,10145,3.0055,2
31984cc5,4661,3.0055,2
5fcc15d5,9562,3.0027,2
76ce3798,9355,3.0055,2
6313e4ee,7444,3.0055,2
543b3e0,5441,3.0055,2
66f9dc13,6094,3.0027,2
5eda9e06,9613,3.0055,2
61074ab5,7795,3.0027,2
66f2d3fa,7929,3.0027,2
7eb6b077,8932,3.0027,2
540b34cc,4920,3.0027,2
74162b09,2717,3.0055,2
46234b2d,9958,3.0055,2
33fec57c,9492,3.0055,2
2f9f95dc,10123,3.0055,2
22b5d8ca,7796,3.0055,2
424010af,3463,3.0082,2
5f02eed6,8225,3.0082,2
147cd849,18130,3.0055,2
51f7f7ac,5387,3.0082,2
295a93b,8691,3.0082,2
4aa993e1,9307,3.0055,2
38e5a46d,17762,3.0082,2
56c17e4a,4417,3.0082,2
7932d9d8,4428,3.0082,2
9f0ba48,5933,3,2
7f827b84,1932,3.0082,2
21147195,4286,3.0082,2
6a516ed5,6072,3.0055,2
373f6efb,17651,3.0082,2
582c9ddd,6800,3.0082,2
349e9307,9948,3.0055,2
55d86487,7223,3.0082,2
19dc8071,7182,3.0055,2
252224e2,7433,3.0055,2
694c7278,8252,3.0082,2
65649dea,18196,3.0082,2
738e219d,5634,3.0055,2
e2ce895,3520,3.0027,2
3a9dc886,8257,3.0082,2
7bd789f2,10777,3.0082,2
79d7dddc,8192,3.0082,2
1056fa33,3364,3.0082,2
445bc947,10410,3.0082,2
447a44b6,6236,3.0055,2
795145a5,2726,3.0082,2
58f5b7d0,8490,3.0055,2
4ebc178c,17821,3.0082,2
789bf6ca,5120,3.0055,2
b14e811,9578,3.0082,2
7eaa8594,5678,3.0082,2
1872c8df,3275,3.0055,2
5004fdba,8383,3.0082,2
778e6cd6,3458,3,2
5bf65656,5974,3.0027,2
715afe99,9133,3.0082,2
6443425,10040,3.0082,2
2a810e7,8451,3.0082,2
6b05a202,9870,3.0082,2
278f0d4a,4922,3.0082,2
6a4fd755,2902,3.0082,2
f08ffef,3240,3.0082,2
28a2ddd3,8315,3.0082,2
30d6bded,9681,3.0082,2
6ef16f77,9671,3.0082,2
4ae69e3b,2572,3.0082,2
66b9d2d1,9401,3.0082,2
5e071d4d,8567,3.0082,2
60f51f1b,4743,3.0082,2
7a45820c,9348,3.011,2
593e073f,7922,3,2
51a5ea5,6911,3.011,2
7b731f7b,4917,3.0027,2
51e984ef,2805,3.011,2
1df8982d,6977,3.011,2
55bd414e,8100,3.011,2
205c22a,9981,3.011,2
61ee9dd6,8544,3.011,2
388e4836,3370,3.011,2
d93d674,10776,3.011,2
57b85745,7906,3.011,2
706d958,10274,3.011,2
2bbe4f00,8849,3.011,2
3e2b678c,10465,3.0082,2
742e4787,10459,3.011,2
3d3a86fd,6628,3.0055,2
3241ece8,9268,3.0055,2
45539c43,4944,3.011,2
1c4c0da6,6669,3.011,2
32167e55,8282,3.011,2
65ebf66b,2964,3.011,2
79be1ea4,7426,3.011,2
7faa6c6b,4714,3.0082,2
26424659,4300,3.011,2
5a1f4e0a,10751,3.011,2
535d20d3,7445,3.0055,2
3ac4f0b7,8696,3.011,2
16b4942d,7948,3.011,2
7f38c7e7,7018,3.0055,2
4bfc36d7,7439,3.011,2
4f30c207,10536,3.011,2
6bb35ebc,7335,3.011,2
51d2a0a1,2695,3.011,2
686c4283,9186,3.011,2
392c4b14,4960,3.011,2
420c8bd7,7548,3.011,2
333b7b94,6988,3.0027,2
77a802fa,10425,3.011,2
7dda2ed6,7299,3.011,2
5bae4089,9235,3.011,2
33a177b3,10074,3.011,2
56fdc3d4,10424,3.011,2
4290cef,7019,3.011,2
28292e22,10046,3.011,2
1aa89a6,8482,3.011,2
390e7acf,9345,3.0137,2
758c5775,18132,3.0137,2
527256e3,3431,3.0137,2
14b53fd8,3593,3.011,2
41076351,10716,3.0137,2
b15b1bc,17847,3.0137,2
1c356854,6473,3.0137,2
21c3cff5,5315,3.0137,2
432d6b4c,4627,3.0137,2
5ba43d77,2831,3.0055,2
7d1affee,7517,3.0137,2
4a5a4fd1,7430,3.011,2
75d99d08,9216,3.011,2
fec5941,3106,3.0137,2
25a332dd,4418,3.0137,2
3d1fc57f,2680,3.0082,2
4972e09,7482,3.011,2
39247f97,7257,3.0137,2
69dc498b,4426,3.0137,2
5555bbb7,8817,3.011,2
16a2b85f,5203,3.011,2
2b782be4,3350,3.0137,2
20e3bf11,3808,3.0137,2
589320b9,6335,3.0137,2
5b700bb4,4868,3.0137,2
313d3c35,5202,3.0137,2
48faf82d,6680,3.0137,2
c9b0634,5316,3.0027,2
4dcc79f6,4035,3.0137,2
16bae650,3626,3.0137,2
154938d1,2520,3.0137,2
31ae6a9,7910,3.0137,2
1a40a973,8784,3.011,2
34ed6004,3369,3.0137,2
752498af,10143,3.0137,2
4ec0d5a1,3690,3.0137,2
51d4f63b,9711,3.0137,2
ee64145,8175,3.011,2
47179dab,10124,3.0137,2
5fd641d6,18086,3.011,2
1773ea50,5228,3.0137,2
6160a3ab,10321,3.0137,2
5db02aab,18236,3.0082,2
3005083a,7397,3.0082,2
38ac4500,9039,3.0137,2
5cb5d445,4754,3.0137,2
8c580a,6468,3.0137,2
3626fd84,7625,3.0082,2
1d765743,867,3.0137,2
18d0c4f9,5301,3.0137,2
7aae58a8,7432,3.0137,2
428e06a6,3608,3.011,2
30ebf54e,2681,3.011,2
52c0890b,3157,3.0164,2
52c5a751,6360,3.0164,2
4cac46fc,4898,3.0137,2
7ea5c2f9,6359,3.0164,2
992dfbe,5446,3.0164,2
110b19e6,10423,3.0137,2
6e0bcbb9,7053,3.0164,2
40beeb22,8593,3.0164,2
10dc4bc6,2736,3.0137,2
5951a412,3197,3.0164,2
6c459515,7020,3.0164,2
69b7fa82,4669,3.0164,2
46c03578,4416,3.0137,2
5e67fb6d,4656,3.0164,2
1009c4d,10703,3.0164,2
622bdb65,4429,3.0137,2
78b259b8,9279,3.011,2
2e87cfc6,3845,3.0164,2
34b97992,7111,3.0164,2
6c180413,3461,3.0164,2
4fdaf5e8,9165,3.0082,2
5b91daf6,6264,3.0164,2
318427a5,9920,3.0164,2
21ed37ac,6978,3.0137,2
3900f3cc,8670,3.0164,2
34655007,4865,3.0137,2
6c13c870,9277,3.0164,2
7c3a6358,3408,3.0164,2
34226b24,8450,3.0137,2
a0260ff,5060,3.0164,2
1bdfe545,6016,3.0164,2
78206987,8875,3.0164,2
57aff578,9369,3.011,2
70f3cfe2,6469,3.0164,2
696f5c9b,4712,3.0164,2
12f87c60,8964,3.0164,2
397e45fa,10252,3.0164,2
3ad44f72,8387,3.0164,2
54b61b15,10126,3.0164,2
47ae0e9c,4284,3.0164,2
16646175,5388,3.0164,2
e530314,9338,3.0164,2
1e08e24b,3806,3.0164,2
6b847aaf,6478,3.0164,2
6a59df78,1903,3.0164,2
5db4e641,1908,3.0164,2
686e4b4b,7483,3.0164,2
2eb0590b,8605,3.0164,2
355dcdc8,5074,3.0164,2
7eb3bef1,10262,3.0164,2
5ab50c40,7443,3.0164,2
20c97fb9,9677,3.011,2
3a675cf8,2908,3.0164,2
260cc740,10133,3.011,2
3cec945c,2758,3.0137,2
59c03973,7879,3.0137,2
2b65e907,6231,3.0137,2
403a6f65,9496,3.0164,2
2294d4c1,2079,3.0164,2
47ca00e5,10466,3.0164,2
403a7b06,2287,3.0192,2
5ec1a5ef,8409,3.0164,2
1869c9d3,2965,3.0164,2
1c402608,6906,3.0192,2
f9233a2,10075,3.0164,2
1c639b1d,8950,3.0137,2
67026814,2616,3.0192,2
4a92ee13,9142,3.0192,2
577fe12f,10232,3.0192,2
49eec741,9600,3.0192,2
49551612,10127,3.0192,2
14ea9b5d,4038,3.0192,2
3c346676,8937,3.0164,2
6c39cd82,10183,3.0164,2
35f7a7e,4908,3.0192,2
62db0981,10467,3.0164,2
59019c3e,6344,3.0164,2
60306036,9141,3.0164,2
3b781935,7421,3.0192,2
5f98d4ed,3934,3.0164,2
75935d86,3619,3.0192,2
222b56f4,3525,3.0192,2
65119a1d,5604,3.0164,2
3db38311,5389,3.0192,2
4b124bba,7592,3.0192,2
45479253,2858,3.0164,2
7fea1c7b,10260,3.0192,2
70e6984,8962,3.0164,2
2684d97f,3214,3.0164,2
5b65e2d0,7908,3.0192,2
5fa812f6,5632,3.0192,2
700ed4bc,9567,3.0192,2
4b8c170,7135,3.0192,2
65462472,6508,3.0192,2
477afb9,10624,3.0192,2
1b572263,2739,3.0192,2
1d7aae81,7434,3.0192,2
5f0b5f1f,3766,3.0192,2
66382920,5121,3.0164,2
445e4bbe,1919,3.0192,2
c98fb12,9461,3.0192,2
3b14aa47,3480,3.0192,2
76cbca3a,7008,3.0164,2
9eeae39,8389,3.0192,2
2eb8e70d,8023,3.0164,2
188d4adf,3116,3.0192,2
530672b7,7736,3.0192,2
6b0ccf8e,18137,3.0192,2
2f658188,4831,3.0192,2
1c374775,10054,3.0192,2
34a5ea5a,7330,3.0192,2
5456b5b3,1918,3.0192,2
57bc1770,7337,3.0192,2
5b7f97ae,8448,3.0164,2
754df5ca,7477,3.0164,2
65cda1cc,5501,3.0192,2
6ea13603,6553,3.0192,2
fbbed49,9680,3.0192,2
388b6c59,7469,3.0192,2
22723d27,9263,3.0192,2
5e0f75fd,3111,3.0164,2
45041644,3465,3.0192,2
15857a08,7459,3.0192,2
768f2545,7461,3.0164,2
4527b5b6,4897,3.0164,2
20743d60,3470,3.0192,2
1e9f465c,8258,3.0192,2
1135edc7,3390,3.0164,2
a104a82,9453,3.0192,2
69c76052,6107,3.0192,2
6d4ad773,6232,3.0192,2
6859cf37,9667,3.0192,2
c10c9c6,8255,3.0192,2
4db2c887,10537,3.0219,2
32f55656,4927,3.0192,2
606265aa,4630,3.0219,2
4cb08105,9292,3.0219,2
546f3923,7467,3.0192,2
27534931,10572,3.0219,2
40a75033,7398,3.0219,2
857598b,3234,3.0219,2
25dccf83,8388,3.0219,2
c19e465,8372,3.0219,2
187b00c8,10507,3.0192,2
27c823d9,3523,3.0219,2
62a7ed3c,7203,3.0137,2
500e6be2,8471,3.0219,2
13ed06b7,3894,3.0219,2
53502942,3391,3.0219,2
7f3c697e,2712,3.0164,2
e43e019,6099,3.0192,2
713c09d4,6408,3.0192,2
2db1db48,6375,3.0219,2
5692b8f7,3692,3.0219,2
45a815e,5745,3.0219,2
1588eae4,5430,3.0219,2
36400886,9056,3.0219,2
7e6ea9de,2906,3.0219,2
75565bb9,7919,3.0219,2
25d6743c,2732,3.0219,2
77db75a8,18095,3.0219,2
36f9d747,8575,3.0192,2
1444fd92,7455,3.0219,2
41e947ed,7309,3.0219,2
6cb61ba9,5768,3.0219,2
6a557fa,3420,3.0219,2
10c4a486,5543,3.0219,2
3e38936f,5605,3.0219,2
78ea88b0,10443,3.0219,2
37c30b42,10283,3.0164,2
1b7590c7,8666,3.0164,2
2e20f7bb,9197,3.0219,2
13cc58c2,8256,3.0192,2
471c9424,7675,3.0219,2
d04e82b,3112,3.0192,2
655da991,8572,3.0192,2
4aeb3763,4039,3.0137,2
7d2f7551,7874,3.0219,2
1888e2d2,5447,3.0219,2
549bd860,6633,3.0219,2
5c82f243,7757,3.0219,2
4f41969f,8888,3.0164,2
4942e7db,9233,3.0219,2
435a87a6,5995,3.0219,2
43107e4b,9590,3.0219,2
8cb9c80,2660,3.0219,2
4b7d0668,3110,3.0164,2
15df4ce3,8938,3.0247,2
557d9a35,3405,3.0247,2
1063386,10446,3.0247,2
22eb2b88,3618,3.0247,2
1837d97c,6018,3.0219,2
4d3cc362,3841,3.0247,2
452c3f9f,3139,3.0247,2
74a954c2,7737,3.0247,2
4483c3d2,8540,3.0247,2
3f4f07a1,2062,3.0247,2
14c3e4f9,5032,3.0219,2
2af2ade7,4662,3.0219,2
70b56638,10015,3.0247,2
37000580,6429,3.0247,2
3cefcbb5,7298,3.0247,2
3cdc45a,7054,3.0247,2
5812f6bd,9223,3.0247,2
521318ba,1933,3.0219,2
6f09c43a,9869,3.0219,2
2df9080d,5286,3.0247,2
3e5ac59c,8573,3.0247,2
8123791,9234,3.0247,2
40fbe6fc,4034,3.0192,2
f135740,4860,3.0219,2
6d688155,2699,3.0137,2
2e9a6a8c,6895,3.0247,2
4b46a632,9460,3.0219,2
541575a0,8590,3.0247,2
41298135,9672,3.0247,2
3c9a5d96,3371,3.0247,2
42130b01,9497,3.0247,2
6f6d6c4e,3218,3.0247,2
3d54ce96,9372,3.0192,2
30f9d020,18107,3.0247,2
5785a008,3343,3.0219,2
5ee14d44,4924,3.0219,2
38d34dd2,5602,3.0247,2
4700e9a,2807,3.0247,2
1f4b40fc,8961,3.0247,2
555e9915,7279,3.0247,2
7fd67aa3,7009,3.0247,2
61cdfbe5,7386,3.0247,2
77e6c7a9,9290,3.0247,2
351211f5,5925,3.0247,2
3112cd13,10753,3.0247,2
749b276d,9493,3.0247,2
7a87f8c8,5944,3.0219,2
5fbfc3d4,2737,3.0219,2
45a3938,10250,3.0219,2
3739758a,10076,3.0247,2
7862e765,7446,3.0247,2
fdcccdb,9712,3.0247,2
55ef174b,5928,3.0247,2
106bf486,10413,3.0247,2
316b343c,8574,3.0247,2
2c53c465,9454,3.0247,2
5eddb4bb,10817,3.0247,2
73a9881,6140,3.0219,2
7325a564,10769,3.0247,2
3ca5b042,3524,3.0274,2
5487b93e,8591,3.0274,2
674ca779,4957,3.0247,2
4da3c239,8568,3.0274,2
399c3071,3628,3.0247,2
1b5bb3b6,9494,3.0274,2
282ab0a0,7214,3.0247,2
410da2d2,17833,3.0247,2
43f8a2e5,3121,3.0219,2
4e1934ee,4624,3.0274,2
1b3f0d53,9267,3.0247,2
74e69ec9,7931,3.0274,2
666d0124,6980,3.0274,2
4ada2409,9678,3.0247,2
4cb3583d,9043,3.0274,2
2f85916d,7930,3.0274,2
3da7cbb9,4807,3.0274,2
21efd198,3419,3.0274,2
3a0e43c0,4586,3.0274,2
6caa860c,2636,3.0274,2
6fa76c0d,3680,3.0274,2
309b0370,2061,3.0274,2
78c346e0,8592,3.0274,2
6c08b8d,8491,3.0274,2
40e12512,7500,3.0274,2
14f2ee07,7384,3.0274,2
7c1aff6a,9592,3.0274,2
1e0c524f,7217,3.0274,2
578c2d29,10668,3.0219,2
540d7309,17826,3.0274,2
7fc7374d,6169,3.0247,2
3258cd0,6071,3.0192,2
35f60cf8,5996,3.0247,2
a5ca474,9349,3.0274,2
4c67872d,3923,3.0247,2
36ade868,10717,3.0274,2
630bc17d,5747,3.0274,2
661f9028,6272,3.0274,2
98ff79b,9899,3.0274,2
79a14768,9405,3.0274,2
24aecc5f,4629,3.0274,2
40c98764,4776,3.0274,2
449c6108,5114,3.0274,2
5e182763,5608,3.0247,2
285d3014,10770,3.0274,2
5bb4a870,9096,3.0274,2
7c87162f,8260,3.0247,2
633b15e3,7042,3.0274,2
202b3f50,10617,3.0247,2
22275400,5204,3.0274,2
5c2e9f1c,10573,3.0274,2
1b4471a1,6975,3.0274,2
18dcccd8,8646,3.0274,2
23f3462d,9579,3.0274,2
761d5582,5546,3.0274,2
3bec9107,4576,3.0247,2
13122f19,7949,3.0274,2
6dd68baf,8586,3.0274,2
54ad7a16,8112,3.0274,2
b16bd2d,5802,3.0301,2
97e21b1,7470,3.0274,2
50ac48c2,9375,3.0274,2
6feee50b,3167,3.0301,2
60a0285c,8562,3.0301,2
512fd20e,7139,3.0301,2
29241233,8783,3.0301,2
1b7cb58d,10273,3.0274,2
22af6f71,5444,3.0274,2
5366fcd,5706,3.0301,2
738510b8,9982,3.0301,2
322cd54,4393,3.0301,2
2c32c09c,17671,3.0274,2
250efaa3,3617,3.0301,2
38211d65,3107,3.0274,2
5b20e352,17738,3.0301,2
4efdcd0f,9302,3.0301,2
7471c26c,3084,3.0301,2
2678f5a3,10763,3.0301,2
7a1ea84d,9951,3.0301,2
5aab97b4,10275,3.0247,2
20334c2f,17701,3.0274,2
41877067,7164,3.0219,2
4ed4e4da,2852,3.0301,2
4844cc83,3681,3.0301,2
72acb390,8213,3.0301,2
8d2f1ea,9308,3.0274,2
f07de70,6562,3.0301,2
1820dc33,10116,3.0301,2
224e9ddf,4561,3.0301,2
33e3028e,17723,3.0301,2
7e2237c,17700,3.0247,2
241feb3e,18205,3.0301,2
1ef62390,5448,3.0274,2
29a539,5208,3.0301,2
6a07b0a9,9303,3.0301,2
16469f83,5431,3.0301,2
63fda673,3072,3.0301,2
71c09ae1,8886,3.0301,2
25a4905f,7331,3.0301,2
ae1ddd8,2090,3.0301,2
4ead7f0b,2661,3.0301,2
47aca1d0,3621,3.0301,2
65b48421,7112,3.0301,2
74d3a19,10754,3.0301,2
6493c6a0,4702,3.0301,2
6018d8f7,10441,3.0301,2
42184705,6326,3.0301,2
34c56eb,7746,3.0301,2
791026e4,10602,3.0274,2
5fe99651,17666,3.0301,2
5f49d2c6,9278,3.0329,2
3e533cca,4700,3.0329,2
468c1ae2,8805,3.0329,2
7f418c46,10318,3.0301,2
55c4477c,2662,3.0301,2
448a60e0,10548,3.0329,2
4fb8568c,2518,3.0301,2
6398b1d7,6956,3.0329,2
4565fc4c,9462,3.0329,2
326dac3b,5130,3.0329,2
6afcdf0,9822,3.0329,2
41e3e5fb,5633,3.0329,2
25f757f6,3235,3.0329,2
410c8a3b,9983,3.0329,2
5888cc86,6472,3.0301,2
5f8df61,9135,3.0329,2
73d29638,10119,3.0329,2
3c75c96,7672,3.0329,2
692a573e,7140,3.0329,2
36f93254,4567,3.0329,2
29ae9b9a,6907,3.0329,2
103451d5,5804,3.0301,2
2b1c774a,4805,3.0329,2
54888bef,7051,3.0329,2
9a7a8af,9217,3.0301,2
3b2ffab7,10669,3.0219,2
73416cbf,8452,3.0329,2
630646cb,9850,3.0329,2
575068d4,8209,3.0329,2
136edacb,8589,3.0329,2
6b32788d,9166,3.0301,2
3ad34b3e,18262,3.0329,2
6e119278,10129,3.0329,2
b4cb5f3,10484,3.0329,2
73c25207,8669,3.0329,2
53e86dfa,2966,3.0301,2
3108a7ad,10711,3.0329,2
5f857f52,2591,3.0329,2
3eb65ccf,4856,3.0301,2
2ea1715e,6357,3.0301,2
5a608ee8,6976,3.0301,2
2eeb0519,3113,3.0329,2
22b7742f,3130,3.0329,2
7b9daa6,7740,3.0301,2
59700377,7114,3.0329,2
2fc5168d,17716,3.0329,2
364a1956,6113,3.0301,2
7fef99d3,3140,3.0329,2
26dd56e2,8278,3.0329,2
212b4dca,5550,3.0329,2
47cd6010,9744,3.0329,2
446f483b,18197,3.0329,2
8497c12,3935,3.0301,2
5efa4fad,8493,3.0329,2
1e4fbc74,4854,3.0301,2
5f960652,3184,3.0329,2
6106a30b,4853,3.0329,2
226cead5,9299,3.0329,2
68ff7201,5796,3.0301,2
21feafaf,3225,3.0329,2
33679d93,5323,3.0356,2
22134212,8087,3.0356,2
7345dda,7923,3.0356,2
4ee3d677,9095,3.0329,2
450572a1,8024,3.0356,2
238add81,17737,3.0301,2
537ea8cc,3810,3.0329,2
1681ca34,10534,3.0356,2
5fddd9f,7021,3.0356,2
20028a77,8645,3.0356,2
61c7e73,4866,3.0356,2
1ed4c4ee,8369,3.0329,2
752ef38e,10322,3.0356,2
19c01bd1,2519,3.0356,2
414b8e6e,2970,3.0356,2
24419fd2,3824,3.0356,2
1c0adc00,7515,3.0356,2
1e3afe8c,6405,3.0356,2
39f3bdb,2521,3.0356,2
2b089b75,17724,3.0329,2
be9dde1,8283,3.0356,2
b0d6d5d,3365,3.0329,2
6128b8c8,9467,3.0356,2
23467058,8850,3.0356,2
521453c2,7422,3.0356,2
3d28a9c6,8855,3.0356,2
19e2b853,8607,3.0329,2
4e3daf8c,7218,3.0356,2
3ec77fca,8492,3.0329,2
46d9974d,2080,3.0329,2
5d2dd116,10718,3.0356,2
4af58fe5,4628,3.0356,2
699718f8,3696,3.0356,2
6c2b132f,10017,3.0356,2
66428218,7391,3.0356,2
aea392,4451,3.0356,2
51af2ba7,2874,3.0329,2
4c31f82,10603,3.0356,2
6529f8d6,10285,3.0356,2
1709e429,8384,3.0329,2
7a1316c7,3620,3.0356,2
62ce6769,6643,3.0329,2
6025efa3,6999,3.0356,2
4a148a84,2842,3.0356,2
60d12458,6292,3.0356,2
38a1acc7,7427,3.0356,2
4c5ba2b6,5061,3.0356,2
29457195,3591,3.0301,2
47eb9e93,17787,3.0329,2
2ef191d2,3883,3.0329,2
6496497b,6118,3.0356,2
1b03c75f,4677,3.0356,2
19c8d473,8596,3.0301,2
24ccedf,2870,3.0356,2
2091a045,7712,3.0356,2
7472afba,9591,3.0356,2
25ada237,7882,3.0356,2
7a9981bd,6286,3.0356,2
1e478207,10178,3.0356,2
33798a02,7165,3.0301,2
7b8d2a40,3972,3.0301,2
4dafd8e5,3406,3.0356,2
6f5a2ced,9959,3.0384,2
4b0152a9,6265,3.0384,2
36413cff,7911,3.0356,2
5c424a5c,10444,3.0384,2
108c929e,9045,3.0384,2
24175e5,6592,3.0356,2
319afdb8,17676,3.0384,2
f198222,9352,3.0384,2
729255fb,7865,3.0384,2
1403012c,5810,3.0356,2
5748991c,7431,3.0384,2
3202ec9,9614,3.0384,2
637d8edb,9351,3.0329,2
6f7bf9f9,3821,3.0356,2
7ce81d73,3885,3.0384,2
7e3c3241,7784,3.0356,2
13e596de,8317,3.0356,2
7138600b,7428,3.0384,2
882250d,6462,3.0384,2
3d3049f6,5205,3.0384,2
3e8c8233,2534,3.0384,2
41bcebe4,5677,3.0384,2
7d036525,7325,3.0384,2
6232eefe,5945,3.0384,2
2e0c81d,3068,3.0384,2
50b8e28b,8597,3.0384,2
76fdd0b3,17696,3.0384,2
1031b904,6009,3.0384,2
6581f0e2,4568,3.0384,2
723aea63,8286,3.0356,2
6adad4df,5707,3.0384,2
773ea919,7950,3.0384,2
1d5251fc,6809,3.0384,2
389ed9c7,3466,3.0384,2
4de8e27,8210,3.0384,2
6aa99c4,5803,3.0384,2
978f55c,9309,3.0384,2
47e64555,18138,3.0384,2
37b94438,3682,3.0356,2
658f9fb2,10719,3.0384,2
1e6d2956,7660,3.0384,2
3e544083,5405,3.0384,2
2b93544a,8316,3.0384,2
5eaa6080,8806,3.0384,2
23cf77e9,6171,3.0384,2
3aa41e2d,6256,3.0384,2
ba43c37,7451,3.0384,2
607e3a3,7399,3.0384,2
5eafbcb5,3886,3.0356,2
4460943b,9250,3.0384,2
6e8f4d04,7907,3.0384,2
572ca18d,3409,3.0384,2
7445e5c9,7936,3.0356,2
34447636,6994,3.0384,2
20b7fad7,5044,3.0356,2
12251785,10533,3.0329,2
4995c3a5,5302,3.0384,2
5e77f967,8563,3.0384,2
4189d13c,5150,3.0384,2
7baa6fb7,5131,3.0384,2
15d9f925,4582,3.0384,2
2ec0f800,6463,3.0384,2
1cc5038c,6114,3.0384,2
7d986db2,5116,3.0356,2
7217530c,7215,3.0384,2
5ae84d2e,10308,3.0329,2
6e85ec9c,10173,3.0384,2
1b3e1331,8284,3.0384,2
50cee903,17747,3.0384,2
18094f25,2654,3.0356,2
173f3f58,7224,3.0411,2
10e037,3224,3.0384,2
41b00da5,8327,3.0384,2
66917261,3464,3.0411,2
343379f1,6273,3.0384,2
33a53618,8735,3.0411,2
72b9d8ec,2759,3.0356,2
1fd6aea0,7232,3.0411,2
3085a05a,2836,3.0411,2
2a0a55a4,6291,3.0384,2
16c896b1,7235,3.0411,2
3cc18966,3892,3.0356,2
21db79d4,9477,3.0384,2
5904bf3e,17719,3.0384,2
babc7b1,17670,3.0411,2
3b11f51b,9203,3.0411,2
349a1a57,5826,3.0411,2
417e3e74,2634,3.0411,2
3d7f842a,8208,3.0356,2
68bc4a7b,6074,3.0384,2
5cb1c35a,8748,3.0411,2
6c8cdb26,7849,3.0411,2
2d934c49,2632,3.0411,2
647cb44a,4832,3.0411,2
27762412,7060,3.0384,2
750f88b5,4928,3.0384,2
7fd038d9,10153,3.0411,2
4816d26e,8808,3.0356,2
5e5629ca,2091,3.0384,2
57155895,4430,3.0411,2
297da45e,5300,3.0411,2
4e3c54f2,7575,3.0411,2
578696bd,10187,3.0411,2
38f1edfe,10460,3.0411,2
455ddb85,5139,3.0384,2
146c824,6323,3.0411,2
629695cf,9315,3.0411,2
553f1a7e,8253,3.0411,2
7e9562af,10442,3.0411,2
492582b1,8305,3.0411,2
1fcb4eb7,9866,3.0411,2
328a4bda,9353,3.0411,2
67dfc73e,5206,3.0411,2
5d74dd9,10104,3.0411,2
20af17e,4952,3.0384,2
6d464870,6474,3.0384,2
47f1a97e,7001,3.0411,2
2e86dd15,3802,3.0411,2
1ba19d3,7450,3.0329,2
6d14d82b,17674,3.0384,2
27c5fec1,9269,3.0411,2
3eba2b30,7400,3.0411,2
6beebc98,8410,3.0384,2
211e52c2,9480,3.0411,2
4600aeb5,6119,3.0411,2
292593d6,5781,3.0411,2
46a9de69,2629,3.0411,2
58bda058,8747,3.0411,2
be661cf,7113,3.0384,2
e58e846,8178,3.0411,2
65b5695c,5606,3.0411,2
60a3572,7890,3.0411,2
3300fa8b,8291,3.0438,2
5d00c87a,8954,3.0438,2
54252a97,8820,3.0438,2
b500d3d,17788,3.0438,2
160896e0,6909,3.0356,2
131bf676,3276,3.0438,2
4203dec9,5598,3.0438,2
1575c25e,1927,3.0411,2
2195b6d9,6019,3.0438,2
2aa76e33,5547,3.0411,2
768e0838,9137,3.0438,2
4dd226e6,5003,3.0438,2
4d524385,2528,3.0438,2
41fd1788,3372,3.0411,2
503a2f72,4533,3.0438,2
56733285,9177,3.0411,2
1800d6ab,9314,3.0411,2
9e21da5,2834,3.0438,2
208a1a46,10447,3.0438,2
21caf09a,4878,3.0411,2
6ee2193c,17810,3.0438,2
54f4730,5797,3.0438,2
1dab32fe,9046,3.0438,2
77742e70,8088,3.0438,2
6a2a3591,10024,3.0411,2
7dc42f2,5806,3.0411,2
71642cb3,10323,3.0438,2
f31e05a,7204,3.0384,2
59605862,7884,3.0438,2
3c4e5a6e,3185,3.0438,2
6c9fe8e0,6008,3.0438,2
6cacf619,7456,3.0411,2
37d400a6,5445,3.0356,2
7907b118,17834,3.0411,2
6acc8e30,3151,3.0411,2
29cf5a74,2639,3.0438,2
615ba14e,2685,3.0438,2
761d5cf3,9376,3.0438,2
6cf3266c,3412,3.0438,2
27435575,6777,3.0411,2
32d6ac59,9679,3.0438,2
3c65193d,10461,3.0438,2
89e2e,10818,3.0438,2
4a28867f,1923,3.0411,2
1c6ea018,9574,3.0438,2
1b5d63a8,8498,3.0411,2
fe53d0f,4287,3.0438,2
4b582b33,4943,3.0438,2
22df2c20,6475,3.0438,2
526f5bf0,8742,3.0438,2
744419f7,17718,3.0411,2
7ecfa5ff,10314,3.0438,2
252a282a,9495,3.0411,2
db257a4,10538,3.0438,2
596d6c44,17669,3.0411,2
5a0ecacb,9300,3.0438,2
2e91d2d8,18158,3.0466,2
3181bfd9,5066,3.0466,2
33ceae1,5241,3.0466,2
2f4820df,8259,3.0466,2
f6f30fc,8546,3.0466,2
33ac39bf,4459,3.0466,2
5723a6c9,2701,3.0466,2
39033a2a,3551,3.0466,2
4f9d0526,6581,3.0466,2
1d2eacab,10018,3.0466,2
57714429,5635,3.0466,2
7783e687,9276,3.0438,2
50907964,3829,3.0466,2
3833cc29,7413,3.0466,2
653e870a,2686,3.0411,2
d61f2f4,5458,3.0466,2
5ee9f165,3978,3.0466,2
73cd6dc1,9831,3.0466,2
6f5f2940,5011,3.0466,2
789d3c15,3975,3.0466,2
698af2db,10313,3.0466,2
6b7e4b4c,9615,3.0466,2
68ed24b2,2741,3.0438,2
7a8ded9f,9377,3.0466,2
6be10b4f,3288,3.0466,2
4c7e250d,3086,3.0466,2
598ac808,9823,3.0466,2
3a521b05,8156,3.0466,2
2ff30ef8,3265,3.0466,2
765be9ad,10184,3.0438,2
4b30fc26,7912,3.0466,2
2136e9d5,7645,3.0356,2
66b0b85,4824,3.0466,2
79196cc5,8449,3.0466,2
674636b2,5708,3.0466,2
6ed51678,3797,3.0466,2
476a9c8e,4450,3.0438,2
b778989,9468,3.0438,2
2d6b8bb3,7435,3.0411,2
2c2cad29,10218,3.0466,2
62d5e490,6325,3.0438,2
24f54864,6172,3.0466,2
37683e98,10510,3.0466,2
64d23d,10284,3.0466,2
1c29638a,3198,3.0466,2
4dd857c5,2760,3.0438,2
43609072,5288,3.0466,2
350aea78,9516,3.0466,2
135923de,2578,3.0466,2
36fbe3,6020,3.0466,2
1c30280f,9668,3.0438,2
6ad95826,9167,3.0466,2
3850feb5,8391,3.0466,2
371d916e,10025,3.0411,2
6e769fa,4036,3.0493,2
5b14d8fb,9200,3.0493,2
392fa0cb,6802,3.0493,2
633233e3,10549,3.0493,2
7e5f1fda,10334,3.0411,2
371c3ea,8322,3.0493,2
46ea0e54,4699,3.0466,2
4ef395a0,4040,3.0493,2
471c02b7,3290,3.0493,2
35439c9c,10309,3.0493,2
3364f421,5014,3.0493,2
2ec64482,8856,3.0466,2
3e071f34,8229,3.0493,2
1929bbf9,3588,3.0493,2
3b150516,7626,3.0466,2
30a7733c,7468,3.0493,2
24f65cf5,9283,3.0493,2
228e19e0,9425,3.0493,2
76ac883b,2718,3.0493,2
7d192b41,18135,3.0493,2
1eeb6008,10217,3.0493,2
6b9ed1e3,10810,3.0438,2
390d8469,5151,3.0493,2
2bf22e23,17673,3.0466,2
1f855b3f,3800,3.0493,2
20990e5,8955,3.0466,2
57f27201,3366,3.0493,2
36bc918,10756,3.0493,2
6d4bddea,7072,3.0493,2
58a23fdf,8472,3.0466,2
16620296,10518,3.0493,2
52441821,3691,3.0493,2
61533b0e,10761,3.0466,2
2846bc3c,8545,3.0493,2
2e366d10,8649,3.0466,2
5cc1ede7,18198,3.0493,2
2432363a,17790,3.0493,2
22c2fbe1,3811,3.0466,2
3908d9dc,10261,3.0493,2
7ca57210,8809,3.0466,2
244b6d00,6591,3.0466,2
ea54711,5793,3.0493,2
42806981,10616,3.0493,2
3d398e34,4713,3.0493,2
4265d7fe,2535,3.0493,2
581a6c3,8159,3.0411,2
448c1b93,7921,3.0493,2
35b57518,7659,3.0493,2
59838e77,8553,3.0493,2
75c8451d,7516,3.0493,2
6b4be309,4560,3.0493,2
32b4f90,10114,3.0493,2
2e7e3821,3219,3.0493,2
1b962c98,7875,3.0521,2
2c41725a,6605,3.0521,2
18a69f70,3455,3.0521,2
47c61375,17809,3.0521,2
6d1e15f9,17806,3.0493,2
f439bbd,8933,3.0493,2
376b6904,5306,3.0521,2
661b3280,4918,3.0521,2
5d0cd4cd,5746,3.0521,2
11b1d88d,2839,3.0521,2
c1da69f,10707,3.0521,2
3f9b4638,4397,3.0521,2
52ed6bae,8860,3.0521,2
15a379d7,5321,3.0521,2
292fa450,6324,3.0521,2
2a93d6d1,8496,3.0521,2
35f916be,9669,3.0521,2
54b167c0,10485,3.0521,2
5a52c140,4705,3.0521,2
6ec3a185,6430,3.0493,2
13720605,9339,3.0521,2
7532adc8,3114,3.0521,2
4c22fccc,9373,3.0493,2
366cc9,9301,3.0493,2
738a2ac3,1495,3.0493,2
6c518879,4704,3.0521,2
70cb4899,10475,3.0521,2
71f07fe4,17807,3.0493,2
2b541ed0,7501,3.0521,2
18b76f57,6017,3.0521,2
3a4992b0,7655,3.0521,2
57bbc763,17654,3.0521,2
16d316df,7006,3.0438,2
10ec8ae0,5748,3.0521,2
1bc5a4b3,10019,3.0521,2
382bbd4b,2753,3.0521,2
4e0174ec,6758,3.0521,2
3aaaac27,9515,3.0521,2
3a4e5c46,8785,3.0521,2
c988780,4945,3.0521,2
693ca2bd,3924,3.0521,2
2c5f1d62,4460,3.0521,2
64bbc8c3,10762,3.0521,2
2cd7f753,6369,3.0466,2
2072913e,9713,3.0521,2
74923c5f,9682,3.0521,2
4e550fde,9498,3.0466,2
5dab1428,5231,3.0493,2
696485c2,10021,3.0466,2
c713c75,4521,3.0521,2
6a3ce9da,5976,3.0521,2
6f33bae1,4526,3.0493,2
22346850,9919,3.0493,2
2af110a3,6589,3.0521,2
27236af7,9379,3.0521,2
2adc35f0,4010,3.0521,2
58ca66f8,3488,3.0521,2
593de359,7110,3.0521,2
65f54e5b,6952,3.0548,2
2e4d94a0,2948,3.0548,2
253bca37,8454,3.0548,2
13aad2e2,6145,3.0548,2
5c62c15a,10319,3.0521,2
4a4896b5,3803,3.0411,2
1ec8b6e2,8863,3.0548,2
65d9ad7e,3196,3.0548,2
624697e8,5548,3.0548,2
20a15ee5,9673,3.0521,2
6a8323ba,5975,3.0548,2
78ac4e62,7392,3.0521,2
19bd1eb9,17854,3.0548,2
6c598451,2063,3.0548,2
21c73177,10149,3.0548,2
205a2cb0,9704,3.0548,2
33c12d1d,10625,3.0548,2
402c562c,9594,3.0548,2
4e38d300,9098,3.0548,2
12441cdc,9840,3.0548,2
661cb7e2,7327,3.0548,2
36409639,7798,3.0548,2
3f0154a8,9050,3.0548,2
5122f90,6495,3.0521,2
272d8428,6212,3.0521,2
2f85e31e,17672,3.0548,2
1a944652,9284,3.0548,2
e6e843f,1934,3.0548,2
45a95d1e,18088,3.0548,2
45b4dba6,3395,3.0466,2
7daab394,4041,3.0548,2
5661ab1e,9051,3.0548,2
71f8f62,6299,3.0548,2
8517332,8019,3.0548,2
6b5be075,6779,3.0548,2
4345d899,3404,3.0548,2
385a3b0c,2700,3.0493,2
3b9107d6,9878,3.0548,2
ffd0099,3156,3.0548,2
629180ef,5750,3.0548,2
b7a55ea,6076,3.0548,2
7de9fe11,6891,3.0548,2
38e64ce4,5459,3.0548,2
5f787aa9,3903,3.0521,2
31001f51,9952,3.0575,2
680cd99e,5062,3.0548,2
62873917,2288,3.0575,2
6df845ba,10146,3.0575,2
7eb6aadc,1496,3.0548,2
4ffdd8cc,4707,3.0575,2
7cbb7249,9281,3.0575,2
41333884,8486,3.0548,2
1a27fe34,4584,3.0575,2
518c57e6,2865,3.0575,2
7016dea3,10128,3.0548,2
28392f3d,8943,3.0575,2
dcaa250,8899,3.0548,2
59e7214e,10708,3.0575,2
3ecaf768,7219,3.0575,2
786fd5d4,3479,3.0575,2
19ce5d23,8889,3.0575,2
414eb468,3738,3.0575,2
28566a9e,3735,3.0575,2
2e91cb35,6803,3.0548,2
455dbc81,2819,3.0575,2
7104adb6,8692,3.0575,2
6f558842,6075,3.0548,2
147fa7f,7259,3.0575,2
6a1d2b92,3115,3.0575,2
3bcef961,9867,3.0575,2
6e51bd13,7000,3.0575,2
4af59d87,2937,3.0548,2
62e489ec,9455,3.0521,2
3659f11b,2640,3.0575,2
351b1df9,9310,3.0575,2
5364b778,7495,3.0521,2
1589ef11,8328,3.0575,2
6c210592,10755,3.0466,2
1b8393a,6287,3.0575,2
77918102,1921,3.0548,2
2dba1986,10618,3.0575,2
49539436,8385,3.0548,2
3d520543,2577,3.0575,2
96205cf,10383,3.0575,2
72000c70,6981,3.0575,2
39bb89af,7785,3.0575,2
f0b4d9f,17675,3.0575,2
5a2c8a6c,3367,3.0575,2
37869db4,5665,3.0548,2
4379b09b,9270,3.0575,2
648acda9,2511,3.0575,2
31e85708,3801,3.0521,2
645a931f,5685,3.0575,2
5a1b0a12,10307,3.0548,2
546894a2,9472,3.0575,2
27cbc930,10651,3.0548,2
54c2d80e,6110,3.0521,2
17b964bd,3238,3.0575,2
1570a7c2,9601,3.0575,2
52dec4a,9221,3.0548,2
7cd63796,10498,3.0575,2
2016383d,3432,3.0575,2
30c8d54a,5811,3.0548,2
5a6d20a5,6509,3.0575,2
174ad6f9,6240,3.0603,2
12d19b45,5502,3.0575,2
68cc3fd,2617,3.0603,2
709834e3,7786,3.0575,2
43434a5d,10026,3.0603,2
27fa1d2,9908,3.0575,2
620c094b,9879,3.0603,2
530216c5,6021,3.0603,2
a4aaf5a,9895,3.0575,2
7544eef0,3082,3.0603,2
7700f742,8484,3.0603,2
52ebd17b,5012,3.0575,2
34f77359,3763,3.0603,2
6b983ae2,6943,3.0603,2
39f96a0f,5045,3.0603,2
40db6335,2866,3.0603,2
49333095,4583,3.0603,2
46d1ef51,4703,3.0603,2
2cdd7d44,17822,3.0575,2
6c349243,7678,3.0603,2
1e6f24d8,9340,3.0603,2
403f9124,9304,3.0603,2
4e081818,6214,3.0603,2
114d7990,7741,3.0603,2
3d14279f,6872,3.0603,2
7eaddef,866,3.0575,2
4f84f1db,9837,3.0603,2
282a4517,4312,3.0603,2
26ec50d2,10530,3.0575,2
ebbefce,4706,3.0603,2
3ada5548,5683,3.0603,2
67875fdb,17698,3.0575,2
77b8f445,5454,3.0603,2
5f6698a1,7885,3.0548,2
1f5ad940,5978,3.0603,2
65223541,7959,3.0575,2
210c83f7,18156,3.0603,2
11a6514f,6012,3.0603,2
5f4eb4aa,10238,3.0603,2
587f1ae2,5749,3.0603,2
2c03a491,8793,3.0575,2
69d599dd,9406,3.0603,2
4ada9181,2664,3.0603,2
1c24e1c5,5207,3.0603,2
6ad23a32,17748,3.0603,2
61fa134,3355,3.0603,2
3d987ebf,10535,3.0603,2
5b442cd5,7277,3.0603,2
1e9a4d11,7115,3.0603,2
5291da,7788,3.0603,2
26695244,7586,3.0603,2
7b2a3848,9172,3.0603,2
75a8a84d,8473,3.0548,2
172917c,10487,3.0575,2
4dcca686,4047,3.0548,2
52aaf59a,5977,3.0575,2
598432a4,9402,3.0603,2
7346b9a4,2864,3.0603,2
33333774,5230,3.063,2
662a2fc1,6995,3.063,2
4efa4d14,10468,3.063,2
3613477d,7276,3.063,2
705e4382,7797,3.063,2
5441b038,9989,3.063,2
473d3e6f,5592,3.063,2
422fb492,4833,3.063,2
5b334971,17656,3.063,2
7737d5c5,7876,3.0603,2
2731fc01,4564,3.063,2
75f7daf2,7301,3.063,2
5b975c65,5504,3.063,2
7790ff61,3798,3.0603,2
82ca725,7779,3.063,2
4f2b5ae7,6918,3.063,2
1aaefea7,5640,3.063,2
537e89ca,18235,3.063,2
1895f91d,5607,3.063,2
7980fa1e,8474,3.0575,2
1436684f,2635,3.063,2
332193da,6010,3.063,2
4cbc9b2,10448,3.063,2
3e19b768,3227,3.063,2
7ae5933f,2905,3.063,2
21fd2114,7302,3.063,2
5db6f83c,9872,3.063,2
62b60f13,3846,3.063,2
386accae,9851,3.063,2
5a1fe364,4857,3.063,2
6e40ccf7,9871,3.0603,2
4ddbe1b,5263,3.063,2
5641e704,5940,3.063,2
38a05ede,8176,3.063,2
2b107caf,5798,3.063,2
506f1a49,5609,3.063,2
39ab5b39,9852,3.063,2
608bf2cf,7658,3.063,2
5a6716ae,5503,3.063,2
72f2f2f9,4562,3.063,2
11631d0d,17657,3.063,2
621500b3,7606,3.0575,2
2ec19864,8390,3.063,2
4c712974,3677,3.0603,2
29f17f39,8750,3.063,2
5c424968,6409,3.0603,2
720bfb0b,8743,3.063,2
20f3947f,8890,3.0575,2
2d32abd,3767,3.0603,2
472c991a,9374,3.063,2
65063e71,8861,3.063,2
13692a92,6103,3.0603,2
59ea1ec2,1924,3.063,2
42f75180,6011,3.063,2
61b0e48d,10513,3.063,2
3591ab7c,3553,3.0603,2
3c84af02,3799,3.0548,2
44879243,3768,3.063,2
22f592d2,9280,3.0603,2
1a0717bb,2526,3.063,2
3625746,6274,3.0521,2
5fc50ef0,2814,3.063,2
7b8fd8e3,17848,3.063,2
34b674eb,2536,3.063,2
7562b642,10483,3.063,2
57fadd9a,4394,3.0658,2
46b37844,10433,3.0658,2
3fc60f94,3982,3.063,2
43fef8b1,10151,3.0658,2
23ce862a,4532,3.0658,2
5d736964,7326,3.0603,2
5d92eca1,7886,3.0658,2
22d989c4,7423,3.0658,2
7f75b483,5152,3.0658,2
4bfaf0ac,7195,3.0658,2
1cd2c02f,4670,3.0658,2
25b18b8,10263,3.0658,2
722bfdd8,7939,3.0658,2
20288eb2,10615,3.0658,2
36120995,9896,3.0658,2
1bfaf7b2,9463,3.0658,2
7f43b761,7866,3.0658,2
1843622f,7633,3.0658,2
3ebb9e13,9198,3.0658,2
2801498f,10267,3.0658,2
7230a911,8751,3.0658,2
102ae089,4037,3.0658,2
50e9302c,4313,3.0658,2
137bbab9,9164,3.0658,2
7152e5c3,7960,3.0658,2
6dda2d9,10386,3.0658,2
41342423,2641,3.0658,2
fd4e0ce,10528,3.063,2
44c69ef5,7153,3.0658,2
7dc53f2a,3202,3.0658,2
69ce700a,3769,3.063,2
629be5c2,5223,3.0603,2
4a61abcf,3925,3.0658,2
50b5cca9,4464,3.0658,2
244b90f3,10310,3.0658,2
56bed49f,9246,3.0658,2
5741ad68,2789,3.0658,2
1943c44d,3708,3.0603,2
5e3b2b79,8273,3.0658,2
20957493,3545,3.0658,2
40e093bf,6674,3.0658,2
58a1b47a,5295,3.0658,2
5fc7628f,2529,3.0658,2
5820faed,5939,3.0658,2
539a2c96,10509,3.0658,2
64d50fb,3507,3.0658,2
627a99a7,7587,3.0658,2
3dd2e097,6377,3.0658,2
3f2e9527,7758,3.063,2
5388c0b1,9171,3.063,2
6509ccc6,9834,3.0603,2
21a59f00,5122,3.0658,2
4ff55ea8,10512,3.0658,2
4b96ddc,4625,3.0658,2
11a1a8b2,7260,3.0658,2
3a6529bc,6828,3.0658,2
5f003046,3552,3.0658,2
101861f7,8965,3.063,2
c60af7e,4876,3.0658,2
1f5b4f87,6330,3.0658,2
4187ce2a,3840,3.0658,2
12c30834,8415,3.0658,2
7317c88c,5222,3.0658,2
1bd14e4d,17808,3.063,2
574f31ac,6494,3.063,2
5e331dc7,6870,3.0658,2
21ba6eb5,5626,3.0658,2
2b32501e,8760,3.0658,2
3a00c013,8759,3.0658,2
7c9b3fb1,10130,3.063,2
e263951,3804,3.0658,2
37ad2a2b,5696,3.0658,2
27f10289,3697,3.0685,2
b917495,9838,3.0685,2
2e52a4e1,2801,3.0685,2
1181eccb,10449,3.0685,2
4f2370a2,18206,3.063,2
4f96800f,2808,3.0685,2
6aa10d54,6431,3.0685,2
3ed3d6c2,10235,3.0658,2
45bebfef,2522,3.0685,2
5eecfdee,8237,3.0685,2
73552a38,9063,3.0685,2
7f4ae7e8,2794,3.0685,2
117c42ab,6239,3.0685,2
31b9f380,4042,3.0685,2
1c8739f,6178,3.0658,2
5b169d74,9356,3.0685,2
5a6c64e8,8113,3.063,2
280cf5a7,6702,3.0685,2
56d736d5,3193,3.0685,2
14c1e31b,7414,3.0685,2
7b5321ca,10150,3.0685,2
343d42ca,6276,3.0685,2
5bb3ab06,8792,3.0685,2
40714250,4969,3.0658,2
22ce66e5,8211,3.0685,2
7cbb4b64,8101,3.0685,2
3a96246e,8279,3.0685,2
703f82ae,17768,3.0658,2
21172b02,3979,3.0685,2
7d1a42f,7116,3.0685,2
cef45ef,3842,3.0658,2
c98c2e,8667,3.0658,2
17493bf7,5833,3.0685,2
181ee80e,7747,3.0685,2
1264c7fe,5832,3.0685,2
64522860,9218,3.0685,2
28367038,8697,3.0685,2
4787a3a8,8416,3.0685,2
7368c791,7499,3.0685,2
68ce0b4,868,3.0685,2
1d20e7ed,8956,3.0685,2
67c09d02,6295,3.0658,2
15e88201,10511,3.0685,2
52218a24,3226,3.0658,2
33c95994,3233,3.0712,2
29ccdf8f,8214,3.0712,2
4a876f39,6764,3.0712,2
1429ace7,18199,3.0712,2
6dd5520f,2907,3.0712,2
53258546,18162,3.0712,2
27eafbe1,6215,3.0712,2
7b892a24,10499,3.0685,2
a324551,5829,3.0712,2
4d303b32,3162,3.0712,2
68acf01,8512,3.0712,2
47d6101,3745,3.0685,2
39aafc39,5825,3.0658,2
465a51ff,8945,3.0712,2
f466be5,10220,3.0712,2
5e5a8ca8,2740,3.0712,2
12b8f4c9,5163,3.0658,2
12ffc5fa,3709,3.0658,2
7c5ab8a8,9341,3.0712,2
681bdb75,9201,3.0712,2
62ae2512,7332,3.0712,2
27249a2a,3843,3.0712,2
11522dc8,6683,3.0712,2
2470c45,6919,3.0658,2
1ba9c719,4587,3.0712,2
450b23c6,4834,3.0712,2
185feb8c,10809,3.0712,2
1863a922,6557,3.0712,2
227cbb4f,5036,3.0712,2
77383116,10190,3.0712,2
105cb7f6,5046,3.0712,2
15f32666,10732,3.0712,2
52125154,3264,3.0658,2
64147a81,7937,3.0712,2
110292f2,9061,3.0712,2
1dce56a2,3714,3.0712,2
5d162cbe,4631,3.0685,2
1a1185ef,4433,3.0685,2
1f01115d,5054,3.0712,2
70953f59,7485,3.0712,2
1c8a9e29,5599,3.0712,2
a225eaa,8077,3.0712,2
1d3e3d4a,2946,3.0712,2
4488a643,6432,3.0712,2
cbb132d,2309,3.0685,2
14f4db1e,2833,3.0712,2
78cc60a7,17769,3.0712,2
79f77b43,3629,3.0712,2
2d812d2b,17825,3.0685,2
661fba3,8306,3.0712,2
1f1f2fae,2967,3.0712,2
44dadb2,10819,3.0575,2
46a2e31b,4401,3.0712,2
626e6691,7679,3.0712,2
8dd1cb9,6869,3.0712,2
46a472d,7805,3.074,2
6d234a2f,5292,3.074,2
3c48d6ab,6648,3.074,2
49b4cde0,5224,3.074,2
2d83655d,7002,3.074,2
7b060cef,6608,3.074,2
c834392,6321,3.074,2
76042127,2696,3.0712,2
401b1b37,17658,3.074,2
b3106af,3554,3.074,2
1d384b88,7777,3.074,2
4ae24c11,10154,3.074,2
52b824d9,9062,3.074,2
513f445f,2743,3.074,2
e0421fb,8707,3.074,2
56de66ee,9187,3.0685,2
45531e00,7464,3.074,2
6ee5b749,3169,3.074,2
655d26a2,3622,3.0712,2
41c15897,8749,3.074,2
d3be46f,6407,3.0712,2
1ddd985,8078,3.074,2
2e8c76ab,2853,3.074,2
648dbf57,6410,3.0685,2
39f30ed8,10077,3.074,2
626c57d,3623,3.074,2
7a6fb950,9426,3.074,2
31a1536a,10105,3.074,2
38df350e,3701,3.074,2
1369b8b,2719,3.074,2
197b6903,4950,3.074,2
1ed9e645,8647,3.0712,2
2558ccf7,9237,3.0685,2
3a6dcfd5,9147,3.0712,2
63b2f300,3485,3.074,2
646efa17,9456,3.0712,2
6a64e758,8172,3.074,2
3b870cc5,5153,3.074,2
7061d5c2,6170,3.074,2
c452fc9,8455,3.074,2
7aff6419,6493,3.074,2
2618f253,8879,3.074,2
261fb4e8,5744,3.074,2
77a595a0,3456,3.074,2
1479d0d7,6213,3.0712,2
7d43e0d,8180,3.0658,2
1f2a01dc,10450,3.0712,2
4208f540,8373,3.074,2
28aba82d,10384,3.0712,2
5cb762eb,8693,3.0712,2
29816794,4963,3.074,2
34fd16e6,10219,3.074,2
5d41630b,3506,3.074,2
7436ac33,8120,3.074,2
7b431af8,5015,3.0712,2
6fed4275,3353,3.0712,2
3fa7d1fc,3143,3.0712,2
2d1b01d6,8392,3.0767,2
1c048f41,3421,3.0767,2
3c626e3d,8818,3.0767,2
37f05259,5209,3.0767,2
4dfe21fb,4671,3.074,2
6a6d1b81,9143,3.0767,2
99a48ee,7393,3.0767,2
315ca01b,5075,3.0767,2
1ee0338b,10432,3.0767,2
1cd382c5,10520,3.0767,2
47556489,3239,3.074,2
13dd4800,10406,3.0767,2
c3e4d9b,4827,3.0767,2
621e342d,8396,3.0767,2
c7b2373,6143,3.0767,2
58b1e9c7,9354,3.0767,2
3a489009,10405,3.0767,2
292db884,17677,3.0767,2
60e66f59,5544,3.0767,2
1902b60d,9199,3.0767,2
67ae7223,10058,3.0767,2
21bd93ab,3351,3.0767,2
146cef1,8170,3.0767,2
329bb51e,17740,3.0767,2
615498b3,1926,3.0767,2
6de8ca70,3118,3.074,2
6deae84a,9222,3.074,2
78f56c3e,9832,3.0767,2
7941a0be,7673,3.074,2
161dd9cd,6345,3.0767,2
53c94abd,3411,3.0767,2
69db5036,18200,3.074,2
1deb59e3,8700,3.0767,2
65c02822,7109,3.0767,2
7c451a85,10022,3.0712,2
4f2cafdb,8102,3.0767,2
44692ecc,7189,3.0767,2
8cfc39c,7739,3.074,2
6c2a6b9f,6108,3.0767,2
38efd5ad,6436,3.0767,2
1297e71c,17695,3.0767,2
64b205f1,10713,3.0767,2
5b7bec6b,8027,3.0767,2
1dff0814,9097,3.0767,2
307da3b0,6953,3.0767,2
633d117a,7307,3.0767,2
4414b5c3,4048,3.0767,2
4008019e,9358,3.074,2
25520e23,9064,3.0767,2
75755e6c,10720,3.0712,2
78ef491a,2547,3.0767,2
62fb5406,8032,3.0767,2
19344169,5013,3.0767,2
19b0a720,2543,3.0767,2
2c269123,1920,3.0767,2
2e03ba24,10812,3.0767,2
15078984,2538,3.0767,2
694e478,3203,3.0767,2
48413155,6120,3.0767,2
54189100,4858,3.0767,2
4a2d3722,7186,3.0767,2
912a5a3,7280,3.074,2
1125922b,8198,3.0767,2
f6aa5b9,9501,3.0767,2
22c4d8b1,10131,3.0712,2
ba63ec4,10264,3.0685,2
1785bdae,9409,3.0767,2
2a0cc1bf,4665,3.0795,2
1b7e7b3c,10125,3.0767,2
2e09951f,5124,3.0795,2
1463de04,9833,3.0795,2
59610c22,7562,3.0795,2
2e3179eb,6822,3.0795,2
3bf52865,4309,3.0795,2
627c44ab,18089,3.0795,2
bf8496,4837,3.0795,2
a26e97b,3631,3.0767,2
2f7d37f5,7560,3.0795,2
2fa467ad,6378,3.0795,2
53c3cdfb,7147,3.0795,2
6e938bc9,2968,3.0795,2
2817cb71,2792,3.0767,2
248248d1,6641,3.0767,2
69e3e5af,4588,3.0795,2
25f13cc7,6954,3.0795,2
1b5ce699,5174,3.0795,2
3866a3a6,8212,3.0795,2
d06eac0,5242,3.0767,2
1aa5d850,2630,3.0795,2
3b74ef71,10451,3.0795,2
2777e4c7,2302,3.0795,2
4dccab2d,10778,3.0795,2
3158f423,3356,3.0795,2
b324822,8063,3.0767,2
17212152,7634,3.0795,2
3f1c7558,3135,3.0795,2
49137774,6871,3.0795,2
718632b0,17717,3.0795,2
50f9552c,10265,3.0795,2
4eccd5d0,6252,3.0795,2
1226cfe4,9215,3.0795,2
405ca203,6554,3.0795,2
5a16cf11,2637,3.0795,2
72dcf3d6,1931,3.0795,2
64ba9f6d,10306,3.0795,2
56215b86,5525,3.0795,2
73c8a7fb,9702,3.0795,2
1f4a90d4,2875,3.074,2
a1d92a8,8261,3.0795,2
56bc0506,2871,3.0767,2
78992847,6327,3.0767,2
60fd8755,8608,3.0795,2
2b7a67ae,4557,3.0795,2
47c6ba8c,5681,3.0795,2
4d1428bb,4840,3.0795,2
7b36802a,6810,3.0767,2
77fd7736,5545,3.0795,2
fc23970,5140,3.0795,2
637f89c3,6712,3.0795,2
2c076256,4295,3.0795,2
305fe427,10393,3.0795,2
2ec852e5,9316,3.074,2
3166e76e,6568,3.0767,2
266426c6,9384,3.0795,2
69d580f1,8397,3.074,2
5f1a8fc3,7388,3.0795,2
566b854,4808,3.0795,2
33d7201,8969,3.0822,2
46836b6,2702,3.0795,2
41ffecc2,6440,3.0822,2
716b58b1,9984,3.0822,2
192e81e7,8399,3.0795,2
5cb6c9f2,6609,3.0822,2
6291b75a,4528,3.0822,2
4914c569,7635,3.0822,2
24d85415,3131,3.0822,2
4e4be025,6703,3.0822,2
218fb5d1,2873,3.0822,2
4e5f0304,6955,3.0822,2
28419e26,7220,3.0822,2
1c91794e,7674,3.0822,2
399a09c3,6922,3.0822,2
65e7121c,6558,3.0822,2
53967a87,8238,3.0822,2
3575b464,5289,3.0795,2
1ad484d8,2642,3.0822,2
77826e7d,7221,3.0795,2
24b3dd75,2938,3.0822,2
1ebfb55f,7924,3.0795,2
43953366,17697,3.0822,2
23373bd1,7447,3.0822,2
eab31b4,9841,3.0822,2
4722584c,4577,3.0822,2
24d408ba,3773,3.0822,2
4e301145,6729,3.0795,2
7cf68f6b,3228,3.0822,2
54c342e1,6284,3.0822,2
176900d,7732,3.0822,2
5e3d941,6437,3.0795,2
7a1ea25e,5047,3.074,2
4b975a81,6438,3.0822,2
50ddd58,4672,3.0822,2
3e9b2a35,7136,3.0822,2
304ec30c,3594,3.0822,2
ab7aeb2,4708,3.0822,2
5b5e1ef0,7043,3.0822,2
2b7c3d95,17655,3.0795,2
5a4e2929,10106,3.0822,2
3142d825,17704,3.0822,2
77523ba2,5813,3.0795,2
43efb381,8519,3.0822,2
3d082048,8499,3.0795,2
162441a1,5807,3.0795,2
310030b0,3980,3.0822,2
476f4dce,3895,3.0822,2
57e98219,7969,3.0822,2
2b9ff2cc,9839,3.0767,2
1f828757,9836,3.0822,2
2fb7a1a7,6216,3.0822,2
34d51702,17827,3.0822,2
60889ac6,2841,3.0822,2
6bbb01bf,4698,3.0822,2
79932ff6,6716,3.0795,2
65e25ac1,9953,3.0822,2
329f07f2,9247,3.0822,2
4118b211,5226,3.0822,2
721df574,3357,3.0822,2
4b9b15,6257,3.0822,2
1291985e,3354,3.0822,2
6552ec9f,5176,3.0822,2
615e521e,10643,3.0822,2
7cf5ad14,6642,3.0849,2
62b889bc,5004,3.0822,2
107cb760,10706,3.0849,2
3a1d9d3,18096,3.0822,2
1be46058,5752,3.0849,2
526d49be,5334,3.0849,2
74bedf26,6401,3.0822,2
18ca166,9985,3.0849,2
cee9fc5,8518,3.0822,2
34f6175f,2527,3.0849,2
3633a908,7750,3.0795,2
5250b939,3630,3.0849,2
54fcc893,2809,3.0849,2
5985eaa3,5627,3.0822,2
2ab80401,4565,3.0849,2
5ee5ff8b,5322,3.0849,2
2ef0a2e6,6634,3.0795,2
63a1df49,6328,3.0849,2
52035d9,9475,3.0849,2
52eecd35,5941,3.0849,2
389c4365,10155,3.0849,2
13d03102,8651,3.0849,2
17da505c,3122,3.0795,2
6fcedc44,9047,3.0822,2
33f9b0f7,6277,3.0822,2
69a44a86,8865,3.0795,2
7bee3e91,4678,3.0849,2
2a11615e,9114,3.074,2
3e73d900,5686,3.0795,2
4073b831,9378,3.0849,2
bc82ac3,4527,3.0795,2
2143e57f,18237,3.0849,2
7cac7356,7401,3.0822,2
36f8c032,8223,3.0849,2
2bb4179e,5229,3.0849,2
6a3757c2,6801,3.0849,2
73d9dd0f,8556,3.0849,2
4d0fa616,6878,3.0849,2
451569c6,17779,3.0822,2
52a64a22,18103,3.0822,2
22afe914,4841,3.0849,2
56376846,4569,3.0849,2
1f2369eb,18188,3.0849,2
2fac430f,8587,3.0849,2
15508700,18097,3.0849,2
4f3bfb82,4434,3.0849,2
12014c38,7334,3.0849,2
166913a2,3486,3.0849,2
5b109e5b,3279,3.0849,2
4be78950,3352,3.0849,2
cdba49b,1925,3.0849,2
2775e5eb,7308,3.0822,2
539f7c98,7310,3.0795,2
d35914a,1922,3.0849,2
528824f1,9701,3.0849,2
25d29af9,7441,3.0849,2
d815967,10020,3.0849,2
2c1f265c,9674,3.0822,2
3f232082,2793,3.0849,2
e9760cd,2548,3.0849,2
9da4a19,2754,3.0849,2
5c22a0b8,3424,3.0849,2
7aa3ac8e,2802,3.0849,2
4f873a1f,4578,3.0849,2
14d62b74,4839,3.0849,2
77931829,6253,3.0822,2
5d386e36,5175,3.0849,2
3a986ec3,3815,3.0849,2
4c39ec4d,4018,3.0849,2
6911e335,7952,3.0849,2
ed1efa2,6102,3.0849,2
4fa989c9,8939,3.0877,2
d0921b1,7738,3.0877,2
6b67636e,10044,3.0877,2
2faaf66c,3163,3.0877,2
711d7c26,8079,3.0849,2
2e07b0c4,9360,3.0877,2
6a47081c,3736,3.0877,2
5bb92b4f,10550,3.0849,2
3a6b7a29,10486,3.0877,2
5198fb9b,3589,3.0877,2
34d0e5c,3471,3.0877,2
6216862e,9474,3.0877,2
779d16e0,2530,3.0877,2
61cf6fab,5052,3.0877,2
a9ba220,3812,3.0877,2
5cea62ab,6957,3.0877,2
43df45c0,3632,3.0877,2
62fa953e,5770,3.0877,2
5f15498e,6820,3.0849,2
e2afb9b,8500,3.0877,2
15a3fcf,6329,3.0849,2
286de519,18245,3.0849,2
721d53a0,3292,3.0877,2
11c46488,9184,3.0877,2
5f435ab4,7801,3.0877,2
6ec84e4,4867,3.0877,2
561867b1,8199,3.0877,2
68629275,3813,3.0767,2
7a7db780,18134,3.0849,2
3faed481,7166,3.0877,2
1894a9c0,9584,3.0849,2
5d07bc34,6278,3.0877,2
48b77dca,6121,3.0877,2
5fe112eb,6280,3.0877,2
56699d22,7233,3.0877,2
16a2cf4a,4402,3.0877,2
762437b6,5830,3.0877,2
522f7195,17728,3.0877,2
52f73c05,10047,3.0849,2
539286a,4828,3.0877,2
dfd0762,3508,3.0877,2
722cafbd,9403,3.0877,2
5ba6dbb4,4435,3.0849,2
305ad3d1,9359,3.0877,2
7cecc7c8,6823,3.0877,2
6baadeaf,3624,3.0877,2
2f107b60,9148,3.0877,2
6bcd315,4572,3.0877,2
601e4c48,5303,3.0877,2
7ad61504,6258,3.0877,2
47b4e357,8171,3.0904,2
2770b4cf,5177,3.0904,2
359ed065,5293,3.0904,2
17f78449,2088,3.0904,2
7f2a9de7,7074,3.0904,2
71c924d6,6288,3.0904,2
1f64770e,4563,3.0877,2
309d57c9,10626,3.0904,2
204100a2,6238,3.0877,2
3d906ee1,8025,3.0822,2
7e4e8cce,7594,3.0877,2
5520f345,2840,3.0849,2
69c022e8,2821,3.0904,2
5799ae57,3158,3.0904,2
5d3b6096,8028,3.0877,2
2e7f1dbf,7226,3.0904,2
fd30aaf,2755,3.0904,2
bece698,8423,3.0904,2
26c9d57f,4970,3.0904,2
676cbedf,6645,3.0904,2
7d9d4f73,9282,3.0904,2
7b24af86,2939,3.0904,2
dbf30a1,8887,3.0904,2
6c35443f,5079,3.0904,2
6ead9520,4675,3.0877,2
79dca951,9745,3.0904,2
275a7173,6104,3.0877,2
6188dd1b,7026,3.0904,2
638e509f,3123,3.0904,2
7f04fb9e,8206,3.0877,2
b21dce4,9380,3.0904,2
2ce6b89e,5294,3.0904,2
3d7d0f35,8285,3.0904,2
657ddb0f,10723,3.0904,2
60befdb8,10428,3.0904,2
79058b79,9499,3.0877,2
2cd427cb,10604,3.0904,2
277a34fd,7442,3.0849,2
303e4e97,6279,3.0904,2
653545aa,5068,3.0904,2
2373f1b,5390,3.0877,2
68d2ccb8,7731,3.0877,2
7e881fca,7471,3.0904,2
1e79d083,3493,3.0904,2
5c717f2d,8698,3.0904,2
454eb62a,7607,3.0877,2
1326691c,3530,3.0904,2
2e118f2f,9407,3.0877,2
6defc0cc,6567,3.0904,2
3d42e83a,7760,3.0904,2
6a9d60a8,9616,3.0904,2
4a539a6e,4522,3.0904,2
4c203649,6649,3.0904,2
5929da48,6873,3.0877,2
7380fa6f,9180,3.0877,2
72194c97,18136,3.0904,2
244f2850,10721,3.0767,2
38c9d50e,8026,3.0877,2
33235d0b,3528,3.0877,2
47048a82,8207,3.0904,2
7fc10b01,2064,3.0904,2
2211b101,2868,3.0932,2
bf37b4d,17771,3.0932,2
68c0b02b,2744,3.0932,2
1fae2731,6218,3.0904,2
3098147c,8541,3.0932,2
20212831,3636,3.0932,2
207f2ebe,6434,3.0932,2
4d0d95f6,4590,3.0932,2
2374b4c9,3457,3.0932,2
53bf7f2f,7938,3.0932,2
7a76a5c9,8752,3.0932,2
c5c7ff4,3775,3.0932,2
5b752d54,2093,3.0932,2
4671158d,2971,3.0932,2
5d21180f,4305,3.0932,2
754f5283,5834,3.0877,2
48b56c8c,7207,3.0904,2
1d01f4f5,8652,3.0904,2
12d5769c,3771,3.0932,2
6f386d51,2872,3.0932,2
c8aad36,5148,3.0904,2
510ebbb6,6442,3.0932,2
1ebe460e,5755,3.0932,2
27e6b2d3,5511,3.0932,2
b98019b,3532,3.0904,2
3e45a9b4,6441,3.0849,2
52967781,4011,3.0932,2
52a2fec3,7970,3.0932,2
3ec05caf,3284,3.0904,2
2ca2018e,7055,3.0904,2
67fd4958,5753,3.0932,2
226ce782,9191,3.0932,2
1e75e244,2859,3.0932,2
22e73e75,9464,3.0932,2
2f5d04f8,4875,3.0932,2
6a48a666,4909,3.0932,2
65bb6299,6806,3.0932,2
5b9e0ea9,10519,3.0932,2
40919739,2790,3.0932,2
72c3117,9052,3.0932,2
2878dc02,5211,3.0932,2
3b874e2,7561,3.0932,2
4fdc03f3,3774,3.0932,2
291e2796,5756,3.0932,2
4768767b,6100,3.0932,2
7527b383,2697,3.0904,2
7b71510,10234,3.0932,2
28db4d8e,10580,3.0932,2
7021ed94,18104,3.0932,2
747e9645,5290,3.0904,2
4bde024f,4566,3.0932,2
36bf5c58,3898,3.0932,2
391b8187,7799,3.0932,2
4629867d,10645,3.0932,2
46e5fc43,6433,3.0932,2
7d9242aa,10426,3.0932,2
1860f326,3715,3.0932,2
12708439,9178,3.0932,2
7b1e65d0,8080,3.0932,2
14f6ff0b,1911,3.0932,2
6decd5dc,9865,3.0904,2
1dd7db67,8177,3.0959,2
156f1de8,2745,3.0959,2
4768c1ea,5132,3.0959,2
36c2b6e9,9835,3.0904,2
3b64cc06,5406,3.0959,2
6606e922,5526,3.0959,2
150bc3c2,2593,3.0959,2
184b24ee,4953,3.0959,2
75a6fa52,5064,3.0959,2
56707ff1,4579,3.0904,2
4b699dc5,2292,3.0959,2
70140a0,4461,3.0959,2
a44bc12,3125,3.0959,2
1f81ece7,2604,3.0959,2
298413d4,5155,3.0959,2
4872b362,9483,3.0959,2
1da8d26a,4020,3.0959,2
1aa8f3af,4947,3.0959,2
707f5831,6241,3.0959,2
35a378c4,8091,3.0932,2
681724b1,8090,3.0849,2
33f7805b,9876,3.0959,2
d944e66,8029,3.0959,2
6e9f3801,6296,3.0932,2
4054084e,5048,3.0932,2
763249ac,8398,3.0959,2
11378e59,8957,3.0959,2
1e4d317c,8179,3.0904,2
9855d84,4301,3.0959,2
7ac8871e,9136,3.0959,2
69f32282,9060,3.0959,2
332a339d,7258,3.0959,2
1adcd850,3266,3.0959,2
10e03101,5805,3.0904,2
6077e6ad,8271,3.0959,2
7d14b024,3635,3.0904,2
1f40d2c0,8307,3.0959,2
e399010,8371,3.0959,2
51a44df4,3345,3.0959,2
7ae98f50,7742,3.0959,2
9e94274,17725,3.0932,2
1952aa87,10055,3.0959,2
34032289,7867,3.0904,2
10a6575b,3422,3.0932,2
525dfc4f,6711,3.0932,2
c499a17,10712,3.0959,2
21e5d01d,1936,3.0959,2
62dcccb7,4826,3.0959,2
40e24338,7630,3.0932,2
7de060ef,5827,3.0959,2
728a3276,5946,3.0959,2
7637f1e4,2867,3.0959,2
241e8799,5243,3.0959,2
5a876ced,3136,3.0904,2
30cc9a4b,10048,3.0959,2
60bef184,10389,3.0959,2
1bf197a,10335,3.0959,2
7da45650,7285,3.0959,2
177672a0,6285,3.0959,2
3760f69,7329,3.0986,2
433cbcc7,4861,3.0986,2
4497f5b6,4462,3.0959,2
6d062cde,5063,3.0986,2
549947f5,2812,3.0986,2
79a4175b,7745,3.0959,2
2d94f0d5,3825,3.0959,2
95364b5,8866,3.0986,2
2f667a,4535,3.0986,2
2faf3bdc,9705,3.0986,2
31977733,6013,3.0986,2
3b0f2b8c,6681,3.0986,2
29eb9694,10574,3.0986,2
7fcc29ae,9170,3.0986,2
75e8f78b,6704,3.0986,2
37f9f1f1,3912,3.0986,2
42538eac,2291,3.0959,2
5c4c5e11,10642,3.0986,2
17388620,4946,3.0959,2
1f180e3f,2544,3.0986,2
16a4bce1,6435,3.0986,2
485c7677,7227,3.0986,2
765e05bb,6827,3.0986,2
1e375bde,8200,3.0932,2
4d3a0a92,2305,3.0986,2
7e4af460,8485,3.0986,2
558eda10,3976,3.0986,2
287b6e3c,7942,3.0986,2
637de109,17663,3.0986,2
537b7ec7,7027,3.0986,2
605ffe2a,2094,3.0959,2
4e8890a0,3289,3.0986,2
674884e5,7249,3.0986,2
44358c46,9961,3.0986,2
4cb04f41,5667,3.0986,2
46b7dbe7,5407,3.0959,2
65fb1078,7288,3.0959,2
d44f73d,8262,3.0986,2
174cbc3a,4571,3.0986,2
5187be23,2773,3.0959,2
26d295a6,9305,3.0959,2
43406b93,5666,3.0932,2
287e1aa,3981,3.0986,2
3bd0e8ff,7291,3.0932,2
615572d,4463,3.0986,2
64311278,10575,3.0986,2
2c42b5cd,7484,3.0959,2
6c1e4f25,4043,3.0932,2
6092388b,3770,3.0986,2
50b5d549,7932,3.0959,2
16f44823,2306,3.0986,2
7cb55c4d,7003,3.0986,2
45e062cb,10704,3.0986,2
5b997a35,5637,3.0986,2
1c72aea0,6217,3.0986,2
54dffee2,6821,3.0932,2
304ed19a,2540,3.0986,2
25f8e392,9391,3.0986,2
1fa5fb5f,4685,3.0986,2
73799454,7941,3.0986,2
354956ca,6834,3.1014,2
2511da84,4978,3.1014,2
479759c7,6565,3.0986,2
78f3ae55,8819,3.0986,2
7f35887,5751,3.1014,2
16f3a6ac,8414,3.1014,2
2c1d7707,9575,3.0986,2
51395a22,8686,3.1014,2
345dc756,4049,3.0959,2
2977963a,7761,3.1014,2
6e95795c,10514,3.1014,2
7566d6e6,9755,3.1014,2
2fdbc86b,17770,3.1014,2
3a885dec,3152,3.1014,2
1bdea855,18102,3.0986,2
7f129c78,8822,3.0986,2
1019e42d,7933,3.1014,2
231212e6,10414,3.1014,2
3c80b49a,10239,3.1014,2
4d69abf1,2602,3.1014,2
d660527,8588,3.1014,2
3576e88d,9478,3.1014,2
7753d8da,9617,3.0986,2
5eec5307,10156,3.1014,2
67710824,7502,3.1014,2
67c71118,4403,3.1014,2
65f7bfed,5324,3.1014,2
47860b68,3291,3.0986,2
36e0af14,6479,3.1014,2
69702701,2728,3.1014,2
3120f515,5147,3.0986,2
7161949d,3194,3.1014,2
2671ecfa,4964,3.1014,2
61fb857a,9457,3.0986,2
114c103d,6297,3.1014,2
3b1437d4,5227,3.0986,2
4ed18f1a,6293,3.1014,2
786f4388,7693,3.1014,2
3e3975f6,2752,3.1014,2
69992c36,9909,3.1014,2
11e24f64,6898,3.1014,2
556dbc42,3502,3.1014,2
6fab539c,9854,3.1014,2
579cc664,3423,3.1014,2
227f8fa4,1935,3.1041,2
79baaec,7733,3.1041,2
3f2c99f1,8402,3.1041,2
eb2c796,17749,3.1041,2
50ee7b4b,3474,3.1041,2
a786770,7199,3.1041,2
514084df,5210,3.1041,2
49d67716,10023,3.1041,2
4199573e,9144,3.1041,2
6a416944,9408,3.1041,2
38a2b653,8547,3.1041,2
4d8a2d95,3637,3.1041,2
234bd09b,9317,3.1041,2
6c3d55c5,3124,3.1041,2
4a73b206,10270,3.1041,2
7678de51,7025,3.1041,2
cec694f,5697,3.1014,2
6d062adf,7646,3.0959,2
5ded3b3a,9568,3.1041,2
208e2eed,5005,3.1014,2
726b1e2e,4019,3.1041,2
1ec746a0,7137,3.1041,2
4f479da2,2880,3.1041,2
38d10db,18163,3.1041,2
13cb1647,17678,3.1041,2
24cf2742,3153,3.1041,2
75679c70,7868,3.1041,2
7d391c7b,9684,3.1041,2
6beb5f3,8310,3.1041,2
16486cce,10269,3.1014,2
4d0ce24d,4634,3.0986,2
2a08eb62,4872,3.0959,2
10a43999,6376,3.1041,2
5969b3e1,7261,3.1041,2
2a8b9412,8323,3.1041,2
3f0584,4054,3.1041,2
31e68ceb,7595,3.1014,2
2584c78d,6713,3.1014,2
53d9fc2b,4842,3.1041,2
2bb2d0f1,3407,3.0959,2
747be300,9099,3.1014,2
30c1c50f,2537,3.1041,2
2e3690b8,4715,3.1014,2
2d0d925c,2092,3.1014,2
31290b72,8201,3.1014,2
c2160fe,9427,3.1041,2
16888292,2713,3.1014,2
57566d6d,6400,3.0986,2
2e5d8e6e,6411,3.0986,2
297c3dcb,7149,3.1014,2
7bb2b664,10646,3.1041,2
1f6b817a,4520,3.0986,2
5d874207,4879,3.1041,2
5e74b57a,5512,3.1041,2
15ddbe19,7752,3.1041,2
7b323b50,7191,3.1041,2
3891051d,7684,3.1014,2
5f61ff72,10670,3.1041,2
2734bff1,10445,3.1041,2
73c9b502,3134,3.1041,2
4d36f8fc,8215,3.1041,2
7dbfa5aa,7208,3.1041,2
2df55f00,2707,3.1068,2
2f3cb678,8704,3.1068,2
7f9963ae,5149,3.1068,2
55374a7b,1928,3.1068,2
55252782,8557,3.1041,2
522f6f79,9382,3.1068,2
68b3022f,871,3.1041,2
18ea8c32,10594,3.1041,2
776169c6,3263,3.1068,2
b84499f,7962,3.1068,2
2279ab31,10652,3.1068,2
6e3e3850,4591,3.1068,2
126d5308,3376,3.1014,2
3b0c386b,9897,3.1041,2
79c62d99,7636,3.1068,2
54c33c18,8892,3.1068,2
4b206268,2811,3.1014,2
332d9d17,3698,3.1068,2
69b83479,6646,3.1068,2
2456e6aa,3394,3.1068,2
6cade36a,18207,3.1068,2
6c3b477b,7389,3.1068,2
38b598bc,7676,3.1068,2
33370ecd,6682,3.0986,2
1b84ef2e,4640,3.1068,2
8f42942,6101,3.1014,2
b413d85,7150,3.1068,2
8b0b46,10462,3.1068,2
3cca69e6,9238,3.1068,2
155df904,8319,3.1068,2
628c9830,18105,3.1041,2
1772533f,5408,3.1068,2
7f05ded0,3699,3.1068,2
4c6e0cd7,3204,3.1068,2
4ffbbbac,5993,3.1068,2
20916eec,6721,3.1068,2
5a7e3623,17703,3.1068,2
5f106df8,8287,3.1041,2
2f6c38d6,6585,3.1041,2
4da49b6d,2714,3.1041,2
66696a3b,6896,3.1068,2
4d8d97fb,10478,3.1068,2
112e5c1f,9703,3.1068,2
78b8d2a4,5529,3.1068,2
7226e55d,7234,3.1041,2
552d473a,10724,3.1068,2
74be302b,3170,3.1068,2
454776ee,7028,3.1014,2
17134407,3555,3.1068,2
290089b3,8094,3.1068,2
162b1f3e,9604,3.1068,2
13115ab8,10436,3.1068,2
2ff47440,8703,3.1041,2
1e2f07a1,6835,3.1096,2
33cf48c6,8168,3.1096,2
7dd3736e,5006,3.1041,2
640e32f6,2293,3.1096,2
2fa33d9,2541,3.1096,2
4b3ac238,3392,3.1096,2
2d148032,8941,3.1096,2
3f43fc07,17776,3.1096,2
6fd9bb62,3740,3.1096,2
38189ee4,17659,3.1068,2
6baf16c5,2914,3.1068,2
7619328a,2708,3.1096,2
7f85296b,7743,3.1096,2
31677c1,5471,3.1096,2
101c5058,6556,3.1096,2
2faebdb3,7303,3.1096,2
7936075c,4592,3.1096,2
492edfc4,8393,3.1096,2
3e4af35a,7229,3.1096,2
7098b11d,6300,3.1068,2
3b42c829,10647,3.1096,2
615ba9d7,5828,3.1096,2
289e4e47,6882,3.1096,2
17f1746f,6675,3.1096,2
3adff538,9219,3.1096,2
5cc07c5a,8288,3.1096,2
400e39a1,5246,3.1096,2
5bd72ad,7564,3.1096,2
344f7f61,18239,3.1068,2
6bb2e71e,3358,3.1096,2
5a4018f8,10434,3.1096,2
34062107,3501,3.1096,2
7b7de491,7228,3.1096,2
70b66f7,10821,3.1096,2
5dd63936,2065,3.1068,2
58dd2592,2096,3.1068,2
4c901b74,6174,3.1096,2
10f0f0cf,8169,3.1068,2
755dc88f,2523,3.1096,2
7c03646e,5947,3.1096,2
4d433fc9,5304,3.1068,2
481c6617,5638,3.1096,2
9285ec,10542,3.1096,2
249199a6,6173,3.1096,2
7c5090e7,10028,3.1096,2
1c4c6ae,18106,3.1096,2
162528d1,2774,3.1068,2
71e21e6f,2579,3.1068,2
71cc03d8,5171,3.1096,2
250bcaed,9168,3.1096,2
bfc0d5d,9414,3.1068,2
25d9954,10280,3.1068,2
3d015a6e,7415,3.1096,2
5cf12ac7,7682,3.1096,2
2756cf16,2756,3.1096,2
492f6591,2940,3.1096,2
7eca84f0,10808,3.1096,2
2b382efc,5033,3.1041,2
3a876af2,9746,3.1096,2
83683de,8184,3.1096,2
22717b2c,3434,3.1068,2
1e6fb63,6897,3.1096,2
4854fe50,8665,3.1068,2
33840182,10253,3.1014,2
4985dd52,9479,3.1096,2
75918fcf,5698,3.1096,2
5c90324a,3595,3.1096,2
33d9f1f6,10236,3.1096,2
54d1d592,4639,3.0986,2
2dc7c730,8424,3.1123,2
7098b2a0,8400,3.1096,2
33efa263,9694,3.1123,2
c32bb04,3899,3.1096,2
56958255,8946,3.1096,2
433eec9c,10278,3.1096,2
45f821f0,7967,3.1123,2
70c0965d,8233,3.1123,2
69b3e9da,3415,3.1096,2
84548f4,3482,3.1123,2
134e5993,10056,3.1123,2
173d1dab,2595,3.1096,2
633b136f,9434,3.1096,2
15b0dbeb,7893,3.1123,2
6b626a31,4314,3.1096,2
74d39a0f,3267,3.1068,2
bfc117b,6576,3.1123,2
30e7db00,8821,3.1123,2
231b2174,6446,3.1123,2
5b85121f,9962,3.1068,2
4b70c4fa,5233,3.1123,2
2fe79f34,897,3.1123,2
20ec7326,9381,3.1096,2
2e5d83e0,4400,3.1068,2
54b717de,3817,3.1123,2
192d4ea6,5754,3.1096,2
5a9b7be6,4859,3.1068,2
181ba1d6,8426,3.1123,2
30c352c3,4536,3.1123,2
747e4cec,3900,3.1123,2
75564bb,2605,3.1123,2
6106bfc,2917,3.1123,2
43c06ff9,6331,3.1123,2
455f4241,17739,3.1123,2
698386ed,3229,3.1123,2
6c495faa,8716,3.1123,2
2c364a7d,18139,3.1123,2
13c458f0,3280,3.1123,2
a1f2e37,10109,3.1123,2
6685008b,3132,3.1123,2
782c5437,9169,3.1123,2
4017a7fe,2857,3.1041,2
5e6c7823,18240,3.1096,2
6f5eb8c6,9173,3.1123,2
21117cfe,3489,3.1123,2
67d77ec3,8086,3.1096,2
5c440775,4302,3.1123,2
52d9b19d,8329,3.1096,2
6154c1be,9256,3.1096,2
7bd6cdda,10281,3.1123,2
f80096f,10268,3.1123,2
518aa8d2,7151,3.1096,2
2bbea336,7190,3.1123,2
2d897239,8401,3.1123,2
6a971f07,3830,3.1123,2
2762b792,8880,3.1096,2
23aa4794,7487,3.1123,2
e40837d,10240,3.1096,2
45d4e162,10388,3.1123,2
1769a1f8,4886,3.1123,2
25854aa0,10199,3.1123,2
54622f63,7943,3.1123,2
365f1b7c,8554,3.1123,2
272bf02d,8292,3.1123,2
6ce31a2e,6146,3.1096,2
63bc9d58,2598,3.1123,2
2660bf7b,8970,3.1068,2
682ad430,10627,3.1096,2
1cec8171,7206,3.1096,2
38056692,7751,3.1096,2
6b0aef6,5514,3.1068,2
7eaf5058,7243,3.1123,2
9aa7cb5,10551,3.1123,2
37bc91,3483,3.1123,2
1a08aae4,8907,3.1123,2
19cc704d,5460,3.1123,2
1de5cebc,6337,3.1151,2
50f7385d,7940,3.1123,2
47705661,8483,3.1151,2
18709be1,9357,3.1096,2
6244deba,2597,3.1151,2
51e77c60,8417,3.1151,2
1461fb63,6361,3.1151,2
8d2d59d,3844,3.1151,2
4ca77b33,8403,3.1123,2
26490abb,3453,3.1151,2
6c7a510d,10552,3.1151,2
66de34a5,6298,3.1123,2
7ef2fd36,3472,3.1151,2
3d6847f2,3737,3.1151,2
230803ff,10032,3.1151,2
6928ccaa,8308,3.1123,2
54019a4e,9115,3.1151,2
3af35ea7,10282,3.1151,2
45dbc9dc,17679,3.1151,2
4d12036a,9605,3.1151,2
26af3d63,5133,3.1123,2
3664315f,17744,3.1151,2
7e241012,3831,3.1151,2
5e026f17,10672,3.1123,2
458cc822,3268,3.1151,2
1a17b1d5,1912,3.1123,2
1b94fe77,6077,3.1096,2
446d9605,6899,3.1151,2
9da2348,8883,3.1151,2
2ab43789,3710,3.1151,2
bb144de,9287,3.1151,2
d8aa213,6445,3.1151,2
49e9c66d,7290,3.1151,2
25ffc019,5814,3.1151,2
10da5812,7690,3.1151,2
7de7778d,5815,3.1096,2
76e40fc7,4558,3.1151,2
2e26a132,3490,3.1151,2
758253e7,7237,3.1151,2
339f19c5,10276,3.1068,2
6553b246,10394,3.1151,2
7e67a0ef,7508,3.1151,2
191dd9af,5234,3.1151,2
5287ba78,8318,3.1151,2
2abee3ec,3359,3.1123,2
4d43896,9881,3.1151,2
4824f702,4398,3.1151,2
699d5e8c,10390,3.1123,2
1eba22b1,9693,3.1151,2
30306722,10546,3.1123,2
71011f64,5067,3.1151,2
2c7d332b,10315,3.1178,2
7b15b991,3475,3.1151,2
2f977116,17828,3.1178,2
58dbbfad,7486,3.1151,2
7e9563b9,18098,3.1178,2
538733e6,7216,3.1178,2
7d7603f0,9053,3.1151,2
607771ff,5125,3.1178,2
6e7fce2c,7563,3.1178,2
19f4b8aa,7284,3.1178,2
5c5534d4,2949,3.1178,2
48dee189,3427,3.1151,2
13fd89e4,10632,3.1178,2
2f7052d9,7759,3.1178,2
5a762077,9484,3.1178,2
659b5019,7117,3.1178,2
54df413b,10079,3.1178,2
1ad647e7,5835,3.1178,2
371d28fe,17823,3.1178,2
5c83d3f2,5682,3.1178,2
63275be3,2584,3.1178,2
64e482cc,6362,3.1178,2
4be6d11f,3117,3.1178,2
15e24a45,5629,3.1178,2
57bc0748,17780,3.1178,2
e9da61f,7762,3.1178,2
730ee0fa,9100,3.1178,2
4388e334,2869,3.1096,2
564e37d1,6573,3.1178,2
20c61804,7787,3.1123,2
244b35d6,4720,3.1178,2
19aaa12f,7417,3.1178,2
1d3f606d,17750,3.1178,2
20f926ca,10246,3.1178,2
da94df6,2835,3.1178,2
70312c10,5771,3.1178,2
3c5e58e0,3473,3.1178,2
5a047b0e,10049,3.1178,2
1d855b45,8558,3.1178,2
19a46564,9907,3.1123,2
642db549,3201,3.1178,2
2afa7874,9992,3.1178,2
53dfaa2e,5994,3.1178,2
64379c63,3393,3.1178,2
6db9ea51,5053,3.1178,2
1479064a,10476,3.1178,2
3ad94031,10824,3.1178,2
62d5078d,7632,3.1178,2
1c8b87eb,3896,3.1178,2
2703bfa9,4966,3.1205,2
6c238483,2797,3.1205,2
26001fe5,10138,3.1205,2
2af3263,8092,3.1205,2
42db5902,9236,3.1205,2
2fd4a6bd,9485,3.1178,2
322cda46,8862,3.1205,2
15cb7464,7187,3.1205,2
2be1f763,8114,3.1205,2
55236b32,7244,3.1205,2
67813fe0,5668,3.1205,2
14f514d1,4404,3.1205,2
32ab28d9,5983,3.1178,2
6fb20006,18212,3.1205,2
77b957bb,4395,3.1178,2
94240b2,7278,3.1178,2
23134de0,3484,3.1205,2
1ffc86cf,3693,3.1205,2
5d089024,3531,3.1178,2
458e3dba,7436,3.1205,2
64cdba28,3938,3.1205,2
63b7f01d,7286,3.1205,2
beaec53,5757,3.1205,2
2d5ad7c2,9181,3.1151,2
1f7c8280,17720,3.1178,2
3dc06289,6714,3.1205,2
779daf4e,4431,3.1178,2
3cd2d8ad,2308,3.1205,2
6e8d8829,2307,3.1205,2
2567aed8,6963,3.1205,2
6798632a,9065,3.1123,2
1c0b85db,3533,3.1205,2
6f6aecb,3433,3.1205,2
650efccc,5154,3.1205,2
438b2fc,4673,3.1205,2
587d36e9,4637,3.1205,2
c4f525a,10709,3.1178,2
201d1062,9415,3.1205,2
60f86ce7,3814,3.1178,2
534b06c5,4967,3.1205,2
12a5e102,9251,3.1178,2
5af36d34,9220,3.1205,2
794fadd9,7961,3.1205,2
72b9f11b,6611,3.1205,2
4fa9b3bf,10734,3.1151,2
ef2edb3,17661,3.1205,2
ad7b8d1,3503,3.1205,2
2fe8404,7951,3.1096,2
37dbb1b9,2663,3.1205,2
1104467f,17849,3.1205,2
35edd8b6,7598,3.1205,2
3c344850,5508,3.1205,2
2c6b24cd,6807,3.1233,2
1b4d10a1,10197,3.1205,2
71712c08,3851,3.1233,2
66c961d6,7730,3.1233,2
2a8272f8,10598,3.1233,2
90516cd,2705,3.1233,2
5f3a7629,10327,3.1233,2
53217878,10134,3.1233,2
2c01bd77,6839,3.1233,2
1ade67e3,6586,3.1233,2
5468c593,9675,3.1233,2
6d446854,3494,3.1205,2
61c3d0eb,10185,3.1205,2
400833a1,4974,3.1233,2
4c889162,7200,3.1233,2
525e226e,4954,3.1233,2
1c16e6b9,10521,3.1233,2
20f0377,9504,3.1233,2
632d2958,10469,3.1233,2
62b98ba7,4467,3.1233,2
415798cc,3149,3.1233,2
6adf8d71,3985,3.1233,2
60b20e9b,3939,3.1233,2
4ef85599,7287,3.1233,2
591d3167,7518,3.1233,2
33142572,6715,3.1205,2
25368264,6989,3.1233,2
6b7e1ca9,10316,3.1178,2
4d0eed34,5212,3.1233,2
5500968f,3847,3.1205,2
5958452b,5169,3.1233,2
4b75d4c7,10289,3.1233,2
5ac14a6f,5530,3.1233,2
ba41b56,2706,3.1233,2
405ad504,7892,3.1233,2
10ce6614,10078,3.1233,2
2f7e9e37,17812,3.1205,2
41ef595b,9864,3.1233,2
261af9cf,7647,3.1205,2
526dc501,5812,3.1233,2
75784b26,2601,3.1233,2
25baf5d4,5948,3.1205,2
4951d994,17727,3.1233,2
6d720d81,9185,3.1205,2
5d263e65,4593,3.1233,2
6ab1191,17741,3.1233,2
742797bc,17753,3.1233,2
5a644a72,8951,3.1233,2
41b8ff0c,9248,3.1233,2
5fbe0ae5,8085,3.1233,2
22dd0a96,7197,3.1205,2
5a12f365,4310,3.1233,2
2796af9f,8576,3.1178,2
622d9770,7167,3.1233,2
644dee0a,8331,3.1233,2
4deb40f2,7894,3.1233,2
7286a63,3959,3.1233,2
4a6c2838,5181,3.1233,2
418806cd,6811,3.1233,2
5656af83,2915,3.126,2
13561ffc,9385,3.126,2
47311278,10237,3.126,2
de82a51,7631,3.1178,2
530f84be,10045,3.126,2
17b087ce,4972,3.1233,2
3cb650e8,5126,3.126,2
5da3035c,10733,3.1233,2
72a64622,6676,3.126,2
613b214f,6759,3.126,2
6f041c90,3144,3.126,2
5aa7f77,6575,3.1233,2
2a785bcf,9609,3.126,2
6a2f9ff4,7683,3.126,2
7c92e839,3186,3.126,2
5226eaa7,4948,3.1233,2
1d098cef,8864,3.126,2
75470aa2,6175,3.126,2
6301fbc1,6765,3.1233,2
76c3802c,7118,3.126,2
70d1a409,8979,3.1205,2
6762ac49,9700,3.1233,2
69756d4,9118,3.126,2
57a8dc1d,7895,3.126,2
1a77ce50,3700,3.1233,2
76c4e12c,8966,3.1233,2
4ad938d6,3137,3.126,2
5b004da4,4862,3.1233,2
7fa11dda,10522,3.1233,2
2e3d5e83,3633,3.126,2
2da1cc1a,5180,3.1205,2
395effb9,7887,3.1233,2
7415d967,2599,3.126,2
32d55f2,3141,3.126,2
7a25eb87,8705,3.126,2
4720da52,7188,3.126,2
64421fb0,5759,3.126,2
3e462cbe,17763,3.126,2
57ad7c41,7729,3.126,2
6039e801,3269,3.1233,2
169edeac,8173,3.126,2
6255fc50,2879,3.126,2
6df90f78,9410,3.126,2
7eab0696,6644,3.126,2
510a29f2,9239,3.126,2
3181f6c1,9752,3.1233,2
35b6c31,5265,3.126,2
7cfb2bdd,10726,3.126,2
595c69f5,6078,3.126,2
55546285,5235,3.1288,2
59199e95,18211,3.1288,2
67905c89,2294,3.1288,2
42902665,10034,3.1288,2
7839fc03,10558,3.1288,2
7765e78a,10036,3.126,2
6d4138a7,10286,3.1288,2
8505592,6831,3.1288,2
27185346,5949,3.1233,2
4b30f9f3,8689,3.1288,2
7cdedd72,17660,3.126,2
183e464e,2596,3.126,2
5ee16309,9824,3.1288,2
54d6fb0,9602,3.1288,2
12486c1e,6582,3.126,2
35e92540,17662,3.1288,2
5efbf0c5,3206,3.1288,2
1abe1ae2,7748,3.1288,2
54c48325,2603,3.1288,2
3ea2b3c5,7985,3.1288,2
1147700d,4021,3.1288,2
6fdb0093,9481,3.1288,2
6e27a875,2815,3.1288,2
1e8ac33f,3856,3.1288,2
2f52608,5646,3.1288,2
1d35a792,8124,3.1288,2
51424223,7268,3.126,2
1919f00f,2803,3.126,2
4767246b,5982,3.1288,2
6c098fe9,10037,3.1288,2
70efa04b,9101,3.126,2
2f999b11,18099,3.1288,2
4015d96a,2097,3.1288,2
5da1a0c6,5049,3.126,2
79d68f65,3481,3.1288,2
2c0408ff,6804,3.1288,2
7eca848,3413,3.126,2
273a099b,4537,3.126,2
53fa9b19,4687,3.1288,2
1ba319ba,18164,3.1288,2
44985f7e,3777,3.1288,2
9784d2f,17813,3.1288,2
6b341aa0,17755,3.1288,2
1cb5b08c,5639,3.1288,2
1ce9b85e,10035,3.1288,2
1ad06fcb,10435,3.1205,2
518a588b,3526,3.1288,2
1aa0b900,4925,3.1288,2
2ba05b08,7250,3.1288,2
3217c780,6122,3.126,2
31da8f49,7734,3.1288,2
2ead48cb,3282,3.1288,2
7fc3e0d,9882,3.1288,2
b5bc2b5,4024,3.1288,2
6e9ea450,3556,3.1288,2
7b7a095,3627,3.1288,2
2ab15258,6595,3.1288,2
44aea821,8988,3.1288,2
4cdb1d55,4538,3.1288,2
19402011,9880,3.1288,2
267bb4d,18238,3.1288,2
22641acb,2761,3.126,2
36418a67,8431,3.1288,2
2e197416,8311,3.1288,2
111b0f4b,4405,3.126,2
3fa86d1b,4929,3.1288,2
132bfde1,3983,3.1288,2
29834f51,8497,3.1288,2
4c5f37b3,3241,3.1288,2
5f70824,3205,3.126,2
2241e103,5799,3.1233,2
49ff298e,1506,3.1288,2
7a351e27,2884,3.1288,2
6900bd9f,6476,3.1233,2
6d1ba112,2806,3.1288,2
4f625c7d,7418,3.1288,2
72e9db9d,5942,3.1288,2
42ea2f17,4955,3.1288,2
10fcc54b,9670,3.1233,2
4da0e29d,6566,3.1315,2
7129ed87,10727,3.1315,2
37e4e065,9569,3.1315,2
62a8f622,3534,3.1233,2
1408a1a1,2912,3.1288,2
5ef60db7,2738,3.1315,2
600d863b,6778,3.1315,2
45b175fe,2098,3.1288,2
1465c140,5172,3.1315,2
6afe91cd,8487,3.1315,2
6a8a7491,10336,3.1315,2
7a90edce,8263,3.1288,2
76a080f9,17743,3.1288,2
40b04f79,9318,3.1315,2
38f01556,10320,3.1315,2
2a5bcc9,10326,3.1315,2
35b59ef2,8687,3.1315,2
54238ead,9257,3.1315,2
7fa6dfce,4835,3.1315,2
d732f8b,9856,3.1315,2
3591c1d6,7599,3.1288,2
1afd7059,6079,3.1315,2
6f4354a2,2823,3.1315,2
536c8467,7677,3.1315,2
7c5310bf,9581,3.1315,2
dddd8d4,10132,3.1315,2
3a253ab4,17705,3.1288,2
18515a90,9900,3.1315,2
421d2b50,7061,3.1315,2
262f1d44,2757,3.1288,2
45576a2d,9898,3.1315,2
56b418a9,10470,3.126,2
7d58ee84,7152,3.1315,2
1c8c14bc,8701,3.1315,2
23431956,4303,3.1315,2
5d3b0911,4971,3.1315,2
e712c91,9990,3.1288,2
2b3c334f,8234,3.1315,2
11aac462,3634,3.1315,2
2a98e6a8,4930,3.1315,2
2fee016b,128,3.1315,1
6502f992,9470,3.1288,2
22ccb884,8181,3.1315,2
2d498b95,5080,3.1315,2
56be5724,9458,3.1342,2
4f0ca7d3,10411,3.1315,2
10360200,6379,3.1342,2
73938c21,3270,3.1342,2
29135bf5,9179,3.1342,2
620aa7fd,6996,3.1315,2
25c52ba0,6346,3.1315,2
f5d22f4,3187,3.1342,2
92cd775,3285,3.1342,2
2fdb171d,7680,3.1288,2
18596854,6416,3.1315,2
1c854757,1913,3.1315,2
14cdc8d4,5134,3.1342,2
72e1123b,7509,3.1315,2
5759085,5179,3.1342,2
563d43b7,9202,3.1342,2
2c4caacc,8542,3.1342,2
3dd37a15,10290,3.1342,2
56c605b4,8524,3.1342,2
7f9e4651,3295,3.1288,2
3642618d,9685,3.1342,2
430282ee,2910,3.1288,2
ad15a88,9058,3.1315,2
6c5c05c3,9473,3.1288,2
61fd7ad7,8069,3.1342,2
3b385314,8202,3.1288,2
36bf81f4,10201,3.1342,2
1a479168,9502,3.1315,2
36ba88b1,2310,3.1342,2
3ac4f1b8,2303,3.1342,2
30e50ff5,5968,3.1342,2
7a1f883c,17855,3.1342,2
188268ce,6829,3.1342,2
5560357,8940,3.1342,2
498520a2,4873,3.1342,2
1d543eaf,6304,3.1342,2
1b0c1b51,10107,3.1342,2
1043d4e6,8522,3.1342,2
25ba2102,5679,3.1315,2
1927d25c,7944,3.1342,2
d9a6ac0,2911,3.1342,2
620a84ba,3901,3.1342,2
6d76df03,8226,3.1342,2
6ce088f9,17824,3.1342,2
18260656,7148,3.1342,2
3f34823c,4014,3.1288,2
92dee34,7196,3.1342,2
61e218a8,8578,3.1342,2
49dea674,4951,3.1342,2
52e0f811,6488,3.1342,2
345af037,6380,3.1342,2
458c894c,9418,3.1342,2
795d7a8f,6593,3.1315,2
799a294b,7657,3.137,2
2ca835c5,2592,3.137,2
4f90a32f,6439,3.1315,2
6ef79578,5156,3.137,2
7c6c132b,4880,3.137,2
1107077e,10539,3.137,2
2c081c86,9910,3.137,2
e848595,10671,3.137,2
5bc457aa,6111,3.1342,2
94a55ff,4721,3.137,2
68d81aca,10452,3.137,2
15a3fab6,6825,3.137,2
3cb6238b,9057,3.137,2
45b64ab0,8174,3.1342,2
1e881a54,7638,3.1342,2
14742579,9252,3.137,2
6e47dc47,6080,3.137,2
30432161,3159,3.1342,2
52985fd,2969,3.137,2
3cca881,3293,3.137,2
53b9f95b,9695,3.1342,2
577dbcb8,4635,3.137,2
78d4d522,7169,3.137,2
7a589264,6958,3.137,2
3397e6bf,10027,3.1342,2
55f9c8ec,17754,3.137,2
3656901d,6920,3.137,2
49168029,10579,3.137,2
77e3f0dd,8891,3.1342,2
7bcd4280,2913,3.137,2
60684bbd,3816,3.1342,2
6a2f9e66,10247,3.1342,2
1d828851,9117,3.137,2
4098a650,6303,3.137,2
758ff624,4686,3.137,2
64c76357,10108,3.1315,2
4650e9d1,9119,3.137,2
4f99214a,5328,3.137,2
45adc04b,9412,3.137,2
1aafce72,10152,3.137,2
5b70a297,8095,3.137,2
5d654bc2,6587,3.137,2
631c696d,8761,3.137,2
76e167bd,7656,3.1342,2
12d9fb4d,4836,3.137,2
26248aea,4722,3.137,2
2eb17ddd,7685,3.1342,2
4c63879b,3119,3.1288,2
3baffe8e,9145,3.1342,2
468eaac9,6944,3.1342,2
767889e1,2916,3.137,2
1b5022c6,6219,3.1342,2
263ef451,2586,3.1397,2
1d790448,9954,3.1397,2
4bdf2168,3739,3.137,2
fc0ed13,9855,3.137,2
3cabc6c0,2716,3.1342,2
26779581,10543,3.137,2
14913446,10773,3.1397,2
6fc41502,6841,3.1397,2
1cb1fbb2,8068,3.137,2
7e4ea322,4570,3.1342,2
648feaf7,5718,3.1397,2
79a1d124,9696,3.1397,2
6a5ed9c9,10649,3.137,2
61022013,7596,3.1397,2
7ac1b696,3416,3.1397,2
f8033ae,18142,3.137,2
d9e701b,9901,3.1397,2
111260f0,10811,3.1397,2
61e0c879,10597,3.1397,2
1662b7d5,2644,3.137,2
754e7586,2077,3.1397,2
4afe999b,10080,3.1397,2
68c32898,6824,3.137,2
680213aa,5684,3.1397,2
2fde19d6,9505,3.1397,2
6a15fbba,5083,3.1397,2
dd14581,4965,3.1397,2
e8e97f1,2531,3.1397,2
76e94ac9,4055,3.1397,2
3364b785,9868,3.1397,2
349e1125,3425,3.1397,2
4ed52958,5782,3.1397,2
72d68d49,7697,3.1397,2
6498c409,4022,3.1397,2
20cbf686,10710,3.137,2
4733942e,3073,3.1397,2
149f544,4589,3.1315,2
23d3c1e8,4723,3.1397,2
5c537cd2,3160,3.1397,2
79a1192,6082,3.1397,2
493737f0,8103,3.1397,2
7d8bfd23,6832,3.1342,2
745673bf,4877,3.137,2
33a4240b,3435,3.1397,2
25b08502,3772,3.1397,2
64e5b56c,9603,3.137,2
1146f4ed,6014,3.1397,2
57fa76f2,4436,3.137,2
141d86b7,9911,3.1397,2
5311c400,7681,3.1397,2
41872615,10065,3.137,2
880a59c,8264,3.1397,2
7050a205,8543,3.1342,2
2d3c59cb,8699,3.1397,2
557365f7,5641,3.137,2
6895853,3559,3.1397,2
58529680,10337,3.1397,2
2de75705,3171,3.1397,2
5e6a57ad,10599,3.1397,2
62dab173,3940,3.1397,2
2cc83c02,9146,3.1397,2
60e2498d,6289,3.1397,2
51d6e3ae,3504,3.137,2
772a75eb,3832,3.1397,2
40cc0354,6413,3.1397,2
2d891f63,9583,3.137,2
7b742642,2304,3.1397,2
54e2c858,5050,3.137,2
5b025cdb,6782,3.1425,2
4d98be06,9706,3.1425,2
1704d7c1,6275,3.1425,2
5e29b57e,9271,3.1397,2
49bd67ae,5816,3.1342,2
41dd8811,2824,3.1425,2
7056e534,3360,3.1425,2
63472c05,2876,3.1397,2
4165a7d4,4573,3.1425,2
6c5532e9,2656,3.1425,2
2bed1512,7029,3.1425,2
30bc6684,3495,3.1425,2
7110336e,10342,3.1425,2
1d27719f,5758,3.1425,2
58a0daa8,2665,3.1425,2
1ba6012b,6594,3.1425,2
6b5dda72,8030,3.1397,2
4d50e50f,5549,3.1425,2
13fb0397,7694,3.1397,2
38ffe79a,7803,3.1397,2
3d7424bd,10057,3.137,2
77c6c681,3150,3.1425,2
3c6a8455,5170,3.1397,2
7b6e6775,10725,3.1425,2
67a3f569,8394,3.1425,2
2690d5d2,18219,3.1425,2
4e30b579,8884,3.1425,2
466d3605,9306,3.1425,2
3e9d9b1c,6498,3.1425,2
462763ee,9183,3.1397,2
1e03e758,2582,3.1397,2
55d3129c,6914,3.1425,2
7aa1cb3d,5712,3.1425,2
2836fa0e,7437,3.1397,2
28ebed1f,5572,3.1397,2
298ef177,3454,3.1425,2
64844128,9224,3.1425,2
100896a6,2095,3.1425,2
ff1f823,3546,3.1425,2
51aab5e3,2909,3.1425,2
176133ff,10340,3.1425,2
19f78f8c,10059,3.1425,2
43882a13,7888,3.1425,2
4338f2a1,17721,3.1425,2
47394288,18189,3.1425,2
1c4aff48,5719,3.1397,2
5b031ec1,17722,3.1425,2
5faa52fa,6447,3.1425,2
528a6685,10325,3.1425,2
251f706a,5506,3.1397,2
403b6838,18190,3.1425,2
51e573a,10673,3.1397,2
30d93e8,10033,3.1425,2
ebd2cf1,18221,3.1425,2
f82cded,5566,3.1425,2
14e31e8d,3711,3.1425,2
7b1e5d2a,3142,3.1425,2
1ca32c1c,6412,3.1425,2
55767c0,17784,3.1315,2
94c0691,8609,3.1425,2
32fd9f,10629,3.1425,2
5f4e249,4674,3.1425,2
3fbd94f5,8096,3.1425,2
3b23fc50,4975,3.1425,2
52320d2b,10391,3.1425,2
45fbdcf7,7639,3.1425,2
673f98ab,8453,3.1425,2
43da2960,9503,3.1425,2
5929b520,8089,3.1397,2
32d02705,6414,3.1425,2
1ac447de,8064,3.1425,2
1a57eed,10471,3.1425,2
13a6d690,5065,3.1425,2
b06eb86,3294,3.1452,2
33c4b78f,2798,3.1452,2
193ce50c,5817,3.1452,2
3c0ba2ed,5395,3.1425,2
ed2431,6874,3.1452,2
1603836c,4304,3.1452,2
68e91025,5507,3.1452,2
994db1f,8711,3.1452,2
60b1aab0,5775,3.1452,2
6aa35d29,4311,3.1452,2
4a6b0060,8823,3.1425,2
65087611,8274,3.1452,2
4b2cb42b,7519,3.1397,2
801a42a,3426,3.1452,2
4ed7584d,9500,3.1452,2
783bfa16,3848,3.1452,2
6ac19d71,8724,3.1425,2
4cdfc6c6,2542,3.1452,2
49fa1b83,5336,3.1425,2
6eb6b3e0,3986,3.1425,2
1ab1aa9c,9205,3.1452,2
87a9152,2076,3.137,2
3a218f6d,5612,3.1397,2
79a57e00,6141,3.1452,2
2a17cd40,10820,3.1452,2
239ebda9,7240,3.1452,2
78ec2389,9921,3.1452,2
6c441c82,7239,3.1452,2
580627a6,5818,3.1452,2
24c0ddc7,5800,3.1452,2
5e6f90c9,2816,3.1452,2
122c74d5,8914,3.1452,2
4489f0cc,10648,3.1452,2
5d6073bf,2810,3.1452,2
71d85a62,7608,3.1452,2
7feca331,2645,3.1425,2
e17fac5,4666,3.1425,2
593645b,5505,3.1397,2
415fd7b1,18264,3.1452,2
153a474c,6879,3.1452,2
702fcc8d,3249,3.1425,2
6e80df6f,6780,3.1452,2
35fd8e88,7945,3.137,2
27fe2a0b,7394,3.1397,2
aa035d9,8721,3.1479,2
465cba4,10779,3.1479,2
6cf617e0,10329,3.1479,2
35a64d38,7241,3.1479,2
3e23b8a8,10029,3.1479,2
14317c23,4676,3.1479,2
48243052,5330,3.1479,2
6ca96c4e,6574,3.1479,2
7366d59c,3252,3.1479,2
1a29dd02,3398,3.1397,2
11dadf43,6786,3.1452,2
545522d1,1941,3.1479,2
402494,4968,3.1479,2
686c2fd,9192,3.1479,2
6d5b1ccd,18108,3.1479,2
35b0206a,10635,3.1452,2
416125a9,3762,3.1479,2
4bc3e79d,5232,3.1479,2
3cdfd4fe,3378,3.1479,2
3d3a3375,9996,3.1479,2
d9b9f05,6923,3.1479,2
451faf72,5307,3.1452,2
5f43951d,6982,3.1479,2
7a5fb0b,10547,3.1479,2
6b68d111,9388,3.1479,2
3a5a18ce,9757,3.1452,2
28654c8,7170,3.1479,2
2a538a30,3487,3.1479,2
71e2632,8549,3.1479,2
6de8d277,3377,3.1452,2
5df8eb16,10392,3.1452,2
23634c51,7251,3.1479,2
6bcce893,5701,3.1479,2
1d157c6e,8690,3.1479,2
36457ed1,10338,3.1397,2
2c7f9354,8427,3.1479,2
49b87c5c,6959,3.1479,2
20fb6e38,5391,3.1452,2
163b9045,7896,3.1479,2
b15d7a5,3527,3.1479,2
5b2010a0,5473,3.1479,2
20513f52,9389,3.1479,2
6a222aa5,4632,3.1479,2
4faf70bb,17835,3.1479,2
1b1772c6,10578,3.1425,2
1451ccfe,10453,3.1479,2
3dd3ca89,10540,3.1479,2
46dfb894,6484,3.1479,2
72c1325c,10427,3.1452,2
686d36c6,5650,3.1479,2
320c0e0b,10200,3.1479,2
4b492ec0,6583,3.1452,2
70e92425,10071,3.1479,2
bc1bbb6,10266,3.1479,2
a9b770e,8885,3.1479,2
257dae19,9506,3.1425,2
8a667b3,9993,3.1479,2
31d7a28e,4979,3.1479,2
374da309,10110,3.1452,2
66bf81e9,6635,3.1479,2
5d1ff972,5173,3.1425,2
6f7fd241,10279,3.1479,2
51d0f38d,6600,3.1507,2
5e6aaa3,1942,3.1507,2
bdf5755,7192,3.1507,2
11753f0e,10628,3.1425,2
3383903b,5143,3.1507,2
6599515d,17773,3.1507,2
148dd744,2666,3.1479,2
2c380794,10412,3.1452,2
3955860,8916,3.1507,2
7e6fb98c,2952,3.1425,2
54dcdf07,10650,3.1507,2
2ca9f2f6,7640,3.1507,2
566437d0,8702,3.1507,2
4cf70f,9419,3.1507,2
3a0c8e2f,8688,3.1479,2
13f39756,8989,3.1507,2
70aee99c,7236,3.1507,2
7838aee,7956,3.1507,2
592011c7,8577,3.1507,2
56e67492,17772,3.1507,2
510385db,5576,3.1479,2
4a4cb1ef,4012,3.1507,2
13bb3f48,8548,3.1479,2
761c9b49,17857,3.1507,2
1410f855,2594,3.1507,2
5e9bc4e0,6880,3.1479,2
4c4fcaa9,9048,3.1507,2
10c712b9,9528,3.1507,2
38692a4,7971,3.1507,2
33afaf0,8434,3.1507,2
319272bc,896,3.1507,2
19e8fced,2977,3.1507,2
2aa5b82a,5329,3.1507,2
2e4c5ec6,10111,3.1479,2
7af5dc85,10825,3.1507,2
585056f5,5613,3.1507,2
601c686,10523,3.1507,2
40dbbafa,8786,3.1507,2
4a7712ee,9286,3.1507,2
440fe41c,17856,3.1479,2
4c322fed,8668,3.1452,2
3ea0a4e7,3496,3.1479,2
37ed8184,5051,3.1507,2
cf9ac61,3702,3.1507,2
4f262bf7,3849,3.1507,2
2ebb712a,2746,3.1507,2
5169a754,10188,3.1507,2
44882526,8073,3.1507,2
6ad5a602,17756,3.1507,2
316ffb7d,9995,3.1507,2
7034d395,2295,3.1479,2
239cef50,10644,3.1479,2
6cfb89c0,9517,3.1534,2
5d7615f0,4025,3.1479,2
22a33bc8,17782,3.1534,2
2b59c7eb,17745,3.1534,2
652375ee,10822,3.1507,2
335daaa4,3852,3.1534,2
3d88086,3752,3.1534,2
66db6989,7968,3.1507,2
1829fcb9,9853,3.1534,2
1ef91f95,9285,3.1534,2
467f6d92,3746,3.1507,2
7036f64a,7168,3.1479,2
1e4196b,8081,3.1534,2
1d4131f6,10633,3.1507,2
3c4ebfff,9758,3.1534,2
6b5550fb,5016,3.1534,2
567bb3fe,5135,3.1534,2
77f5d71b,2733,3.1534,2
3e8d3f5d,2721,3.1534,2
24ec1aaf,5237,3.1534,2
5d8c3ee2,7767,3.1534,2
7f9e62ff,8065,3.1534,2
74f1dab1,5670,3.1534,2
2de5963b,3242,3.1534,2
1428b9c8,9435,3.1507,2
7ac5330d,3417,3.1507,2
76402f30,3984,3.1534,2
2762216b,5567,3.1507,2
c9e571b,9433,3.1534,2
dcb5cfd,6964,3.1507,2
5ec54b12,8070,3.1534,2
298bc655,7990,3.1534,2
57d37af0,5081,3.1534,2
28f843,7763,3.1534,2
7441be8f,2313,3.1534,2
30f773c,6830,3.1534,2
4f478957,8942,3.1534,2
8ea8a1c,1499,3.1479,2
71a6f848,2918,3.1507,2
968c7d7,7328,3.1534,2
7a16ea9c,8082,3.1507,2
26f025a8,5522,3.1534,2
48cea62f,8433,3.1534,2
6052ed86,3498,3.1534,2
62c4954b,10030,3.1534,2
6af3169,6912,3.1534,2
453e31de,872,3.1534,2
32f7ca22,8185,3.1534,2
415fa603,9188,3.1507,2
438caeb0,2877,3.1562,2
2065118c,10038,3.1562,2
143bd0a2,2925,3.1534,2
5241547,4855,3.1562,2
31a064fc,8235,3.1562,2
3d8a1e30,8529,3.1562,2
1bd5de1f,8972,3.1562,2
19e6172f,5216,3.1534,2
3aab6c69,5217,3.1562,2
3e7e7e0f,10135,3.1562,2
6c4c359d,9459,3.1534,2
62178228,6448,3.1562,2
ccb7ab8,7637,3.1562,2
77c85210,7778,3.1562,2
615d9e8f,2795,3.1534,2
54cd819d,5341,3.1562,2
198e030d,6415,3.1562,2
4ec7b43e,9825,3.1562,2
4363e28f,17777,3.1562,2
7b9a5217,7989,3.1562,2
12e5b002,8435,3.1562,2
61709024,9606,3.1534,2
3ddb611f,2820,3.1562,2
14f88659,7765,3.1534,2
2ba24164,6569,3.1562,2
4e360584,2813,3.1562,2
280346c4,2311,3.1562,2
7819d7d3,6382,3.1507,2
396ae85c,10814,3.1562,2
418910d5,6924,3.1562,2
3f6d2745,7281,3.1562,2
dea630a,7698,3.1562,2
3bfb8a2b,5297,3.1562,2
32fd2a39,5649,3.1534,2
647c642c,4468,3.1507,2
3ad0a99a,2729,3.1562,2
5d1dd639,8324,3.1562,2
769d7d5d,9383,3.1562,2
6ea9341,6564,3.1589,2
130cab4,9686,3.1589,2
3e133f71,6485,3.1562,2
d0c8a94,2972,3.1589,2
5f2e70ef,3168,3.1589,2
584c64d4,5475,3.1562,2
7f03201b,8395,3.1589,2
16b25d45,8559,3.1562,2
763ebcaf,5245,3.1589,2
3ab7ee74,2817,3.1589,2
1664732,6383,3.1589,2
56bb569,3854,3.1589,2
3eff6764,9225,3.1562,2
6703acfd,18247,3.1562,2
635f9d2d,8230,3.1589,2
661e0b7c,3230,3.1562,2
55f28f5a,9576,3.1534,2
2f6cb55d,5136,3.1589,2
30c5f368,10553,3.1589,2
26165be7,2979,3.1589,2
67df9820,3298,3.1589,2
2d531fdb,4932,3.1589,2
3212e7aa,5145,3.1589,2
26cf5b6c,8330,3.1562,2
3d066ef6,4869,3.1589,2
3dcac90d,7695,3.1589,2
852b4a8,3396,3.1589,2
7257a35d,3299,3.1589,2
2d583dbf,10488,3.1589,2
71900743,8228,3.1589,2
1af92add,10480,3.1589,2
7133ade,2600,3.1589,2
2d15fcd6,17752,3.1589,2
6bca5a46,6443,3.1589,2
496d9c2e,6766,3.1589,2
57b69a17,17811,3.1589,2
6e17e2cd,10147,3.1562,2
7b801786,5801,3.1589,2
5e297834,6363,3.1562,2
3dac37c4,2978,3.1534,2
6cfcab36,7601,3.1589,2
17bbad08,4574,3.1589,2
2468f13,4641,3.1589,2
5e889a88,8660,3.1589,2
57242f74,7523,3.1562,2
1dbd1b75,3231,3.1562,2
2b3531c6,3897,3.1589,2
3173a2f2,6819,3.1589,2
59dee6b1,8488,3.1589,2
475a6427,3853,3.1589,2
32c9a90a,4044,3.1589,2
30701594,2919,3.1589,2
1c38455a,9240,3.1562,2
85761a6,10479,3.1589,2
77a9185f,3505,3.1589,2
277023fc,7245,3.1589,2
7db0d84a,8722,3.1534,2
42050c9f,17781,3.1589,2
47c57f8b,3361,3.1589,2
1909e0bc,8525,3.1589,2
2ae0e86a,2762,3.1616,2
7ab66622,2730,3.1616,2
15b47689,5997,3.1616,2
64cf82bc,4580,3.1616,2
79617a93,4977,3.1616,2
2f3b7903,4026,3.1616,2
15fc3f5a,8428,3.1589,2
2356736,6281,3.1616,2
340349c7,10328,3.1589,2
b83f6bd,7154,3.1589,2
46c40836,1943,3.1616,2
32c3828c,6294,3.1616,2
1be65f35,17751,3.1534,2
350560ff,10815,3.1616,2
53664bd1,3964,3.1616,2
7d9f74d3,2709,3.1616,2
54a993a2,6960,3.1616,2
2b6ce104,10288,3.1589,2
6e5592da,3535,3.1589,2
615210eb,5244,3.1562,2
2dd32156,3836,3.1616,2
148682d,6081,3.1616,2
35ff93cd,9747,3.1589,2
66fe64f7,4306,3.1616,2
57b239a1,8216,3.1616,2
1b1a9692,6347,3.1589,2
3f7e6845,7603,3.1589,2
2f77cd36,8787,3.1562,2
206600a5,8560,3.1616,2
6f87ac3d,6501,3.1616,2
7e08c286,10160,3.1616,2
625cb78b,9756,3.1616,2
36952b5,8551,3.1616,2
722fe04d,4973,3.1616,2
3a9d82b8,6826,3.1616,2
209b5c71,9390,3.1589,2
183fa616,6301,3.1562,2
1fd8aa75,8958,3.1616,2
612e0083,3277,3.1562,2
6a83b14,3778,3.1589,2
12780c4b,5127,3.1534,2
687ab2a1,8694,3.1616,2
d90b6ae,6787,3.1616,2
4819538,2881,3.1616,2
454192d9,9762,3.1616,2
c74b5ce,10634,3.1616,2
57c13e6b,8227,3.1616,2
5896a8c,6502,3.1616,2
385b2f26,5778,3.1616,2
30f6db45,6805,3.1562,2
6e1a8956,10191,3.1616,2
20094313,18141,3.1616,2
414a7a2b,9960,3.1616,2
593fdc9e,18263,3.1616,2
47e0adb4,5474,3.1644,2
7d8adc27,10576,3.1644,2
5829ebcf,7076,3.1644,2
17f1095e,3236,3.1644,2
578a2a9,5269,3.1644,2
473732bf,3362,3.1644,2
6cf7b59a,9195,3.1644,2
23f63af,9529,3.1644,2
7353eaa3,5551,3.1644,2
9ce89f9,5513,3.1644,2
337e738a,4642,3.1644,2
4d220d90,8186,3.1644,2
1c283acb,3509,3.1644,2
12f10acf,9059,3.1589,2
7042cd1f,10031,3.1644,2
30e002be,5123,3.1616,2
6df3c7bf,2720,3.1644,2
305056a8,5552,3.1644,2
561c4f88,18140,3.1644,2
45914b9f,18225,3.1644,2
66d94207,6385,3.1644,2
15e4bf5c,5055,3.1644,2
27b35e5e,7395,3.1644,2
1367352f,7488,3.1644,2
3f02943e,6384,3.1644,2
facd2dd,2878,3.1562,2
2d69bedc,8900,3.1616,2
32502cd8,7802,3.1644,2
1834a9f0,3250,3.1644,2
33bc7dac,7510,3.1534,2
5a6f6b3c,10631,3.1644,2
69eaba45,10241,3.1644,2
54acf5a1,10429,3.1562,2
25ba0ea7,5776,3.1644,2
193eb0c7,7338,3.1644,2
2a8c4fbc,17742,3.1644,2
43d460e3,3558,3.1644,2
366e9108,5779,3.1644,2
56d41926,7119,3.1644,2
5a3aa78a,8093,3.1644,2
1203e2de,10192,3.1644,2
72304b05,9994,3.1644,2
3094629a,8971,3.1644,2
89ab152,8127,3.1644,2
48028e1,17783,3.1644,2
3f9d85f5,5308,3.1616,2
328595ca,6883,3.1644,2
429d88fc,4755,3.1616,2
510ea287,6338,3.1562,2
2ef277e,9610,3.1644,2
1c5ad92c,9420,3.1644,2
32ae6833,2950,3.1616,2
1610ee7b,18214,3.1644,2
c8054f0,8501,3.1671,2
6d3fff10,3547,3.1644,2
61fd77b8,5720,3.1644,2
2766d822,5515,3.1644,2
45c98217,8071,3.1671,2
66e9a23f,7311,3.1644,2
66c8d30d,5393,3.1671,2
77ba9a99,8980,3.1671,2
456babb1,10139,3.1671,2
65ef3c01,7764,3.1644,2
74d95f56,3243,3.1671,2
5429aa7b,5086,3.1671,2
77649c35,5077,3.1589,2
6b77a9ec,5144,3.1616,2
306fb00f,10271,3.1616,2
556a683b,7230,3.1671,2
4c096a9f,18223,3.1671,2
45b18fc9,9509,3.1671,2
1fdfd21f,9249,3.1644,2
493120c1,5998,3.1616,2
4f1ca26c,7686,3.1671,2
48467482,9102,3.1671,2
29e808bf,5531,3.1671,2
699f126b,8031,3.1671,2
43bad2f6,2973,3.1589,2
38a35c67,3557,3.1671,2
5167163c,10287,3.1671,2
40fa4a31,10674,3.1671,2
40b01a0f,6115,3.1644,2
7db0d8c5,6482,3.1644,2
55420dba,10780,3.1671,2
2af7c028,10653,3.1671,2
77a03311,5764,3.1671,2
328854c3,3189,3.1671,2
1e9f1d2f,3529,3.1616,2
ca6670f,6808,3.1644,2
494c94fc,3164,3.1671,2
3f020e7f,18246,3.1616,2
59120ad5,7141,3.1671,2
66b390e7,7030,3.1671,2
4bf513b9,8122,3.1671,2
2d2667bc,5687,3.1699,2
f2b4f19,2825,3.1616,2
2c433fee,5610,3.1699,2
5768ee57,9182,3.1699,2
4eee2516,9997,3.1699,2
34e347d8,2587,3.1671,2
c9a6de7,6877,3.1699,2
121fe04f,7225,3.1671,2
295ae0d,4692,3.1644,2
171132b8,10541,3.1699,2
500ab120,5464,3.1699,2
2c66e400,7419,3.1699,2
269e1a8b,4980,3.1699,2
48e6f764,5484,3.1671,2
73cc513e,5780,3.1699,2
4980b618,7604,3.1671,2
1e3cca90,8520,3.1699,2
31f6ea9c,7271,3.1699,2
2a2b4e46,5509,3.1699,2
3766b67d,5141,3.1699,2
5ed959a6,4638,3.1671,2
3bffbf9c,6022,3.1644,2
436f9a39,5680,3.1699,2
454b2ac2,5700,3.1644,2
35e20553,5468,3.1671,2
73274f2c,5399,3.1671,2
4c26ad23,5966,3.1699,2
159584c3,3138,3.1699,2
5027935f,8521,3.1699,2
5572f1d9,17791,3.1699,2
754adc95,6990,3.1699,2
3c5da33f,7749,3.1699,2
45eb5e22,9902,3.1699,2
4abd0bd3,17829,3.1644,2
531a3954,8983,3.1699,2
64c09f31,18191,3.1699,2
29ba90ab,7973,3.1699,2
a374f7d,6105,3.1699,2
6d7bee56,10198,3.1699,2
5ba2515f,10072,3.1699,2
44271e47,8708,3.1699,2
53e3bc62,3941,3.1671,2
39e5e1a0,5296,3.1699,2
9191d46,9320,3.1699,2
75170f72,7766,3.1644,2
388a9add,2074,3.1699,2
40f89d93,6381,3.1699,2
3c5176ed,3859,3.1699,2
258bd994,8709,3.1699,2
2a2f6826,2885,3.1699,2
6b1db308,10161,3.1699,2
3a63070b,7201,3.1699,2
6f0dbffd,9194,3.1699,2
58dc5aef,2580,3.1699,2
9e3778a,6876,3.1699,2
f60104d,4726,3.1699,2
d10a40b,10481,3.1726,2
37218c64,3373,3.1616,2
25ecf22d,5018,3.1671,2
2a817ca5,9469,3.1671,2
2239b502,8332,3.1726,2
19404f8d,6449,3.1726,2
5bffbb12,10066,3.1726,2
7aba809c,7528,3.1726,2
1544bb6c,8108,3.1726,2
ee3a26e,10068,3.1726,2
28ada984,3154,3.1699,2
2862bf8b,5085,3.1726,2
41895fbc,6577,3.1726,2
672647b,9508,3.1726,2
36dd3002,6783,3.1726,2
25be0465,2844,3.1699,2
181d79be,5326,3.1726,2
d59977a,8182,3.1726,2
525bebf3,7490,3.1726,2
71350f1,6480,3.1671,2
74301924,7600,3.1726,2
3513b29f,17837,3.1726,2
389ad3bd,3271,3.1699,2
25139887,5310,3.1726,2
511e5c38,9748,3.1726,2
79b18bce,6610,3.1671,2
e207f84,6500,3.1726,2
1758a87e,5128,3.1699,2
2e36ddb2,3190,3.1699,2
b0abbe9,5777,3.1699,2
deaabd0,7205,3.1726,2
7870ae58,4469,3.1699,2
2ab9f270,2955,3.1726,2
7dc5f1,5713,3.1726,2
327a61d8,6481,3.1726,2
6a16f86c,5967,3.1726,2
17698918,8825,3.1726,2
72a6c3f7,6588,3.1726,2
5556d79c,3207,3.1726,2
4205b6e3,18224,3.1726,2
133318da,5309,3.1726,2
15e5c28c,4795,3.1726,2
4ebb4748,3753,3.1726,2
1446998c,8072,3.1726,2
1c18ac42,7963,3.1726,2
1891b241,5183,3.1726,2
7e030628,17664,3.1699,2
154136ce,3718,3.1726,2
51bcf6ea,7077,3.1726,2
5a42c1cf,3835,3.1726,2
4ed74cc8,5325,3.1726,2
523cf49a,7808,3.1671,2
64815391,8725,3.1726,2
3e290707,17774,3.1726,2
2881ba77,10431,3.1753,2
2dbfce4e,2862,3.1753,2
5438c08,7780,3.1726,2
3da7f7a1,4643,3.1753,2
5cc412a3,2545,3.1753,2
69e9a585,7661,3.1726,2
71a7ef2,10202,3.1726,2
22ed2e64,8502,3.1753,2
5ec06190,3717,3.1726,2
5d9ecac0,3750,3.1726,2
7aa13240,2920,3.1753,2
2e983e08,7530,3.1753,2
17c8f20,8183,3.1753,2
65cdbbb1,7396,3.1753,2
38dc9a79,7075,3.1753,2
4b9c8c10,2882,3.1753,2
249b8315,17726,3.1753,2
2c83b404,3414,3.1753,2
70d0fcbf,8904,3.1726,2
5f0312b9,7754,3.1726,2
5825c66a,7023,3.1726,2
27f8a167,9530,3.1753,2
5f3fb2a,9743,3.1753,2
166a0208,3855,3.1753,2
74ee438b,5339,3.1753,2
6128317e,9607,3.1726,2
2f19583d,8320,3.1753,2
f614de9,10061,3.1699,2
26797138,3272,3.1726,2
44e80f09,2843,3.1726,2
5f8990dd,5338,3.1699,2
2d42fde,10679,3.1753,2
22575d3b,3379,3.1753,2
4fca08f8,3913,3.1753,2
4472d6a6,8104,3.1726,2
4bdec64f,5039,3.1753,2
3792f393,8671,3.1753,2
2b3b6ee4,10060,3.1753,2
6857ba35,5808,3.1753,2
70f18c81,6961,3.1753,2
6fe3c7af,7800,3.1753,2
2c7a80b4,4887,3.1753,2
52b288a2,6606,3.1753,2
7e116d3,8975,3.1753,2
67b76a4f,2585,3.1726,2
7b88172a,7155,3.1726,2
aa7794b,2763,3.1753,2
4c960725,5392,3.1726,2
434ed7ea,3641,3.1753,2
7844b9ee,2951,3.1753,2
390736bf,3346,3.1781,2
4998ea8c,7871,3.1753,2
589426a8,6364,3.1781,2
35cb63b5,1944,3.1726,2
8f0361,4756,3.1781,2
4830d7c1,7648,3.1781,2
5dd94157,8239,3.1726,2
539b1cea,3904,3.1781,2
3692d4aa,6496,3.1781,2
3da30be7,5710,3.1726,2
454f8339,1914,3.1753,2
349d559a,9189,3.1781,2
528bb13e,8550,3.1726,2
597c9bc9,6840,3.1753,2
7c255f32,7602,3.1753,2
45ca5dc4,6348,3.1781,2
4a471602,8097,3.1781,2
32de8656,17785,3.1781,2
2b3fc887,5999,3.1781,2
77587e50,6597,3.1781,2
21526346,6875,3.1726,2
36612ed5,5760,3.1753,2
1789d4e3,3914,3.1781,2
4464c91d,7231,3.1781,2
707a953f,7265,3.1781,2
42009025,2100,3.1781,2
3cf87ec2,5076,3.1781,2
7da81936,3476,3.1781,2
1fe61bbf,9998,3.1781,2
3b11a611,2101,3.1781,2
58129c23,17793,3.1781,2
4129c04d,8912,3.1781,2
7d5698ee,6885,3.1781,2
400a4fdb,17844,3.1781,2
6f1e8f86,3399,3.1781,2
59899d5a,6812,3.1781,2
1051ef6d,7193,3.1781,2
298f715b,10291,3.1808,2
7684ed79,6791,3.1808,2
2b70e2b,8325,3.1808,2
19cec344,7692,3.1808,2
cb8fe6a,3915,3.1808,2
130d4217,9258,3.1781,2
29f1d00b,6965,3.1808,2
46cae292,7078,3.1808,2
dca1f8f,3244,3.1808,2
74aee9db,10735,3.1808,2
53780ecd,131,3.1808,1
59dad7fc,4727,3.1808,2
4626f1d5,6925,3.1808,2
214a0c2a,5669,3.1808,2
4237a842,9924,3.1753,2
1fdce1ec,5394,3.1781,2
1cbf33fd,4442,3.1808,2
f2248c1,6945,3.1808,2
702884df,18119,3.1808,2
803d8b7,9196,3.1808,2
6f4deac0,7964,3.1808,2
9089264,10223,3.1808,2
6d463291,2646,3.1808,2
703f0bb8,8915,3.1808,2
4405671c,9254,3.1808,2
5255d94b,9413,3.1753,2
e5bbb2a,3436,3.1808,2
6310392,3537,3.1781,2
1580ba39,10531,3.1781,2
4651c148,7965,3.1808,2
48726783,2772,3.1808,2
3cab0293,2860,3.1781,2
2c6a364d,3640,3.1808,2
6479e909,5335,3.1781,2
4114fa80,8241,3.1808,2
3f6cd47a,5400,3.1808,2
5b37f69e,5331,3.1808,2
26926beb,4667,3.1808,2
d08ef91,6607,3.1781,2
549e254e,7976,3.1808,2
14c7e902,5716,3.1808,2
3079aa45,10577,3.1781,2
5815292,4045,3.1808,2
4fbf41d4,2722,3.1808,2
6aaea938,3428,3.1808,2
17781daa,8706,3.1808,2
1862c815,3188,3.1808,2
2d669b2c,2539,3.1781,2
321e00d1,10395,3.1781,2
655cde75,9193,3.1781,2
6b7080ab,5831,3.1753,2
7256d912,4046,3.1808,2
308c4701,4680,3.1781,2
1a81e6d9,6349,3.1836,2
33208813,6707,3.1836,2
5c3a3304,18222,3.1836,2
1860ffd8,8976,3.1808,2
58120dfd,1938,3.1836,2
4a06079a,2776,3.1836,2
7dd16ed9,5519,3.1836,2
19b4db96,9510,3.1808,2
707ed074,6706,3.1808,2
6fff7f9c,9416,3.1836,2
153f9f2e,8125,3.1836,2
6df8f69a,4633,3.1753,2
2d380f2f,5730,3.1836,2
636e8cf6,9321,3.1836,2
6156710c,5647,3.1836,2
78073c4,5984,3.1836,2
65150d9f,8123,3.1836,2
1b68a645,7524,3.1836,2
71828d3e,8098,3.1836,2
1c7c9d83,5524,3.1836,2
182daacf,6365,3.1836,2
f339c00,7807,3.1836,2
4207118c,7977,3.1781,2
27898f8f,6406,3.1808,2
7f3f8371,3497,3.1836,2
41c767af,6722,3.1836,2
3b36856a,8294,3.1836,2
50a89074,4432,3.1836,2
3b572438,7491,3.1836,2
4157d6e2,3074,3.1836,2
4e451677,9697,3.1808,2
5afa04fb,4439,3.1836,2
588e8d78,10826,3.1836,2
15538269,6684,3.1836,2
190b6ebb,8893,3.1836,2
2791b04d,5142,3.1836,2
2b5b9b2c,6781,3.1808,2
4101ec66,8973,3.1836,2
4bd6e561,7980,3.1836,7
679f442e,8555,3.1836,2
4d269348,4534,3.1781,2
6e8b9f58,6220,3.1836,2
30a2456,7525,3.1808,2
7f0b34bb,5396,3.1836,2
649d4acc,8921,3.1836,2
62a8a140,4465,3.1808,2
1b6dd28e,2546,3.1836,2
420da686,6685,3.1863,2
49177d21,2822,3.1808,2
6f1f2654,2818,3.1863,2
3ee67568,8901,3.1836,2
481a2856,2861,3.1863,2
3d166a79,8824,3.1863,2
4f9ae68f,5070,3.1863,2
592144ae,3120,3.1863,2
fe39e31,3536,3.1863,2
40609f44,7081,3.1863,2
4eab6093,7809,3.1863,2
569d5957,3363,3.1836,2
54a731e,10600,3.1863,2
4114564c,17842,3.1863,2
54ae1905,8952,3.1836,2
68c5b526,9570,3.1863,2
3e41f9a3,10722,3.1863,2
5d847e11,8503,3.1863,2
45ba9b52,17814,3.1863,2
79463295,6946,3.1863,2
3cefd41e,2057,3.1863,2
1fb05747,18143,3.1836,2
dd2aec1,9925,3.1836,2
73582d9c,7289,3.1863,2
3bc27bf8,2648,3.1836,2
794f07ba,9843,3.1863,2
61730af4,6817,3.1863,2
2af872b9,4725,3.1863,2
5375ef8b,8713,3.1863,2
7ab3f9b3,5082,3.1863,2
3ee78bb,9912,3.1863,2
7f9bc6fa,6636,3.1863,2
6bff7cc,3642,3.1863,2
59691832,5337,3.1863,2
6324e8c9,7416,3.1863,2
137f7fb6,2296,3.1863,2
150e70e2,8334,3.1863,2
3272d735,10222,3.1836,2
16b74b9c,8276,3.1863,2
75acb70f,1937,3.189,2
4b8a4720,2066,3.189,2
453aa6af,8723,3.189,2
3acc87c1,7812,3.189,2
f2c9c38,5041,3.189,2
67c6d0a4,5397,3.1863,2
7a8b8ca,6947,3.189,2
62935b84,4874,3.189,2
43a96816,2581,3.1863,2
5a838404,9421,3.189,2
17336a16,7156,3.189,2
31251e30,3834,3.189,2
49f45d73,6614,3.189,2
79e1d7cb,5182,3.189,2
6037ab40,6900,3.189,2
68569688,7024,3.1863,2
c2a2ace,2775,3.189,2
2eb38c22,6148,3.189,2
377ed35a,9611,3.189,2
6ace035e,7194,3.189,2
36703a59,6655,3.189,2
4907229,8110,3.1863,2
453595e2,4318,3.189,2
5378825e,3220,3.1781,2
778dd082,6451,3.1863,2
5ffbbae9,3256,3.189,2
68eee1bd,4466,3.189,2
6f68c7b3,5472,3.1808,2
61bd539,6651,3.189,2
582d37eb,10816,3.1863,2
3e6b44cd,9986,3.189,2
4b51be1,2926,3.189,2
1bc9f1c3,4529,3.189,2
32b5e856,7262,3.189,2
6a5f5124,5709,3.189,2
4699359d,17792,3.189,2
45687d76,8298,3.189,2
120a9364,5985,3.189,2
fe02e2b,7811,3.1863,2
1f269882,3638,3.189,2
109c6326,5071,3.1863,2
56cb43e2,6602,3.1863,2
58d4be66,6813,3.189,2
739ddf76,6510,3.1863,2
eb1770,3751,3.1808,2
cb390dc,9288,3.189,2
716928a2,8552,3.189,2
323bc94d,9987,3.189,2
6c122f96,9207,3.1863,2
341ae5f3,18115,3.189,2
243fa6dc,9054,3.189,2
1c2bb6c1,17667,3.1836,2
61b8444d,7981,3.189,2
26e10f4,9226,3.189,2
5bbe5f23,6647,3.189,2
2c183b80,5345,3.1918,2
1a62672b,4575,3.1918,2
64c98dd6,6571,3.189,2
13da0884,9471,3.1918,2
39dbc206,9386,3.1918,2
1edd879,9208,3.1918,2
4b408c79,3902,3.1918,2
622e9575,5573,3.1918,2
6bfced24,5344,3.1918,2
c50d9af,9107,3.1918,2
43bcbf18,9676,3.189,2
55af1f27,8121,3.1918,2
59b64d7b,7269,3.189,2
53a16a43,6486,3.189,2
75c35b50,5017,3.1918,2
58b824e8,9608,3.1863,2
330e6711,10221,3.1918,2
6ba5e041,4681,3.1918,2
4d32fbe,7806,3.1918,2
1dd5d4a8,6913,3.1808,2
5da31eec,6915,3.1918,2
19404af1,10636,3.189,2
47328b8,3286,3.1863,2
77e6a98b,10430,3.1918,2
3b10a942,2863,3.1918,2
3730cc0a,10083,3.189,2
72a1e07e,4690,3.1918,2
692d2b19,4799,3.1918,2
10593856,6490,3.1918,2
7486f86c,10630,3.1918,2
45672a6a,3928,3.1918,2
383890a8,2102,3.1918,2
384d1155,7120,3.189,2
7bcbdba8,5398,3.1781,2
37e79fce,3287,3.1918,2
7839ac1,7083,3.1918,2
52b4f5a6,3400,3.189,2
7b42f749,7390,3.1918,2
2b5586cd,2643,3.1918,2
e661e94,5715,3.1918,2
1528c80b,9571,3.189,2
79bc9d58,5409,3.1918,2
55979b39,10082,3.189,2
7ed80f4c,5532,3.189,2
40f43cbd,6455,3.1918,2
134fcc38,9149,3.1918,2
43699495,8335,3.1945,2
4bd6e588,6147,3.1918,2
e04d554,2953,3.1945,2
309809b7,8944,3.1945,2
5168dacd,3917,3.1945,2
5a4ed02e,4800,3.1945,2
3cabf2d4,5527,3.1918,2
14ad3e60,10783,3.1918,2
640858f3,10501,3.1945,2
73a1580d,5238,3.1945,2
107f39ff,8947,3.1945,2
1c65018e,10140,3.1836,2
6d5c4bae,6176,3.1945,2
4bb55936,10343,3.1945,2
32ad117d,7238,3.1945,2
7b16a046,7066,3.1945,2
7616a231,10339,3.1945,2
5b747616,3297,3.1918,2
6bcfcacf,5711,3.1945,2
547a57ed,7171,3.1945,2
3567d8bd,8242,3.1918,2
6f9b1195,4729,3.1945,2
17271eb6,8569,3.1863,2
11e4e680,5266,3.1945,2
1acd7631,5699,3.1945,2
3c3c1fc8,9209,3.1945,2
2d6dcb44,10233,3.1945,2
1273afe9,3374,3.1945,2
290b2f1,4724,3.1945,2
347684c5,10293,3.1945,2
45fb0084,10416,3.1945,2
3e0727e0,8297,3.1945,2
3f38c156,8910,3.189,2
68fc494,7282,3.1945,2
df02c30,3748,3.1945,2
10fe98e,18226,3.1945,2
3652d733,6784,3.1945,2
47afb91b,17830,3.1945,2
1df15c6,10581,3.1918,2
1c3dda59,5761,3.1918,2
51adffcb,2796,3.1945,2
646e062e,7782,3.1945,2
1a53d0b4,7246,3.189,2
635b871d,8418,3.1945,2
11c6763d,10500,3.1918,2
7ed61999,8902,3.1973,2
58d5d5d,7065,3.1973,2
2acad7a3,6452,3.1973,2
1dffb28,3165,3.1973,2
3e03e761,4443,3.1945,2
1c560902,5969,3.1973,2
735ed860,9582,3.1973,2
d266b98,4728,3.189,2
5037133,8762,3.1918,2
4fe6d837,4688,3.1973,2
2c3fbdb2,2058,3.1945,2
8dbf2e,7781,3.1973,2
2b843f9b,9683,3.1973,2
6a18c344,10136,3.1973,2
595ea87,8661,3.1945,2
3bd13b06,8653,3.1973,2
6ad2c3e3,7804,3.1973,2
16f98f40,5271,3.1973,2
74b6558,8918,3.1973,2
4b06484d,9527,3.1973,2
2d2076e4,8066,3.1973,2
1f9b614d,7974,3.1973,2
632a7486,10728,3.1973,2
3f17bc1e,8326,3.1973,2
112e7a4e,4933,3.1945,2
557bf02f,5072,3.1918,2
65c53042,7810,3.1973,2
1aa888b2,6949,3.1973,2
67b087a8,8981,3.1973,2
5ae6d1a,3538,3.1973,2
30262cea,8321,3.1973,2
fde1f08,6596,3.1918,2
43d56991,9465,3.1945,2
1430a895,6499,3.1973,2
568b5424,6833,3.2,2
29d237a2,9289,3.2,2
41235ae8,5455,3.2,2
38bdbe53,17758,3.2,2
374d28,6686,3.2,2
341bf714,7755,3.2,2
c4cb912,2980,3.2,2
57635669,7339,3.2,2
27925f0,8903,3.2,2
6931c1fc,2778,3.2,2
dc61e1,9253,3.2,2
4dc1af8d,8579,3.1973,2
14df0c78,4934,3.1973,2
6dc4560,18215,3.2,2
61054a66,9507,3.2,2
235fcce,9150,3.2,2
424896c2,9438,3.1973,2
26db2cae,7953,3.2,2
6dc60469,8243,3.2,2
20455968,10472,3.2,2
40385693,5728,3.1973,2
86faad9,1939,3.2,2
2408c1d,3283,3.1973,2
46c026d0,5714,3.1973,2
3981ccfa,9826,3.2,2
51d3aa24,8714,3.2,2
643972ef,8991,3.1973,2
30b82e3d,10813,3.1973,2
66372c35,8974,3.1973,2
21867085,7064,3.2,2
16d78e53,3703,3.1973,2
3956386c,4644,3.1973,2
66dffdf7,10415,3.2,2
606bdb9e,10294,3.2,2
3c2dc047,4802,3.2,2
74cfabf1,5267,3.1973,2
5e40162d,6483,3.2,2
56ddd0d1,8710,3.2,2
4f74afb8,7202,3.1973,2
46ed0584,8293,3.2,2
6e823e09,4682,3.1973,2
1842920a,9190,3.2,2
20a1828b,3254,3.2,2
4ac2e048,5986,3.2,2
64ad0db1,8277,3.2,2
71bc0674,5651,3.1973,2
68f301ec,10490,3.2,2
446a63a3,10295,3.2,2
19f70bc6,3837,3.2,2
15bb4dcc,4843,3.2,2
65b7c2f6,7403,3.2,2
72d7c298,9749,3.2,2
53df5e3f,17786,3.2,2
1c45bca5,8240,3.2,2
473e7da9,18242,3.2,2
1c481899,5340,3.1973,2
b31b4d4,2954,3.2027,2
22362d2b,9707,3.2027,2
13270d5c,7121,3.2027,2
2740e9a4,3962,3.2027,2
21d17e8c,3300,3.2027,2
329d40e8,9842,3.2027,2
19fbf60a,8967,3.2027,2
39562158,10658,3.2027,2
760ff489,9361,3.2027,2
13591de0,8107,3.2,2
4b9b8563,6601,3.2027,2
d9661bc,8917,3.2027,2
1df4ec7c,5476,3.2,2
542ddb7,17757,3.2027,2
13551687,10341,3.2027,2
5e2f66e2,8913,3.2027,2
490840d9,4437,3.2027,2
772d43c5,9206,3.2027,2
641187f2,8992,3.2027,2
412cf5e4,7263,3.2027,2
4aa96b90,7063,3.2027,2
57873a6b,5461,3.2027,2
7f3eb7de,7129,3.2027,2
3fc1097e,3492,3.2027,2
19e458b7,3253,3.2,2
181055f0,9513,3.2027,2
1d1a0e5f,5247,3.2027,2
762a70fb,8109,3.2027,2
41971db9,5213,3.2027,2
7a0dc4dc,2075,3.2027,2
60a8a1b8,5563,3.2027,2
52cb6b90,2099,3.2027,2
45a0a8fe,4976,3.1973,2
3ca31f26,5703,3.1945,2
289c074a,9687,3.2027,2
5fe616f7,9518,3.2027,2
d1cd680,9049,3.2027,2
4d3b7885,9750,3.2027,2
7417e645,5042,3.2055,2
69c5042b,10084,3.2055,2
212be80e,10489,3.2055,2
4ae8827d,9827,3.2055,2
5c8134f5,10162,3.2055,2
29cac63e,5523,3.2055,2
1da48712,5717,3.2055,2
63316730,8034,3.2055,2
6d44fa41,4730,3.2027,2
38375d80,3145,3.2055,2
2f346ff4,9259,3.2055,2
112c183,9689,3.2,2
69f22e76,2583,3.2027,2
23ae57fb,3221,3.2055,2
2177d553,2704,3.2055,2
36fe1627,8083,3.2055,2
4e071f10,3857,3.2055,2
78845ee5,4863,3.2055,2
1e7c8e1e,7062,3.2055,2
51b52,8295,3.2055,2
460c7a5b,10477,3.2027,2
30051215,8187,3.2055,2
13243e09,8336,3.2027,2
3bd368b4,7253,3.2055,2
6027f7a7,7975,3.2055,2
655904aa,10544,3.2055,2
53d42174,9612,3.2055,2
1e281337,18109,3.2055,2
6253f5d,3539,3.2027,2
34c38de6,2924,3.2055,2
5ceb9c12,5069,3.2,2
4a1add00,6767,3.2055,2
656adcc9,2927,3.2055,2
ede8da9,6613,3.2055,2
4d6ed13f,10417,3.2055,2
38b4c9c4,9487,3.2055,2
7709d045,2703,3.2055,2
6b67e179,6444,3.2055,2
6893c2fb,5465,3.2055,2
b76e9c4,6417,3.2,2
41a9d6d6,2731,3.2055,2
5858f448,3491,3.2,2
63842155,7082,3.2055,2
5ab64e98,5520,3.2082,2
e8e009e,5327,3.2027,2
116b4fb3,6785,3.2055,2
53274a42,8911,3.2082,2
3b0d1c30,4445,3.2082,2
45f9613f,7128,3.2027,2
ea4a8e4,9913,3.2082,2
67388628,9482,3.2082,2
3487ea63,2314,3.2082,2
3af99555,2941,3.2082,2
1131f966,6792,3.2082,2
3164e90c,8672,3.2082,2
321b34ae,17668,3.2082,2
3f993744,8429,3.2082,2
3944147c,5236,3.2082,2
4fe16d3c,7402,3.2082,2
5185576f,7252,3.2055,2
3ad0b7b5,7783,3.2027,2
23aea367,7267,3.2082,2
6762b2a3,6717,3.2082,2
17fd234f,18209,3.2082,2
1ca7bf0f,2956,3.2082,2
2375ce31,6584,3.2082,2
7516f4a3,9476,3.2082,2
713a708,4689,3.2082,2
266d2f22,8717,3.2082,2
2b647998,10823,3.2082,2
691533bb,6816,3.2082,2
7324f276,5762,3.2082,2
3cffd70f,6024,3.2082,2
34dfd1b1,8126,3.2082,2
7497b47a,9392,3.2082,2
20745fdc,4444,3.2082,2
6271a372,3281,3.2082,2
3500abd8,10737,3.2082,2
28e9b4d4,17838,3.2082,2
6194e1d7,7126,3.2082,2
631cd886,18213,3.2082,2
c198da4,4315,3.2,2
6933d7e7,6572,3.2082,2
2f6f194f,5342,3.2082,2
38ba1a02,3860,3.2055,2
2a323ccc,6638,3.2027,2
6a86e083,6968,3.2082,2
1dfd9edb,10736,3.2055,2
2faee7d,4716,3.211,2
4a8f594a,5772,3.2082,2
71e0c88b,4297,3.211,2
6de2370a,8425,3.211,2
2cbfbccc,9229,3.211,2
5d45e4c6,3858,3.2082,2
6db0a32d,4307,3.2055,2
1a638a80,5521,3.211,2
69aeca90,4316,3.2027,2
64399556,8457,3.211,2
4b6b1cdc,5467,3.211,2
397ab2a3,6652,3.211,2
51bbc76a,2312,3.2082,2
1ad81be6,2975,3.211,2
570a6057,10730,3.2082,2
44141b96,2734,3.2055,2
2897461d,5040,3.2082,2
249a307b,18110,3.2055,2
271844f2,3126,3.211,2
2314809e,6687,3.211,2
47b8f7c1,9116,3.211,2
550de685,3906,3.211,2
6828a21e,8504,3.211,2
30571702,6603,3.2082,2
374061e6,9829,3.211,2
37468e30,5087,3.211,2
dc56f93,9272,3.211,2
522862e,7696,3.211,2
2f81179b,5456,3.211,2
4fee155d,5343,3.2055,2
31d9983d,8523,3.2027,2
7048d431,6688,3.2082,2
326db738,10324,3.211,2
25339016,869,3.211,2
58223fb1,10680,3.211,2
14f2ff11,9319,3.211,2
2ccc2b6,10159,3.211,2
5f01857,10654,3.211,2
789570a4,7127,3.211,2
2483015a,17840,3.211,2
271edcf9,6736,3.2082,2
2497a57c,6302,3.211,2
21202319,5981,3.211,2
72e367c9,8432,3.211,2
23cb9478,10067,3.211,2
3a6e6938,8532,3.211,2
1a76bd87,10292,3.211,2
73424c2f,10069,3.211,2
c556e6b,8990,3.2055,2
3e0d4e4c,10157,3.211,2
453bf170,5819,3.2137,2
6a0ef6d5,6814,3.2027,2
bccec8f,8505,3.2137,2
2ccdedab,6639,3.2137,2
36673933,5019,3.2137,2
2bc2c974,5270,3.2137,2
4786e017,3166,3.2137,2
1da6287,4308,3.2137,2
4e5fdf9,7979,3.2137,2
bc4e2f7,4438,3.2137,2
36f00392,8067,3.2137,2
4606cb03,3776,3.2137,2
6da7ec0f,10742,3.211,2
41586816,7532,3.2137,2
77821f3c,9393,3.2082,2
6af02ef3,2974,3.2137,2
72c9c1c,7529,3.211,2
55b9df62,4446,3.2137,2
4440b6ad,5084,3.2137,2
cf1186c,6653,3.2137,2
5723051b,3716,3.211,2
303f8b3c,7270,3.211,2
10da512c,8035,3.2055,2
53103d5b,7142,3.2137,2
4849aa94,6768,3.2137,2
70d655b,10656,3.2137,2
4ba778ed,8712,3.2137,2
190f6e27,7247,3.2082,2
1c977a98,4470,3.2137,2
705cf3ec,8718,3.2082,2
4c8d1a,8033,3.2027,2
6250a562,4581,3.2137,2
7b136e67,3905,3.2137,2
4534500a,1940,3.2137,2
526008d3,7143,3.211,2
36206bd8,6598,3.2082,2
51bcb3cb,3908,3.2137,2
36ef0df6,4317,3.2137,2
e5b40c1,2777,3.2137,2
641bad68,1945,3.2137,2
51d07498,8430,3.2137,2
6546a782,17861,3.2164,2
2b089661,7982,3.2164,2
4c58a7bc,6179,3.2164,2
5f8f512,6689,3.211,2
12c11e85,9422,3.2,2
40e7dcf1,6969,3.2164,2
10cd19d8,7897,3.2164,2
7f993e3e,17841,3.2164,2
1aa8d0ca,7768,3.2137,2
65b6227e,5732,3.2164,2
57de4078,8513,3.2164,2
1bc86a6d,3257,3.2164,2
63b3a315,3719,3.211,2
55ed1993,5773,3.2164,2
693ca322,8719,3.2164,2
11c7482,3747,3.2137,2
7b5be88f,3561,3.211,2
595ffdce,5534,3.2164,2
278a56fb,9763,3.2137,2
2a7b81e3,8333,3.2164,2
78cc3dbc,18116,3.2137,2
6ebdb641,5516,3.2164,2
5edb1ee6,6453,3.2164,2
2b93a648,9423,3.2164,2
6381710,18243,3.2164,2
1f80ebb6,4399,3.2164,2
192afa8e,3909,3.2137,2
51e14b3,5722,3.2164,2
2d4f4d46,7891,3.2164,2
2f3dbe05,5268,3.2164,2
697bbc65,6884,3.2164,2
713e37a7,5146,3.2164,2
3f8e5d84,3833,3.2137,2
2cd6ce7f,3918,3.2164,2
7d0111e6,6815,3.2164,2
492d02b7,5980,3.2164,2
49ae873a,7771,3.2164,2
40191f6,6788,3.2192,2
717a2eb1,7209,3.2192,2
5063a293,6948,3.2192,2
adba948,3907,3.2164,2
745b062e,5535,3.2192,2
4ea6521a,2928,3.2192,2
6dc968f2,17797,3.2192,2
65cfca9c,10714,3.2192,2
45607f32,7898,3.2192,2
85a3a37,9151,3.2192,2
2ef24d36,6177,3.2164,2
6d58db4b,9211,3.2192,2
35f2f95e,6718,3.2192,2
13058181,2883,3.2164,2
7d0c2ad2,10158,3.2192,2
732d993d,4319,3.2192,2
2a7f8eed,5820,3.2192,2
1658ed69,5272,3.2164,2
3442cef5,8570,3.2164,2
2b394d31,4056,3.2164,2
7de7a65d,4679,3.2192,2
2c852f2d,18144,3.2164,2
6fa3fd18,6650,3.2192,2
5c803877,4888,3.2192,2
2fb67bff,7266,3.2164,2
1372f7e7,6725,3.2164,2
2acfc563,9260,3.2192,2
3709920d,5774,3.2192,2
47b2e2c9,3963,3.2192,2
5b471043,5723,3.2164,2
f772295,7342,3.2192,2
7495508c,3245,3.2137,2
28e3a36e,3741,3.2192,2
135570e6,5037,3.2192,2
2461407d,7122,3.2192,2
47c799ba,3764,3.2192,2
7192685d,3251,3.2192,2
5d8b8ddf,9103,3.2192,2
2fdd57d3,5188,3.2164,2
69451d3,5979,3.2192,2
11188fd,5555,3.2192,2
7ae0cb2c,9428,3.2137,2
185284ad,5702,3.2137,2
60aec0d5,7972,3.2192,2
5d743bbb,874,3.2219,2
466ca853,9922,3.2219,2
50af1688,8982,3.2219,2
2cea0e1a,3560,3.2219,2
209180c6,9828,3.2219,2
5c44de8c,7789,3.2192,2
797cac42,7769,3.2219,2
7d36d9e2,5401,3.2219,2
811d290,7272,3.2219,2
24aaf4e4,7138,3.2219,2
51355293,6837,3.2219,2
5ee0fe43,7526,3.2219,2
f55a9fa,7986,3.2219,2
109a490c,17778,3.2164,2
63e4922f,6456,3.2192,2
3a2f6af6,7609,3.2219,2
608ce0ca,4870,3.2219,2
5365f26a,7691,3.2137,2
229c07fe,9929,3.2192,2
65ae9c68,3397,3.2219,2
241732f1,8953,3.2219,2
231a1c09,4636,3.2192,2
617b4c63,7605,3.2192,2
7027c1f8,18165,3.2192,2
28cf09ed,8571,3.2219,2
1ebdc47b,9120,3.2192,2
191a54d,3375,3.2192,2
6dbae5b7,3838,3.2219,2
55d323db,7067,3.2219,2
1eb3565d,6983,3.2247,2
259019bc,7159,3.2247,2
6b7634f7,3850,3.2219,2
51dbe373,4668,3.2247,2
2be5c6d5,6616,3.2247,2
555e46ab,4719,3.2247,2
70a6e845,4050,3.2247,2
3f3d77d5,8720,3.2247,2
7eb6dbc8,3910,3.2219,2
2a2dab2a,5821,3.2247,2
24e30567,6025,3.2247,2
32f644e,3161,3.2247,2
440c40ae,3258,3.2247,2
3bfd7fe,7292,3.2247,2
3fcb22d3,17858,3.2247,2
47be2c70,6637,3.2219,2
1cec26e2,7770,3.2247,2
7ad75216,5185,3.2219,2
4c3c2c90,7756,3.2247,2
25ac99cb,5763,3.2164,2
588a60aa,6656,3.2247,2
180dce4f,7978,3.2247,2
35f82972,3639,3.2247,2
745b8cc7,6570,3.2247,2
7fdf2dd6,8993,3.2219,2
956fbd4,9522,3.2219,2
7d11f035,7312,3.2247,2
550466e4,6881,3.2247,2
53b3500f,3437,3.2247,2
6d8599f6,8561,3.2247,2
1f675c2b,6818,3.2247,2
69a22a65,10605,3.2247,2
20d82c76,8594,3.2247,2
61d35bb2,5726,3.2247,2
4470c5a7,5536,3.2219,2
3c792e4e,6950,3.2247,2
46440707,18229,3.2247,2
67cf082d,5537,3.2247,2
5da30e2b,10690,3.2274,2
656e18a7,10681,3.2247,2
3f390e5f,17836,3.2274,2
26d6c0e6,5214,3.2274,2
64c96466,4691,3.2219,2
11373def,2922,3.2274,2
3e725ff5,7346,3.2274,2
54a0abb4,9768,3.2274,2
195b7ab4,6921,3.2274,2
44e19036,3765,3.2274,2
6b242698,8296,3.2247,2
43d4b656,3961,3.2274,2
12f84893,3960,3.2247,2
64122c87,5564,3.2219,2
5ad01ada,17831,3.2274,2
108af7fe,9715,3.2274,2
760a85bf,6350,3.2192,2
26e6e73d,5533,3.2247,2
7cba2ff1,7264,3.2274,2
3b48129f,9999,3.2274,2
194d5f34,4982,3.2274,2
8839c2f,10554,3.2274,2
25ebef69,5950,3.2274,2
5eccdda1,7347,3.2274,2
2d8b8db3,6000,3.2274,2
397d0ec9,7597,3.2192,2
43972e28,3705,3.2274,2
7b0ec22e,3146,3.2274,2
5f802348,9486,3.2274,2
a993ee9,10684,3.2247,2
5bc37235,9109,3.2274,2
215ff10b,1946,3.2274,2
6a41f102,7649,3.2274,2
2c4d58bc,2742,3.2274,2
6fe045aa,5517,3.2274,2
6f09180,9204,3.2274,2
2ff2d0b9,10784,3.2301,2
71fbbbe5,9212,3.2301,2
d7123a1,9323,3.2301,2
373585de,10418,3.2301,2
1b6ef915,3296,3.2301,2
31dd76b4,10420,3.2301,2
5a155b87,6917,3.2301,2
635b2f64,10137,3.2301,2
4fd38479,3754,3.2274,2
5453e328,3742,3.2301,2
24ea5346,17839,3.2274,2
3000e37d,6491,3.2274,2
1ef068b0,9716,3.2301,2
4dd3c75b,6966,3.2247,2
6d2276a,9732,3.2301,2
70543495,9514,3.2301,2
4cdfe1d1,4983,3.2301,2
6dfc77c7,6654,3.2301,2
3ec69c3c,6794,3.2301,2
5accc251,2588,3.2301,2
29b805f9,10203,3.2274,2
78197cc7,9227,3.2274,2
76556e4c,5724,3.2219,2
7c782bc6,9108,3.2301,2
15866e7d,5725,3.2301,2
264ac74e,9512,3.2274,2
7b30fac5,3440,3.2301,2
6ad0c201,9104,3.2301,2
462bd87e,3246,3.2274,2
6078b340,8526,3.2301,2
10f878b6,17764,3.2274,2
3565a0f5,5457,3.2301,2
6c625ebe,18210,3.2301,2
74128364,10081,3.2274,2
3088790c,6579,3.2301,2
5155dc15,2779,3.2329,2
23b3341,5264,3.2329,2
7c521a16,2764,3.2301,2
1cbbbf5b,6691,3.2301,2
63716dad,5766,3.2329,2
388bebb9,6457,3.2329,2
54e5d414,6578,3.2329,2
15e5f8b4,17845,3.2329,2
166b8dcd,6836,3.2247,2
7d91e3a0,3781,3.2329,2
1aa01988,17798,3.2329,2
7c2d39e8,9122,3.2329,2
609f3bbc,7248,3.2329,2
5a855f43,9322,3.2329,2
6a41c3d,6083,3.2329,2
28fb2b50,5765,3.2301,2
320d1b9e,6492,3.2329,2
53f09f43,6705,3.2329,2
2b5694b8,8905,3.2301,2
2e2fb688,5729,3.2274,2
5bd9b9d6,10344,3.2329,2
2a89b856,7610,3.2329,2
2fb83951,3704,3.2329,2
70829772,3755,3.2329,2
6f6e3e8e,4813,3.2329,2
43e2bc13,7349,3.2301,2
79ef2dbc,5721,3.2329,2
1e4371df,2981,3.2329,2
3f1b0fd2,7314,3.2356,2
7a1e4c62,4718,3.2329,2
649a97e1,5652,3.2356,2
6498d403,4694,3.2329,2
61508cc6,8312,3.2329,2
69a5b1d2,10298,3.2356,2
59300698,9830,3.2356,2
7b2ae971,18230,3.2356,2
1e797c6e,4298,3.2356,2
5a166552,9523,3.2356,2
34bbc4e,10062,3.2356,2
2f86ac37,5809,3.2329,2
590777f5,5568,3.2329,2
22a42dc2,1947,3.2356,2
7a493fa5,9394,3.2356,2
90e2290,2651,3.2356,2
131cf94b,4981,3.2356,2
4d6b9eaa,6144,3.2329,2
74a68d82,3944,3.2356,2
57967424,9751,3.2329,2
6411cd64,9261,3.2356,2
1033a60c,10582,3.2356,2
35128b6c,4683,3.2356,2
13cf46e,3861,3.2356,2
656f8739,8906,3.2356,2
f7f0c1d,3147,3.2356,2
2f1d838,18228,3.2356,2
6408c38c,2921,3.2329,2
743f6ece,10675,3.2329,2
7dc7d67b,17775,3.2356,2
aaf323a,8960,3.2356,2
6130b4f,8489,3.2329,2
2425bca2,5578,3.2356,2
6792c253,8984,3.2356,2
145f0279,5577,3.2329,2
a883ace,5557,3.2356,2
3414791,9121,3.2384,2
7c92fa55,5043,3.2384,2
72b08df0,10655,3.2356,2
1e101515,9362,3.2356,2
55850253,9698,3.2384,2
5c71aabd,3987,3.2384,2
2ad873ce,9688,3.2384,2
34fe733d,3862,3.2384,2
4994686b,4015,3.2384,2
7d40accf,10189,3.2384,2
186107a6,5469,3.2356,2
71ce5167,8515,3.2384,2
5cd3427e,5346,3.2384,2
60832973,5332,3.2384,2
4c1f3275,6458,3.2384,2
4f5917f8,18251,3.2384,2
ceb8c88,5783,3.2384,2
4a6dffd9,5731,3.2384,2
7f54e07b,4646,3.2384,2
494874ca,5836,3.2384,2
6c077a89,9230,3.2356,2
7835cebe,5157,3.2384,2
28ea82fc,2957,3.2356,2
d5c230f,7351,3.2384,2
61350a92,18252,3.2384,2
55534de7,3438,3.2356,2
114698ca,17759,3.2384,2
3c539cd,9110,3.2356,2
585d1c32,8926,3.2384,2
7f44b62b,18112,3.2384,2
13ecb697,4814,3.2411,2
66916775,10685,3.2411,2
5c1ffd78,3712,3.2411,2
76bebc67,2650,3.2329,2
2c91a975,3706,3.2411,2
5abfea7e,875,3.2411,2
1352ba3e,10141,3.2411,2
6f4bb891,5510,3.2411,2
7968386c,2667,3.2411,2
7ab6fea2,17859,3.2384,2
5b4d2a80,8959,3.2411,2
22b28ef,6618,3.2411,2
7e84d78d,7983,3.2411,2
46972b69,6180,3.2411,2
b199ef7,3259,3.2411,2
5381c69e,8919,3.2411,2
3932ac3e,6221,3.2411,2
61522c2a,7537,3.2411,2
1ee18f0a,10555,3.2384,2
59c84407,4731,3.2411,2
7537505c,10729,3.2384,2
3bc374bd,8115,3.2438,2
5f411ac,2589,3.2411,2
a99bfec,6901,3.2411,2
177f47c7,18208,3.2438,2
c0cc153,7130,3.2411,2
4376c53e,3713,3.2411,2
662ad58d,9521,3.2438,2
276f6237,6617,3.2438,2
5a164454,3260,3.2411,2
b06f7f0,4838,3.2438,2
616ab99a,8527,3.2438,2
1440cfbc,18111,3.2438,2
2cdeb199,7022,3.2384,2
2476e604,18145,3.2438,2
18732c0d,4441,3.2411,2
2c61f0f0,7131,3.2438,2
3ecee7ef,3926,3.2438,2
659f247c,9769,3.2438,2
1bb03c40,9123,3.2411,2
2d1b70f4,10070,3.2438,2
2c09221e,2297,3.2438,2
3d6b5bcf,3756,3.2438,2
fccb11f,6489,3.2438,2
46f4de96,10660,3.2438,2
309e8a6c,5565,3.2466,2
55e247b3,5643,3.2466,2
3fcc4059,5466,3.2438,2
5fac2958,4051,3.2466,2
1ba5052b,8826,3.2438,2
5c3d1633,8516,3.2466,2
23fad329,7521,3.2466,2
1ae4b65,9111,3.2438,2
3f7654e1,10296,3.2466,2
30cd607d,4693,3.2411,2
c499279,18227,3.2466,2
38f1914d,3809,3.2411,2
4bf70055,5671,3.2466,2
4b011f55,3721,3.2466,2
462b9496,5528,3.2466,2
58c90f05,9728,3.2466,2
6b10c70,8908,3.2466,2
327e9e12,4052,3.2466,2
54dda1c3,6916,3.2466,2
41f8c5a0,10299,3.2384,2
5bed662d,10437,3.2466,2
1eb00881,6454,3.2466,2
324740e3,7123,3.2411,2
553123ac,5727,3.2466,2
19ef0cbc,8673,3.2466,2
1f5b76ed,5767,3.2466,2
1379b916,18241,3.2493,2
583bfee5,3510,3.2493,2
142bab1c,9991,3.2466,2
a0880d9,5477,3.2466,2
24476bba,5559,3.2493,2
783700dd,7492,3.2493,2
150db592,3720,3.2466,2
4a529193,7792,3.2493,2
2658b7c4,7527,3.2493,2
6fe29b58,9708,3.2493,2
70e737a5,5078,3.2493,2
3016e08c,2929,3.2438,2
539387dd,6516,3.2493,2
28d0feac,10419,3.2493,2
448feb30,9923,3.2493,2
61c3ae0c,5556,3.2493,2
66d62038,10731,3.2466,2
479cfa71,7791,3.2493,2
3b1e700a,3302,3.2466,2
2934fe50,7790,3.2493,2
63e5044,10715,3.2493,2
7a713d41,9424,3.2493,2
2df105d7,9138,3.2438,2
2339b847,6459,3.2466,2
57f17014,9387,3.2493,2
2499d49e,8111,3.2493,2
1e3a267,4645,3.2493,2
6ff6d99c,5562,3.2493,2
335b65a6,10002,3.2466,2
590c7a77,9511,3.2521,2
2a8306c5,17843,3.2493,2
45e01bab,2103,3.2521,2
1c8310b2,5648,3.2521,2
741d30d1,7954,3.2521,2
1486c01b,6310,3.2521,2
3c0424c6,6657,3.2521,2
52a86ac,9586,3.2521,2
4ef833e7,6726,3.2521,2
b8054d0,7157,3.2521,2
f82c392,5485,3.2521,2
5951d347,5256,3.2521,2
1204f10b,7522,3.2493,2
1d6c8fa7,10438,3.2521,2
14c36e0e,7160,3.2521,2
dc4a157,8922,3.2521,2
38fd954d,8514,3.2521,2
5750d4a1,3929,3.2521,2
41153442,5402,3.2493,2
56218330,10000,3.2521,2
4ea98170,3441,3.2493,2
66cf4feb,6903,3.2521,2
324ce982,2923,3.2521,2
5a936cad,8827,3.2521,2
58b3d48e,7340,3.2521,2
441f7864,7283,3.2466,2
76482da0,3916,3.2521,2
68a6def5,5347,3.2521,2
11ca899c,9764,3.2548,2
6458e4d0,10439,3.2548,2
507d690c,5553,3.2548,2
16acc029,9760,3.2548,2
4fd71bcb,2976,3.2548,2
29cf46c0,2657,3.2548,2
6778929b,10687,3.2548,2
6c8cbc0c,3942,3.2548,2
57828d98,10421,3.2548,2
275fa2c9,7503,3.2548,2
79032cf2,17729,3.2548,2
747519a4,9396,3.2548,2
7d10b7fa,10556,3.2548,2
3ebd0b8d,7987,3.2548,2
586e7e73,17862,3.2548,2
642ebf79,5518,3.2548,2
29175acc,5614,3.2548,2
38ca3261,10688,3.2575,2
401dfde5,8528,3.2575,2
2b96d445,7343,3.2575,2
16aa7708,5486,3.2575,2
76ed7d3,9729,3.2575,2
6e5eb465,10659,3.2575,2
41039e9e,3255,3.2575,2
454a381,9731,3.2548,2
75f52c97,7493,3.2548,2
600d04dc,9717,3.2575,2
2e2aa044,18113,3.2575,2
6d4823a1,8036,3.2575,2
6e9353d0,5558,3.2575,2
33b9c7f2,5785,3.2575,2
12d032af,18268,3.2575,2
4e1d25f6,10330,3.2575,2
1af0e34a,9213,3.2575,2
471f34cf,4732,3.2603,2
544933c9,9395,3.2603,2
735c9e23,10785,3.2603,2
6eb4372c,7420,3.2603,2
4cd24a16,8994,3.2603,2
13835d38,18220,3.2603,2
50b3cf79,7531,3.2603,2
587501c1,7957,3.2575,2
4d7979dd,6517,3.2603,2
5a434bd7,6418,3.2575,2
15811ae4,4889,3.2603,2
5b07c72a,3782,3.2603,2
5db6fa06,6351,3.2603,2
1deb0f94,7132,3.2603,2
2070f7,4053,3.2603,2
65fbd94e,8462,3.2575,2
ff7693d,7753,3.2603,2
4aa540f8,1500,3.263,2
49012693,5248,3.2603,2
720bb754,9572,3.263,2
468186a9,8968,3.2575,2
2643ac01,4816,3.263,2
663623e4,6142,3.2548,2
49a88961,8129,3.2603,2
356fa33,10003,3.2603,2
5b9ca2e2,8662,3.2603,2
384e7dfc,8313,3.263,2
6fb05012,3301,3.263,2
31a0aa18,8530,3.263,2
625e2f04,8231,3.2603,2
566dd61e,8460,3.263,2
4334dad,5481,3.2603,2
1d87e0b2,2886,3.263,2
6f65c717,3945,3.263,2
70da13d0,9210,3.2603,2
63ef34c0,4890,3.263,2
5b0ac385,6902,3.263,2
cb63423,6149,3.263,2
219c59f9,5478,3.263,2
79aa3a26,5644,3.2603,2
594ee250,10743,3.263,2
431d848d,18216,3.2603,2
4e066180,8074,3.263,2
6655096c,7315,3.263,2
48a72b94,3863,3.2603,2
67b1f7e1,6795,3.2603,2
7afd9591,7198,3.2658,2
1a4690f6,2845,3.2658,2
4217360f,9466,3.2658,2
30e1fdd5,9429,3.2658,2
5416f4bb,9112,3.2658,2
259c9e26,7254,3.263,2
4d7a7b8b,6026,3.2658,2
7bad9f13,9411,3.2658,2
19f7c255,5184,3.2658,2
2e1f702b,7084,3.2658,2
56ffbaca,5462,3.263,2
247d2905,18101,3.263,2
631593f2,10193,3.2658,2
c51007,3075,3.263,2
41e9c397,2765,3.2658,2
5fd15e02,4057,3.2658,2
1014dc09,8517,3.2658,2
2c873107,9417,3.2658,2
441c182c,10004,3.263,2
38f9b324,5611,3.2658,2
37832ad7,7079,3.2658,2
6277436b,6796,3.2658,2
2120c689,9106,3.263,2
fdb85e8,3155,3.2658,2
57eff363,5574,3.2658,2
3939521c,3864,3.2685,2
27548ddf,5784,3.2685,2
2adaced9,9488,3.263,2
de94185,2104,3.2685,2
5ece6115,6242,3.263,2
7692f544,3511,3.2685,2
a425149,9105,3.2658,2
4d60dced,8232,3.2685,2
608bca9d,8610,3.2685,2
1523b1d,8928,3.2685,2
1982ea67,5215,3.2685,2
7d19dbfa,7348,3.2685,2
72486d61,10676,3.2685,2
52ceda0e,8715,3.2685,2
57c2bad1,8531,3.263,2
310082ac,92,3.2658,1
6caf3de8,3779,3.2685,2
2d6c6f6f,4815,3.2685,2
3b7b1132,17865,3.2685,2
7cb569b3,7144,3.2658,2
51830d0c,9930,3.2658,2
726a7590,17860,3.2685,2
56d0df79,10686,3.2712,2
3937afd6,9690,3.2685,2
4385e836,9753,3.2712,2
142ae904,9585,3.2712,2
354dd8e4,2298,3.2712,2
60a205d1,6599,3.2712,2
65b6f223,7772,3.2712,2
6bf7c54e,6307,3.2712,2
6db342f2,10331,3.2685,2
20eaf1ae,7699,3.2712,2
91e62fb,7520,3.2712,2
4a3fc815,6640,3.263,2
116eb34e,5333,3.2685,2
439b6caa,4733,3.2712,2
3968d798,10606,3.2712,2
da3dfc0,2942,3.2685,2
69b3e9f9,18269,3.2685,2
1e7b016b,9573,3.2712,2
5343ee3e,4937,3.2685,2
71d53659,6023,3.2685,2
efefbec,7540,3.2712,2
5534d666,18265,3.274,2
5958f62d,10396,3.274,2
1db0682c,6222,3.274,2
6b3aa642,8461,3.274,2
33852282,10692,3.274,2
47b227e3,6604,3.274,2
69f046bd,9519,3.274,2
4add9e85,3499,3.274,2
6a04da88,4684,3.2712,2
708f7478,6150,3.2712,2
5600e55a,6511,3.274,2
57567a3e,8985,3.274,2
118204de,4717,3.274,2
5d1e4cfc,2959,3.274,2
5639df93,9714,3.274,2
7c2ca3b,6181,3.274,2
6678ae9,9709,3.274,2
29b14f75,2960,3.274,2
31ecc897,9255,3.2712,2
25027b29,6305,3.274,2
299b028,3749,3.2767,2
20ee5f83,7984,3.2767,2
29d5ca06,5642,3.2767,2
1a64a9b5,5273,3.274,2
390d976b,5735,3.2767,2
6e7248ad,10194,3.2712,2
3c3200a7,3442,3.2767,2
446df687,6719,3.274,2
3a43f95,8909,3.2767,2
56474645,8479,3.2767,2
14e252c5,9154,3.2767,2
183db6b0,9113,3.2767,2
6d98ee67,17799,3.274,2
2a0c5b00,7505,3.2767,2
61751de,6842,3.2767,2
246d9e1e,6720,3.2767,2
487481b8,8116,3.274,2
e807ed,8299,3.274,2
3ccd3f8f,17760,3.2767,2
7418db66,8533,3.2767,2
188dfd1c,10557,3.2712,2
3490b7ce,7068,3.2795,2
581a468f,5645,3.2795,2
dfe3b44,2958,3.2795,2
3f0f0276,3943,3.2767,2
481d6d96,6793,3.2767,2
42b96424,7124,3.2795,2
3ee1532c,7341,3.2795,2
793afa34,18253,3.2795,2
5a684958,5560,3.2795,2
53798e75,9931,3.2795,2
2ff22b93,10204,3.2767,2
6735cf05,3780,3.2795,2
49f0728d,3930,3.274,2
3b78431b,5463,3.2767,2
7614e3cc,7293,3.2795,2
514ad062,7512,3.2822,2
4edfe618,2649,3.2822,2
75b4521,18100,3.2822,2
4df52b5d,10661,3.2822,2
4abb2b41,6740,3.2767,2
5e71a5da,5038,3.2822,2
7be5fb28,18217,3.2822,2
25ac5c44,8105,3.2822,2
26cacb38,9761,3.2822,2
4281a37f,9730,3.2822,2
5173794d,6518,3.2767,2
329733eb,8534,3.2822,2
51be4f0,6658,3.2795,2
75f86c60,7080,3.2767,2
3aadb3fb,5479,3.2822,2
705e1cf2,9440,3.2822,2
2a384a6d,10086,3.2795,2
40adc291,10677,3.2822,2
1c95b826,2887,3.2822,2
4bf0e224,9397,3.2822,2
4bc9de24,9691,3.2822,2
234a8e12,2889,3.2822,2
12af56d5,5837,3.2822,2
8c4a6f6,5413,3.2822,2
56740f7c,7255,3.2849,2
5e826766,4801,3.2822,2
5dc63646,129,3.2849,1
5b3faa6c,6967,3.2822,2
2753f14a,5252,3.2849,2
2c729507,8084,3.2849,2
448367a2,8075,3.2849,2
1ecb233d,10073,3.2822,2
9778103,6512,3.2849,2
2f3d268b,7504,3.2849,2
17df54c6,7158,3.2849,2
3c4114fe,18267,3.2795,2
483e9fe8,10085,3.2849,2
7df47075,9844,3.2849,2
45aea5c4,6497,3.2822,2
3b3b183e,3911,3.2849,2
56af02fb,10745,3.2849,2
5a565b61,9733,3.2822,2
6ad20619,18232,3.2822,2
34fba4ee,10746,3.2849,2
74fb532c,6838,3.2877,2
57e2b0a7,5787,3.2877,2
79f4c87a,4396,3.2849,2
3eceb93,4935,3.2877,2
6ad9f3d4,10397,3.2822,2
6784299c,4440,3.2877,2
287c11a0,4695,3.2849,2
7714abcd,6419,3.2877,2
134066cf,5579,3.2877,2
36a26020,10005,3.2877,2
727d7dfe,9228,3.2877,2
1995ec2d,9125,3.2877,2
7e1b8645,10682,3.2877,2
2c830088,3722,3.2849,2
3c657dc9,7955,3.2877,2
19e3b905,9439,3.2822,2
e814dfa,6308,3.2877,2
3b683dd2,5274,3.2877,2
1528bcf0,7070,3.2877,2
f5bed77,6615,3.2904,2
18c75260,5480,3.2904,2
1ce8ebec,6690,3.2877,2
6694c30e,7317,3.2877,2
3f73bb46,2890,3.2904,2
3674bafe,6450,3.2877,2
1402ba02,6352,3.2904,2
622a305b,18233,3.2904,2
4fee84e5,5253,3.2904,2
41e290cd,5189,3.2877,2
f22b2a5,4984,3.2877,2
1c125af5,8986,3.2877,2
42f2566d,7992,3.2904,2
a8542d8,9926,3.2904,2
1dc131df,3562,3.2904,2
2633472e,2647,3.2904,2
3c9e7ed7,8995,3.2904,2
32555e43,8726,3.2904,2
268ece1f,10657,3.2904,2
1ab8f7d7,4986,3.2904,2
559f5a91,2652,3.2904,2
4d20b127,10346,3.2904,2
1d8e70aa,6797,3.2932,2
40553a83,5056,3.2932,2
6fb1bbca,10297,3.2932,2
27509692,5554,3.2904,2
4935b9f2,5488,3.2932,2
7944e220,4936,3.2932,2
20dd1375,5561,3.2932,2
4250934f,6612,3.2904,2
61176991,8920,3.2877,2
509b668,10560,3.2932,2
4d875b07,9927,3.2877,2
71a1764e,8128,3.2877,2
282a7af6,8894,3.2932,2
b0b7313,8314,3.2959,2
518ac802,17794,3.2959,2
19f89ead,3443,3.2959,2
73e47b3d,5704,3.2959,2
283a4adf,9759,3.2959,2
6ed0a1f6,5786,3.2959,2
5bb37c93,9311,3.2959,2
3e13d4d4,5254,3.2959,2
395ec1cc,3707,3.2959,2
648e2dbc,7087,3.2959,2
fbaefca,4696,3.2932,2
2faf3f9d,8456,3.2932,2
60b0cb05,10744,3.2959,2
7546e962,8611,3.2959,2
105a555d,9241,3.2932,2
2dda9cbf,18244,3.2959,2
7bdf1d4e,5190,3.2959,2
1dd119d3,6677,3.2959,2
5f9efef2,6970,3.2959,2
2658beda,873,3.2959,2
25eee232,7069,3.2932,2
30e468dd,5672,3.2959,2
18a5795d,3500,3.2959,2
7be8aafd,8924,3.2959,2
29c528c0,8106,3.2986,2
3af41fa5,9928,3.2986,2
928e637,5412,3.2959,2
1308b7bd,4027,3.2986,2
3b1452dc,8927,3.2986,2
37a90aad,9767,3.2986,2
462fa306,3723,3.2986,2
37aab7b0,6311,3.2986,2
2d398fd7,6513,3.2986,2
63eedd19,7316,3.2986,2
1ced4fab,2930,3.2959,2
7e987cb1,8236,3.2986,2
1fbe1382,4647,3.2959,2
aad1379,9970,3.2986,2
7ccb8590,2888,3.2986,2
418b034c,18234,3.2986,2
2ec62afc,3965,3.2959,2
4c12c286,8727,3.2986,2
6cd53991,6741,3.2959,2
755dd624,7318,3.2986,2
157fcb69,6312,3.2986,2
6ad393b9,10300,3.2986,2
26125b13,3540,3.2986,2
620f7fba,4809,3.2986,2
308f7a97,18231,3.3014,2
75d3c4a6,6723,3.3014,2
6e24c0ce,9520,3.3014,2
76d90d35,3743,3.3014,2
181cc8e8,18218,3.3014,2
538c42be,7085,3.2986,2
6edaf1f0,2982,3.3014,2
38114a9d,3927,3.3014,2
70fbdfe1,6243,3.3014,2
ede129e,17863,3.3014,2
3f762849,7533,3.2986,2
d81d898,5575,3.3014,2
23ab0a1e,7793,3.3014,2
5d9fa617,5582,3.3014,2
53a5f98d,6730,3.3014,2
50e3ae79,10332,3.3014,2
2b63a581,3865,3.3014,2
b6c11e4,5249,3.3014,2
21ea968b,6487,3.3041,2
7779f895,2299,3.3041,2
3aa41065,8996,3.3041,2
cdde51d,5482,3.3014,2
67d52653,2961,3.3041,2
5f50c76c,9722,3.3041,2
24db296e,6519,3.2986,2
45edd3db,8923,3.3041,2
267b3376,17761,3.2932,2
68527e54,5191,3.3014,2
31e0bf95,7700,3.3041,2
7f85cb8c,9765,3.3014,2
1a38d179,3172,3.3041,2
65a7b1cb,10781,3.3014,2
1efcc3f5,7125,3.3014,2
4b4d3f27,6790,3.2986,2
2a54dba8,7313,3.3014,2
3f6215fa,6692,3.2986,2
763b7482,7086,3.3041,2
2e4aaa67,8188,3.3068,2
6facf2e2,10786,3.3068,2
4527803c,10333,3.3068,2
3d1ee849,5218,3.3068,2
56d13730,5219,3.3068,2
5ad43fd9,2549,3.3041,2
37d599c4,10064,3.3068,2
67e68f31,10683,3.3041,2
c844a7c,18270,3.3068,2
53b3846b,3247,3.3068,2
28624333,6962,3.3068,2
693ebcbd,5583,3.3096,2
4747cc4c,6306,3.3068,2
8989813,10787,3.3096,2
32d929e8,7350,3.3096,2
2e9eb05a,9436,3.3096,2
57423c69,7242,3.3096,2
601a3080,7966,3.3096,2
2dce0ec8,7538,3.3096,2
1b567e92,10087,3.3096,2
60bb9279,4299,3.3068,2
3b7cf254,5569,3.3096,2
7d1b2026,8997,3.3096,2
40284467,5192,3.3096,2
75ef35bf,17851,3.3096,2
559173f9,4803,3.3068,2
55da18a4,6971,3.3096,2
69851b68,9587,3.3096,2
73c45290,4648,3.3096,2
35b7ba5e,10347,3.3096,2
1189b6de,3564,3.3096,2
263908b5,5410,3.3123,2
4fd901ad,7210,3.3123,2
e460d65,8419,3.3096,2
5d9aa61d,7514,3.3123,2
6ab33b9,6309,3.3096,2
3a23a437,4871,3.3096,2
5ac84af4,3076,3.3123,2
3270b151,132,3.3123,1
634eb881,17864,3.3151,2
58a79163,6789,3.3151,2
5d9bfc69,4028,3.3151,2
3c612eb9,4697,3.3151,2
24e65c2b,2891,3.3151,2
f2d7f4e,3261,3.3151,2
269c946a,10678,3.3151,2
72619363,17796,3.3123,2
2ccdb1c,10827,3.3151,2
37ed291a,17846,3.3151,2
21fc2cc8,18254,3.3151,2
242d40c1,6420,3.3151,2
6301d359,8464,3.3151,2
771e01e,7794,3.3123,2
19d04186,9770,3.3151,2
74a6c2fe,3563,3.3123,2
7cdfbd64,9524,3.3151,2
70b97cd8,5738,3.3178,2
6bfedf38,8977,3.3178,2
298d418b,4810,3.3123,2
28b8ed43,2608,3.3178,2
135c0b30,9312,3.3123,2
5fdb687b,10063,3.3014,2
31ec305d,5178,3.3178,2
e46017c,8925,3.3151,2
4d848826,9754,3.3178,2
22b9b620,6313,3.3205,2
51cf3ccc,7511,3.3178,2
119b456f,5838,3.3205,2
6f3c9a68,17866,3.3205,2
610fa11,9442,3.3205,2
27208d20,3512,3.3178,2
69f74445,10788,3.3151,2
ede4131,6843,3.3205,2
41f62ceb,7534,3.3205,2
4a120167,10345,3.3205,2
4b53aa46,9735,3.3205,2
18d51a05,7991,3.3178,2
6834fc80,10504,3.3233,2
3277d1d8,7513,3.3233,2
64a04c4a,3988,3.3233,2
541567e9,8130,3.3233,2
1b0a4117,6798,3.3233,2
77c71b6d,7489,3.3233,2
177fbabf,9974,3.3233,2
715b6606,3783,3.3178,2
e8e7deb,8465,3.3233,2
474587d4,9973,3.3233,2
2d0577c1,5483,3.3233,2
7444f31,10088,3.3233,2
7a580b17,5788,3.3233,2
11c858af,1501,3.3205,2
17758e28,6972,3.326,2
8d7c3d9,5411,3.3233,2
69db3d64,10782,3.326,2
5b09ef4c,3439,3.326,2
60363ecb,9734,3.326,2
39b3981b,7539,3.3205,2
fcc5dff,5822,3.326,2
28096b43,7352,3.3233,2
1b2bb0c5,5581,3.326,2
635196ec,7092,3.3288,2
4aba150d,5193,3.3288,2
6f6c2f01,3989,3.326,2
1d7a188c,2658,3.3288,2
5e1de4b1,8117,3.326,2
54924f2e,6520,3.3288,2
2a2b4b6,18255,3.3288,2
444981bf,5250,3.3288,2
5ec1e646,6738,3.326,2
505bceb8,9443,3.3233,2
474bc701,7211,3.3288,2
130c7716,6727,3.326,2
4f07f22e,2780,3.3233,2
1e25de5e,7344,3.326,2
1085ed2c,9718,3.3315,2
72e4a43d,6904,3.3315,2
9ef53f2,8420,3.326,2
79094663,9231,3.326,2
496eb032,6353,3.3315,2
76bdc8be,8421,3.3315,2
5be6558,5739,3.3288,2
36b711d2,6799,3.3315,2
ae4c816,6728,3.3288,2
120409cc,10301,3.3315,2
64e63a71,18266,3.3288,2
78c2b3b,5489,3.3342,2
4b1dab78,10503,3.3315,2
6ad18ebe,9153,3.3315,2
67f5d797,10491,3.3342,2
727c6ad0,9242,3.3342,2
214e704d,2931,3.3315,2
46595f8a,8463,3.3315,2
742174e4,5839,3.3342,2
72adc6d2,5736,3.3342,2
6ba5ce0c,18120,3.3342,2
506c5738,5737,3.3342,2
2141fda3,10609,3.3342,2
2471188c,6521,3.3315,2
4703234b,6659,3.3342,2
4b2a912e,9124,3.3342,2
c2ecfd5,6887,3.3342,2
41302d37,9437,3.337,2
6836380a,6580,3.337,2
1a510527,6421,3.337,2
5aa970d3,7541,3.337,2
349c9691,5416,3.337,2
a0f26d2,3966,3.337,2
66ced0c4,18117,3.3342,2
6d308549,3303,3.337,2
7a623ee,5490,3.337,2
4496645d,9964,3.337,2
5b2a3e00,9152,3.337,2
7500330c,10001,3.3342,2
67ea78b6,3992,3.3397,2
10295c9a,4931,3.337,6
1a79aaa1,4891,3.3397,2
73920f5f,9766,3.3397,2
6e9562b1,4987,3.337,2
5a0e881d,2962,3.3397,2
78a9db7,8612,3.3397,2
73568ac9,6182,3.3397,2
19d24a,10738,3.3397,2
57e25c4a,4985,3.337,2
12a72ced,4058,3.3397,2
3c4700c4,3565,3.3397,2
72021e84,9313,3.3397,2
37c71c82,1497,3.3425,2
1c2c8ed3,5186,3.3425,2
18e9fcb2,10662,3.3397,2
7a7d3715,9963,3.3425,2
75d117d4,3785,3.3425,2
50f537b3,2932,3.3425,2
6a3ab20,5414,3.337,2
d7345ab,6742,3.3425,2
32b42115,6001,3.3425,2
5a2824db,7775,3.3425,2
497e7514,9126,3.3425,2
346cb458,3784,3.337,2
23a5e163,6886,3.3425,2
38b01730,10607,3.3425,2
25c13e7,17852,3.3397,2
a272cc5,9441,3.3452,2
690aa606,2301,3.3452,2
5343a980,17795,3.3452,2
535c77a1,8466,3.3452,2
5fe1e472,5251,3.3452,2
67506129,10691,3.3452,2
29686255,10502,3.3452,2
614632fd,5470,3.3452,2
571850f,8929,3.3452,2
4bb03388,9932,3.3452,2
7d70a10c,4059,3.3425,2
1ba28cf8,4881,3.3452,2
7f1fef8c,4817,3.3479,2
764f449d,10195,3.3479,2
3ca915af,9243,3.3452,2
33e38b8e,7773,3.3479,2
330061f1,17850,3.3452,2
1c47a66a,10562,3.3479,2
3f663fd8,9723,3.3479,2
3f67b0a0,3991,3.3452,2
4b97ce8e,5257,3.3452,2
6be727a6,5571,3.3507,2
64078389,6744,3.3507,2
16585f62,10747,3.3507,2
54b86911,9158,3.3479,2
56d82196,1949,3.3507,2
23ce767d,17867,3.3507,2
62f41c46,7212,3.3507,2
7b8db246,10348,3.3507,2
6c6abcc7,5570,3.3534,2
7b29e44d,7089,3.3507,2
2b8408cb,5255,3.3534,2
3d0d807f,10829,3.3534,2
4388f9d,8895,3.3534,2
300718db,5823,3.3507,2
3b4e9c40,9933,3.3562,2
6a11ed2e,17853,3.3534,2
2a15c396,3304,3.3562,2
225cc7cf,10610,3.3562,2
6dbfe358,5789,3.3534,2
8221b5c,9736,3.3562,2
caf60bd,3786,3.3534,2
4889ac58,97,3.3562,1
16f49cf5,6743,3.3534,2
5a3e3332,10089,3.3589,2
6bb51b7e,4988,3.3562,2
582ec5a3,5740,3.3589,2
488a426c,10693,3.3589,2
42de2bd2,8458,3.3562,2
358311bc,18256,3.3589,2
5666ed15,6747,3.3616,2
30ed9038,6888,3.3616,2
2034cd1,7319,3.3616,2
28d2aab1,7958,3.3616,2
5f140e6,6746,3.3616,2
55600334,2607,3.3616,2
59416c30,7993,3.3616,2
593bab39,7273,3.3616,2
4ea2318e,1948,3.3644,2
6370a226,9738,3.3644,2
213fe1e9,18118,3.3644,2
25c9cbf8,7535,3.3644,2
73188dc9,6188,3.3616,2
7ce1153c,6734,3.3644,2
5da3aece,6739,3.3644,2
2e93c67c,9934,3.3644,2
2a8aabae,7536,3.3644,2
7162bc61,10090,3.3616,2
68f0eaea,3990,3.3644,2
46230141,6724,3.3644,2
329fb44c,6660,3.3644,2
20f2445,6737,3.3644,2
299bbaa5,9160,3.3644,2
66ea01d1,9971,3.3671,2
389d3d44,9737,3.3644,2
77efc3cf,9975,3.3671,2
c39fc7b,5415,3.3671,2
3a6b90a4,3077,3.3671,2
6b4dedb0,3993,3.3616,2
6235baad,6183,3.3671,2
212c48b4,5417,3.3699,2
47240285,4804,3.3699,2
438047bc,7774,3.3699,2
97b9d61,3946,3.3671,2
caf6db3,4734,3.3671,2
4f05ed7a,5615,3.3699,2
28b1f132,9155,3.3699,2
a2f283e,9725,3.3699,2
2852ee35,7776,3.3699,2
692ee124,7988,3.3726,2
1e9bdb47,3566,3.3699,2
7e158bd3,8987,3.3726,2
69595c25,7345,3.3726,2
4109f162,10559,3.3699,2
5f300fa6,5487,3.3753,2
1fb1b6e4,8978,3.3726,2
4da8edd2,7542,3.3753,2
6b279a0c,6661,3.3781,2
43a487e4,8459,3.3781,2
1cb6ed09,9525,3.3753,2
e226eed,3567,3.3781,2
4eed486,9965,3.3781,2
6392e858,9139,3.3808,2
5ddcba3b,9140,3.3808,2
48678f86,6514,3.3808,2
552fc561,10740,3.3781,2
271771a6,9976,3.3808,2
53b39d34,3513,3.3808,2
275c237b,2606,3.3808,2
cf3ee3c,5790,3.3808,2
7ef43ef4,6002,3.3808,2
10752445,7994,3.3808,2
5f605142,6184,3.3808,2
19e1f62e,5580,3.3836,2
a707920,6745,3.3836,2
331e2327,10563,3.3836,2
6e298e47,10739,3.3836,2
786f452a,4811,3.3836,2
715f9a7e,3787,3.3836,2
339a8869,10399,3.3808,2
116373eb,7995,3.3836,2
13a722f8,6187,3.3808,2
2d88e50b,130,3.3808,1
54d70ea,7506,3.3863,2
1ea6d698,10694,3.3863,2
7918cce5,6189,3.3863,2
73ee1406,10561,3.3863,2
59f44861,8422,3.3863,2
71ce57d1,9739,3.3863,2
4e0ed2e9,4812,3.3836,2
4d43b10a,5187,3.3863,2
368f4f83,10789,3.389,2
357ce65c,3248,3.389,2
dddf380,9771,3.389,2
5d46c8d0,8118,3.389,2
11f977ac,7650,3.389,2
43e52dc9,5741,3.389,2
4fae36f4,9156,3.389,2
21c687c6,9774,3.3918,2
4a2ddb66,8467,3.389,2
10338198,9430,3.3918,2
7a526d32,9531,3.3918,2
6f3f3d09,5733,3.3918,2
4bed2d63,4882,3.389,2
475e5ac7,6844,3.3918,2
2e0c84e3,10400,3.3918,2
384d335e,5742,3.3918,2
1ae98701,9726,3.3918,2
2f546ef9,3994,3.389,2
4a65bbcf,7274,3.3945,2
4710fa7b,2300,3.3945,2
65b5dc6c,6662,3.3945,2
3433d447,3931,3.3973,2
32dc5605,10564,3.3973,2
62b49c4f,5616,3.3945,2
6e1b0546,10349,3.3973,2
2506e255,10830,3.3945,2
fbd9b5e,9776,3.3973,2
49ad2802,7651,3.3973,2
7f2a2544,18257,3.3945,2
7a16fb7a,10565,3.3918,2
6d2c64be,18249,3.3973,2
ea8752e,9740,3.3918,2
2e65a1c1,10350,3.4,2
cba14c,9727,3.4,2
328f8f9a,3514,3.4,2
7d8809b5,6889,3.4,2
e4c2c7f,10689,3.4027,2
4300299d,7088,3.3973,2
7cd0bbd4,4060,3.4027,2
4068e395,4884,3.4055,2
72340310,18248,3.4027,2
37212b39,10828,3.4055,2
303a900a,7997,3.4055,2
783fb2c4,9724,3.4082,2
6031f6bc,3788,3.4082,2
33ae5d98,9967,3.4082,2
553584c2,9161,3.4082,2
3749b9d3,10351,3.4082,2
d5fc06c,5734,3.411,2
5f217e54,4883,3.411,2
3bff1f7a,5705,3.4082,2
21d78bd9,9157,3.4055,2
4182aef7,8119,3.411,2
32ad5a0b,8896,3.4137,2
66aa51d4,9778,3.4137,2
25ed86b4,10398,3.411,2
714c71e8,9127,3.4137,2
296910c8,6185,3.4137,2
23447a4,7998,3.4137,2
3cf45cd5,6003,3.4137,2
1df9d0c0,6748,3.4082,2
54e82ded,6732,3.4137,2
46b9c5a9,6731,3.4164,2
27b772e6,6190,3.4164,2
741bc900,9741,3.4164,2
6109052b,3997,3.4192,2
6915002e,1498,3.4192,2
75296fa8,9526,3.4192,2
5fd0fbc4,9532,3.4192,2
5d805448,18114,3.4219,2
76599d48,9966,3.4219,2
378cf7dd,9972,3.4219,2
9e69aab,4885,3.4219,2
724dc44d,7145,3.4247,2
51b05e88,6733,3.4247,2
6bb92a2b,9618,3.4274,2
3b5b0a9e,9719,3.4301,2
6d5ec9c,1509,3.4329,2
55c2b6d0,1951,3.4329,2
77882631,7090,3.4301,2
3cf75d,5491,3.4329,2
6245ab55,8829,3.4356,2
14e4cda4,10741,3.4356,2
3dfc62a8,8897,3.4356,2
161b829f,7996,3.4384,2
69697f37,9128,3.4384,2
3c725ad9,6186,3.4356,2
401dd841,9772,3.4411,2
7dc827f1,3998,3.4411,2
4bc73fd7,10608,3.4411,2
1ff81eb8,9159,3.4411,2
79fc42e6,18121,3.4356,2
315d580d,10196,3.4411,2
a7b1b0f,3996,3.4466,2
27cb8653,18250,3.4438,2
5a1d712a,10790,3.4493,2
1b00caf4,9244,3.4493,2
69cb67c4,9775,3.4493,2
72bbf369,6663,3.4438,2
9b90a73,6664,3.4521,2
147336da,7091,3.4493,2
26b496d7,1950,3.4521,2
21767e83,9773,3.4575,2
bb919d3,4000,3.4575,2
4a927045,3999,3.4548,2
4749f7bc,3995,3.4575,2
475a5a2b,9720,3.4575,2
455a7e39,4938,3.463,2
66e80c0,8132,3.463,2
5fa7c810,10791,3.4685,2
1ea2a067,10792,3.4685,2
4ab95acd,8828,3.4685,2
5c844e15,18122,3.4712,2
2e9ebdc5,10793,3.4685,2
4f98074e,9969,3.474,2
4f775342,8131,3.474,2
317d585f,2609,3.4767,2
5563a45a,4939,3.4767,2
6a56bb20,9968,3.4767,2
657b6353,7146,3.4767,2
10e3d1fd,9533,3.4795,2
22f911c8,7999,3.4822,2
bd792b,9721,3.4822,2
4b87dc1e,7093,3.4795,2
14d7e1f5,9780,3.4904,2
2a8869c7,9779,3.4877,2
246a2952,18271,3.4959,2
517866ed,9777,3.4959,2
7a8bfd7e,99,3.4932,1
1379609f,9431,3.5068,2
13a465b9,8898,3.5068,2
66f1ee26,10831,3.5096,2
742cb31b,9742,3.5178,2
5169d0ed,98,3.5178,1
6150fed4,6735,3.526,2
f78718d,8000,3.526,2
8b9bc06,9534,3.5288,2
191c7261,6515,3.5288,2
6ed3717,18259,3.5315,2
602ddf40,18258,3.5342,2
253116cf,10794,3.5342,2
5fc4f772,10832,3.537,2
703a6075,7094,3.5397,2
41629d25,133,3.5342,1
307e3612,8830,3.5452,2
3e273882,8133,3.5452,2
138dc6e7,9432,3.5452,2
6b0acc83,9245,3.5507,2
2a05a956,10695,3.5479,2
2d6177bc,17765,3.5562,2
50263609,10833,3.5699,2
6d75965a,10795,3.5726,2
74d73753,9539,3.5808,2
6abdddbb,134,3.5863,1
4c479bc7,1952,3.5863,2
2d307a38,9619,3.589,2
6cb6ee82,1511,3.589,2
6862a6aa,1510,3.5918,2
188b91c2,10696,3.5945,2
3644c951,4002,3.6,2
23022b12,10796,3.6082,2
6dddf3e5,7096,3.6137,2
10f75f02,18260,3.6164,2
54b6d95f,977,3.6329,2
44a89cd9,4003,3.6411,2
46680d72,8001,3.6438,2
6ccd55f2,898,3.6438,2
e530515,18261,3.6438,2
e1d0e52,981,3.6438,2
898817e,4001,3.6438,2
4eb071c4,7095,3.6466,2
efc275a,9540,3.6521,2
1891f03d,17766,3.6521,2
7e9802e3,136,3.6521,1
32c7ef3f,100,3.6603,1
5deec8ca,1515,3.6603,2
4a69cb52,10834,3.6603,2
745847e6,9625,3.6603,2
796be045,4004,3.6603,2
677f261f,9535,3.6712,2
52e8cf3a,982,3.6712,2
565fbd6e,10797,3.6658,2
608ea734,10835,3.6712,2
46411aa8,8134,3.6849,2
52449c45,135,3.6767,1
795bffae,1507,3.6904,2
6c7940b6,9620,3.6932,2
22a393cb,10837,3.6959,2
54f3956e,899,3.6904,2
72f3b6d1,8002,3.6959,2
54a924c9,900,3.7014,2
7bf8c38a,6523,3.7068,2
1d7f128e,9621,3.7151,2
6a2ac85c,18274,3.7233,2
22ba7892,18275,3.7288,2
4d90172a,8135,3.7342,2
5082ed3d,7097,3.7315,2
6cd6a759,101,3.7397,1
1dd93cb9,10800,3.7397,2
50bd516f,978,3.7452,2
382e5b0a,9622,3.7507,2
1711b540,8136,3.7589,2
4e243494,7098,3.7589,2
31f6b9ea,1512,3.7589,2
1acce51d,1508,3.7644,2
2040f902,189,3.7644,1
72619940,9541,3.7644,2
3a61e3ff,10801,3.7644,2
550ef0b3,10798,3.7644,2
28970302,9537,3.7699,2
fb877fb,9538,3.7726,2
4e5c62ac,1516,3.7644,2
3af313e8,1517,3.7753,2
3ea448d9,6522,3.7753,2
18daf76d,10836,3.7753,2
8457867,10838,3.7863,2
448ec13b,9536,3.7918,2
6640f611,901,3.7945,2
296e142b,1953,3.8027,2
a4bc721,9626,3.8082,2
38fe584a,979,3.8082,2
59efd13a,1518,3.8137,2
1fcb354a,9623,3.8219,2
f94960,18272,3.8247,2
481be10f,18276,3.8301,2
54dff491,18335,3.8301,2
1e29ca48,1521,3.8356,2
39e8beb6,7103,3.8384,2
7d0fa5d4,18337,3.8411,2
739042a2,18273,3.8411,2
58405b3d,7105,3.8493,2
8eba1f7,103,3.8466,1
748aa352,6524,3.8466,2
57e6a33,1519,3.8575,2
5fbd5012,7104,3.8548,2
408a7916,18336,3.863,2
a8cb60b,7099,3.8603,2
3ce01c77,1520,3.8658,2
2bbd143b,7100,3.8685,2
5de4dc8d,10839,3.8712,2
68ec3ae3,7101,3.8712,2
5f9f8e85,10799,3.8712,2
7bff51b,190,3.874,1
5405ee2f,8137,3.8767,2
7ba2fa75,9624,3.8767,2
44e0351b,7102,3.8767,2
20183328,6527,3.8877,2
3f1b99be,18334,3.8877,2
6d877ed5,9627,3.8877,2
36a9879c,18281,3.8904,2
4ec6ab7f,137,3.8959,1
502543c1,1513,3.8932,2
4de1c2b5,138,3.8986,1
746e7bcc,18277,3.9041,2
b4b1751,141,3.9041,1
1cfa6f7a,6532,3.9041,2
687ea9ef,10840,3.9068,2
77902e98,980,3.9041,2
1223bb19,18278,3.9096,2
1211461b,6526,3.9096,2
69778a75,10841,3.9178,2
3ad5f995,10802,3.9178,2
27f90ef1,23537,3.9233,9
3f40a58b,18288,3.9205,2
6a31a434,18284,3.926,2
5f51d4f0,10806,3.926,2
7f3de1b6,6529,3.926,2
73e8389,9636,3.9205,2
10dce626,1514,3.9315,2
1ea2a673,139,3.9288,1
2a8a754b,18377,3.9315,9
2ddb8420,18289,3.9342,2
6ee7a82a,18279,3.9342,2
6ce43133,6528,3.9288,2
3363ba69,18280,3.937,2
6529e6e3,7106,3.937,2
2005e088,18282,3.937,2
6d5a63f6,10807,3.9425,2
4d7d642a,18283,3.9397,2
5ddd1c62,18491,3.9452,9
2ac72c29,18490,3.9452,9
539e3417,6530,3.9479,2
75e4467a,985,3.9562,2
406f6aa8,6525,3.9534,2
535aa0e8,18338,3.9671,9
71460818,10804,3.9671,2
59b13037,18378,3.9699,9
50e41dbd,9628,3.9753,2
264657dc,9637,3.9753,2
23e56f54,19120,3.9781,9
7a7877df,18285,3.9808,2
1d474396,18310,3.9808,2
3b475448,10803,3.9781,2
1b1cfd36,10805,3.9863,2
5adb3085,18351,3.9863,9
4e3764b5,18492,3.9863,9
694bd516,18311,3.9836,2
15427044,18292,3.9836,2
163ea786,6531,3.989,2
161e3571,24907,3.9918,9
42e7123a,8138,3.989,2
6379e9cb,18347,3.9945,9
542d63d7,18299,3.9918,2
52ebe946,102,3.9918,1
35b9fbd7,191,3.9973,1
3d1d5f95,9629,4,2
19227b1a,18346,4,9
26ae8032,19090,4.0027,9
2b82fc78,18493,4,9
511fcd9c,7107,4.0082,2
5b6f960e,18301,4.0082,2
9923241,18825,4.0137,9
354f7e37,9639,4.011,2
1a93262f,21080,4.0164,9
3deb0c95,18312,4.0192,2
25f33153,140,4.0192,1
6b034d1c,18339,4.0192,9
68a2bc0d,143,4.0164,1
4327a450,18302,4.0247,2
635de85,19711,4.0247,9
318d4b7b,18300,4.0247,2
40979bfb,18348,4.0247,9
3da81530,18294,4.0247,2
74784177,18290,4.0274,2
2f751a10,18695,4.0274,9
53411446,18425,4.0301,9
2ebd8a8b,18349,4.0329,9
1aab4be8,24911,4.0329,9
60fa76f2,986,4.0329,2
18f815d2,24908,4.0301,9
2e74b387,18291,4.0356,2
1fda3947,24913,4.0356,9
4462fdde,10851,4.0356,2
5659b4cd,18350,4.0356,9
6c9ce0b,18306,4.0384,2
5ec71d85,18313,4.0356,2
1019071b,18427,4.0411,9
43c694cb,10842,4.0438,2
b37a32e,18303,4.0384,2
6d7aacf8,987,4.0438,2
35034f93,18344,4.0466,9
20809611,10845,4.0466,2
4294f534,18286,4.0466,2
7944d51a,18340,4.0466,9
748c009b,18357,4.0466,9
4ca97f9e,6533,4.0521,2
6379de4f,9631,4.0493,2
6a1aa41,21081,4.0548,9
123dfad6,18315,4.0548,2
156f2280,18307,4.0466,2
38c90dc4,18428,4.0548,9
33315b3e,18431,4.0521,9
4e27fcc4,18426,4.0521,9
2230bca2,18429,4.0548,9
52e7220d,18379,4.0575,9
6bb67bc4,18829,4.0575,9
1a866baa,19388,4.0575,9
3d7401f4,23540,4.0575,9
5668ab1d,19389,4.0603,9
ed8924f,20093,4.0575,9
27aa6305,23558,4.0603,9
12010114,18304,4.0603,2
5ae243,18826,4.0603,9
1149fbb2,18828,4.063,9
3accbda5,18366,4.063,9
29efc9a2,105,4.063,1
7cf9dca3,23538,4.0603,9
7e493a28,18308,4.0658,2
63ef6c3a,18494,4.0658,9
17299909,29841,4.063,9
48572fdc,18909,4.0685,9
1fa25dad,24727,4.0658,9
7346cdf,19390,4.0658,9
5c8e5ce1,21235,4.0712,9
2d56b163,19712,4.0712,9
2014de51,18827,4.0712,9
4e20c18,19713,4.074,9
2aa53131,18904,4.074,9
326040af,18368,4.0712,9
1e4b438f,30205,4.074,9
3480f6e4,31259,4.0767,9
63e01b4b,18936,4.0767,9
23392f2a,9632,4.074,2
136c76da,18704,4.0767,9
20689585,24879,4.0767,9
351ecc96,25020,4.0767,9
709fbdc6,18919,4.0767,9
7e57d398,23781,4.0795,9
5fb4e560,18361,4.0795,9
2f1e92ea,18341,4.0795,9
4bbeee31,21365,4.0795,9
3d174614,23541,4.0795,9
887e1ac,30204,4.0795,9
6483e861,18367,4.0795,9
70e09a39,10843,4.0795,2
4f3df113,18830,4.0795,9
2bb2cf0d,20098,4.0822,9
17c1632c,18342,4.0822,9
7571d997,9638,4.0822,2
207c7af9,22166,4.0822,9
61ef7285,18433,4.0822,9
54b90d9d,29978,4.0822,9
69ce6aa0,18468,4.0767,9
758aacb6,104,4.0849,1
5a335f4a,20094,4.0849,9
3662bb4c,18469,4.0849,9
2a2b8df8,23814,4.0849,9
302a6977,18343,4.0849,9
10e59cd8,18920,4.0849,9
4d1d30dc,18305,4.0849,2
337efd53,903,4.0877,2
45ccf289,9630,4.0849,2
26ce5a96,22165,4.0877,9
6a6746ce,21366,4.0877,9
1af111cb,20096,4.0877,9
5ea1f3a3,19393,4.0904,9
7c5b1a44,19480,4.0904,9
7594f338,18862,4.0904,9
2895f5b3,10844,4.0904,2
3af8c623,23559,4.0877,9
49bee0fe,19391,4.0932,9
6b951634,22167,4.0904,9
4f38a838,25070,4.0932,9
4887f401,19394,4.0932,9
34b2faec,28526,4.0932,9
739e188b,19392,4.0932,9
77556ef8,20095,4.0932,9
2fcf44c,21082,4.0932,9
6fd3efcb,10853,4.0932,2
660e0d9f,24675,4.0959,9
55395d1d,25498,4.0959,9
7da66142,18435,4.0959,9
a76b50b,24738,4.0959,9
581a0001,29842,4.0959,9
29b05b33,9640,4.0986,2
19aa7b02,18352,4.0959,9
75ced253,23550,4.0986,9
3b2c01d9,19121,4.0932,9
4cd355a,18316,4.0986,2
2f0f9f33,31258,4.0986,9
2c509ccb,24880,4.1014,9
7d7ecd08,18432,4.1014,9
77296251,24942,4.1014,9
3f4e0b70,19478,4.1014,9
1a23fe0b,23542,4.1014,9
49061c7b,22172,4.1041,9
61986754,6534,4.1014,2
468d2da3,18430,4.0959,9
5d1fbadc,18369,4.1041,9
5849d4d2,18370,4.1041,9
21d5fe64,21236,4.1041,9
3d59fcd,24914,4.1041,9
233c1c31,18353,4.1014,9
67635051,19477,4.0986,9
35c5a3c0,10852,4.1041,2
3b6d4dc2,20097,4.1041,9
14699695,18398,4.1068,9
57f7ddbd,24669,4.1041,9
4fb4af20,18476,4.1068,9
5a2802ce,18910,4.1068,9
1ee6e849,18725,4.1014,9
4663183e,10846,4.1068,2
2f902f7a,18287,4.1068,2
45374807,21367,4.1096,9
6c3a4448,24684,4.1096,9
32461319,18293,4.1096,2
1c0301d4,19184,4.1068,9
638b1523,18768,4.1096,9
5dad051e,30516,4.1068,9
5f710b69,193,4.1068,1
5bf8acf2,18915,4.1096,9
60e198a3,10847,4.1096,2
5551f454,18534,4.1096,9
2ac87d4,18911,4.1123,9
1c2d244f,23539,4.1123,9
70e583e9,18358,4.1123,9
35e11be2,142,4.1041,1
2a4c3af5,18937,4.1041,9
4cb89a4f,21413,4.1123,9
773f007b,24676,4.1123,9
39c2d0cb,23657,4.1123,9
65e4f6d1,24921,4.1151,9
537a692e,23658,4.1151,9
3560048c,21371,4.1123,9
2eb4f30a,23551,4.1096,9
26d66e71,18921,4.1151,9
93db6e8,18477,4.1151,9
4b2d9b60,21083,4.1151,9
42081dac,18413,4.1151,9
f2e4298,10854,4.1178,2
45e47a59,18539,4.1178,9
57b8567a,18767,4.1151,9
33d62093,23544,4.1178,9
14075b12,24740,4.1178,9
16e0d143,18832,4.1178,9
40375711,21239,4.1178,9
37e4e63,18833,4.1151,9
1ae2427,27663,4.1178,9
1fcdde27,18317,4.1178,2
2fdf30cb,18478,4.1205,9
3f2586ba,28533,4.1151,9
374eb306,20198,4.1151,9
4ed9da6b,28535,4.1205,9
3e26508b,24986,4.1205,9
682976ec,31262,4.1178,9
7b2a2d05,26889,4.1205,9
7b20ba89,24005,4.1178,9
51546a63,18380,4.1205,9
770e0f6e,24909,4.1178,9
54338975,18354,4.1178,9
7edbd4f3,26493,4.1205,9
d1dd53,22397,4.1205,9
7a3c758,18912,4.1233,9
4f938ef8,25209,4.1233,9
6f4fa7b5,24910,4.1205,9
617ad44a,24915,4.1233,9
3288c8de,194,4.1233,1
787a463a,18544,4.1233,9
2bcdf383,29843,4.1178,9
227763db,18456,4.126,9
6040356f,25387,4.126,9
39ad9b40,21240,4.126,9
ec2d0bb,24920,4.126,9
24a30ccf,31260,4.126,9
6036b233,25499,4.1205,9
359442ee,19481,4.1233,9
2dcb0bef,21237,4.126,9
1132bfed,19521,4.1288,9
3e2f5ac4,18442,4.1288,9
44c030d2,30821,4.126,9
53d48996,23913,4.1288,9
26357470,18831,4.1288,9
227c7a8c,18434,4.1288,9
677f98b1,22474,4.126,9
3362d32d,19091,4.1288,9
6d206da9,18381,4.1288,9
109035f1,30281,4.1288,9
1d0b5567,24742,4.1315,9
5c62e450,25085,4.1315,9
4743557d,24685,4.1315,9
56eddfd9,28527,4.1315,9
110a080e,19479,4.1315,9
5a813e1b,18318,4.1315,2
734608b,24670,4.1315,9
3f9f64a3,27355,4.1342,9
44781a66,18414,4.1315,9
7e144126,21282,4.1342,9
2d36d919,23591,4.1342,9
9a2d40c,18913,4.1342,9
4d5c03e7,23552,4.1315,9
119d761b,18362,4.1342,9
5bbf4195,25189,4.1342,9
af89b20,24984,4.1342,9
15653cc7,24912,4.137,9
8d2c950,18540,4.1342,9
380b46b7,18771,4.137,9
42dcc203,27092,4.137,9
cb360e3,18938,4.137,9
300cf6b6,18589,4.137,9
48b60caf,26906,4.137,9
525020fe,18696,4.137,9
76b82c6d,31263,4.137,9
611bfe21,21241,4.1342,9
36751df2,29920,4.137,9
7b637930,18769,4.137,9
65719c12,24733,4.137,9
529d0f95,19125,4.137,9
13c1dcec,22175,4.137,9
6c491911,19395,4.137,9
724d03e7,23567,4.137,9
224d85b,27824,4.1397,9
71910b1a,22276,4.1397,9
1b3580b0,18322,4.1397,2
216ec5e4,18450,4.1397,9
1c2c5c66,24881,4.1342,9
5cbc149,18383,4.1397,9
1f03b82c,23616,4.1397,9
28848b7c,19104,4.1397,9
6939b7ca,18345,4.1397,9
7f123a6d,23553,4.1397,9
24087d4f,18437,4.137,9
26c8733a,18400,4.1425,9
2a9bd3f4,24703,4.1425,9
44b44598,23547,4.1397,9
23b1ba44,23545,4.1425,9
46054cab,26911,4.1425,9
32f523ec,18384,4.1425,9
540b38af,23543,4.1425,9
7ac6cbf0,21412,4.1425,9
164aa017,18537,4.1425,9
3c03e10c,18545,4.137,9
d3b0b71,22224,4.1425,9
f89439,902,4.1425,2
f38386,28534,4.1397,9
4cad569d,18453,4.1425,9
2c1040e,26908,4.1425,9
60dfb2fb,21368,4.1452,9
3ddb1874,29869,4.1452,9
fa40d07,26186,4.1452,9
5a91ef01,29945,4.1452,9
6507a31e,25386,4.1397,9
1e8ce136,18296,4.1425,2
38b345c4,18399,4.1452,9
1750bbe0,26872,4.1452,9
426cb7ec,26767,4.1479,9
39fa8392,24739,4.1452,9
3b907bc6,18535,4.1479,9
19af9415,27700,4.1479,9
bb2a37b,25614,4.1479,9
2cc6b636,26907,4.1479,9
7696d06c,18905,4.1479,9
14b0b623,18770,4.1479,9
71da879c,18839,4.1479,9
6f6d5ba7,20200,4.1479,9
668b109b,26592,4.1479,9
2e631361,192,4.1479,1
7603277a,18386,4.1479,9
618f9e31,18382,4.1479,9
67938637,21414,4.1479,9
60fcaa14,24916,4.1479,9
42d01b3e,22319,4.1479,9
401e30c7,25504,4.1452,9
4765c0a0,18462,4.1479,9
283207c1,18590,4.1479,9
53eb9ece,23593,4.1507,9
11207666,25497,4.1479,9
7829c422,18741,4.1507,9
4e2d336d,21238,4.1507,9
3536f638,21415,4.1479,9
409dd8e9,23826,4.1507,9
4f8f23da,26808,4.1507,9
1e1d2400,18924,4.1507,9
5d8eff0b,31261,4.1507,9
6b30384c,18355,4.1507,9
1e11ec4a,23815,4.1507,9
45c4ff53,18454,4.1507,9
736385c2,26811,4.1534,9
59bf4a02,23554,4.1534,9
33a7eb21,18742,4.1534,9
31b7e99,26768,4.1534,9
517ba461,18712,4.1507,9
522ae92d,24006,4.1534,9
3ed97619,27740,4.1534,9
430eedb,18914,4.1507,9
1d95d49a,23659,4.1534,9
7af9f1cd,18748,4.1562,9
48ed75e5,18925,4.1562,9
11e7caea,23838,4.1562,9
1d332c1b,25073,4.1562,9
682ff81a,27766,4.1562,9
672a3482,25615,4.1507,9
5a605f09,26742,4.1562,9
6e675bdf,26593,4.1562,9
5badc081,25088,4.1562,9
74b2f184,26594,4.1507,9
5664b4cf,25074,4.1589,9
706558fd,18697,4.1589,9
679d81c3,23889,4.1589,9
5281fc79,18295,4.1562,2
315c197c,21242,4.1589,9
6b241d1a,26875,4.1589,9
60bc1a24,18543,4.1589,9
3d83407e,24989,4.1589,9
6c45294b,21252,4.1589,9
27c22514,18436,4.1589,9
272f76f2,23667,4.1589,9
8852d9,19105,4.1534,9
45c23cf2,22173,4.1589,9
731e4bdb,21094,4.1589,9
72540bc6,25210,4.1589,9
1a5f6761,21251,4.1589,9
2f5a2bac,27681,4.1589,9
6d86aa04,25072,4.1589,9
39773eea,18922,4.1589,9
3836ea8c,31958,4.1589,9
46cfa16d,25198,4.1616,9
1ec1e53a,24687,4.1589,9
565e67d,25021,4.1616,9
4a234d2c,24744,4.1589,9
1ec10866,26736,4.1616,9
73aa6ad9,27733,4.1616,9
112cf3b8,24731,4.1616,9
2a53fc39,24732,4.1616,9
30a6451f,29913,4.1562,9
3baa347c,26873,4.1616,9
2dbe9957,18928,4.1616,9
5b791e6b,19714,4.1616,9
6efe9309,18371,4.1589,9
5eb60050,21269,4.1616,9
41d437e,27821,4.1644,9
4902c2a,21372,4.1616,9
5db0068b,150,4.1644,1
4ea9c110,24693,4.1644,9
54556517,18600,4.1644,9
3a3dda50,18309,4.1644,2
73a8e0cd,27771,4.1616,9
676407c2,18323,4.1644,2
6745fb7f,21373,4.1616,9
18c7575d,30096,4.1616,9
4cfcf14f,151,4.1644,1
3848cc1d,22184,4.1644,9
b61b505,27825,4.1644,9
43b73915,29908,4.1616,9
6168e381,21633,4.1644,9
4ab5106a,18871,4.1644,9
4cfa5da4,18964,4.1644,9
36ffbabf,23546,4.1644,9
eb0a2ab,22475,4.1671,9
10ad230a,26809,4.1644,9
72f95735,25086,4.1671,9
6c7033b3,21416,4.1671,9
279146c0,18926,4.1644,9
5e5d844b,18481,4.1671,9
66a5304a,29844,4.1671,9
b256a86,30528,4.1644,9
262f9a64,26893,4.1671,9
14e23d36,26892,4.1671,9
5b0a6880,25273,4.1671,9
7f24667b,18863,4.1671,9
7bdb483d,23668,4.1671,9
217d1198,19110,4.1671,9
13da3213,18364,4.1671,9
632c2a22,27826,4.1671,9
24f3830c,21268,4.1671,9
2cb5a17a,18927,4.1671,9
d0e9e71,19109,4.1671,9
44b6bf99,28528,4.1671,9
7ce5bfe0,21627,4.1671,9
5abfc7eb,30089,4.1671,9
7dda6f77,23568,4.1699,9
45e8bab,30286,4.1699,9
75e5b6ce,30088,4.1699,9
242e0d2d,23599,4.1644,9
a217f08,19503,4.1671,9
7ad2be34,18443,4.1699,9
22592466,23569,4.1699,9
764a1265,31356,4.1699,9
7712ea9b,21187,4.1699,9
18ded953,19102,4.1671,9
73cfa43a,25547,4.1699,9
293a158b,30076,4.1699,9
685d93ad,19791,4.1699,9
16f66abc,18906,4.1671,9
55b0591c,24839,4.1699,9
35162703,26749,4.1699,9
5b6c64b3,30092,4.1726,9
62970df2,23717,4.1726,9
3ac138ef,29914,4.1726,9
550ce590,18479,4.1726,9
37dddf93,25417,4.1671,9
2a32e94,30282,4.1726,9
6892ffc,19557,4.1726,9
47ece864,18320,4.1726,2
673604d6,18699,4.1726,9
6ea748cb,25436,4.1671,9
3e788a62,24672,4.1726,9
c6ac858,23595,4.1726,9
172690cf,21419,4.1671,9
581fbb18,18916,4.1699,9
22ce01e3,26520,4.1726,9
78bc35ea,30227,4.1726,9
203f7f8f,22201,4.1726,9
362fe299,21105,4.1699,9
161d40c1,25419,4.1726,9
5bbf62da,18834,4.1726,9
25d6877c,19128,4.1753,9
2cce12ef,20111,4.1753,9
35c461f9,23617,4.1726,9
15cd7c29,24918,4.1726,9
1e32a500,18698,4.1753,9
5aeb8fb,18917,4.1753,9
39b7fe39,24708,4.1753,9
763f1ebc,19430,4.1753,9
59ab9bcb,21253,4.1753,9
4f76e2ae,18297,4.1753,2
31a4e35d,19126,4.1753,9
413decf2,18838,4.1753,9
44cd42dd,30228,4.1753,9
3cd6bb78,23816,4.1753,9
632df32c,26840,4.1753,9
68e378dc,19715,4.1726,9
2a7e09b4,18415,4.1781,9
1bfeb4eb,25077,4.1753,9
40a2a75,21417,4.1781,9
61638c16,27359,4.1781,9
2aff5b83,23594,4.1753,9
237b28df,20101,4.1781,9
7992a6ad,18444,4.1781,9
2c9e7268,23560,4.1781,9
7c6d173b,21096,4.1753,9
62ae5b9,25581,4.1781,9
2842db35,19638,4.1781,9
6a619c1f,18570,4.1781,9
35b3ae09,24057,4.1753,9
21f3a34b,21634,4.1781,9
70258de1,18363,4.1781,9
16c2769e,30287,4.1753,9
1b73fbae,18484,4.1781,9
3e2941a9,27948,4.1781,9
27c44dc,26503,4.1781,9
5eea8bf7,31390,4.1781,9
5b4761fd,24743,4.1781,9
2fc946f1,27947,4.1781,9
4f73ad70,24741,4.1781,9
454c225a,23751,4.1781,9
55c4d231,25071,4.1781,9
30dfe8b6,30822,4.1781,9
6215cbf0,21093,4.1781,9
46ef6b1a,24838,4.1808,9
35c97cac,18923,4.1808,9
5a2da56b,28567,4.1808,9
7a1ca8fb,30529,4.1808,9
369ab603,27018,4.1808,9
286a2052,21389,4.1808,9
b90bc71,19122,4.1808,9
75429db3,18445,4.1781,9
6a06b890,20124,4.1808,9
9cf317d,21390,4.1808,9
511bfbc1,25089,4.1808,9
7b26701,26649,4.1808,9
50b632a9,21388,4.1781,9
5380371e,24686,4.1808,9
6ab280cb,27946,4.1808,9
39e13b26,25536,4.1781,9
290bfb68,21283,4.1781,9
4919bb0d,24729,4.1808,9
4955b1be,19529,4.1808,9
5dcb5dfa,18328,4.1808,2
5d5d15d7,19716,4.1808,9
6dd52d51,19096,4.1808,9
9e9a914,24990,4.1808,9
eca015e,18918,4.1808,9
3b8c5efd,24691,4.1781,9
7f775378,18864,4.1808,9
3b92e48b,18756,4.1753,9
650cc256,30123,4.1808,9
3cae13bc,21369,4.1781,9
79076bc2,18455,4.1781,9
559d6ed5,21311,4.1808,9
56000842,21629,4.1808,9
1a7fd2cd,22341,4.1808,9
4236d099,22169,4.1808,9
1be20dcc,18929,4.1836,9
61b7c592,19203,4.1836,9
10eefde8,25042,4.1836,9
5864e33b,24917,4.1836,9
6631d524,18359,4.1808,9
30a583b8,30823,4.1836,9
5428c6db,24959,4.1808,9
2baa9a5e,18620,4.1836,9
43daf2fa,26494,4.1836,9
5ffe117a,21271,4.1836,9
4d721a40,23561,4.1836,9
25b7766d,22441,4.1836,9
327511da,31274,4.1836,9
37ad14aa,19884,4.1808,9
4392bb66,23570,4.1808,9
4655990e,22476,4.1836,9
262c684c,27023,4.1836,9
669413de,23555,4.1836,9
9f6c832,23660,4.1836,9
540b7356,21140,4.1808,9
4eea43cc,31490,4.1808,9
b412c55,25096,4.1863,9
5f18faae,31962,4.1836,9
3449d257,26201,4.1863,9
3bd7864b,20199,4.1863,9
273f56de,27568,4.1863,9
5653147e,32015,4.1863,9
259ef5e8,25506,4.1836,9
35df958b,30834,4.1863,9
5f3f5066,18365,4.1863,9
2387b0b,18726,4.1808,9
585d7014,30103,4.1863,9
13ccac37,20277,4.1836,9
5095467,25078,4.1863,9
697044c7,18451,4.1836,9
576ac09b,29888,4.1863,9
72f30670,18470,4.1863,9
419d15ea,28571,4.1836,9
ef8dbd2,18327,4.1863,2
420ac1f7,27828,4.189,9
f17bc8e,30531,4.1863,9
65bdfb9a,25006,4.189,9
4c268082,22485,4.189,9
448f49f,29933,4.1836,9
3609db54,30824,4.189,9
443832aa,29894,4.189,9
2acf2d85,26882,4.189,9
717dabe,24674,4.189,9
7fbc6273,21270,4.189,9
574f9117,29870,4.189,9
72814610,27622,4.189,9
3321e8b9,28548,4.189,9
3704ce91,29893,4.1863,9
7b602247,18463,4.189,9
52675436,18480,4.189,9
6b9ca6ee,22225,4.189,9
772fee14,19559,4.189,9
5cc31ecf,31993,4.1863,9
34ed2785,19123,4.1836,9
3a485c20,24745,4.1863,9
329f4a33,23839,4.1863,9
766e0fc9,18393,4.189,9
2be2df8e,30530,4.1863,9
53332f8e,30640,4.1918,9
1bb53909,31959,4.1918,9
1da36df1,18319,4.189,2
2080df64,19885,4.1918,9
67f343b0,29921,4.1863,9
500f62f,26648,4.1918,9
6a05cba5,24960,4.1918,9
58cada9d,19558,4.1918,9
5e00f890,22312,4.189,9
785d77cb,27743,4.1918,9
3cc1c386,25616,4.1918,9
340a300a,22313,4.1918,9
32d1f8b1,18298,4.1863,2
6b4c5203,19124,4.1863,9
783c838e,20125,4.1918,9
4a53a2fc,25190,4.189,9
777adf77,20278,4.1918,9
7d3d2485,25234,4.1918,9
7e2f57d1,25075,4.1918,9
32568ec4,18556,4.1918,9
672f4cb5,22318,4.1918,9
62938b69,24688,4.1863,9
172fd52a,29915,4.1918,9
5e756352,23562,4.1863,9
35809185,27573,4.1945,9
4bb327da,24673,4.1945,9
25f362b0,18474,4.1945,9
74af6941,904,4.1918,2
14206125,23863,4.1945,9
10b53daf,24922,4.1945,9
4800e774,24689,4.1945,9
7161e39e,23556,4.1918,9
7ee8ac63,27682,4.1945,9
1f62f370,18518,4.1945,9
6b5621d,29872,4.1945,9
2dc74fd0,18939,4.1945,9
6233265b,24850,4.1918,9
1cb04490,23752,4.1945,9
31b87891,19639,4.1945,9
269608b9,18536,4.1945,9
49b87ff6,21097,4.1918,9
5d6ce3ce,27978,4.1918,9
43e6b837,983,4.1945,2
31683c2a,27704,4.1945,9
27ad397e,29917,4.1945,9
1de5ccd6,21100,4.1945,9
6bb4f85d,26200,4.1918,9
1bcd006d,25582,4.1945,9
5565aca3,22478,4.1945,9
2a6f2322,31975,4.1945,9
59d2806a,30090,4.1945,9
7ab7e905,23600,4.1945,9
212a3f47,25420,4.1973,9
6dfe52a6,21370,4.1918,9
3edb1a08,22486,4.1973,9
73c71c69,18321,4.1945,2
3e7d551,18907,4.1973,9
1c13dce9,24991,4.1973,9
7afe9e39,29909,4.1973,9
3111e15b,19396,4.1973,9
c61e775,20102,4.1973,9
5f1d15dc,19160,4.1945,9
e979684,19097,4.1973,9
16de39,19717,4.1973,9
3e33fc59,22490,4.1973,9
3deaeea5,23827,4.1973,9
ffb6c2a,30080,4.1973,9
39aa8cfa,22284,4.1973,9
18da6ea2,27358,4.1973,9
72af24da,31449,4.1973,9
26618c99,22226,4.1973,9
4bc119f3,31275,4.1973,9
25c157,23592,4.1973,9
ba7bc7d,31964,4.1918,9
2188fcd4,25437,4.1973,9
62c57797,25398,4.1945,9
4cc42de1,24734,4.1973,9
7ab63450,18673,4.1973,9
1cbe098e,26504,4.1973,9
38483834,28078,4.1973,9
1f890a5c,28656,4.1973,9
3fc5d158,24179,4.1973,9
68a677d0,18842,4.2,9
3b230c48,27574,4.1973,9
4635c70c,31965,4.2,9
913f144,21374,4.2,9
2f514909,23681,4.2,9
5e9fc1d0,25023,4.2,9
4fc1944a,30235,4.2,9
27243719,20276,4.2,9
175a0b93,18865,4.2,9
312b6b68,24958,4.2,9
111abddc,23708,4.2,9
523a0871,26922,4.2,9
542071d0,22174,4.1945,9
3e3a2017,26499,4.2,9
7a8a8e51,22310,4.2,9
78f178f1,19397,4.1973,9
6f8583e2,18325,4.2,2
2f0828ce,25079,4.2,9
40dd8fa0,26495,4.2,9
6e0b69ec,27623,4.2,9
30391a36,26500,4.2,9
5b80c49a,24974,4.2,9
212f74db,19101,4.1973,9
1dceb22c,24718,4.2,9
7381449e,21630,4.1918,9
73eea703,26753,4.2,9
5f628651,19103,4.2,9
6a93c058,24975,4.2,9
2a450f4,22479,4.2027,9
474291c,24919,4.1973,9
4f6f67cd,30104,4.1945,9
3b8aef78,18872,4.2027,9
1b092b0d,27710,4.2027,9
3e10ddb9,27949,4.2027,9
af584b9,22330,4.2027,9
18d76b20,27553,4.2027,9
66e84bb0,19504,4.2027,9
34eb5523,25307,4.2027,9
caebb12,21106,4.1973,9
2a583672,28568,4.2027,9
ec95d42,22891,4.2027,9
60e543f5,23890,4.2027,9
196a02d0,10848,4.2,2
72ea4c29,19722,4.2027,9
360d2c7b,26793,4.2,9
7c3d2ba4,27140,4.2027,9
3508da71,28790,4.2027,9
15a353fd,20279,4.2027,9
4a12cbc6,27013,4.2027,9
5fe7b92b,29871,4.2027,9
2c4f3bf4,18402,4.2027,9
237cb93b,27705,4.2027,9
1ed3d963,18574,4.2027,9
2454df0,22887,4.2027,9
56a5fd74,18728,4.2,9
7f6c0a69,19431,4.1973,9
1d20ca4e,24671,4.2,9
48e5c285,26791,4.2027,9
e961fc3,25990,4.2027,9
366e21dc,26879,4.1973,9
7ff2575f,23582,4.2055,9
11b6733a,21108,4.2055,9
adfa9f8,31329,4.2027,9
6c48a3cc,19719,4.2027,9
521ed181,22489,4.2055,9
7013475b,24971,4.2055,9
7f4a0c8,22398,4.2055,9
2e0b2539,22477,4.2055,9
7b9effff,18542,4.2055,9
abd6ba0,26754,4.2055,9
60fedc33,18401,4.2055,9
422ec204,27141,4.2027,9
357b0595,30124,4.2055,9
547a88f1,24929,4.2055,9
42f3c909,21275,4.2,9
2d61dcde,25723,4.2055,9
76f91db1,18314,4.2055,2
1b43e956,25505,4.2,9
1b7ec7cf,26847,4.2055,9
4719ee28,19913,4.2027,9
fca1061,18538,4.2055,9
3b437f56,31265,4.2055,9
7d58b99,29873,4.2027,9
79b367ef,32016,4.2055,9
31cd2d39,22301,4.2055,9
7d3e28d6,23837,4.2055,9
1013d801,19093,4.2055,9
18f31c85,26188,4.2,9
7a1d9c6b,18360,4.2027,9
21558ee5,18743,4.2055,9
5dd687ff,18557,4.2055,9
76e96366,25507,4.2082,9
afa03b0,22553,4.2082,9
78b46e6a,30831,4.2082,9
78a352cd,10849,4.2082,2
6e4b7776,21272,4.2082,9
e09545,28572,4.2082,9
5384cb8a,30093,4.2082,9
81828ae,20201,4.2082,9
6acf365a,27020,4.2082,9
5f8a0cb2,26912,4.2082,9
2aa75452,19792,4.2055,9
63b354f0,18541,4.2055,9
70ddc33a,21378,4.2082,9
7fbdbe0f,18947,4.2082,9
6fa8606e,26202,4.2082,9
1645bdbf,30081,4.2082,9
2bdf8307,21274,4.2055,9
1a40f294,22415,4.2055,9
36475aa2,25707,4.2082,9
1ffd090b,23669,4.2082,9
dd4b190,27950,4.2082,9
7efa75ec,18458,4.2082,9
63b3fcf5,25704,4.2055,9
6e009215,25397,4.2055,9
6f2d386b,30532,4.2082,9
47dd4c2f,27988,4.2082,9
6a25042d,23661,4.2082,9
160d19c8,18332,4.2027,2
10658502,25548,4.2055,9
3d740f15,19441,4.2055,9
7fb270fa,18403,4.211,9
18fe59d,25700,4.211,9
50e703c7,19153,4.211,9
43644bc3,25211,4.2082,9
7c060525,25508,4.211,9
3dfe2d3b,29916,4.211,9
20ef9136,26885,4.211,9
4c361071,26525,4.2082,9
326bb767,27117,4.2082,9
7eb0c3e4,25097,4.211,9
220a9b25,18356,4.211,9
5e43b28d,27096,4.2082,9
7b1240a6,19507,4.211,9
317cf6ad,24704,4.211,9
49abbc85,21099,4.211,9
3f0ed526,19442,4.2082,9
2a03511c,29934,4.2082,9
7c1adf90,24707,4.2082,9
2a059720,19720,4.211,9
34c9c391,22554,4.2082,9
3e5e4971,27015,4.211,9
77b00c79,20202,4.211,9
5d7cbb40,30962,4.211,9
5bc69b58,19166,4.211,9
78af15e0,23840,4.2082,9
171f4490,22436,4.211,9
603b41ce,25509,4.211,9
58255032,20292,4.211,9
37560c35,21421,4.211,9
5a00e58b,23916,4.2027,9
608ffa34,18331,4.211,2
12d992d7,23864,4.211,9
79a0bf1b,18522,4.211,9
15e9131d,26874,4.2082,9
48189096,30305,4.2137,9
57599dfb,23638,4.2137,9
948f2ed,26187,4.2137,9
8c7c2b8,21336,4.2137,9
3cb12650,31391,4.2137,9
54e47922,29845,4.2137,9
58f4df08,18601,4.211,9
43d927a8,24793,4.2137,9
d487aa4,19152,4.2137,9
425c9d7e,28794,4.2082,9
7a922f46,18406,4.211,9
25b9a6c4,25724,4.2137,9
5bde6f18,20305,4.2137,9
1a46a44a,30835,4.2137,9
460b383,18706,4.2137,9
e8e20c0,18940,4.2137,9
40ddf6ef,26011,4.2137,9
2bde09ad,21101,4.2137,9
2aa34bfe,27683,4.2137,9
55d4e64a,24009,4.2137,9
7a111891,22552,4.2137,9
1a7b4b74,22442,4.211,9
21d9e51f,26877,4.2137,9
4d11174d,18635,4.211,9
1115a661,26880,4.211,9
6381f4bf,18866,4.211,9
11a6bdce,26739,4.2137,9
7fb943f8,19106,4.2137,9
4ce2ad8e,23841,4.2137,9
766ed33a,21387,4.2082,9
4323c4c0,21192,4.2137,9
2f6bf417,21391,4.2137,9
b8764f9,23828,4.2137,9
2a1a435d,18447,4.211,9
3e9440f2,19094,4.2137,9
634c9624,27741,4.2164,9
23c86429,25076,4.2164,9
578d7574,18552,4.2164,9
13771d16,19107,4.2164,9
23e7032d,26761,4.211,9
3f685473,19446,4.2164,9
3892080c,32074,4.2164,9
13262da5,27569,4.2164,9
843aa87,24774,4.2164,9
7575ac30,22168,4.2164,9
5d8f08fa,26755,4.2164,9
7f665deb,23670,4.2164,9
6a64d712,21107,4.2164,9
3228e242,27979,4.2164,9
1745f425,24710,4.2164,9
5a816a23,24987,4.2137,9
316661fc,25721,4.2164,9
635e3054,23586,4.2164,9
d31ac27,24180,4.2164,9
5b0214c6,20112,4.2137,9
a03bdf7,19530,4.2164,9
135a364b,19593,4.2164,9
486eb646,18835,4.2137,9
19468e4,22202,4.2164,9
6b84508a,25080,4.2164,9
4a7bf834,21286,4.2164,9
5d000889,23601,4.2164,9
1984c1ff,30206,4.2164,9
1faa850c,18546,4.2164,9
3d5b1d55,23722,4.2137,9
28f4f892,20203,4.2192,9
4983616a,31966,4.2192,9
75edf945,24783,4.2192,9
3e249011,20113,4.2192,9
5b709335,27822,4.2164,9
54cfd0a1,30517,4.2192,9
4ef22cac,19444,4.2192,9
544c997b,22227,4.2192,9
bfa41fc,26795,4.2192,9
219ad2fa,27666,4.2192,9
7ed20d29,22920,4.2164,9
4e65d4c9,22494,4.2192,9
17499958,27475,4.2192,9
60b39449,18880,4.2192,9
12b7d55e,18407,4.2192,9
6e4538aa,26535,4.2192,9
359def63,18930,4.2192,9
749a14a6,24994,4.2192,9
335de2f7,18324,4.2192,2
6961e508,25243,4.2164,9
d85bb50,18705,4.2192,9
3eaadecd,22669,4.2164,9
62e88cb3,25090,4.2192,9
217b366d,22233,4.2164,9
56039c0,24797,4.2192,9
597639c1,24807,4.2164,9
3f59ce42,23723,4.2192,9
47e94f9a,30923,4.2164,9
43c3c09e,23583,4.2192,9
2b134116,22491,4.2192,9
5a49b1e8,24163,4.2192,9
5751b0a4,26501,4.2192,9
23fb9deb,26737,4.2192,9
acb5de0,21095,4.2164,9
3b61a65e,18373,4.2192,9
7ca650c5,30231,4.2219,9
2cb0962b,23597,4.2219,9
64cf870d,25725,4.2219,9
763ed789,26941,4.2192,9
26caa0f3,24677,4.2219,9
10afb122,31512,4.2219,9
30b13bcf,18772,4.2219,9
1d89492b,28791,4.2219,9
38066cd2,20293,4.2164,9
380476c4,31330,4.2164,9
4b3a940f,27362,4.2219,9
26f11aeb,21255,4.2219,9
2d9a921b,24007,4.2219,9
36b3633a,27363,4.2219,9
add0feb,18524,4.2219,9
29b6130f,23724,4.2219,9
7be6290,23695,4.2137,9
6cb899e8,27142,4.2219,9
7ecd3236,26740,4.2219,9
53ca3466,18523,4.2219,9
4afd7b7b,24794,4.2192,9
3e233a56,22435,4.2164,9
29e8e326,25308,4.2219,9
103b380e,28529,4.2219,9
285e34fb,20114,4.2219,9
2b839b79,29946,4.2219,9
a040bd1,27496,4.2219,9
47cb4464,24711,4.2192,9
2dd2714d,22623,4.2219,9
43cd5602,30140,4.2219,9
74224551,25247,4.2219,9
5e529287,22588,4.2219,9
155143be,23639,4.2164,9
60b4d819,25617,4.2219,9
4960ff4b,23726,4.2219,9
2f0e33fb,25722,4.2219,9
65025a37,24181,4.2219,9
50109d7f,26211,4.2219,9
2330229e,28549,4.2247,9
29951de4,18836,4.2247,9
28c1c289,25114,4.2192,9
332b6cb8,26526,4.2219,9
440f4b08,18452,4.2247,9
6609b5c5,18440,4.2247,9
d908bf8,26052,4.2247,9
2b78aebb,18873,4.2247,9
43de59c0,18727,4.2219,9
537733e8,26887,4.2247,9
1dea33db,26741,4.2247,9
563b3856,24702,4.2192,9
3858495c,28079,4.2219,9
742850c6,22228,4.2247,9
9f907ce,25636,4.2247,9
1b3eaeb0,25424,4.2247,9
4ce60184,30963,4.2247,9
439079c6,19813,4.2247,9
3978da41,23739,4.2247,9
592097b2,27032,4.2192,9
78fe6dd7,22652,4.2247,9
468a96d,19737,4.2247,9
4476be6f,26771,4.2247,9
3b23ce72,22286,4.2247,9
30389c14,23672,4.2247,9
556ea796,18931,4.2247,9
715a78bf,27876,4.2247,9
2e353d,27874,4.2247,9
2e8d49b8,29875,4.2247,9
25db2b14,26813,4.2137,9
51f7cb87,31327,4.2219,9
73cace86,28077,4.2247,9
2bc9a1f,22890,4.2247,9
29dc7e9e,30596,4.2192,9
44cfb2fa,27480,4.2247,9
7ec382d7,25388,4.2247,9
1107d57b,21393,4.2247,9
32b94cf3,27570,4.2247,9
7ff5e279,30243,4.2247,9
349c9723,23576,4.2274,9
2fc472d2,25713,4.2219,9
52969fcd,25991,4.2247,9
37ecaa98,26596,4.2247,9
30217a72,25101,4.2274,9
1fa2dd00,26810,4.2274,9
4f577458,25275,4.2274,9
29d9f288,25125,4.2274,9
1210ef2b,18326,4.2274,2
1b537ab4,25087,4.2274,9
6fd23832,26762,4.2274,9
979caf2,27179,4.2274,9
1c850541,25985,4.2274,9
1c835abf,23557,4.2247,9
deb79c0,988,4.2192,2
626ef2b5,18471,4.2274,9
25078a50,26942,4.2274,9
119c2cbc,29895,4.2219,9
174cda92,24706,4.2274,9
2a26994,20146,4.2274,9
1bee269a,24719,4.2247,9
6be70097,23875,4.2274,9
1a8edf33,27033,4.2274,9
bf1eb3f,28096,4.2219,9
61c1c62d,18707,4.2274,9
3271813a,28530,4.2274,9
5eeaa700,26565,4.2274,9
1ade2d52,26000,4.2274,9
5ac617f1,26496,4.2274,9
35d9522a,25701,4.2274,9
b9f7dfa,18978,4.2274,9
46092e,28573,4.2274,9
6ad5ef48,25236,4.2274,9
1562b83a,22501,4.2274,9
65e267c1,30139,4.2274,9
38f28492,18408,4.2247,9
55dd0d2a,26959,4.2274,9
4882a1cd,24680,4.2247,9
10371776,18438,4.2274,9
1094ce22,25116,4.2274,9
1880ed0b,26210,4.2164,9
2a33404d,30519,4.2247,9
66be6f9e,27612,4.2274,9
5b378a3e,23671,4.2219,9
7393aa89,30855,4.2219,9
45409f07,25099,4.2274,9
5017caae,18553,4.2274,9
3796cce8,23587,4.2274,9
59bfef71,27115,4.2274,9
1846ebe6,23727,4.2274,9
766a00fa,32017,4.2274,9
771a6353,22482,4.2274,9
5aa95719,30087,4.2274,9
51f8cea6,25993,4.2274,9
7e4e06a4,26207,4.2274,9
5885a447,24961,4.2301,9
7c2154ff,19417,4.2301,9
5f784c97,23731,4.2274,9
5e32088d,30837,4.2301,9
6c06e77a,27711,4.2301,9
6b3b3823,27477,4.2247,9
65ce68c6,23725,4.2301,9
101c4fa4,18714,4.2301,9
666c77f4,25719,4.2301,9
5424a13a,29874,4.2301,9
423a6b20,28550,4.2219,9
30296dac,18558,4.2301,9
35ff6f8a,27629,4.2219,9
4423357e,23782,4.2301,9
1d5d5a94,30520,4.2301,9
55d125b1,25720,4.2301,9
2eee66aa,23636,4.2301,9
d59b0c2,28055,4.2301,9
60a3dfc2,28076,4.2301,9
3df68e6d,25427,4.2301,9
61d6d8cf,27611,4.2301,9
3c502969,29925,4.2301,9
42f3acee,21141,4.2301,9
4bffc73b,19560,4.2301,9
1cb86e2b,18841,4.2301,9
219e07b4,25272,4.2301,9
796b0629,31980,4.2301,9
5023e6e5,28795,4.2274,9
cc70dd4,30518,4.2301,9
7ed55bb5,18715,4.2301,9
4b268d4b,18655,4.2301,9
14b07b32,19607,4.2301,9
45427db7,26759,4.2329,9
452b0212,24690,4.2329,9
119e8e59,24943,4.2329,9
6ead05f4,31328,4.2301,9
79539af8,31393,4.2329,9
2faaffa0,24054,4.2329,9
4a23504a,19727,4.2329,9
589ec0e5,22437,4.2329,9
4c277e5f,18610,4.2329,9
297c61d2,21273,4.2329,9
2946b979,26743,4.2301,9
2a21aeb5,26890,4.2329,9
5169140e,23663,4.2329,9
3472802d,26820,4.2329,9
198bf69,25992,4.2329,9
76baec83,27019,4.2329,9
3e2a00dd,30207,4.2301,9
6a2b0e5c,25098,4.2301,9
7eaa8e99,25115,4.2329,9
73fbbe73,23842,4.2329,9
375c3492,23868,4.2301,9
16a3180e,18948,4.2329,9
2448ad68,22325,4.2329,9
a6e97b4,19108,4.2329,9
34fe5159,23571,4.2329,9
5c40dacf,24851,4.2329,9
522dda21,24216,4.2247,9
48e86e1d,25714,4.2329,9
33ef1ee1,26051,4.2329,9
4dc2ec1f,23865,4.2329,9
170ed1ca,22492,4.2274,9
2bcefdd8,30146,4.2247,9
76993f8a,25122,4.2329,9
6d6c16d4,27664,4.2329,9
601df656,18410,4.2329,9
3ae55c5e,23732,4.2329,9
5b044a49,25654,4.2329,9
7784ccc,18482,4.2329,9
8d8b533,22229,4.2301,9
184f0fda,19562,4.2329,9
fcc8351,27684,4.2247,9
61e05898,29854,4.2356,9
24bb7644,26780,4.2356,9
327aaf59,22443,4.2356,9
69873ecd,26891,4.2356,9
37d5e9e,18472,4.2356,9
9d6cdf8,22892,4.2356,9
8034918,23635,4.2356,9
721e14f0,26680,4.2356,9
15673292,30232,4.2356,9
45c617a5,27143,4.2356,9
7a40bbe8,27701,4.2274,9
267767f6,20119,4.2356,9
24ed5a60,27633,4.2356,9
1bb6c312,18497,4.2356,9
12fa1dc5,19092,4.2356,9
37699154,26536,4.2329,9
649f72a4,25276,4.2356,9
42e7d323,28721,4.2356,9
3d87af6c,18389,4.2356,9
1084559d,25244,4.2356,9
6b1c95e8,27951,4.2356,9
179e3d63,19130,4.2356,9
17620c33,18784,4.2329,9
25f89bff,26763,4.2356,9
2a44e97d,31513,4.2356,9
1fce46f6,24056,4.2356,9
4cd7ac73,18559,4.2329,9
4bd3324e,23704,4.2356,9
275bc79b,24058,4.2356,9
2a957fa8,30246,4.2301,9
27177486,25500,4.2356,9
72376456,27093,4.2356,9
5652e023,25590,4.2384,9
4c1e9e5,31447,4.2384,9
528aeea,25672,4.2384,9
1987598d,20303,4.2384,9
28366df7,25620,4.2384,9
5815f166,26886,4.2384,9
5e77cdb9,25081,4.2384,9
1a53b282,19721,4.2384,9
16a3ce9,23876,4.2384,9
5310a540,21284,4.2384,9
130f0e36,29937,4.2384,9
11ae085,21636,4.2384,9
306776eb,24681,4.2384,9
478e2f40,30521,4.2384,9
1162b854,31276,4.2384,9
7a776af0,19592,4.2384,9
71ac8b7b,23564,4.2384,9
476e4e21,25702,4.2384,9
434aee80,18757,4.2384,9
22b2cf3,25638,4.2384,9
1749889e,30217,4.2384,9
22e3c310,24985,4.2356,9
68ef7349,24992,4.2356,9
36c91722,26029,4.2356,9
6ddee9bc,23733,4.2384,9
360891e1,26203,4.2356,9
428252da,24698,4.2384,9
acf3f73,24864,4.2384,9
74c1590f,21254,4.2301,9
6ec8dd22,22311,4.2247,9
2e975956,19591,4.2384,9
1cbdce83,31419,4.2384,9
6f7a4ec0,18720,4.2384,9
118d6b01,30265,4.2384,9
398495df,30240,4.2329,9
499a5db3,31468,4.2301,9
4b3f9dba,25148,4.2384,9
768ec653,18329,4.2384,2
ca17ee0,28714,4.2384,9
111628c6,31353,4.2356,9
264f53c0,23574,4.2411,9
219e7f97,21167,4.2411,9
16e237a,27707,4.2411,9
3a8e5569,22888,4.2411,9
6603c0ab,27827,4.2411,9
6f3c4d13,30641,4.2411,9
3433793b,29910,4.2411,9
4436e934,28531,4.2411,9
cdbc9c6,22493,4.2411,9
7425566e,18395,4.2411,9
2489d1ce,21178,4.2411,9
5bf01370,25091,4.2411,9
28fc3e73,19917,4.2384,9
7abb4753,31354,4.2411,9
32e419b2,26842,4.2411,9
24f3f84c,30238,4.2411,9
7fc31431,25313,4.2384,9
3685a21c,27667,4.2356,9
16a4ea40,31264,4.2411,9
2dae4140,21188,4.2411,9
4a2bba58,18509,4.2411,9
51257443,26757,4.2411,9
2f3d4b84,27119,4.2384,9
60e262cd,22220,4.2356,9
3f198bd0,27879,4.2411,9
28770f11,19111,4.2411,9
528af130,30609,4.2411,9
769051c4,19154,4.2411,9
210d15a6,30208,4.2411,9
52b94d5c,25251,4.2356,9
42a6cf9d,26204,4.2411,9
4720b588,20123,4.2411,9
e4928ef,24934,4.2384,9
4131da1d,26208,4.2411,9
160257d7,21394,4.2411,9
507e5e01,24996,4.2411,9
62acb8ad,21170,4.2411,9
20e2dd85,24008,4.2411,9
67ab8726,28054,4.2411,9
6393d8eb,27403,4.2356,9
4fd562aa,31462,4.2411,9
593cb3d2,25705,4.2411,9
647d7de4,19095,4.2411,9
52458a1b,26794,4.2411,9
69eca5c2,22285,4.2411,9
278811b9,31967,4.2411,9
14c57c94,21428,4.2411,9
1bd8b1b5,26538,4.2411,9
65b3e587,22589,4.2411,9
5e8e9e19,20204,4.2411,9
697d8e46,26814,4.2411,9
56636e21,23877,4.2411,9
1acd3728,25165,4.2411,9
8683841,26876,4.2384,9
50499b42,30293,4.2384,9
78f51df3,23662,4.2411,9
728d6b16,26738,4.2411,9
7f5a3aaa,18843,4.2411,9
7787c4bf,19492,4.2411,9
6b7acb8f,18439,4.2411,9
3a58ae08,30244,4.2411,9
733b3332,25623,4.2411,9
6a772398,25033,4.2411,9
231cb055,27369,4.2411,9
5ccb62d0,26774,4.2438,9
764368d8,19206,4.2438,9
25fbee6b,30294,4.2438,9
63237c99,31345,4.2438,9
64f95fcf,31963,4.2384,9
47f19d62,24976,4.2438,9
991ee20,30241,4.2411,9
7ea195be,30233,4.2411,9
37a34869,24930,4.2384,9
7363c1cf,18719,4.2438,9
b5cac8e,23914,4.2438,9
25758d0d,18674,4.2411,9
2393876d,27627,4.2438,9
7ff2358d,27708,4.2438,9
4e135769,24678,4.2438,9
520d19bc,24965,4.2438,9
20c5aaf9,27016,4.2438,9
29515609,20304,4.2411,9
164604a1,31458,4.2438,9
42bab11f,30838,4.2438,9
4f2549d3,26769,4.2438,9
7a7e3157,23640,4.2438,9
6ce7bf20,18848,4.2438,9
4aa2dd11,195,4.2438,1
2a5dc35a,22347,4.2438,9
5d07af13,24857,4.2438,9
7735ecd6,19982,4.2438,9
38090eb1,19205,4.2438,9
6946b82f,30965,4.2411,9
4ef51bdd,27014,4.2438,9
3550ba43,26537,4.2411,9
2cec965,28798,4.2356,9
55cfe4cd,31355,4.2438,9
25431443,31511,4.2438,9
79184704,24715,4.2438,9
49aa68c6,25396,4.2411,9
636904b2,31574,4.2411,9
5e35e590,9633,4.2411,2
65aeb935,18867,4.2438,9
7f58011e,18749,4.2438,9
543fd6d3,19482,4.2438,9
2557a0a1,23819,4.2438,9
3520d22f,25708,4.2438,9
acf7564,24886,4.2438,9
20eca3a0,21422,4.2438,9
38265db4,24759,4.2438,9
34c7f7aa,25117,4.2438,9
699fb1f0,23948,4.2438,9
ba45135,31495,4.2438,9
7a317170,22287,4.2438,9
3f852c35,26772,4.2438,9
35c41d8c,19207,4.2466,9
79ab1e01,26883,4.2466,9
6bca486c,27046,4.2466,9
1c40dff8,19895,4.2466,9
6d0b97f1,28547,4.2438,9
7bf9eae1,26346,4.2466,9
6e44a06f,22185,4.2466,9
1fb72364,18390,4.2438,9
1e9a406,18729,4.2466,9
16133a82,21246,4.2466,9
74e10d40,18840,4.2466,9
45e4a832,23696,4.2466,9
717efc8d,27116,4.2466,9
3a727d15,22484,4.2466,9
4685ec16,18787,4.2466,9
26c069cc,26792,4.2438,9
205c630d,25201,4.2466,9
5f3ee720,18788,4.2466,9
50fbbb7d,28657,4.2466,9
9ef28c6,19158,4.2466,9
60e390b1,25588,4.2438,9
240dbd97,20103,4.2466,9
45480b68,26497,4.2466,9
6cf5cc7,19418,4.2384,9
7616edc0,9641,4.2466,2
3a90a0dd,24937,4.2466,9
2237511c,19723,4.2466,9
a8c9dab,25202,4.2438,9
5385226c,25044,4.2466,9
f1ad4d9,9634,4.2438,2
555bb7c0,19886,4.2466,9
734f9899,23753,4.2466,9
32f603dd,18744,4.2466,9
60fef22a,31515,4.2466,9
5c79b1ed,21109,4.2438,9
51c1aa7,21168,4.2466,9
32d10a29,26884,4.2438,9
a98d1cd,30020,4.2438,9
872c3a8,23844,4.2466,9
1915fd92,23817,4.2466,9
7a965b6a,23588,4.2466,9
7cb91535,20301,4.2466,9
30e3b5d6,31569,4.2466,9
2e925fe1,26555,4.2466,9
24a4a50b,25168,4.2466,9
18ddcecc,30964,4.2466,9
2c79705f,24722,4.2466,9
496aca04,24923,4.2438,9
1193d03,29918,4.2438,9
3dc80796,25655,4.2493,9
4b15154d,27875,4.2466,9
2ee3d665,18965,4.2493,9
2c097ff8,26205,4.2493,9
1b89b308,23643,4.2493,9
6430ae5f,18847,4.2493,9
1939f1f8,26502,4.2466,9
7ae530ef,21189,4.2493,9
7c576153,26775,4.2493,9
2a37e910,21276,4.2493,9
449db8fd,18459,4.2493,9
7906d6f1,31410,4.2466,9
477bdcf3,22277,4.2493,9
e170b6,25550,4.2466,9
158b76d3,27017,4.2493,9
5af58bcd,19098,4.2466,9
43f05824,25986,4.2493,9
481fe42c,21191,4.2466,9
6ec3e12,30648,4.2493,9
70b166e1,30914,4.2438,9
31c121ab,25703,4.2493,9
6489d3b,25618,4.2493,9
64ebc9a8,25411,4.2493,9
61b33f4e,18473,4.2493,9
1acedbf7,20120,4.2493,9
22a53236,31971,4.2438,9
223a7d7c,26595,4.2493,9
60598d45,20104,4.2493,9
18e8874f,25105,4.2466,9
7415e6c6,18874,4.2493,9
5b5a4a5,26881,4.2466,9
292a32f3,18713,4.2466,9
75240a66,19531,4.2438,9
2edcf1d2,23843,4.2493,9
228b390,30309,4.2466,9
f5de987,25537,4.2493,9
f7b3685,25011,4.2466,9
6e4f820,30924,4.2466,9
7ea1efa5,25710,4.2466,9
2443ac97,28574,4.2466,9
57e33b77,28576,4.2466,9
2b83bd2d,26681,4.2493,9
62989bee,19167,4.2493,9
439c5a65,18716,4.2493,9
32b15974,24997,4.2493,9
46de0da,32038,4.2493,9
73598e65,32039,4.2493,9
220c5c52,19757,4.2493,9
3627504,19689,4.2493,9
3ba0e6e5,19822,4.2466,9
4c0c2479,32094,4.2493,9
5020ba7b,20302,4.2493,9
100e82e1,30306,4.2493,9
541fb1,24213,4.2493,9
46cddab5,30099,4.2493,9
3cff5690,31450,4.2466,9
69d9d016,26894,4.2493,9
4be1d8f8,25583,4.2466,9
2f1d7369,18475,4.2493,9
da44e46,24938,4.2493,9
2d2d71d4,25657,4.2493,9
6b20e937,30209,4.2493,9
4cdedd25,26650,4.2493,9
63276c86,25199,4.2521,9
25c202e7,19511,4.2521,9
12e6691a,25235,4.2521,9
49c72e39,19416,4.2521,9
73caf5d1,21420,4.2493,9
7abc0d7b,26748,4.2521,9
2b51f472,22627,4.2493,9
1e311ec5,26940,4.2521,9
6e775ddc,23637,4.2521,9
4ab749be,25987,4.2521,9
14f76db6,27668,4.2521,9
6ee1c6fe,30283,4.2493,9
78303ad1,30966,4.2521,9
2c7d11b6,25149,4.2521,9
5cf7473e,25501,4.2521,9
3c41bc68,22348,4.2521,9
455eff83,18934,4.2521,9
1eaa63f,22594,4.2521,9
6742df8b,26989,4.2493,9
56518df7,21643,4.2493,9
6441d259,18882,4.2521,9
51e660cd,22495,4.2521,9
30ce5bb0,18883,4.2493,9
342500a8,21145,4.2521,9
410164a5,30926,4.2493,9
67d323c4,25624,4.2521,9
1b656747,18374,4.2521,9
71dcad68,26773,4.2521,9
62cc6db6,22480,4.2521,9
338d6b38,30236,4.2493,9
79e305a0,25200,4.2521,9
498c0a84,21084,4.2521,9
5daf5930,26756,4.2521,9
5233d16,18582,4.2521,9
648ce617,27370,4.2521,9
4d7d0828,28588,4.2521,9
6abcae6e,24828,4.2521,9
76ebe5a2,25045,4.2493,9
75d41936,25012,4.2521,9
214b02f,27750,4.2521,9
50cd63ec,25652,4.2493,9
5f8d7845,24728,4.2521,9
76e250e3,28715,4.2521,9
232aeaa0,32093,4.2521,9
3e934884,26984,4.2521,9
18c32f2a,25309,4.2438,9
2c382327,22331,4.2521,9
7a284c01,27767,4.2521,9
12fcee6d,30856,4.2521,9
6fd6c395,28082,4.2521,9
48390b0b,25653,4.2521,9
3cb29746,19896,4.2521,9
3d894585,28532,4.2493,9
50457808,18485,4.2521,9
1f30aadd,22889,4.2521,9
b88d906,23891,4.2466,9
50a45058,31357,4.2493,9
7884f5ad,30239,4.2521,9
f563255,25639,4.2521,9
74288e8f,23563,4.2521,9
67c26c2,19738,4.2521,9
590a823d,22302,4.2521,9
6770c7d3,18421,4.2521,9
579c6144,31334,4.2493,9
3d276002,19161,4.2521,9
5c88762a,25119,4.2548,9
682ababe,26723,4.2548,9
509933e7,22483,4.2548,9
56b87e86,18372,4.2548,9
491e7b5d,24709,4.2384,9
745cc78a,18517,4.2521,9
6d43d4ed,28103,4.2548,9
781acb8d,21118,4.2548,9
42648340,27384,4.2548,9
50167c11,18730,4.2548,9
23012e42,24169,4.2548,9
d69df0c,19510,4.2466,9
6b713362,24705,4.2548,9
8642ce9,18441,4.2466,9
1904fdf6,26556,4.2548,9
22bd6099,24882,4.2548,9
61ef5a7d,26764,4.2548,9
1de553fb,22517,4.2548,9
3679f01,27476,4.2548,9
2a4df8e0,19157,4.2548,9
6ae6b6dd,25423,4.2548,9
63bdec98,27768,4.2548,9
789a6e20,23915,4.2548,9
473a69a5,25422,4.2548,9
2f5135a,26632,4.2548,9
4ce5b846,21351,4.2548,9
ea0e6b0,22516,4.2548,9
31034072,30311,4.2548,9
1bc6facb,30915,4.2548,9
12da0a65,24784,4.2548,9
348d4b36,24010,4.2548,9
1f268d05,19461,4.2493,9
331a3c88,22289,4.2548,9
2fdbb05b,21337,4.2493,9
4be4e00,23878,4.2493,9
66a2dc63,26053,4.2548,9
3985522e,22590,4.2493,9
23ef9758,23697,4.2548,9
69285fb9,29980,4.2548,9
1f90c2d2,25107,4.2548,9
6fa15487,21112,4.2548,9
76dfaf38,21338,4.2521,9
6fcd88b4,19162,4.2521,9
44b3c763,19561,4.2548,9
5d2c0b75,18966,4.2548,9
38cc793b,19408,4.2493,9
3b47debe,21635,4.2548,9
61958e6a,19164,4.2548,9
20e8c762,25126,4.2548,9
5c5f568e,25658,4.2521,9
701e99f,25428,4.2521,9
2b665ef,18942,4.2548,9
4f9d4d0d,20306,4.2521,9
69508956,31494,4.2548,9
6195d8f2,29889,4.2548,9
503d4032,26513,4.2521,9
756d8a1d,29963,4.2548,9
189aa7df,26758,4.2548,9
5787ae76,25429,4.2548,9
6d815864,25994,4.2575,9
74a51aab,23797,4.2575,9
394cffbf,19524,4.2575,9
535202fe,22927,4.2575,9
78b64294,25322,4.2548,9
34f73288,27410,4.2575,9
685b16ff,20294,4.2575,9
cbb97be,18732,4.2575,9
6887bc9b,18385,4.2548,9
2b687135,31280,4.2575,9
531d0f3e,27034,4.2575,9
2504ce10,26447,4.2575,9
3634ad4c,23644,4.2575,9
75b20c86,28552,4.2575,9
78dc13ca,19724,4.2575,9
2927f90c,23870,4.2575,9
48801ec0,22234,4.2575,9
5bcd9451,31093,4.2575,9
3efe6592,32097,4.2575,9
262463c4,30874,4.2575,9
7ff9c99b,18881,4.2575,9
6e9a1fde,22247,4.2575,9
59426140,21088,4.2575,9
145d5d0f,22624,4.2575,9
11e22603,19897,4.2575,9
2f38bf0e,25191,4.2548,9
65ba93c8,22400,4.2575,9
1bf11f55,30245,4.2575,9
1ba3f016,18855,4.2575,9
7189eca3,19419,4.2575,9
409c1589,19986,4.2575,9
192eadb8,25223,4.2575,9
5304a178,26948,4.2548,9
57a3d84e,24865,4.2575,9
128d3d86,21086,4.2575,9
6971caed,21202,4.2575,9
49e1aa17,23783,4.2575,9
3f18dd32,30581,4.2548,9
76301337,26514,4.2548,9
11f199be,19823,4.2521,9
55842885,23785,4.2548,9
2c8c9e4a,22353,4.2575,9
36bc3f9d,26849,4.2575,9
5ad38947,19432,4.2575,9
47f2d7ca,27581,4.2575,9
5bf247e2,26618,4.2575,9
33461fb1,27024,4.2521,9
7bf0a95d,22320,4.2548,9
3daf9ed5,24214,4.2548,9
6c32522d,22230,4.2575,9
6f8a638d,23680,4.2575,9
5056f8aa,27888,4.2548,9
2e8b7bb7,30051,4.2521,9
52e6a54a,28796,4.2548,9
12a1f3e0,24215,4.2575,9
77211151,18565,4.2575,9
10d534b7,28658,4.2575,9
6576b3d9,27685,4.2575,9
78557264,23596,4.2575,9
7014fa6,19131,4.2575,9
3e48a37d,21432,4.2575,9
6e702716,23929,4.2575,9
3d65beee,25564,4.2575,9
3094aa9b,23598,4.2603,9
4b3cb4bf,26651,4.2603,9
249b7259,25715,4.2603,9
267d8fec,18868,4.2603,9
41588dc,27047,4.2603,9
34992aea,21319,4.2603,9
21cc8e90,23728,4.2603,9
b2e1e1c,24993,4.2575,9
f7b5f5a,25656,4.2603,9
708ded56,26781,4.2603,9
d3e47d7,28799,4.2603,9
48c3e0ee,29986,4.2548,9
1d97f723,23818,4.2603,9
2ef4e9a,25103,4.2603,9
7d90a1ef,18525,4.2603,9
26c32370,29890,4.2603,9
2a83ea23,26812,4.2603,9
80f2ebf,25043,4.2603,9
706c3aba,26598,4.2603,9
88b7281,27669,4.2575,9
3d6c5341,27021,4.2603,9
4ce7f885,21098,4.2603,9
27fcf76f,20156,4.2603,9
5d4fb249,20153,4.2603,9
e03cc1b,24699,4.2603,9
51aa70c1,19420,4.2603,9
227a99a1,18446,4.2603,9
207ba5d,30242,4.2603,9
12f4dd12,26878,4.2603,9
105a8bf5,21392,4.2603,9
5fd60a5,18592,4.2603,9
37f91dbf,26744,4.2603,9
661bbfce,28540,4.2603,9
59713402,19163,4.2603,9
6dd97e73,23952,4.2603,9
2d6eb08e,28553,4.2603,9
2998551e,25169,4.2548,9
76828b47,18790,4.2603,9
30956c87,23917,4.2603,9
12c67a2c,27702,4.2603,9
42479d52,26864,4.2575,9
f10d0ad,30234,4.2603,9
5efda607,24931,4.2603,9
2ea6cc79,20336,4.2575,9
62107e7d,18330,4.2603,2
50f569f2,18721,4.2603,9
67d0f58e,25391,4.2575,9
7f0d2809,23852,4.2575,9
4cc74e3,23618,4.2603,9
6c3eaff2,25212,4.2603,9
7ae58f1c,23869,4.2603,9
1d6997cf,19112,4.2603,9
2f30977b,30052,4.2603,9
3eeb2a0,27120,4.2603,9
1a36cc10,21085,4.2603,9
4c7d2d25,24682,4.263,9
63c17f0,27389,4.263,9
1dfb1c8a,29345,4.263,9
6bf6d627,26973,4.263,9
478cc105,20186,4.263,9
3ba7b094,29876,4.263,9
623dd8d4,26815,4.263,9
44d7b153,20260,4.263,9
59cd498b,19991,4.263,9
7a7d3a60,19129,4.263,9
5bd848c3,25392,4.263,9
572fd014,26860,4.263,9
4c69a89b,26726,4.263,9
5fd4254c,31550,4.2603,9
428ae49c,27497,4.263,9
4653f025,18578,4.263,9
6f55378b,30256,4.263,9
6ef9678a,25238,4.2603,9
49f2d9ae,23548,4.263,9
4f3c6a78,29962,4.263,9
fdd4674,25123,4.263,9
2a3db532,25718,4.263,9
7410e208,26252,4.263,9
2b707a8d,19159,4.263,9
4e7b7771,21087,4.263,9
928dfa9,22326,4.263,9
7adb7c26,21146,4.263,9
52d7d5e2,21277,4.263,9
4702e036,31339,4.263,9
c4193f6,18656,4.263,9
7d24f1ef,25193,4.2548,9
898aae8,23734,4.263,9
2983dd91,31307,4.263,9
45176586,18629,4.263,9
3e742ef7,23871,4.263,9
15442e42,25311,4.263,9
47a34cf5,27624,4.263,9
584619e8,25100,4.263,9
195df653,29896,4.263,9
6f1e2824,23791,4.263,9
115b4b14,27650,4.2603,9
5a953749,27956,4.2603,9
25d94143,27779,4.263,9
4d388549,18789,4.2548,9
53f9cbc2,22592,4.263,9
18312942,19410,4.263,9
778db05e,23829,4.2603,9
7e96712b,31439,4.2575,9
1c3b79d0,20099,4.263,9
63ac12e0,26848,4.263,9
7abe07a,28057,4.2603,9
bbd411d,31469,4.263,9
72c65cee,25331,4.263,9
68531da8,27383,4.263,9
74c96204,21647,4.263,9
21fb4ea6,25425,4.2603,9
250136a0,25584,4.263,9
1f09da92,20253,4.263,9
26390bf2,19751,4.263,9
665812f7,18448,4.2548,9
1696edc9,29846,4.2658,9
3a8e7d8d,26659,4.2658,9
548687b5,25253,4.2658,9
726fe878,28105,4.2658,9
53b6bb59,24692,4.2603,9
1a9dc6b7,18513,4.2658,9
7a46517e,27411,4.2658,9
30fc4f2c,31437,4.2658,9
49e9cc00,29987,4.2658,9
12fe97db,26796,4.2658,9
2d5b5dd9,25320,4.2658,9
77675a66,30230,4.2658,9
3a8ce9a,27852,4.263,9
11ed4ba0,26189,4.2658,9
65b18f54,23850,4.2658,9
21284cf0,25400,4.2658,9
2d34ef3d,32042,4.2658,9
60cd3497,27121,4.263,9
1b86c365,18483,4.2658,9
72a4346e,18375,4.2658,9
78637000,18561,4.263,9
71038a17,18717,4.2658,9
5c33e2b9,26938,4.263,9
f67aa15,28662,4.263,9
5292c0b5,20147,4.2575,9
f447db6,18333,4.2658,2
6c673889,25239,4.263,9
57925eea,22444,4.2548,9
3ec26f1c,27742,4.2658,9
1d94420,24829,4.263,9
1c224b8e,18667,4.2658,9
423c4888,20105,4.2603,9
703965d8,22481,4.2658,9
254fa826,27576,4.263,9
6e7c10eb,32018,4.2658,9
4e247da4,27533,4.2658,9
7508d61d,21395,4.2603,9
2d5e5e02,23745,4.2658,9
23abf80a,28792,4.2658,9
4e8f7886,26005,4.2603,9
7d84f774,31567,4.2658,9
22750888,23683,4.2658,9
5ee2df64,22515,4.2658,9
6b9cd776,30220,4.2658,9
7f3baf1e,23845,4.2658,9
111b9988,30916,4.2658,9
3179b226,23967,4.2658,9
4a1ad0ac,26782,4.2658,9
3b42ddc9,21638,4.2658,9
73132c3a,27778,4.2685,9
7eb97249,30870,4.2685,9
22d173a,30598,4.2685,9
2f2c2e23,26557,4.2658,9
4534b500,18511,4.2685,9
70aabcd5,25538,4.2685,9
2fe4e3ed,27404,4.2685,9
1a54e13d,25050,4.2685,9
54c78962,24798,4.2685,9
343bba4f,20280,4.2658,9
2bf937d,26660,4.2685,9
1152f409,20185,4.2685,9
2cb2b217,31411,4.2658,9
62c0ccbe,21144,4.2685,9
44d6a27a,22371,4.2685,9
7903c638,22322,4.2685,9
2d56916d,27104,4.2685,9
2ba2ca72,25430,4.2685,9
1239f71b,27634,4.2685,9
638d4254,31568,4.2685,9
31737ac9,28080,4.2658,9
7a496ab1,19750,4.2685,9
4705ced0,31412,4.2685,9
1a597804,27990,4.263,9
13cf06f9,18394,4.2685,9
22e2fad3,23573,4.2685,9
4b78c311,19412,4.2658,9
1a301b22,20130,4.2685,9
71a32e53,18837,4.263,9
44a276d6,22928,4.2685,9
49cf5518,21308,4.2685,9
53bcbe08,23572,4.263,9
3b05c39a,28659,4.2658,9
6c4606ea,27829,4.2685,9
5f12e9ef,31968,4.2685,9
696840fb,30644,4.263,9
117e1d92,24696,4.2685,9
7ce4575f,31347,4.2685,9
20497f7f,18591,4.2685,9
685ca708,19447,4.2685,9
493dbc9,25596,4.2685,9
43984d60,25240,4.2685,9
1d98b4e3,19436,4.2685,9
76c182a8,26783,4.2685,9
7ba81f9f,27144,4.2685,9
7adabec7,21433,4.2685,9
6cd4b180,26597,4.2685,9
581320fe,23964,4.2685,9
63fc9884,26867,4.2685,9
4c7f2eba,29855,4.2575,9
71fb65c,22914,4.2685,9
46ca7291,27737,4.2685,9
825f49e,27045,4.2685,9
41f5ea74,31420,4.2685,9
744a060e,26949,4.2603,9
e1df38d,21291,4.2658,9
1bd64625,19185,4.2685,9
751ea961,27481,4.2685,9
6a3ad7eb,26254,4.2658,9
5140abba,22456,4.2685,9
30a0bb84,25543,4.2685,9
19ee34db,24932,4.2685,9
193bd326,30221,4.2685,9
4d72b6c0,27423,4.2685,9
783b5871,21119,4.2658,9
109bf341,22288,4.2685,9
57fea097,25399,4.2658,9
fe2d81e,22192,4.2685,9
2db8e143,27537,4.2685,9
2d73df38,22342,4.263,9
62f61e4e,23933,4.2685,9
40aef09f,19113,4.2685,9
5915e2bc,19165,4.2712,9
334da224,27393,4.2685,9
619bde6d,25431,4.2712,9
62b85498,19523,4.2712,9
5606f0c9,30959,4.2685,9
20f0e8b7,19398,4.2712,9
7e72320f,20210,4.2685,9
41a5f31a,31570,4.2712,9
20c4c35f,30599,4.2712,9
7d632a0,25539,4.2712,9
685b9a1f,30229,4.2685,9
608892d,27836,4.2712,9
506c88,107,4.2712,1
36a50d10,21287,4.2685,9
2d641e39,26599,4.2712,9
29ae2b9,27889,4.2712,9
40995226,30247,4.2712,9
43ae5291,22591,4.2712,9
5d7d0a79,19596,4.2685,9
8a7b445,18636,4.2712,9
2a5cf15,22418,4.2712,9
332e3f0a,22369,4.2685,9
33854ccb,27360,4.2685,9
1ff4e0c9,21169,4.2712,9
5d605a52,31155,4.2712,9
4f55570a,28754,4.2712,9
7553bf5f,18941,4.2658,9
6c29562a,9642,4.2658,2
546301ce,22238,4.2712,9
b8e63da,18396,4.2712,9
634f9cb3,1522,4.2712,2
45f11ef6,23846,4.2712,9
9501af7,23641,4.2712,9
713838b4,22915,4.2685,9
23462dbd,23798,4.2685,9
2a480c80,22332,4.2712,9
1a857ce5,26012,4.2658,9
52a6314,26707,4.2712,9
af27658,30872,4.2685,9
6034478a,22351,4.2712,9
51e77d3d,30917,4.2712,9
8bc3a81,27780,4.2685,9
58672721,21644,4.2603,9
15b1b67b,24796,4.2712,9
ce84223,19999,4.2712,9
4e225c23,18845,4.2712,9
24c6de4f,24757,4.2712,9
3c5cb6c2,29352,4.2712,9
72eb0230,19685,4.2712,9
2ef49b0a,25679,4.2685,9
4f3133dd,21434,4.2712,9
4597cdfa,24679,4.2712,9
69889291,21324,4.2712,9
6b88f3c,22916,4.2685,9
4051ebed,27709,4.2712,9
3b521600,18665,4.2712,9
16e317e1,26506,4.2658,9
5460ab6e,25310,4.2712,9
19b0569a,23968,4.2712,9
1b213c8c,22334,4.2685,9
cea4bea,24182,4.2712,9
3068dbfe,31338,4.2712,9
3eba9e0d,19825,4.2685,9
6f50696f,28104,4.2685,9
1f14e76d,18981,4.2712,9
7d07fd55,26558,4.2712,9
bc67e20,24808,4.2712,9
61e6d3a3,27356,4.274,9
d11c5e1,26658,4.274,9
4f3e7c43,19464,4.274,9
77b12cfa,18560,4.274,9
201d9264,19127,4.274,9
23a0754b,30832,4.274,9
1f40c918,28106,4.274,9
6168e0f6,24988,4.274,9
2daac00d,31281,4.274,9
d80f2de,22375,4.2712,9
1491e27f,31337,4.274,9
3258cf4b,26683,4.2685,9
4909cba5,18460,4.274,9
4395c658,22924,4.274,9
580c564f,25439,4.2712,9
2cdae892,27625,4.2712,9
75ec63b3,28700,4.274,9
2b094a4f,18702,4.274,9
4643ee70,18844,4.2712,9
79c71fef,21381,4.274,9
7cc766d9,25711,4.263,9
7229fab,29979,4.274,9
6618e632,23746,4.274,9
3ff1a4ef,25996,4.2685,9
78c7fc66,26028,4.274,9
6b8bfb12,30021,4.274,9
4a83a927,18505,4.274,9
78e7aa44,24694,4.2712,9
3f045df2,24830,4.274,9
1450c7d4,18417,4.274,9
b63626b,21181,4.274,9
401e164a,25406,4.2712,9
198e0ce0,23823,4.274,9
7edafa33,18416,4.274,9
47839ee,20157,4.2712,9
14186330,29897,4.274,9
398efab2,30307,4.274,9
508e186f,21182,4.274,9
157cfcd9,31303,4.274,9
70d06e66,21342,4.274,9
422a0ca5,19918,4.274,9
c3f2538,27401,4.274,9
49b7b17d,27985,4.274,9
2cd219b0,31380,4.2685,9
3160cf2a,19739,4.274,9
1527fede,28059,4.2685,9
5e3ab2c7,27935,4.274,9
4ce7d281,25591,4.2658,9
2a4d4dae,28661,4.274,9
398438c0,30876,4.274,9
527a9d9,30871,4.274,9
e008f30,27183,4.274,9
5c0a56f0,26600,4.274,9
2837d66e,30927,4.274,9
56f93b4e,26909,4.274,9
23b06255,31970,4.274,9
1dc371ba,30022,4.274,9
2b7c5371,31459,4.2712,9
13f01924,28663,4.2712,9
6e64c380,18856,4.274,9
c4c635f,26198,4.2712,9
2c4e0a49,24735,4.274,9
4638e47,24785,4.274,9
2a06f0db,9643,4.2712,2
56153f67,21256,4.2685,9
ad57bae,25513,4.274,9
17c8d207,29964,4.274,9
491615ad,24810,4.2658,9
3687f5ef,25408,4.274,9
172ef09a,27577,4.274,9
46a75092,19421,4.2767,9
3fe59e96,27983,4.2767,9
2db04ce5,32096,4.2767,9
36c42c08,25619,4.274,9
568eb06a,31277,4.2767,9
2ad159e9,24869,4.2767,9
3953630b,25412,4.2767,9
2e60bc45,19752,4.2767,9
17c8a167,21341,4.2767,9
d4e5403,18932,4.2767,9
2df05a52,23853,4.2712,9
f993fdc,27106,4.2767,9
243038fe,28660,4.2767,9
5ba18e37,25108,4.2767,9
74ac7ddb,30582,4.2767,9
6b34212,30836,4.274,9
328ddb4d,32019,4.2767,9
175ff22a,26852,4.2767,9
7fbc6946,22567,4.2767,9
405806c0,18487,4.2712,9
578de9b5,25995,4.274,9
b0617ba,26661,4.2767,9
63a07a52,27560,4.2767,9
4618092c,26689,4.2767,9
634e1ee0,23606,4.274,9
5b36837d,20246,4.274,9
60b6f466,30857,4.2767,9
a460c8,18944,4.2767,9
138ec722,19683,4.2767,9
2b8e4d6e,26923,4.2767,9
80fdaf7,22333,4.2685,9
6d5dab03,22917,4.2767,9
7593cb56,27686,4.2767,9
2caf1db7,25150,4.274,9
43bb1a83,30875,4.2767,9
52c0d2c4,18933,4.2767,9
5a81b2b7,24964,4.2767,9
5a040f57,23965,4.2712,9
3126a63a,29881,4.2767,9
65b0470c,27095,4.274,9
32f34507,18514,4.2767,9
48779ab9,30218,4.2767,9
4c64f2fb,22372,4.2767,9
2b8b545c,25312,4.274,9
77043e12,19546,4.2767,9
378f757,24967,4.2767,9
772e07d3,30533,4.2712,9
605b9c87,25413,4.2767,9
1cb6c0e7,22568,4.2767,9
6dee4e99,26601,4.274,9
29e8de3c,19995,4.2767,9
3ec8861d,20242,4.2767,9
49c314c1,27541,4.274,9
2e7f544d,28058,4.274,9
4e4089d,22368,4.2767,9
46e53b80,25353,4.2767,9
1be1041e,24884,4.2767,9
74972060,25438,4.2767,9
1d986e12,25120,4.274,9
56c99ac8,29941,4.2795,9
201ecf83,19699,4.2795,9
41a8bfd,31431,4.2795,9
17c8ae94,23757,4.2795,9
3b212ce4,29883,4.2795,9
2f455dc3,26521,4.2795,9
5a91082d,28536,4.2795,9
c25b62b,24870,4.2767,9
5c308131,21171,4.2795,9
e5e282d,22314,4.2795,9
5c5c99ab,18547,4.2795,9
7d69f8e5,19899,4.2795,9
2508c770,28062,4.2767,9
5ae89cbc,19132,4.2795,9
6241d78b,24980,4.2795,9
50ddb5f6,23754,4.2795,9
338ddbda,22502,4.2795,9
2d1ebc6b,22278,4.2795,9
4397e261,29919,4.274,9
410fcbcc,23642,4.2767,9
7c40a41e,24811,4.2795,9
21cee347,27853,4.2795,9
1b3beb8,31451,4.2795,9
79ebfef1,26001,4.274,9
656efa62,22321,4.2767,9
46051bab,25709,4.2795,9
3f9c2721,30649,4.2795,9
691e3f4e,25046,4.2795,9
4fa448ea,18625,4.2795,9
2112daf6,26682,4.2795,9
7fe954da,27118,4.2795,9
6715f026,21429,4.2767,9
a9b0736,26921,4.2795,9
54803440,31604,4.2795,9
3de9a9f9,25109,4.2795,9
5876e30f,26688,4.2767,9
1bea5efc,21352,4.2795,9
4be0cd96,25553,4.2767,9
893751a,27402,4.2767,9
40cf30ee,24867,4.2767,9
22bc12e2,18653,4.2795,9
2b948a3d,28091,4.2795,9
12bf2d76,19753,4.2795,9
62e9f8b9,25166,4.2795,9
7194ae39,31516,4.2767,9
71c16a5b,25237,4.2795,9
48b06ccd,26765,4.2795,9
230f2c30,19411,4.2767,9
e0e34d8,30839,4.2795,9
74e714f0,24868,4.2767,9
3ffac8a5,10855,4.274,2
65ce1dc6,19433,4.2795,9
56159a74,32040,4.2795,9
3fc3dff3,24898,4.2795,9
11b9356b,30845,4.2795,9
2a76c5e0,24172,4.2795,9
7ad5f638,27635,4.2795,9
69052c,24220,4.2767,9
21f47e95,31549,4.2795,9
3d31f68e,18648,4.2795,9
6880a326,25332,4.2822,9
1c160f07,27483,4.2822,9
20889b7f,25389,4.2822,9
228a592d,26701,4.2767,9
10bd4e74,20307,4.2795,9
7dc946d6,25170,4.2822,9
197e6973,24170,4.2795,9
69cd1840,24933,4.2822,9
13f925e3,24011,4.2822,9
24b12ebc,27406,4.2822,9
267bad79,18783,4.2822,9
19959c67,25155,4.2822,9
4e6efea8,9648,4.2822,2
4fe0e03d,18572,4.2795,9
730478df,18657,4.2795,9
15ec121f,24809,4.2822,9
76e6a04e,22357,4.2822,9
38051ad0,24939,4.2822,9
1a738c6,24873,4.2795,9
498ed1c7,29911,4.2822,9
54175035,19989,4.2822,9
106828f,23966,4.2822,9
266ea0a3,18718,4.2822,9
607a1a9f,26863,4.2767,9
3c875e03,25727,4.2822,9
2c0ee4fd,24221,4.2822,9
2c4400d9,23565,4.2822,9
141d7c9f,19697,4.2822,9
19019022,22374,4.2822,9
2ba28732,31496,4.2822,9
2d53b303,21278,4.2822,9
7ea3f771,30522,4.2822,9
75dbb2cc,28821,4.2822,9
219d2cb8,22399,4.2822,9
5e1b5590,26217,4.2822,9
61bfd276,18731,4.2822,9
72be708a,19204,4.2795,9
9bc5488,23851,4.2795,9
5144bee9,18733,4.2795,9
1974a095,18566,4.2822,9
1d47d1fe,30597,4.2822,9
2f49c42,29882,4.2822,9
7633c903,26619,4.2795,9
4a7faf58,31452,4.2795,9
6823fc3,31278,4.2822,9
4fa4d834,21639,4.2795,9
27b76b12,30094,4.2822,9
108515d3,26229,4.2822,9
5ba47214,24966,4.2795,9
3228742c,22593,4.2822,9
2edb6680,25640,4.2822,9
1648c505,25192,4.2822,9
41c620b9,18461,4.2822,9
6e84310a,21631,4.2822,9
1f7ca1e2,19537,4.2822,9
6a662beb,20100,4.2822,9
3ad6bb4f,18564,4.2822,9
7595d17e,30219,4.2795,9
f1c1d9f,18510,4.2795,9
54fe46e4,28693,4.2822,9
5b7d83f7,25213,4.2822,9
b8a7c7,26212,4.2822,9
6f27b2aa,20281,4.2795,9
2571d14b,27365,4.2822,9
494810cc,29887,4.2795,9
7e1d5029,18637,4.2795,9
3b5e56b2,25034,4.2822,9
3eef4cc8,31497,4.2822,9
69be0191,23575,4.2822,9
60f9b21a,25022,4.2849,9
3d5319ce,18626,4.2849,9
2478257c,30105,4.2849,9
93c3a8b,31981,4.2849,9
74618112,22506,4.2849,9
51596b39,24799,4.2849,9
346ff7ab,26191,4.2849,9
5cef7bcf,24700,4.2849,9
a028894,30610,4.2822,9
5cb8a61d,31470,4.2849,9
247e0851,19652,4.2822,9
3ee4bf44,31977,4.2822,9
757dc59c,28582,4.2849,9
2bb232c0,30525,4.2822,9
526bf9ff,27158,4.2849,9
6034f63,18575,4.2849,9
1d06ce78,18627,4.2849,9
6ccb961,22626,4.2849,9
b650c46,27665,4.2849,9
1701321e,20209,4.2822,9
4df7c394,19614,4.2795,9
3c5f5b88,20254,4.2849,9
5fbbfad3,23784,4.2767,9
7c1fca5e,26347,4.2822,9
62108601,21344,4.2849,9
99a5252,26508,4.2822,9
59752e9,26854,4.2849,9
24d512d0,28026,4.2849,9
243819fb,30583,4.2849,9
26777a18,19483,4.2849,9
40b1c059,25565,4.2849,9
4c7e190d,25394,4.2822,9
28ed36b8,19740,4.2849,9
35573e07,23584,4.2849,9
5f015ee6,27628,4.2849,9
7b2a93fc,25277,4.2849,9
1ef9d4a9,25158,4.2849,9
10fcde12,25441,4.2849,9
47a05be5,20160,4.2849,9
639fd5f,18630,4.2849,9
a924c99,26235,4.2849,9
25089b44,23709,4.2849,9
60328373,19409,4.2849,9
29a8492f,20001,4.2849,9
31462e07,22343,4.2849,9
507551d0,27122,4.2849,9
4f22bd2d,30833,4.2822,9
4f9484d8,30607,4.2822,9
3f5f6670,30611,4.2822,9
3595a72b,26566,4.2849,9
3a5120d4,22505,4.2849,9
52970df6,23954,4.2849,9
886095c,25712,4.2795,9
63dffed0,21113,4.2822,9
7b6bb17f,27736,4.2849,9
7d3d691a,20187,4.2849,9
11f9eb59,25152,4.2849,9
290ddcd3,27994,4.2849,9
35389e5c,23957,4.2849,9
72453729,22518,4.2849,9
d524e1,25278,4.2849,9
718f0a3a,30019,4.2849,9
137e21cd,19413,4.2849,9
4d83a3d8,19155,4.2849,9
aaf05ff,25258,4.2849,9
7b14a088,24061,4.2849,9
1986866e,22557,4.2822,9
14eb57b,29988,4.2849,9
494b7be5,24697,4.2849,9
3b390fce,26752,4.2822,9
3c22ebb,25566,4.2877,9
6577e8c1,23804,4.2877,9
48efb7f7,26665,4.2877,9
5a69695c,18805,4.2822,9
264954a8,25280,4.2877,9
295d4aa0,28056,4.2877,9
73368eaa,18504,4.2877,9
46d3cf34,20337,4.2877,9
57616d3b,18666,4.2877,9
142a353d,21298,4.2877,9
532ebacc,30579,4.2877,9
22b0fe81,26213,4.2877,9
b5c65f2,27966,4.2877,9
22d1a734,31266,4.2877,9
54afd585,26987,4.2849,9
5788d917,23820,4.2877,9
12ce9d06,31427,4.2877,9
1e6b2517,26498,4.2877,9
c8daf8d,25321,4.2849,9
3490bd49,21403,4.2877,9
5c0b2ddc,27554,4.2877,9
4dda072b,18851,4.2877,9
2b9a953b,27880,4.2877,9
1ad10ff4,25360,4.2877,9
24f1b3d,23688,4.2822,9
7d037502,22893,4.2877,9
6831bd5a,19498,4.2877,9
7db92efd,24023,4.2877,9
7d55484,19919,4.2849,9
756cc570,19698,4.2877,9
4196d3e6,19508,4.2877,9
6c4ace24,30524,4.2877,9
4927d9e6,27386,4.2849,9
5af3d2f7,196,4.2849,1
2d8d23ac,25586,4.2849,9
6013f029,27094,4.2849,9
6dd4ecc5,27180,4.2877,9
2433e2b6,18562,4.2877,9
606725df,18876,4.2877,9
1005e05f,31448,4.2877,9
c204bd1,26868,4.2849,9
6fe8d8ce,25390,4.2849,9
54f5b1d7,18616,4.2877,9
de53f4b,25542,4.2849,9
718e8da3,24998,4.2877,9
2ddc213d,21379,4.2822,9
325d31b0,28722,4.2849,9
1bdab19d,28575,4.2877,9
62d8d038,21376,4.2877,9
da3f86c,26843,4.2877,9
4663b44f,19898,4.2877,9
1d68dd82,30284,4.2877,9
5370c1eb,24786,4.2877,9
6c38a460,26013,4.2877,9
770d92ad,22382,4.2877,9
2c9781cf,23949,4.2877,9
77c8dd12,24055,4.2849,9
4fcd92be,31413,4.2877,9
22e23599,24795,4.2822,9
39e15392,30053,4.2877,9
29682498,25302,4.2877,9
59d58776,18409,4.2877,9
18795cea,23959,4.2877,9
3058804a,30148,4.2877,9
2b04fc81,20128,4.2822,9
18ca57b0,26985,4.2849,9
706efcd5,20148,4.2877,9
22a2703e,30318,4.2877,9
2ece701f,18404,4.2877,9
7994ee3e,22218,4.2877,9
64f3d5a1,29891,4.2849,9
63fc05be,25585,4.2849,9
526eba7f,22558,4.2877,9
5ed84476,25728,4.2877,9
33f460f2,31428,4.2877,9
f7d76a5,25514,4.2877,9
75d9f436,29981,4.2877,9
2d31757b,26924,4.2849,9
760bcec6,31491,4.2877,9
51912f3a,30889,4.2849,9
35bda3f3,25112,4.2877,9
fff9936,29383,4.2877,9
3924bba6,27849,4.2877,9
272a1bf1,21102,4.2904,9
7410d3f2,25316,4.2877,9
7f9a18d1,18652,4.2904,9
27e09eea,30658,4.2904,9
54258509,19613,4.2904,9
2327f9ef,23854,4.2904,9
2de9436b,27028,4.2849,9
c5431ca,24250,4.2904,9
7647cf7f,18520,4.2904,9
2f60e964,30035,4.2904,9
57952c4c,30288,4.2904,9
4b615fd0,26567,4.2877,9
6616fd17,22521,4.2795,9
4e151378,23676,4.2877,9
309ca1ba,25228,4.2877,9
71c2e7a6,26694,4.2877,9
20ed42cc,24800,4.2904,9
46851b7a,19422,4.2877,9
b09dc33,19522,4.2904,9
13c1e361,26855,4.2904,9
75d8c968,18501,4.2904,9
4d197b76,28694,4.2904,9
3f690e3d,30523,4.2904,9
51d98c61,18852,4.2877,9
6617f8bb,21243,4.2904,9
3c9f2d8f,25121,4.2904,9
4d1fb7d0,26939,4.2904,9
7ebfa492,27751,4.2904,9
950559e,27653,4.2877,9
641b3fc0,30335,4.2904,9
14777a51,23744,4.2904,9
2466ee38,28716,4.2904,9
49b355ad,24963,4.2904,9
277e5512,26913,4.2904,9
2c8908c6,27571,4.2904,9
3835af4,27394,4.2877,9
10077392,28638,4.2904,9
45046245,22487,4.2904,9
21af8d1b,23619,4.2849,9
38623720,30338,4.2904,9
3e84acbf,25589,4.2877,9
13d2485d,25551,4.2904,9
75221628,29902,4.2904,9
28389ac2,30077,4.2904,9
1ca73d2,21307,4.2904,9
db4316,24223,4.2904,9
65ad9673,23730,4.2904,9
9affe8e,21375,4.2904,9
130731a,26968,4.2849,9
106694eb,18645,4.2904,9
8277341,18464,4.2904,9
713c9ea2,25443,4.2904,9
7e8ab745,31392,4.2904,9
6f76dd16,26214,4.2904,9
6ddccb41,22440,4.2822,9
5ed210c0,18979,4.2877,9
75c9b4c0,19438,4.2904,9
1216e7d3,25214,4.2904,9
2c0e4902,18608,4.2877,9
27830901,30320,4.2904,9
69194921,25314,4.2904,9
514e8f76,26770,4.2877,9
f568a04,26841,4.2904,9
30a251ee,20159,4.2904,9
13d1569a,29953,4.2904,9
36414ea9,26429,4.2904,9
d7ce4cf,23740,4.2904,9
2ff3e9af,30295,4.2877,9
368f1f4d,20178,4.2904,9
a873b33,31335,4.2904,9
6037ec30,21245,4.2904,9
50b9cf08,21354,4.2904,9
1e02c725,19493,4.2904,9
2def2975,31373,4.2904,9
72661694,21343,4.2904,9
6c39465f,25442,4.2904,9
648a9f12,19640,4.2904,9
307aa677,25426,4.2849,9
726ad45a,26639,4.2932,9
54c76ff6,27890,4.2904,9
64050873,21645,4.2932,9
129539a,27831,4.2932,9
25c59fe1,23960,4.2932,9
4a92fc70,32022,4.2932,9
69833c1,31603,4.2932,9
4d66150b,24775,4.2932,9
33233209,25195,4.2932,9
4455a1d1,18515,4.2904,9
1979b457,19700,4.2877,9
5e389a82,19728,4.2932,9
230b0203,18449,4.2877,9
4a39749a,20162,4.2877,9
1eb6aa86,26030,4.2932,9
440cf58,27029,4.2904,9
7f20cec9,23684,4.2932,9
7e3cf813,30266,4.2932,9
55759fc8,21184,4.2932,9
574da031,25104,4.2904,9
2e627a97,26253,4.2904,9
3787e328,30036,4.2932,9
4ef5b1cf,25315,4.2932,9
7483cc08,31282,4.2932,9
4908a6cd,25545,4.2932,9
419e8267,18949,4.2932,9
22862852,28793,4.2932,9
488f5386,19677,4.2932,9
443daa94,24760,4.2932,9
5bb673ac,18668,4.2932,9
718585ce,22457,4.2932,9
62d2e714,27405,4.2932,9
50f39bab,22349,4.2932,9
24c5a326,18886,4.2904,9
51da1aed,24892,4.2932,9
1d38fdbe,20282,4.2932,9
7bfc6698,27542,4.2904,9
72a92652,31349,4.2904,9
73254798,25159,4.2932,9
29aa914f,30968,4.2932,9
31fafa44,19680,4.2932,9
adac19f,32077,4.2932,9
539a5edb,19701,4.2932,9
2ec79d0e,19168,4.2932,9
48896a48,18745,4.2932,9
14838cff,27482,4.2904,9
156e7432,23703,4.2932,9
753b47c,21089,4.2932,9
48b45f4,18486,4.2904,9
37a05284,19679,4.2877,9
ce7d5ee,26422,4.2904,9
7625b782,26690,4.2932,9
6a4eefa4,22449,4.2904,9
4213b8e,30999,4.2932,9
702456c5,31295,4.2932,9
6fa3f6b1,26784,4.2932,9
2ede19d0,22354,4.2932,9
1c24f140,26728,4.2932,9
18a1eaf,31305,4.2932,9
534af225,27424,4.2932,9
d847105,21632,4.2932,9
36913f04,27490,4.2904,9
67bf201f,21179,4.2932,9
63602d17,26702,4.2932,9
59b39e70,31421,4.2932,9
4dc27427,19827,4.2932,9
72141b84,27582,4.2904,9
6c357201,27734,4.2932,9
e5ff205,19133,4.2932,9
50e2cca5,26856,4.2904,9
2f83506,25229,4.2932,9
451afa22,22216,4.2932,9
34a4f75e,27706,4.2932,9
7265828b,24021,4.2932,9
3176c9c4,30585,4.2932,9
23affe22,18775,4.2904,9
68b7762e,26215,4.2932,9
3022f30e,23729,4.2877,9
6e8d5e5b,30237,4.2904,9
69b292a7,22655,4.2822,9
35303f5d,26636,4.2904,9
12ad0076,28590,4.2932,9
1656fbfe,30252,4.2932,9
6b0c6439,28595,4.2932,9
5f7264d2,28061,4.2932,9
5d1e72ba,25153,4.2932,9
25a671fa,22316,4.2932,9
40ef7bb,22401,4.2932,9
cab76af,30336,4.2932,9
4033c71c,26915,4.2932,9
5897aea4,27407,4.2932,9
1509f83,30576,4.2932,9
560c4741,18908,4.2932,9
25ccd114,21147,4.2904,9
7205c50c,21199,4.2932,9
2cd0f777,24893,4.2959,9
18d28be3,26455,4.2959,9
5bd5bd9c,27124,4.2959,9
3f13c612,21396,4.2932,9
7243e4f,22438,4.2932,9
44ee80da,19451,4.2959,9
2ce40a93,19141,4.2959,9
20e5117f,22235,4.2904,9
562a61a2,18967,4.2959,9
124369b2,26603,4.2959,9
1b702497,22925,4.2932,9
705afb6e,25511,4.2959,9
7ce6c764,19914,4.2959,9
74005f6e,30825,4.2959,9
7122073d,23832,4.2959,9
568403fc,26568,4.2959,9
1c9333af,18658,4.2959,9
6a1ef47c,23602,4.2959,9
b641ded,27538,4.2959,9
7c5d7a1d,22176,4.2959,9
3a29ff1d,27387,4.2959,9
5625aca7,24787,4.2959,9
7d89749e,28731,4.2959,9
78822ecb,25194,4.2959,9
652298b3,21642,4.2932,9
4e027a8f,25467,4.2959,9
7899da55,31288,4.2932,9
118447fb,25418,4.2959,9
6092a278,19850,4.2959,9
3d196ae7,23674,4.2877,9
b644463,31267,4.2959,9
38ec716b,27981,4.2959,9
4d18856c,29947,4.2959,9
3b20807a,19983,4.2959,9
7c7056f1,27373,4.2959,9
12ce8c21,25156,4.2959,9
4972c03a,25395,4.2959,9
327316bc,24885,4.2904,9
69f4226c,26390,4.2959,9
4f5b6f40,18791,4.2959,9
40480f9d,24097,4.2959,9
7fd464be,24235,4.2959,9
191d40e1,21442,4.2959,9
2b3938d7,22303,4.2959,9
47c23204,19465,4.2959,9
463120e8,25298,4.2959,9
4685fb54,26507,4.2932,9
50d6e0e3,30324,4.2959,9
1aa886ae,24701,4.2932,9
6941d752,26239,4.2932,9
26b89cf2,18663,4.2959,9
4f0e9c2a,25254,4.2959,9
11cdee93,25110,4.2932,9
76d140bf,18722,4.2959,9
146c1d9b,25137,4.2959,9
2f382cf0,30925,4.2959,9
517fe6f2,25361,4.2959,9
4abd29cd,20000,4.2959,9
2d5790da,24871,4.2932,9
5923d02e,20252,4.2959,9
37923856,28107,4.2959,9
77cf1bad,26367,4.2959,9
19f40020,24237,4.2959,9
8b49284,25407,4.2959,9
4fd1811c,19485,4.2959,9
69275038,19532,4.2932,9
506bb83c,27412,4.2959,9
7c672007,26663,4.2932,9
3f7d97f6,30883,4.2959,9
6c08b6b1,26002,4.2932,9
61af4954,20110,4.2932,9
248d3a7e,30526,4.2959,9
771cdb3e,25393,4.2959,9
4d31dd00,26888,4.2932,9
2dfe17d9,31584,4.2959,9
5e885652,32076,4.2959,9
4576513e,25327,4.2959,9
865cd24,26662,4.2959,9
1931223d,20126,4.2959,9
517cd8f,18660,4.2932,9
721f83b2,28541,4.2959,9
54356c38,24762,4.2986,9
798cf9b5,18850,4.2877,9
7f454af3,27371,4.2986,9
71c954ba,27719,4.2986,9
e62b217,20164,4.2986,9
666d1056,24720,4.2986,9
332adcba,18512,4.2986,9
8fd32e1,20188,4.2986,9
1314dbe3,25409,4.2986,9
32dc28ab,30990,4.2959,9
52537f2a,27735,4.2986,9
1df58677,31429,4.2959,9
efae15c,28097,4.2959,9
785f567f,27357,4.2986,9
195419af,27418,4.2986,9
2caa02a5,23664,4.2986,9
6f1dc83c,23607,4.2986,9
1d5def79,25297,4.2986,9
6a61a4c4,28623,4.2986,9
1fb3be03,21214,4.2986,9
2613553b,28025,4.2959,9
5a50d476,19435,4.2986,9
2804de62,27396,4.2986,9
2a453ec7,25540,4.2986,9
16c30c39,18723,4.2986,9
4aec99f3,30091,4.2986,9
4415b902,27986,4.2986,9
49096a48,22451,4.2986,9
7fdaf567,24096,4.2904,9
6784519b,19489,4.2986,9
e3029c0,29938,4.2986,9
61d8335b,18986,4.2904,9
4b2e37ed,18935,4.2932,9
4199f89a,18602,4.2986,9
51c5bbc9,23718,4.2986,9
63015e02,24890,4.2986,9
264cd370,24801,4.2986,9
29bd8050,19603,4.2959,9
9df3cd7,25433,4.2986,9
604792a0,26750,4.2986,9
7462dd9b,30586,4.2986,9
20d00a8b,24761,4.2986,9
454f2e55,21244,4.2986,9
736328b8,29898,4.2959,9
652aa1c1,25282,4.2986,9
15630037,22519,4.2986,9
56e77075,29847,4.2986,9
47166e75,24746,4.2986,9
496d52a9,25118,4.2986,9
3cbeb83d,26190,4.2986,9
69c98d5d,26456,4.2986,9
595d0d0c,30577,4.2986,9
54b2cca8,30097,4.2986,9
7769248d,23608,4.2986,9
52efec58,27561,4.2932,9
63ebbe64,23821,4.2877,9
21fee93d,21357,4.2986,9
1f8dfcc3,27671,4.2986,9
322d4e46,25279,4.2986,9
c0bdef9,24730,4.2986,9
76d51899,24747,4.2986,9
5aea7944,26061,4.2986,9
2a71ed3e,24962,4.2986,9
72f6c948,18554,4.2959,9
20d83df9,20158,4.2932,9
1f866a26,19533,4.2986,9
3d035bac,27022,4.2932,9
297140ff,27756,4.2986,9
ccc50f2,18661,4.2986,9
483464aa,19922,4.2986,9
29e2afa0,27540,4.2986,9
ab774db,25716,4.2986,9
c7c22df,25680,4.2986,9
6492eebf,21103,4.2986,9
f68d7b3,25461,4.2986,9
334be651,30125,4.2986,9
26b4d4f,28596,4.2932,9
71ffacab,20167,4.2986,9
38632868,19794,4.2986,9
54f6285b,26031,4.2986,9
c2f16bf,31268,4.2986,9
b96965,31535,4.2986,9
21383172,31271,4.2986,9
446971fe,21200,4.2986,9
30071d22,23950,4.2986,9
7bbea806,31331,4.2986,9
1bedb5a2,27395,4.2959,9
1484c1a0,24763,4.2986,9
1c62201f,31551,4.2986,9
1212450d,30978,4.2986,9
16522cc7,30600,4.2986,9
64a4b248,30248,4.2986,9
47838a1,24723,4.2932,9
561ff6bd,24192,4.2986,9
5b7046b9,32095,4.2986,9
5b4a5af7,24802,4.2959,9
12ac24ae,26003,4.2986,9
370506f3,23682,4.2986,9
2e943075,31269,4.3014,9
1a3d9524,18495,4.2986,9
333e22c0,26779,4.3014,9
6aa2ff90,18875,4.3014,9
63368dd1,23678,4.2986,9
1554a026,19921,4.3014,9
573eb86e,24764,4.3014,9
3a479757,24788,4.3014,9
7d92cbf1,24716,4.2986,9
4df701f5,23930,4.3014,9
6f283ded,31432,4.2986,9
296885dd,18853,4.3014,9
424e0e42,25082,4.2959,9
37434757,28027,4.3014,9
19aad307,30031,4.3014,9
7481fb82,20245,4.3014,9
460fd74e,20244,4.3014,9
6b5b4927,24833,4.3014,9
24268da0,31348,4.2986,9
5f002f4d,30642,4.2986,9
670d2644,27575,4.2986,9
562e49f3,19987,4.3014,9
46f5851b,19953,4.2959,9
1851a0cf,28800,4.2959,9
4e315a53,24812,4.3014,9
16609a87,26703,4.3014,9
32252869,22350,4.3014,9
5892ae6b,31287,4.2986,9
4d502a6e,22452,4.3014,9
5ff625e1,18502,4.2986,9
2cc364c7,23807,4.3014,9
448b3816,26766,4.3014,9
9a7371a,28100,4.3014,9
45e86f1a,27366,4.2904,9
2b5f936b,29877,4.2959,9
3689559e,19826,4.3014,9
6a6bbb2,23710,4.3014,9
1e33215f,18508,4.3014,9
5d37ec55,30930,4.3014,9
3084c3,28639,4.3014,9
57239b65,28589,4.3014,9
2bfa11ba,25047,4.3014,9
1832545c,18571,4.3014,9
1c20dd05,31534,4.3014,9
57939557,27181,4.2986,9
1b09c0e2,28597,4.3014,9
268508a5,31272,4.3014,9
3c572185,25706,4.2986,9
77a52275,25260,4.3014,9
22a12486,25265,4.3014,9
2cefd057,23866,4.3014,9
31450e56,19134,4.2986,9
29b18746,24070,4.3014,9
7759be8f,18734,4.3014,9
5c7721f6,21430,4.3014,9
35eadb62,24883,4.3014,9
5288f502,30095,4.2986,9
e483f47,22217,4.3014,9
1d304a83,26539,4.2986,9
2b66127f,23578,4.3014,9
11717c5a,30312,4.3014,9
746c8713,24683,4.3014,9
3b112cde,22595,4.3014,9
20ff3429,18670,4.2986,9
eb35458,25587,4.2986,9
3a760fc0,106,4.3014,1
2ab24382,19887,4.3014,9
1877fdd6,21185,4.3014,9
463630a9,25342,4.2986,9
41f0dc8d,27522,4.3014,9
4b72c37c,23857,4.3014,9
73e437c3,24889,4.2959,9
54daed24,23699,4.2986,9
61a0088e,19551,4.3014,9
13895786,26821,4.3014,9
22777bfc,18391,4.3014,9
1c357383,23825,4.3041,9
1f850eec,18750,4.3041,9
46695ffd,25558,4.3041,9
608f48d7,30863,4.3014,9
1c1be8d2,27072,4.3041,9
5791862e,25440,4.3041,9
6054005e,19729,4.3041,9
6c4e3d1e,26858,4.3014,9
769d09b0,25421,4.3041,9
2d6651bb,26910,4.3014,9
6d70f2b9,22445,4.3041,9
70cb94c4,22656,4.3041,9
6e85c3e4,27067,4.3041,9
7171bc06,20161,4.3041,9
74e8f881,26236,4.3041,9
1b7e7dab,26062,4.3041,9
373fa7b4,21355,4.3041,9
7765d854,27489,4.3041,9
5a02ee1b,19641,4.3014,9
44ad9fe6,20179,4.3041,9
aac2d21,30841,4.3041,9
b88db32,21325,4.3014,9
63f37ccd,25215,4.3041,9
293b7500,31605,4.3041,9
7045bf0b,24834,4.3041,9
3dd9ab7a,22305,4.3041,9
4534bd18,30057,4.3041,9
68bdadbc,25473,4.3041,9
1e064e71,22260,4.3041,9
148b9e3b,22520,4.2986,9
37d553cb,19642,4.3041,9
6a350fdd,22307,4.3041,9
1ac7fb9a,26986,4.3014,9
7afb59a7,19988,4.3041,9
672d0638,32078,4.3014,9
25a4a6e7,28702,4.3041,9
9a82e2,20268,4.3041,9
208cc537,23918,4.3041,9
39fc17fd,19598,4.2959,9
2f9f0bd8,30827,4.3014,9
71b37c5f,24779,4.3041,9
2f8c1352,23579,4.3041,9
7b5509d3,19462,4.3014,9
347cea23,25261,4.3041,9
3d36def3,18943,4.3014,9
251c1b46,26448,4.3041,9
6aa0c346,31492,4.3041,9
25f94bc3,26574,4.3041,9
7631d53e,27559,4.3041,9
2de3ab0e,23953,4.3041,9
64d12872,31585,4.3041,9
7dfb5c4d,23700,4.3041,9
11ad1a47,20177,4.3041,9
2082411a,25124,4.2986,9
7e65fce2,27738,4.3041,9
70b8daea,18617,4.3041,9
6055e35,18877,4.3041,9
21bb738c,22337,4.3041,9
583d3ade,30659,4.3041,9
96e5fd7,27984,4.3014,9
25b64c39,24167,4.3041,9
5feb6c10,18983,4.3014,9
6eb156f9,28717,4.3041,9
15da2c1f,25729,4.3041,9
21a6d19,18735,4.3041,9
758ab059,19534,4.3041,9
6151aa6,26602,4.3041,9
62f78203,22335,4.3041,9
2609f096,28577,4.3041,9
772a33eb,25106,4.3041,9
5944c782,18982,4.3014,9
7fdb133,30100,4.3041,9
488abf49,23735,4.3041,9
378d190d,24020,4.3041,9
5d1342e6,30250,4.3068,9
784f8cf2,27539,4.3068,9
65221445,21377,4.3068,9
eefd1c9,20127,4.3068,9
3a383c9d,30960,4.3068,9
1dc29c2d,32075,4.3014,9
7d7b5d4e,23677,4.2986,9
3897cb3f,27982,4.3068,9
ca2c54c,23645,4.3041,9
6e393f87,18496,4.3068,9
414a5d15,20342,4.3041,9
50b37e12,26569,4.2932,9
12160d05,28108,4.3068,9
3b8ca631,29912,4.3068,9
f3a2c8e,24853,4.3068,9
80422ae,30106,4.3014,9
1253ca18,21637,4.3068,9
7b68aad9,30319,4.3068,9
513c866b,27987,4.3068,9
1a3421b0,21155,4.3068,9
38e879d6,21160,4.3068,9
11502d37,18980,4.3068,9
24eafea8,19756,4.3068,9
1f687224,21361,4.3068,9
393dc8f9,30654,4.3068,9
64b59ed6,23792,4.3068,9
741c2ee2,23580,4.3068,9
7f08177,23673,4.3041,9
5b553aff,29863,4.3068,9
3326f0ef,24065,4.3068,9
135e4c6d,31994,4.3068,9
6a00bda,22315,4.3068,9
558c940,31395,4.3068,9
77a889d6,18746,4.3068,9
16f49e6a,19926,4.3068,9
100cb9b5,25007,4.3041,9
53dd603d,25717,4.3068,9
199e4acf,31283,4.3068,9
37e110ca,19414,4.3041,9
52bd700c,26751,4.3041,9
2709aaff,20108,4.3041,9
1fedfaab,25403,4.3068,9
3a6d3112,31985,4.3041,9
7109c253,30660,4.3068,9
3e90b43,23628,4.3068,9
40f7f890,23701,4.3041,9
69dd0793,27132,4.3068,9
199590a1,21441,4.3014,9
371d21b4,26054,4.3068,9
4aa3d720,26242,4.3014,9
25e2836d,23951,4.3068,9
15b6e24,19604,4.3041,9
7b121974,22458,4.3041,9
3b0003,27025,4.3068,9
359e883d,19452,4.3041,9
3bb5f193,24721,4.3068,9
61505379,24064,4.3068,9
6419280,27555,4.3068,9
3b203b39,23786,4.3068,9
63c31f46,29982,4.3068,9
225dbc63,30308,4.3068,9
4175f8ca,22416,4.3068,9
7bb6fa2e,18884,4.3068,9
74e331,26369,4.3068,9
4f85e9f8,25554,4.3096,9
21d8eb6a,21646,4.3096,9
10465a9d,27419,4.3068,9
6b9f203c,27438,4.3096,9
6d7302f5,25111,4.3041,9
4a391901,24995,4.3096,9
2a13e397,22523,4.3096,9
4c76de04,20129,4.3096,9
20e08848,30253,4.3096,9
396709d5,26633,4.3096,9
3b94fee9,18857,4.3041,9
e2ebd57,26916,4.3096,9
160b8915,26832,4.3068,9
75ea5b16,30321,4.3068,9
74d2c468,29849,4.3041,9
757a4286,18869,4.3096,9
69058976,20163,4.3096,9
12ba5504,26245,4.3096,9
70a932bf,30171,4.3096,9
57e0205e,26974,4.3068,9
126b5ded,28692,4.3096,9
523928d1,22450,4.3096,9
6b3cc4e3,18669,4.3041,9
eda31d5,24748,4.3068,9
3e77a790,28648,4.3096,9
3d88eb0a,24899,4.3096,9
75c44d63,27433,4.3068,9
74688a97,27687,4.3096,9
6ea09caa,23793,4.3096,9
63b65641,25255,4.3096,9
199c3186,26622,4.3096,9
4e64d883,30339,4.3068,9
244b4829,25317,4.3096,9
446f3ca5,31518,4.3096,9
759e06bf,19198,4.3068,9
df6198b,19142,4.3096,9
65be7876,26231,4.3068,9
26c975bb,30082,4.3096,9
1b4a6ee8,18724,4.3096,9
4848f83b,19445,4.3096,9
4da11464,30251,4.3068,9
505a3b64,28695,4.3068,9
1909a2b9,18405,4.3096,9
1e6438c0,26691,4.3096,9
23e350c6,22236,4.3068,9
4a9c172a,19741,4.3096,9
3588e104,25676,4.3096,9
7dfdf473,19186,4.3096,9
42e06134,25113,4.3096,9
2bfb17c1,23885,4.3096,9
595e7a20,26020,4.3096,9
3c91442c,27850,4.3096,9
7bbc7cce,19538,4.3096,9
94e227c,26006,4.3068,9
107db63b,20339,4.3096,9
1b82014a,28004,4.3068,9
5aaa2acf,22404,4.3041,9
42e86758,24066,4.3068,9
3a4de0bb,25592,4.3096,9
53b21535,21299,4.3096,9
31ce3ee9,25274,4.3068,9
3ab9964d,26362,4.3096,9
3beaf4e5,21423,4.3096,9
6ef7831b,26937,4.3096,9
2e8ec15a,27026,4.3096,9
58f33138,22306,4.3096,9
34d2ab1f,19678,4.3096,9
66ef19c5,22344,4.3096,9
3e339053,25218,4.2986,9
281e1841,31029,4.3096,9
6d268c61,19535,4.3096,9
7f880c5c,22439,4.3096,9
5ea3dae1,21358,4.3041,9
401cd1c1,25252,4.3096,9
628f6099,18988,4.3068,9
5d5a6a78,21345,4.3096,9
4e5b2e5a,27159,4.3096,9
1deec7e0,22373,4.3096,9
3bda9f45,18700,4.3068,9
7da52c4b,26240,4.3096,9
2248bb0f,27989,4.3068,9
2ccf1c94,31426,4.3096,9
47f51f2a,25343,4.3096,9
74cdf5b,32099,4.3096,9
283a8026,22417,4.3096,9
49b37aba,28081,4.3096,9
4fcdc6ed,26457,4.3123,9
1b32483c,28761,4.3123,9
74d1083f,18506,4.3123,9
7d14b5d9,26710,4.3096,9
8969d33,31358,4.3041,9
29cdd862,18499,4.3123,9
203706cf,25175,4.3123,9
5cdb7206,23847,4.3123,9
609813ab,28701,4.3123,9
27d1c912,21215,4.3123,9
3fc8a259,29939,4.3096,9
3884bce4,21150,4.3123,9
18a1e514,22221,4.3096,9
3111364b,32023,4.3123,9
4b31905a,22304,4.3096,9
56cf6644,25622,4.3123,9
41d1b0cc,27056,4.3123,9
42500b6,18785,4.3096,9
794a75d3,25161,4.3123,9
3e3e89e0,25024,4.3123,9
136e2525,23603,4.3096,9
5ff5a054,20264,4.3123,9
753bb294,27080,4.3123,9
3f00545a,24978,4.3068,9
5d250992,28578,4.3123,9
2fa0e562,24025,4.3123,9
5428517e,28569,4.3096,9
401c270c,31433,4.3123,9
7274d10,28538,4.3123,9
3a387b2a,27182,4.3123,9
4fa48c66,26363,4.3123,9
6787eb05,27361,4.3096,9
761a04a3,27061,4.3096,9
2a992b05,24790,4.3123,9
5a756528,26824,4.3123,9
43f6d712,31270,4.3096,9
236db467,18870,4.3123,9
4841cbd0,28696,4.3123,9
10c6ce1e,32100,4.3123,9
61eba50b,29940,4.3096,9
2f6bfbdd,26505,4.3123,9
69b2baab,26705,4.3123,9
4fa23fbd,19173,4.3123,9
78fbae87,26241,4.3096,9
73dd18bf,23758,4.3096,9
398b00a,27963,4.3123,9
7f032530,26579,4.3096,9
69f5660b,23919,4.3123,9
2182a2ba,23855,4.3123,9
3a014ed5,23867,4.3123,9
7c5fb17f,18567,4.3123,9
1a133161,31517,4.3123,9
2e30d7eb,29899,4.3123,9
1e77531e,26611,4.3096,9
1f22dde6,24805,4.3096,9
1c397f5a,28804,4.3123,9
349e6cb9,27066,4.3123,9
10553697,19819,4.3123,9
19910496,26760,4.3123,9
9b93d8c,24183,4.3123,9
279d6b50,19704,4.3096,9
306143a2,22556,4.3068,9
21c5548c,28537,4.3123,9
4f354367,25432,4.3096,9
44ff6c16,21161,4.3123,9
4ea6c58,22248,4.3123,9
3e2c4334,31273,4.3123,9
35c60149,26606,4.3123,9
33cd5706,25641,4.3123,9
ae6443b,30289,4.3123,9
776b3995,32020,4.3123,9
5d397193,29983,4.3123,9
4000acfa,23589,4.3123,9
1d0bce3,30651,4.3123,9
41939d9,31396,4.3123,9
21a7fdfb,18664,4.3096,9
3c6662fd,18950,4.3068,9
2ac5290b,19730,4.3151,9
2e76af14,22170,4.3096,9
636c8cf2,24076,4.3151,9
6c926be8,28083,4.3151,9
4fef02e2,27877,4.3123,9
6f9c9a00,31157,4.3151,9
740986e8,27712,4.3151,9
73859f87,26865,4.3123,9
cb76734,30842,4.3151,9
34e2969d,25541,4.3151,9
7f0b038,22193,4.3151,9
3ff648e8,24062,4.3151,9
5769c4cf,18498,4.3151,9
559acf6a,20106,4.3123,9
58a66c39,31379,4.3096,9
254d6bca,25127,4.3123,9
4d0376de,23609,4.3151,9
2d01d20b,23969,4.3096,9
635cef5a,19439,4.3151,9
3d217106,26927,4.3151,9
6bc255fa,18412,4.3123,9
14da793a,27107,4.3151,9
48f05303,31284,4.3151,9
4cd24378,24712,4.3123,9
7acda2a5,28732,4.3123,9
3595583,26348,4.3151,9
49fb76a0,24758,4.3151,9
17ec2564,19686,4.3123,9
a375b6,24887,4.3151,9
499fdd6c,22673,4.3123,9
5bc3ec89,10850,4.3123,2
2d722590,18611,4.3151,9
6e84a859,28098,4.3151,9
36e7eb4d,18411,4.3151,9
1243440,24736,4.3123,9
521610dc,26714,4.3151,9
45c73749,24842,4.3151,9
7925c4c4,22674,4.3151,9
50b75958,21312,4.3151,9
7b62b3ce,26021,4.3151,9
4a50119,27837,4.3123,9
2bdf649c,25410,4.3151,9
6e32e54c,22360,4.3151,9
70915463,19437,4.3151,9
1e83657c,22237,4.3151,9
401a6f89,19888,4.3151,9
3202127c,31346,4.3096,9
4b6399f5,27160,4.3151,9
31abfeb6,18466,4.3151,9
3486d57a,31440,4.3151,9
16b5a064,25363,4.3123,9
41ce3f76,24999,4.3151,9
2ffe37b7,25035,4.3151,9
2d510a37,25555,4.3151,9
26d9914b,27443,4.3151,9
78c459a8,31438,4.3151,9
5d61e435,26464,4.3151,9
3f9ff611,18457,4.3151,9
2a819911,30084,4.3151,9
403816c3,30979,4.3151,9
1a6b0e75,27068,4.3123,9
48f90141,22279,4.3123,9
6e16405e,26232,4.3151,9
6e18cd51,27578,4.3151,9
2c426e41,29935,4.3151,9
2cb18181,27823,4.3151,9
707930f9,20180,4.3123,9
582309e2,18519,4.3151,9
67ac54c1,27151,4.3151,9
47317c3c,18465,4.3151,9
7e7662db,30591,4.3151,9
3e5a18ee,27838,4.3178,9
3bd549b8,23830,4.3178,9
77491262,28579,4.3178,9
228a5395,19114,4.3178,9
3ae4d6ea,25677,4.3178,9
54972430,19705,4.3123,9
69cad103,26869,4.3151,9
6a762937,27752,4.3178,9
451e2f93,18392,4.3178,9
22387d05,21148,4.3178,9
7a7bef50,25203,4.3151,9
66343573,19466,4.3151,9
bef2b21,30078,4.3178,9
7c8cb056,28028,4.3151,9
3fb9ff78,28060,4.3178,9
1a1d96b0,23831,4.3178,9
5d45b72d,26370,4.3123,9
7e8f37dd,25604,4.3178,9
6285140b,19467,4.3178,9
2f812987,27651,4.3178,9
5f335130,23712,4.3178,9
29edf470,28643,4.3178,9
5961c2bf,30592,4.3178,9
3a757115,26623,4.3178,9
7cfd5c5f,29892,4.3151,9
2b5e1d45,26559,4.3178,9
4538706,21431,4.3178,9
15bfa340,22569,4.3151,9
712cc762,30580,4.3178,9
3361a0c,19923,4.3178,9
58d98b1a,24079,4.3178,9
3628df50,23884,4.3178,9
402a4cb0,19209,4.3096,9
127da6a9,27952,4.3178,9
1bb2cb2c,31503,4.3151,9
4872f493,18612,4.3151,9
f27021b,19718,4.3178,9
1d7a9083,22194,4.3123,9
f9d0488,26206,4.3178,15
27b45fc,27375,4.3178,9
35fba872,31030,4.3178,9
7c4cc8c6,30149,4.3178,9
1b122a83,22602,4.3178,9
439ed8b8,19400,4.3151,9
2b4e4081,23856,4.3178,9
549bfb1f,23736,4.3178,9
31dea7d6,31351,4.3178,9
3b12d55c,21114,4.3151,9
e7c819e,18945,4.3178,9
57ef9298,18603,4.3178,9
795c3ba7,27040,4.3151,9
13cb6fa4,19552,4.3178,9
3e5ef0b4,21300,4.3151,9
5444e690,28730,4.3151,9
7f14d5d2,31156,4.3178,9
376a33db,26578,4.3151,9
d7ba7fb,28539,4.3178,9
549849c3,26672,4.3178,9
320a4c60,19754,4.3151,9
9bf7add,22559,4.3178,9
59ab406e,24253,4.3178,9
4f6bccc9,30939,4.3178,9
2fe2e008,21279,4.3178,9
344a148b,31465,4.3178,9
5d790ebb,19208,4.3123,9
5ed29d4a,25241,4.3178,9
4fce1fdd,22195,4.3178,9
1fad85b8,22327,4.3151,9
620d9013,19655,4.3178,9
28ff69d5,19547,4.3151,9
17f0bbe0,29969,4.3178,9
4295ada6,25601,4.3178,9
4c1630ef,27099,4.3178,9
1ff45979,18521,4.3205,9
6be6dda0,20338,4.3178,9
dc9dedc,29922,4.3205,9
35986e74,24866,4.3205,9
147b2c8a,26373,4.3205,9
5d1eb6d3,29936,4.3205,9
45ca25e,23585,4.3205,9
625eaa5e,28594,4.3205,9
22b0d2ac,24972,4.3205,9
614cc718,18758,4.3178,9
76579d35,27413,4.3205,9
7a94a3b2,29900,4.3205,9
4d3a42da,19143,4.3205,9
5e953bfe,19156,4.3205,9
70b38336,24078,4.3151,9
59e64333,25637,4.3151,9
1392c30f,18597,4.3205,9
4cc46bfc,24251,4.3178,9
3b79e351,25025,4.3205,9
50edd0d6,30267,4.3205,9
5562fb7f,26368,4.3178,9
4bbc7c1e,28570,4.3151,9
3a96f1a4,30849,4.3205,9
4e81eecc,20247,4.3205,9
694c8aae,26244,4.3205,9
7054fcaa,24946,4.3205,9
322f48dc,31383,4.3205,9
3f3994ec,26925,4.3205,9
7e0ffa49,24022,4.3151,9
580afe30,20313,4.3205,9
2969e88e,18621,4.3205,9
61c83cd7,25341,4.3178,9
12255af6,23899,4.3178,9
13f93749,22625,4.3178,9
75328020,25659,4.3178,9
434d1a7a,32673,4.3205,9
553c34d5,22355,4.3205,9
6df6366e,24067,4.3178,9
376f17e6,23622,4.3205,9
1b8c986d,30257,4.3205,9
563da2ab,23934,4.3205,9
6293ae25,23679,4.3205,9
3b1bc58a,25167,4.3205,9
3e8aa15f,21201,4.3205,9
7115514f,27854,4.3205,9
51554daa,19852,4.3178,9
4a868d3c,21260,4.3205,9
359bf0cf,25216,4.3178,9
5e702f7a,20149,4.3205,9
53492d2,27484,4.3205,9
7b250025,28110,4.3205,9
62d87bda,19644,4.3178,9
11d29a06,26896,4.3205,9
4e067cb9,24852,4.3178,9
6f85d5a9,31593,4.3205,9
3cf2d454,10857,4.3178,2
39f57b66,27962,4.3178,9
4063ae55,31989,4.3205,9
446b2b55,18972,4.3178,9
50296ec,23931,4.3205,9
2ff8b26c,26522,4.3178,9
1c10a424,31382,4.3205,9
3d44c2be,18701,4.3205,9
206877c0,19399,4.3205,9
31cc30d7,19423,4.3205,9
5bcd8f50,28111,4.3205,9
4087e7a5,25726,4.3205,9
23324e02,26256,4.3205,9
7328883b,19993,4.3205,9
44a83e01,27048,4.3178,9
3b6d43fe,27830,4.3205,9
4fdeaaeb,18806,4.3178,9
a9e58cf,24840,4.3205,9
3dc070f7,25597,4.3205,9
389d0978,27626,4.3178,9
69bedf26,32021,4.3178,9
119ebafe,21397,4.3205,9
2f6727f2,27958,4.3205,9
7fe13daf,24168,4.3205,9
60b99a9a,24977,4.3178,9
4949539,21456,4.3205,9
12da7aee,20243,4.3205,9
64a0315f,24780,4.3205,9
602b3c16,22402,4.3178,9
48611a1b,30534,4.3205,9
68fc6373,30588,4.3178,9
29306988,30864,4.3205,9
4c7f9f38,30967,4.3205,9
c0ef56e,26713,4.3178,9
762e867,22562,4.3205,9
2d34ad2a,26745,4.3205,9
1d8261eb,26684,4.3205,9
665c52b0,25414,4.3205,9
76edbfcc,27414,4.3205,9
7eb811c6,26469,4.3205,9
70bbaac3,26234,4.3205,9
55f8b185,23858,4.3205,9
7476afb6,28733,4.3205,9
6f7e7d2b,26398,4.3205,9
51f67723,27964,4.3178,9
7c36226c,22628,4.3205,9
3d7c3943,26999,4.3205,9
21f78ce2,31533,4.3205,9
1c1a860b,23932,4.3205,9
435aa890,18854,4.3205,9
eb2d7d5,25556,4.3233,9
52d84161,24944,4.3233,9
4fd55744,18549,4.3233,9
3445bf35,28698,4.3233,9
59c8dd25,22386,4.3233,9
59dd6806,26233,4.3233,9
2888ff81,26470,4.3233,9
41491097,27586,4.3205,9
30a6219,18736,4.3233,9
57f6467b,18885,4.3205,9
518a9296,19174,4.3233,9
34009094,19199,4.3205,9
62f534a,23646,4.3233,9
f6b26b0,23961,4.3233,9
af01be9,18773,4.3233,9
175a96ad,18555,4.3233,9
6f1c4c05,27616,4.3233,9
42736c2f,23805,4.3233,9
3a44be13,23900,4.3233,9
f8182c0,25476,4.3233,9
59471311,19597,4.3205,9
7ecdb866,30345,4.3233,9
460d1f12,23759,4.3205,9
1005efc5,23970,4.3205,9
1a20917f,25512,4.3205,9
5f751c7a,19509,4.3233,9
f888a2,26964,4.3233,9
25969168,23897,4.3205,9
50b000e,19733,4.3233,9
2bd06a32,28718,4.3233,9
1494c34a,27556,4.3233,9
a2113ce,20182,4.3233,9
55930d4d,31165,4.3233,9
57f779f4,25092,4.3205,9
40eccd9b,30843,4.3205,9
7f5e08c2,23630,4.3205,9
613c32f5,30858,4.3233,9
4de21af0,19194,4.3205,10
4fdfcfe1,26695,4.3205,9
230b3737,27367,4.3233,9
2c9c338c,19169,4.3233,9
71f48975,30884,4.3233,9
4065f06d,19517,4.3205,9
3aadd5d9,26577,4.3205,9
77e09153,31397,4.3233,9
87fe3d,30310,4.3233,9
220a11fb,24849,4.3233,9
4d037b4f,31377,4.3233,9
21bafe3c,29852,4.3233,9
19d46c2b,31094,4.3233,9
6a4d1c4b,30885,4.3233,9
10984966,19605,4.3233,9
183a5d30,22700,4.3205,9
4eb5947b,18376,4.3233,9
743a0cb2,25434,4.3233,9
422b55a5,30984,4.3233,9
3c4d5ccd,20181,4.3233,9
3c0ee905,30828,4.3233,9
a83743a,25621,4.3233,9
5e7aa4b3,25642,4.3233,9
7a017c52,18593,4.3233,9
33161401,30886,4.3233,9
1207bee4,19175,4.3233,9
789b85a7,21424,4.3233,9
43b40107,10867,4.3178,2
5dcb0a36,30970,4.3233,9
73cfe93b,24060,4.3233,9
2dde8fc,25665,4.3233,9
16852ba,27934,4.3178,9
257a498d,25549,4.3233,9
29f0fa28,27534,4.326,9
44076de2,30147,4.3205,9
7391a5a,24941,4.326,9
742cd447,30866,4.326,9
70f81d11,24222,4.326,9
5e77889c,20340,4.326,9
216086cd,23685,4.3205,9
6ec4b371,26610,4.326,9
57a84cca,27936,4.326,9
702a2fa0,22323,4.3233,9
5e642b2d,22362,4.326,9
3c357b15,19732,4.326,9
19c6c4b0,22597,4.326,9
5252b3c2,24227,4.326,9
2d10c7e6,28109,4.326,9
3a6afc82,28699,4.326,9
ab21504,22934,4.326,9
7388e0f6,23958,4.326,9
15264c3b,31553,4.326,9
33bccd74,31374,4.326,9
522d21fe,30025,4.326,9
79a9e3aa,19687,4.326,9
14ca8ef1,24186,4.326,9
33aa4fc7,19814,4.3205,9
f9c9d8d,19192,4.326,9
72da10e9,22571,4.326,9
7032e0c5,23698,4.326,9
833aa9d,22336,4.326,9
3eb1ac82,26246,4.3233,9
7ecc10a3,31979,4.3205,9
1ff9acca,25415,4.326,9
372f0abb,23971,4.3205,9
a0b8aea,25600,4.3233,9
396df295,19934,4.3205,9
27bab413,27572,4.326,9
7d8eb436,29850,4.326,9
6947d46b,27722,4.3233,9
44c95eba,19920,4.326,9
75f7c3d2,25448,4.3233,9
237d4b5c,30545,4.326,9
7bad479,18659,4.326,9
7c126421,25038,4.3233,9
38f9bfba,31960,4.326,9
4c987e0f,19496,4.326,9
674f65c4,21321,4.326,9
19422a25,19176,4.3233,9
67a1d235,27641,4.326,9
36e9dba4,24924,4.326,9
390eb370,23629,4.326,9
b912a99,23686,4.326,9
62c861a4,28822,4.326,9
1a84a2a2,26532,4.326,9
56dd07b1,30060,4.326,9
3d2a78e,30108,4.326,9
549a3a11,29923,4.326,9
757eb467,30932,4.326,9
771d569c,27855,4.326,9
4ad099d8,25643,4.326,9
521457a3,30931,4.326,9
1b0f3b8a,28647,4.326,9
1c6ab68,21443,4.3288,9
7b7594b0,25681,4.3288,9
740effbc,26724,4.3233,9
71c1099e,25598,4.326,9
719c464d,26004,4.3288,9
324e11b,26704,4.326,9
3f4c0fff,25997,4.3288,9
3cbcf4b5,24860,4.3288,9
44a2b108,30606,4.3233,9
b2a2f08,19889,4.326,9
45c89745,30222,4.3233,9
4529f3f7,26685,4.3288,9
56f51f9f,26459,4.3233,9
919c149,26237,4.3288,9
7ad4d418,23747,4.3288,9
10636c98,19463,4.3288,9
525b8583,31466,4.3288,9
53284232,21247,4.3288,9
2d5fa62f,25593,4.3288,9
6a8b3944,22403,4.3288,9
4aec1d98,20107,4.3288,9
6472ce0b,18792,4.3288,9
755a2965,21404,4.326,9
25e4973f,30215,4.3288,9
1616dbde,31350,4.326,9
64e64d81,21449,4.3288,9
40534179,24012,4.3288,9
418f7b23,29904,4.3288,9
61e780e7,18573,4.3288,9
299cd97f,22338,4.326,9
37bb431f,19653,4.3288,9
6d398418,26936,4.3288,9
57d5bcff,28064,4.3288,9
58dac970,31159,4.3288,9
a68fe5a,26230,4.3288,9
67a6f7b3,31378,4.3288,9
461eb61b,18849,4.3288,9
3c56c863,22358,4.3288,9
cc65301,32674,4.326,9
71017b9d,30976,4.326,9
21ca1161,26747,4.3288,9
12d7d52d,26515,4.3205,9
184802c4,24945,4.3288,9
626f4fc3,19443,4.3288,9
135f0bf6,28642,4.3288,9
3f0dda0d,26516,4.3288,9
670bb10a,30290,4.3288,9
7f82eb7f,26547,4.326,9
14e95fc2,27100,4.3288,9
45e532e0,24754,4.326,9
7fdc48b7,18576,4.3288,9
176d8d20,30846,4.326,9
4924d740,24804,4.3288,9
25ba9eb6,27097,4.3288,9
3b0071c0,22654,4.326,9
38bee346,19657,4.3288,9
43c16dfc,26797,4.326,9
2c302c13,30961,4.326,9
5d0e480d,26716,4.3288,9
12653439,30867,4.3288,9
5a830504,18662,4.3288,9
777efaf3,31521,4.3288,9
581f9a31,22383,4.3288,9
6360a9f7,30285,4.3288,9
21093bba,31430,4.326,9
5b904f57,22361,4.3288,9
36c16756,23794,4.3288,9
2120f40a,25015,4.3288,9
54a3c0d,26970,4.3288,9
63830242,21125,4.3288,9
8336bff,27478,4.326,9
b3f2163,20344,4.3288,9
2d1914aa,18577,4.3288,9
79e7ef50,27152,4.3315,9
28d633c,29954,4.3315,9
70cb7e37,29948,4.3315,9
159298c0,22405,4.3315,9
5349684d,23756,4.3288,9
3a34759b,21363,4.3315,9
11a59e2c,23848,4.3315,9
60b65c53,19656,4.3315,9
10705040,31972,4.3315,9
8634903,31296,4.3315,9
2c8bd5d7,27189,4.3315,9
3e6b6256,21172,4.3288,9
2cd20fc9,24981,4.3233,9
2edb24cf,26697,4.3315,9
5c0c79ae,30107,4.3288,9
5802517,25469,4.3288,9
720a8434,25051,4.3315,9
4df442d2,30062,4.3315,9
72969746,18846,4.3288,9
763aac9e,18503,4.3315,9
5037ad49,24252,4.3315,9
3f3a974f,25207,4.3315,9
79d00b49,18638,4.326,9
5a2d06b1,20170,4.3315,9
379da558,26432,4.3315,9
5c76cc0b,26845,4.3315,9
25050e8f,30664,4.3315,9
17af8c10,29878,4.3315,9
4dc25cd8,28756,4.3315,9
273ec7ff,21444,4.3315,9
2ac2c4e1,20168,4.3315,9
416612a5,27639,4.3315,9
1e9db2cd,27645,4.3288,9
7314bf1a,29968,4.3288,9
21678e7,19099,4.3288,9
71eeb9b2,19996,4.326,9
527efb2e,26944,4.3315,9
4446214,21313,4.3288,9
35a4f33b,27434,4.3315,9
3183ff14,21362,4.326,9
1401d581,31978,4.326,9
337241d7,23702,4.3288,9
215d51a9,27652,4.3315,9
f0871c9,24896,4.3315,9
15bf0074,25248,4.3315,9
346287ed,19484,4.3315,9
7f7958d1,19726,4.3315,9
33b3e8ce,27421,4.3315,9
5ee2f26c,27757,4.3315,9
7e1f5bb2,28542,4.3315,9
71efd5f2,29884,4.3205,9
4b153b70,27368,4.3315,9
674c4f44,19100,4.3288,9
2ef4a053,28640,4.3315,9
2ab2bcf4,24940,4.3315,9
4d2d9c41,30977,4.3315,9
46d05b8f,31376,4.3315,9
793a1abd,27891,4.3315,9
47f9fc77,19984,4.3288,9
6617af5d,27959,4.3288,9
22df8c33,25102,4.3315,9
b198527,19654,4.3315,9
719c4326,27996,4.3315,9
38bca77,21640,4.3315,9
583de01c,27078,4.3315,9
6dd513c,19536,4.3288,9
307eeeca,27861,4.3315,9
41aacc7d,27980,4.3315,9
1c2f7e4d,24206,4.326,9
2b2550d4,26580,4.3288,9
50435587,30249,4.3288,9
377994d4,31310,4.3315,9
365bd11f,30662,4.3315,9
56c802c6,22388,4.3288,9
2d6ce3ff,27965,4.3342,9
45571c64,19525,4.3342,9
38f4bf5e,29885,4.3315,9
6255b3b2,25468,4.3342,9
108a2074,21457,4.3342,9
3557ffe4,19943,4.3315,9
239f05ba,29957,4.3315,9
69a6792d,24888,4.3315,9
146fec41,31160,4.3288,9
1ecd89f7,26666,4.3342,9
1f919bd9,21649,4.3288,9
600f2dd6,18615,4.3315,9
7477718e,20109,4.3315,9
607dcc6,26431,4.3288,9
642be7b2,29966,4.3342,9
77f7e7bd,30296,4.3342,9
8a5a0ff,28709,4.3342,9
389574a7,19664,4.3315,9
29c29146,32101,4.3342,9
4fc097b3,26017,4.3342,9
384313cc,30269,4.3315,9
9a19ee,29955,4.3342,9
67e82a25,24171,4.3342,9
6f89df93,18607,4.3288,9
3b377838,30982,4.3342,9
7335aaec,19936,4.3342,9
53c80a35,29346,4.3342,9
34d3ccb,29851,4.3342,9
3bb6222,18650,4.3342,9
5d07da73,26746,4.3288,9
4e8dea44,30943,4.3342,9
21783f1a,28697,4.326,9
24cc2c3a,25644,4.3342,9
7c3ee0f3,30331,4.3342,9
1f896945,31095,4.3342,9
3e776f3a,18422,4.3342,9
7b1f2932,26570,4.3315,9
702d67da,26670,4.3315,9
243aebdb,24926,4.3288,9
21314ed9,24925,4.3288,9
23e5b574,25625,4.3342,9
354fb14c,25605,4.3342,9
38ed1565,20272,4.3342,9
4bfa4590,19594,4.3342,9
1667a6f7,21320,4.3342,9
60968db0,27953,4.3342,9
6ed6dac3,18973,4.3342,9
3ec0ac41,29951,4.3342,9
7f781cf5,19725,4.3342,9
3b3c8605,19924,4.3342,9
f705efd,19434,4.3315,9
278fb8cc,30888,4.3342,9
73a05a80,19187,4.3342,9
2b7896f5,26548,4.3315,9
10e1857f,30829,4.3315,9
4a720677,27030,4.3342,9
3b7721e3,19743,4.3342,9
54d7d746,30050,4.3288,9
48816ade,19553,4.3342,9
121a8c07,27920,4.3342,9
356a446e,23764,4.3288,9
10e0cf9e,19401,4.3315,9
7a675723,19490,4.3342,9
3973152b,26530,4.3342,9
7fcfccb6,18760,4.3342,9
69c560ee,18774,4.3342,9
295becba,27105,4.3315,9
8a06ef7,27493,4.3342,9
90ba929,31359,4.3315,9
4b0b6af6,22356,4.326,9
3d436111,26634,4.3342,9
361f6798,31341,4.3288,9
6289d293,25266,4.3342,9
72c558ee,23835,4.3342,9
54a8f44e,24098,4.3342,9
19c67ae4,24026,4.3342,9
35f72e05,25036,4.3342,9
2e71334f,25249,4.3342,9
6dad027d,23987,4.3288,9
7eb48102,27098,4.3288,9
548fc56a,21383,4.3342,9
61589ea4,31571,4.3342,9
58844ef8,19486,4.3342,9
79cad725,26971,4.3342,9
5d3f017f,27718,4.3342,9
759374b,22603,4.3342,9
2dd7065f,25502,4.3342,9
57de7e93,18747,4.3342,9
14d18194,26471,4.3342,9
72cfa9ee,27390,4.3342,9
4d14c3d,21149,4.3342,9
499defc,31586,4.337,9
3ce23b93,19795,4.337,9
299227ae,26552,4.337,9
d9cfee9,29905,4.337,9
293b66d,22387,4.337,9
2f802b0f,27127,4.3342,9
22d3f120,18860,4.337,9
1717d606,19942,4.337,9
7d1609bb,25356,4.3315,9
62a9f8aa,26943,4.337,9
4c5f6fa3,18685,4.3342,9
655137c8,26976,4.337,9
1283f581,27938,4.337,9
28c7b108,25256,4.337,9
2021f8bb,31304,4.337,9
5066012,27391,4.3342,9
32133566,30026,4.337,9
5e10ab9b,10856,4.3342,2
4bca0ea0,19404,4.337,9
7dfaf13b,26975,4.337,9
56e943e7,31336,4.337,9
3471e6e5,26897,4.337,9
dfe66d2,27713,4.3315,9
165ac6c3,26846,4.3342,9
3c838e1a,25171,4.3342,9
1bf6f255,23824,4.3342,9
20e90416,18677,4.337,9
5100dd92,22203,4.3342,9
5e5f2e2f,31463,4.337,9
1e7387f9,21111,4.337,9
3ea03973,22352,4.337,9
18f6377,26851,4.3342,9
56815305,31472,4.337,9
718821ac,30546,4.337,9
73c62c2b,27027,4.337,9
2e67072d,22503,4.337,9
5db1c0e1,24695,4.3342,9
4c12e881,23626,4.3342,9
1057937d,27769,4.337,9
20e2459a,19195,4.337,9
620782d9,24119,4.337,9
3d1b125,29965,4.3342,9
390a28f8,28817,4.337,9
15ea88df,27589,4.337,9
2796c16d,22406,4.337,9
11fc2437,21405,4.337,9
683c7c7a,21628,4.337,9
5091faa7,18654,4.337,9
419dd471,18952,4.337,9
74018bb0,19006,4.337,9
42cc49b,24831,4.3342,9
5b37527b,24089,4.337,9
74a62b30,25205,4.337,9
c82721f,21183,4.337,9
6e686708,25362,4.337,9
fad5434,25599,4.337,9
4a17115a,27557,4.337,9
551a908d,27613,4.337,9
78e7fd01,25546,4.337,9
1d0e0add,26899,4.337,9
6fe145e7,10868,4.337,2
6e7e3e6e,19455,4.337,9
2936d955,30587,4.337,9
4483764c,31414,4.3342,9
21a8cd46,31986,4.337,9
3e3a1a53,18678,4.337,9
21d980b0,31471,4.337,9
7eb7b3d1,29864,4.337,9
199293bc,19706,4.337,9
7714fa5f,19196,4.337,9
1aa5280d,22308,4.337,9
59cf39b3,30058,4.337,9
544d4e45,31996,4.3288,9
45b9091,27881,4.337,9
378d3557,22563,4.337,9
17af90b4,26969,4.337,9
292ecb62,27900,4.3342,9
76b72756,31279,4.337,9
712919ce,26692,4.3342,9
2f50bd31,26621,4.337,9
4411a25f,23812,4.337,9
1bbb0464,22204,4.337,9
226599b4,31306,4.337,9
87601fc,28664,4.337,9
16a979c8,22894,4.337,9
41bc59f7,22524,4.337,9
3dea0596,18953,4.337,9
267fd80,22179,4.337,9
c417c41,25263,4.3397,9
685737ae,32087,4.3397,9
3480e5d4,27150,4.3397,9
17d06152,18397,4.3397,9
2ae605d5,22389,4.3397,9
2d42d7bc,23787,4.3342,9
1e5f3985,29856,4.3342,9
a9101ed,22599,4.337,9
104375c7,21091,4.3397,9
2b87af44,26946,4.3342,9
5caa69c4,21280,4.3397,9
4c7338a0,26364,4.3342,9
4eefd6aa,29924,4.3397,9
45896ffd,23711,4.3397,9
2d1e246f,25552,4.3397,9
53e21587,19454,4.337,9
464b5685,27494,4.3397,9
6018163,28665,4.3397,9
4c9f288a,27126,4.3397,9
36eb4d8f,18639,4.3397,9
38133a28,27439,4.3397,9
7b9e5e80,27039,4.3397,9
711ed209,25402,4.3397,9
1df56e90,32102,4.3397,9
3c96d57c,28808,4.3397,9
35f5f630,19135,4.3397,9
763eaf5a,18618,4.3397,9
470c11e8,21315,4.337,9
32fcf41d,24765,4.3397,9
4cb9d3c,25510,4.3397,9
efc85ec,25988,4.3397,9
305d1af8,25673,4.3397,9
14a2a675,30552,4.337,9
412bf4e0,24767,4.3397,9
19d1a384,29355,4.337,9
435ba4a8,24841,4.337,9
736886b7,23788,4.3397,9
7f0e90bc,27364,4.3397,9
727807a1,23675,4.3397,9
3e428efa,24789,4.3397,9
6cea71fa,25674,4.3397,9
78333260,26652,4.337,9
4fd95eef,25602,4.3397,9
7d2e0dba,21190,4.3397,9
3d0dcfb1,31398,4.3397,9
4274c644,19854,4.3397,9
581a0f1,19853,4.3397,9
23355c58,26933,4.3397,9
261e40f7,22555,4.3397,9
2b50ca53,26018,4.3397,9
4ff27f9b,20211,4.3397,9
462c3da1,23549,4.3397,9
1261d46b,27440,4.3397,9
550c7c54,25157,4.3397,9
24eb1c0b,27892,4.3397,9
29a23ff6,21110,4.3397,9
3f4e8626,31415,4.337,9
639c28f3,27450,4.3397,9
447ac014,21314,4.337,9
58a4967c,30584,4.3397,9
139044f8,26542,4.3397,9
11493dc9,20222,4.3397,9
3213594,20269,4.3397,9
7fca44fa,19115,4.337,9
6e6c787f,27101,4.3397,9
3613a70e,25262,4.337,9
3c14a9cd,30150,4.3397,9
25a2b675,27670,4.3342,9
11d4d721,20248,4.3397,9
1c76fae4,27123,4.3397,9
2ea41388,30061,4.3397,9
377605b3,18646,4.3425,9
2eb59851,21641,4.3425,9
196f3f79,18613,4.337,9
3265476a,23765,4.3397,9
35b99708,19415,4.3397,9
37ccf6fe,30877,4.3397,9
57389389,28679,4.3342,9
4ffed013,26423,4.3397,9
36061f33,25259,4.3425,9
2062151d,18970,4.3425,9
662d640b,26828,4.3425,9
751a179c,18737,4.3425,9
4c5d3f64,19818,4.3425,9
4aa45e5b,25435,4.3425,9
47a47638,30340,4.3425,9
56bf2cfa,22241,4.3425,9
6405b9ed,26442,4.3425,9
62273fa7,30868,4.3425,9
4f93a855,28063,4.3425,9
47a49a98,30344,4.3425,9
e82dd8,27146,4.3425,9
2f1a52b1,30980,4.3425,9
4bebf4dc,26572,4.3425,9
10ea3001,22232,4.3425,9
737918de,18649,4.3425,9
e0b53da,18467,4.3425,9
1ad20bd3,26350,4.3425,9
5bf94ab0,25037,4.3425,9
607d06f9,25135,4.3425,9
34bc0caf,25300,4.3425,9
3e3a0578,24756,4.3425,9
2f8774c5,22572,4.3425,9
27c5e502,22390,4.3397,9
73485c21,24068,4.3397,9
1d3796f5,20261,4.3425,9
982f8ca,27614,4.3342,9
1e7e10d,30032,4.3425,9
30ff0c44,30342,4.337,9
27ab45b9,18951,4.337,9
115eb490,18703,4.3425,9
3ec0e85e,27744,4.3425,9
f045ad9,31973,4.3425,9
31553dbd,26785,4.3425,9
5c337c65,18807,4.3425,9
7598b77,22196,4.3425,9
79009aff,30933,4.3425,9
1d1e5b7b,21203,4.337,9
30e10893,30126,4.3425,9
284173e7,20121,4.3425,9
727fa6b8,26729,4.3425,9
55ebd372,26977,4.3425,9
26606db8,24861,4.337,9
3a418f37,27031,4.3425,9
24cb901d,24195,4.3425,9
25cad7c,32098,4.3425,9
2c9833a,18516,4.3425,9
2121389b,25151,4.3425,9
2ada1f8e,30612,4.3425,9
1c5415d5,24027,4.3425,9
7b847c6e,18500,4.3397,9
53c97665,21092,4.3425,9
291525fd,19146,4.3425,9
15d367b7,21162,4.3425,9
7b3e67be,25646,4.3397,9
6d297a93,18968,4.3425,9
716acf43,24862,4.3397,9
1a304b8f,19994,4.3425,9
3e2698f8,25730,4.3425,9
4dec0e6f,27781,4.3425,9
550e23e9,25333,4.3397,9
55b4ce78,19405,4.3397,9
79dd5be4,30086,4.3425,9
766607c5,27893,4.3425,9
21e7a0a7,27901,4.3425,9
5de208f8,22240,4.3425,9
1b7c64ae,22926,4.3425,9
527a9371,18887,4.3452,9
136357df,32052,4.3452,9
5dc5ec08,18418,4.3452,9
72e24ae4,32104,4.337,9
833a1f9,22496,4.3452,9
7b645d11,27674,4.3452,9
4e04f301,26844,4.3452,9
36c97f1,28703,4.3452,9
7bcdca26,19681,4.3452,9
7d2a3f35,25230,4.3452,9
465c6ad8,27579,4.3452,9
517b6c69,31453,4.3452,9
14df576a,26019,4.3397,9
73eb991f,28580,4.3425,9
6662e1be,30844,4.3452,9
4a9db9d0,31969,4.3452,9
3b5a4103,22309,4.3452,9
2417c3ee,31505,4.3452,9
7d0cebd8,30928,4.3452,9
1b1d3bc4,24927,4.3452,9
7a05eace,26430,4.3452,9
5d718f67,27397,4.3452,9
47e33f94,26988,4.3452,9
1007816f,31360,4.3452,9
45015a3b,19145,4.3452,9
14daff4b,27420,4.3397,9
4a1b7ddb,25206,4.3452,9
56f12013,24935,4.3452,9
66bb910e,27057,4.3452,9
51878d0d,23836,4.3452,9
6a475db8,32086,4.3452,9
21304ab7,31342,4.3425,9
5c5136ce,19487,4.3425,9
7ba3008e,20191,4.3452,9
412add15,25524,4.3425,9
4e7ad59f,26620,4.3452,9
1e80eb75,26978,4.3452,9
7d443f5b,22261,4.3342,9
6a118793,26391,4.3452,9
725f6163,28823,4.3452,9
6b9df71e,22345,4.3342,9
377fa3d1,21257,4.3452,9
513497b2,21129,4.3452,9
58e9b08e,31995,4.3452,9
6eb26525,25557,4.3452,9
5c48898a,30655,4.3397,9
16e3c8f9,27832,4.3452,9
639f5490,19495,4.3397,9
59621719,28099,4.3452,9
c570b3c,24791,4.3452,9
7667f5ad,29848,4.3452,9
6e7b3632,27939,4.3425,9
6678ddcb,25054,4.3425,9
66578f04,30527,4.3425,9
50df5f6,19494,4.3452,9
7ff56c8a,30298,4.3425,9
36f62444,27372,4.3425,9
10b4e0e,23755,4.3452,9
5bfece84,24120,4.3425,9
f3b784d,30151,4.3425,9
868b9ea,21650,4.3452,9
5348fdd7,30268,4.3452,9
19fb7983,24191,4.3452,9
7eef93d4,31455,4.3397,9
2a427554,18888,4.3452,9
67a83e1f,24024,4.3452,9
731ad178,24059,4.3452,9
71699dfc,21204,4.3452,9
48b8ae50,28815,4.3452,9
dafe67c,19954,4.3452,9
6ec6399e,18387,4.3425,9
4bf2b42f,26934,4.3452,9
764956d0,30110,4.3452,9
457d1a63,19595,4.3452,9
7b0eac67,26434,4.3452,9
245b6051,22231,4.3397,9
7a56fb39,30085,4.3479,9
7e9479ef,25647,4.3452,9
4615dd75,25472,4.3479,9
48763c44,19771,4.3479,9
37d094f3,24033,4.3479,9
7a922e03,30903,4.3479,9
1204ba51,25196,4.3479,9
6be92049,26866,4.3397,9
582d46cb,24095,4.3479,9
3b27a992,31485,4.3452,9
3a94347c,24077,4.3479,9
33a499fb,26226,4.3479,9
52df9ff7,26509,4.3479,9
4c57bec,26063,4.3479,9
6fddd004,21446,4.3479,9
268ce855,31352,4.3479,9
43b47b98,31504,4.3342,9
14a5e951,30224,4.3479,9
3d9c17f,21289,4.3452,9
2c6cc0f3,27392,4.3479,9
6de35b6b,23742,4.3479,9
5637c8e7,23941,4.3479,9
1d76726d,30213,4.3479,9
1b283967,31484,4.3425,9
518909a9,31096,4.3479,9
264628f0,27388,4.3479,9
4e5eac2f,25998,4.3479,9
14e74782,28088,4.3425,9
dbac0f6,21339,4.3479,9
1aac7819,19815,4.3479,9
212880b7,26022,4.3479,9
fdd0847,30152,4.3479,9
543bc43a,22346,4.3479,9
2dae1214,31007,4.3452,9
1bda9b17,29973,4.3425,9
48e6122e,26635,4.3479,9
2f9ea445,22570,4.3479,9
250eaf98,18989,4.3479,9
78ed379f,29358,4.3479,9
622dce,31166,4.3479,9
5a040d0b,21400,4.3479,9
aa61bbc,30127,4.3479,9
1be694b8,23623,4.3479,9
a7bd657,30547,4.3479,9
706dee46,22242,4.3479,9
e75f1,25348,4.3479,9
4aac600c,24777,4.3452,9
65406eb5,30669,4.3452,9
315dc524,24034,4.3479,9
2e5d1297,30260,4.3479,9
758ab50,27562,4.3479,9
610b58c8,31609,4.3452,9
3e20c528,20255,4.3425,9
7989764f,25281,4.3479,9
78afa1d1,26997,4.3479,9
3a6f87bf,27724,4.3479,9
1994522,22243,4.3452,9
39a8d9bc,26895,4.3479,9
4cbd9191,30027,4.3479,9
3c0c4671,22446,4.3479,9
7a987c30,27495,4.3479,9
31639614,19990,4.3397,9
4ef9ccbd,27863,4.3479,9
33475904,21418,4.3452,9
101824dd,29984,4.3479,9
29d8a312,22219,4.3479,9
426530b,26259,4.3479,9
4bafb16,30535,4.3479,9
1789f683,26836,4.3507,9
55551990,26243,4.3507,9
39f9e01b,30297,4.3507,9
ff15224,25516,4.3507,9
63e85bce,24803,4.3507,9
5cc06a87,30101,4.3507,9
1c9e2517,27563,4.3479,9
21a47116,26458,4.3479,9
57abb401,22407,4.3507,9
52cebca2,19448,4.3507,9
d85602e,27385,4.3507,9
5b55594d,32105,4.3507,9
fab8c49,24891,4.3507,9
52a3a01,25221,4.3507,9
22a6adaa,31343,4.3507,9
393774c9,26528,4.3479,9
15e4982c,23922,4.3507,9
4043dc0,18631,4.3507,9
579e30cd,18859,4.3507,9
3b0f20d,22422,4.3507,9
146cd42c,20271,4.3507,9
31a3115c,22180,4.3507,9
171d47fd,25474,4.3507,9
1339ff89,27558,4.3507,9
61068476,18861,4.3507,9
488640fb,26671,4.3507,9
6940a02c,28805,4.3507,9
3cb0bc46,25544,4.3507,9
464bb2b3,20315,4.3479,9
3d4cdacf,19499,4.3507,9
51614c8a,27583,4.3507,9
680a886c,26800,4.3507,9
734f61f4,25226,4.3507,9
280e57f0,23886,4.3507,9
73d05b67,23808,4.3507,9
4f25f499,23689,4.3507,9
3522b10e,18551,4.3507,9
476d6c48,21228,4.3507,9
2c8db434,25162,4.3507,9
47fdc1f1,19997,4.3507,9
1d061282,22197,4.3479,9
6cfc7926,20321,4.3507,9
5b173722,32088,4.3507,9
c9dd91c,18753,4.3507,9
203efbeb,30553,4.3507,9
d817f6c,30291,4.3507,9
600c6ec1,27398,4.3507,9
37ba2088,27184,4.3507,9
597c64da,26533,4.3479,9
3146430c,23741,4.3479,9
6b32f11d,26673,4.3452,9
684bf0dc,29853,4.3507,9
245478f3,31178,4.3507,9
e13333d,30299,4.3452,9
dce4fd0,24876,4.3507,9
dfab41e,20116,4.3479,9
7108fd6d,28583,4.3507,9
31a3c79c,31002,4.3507,9
414a0401,26424,4.3425,9
6381a07b,22573,4.3507,9
46723e80,26787,4.3507,9
516f67a8,19514,4.3507,9
73166aba,26960,4.3507,9
2e20029a,24835,4.3507,9
4f24da16,26605,4.3507,9
65dca67d,26452,4.3507,9
4bc65c8e,30033,4.3507,9
6de6bd47,30918,4.3507,9
780dfc11,25048,4.3507,9
11907d6c,19518,4.3507,9
117fce6d,19824,4.3479,9
68a4d2e0,21364,4.3507,9
7fde4691,27436,4.3507,9
6db73f1b,27960,4.3507,9
2d48866,25052,4.3507,9
390dde26,27000,4.3507,9
4ca9790e,19488,4.3507,9
414e44c4,18777,4.3507,9
1555f411,27646,4.3479,9
33e4c965,24187,4.3507,9
66f75e29,26055,4.3507,9
608ce319,20003,4.3507,9
3402b71e,24973,4.3507,9
7d9bd3e,18563,4.3479,9
3d1624a8,25224,4.3507,9
62a786dc,22251,4.3507,9
9b785d2,26255,4.3507,9
43cdf997,21290,4.3507,9
4ff2a622,22922,4.3507,9
479625f,22290,4.3507,9
3155ee17,25014,4.3479,9
1d78b8eb,19621,4.3507,9
4761ded0,25284,4.3479,9
8c527f9,30337,4.3479,9
16fe45a0,25515,4.3507,9
4e190874,24894,4.3479,9
6e237b8,21382,4.3534,9
7c7d839,26517,4.3479,9
269cddd7,23810,4.3534,9
7dfd2abc,26008,4.3534,9
4477b578,29949,4.3534,9
7dc8abdf,28089,4.3507,9
3d7aa3d4,18997,4.3534,9
2536b7dd,23687,4.3534,9
5c131a76,27878,4.3534,9
643dc478,23920,4.3507,9
cb1af28,29956,4.3452,9
1ca9693c,28704,4.3534,9
582d0075,22504,4.3534,9
52b9110c,23620,4.3534,9
53702c9c,19563,4.3534,9
4c75f47,27842,4.3534,9
4bef30cb,27716,4.3534,9
34d9c902,22171,4.3534,9
2ef29fe4,19188,4.3534,9
7cb4526a,27753,4.3534,9
423717dc,27486,4.3534,9
38dc5741,26825,4.3534,9
2ebe201,24768,4.3534,9
5c92c734,26540,4.3534,9
6e727988,30325,4.3534,9
7c5d9f4f,26950,4.3534,9
4bfa2f28,18793,4.3534,9
21fb812f,22701,4.3534,9
6b9a4943,27003,4.3507,9
4044fb67,28755,4.3452,9
91a59ee,25225,4.3534,9
5073b3c7,31974,4.3534,9
2d7ca21f,27937,4.3534,9
149526a2,21458,4.3534,9
40404e20,21340,4.3534,9
736d7894,19684,4.3534,9
3ecd10b5,18671,4.3507,9
76692129,25000,4.3534,9
4b74a970,27915,4.3534,9
53c5d152,31498,4.3534,9
5db2b27,18858,4.3534,9
3a0422dc,19001,4.3507,9
16ab7ee5,23590,4.3534,9
54d523c5,27374,4.3534,9
29e7274c,30650,4.3534,9
75b9b344,30028,4.3534,9
6e307ded,28581,4.3507,9
1fe47996,30042,4.3534,9
1306b0e5,30102,4.3534,9
2e82450c,18651,4.3534,9
34c722fe,27125,4.3507,9
3cb388e,19600,4.3534,9
3bd09820,23665,4.3534,9
56e245a2,29958,4.3479,9
70c55603,19935,4.3534,9
2a100fdd,21463,4.3534,9
153e8327,20266,4.3534,9
51b51b77,18550,4.3534,9
22432435,19402,4.3534,9
b1a2a0c,25016,4.3479,9
6a31545b,29967,4.3534,9
21deb255,24843,4.3534,9
38fd5ca3,26961,4.3507,9
40182af2,19851,4.3534,9
398fff25,27871,4.3534,9
639ff852,21292,4.3507,9
3707a26e,27535,4.3534,9
364941c6,22324,4.3534,9
7079f6fd,24202,4.3534,9
662616e3,26829,4.3507,9
1a9d3c90,29356,4.3534,9
256cef20,30023,4.3507,9
2b83c56f,27035,4.3534,9
f9020d8,23811,4.3534,9
441fe943,21157,4.3479,9
59d7aec7,30578,4.3534,9
7401eb96,21186,4.3534,9
2a5d60d1,22207,4.3562,9
680a8f55,22630,4.3562,9
6692e46c,30254,4.3562,9
2d7cfef,28625,4.3562,9
7f012387,30929,4.3562,9
ec1098f,30594,4.3534,9
32d5070f,20150,4.3507,9
1ad434c5,23849,4.3562,9
266b67c0,28113,4.3562,9
6c3f3103,20312,4.3562,9
6b0a8b48,25334,4.3534,9
6a34d07a,24164,4.3562,9
70434f4c,26450,4.3562,9
4b8a3f9d,24173,4.3562,9
5e28a8c6,25197,4.3562,9
12531479,19526,4.3562,9
78801050,23942,4.3534,9
62ecbe0a,22935,4.3562,9
79994409,22424,4.3562,9
7363679f,25178,4.3562,9
b19fb33,26870,4.3534,9
750c9ab6,26377,4.3534,9
42c82a05,20343,4.3562,9
c0208b4,31499,4.3562,9
3f08bc31,26257,4.3534,9
573f6bd0,23581,4.3534,9
133bd267,27109,4.3479,9
f603f1c,18786,4.3562,9
7573e3f5,21401,4.3562,9
593e7760,25464,4.3562,9
145b2eca,27882,4.3562,9
1acd6b82,29861,4.3562,9
5129d940,20270,4.3479,9
70cb4f65,18708,4.3534,9
5a64b36b,25404,4.3562,9
4d00b0df,32122,4.3562,9
61627408,27714,4.3562,9
21a37c4e,21216,4.3562,9
6961ce6d,30332,4.3562,9
35a2e1b5,24238,4.3534,9
1784eb93,26543,4.3479,9
6664139a,18751,4.3562,9
4cfed854,27723,4.3562,9
337ed54b,30143,4.3534,9
31668c4,30024,4.3562,9
452853ff,21425,4.3534,9
7f2e0f76,26712,4.3534,9
44b5d3bf,27636,4.3562,9
3abf4955,30944,4.3562,9
a5f468e,30981,4.3562,9
d6f5b91,29942,4.3562,9
57803022,25470,4.3562,9
2b5a0f5,28092,4.3562,9
4200b417,18583,4.3534,9
329be1ef,22522,4.3562,9
3d7ac242,27860,4.3534,9
45df97fe,24724,4.3534,9
6ac225b8,30983,4.3562,9
2d2594fb,27073,4.3562,9
40dc8c29,18686,4.3534,9
790593ab,26376,4.3562,9
766cf610,22661,4.3534,9
f125127,22244,4.3562,9
3124823,19615,4.3562,9
278b31ac,23795,4.3562,9
7246663d,20237,4.3562,9
7cefe985,19643,4.3562,9
6d2de56b,30678,4.3562,9
1355af33,25648,4.3562,9
526344ea,26349,4.3534,9
51c33ce2,30661,4.3534,9
53479d0c,30343,4.3534,9
25d9d134,19147,4.3534,9
6d35cd41,29989,4.3562,9
2f59216,25301,4.3562,9
6d5b1a6b,25603,4.3562,9
430228a4,28801,4.3562,9
28391181,19731,4.3562,9
7b8c3019,19007,4.3534,9
6ba59e02,25163,4.3562,9
456ed442,27446,4.3562,9
17fb8343,30869,4.3589,9
772e2d24,24778,4.3534,9
303cf84d,22370,4.3589,9
307e9a4,26932,4.3562,9
343f6cc,20317,4.3589,9
48699c7c,25445,4.3589,9
4e28df58,31614,4.3562,9
1901b840,31616,4.3589,9
568c83a,20265,4.3589,9
57ae7605,22419,4.3589,9
1e63e97,20183,4.3589,9
4b46f7c2,27580,4.3589,9
93cf3ec,24236,4.3562,9
1d6b8933,18946,4.3534,9
5073d8d2,20263,4.3562,9
5e01abbc,30210,4.3589,9
6e23246d,21398,4.3589,9
6e09d6,20341,4.3589,9
418d3af9,20152,4.3589,9
1202353f,25084,4.3589,9
65f57b5e,26544,4.3589,9
15a5fe8f,23813,4.3562,9
4fcb448a,27654,4.3589,9
3eff2568,27081,4.3589,9
165c3074,26947,4.3562,9
709e8662,21248,4.3589,9
4a755f78,29351,4.3589,9
4245ca95,21130,4.3589,9
4d84f4c2,30326,4.3589,9
a974c7f,27128,4.3589,9
6d1331be,21322,4.3589,9
ebe66d9,31987,4.3562,9
6e5076e9,27425,4.3562,9
418bd05,26914,4.3589,9
34dcfd4d,27129,4.3589,9
49a9dda1,21380,4.3534,9
24a31d43,19998,4.3507,9
65927c47,19892,4.3589,9
2bb9a434,27970,4.3589,9
3677c32d,28029,4.3589,9
31b45497,19665,4.3507,9
dc10ee7,25154,4.3589,9
28bd14ad,25483,4.3562,9
7bc72b5c,19599,4.3589,9
68c2a427,22447,4.3589,9
7321f1a2,25318,4.3589,9
602203bd,18647,4.3589,9
65118f68,23973,4.3589,9
6d19e0f2,27971,4.3589,9
274ec55d,26571,4.3589,9
5b9e8cf7,23690,4.3589,9
2bd153d2,31416,4.3589,9
13e7b225,24753,4.3589,9
3cb17d9a,24936,4.3562,9
1d5fe61d,23624,4.3534,9
48c02432,30589,4.3534,9
23d6db4d,25160,4.3562,9
346cf949,24211,4.3589,9
6698d195,19193,4.3589,9
51f23d71,19769,4.3589,9
337f465c,23822,4.3562,9
7a5715b5,24196,4.3562,9
5a636713,29353,4.3507,9
1a3ad09b,32144,4.3589,9
53be2826,31176,4.3589,9
11066559,24090,4.3589,9
509cc395,28599,4.3589,9
1c6e6f15,25682,4.3589,9
3e339ba6,22384,4.3589,9
1c3d1d94,27108,4.3589,9
5659fe0c,25013,4.3616,9
2a8bf5ed,20194,4.3616,9
4572216e,24766,4.3589,9
673e7ccd,32041,4.3616,9
1fc67a21,32103,4.3589,9
131b1c03,30865,4.3589,9
664ab710,26467,4.3616,9
326783e6,27995,4.3589,9
e5970,24968,4.3616,9
262b5973,22931,4.3589,9
6d9ba2b1,25999,4.3616,9
5eda6a25,30034,4.3616,9
502cbaab,31500,4.3616,9
2cb0911c,28591,4.3616,9
1c8e3011,26265,4.3616,9
1f5bcbd5,27851,4.3589,9
1108eae7,22564,4.3616,9
24c4e38f,28807,4.3562,9
c54be7a,22448,4.3616,9
3b8ff9d3,19829,4.3616,9
61b70959,19469,4.3616,9
373e985a,22604,4.3562,9
141861b6,25465,4.3616,9
40eccd30,26624,4.3616,9
3465dda9,26365,4.3616,9
1d6b0231,28806,4.3616,9
44cf3d04,26719,4.3616,9
7f0818f,27536,4.3589,9
1de28c4d,23743,4.3616,9
5efafafe,25731,4.3589,9
58dd7f4a,25232,4.3616,9
65c74e48,27447,4.3616,9
66384786,26382,4.3616,9
6fb12fe8,19817,4.3616,9
5c252a7b,18604,4.3616,9
3cf8ab9,22281,4.3616,9
276fe931,25181,4.3589,9
40d077f2,21090,4.3616,9
41474c5b,23760,4.3562,9
34c4d0fa,20319,4.3589,9
4ba10e99,25056,4.3616,9
13df50bd,31291,4.3616,9
4c0cd87a,21426,4.3616,9
219eb9a,27565,4.3616,9
7a50bdf3,23898,4.3616,9
3946a1e6,31442,4.3616,9
507554cb,25083,4.3616,9
3badb5d5,23879,4.3616,9
48cbe050,20320,4.3616,9
583bcff1,27082,4.3589,9
440e313e,21261,4.3616,9
3ea7f678,31332,4.3562,9
52a3dd0f,24081,4.3616,9
457d7e6b,29886,4.3616,9
f3bff03,30905,4.3616,9
704f303b,26451,4.3616,9
71da0c7c,25475,4.3562,9
3dddeced,21104,4.3616,9
13fd431b,27755,4.3616,9
1aba77b7,24858,4.3616,9
5d812d9c,32120,4.3589,9
21b0c46,23861,4.3589,9
3ba22170,26607,4.3616,9
69ca086d,23612,4.3616,9
474e15ff,30063,4.3616,9
10567bd4,19645,4.3616,9
5998b1a6,24174,4.3589,9
4a2b453a,18594,4.3616,9
4bb8bda,31608,4.3616,9
69001f70,25346,4.3616,9
75099677,25267,4.3616,9
5b2e8310,22639,4.3616,9
27f0afd7,31464,4.3616,9
4b3c1fda,30275,4.3534,9
7a1d35a3,26732,4.3589,9
222e7252,23613,4.3616,9
1b2df24e,18531,4.3644,9
3434c438,26238,4.3644,9
1f5dcfab,20311,4.3616,9
4e3082f0,23904,4.3616,9
4927d517,23880,4.3589,9
3afbb6fa,24717,4.3644,9
21f511bf,18605,4.3644,9
287ca099,27036,4.3644,9
592d02aa,30056,4.3644,9
71bf1b6e,22565,4.3644,9
13c03c7d,19575,4.3644,9
3f67156c,18507,4.3644,9
746b1499,30906,4.3644,9
395e1ae5,18632,4.3644,9
8d76736,20273,4.3616,9
1ae69185,26541,4.3616,9
3685819c,27043,4.3589,9
7f452c9b,30329,4.3644,9
4c180a92,24063,4.3644,9
661deeeb,28771,4.3644,9
625cd02d,23713,4.3644,9
784f349b,20274,4.3644,9
2eb8fefd,30890,4.3644,9
22782d22,20192,4.3644,9
26215cf8,29996,4.3644,9
274b5f4b,21648,4.3616,9
2d9f378b,27525,4.3616,9
175685c,26511,4.3644,9
7c39de3e,26449,4.3644,9
5a60e4aa,24207,4.3644,9
e97b302,26837,4.3644,9
240a0d04,27620,4.3616,9
16f0ff95,23796,4.3644,9
305e5ab6,18776,4.3644,9
4b681c55,31493,4.3644,9
78d4b999,31319,4.3644,9
c42e9aa,22574,4.3644,9
1d5fb3e0,19449,4.3644,9
16de8eaa,23789,4.3644,9
4b9be599,28630,4.3644,9
508f5af9,27192,4.3644,9
30af23bb,26399,4.3644,9
52e640da,26007,4.3616,9
46c5d032,24244,4.3644,9
7a95ffec,31572,4.3644,9
6cb70281,27001,4.3616,9
25cc5657,28030,4.3644,9
454c22a4,18388,4.3616,9
2de02e7f,30907,4.3644,9
79179248,22921,4.3644,9
3e2e1dd3,21121,4.3644,9
1a5351b0,18878,4.3644,9
366c0753,22205,4.3644,9
73ac5604,21151,4.3644,9
3da21d27,30565,4.3644,9
3d7c05f2,20262,4.3644,9
6b7cdb91,26510,4.3644,9
54575fa4,23625,4.3644,9
75645f9f,27491,4.3644,9
372a9932,25242,4.3616,9
195b2d48,19564,4.3644,9
7a71ac8c,25186,4.3616,9
5797ddc0,23621,4.3644,9
728b29b1,24208,4.3644,9
a991155,22385,4.3616,9
734e3c4,25370,4.3644,9
5ad71142,30258,4.3644,9
70563a62,20314,4.3644,9
19c69075,23903,4.3644,9
4eb5a3e0,24776,4.3644,9
5b1729a1,25627,4.3616,9
7b9dcbc4,26529,4.3644,9
3ad97bff,24725,4.3644,9
173101e9,31375,4.3616,9
7589688f,23872,4.3644,9
605f4e11,26396,4.3644,9
11a8c766,21293,4.3644,9
e89a2f3,29903,4.3644,9
307a6ebd,25462,4.3644,9
2acf9165,21407,4.3644,9
7d8bf0ad,30037,4.3616,9
468bbf34,19004,4.3644,9
3ed64bd5,26822,4.3644,9
18c5dc0f,29384,4.3589,9
5dbac534,22181,4.3644,9
78148423,31610,4.3644,9
416d8dfd,32024,4.3644,9
ba8335f,25026,4.3644,9
2904a41f,19512,4.3644,9
2500da09,19758,4.3644,9
2e1828f8,23892,4.3562,9
6460c4af,26366,4.3644,9
28cba7a,27130,4.3644,9
7769af56,30852,4.3644,9
68c8a060,22282,4.3644,9
4b3befe2,29950,4.3644,9
240b5195,26549,4.3671,9
46acac07,27998,4.3671,9
6b4adf12,25134,4.3644,9
170ae10e,28005,4.3616,9
364be725,20115,4.3644,9
7f9a7966,30568,4.3671,9
16308f9,31199,4.3644,9
220c5046,25678,4.3671,9
1f03b95a,26225,4.3671,9
33fea295,21265,4.3671,9
2ac350d3,30330,4.3644,9
6a8dabad,27042,4.3671,9
684606cf,21262,4.3671,9
60c607e5,26674,4.3644,9
2eeaeb58,24100,4.3671,9
1e1f639e,19755,4.3671,9
5642bbd2,25283,4.3671,9
19c86333,28649,4.3671,9
41e07ebb,28757,4.3671,9
2e090e3,19601,4.3671,9
3829fdf4,19406,4.3671,9
5d4f7afc,18971,4.3671,9
4593f868,24224,4.3644,9
32a27b73,25136,4.3671,9
104a6f7e,18606,4.3671,9
149c7f41,24239,4.3671,9
31a1d6ec,31097,4.3671,9
6bab2808,21399,4.3671,9
4af3afed,30098,4.3671,9
3de2a785,27992,4.3671,9
24b1063,19407,4.3671,9
3012934a,26247,4.3671,9
22a9c583,19568,4.3644,9
67c9ce62,29901,4.3671,9
4fbf8391,19177,4.3671,9
152d4a0d,30055,4.3671,9
31810321,22317,4.3644,9
189261ad,29390,4.3671,9
2b82da25,32061,4.3671,9
5480807a,24029,4.3671,9
6d2119c0,19902,4.3644,9
66b582c0,25176,4.3671,9
72e2cf04,23577,4.3671,9
44e0b0c9,24969,4.3671,9
5bdb2fc1,19744,4.3644,9
b08f790,18759,4.3671,9
6e820028,19505,4.3671,9
4e214386,22560,4.3671,9
24eb2cba,27715,4.3562,9
26ccbac1,31460,4.3671,9
6a347dff,27596,4.3671,9
14c9b3d1,22509,4.3589,9
49fd8d43,30860,4.3671,9
69bac30e,29991,4.3671,9
2ae3764a,20238,4.3671,9
63f13d6c,27426,4.3644,9
3aff5df8,27991,4.3644,9
5624b1a,24874,4.3671,9
34823cda,22182,4.3671,9
5e726d7b,31554,4.3671,9
1ea2ebd0,26392,4.3671,9
98f5985,30556,4.3644,9
2c4ec082,23938,4.3644,9
619a69c5,27739,4.3671,9
68efe24d,30128,4.3644,9
1b5fdda4,18992,4.3671,9
414f549d,26194,4.3699,9
73a9d930,27772,4.3671,9
6443b082,27452,4.3699,9
194e353,27727,4.3699,9
7237a0d1,27487,4.3671,9
5a1c5c8d,24069,4.3699,9
3ac4a440,19904,4.3699,9
7199a71,26816,4.3699,9
7e27edb0,23769,4.3671,9
588f175c,18596,4.3699,9
47765ea9,28065,4.3699,9
cf78e24,24792,4.3699,9
1919e2ca,21154,4.3699,9
4dfca867,26393,4.3699,9
6de96373,26531,4.3699,9
189ffb71,18609,4.3671,9
28a9c0e8,25626,4.3699,9
beea0a,31315,4.3699,9
266af395,20256,4.3699,9
4149d05a,27058,4.3671,9
2781e61b,22511,4.3699,9
5018a65b,19742,4.3699,9
211f1196,26397,4.3699,9
2e5bdeef,26817,4.3699,9
6424401,26468,4.3671,9
137d10ec,20122,4.3699,9
4a3720b4,26853,4.3671,9
3aeb33bb,19796,4.3671,9
2e9d0aab,30830,4.3699,9
26dd2d63,27445,4.3699,9
3c636b8,18619,4.3699,9
3244a091,21353,4.3699,9
7d3d258f,28667,4.3699,9
13e8af81,31099,4.3644,9
7d522134,24240,4.3699,9
4f93abd0,19456,4.3671,9
58c4da9b,24036,4.3699,9
4cc18d51,24083,4.3699,9
20764e7c,21249,4.3699,9
72e9ac89,24028,4.3644,9
c07b04d,10860,4.3699,2
4c6c0f99,31009,4.3699,9
6149df74,27921,4.3671,9
507d9ec8,28641,4.3699,9
7c414399,21123,4.3699,9
752f1c20,28551,4.3699,9
7fd7444a,22249,4.3671,9
50ca86bb,27492,4.3699,9
6cfdc9b4,29990,4.3699,9
1ad61239,30273,4.3671,9
5fe6f03d,30564,4.3671,9
5b9d4a24,28705,4.3699,9
70726e66,30112,4.3699,9
27205845,25449,4.3671,9
59af988a,19005,4.3699,9
73421e5c,19116,4.3699,9
1bcd6f11,20258,4.3699,9
2ab0da26,26637,4.3699,9
f7e7c32,28545,4.3699,9
6cad237f,28710,4.3699,9
3025e44d,19555,4.3699,9
4cc68197,22410,4.3699,9
4f31346e,24165,4.3699,9
49f5f5ab,21317,4.3671,9
1622f805,27637,4.3671,9
9ba7100,19513,4.3671,9
71889399,27840,4.3699,9
173668ae,28598,4.3671,9
16d5489d,30593,4.3699,9
5438654a,26026,4.3699,9
4cbd1936,28009,4.3699,9
6dcef40f,29359,4.3699,9
799c4f63,29926,4.3699,9
5dcb3be6,10858,4.3644,2
3a9b49dd,31526,4.3726,9
61661162,30341,4.3726,9
4536d0d1,30676,4.3726,9
5eca7843,28745,4.3726,9
5a5a7c77,19450,4.3726,9
b669b5f,27479,4.3699,9
78a562ba,28543,4.3699,9
7520158d,29985,4.3726,9
7c10669a,19602,4.3726,9
28678f00,27587,4.3726,9
1070ac4e,30272,4.3726,9
65894fb0,25567,4.3726,9
1ad2c12d,27408,4.3726,9
442e76d5,30054,4.3726,9
5129b0c2,20190,4.3726,9
7e728198,25568,4.3726,9
72a5ecd2,30276,4.3726,9
450ab48d,25177,4.3726,9
59b9a34e,31297,4.3726,9
33ad87a0,22653,4.3726,9
6eb32e7b,26900,4.3726,9
7e8d51fc,19515,4.3699,9
6a3a3eb0,19619,4.3726,9
357534d0,23935,4.3726,9
8f3cf81,26931,4.3726,9
424204f3,29385,4.3726,9
578d18ef,28684,4.3726,9
56d4aff6,32675,4.3726,9
51d5c5f6,27967,4.3699,9
cbe59af,25208,4.3726,9
6d20d422,18991,4.3726,9
716fbee2,31344,4.3726,9
7332628e,26802,4.3726,9
23d859a0,19903,4.3699,9
5080e932,28818,4.3726,9
3b6ab6c4,27782,4.3726,9
377e97e5,21651,4.3726,9
568addf3,21152,4.3726,9
1947769,22408,4.3726,9
476380f2,23737,4.3726,9
6fa63d09,19666,4.3726,9
2ca45ea7,30873,4.3699,9
2c417b85,24979,4.3726,9
ecc7e5b,31600,4.3726,9
505c44fe,31200,4.3644,9
5e036934,24013,4.3726,9
5ba55152,25344,4.3671,9
4b3f4f51,19136,4.3699,9
23898528,25683,4.3726,9
7939bc22,19647,4.3726,9
146a2bf8,21437,4.3726,9
2623e63f,28066,4.3726,9
63ac6106,18974,4.3726,9
57c009fd,27997,4.3699,9
7e42634e,22566,4.3726,9
75329c33,18528,4.3726,9
12b0dd16,24106,4.3726,9
62905813,25466,4.3726,9
2b9bd361,31168,4.3726,9
b70cada,19669,4.3726,9
1891e4e0,31594,4.3726,9
2bbf2345,30608,4.3699,9
7c67582e,25376,4.3699,9
68ab72d9,19616,4.3699,9
1d5ea476,28094,4.3726,9
4fa91993,18419,4.3726,9
9c98e60,30270,4.3726,9
3ac7083a,22425,4.3699,9
783b1aa3,31461,4.3699,9
52d26600,18628,4.3726,9
55308848,26195,4.3726,9
10cfa600,18778,4.3753,9
124beafb,26604,4.3753,9
53687cd4,23790,4.3753,9
24bcc39,22937,4.3699,9
28f9b8c7,19805,4.3753,9
168a2e82,26991,4.3753,9
6f5995d6,22507,4.3753,9
1d82effa,24197,4.3671,9
2288a6f4,28763,4.3753,9
7bb8e792,28084,4.3753,9
7a921117,22612,4.3753,9
3216f0ad,23666,4.3753,9
6e60d8d2,30878,4.3726,9
4db407ed,31575,4.3699,9
2a6cb7a9,31003,4.3726,9
2f7ab9d1,19519,4.3753,9
3ac64a9d,20216,4.3753,9
47b442a4,31292,4.3753,9
2ad2bed0,30129,4.3753,9
654c95dc,26573,4.3753,9
5f0e57a5,30971,4.3726,9
187aa8b5,26711,4.3726,9
1f821c95,30671,4.3726,9
50068644,26990,4.3699,9
45ddc905,28668,4.3753,9
4b76d353,20308,4.3753,9
6ee4d55b,30226,4.3726,9
443e4617,25446,4.3726,9
7b8f2bc,20151,4.3753,9
2c0696af,19491,4.3753,9
1a3e73c6,23719,4.3753,9
6d7b5634,27630,4.3753,9
2d167435,27631,4.3753,9
5413f7f,25285,4.3753,9
353d3cd6,22252,4.3699,9
5cf4d9f4,18675,4.3753,9
1b59a505,31320,4.3753,9
6b09eea8,26850,4.3753,9
75a08820,21115,4.3753,9
29a7d1ce,21217,4.3726,9
53668677,28634,4.3726,9
773e5e1d,26224,4.3726,9
2141d8b7,26718,4.3671,9
6ae3952,26524,4.3699,9
1110b1e8,20131,4.3726,9
7622c883,24970,4.3699,9
7369aeec,30985,4.3753,9
10f103ec,31457,4.3726,9
7077b7a1,30261,4.3726,9
198dfcc8,22577,4.3753,9
4e57798d,22187,4.3726,9
1991cc80,18994,4.3753,9
1e7423d,28736,4.3753,9
4c60271f,19828,4.3753,9
398eb40f,26523,4.3726,9
2eec9a72,21288,4.3753,9
15a1c338,31599,4.3753,9
5834564c,26643,4.3753,9
1d2f742,21350,4.3753,9
73ed4136,26545,4.3699,9
14d6bf89,27566,4.3753,9
2dc65ff2,19735,4.3726,9
5ea3986b,18879,4.3781,9
7e752c9a,28802,4.3781,9
41dd414b,28584,4.3781,9
45803884,25364,4.3781,9
3ffc804e,18622,4.3781,9
1ef74acf,27136,4.3781,9
5c55f9ba,27004,4.3781,9
1855aeac,19820,4.3781,9
43f0a318,27376,4.3781,9
6775389b,24714,4.3781,9
55723be1,27137,4.3753,9
141e85e6,22596,4.3781,9
218b7907,29354,4.3726,9
5a89fba6,22328,4.3726,9
67a5f64d,31308,4.3781,9
76fee03d,28797,4.3753,9
29dabbc2,22250,4.3781,9
2749d469,19117,4.3781,9
498b3aaa,24193,4.3781,9
33b231dd,30672,4.3781,9
7b6dbe78,26025,4.3753,9
7950e7c,21326,4.3753,9
17db3a4e,20259,4.3781,9
3545ddb1,32048,4.3781,9
234d2b1f,21346,4.3781,9
c0427e4,22459,4.3781,9
2f5057a,25250,4.3753,9
42c37560,26625,4.3781,9
59f080dc,31523,4.3781,9
13af5d2e,25287,4.3781,9
784517b3,30679,4.3753,9
3e3973b8,18526,4.3781,9
6708696a,26453,4.3781,9
3aa3f337,28683,4.3781,9
530c9f60,27993,4.3781,9
265d920a,31984,4.3781,9
23aec92,26693,4.3781,9
27259da9,30941,4.3726,9
1065f1b2,19793,4.3753,9
5a62ec76,23937,4.3726,9
fe9c5d4,26935,4.3781,9
42ac955,24950,4.3781,9
79623029,31008,4.3781,9
29cb366d,18987,4.3753,9
3b7d5003,30538,4.3753,9
76310a46,21120,4.3726,9
3737a631,26972,4.3781,9
6585b1e3,27448,4.3753,9
34a90818,27427,4.3781,9
4a3447f1,18794,4.3781,9
403866a8,31527,4.3726,9
87acde5,28809,4.3753,9
746fed3a,18795,4.3781,9
1c8c3789,30847,4.3726,9
5597974f,26394,4.3781,9
1f021f96,26998,4.3726,9
41c9fc76,20132,4.3781,9
4a44cf48,25304,4.3753,9
370999f6,24818,4.3781,9
3878de2e,23860,4.3753,9
365cbf1b,25323,4.3753,9
5a8e0817,21122,4.3781,9
21b3fc99,22245,4.3781,9
5fc4df2f,30029,4.3781,9
39de2985,22339,4.3781,9
cb307ab,18548,4.3781,9
26d7789a,23972,4.3781,9
183e0fed,19956,4.3781,9
61fa9662,28554,4.3781,9
75e05ba9,26871,4.3753,9
3132e226,31417,4.3808,9
33017e55,27642,4.3808,9
1230b7dd,26901,4.3781,9
68eeee27,32044,4.3781,9
47c5b0,26512,4.3808,9
42712241,19178,4.3781,9
5df173fe,19170,4.3753,9
632547b5,27161,4.3808,9
ea15877,21323,4.3781,9
458910c8,30840,4.3808,9
13b1f504,18595,4.3808,9
5ae00028,27083,4.3753,9
5e8689e3,27839,4.3808,9
5384ddab,27488,4.3781,9
4f011b0a,22186,4.3808,9
ca5e638,24872,4.3808,9
15baa382,31573,4.3808,9
63be4f10,26065,4.3808,9
7558f455,22936,4.3808,9
7f19e947,25129,4.3808,9
a051a8a,26798,4.3808,9
5de89952,19149,4.3808,9
4d1b998b,27643,4.3808,9
70c37680,19150,4.3808,9
dfd8519,31456,4.3808,9
5d86edd0,26248,4.3781,9
3d9e0630,23859,4.3781,9
1fed9a43,19629,4.3753,9
eab9ff4,18975,4.3808,9
6f9f0675,24813,4.3808,9
48df4df6,31587,4.3781,9
22fd3230,31982,4.3781,9
1c6a8723,30850,4.3781,9
51318bae,26898,4.3781,9
337fa43,29906,4.3808,9
7225bdb4,22575,4.3808,9
5f2b24ed,22629,4.3808,9
21ab85d,27509,4.3781,9
3ec3bfbf,24982,4.3808,9
4dfb6b81,27147,4.3808,9
4bf1329f,23962,4.3808,9
1cfea3ec,26629,4.3808,9
3fe3d98b,22510,4.3808,9
29521a95,21384,4.3808,9
6b75b0ea,22420,4.3808,9
18e165a5,31598,4.3808,9
27d9fab,22578,4.3808,9
237321ee,27461,4.3808,9
1a4c01a7,25405,4.3808,9
5c7810e4,21445,4.3781,9
32964c07,19688,4.3753,9
8d077ea,30111,4.3781,9
72eb1e6e,25303,4.3808,9
6e08cfe7,27957,4.3808,9
62040002,23648,4.3781,9
6efe5055,26425,4.3808,9
659a0547,29970,4.3808,9
2c9b191f,30271,4.3808,9
4f286ff4,25268,4.3836,9
67f7e601,18969,4.3836,9
7b977e52,18676,4.3836,9
4e12ec5a,23940,4.3836,9
42496da3,28650,4.3836,9
1ad65c05,20117,4.3836,9
5af3c4e3,31384,4.3836,9
552966a7,30109,4.3808,9
3da93db,29974,4.3836,9
18b7588f,19137,4.3836,9
75ebee54,28824,4.3836,9
a77d276,25305,4.3836,9
22699149,22615,4.3836,9
22ad06c7,31467,4.3836,9
66f99d3b,19745,4.3836,9
31ea9e74,25299,4.3836,9
5ba1e5d,26965,4.3836,9
3f0c50ea,26064,4.3836,9
6b37347a,30677,4.3808,9
3e32cc15,28624,4.3836,9
8e636e2,28006,4.3808,9
418d7c62,26963,4.3836,9
24f15319,26706,4.3836,9
71ece92c,32043,4.3808,9
232a978f,19734,4.3808,9
96e91e4,31035,4.3836,9
27a9624b,30674,4.3781,9
311a5a1b,25220,4.3808,9
46fb3558,30559,4.3836,9
3b677dd2,22488,4.3836,9
5730ebcf,25222,4.3808,9
3499a9b0,19763,4.3808,9
13e4764d,27006,4.3808,9
2bd70b8e,26404,4.3836,9
2bde6acb,19608,4.3836,9
1d9fc13d,18995,4.3836,9
7b6082ec,30646,4.3808,9
34fdebb5,27770,4.3836,9
24d7019,18420,4.3836,9
115590a5,27725,4.3808,9
49852876,23761,4.3781,9
44687cb2,26196,4.3836,9
368db448,27726,4.3808,9
5fa9c738,22938,4.3836,9
62c4b4d0,19821,4.3836,9
270c6390,22359,4.3836,9
db8b012,22678,4.3836,9
262e666,26859,4.3781,9
68d01fce,31976,4.3808,9
59163d96,27858,4.3808,9
4817a18b,25164,4.3836,9
f32ee6d,31595,4.3836,9
1a76783b,28735,4.3836,9
72641c6e,26032,4.3836,9
70af050,30134,4.3836,9
64205303,25053,4.3836,9
1f53375a,9635,4.3836,2
36cd232b,19671,4.3836,9
6418cef0,27190,4.3836,9
34c03a53,24769,4.3808,9
32af3276,19548,4.3836,9
6d248b73,24895,4.3836,9
4fe9b769,24184,4.3808,9
7ace0e65,31362,4.3808,9
3139bfc8,27884,4.3836,9
788fc58f,30540,4.3836,9
7adf6708,27167,4.3836,9
7068f310,27203,4.3836,9
cd3c52a,23748,4.3836,9
a76da82,31340,4.3836,9
b101be3,20322,4.3808,9
4a643aac,30643,4.3808,9
3cd789e2,30673,4.3808,9
2ebff1c7,27435,4.3836,9
19d2b359,19606,4.3863,9
781ef125,22901,4.3863,9
12a19c58,20217,4.3863,9
196542ec,24229,4.3863,9
19fd50bb,22904,4.3836,9
481dbb8a,27145,4.3863,9
56c0ad8d,19900,4.3863,9
6501e79b,19609,4.3863,9
160a1b08,18796,4.3836,9
357c1a8f,30537,4.3808,9
51959c0c,25371,4.3863,9
336e33a8,27062,4.3863,9
49fc85b7,28032,4.3863,9
60114c8d,21301,4.3781,9
7e25be88,25354,4.3836,9
64e64117,21318,4.3863,9
a46422b,23955,4.3836,9
4cd2ca30,31034,4.3863,9
ee34371,19468,4.3863,9
52f2eb04,25264,4.3836,9
667e18b5,29997,4.3863,9
647c0304,25989,4.3863,9
9c85c05,22291,4.3863,9
5c1342ba,29959,4.3836,9
64a8042,19189,4.3863,9
777bb5c7,27044,4.3863,9
1226a331,30292,4.3863,9
582c66c0,23652,4.3863,9
6d204ed4,21224,4.3863,9
16c6e652,31041,4.3863,9
500660a2,27528,4.3836,9
29cb270,19623,4.3863,9
2584b639,31434,4.3808,9
4d120ad,23862,4.3863,9
67b153e5,21359,4.3863,9
d96251,24903,4.3863,9
55fd6c23,30826,4.3808,9
6c290d,31004,4.3863,9
14a7ff2d,28093,4.3863,9
d35a5e5,21469,4.3863,9
60f6f1dd,19610,4.3863,9
2bf6cc78,27453,4.3836,9
4a33ac4a,27647,4.3863,9
6a892264,27501,4.3863,9
9646e6f,29879,4.3863,9
3da64ef1,26720,4.3863,9
20aed031,26926,4.3836,9
77a86992,21459,4.3863,9
5411ef01,22262,4.3753,9
5bcfe2b4,25001,4.3863,9
d368ea4,30973,4.3863,9
39669269,22598,4.3836,9
62540ba3,27954,4.3863,9
462a8f1f,28561,4.3863,9
6ce706da,25179,4.3863,9
5d309d69,27774,4.3863,9
7fd06ad0,23691,4.3836,9
72a85a99,19891,4.3863,9
30e34e7c,25306,4.3863,9
22a36d08,24737,4.3863,9
5e590566,24225,4.3863,9
6e15e0a6,24749,4.3863,9
44afd3b6,19890,4.3863,9
7d5d3d06,31522,4.3863,9
6bb975fe,27617,4.3863,9
17a6ff0e,23693,4.3863,9
2a68a8ff,31177,4.3863,9
792d5fa5,22198,4.3808,9
4ce6ce5,28012,4.3863,9
1060fc67,21180,4.3808,9
4414660,20236,4.3863,9
4b37aeb2,28820,4.389,9
1a419328,26992,4.3836,9
7fafc405,24082,4.389,9
208948f4,19946,4.389,9
4532ec5,19197,4.389,9
131be506,25093,4.3836,9
5ca3f077,24875,4.3863,9
525fdfc5,30859,4.389,9
481ed340,22895,4.389,9
7dc9c935,21347,4.389,9
65e527fb,25606,4.389,9
51c480be,30893,4.3863,9
6ffedd15,29960,4.3863,9
48902fb,23799,4.389,14
37baf33e,22394,4.3863,9
420e4407,19765,4.389,9
6a0bf90a,18640,4.389,9
5b012f26,28544,4.3836,9
17536067,26035,4.389,9
779052b0,25204,4.3863,9
478e0e39,21408,4.389,9
15a461f1,27154,4.3863,9
19f86b7a,19210,4.389,9
6c08bf27,25479,4.389,9
5bc09b59,18781,4.389,9
6d5dc239,23649,4.389,9
3724c753,21402,4.389,9
1e7cb717,30601,4.389,9
41b9edd2,19520,4.3863,9
912948c,23632,4.3863,9
42f6a3d6,26676,4.389,9
53f9ea84,25477,4.3863,9
28462be3,30030,4.389,9
42ecd4b6,26638,4.389,9
261f8444,19682,4.3863,9
51006b42,22280,4.389,9
6a2575b7,20206,4.389,9
4d31062c,27845,4.3863,9
7b7dc36c,31098,4.389,9
e56b63c,25561,4.3863,9
5c5e86cf,30950,4.389,9
191bfb0e,28112,4.389,9
7f013f63,27524,4.3863,9
5741b6b2,31367,4.389,9
11c4e4df,20323,4.389,9
6bd04a83,25660,4.389,9
39859973,23720,4.389,9
1bc4d385,23655,4.389,9
4f895307,27526,4.389,9
15a78862,22423,4.389,9
23f36415,18527,4.389,9
36282f19,30541,4.389,9
333c43b0,27564,4.389,9
1a71292d,19002,4.3836,9
221a35ba,27505,4.3863,9
73d0b51a,25355,4.389,9
7ec68b26,24091,4.3918,9
55bd9607,25182,4.3918,9
7985f714,22644,4.3918,9
431afdac,24121,4.3918,9
16de1044,30848,4.3918,9
724610d6,31990,4.3918,9
4cd7ec3,25610,4.3918,9
17660736,25245,4.3918,9
64a24785,20275,4.3918,9
5d16f8b8,26993,4.3918,9
3242aebf,27644,4.3918,9
15ba4076,23651,4.3863,9
63d2a32b,30046,4.389,9
9eb44d1,31475,4.3918,9
2efb3405,27138,4.389,9
6905685c,26777,4.3863,9
5bc76d71,31477,4.389,9
61129b2b,32147,4.3918,9
1f3845ac,22263,4.3863,9
4c264756,31502,4.389,9
3b0a19cb,27754,4.3918,9
798fc17e,27437,4.389,9
2447fec6,28707,4.3918,9
5aa501ef,19527,4.389,9
1c93a32c,22214,4.3918,9
318a8f31,22206,4.389,9
2d234586,27883,4.389,9
5ffb93b4,30064,4.389,9
3aed6c7d,31613,4.3918,9
4579443b,21205,4.389,9
72413667,25130,4.389,9
71a46da8,24204,4.3918,9
20fb7965,24752,4.3918,9
2f2cb9dd,28723,4.3918,9
54a55051,32127,4.3918,9
10fc38ab,21409,4.389,9
6beae40,24928,4.3918,9
7d75cfa3,30300,4.3918,9
375d6381,30942,4.389,9
61c780a,25661,4.3863,9
49849ae3,24832,4.3918,9
4ca359fc,26686,4.3918,9
3abbe13d,27444,4.389,9
69e0391e,27912,4.3918,9
51344107,28627,4.3918,9
357d1ec8,18754,4.3918,9
58c3d906,19670,4.3918,9
3d94692a,26826,4.3863,9
226f94de,18954,4.3836,9
55d49f4f,19944,4.3918,9
8025063,24900,4.3918,9
4e4fa38c,26717,4.3918,9
508c5e56,30969,4.3918,9
21d38def,23905,4.3918,9
3bc850fe,22421,4.3863,9
828c7c8,30313,4.3918,9
3ae44675,27584,4.3918,9
7650833,25357,4.3918,9
7e53e781,31313,4.3918,9
308b7904,20118,4.3863,9
d6eaa9e,22190,4.3808,9
2844568e,18680,4.389,9
74ff725,24713,4.389,9
66c167a2,18891,4.3918,9
d697127,23881,4.3863,9
d5fc2eb,30548,4.3918,9
713b622,22608,4.3918,9
522ce86b,22191,4.3918,9
54aab033,25345,4.3863,9
4e92be22,18808,4.389,9
5d650c85,20295,4.3918,9
2f43a84e,24863,4.3918,9
2e69aebd,24771,4.3945,9
755166fc,28669,4.3945,9
6547b6a0,28767,4.3945,9
32968475,23976,4.3945,9
6ed7b070,30940,4.389,9
51e9c8dc,28719,4.3945,9
2f71329b,28784,4.3945,9
5110877,23906,4.3945,9
70bead19,30536,4.3945,9
3a2818c,27672,4.3945,9
1c92160c,30302,4.3945,9
3ad11aef,26902,4.3918,9
378eef72,21258,4.3945,9
20b7b6ee,26857,4.389,9
305af6cb,30043,4.3945,9
2c19e682,22561,4.3918,9
1e2d978c,27758,4.3918,9
1bdb7edd,23936,4.3945,9
5e180e44,30279,4.389,9
4385c3af,19576,4.3918,9
20cb00ab,20189,4.3945,9
52a872c9,21356,4.3945,9
4c5c3cf6,25350,4.3945,9
21290669,28031,4.3945,9
591f94bf,30645,4.3945,9
48308b6f,28002,4.3918,9
65a6a513,21410,4.3918,9
cd5ed80,27601,4.3945,9
294a2ac9,19746,4.3945,9
656da77c,24228,4.3945,9
353308ff,22183,4.3945,9
16a95a34,28033,4.3945,9
6e4d264a,31036,4.3918,9
66932ab8,29971,4.3945,9
4b4aa265,20316,4.3918,9
176e39c2,22208,4.3945,9
4225e75,25138,4.3945,9
10962213,26799,4.3945,9
6faf0c53,26642,4.3918,9
5b979ad2,24819,4.389,9
2800c611,24755,4.3945,9
4da8bea0,30947,4.3945,9
7168c249,31988,4.3945,9
172e458f,18809,4.3918,9
6368a6d2,23939,4.3945,9
36096bc3,26698,4.3945,9
215334c5,30936,4.3945,9
161ed02c,23833,4.3918,9
73f9fd5d,31519,4.3945,9
51dbd7c2,19901,4.3945,9
2b4cb716,22246,4.3945,9
ed3d792,23963,4.3945,9
361e3f91,20349,4.3945,9
56e116ce,27199,4.3945,9
2d3fa964,26433,4.3918,9
7ab12fc6,18614,4.3945,9
50ba962b,19658,4.3918,9
3d9475b6,25349,4.3918,9
639d53ac,19957,4.3945,9
6d3eddd2,27409,4.3945,9
799b194f,30670,4.3945,9
189e603c,30214,4.3945,9
aa7c6a5,26027,4.3863,9
14802b82,26209,4.389,9
1d890a8d,28010,4.3945,9
2e172ca3,30223,4.3945,9
3c792912,27422,4.3945,9
85f52d6,29928,4.3945,9
1d16a464,32676,4.3945,9
68b4aa3f,25358,4.3945,9
481e1829,18690,4.3945,9
3dda8981,23650,4.3945,9
4f61a50e,25463,4.3973,9
67fc1d02,19834,4.3945,9
40ac7f83,27833,4.3973,9
49ec86e1,30665,4.3973,9
5f1b8e84,19925,4.3973,9
24793271,27463,4.3973,9
502ca1d0,28816,4.3973,9
518d25e1,28688,4.3973,9
36648267,24902,4.3973,9
690e742e,18993,4.3973,9
746f1870,23656,4.3973,9
737c0ff2,19806,4.3973,9
7010c0b7,19539,4.3973,9
c6afb27,22525,4.3973,9
62750368,25231,4.3945,9
1ba58d4c,31289,4.3973,9
490a7fae,27787,4.3973,9
6ed53bce,31422,4.3973,9
7d45aa79,25559,4.3918,9
ba6d81e,21250,4.3973,9
4102f441,23974,4.3973,9
6ceace4,18996,4.3945,9
5608d826,20350,4.3973,9
6b538cd1,19646,4.3973,9
10993b6c,26640,4.3973,9
3d25cd06,28734,4.3973,9
4effefca,27441,4.3973,9
5ea6c7db,25319,4.3973,9
29e4edda,25669,4.3973,9
3aba481d,22222,4.3973,9
3cf262c2,19807,4.3973,9
b8a613f,27677,4.3945,9
2e729ca1,22600,4.3973,9
63fae78a,21206,4.3973,9
7bcdd15,22609,4.3973,9
20878aa6,31514,4.3973,9
15dba609,19012,4.3973,9
6dfe4c12,24230,4.3973,9
56c1b10,22664,4.3945,9
4e9908b6,25691,4.3973,9
5db7011b,19190,4.3973,9
69457b90,22177,4.3945,9
72ab60f6,27940,4.3973,9
79dba873,31454,4.3973,9
76443476,19582,4.3973,9
13950535,23809,4.3973,9
76cf7185,21131,4.3973,9
34141d37,25733,4.3973,9
63247847,26830,4.3945,9
58a375bb,22605,4.3973,9
55ed7473,24901,4.3973,9
51b65a81,26687,4.3973,9
4184365c,31997,4.3973,9
1a2986b,28768,4.3973,9
426f2b49,28825,4.3973,9
38a2548d,27462,4.3945,9
1bceeb03,25269,4.3973,9
7c9f819b,25401,4.3918,9
5fbf209f,27585,4.3973,9
1cc97e82,30652,4.3973,9
93dccb0,21524,4.3945,9
32339bbd,32049,4.3973,9
32a05739,23770,4.3973,9
654a0281,30994,4.3973,9
2f50ad4,20134,4.3973,9
2cb59744,27955,4.3973,9
1c9c0474,25347,4.3945,9
2977436c,27185,4.3973,9
37e4f3c,21525,4.3973,9
371e7a0,27847,4.3973,9
7fb2ec1e,27377,4.3918,9
6c4dbca7,27163,4.3973,9
1d3b19bd,26374,4.3918,9
117bb15d,21304,4.3973,9
79c17d70,26945,4.3973,9
5e2e2718,31611,4.3973,9
2ac5f1dd,25569,4.3973,9
78685e6b,25482,4.3945,9
3d5b562a,24806,4.3945,9
7166e985,30590,4.3973,9
33e3024,25141,4.3973,9
399fad2e,989,4.4,2
50f47a1,19148,4.4,9
187ea6b7,22641,4.3973,9
6a330a8c,25734,4.3918,9
2e013c39,26466,4.4,9
62eed406,20225,4.4,9
186f14de,27567,4.3945,9
3f068f4,21142,4.4,9
58836d17,18633,4.4,9
f489df2,18779,4.3973,9
7d5d91fd,18692,4.3973,9
580b91a4,18780,4.4,9
5a9a8a9b,22933,4.4,9
1914dfd0,26667,4.4,9
4e402b2a,19659,4.389,9
45481ceb,29865,4.4,9
5ac981d,27133,4.3945,9
29eb1416,20184,4.4,9
14ef232c,27688,4.3973,9
1aafbd78,30663,4.3945,9
5579cc7c,27590,4.4,9
596f794f,22580,4.4,9
304bb347,24948,4.4,9
3ecc5b67,30211,4.4,9
4aed1287,30668,4.3973,9
254d6aee,25471,4.3973,9
377e75d3,26400,4.4,9
1579c772,31037,4.4,9
4932b1d9,26581,4.4,9
10e574b4,31399,4.4,9
5dc1cc90,26928,4.4,9
7e6b80b,27186,4.4,9
437295c9,31536,4.3973,9
18eb9882,25608,4.4,9
448b5e3f,30259,4.4,9
761f8045,24175,4.4,9
382207cb,27191,4.4,9
21948f92,20218,4.3973,9
65ff2caa,31501,4.3973,9
7b1bfc8c,26818,4.3973,9
718c5602,20257,4.4,9
74e1afbe,18672,4.4,9
68e757f4,23653,4.4,9
4c3c39f8,26534,4.4,9
5f134a3b,26227,4.4,9
26768238,31524,4.4,9
747c39f5,21328,4.3973,9
59222d7b,25609,4.4,9
1ca5f6f6,26435,4.3945,9
ed0c018,20135,4.3945,9
1b76f3a6,26641,4.4,9
53775c46,21406,4.3918,9
60d61298,22409,4.3973,9
680ece9a,29866,4.4,9
44c9ebfe,21466,4.4,9
2d351a4d,26654,4.4,9
5b081da,30972,4.4,9
7da78fa1,21218,4.3945,9
63c3f491,25180,4.4,9
685e650c,19630,4.4,9
6d3ced38,27640,4.3973,9
2c27bdb9,26023,4.4,9
782b63b0,21427,4.4,9
50bcb3d0,25450,4.3945,9
4bd1cace,22363,4.3973,9
410ebba1,29857,4.4,9
50551c4c,20195,4.4,9
4f4d5ad4,22253,4.4,9
65c207a5,24203,4.4,9
20802669,28635,4.4,9
6ca89bc7,19893,4.4,9
19a246d8,23631,4.3973,9
383088eb,25732,4.4,9
10f26e72,19003,4.3973,9
3e34a635,28085,4.4027,9
5ddad052,24085,4.4027,9
352bb3ad,21124,4.4027,9
707cb4c4,28843,4.4027,9
9600233,28772,4.4,9
4cc36412,24080,4.4027,9
575d76b1,31423,4.4,9
455ccc2e,25172,4.4027,9
5f415a06,27621,4.4027,9
3f03112c,30894,4.4027,9
6de2fe4d,19549,4.4,9
36fbed65,26664,4.4027,9
61cffc5c,27859,4.4027,9
5d9bf62a,19516,4.3945,9
8bbca38,26733,4.4,9
7ab606c4,20212,4.4027,9
6e00a36c,24217,4.4027,9
13cf4c32,27415,4.4027,9
d7c7f0b,26677,4.4027,9
fd4e228,27103,4.4027,9
451e4530,19915,4.3973,9
2cd93f7d,19772,4.4027,9
423399ca,30131,4.4027,9
6a5ef606,25375,4.4,9
3ead0abd,21303,4.4027,9
5dde19b8,29862,4.4,9
3f74670d,22671,4.4027,9
3819e7a9,25227,4.3973,9
7eaf0881,24194,4.4027,9
663ac4a9,26917,4.3973,9
7bc9e0ae,19863,4.4,9
567725b6,25607,4.4027,9
5f9914a0,22662,4.4027,9
2124b47e,22178,4.4027,9
25736d70,19648,4.4027,9
443624c8,28774,4.4027,9
4a46a6fd,23977,4.4027,9
3515f9b6,18889,4.3973,9
46c85a0f,26721,4.3918,9
4e456c8f,27961,4.4,9
61daef3,24190,4.4027,9
38bb4bad,32148,4.4027,9
47b57309,30333,4.4027,9
22714e64,23988,4.4027,9
497006ef,18530,4.4,9
1beb77c7,21132,4.4027,9
2b74da4f,18957,4.4,9
47b5c913,21435,4.4027,9
20266e3b,21219,4.4027,9
6f9fbdef,26628,4.4027,9
2691998d,22939,4.4,9
2bba89b2,26582,4.4027,9
422e2087,31161,4.4,9
504c9de8,24844,4.4,9
38d8d218,28769,4.4027,9
7a3b3b9d,27449,4.4027,9
1d66fd91,22329,4.4,9
711d5355,19528,4.4027,9
533da71,31210,4.4027,9
5ef3ab5f,19617,4.3973,9
3059fe0a,30065,4.3973,9
362af848,27102,4.4027,9
2bd90b8,24176,4.4055,9
21f9b4a1,22613,4.4055,9
194658aa,26371,4.4027,9
3a0202bd,26436,4.4055,9
5b0b550d,28773,4.4055,9
7e173337,27076,4.4055,9
355d2684,25219,4.4055,9
446214b5,31290,4.4055,9
137715f0,22658,4.4055,9
59edd032,22712,4.4055,9
73d02658,19618,4.4055,9
72f2b612,26473,4.4055,9
2ec7c7ce,27615,4.4055,9
199cfe64,30542,4.4055,9
1404ade8,26966,4.4027,9
6b8ce9e9,18782,4.4055,9
6f58a660,29961,4.4055,9
ca980ac,26583,4.4,9
1cc0cf40,26550,4.4055,9
62d16d62,27153,4.4055,9
6e1e1370,25142,4.4055,9
2ef242ff,24084,4.4027,9
34d222ae,19542,4.4055,9
5d01e32b,31476,4.3945,9
439afe68,24846,4.4055,9
5e985f5b,29927,4.4055,9
7f43a95e,22508,4.4055,9
5a21334a,27442,4.4055,9
86b8b9e,19506,4.4055,9
1c964d45,27069,4.4055,9
7efd1ed0,26918,4.4055,9
2d95c926,31555,4.4027,9
79769071,30301,4.4055,9
5724067f,24087,4.4055,9
41b989d5,29347,4.4027,9
4266a43d,27862,4.4055,9
f5e4118,30991,4.4055,9
78beb972,22526,4.4055,9
75c46091,19191,4.4055,9
2f47558,23882,4.4055,9
7fdfb29f,27378,4.4055,9
79f55fe4,24205,4.4027,9
7227f13f,28782,4.4027,9
2431d702,24770,4.4,9
54e2869,18755,4.4055,9
7073915,24166,4.4027,9
4ae48ec3,24781,4.4027,9
34a6a552,25257,4.4027,9
6047d95a,22670,4.4055,9
14bea85b,25094,4.4055,9
2acff448,28600,4.4027,9
44b3e544,27897,4.4027,9
1ae06981,23895,4.4055,9
7bfdf6f6,30225,4.4055,9
6372d005,21116,4.4055,9
1c84bac3,29362,4.4055,9
2e452075,31481,4.4055,9
7507693c,30328,4.4027,9
6c32aa7c,24198,4.4055,9
78ecbb4a,30277,4.4055,9
7f2d7aaa,24751,4.4027,9
312da2fa,29975,4.4055,9
48359fe9,30327,4.4055,9
551e5b4e,24820,4.4027,9
4172936d,30144,4.4055,9
1d94d3cb,25324,4.4055,9
793add47,18679,4.4055,9
5ed92d05,23762,4.4,9
be52448,23883,4.4055,9
4a79d7d1,906,4.4082,2
1f2b97cc,19748,4.4082,9
25d33363,24030,4.4055,9
88d2029,30945,4.4082,9
6946755b,30992,4.4027,9
2a688214,18815,4.4082,9
3f0a7429,22693,4.4082,9
7cdc01f3,28783,4.4082,9
5745dc18,27543,4.4082,9
1d31fa29,28592,4.4082,9
7327b3b9,19907,4.4082,9
1f603ac8,26216,4.4082,9
3af734e,24254,4.4082,9
115d21a0,26696,4.4027,9
5f29e249,19013,4.4082,9
4181351e,28007,4.4055,9
39cc1b63,23989,4.4055,9
41647ddb,25338,4.4082,9
5f056fb8,31576,4.4055,9
51cfe414,27454,4.4027,9
192e12f6,27968,4.4082,9
40e005b3,25525,4.4082,9
220832d1,21348,4.4055,9
731d33ec,18984,4.4082,9
7ad5171,21316,4.4082,9
c498dc0,26627,4.4055,9
6599971d,18797,4.4082,9
2594cb80,29907,4.4082,9
57b447d0,31298,4.4082,9
46e9fb59,31999,4.4082,9
68e59c9,19500,4.4055,9
2f06077a,20351,4.4082,9
2ccd11d1,19171,4.4055,9
25f70422,21447,4.4082,9
51c34144,25246,4.4027,9
4e61b1d1,27110,4.4055,9
ae66255,32079,4.4055,9
172db13f,27041,4.4082,9
5c2f0bff,24086,4.4082,9
1f83d692,26819,4.4055,9
26ceebfd,31309,4.4082,9
58eb258,26994,4.4082,9
5c901252,30083,4.4055,9
78c49acc,25187,4.4055,9
79f2e400,18642,4.4082,9
28b279c0,24248,4.4082,9
746cec06,24210,4.4055,9
28220abd,22254,4.4082,9
5f81cf5d,23873,4.4082,9
461e395d,26527,4.4082,9
7d592427,27507,4.4082,9
4eee3936,26375,4.4082,9
6e46eb56,28776,4.4082,9
5fca4a79,30566,4.4027,9
560963c1,30879,4.4082,9
61ea7c8c,24247,4.4027,9
55a6048a,22265,4.4055,9
548860b5,30079,4.4082,9
7cc563d6,19611,4.4082,9
c635933,28666,4.4082,9
11e92415,19118,4.4082,9
235524b8,28546,4.4082,9
4632f60c,27070,4.4055,9
508e8538,24071,4.4082,9
89fdab0,27841,4.4055,9
2654fff,21263,4.411,9
53b64b29,25528,4.4082,9
77b5b322,24112,4.411,9
109ad3e,31000,4.411,9
29bb1057,21281,4.411,9
4835f94a,27632,4.411,9
12c37fcd,26708,4.411,9
5e6f50f6,21259,4.411,9
2fa7cac4,27678,4.411,9
48bf89d3,27675,4.411,9
410baa1e,25270,4.411,9
65c7ba29,26715,4.4082,9
74a7bdbf,27399,4.411,9
40e253e9,27638,4.411,9
5c254ab1,32080,4.411,9
4eba5ee,19955,4.411,9
4de8ba89,19693,4.411,9
1f47c5c6,31167,4.411,9
6941745d,26722,4.411,9
305c684e,25377,4.4027,9
38e8b03e,28819,4.411,9
19a02b10,21229,4.4082,9
7b2157e5,21207,4.4,9
286c5ed7,30920,4.411,9
4d982bb0,25294,4.411,9
68821423,26407,4.4082,9
3c77c399,25611,4.411,9
76a7b826,31169,4.411,9
60dc0904,26353,4.411,9
6c957b04,23714,4.411,9
6e7c1604,28114,4.411,9
2551e565,31179,4.411,9
25c54ce2,26016,4.4082,9
624f4e05,25328,4.411,9
6c8db87e,23901,4.411,9
46dd0247,18423,4.411,9
49f0f422,22672,4.4055,9
51d7b47f,28555,4.411,9
5098a873,20193,4.411,9
7ef9471d,27139,4.4082,9
f516eb8,21295,4.411,9
30e6fd04,27872,4.4082,9
5cfec32b,27895,4.411,9
493023f7,25416,4.411,9
7d454463,31209,4.411,9
7a4c8812,30899,4.411,9
5001ebeb,26801,4.411,9
18e65587,18752,4.411,9
4f577ca4,24249,4.411,9
46214636,27428,4.411,9
51c56144,22686,4.4082,9
ec49624,25520,4.4082,9
243c862d,25666,4.411,9
2424a016,18998,4.411,9
547c43ae,28585,4.411,9
50624a6a,22274,4.411,9
2a57de63,31601,4.4082,9
71ccc849,31612,4.411,9
8818bb,21285,4.4082,9
1ad3cac,29361,4.411,9
435e07e9,27134,4.4027,9
576e6d27,19565,4.411,9
17e3fab1,28018,4.411,9
7f43ecbd,23893,4.411,9
4c91ddf3,30569,4.411,9
68328613,25028,4.411,9
600cdfd6,30707,4.411,9
cae16e,29363,4.4137,9
62ffd700,19577,4.4137,9
4276dac1,30278,4.4137,9
3e08de82,31316,4.4137,9
387c54fa,23654,4.4137,9
6fea030a,31418,4.411,9
1942cb9e,21349,4.4137,9
1b3e7ce4,28593,4.4137,9
633a4dcf,19916,4.4137,9
393b0ed6,19471,4.4137,9
6f6a8a8,26066,4.4137,9
6ec72dce,19905,4.411,9
5f6d426c,21143,4.4137,9
5d69f24b,27784,4.4137,9
5fa251ec,25139,4.4137,9
6c0e2039,27775,4.4137,9
3e0eb970,27720,4.411,9
d0ee5f1,26038,4.4137,9
5a7000c3,19747,4.4137,9
1803c32d,25570,4.4,9
17901750,22376,4.4137,9
5c1ef9eb,19543,4.4137,9
26c5aef4,18960,4.4137,9
7c69c4f7,31424,4.4082,9
6b5466bd,26675,4.4137,9
40ae0b9d,19667,4.4082,9
4b17af72,25217,4.4137,9
79eb849b,23627,4.411,9
18073d3,19501,4.4137,9
779a30ae,23943,4.4137,9
5270bd9a,19949,4.4137,9
1abec7b6,27913,4.4137,9
78a69f9c,25503,4.4082,9
70b48d8d,25188,4.4137,9
722866a3,19649,4.4137,9
54113708,25675,4.4137,9
3dacc7d,23956,4.4137,9
5756f16e,27602,4.4137,9
667a9859,24983,4.4137,9
3b0e4ae9,26919,4.4055,9
5f67afec,19937,4.4137,9
6e62c0d1,21156,4.4137,9
e5f91f2,19201,4.4137,9
3c556830,18681,4.4137,9
75c53451,26024,4.4,9
dd90670,29929,4.4137,9
7f7bc638,20175,4.4137,9
68f8250f,23907,4.411,9
76298bc,30136,4.4137,9
3443f3fd,30900,4.4137,9
71ec8983,23874,4.4137,9
5087db80,28748,4.4137,9
79fe4cc2,26838,4.4164,9
5289841b,26069,4.4164,9
67718351,26546,4.4137,9
47bcaf58,24814,4.4164,9
8394ce,23978,4.4164,9
290927f4,22461,4.4137,9
221af64b,20196,4.4164,9
3c2d074f,20283,4.4164,9
1e49b9fd,21327,4.4164,9
7e9f0b47,22954,4.4164,9
bc21271,27187,4.4137,9
5f017b39,25480,4.4164,9
cd4b775,19673,4.4164,9
a17509b,27148,4.4164,9
115d8a32,26223,4.4164,9
4551f393,19622,4.4137,9
6c178b53,24949,4.4164,9
5cb49dc2,25144,4.4164,9
5e2ca585,20205,4.4164,9
21c5807c,19835,4.4137,9
6bc222bc,25009,4.4164,9
3b5f6184,27131,4.4137,9
43fdb1a0,22614,4.4137,9
5141d3db,26258,4.4164,9
4e360fc3,19799,4.4164,9
341b037b,30346,4.4164,9
7488173d,29977,4.4137,9
5ad6c8bd,26776,4.4137,9
24e08c33,19139,4.4137,9
480c430f,26010,4.4164,9
7c8984cc,30708,4.4164,9
107628c0,19668,4.411,9
3057afe9,27969,4.4164,9
22877d2f,28628,4.4137,9
1a6986d7,30141,4.4137,9
b67c314,28101,4.4164,9
6c21d76,18800,4.4164,9
50cb7c47,26962,4.4164,9
c5e181d,27864,4.4137,9
5e5b1a6d,19672,4.4164,9
4cd42bb2,19906,4.4164,9
791e3e5f,30986,4.4164,9
6f21a5a7,28720,4.4137,9
6403d540,30675,4.4164,9
967fbc9,30953,4.4164,9
183d07c,21153,4.4137,9
636d4176,19583,4.4164,9
193e218e,28762,4.4164,9
1766c49f,18598,4.4164,9
2fb128d3,19816,4.4164,9
30ae1d69,25577,4.4164,9
39418cfb,19216,4.4164,9
4f781def,27691,4.4164,9
519bf80c,24897,4.4137,9
77cab55c,20346,4.4137,9
37cfbb99,23692,4.4137,9
25cdfcf,27079,4.4192,9
30db9956,26608,4.4192,9
c891c10,30555,4.4192,9
5da34939,30653,4.4164,9
64925dab,32000,4.4192,9
45a2742c,31482,4.4192,9
7f55e487,28758,4.4137,9
d44451,31368,4.4164,9
4479b1c7,22513,4.4164,9
33815eb8,22923,4.4164,9
775447c3,25571,4.4192,9
45883266,24836,4.4137,9
7f9cb464,27162,4.411,9
7097dbc3,31285,4.4192,9
67dc104a,27745,4.4192,9
6e2262ff,30898,4.4192,9
57ef851d,30974,4.4192,9
53708684,19709,4.4192,9
54a992e0,20309,4.4192,9
29e12710,30892,4.4192,9
33d8a8d4,31425,4.4192,9
28d985c,26395,4.4192,9
3cb3f1bf,27649,4.4192,9
633c831,24177,4.4192,9
551e7a2f,24122,4.4164,9
39faf9ee,25290,4.4192,9
4db8ccfe,27485,4.4192,9
300a6fd2,25562,4.4192,9
6dc1bbfe,23774,4.4192,9
3e09162,28708,4.4164,9
25094c33,28686,4.4192,9
2e5dbb50,24824,4.4192,9
488bfcef,29992,4.4192,9
4ea3eb2e,26014,4.411,9
49559535,30595,4.4192,9
494f1819,21173,4.4192,9
26c8add7,21193,4.4164,9
658c0565,18890,4.4164,9
5a15279,30539,4.4192,9
34a76861,25027,4.4192,9
13d2019a,22189,4.4164,9
519213c,25291,4.4192,9
665c825d,27692,4.4192,9
7bd0df21,26725,4.4192,9
63fe04de,27508,4.4164,9
6846b67b,21470,4.4192,9
75ee36f5,22576,4.4192,9
6c958ca0,28781,4.4164,9
20c940cf,26034,4.4164,9
220570e1,26015,4.4192,9
314e588b,18798,4.4192,9
5ce41515,26405,4.4192,9
71fe328e,27155,4.4192,9
1bdbdb46,27204,4.4192,9
125022a4,20215,4.4192,9
5119aa65,31170,4.4192,9
5173988a,30880,4.4164,9
a59479c,22932,4.4219,9
75427402,32123,4.4219,9
fa9f9d3,27075,4.4219,9
14b76809,25010,4.4219,9
604d7d99,31394,4.4192,9
7612d39,18599,4.4219,9
1b37f532,30347,4.4192,9
48649115,22528,4.4219,9
44def68a,30137,4.4192,9
56cd9916,31314,4.4219,9
799554e6,29952,4.4219,9
53a953bd,19008,4.4192,9
691665f7,25365,4.4219,9
3af73e57,31983,4.4219,9
503e7cf7,30571,4.4219,9
4993e9f6,30952,4.4219,9
56ed4f33,32128,4.4219,9
137004ee,28810,4.4219,9
10769551,26575,4.4219,9
338c9a6c,30543,4.4219,9
658609b2,20174,4.4192,9
76c22698,31577,4.4219,9
523ae90c,19707,4.4219,9
5b246dd,30602,4.4219,9
6a4a077,22929,4.4219,9
502c0440,30067,4.4219,9
37bd0e3b,22257,4.4219,9
324ae349,28812,4.4219,9
25d9cf73,21266,4.4219,9
1567c18c,22687,4.4219,9
4af4c9cd,30993,4.4192,9
2fc12b71,22900,4.4219,9
4488cbad,19138,4.4219,9
6f480911,27690,4.4192,9
39e0f94,30135,4.4219,9
25a22635,30895,4.4219,9
2775548f,24904,4.4192,9
8dad1f1,31961,4.4219,9
7b4b8dd1,30554,4.4219,9
2d885e27,25684,4.4192,9
4fec8f03,25484,4.4192,9
42b06b5d,27896,4.4219,9
1cbb6fa3,25594,4.4192,9
3b394ce0,31507,4.4192,9
10065813,25650,4.4219,9
512d33cd,28629,4.4219,9
162c983c,25057,4.4219,9
67038855,31487,4.4219,9
45e78266,25058,4.4219,9
7dec624c,31508,4.4219,9
45173af6,27865,4.4219,9
7449982e,18976,4.4219,9
dc4c073,25572,4.4219,9
13a42d85,26037,4.4192,9
3825904,28785,4.4219,9
3bb239b2,22283,4.4219,9
10deb1ef,26803,4.4219,9
43623b56,24847,4.4247,9
22247e74,24837,4.4219,9
337f494d,27164,4.4247,9
192a9939,24905,4.4219,9
7c9e023a,19569,4.4247,9
cd927d2,19624,4.4247,9
7d481403,19566,4.4247,9
6f612045,25031,4.4247,9
34b41fc6,22426,4.4247,9
791aab38,27773,4.4247,9
7599f9f3,24823,4.4247,9
48cc134f,28712,4.4247,9
5d16118b,29930,4.4247,9
53418dc0,27885,4.4219,9
5c126fbf,27679,4.4247,9
4a1165e3,9644,4.4247,2
3a49c067,22899,4.4247,9
62ef5185,27785,4.4247,9
2d4fb5f0,28068,4.4219,9
7189209f,19866,4.4247,9
63de733f,24947,4.4247,9
37cb120b,22464,4.4247,9
7634576c,24088,4.4247,9
6ecf5356,27834,4.4192,9
3e7f8b4a,27074,4.4247,9
514b9dc4,22616,4.4192,9
5902fb6,30138,4.4247,9
11d199b1,23771,4.4247,9
6c378cc9,24821,4.4247,9
5336651a,22631,4.4247,9
5e9e6705,24035,4.4219,9
5af70eff,28644,4.4247,9
39df64a0,24037,4.4247,9
47760801,26472,4.4219,9
2708bb40,21133,4.4247,9
a8346eb,26778,4.4247,9
68e121b2,32081,4.4247,9
1fa01aaf,31618,4.4219,9
3698eba5,32145,4.4274,9
7d9070a0,30987,4.4219,9
7a10a91e,32126,4.4274,9
6db4c5e7,26996,4.4274,9
60f79b80,21450,4.4274,9
c399552,25233,4.4274,9
13538318,29931,4.4274,9
6d38e4a2,20138,4.4274,9
26688f1f,22620,4.4274,9
663b0d85,22210,4.4274,9
69ff0919,30133,4.4247,9
20c8bafd,26454,4.4274,9
4348fd70,27111,4.4274,9
21ba9271,18533,4.4274,9
1f53f4e6,28631,4.4274,9
ef581d4,30851,4.4274,9
a525e07,21465,4.4274,9
7f0e6c26,30059,4.4274,9
21042882,25329,4.4274,9
7f7a53e5,30322,4.4274,9
5d2396ff,25032,4.4274,9
44acc642,22512,4.4274,9
4519593a,31158,4.4274,9
497a72e3,19759,4.4247,9
253e9dcd,905,4.4274,2
64b2f552,24877,4.4274,9
25671355,26401,4.4274,9
2ab85e4a,22642,4.4274,9
304fcc94,27728,4.4247,9
55b22f76,30274,4.4247,9
4324a7aa,26384,4.4274,9
62086c56,21464,4.4219,9
5e44f920,26222,4.4274,9
3666b6ac,23908,4.4247,9
19d64314,31473,4.4247,9
7bf76822,25288,4.4274,9
16375e88,27049,4.4274,9
7883f798,24878,4.4274,9
1e7c06d5,24073,4.4274,9
678871c3,26833,4.4247,9
64587848,29386,4.4274,9
3807c6c,21117,4.4247,9
7d348867,28632,4.4274,9
5916e86b,24859,4.4247,9
7e2b4139,27193,4.4274,9
7ec8218c,32129,4.4274,9
2766e982,25575,4.4274,9
49dd18b5,26831,4.4274,9
6d5bba3e,27544,4.4274,9
52a02258,25481,4.4274,9
421aeb77,27916,4.4274,9
23d74562,25326,4.4274,9
6470d9f6,26653,4.4274,9
63a34b31,22905,4.4219,9
53199731,27835,4.4274,9
78dde8,18641,4.4274,9
34c3a0ea,32083,4.4247,9
15accfc3,30891,4.4274,9
6cafe484,22906,4.4274,9
7310563f,30262,4.4274,9
35415228,19691,4.4247,9
46604194,18977,4.4274,9
55f80618,30216,4.4301,9
24a80336,32084,4.4301,9
1bc7d599,31361,4.4301,9
5fef5b94,31537,4.4301,9
4ab25eb7,28685,4.4301,9
2ee74564,23777,4.4274,9
ba9363c,26709,4.4274,9
2aa99013,26267,4.4301,9
2ebfff26,26383,4.4274,9
2a9b470d,19144,4.4247,9
76a05ba0,19855,4.4301,9
6278fc75,25447,4.4301,9
20223ed0,27873,4.4301,9
71b5b33d,27846,4.4274,9
1b511b91,21208,4.4301,9
5bc8bf0,26199,4.4274,9
20825466,27655,4.4274,9
24ec7e68,30887,4.4301,9
7b7b901e,31606,4.4301,9
11673a18,19540,4.4301,9
764755a3,31617,4.4301,9
2c95ae0b,18956,4.4274,9
1e86ee9b,21175,4.4301,9
3619a0a9,19951,4.4274,9
418314e7,30949,4.4274,9
40e71f2a,25336,4.4301,9
693cd39b,24726,4.4301,9
1f76ef5f,26727,4.4301,9
12db2afd,18687,4.4301,9
17579b1,22898,4.4301,9
4b26306d,28813,4.4301,9
3340686c,31299,4.4301,9
77a89c26,22188,4.4219,9
d777fe6,23800,4.4301,9
3d44652c,26630,4.4247,9
7fc55475,26995,4.4301,9
272407c,24099,4.4301,9
4c3fbe07,27660,4.4301,9
7a816029,31596,4.4274,9
48ef75c4,18424,4.4219,9
64721750,25595,4.4301,9
31418157,27064,4.4274,9
bfcefe,26033,4.4274,9
49473f96,21294,4.4274,9
71ce66e8,27059,4.4301,9
5f22716,26804,4.4301,9
388455c6,21264,4.4247,9
46b2a416,19660,4.4219,9
44c9630e,27071,4.4247,9
50973616,22429,4.4301,9
1cebf28,29360,4.4301,9
4aa763a7,31602,4.4301,9
13bbbf55,25008,4.4274,9
1966fcf1,22527,4.4301,9
16b82dc0,30263,4.4301,9
7ff69e87,31011,4.4301,9
ebd6085,25289,4.4301,9
209294d7,28035,4.4301,9
77137b28,22239,4.4301,9
3c5ac1eb,31317,4.4274,9
38bce6fb,19119,4.4274,9
590627ad,25271,4.4274,9
20262634,31488,4.4301,9
6d063476,20010,4.4301,9
1a0c8c5,26920,4.4301,9
6b9f0483,24031,4.4301,9
3cc7d12,18532,4.4301,9
5f355c99,26562,4.4274,9
58d4515a,30255,4.4301,9
4bfcfddf,26009,4.4301,9
2bb82d5f,19800,4.4329,9
5e9c7d25,24209,4.4329,9
2438a92d,23834,4.4274,9
598e041,22395,4.4329,9
42251e9c,22688,4.4329,9
806aa70,28775,4.4329,9
62bebcfa,22610,4.4329,9
5f7680dd,25183,4.4329,9
3e663bdf,18691,4.4329,9
38e4349,28764,4.4329,9
14c066ae,21126,4.4329,9
7f5b6c83,25521,4.4329,9
70ec1874,19140,4.4329,9
189892b,19674,4.4329,9
1bf4c360,27063,4.4301,9
16eb7aa2,31042,4.4329,9
32703388,26068,4.4329,9
224fb20a,20296,4.4329,9
6f42b7b9,19945,4.4329,9
23020af8,31031,4.4329,9
723459e1,27005,4.4329,9
2231ee99,24014,4.4247,9
11ee7524,19179,4.4329,9
4eee4af1,30264,4.4329,9
346bd3ea,25560,4.4329,9
1983a6d8,19702,4.4301,9
7ba6b799,197,4.4274,1
47a3c3de,9650,4.4329,2
182f1632,24815,4.4301,9
2dbdac43,22930,4.4329,9
290c7a4a,22392,4.4329,9
67581a8d,21526,4.4329,9
3e3c988b,27689,4.4329,9
7e23e4bb,24189,4.4301,9
34b71f1f,22714,4.4329,9
139ce776,19959,4.4301,9
493ecd4e,19770,4.4329,9
32edf3df,25184,4.4329,9
2859eeee,27050,4.4329,9
249a531d,23806,4.4329,9
5049a7af,28670,4.4247,9
6f224455,31010,4.4329,9
86bf9c1,19550,4.4301,9
7e9f416a,29867,4.4329,9
63f6f5c9,25651,4.4329,9
1e8b050e,22269,4.4301,9
497942ef,26385,4.4329,9
4de9debb,24108,4.4329,9
30cc274d,22212,4.4301,9
19e52272,26444,4.4329,9
465b3f51,30919,4.4329,9
67f328c1,23772,4.4301,9
5f80e735,22273,4.4329,9
5277b41c,22657,4.4329,9
5cedb810,27156,4.4329,9
6f34f61e,19985,4.4329,9
37d50d82,28116,4.4329,9
6c91e50,26443,4.4329,9
4cb80c90,25017,4.4329,9
4f4871f,28826,4.4329,9
598a31bd,31180,4.4329,9
1bd2331e,30954,4.4329,9
55a795aa,20171,4.4329,9
4de39022,25030,4.4329,9
59f7cf02,27506,4.4329,9
791b675c,24848,4.4329,9
bad59cf,21460,4.4329,9
73dbf1a2,26788,4.4329,9
1ab830b6,31171,4.4329,9
7d50633c,26197,4.4356,9
5f53ca4d,32063,4.4356,9
73a976e4,24072,4.4329,9
284fd5a7,25692,4.4329,9
8e524db,27657,4.4356,9
78f77ae6,30145,4.4356,9
56f81a11,32683,4.4356,9
1738a321,27746,4.4356,9
2f9ee974,25325,4.4356,9
792af3cd,26952,4.4356,9
67f9d73e,23975,4.4329,9
6f14566b,30303,4.4356,9
3de7c103,27673,4.4329,9
656a5a82,19947,4.4356,9
4b707979,30172,4.4356,9
5f42a0a8,25372,4.4356,9
69ac972,23778,4.4356,9
576ef7b,32124,4.4356,9
32ff0b1d,26584,4.4356,9
43e0dba7,32121,4.4356,9
7a0c178a,19960,4.4356,9
2a8d80e0,24201,4.4301,9
18b2affd,19472,4.4356,9
7f6c4756,25337,4.4356,9
525ff815,19200,4.4356,9
48751593,25140,4.4356,9
e3916fd,18810,4.4329,9
3f98d80,27060,4.4356,9
2e4b52ba,21225,4.4356,9
6d2f60d4,26437,4.4356,9
4e72136d,22689,4.4329,9
3e36d7a3,27112,4.4329,9
8ba6aa0,20347,4.4356,9
ca80a8,19556,4.4356,9
476073ba,27848,4.4329,9
5b5b768c,27759,4.4356,9
334a276e,18579,4.4356,9
6d7da311,19541,4.4356,9
36492b74,22391,4.4301,9
72f063a4,19470,4.4356,9
10635bc3,27113,4.4356,9
108617f5,30908,4.4356,9
6f6b9c1a,23921,4.4356,9
1ef73f10,21438,4.4356,9
1440c24e,28749,4.4356,9
34d9468c,21527,4.4356,9
1abf403f,19554,4.4356,9
7619741,24231,4.4356,9
20c93702,25351,4.4329,9
31b5f114,29357,4.4356,9
3289d3e7,27856,4.4356,9
4c1a1e1c,19864,4.4356,9
474a5341,24126,4.4384,9
2e521d8d,31369,4.4384,9
610ec98e,26953,4.4384,9
705ce16f,30666,4.4384,9
5238f54b,20172,4.4384,9
4e4efbee,27694,4.4384,9
5b0b793d,20324,4.4384,9
658ba9a4,26576,4.4384,9
700c8af3,19749,4.4356,9
49a48e97,25668,4.4356,9
49e6c40f,25352,4.4384,9
7198821e,30153,4.4384,9
e0960b4,31370,4.4384,9
6557d5cc,31486,4.4384,9
86a3fc7,27135,4.4384,9
77d35479,26904,4.4384,9
426eb0ef,25367,4.4384,9
194ce4db,26644,4.4384,9
40017432,26192,4.4356,9
2d1c80d7,30173,4.4301,9
1a42b453,21220,4.4384,9
561330cf,31597,4.4356,9
6456e1fc,30904,4.4356,9
6f5bc643,22213,4.4384,9
2f3da9a0,30946,4.4384,9
666e9ea8,26193,4.4384,9
69814e1a,19650,4.4384,9
3a0b0bd7,26067,4.4384,9
6a309fee,25662,4.4356,9
2579638b,22497,4.4384,9
922ed2c,27793,4.4384,9
6b150a6c,19992,4.4356,9
394a853,26440,4.4384,9
5d36bfbc,27400,4.4384,9
3397841b,24951,4.4329,9
30ac3a72,26903,4.4329,9
2dc254c8,30132,4.4384,9
6e476d76,31363,4.4384,9
5ba3c01f,23775,4.4384,9
65a2c483,26655,4.4384,9
6e4f45d,30567,4.4384,9
95c1fc6,19497,4.4384,9
36876e31,25693,4.4356,9
63fe894a,23767,4.4356,9
4299cf74,31333,4.4356,9
5d4d8a97,20169,4.4329,9
15d08198,25576,4.4384,9
2bd25ace,20213,4.4411,9
26a94f63,23647,4.4384,9
310a3625,26261,4.4411,9
3de4ad1f,30304,4.4411,9
ec5c0bb,28814,4.4384,9
7f052b26,25649,4.4411,9
4599447,31322,4.4411,9
777e162a,28743,4.4411,9
686711f8,18958,4.4411,9
83ca9cf,27500,4.4411,9
10287182,24750,4.4329,9
581b346c,28556,4.4384,9
8230646,28102,4.4384,9
65bcb45c,30881,4.4411,9
36cb7d08,27776,4.4411,9
602673d7,25451,4.4411,9
37f287e9,30901,4.4411,9
2773a667,23801,4.4411,9
27edf881,9645,4.4411,2
53cb9725,27451,4.4384,9
4a23e249,26219,4.4411,9
1822ab24,21546,4.4411,9
694df92b,30560,4.4411,9
53372afb,30909,4.4411,9
1b56f9ec,25003,4.4411,9
4eb26165,22270,4.4411,9
48305d39,21158,4.4411,9
22bad636,18959,4.4411,9
e8fd214,199,4.4411,1
536b33e9,19612,4.4411,9
19f86528,20207,4.4411,9
1de87b81,22897,4.4384,9
1796e7ae,25645,4.4411,9
4d1d1151,198,4.4411,1
762d8228,27658,4.4384,9
1895e696,19473,4.4384,9
467fa276,21476,4.4411,9
75a84a78,19694,4.4411,9
66748680,28000,4.4411,9
43468486,31385,4.4411,9
74506b2e,32028,4.4411,9
47981181,26827,4.4411,9
4f071bc0,20137,4.4411,9
d85d426,26560,4.4356,9
7a1013a4,22621,4.4411,9
72ae2f75,30066,4.4411,9
dee0ed3,28601,4.4411,9
5adcd5d9,22660,4.4411,9
7a40ddb5,25486,4.4411,9
59c7023f,29868,4.4384,9
23b0b790,25735,4.4384,9
5ed5ada3,27618,4.4411,9
22847eb9,26586,4.4384,9
4333462c,25002,4.4411,9
651965ed,25380,4.4384,9
16527458,21549,4.4384,9
17a2b19d,31539,4.4438,9
596f8590,30896,4.4438,9
4ef98763,19950,4.4438,9
60e1a55c,25374,4.4356,9
6594fdac,27783,4.4438,9
673886da,21439,4.4438,9
65f8c7c1,31991,4.4438,9
8de5567,29943,4.4411,9
4a65b04d,22675,4.4438,9
6948f18d,30882,4.4411,9
4aade5aa,30334,4.4438,9
3022e4f5,24782,4.4438,9
1dc41411,26834,4.4384,9
2a8f47bc,20165,4.4438,9
5722dd64,30709,4.4438,9
78f978b4,27917,4.4438,9
79489a94,30711,4.4438,9
5c6da0a2,19761,4.4411,9
4e03f1f5,19587,4.4438,9
7b4ff296,19690,4.4438,9
3a47d966,24822,4.4411,9
7bffb2e9,22529,4.4411,9
7e67880,20310,4.4411,9
363fa06e,27656,4.4411,9
c53362,19773,4.4438,9
64174ed9,27527,4.4438,9
3d9055fe,22340,4.4438,9
32602f7d,31181,4.4438,9
36e84cbe,21467,4.4438,9
1ae795d1,27999,4.4438,9
2fe109b,19764,4.4438,9
4989fc7a,22499,4.4411,9
7aa129f1,26260,4.4438,9
e5817a7,28037,4.4438,9
7cd0a43f,29976,4.4438,9
7abcfdf3,27619,4.4411,9
921adf4,19202,4.4438,9
470a7658,22910,4.4411,9
3e82d3da,23779,4.4438,9
17213666,22460,4.4438,9
32bf5ad1,20176,4.4438,9
23cce29c,29880,4.4438,9
2706a51c,30861,4.4438,9
753e7ec2,30902,4.4438,9
21c7db8e,22606,4.4438,9
33aabf12,32045,4.4438,9
ac601a1,18688,4.4411,9
d9b52ac,19801,4.4438,9
1f4d4cc2,200,4.4438,1
1b9eb6be,20318,4.4438,9
4dbe0fea,30935,4.4438,9
2b0a7b60,26427,4.4438,9
454f03f9,18962,4.4411,9
97b04e4,22940,4.4438,9
34079b7e,25185,4.4438,9
5bc6e10a,27201,4.4438,9
58f0cb9c,28557,4.4411,9
4c2e27e5,25146,4.4438,9
5806d2ca,23902,4.4438,9
71c3b552,31552,4.4438,9
204ed3aa,27588,4.4438,9
7441be11,32029,4.4411,9
40118d8b,27789,4.4438,9
19f24008,18985,4.4466,9
5b20aa50,32686,4.4466,9
281a60b6,19929,4.4466,9
15366b5f,22530,4.4466,9
45235500,20154,4.4438,9
79b3358e,24188,4.4466,9
2f366a91,28034,4.4438,9
5452a011,25452,4.4466,9
72185557,26616,4.4411,9
12e701df,32031,4.4438,9
e1993f0,22500,4.4466,9
7f88ae41,21360,4.4466,9
55cbb196,23633,4.4466,9
178f3ecc,22713,4.4438,9
fdd4e8f,26218,4.4466,9
351d0393,27648,4.4466,9
3dd253a7,27729,4.4466,9
53c5738f,31556,4.4466,9
3609e64e,20267,4.4466,9
6b557a87,31386,4.4466,9
44b55321,25335,4.4466,9
3c941933,19908,4.4466,9
c7b66e7,21550,4.4466,9
45d6a379,18814,4.4466,9
42c96450,26668,4.4466,9
5ad5ecba,21331,4.4466,9
4039c9b9,28586,4.4466,9
5977806,22255,4.4466,9
6bd50fce,19782,4.4438,9
72976e6,29944,4.4466,9
39c0694d,20329,4.4329,9
7aa8aac4,23705,4.4466,9
2b1d2f79,26465,4.4466,9
67cfe2ba,26441,4.4466,9
5dff750f,25485,4.4466,9
623e0afe,19798,4.4493,9
201a8727,18682,4.4466,9
38586bac,22199,4.4493,9
20d47e2a,31590,4.4493,9
1ea926a5,27545,4.4493,9
c52b674,28711,4.4493,9
78853b66,22909,4.4493,9
3fb3ad1,23887,4.4493,9
5430a805,31538,4.4493,9
4dc855e1,23738,4.4466,9
1cc70935,19544,4.4493,9
463095ce,29932,4.4493,9
602a2adf,26378,4.4493,9
17917d8d,22632,4.4493,9
18f945c3,31104,4.4493,9
717edf59,21230,4.4493,9
3c536948,27195,4.4493,9
7e8f15e9,30604,4.4466,9
626e72a0,18643,4.4493,9
306be473,32055,4.4493,9
17d5d21f,18961,4.4493,9
11f3bd51,28001,4.4493,9
9926bd,26862,4.4493,9
6fbe12a1,30561,4.4466,9
56c27063,30988,4.4493,9
5ad756df,26626,4.4493,9
1ae42094,20136,4.4493,9
13b23ff6,27510,4.4466,9
c061c3b,21451,4.4493,9
490234b0,25368,4.4438,9
594a4a76,31202,4.4493,9
606987a5,32082,4.4493,9
2983f2e1,25695,4.4493,9
2bcc25a8,25292,4.4466,9
1717132e,22453,4.4493,9
4fe812c8,25018,4.4493,9
794ae52e,32027,4.4493,9
33616eca,26789,4.4493,9
1cc095eb,24246,4.4493,9
1331aae9,25128,4.4466,9
2616f780,20002,4.4493,9
3d7c5e34,19783,4.4493,9
5d3706f,26585,4.4466,9
1d24c2f3,23896,4.4438,9
3dc455c,30862,4.4493,9
42b50a68,28626,4.4493,9
5c8e26ed,22498,4.4466,9
42c0751b,18990,4.4466,9
79c814ea,30142,4.4466,9
185f482a,31474,4.4493,9
35cbbc82,23634,4.4493,9
74e27f8d,28687,4.4493,9
4db45abf,23894,4.4493,9
57ebd1e2,19842,4.4493,9
2f48553b,26861,4.4438,9
470fc3fc,32054,4.4466,9
6eaf783e,28713,4.4466,9
2a0b9135,26040,4.4493,9
242853f2,22465,4.4493,9
2f03bbdc,22665,4.4493,9
182e81bd,19675,4.4521,9
2076d287,29366,4.4521,9
4ff80594,22264,4.4521,9
22f460dd,19570,4.4521,9
1b5d475c,18634,4.4466,9
24aad109,31286,4.4521,9
da94c5a,19213,4.4493,9
2f23cde,31543,4.4521,9
30156d5,27659,4.4521,9
7297864e,24245,4.4521,9
351bdfda,20345,4.4521,9
25f8848a,19927,4.4521,9
261c016b,21452,4.4521,9
2f224c83,19736,4.4493,9
61490adf,23694,4.4493,9
a47ec23,25173,4.4521,9
2291a5a4,26428,4.4521,9
349c17ab,19502,4.4521,9
2ac4812a,30897,4.4521,9
4c96b359,21221,4.4493,9
b46c552,31557,4.4521,9
716da81c,26462,4.4521,9
585b5b1c,22266,4.4493,9
6dc892c0,27172,4.4521,9
9cc733d,27747,4.4493,9
1abd05cd,18693,4.4521,9
64ea793e,21411,4.4493,9
88c9f88,24212,4.4521,9
a0da63e,25133,4.4521,9
72d2444c,20005,4.4521,9
237a6b2d,26445,4.4521,9
587e2029,29364,4.4521,9
34628471,22412,4.4521,9
5339e895,19651,4.4521,9
b0a61fa,24825,4.4521,9
1646b51a,30130,4.4521,9
23eac2dc,19710,4.4521,9
a3cc1e0,26734,4.4493,9
2a5d8dda,25359,4.4521,9
36bcb544,21305,4.4493,9
43b57d6d,19662,4.4521,9
2f6a873a,30656,4.4521,9
746bd01,31588,4.4411,9
65020d03,28115,4.4548,9
1998f58d,22607,4.4521,9
699ffc50,24074,4.4548,9
3ada72b2,26563,4.4548,9
526c3e91,24032,4.4548,9
29c420b1,19708,4.4548,9
3f2f24a5,23766,4.4493,9
56899e10,21127,4.4548,9
65a2bae6,22902,4.4548,9
6d6bcf4b,31489,4.4548,9
2ba7d44f,25145,4.4521,9
31c4b635,19867,4.4466,9
41414f61,201,4.4548,1
72e3d195,20348,4.4521,9
384eb7d,23749,4.4521,9
67f3762a,26805,4.4548,9
739211ff,28727,4.4548,9
336365b9,22514,4.4548,9
386362ab,26790,4.4548,9
5460634b,31318,4.4548,9
28de1dcb,22200,4.4521,9
4b20ecc6,31525,4.4548,9
68f5b933,27200,4.4548,9
62fae5f6,24102,4.4548,9
3d2ba18c,31592,4.4548,9
3f58f55d,25444,4.4548,9
67b09738,22454,4.4548,9
2d70ece6,18584,4.4466,9
2b3a01d4,27788,4.4548,9
6ec309a1,27902,4.4548,9
5c204287,30853,4.4548,9
1649eb39,19151,4.4548,9
75a3b79f,20004,4.4466,9
eec3c5e,31204,4.4548,9
1e0108a,28095,4.4548,9
7814a223,22584,4.4575,9
215d8e3b,32001,4.4575,9
4e5fb456,30280,4.4575,9
49aacac0,31321,4.4575,9
f95dab4,26554,4.4575,9
264b0167,27051,4.4521,9
7f786ff6,22702,4.4548,9
7b13aa37,18955,4.4575,9
3672cf38,22694,4.4548,9
2991effc,22466,4.4575,9
572f8390,27002,4.4575,9
bfea921,25132,4.4575,9
310bd950,32025,4.4575,9
f56880a,32064,4.4575,9
37e83891,26266,4.4575,9
1cf00eff,22430,4.4575,9
735e9568,25378,4.4521,9
6d67ab4e,26823,4.4575,9
64b38aae,22684,4.4575,9
2f8e8d7d,19909,4.4575,9
12e91a19,19663,4.4521,9
ef2694d,20208,4.4575,9
980582e,21547,4.4575,9
719e454a,26905,4.4575,9
2bfdb0b2,26979,4.4466,9
251fc136,25573,4.4575,9
5bde55c8,24123,4.4575,9
36581c81,24178,4.4575,9
3d12634c,28633,4.4575,9
3ea5d5b1,30044,4.4575,9
789b9af7,28562,4.4575,9
e512d71,30995,4.4575,9
207737f4,25369,4.4575,9
30ef7616,25694,4.4548,9
15f63c92,27168,4.4575,9
14871ede,30667,4.4575,9
27496d5,27529,4.4575,9
1f97f41f,20227,4.4575,9
13ba839a,31182,4.4575,9
a6bde8e,24845,4.4575,9
417f4613,20006,4.4575,9
7759e534,25478,4.4575,9
6d22d10c,22411,4.4575,9
2a432961,22919,4.4575,9
7e880d09,22696,4.4575,9
457c8315,23721,4.4575,9
3ead9007,30603,4.4548,9
d16be92,30710,4.4575,9
33480a7c,21222,4.4603,9
394ee85b,32090,4.4575,9
128d432b,20155,4.4603,9
75c3fc4,22393,4.4603,9
2f786c37,27088,4.4603,9
3f70e422,22695,4.4575,9
40f2d4d5,32026,4.4575,9
78280077,25736,4.4603,9
b40eee4,28672,4.4521,9
732c70bc,26438,4.4603,9
252e5670,28008,4.4603,9
1524faec,23802,4.4603,9
6172db4f,25095,4.4603,9
1dbdc11a,27429,4.4603,9
11062b87,26617,4.4603,9
2d77bfc8,32053,4.4575,9
1bf108b,20226,4.4603,9
11bebd60,25663,4.4603,9
56755b1a,32125,4.4603,9
424949c0,31162,4.4603,9
25b3f5df,26402,4.4548,9
fbb1629,20133,4.4603,9
5c9b8fd,27430,4.4603,9
60cf8c2a,29994,4.4603,9
7c0bcb87,19620,4.4603,9
5af297,30048,4.4603,9
3afde24e,25059,4.4603,9
72bbabbc,22911,4.4603,9
504e119f,27857,4.4603,9
7579f4b,27149,4.4603,9
52edf27d,26678,4.4603,9
7d2445d7,31163,4.4603,9
40fa2d90,29993,4.4603,9
78d7375c,19584,4.4603,9
5dc67105,23944,4.4548,9
db76d15,30948,4.4603,9
57ff0f55,26426,4.4548,9
66500031,31506,4.4603,9
5b93789c,28706,4.463,9
44684c4,31005,4.463,9
78290fb2,18623,4.463,9
6ae68310,25737,4.4603,9
23c4f7b4,20328,4.463,9
37eb5494,25579,4.4603,9
cd157f5,29387,4.463,9
4c46996b,18709,4.463,9
7c964483,31540,4.4603,9
348e4587,27188,4.4603,9
2236b602,27208,4.463,9
24de234e,30613,4.463,9
5cab7b7f,27731,4.4603,9
12d79e35,23604,4.463,9
7b31382d,22659,4.4603,9
50573b6e,25055,4.4603,9
5720c298,27903,4.4603,9
7928d87f,24243,4.463,9
49b88365,27922,4.463,9
71b86ff6,29859,4.463,9
4e6cba9e,31381,4.463,9
4342ab9d,22645,4.463,9
74824d59,21163,4.463,9
125438b9,18585,4.463,9
9bee077,29858,4.4575,9
3b4bf969,28750,4.463,9
10580cd4,28119,4.463,9
d05c9bc,28746,4.4548,9
46104301,22377,4.463,9
3853beec,20249,4.463,9
52e8c0d6,18568,4.463,9
5cb7883e,28744,4.4603,9
cd911d0,26561,4.463,9
48955301,32151,4.4603,9
6d942021,31578,4.463,9
d82b3d5,22716,4.463,9
49117424,22271,4.463,9
2bfe3b5c,26951,4.463,9
6727832a,24110,4.463,9
7f238800,19844,4.4603,9
18c34dac,22663,4.463,9
2be78766,26406,4.4575,9
3dd16394,22682,4.4575,9
1672366e,22379,4.463,9
672f9ba9,22697,4.463,9
3c4a6ab5,19440,4.4658,9
4a51711f,31591,4.4658,9
5f4a96b4,32150,4.4658,9
6931830a,30038,4.4658,9
7258af56,19865,4.4658,9
1da86c6a,26262,4.4658,9
272a0d5a,26379,4.4658,9
16dca65d,30989,4.4658,9
73104e5f,30951,4.463,9
44057d74,30068,4.4658,9
1a9082a2,25522,4.463,9
690d21e3,18529,4.4658,9
189ef82b,32708,4.4658,9
771fd891,18812,4.4658,9
6904d142,27760,4.4658,9
6906e7b8,25531,4.4658,9
33caaf59,30921,4.4658,9
6361513,26041,4.4658,9
5d33d772,21209,4.4658,9
fe49e14,26587,4.4658,9
67da86e5,31607,4.4658,9
1e40c4f0,31589,4.4658,9
2868d4a6,32684,4.4658,9
357eb81,31441,4.4658,9
6d9fd508,28850,4.4658,9
75e0eb0f,25632,4.463,9
1bc3dcf1,20228,4.4658,9
7558de8b,26553,4.4658,9
27f437eb,20173,4.4658,9
2da9be1c,25286,4.4658,9
34d09188,28011,4.463,9
469abc8e,21548,4.4603,9
43bbd4f8,27597,4.4658,9
4576e80b,23776,4.463,9
29e2b49f,27173,4.4658,9
759a6dfc,25612,4.463,9
66f7c10d,27114,4.4658,9
7bf6d53f,24826,4.463,9
9324cfa,19948,4.4658,9
2fe135ad,32130,4.4658,9
774666f5,21461,4.4658,9
43c9e7e5,25295,4.4685,9
3a541a0f,28645,4.4658,9
219ad423,27084,4.4658,9
7f0d1e0,25029,4.463,9
43c57e25,31509,4.4685,9
59db8030,27972,4.4685,9
6bc5b415,28563,4.4685,9
2e977ce4,19545,4.4685,9
2fe9d707,22903,4.4685,9
4735b089,21528,4.4685,9
426a725f,22918,4.4685,9
53e85416,23610,4.4685,9
33789746,28636,4.4658,9
578f56aa,26439,4.4685,9
36bff2b3,26699,4.4685,9
5c64ad15,22431,4.4658,9
4d8dc44c,18580,4.4685,9
35014e5,30323,4.4658,9
601ae151,29365,4.4685,9
2979ad8b,22617,4.4685,9
5ddd2874,31012,4.4658,9
4bc5067a,28673,4.4685,9
155d6f6e,19766,4.4685,9
508ca1b4,25574,4.4685,9
7380b04d,19403,4.4685,9
4427c705,25060,4.4658,9
20d63fff,26410,4.4658,9
30e3b7d0,30544,4.4658,9
15e2bb50,25667,4.4685,9
63967379,27077,4.4685,9
19739fe1,24772,4.4685,9
8cb72f7,21552,4.4685,9
5d28c9ba,24232,4.4658,9
652a64e,28827,4.463,9
8736085,26380,4.4685,9
582ed749,25330,4.4685,9
5d27c73a,30114,4.4685,9
ea84aa3,27037,4.4712,9
1d4c74bb,27530,4.4712,9
33f66cc4,19475,4.4712,9
500b7397,31203,4.4685,9
1cbad667,19631,4.4712,9
6b36ef83,32149,4.4712,9
62ad90e7,25529,4.4712,9
108a2339,31371,4.4712,9
623d503a,31013,4.4712,9
69a11021,20142,4.4712,9
2362ea9c,32091,4.4712,9
2dc66cbf,19961,4.4685,9
257245bd,21267,4.4712,9
44b3692a,31435,4.4712,9
70b15d2a,24103,4.4712,9
6e8c6417,27498,4.4712,9
6c153f9,22640,4.4712,9
7c630606,20166,4.4685,9
71426941,22690,4.4712,9
688d0a9b,27904,4.4712,9
c05e684,28680,4.4685,9
573266,19831,4.4685,9
64e0475c,27523,4.4712,9
68a22e0,25340,4.4685,9
2518d573,28021,4.4712,9
1ce507b4,31323,4.4712,9
51371da2,30996,4.4658,9
7a5969d3,27899,4.4712,9
6d868ba8,21468,4.4712,9
2d93c95a,23773,4.4712,9
710a74c3,22432,4.4712,9
4e4322d6,25578,4.4712,9
7a2f440d,30562,4.4712,9
4b09ad6a,26250,4.4712,9
4f86b14c,26806,4.4712,9
78e36448,28830,4.4712,9
2f61ac10,31038,4.4712,9
2f6e9add,22275,4.4712,9
290a10a7,22468,4.4712,9
4aa8e0ea,26351,4.4712,9
680bd483,27894,4.4685,9
3368132d,23945,4.4712,9
4a1ea2cf,22643,4.4712,9
71a5cf7e,29998,4.4712,9
18770dbc,32050,4.474,9
5982a7b3,19571,4.474,9
1349aab1,22601,4.474,9
65e6c69a,24816,4.4712,9
2a75b1c,20326,4.4685,9
3d10895d,28881,4.474,9
1fa8002d,144,4.474,1
40a9f299,24827,4.4712,9
78ee3e2b,28674,4.474,9
418d0a0a,24233,4.474,9
1efbc37e,23706,4.474,9
40bb4bf9,28751,4.474,9
11c9d702,31436,4.474,9
18dfbc76,28844,4.474,9
312b283d,18816,4.474,9
718bed55,21553,4.474,9
6110bafe,27165,4.474,9
4b7c701f,26036,4.4712,9
23fed38d,26043,4.474,9
db163e2,25518,4.474,9
9bd27b8,30314,4.4685,9
e3ee751,28777,4.474,9
21e95218,27194,4.474,9
42eee924,19760,4.474,9
152cb708,18896,4.474,9
74de9f13,19970,4.474,9
72f65c19,27174,4.474,9
12963518,26929,4.474,9
7904ccc0,26228,4.474,9
4e247848,28681,4.474,9
7922e2f4,9649,4.474,2
39f46f5d,27794,4.474,9
1ae9b38e,27038,4.474,9
45d40edf,19972,4.474,9
2b8f61d3,31546,4.474,9
4e44e1c4,30647,4.4712,9
311b7d78,25526,4.4767,9
66b9dd16,30315,4.474,9
37e85e8,32146,4.4767,9
532ffdad,28726,4.4767,9
1e91d513,22633,4.4767,9
4caa47a7,31400,4.474,9
39b5aa0d,19894,4.474,9
114c8140,26042,4.4767,9
66ea1744,27703,4.4767,9
4a845ca1,31100,4.474,9
5e75723e,27898,4.4767,9
2b46be31,31039,4.4767,9
1da0dc2a,19784,4.4767,9
75a9fa6b,25453,4.4767,9
b88262,27171,4.4767,9
62e86ece,19845,4.4767,9
1ac18537,30115,4.474,9
1e110372,25523,4.4767,9
d700540,26612,4.4767,9
5cbcd16,27085,4.474,9
3e8e953f,27843,4.4767,9
3f0b0566,21448,4.4767,9
6dd10623,21530,4.4767,9
7b643b77,27676,4.4767,9
6df8bdfa,22463,4.4767,9
51c76dad,33143,4.4685,9
ba24b61,25147,4.474,9
16095644,26518,4.4767,9
231d3082,25381,4.4767,9
1659cbd1,24953,4.4767,9
6da7fd5b,30934,4.474,9
7c1966b2,29972,4.4767,9
65f9c313,22717,4.4767,9
2f2a660e,32085,4.4767,9
77f53779,31014,4.4767,9
40eee3c3,26485,4.4767,9
3884ce2c,23992,4.474,9
5953ebb9,32046,4.474,9
6b245196,26058,4.4685,9
17c250ea,32679,4.4795,9
598d957e,21454,4.4795,9
7e95f186,19971,4.4767,9
3774b723,24952,4.4795,9
32b4f427,22467,4.4795,9
6ca47fb6,26352,4.4795,9
3d6caa65,20325,4.4795,9
2f33df44,27680,4.4795,9
3a330349,28654,4.4767,9
5afa04d1,27721,4.4795,9
75259276,30047,4.4795,9
2dc22135,24109,4.4767,9
6476074f,30570,4.4795,9
1cba0236,19802,4.4767,9
3e3163a3,25613,4.4767,9
67dee031,24092,4.4767,9
5ba9be76,28655,4.4767,9
17ceac87,24955,4.4795,9
22d7e9a6,25373,4.4795,9
32184aa5,30049,4.4795,9
461c2207,25382,4.4795,9
5b9b69bb,19676,4.4795,9
2ba64d0f,26615,4.4795,9
6b6cf10,24956,4.4795,9
2fb2a01d,26669,4.4795,9
819b3f6,24185,4.4767,9
84fc5ff,24124,4.4795,9
11983fcc,22942,4.4767,9
2b90c7aa,26474,4.4795,9
5bdf9685,22611,4.4795,9
5d0199ea,21475,4.4795,9
6e53572d,18761,4.474,9
18451725,19217,4.4767,9
48f33dbe,19692,4.4795,9
65730e9d,30549,4.4795,9
11edd721,21128,4.4795,9
21a11606,27499,4.4767,9
590ccf80,27431,4.4795,9
706ed141,28682,4.4795,9
d943e37,26381,4.4822,9
5b078d0c,27914,4.4822,9
5de5bbf4,20287,4.4822,9
71ac53f9,22912,4.4822,9
7e3fbdcb,25487,4.4795,9
193730ed,26056,4.4822,9
697d1224,28786,4.4822,9
7a5db769,31006,4.4767,9
790f8c0c,23909,4.4822,9
591f7b98,27379,4.4822,9
5872aead,22364,4.4767,9
4f03ac35,31992,4.4795,9
4ae92635,27786,4.4822,9
6888474b,33142,4.4822,9
25c28b31,22683,4.4822,9
77f2e9b8,28019,4.4795,9
74a9b1fd,18710,4.4795,9
5e31023c,146,4.4822,1
6f9b81c8,26039,4.4822,9
fc40aaa,27547,4.4822,9
365b74f6,27054,4.474,9
602da0e3,26251,4.4822,9
65965f36,30657,4.4767,9
538be8ef,31183,4.4822,9
7c35396e,18711,4.4822,9
11a41eda,28690,4.4822,9
1c039eb5,24242,4.4822,9
16c1a6ba,22396,4.4795,9
63626510,26249,4.4795,9
1043c14a,30997,4.4822,9
5f8fa250,25339,4.4795,9
260585d2,19930,4.4767,9
58c8caee,29388,4.4767,9
45e86465,21554,4.4822,9
740be0cc,31544,4.4822,9
74fd2ece,32056,4.4795,9
7a3af88a,22433,4.4822,9
7c7760e4,27661,4.4795,9
5751e226,27531,4.4767,9
4a473d5c,26551,4.4822,9
67947236,18802,4.4795,9
20235e60,20219,4.4795,9
78bbc890,25530,4.4822,9
be5a706,22676,4.4849,9
4fa4618e,25143,4.4849,9
754ee644,21385,4.4849,9
53975f35,22677,4.4849,9
756c1fd6,32152,4.4822,9
19a8a8e4,21174,4.4767,9
1bd61153,21436,4.4849,9
72518beb,28765,4.4849,9
67d6a8d8,21477,4.4849,9
3b65d34e,28847,4.4849,9
109211f8,30605,4.4849,9
5bcf847b,22462,4.4849,9
6ee2ced2,26446,4.4849,9
3c203bbe,25062,4.4795,9
294a60d7,27599,4.4849,9
7ad4a826,28851,4.4849,9
2cd06943,21159,4.4849,9
29d7b9d7,22211,4.4849,9
513b7661,28689,4.4849,9
6cfb4a33,22636,4.4849,9
164dd3a3,28036,4.4849,9
2c0d9bc,31388,4.4849,9
8c22ffb,32677,4.4849,9
10f89781,32047,4.4849,9
7b85aba1,32092,4.4822,9
3ede4602,31001,4.4795,9
46f65ab1,19579,4.4795,9
42ff76ea,21440,4.4849,9
5bdb24b9,25740,4.4849,9
2a9714ae,18569,4.4822,9
7e361508,22378,4.4877,9
17f99796,25049,4.4877,9
63ae740a,25670,4.4877,9
5adf06b3,18892,4.4877,9
58a30fbd,26484,4.4877,9
6182a65a,29392,4.4795,9
3bd6618,30938,4.4849,9
13234c41,31205,4.4877,9
31eb2a08,31541,4.4877,9
7175056f,31365,4.4877,9
191030ff,31619,4.4877,9
10d836d8,18689,4.4849,9
788bf5a1,25174,4.4877,9
218cd9a2,19474,4.4877,9
398382a4,19797,4.4877,9
68bc0dba,20352,4.4849,9
5955e426,21386,4.4877,9
4fbdcbf1,31044,4.4822,9
8bb5a6d,28069,4.4877,9
2d887f7c,30956,4.4877,9
255176aa,32032,4.4877,9
492d3b2,23910,4.4877,9
56a8897f,25454,4.4877,9
38b56f49,26489,4.4877,9
4d74af2e,26268,4.4877,9
16ffaad3,19695,4.4877,9
462f4fd,31366,4.4877,9
1693667f,32065,4.4877,9
2a1ad676,21296,4.4877,9
5cf8cc3,26954,4.4877,9
6d5bd310,31547,4.4849,9
4e75c3aa,31545,4.4877,9
3fe3797a,19811,4.4877,9
6e0d079b,25061,4.4877,9
7ddbc3bb,31478,4.4877,9
70f6e2e1,25664,4.4877,9
e993670,22685,4.4877,9
9a6d1a8,29367,4.4877,9
f112ed8,24107,4.4822,9
7f060d16,24906,4.4849,9
2cf4f29a,22715,4.4877,9
6bd2fc0f,23780,4.4877,9
54465b4c,21195,4.4904,9
5458ad0c,20284,4.4904,9
2acbd8b5,28020,4.4877,9
52a7d8f2,28728,4.4904,9
594c801e,26613,4.4904,9
25023dbc,27087,4.4877,9
43f89e6b,25379,4.4904,9
2f74beae,19836,4.4877,9
1205972e,28090,4.4877,9
55e8ca5d,28013,4.4904,9
26deb70f,28015,4.4904,9
21526e79,32106,4.4904,9
15db7b81,29995,4.4904,9
22569824,27600,4.4904,9
747d5ff8,26700,4.4904,9
166f1cf9,19931,4.4904,9
58267ac6,22957,4.4904,9
3ab6de82,20286,4.4904,9
687f9828,21226,4.4877,9
76638840,24218,4.4877,9
1805caa1,28766,4.4904,9
731e732d,22955,4.4904,9
67340bbe,25383,4.4904,9
dffae90,27546,4.4904,9
3b1ea609,20330,4.4904,9
7cb0232f,20297,4.4932,9
7d82b654,27548,4.4932,9
c4b8907,27007,4.4932,9
4b1c21d1,31529,4.4932,9
2d05cc59,22622,4.4904,9
7eca368f,21473,4.4932,9
30aaf9b1,26631,4.4932,9
4dfe0dd0,22943,4.4932,9
4731f38e,32066,4.4932,9
1dada6d9,28778,4.4932,9
32fc85ad,19009,4.4932,9
4bf10ea2,24015,4.4932,9
9ca7466,21176,4.4822,9
55fc8532,32089,4.4849,9
685182d0,20233,4.4904,9
495b2a18,21551,4.4932,9
74f746dc,31364,4.4932,9
183a6a6d,22215,4.4932,9
7a48716c,19803,4.4932,9
4ebd552a,26085,4.4932,9
7f599cda,30317,4.4932,9
1b7ad6e3,32062,4.4932,9
50d8bee3,22223,4.4904,9
7468b5d7,20214,4.4904,9
476448cc,21194,4.4932,9
a64530d,26980,4.4904,9
1f5edb04,20327,4.4932,9
2ea91335,18801,4.4959,9
4b6e1c04,25458,4.4959,9
63bac25f,26807,4.4959,9
ad5a3d7,26403,4.4932,9
2a1dfb22,22256,4.4959,9
6c832903,25580,4.4932,9
57b696ab,21223,4.4959,9
622b1e38,19958,4.4932,9
7a70fdf2,32687,4.4959,9
4547d2b1,19218,4.4959,9
30f9202b,18803,4.4959,9
5399eb51,30039,4.4959,9
69f9e5c4,25490,4.4959,9
12507010,28565,4.4959,9
3ddeaffc,22294,4.4959,9
6b51e209,25293,4.4959,9
5201b42c,18683,4.4959,9
770e4f51,30316,4.4959,9
51ff43b1,30975,4.4959,9
403e796e,19588,4.4932,9
6cdae0ad,31043,4.4959,9
249b8aca,30574,4.4932,9
216a3dcf,24094,4.4959,9
aa30098,10859,4.4877,2
30e6557a,28848,4.4959,9
3965edab,21471,4.4959,9
3323c419,18999,4.4959,9
7455d200,22531,4.4959,9
4150ed97,26408,4.4959,9
6925ab02,27432,4.4959,9
31242437,19928,4.4959,9
2311554b,22272,4.4959,9
59136f86,22913,4.4959,9
752f6d17,27052,4.4904,9
358fec37,27918,4.4932,9
73759344,32067,4.4904,9
63e00481,22267,4.4959,9
4af2aebb,25519,4.4932,9
2fc33900,25489,4.4959,9
d61d86,28038,4.4959,9
5fe6516b,26388,4.4959,9
3cc1921a,32695,4.4986,9
79c3ebc,29999,4.4986,9
6399744f,31479,4.4986,9
53936f97,22666,4.4986,9
3e930187,21297,4.4986,9
e72150d,27748,4.4986,9
4b5da3d,29860,4.4986,9
26e13380,31528,4.4932,9
66477f97,31403,4.4986,9
213be90f,24817,4.4986,9
6ec60f1c,27202,4.4986,9
48ffb47a,26955,4.4959,9
563b1a15,22667,4.4986,9
79695e61,31401,4.4959,9
46d6a8ee,30614,4.4986,9
270900bf,21309,4.4986,9
4ff7f170,28603,4.4986,9
12e02c40,27009,4.4959,9
74260dc1,28023,4.4959,9
1c8577bb,30680,4.4959,9
2f2ca81c,23993,4.4959,9
32450715,31510,4.4959,9
40cf49be,20239,4.4986,9
535eefcb,24101,4.4986,9
64d172b4,32107,4.4986,9
604350c5,19775,4.4986,9
2e774a7a,28759,4.4959,9
199b0ef3,32057,4.4959,9
7561bae0,19974,4.4986,9
14cf74b3,27792,4.4986,9
304be156,22455,4.4986,9
5f606139,25629,4.4904,9
4bd0c435,27169,4.4932,9
24d54b10,28602,4.4959,9
4b7b5f8d,28787,4.4986,9
17ce8672,28653,4.4986,9
5af219d2,25628,4.5014,9
38517dab,20353,4.5014,9
54f14457,28003,4.4986,9
4567fe73,24042,4.5014,9
26f91dbb,26354,4.5014,9
6c8fac3f,26588,4.4959,9
32828e05,19808,4.4986,9
d361e0a,22209,4.5014,9
486c6a40,25296,4.5014,9
2696a233,20139,4.5014,9
37691c8a,28753,4.5014,9
113d4ec4,28779,4.5014,9
365aebf1,25630,4.4986,9
3aa808c9,31444,4.4932,9
29bcb295,31402,4.5014,9
564e6664,23566,4.5014,9
2d7e5907,18804,4.5014,9
57eae221,32030,4.5014,9
1b8eca53,26956,4.4986,9
7562d29f,19868,4.5014,9
3e56e200,32068,4.5014,9
586e7431,30573,4.5014,9
61bf32ac,26609,4.5014,9
61c42f50,24226,4.5014,9
1b2ad903,28559,4.5014,9
1f0ac585,28671,4.4986,9
cf5bd69,23990,4.5014,9
53a1815,31040,4.5014,9
616724a1,27416,4.5014,9
1d88704c,22380,4.5014,9
5df66202,31445,4.5014,9
7c499220,27886,4.5014,9
29e6d70c,21329,4.5014,9
77b2c86c,33144,4.5041,9
193a52ea,26372,4.4986,9
16663798,30212,4.5041,9
3a825a06,27693,4.5014,9
29d21b7f,28043,4.5041,9
5783a8e8,27730,4.5041,9
7bda4350,19212,4.5041,9
4ae955d2,20229,4.5041,9
29c4815,19661,4.5014,9
1ce51df0,28828,4.5041,9
2555f4f0,26269,4.5041,9
cd0cba3,19832,4.5041,9
46dee639,27053,4.5014,9
2fd00078,27205,4.5041,9
7818f157,19572,4.5041,9
59cbf1d6,28086,4.5041,9
721fb024,22581,4.5041,9
43c17f70,30937,4.5041,9
1e550478,26263,4.5041,9
329cca96,32069,4.5041,9
d3107db,24199,4.5041,9
22018c9,28560,4.5041,9
4a52dd02,22941,4.5041,9
65ca7612,27196,4.5014,9
1ece66a4,31324,4.5041,9
1bc4b579,28788,4.5014,9
19200098,19837,4.5041,9
31b17739,25488,4.5041,9
45467473,31184,4.5041,9
28d0d139,28117,4.4986,9
1681d627,22413,4.4986,9
fbc20af,27844,4.5041,9
105948db,20220,4.5041,9
63f970a2,28853,4.5041,9
79af38c7,25131,4.5014,9
57d877d2,24046,4.5041,9
4f70a3e0,27777,4.5068,9
21a75bf9,32002,4.5068,9
21ce260a,19181,4.5068,9
8521ff4,27717,4.5068,9
353cb306,19172,4.5068,9
1989d148,27795,4.5068,9
7f1979e2,27176,4.5068,9
64fa9d6b,26411,4.5068,9
64a02897,28691,4.5068,9
1c58014f,993,4.5041,2
50c28b88,19767,4.5068,9
60e3553e,22896,4.5068,9
74ef88e3,20231,4.5068,9
11eee279,19453,4.5068,9
5534b507,23923,4.5068,9
70568240,19812,4.5068,9
2f04503a,26386,4.5068,9
1b2b9603,31483,4.5068,9
27246da9,30113,4.5068,9
41bfae1e,31201,4.5041,9
1e011dd0,23605,4.5068,9
31d3a7a3,28884,4.5068,9
3c5ba423,20285,4.5041,9
3896cf24,27975,4.5068,9
4654976,21472,4.5068,9
282708e6,31206,4.4986,9
49bccb7d,18581,4.4986,9
475dd281,28558,4.5041,9
69dd1de5,25633,4.5068,9
79ad4800,27549,4.5068,9
7f859afc,31998,4.5068,9
7e3692dc,19810,4.5068,9
6dc82852,31045,4.5096,9
5d9f7cdf,26679,4.5096,9
17cc905b,30998,4.5096,9
467391f9,25517,4.5096,9
44cdaa24,23983,4.5096,9
e276013,22414,4.5096,9
75b863e1,18898,4.5096,9
2201433d,31015,4.5096,9
47f4e08b,22907,4.5096,9
51bc416e,19809,4.5068,9
78894df7,30000,4.5096,9
4d1b9d0d,23979,4.5096,9
652b3738,23926,4.5096,9
56afadc2,22427,4.5096,9
647ba415,31046,4.5096,9
d361de9,28752,4.5096,9
7599be62,26387,4.5096,9
49b7c51e,23994,4.5096,9
62ddb057,22579,4.5096,9
71e2627f,31325,4.5068,9
5bbffb15,21177,4.5096,9
49b943de,28845,4.5096,9
63ed24ae,30563,4.5096,9
167da49a,27591,4.5068,9
148592f8,24125,4.5096,9
1bd5c737,20234,4.5068,9
19c316a3,31105,4.5096,9
56ff0bbb,23750,4.5014,9
591d5dfb,24075,4.5123,9
3f96f00b,26079,4.5123,9
35d46b03,22703,4.5123,9
7acb2b84,20230,4.5123,9
dfe3d13,28882,4.5014,9
38a7bfe4,24093,4.5123,9
30390653,21196,4.5096,9
26a3ef24,19774,4.5123,9
5ac94846,21210,4.5096,9
5f949464,21455,4.5123,9
27e71a5b,27887,4.5096,9
1e841b4c,22268,4.5096,9
747be8e0,26486,4.5123,9
e9feba2,27458,4.5123,9
1fb8d3ba,21231,4.5123,9
75d379a1,28564,4.5123,9
6a799082,20007,4.5123,9
5419b8fa,31326,4.5123,9
25aa8b20,31615,4.5123,9
4bdae045,29368,4.5123,9
60214fe1,29371,4.5123,9
6d81943c,26409,4.5123,9
74c63f1e,22956,4.5096,9
60942089,23888,4.5123,9
544492d,21232,4.5151,9
19005908,26730,4.5151,9
78c11e60,20354,4.5041,9
3dbae0a9,22908,4.5096,9
1a90cb12,26930,4.5151,9
1c31951,23991,4.5123,9
71812517,28067,4.5123,9
1bd42c26,27086,4.5151,9
780bc15,27905,4.5123,9
4f64bcc4,28610,4.5151,9
1e103425,27866,4.5151,9
6641036d,22647,4.5151,9
5c4eb69f,26358,4.5151,9
d5c6312,31207,4.5151,9
69dc2d2c,22532,4.5123,9
5eacc917,29349,4.5151,9
41827ffb,27380,4.5096,9
2f3646cd,21164,4.5151,9
6e5e7fa,25697,4.5151,9
2a4ff0dc,27008,4.5123,9
3eb96240,18684,4.5151,9
7c111b32,19180,4.5151,9
6c96bfcb,26564,4.5151,9
718b9cba,22649,4.5123,9
58f87f46,28014,4.5151,9
2da6ad7b,19459,4.5178,9
608cda35,18963,4.5151,9
58ffa4f6,22646,4.5178,9
741727e3,32685,4.5151,9
59541b97,23998,4.5151,9
424d4db4,23614,4.5178,9
57ea1f02,31372,4.5151,9
78c9ec26,27157,4.5151,9
5a98edf3,26614,4.5178,9
17fde17c,25741,4.5178,9
6e0cd8b7,30955,4.5123,9
273afab2,22944,4.5178,9
4684082f,22618,4.5178,9
320a9098,31443,4.5178,9
5b6e8279,18900,4.5178,9
206f895a,20240,4.5068,9
23e07e69,22585,4.5178,9
2ba1d3c2,26835,4.5178,9
62505d7a,21197,4.5151,9
4263646f,25685,4.5178,9
67f98022,28737,4.5178,9
15e9697c,19777,4.5178,9
39ba2a0f,21332,4.5151,9
3aa54a03,28070,4.5178,9
59610bcf,31032,4.5205,9
1f88d258,26957,4.5178,9
f84c90,27511,4.5205,9
2bab243d,19973,4.5205,9
43298915,32688,4.5151,9
12c7ddcc,26487,4.5205,9
43165ced,26839,4.5205,9
50998fc8,20140,4.5205,9
22e1d32a,27919,4.5123,9
2d0f9742,19830,4.5151,9
10a1692,18893,4.5205,9
1e7ca167,31558,4.5205,9
1df12eb4,27089,4.5205,9
24a939d0,32678,4.5205,9
31a5c6a3,19847,4.5205,9
60c1e252,23981,4.5205,9
2593b884,33149,4.5205,9
31aed65e,19910,4.5178,9
253eca51,23615,4.5205,9
3a31908b,19911,4.5178,9
558d36ed,25696,4.5178,9
12560624,27941,4.5205,9
41693a7d,20235,4.5205,9
776a5f13,32153,4.5205,9
4b6c354d,31017,4.5178,9
69297d22,28829,4.5205,9
4f30640b,18899,4.5205,9
611b18a8,32691,4.5233,9
7055f4,24001,4.5205,9
44ac515f,23611,4.5233,9
6e40d2da,18894,4.5233,9
4ca2625d,30957,4.5233,9
683e7b04,24002,4.5233,9
7545fd39,27906,4.5233,9
53c56c67,24255,4.5233,9
3bfbb2c7,20232,4.5233,9
64949f6f,21165,4.5205,9
3c0a08d6,25634,4.5205,9
3ee20af1,22471,4.5233,9
380c79b9,28883,4.5205,9
59b8f90c,28646,4.5233,9
6d4c3bd3,23803,4.5178,9
463cef1e,27175,4.5096,9
20371094,21330,4.5233,9
2dd67827,28865,4.5233,9
60988c1a,30958,4.5233,9
4e83b77a,28024,4.5205,9
6dd40f60,21538,4.5233,9
774deb73,31520,4.5205,9
531151dc,31186,4.5233,9
fa04a3,28811,4.5233,9
5869f2ba,29348,4.5233,9
330ed06e,24234,4.5233,9
40e79cb7,27867,4.5233,9
19a1aac6,26356,4.5233,9
492e6a4d,27459,4.5233,9
5ec5bdf0,23927,4.5233,9
3532b44,27598,4.5233,9
223b90bb,21462,4.526,9
36d8e9a0,28044,4.5205,9
740f2a3d,19458,4.526,9
c9e8134,19848,4.526,9
7fc7876a,27790,4.5205,9
1076e61,31172,4.526,9
70e30208,25671,4.5233,9
80caa01,30575,4.526,9
4b3390bd,24105,4.526,9
5d9f4851,22634,4.526,9
19e624a9,30120,4.526,9
3f01a92a,28566,4.5233,9
7457d936,22704,4.526,9
23360979,31293,4.5233,9
3e88c5a8,22434,4.526,9
16636dbc,20143,4.526,9
5cb7982f,19269,4.526,9
4f592f01,25384,4.526,9
5206038f,31185,4.5233,9
378416c7,31101,4.5233,9
7bcdd614,21198,4.5205,9
3da146fd,24241,4.5205,9
293289d6,30348,4.526,9
3a878306,25686,4.526,9
5a110299,22619,4.526,9
5c360ffd,26460,4.526,9
4b931892,21333,4.5151,9
18c457ac,21211,4.5233,9
4d8a2d55,19833,4.526,9
1f5debb7,27464,4.526,9
73f85646,22469,4.5288,9
20fc8723,30045,4.526,9
3c00e6ec,18644,4.5151,9
4c70b288,23995,4.5288,9
7d8b9726,30911,4.5288,9
398ad22b,20141,4.526,9
2866470,32033,4.526,9
4bab725a,20298,4.5288,9
6a38feae,24017,4.5288,9
54c6248,26355,4.5288,9
34d82375,25385,4.5288,9
27478487,27206,4.5288,9
2471be16,29372,4.5288,9
911e9b8,22582,4.5233,9
6f2994f0,25738,4.5288,9
478bf939,21302,4.526,9
1a1fd1eb,27732,4.5288,9
33b74db0,21474,4.5288,9
57802838,27761,4.5288,9
79b74d66,28738,4.5288,9
356d2e57,25491,4.5288,9
16c0b21e,19965,4.5288,9
7234a9a4,19578,4.5288,9
7be7b09f,26786,4.5288,9
27a43622,30174,4.526,9
34e7208a,31387,4.5288,9
16d1ef4d,25459,4.526,9
6349d63b,27010,4.5288,9
56d67413,28016,4.526,9
256ce185,28587,4.5288,9
237fc62c,27763,4.5288,9
2e9141b9,32700,4.5315,9
3c4a25e,31579,4.5315,9
41660b6a,24854,4.5315,9
1c75fbcc,19696,4.526,9
38cdfd72,32139,4.5315,9
1e3d6e67,22365,4.5315,9
2dc1e10c,22258,4.5288,9
6ff11b91,19457,4.5315,9
57aa2a2f,27550,4.5315,9
5c692638,30681,4.5315,9
b9866aa,19573,4.5315,9
652fb1aa,24016,4.5315,9
7ea36fe8,24041,4.5315,9
5e9faf7f,19843,4.5315,9
1969ce3e,26059,4.5315,9
c2473cd,22296,4.5288,9
3e2b20ff,25004,4.5288,9
44c1e9d5,31164,4.5315,9
294659bb,28637,4.5315,9
21f8128a,28846,4.5315,9
76b720b5,20299,4.5315,9
59229fb5,22635,4.5315,9
12e64a05,19580,4.5342,9
2b7d2bb8,31294,4.5342,9
73eb7691,31173,4.5315,9
3c1652d1,27592,4.5315,9
7104add1,24044,4.5342,9
6ba5cb62,31446,4.5342,9
5b2ec142,28675,4.5342,9
151c01a2,29369,4.5342,9
51127796,30358,4.5342,9
bd5062d,26357,4.5342,9
79e5ccdb,27166,4.5315,9
776b99ec,31621,4.5342,9
2355d8f5,32140,4.5342,9
61b9b5ce,19846,4.5342,9
7a808063,21306,4.5342,9
6687f233,28836,4.5342,9
366d2e36,25039,4.5342,9
1de275ee,24043,4.5288,9
10fd94d7,29350,4.5342,9
3c4654c3,27973,4.5342,9
6305d1e3,19912,4.5342,9
6d469568,19632,4.526,9
1161ef3b,22707,4.537,9
1f8f4198,27942,4.5288,9
77ee7237,23996,4.537,9
42bbd356,31404,4.537,9
52480143,33150,4.5342,9
bfc33b7,25456,4.5342,9
779f69,27974,4.5342,9
15fa1dc4,20241,4.537,9
701c1d62,27090,4.5288,9
624c483b,29374,4.537,9
63e4c918,21533,4.5342,9
8c7ae4e,27512,4.537,9
4d1696af,19424,4.537,9
4e18b2d7,28651,4.537,9
5d716562,19962,4.537,9
3db2eb3c,30572,4.5342,9
5d7ce367,32070,4.537,9
687c9358,19804,4.537,9
1126d316,27055,4.537,9
472aee25,22946,4.5342,9
7d774a7c,28087,4.537,9
711de0d9,23763,4.537,9
32b076c6,19975,4.5397,9
79e7a804,32692,4.5288,9
5604338f,30557,4.5397,9
4b966eb,31405,4.5397,9
46cfb4ac,21652,4.5397,9
1ac32a3,30040,4.5397,9
1f290167,24045,4.5397,9
6846c146,19183,4.5397,9
53177236,30854,4.537,9
334e6bdd,18897,4.537,9
64bb76ea,28120,4.5397,9
3aa9d7ca,22472,4.5397,9
52c7846b,21212,4.5397,9
12971d6d,28022,4.5397,9
2da435f3,26412,4.5397,9
5947a00a,24957,4.5397,9
696e9fce,30041,4.5397,9
37cd8395,27926,4.5425,9
1d1b9c74,18586,4.5425,9
111c3989,19976,4.5425,9
75bf8c50,25457,4.5425,9
2eb56859,27791,4.5425,9
6f8ca9c7,19952,4.5425,9
2c30121e,24003,4.5425,9
1fac15ce,27749,4.5425,9
1678c767,21334,4.5397,9
130a9251,19977,4.5425,9
1942d366,19211,4.5397,9
663fb7e5,24047,4.537,9
36ac07ba,23707,4.5425,9
71f39324,22295,4.5425,9
38677a26,30175,4.5342,9
7e25a79f,25742,4.5397,9
653eb721,32034,4.5452,9
3379edeb,22586,4.5425,9
5efe3213,27381,4.5425,9
5d0f777a,19460,4.5452,9
db46f0c,24954,4.5452,9
61c9f6de,28803,4.5425,9
4e883e5e,24855,4.5452,9
606af48c,27065,4.5425,9
67ff8cc3,30558,4.5452,9
49aee9e4,32071,4.5452,9
46db4441,21536,4.5452,9
71220682,21335,4.5452,9
6aa015f1,18811,4.5452,9
35fb131d,27762,4.5452,9
54ff2088,25687,4.5425,9
481a9f1a,26461,4.5452,9
29ed968d,27197,4.5397,9
430811dc,19214,4.5425,9
6e5e8255,21478,4.5479,9
2d3d306b,24004,4.5479,9
722032cb,26958,4.5397,9
48a65213,22583,4.5452,9
37bc9bfc,28852,4.5479,9
4364679f,28740,4.5479,9
3439fa26,30912,4.5425,9
61545cbe,24127,4.5425,9
2e6f8ade,27695,4.5479,9
5daa43b2,24856,4.5479,9
e9a4080,21479,4.5479,9
750973bf,19000,4.5479,9
20d1a103,21134,4.5479,9
19cc4c4,26488,4.5479,9
1904a3d2,28747,4.5479,9
5438023d,19589,4.5479,9
27e22eba,27460,4.5425,9
28da4e27,28652,4.5452,9
741885fc,31208,4.5479,9
4a32844b,31300,4.5479,9
7c93e449,20008,4.5479,9
642368a,23984,4.5479,9
4968cb2d,29375,4.5479,9
364564db,22648,4.5479,9
688bae84,30910,4.5479,9
bd9ae70,19856,4.5507,9
1c383fe7,25019,4.5507,9
146e307,22533,4.5507,9
340c9225,32132,4.5507,9
726000fa,27465,4.5507,9
2f7ace56,26519,4.5507,9
19125e65,24130,4.5452,9
62c18b6f,32690,4.5507,9
495f6ad8,19849,4.5507,9
61beda06,28741,4.5534,9
3b4ad4d9,19870,4.5507,9
79e0fbe2,19779,4.5534,9
423ba598,22691,4.5534,9
49d13acc,21666,4.5534,9
7b6a9084,30682,4.5534,9
16eb7f2c,27696,4.5534,9
9631f0c,19768,4.5534,9
49a443b6,22692,4.5534,9
66e504b6,32059,4.5534,9
2b3a0559,22534,4.5507,9
10612e4f,26045,4.5534,9
1ba73135,19869,4.5452,9
3ab0f44d,20009,4.5534,9
51e2a95e,32108,4.5534,9
1f6cd760,23997,4.5534,9
64070919,27455,4.5534,9
59288b48,30550,4.5534,9
1dc4716a,21310,4.5534,9
50fcd6d1,33147,4.5534,9
646a7265,22958,4.5507,9
3879f030,25631,4.5562,9
7e05a991,23982,4.5562,9
25164ebc,28780,4.5562,9
61738e3a,26081,4.5479,9
3f4acf16,29373,4.5507,9
1b672455,30072,4.5562,9
2ca98406,32701,4.5562,9
5ba609d3,10861,4.5534,2
4c52dfb5,22708,4.5534,9
6e351fe6,27603,4.5534,9
6ba66205,26417,4.5562,9
edc2f92,32051,4.5562,9
43e660cf,27466,4.5562,9
25c24fb3,31548,4.5562,9
65df570b,20250,4.5562,9
3faa9372,30357,4.5534,9
79a6714e,18901,4.5562,9
16e97157,22535,4.5562,9
9b52f45,24258,4.5534,9
6bab8545,30349,4.5562,9
9911b8e,27551,4.5534,9
62cb28cd,28126,4.5562,9
282d09db,31033,4.5562,9
d6ce0c8,26475,4.5589,9
7513b640,19425,4.5562,9
74df8e07,32689,4.5589,9
4f694d11,19586,4.5589,9
fcaf6f6,32004,4.5562,9
6703f0f9,30069,4.5589,9
5c05343e,25492,4.5589,9
6f24f5a8,32058,4.5562,9
6a203c98,28604,4.5589,9
32850a6c,27697,4.5589,9
4af9a0fd,19182,4.5589,9
23895bf,31016,4.5589,9
6997ad9c,29370,4.5589,9
4f6d24b,30913,4.5589,9
73db1ca8,19776,4.5562,9
74a2b466,21213,4.5534,9
32f14220,19590,4.5589,9
66dee2af,32131,4.5589,9
7984b1e1,26046,4.5589,9
4dcb8c80,19633,4.5562,9
2cab00db,21453,4.5507,9
7695e39,31174,4.5589,9
1473a72c,27662,4.5589,9
2c90f64b,27502,4.5589,9
529f497,33145,4.5589,9
1497c73e,22587,4.5589,9
604ea0af,31542,4.5589,9
742ce8d0,24219,4.5589,9
698d314d,26080,4.5589,9
23cafda7,26359,4.5616,9
94e70d7,32135,4.5589,9
6ec723ad,24200,4.5589,9
1c90f289,31620,4.5616,9
519771c,25688,4.5616,9
1c97af0f,28121,4.5616,9
68444eff,28123,4.5589,9
c29b1fd,30070,4.5616,9
127653e8,25460,4.5616,9
9e9ef95,26264,4.5616,9
28a7c670,23924,4.5616,9
20434e36,20300,4.5589,9
625e462d,26271,4.5616,9
4217a09d,26413,4.5616,9
4447a0d,20355,4.5616,9
12c6b8b3,23999,4.5616,9
2b9ebe8,24104,4.5616,9
7d55a06a,23946,4.5562,9
5a6629df,23716,4.5616,9
7dc21100,19426,4.5562,9
306953fb,22473,4.5644,9
60eff36c,24038,4.5644,9
b2c167f,18739,4.5644,9
660b4c0b,28039,4.5589,9
1c873dba,19627,4.5644,9
36cd9d5,28676,4.5644,9
46636231,20223,4.5644,9
72cef69c,18488,4.5589,9
6898b829,27467,4.5644,9
54cfda25,28742,4.5616,9
718047eb,33146,4.5644,9
14c78a7f,28789,4.5644,9
39b3213e,32003,4.5616,9
1307cadf,28122,4.5644,9
604b784b,30615,4.5644,9
48f7924f,25005,4.5644,9
5ff2bfa,19215,4.5644,9
68edf0be,19585,4.5644,9
45118e4e,19938,4.5644,9
7ea32f87,24018,4.5644,9
26dc2639,27869,4.5644,9
a32aff6,22259,4.5644,9
26b5400a,1523,4.5562,2
dddd60e,31406,4.5671,9
44774a05,18902,4.5671,9
23cf9a1b,25366,4.5671,9
5fba518e,19476,4.5644,9
3c9ddc8b,19224,4.5671,9
5f1300b0,22668,4.5671,9
214a4e35,27417,4.5671,9
34acee69,26389,4.5671,9
7e8a1745,31407,4.5644,9
667c9cbe,27594,4.5671,9
2ca1f59b,22650,4.5671,9
54f968de,28854,4.5671,9
43d6a3ae,21166,4.5671,9
6a0083c1,19939,4.5671,9
501d31f,27177,4.5616,9
2b2ddc9c,27207,4.5671,9
48b8ed80,27593,4.5671,9
4fd498be,22963,4.5699,9
51a93043,28739,4.5699,9
6b70763f,27504,4.5699,9
2ea8301a,18624,4.5699,9
1bacacff,22470,4.5699,9
1838a682,24019,4.5644,9
1ccfa2e2,27457,4.5699,9
36a6aaff,27456,4.5699,9
3f325382,30116,4.5699,9
11d94613,30359,4.5644,9
5d9c7048,20331,4.5699,9
4f41bfb6,20251,4.5699,9
15089c9d,26967,4.5671,9
7190c10e,32141,4.5699,9
34123e07,19978,4.5699,9
72c42e27,26981,4.5589,9
6f1e0d2a,23947,4.5699,9
7d21d18d,31531,4.5699,9
20f0741d,27178,4.5671,9
2382d3ae,25493,4.5699,9
723f5f37,27976,4.5671,9
1615544,26589,4.5699,9
229299e9,26071,4.5726,9
173831b6,28609,4.5726,9
1ff61281,27198,4.5699,9
1436af4e,22949,4.5644,9
225d21f0,18817,4.5726,9
743e118c,29389,4.5726,9
5bf37790,28837,4.5726,9
7a1eef7f,19636,4.5671,9
3187036d,26360,4.5726,9
3531c6a0,18799,4.5726,9
75be7861,22679,4.5671,9
78d614be,31018,4.5699,9
7143fca2,27923,4.5726,9
1be95524,19839,4.5726,9
70a1c6d9,22381,4.5726,9
3b9143f0,30071,4.5726,9
4afc20ec,22428,4.5699,9
4c8724a2,19567,4.5726,9
3ff69040,25739,4.5726,9
4bcba68,30360,4.5753,9
6af4f0b1,25040,4.5753,9
41a45643,24259,4.5726,9
3473c8e1,26072,4.5753,9
55fd5bfd,22964,4.5753,9
18c1488b,28124,4.5753,9
5688a2f8,24256,4.5753,9
7bb4039e,21667,4.5753,9
512ae8c9,31211,4.5753,9
6e3773a2,26070,4.5753,9
7c20ebff,30922,4.5671,9
27d3af16,32693,4.5726,9
21b97785,26274,4.5726,9
74c6aa73,31102,4.5753,9
f42c807,32072,4.5753,9
35d36de6,26731,4.5753,9
5fbc2186,20221,4.5753,9
5c1a918b,25532,4.5753,9
1e689d30,23715,4.5726,9
7f37c0a,30181,4.5781,9
29619d4f,27943,4.5781,9
17ef39f4,25527,4.5753,9
513b81b4,29376,4.5781,9
7495e539,24039,4.5753,9
1a3da57e,10869,4.5781,2
2bc3066f,24111,4.5781,9
723e5b3e,32702,4.5671,9
7f8542ec,21136,4.5781,9
24e2cc08,18587,4.5753,9
646fe730,147,4.5781,1
1a3c7691,27516,4.5781,9
6408b728,29377,4.5781,9
5b2f0b30,32681,4.5781,9
52a8a236,19628,4.5753,9
314f0b67,20334,4.5753,9
681e20da,21537,4.5781,9
3ff13ca,32697,4.5699,9
14d130d4,27924,4.5781,9
39a2773b,33152,4.5808,9
707f575b,19778,4.5726,9
b656bdd,26220,4.5808,9
37ebbd0,32010,4.5808,9
249fd71,24049,4.5781,9
287849ac,28677,4.5808,9
22b70677,27382,4.5808,9
22cba7f,22720,4.5808,9
4fc37d3e,24773,4.5808,9
4ff0b595,26044,4.5808,9
3f024629,32136,4.5808,9
2f4d7cbd,28127,4.5808,9
21410e3d,19626,4.5808,9
581aecf4,28724,4.5753,9
ce44044,22680,4.5808,9
4afceffb,27698,4.5808,9
6762db83,28017,4.5808,9
6890f6d7,25635,4.5808,9
46d87de1,21529,4.5808,9
6bf6d1f6,31301,4.5781,9
1ab9a1c8,19838,4.5808,9
7570da06,25743,4.5808,9
7042963c,22698,4.5836,9
531a8aee,28128,4.5836,9
2de680a3,30551,4.5808,9
7a06c336,27977,4.5781,9
955969a,26047,4.5836,9
6dc212fa,32137,4.5836,9
74b86479,26476,4.5836,9
386b16ab,32109,4.5836,9
1d2fb67a,32005,4.5836,9
600732e7,27870,4.5808,9
57ab1932,32698,4.5836,9
37159322,28071,4.5836,9
57697fdc,19932,4.5836,9
e20efdc,27170,4.5836,9
1cd15a3,30350,4.5836,9
1a5a1a3b,27868,4.5836,9
6d11133,25063,4.5836,9
f06403a,18740,4.5836,9
660f3c74,26735,4.5808,9
562db5ae,30154,4.5781,9
37ab28a,18903,4.5808,9
2c4e694c,10862,4.5863,2
1dfee0d4,25535,4.5836,9
4de58a3f,26221,4.5863,9
2298bd7f,30073,4.5863,9
6c607ffb,24129,4.5863,9
1f223e86,19966,4.5836,9
514d8a,31212,4.5863,9
5f0a50c5,20360,4.5863,9
381e7d1e,30712,4.5863,9
36c6b295,24050,4.5863,9
3cf184da,19703,4.5863,9
31f067f9,31103,4.589,9
d555bdd,28047,4.5836,9
7a4d1a54,26048,4.589,9
799c5d92,31581,4.589,9
497bc12f,31480,4.5836,9
3946284c,21137,4.589,9
7b06b856,27907,4.589,9
698b92d8,30179,4.589,9
72e022b6,32035,4.589,9
6585e77c,31582,4.5863,9
2b0f2792,23768,4.589,9
1e276d79,19226,4.589,9
1794c660,19427,4.589,9
6da10999,28048,4.589,9
2755bd56,28838,4.5863,9
3e0edf4d,21534,4.589,9
6cd60bb0,20289,4.589,9
3e3bb450,30176,4.589,9
75343d99,22950,4.5863,9
505ddae3,22699,4.589,9
77f940d8,27503,4.5918,9
35d5fcb0,19762,4.5918,9
3fe04851,22947,4.589,9
6bec72c1,29378,4.5918,9
55d8379d,27219,4.5918,9
4f7261ea,19968,4.5918,9
726d0a95,28725,4.589,9
453cea2f,28118,4.5863,9
7a1f1463,25698,4.5918,9
4892f723,31532,4.589,9
6e6fb062,26082,4.5863,9
32cee174,31047,4.589,9
286d7c1a,19871,4.5918,9
2ad3d978,31561,4.5863,9
39ac80e0,25689,4.5918,9
7c2c03e0,25534,4.5918,9
3f622dd3,19290,4.589,9
b4e3b5e,30121,4.5918,9
56b80157,28678,4.5945,9
4d2f2091,109,4.589,1
4a972b63,27765,4.5945,9
64358b57,26361,4.5918,9
136391c0,24128,4.5945,9
1e5bd844,21655,4.5945,9
8ffc061,28050,4.5945,9
7b402e2e,28857,4.5945,9
1f4abfc,21669,4.5945,9
33e76d22,22637,4.5918,9
733e0ae2,32138,4.5945,9
28d06d4d,19279,4.5945,9
1a671adf,27764,4.5945,9
5b4302c,18738,4.5945,9
7f7f5fea,21653,4.5945,9
16c157e9,26270,4.5945,9
77f9b35a,23925,4.5945,9
7df32105,10864,4.5945,2
7413de5d,22366,4.5973,9
5082b5a3,32710,4.589,9
55072056,18588,4.5973,9
6f5e3acf,18694,4.5945,9
7b87ab8e,26272,4.5973,9
555f04f,21135,4.5973,9
40bf72eb,30354,4.5973,9
2c56ff3a,28129,4.5973,9
32c0303d,21656,4.5973,9
18bd69a2,26463,4.5945,9
7a31c31,27012,4.5973,9
23ae7874,31560,4.5973,9
389aec14,28611,4.5973,9
1e944e6e,22681,4.5918,9
901f089,26479,4.5918,9
be872e2,19940,4.5973,9
786bfa44,21233,4.5945,9
28d640e5,26057,4.6,9
47c3e3a7,19625,4.6,9
ff4f6df,19967,4.5973,9
13356409,26480,4.6,9
286a94bf,26279,4.6,9
1255e3f1,30155,4.6,9
32a1283f,21535,4.5918,9
6a272b17,24048,4.5973,9
42cd6a82,26060,4.5945,9
3e7ed108,19274,4.5973,9
5a5f628,27796,4.6,9
56890a18,30713,4.5945,9
7fb9f331,26490,4.5973,9
37079b5f,30177,4.6,9
1db93f21,22705,4.6,9
3fe3f44,19941,4.6,9
336e6471,19222,4.6,9
38b8cc20,21668,4.6,9
6cacac21,10870,4.6,2
7d020d2,30001,4.5973,9
1e5aaaef,32142,4.6027,9
2070068f,31408,4.6027,9
29347b04,30714,4.6027,9
62f2a11f,20197,4.5973,9
406ef38,24000,4.6027,9
2462c549,20288,4.6,9
2e04669a,19291,4.6027,9
46dc0c3,26277,4.6027,9
5989c01c,32113,4.6027,9
6a459b3a,26477,4.5918,9
58bf43b6,22297,4.6055,9
5582ce8d,19276,4.6055,9
421c6d01,30178,4.6055,9
1e374fa8,26656,4.6,9
446b233,31562,4.6055,9
2646f3fe,28770,4.6027,9
65f3a71d,30118,4.6055,9
4c176985,25533,4.6027,9
4426bac7,19581,4.6055,9
75405f5a,27608,4.6055,9
64888b0f,27930,4.6055,9
1cbb03cc,32007,4.6082,9
6dba621e,29391,4.6082,9
1a775a7c,27604,4.6082,9
3a877ace,21480,4.6082,9
75419818,21531,4.6082,9
7e66bb31,19969,4.6082,9
68a042a4,26278,4.6027,9
40728c71,18895,4.6082,9
60768ab9,22709,4.6027,9
6126dd73,28607,4.6082,9
2ad25d55,28831,4.6,9
7e974d7a,32111,4.6082,9
120b89f6,26275,4.6082,9
2a602353,994,4.6082,2
2dda2601,31311,4.6082,9
7dfabe29,21654,4.6082,9
457a6c36,30180,4.611,9
16bd7fe8,32110,4.611,9
7fa18cd,28867,4.611,9
142057e,27011,4.611,9
2a93d4be,31580,4.611,9
2b02c33,32680,4.611,9
143deb8f,29379,4.611,9
5c56583,20332,4.611,9
378ce84a,32011,4.6082,9
58d61e6b,19219,4.611,9
314777a1,27218,4.611,9
3215040e,21555,4.6137,9
490ff050,20333,4.6137,9
67c86d8f,28125,4.6137,9
6db8e4a8,27091,4.6137,9
7717b865,28839,4.6137,9
41ac4ba7,31563,4.6137,9
652cf208,21657,4.6137,9
4f9bc7a1,32073,4.6137,9
3cf443e3,19574,4.6137,9
7d7b4b0e,31530,4.6137,9
5858aa7,19861,4.6137,9
265718c3,19275,4.6137,9
5af7f8a4,22948,4.611,9
2d7f7dce,19221,4.6137,9
24e902b3,22951,4.6137,9
35de7f40,21234,4.6164,9
550bc8e1,31564,4.6164,9
1ca71bee,25065,4.6137,9
22899b9,27552,4.6164,9
6e38efd5,28072,4.6164,9
28dab92d,31409,4.6164,9
c06bfb3,32709,4.6137,9
4a250adb,23985,4.611,9
a624eab,28073,4.6137,9
63ca120d,19271,4.6164,9
1ea4dc88,28858,4.6164,9
46ee3f43,990,4.6164,2
45f7a62d,26478,4.6137,9
fe0b007,19220,4.6164,9
59f2a02f,26491,4.6082,9
769e9ee4,19016,4.6164,9
4ee65c23,33151,4.6137,9
59897e74,22945,4.6192,9
21376da6,20224,4.6164,9
235caeda,18818,4.6164,9
5fa7f9d6,32682,4.6192,9
293fe6b0,23980,4.6164,9
4d4f5688,28866,4.6192,9
570f48da,30074,4.6137,9
1163069f,32114,4.6192,9
78e0cc9,32703,4.6192,9
716a342c,30119,4.6164,9
4626c79f,21138,4.6164,9
56cf1884,27605,4.6164,9
55988bf0,31213,4.6219,9
6bc21e19,22651,4.6219,9
641fb962,30361,4.6192,9
7c7016e,32060,4.6219,9
621caa00,21539,4.6219,9
46da1713,19223,4.6219,9
4277393b,23928,4.6192,9
57c2d7fb,19225,4.6192,9
321d04d5,31302,4.6219,9
49d4f659,19428,4.6219,9
4e1f19c9,32115,4.6219,9
35da5fd0,30117,4.6247,9
6fbbde12,22298,4.6219,9
1339b82,19979,4.6219,9
37d41b3c,30075,4.6247,9
5097e6c9,22292,4.6219,9
61ede987,29394,4.6247,9
7c9f81b3,19980,4.6219,9
963372,19283,4.6247,9
74ca735c,23986,4.6219,9
6b0568e7,27699,4.6247,9
44b6ae0,31312,4.6247,9
ae40a3f,27925,4.6247,9
a7690c9,28605,4.6247,9
4a749330,19429,4.6274,9
15b7fcf4,21532,4.6247,9
3fa8b98f,19872,4.6274,9
5fc5bcc7,19270,4.6274,9
4e7ae529,20335,4.6247,9
166866b,26645,4.6274,9
6fe56864,25041,4.6274,9
661499fc,26590,4.6274,9
451f7930,26657,4.6274,9
3f81d4dd,22638,4.6301,9
7659352e,25064,4.6301,9
a614898,18813,4.6301,9
7e477396,28606,4.6301,9
4e03a7f8,21227,4.6301,9
706b91f1,28045,4.6301,9
41fd841d,31565,4.6274,9
41d83132,28906,4.6247,9
3eff8d38,28855,4.6274,9
7960a43b,19277,4.6301,9
130f3b96,19010,4.6301,9
135ec964,19634,4.6301,9
3a54aa5b,31559,4.6301,9
78006664,19859,4.6301,9
d715309,28833,4.6274,9
12b93179,24257,4.6274,9
6740ce28,33160,4.6329,9
7749cfa3,24114,4.6301,9
3382f92e,25699,4.6329,9
6850a563,32116,4.6329,9
1318cd4b,27944,4.6329,9
48f114a8,27932,4.6329,9
717cfec2,30715,4.6329,9
1c6a2633,28040,4.6329,9
39b2f782,22966,4.6356,9
494dd260,25563,4.6329,9
9d9cbb5,32694,4.6301,9
1f45aea2,19273,4.6356,9
52d348c7,31389,4.6329,9
75aa5e2f,32012,4.6329,9
37b27c3d,19860,4.6356,9
3e993518,25494,4.6356,9
32e9b74c,26086,4.6356,9
2caa9708,28130,4.6356,9
eb2f0d,26087,4.6329,9
4836daa7,21139,4.6384,9
6f4abea8,28886,4.6384,9
10e627da,31106,4.6384,9
49acf18c,32013,4.6384,9
3731e9fc,26074,4.6356,9
775fbe2f,145,4.6384,1
2ccd90c7,19286,4.6384,9
3b189f33,26273,4.6384,9
2432443,19780,4.6384,9
3a0543fe,30182,4.6411,9
126b4c2c,27933,4.6384,9
5260ad0e,28760,4.6356,9
499afa3d,32143,4.6411,9
59104a43,22706,4.6411,9
11526761,28840,4.6411,9
6a60af20,31187,4.6411,9
460db098,32117,4.6356,9
5858e176,19280,4.6411,9
3c1fa6c,32696,4.6411,9
12aec1a,26276,4.6438,9
2a8815d7,32006,4.6411,9
354412a1,20291,4.6438,9
674ba2c3,28904,4.6438,17
39da8cff,32118,4.6438,9
6fc6fde2,22710,4.6438,9
23b6730a,22718,4.6438,9
58a7b60,25495,4.6411,9
10ceb06a,24040,4.6438,9
7d9e6bf8,25744,4.6438,9
25efa044,32699,4.6438,9
78266333,32112,4.6411,9
faf9d8b,31583,4.6411,9
29e0db95,19781,4.6438,9
3d5c008f,18820,4.6438,9
73e88ee2,28834,4.6438,9
16402d15,27595,4.6438,9
180f558e,31175,4.6466,9
78c6853e,28856,4.6466,9
40ba3b4b,24113,4.6438,9
2b8ffe0e,27220,4.6438,9
77123220,21488,4.6411,9
60ad9152,28859,4.6466,9
26c0bec,19228,4.6493,9
139d1889,22293,4.6493,9
480d70cd,32037,4.6493,9
75f8abe8,26982,4.6493,9
79539304,24052,4.6493,9
3a52e068,19873,4.6493,9
1b82c4a9,23911,4.6493,9
6020de00,26049,4.6493,9
50b79e07,27606,4.6521,9
4d1d674f,27931,4.6493,9
212229c8,25455,4.6521,9
3599eca6,28860,4.6493,9
38b3d130,28885,4.6521,9
5e05d8f8,28875,4.6521,9
32ae3299,27927,4.6521,9
39da580e,20356,4.6521,9
482804b6,26415,4.6548,9
6eb476d2,31622,4.6548,9
1e06a1e4,25690,4.6521,9
5dff6247,28041,4.6548,9
a13897b,24116,4.6521,9
557ac0fa,31188,4.6548,9
18b52e61,26414,4.6466,9
3397b512,32014,4.6521,9
155c147d,20357,4.6521,9
16a26b3c,28905,4.6548,17
5ea0e731,20290,4.6548,9
64a23430,26591,4.6521,9
275589af,22965,4.6575,9
29649772,19227,4.6575,9
c471dbd,29393,4.6575,9
5cee91df,27532,4.6521,9
5910eaf5,19981,4.6548,9
52830889,22959,4.6575,9
5f51caac,19287,4.6548,9
7719d8f0,28832,4.6575,9
2980c3a4,25496,4.6548,9
3d30a123,30355,4.6548,9
638d415d,19272,4.6603,9
32d8f32a,19284,4.6603,9
b3f63d9,19288,4.6603,9
3c0ef1aa,22790,4.6521,9
248d0cf9,27928,4.6603,9
2d83369c,31566,4.6575,9
58b7d1a5,21540,4.663,9
55e206da,10871,4.6603,2
28e650c1,19963,4.663,9
64c07be0,28862,4.663,9
50c38632,19011,4.663,9
26f7c288,30156,4.6603,9
361f5f76,28729,4.663,9
318bdc9f,26073,4.663,9
1088d6fe,26420,4.663,9
2c65612c,24117,4.663,9
4b9d003b,19933,4.663,9
7a3fd6c,33262,4.663,9
77219404,27945,4.663,9
4b8bf601,27221,4.663,9
4ce0825d,32711,4.663,9
6f5fdf22,26418,4.6658,9
770f1738,30351,4.6658,9
63a0cc26,18762,4.6658,9
2b9a5865,22960,4.6658,9
3b833773,30158,4.6658,9
69f5388f,26983,4.6603,9
3a2d24fb,19281,4.6685,9
16778017,24268,4.6685,9
35145251,27607,4.6685,9
50b06929,28849,4.6685,9
9fb7bf6,24131,4.6685,9
2648323a,19878,4.6712,9
29904a2a,28835,4.6712,9
6b50d119,23912,4.6712,9
5e65451b,26421,4.6712,9
7a49b91f,28863,4.6712,9
6d58fadd,20358,4.6712,9
3e722f7e,19789,4.6712,9
1518e380,31107,4.6712,9
54de6dd9,28049,4.6712,9
6627d2a,27929,4.6712,9
222e217d,19785,4.674,9
80aa9f7,20359,4.674,9
7d75efaa,19788,4.6712,9
272c7e57,25066,4.674,9
19a98bed,22952,4.674,9
75fa9dd1,24142,4.6767,9
260c6fda,30157,4.6767,9
7b143ffd,19229,4.6767,9
3f8e280e,34862,4.6767,9
1ebb2e3b,31191,4.674,9
5b8ce089,19285,4.674,9
1bdd7d2,24132,4.6767,9
4f3d51b3,19282,4.6795,9
8307499,28046,4.6795,9
3ad5a00d,26419,4.6767,9
348455be,29395,4.6795,9
5be817bb,22711,4.6795,9
7e7d65bc,31023,4.6795,9
75624256,24133,4.6795,9
635dd0e1,19637,4.6795,9
781356fe,20011,4.6795,9
7a5b8541,28075,4.6767,9
6dd69cc5,10865,4.6822,2
a4113db,18824,4.6822,9
757f058,18821,4.6849,9
79600aa,32036,4.6849,9
65501200,33148,4.6849,9
3cb98adb,991,4.6849,2
1a9e57a0,31189,4.6849,9
3ee4995c,24115,4.6849,9
57bc8053,19840,4.6849,9
9404d7a,26088,4.6849,9
6ce58e40,19841,4.6849,9
2223a854,30716,4.6849,9
1cfa2e55,30183,4.6849,9
64e7aef,26416,4.6849,9
deedcc1,22367,4.6877,9
4db9c4b2,30122,4.6877,9
335482f4,31021,4.6849,9
64b8e82f,29396,4.6877,9
fcd3d6,19635,4.6849,9
66bc6b2b,28907,4.6877,9
156b57e1,27265,4.6849,9
75904824,32712,4.6877,9
5e48a685,27266,4.6877,9
ee38a83,22953,4.6877,9
d7c53b9,30159,4.6904,9
7fc23923,18823,4.6904,9
6bf843a3,27209,4.6904,9
1c5ef790,24143,4.6904,9
e7bd10a,27468,4.6932,9
61f5bae7,10863,4.6932,2
48b91821,19293,4.6932,9
23b084d1,28074,4.6932,9
39f15446,20012,4.6932,9
7313e22c,32826,4.6932,9
3f7d5c2b,992,4.6904,2
3f8523f5,33772,4.6904,9
1834bed8,19862,4.6932,9
745a3d70,30003,4.6959,9
7e992b0,28861,4.6959,9
2193abd4,28877,4.6959,9
371fbe98,31652,4.6877,9
a6004dd,28042,4.6986,9
2f74195c,19879,4.6986,9
b1ebd35,31019,4.6986,9
1305da6d,30184,4.6986,9
5f6d10f5,26077,4.6986,9
115c97f3,31024,4.6986,9
59245deb,22986,4.6959,9
53e8fcfe,27798,4.6986,9
5cd9a126,26050,4.6959,9
4df14fae,22719,4.6986,9
61b2ce62,26083,4.6986,9
3cf8cf86,22794,4.7014,9
1a021cba,28887,4.7014,9
e990c08,27797,4.6959,9
6ca12759,30352,4.7014,9
6617e9c4,20013,4.7014,9
1fd84c6c,27222,4.7014,9
686e402b,32154,4.7014,9
62037650,21482,4.7041,9
243ccf54,18763,4.7041,9
72db804b,26482,4.7041,9
79da4c93,26646,4.7014,9
7aa884b3,28908,4.7068,9
632f249b,30002,4.7068,9
1ae76f58,29567,4.7068,9
e8144fb,28864,4.7068,9
58e3453f,32831,4.7068,9
73762464,19292,4.7014,9
6967dd6d,28617,4.7068,9
48dbe2b6,32769,4.7068,9
a539c2f,31048,4.7068,9
48c4cc05,30356,4.7041,9
5dea87c1,25067,4.7096,9
29bee691,28131,4.7068,9
83e22e2,27267,4.7096,9
1f1fecc5,33163,4.7096,9
84663c2,32155,4.7096,9
1e623401,21557,4.7068,9
7028672c,30685,4.7123,9
1031d428,30684,4.7096,9
1ff876fb,984,4.7123,2
2b52fd9f,25745,4.7096,9
4ed2fd3e,32713,4.7123,9
241f06c8,24051,4.7123,9
173d0460,27518,4.7151,9
933123b,28888,4.7151,9
3531a887,28869,4.7014,9
6944d1af,28608,4.7151,9
1625d6e3,33773,4.7151,9
37bfc684,33161,4.7151,9
716acd6,21660,4.7151,9
3f5b4923,24144,4.7151,9
63a42f9f,31670,4.7151,9
705d2ece,33162,4.7151,9
48776ce8,26095,4.7151,9
281bbc4,31049,4.7123,9
73dac022,21556,4.7151,9
7ab5092c,22795,4.7178,9
1f425508,24053,4.7123,9
6702370,24261,4.7123,9
75931f7a,28909,4.7178,9
273d948d,30353,4.7151,9
2ada7f77,33164,4.7178,9
2d36a2ff,18822,4.7178,9
1191428f,22791,4.7178,9
403300ec,28876,4.7151,9
be16d9b,32827,4.7178,9
72b98a57,22970,4.7123,9
434a93cc,30185,4.7178,9
6a00ffa5,27517,4.7178,9
32ecb669,21659,4.7178,9
3261881a,24134,4.7151,9
2d6cbb9f,31190,4.7205,9
c345733,26090,4.7205,9
1847e622,31020,4.7205,9
61246cc7,22961,4.7178,9
362cc174,28196,4.7205,9
833bef3,21662,4.7205,9
2690fd09,21658,4.7205,9
6490ef48,26481,4.7205,9
34e7a5cf,30683,4.7205,9
21b64186,30004,4.7151,9
6f980c,26076,4.7205,9
6366dde6,33153,4.7205,9
6aa6d598,28910,4.7233,9
790f033b,32828,4.7233,9
5dc4bee,32159,4.7233,9
50803f5e,28132,4.7233,9
c562ac3,24269,4.7178,9
2a6bd2fb,26647,4.7233,9
dc1f6a9,995,4.726,2
6a254fc4,32008,4.726,9
42a82,18819,4.726,9
3b0ef711,22967,4.726,9
633c281,29380,4.7205,9
7f778628,21663,4.726,9
4450850,18764,4.726,9
62fd094a,22299,4.7288,9
445e3c73,28889,4.726,9
8a4fd96,31669,4.726,9
67e9193d,24262,4.7288,9
519991a5,26078,4.7288,9
101b11c9,29052,4.7288,9
3c308c12,27513,4.726,9
155360bd,10872,4.7315,2
9388243,30161,4.7315,9
265f86bf,31653,4.7288,9
6e824ee4,19786,4.726,9
56ea0f3a,21481,4.7315,9
1b0db53e,20014,4.7342,9
41bdb29e,33154,4.7288,9
52bd0570,22792,4.7342,9
3d342123,21671,4.7342,9
3105c022,31624,4.7342,9
3ba16a60,20361,4.7342,9
6176fe0d,33157,4.7342,9
4d157189,27210,4.7233,9
1cd40cb0,26096,4.7342,9
4a840fb1,30720,4.7342,9
20f7fa54,19875,4.7342,9
8a05ee6,28282,4.737,9
54df1fd,31214,4.737,9
6e5fff42,26123,4.7288,9
52d2cfb5,19880,4.737,9
1d4e74be,24135,4.737,9
321c8559,20045,4.737,9
2328c9b7,31627,4.737,9
67431500,28197,4.737,9
52e9f542,21916,4.737,9
409840b,24260,4.7397,9
873d7cb,29051,4.737,9
250aec3,24263,4.7397,9
6189804c,33733,4.737,9
7b4030c4,33155,4.7397,9
607b8f5d,21914,4.737,9
b0a303d,28133,4.7397,9
4b374a13,33735,4.7397,9
1e1d7268,31051,4.7397,9
550887cb,32829,4.7397,9
343d70c,31192,4.7397,9
4ba222b3,28618,4.7397,9
5784ea3a,32134,4.737,9
6604506b,21483,4.7425,9
1a146a53,28198,4.7425,9
137ff0f1,33156,4.7425,9
e99be25,20043,4.737,9
54f4b2ff,32133,4.7425,9
49febf36,31050,4.7425,9
10b72702,26091,4.737,9
68b060f9,30160,4.7397,9
7ca3a59d,19230,4.7425,9
3315af,19787,4.7425,9
3f0844ba,34529,4.7425,9
189ee3b4,22536,4.7425,9
4e1a6aee,30692,4.7425,9
673cdb18,31630,4.7452,9
652052f,19294,4.7452,9
2f551560,19858,4.7452,9
6b1f94ec,22968,4.7452,9
7b02bccb,21664,4.7479,9
66d2e45f,27514,4.7425,9
67370786,31054,4.7452,9
71da1d32,22972,4.7479,9
1f501326,31022,4.7479,9
6ed1fc8f,33165,4.7479,9
3185cde4,20047,4.7479,9
1017756b,21558,4.7397,9
f418d6c,28619,4.7479,9
307a17d7,1524,4.7452,2
6e953d8f,21541,4.7479,9
40495bb,32161,4.7315,9
71602754,31215,4.7479,9
b79fd30,28051,4.7479,9
5af7a83e,35542,4.7479,9
3ff42e1b,32770,4.7507,9
16d824a8,30616,4.7507,9
1ee05310,21670,4.7507,9
6e4a9d1f,34969,4.7507,9
99b7eb0,27519,4.7507,9
23c87a1e,21485,4.7507,9
77c7f4f3,26127,4.7507,9
20c204e9,28911,4.7507,9
3f2cd5a4,26288,4.7507,9
5b4053b,27801,4.7507,9
570885c3,21490,4.7534,9
710e6422,21489,4.7534,9
37701db6,29053,4.7507,9
6e286f09,19289,4.7479,9
39da83cc,32930,4.7479,9
4b90322a,24118,4.7534,9
58a59006,24270,4.7534,9
75eefff,30162,4.7534,9
6f8fbb09,21544,4.7534,9
6b729492,26097,4.7534,9
4272c1d6,27609,4.7507,9
56f2be62,207,4.7562,1
839bad0,32982,4.7562,9
7ce82e71,31632,4.7562,9
45f99b0e,21542,4.7534,9
75b0904d,29569,4.7562,9
6ead8516,28878,4.7562,9
3a858564,35399,4.7562,9
7f2f57de,19874,4.7562,9
75dc1ae2,32723,4.7562,9
108a3405,26075,4.7507,9
77f019d7,31052,4.7562,9
428965ec,35398,4.7507,9
400edd9e,26092,4.7534,9
56b6de5e,20145,4.7562,9
5322e2f1,34863,4.7562,9
37654190,32009,4.7562,9
5a8d4b7c,24136,4.7452,9
6c598f9e,28614,4.7589,9
cfde865,18489,4.7589,9
4f614ebd,108,4.7589,1
488ca661,22793,4.7589,9
786ac2a7,26128,4.7589,9
58ef874b,32162,4.7589,9
3b32f2f3,35400,4.7589,9
1620e45a,28872,4.7616,9
38f173c3,33783,4.7616,9
1c007e49,19241,4.7616,9
3009b250,32724,4.7616,9
219a923f,32160,4.7616,9
124692a4,20048,4.7616,9
dab4493,29568,4.7616,9
70cdfc44,21545,4.7616,9
5339308,32984,4.7616,9
3c5633b4,22962,4.7616,9
2346e2b8,27802,4.7589,9
741eb59f,30164,4.7534,9
6b2e5884,33734,4.7616,9
729c3d3a,30725,4.7616,9
66db52f3,30721,4.7644,9
572d4202,28612,4.7644,9
6768b1fa,20144,4.7616,9
7e1b3feb,21719,4.7644,9
6d7da8ff,31623,4.7644,9
510d2369,21543,4.7616,9
7348afd3,24145,4.7644,9
540b3236,33607,4.7616,9
54b15218,19278,4.7644,9
6c9f358c,22974,4.7616,9
5a1f29fb,20385,4.7671,9
d3c7f2b,35544,4.7671,9
62ea4e81,32156,4.7671,9
57883a0c,28052,4.7644,9
3d760af4,19881,4.7644,9
9f78377,32830,4.7671,9
11112562,19882,4.7671,9
1cd1e490,20015,4.7671,9
3f224600,31058,4.7644,9
296c53b2,21484,4.7644,9
2cb04881,10873,4.7699,2
1c3591d3,20391,4.7671,9
f5303a1,20408,4.7699,9
4ed2a132,19857,4.7699,9
22ec460d,26089,4.7699,9
69d67021,27223,4.7699,9
59dddfc1,32983,4.7699,9
4e849150,33158,4.7699,9
276d16e2,29473,4.7699,9
e186aa3,33796,4.7699,9
54154439,24137,4.7726,9
6381baad,27610,4.7726,9
9e5b99c,26289,4.7726,9
44659771,21915,4.7726,9
3aaf2748,21721,4.7726,9
55db5ffa,30367,4.7753,9
2552004e,22300,4.7753,9
5415b662,19876,4.7753,9
7098cc25,28283,4.7726,9
182e1358,31025,4.7753,9
773f411c,27799,4.7753,9
5b78f272,21665,4.7753,9
203352fb,30717,4.7753,9
32e30313,33159,4.7753,9
14e8f05c,24264,4.7699,9
4621fb33,31053,4.7726,9
7cb4854a,31026,4.7753,9
60c303cc,19231,4.7753,9
7db7c73c,19297,4.7753,9
2e0eb2c6,24146,4.7781,9
7648ec98,27908,4.7781,9
182b6772,20881,4.7781,9
7b62c148,30374,4.7781,9
e6d5cfe,26129,4.7781,9
4d20e428,32832,4.7781,9
7cc58d4a,30165,4.7781,9
1663f7c8,29381,4.7753,9
74228bab,32157,4.7781,9
277ee5b0,20362,4.7781,9
4310d70d,27515,4.7753,9
95b7ae3,21661,4.7781,9
f11b7,21491,4.7699,9
500c3763,34970,4.7808,9
15613ad0,22971,4.7808,9
473fd6fd,28879,4.7781,9
3e1b36bc,21559,4.7781,9
3f45e504,32932,4.7808,9
e437aa0,30166,4.7808,9
12e86602,20407,4.7808,9
2b59c29c,30368,4.7808,9
115ff27b,20044,4.7836,9
4e819eed,21487,4.7808,9
3b247f36,35291,4.7836,9
2e278488,22975,4.7836,9
7f2e2f38,20387,4.7836,9
1a065f63,30362,4.7808,9
2435eda,26093,4.7808,9
105299de,22796,4.7836,9
1e8b2303,32767,4.7863,9
42d811e3,21494,4.7863,9
36de8af6,22992,4.7863,9
2e73b779,34037,4.7863,9
2a6b4700,27469,4.7836,9
6d3ffa75,20396,4.789,9
1b1db1df,30006,4.7863,9
2f74441e,27800,4.789,9
6cacf130,28871,4.789,9
97378a2,29401,4.789,9
7ed25282,32931,4.789,9
738bbdf2,31055,4.7863,9
10d0dd23,32158,4.789,9
1b7e8b78,28868,4.7808,9
6e1a3df0,22537,4.789,9
5871c0a7,32771,4.7918,9
77d49cd7,30371,4.7918,9
599edbf2,33798,4.789,9
4f312c27,30617,4.7918,9
17088c84,28134,4.7918,9
207b5bf2,32768,4.7918,9
739a590e,25068,4.789,9
5c745dc4,21672,4.7918,9
566f4ba6,20046,4.7863,9
1a620279,22973,4.7918,9
60bc7e0c,20586,4.7918,9
4ff9719c,30686,4.789,9
38e6326,29474,4.7918,9
414f193c,28880,4.7918,9
3fabf6ac,31625,4.7945,9
35504aea,110,4.7945,1
361f0e52,31217,4.7945,9
fa06754,35545,4.7945,9
6fdefe9a,19298,4.789,9
58eefe91,20386,4.7945,9
3351571,27225,4.7945,9
16cd1640,34864,4.7945,9
1adb590a,30370,4.7945,9
2d5c325f,26492,4.7945,9
53dd4ea2,35543,4.7973,9
130e5eda,28136,4.7945,9
5b582428,21486,4.7973,9
17da3bd6,30718,4.7973,9
2ecbdfd1,21492,4.7973,9
367dd50,31027,4.7973,9
4fd2ac5c,26125,4.789,9
55b1a8ea,21925,4.7973,9
13f33d01,148,4.7973,1
63b64df9,29402,4.7973,9
74bb0054,33797,4.7973,9
395cad9f,26483,4.7945,9
61f2b4a6,28891,4.7973,9
6be386ac,29397,4.7973,9
3a6bc7ac,31126,4.7973,9
6607b52b,31628,4.7945,9
12247ac9,31631,4.8,9
650558c7,30163,4.8,9
1b7a56c,32725,4.7945,9
5ac2f69c,21917,4.8,9
6b813d3f,32985,4.8,9
240d83e8,33736,4.8,9
18adcec0,20367,4.8,9
5596bd5f,32704,4.8,9
371c0a17,29405,4.8,9
49bcc282,28199,4.7973,9
7fc6dddf,26124,4.7973,9
73a5284a,24138,4.8,9
9ebd729,33738,4.8,9
69f7ef0e,27909,4.8,9
597fe3f7,33263,4.8,9
24958b34,32733,4.8027,9
3e6c1c95,21673,4.8027,9
778d06a2,20587,4.8027,9
2088c5e5,19242,4.8,9
76d1d165,30726,4.8027,9
2887f39e,28897,4.8027,9
766245c7,25069,4.8027,9
3720583a,32163,4.8055,9
51e114d6,34971,4.8027,9
3130f4cc,26281,4.8055,9
29c3bd76,28873,4.8055,9
3ecfa0d3,30007,4.8055,9
b1bceb8,29054,4.8055,9
420f0ec0,10866,4.8055,2
52052ca9,19339,4.8055,9
3f5f60fa,19014,4.8027,9
66190392,30363,4.8082,9
511ec28e,23314,4.8082,9
2593feba,27910,4.8082,9
63683ccc,26283,4.8082,9
7004bdc3,22989,4.8082,9
70289abe,22979,4.8082,9
b338076,34035,4.8082,9
25980711,32705,4.8082,9
1f444b36,26280,4.8082,9
2b0dcf0a,29382,4.8082,9
3c2aca2d,27803,4.8082,9
596fe236,20820,4.8082,9
64cf1fd6,30005,4.8082,9
2ae8ba01,31785,4.8082,9
21fff9da,30693,4.8082,9
4bee246a,21720,4.8027,9
6d360173,31194,4.811,9
711b82ac,29398,4.8027,9
2ff4847c,21493,4.8082,9
1503389c,27269,4.811,9
48639ed6,20049,4.811,9
65407b94,21675,4.811,9
6e1cc424,19295,4.811,9
62d7c6a3,22976,4.8055,9
36166101,33175,4.811,9
50ec308c,19790,4.8082,9
1fe57f1c,22993,4.811,9
58d9f351,24139,4.8055,9
17cb3d3,33774,4.8137,9
69210d0c,26284,4.8137,9
30a59b20,22994,4.8137,9
218f9aa3,32986,4.8082,9
27f1a51e,32833,4.8137,9
1d8d0bbb,10874,4.811,2
790bd1f2,20822,4.8137,9
27631276,22990,4.8137,9
656b2968,20053,4.8137,9
4f18b98e,21919,4.8137,9
3a3db305,32844,4.811,9
1d1e61f1,31062,4.811,9
21822b53,19340,4.8137,9
2bdc2224,34527,4.8137,9
110cc158,30722,4.811,9
7c2e19c1,33784,4.8137,9
12d1ee5c,31127,4.8137,9
f3af99c,20392,4.8137,9
22b997e6,22538,4.8164,9
5e50bc1e,31218,4.8137,9
68be5c97,21722,4.8164,9
6452b050,31626,4.8164,9
2626ade6,26285,4.8164,9
e7792ee,32734,4.8164,9
79ec0188,19243,4.8164,9
5f219823,24271,4.8164,9
1704bff4,33785,4.8137,9
d440367,20585,4.8164,9
7ce5e2af,30372,4.8137,9
659c4cfa,26136,4.8192,9
5755b4a2,34038,4.8192,9
7a27ca14,20883,4.8192,9
22d72e6a,23313,4.8192,9
2984bf65,31059,4.8192,9
2e78cd33,30369,4.8192,9
54f28cfa,27226,4.8192,9
4bf6104f,30373,4.8192,9
10418b1a,27520,4.8192,9
1cb261e0,33775,4.8219,9
3992f68e,33176,4.8219,9
74cb3610,29404,4.8192,9
a0b51a,18765,4.8219,9
341ee12f,27224,4.8219,9
281bb5ed,28615,4.8219,9
27a97c6f,30727,4.8219,9
283cf914,20393,4.8192,9
68f9d5e8,28137,4.8192,9
1b260801,31060,4.8219,9
1f31d4af,35719,4.8247,9
a7fa53c,28874,4.8247,9
492b2ac5,21562,4.8247,9
3cea4ad0,22977,4.8247,9
504c0326,20397,4.8247,9
58a7914e,28350,4.8247,9
27ed0a56,32119,4.8247,9
12077a87,9651,4.811,2
3780716c,33606,4.8247,9
59520186,29399,4.8247,9
69b76cb9,28620,4.8274,9
2d56d5cc,34528,4.8274,9
26477463,26286,4.8274,9
12787ad6,27319,4.8274,9
5bef072e,20050,4.8274,9
35b803c2,33604,4.8247,9
2fb5f427,27320,4.8274,9
96f7a4e,19342,4.8274,9
1416f36c,28138,4.8247,9
45e985f2,30629,4.8274,9
661c3c16,20066,4.8274,9
14d39791,997,4.8219,2
377d9bf4,32834,4.8274,9
29fed559,31655,4.8274,9
3e325efc,27227,4.8274,9
39c929a0,28351,4.8274,9
31ae5e17,32933,4.8301,9
6a57c1ed,33751,4.8301,9
463eb7e5,30723,4.8274,9
36ca02ab,20383,4.8301,9
75d7ac83,31056,4.8301,9
33f20d1,34609,4.8301,9
215b437d,34610,4.8301,9
12e9592c,20026,4.8274,9
74d0de80,27213,4.8301,9
1484f928,20890,4.8301,9
47903b7e,35401,4.8301,9
1fe82a99,29406,4.8301,9
6dbed33a,32726,4.8301,9
66b4dd42,21991,4.8301,9
f4e630f,29087,4.8301,9
1721a510,21563,4.8301,9
c9d83cd,30719,4.8301,9
7037df4a,24147,4.8301,9
2630ea75,33737,4.8301,9
58eb2839,20394,4.8329,9
3c23c286,31193,4.8329,9
5cc0ad24,34972,4.8329,9
239c057b,30627,4.8274,9
353877f9,30375,4.8329,9
12c3e479,24272,4.8329,9
3301d716,30167,4.8329,9
11141402,19877,4.8301,9
48e43289,30688,4.8301,9
787a0617,20824,4.8329,9
4589f7c0,996,4.8329,2
59c73a9,31057,4.8329,9
780d3100,28345,4.8329,9
49089e07,21560,4.8329,9
7864c145,26282,4.8329,9
20119dd5,22978,4.8329,9
2aac59e0,27211,4.8301,9
3bb8f884,32706,4.8329,9
364da152,23311,4.8301,9
1a1e6d7b,22829,4.8329,9
2f98cd2a,21956,4.8329,9
13b0898a,21678,4.8301,9
52b54481,30694,4.8329,9
2e35ea8b,32987,4.8329,9
7529892e,32165,4.8356,9
480df60e,30774,4.8356,9
1c355745,20823,4.8356,9
645c990e,28870,4.8356,9
5c64ee08,20821,4.8356,9
653c46bc,31028,4.8329,9
5ce5d3cc,31654,4.8356,9
6a5c386a,23310,4.8329,9
6a4858c6,27804,4.8356,9
6dc6fa95,31686,4.8329,9
1f4f2f52,22980,4.8356,9
14dbdbb9,27231,4.8356,9
59d3d604,22991,4.8301,9
3c7d3f8c,20409,4.8356,9
b3cfc8c,33177,4.8356,9
66b578c4,34883,4.8384,9
6f997c40,35718,4.8384,9
e6eeff,31671,4.8384,9
4a2aeb49,30382,4.8356,9
6993c6c6,24286,4.8384,9
1f7e3cdf,33605,4.8384,9
524004ac,28613,4.8384,9
6566990d,24265,4.8356,9
780b464b,29433,4.8329,9
16fd1551,19883,4.8356,9
444a1646,30435,4.8384,9
15b55133,20052,4.8384,9
37ae64d0,20364,4.8384,9
4907b8e9,33264,4.8411,9
5d6b6fa9,26293,4.8411,9
626881fe,21561,4.8411,9
2624f187,20832,4.8411,9
5290c55a,28890,4.8384,9
7df2fd42,32707,4.8411,9
5400fe86,27321,4.8411,9
72c1f289,24477,4.8411,9
73689d9f,34978,4.8411,9
27063cbd,22815,4.8384,9
7b8495d4,34865,4.8438,9
74211215,21677,4.8438,9
50e85fdb,27228,4.8438,9
909f3a2,31784,4.8438,9
3eba1379,24266,4.8438,9
459aa3f6,19299,4.8411,9
2fe0b3ac,33012,4.8411,9
28cf23c7,28160,4.8438,9
54023d71,28352,4.8438,9
12d050b0,35343,4.8438,9
7c1fb848,24300,4.8438,9
2d1f7d17,28896,4.8438,9
68333470,20400,4.8438,9
7876bc16,29154,4.8438,9
792a96a8,33799,4.8438,9
2f8bbb5f,20064,4.8466,9
5eea8a6a,22987,4.8466,9
16988a20,31216,4.8438,9
13b11bad,32885,4.8466,9
3e8340a5,33786,4.8466,9
4c205569,27805,4.8466,9
31fda035,21674,4.8466,9
1a9239fa,20067,4.8466,9
b8a615,26299,4.8438,9
46932f5d,32890,4.8438,9
5de42851,20022,4.8466,9
7946dd20,19341,4.8466,9
3703547c,27322,4.8493,9
68b57c06,27235,4.8493,9
14ef77e1,20395,4.8493,9
5b8f1781,30009,4.8493,9
76020838,20027,4.8411,9
25e2cde5,20398,4.8466,9
35941fb2,24151,4.8493,9
5a2b269e,21918,4.8493,9
793b0145,28353,4.8493,9
3f8ffe91,30731,4.8493,9
1f1e8592,22997,4.8493,9
a62604c,34867,4.8466,9
7afcac54,22981,4.8493,9
6285f46,24140,4.8521,9
78922b47,34036,4.8521,9
97ea848,24287,4.8521,9
28eeb10b,24275,4.8521,9
43378391,29088,4.8521,9
3018f619,30008,4.8438,9
cc7e4f9,30732,4.8493,9
3e6f0a4,30762,4.8521,9
5a4eebbb,31656,4.8521,9
268e3452,24301,4.8521,9
2cba5afb,29403,4.8521,9
92d1e41,20882,4.8521,9
6157e610,907,4.8548,2
7b35af61,33268,4.8548,9
d48f7d1,32727,4.8548,9
4e1809d,21591,4.8521,9
4a7ff5a,28616,4.8548,9
29dfb089,35729,4.8548,9
7e242d44,21724,4.8548,9
68f092c8,28841,4.8548,9
28bccb46,33800,4.8521,9
20d153a4,27229,4.8548,9
2938cec9,32164,4.8521,9
3b8aec77,22830,4.8548,9
74def4cf,202,4.8548,1
2bcfb91d,29089,4.8548,9
6567a1d9,30783,4.8548,9
4f8192a2,20069,4.8493,9
4c7a7f11,29475,4.8575,9
1a2b20d2,27230,4.8575,9
725f4e34,20363,4.8575,9
421a2327,21920,4.8548,9
67e46851,33269,4.8548,9
1ed0d89b,26099,4.8575,9
5dbe4623,28053,4.8575,9
4e2e55a8,24267,4.8575,9
54f3f459,29434,4.8548,9
185c6b77,30169,4.8548,9
22e5f6b4,20072,4.8575,9
3a69e673,29059,4.8575,9
15492043,24289,4.8575,9
2976b457,35014,4.8521,9
242ba79b,34979,4.8575,9
51849713,30628,4.8575,9
d93ee58,24148,4.8575,9
4ffff40a,20584,4.8575,9
253781fe,32714,4.8575,9
115b37b1,27233,4.8548,9
68b55d7e,21676,4.8548,9
1dfc7374,26126,4.8575,9
f8fafbd,26294,4.8603,9
47a1f742,21933,4.8603,9
5bd1c65,34536,4.8603,9
7ba4b875,21958,4.8603,9
35228423,23337,4.8603,9
78cb6cf8,30764,4.8603,9
92412fb,34530,4.8603,9
47789a42,20401,4.8603,9
41f7ff7a,20051,4.8548,9
2cc49d15,30436,4.8575,9
727defe8,20365,4.8603,9
5b678896,30170,4.8603,9
2595a0af,32735,4.863,9
2db1ad3d,33805,4.8603,9
30ae15cc,19296,4.863,9
57ea1877,20016,4.863,9
5f724afd,35208,4.863,9
7f8acc6b,30724,4.863,9
3f4aa623,24471,4.863,9
38e4281d,33266,4.8603,9
55b8e9d2,22857,4.8603,9
758cb85e,23338,4.8603,9
38c53075,24302,4.8603,9
5cccdb10,31131,4.863,9
36dd1514,22031,4.8658,9
2fe07712,33801,4.8658,9
3f3e64f8,31238,4.863,9
5bbbec57,20887,4.8658,9
774f48d5,20410,4.8658,9
3b9afb60,34039,4.8658,9
3f6c12cb,21921,4.8658,9
3bb19825,32717,4.8658,9
36b57666,32886,4.8658,9
5a98ca2b,35152,4.8658,9
2df5f9df,32736,4.8658,9
53d71f9,32720,4.8685,9
32fab1cb,26295,4.8603,9
70211017,20399,4.8685,9
2f61e7b4,20928,4.8685,9
3334b9e1,27335,4.8685,9
5d68a4c7,29504,4.8685,9
3a7b3248,29055,4.8685,9
4d6049cf,20630,4.8658,9
1a072ef4,27472,4.8685,9
cea67e4,22821,4.8685,9
5bcc490b,21723,4.8685,9
14bcb422,30776,4.8658,9
77b62d8f,19300,4.8685,9
54e5cd03,30168,4.8685,9
6e093903,29505,4.8685,9
7a83edd7,22831,4.8712,9
3c1f6d5d,34884,4.8712,9
46683208,22539,4.8712,9
31cb0ad1,24149,4.8712,9
37dfc95c,33802,4.8712,9
52577725,35720,4.8712,9
15e58db7,29400,4.8712,9
129a1571,34041,4.8685,9
5bc6ab57,23315,4.8712,9
32c10155,31227,4.8712,9
bf0ba8f,20070,4.8685,9
66a63373,32716,4.8712,9
4903071d,23312,4.8712,9
27718179,31128,4.874,9
2f29aa20,28423,4.874,9
1d80f76b,24273,4.8712,9
13aa0296,34980,4.874,9
42c0c411,19964,4.874,9
b6955d0,33267,4.8712,9
6991ef79,28236,4.874,9
7330668f,31820,4.874,9
304d64cd,33739,4.874,9
7469de99,27816,4.874,9
12e51d4a,20588,4.874,9
62110587,33806,4.8712,9
39a17e04,30010,4.874,9
306f2bf,28346,4.874,9
3933b0d8,35726,4.874,9
5364b744,27234,4.874,9
2e07d4ec,20665,4.874,9
18890a7b,32715,4.8685,9
6107b272,24470,4.874,9
55a027e7,24141,4.874,9
6ed8354a,35293,4.8767,9
265e9582,20614,4.8767,9
71b1e8fb,31061,4.8767,9
719bf1e,28621,4.8767,9
5bd119ad,10875,4.874,2
f1a822f,30728,4.8767,9
71925507,27521,4.874,9
60990010,22001,4.8767,9
4e7a66f,35292,4.874,9
3b39e564,27911,4.8767,9
68769fdf,27815,4.8767,9
1613a34b,30777,4.8767,9
33267304,34705,4.8767,9
507f320a,32388,4.8795,9
2419ffa4,20411,4.8767,9
78cd049f,27270,4.8767,9
78f3f6d1,34866,4.8795,9
513574a7,28161,4.8795,9
2ae2c64b,20024,4.8795,9
3aba45fa,35042,4.8795,9
2ac357ce,28165,4.8795,9
2441f2e1,27268,4.8795,9
4d617939,24283,4.874,9
370bac7e,21960,4.8767,9
5f76baf0,32992,4.8795,9
17c9db33,21929,4.8795,9
75586d98,28200,4.8795,9
6fbbebf7,27809,4.8795,9
2955ef88,32845,4.8795,9
43d7ce80,21725,4.8822,9
299c5d30,23150,4.8822,9
1948ffa7,22810,4.8822,9
1f676aa9,31629,4.8822,9
3669a33,34885,4.8822,9
6239140b,22995,4.8795,9
2907b0a1,32167,4.8822,9
776cc7e1,30011,4.8822,9
53fac987,21779,4.8795,9
79c916bf,34618,4.8822,9
6f688348,28166,4.8822,9
6d5f339f,26098,4.874,9
7c9db21a,33762,4.8795,9
37f0e413,27470,4.8767,9
79aefaff,20687,4.8822,9
4863779b,33758,4.8822,9
6e1bd52c,26300,4.8822,9
5cb476c3,34981,4.8822,9
4d28122d,26094,4.8849,9
43df7075,24288,4.8849,9
1053083a,31633,4.8849,9
6fae669d,31219,4.8767,9
629ab83f,32169,4.8849,9
5a7e30c1,24472,4.8849,9
52e4e16c,28162,4.8849,9
75c43b9e,26301,4.8822,9
4ee2ff23,23402,4.8849,9
790efd80,30801,4.8849,9
52dd3258,27214,4.8795,9
274756ee,32934,4.8849,9
af1756,28354,4.8822,9
587df898,24303,4.8849,9
7e85aec2,28163,4.8849,9
1a9e8e3b,34126,4.8877,9
7069ae6f,32166,4.8795,9
4b9d0dc8,35725,4.8795,9
5670d273,32721,4.8822,9
55095c1,32168,4.8877,9
38f749d2,23109,4.8877,9
65e77b13,33179,4.8877,9
7d2b4708,22010,4.8877,9
1ba7f049,31241,4.8877,9
4b944a04,31635,4.8877,9
4a6b202a,34973,4.8877,9
738fee0d,33357,4.874,9
d8bdc16,20662,4.8849,9
6cd1cd97,24529,4.8877,9
5fc6e63,30749,4.8877,9
16856486,32888,4.8849,9
5cd44413,34608,4.8877,9
3e8b976b,20633,4.8849,9
586269af,29056,4.8822,9
657e9771,33265,4.8877,9
1bf4a311,23406,4.8904,9
79a64fcb,31073,4.8877,9
32c26e41,32744,4.8904,9
2316a277,31742,4.8904,9
1dc4712f,32719,4.8904,9
1ce9c9df,26297,4.8904,9
56d7ad4b,20659,4.8904,9
77c671b6,35462,4.8904,9
61d57023,20017,4.8849,9
5f26283f,24341,4.8877,9
32208247,19256,4.8904,9
15bb97fc,20826,4.8904,9
34706b65,28237,4.8877,9
70fff79c,33752,4.8904,9
3ae1c5c8,21564,4.8904,9
54e8757b,9646,4.8904,2
63f417c0,32722,4.8932,9
6c384f35,28842,4.8932,9
58c318ff,21679,4.8932,9
4f97ed31,33741,4.8877,9
c1ea914,20368,4.8932,9
22710e45,34040,4.8932,9
41365d9,35727,4.8932,9
44373767,19052,4.8932,9
62b5ee14,21992,4.8904,9
123b6916,32835,4.8932,9
54d41ee2,27309,4.8932,9
6b94244c,21941,4.8904,9
413d0c5d,31634,4.8932,9
cb59f20,23039,4.8932,9
458f2479,26139,4.8932,9
ff3cec0,28296,4.8932,9
2ba7f0ed,34704,4.8932,9
12e1f0e5,32935,4.8904,9
5a66d7c4,22797,4.8932,9
58dd6a90,30775,4.8904,9
6139a371,21939,4.8959,9
26857487,31072,4.8959,9
6e9a3e8,34713,4.8959,9
3af9e3a0,28912,4.8959,9
2bedbff1,30376,4.8959,9
26c1d747,33358,4.8932,9
6d7cc694,23395,4.8959,9
18edcc78,28913,4.8959,9
5eb9eaa3,33803,4.8959,9
2b13aa23,31672,4.8959,9
76ea75dc,31108,4.8932,9
7d2955f3,35296,4.8959,9
bd1c822,28201,4.8959,9
785e0546,32718,4.8932,9
1aacc709,19301,4.8932,9
64117de8,28984,4.8904,9
3fcd1515,35304,4.8959,9
3812990,22011,4.8959,9
8fc59d2,20369,4.8959,9
d690037,29155,4.8959,9
71810a1c,35017,4.8959,9
26b3cc84,21937,4.8959,9
4ceb2349,33787,4.8986,9
946ea5b,27310,4.8959,9
1537176a,33013,4.8986,9
5615fb7b,31788,4.8986,9
706ed085,29203,4.8959,9
4881f5e0,35546,4.8986,9
5de576d2,33178,4.8932,9
63cf5b07,21565,4.8932,9
65a34503,33060,4.8904,9
5eb1c59a,35402,4.8986,9
224a82a2,20021,4.8986,9
546f33df,30733,4.8986,9
48f82318,34734,4.8986,9
2d316e38,20689,4.8986,9
6e0f73e0,22988,4.8986,9
6d910143,35015,4.8959,9
4d614d36,21938,4.8959,9
321592c4,33732,4.8986,9
443c49b6,31703,4.8959,9
26fe8c0,20599,4.8986,9
69e06b25,19250,4.8986,9
2eaf83d2,32936,4.8932,9
58d701f8,22852,4.8986,9
3032a771,35024,4.8959,9
16653938,31195,4.8986,9
7c36d192,31240,4.9014,9
2e557cd5,33740,4.8959,9
b794f41,27232,4.9014,9
346a0bef,34254,4.9014,9
7e1af6b1,34092,4.9014,9
d48226d,35043,4.8986,9
7bac8e73,33610,4.9014,9
2204c783,33753,4.9014,9
3aeed500,32887,4.9014,9
5ebf84c1,20065,4.9014,9
77394ed9,22798,4.9014,9
6879995b,31132,4.9014,9
24f30781,20071,4.9014,9
6480652,31239,4.8959,9
4a32c4a,20068,4.9014,9
3b3adfc4,22812,4.8959,9
1f2d3ab9,10876,4.8986,2
23def9d2,33807,4.9014,9
6562116d,10878,4.9014,2
8cb36fa,31129,4.8959,9
7e452da8,22969,4.9014,9
6409112e,31221,4.9014,9
2a814bdb,31853,4.9014,9
5f9dde9f,33181,4.9041,9
e305f70,34735,4.8986,9
6cc73312,26140,4.9041,9
59cf1b73,27471,4.9041,9
79304c02,32891,4.9041,9
32e387a0,22982,4.9041,9
48681c9d,32389,4.9014,9
5f3e7897,22823,4.9041,9
79f43063,35560,4.9014,9
442f113f,30744,4.9041,9
659a8e4a,34706,4.9041,9
1eb19ea7,34982,4.9041,9
16b5f518,19302,4.9041,9
2a2fb818,33180,4.9014,9
1bf68bc9,35662,4.8986,9
9a06ab6,19251,4.9041,9
5eaeb423,21590,4.9014,9
7f10887b,33270,4.9041,9
300443af,33763,4.9068,9
67bcc2cf,31658,4.9068,9
1cabf0df,20688,4.9068,9
48bbb532,21940,4.9068,9
42449349,21682,4.9068,9
8fc2b2a,23316,4.9068,9
4006d48a,26290,4.9068,9
50cfb995,21785,4.9068,9
72727159,32772,4.9068,9
743cb665,34974,4.9041,9
44e39ec2,35028,4.9068,9
225b93cc,20020,4.9041,9
ff58503,27276,4.9068,9
7bfa147f,21738,4.9068,9
23b7804c,31220,4.9068,9
5d8cb205,34550,4.9068,9
7e72e92a,28313,4.9068,9
55804377,28202,4.9068,9
4aaa1c6b,18766,4.9096,9
720e83a1,22799,4.9096,9
5c2c0074,31702,4.9096,9
1b5c0f73,34709,4.9068,9
4c906c94,22813,4.9096,9
22f674b4,35153,4.9096,9
56436829,30750,4.9096,9
5056eacb,22721,4.9068,9
2b8a4025,31222,4.9096,9
1f2de1ca,34537,4.9096,9
64b17d0c,24378,4.9096,9
507caf1,24150,4.9096,9
5beae7b7,34277,4.9096,9
297e4393,29571,4.9096,9
19d16824,24156,4.9068,9
4e19f4c5,26287,4.9068,9
37eb1e4b,20686,4.9068,9
5d486ce0,22738,4.9096,9
58dd5ca7,21739,4.9096,9
364eef4,35344,4.9068,9
25a9d81,25746,4.9041,9
3938bdec,25749,4.9068,9
6d2cc2c7,21957,4.9096,9
1aca6a00,21922,4.9096,9
5fa693a1,33759,4.9096,9
77611157,27311,4.9096,9
7b11d5ef,34983,4.9096,9
2d71f999,22851,4.9096,9
26402c0a,20664,4.9068,9
4d9098f8,27271,4.9068,9
38db8208,20384,4.9096,9
1a4419bb,22996,4.9096,9
5723e1f7,24306,4.9123,9
3dc35685,27282,4.9123,9
878beb7,30383,4.9123,9
aca0c8a,21926,4.9123,9
745d5e9d,32743,4.9123,9
42749063,24290,4.9123,9
10f249dc,35403,4.9096,9
2ac113b8,30751,4.9123,9
d911f1b,30364,4.9123,9
13260182,20028,4.9123,9
7826f9bc,32746,4.9123,9
11981693,31657,4.9123,9
33e69bcb,22822,4.9123,9
360a336b,20884,4.9123,9
15031e39,33608,4.9068,9
44feae84,28241,4.9123,9
43c15d13,20615,4.9096,9
24b7af6b,29579,4.9123,9
216b81d3,24611,4.9123,9
29c89f12,26296,4.9096,9
18f39e21,34942,4.9123,9
519361e9,28284,4.9014,9
48464047,20623,4.9151,9
59d3e6a0,22853,4.9151,9
251b6652,22825,4.9123,9
211de646,28239,4.9151,9
6bcb47a5,20634,4.9151,9
117566e3,23179,4.9151,9
68c3ac8,33182,4.9151,9
2e052ab4,20936,4.9151,9
6f22bb69,32170,4.9123,9
4ba6018c,21993,4.9123,9
21434f1d,21506,4.9151,9
1004d2ff,34531,4.9151,9
2afcfc62,23001,4.9151,9
507ff3a7,23108,4.9151,9
6b767c6c,35020,4.9151,9
6b7f6512,33788,4.9151,9
5d5ad1a8,34533,4.9151,9
1088398d,35029,4.9151,9
3fc512f0,30763,4.9151,9
2251ba24,31787,4.9151,9
2f02a7ef,33166,4.9151,9
24dee436,30689,4.9151,9
75cbf571,23465,4.9151,9
620e3baa,19257,4.9151,9
5809c5db,30729,4.9151,9
17ea3088,33167,4.9151,9
b2575b8,30690,4.9178,9
41138907,29506,4.9151,9
4167c92f,28294,4.9178,9
216f69d0,21961,4.9178,9
322fd53c,21934,4.9178,9
6f4fbcf6,28293,4.9068,9
249ef9bf,21923,4.9178,9
436c021,20825,4.9151,9
5e4d089e,28892,4.9178,9
1207b05e,32846,4.9178,9
4187f0a0,24284,4.9178,9
7499681d,22811,4.9178,9
73020779,20751,4.9151,9
52bd02bf,23466,4.9178,9
453de87f,35463,4.9178,9
3617e01b,26152,4.9178,9
6a1735c6,31721,4.9205,9
146bcad4,28898,4.9205,9
77b13eef,26153,4.9123,9
3dbdd56,28371,4.9205,9
5de54e76,32937,4.9205,9
e8fe909,20938,4.9205,9
12423f41,31704,4.9205,9
3312dccd,23394,4.9205,9
44f8bf66,29156,4.9205,9
3ac0b750,30630,4.9205,9
35291488,27238,4.9205,9
720f73b6,33768,4.9205,9
4da1d880,23128,4.9205,9
1dca6d0a,34886,4.9205,9
3c17a79c,29453,4.9205,9
3d953cf7,24623,4.9205,9
2d07622,35295,4.9205,9
2f1029f6,21950,4.9205,9
4176cb20,35233,4.9205,9
405cbfd5,35730,4.9205,9
20228112,31836,4.9205,9
228f05cf,35721,4.9178,9
404a0d0a,21936,4.9178,9
54ba51ad,35018,4.9205,9
555a5c7e,33619,4.9178,9
2202a23e,33306,4.9205,9
78503bc,21935,4.9233,9
1341dd8,31786,4.9233,9
68a082c,34551,4.9233,9
312e4991,27332,4.9233,9
1e1924eb,34619,4.9233,9
3f62202d,27810,4.9178,9
69ff9485,25750,4.9205,9
2a5e2aea,30695,4.9205,9
7db76d36,27337,4.9233,9
39fb69c8,19343,4.9205,9
537a59e5,30691,4.9233,9
4634b4b3,20631,4.9233,9
1de6cfe5,28994,4.9233,9
5b7edfb2,20632,4.9233,9
5a4a0049,34710,4.9233,9
3938b69f,29507,4.9233,9
120adfba,19053,4.9233,9
3fa41106,28995,4.9233,9
44fec1ea,32728,4.9233,9
35e616f3,22824,4.9233,9
1a170698,23318,4.9233,9
4916d29e,33183,4.9233,9
da52309,33272,4.9151,9
12962f9a,20054,4.9205,9
17c2f2b5,29206,4.9233,9
68bf50f1,20660,4.9233,9
4c269b84,32242,4.9233,9
6f6f9765,23139,4.9233,9
591da42f,32731,4.9233,9
338bf4e3,29205,4.9233,9
6f389767,34094,4.9233,9
7d127aa9,35044,4.926,9
3ca47b1,35294,4.9205,9
5103434,33776,4.9205,9
16d74f4c,21507,4.926,9
3dff715e,24342,4.926,9
53d6837a,27277,4.926,9
5ee76814,27333,4.926,9
5763bca0,22540,4.9233,9
7be2242f,34714,4.926,9
3d51cf8c,22816,4.926,9
5afb560f,33742,4.926,9
28e71dc,31789,4.926,9
10b7674c,22097,4.926,9
3bc5b686,25747,4.926,9
6d968cdb,27212,4.9178,9
8b354d7,28164,4.9205,9
7a9eea29,24285,4.926,9
49006759,32993,4.9233,9
49cb1b58,22817,4.926,9
626d982a,32171,4.926,9
6f2ff9ec,25748,4.926,9
25df71ff,28895,4.9178,9
34dfbfc7,30778,4.9233,9
3a7dddbe,30770,4.926,9
2a0da384,203,4.9151,1
74836fb3,35728,4.926,9
528e054c,34095,4.926,9
3d6bc763,22834,4.9288,9
2ef9f27f,32745,4.9288,9
4168eee4,20886,4.9288,9
5c9383db,31728,4.926,9
2f32cffa,20032,4.926,9
22db7975,20624,4.926,9
2d7b4655,30465,4.9233,9
308cbdf6,35305,4.9288,9
1ca4fbec,34716,4.9288,9
571e0088,35298,4.926,9
2ef7dbcf,27278,4.9288,9
7bc1b0ea,20018,4.9288,9
14f5af4b,35234,4.9288,9
33c8f71d,28915,4.9288,9
23717b08,20888,4.9288,9
5541c96c,24307,4.9315,9
6c77ab78,35350,4.9315,9
1873c9f4,27274,4.9315,9
30f258c9,29570,4.9315,9
6b23fd12,31851,4.9233,9
3adea765,27239,4.926,9
3c64f5a3,30388,4.9315,9
1ef2c6f6,28314,4.9315,9
74be5f9a,22019,4.9315,9
6acd6357,28914,4.9315,9
25e714e4,23133,4.9315,9
1ded9b2b,19344,4.9315,9
3eb53416,33274,4.9315,9
36f89040,33789,4.9315,9
37ae9a13,30385,4.9315,9
2af3f836,20057,4.9315,9
3df17cfa,34110,4.926,9
4f798194,26084,4.9315,9
cc4f46a,21947,4.9315,9
39c39f8c,33375,4.9315,9
4b00b1e2,28295,4.9315,9
1452aad2,35413,4.9288,9
fe332e2,35734,4.9342,9
c1577ab,9647,4.9342,2
27d9b5e7,21844,4.9342,9
7cc55956,20031,4.9233,9
243616f,21856,4.9288,9
69427120,34924,4.9342,9
f070bc2,35297,4.9342,9
14a137e7,29207,4.9342,9
33aea2f7,34096,4.9342,9
59b25fe8,20833,4.9315,9
40e305a8,32387,4.9342,9
5d601c5c,21846,4.9342,9
1b9fa41d,31228,4.9315,9
5019e599,27336,4.9342,9
88f6477,34091,4.9342,9
55d01bc6,35021,4.9342,9
3309f22d,27272,4.9342,9
2ca3fcf8,30687,4.926,9
5f7c89c7,28424,4.9342,9
a27a7c5,35345,4.9342,9
7643a436,33020,4.9315,9
4534c23a,30365,4.9342,9
7ebd59ea,30745,4.9342,9
4993c077,33947,4.9342,9
221abf67,21680,4.9315,9
77307451,30012,4.9315,9
27d06a65,32732,4.9315,9
415c9c0c,30772,4.9342,9
55baffc4,25758,4.9315,9
2fd1d7c,34058,4.9315,9
5e67772d,26138,4.9315,9
756b6bc3,21845,4.937,9
50f2359e,20055,4.937,9
5234b49b,20889,4.937,9
31a4cff3,28355,4.9342,9
3848555c,35450,4.937,9
771b95d,33792,4.937,9
1087d309,21953,4.937,9
6ba65c01,27818,4.937,9
16d314e5,21948,4.937,9
20ab7b6a,35411,4.937,9
5a332896,30807,4.937,9
54496b09,21681,4.937,9
67ddfb59,29092,4.937,9
1cd6bce3,29162,4.937,9
527de2ed,23111,4.937,9
579cf9f4,31110,4.937,9
4fcbc6f9,26100,4.937,9
406c79b1,33408,4.9315,9
486345d6,35663,4.9342,9
527e0819,33462,4.937,9
724500c4,35124,4.937,9
617bd99d,35584,4.937,9
2c574c3d,20029,4.937,9
fd519f7,21495,4.937,9
5dcaa02e,21683,4.937,9
1a8fb480,31242,4.937,9
62c22d3b,30384,4.9342,9
7462a3fa,29057,4.9315,9
701dfb0a,24159,4.9397,9
53df1620,21857,4.9397,9
5b1c17a5,28894,4.937,9
28445208,20834,4.937,9
49585989,33541,4.9397,9
621d2894,35547,4.9397,9
5987ba4d,26154,4.9397,9
53597767,33376,4.9397,9
5846f894,29161,4.9397,9
53943280,32994,4.9397,9
37a5bf6d,23132,4.9397,9
594e797,22017,4.9397,9
2fdf14b1,21607,4.9397,9
40b2db86,19252,4.9397,9
3240e122,28139,4.9397,9
4dfc1c9d,28893,4.9397,9
28047ed0,27273,4.9397,9
7f298dfd,31839,4.937,9
29911775,32729,4.9397,9
1c6daa94,26298,4.9397,9
1714b537,33804,4.9397,9
24e1944d,30013,4.9397,9
56a151b,33322,4.9397,9
5f15b495,32847,4.9397,9
74a22628,26302,4.9397,9
46ad8886,29509,4.9397,9
48eaa43d,34887,4.9425,9
6e463fe2,30802,4.9425,9
3bd12dfc,23400,4.9425,9
5ea7cfc8,23403,4.9425,9
74649522,32999,4.9425,9
2b020d63,30808,4.937,9
198e6b32,35209,4.9397,9
29aa79c5,34255,4.9425,9
31446b7c,20635,4.9425,9
12781086,20030,4.9425,9
debd655,24152,4.9425,9
d7527bc,28356,4.9425,9
78453e00,35410,4.9425,9
38406a42,26145,4.9425,9
42de48de,27288,4.9397,9
10f09c23,33168,4.9425,9
5435b664,27812,4.9397,9
41940503,21747,4.9425,9
7a3d6509,28152,4.9425,9
4a155a28,29063,4.9425,9
5e10c6cd,29548,4.9425,9
3f4d6c11,31852,4.9425,9
73c61e4c,31229,4.9397,9
2e4943dc,34276,4.9425,9
4e6d8827,21959,4.9425,9
16930989,20412,4.9425,9
426ad2ae,30771,4.9425,9
35ed29b3,30387,4.9397,9
3f2a982f,30768,4.9397,9
427f83d2,22722,4.9425,9
5c5c20da,33769,4.9425,9
26d92e9c,21963,4.9425,9
4d7a6d0,20835,4.9425,9
58bbb603,31806,4.9397,9
a062882,33793,4.9397,9
1eed64ce,23112,4.9452,9
48f7cd92,33463,4.9452,9
730eae36,29064,4.9425,9
6307f8d,26156,4.9452,9
f34fe16,33273,4.9452,9
79d9393f,27237,4.9342,9
7fa0572c,22542,4.9397,9
7a698342,31743,4.9452,9
52050657,35019,4.9452,9
62a5cde9,33009,4.9452,9
4a614da9,20388,4.9452,9
1fc1efa6,20025,4.9452,9
75862f27,27215,4.9452,9
29840c8f,27473,4.9452,9
53498056,31066,4.9452,9
1fcfd553,20661,4.9452,9
30c19122,30767,4.9425,9
f63a5d3,28172,4.9452,9
68a20c4,28900,4.9452,9
195e4b73,22101,4.9452,9
78da6046,26141,4.9452,9
b0af9c7,21497,4.9452,9
3958c83a,28347,4.9452,9
12919a6f,26291,4.9452,9
6a050fb3,24153,4.9479,9
3d5e8e37,33770,4.9479,9
56b04f3c,29407,4.9425,9
9d29eea,33378,4.9479,9
7d43cdfc,31687,4.9425,9
3f792d70,20056,4.9452,9
761f339e,35722,4.9479,9
22025bce,35026,4.9479,9
414d4e5f,30635,4.9452,9
37a9e9ab,32730,4.9452,9
38a5af03,21964,4.9479,9
8c94ff2,32998,4.9479,9
235dc702,33305,4.9479,9
5bc18673,35156,4.9479,9
4e89f7bf,33307,4.9479,9
95f1491,21949,4.9479,9
c7d9743,27216,4.9479,9
41552419,20885,4.9452,9
1670c05e,20893,4.9479,9
1745e920,30386,4.9479,9
7762b304,31109,4.9479,9
25e99245,33492,4.9479,9
519c2def,32737,4.9479,9
1fff241d,28135,4.9507,9
f9d758c,26303,4.9507,9
372981b6,30699,4.9479,9
55b1eec4,23020,4.9507,9
3308f7a3,33377,4.9507,9
729e5cfd,35446,4.9507,9
2289d18b,33620,4.9507,9
575dd55b,29204,4.9479,9
2c02ca37,33188,4.9425,9
761fc6bd,31689,4.9507,9
2de8232,35027,4.9479,9
3b90683f,20827,4.9507,9
60a3226a,32172,4.9507,9
1f94e08,30437,4.9479,9
2623ed75,34925,4.9479,9
61ceae2f,20076,4.9479,9
9db4aa4,22098,4.9507,9
7f6296bf,31729,4.9507,9
14e357c1,33489,4.9507,9
470bd8fc,20666,4.9479,9
7b2c2d69,22107,4.9507,9
2157ac79,32747,4.9507,9
1f2037e6,23127,4.9507,9
c49471b,35731,4.9507,9
5f14a25c,34534,4.9507,9
34a8006f,33472,4.9479,9
11cb2b27,33411,4.9507,9
2dfde23e,27343,4.9507,9
6bca0905,33172,4.9507,9
638a44c5,34984,4.9507,9
11b64062,23110,4.9479,9
65e99143,20695,4.9507,9
27c773d2,21726,4.9507,9
1c7ed40e,27338,4.9452,9
3f6832b3,29511,4.9452,9
16a2cf94,33061,4.9507,9
ae77771,29066,4.9507,9
43d217a,28243,4.9534,9
60d30c87,34922,4.9507,9
1ed04784,32473,4.9534,9
1e0ef5a5,35157,4.9534,9
d9c99bd,204,4.9534,1
2f6355ea,23418,4.9534,9
146ca49a,33276,4.9507,9
66581b63,30765,4.9425,9
57acd3b5,33329,4.9534,9
4bdc52a3,25759,4.9507,9
221635a0,29480,4.9507,9
17efe80d,33493,4.9534,9
26efb03e,33487,4.9507,9
f8fa70a,35347,4.9534,9
1c27386e,27813,4.9534,9
74600467,31196,4.9534,9
1007d7b2,24370,4.9534,9
2fd52495,35016,4.9534,9
283ea253,34278,4.9534,9
5d907192,34717,4.9534,9
78d1d606,29435,4.9534,9
ce6b647,31673,4.9534,9
64ea2755,28985,4.9507,9
a11dac2,21931,4.9534,9
373f4ca,10879,4.9507,2
54d336f3,20638,4.9534,9
22c4bb89,27275,4.9479,9
2f13ac31,21740,4.9534,9
1b296518,35412,4.9534,9
20531d6e,26137,4.9534,9
556cbcb,34142,4.9562,9
1fea7b75,27806,4.9562,9
3358e1e7,30813,4.9534,9
5243a2d5,19345,4.9562,9
5db59a93,30186,4.9507,9
40672714,21572,4.9534,9
555c43e7,20023,4.9562,9
fde9375,27240,4.9562,9
58dedf1,22826,4.9562,9
55c30f56,21608,4.9562,9
49701fe6,28899,4.9562,9
316578d,29215,4.9562,9
5a40d91,35025,4.9534,9
762a30a4,30366,4.9562,9
66a4917,23151,4.9534,9
319e7146,24624,4.9562,9
5b96e0e1,34620,4.9562,9
12d04b5a,22839,4.9534,9
46a68ae6,31691,4.9562,9
4f0c735,21951,4.9562,9
789d043a,30810,4.9534,9
688daea2,19364,4.9534,9
7817b272,30769,4.9562,9
a14f62c,20077,4.9562,9
8df4134,29090,4.9562,9
2e7f29d4,31064,4.9562,9
d221633,26155,4.9562,9
4863a1c7,21786,4.9562,9
65eb9b71,33275,4.9534,9
174fa019,30806,4.9534,9
3197d5f9,34279,4.9562,9
a41bf4d,30377,4.9562,9
430f1596,27279,4.9562,9
5f795a5b,20650,4.9562,9
4cc640bb,21930,4.9562,9
6e1004d0,29065,4.9562,9
667062d6,29060,4.9589,9
c555969,21496,4.9562,9
b692479,33950,4.9589,9
1ed70ccd,22033,4.9589,9
3f089244,35022,4.9589,9
5d144750,22872,4.9589,9
7bd4bb13,31075,4.9534,9
5d6c3b11,34143,4.9534,9
1f649629,26157,4.9562,9
3973406c,21728,4.9589,9
67a17872,23113,4.9589,9
5b297324,24414,4.9589,9
60c773b6,22827,4.9562,9
740fcfe7,24588,4.9589,9
43942fe2,24328,4.9589,9
2f9aad0a,20696,4.9562,9
3f3a4b8e,20625,4.9589,9
643bd51c,21744,4.9534,9
6320d46,28240,4.9562,9
7c3a1277,24343,4.9589,9
11b14045,34093,4.9589,9
2b98f45a,20590,4.9589,9
3dd69452,20616,4.9562,9
11d39035,35430,4.9589,9
534c5523,23419,4.9589,9
a7b5922,33948,4.9616,9
57336cb8,23317,4.9616,9
66ad5613,31690,4.9616,9
4a40f384,29058,4.9616,9
6f502a90,20370,4.9616,9
620f5d77,24589,4.9616,9
15a71ab0,33062,4.9616,9
6551db8c,20372,4.9616,9
647a412a,22999,4.9616,9
32edba5d,23019,4.9616,9
3efc7fdd,31705,4.9534,9
5096c638,30637,4.9616,9
48eaddb8,20663,4.9616,9
170ab9aa,30779,4.9616,9
4a553e01,21729,4.9616,9
5810aa12,28328,4.9616,9
2c948675,31837,4.9616,9
76c35323,24478,4.9589,9
328d8942,30787,4.9589,9
7088b150,35155,4.9616,9
3c34d6c4,20937,4.9616,9
134e2c76,32273,4.9589,9
1be1a744,22854,4.9616,9
3ae37cca,24292,4.9589,9
45f8fae3,23398,4.9616,9
70cfd13d,24612,4.9644,9
12807ece,34575,4.9644,9
422d97a4,27339,4.9644,9
44d305d,23407,4.9644,9
660edd5,30411,4.9616,9
8a8821d,28238,4.9644,9
194ffbc8,35045,4.9644,9
746dff64,21780,4.9616,9
69416d02,32952,4.9644,9
76e6bf0d,32892,4.9644,9
155dec93,28425,4.9644,9
75e2ba79,30445,4.9644,9
391676b2,35732,4.9562,9
5f614be3,35346,4.9644,9
44ec09b4,20891,4.9616,9
3f7bbed0,24274,4.9644,9
ccf8fc1,29437,4.9644,9
243d4222,31074,4.9644,9
2e9413f1,24294,4.9616,9
7bff6b93,20617,4.9644,9
5f7a7cf1,31063,4.9644,9
1118196e,29216,4.9644,9
1f1d9b27,20059,4.9644,9
1fbed8a4,23129,4.9644,9
132fa256,31674,4.9644,9
42ad0a34,34715,4.9644,9
311a75e5,35755,4.9644,9
4daf072c,22740,4.9562,9
3bdcd948,34707,4.9671,9
1ef92472,32797,4.9644,9
779a0a82,22840,4.9671,9
5808e09a,34163,4.9671,9
5bf29aac,28242,4.9671,9
36dbd4df,23401,4.9644,9
1c8d849a,33343,4.9671,9
7e5a7fb3,27286,4.9644,9
73c50e5,20697,4.9671,9
61c95cd2,29115,4.9671,9
95c0118,30730,4.9644,9
7905edfd,28916,4.9671,9
7f8b4b06,33277,4.9644,9
16b6d12e,29408,4.9671,9
408abc00,26292,4.9671,9
6938c572,31130,4.9671,9
4cce6028,30638,4.9671,9
6c51f73e,33338,4.9644,9
792e3c08,32894,4.9671,9
3bec08f0,24530,4.9616,9
333b4c31,33760,4.9671,9
5692650a,34611,4.9671,9
cf409f5,27811,4.9644,9
696280d0,31133,4.9671,9
ae962c5,28167,4.9671,9
2afd1ec,22984,4.9644,9
47d04e86,25751,4.9671,9
628df773,19346,4.9671,9
3ac922ac,24494,4.9671,9
228913b8,23404,4.9671,9
58ec29bc,30785,4.9671,9
7b77907a,21566,4.9671,9
7ab0e49,29546,4.9671,9
42cac444,33394,4.9699,9
316552f3,24304,4.9671,9
29506120,23396,4.9699,9
3dac68aa,31675,4.9699,9
26455726,24412,4.9699,9
6755cac3,23130,4.9699,9
4da6fe68,32848,4.9699,9
1311364e,25849,4.9699,9
1fe1bf6d,24368,4.9699,9
562b7d80,27814,4.9644,9
462207f4,19254,4.9699,9
2c849c93,23363,4.9699,9
363d6c0b,23051,4.9699,9
24b5b776,33755,4.9699,9
297f091d,21952,4.9699,9
219768a5,27334,4.9671,9
7c9715a8,24625,4.9699,9
27ac3e5e,30788,4.9671,9
7510034b,27342,4.9671,9
24f6db15,23140,4.9671,9
3e3e5d6e,31243,4.9699,9
7a402554,29572,4.9699,9
fbf6b0c,19347,4.9644,9
1d83379d,33014,4.9726,9
511acc6e,26161,4.9726,9
2a8b299c,32275,4.9726,9
5e98d0ca,30804,4.9726,9
5aa33b5b,28245,4.9644,9
5d5df5dd,34532,4.9726,9
2e69e023,34921,4.9726,9
36ef7ba4,30380,4.9726,9
75d5f7c1,19363,4.9726,9
419633b4,30633,4.9726,9
471407bb,30619,4.9671,9
11ed33e4,29549,4.9726,9
10b85ed0,33000,4.9671,9
bd76682,30805,4.9726,9
261d8f82,33766,4.9726,9
6be2f2be,35674,4.9726,9
31d36bfc,21745,4.9726,9
569d9ba2,22739,4.9726,9
1cb66f6c,20033,4.9726,9
60bd1946,28203,4.9726,9
4a9b1226,24295,4.9644,9
7061c05c,31792,4.9726,9
5f030c33,32363,4.9726,9
57fc49bc,29532,4.9726,9
45e46b47,31068,4.9726,9
57b7ec39,27474,4.9726,9
3bf92087,30469,4.9726,9
449ca5df,20034,4.9699,9
5aa55e88,33613,4.9726,9
7c5cd15f,23141,4.9726,9
4958d6c1,31706,4.9726,9
2f8032fe,28140,4.9699,9
5d8fd291,21742,4.9726,9
47433656,22801,4.9726,9
48221ea1,25823,4.9726,9
702761ca,22868,4.9753,9
237cd3f8,20619,4.9726,9
661bc299,35154,4.9753,9
45a38f91,20371,4.9753,9
1b8ce0f5,29508,4.9753,9
43032233,34160,4.9726,9
7bb42fc0,20692,4.9753,9
22b2e820,34544,4.9753,9
35c8568b,29253,4.9753,9
5e452fcb,24279,4.9726,9
40d8c8a,35738,4.9726,9
27893a35,32773,4.9753,9
54b24fce,20706,4.9753,9
5e9d69e4,19235,4.9753,9
6bdb79ff,23399,4.9753,9
1c972838,22998,4.9726,9
74968efc,30786,4.9753,9
41f10bc3,35235,4.9753,9
71d59683,22002,4.9753,9
5426a669,30773,4.9753,9
1487237f,29550,4.9726,9
6494e43f,30413,4.9753,9
5de19d3f,20693,4.9753,9
5d698e,19017,4.9753,9
61299202,34621,4.9753,9
4c98d983,33457,4.9699,9
1d41bd4a,35733,4.9753,9
76bba675,24369,4.9753,9
5b2f9322,21598,4.9753,9
51f10d05,20413,4.9753,9
41ca519c,32491,4.9753,9
6ae9dfde,35030,4.9753,9
4d78f722,33754,4.9753,9
14b852ad,35442,4.9753,9
2227174c,23136,4.9753,9
37c09e21,24413,4.9699,9
7edb717,33621,4.9781,9
138984df,28901,4.9781,9
235e9f1b,23366,4.9781,9
49d06245,31065,4.9781,9
2995bdb5,30188,4.9781,9
7feeaf10,33459,4.9781,9
1551faf5,29116,4.9781,9
3bc522b2,23040,4.9781,9
42200903,35229,4.9726,9
73f963d3,33611,4.9781,9
46dc6ce7,32910,4.9781,9
4c40cd03,29485,4.9753,9
48dc8a92,27340,4.9753,9
56dc002c,26101,4.9781,9
14f663e5,35125,4.9753,9
4421f58f,34797,4.9781,9
7d2e33cf,35736,4.9781,9
31689ec8,27301,4.9781,9
7b8a7533,22549,4.9781,9
2843bc9,30618,4.9753,9
4d61c70e,29436,4.9699,9
6aaf6c0c,34718,4.9781,9
1fc4214f,22018,4.9781,9
37cffc69,22983,4.9781,9
74d50429,21730,4.9781,9
650bd9b3,22020,4.9781,9
5b7b5204,20593,4.9781,9
139fc1b6,29484,4.9781,9
131e95e7,20591,4.9781,9
4f376ba0,20910,4.9781,9
7520624b,29160,4.9781,9
415c98c9,33757,4.9781,9
18df9f28,34197,4.9808,9
6cc18df8,20698,4.9808,9
4f052281,19237,4.9808,9
7ee0935a,23408,4.9781,9
39c13310,22726,4.9808,9
5d83cddf,30414,4.9808,9
3dcd25da,24531,4.9753,9
5b3a09c8,33612,4.9808,9
56f6bb11,33756,4.9808,9
6b53e80c,29438,4.9781,9
5e36c9e6,22049,4.9808,9
28fd3d8c,32893,4.9753,9
7cca2ebc,20627,4.9808,9
77350ca4,23143,4.9808,9
3d299c6,21924,4.9808,9
4202c56d,26146,4.9726,9
6f10bc5f,30734,4.9808,9
315e03d1,34042,4.9808,9
309fdd35,33189,4.9808,9
5fa328a6,28251,4.9808,9
27946e49,23496,4.9808,9
73ba9f68,33198,4.9781,9
73e9ee7b,30378,4.9808,9
53c0c2e9,29483,4.9808,9
1971561d,30812,4.9808,9
57c95673,30438,4.9808,9
53ab8ce5,22099,4.9808,9
6f0d2add,33021,4.9808,9
4a7ba8a0,20640,4.9753,9
72f0a51a,29556,4.9808,9
77b88559,29445,4.9808,9
7c5f589f,35093,4.9836,9
4971c3d4,32361,4.9836,9
4af8c0c7,22102,4.9836,9
61b8f3a9,26102,4.9836,9
6e7b97df,28141,4.9808,9
6826030f,26305,4.9836,9
6ebb3534,32474,4.9836,9
186bd03c,28248,4.9836,9
4838a6f1,21611,4.9836,9
7a4f1546,20073,4.9836,9
22295f7b,20389,4.9836,9
158cdc9f,34538,4.9836,9
188eeff1,33678,4.9836,9
1a693c83,33761,4.9836,9
72d37a32,33015,4.9808,9
14828d3,33778,4.9808,9
6e56be6c,23405,4.9836,9
6f40a4c4,29533,4.9781,9
3d080a01,33016,4.9836,9
57399eeb,29297,4.9781,9
5463e578,20958,4.9836,9
142d5197,28349,4.9836,9
4fd328a0,30803,4.9836,9
32f67b59,22818,4.9836,9
79f5105a,23142,4.9836,9
72a571a,32748,4.9781,9
516ae977,30439,4.9836,9
50c76cb0,23045,4.9836,9
161d132,21746,4.9836,9
54a6d483,24371,4.9836,9
5201be31,31862,4.9836,9
39c8fa2d,22866,4.9781,9
544f8cfd,28446,4.9836,9
be04073,21994,4.9836,9
7587cab0,22814,4.9836,9
3947a40b,22877,4.9836,9
1147ffba,22541,4.9808,9
18add639,22869,4.9863,9
53345dd6,32995,4.9863,9
57d7dc47,31730,4.9863,9
79c34328,29093,4.9863,9
f295e37,21787,4.9836,9
525459cb,22800,4.9863,9
175eb69a,28246,4.9808,9
74677d5a,26327,4.9863,9
31fa4d07,31724,4.9863,9
5c52aef1,26147,4.9863,9
3eda2987,19362,4.9836,9
47716000,30631,4.9863,9
71180eab,21704,4.9863,9
1269e7fa,29547,4.9863,9
5b85f660,28348,4.9863,9
34fc7a86,35046,4.9863,9
52057e4,35464,4.9863,9
1bd2ee83,31070,4.9808,9
58ab368d,23052,4.9863,9
2ce9ed0e,30014,4.9863,9
7b969a5f,21568,4.9863,9
7c0e6dbe,31790,4.9863,9
17fc0493,35676,4.9863,9
7d9033ec,22878,4.9863,9
1ef220cd,32244,4.9863,9
31638824,31744,4.9836,9
51f9152e,30746,4.9863,9
5e15f132,29410,4.9863,9
7315e45a,34927,4.9863,9
22e6a64f,33063,4.9863,9
8fcca1e,32889,4.989,9
2d1d0e96,35585,4.989,9
34542e7e,22828,4.989,9
305e4561,30634,4.9863,9
4539c5a7,21853,4.989,9
527ac791,35230,4.989,9
17560af6,35126,4.989,9
1f532064,31111,4.989,9
264e1bc,33460,4.989,9
9fb18aa,32918,4.989,9
2a9faab0,29447,4.9863,9
f53c75e,23011,4.989,9
5ebca056,35368,4.989,9
1b42d882,34634,4.989,9
4c5f2b70,31745,4.989,9
5d277c92,32390,4.989,9
6622d970,21972,4.989,9
6b298bfe,29448,4.989,9
5e982940,33639,4.989,9
383d1ded,19365,4.9863,9
4824bac3,30448,4.989,9
1bbe8ff6,31838,4.9863,9
6f75be42,31245,4.989,9
70b848c5,21702,4.989,9
203ae14a,34576,4.989,9
4da5b52c,20651,4.989,9
fe09574,23409,4.9863,9
2346e1c2,34975,4.989,9
2cf3cd4f,19348,4.989,9
3dac1a2d,21741,4.989,9
4a6b9c63,33951,4.9863,9
5af31563,28372,4.989,9
2a075cd7,22832,4.989,9
21c737d6,33184,4.989,9
7ce73cb1,24607,4.989,9
6af93fca,35691,4.9918,9
f4a9915,32339,4.9918,9
7a8827a6,34097,4.989,9
62e9d6a6,20971,4.9918,9
27ae6cfe,35692,4.9918,9
6597d40e,21781,4.989,9
48a00ae,31709,4.9918,9
3f04a28e,30449,4.9918,9
13741f2e,31723,4.9918,9
47e94822,31767,4.9918,9
1332bf01,20699,4.9918,9
9387f3b,28153,4.9918,9
3a069c5d,23368,4.9863,9
37a37b67,33312,4.9918,9
54ae36eb,34752,4.9918,9
7359b3b3,31747,4.9918,9
31ef1025,31223,4.9918,9
a323b6d,31793,4.9918,9
7be47084,33284,4.9836,9
373632e4,32391,4.9918,9
758effd1,21732,4.989,9
595aca44,35082,4.9918,9
107d8772,20694,4.9918,9
4ab7ab17,33090,4.9918,9
45b040ef,28171,4.9918,9
398a193c,21965,4.989,9
5c071b49,30452,4.989,9
2b1feccd,25824,4.989,9
3abf7b8d,24415,4.989,9
6c6f7679,34799,4.9918,9
545c131,23365,4.989,9
61fc4f83,29208,4.9863,9
35d1bef5,34940,4.9918,9
221ada88,34100,4.9808,9
97ddbb3,20911,4.9945,9
a7e0d48,21971,4.989,9
32e02ce4,31842,4.9918,9
46da7eaa,30453,4.9945,9
219d8581,23043,4.989,9
5bf3d8b7,22867,4.9945,9
68475821,31069,4.9945,9
7d7d54ad,21782,4.9863,9
3001670e,22835,4.9945,9
1b5ec14e,33400,4.9945,9
52db89cb,26158,4.9945,9
453b967a,20765,4.9945,9
75f227d9,27807,4.9945,9
2726ff16,27280,4.9945,9
2dcfe138,20019,4.9945,9
30691f63,32245,4.9945,9
beb2777,149,4.9945,1
6fc3053c,20773,4.9945,9
7f0d899d,20058,4.9945,9
1a5f086f,23046,4.9918,9
7670318,31746,4.9945,9
55e54c1c,33743,4.9918,9
22f84979,29326,4.9918,9
312a7dda,29298,4.9945,9
7190ef59,25760,4.9918,9
6faa53f6,35404,4.9945,9
3cd8454c,35316,4.989,9
73e5b8cc,27241,4.9945,9
2bee0273,24482,4.9945,9
5df2ca70,29443,4.9918,9
52224516,31084,4.9945,9
c5fa446,20749,4.9863,9
5c774aa1,31115,4.9863,9
57f9d224,34127,4.9918,9
1c1323e1,33238,4.9945,9
5cd9cf80,27808,4.9945,9
2dd52dc9,20652,4.9945,9
691b3ee,22003,4.9945,9
7bc1a008,31707,4.9973,9
34a4b2a5,29558,4.9973,9
31ad93fb,20894,4.9945,9
239aff81,26313,4.9973,9
2adedd2b,35664,4.9973,9
768b92e9,26103,4.9973,9
27a5355e,31661,4.9973,9
36859a95,35559,4.9973,9
6beae5f5,25897,4.9973,9
1ff879fe,25881,4.9973,9
11f9b09a,30620,4.9973,9
bb2d102,29476,4.9918,9
374b58cc,32849,4.9973,9
6ba0e052,29061,4.9945,9
3701e0dc,23241,4.9973,9
2aa61dff,20641,4.9973,9
4746bd5f,33091,4.9973,9
2b087795,22833,4.9973,9
13377528,21498,4.9973,9
9e4db54,22004,4.9973,9
7bba2372,27217,4.9973,9
1366474f,33892,4.9973,9
3b50ee3e,32911,4.9973,9
14c1bc7b,24375,4.9973,9
24c817fa,31244,4.9973,9
7af3f829,35670,4.9973,9
3ecaac22,34098,4.9973,9
248a3954,33331,4.9973,9
1fb7d88b,35031,4.9945,9
2f2218dd,32942,4.9973,9
23aaf45d,111,4.9973,1
3a91a637,33747,4.9973,9
51d1a6fb,24160,4.9973,9
6916f948,29560,4.9973,9
70835fca,20366,4.9973,9
47f459b,28902,4.9973,9
27a1361d,20639,5,9
33e8eb3d,34868,5,9
6fd265c5,20390,5,9
5c51afa,27293,5,9
7be8d444,24533,4.9945,9
fad6907,32941,4.9973,9
73adc97a,23041,5,9
5e921f3f,35675,5,9
63e5aa5d,23047,5,9
7e41277,21698,4.9973,9
1a1ffde8,28297,4.9945,9
54ba6273,32337,5,9
3d93436e,34128,5,9
249353d6,28174,5,9
58061989,35023,5,9
5f285100,23410,4.9973,9
5982b35b,33344,5,9
6caecc63,28949,5,9
7e2d0336,28219,5,9
160f972b,23073,5,9
bb274bb,22802,4.9945,9
2881d324,29012,5,9
47e616fd,33314,5,9
503f80f0,33827,5,9
51c48984,23135,5,9
3b98ea58,30747,4.9973,9
2397563c,32315,5,9
5431fd4d,34646,5,9
214cc6e6,29441,4.9973,9
6ee0bd9,27345,5,9
5d7a22bd,35354,5,9
17382abe,24486,5,9
44c5a998,29293,5,9
1f45efd8,31873,5,9
58796120,33458,5,9
3dfa252a,29325,4.9918,9
df13662,32754,5,9
1e12269d,21773,4.9918,9
638b1acc,29442,5,9
1cf05a08,29094,5,9
70cfffc9,20404,5,9
74098594,26324,5,9
7b206346,33383,5,9
659e5630,33001,5,9
6a20ccfd,33468,4.9973,9
523dc108,34815,5.0027,9
64e5bfe9,21932,5.0027,9
2a7fa25a,29158,5.0027,9
71e9ec37,22103,5.0027,9
3d475ef3,31710,5.0027,9
516c3a82,29557,5.0027,9
6de58426,33313,5.0027,9
3a5f86b2,23134,5,9
3de8f7cc,22034,5.0027,9
d6062d9,20828,5.0027,9
4c6513e7,29299,5.0027,9
ac976cf,35360,5.0027,9
70e5b6cd,22547,5.0027,9
7e9d64a2,31821,5.0027,9
b5aa58e,21592,5.0027,9
7d8b6efe,23319,5.0027,9
1a83babd,22723,5.0027,9
5bbdd82c,24481,4.9945,9
139e9248,31197,5.0027,9
144f94d4,30189,5.0027,9
210642c9,24483,4.9973,9
3ddb99af,31822,5.0027,9
5a30508e,33169,5.0027,9
32318628,21743,5.0027,9
21b28aad,22100,5.0027,9
40c579d5,31872,5.0027,9
18a9e563,30766,5.0027,9
13c52105,34941,5.0027,9
78a5f979,20690,5.0027,9
2ff089f3,34816,5.0027,9
14478299,20618,5.0027,9
30fc7f65,30752,4.9973,9
750d750f,34560,5.0027,9
a0bad76,24281,5.0027,9
5d32e37f,28357,5.0027,9
391b2a8e,28154,5,9
76a6563b,30784,5,9
25f218dd,35606,5.0027,9
72457108,29444,5.0027,9
38264d24,34112,5,9
7cf5d395,29217,5.0027,9
49f40826,28247,5.0027,9
1060ed21,32243,5.0027,9
481edcce,20959,5,9
21c248d3,30697,5.0027,9
365cb02f,33002,5.0055,9
226857d,26330,5.0055,9
3ce0c15b,20752,5,9
fd782c4,21966,5.0055,9
34671a6c,31827,5.0055,9
5cd996d9,32336,5.0055,9
4a4b0c33,24293,5.0055,9
630cc311,27819,5.0055,9
6a62ed52,33779,5.0055,9
5032135c,26166,5.0055,9
63406a3c,26130,5,9
23444d12,26326,5,9
733f57d3,20691,5.0055,9
e4a2c9b,22028,5.0055,9
3fade174,21978,5,9
4ea276fd,26328,5.0027,9
2ed3e49f,26304,5.0055,9
27dbaf59,30187,5.0055,9
167d9c1a,24291,5.0055,9
78aa61cd,33697,5.0055,9
77578057,29510,5.0027,9
155f3a12,24595,5.0055,9
25e2f5bb,33064,5.0055,9
14a40a84,34798,5.0027,9
6e7fce2e,24416,5.0055,9
45706e25,32338,5.0055,9
54f3ab34,32939,5.0055,9
778d141d,24484,5,9
63e0d414,25898,5.0055,9
4349c042,30470,5.0055,9
53d778bb,34888,5.0027,9
159025a2,31828,5.0055,9
aa2e6f1,35067,5.0055,9
7e46c37,1525,5.0055,2
61fcfba1,28204,5.0055,9
6f9eced0,23369,5.0055,9
7b375bb4,31250,5.0055,9
663fbf4d,20753,5.0055,9
421ee269,32428,5.0027,9
5bef5cb4,23379,5.0027,9
1a445686,29580,5.0055,9
11a5754,34043,5.0055,9
32b8293e,22007,5.0027,9
3422f0b4,19239,5.0055,9
15890078,22544,5.0055,9
2dc18429,26162,5.0055,9
249335ff,30809,5.0082,9
7eb2d632,35008,5.0055,9
30e6c714,33414,5.0082,9
6944a9f,27323,5.0082,9
5d363e00,23370,5.0055,9
616f1e,31734,5.0082,9
21a043f7,21727,5.0082,9
49cb02b7,29072,5.0055,9
1ca9006,30389,5.0055,9
2561f3b0,26159,5.0082,9
146d856e,33240,5.0082,9
2e73719d,31134,5,9
def305f,33242,5.0082,9
1c2055ef,33003,5.0082,9
36f6d9a8,33609,5.0055,9
3bcb972,33308,5.0082,9
77a50c92,30415,5.0082,9
6934b0a4,21038,5.0082,9
698f0fb3,24417,5.0082,9
f9e5cd9,29091,5.0082,9
50800024,35348,5.0082,9
1c7d3b00,27252,5.0082,9
d9e4dab,24496,5.0082,9
204a1f52,24330,5.0055,9
42ea443c,33170,5.0082,9
559a9560,28965,5.0082,9
2a16696d,34256,5.0082,9
722fd62,24329,5.0082,9
7762c25b,30379,5.0082,9
34146658,34556,5.0082,9
76527842,30754,5.0082,9
6f163ae4,33381,5.0082,9
7fcf0389,20914,5.0082,9
16ceadd,32316,5.0082,9
1e5e7631,21037,5.0055,9
7bab8dd0,33478,5.0082,9
6840ed33,23397,5.0082,9
2534595b,20083,5.0082,9
2260c53f,35349,5.0082,9
4f62c0bc,28426,5.0082,9
6880018d,22026,5.0082,9
33b86331,35032,5.0082,9
6ff97347,20402,5.0055,9
4b141aba,35183,5.0082,9
122a5444,24161,5.0082,9
7aceb3e5,33346,5.0082,9
5e8994b0,35583,5.0027,9
ac1ad2c,31247,5.0082,9
35a39411,27347,5.0082,9
756b7e95,24379,5,9
7a35aa46,33412,5.0082,9
680b8da4,23364,5.0082,9
231fb024,32443,5.0082,9
41a18fa8,34736,5.0055,9
3e92b891,20062,5.0082,9
6f90cedf,23360,5.0055,9
38a02ef1,27287,5,9
c72f2ec,19245,5.011,9
41e3e005,28988,5.0082,9
286c38d0,32322,5.011,9
11024c8a,35066,5.011,9
a7c29d4,35693,5.011,9
3930a912,24499,5.011,9
67381d1f,20644,5.011,9
54c10356,26113,5.011,9
1d221ba6,29481,5.011,9
267b3a13,21706,5.011,9
1ec76294,32755,5.011,9
751eca11,21962,5.011,9
2999ac57,27236,5.011,9
246b7de9,34059,5.011,9
11d6832,24485,5.0055,9
2d07442,33271,5.0082,9
66cf9b5b,28959,5.011,9
1934365e,35694,5.011,9
730281b2,29122,5.011,9
72f189f4,28921,5.011,9
687ed1b2,23025,5.0082,9
50c08c25,22855,5.011,9
74ca6b44,20915,5.011,9
3728889e,33828,5.011,9
496819a6,29488,5.0055,9
5785b278,21762,5.011,9
3f0ad09,33379,5.011,9
70efb991,31636,5.011,9
79c33b03,33490,5.011,9
2cf81d93,28960,5.011,9
32f4031,30789,5.011,9
5313db8,34926,5.011,9
4404b3b3,24389,5.011,9
81f3fbe,34539,5.011,9
68e4169d,20645,5.011,9
11b3fd78,23321,5.0027,9
1d63de0b,27316,5.011,9
5640a62d,27346,5.0082,9
6cf0f0d6,33561,5.011,9
24e8532b,20774,5.011,9
2a3e32f3,35363,5.011,9
7ec502df,31083,5.011,9
29ae3239,19253,5.011,9
4233119a,34161,5.011,9
242463fc,33332,5.011,9
7fd66421,29300,5.011,9
2731ae18,30466,5.0082,9
7d54c4a5,20939,5.011,9
7a687370,33291,5.011,9
21d03078,34817,5.0082,9
3653e770,28986,5.0082,9
1c38decc,30696,5.011,9
47925002,33278,5.011,9
7e585873,23024,5.011,9
571958af,33350,5.011,9
d8d223e,23152,5.0137,9
584a71cd,29429,5.0137,9
646d3177,23371,5.0137,9
792cc175,29027,5.0137,9
1dd490bc,19238,5.0137,9
169b5ed2,35561,5.011,9
1b7033ff,28925,5.0137,9
4c87e8d,34737,5.0137,9
46257391,34813,5.0137,9
3da04fd8,33429,5.011,9
7101fb70,33171,5.0137,9
6b74d164,29425,5.011,9
19931fbd,31246,5.011,9
13eeb257,21705,5.0137,9
6d4a0121,28244,5.0137,9
20f8121d,20829,5.0055,9
7310d3fd,35737,5.011,9
158abbc2,20405,5.011,9
2874f35b,29478,5.0137,9
487c74b2,33638,5.0137,9
4a7e23f9,33382,5.0137,9
3d86d97b,31711,5.011,9
7d9231a2,29117,5.0137,9
7273eb60,28173,5.0137,9
33ad8671,32296,5.011,9
52479f32,22741,5.011,9
3e34abf9,22005,5.0137,9
53716fb4,34741,5.0137,9
daf0758,29157,5.0137,9
14ba45e2,21783,5.0137,9
267fdbcf,28155,5.011,9
464afaa,30636,5.0137,9
6ab40e1b,33409,5.0137,9
71441bd7,32431,5.0137,9
2990d684,26329,5.0137,9
82825e3,35756,5.0137,9
42a6362b,33696,5.011,9
738e883e,21571,5.011,9
136d070b,23012,5.0137,9
3c66d714,33254,5.0137,9
7528ea46,34739,5.0137,9
64c9da6,28358,5.0137,9
7d62973b,33464,5.0137,9
2bbfd1c9,29477,5.0164,9
77b631f4,27242,5.0164,9
45fe9f9e,28286,5.0137,9
273d9b2a,24157,5.0164,9
836f94f,21573,5.0137,9
4e8f0bb9,28156,5.0164,9
870aa0d,24418,5.0137,9
39c3d6f2,31754,5.0164,9
7dbdf395,24276,5.0164,9
72ecfe2b,33345,5.0164,9
4408f10c,23434,5.0137,9
49250b42,20592,5.0137,9
6e7620d2,23323,5.0164,9
7bfe8691,20035,5.0164,9
7fe6e11c,20403,5.0164,9
5f4f0401,30450,5.0164,9
2d69ff70,35134,5.0137,9
6c5e07b4,30190,5.0164,9
3749962d,20830,5.0164,9
78fd9873,27344,5.0164,9
1963e335,31076,5.0164,9
464c207b,21967,5.0164,9
4909ec2d,26325,5.011,9
5d23cb7f,23000,5.0164,9
5b5fe1a5,20940,5.0137,9
7c374d4d,32837,5.0137,9
7ad9be62,35184,5.0137,9
3962fa75,24162,5.0137,9
1d147635,152,5.0164,1
5b0f1dff,35666,5.0164,9
1d1e8c1a,33488,5.0164,9
6116cfe2,29482,5.0164,9
6c928252,205,5.0164,1
428d6ce7,20620,5.011,9
60758066,28987,5.0137,9
7c160f5d,29163,5.0164,9
43197fa2,24345,5.0137,9
208fea57,21997,5.0164,9
5f5515c5,20078,5.0164,9
272d8c6f,20406,5.0137,9
e6e2639,33309,5.0164,9
f1640f,32782,5.0164,9
424eac4e,30440,5.0164,9
354262ff,23087,5.0137,9
7ec7cecc,34612,5.0164,9
1e770c3,35060,5.011,9
36fc806d,22032,5.0164,9
425a9358,31722,5.0164,9
69a29b09,31750,5.0164,9
237e56,35299,5.0137,9
f042d31,24282,5.0164,9
100f49d7,33311,5.0164,9
50fe44b4,23361,5.0192,9
6aa55700,21995,5.0192,9
38885dd1,33112,5.0192,9
5223eae6,31725,5.0192,9
55da5de1,28147,5.0164,9
70dacff2,31844,5.0164,9
30079bbe,34723,5.0164,9
7f3546c8,33748,5.0192,9
4a1b2eba,19350,5.0192,9
49447e56,24381,5.0192,9
7abadb5,31712,5.0192,9
7a289c5,34265,5.0192,9
2121639c,33229,5.0164,9
2df7c66d,35005,5.0192,9
deba694,32749,5.0164,9
3e0a4397,25762,5.0192,9
2d750932,34316,5.0192,9
7e2a283,34099,5.0192,9
1435c8bc,23438,5.0192,9
6909ebba,30811,5.0192,9
784f2756,20960,5.0164,9
7d768df4,22021,5.0192,9
6f92ce63,33900,5.0192,9
55589b05,30468,5.0164,9
542c636f,28926,5.0192,9
1dfc4d33,34281,5.0192,9
64e47939,21599,5.0192,9
18627430,33199,5.0192,9
75755613,21686,5.0164,9
42f564c9,31230,5.0192,9
3d9f2c71,32295,5.0192,9
5097abb7,35449,5.0192,22
7a75a74a,35451,5.0192,9
25efa3d9,31856,5.0192,9
141f43f1,33185,5.0192,9
4cd55881,31112,5.0192,9
86d19ce,31825,5.0192,9
5ff5b07e,33893,5.0192,9
2ef673ec,20060,5.0192,9
75c2132,35741,5.0192,9
612b6008,21703,5.0192,9
168a68a,30632,5.0192,9
73ec8099,34708,5.0192,9
155f6a67,24158,5.0192,9
2f4e73e4,31676,5.0192,9
6bd6cc71,33010,5.0192,9
2774b602,24627,5.011,9
7c2961da,20923,5.0192,9
124b306a,31726,5.0219,9
4e46b094,22724,5.0219,9
132e5869,20701,5.0219,9
243ecc67,31748,5.0219,9
6fbd60ea,33808,5.0219,9
1484bf99,22055,5.0219,9
75085070,20061,5.0219,9
2787e742,31751,5.0219,9
23b96968,28963,5.0192,9
127072f1,33173,5.0219,9
254c2b1f,33367,5.0219,9
3de97503,22543,5.0192,9
5573b9ff,35135,5.0219,9
4405be5a,29519,5.0192,9
d57116,34280,5.0219,9
71db1bf6,33310,5.0219,9
76624d62,24372,5.0192,9
3e96be10,35382,5.0192,9
570820f6,28447,5.0192,9
6286a86,21998,5.0219,9
7c7eb6c0,32405,5.0192,9
7f0f1c40,31071,5.0219,9
1813ed70,28209,5.0219,9
13feb65c,23343,5.0219,9
5e73b45,22027,5.0219,9
ca6558f,21699,5.0219,9
b594106,23026,5.0219,9
6d734a67,24383,5.0219,9
51f2799f,21763,5.0219,9
6fc65403,31231,5.0192,9
2ed6798c,29517,5.0219,9
227fd85d,30790,5.0219,9
59812e43,31794,5.0219,9
1b7d9a6d,32838,5.0219,9
4646a34d,32839,5.0219,9
5bc1b810,34944,5.0192,9
b62761d,33640,5.0219,9
7cbb2bee,29518,5.0219,9
f14b3ff,31752,5.0219,9
484268a8,33216,5.0219,9
59439b35,35768,5.0219,9
4189cc9e,22008,5.0219,9
64c86b1a,28961,5.0219,9
28ddb939,24356,5.0219,9
b3607fc,29535,5.0219,9
454c738,28962,5.0219,9
a18e08e,24590,5.0219,9
23e3ec13,33790,5.0219,9
20b0a747,24497,5.0219,9
19c65b84,34223,5.0219,9
394d2405,32432,5.0219,9
20ddc12d,19258,5.0247,9
293c3061,28157,5.0219,9
7981544f,31234,5.0219,9
47fab813,34144,5.0247,9
6a4207a8,21968,5.0247,9
24586764,28169,5.0219,9
36499e2,33614,5.0219,9
6c2fe4b6,23380,5.0164,9
1ffff650,26175,5.0219,9
657acd40,21885,5.0219,9
2fef5cc,32989,5.0247,9
71ca827b,35300,5.0247,9
42e951cf,23324,5.0247,9
57da3541,34738,5.0219,9
374c9ccb,35158,5.0219,9
1bdc9570,26306,5.0247,9
3e20152a,35164,5.0247,9
364f5c08,27341,5.0247,9
653634ce,20653,5.0247,9
50e5fdb5,33401,5.0247,9
4bfb4f7f,23088,5.0247,9
1abe4a0d,22023,5.0247,9
24098535,24495,5.0247,9
68ea32a0,35033,5.0247,9
3c2eeb37,32429,5.0247,9
5428209d,21784,5.0247,9
3c603700,33359,5.0247,9
5266d1e,35185,5.0247,9
4e1a59de,31749,5.0247,9
5ba3a448,29409,5.0247,9
66c6400b,28168,5.0247,9
503e8f50,29210,5.0247,9
4cf6f820,33095,5.0247,9
a319412,27313,5.0247,9
5e234b47,25761,5.0247,9
7ac31bdc,34635,5.0137,9
10fdb5c,25882,5.0247,9
7185e6b,33292,5.0219,9
c1f386a,23497,5.0192,9
43a554bc,34558,5.0247,9
21daaaef,19303,5.0219,9
246f2779,35094,5.0247,9
5ef050b3,22758,5.0247,9
55293455,32276,5.0247,9
1bdeb600,26112,5.0274,9
72371173,22727,5.0274,9
6ce4008,29449,5.0274,9
5a67fdaa,24509,5.0247,9
34673e50,20667,5.0247,9
7e111d26,21969,5.0274,9
aabdcec,33351,5.0274,9
6fc4fabe,33809,5.0274,9
73a5125,23144,5.0274,9
2bceb262,31823,5.0274,9
62dccca8,32756,5.0274,9
14d215f8,28175,5.0274,9
686a4ea2,33476,5.0274,9
40caf732,19366,5.0274,9
813f49f,32751,5.0274,9
1cb89468,32739,5.0219,9
70d9ffa8,34540,5.0274,9
c2ec0b9,28972,5.0247,9
8577911,22548,5.0274,9
1fb37c4e,33494,5.0247,9
893c42b,34561,5.0274,9
7242f688,35448,5.0247,9
41ee9620,30015,5.0274,9
453bc35f,24390,5.0274,9
539ff54f,30700,5.0274,9
360caf02,20720,5.0274,9
3667075,21750,5.0274,9
185c7a7d,28950,5.0274,9
3445d1b4,29561,5.0274,9
67e20c81,29101,5.0247,9
57b73dd0,34559,5.0274,9
2c433ac9,22873,5.0274,9
3ae4862f,31119,5.0247,9
68aef10d,34545,5.0274,9
36119684,34637,5.0274,9
41e012c3,28148,5.0274,9
60542a96,22879,5.0247,9
2fd7fe92,32303,5.0274,9
1af71cd3,34546,5.0274,9
610df533,21046,5.0274,9
20e81cbf,21970,5.0274,9
61df646b,21513,5.0274,9
716c25ac,26337,5.0301,9
535faed6,34638,5.0301,9
55c185a0,28374,5.0301,9
33325de6,23381,5.0274,9
57c5668,29209,5.0274,9
29548bd7,31866,5.0301,9
39858a14,20063,5.0301,9
1782aaec,26116,5.0274,9
67149bfe,28249,5.0274,9
367e0897,23362,5.0274,9
3bf927bc,28903,5.0301,9
3b0acf63,32750,5.0219,9
2eb9dffd,34060,5.0301,9
2ceed50c,33241,5.0301,9
6a925ab6,26180,5.0301,9
7ef446c7,28382,5.0301,9
18a4549f,34162,5.0301,9
78823641,31824,5.0301,9
5a2163e7,24532,5.0164,9
609bc490,32988,5.0301,9
942d6fc,22068,5.0301,9
5d5f04a6,19240,5.0301,9
c306ab1,35352,5.0301,9
32b190e3,33764,5.0301,9
facceec,28149,5.0301,9
3d961c61,31861,5.0301,9
2d5b557f,10877,5.0301,2
8841e46,20600,5.0247,9
76e8805,21593,5.0274,9
39e63683,22842,5.0301,9
4ee17c6d,23063,5.0301,9
5607e3d8,20414,5.0301,9
137320f3,20782,5.0301,9
663f2dd9,23326,5.0301,9
1562bfbb,20589,5.0301,9
1db8d1ba,33224,5.0274,9
58ffc474,20700,5.0301,9
20f0ab5e,24606,5.0301,9
47b17b57,28922,5.0301,9
47ae8b7d,24534,5.0301,9
1c40a733,34111,5.0301,9
777e6550,28989,5.0329,9
3a3a1cab,35735,5.0301,9
769da378,29118,5.0329,9
45db3bb5,20642,5.0329,9
5cbb6502,32305,5.0329,9
360ee57a,29450,5.0329,9
2d1316a0,23042,5.0329,9
31098624,28923,5.0329,9
369d6672,32430,5.0329,9
777970ee,31708,5.0329,9
3f2f4878,35465,5.0247,9
625c1719,33615,5.0329,9
5e9ef5bc,998,5.0301,2
4a1517be,20668,5.0329,9
f3cea0c,22039,5.0247,9
4b4bb70b,29071,5.0329,9
ddac02d,20626,5.0329,9
726d4695,25825,5.0301,9
24c0f73f,34622,5.0301,9
460aacfe,23270,5.0274,9
2e0e52b9,20654,5.0329,9
758e34fd,20703,5.0329,9
56545c7c,24535,5.0301,9
45aa6714,25827,5.0301,9
4bda1a66,31677,5.0274,9
19ed7e82,28373,5.0329,9
27940502,22022,5.0329,9
1d40889e,34893,5.0329,9
75f719f3,24380,5.0301,9
690390f6,28143,5.0329,9
7f07c805,35377,5.0301,9
6a339c9,22029,5.0329,9
d6ca009,31688,5.0329,9
14f1cd42,20621,5.0329,9
7e0cefcd,22025,5.0329,9
870bf9a,20984,5.0329,9
2086c0cf,31845,5.0329,9
4802503e,30447,5.0329,9
52031fa1,22875,5.0329,9
303966d0,30394,5.0329,9
1cab1e3d,33475,5.0329,9
2cfa371,35586,5.0329,9
262f48a0,19322,5.0329,9
7cf66ffb,29070,5.0329,9
36c289d3,33934,5.0329,9
4db6763d,35487,5.0329,9
530c8b79,21616,5.0301,9
11804d63,28335,5.0329,9
5ec6611f,34782,5.0356,9
7ce8f705,29562,5.0329,9
3a617620,22731,5.0356,9
291713b,25752,5.0356,9
11e9df5f,28218,5.0356,9
7c4a8ae4,23475,5.0356,9
47a10ab7,21852,5.0356,9
4eb0a3d1,24505,5.0356,9
22730cc0,31874,5.0356,9
1b5ffa06,23372,5.0356,9
11fc8e7f,34225,5.0356,9
39c92b0e,32741,5.0356,9
76f27a32,21034,5.0356,9
3d17f116,34372,5.0356,21
48ed0fbd,35594,5.0301,9
388cccf5,30381,5.0329,9
5d4a123c,34579,5.0356,9
6e84f9aa,32446,5.0356,9
7c4a0c14,21707,5.0356,9
5f57c7c2,31758,5.0356,9
7fe7ab72,28487,5.0329,9
6f33d21a,21567,5.0356,9
21d23b1f,21774,5.0329,9
23a5a3a5,23325,5.0356,9
2c0416eb,24506,5.0356,9
4d0cad7e,22843,5.0356,9
f722396,24355,5.0356,9
3fc8fba4,33465,5.0329,9
ba0452d,33466,5.0356,9
69d9a0ac,34987,5.0356,9
337701f8,31232,5.0356,9
1b383db5,21847,5.0356,9
548c3d7,26332,5.0356,9
7d250d01,20373,5.0356,9
53eac88d,34224,5.0329,9
76d6bb9c,30446,5.0356,9
3d6ce19,29479,5.0356,9
2cd9e566,31816,5.0356,9
6fcccd51,35161,5.0356,9
3ad488ac,22030,5.0274,9
304ca438,28359,5.0356,9
799dde31,30416,5.0356,9
1a8cf6b1,33545,5.0356,9
132306f4,28298,5.0356,9
2261eb3b,22880,5.0356,9
d2c6dd4,30467,5.0301,9
6c2a4299,23074,5.0356,9
1ad75616,30739,5.0356,9
67130283,29067,5.0356,9
6c8cbc33,31814,5.0356,9
2a02ebb,24626,5.0356,9
22e7bf1f,27283,5.0356,9
5d1fb6da,21030,5.0384,9
54fbf46e,23320,5.0384,9
b097e52,35665,5.0384,9
57adcdbc,35086,5.0384,9
482d9f11,26104,5.0384,9
682449a8,35684,5.0329,9
63779846,31233,5.0356,9
5a8e79b9,22009,5.0384,9
7effb0ee,34145,5.0356,9
6bb6c4e5,29211,5.0384,9
42dc3b9b,21996,5.0356,9
31abf8f3,30454,5.0356,9
41a78bee,33333,5.0384,9
13556c05,21788,5.0329,9
4e191366,30698,5.0384,9
6dbae9dd,35048,5.0384,9
103fe77f,33652,5.0384,9
28b29439,30753,5.0301,9
2e36206a,33285,5.0384,9
13c41f9f,21508,5.0384,9
1478c070,33098,5.0384,9
7b93d99f,35047,5.0356,9
7f2d07a7,33767,5.0384,9
47bc8988,35414,5.0384,9
5896d465,20990,5.0384,9
a3ff447,21973,5.0384,9
6f058bbe,30639,5.0384,9
4cd6bf1f,23004,5.0384,9
228d7f1c,28214,5.0384,9
57e52ac6,22876,5.0384,9
14fe13ff,26167,5.0356,9
6d296838,22841,5.0384,9
24158f1e,28207,5.0384,9
1c2ba690,31791,5.0384,9
5a582240,35210,5.0356,9
4f216894,35095,5.0384,9
58c175d1,35769,5.0384,9
4f44ef96,24344,5.0356,9
3f9a8f7,34964,5.0356,9
18136444,22104,5.0384,9
10f66527,32362,5.0384,9
21d05610,29159,5.0356,9
ba70f5b,33402,5.0384,9
5831807b,32433,5.0384,9
5b03fe7d,33287,5.0384,9
787f7767,34754,5.0384,9
4b9162e4,23339,5.0384,9
1f7711b5,28381,5.0384,9
3c5cfd95,21062,5.0411,9
5bc3f430,35783,5.0356,9
58047460,30390,5.0411,9
18c2bbc6,29022,5.0411,9
75d84d80,20643,5.0411,9
3f9ffbd2,32444,5.0411,9
7bb9fa65,35562,5.0411,9
653606,32757,5.0411,9
617794ed,29559,5.0411,9
d74b147,32185,5.0384,9
4d758a50,33384,5.0411,9
792b2b49,33679,5.0411,9
7fd942bb,30796,5.0384,9
5057e76c,34901,5.0411,9
78819aa8,19232,5.0411,9
19c7b8e2,35258,5.0411,9
3916a9f0,23382,5.0411,9
56955539,35447,5.0411,9
22b5d199,33243,5.0411,9
6917d85,33330,5.0411,9
ac40d8e,28285,5.0384,9
7604ad72,29301,5.0411,9
7ab19332,29126,5.0411,9
546a4746,20783,5.0411,9
7741b4b4,28333,5.0411,9
5dc37faf,19378,5.0411,9
e7f3658,23420,5.0384,9
188f28ae,25832,5.0411,9
78a11ca6,35770,5.0411,9
21a6a718,19236,5.0411,9
2bff312,21006,5.0411,9
4447caed,35744,5.0411,9
705456c5,20702,5.0411,9
337de9cb,34266,5.0384,9
43c9872e,33903,5.0411,9
53abd7b9,25826,5.0384,9
7745e07f,32406,5.0411,9
3e13db26,32738,5.0411,9
44f96eab,28917,5.0411,9
1816f44e,22067,5.0411,9
3703c3b5,22805,5.0411,9
38807fc8,33380,5.0356,9
179b4812,34814,5.0411,9
4faeef2c,28145,5.0384,9
66999307,23182,5.0411,9
5ddcde23,34757,5.0384,9
104ad652,35087,5.0384,9
28a58cf8,32394,5.0384,9
20e2340,32438,5.0384,9
3998d8e4,21976,5.0411,9
7f2661c3,19308,5.0384,9
428257a,31776,5.0411,9
6e0f2e10,34959,5.0438,9
7be0e093,22728,5.0411,9
807d88c,21889,5.0438,9
77a76e90,35548,5.0438,9
3bc331de,31659,5.0438,9
475baa4d,19379,5.0438,9
15b96f5,33092,5.0438,9
712ed992,28144,5.0411,9
3db1fac9,35211,5.0384,9
1fde6160,35361,5.0438,9
7cd019ab,24479,5.0411,9
54db914,33217,5.0438,9
9388d05,35353,5.0411,9
2281266,20860,5.0438,9
307dd758,32946,5.0438,9
5bd23e05,33065,5.0438,9
5cc47556,33255,5.0438,9
3429f2c3,35351,5.0438,9
6ba04f11,33491,5.0438,9
76507d02,35307,5.0438,9
28c9a387,29426,5.0438,9
57580d0d,24596,5.0438,9
2c1c42cf,29553,5.0438,9
59519223,31695,5.0438,9
3ce1c715,21691,5.0438,9
2bc685e1,33953,5.0438,9
6502a06c,35136,5.0411,9
2c70ad9e,35085,5.0438,9
3097e665,24645,5.0411,9
2fc560d,33035,5.0438,9
bd938ae,20921,5.0411,9
1d8a223e,35700,5.0438,9
6dfbe023,27253,5.0438,9
62d08737,20845,5.0438,9
56118120,34113,5.0411,9
1a628ca6,33323,5.0438,9
2fce95e,27281,5.0438,9
4e2bb0ed,31877,5.0411,9
4dd2dcc,29166,5.0438,9
7c63abf3,33791,5.0438,9
1aec7277,28176,5.0438,9
7f3fde6d,29551,5.0438,9
4e0e773f,22148,5.0438,9
6c00a5bf,33651,5.0411,9
d5db7ff,30191,5.0438,9
745b13e9,31696,5.0384,9
6b73a4ac,34818,5.0438,9
751677b9,23002,5.0438,9
33ae2c3f,32783,5.0438,9
1cd209f9,34577,5.0438,9
7c50b7d3,35069,5.0438,9
50b837eb,26314,5.0438,9
16d539fa,21709,5.0438,9
1a446718,30412,5.0384,9
63d3a5ac,34665,5.0411,9
72c5c152,34639,5.0411,9
4d603c19,21775,5.0411,9
7425fe0a,21887,5.0466,9
a25dbe7,35004,5.0411,9
56b644a0,34613,5.0466,9
1afa3a9b,21979,5.0466,9
41f45260,33430,5.0466,9
5b7a2b34,34146,5.0466,9
652a435a,20906,5.0466,9
15d981b,30623,5.0466,9
4a384449,35160,5.0466,9
29bc683c,34894,5.0438,9
4237b189,31768,5.0466,9
1ebbcec2,34547,5.0438,9
734b104e,31769,5.0466,9
470360fe,23180,5.0466,9
7b590862,33334,5.0466,9
316e72bd,19329,5.0466,9
7163778c,28150,5.0466,9
5a81d08e,206,5.0438,1
609beaa7,29254,5.0411,9
6928d9a4,34898,5.0438,9
3676494c,23507,5.0466,9
2b11a5a6,27254,5.0466,9
41a4685f,21684,5.0466,9
15f5c545,28288,5.0466,9
3abfdba6,33226,5.0466,9
1ec9f695,32274,5.0466,9
1c2565c2,35743,5.0466,9
7ea11089,23412,5.0466,9
45c52df5,20080,5.0466,9
3ec7cd8d,24357,5.0438,9
691220a7,23421,5.0438,9
1e3bc00,35302,5.0466,9
36dfd28b,35587,5.0466,9
725924dd,24296,5.0466,9
4d5b14d9,22870,5.0466,9
408cb981,32798,5.0466,9
2cca8ee0,24332,5.0438,9
426c8106,33427,5.0466,9
305534c5,24480,5.0466,9
7856e3ce,35758,5.0466,9
5db30df4,35243,5.0466,9
2576352c,35159,5.0438,9
3c9cde5b,33618,5.0466,9
739b0295,31113,5.0466,9
36827dbf,21700,5.0466,9
4d8d7734,33698,5.0466,9
22c9e116,29164,5.0438,9
787d8d12,28462,5.0466,9
5359b722,28210,5.0466,9
76935773,32407,5.0466,9
1b3fd9e6,26163,5.0466,9
f3ec28e,29128,5.0466,9
114094ec,34740,5.0493,9
189167d7,35488,5.0466,9
61c2fcf9,20707,5.0466,9
7430e3d9,33415,5.0493,9
2ae1d396,28177,5.0466,9
39dda6c2,24305,5.0493,9
4f8ea034,25883,5.0466,9
71c282d1,29069,5.0493,9
3c53bc37,24592,5.0466,9
180aa548,33765,5.0493,9
4cb5fb3d,30621,5.0493,9
76807d9f,26331,5.0493,9
5793d57c,32801,5.0493,9
264fda78,33416,5.0493,9
1afe1a23,34101,5.0493,9
79716652,26307,5.0493,9
ce89066,31753,5.0493,9
45199cb2,23498,5.0438,9
6c4c0c86,32475,5.0411,9
2fdca930,34943,5.0466,9
5ded196f,24280,5.0493,9
15ced914,24536,5.0493,9
1c3b2b13,35257,5.0493,9
5664948d,31662,5.0493,9
4a6ee517,35723,5.0466,9
6377c94f,33810,5.0466,9
12aa4c,33347,5.0493,9
45b46aee,32774,5.0493,9
37865e29,27284,5.0493,9
6ae6c427,33190,5.0493,9
7fb353fd,24591,5.0466,9
19b6b5ff,20907,5.0493,9
1c44d7f6,29023,5.0493,9
405fffa5,22035,5.0466,9
251660e8,32836,5.0466,9
9a330f8,28263,5.0493,9
33e2bd5d,33952,5.0438,9
5c55e757,24508,5.0493,9
cffce53,30740,5.0466,9
1a78ee04,33280,5.0493,9
acc3943,34945,5.0493,9
2ce27512,27817,5.0493,9
5e1dbb8b,29073,5.0493,9
ad45ecc,21514,5.0466,9
3c86682,28466,5.0493,9
68254199,35362,5.0466,9
57d0f36a,21600,5.0493,9
6422dbf8,35231,5.0493,9
7585065b,29454,5.0493,9
249e5d88,20708,5.0493,9
6675f90b,22742,5.0493,9
40de51c9,21731,5.0493,9
36ee0d0c,23411,5.0493,9
4461ed32,21047,5.0493,9
12c58a2b,24373,5.0493,9
5b3184d9,20831,5.0466,9
1df174de,19054,5.0493,9
2f55b8aa,34902,5.0493,9
35c844c,33251,5.0466,9
56b2122f,35301,5.0493,9
68984e00,28973,5.0493,9
22baa0e6,32916,5.0493,9
3fd81886,29258,5.0521,9
2999cc27,32740,5.0521,9
6ffc8051,29537,5.0521,9
45be2be0,31116,5.0521,9
689fdf6b,35170,5.0493,9
1111ff1e,28290,5.0521,9
3a5d07f9,30391,5.0521,9
5d420c61,33093,5.0521,9
5637e190,29095,5.0493,9
62e2219d,27255,5.0521,9
305280f7,34895,5.0521,9
7dbeb398,33495,5.0521,9
146ce6de,31225,5.0493,9
67f1d307,31779,5.0438,9
240e253e,32963,5.0521,9
1cb1d06e,24599,5.0521,9
4380a236,33744,5.0521,9
4b2aebad,34061,5.0521,9
3883ae00,24519,5.0493,9
51833bfc,31248,5.0466,9
17d4a2e8,32504,5.0493,9
bbf543c,26105,5.0521,9
2fe6f77e,20916,5.0521,9
3deb82b9,21005,5.0521,9
2ee908e5,22054,5.0438,9
667d9a1f,21031,5.0521,9
540cb7da,20074,5.0466,9
674a4b34,25828,5.0521,9
25e307d3,21797,5.0521,9
43ab8daa,22863,5.0521,9
498c5aa2,26315,5.0521,9
788f862e,34986,5.0493,9
456fdb73,32434,5.0493,9
5a36d8a9,35049,5.0493,9
7144c007,20922,5.0521,9
757e86f7,23469,5.0521,9
4e716f68,29611,5.0521,9
226e059f,28360,5.0521,9
13d5420c,34928,5.0521,9
757dad2d,33811,5.0521,9
7435c44b,30780,5.0521,9
31faff8a,35765,5.0521,9
149b245e,30441,5.0521,9
636a46d7,20595,5.0521,9
31a7f96f,28974,5.0466,9
7b668b52,28930,5.0548,9
3ac76fc3,35215,5.0548,9
212b1fe9,32298,5.0548,9
47cba2e9,22050,5.0548,9
76260839,31660,5.0493,9
332919a4,22845,5.0548,9
39d531b4,22110,5.0521,9
40f8b530,22550,5.0548,9
5a3e9b2c,19260,5.0493,9
1c9f2792,29446,5.0548,9
4a58b703,23048,5.0548,9
1b631c10,33205,5.0548,9
122bb9ea,31840,5.0548,9
90398ab,35456,5.0548,9
1cfa1a40,21057,5.0521,9
1a812534,35163,5.0493,9
27ca955c,34578,5.0521,9
428c9580,34258,5.0548,9
71816e38,31067,5.0521,9
64d26663,35072,5.0548,9
17416fd0,20899,5.0548,9
3147d82d,33641,5.0548,9
4bcd8093,23137,5.0548,9
3c5b16f7,29168,5.0548,9
2078c143,33094,5.0548,9
2ff1f3d1,20900,5.0548,9
81f27a4,35034,5.0548,9
6c1764fe,25821,5.0493,9
a83d2e6,24537,5.0521,9
2a4cc71c,31826,5.0548,9
61d38cd5,31641,5.0548,9
5b9ff7f6,27295,5.0548,9
cf858ef,28378,5.0548,9
5440ff50,24346,5.0548,9
70c48269,35742,5.0548,9
3e3593be,29273,5.0548,9
636b0803,21612,5.0548,9
67d2d265,21004,5.0548,9
28b8c7d4,31843,5.0493,9
58fe55b7,21981,5.0548,9
5e8218cc,22108,5.0548,9
6481cae2,35428,5.0521,9
763b1daf,21977,5.0548,9
4d2b387b,30471,5.0548,9
7bb87b6f,33617,5.0548,9
6b85e056,20709,5.0548,11
1b9e11e,20415,5.0548,9
2f4142e3,35197,5.0548,9
1edad7b,29536,5.0548,9
3b3d5f90,34958,5.0548,9
7ffe8ff1,24297,5.0548,9
31012001,24277,5.0548,9
2f64278e,21685,5.0548,9
14f22a98,33413,5.0548,9
45e22649,35459,5.0521,9
4ee8a803,33410,5.0548,9
15e9c6e0,23413,5.0521,9
76d198f7,29214,5.0521,9
ebb2e8e,34317,5.0548,9
11cea604,29213,5.0548,9
3a1b4b5b,29125,5.0548,9
7372ca5f,32742,5.0548,9
27f66a16,33642,5.0548,9
668c498b,28392,5.0521,9
2cd5665b,24376,5.0548,9
4c3f8090,32317,5.0521,9
56b95516,31692,5.0521,9
33fc4dac,28918,5.0548,9
1d75cfa7,34946,5.0548,9
274e371f,22053,5.0493,9
202e6a13,35369,5.0548,9
1689a2cd,34666,5.0466,9
3ca38ae5,22105,5.0521,9
6de331f0,33174,5.0548,9
3b43159c,21039,5.0548,9
68ee8e15,22803,5.0548,9
39c311ae,35457,5.0548,9
46654be8,28386,5.0548,9
483ad54f,22725,5.0548,9
3ca20109,23006,5.0548,9
1fee0cf4,33480,5.0575,9
40b94557,31235,5.0548,9
4d6935d6,32297,5.0575,9
36cb73a,35405,5.0575,9
1d628ab5,23247,5.0575,9
31647a59,25850,5.0575,9
30a45526,33461,5.0575,9
21f33aa,35212,5.0575,9
5e82592d,28287,5.0575,9
3831e0a0,32340,5.0466,9
318ff231,21509,5.0575,9
3266e88d,26168,5.0575,9
232be0eb,31236,5.0575,9
6f2c8e92,35427,5.0575,9
6282c42c,30748,5.0575,9
2b4e2913,34542,5.0575,9
4e8325ee,28463,5.0548,9
58af4737,22861,5.0575,9
167f2869,22729,5.0575,9
6aafaef5,23340,5.0575,9
618c8457,21733,5.0548,9
617ce52c,30736,5.0575,9
43c890cb,28142,5.0575,9
2c9bd4bb,25837,5.0575,9
33071fea,26106,5.0575,9
3b541fdb,29493,5.0575,9
3d07d818,29096,5.0521,9
3ace49bb,29028,5.0575,9
1a704c22,32318,5.0575,9
48827c55,35452,5.0575,9
53331859,28479,5.0575,9
8ffb6a7,23439,5.0575,9
50b9ab17,32996,5.0575,9
5077cd3f,33246,5.0575,9
18bcc51b,33202,5.0575,9
4387628d,21751,5.0575,9
8bd5b74,29427,5.0548,9
66cd7169,29024,5.0575,9
1827f4b6,22874,5.0575,9
604c6e35,29491,5.0548,9
2c8efb3,29074,5.0548,9
f8390ba,208,5.0575,1
282657b8,34543,5.0575,9
2b98a94f,23244,5.0548,9
7d7d25cf,22133,5.0575,9
67fc364f,29439,5.0575,9
84b99e,32184,5.0575,9
940292e,33203,5.0575,9
6667b35f,32919,5.0575,9
24721940,35306,5.0548,9
35366e89,29120,5.0575,9
3035135c,33252,5.0575,9
367d155b,22732,5.0575,9
3efc43e3,33114,5.0603,9
af0f565,29428,5.0603,9
12c7a894,24593,5.0603,9
4ccea05a,31817,5.0603,9
1071117b,29068,5.0603,9
1da795cd,19259,5.0603,9
328b0de5,29255,5.0603,9
b7eb79e,24628,5.0603,9
131c8543,22844,5.0603,9
32b46310,35490,5.0603,9
583aa486,34667,5.0603,9
26062a58,35759,5.0603,9
51479546,34129,5.0575,9
407ac09d,29274,5.0575,9
4de94280,26117,5.0603,9
5a2ae58f,35162,5.0603,9
65ed897a,22849,5.0603,9
372aa629,29167,5.0575,9
21c2e679,23181,5.0521,9
6488af99,22759,5.0603,9
26b85d83,34105,5.0603,9
2bb3d246,29554,5.0603,9
494a32f7,20945,5.0603,9
1bbdfabe,34591,5.0603,9
2ea93a6d,28919,5.0603,9
3a322c3a,34291,5.0603,9
366c68c5,34724,5.0575,9
26d56b2d,28384,5.0575,9
52490d43,35370,5.0603,9
35543f35,32862,5.0603,9
602b431a,23131,5.0603,9
6d2ad031,35406,5.0603,9
7793ebc2,35081,5.0603,9
632acf92,33984,5.0603,9
59a3737e,33363,5.0603,9
7a610f5e,31777,5.0603,9
62338b23,26142,5.0575,9
a96b15c,32505,5.0575,9
27ef19f3,31755,5.0603,9
1d9f852c,33011,5.0603,9
3f75b9c3,22871,5.0603,9
7d0f15d0,35373,5.0603,9
39bf3c1,27259,5.0603,9
5a55aa94,20086,5.0603,9
3c38bebf,35739,5.0603,9
2e91b35a,21748,5.0603,9
2bb592cd,28170,5.0603,9
776c6981,28448,5.0603,9
ed8fc95,26316,5.0575,9
2df08577,29103,5.0603,9
2a5449fe,29075,5.0603,9
3ee00d54,23145,5.0603,9
77957249,34742,5.0603,9
5e678af1,34147,5.0603,9
56f4337a,33477,5.0603,9
68c01e5d,20594,5.0603,9
349b3e36,34046,5.0575,9
7946f644,20636,5.0575,9
56491a56,28158,5.0575,9
21d19c06,29581,5.0603,9
73e7a2f3,30701,5.0603,9
490b4c97,33403,5.0603,9
240ca10e,35757,5.0603,9
3a899473,19380,5.0603,9
5fe7ad68,20895,5.063,9
17950e88,30392,5.063,9
4e99719,29419,5.063,9
45ac425b,33017,5.063,9
33f06c91,24441,5.063,9
70dfcc48,33239,5.063,9
caec529,19246,5.0603,9
44b7dafa,33616,5.063,9
632ee6ad,33038,5.0603,9
530a8abd,25885,5.0575,9
29778a78,32248,5.063,9
72f1b3f9,24609,5.063,9
536df5a6,24500,5.0603,9
47e27ae8,30625,5.0603,9
40ba4fcb,33829,5.063,9
558b29ee,24613,5.0603,9
4e2972df,30451,5.063,9
69f7263c,23416,5.063,9
3d9634d0,21753,5.063,9
2fc0f0be,31875,5.063,9
230868f1,33912,5.063,9
739e6c6a,34828,5.063,9
7fa2e67d,32917,5.063,9
57cfac37,32435,5.063,9
37e009df,22012,5.063,9
379dce75,34102,5.0575,9
5f6447f5,20946,5.063,9
4279a7a8,33955,5.063,9
1bce37f4,35216,5.063,9
66689097,34174,5.063,9
144b7b56,34282,5.063,9
1b00ca90,22051,5.063,9
719b3f93,21776,5.0603,9
5355f51f,32840,5.063,9
62207d4b,34636,5.0603,9
1c0ba5e8,24331,5.0603,9
523d58b2,35103,5.063,9
1c2a8b3,23153,5.063,9
1b95a239,34896,5.0603,9
290d68bf,21798,5.0575,9
5bbaaad5,22743,5.063,9
550c8d8c,35477,5.063,9
4577e866,28427,5.0603,9
14e94620,34988,5.063,9
7ae33e,26132,5.0603,9
42f02b1e,24487,5.063,9
73a1ae21,29555,5.063,9
2da73e33,20784,5.063,9
7a935baa,20920,5.063,9
39f8373d,33201,5.063,9
47564685,29256,5.063,9
e6d44d7,35466,5.063,9
5394befa,23341,5.063,9
33bae129,35050,5.063,9
4b0369bc,35059,5.0658,9
4cd220a4,32346,5.0658,9
3e946c37,35563,5.0658,9
7f42b3cd,29462,5.063,9
48817671,23183,5.063,9
2c5675e1,35104,5.0658,9
7c48a75e,24546,5.0658,9
61a09934,29212,5.0658,9
3d2fd7e4,29513,5.0658,9
a3e31,24374,5.0658,9
53744c24,31876,5.0658,9
2251498f,22135,5.063,9
3db7c959,35458,5.0603,9
16ac202b,27289,5.0658,9
47cebe6,21067,5.063,9
580eba5c,28205,5.0658,9
61f0ab64,22744,5.0658,9
49458be4,20917,5.0658,9
46b04fcc,32408,5.0658,9
4a3b6e94,21982,5.063,9
21b302e6,35415,5.0658,9
297b9fee,33518,5.0575,9
50eafa9d,29457,5.0658,9
4d34ba2e,24540,5.0658,9
28cb12c7,33283,5.0658,9
39159684,33469,5.0658,9
4c64eaa7,32252,5.0658,9
24e9cccf,24510,5.0658,9
54c4bfbf,24278,5.063,9
4170a215,32851,5.063,9
2a2a494e,28999,5.0658,9
40cf7770,23245,5.0658,9
4ffd3293,21710,5.0658,9
31870191,31780,5.0658,9
75236dbe,23322,5.0658,9
7dbf335c,28393,5.0658,9
d3b2a6d,28481,5.0658,9
3674b84d,20898,5.0658,9
3ff6ac9b,21825,5.0658,9
1bd180ea,26148,5.0658,9
1ca47655,35232,5.0658,9
4111026b,29257,5.0658,9
56a4843,34201,5.0658,9
16cf2e73,32328,5.0603,9
1de7d207,32440,5.0658,9
1c57ca45,26133,5.0658,9
df878b4,19306,5.0658,9
7ea185d1,26164,5.0658,9
29dee216,35236,5.0658,9
460dfde8,22006,5.063,9
64aa028e,27312,5.0658,9
4f45e219,21980,5.0658,9
16d78cc7,28265,5.0658,9
48470259,21708,5.0658,9
64864f30,23003,5.0658,9
610c4404,24391,5.0658,9
558684d9,35763,5.0658,9
7f1d8b1a,29141,5.0658,9
7b0d9a53,30797,5.0658,9
fb81b6a,21886,5.0685,9
79eaafb8,35168,5.0685,9
c9742fd,32300,5.0685,9
6d56bffa,33316,5.0685,9
65159e7d,20622,5.0685,9
7e80bc11,32863,5.0658,9
31ac9be0,34929,5.0685,9
71ab782,28159,5.0685,9
5feb71f4,23080,5.0685,9
71d6c2c9,20908,5.0685,9
682bce71,30016,5.0658,9
23a2cdd6,21499,5.0685,9
27c26c87,23184,5.0685,9
2bfe2cd2,33339,5.0685,9
2e6b71d,30194,5.0685,9
14b26c31,35165,5.0685,9
45e1fd02,29171,5.0685,9
3d008ae0,32775,5.0685,9
70985415,22072,5.0685,9
1b071156,24597,5.0685,9
1781d2f5,20637,5.0685,9
448aa8d5,22069,5.0685,9
73e3b106,24359,5.0685,9
39204b95,21888,5.0685,9
baa8858,20075,5.0685,9
1af755f8,21690,5.0685,9
7472bc21,31756,5.0685,9
4f353dd9,29138,5.0685,9
1002842f,24360,5.0685,9
51087ac8,21064,5.0685,9
37b54ec5,32802,5.0685,9
339287e0,24608,5.0685,9
37d016d7,19255,5.0685,9
51506a8b,34892,5.0658,9
5ec23993,26310,5.0685,9
7948182c,33473,5.0685,9
2b1e21bc,33348,5.0685,9
c079680,29082,5.0685,9
43462832,29461,5.0685,9
7af6c10e,19353,5.0685,9
5b55df03,29136,5.0685,9
203f0c2d,35051,5.0685,9
103c2d3c,35740,5.0685,9
438e332b,33830,5.0658,9
1f6a14e0,20079,5.0685,9
62c980b1,28178,5.0685,9
2e7bc357,32393,5.0712,9
4c638053,25763,5.0712,9
76fdfcd1,32943,5.0712,9
7d97aff,29104,5.0712,9
7b9f764e,31663,5.0712,9
293baebd,21063,5.0658,9
59aaa1b6,35453,5.0712,9
40a8c526,35695,5.0712,9
cea414e,32507,5.0712,9
78d04828,34758,5.0712,9
747bf195,32864,5.0712,9
72fc8bc9,21687,5.0712,9
2c4254e9,30757,5.0712,9
5629c841,35760,5.0712,9
7d757c48,34623,5.0712,9
6b4112ec,29420,5.0712,9
559af671,28315,5.0712,9
67ec330a,35607,5.0685,9
4d694743,21942,5.0712,9
1b28e59a,25870,5.0685,9
61b8daaa,34783,5.0712,9
781d5261,33749,5.0712,9
3928ea1b,29172,5.0712,9
7a360a6d,20836,5.0712,9
7d620937,24498,5.0712,9
21ba3734,22770,5.0685,9
4e5c50a7,30737,5.0712,9
58d87682,33496,5.0712,9
33a6f738,21944,5.0712,9
7909f643,19355,5.0712,9
643cf5ce,32392,5.0712,9
6027c146,24334,5.0712,9
562a88ef,24630,5.0712,9
6c66e80e,34268,5.0712,9
3915019d,25753,5.0712,9
3a8401f4,20775,5.0712,9
6477ca13,31888,5.0712,9
7710a735,32186,5.0712,9
6d018382,21688,5.0712,9
37fceb63,29583,5.0712,9
139c6255,35785,5.0712,9
6147561c,31868,5.0712,9
bbd425,33050,5.0712,9
50cc90a2,34068,5.0685,9
3563fe4e,20843,5.0685,9
2032de24,33956,5.0712,9
7b9e9b88,24382,5.0712,9
25da7222,31731,5.0712,9
51fc314c,35315,5.0712,9
11a7bfbb,28464,5.0712,9
27d28055,29169,5.0712,9
516964e3,35491,5.0685,9
281f0dfc,29119,5.0685,9
5ea221bf,35171,5.0685,9
72d407b7,29165,5.0712,9
7ca5e6ef,32347,5.0712,9
4137e190,31831,5.074,9
119764a7,34897,5.074,9
5ef710f3,31114,5.074,9
c4c5d25,34104,5.0712,9
7209165d,22063,5.0712,9
2ac19b20,22036,5.074,9
60a7c144,34296,5.074,9
775144e6,28252,5.074,9
5811e6e7,33256,5.074,9
6fa2b5da,21986,5.074,9
504cc20e,23005,5.074,9
72b1b0b0,33360,5.074,9
6a4d9da4,20673,5.074,9
29dfb5b,22052,5.074,9
22d701af,20963,5.074,9
3820b94d,24406,5.074,9
3dbc68d4,35686,5.0712,9
feb6d99,32414,5.074,9
3b113118,29309,5.074,9
4bbb9eaf,32776,5.0685,9
b83c6be,33832,5.0685,9
3bda44bd,33622,5.074,9
dfbc8c6,33362,5.074,9
b5dd460,25899,5.074,9
55f9e717,32990,5.074,9
67528541,29582,5.0712,9
343ccc95,19334,5.074,9
5127f0a6,24154,5.074,9
4b7c64ca,27248,5.0712,9
38f78869,22733,5.074,9
6afdb386,25829,5.074,9
431dcbf,26134,5.074,9
2c43b2c7,23467,5.074,9
3dac3b53,34989,5.074,9
2873c3e6,34624,5.074,9
2f9534ed,33039,5.074,9
25cbc184,24507,5.0712,9
142f8a70,25950,5.074,9
23524005,22772,5.074,9
227507e0,27820,5.0712,9
24c17d1f,34949,5.074,9
24a3bd08,32852,5.074,9
37693267,23014,5.074,9
3d29796d,32341,5.0712,9
122fd252,23159,5.0685,9
27189dba,28432,5.074,9
599c6934,31648,5.074,9
2f08917b,33218,5.074,9
7e0f926b,32436,5.074,9
43d96b8a,28927,5.074,9
201b404b,35088,5.074,9
20cfdb06,34557,5.074,9
1aa0d3e2,34106,5.0712,9
71481a84,20732,5.0767,9
2e317b19,34711,5.0767,9
1689b6cc,32342,5.0767,9
7945aa1c,23476,5.0767,9
278c49d9,22836,5.0767,9
3bafb109,31736,5.0767,9
730713a7,26144,5.074,9
a0210c2,20704,5.0767,9
5ec34ed4,26160,5.0767,9
6570b945,24488,5.074,9
1b441654,21701,5.0767,9
47bb44aa,35473,5.0767,9
3ca0767,23499,5.0767,9
36961a47,33385,5.074,9
1ff488f,26143,5.0767,9
388747fc,33771,5.0767,9
6233fa7c,29026,5.0767,9
4c0c8f06,34819,5.074,9
4b8f109b,28953,5.0767,9
560c9354,33231,5.0767,9
5ae57cd,25884,5.0767,9
7944823,33072,5.0767,9
34ac9b82,32938,5.0767,9
6082870,32793,5.0767,9
716f1743,33113,5.0767,9
549f8c1d,20952,5.074,9
43f6d87,20754,5.0767,9
43b38ed8,28450,5.0767,9
4aef4ce2,29131,5.074,9
6238dec6,21859,5.0767,9
2caeced9,34675,5.0767,9
5a8edc76,22858,5.074,9
1d94d453,33417,5.0767,9
420e4c77,32437,5.0767,9
72b68088,34580,5.0767,9
56dcbef6,29612,5.0767,9
6dd1ce32,32246,5.0712,9
3292c345,1526,5.0712,2
5d0c5a0b,21692,5.074,9
1bf833e2,24520,5.074,9
50fad618,31859,5.0767,9
28600565,21752,5.0767,9
4b23fe05,21796,5.0767,9
74403968,20596,5.0767,9
2e7d7321,26308,5.0767,9
35dfba5a,33352,5.074,9
61e10a6,25756,5.0767,9
521915b6,34583,5.0767,9
27e7fde4,25888,5.0767,9
6253475d,26309,5.0767,9
62c67642,22804,5.074,9
14abc19c,28211,5.0767,9
e05c21a,33848,5.0767,9
169506e3,23191,5.074,9
47b01615,20087,5.0767,9
ddd985e,34541,5.074,9
2d688eed,30817,5.0767,9
137437bd,31855,5.0767,9
533e1ea8,28253,5.0767,9
54b39b78,27243,5.0767,9
35cde6d8,33643,5.0767,9
38174d64,33467,5.0795,9
5cbb196a,28428,5.0767,9
6e40049f,33680,5.0767,9
26e03a74,31077,5.0795,9
7c41f356,19262,5.0795,9
78b5d5fd,23027,5.0767,9
16bf4288,35771,5.0795,9
7ecaab86,33547,5.0795,9
312be9b1,31759,5.0795,9
42036781,32803,5.0795,9
14cf4801,23263,5.074,9
7888f312,25851,5.0795,9
55be2c9c,32325,5.0795,9
1600fbd3,21943,5.0685,9
4f66b9fd,35489,5.0767,9
764cb953,29458,5.0795,9
21076f50,32249,5.0795,9
1e281801,27290,5.0795,9
f67a674,35365,5.0795,9
75344f34,26118,5.0795,9
6f53d32d,21032,5.0795,9
31e526d6,29121,5.0767,9
3037298,34947,5.0795,9
5499c023,33986,5.0795,9
25a2bb26,23202,5.0795,9
3d69ead2,33191,5.0795,9
2566d855,20949,5.0795,9
3f649c02,35239,5.0795,9
faf7b43,21609,5.0795,9
128dad6c,29421,5.0795,9
7d623f1e,33483,5.0795,9
6ed5f497,29451,5.0795,9
75cae1c3,20628,5.0795,9
6dbdacb2,35308,5.0767,9
61359583,29331,5.0795,9
2c8d8cde,33365,5.074,9
e6ba475,32506,5.074,9
50349dcb,26131,5.0795,9
50ec6343,27314,5.0795,9
2dd3ed5f,35068,5.0767,9
10c7eefc,31771,5.0795,9
435ca89d,34114,5.0767,9
37f2aff8,29275,5.0767,9
4b7343e,35766,5.0795,9
320e4537,32447,5.0795,9
2b288a5a,28952,5.0795,9
d16d7e2,33922,5.0795,9
2fb934d7,23044,5.0795,9
1212e3da,21515,5.0795,9
7d07d198,35303,5.0767,9
4615a01d,30755,5.0795,9
20ec3b84,24333,5.0795,9
25e51070,22106,5.0795,9
66ad9e45,32253,5.0795,9
516f93c1,34318,5.0795,9
3c20b917,31697,5.0767,9
d53cfc5,29534,5.0795,9
6429dfd6,34985,5.0795,9
4ca2f5f0,22730,5.0767,9
41490a84,34568,5.0795,9
4b1cfb5e,31770,5.0767,9
5822281f,29260,5.0795,9
3744b9e,33257,5.0822,9
760de13e,34923,5.0822,9
ae06c5e,35696,5.0822,9
260aa057,33115,5.0822,9
6fa11659,29276,5.0822,9
4ea89888,19263,5.0822,9
47239f9f,32448,5.0767,9
34589734,34950,5.0822,9
53ecea57,19351,5.0822,9
53ac4c38,21812,5.0795,9
594af21d,33587,5.0795,9
24e51cc,24547,5.0822,9
23d5c6f9,31832,5.0822,9
72df8786,33865,5.0822,9
4d77000a,34911,5.0795,9
3dc7e859,33258,5.0822,9
33aaabd0,32753,5.0795,9
6e974d4c,29492,5.0822,9
2d8c7f90,28262,5.0795,9
1b9567c4,31727,5.0822,9
1992c1cf,21594,5.0822,9
7f000d06,29311,5.0822,9
629f2932,34976,5.0795,9
2b29c287,21504,5.0822,9
1b322b61,23208,5.0795,9
6ea6cf7e,34961,5.0822,9
14a11d71,28967,5.0822,9
6b365ade,26312,5.0822,9
e6e90c5,28497,5.0822,9
a73ac5d,34869,5.0822,9
40ddb4a,35371,5.0795,9
18db042f,20931,5.0822,9
41e25d40,23030,5.0822,9
3b700501,23205,5.0822,9
51cd5eae,32492,5.0795,9
1177d2c4,28179,5.0822,9
422c85f7,29302,5.0822,9
79cfd8be,22846,5.0822,9
2a8c9da2,28979,5.0822,9
42ccd107,30758,5.0822,9
6d82da68,32304,5.0822,9
4ba7e912,31135,5.0822,9
4c2ac2f0,23203,5.0822,9
629a957,32187,5.0822,9
68ca769b,20896,5.0795,9
13e0b070,35166,5.0822,9
677b2467,25889,5.0822,9
7ddc573a,32784,5.0795,9
469998b4,33745,5.0822,9
cab81b3,113,5.0822,1
50ecd327,23414,5.0822,9
6ec310ac,23503,5.0795,9
6e0a8d41,32785,5.0795,9
7170623d,33482,5.0795,9
75f611f,34615,5.0822,9
7b26089f,19261,5.0822,9
4de59937,21510,5.0795,9
52c900f,31763,5.0849,9
4e0502c5,29076,5.0849,9
c616d57,34873,5.0822,9
2fc80613,31846,5.0767,9
23519bb8,32940,5.0822,9
429ccb35,34789,5.0849,9
24e9ea89,29422,5.0849,9
4bfe9899,34614,5.0849,9
645d4605,19352,5.0849,9
40bcecd8,28954,5.0849,9
2beafbe4,29452,5.0849,9
1edc585f,25754,5.0795,9
1a8c85b6,20924,5.0849,9
3df16013,21756,5.0822,9
41388992,32176,5.0849,9
45363a48,32792,5.0849,9
291dd8e1,24335,5.0849,9
57425941,35685,5.0849,9
61055a42,19330,5.0795,9
64742be9,34588,5.0849,9
23e93d56,21854,5.0849,9
624ac9f0,33594,5.0849,9
6624f03b,33206,5.0849,9
68563cda,28329,5.0795,9
2b66be11,28146,5.0849,9
2bfbf0b,30624,5.0822,9
2c1d7d59,34771,5.0822,9
43db224f,31883,5.0849,9
2d82540a,27294,5.0849,9
74eb1d8c,19331,5.0822,9
bd3b3fd,29414,5.0849,9
11802192,29575,5.0849,9
2e1d15ac,31678,5.0849,9
47798ca1,22864,5.0795,9
2366a9e,33548,5.0849,9
1d07067e,23250,5.0849,9
478c7bc6,33543,5.0795,9
14ec7d7e,34535,5.0849,9
4f052c0,26119,5.0849,9
4db90aee,33868,5.0822,9
42869787,33364,5.0849,9
735577d3,23248,5.0822,9
4a5f34a,28515,5.0849,9
245d74c,35525,5.0849,9
7489422c,35701,5.0849,9
2cba5881,29303,5.0849,9
72ec1ff,25833,5.0795,9
2bfd99e1,26317,5.074,9
15db3690,31857,5.0849,9
6b5b1afa,20909,5.0849,9
1a8b1f57,22985,5.0849,9
5dfebf76,21735,5.0877,9
115d6def,28215,5.0877,9
29977223,33040,5.0877,9
22e239f4,34761,5.0877,9
60d1fb58,35564,5.0877,9
487ced3b,25757,5.0849,9
3234c3ce,35672,5.0795,9
1aa71e5,21500,5.0849,9
6ece51b3,29029,5.0877,9
54c73f8f,34791,5.0877,9
41746c64,30818,5.0877,9
55cafd37,33957,5.0822,9
73d9b32,28480,5.0849,9
5ce743ac,26107,5.0877,9
1be211af,26182,5.0877,9
791759fb,30192,5.0877,9
19f6037c,35784,5.0849,9
7bb630ab,25834,5.0877,9
10b9c0e4,29486,5.0849,9
1b5dc435,21858,5.0877,9
58468e24,23022,5.0877,9
123fdeef,27291,5.0877,9
4c5f82ac,34342,5.0849,9
39568b7e,28496,5.0877,9
550d05de,33938,5.0877,9
39297136,35372,5.0849,9
953de5d,33780,5.0849,9
453a972,32960,5.0877,9
39cd7fd3,32439,5.0877,9
4b1f091d,33794,5.0877,9
5c298715,21777,5.0877,9
45a8addb,33192,5.0849,9
1749615a,30791,5.0877,9
33e733ad,28433,5.0877,9
242dd54f,33244,5.0849,9
342ceff0,33315,5.0877,9
19a3c49d,34202,5.0877,9
13a4349d,33905,5.0877,9
7629324b,29097,5.0877,9
346a5adb,34199,5.0877,9
6875bebd,34548,5.0849,9
22b88951,25871,5.0877,9
71b8a199,23383,5.0877,9
17e281f7,22037,5.0877,9
522755e0,21696,5.0849,9
73bd6823,20925,5.0877,9
34b3acf4,24407,5.0877,9
337792,33777,5.0877,9
3dda35a,25764,5.0877,9
6b3d7e94,33004,5.0849,9
4240ab0b,22024,5.0877,9
379a7b68,30735,5.0877,9
5954db36,34804,5.0877,9
377d6435,19332,5.0849,9
37346590,35357,5.0849,9
70eb888e,23160,5.0877,9
f9970ce,29515,5.0877,9
5399e1c4,29538,5.0877,9
471516c2,29025,5.0767,9
6b165956,23017,5.0877,9
6c99b2d9,32326,5.0877,9
2fcd4bfa,20930,5.0877,9
33c60806,32972,5.0877,9
5c0aabba,29133,5.0877,9
50f9584,20655,5.0877,9
40588c44,35378,5.0877,9
43dd3a71,25830,5.0877,9
4a831ecb,34069,5.0877,9
55c42d22,34772,5.0904,9
33d901aa,21689,5.0877,9
37678139,33849,5.0822,9
1dc33b16,9652,5.0904,2
4fe41b23,32395,5.0877,9
344b8724,20961,5.0877,9
3f2eb6dd,31815,5.0877,9
3bb131a5,33419,5.0904,9
3cf9c7fc,34769,5.0904,9
76ab06e0,28231,5.0904,9
44253d89,23029,5.0904,9
8cd816e,23021,5.0877,9
7af971ac,29467,5.0904,9
54cbe415,29459,5.0904,9
396f4270,30417,5.0904,9
5d4d62c2,32964,5.0904,9
6c880cd6,27348,5.0904,9
67e8b61e,29305,5.0904,9
683e03ab,33985,5.0904,9
24570451,21516,5.0849,9
123a396b,31737,5.0849,9
3e787946,21855,5.0904,9
1c0260d1,35526,5.0877,9
6b9a8c,23246,5.0904,9
43d90a8b,34994,5.0904,9
3e96f9ff,33204,5.0904,9
319d0214,20084,5.0904,9
6d7e5151,34625,5.0904,9
66789327,28388,5.0877,9
6f28c716,19367,5.0904,9
36fce545,33127,5.0877,9
2917ce12,33500,5.0904,9
b5481bc,20601,5.0904,9
226df7b7,24365,5.0904,9
4b4bfbca,28990,5.0904,9
a0f23d5,23504,5.0904,9
736af872,19368,5.0904,9
63c4590b,23089,5.0849,9
649acf53,32759,5.0904,9
4beceb1d,19333,5.0904,9
4751bed4,28330,5.0904,9
6f16d98,31913,5.0904,9
227cac5c,28337,5.0877,9
10ae1f17,34768,5.0904,9
3cb6aa1c,35407,5.0904,9
31a68dbf,30702,5.0904,9
3698f07e,28996,5.0904,9
767fd99b,33420,5.0904,9
164936e4,24598,5.0904,9
1fa6887b,21502,5.0849,9
1a682545,32343,5.0904,9
acea22,34130,5.0904,9
12d38492,32997,5.0795,9
4df27e3a,21065,5.0904,9
66bcc2af,33949,5.0849,9
3d259130,26318,5.0877,9
33dc7512,33353,5.0904,9
44fa8e2b,22735,5.0904,9
6d01defd,35105,5.0904,9
6da8d048,29573,5.0904,9
5d6cabaa,29004,5.0932,9
76067468,33200,5.0932,9
7c1570dc,34584,5.0795,9
248df768,23013,5.0932,9
561f7772,24394,5.0877,9
61e5e3ca,29563,5.0932,9
6105ecd0,31735,5.0932,9
4d8d64d0,35433,5.0877,9
d67d85b,32758,5.0932,9
393f4ac,22760,5.0904,9
2cb1fea9,21512,5.0932,9
4fa43bf4,31667,5.0932,9
642598d8,35761,5.0932,9
33e19710,34662,5.0932,9
10066373,28968,5.0904,9
7e93911c,23007,5.0932,9
3638254e,31833,5.0932,9
95e6d8e,22746,5.0932,9
4819f51c,19354,5.0932,9
59157e39,22136,5.0932,9
3ffcbb04,34803,5.0932,9
755d8ef3,32177,5.0904,9
45348368,33501,5.0904,9
6b2bd801,29327,5.0904,9
3663d371,21711,5.0932,9
57ad3916,32250,5.0932,9
62f31832,34063,5.0904,9
65620b08,23097,5.0904,9
4db2b48e,28274,5.0932,9
736941a7,22745,5.0932,9
9a1f570,35240,5.0932,9
17794150,25831,5.0932,9
571f7dea,34784,5.0932,9
2561fada,21511,5.0904,9
560fbc9c,35432,5.0932,9
7c6e9507,20768,5.0932,9
242048c0,34712,5.0904,9
1d7d519a,35429,5.0932,9
4ce979de,19356,5.0932,9
1bf12d30,21061,5.0932,9
133f55e4,30756,5.0932,9
357f690b,24473,5.0932,9
1493ffad,23023,5.0932,9
42790fbf,34790,5.0932,9
6dd0d0af,24516,5.0849,9
50f3326d,29261,5.0904,9
52f40218,23138,5.0932,9
390adde2,22837,5.0904,9
7773dcf9,26135,5.0904,9
7ea92c0f,21503,5.0932,9
7dfd215f,29105,5.0932,9
345404d7,33915,5.0932,20
5bde2a72,28316,5.0932,9
32a3a1e4,32306,5.0932,9
26409936,34915,5.0932,9
32a64395,30741,5.0932,9
7b9211db,28980,5.0932,9
764b539d,27296,5.0877,9
18817209,30418,5.0904,9
58b07f04,31251,5.0932,9
37824c7c,35671,5.0932,9
15a9ea93,33418,5.0932,9
1513a958,31885,5.0932,9
69190c9,23155,5.0932,9
3817bb76,35083,5.0932,9
2355ddcb,27261,5.0932,9
79725640,28323,5.0932,9
468faec9,29127,5.0904,9
776a5b72,32173,5.0932,9
7123795f,34198,5.0877,9
7bbea86a,22121,5.0959,9
76889953,20849,5.0932,9
1d231194,31694,5.0959,9
77206aee,35260,5.0959,9
79536198,34047,5.0959,9
4ba33de0,33019,5.0932,9
4e892ab1,22073,5.0959,9
3a8a5e94,25961,5.0877,9
58b7b7fc,35364,5.0959,9
aa9dd37,33404,5.0959,9
656433a5,22038,5.0959,9
970a2,23091,5.0932,9
448d45f1,999,5.0959,2
40344c2e,22865,5.0959,9
5c74162b,28482,5.0959,9
1849ef1b,29144,5.0959,9
890e9a,28336,5.0959,9
530e00d0,35677,5.0959,9
18b508fa,25968,5.0959,9
7d82758d,35001,5.0959,9
39cbbc5c,35567,5.0959,9
13be158,23501,5.0932,9
1fbc74f5,24316,5.0932,9
565df753,33872,5.0959,9
75f665c8,25891,5.0959,9
21f98485,29464,5.0959,9
1b3658e6,19247,5.0932,9
14e0c13e,32254,5.0959,9
45595bf9,20711,5.0959,9
7c87cb6e,31847,5.0959,9
3a992913,22545,5.0904,9
1341b7ce,34996,5.0932,9
1cc8a0cc,31774,5.0904,9
5ed6c480,21007,5.0959,9
2df4bff8,33831,5.0959,9
3315824f,34744,5.0959,9
6a828a21,24351,5.0932,9
8aaa943,21059,5.0959,9
218b135,34267,5.0959,9
25d0c847,25951,5.0959,9
a9bc5f1,35214,5.0959,9
15032917,35259,5.0959,9
6bae7a14,33542,5.0932,9
2cf8ff4d,23028,5.0959,9
7818136e,30017,5.0959,9
745fd6eb,33939,5.0877,9
6c396cae,29098,5.0959,9
750e4f3,23156,5.0904,9
6c8d985,23470,5.0959,9
3feb1414,33987,5.0959,9
3509658c,20791,5.0959,9
1272339f,33835,5.0932,9
12052a5e,20416,5.0959,9
75a9c7be,21755,5.0959,9
b72e982,24298,5.0959,9
89fddb8,34785,5.0959,9
3373412f,34889,5.0959,9
8dce4c8,30195,5.0959,9
14fe22a8,30742,5.0959,9
62fa4f92,23415,5.0959,9
4b2900db,35416,5.0959,9
243c47d2,23146,5.0959,9
46a942b7,23262,5.0959,9
4132ca9f,22848,5.0959,9
3a94473e,25920,5.0959,9
71048bf4,29170,5.0959,9
72a872d7,20927,5.0986,9
346cb987,28509,5.0959,9
6b5f56e7,35188,5.0959,9
36539713,20767,5.0986,9
7dc65c4,20597,5.0986,9
562d5439,33286,5.0959,9
5aa19d88,24299,5.0986,9
70e072c0,20766,5.0959,9
2846d976,33653,5.0986,9
7e5d4c2b,35035,5.0986,9
dd84752,25771,5.0986,9
2f56c987,20837,5.0986,9
31c53872,31829,5.0959,9
24847ae9,31773,5.0986,9
256d0675,23158,5.0986,9
6ac0375d,28331,5.0932,9
73c3d173,34948,5.0986,9
6b5d71d1,34003,5.0986,9
5198b965,21799,5.0959,9
264e9c61,28920,5.0959,9
4d5f2d2a,33546,5.0986,9
207a35bb,23157,5.0959,9
20a90b9c,30420,5.0986,9
72d6267c,28955,5.0986,9
7d5955af,22850,5.0959,9
46d46371,28435,5.0986,9
377251fd,30193,5.0986,9
1c497133,29613,5.0986,9
79635620,32947,5.0986,9
5c3b0d48,112,5.0986,1
79ba4bc2,29489,5.0986,9
2e2d7d2f,33916,5.0986,9
4d1cec9c,35074,5.0986,9
49c9f93a,24544,5.0986,9
270782f0,32251,5.0986,9
dd5f280,32449,5.0986,9
b53ca29,27292,5.0959,9
5b79be56,908,5.0986,2
4072b7cb,28981,5.0959,9
62111cb7,35511,5.0932,9
7786805e,29079,5.0986,9
348224f1,30738,5.0986,9
5e1c7272,34669,5.0959,9
1ddb8d9f,19385,5.0986,9
24267169,33588,5.0932,9
1a66cb0,24155,5.0986,9
3c941114,29132,5.0959,9
7de2d46c,35317,5.0986,9
6ad85f80,31699,5.0986,9
58a97d87,32218,5.0986,9
4429cb37,33943,5.0932,9
2f83366a,20848,5.0959,9
70f5845,33386,5.0986,9
3ed0f681,23260,5.0986,9
1ea349b9,31138,5.0986,9
1470cb07,35187,5.0959,9
28250c61,32873,5.0986,9
5595b450,25822,5.0959,9
bd1ccec,31649,5.0986,9
5f49724a,33096,5.0959,9
fbba2ae,27303,5.0959,9
ffdf13c,35108,5.1014,9
7732e3a7,25772,5.1014,9
7201f701,22761,5.1014,9
3e84fd6e,24352,5.0986,9
20fd953d,23115,5.0986,9
40e9e40f,19312,5.1014,9
2026086e,31698,5.0932,9
5d624a94,32850,5.1014,9
117a7878,33913,5.0986,9
1e3c3fc4,28924,5.1014,9
ade41c1,29229,5.0986,9
e492115,23271,5.1014,13
41b0fca2,34343,5.1014,9
34be554,33097,5.1014,9
7c7628e6,35673,5.0986,9
3b70eff4,33366,5.0959,9
7d6351d4,33225,5.1014,9
21de7a69,31834,5.0986,9
6c2247ac,29615,5.1014,18
3bf39377,29514,5.1014,9
50910a93,24629,5.1014,9
371b0ca4,33898,5.1014,9
4b23e99b,20847,5.1014,9
6544251c,33714,5.1014,9
1b25013f,20710,5.1014,11
43b8455a,19310,5.1014,9
2ca90fa5,28478,5.0986,9
6801b3e9,19372,5.1014,9
5b9e6b2f,35467,5.1014,9
5a0d7793,32501,5.1014,9
4c82e573,23249,5.1014,9
3e3d9f50,34977,5.1014,9
5bc6fd85,23066,5.1014,9
732922c1,34585,5.1014,9
422972d8,24358,5.0986,9
103cb2d2,19369,5.0986,9
7c7a4f85,20912,5.1014,9
467f55e1,32815,5.1014,9
11cd6dcb,32500,5.1014,9
4f495044,33036,5.1014,9
3a16c15d,23171,5.1014,9
14bea7fd,21778,5.1014,9
28d238d6,32441,5.1014,9
2d9c86f8,30442,5.1014,9
210ca63f,33954,5.1014,9
40ec6cac,19015,5.1014,9
7941f8ef,33988,5.1014,9
6d451fd0,22057,5.1014,9
30a30a79,24511,5.0986,9
74da7f0c,31644,5.1014,9
2100f8b6,34932,5.1014,9
2edade65,33585,5.1014,9
271c7b8a,31120,5.1014,9
958ce2d,26176,5.0986,9
2e5de215,33896,5.1014,9
7e5cfab5,28275,5.0986,9
58bf6880,23058,5.1014,9
17d9fc1c,30196,5.0986,9
56d5e9b8,33319,5.1014,9
4f452885,33432,5.0986,9
6c9da285,35186,5.1014,9
34fc9a16,35006,5.1014,9
537b694f,29487,5.1014,9
4d1d3d18,35595,5.1014,9
1cf60073,33249,5.1014,9
2bfa253e,35772,5.1014,9
2471f887,33230,5.1014,9
2a72234e,21569,5.1014,9
7a0e203c,28449,5.1014,9
5edf2798,20598,5.1014,9
24f62aa8,28379,5.1014,9
7acb8145,25874,5.1014,9
1f25052b,20792,5.1014,9
1421c933,29139,5.1014,9
b181a90,31693,5.1014,9
3365cfc8,34048,5.1014,9
26d31066,33897,5.1014,9
11e855ca,25838,5.1041,9
b9a7e95,20374,5.1041,9
161cfba1,34743,5.1041,9
28728924,28375,5.1014,9
7be7cfe5,21884,5.1014,9
23d168da,34801,5.1041,9
52e14ef2,23148,5.0986,9
6e66d623,22859,5.0986,9
2b3bb4ed,35366,5.1041,9
3cffe912,29013,5.1041,9
3849ee8,22152,5.1041,9
5b4ad6b4,29494,5.1041,9
285203d8,35262,5.1041,9
15b7f625,25852,5.1014,9
345c430,34103,5.1041,9
6bfbcddf,30472,5.1041,9
fa1300a,31818,5.1041,9
7b05974f,33520,5.1041,9
6c28c8e9,20926,5.1014,9
69cbb3a8,29280,5.1041,9
752f9469,23505,5.1041,9
40fc2bd1,33431,5.1014,9
527b37fa,31237,5.1041,9
5f89b477,29312,5.1041,9
282fdb63,23422,5.1041,9
72409ff2,29304,5.1014,9
717cffb0,35588,5.1041,9
7bc5d10f,30421,5.1014,9
708aed6a,34571,5.1014,9
264c4934,23374,5.1041,9
f7f971c,31760,5.1041,9
62b2c500,33227,5.1041,9
48c98ca4,34820,5.1041,9
14fb79ab,33219,5.0986,9
41638f92,28928,5.1041,9
66a5db69,25788,5.1041,9
12cb8878,20721,5.1041,9
5db28dab,35084,5.1041,9
f09690,21826,5.1041,9
27948b61,33027,5.1041,9
48c66b74,30743,5.1041,9
680b25c,20089,5.1014,9
4f16b8f2,21868,5.1041,9
4b56e396,34640,5.1041,9
3453e2de,24350,5.1014,9
3030bc43,33232,5.0986,9
3321ea4b,23435,5.1041,9
490a05f5,35444,5.1041,9
35bc1511,28951,5.1041,9
5d25cbb8,21693,5.1041,9
5b7541,21757,5.1041,9
69d42575,21040,5.1041,9
3c94a4b3,32477,5.1041,9
25a82b79,31858,5.1068,9
70e9a640,25755,5.1068,9
2b432461,28407,5.1068,9
326bac86,33028,5.1068,9
755bbed1,22086,5.1068,9
56fcaa51,23015,5.1068,9
6b1acd68,35767,5.1014,9
59489c46,24632,5.1068,9
36a81475,23103,5.1068,9
253b22d8,33289,5.1041,9
5359ed3,30798,5.1068,9
796d4b2c,33781,5.1068,9
38796290,34745,5.1068,9
254e6375,24646,5.1068,9
5333c015,33022,5.1068,9
63479c2b,33906,5.0986,9
28861abf,23327,5.1068,9
4ad94772,30759,5.1068,9
7a591fa6,35191,5.1068,9
28b18c83,35443,5.1068,9
6d7f5256,30792,5.1068,9
9c79f9f,33917,5.1068,9
5f441019,34759,5.1041,9
123a408c,34890,5.1041,9
202cc942,23164,5.1068,9
15a281bf,34589,5.1041,9
75f78da3,31117,5.1068,9
6a199fca,27315,5.1041,9
2ae78c25,26319,5.1068,9
7654977,35678,5.1068,9
6c4726e2,29614,5.1068,18
6de9fdac,32841,5.1068,9
4ba8d814,22113,5.1068,9
5db8e3e0,34168,5.1068,9
89dae83,20715,5.1041,9
2abb36a1,28216,5.1068,9
680e81a,33354,5.1041,9
275e239a,28318,5.0986,9
3d637372,23477,5.1068,9
586f2beb,31679,5.1068,9
2b920079,35434,5.1068,9
7d86b462,33577,5.1068,9
5b58a043,28500,5.1041,9
7ac9e8b0,31761,5.1068,9
781dd0d0,30622,5.1068,9
41e3ae58,22838,5.1068,9
174ac468,23009,5.1041,9
22733259,23163,5.1041,9
18373bf9,33812,5.1068,9
7ebec921,31867,5.1041,9
6754263,19311,5.1041,9
461abc68,33397,5.1068,9
745a732e,31647,5.1068,9
7c87ac19,21058,5.1041,9
53b60a4e,33750,5.1068,9
74f89569,35773,5.1068,9
5832b7cf,23147,5.1068,9
72bfbc2f,33544,5.1068,9
33193105,22546,5.1068,9
37ab9d2,34375,5.1068,21
3d5bb0b4,29591,5.1068,9
4e3bfabd,34594,5.1068,9
41ea7991,23201,5.1068,9
25591df,32445,5.1068,9
7c9d9e36,22158,5.1068,9
3b81f9b0,26320,5.1068,9
6de3733b,34570,5.1068,9
7c1c8228,28498,5.1068,9
6e285acb,28206,5.1068,9
331c7ffa,20913,5.1068,9
354b0de,209,5.1068,1
5ad062c7,34668,5.1068,9
2cdca80d,20081,5.1068,9
3449727c,34991,5.1014,9
189b883c,21712,5.1096,9
410417b2,34951,5.1068,9
7413bd3d,34773,5.1096,9
8d1435f,31139,5.1096,9
77740aab,32277,5.1096,9
336ab611,22014,5.1096,9
52b29e49,28304,5.1096,9
50fbf4fb,22059,5.1096,9
70d8d1d,25854,5.1096,9
6443af9,22157,5.1096,9
54540f77,29512,5.1096,9
613179d3,29468,5.1096,9
2737e36a,29440,5.1068,9
28e4975b,35468,5.1068,9
599ba6c0,34792,5.1068,9
436a823f,32368,5.1096,9
297f9460,31878,5.1096,9
3b913b0e,29576,5.1096,9
31cb1e96,19309,5.1096,9
3d1909bb,22806,5.1041,9
60e445b6,27324,5.1096,9
2a751f5d,34344,5.1096,9
60e6f456,35127,5.1068,9
7ffc42e7,33428,5.1096,9
16aacc20,35358,5.1096,9
638b5b9f,22736,5.1068,9
61063f44,33368,5.1096,9
56e73599,34569,5.1096,9
b4a1133,23186,5.1096,9
4f2beede,33395,5.1068,9
7cf0b2f9,28376,5.1096,9
62ba200f,32476,5.1096,9
3cfbaa8b,24548,5.1096,9
666ca91f,28472,5.1096,9
2694ffb2,28264,5.1096,9
369e6f4f,34108,5.1096,9
5155928,35745,5.1068,9
5539aad1,32366,5.1068,9
2c27bdf5,29490,5.1096,9
6e84c7f8,31757,5.1096,9
64ce98df,31198,5.1096,9
6b8244a3,22747,5.1068,9
4d69e508,34150,5.1096,9
629a3994,32255,5.1096,9
7a6d6834,34671,5.1096,9
6bb4ba99,33029,5.1096,9
69775342,23154,5.1096,9
5a128161,32367,5.1096,9
4b2f7edf,23284,5.1068,9
5817551,32874,5.1096,9
563fdbe0,31807,5.1096,9
186841cf,22856,5.1096,9
185cb1c9,30703,5.1096,9
47b18eb,22748,5.1096,9
28011d9b,33320,5.1096,9
2624de37,33279,5.1068,9
e6cf1c8,32201,5.1123,9
5450aff3,29031,5.1123,9
741d8d27,23252,5.1096,9
744820f5,24549,5.1123,9
1dc37d05,35172,5.1123,9
4c3d6679,25921,5.1123,9
33c4ab4b,20603,5.1096,9
516d26ef,35697,5.1123,9
87c8dcb,19233,5.1123,9
5451be6c,22056,5.1096,9
612b639b,23468,5.1123,9
670601ee,25887,5.1096,9
402fbdd9,23114,5.1123,9
19d4d96e,31889,5.1123,9
23594674,33041,5.1123,9
74873a80,31078,5.1123,9
572e7440,23008,5.1096,9
49fb90bc,19234,5.1096,9
76db2f44,35116,5.1123,9
1f58ad0d,29005,5.1096,9
52c6d75c,20036,5.1123,9
472dd3c8,32265,5.1123,9
68236566,22081,5.1123,9
3e307e8c,20947,5.1123,9
32499daa,34800,5.1068,9
5b7d4b6d,35374,5.1123,9
5651d088,35355,5.1123,9
728600dc,22551,5.1123,9
7f4bfa19,22130,5.1123,9
c30b8c3,32309,5.1123,9
72eac022,35109,5.1096,9
2ae79b67,34935,5.1123,9
adc3710,34396,5.1123,21
3237028,22045,5.1123,9
25e2c3dd,26114,5.1123,9
276c5bbe,34767,5.1123,9
3146c097,21789,5.1123,9
5a491518,26178,5.1123,9
42738c49,28488,5.1096,9
7878e12,23016,5.1123,9
c2a40d,29110,5.1096,9
123180d8,28250,5.1123,9
4c7e4713,21617,5.1096,9
7732b790,32455,5.1123,9
5806e905,34439,5.1123,21
624597b7,32308,5.1123,9
7c6cfc67,27302,5.1096,9
6e56c6ca,23209,5.1123,9
2ad8314e,32301,5.1123,9
42147a26,22819,5.1123,9
50a343f,32200,5.1068,9
2078dbc3,23162,5.1123,9
6e4e0854,32499,5.1123,9
755a5e3e,25872,5.1123,9
9a4158e,21813,5.1123,9
14fedff9,23094,5.1068,9
72beb866,33907,5.1123,9
6c2c02cd,33370,5.1123,9
4b200ad8,20902,5.1123,9
7c58dba3,34345,5.1123,9
29c30552,33253,5.1123,9
2eb9f584,20758,5.1123,9
228fa0f4,33388,5.1068,9
693218b7,35241,5.1123,9
58ea7956,28991,5.1123,9
391ea21a,29584,5.1096,9
66c92dcd,24600,5.1123,9
1f477603,33042,5.1123,9
14ec9c74,33391,5.1123,9
4cfc5789,33746,5.1123,9
582ef281,34965,5.1123,9
77a61b0c,31086,5.1123,9
4cf06ef,32842,5.1151,9
53758c95,34891,5.1151,9
238ab5b3,22058,5.1096,9
5bfa732b,20897,5.1151,9
148f422a,33854,5.1151,9
c1fe1b9,22082,5.1151,9
4b26f54d,23423,5.1151,9
4219d59f,33324,5.1151,9
3178f64c,23116,5.1151,9
4d08f1b3,22139,5.1123,9
3f7ee593,29123,5.1151,9
33c77ace,28430,5.1123,9
457b206c,35169,5.1151,9
15c91981,32805,5.1123,9
4ff4c419,35408,5.1151,9
76ee209,31880,5.1151,9
f77e920,33924,5.1151,9
1393c0e2,28434,5.1068,9
4549f3a5,32955,5.1151,9
6dfbf531,20803,5.1151,9
7aae1a85,35460,5.1151,9
7d773c47,28317,5.1151,9
a20d173,28383,5.1123,9
3a2e07fe,31931,5.1151,9
37374489,33521,5.1123,9
3dc71ad8,29259,5.1123,9
3160ff5a,30814,5.1068,9
1f859722,28966,5.1151,9
7b3b1f7f,34648,5.1151,9
76250f9d,32247,5.1151,9
7331ca5b,28929,5.1123,9
459d7148,31830,5.1151,9
66fe5e63,34793,5.1151,9
38f9fcc6,23373,5.1151,9
45679a90,25855,5.1151,9
6bdeb445,22015,5.1151,9
7fc7e21b,33944,5.1151,9
7ea43d05,23149,5.1151,9
8af2ee9,27317,5.1151,9
f076c1c,32912,5.1151,9
62ea5477,34755,5.1123,9
71659676,29083,5.1123,9
6f076883,31900,5.1151,9
2f109842,22140,5.1151,9
5e39232f,22137,5.1151,9
332c8b8,34676,5.1151,9
5e716ffa,34962,5.1151,9
57a5fb2d,23095,5.1151,9
7cdcbb13,28387,5.1096,9
6bebcffc,23090,5.1151,9
10a927ec,31732,5.1123,9
7e09bd31,23377,5.1178,9
68d4d4e,20892,5.1178,9
1f106aaf,28451,5.1178,9
2ab1c29e,28212,5.1178,9
19e202cc,34062,5.1178,9
7569db83,33519,5.1178,9
75ae360a,31249,5.1178,9
69308293,21013,5.1151,9
633bda1,29112,5.1178,9
4db11819,20763,5.1178,9
31d9c523,21734,5.1178,9
444c8701,20085,5.1178,9
7fc2f9c8,21793,5.1178,9
120bc8b9,32175,5.1178,9
57bf7b31,33340,5.1151,9
77eb8a48,21501,5.1178,9
1f8f31c4,30018,5.1151,9
1670e46,19323,5.1178,9
530d7c8c,29080,5.1178,9
3f76cf4,20962,5.1123,9
7fc7f32f,34770,5.1178,9
38739cb5,34292,5.1151,9
54558f55,34720,5.1178,9
1b8c3d8e,33566,5.1178,9
3232950a,19358,5.1123,9
a6366dc,33918,5.1178,9
4a7da234,24467,5.1178,9
32aab309,33505,5.1178,9
1496ea93,34936,5.1178,9
5522b5b,32804,5.1178,9
1c09de58,28258,5.1178,9
221945c7,29574,5.1178,9
4e4e65e1,31781,5.1151,9
454c8876,30704,5.1151,9
66ad303e,35698,5.1151,9
7231c743,30794,5.1178,9
1aee93bf,33945,5.1178,9
3bc0a7ac,33990,5.1151,9
48949e2a,25765,5.1178,9
26898fec,33958,5.1096,9
184ab156,23272,5.1151,13
36e62c69,28151,5.1178,9
3286afa4,33233,5.1178,9
5a6f8151,20778,5.1178,9
30f3831f,24377,5.1151,9
7d7e5456,23445,5.1178,9
7afcaaf4,32991,5.1178,9
5c3fd9f3,21791,5.1178,9
70f84210,31085,5.1178,9
7f2b74bd,24336,5.1178,9
609fdaa6,35409,5.1151,9
55f46083,31917,5.1151,9
bd9f136,23098,5.1178,9
42cd6707,29294,5.1178,9
7097558c,35111,5.1178,9
674d8a3a,32866,5.1151,9
4ae9e374,21021,5.1151,9
21cae159,35213,5.1178,9
63b55071,23286,5.1178,9
294452be,33715,5.1151,9
178a8698,21068,5.1178,9
12fd355e,33853,5.1151,9
5b02c9a8,29424,5.1178,9
2c62f80b,33484,5.1178,9
5058b1d4,35688,5.1205,9
13a55301,20985,5.1205,9
6889d3ee,32396,5.1205,9
258b08de,34109,5.1205,9
3048dbaa,32307,5.1151,9
9ccabf9,31932,5.1178,9
2f7c1f8d,35173,5.1205,9
524c3f44,35242,5.1205,9
242f2b2c,35037,5.1205,9
48d0cf33,26172,5.1205,9
71f21d3,33728,5.1205,9
2ff743b5,31224,5.1205,9
349a986b,25905,5.1205,9
3d2267d3,34586,5.1178,9
6931b39f,34549,5.1178,9
27d640dd,31835,5.1151,9
59b9ec4d,34137,5.1178,9
39807ed1,23285,5.1178,9
710ca175,23342,5.1205,9
5dc99f35,21759,5.1205,9
488cfcf9,33479,5.1151,9
5ec1aa21,21764,5.1205,9
648d31de,29102,5.1205,9
752c2a4d,23265,5.1205,9
5a687b25,29030,5.1205,9
4a591d1,23258,5.1151,9
10cfad4a,23456,5.1205,9
9674d25,19304,5.1178,9
5a886af8,22109,5.1205,9
728b4361,21517,5.1205,9
1f430587,34952,5.1205,9
2c7e7d2f,33100,5.1205,9
35381df2,34373,5.1205,21
1c9847c3,29592,5.1205,9
1d00c07f,34992,5.1205,9
1ae88165,23264,5.1151,9
45201012,35435,5.1205,9
6dfcd5d1,34297,5.1178,9
300242c9,32794,5.1205,9
2b9a6f8e,34004,5.1205,9
75272031,21749,5.1178,9
30c20e07,29497,5.1205,9
127416dc,23442,5.1205,9
6a6afd03,28254,5.1151,9
26007ed7,20901,5.1205,9
692fe26,24556,5.1151,9
3462cade,34319,5.1205,9
9ddabb4,31772,5.1123,9
2c0e9a9e,35106,5.1205,9
2f94a163,34721,5.1205,9
3dfc32f7,31733,5.1205,9
7b8d4bf8,28339,5.1151,9
1fea2bac,33909,5.1151,9
7b8eb3ee,20712,5.1205,9
230c0c6b,33590,5.1205,9
3445ab22,32456,5.1205,9
7f3be977,28452,5.1205,9
31421a77,23453,5.1205,9
3f5dde72,32752,5.1205,9
7c71f2a6,21060,5.1178,9
66557c8,29124,5.1205,9
5ca1cc0e,22860,5.1178,9
7d91f44f,32843,5.1233,9
2c6e0bc1,28271,5.1233,9
5ff93828,25774,5.1233,9
d6a5e65,34930,5.1205,9
7f2bf00b,34257,5.1233,9
7b01aa72,31809,5.1233,9
23c7dc2c,28489,5.1233,9
35e99804,35423,5.1233,9
6aaf71aa,20604,5.1233,9
4aa46f5c,20776,5.1178,9
579ffc98,20788,5.1233,9
734a3330,28270,5.1233,9
2ecf67d7,32896,5.1233,9
3f7c6185,35512,5.1205,9
56cb27b9,35431,5.1233,9
7e187ac4,35565,5.1233,9
2bbc5b0f,34554,5.1233,9
78e97010,35492,5.1233,9
459afb93,20760,5.1233,9
c37b40c,30396,5.1205,9
786ecff9,33101,5.1233,9
4bb45914,23253,5.1205,9
795e42a0,33361,5.1205,9
59606592,32913,5.1233,9
2a5c3e74,25965,5.1178,9
68c62d66,30799,5.1233,9
66d93680,22131,5.1233,9
fccbfb6,21613,5.1178,9
55da0728,28385,5.1233,9
3872a57e,34786,5.1233,9
2b75b41a,35380,5.1233,9
c2ebde8,27244,5.1205,9
23ece7db,34960,5.1233,9
49b7cd1f,29081,5.1233,9
4cd17046,22141,5.1233,9
356945c9,32329,5.1233,9
717fae80,25934,5.1205,9
6d75a85,33341,5.1233,9
20bb54,33833,5.1233,9
41435959,23454,5.1233,9
3e7b1bb5,20987,5.1233,9
327cb954,35689,5.1178,9
e43ceec,33030,5.1233,9
1371e144,21754,5.1205,9
6b4e4904,22771,5.1233,9
1622a324,34186,5.1233,9
5591d7ec,33682,5.1233,9
33d1c858,33005,5.1233,9
64b0716f,28257,5.1233,9
7494e7bb,34200,5.1233,9
2f617072,31682,5.1233,9
12cffece,30793,5.1233,9
7513def1,29516,5.1233,9
266946d7,31778,5.1233,9
22f5088,35469,5.1233,9
6ffbe78d,23506,5.1233,9
39bdb104,33506,5.1233,9
4367e7e7,28992,5.1233,9
31e5eb49,32865,5.1205,9
a64c717,25875,5.1205,9
1269675,30457,5.1205,9
4f448d5,33866,5.1233,9
1eceabea,33037,5.126,9
6847e962,29147,5.126,9
10944ff2,31664,5.126,9
58094ef0,23508,5.126,9
206315e2,31860,5.126,9
67753db,20785,5.126,9
51aca68e,33247,5.126,9
63758896,22060,5.126,9
5b015d1f,28217,5.126,9
6754342f,28453,5.126,9
5378669d,24558,5.126,9
1c06655c,34811,5.126,9
4dbe2a66,24636,5.126,9
5e5d8266,21758,5.1233,9
b0d9ab2,32348,5.126,9
1bd159c0,22070,5.1233,9
34d2e363,34552,5.126,9
8830285,21695,5.126,9
6f3cd12d,29134,5.126,9
7e329a53,20950,5.126,9
5dd8a70d,32364,5.126,9
4d5f1119,29084,5.126,9
44631426,33006,5.126,9
2e69eefb,19244,5.126,9
3611c4f4,31151,5.126,9
373dcf6,31914,5.126,9
3840866,31715,5.126,9
34a5f67b,30760,5.1233,9
5f6d3a9a,35261,5.126,9
2918b305,20761,5.126,9
3e1209ba,23251,5.126,9
61c4ce8,33051,5.126,9
1b15a4b1,31642,5.126,9
2d1af4a3,25858,5.1233,9
36b6763,24538,5.126,9
677400ea,33504,5.1233,9
51f20099,33057,5.126,9
73bf7392,21618,5.126,9
348b4e5f,35096,5.1233,9
54f6308f,24395,5.1233,9
75bc669f,33054,5.126,9
64d589d9,31637,5.126,9
2e90744,33834,5.1233,9
78f24ee5,35597,5.1233,9
14f71118,33023,5.1233,9
5c24d91e,31904,5.126,9
426d506d,21042,5.126,9
8f4bc43,28429,5.126,9
24a70394,31147,5.126,9
5eb1d237,29616,5.1178,18
76f70fb4,34438,5.1233,21
be7490e,31918,5.1233,9
5bcca38d,22151,5.126,9
47eba0c3,34592,5.126,9
171be263,20929,5.1205,9
59dfd59b,29234,5.126,9
67b1d5e6,24384,5.126,9
7d468c6b,30400,5.1205,9
3506715a,21713,5.126,9
1252096c,33959,5.126,9
4312756f,22149,5.126,9
7ba5f025,21984,5.126,9
32c91eee,32480,5.126,9
3443254c,32853,5.1233,9
36d843c1,24594,5.126,9
6228b9e7,23222,5.126,9
18ecf522,33399,5.126,9
3528da36,30422,5.126,9
411a4119,34689,5.126,9
665a2f5c,33398,5.126,9
19609350,34966,5.1288,9
6a6a1320,32978,5.1288,9
79eb85fd,31864,5.1288,9
4efc7553,25953,5.126,9
539b85cf,19382,5.1288,9
4c33cb35,29219,5.1288,9
6148690d,24647,5.1288,9
2a007dac,32875,5.1288,9
6e723d16,31681,5.1288,9
14a60940,25892,5.126,9
24113fb9,32418,5.1288,9
469e1282,20716,5.1288,9
643c0b5d,31765,5.126,9
1b591041,30455,5.126,9
3f11e663,28377,5.1288,9
92de901,20844,5.1233,9
14b2ffcc,23168,5.1288,9
dcf6d9a,20904,5.1288,9
6ea93ded,22767,5.1288,9
374da4a1,24541,5.1288,9
5e47bf7a,23417,5.1288,9
6ed5782f,29634,5.1288,18
8d6f115,23446,5.1288,9
7e83ee28,29306,5.1288,9
1ddc22ed,21954,5.1288,9
580d3579,26322,5.1288,9
67ec2934,34320,5.1233,9
6ff794f,32508,5.126,9
5dd46e53,24337,5.1288,9
765916d3,28431,5.1288,9
7ac8e837,23509,5.1288,9
4bdfbcea,22138,5.1288,9
6dddeca0,30197,5.1288,9
4d7c892c,30795,5.1288,9
3034a4cd,23165,5.1288,9
d806bac,34903,5.1288,9
3b8eae1a,22134,5.1233,9
129265ae,35009,5.1288,9
795a9fd,34931,5.1288,9
9c66fa8,19307,5.1288,9
47f6eef4,29137,5.126,9
7ea58453,26177,5.1233,9
46485cb1,29328,5.1288,9
6cb8dfc4,32973,5.1288,9
563956d4,34188,5.1288,9
26c883a9,32904,5.1288,9
6793bf28,20674,5.126,9
22e1ee15,23033,5.1288,9
88d5372,34064,5.1288,9
141e2b41,32379,5.1288,9
762937a0,34722,5.1288,9
5b95fe36,25873,5.1288,9
39e130f5,27245,5.1288,9
5c4040ab,24601,5.1288,9
1a1fed3c,25924,5.1288,9
636be8b4,32786,5.1288,9
177bdea1,33503,5.1233,9
27ad3223,21048,5.1288,9
79b66b65,23512,5.1288,9
452402af,21035,5.1288,9
ce3427c,24396,5.1288,9
429145e9,22807,5.1315,9
8b6f39d,35748,5.1315,9
6d62b95e,32877,5.1315,9
7b04f62c,33128,5.1315,9
16cad726,35107,5.1315,9
1acb50c1,22040,5.1315,9
33f24aa8,28394,5.1288,9
c677d50,29310,5.1288,9
21463f4f,33705,5.1315,9
74378dcb,34065,5.1288,9
2e556692,28213,5.1315,9
21b4d9c5,22150,5.1233,9
28dea0f7,34044,5.1315,9
9d8084e,29307,5.1315,9
2ea7e604,20669,5.1288,9
3ee269d8,31901,5.1315,9
7673e21a,34190,5.1315,9
2b773d3b,34175,5.1315,9
368de6c1,33369,5.1288,9
dce1f57,33422,5.1315,9
3b4e2138,34555,5.1315,9
62a4da63,19361,5.1315,9
4f25d346,21987,5.126,9
338301dc,26171,5.1288,9
262f8b8a,21906,5.1315,9
701057b4,21955,5.1315,9
11ce1513,33708,5.1315,9
4be7af7b,23050,5.1288,9
60cb4dea,32953,5.1315,9
12141bb0,33250,5.1315,9
7393f26c,27318,5.1315,9
5f90712,33498,5.1315,9
304709a1,30781,5.1315,9
3f67be5a,21815,5.1315,9
d1ceb9d,32482,5.1315,9
617068c0,35381,5.1315,9
2c7c226b,32419,5.1315,9
2eebdcd0,22737,5.1315,9
44c19a93,29140,5.1288,9
2695cca3,23225,5.1315,9
6b37dd60,28494,5.1315,9
1b4a918a,33056,5.1288,9
2eef565a,34298,5.1315,9
53179572,34049,5.1315,9
5b6fab67,24428,5.1315,9
33d486c1,33053,5.1315,9
ee6a1b7,28220,5.1315,9
41efa720,31137,5.1315,9
2e3c066a,32378,5.1315,9
82eb459,32806,5.1288,9
33fe57f2,25842,5.1315,9
f94300a,25790,5.1315,9
7bce5315,31665,5.1288,9
3ca490db,25835,5.1315,9
7da4017a,22044,5.1288,9
55d24660,34677,5.1315,9
25419579,26108,5.1315,9
531e6aa4,32350,5.1288,9
3967bb4b,29578,5.1315,9
67410542,22159,5.1315,9
a38520e,35418,5.1315,9
1679d632,32319,5.1315,9
21ddc6f4,34260,5.1315,9
7cafbc64,29264,5.126,9
5c44a21f,21860,5.1315,9
587df73f,20932,5.1288,9
175860a2,33228,5.1315,9
c0a0591,29108,5.1315,9
9970b0d,33405,5.1315,9
1695b2b1,22820,5.1315,9
37745a7b,20647,5.1342,9
6fb8ae26,33293,5.1233,9
584b78e1,20903,5.1342,9
cc24e3a,23344,5.1342,9
37f97529,30198,5.1342,9
4faa36d6,23375,5.1342,9
1d1a246e,28956,5.1315,9
1e15db5c,33193,5.1342,9
b8e53a,33921,5.1342,9
7c149839,23502,5.1342,9
30e1fa81,24557,5.1315,9
281b111a,19248,5.1342,9
47c8acf6,34139,5.1342,9
34b26ab5,25955,5.1342,9
29bb5db4,26321,5.1315,9
780236ec,24353,5.1342,9
41fd9dc2,23192,5.1342,9
1fc53166,35493,5.1315,9
204ff5ed,33910,5.1315,9
50e6f0d6,34442,5.1342,21
52cb5920,23328,5.1342,9
64b31c1e,25886,5.1342,9
3b8c6df8,28332,5.1342,9
28aebf95,29220,5.1342,9
7648937a,24603,5.1342,9
2a42f966,28454,5.1342,9
77cdb9ac,28299,5.1315,9
28a158cc,32442,5.1233,9
1a40cde1,32787,5.1342,9
27f48e06,34012,5.1342,9
3d6e538d,33131,5.1342,9
1f2b1bd4,29455,5.1315,9
37837958,35495,5.1342,9
735a1b83,20994,5.1342,9
15d1f630,20755,5.1342,9
318e215,33074,5.1315,9
4e6d3244,28465,5.1342,9
1fc8ce,20646,5.1315,9
4f22017b,23215,5.1342,9
81056f0,31650,5.1342,9
4c5c15ad,35478,5.1342,9
6e66a0f5,20605,5.1342,9
32fbfd50,35199,5.1342,9
4864d227,31863,5.1315,9
6d0d1bad,26150,5.1288,9
6720672a,35073,5.1342,9
4b7df71e,29129,5.1342,9
18cfca87,22847,5.1342,9
40023cb2,32808,5.1342,9
4ca3ab71,31638,5.1315,9
23d43542,23104,5.1315,9
47291f25,20756,5.1342,9
6348c5d9,28319,5.1342,9
49f1289e,34805,5.1315,9
4b0d7ac7,35309,5.1342,9
4a30f373,33552,5.1342,9
445284b4,23447,5.1342,9
778bb7be,20090,5.1342,9
6111e7ea,21614,5.1315,9
6e026022,33502,5.1288,9
2164868e,20964,5.1342,9
11f0b27,20993,5.1342,9
51b85894,35680,5.1315,9
3f78dbfe,21907,5.1342,9
3aad7a69,34045,5.1342,9
43121828,26165,5.1342,9
507d9426,24385,5.1315,9
292312fc,20648,5.1342,9
1e0c8e29,24347,5.1315,9
788c4b83,29417,5.1342,9
2ad1518a,21899,5.1342,9
2b8ccfe2,31796,5.1342,9
17eca211,22064,5.1342,9
26e9e6e2,31797,5.1342,9
3c2371ef,35596,5.1315,9
711d4a56,28510,5.1342,9
393924e,23167,5.1342,9
6aa4ba28,33055,5.137,9
4daf029a,21033,5.137,9
567bbe83,23161,5.1342,9
49e547e0,29603,5.1342,9
65fc10e,22013,5.137,9
5ace776,35097,5.1342,9
33d1b88d,21041,5.137,9
385587d2,34900,5.137,9
5bec0d7f,33073,5.1342,9
23c3f0bd,28983,5.137,9
1de82198,33207,5.1342,9
9974ee0,23117,5.1342,9
32ab2d58,35237,5.137,9
e5175a8,33342,5.1315,9
5269611b,20777,5.137,9
61bac5f8,28181,5.137,9
a10e57a,28324,5.137,9
fe92da5,35012,5.137,9
438bce66,27246,5.137,9
1691f4fa,35704,5.137,9
21b366d5,28291,5.137,9
2c057cac,23081,5.137,9
6ac7f88c,33024,5.1288,9
7368e70a,33595,5.137,9
49d7b27c,34131,5.137,9
4e3057f6,20862,5.137,9
1b66d524,28964,5.1315,9
2f8221f5,33281,5.137,9
1771514c,21000,5.1342,9
3a136973,31870,5.137,9
4a07a4d,34600,5.137,9
4e492398,35007,5.1342,9
532fe02c,33681,5.137,9
725653cb,25962,5.137,9
75a32dde,34151,5.137,9
72f19511,35517,5.137,9
5e7335e3,34203,5.137,9
344349f1,30397,5.137,9
1efbeded,21601,5.137,9
725aee31,22154,5.137,9
cfdb476,23281,5.1342,13
4b664427,29313,5.137,9
ab35c23,28228,5.137,9
2fbd1022,35387,5.137,9
4e024fa7,27327,5.1342,9
373c6d3c,26173,5.1315,9
7dea93fa,31081,5.137,9
27fe6dbc,34322,5.1315,9
60055561,30484,5.137,9
3ca641b1,33025,5.137,9
68a79e94,33288,5.1342,9
5b76c3e6,31639,5.137,9
2a8db39a,34953,5.1397,9
3ce08db1,33337,5.1397,9
76846911,24442,5.1397,9
782105b9,33449,5.1397,9
7349bcbf,23436,5.137,9
2c266717,28292,5.1397,9
1413ea27,23367,5.1397,9
418ad555,34444,5.1397,21
31f60c10,28520,5.1397,9
2ef7dbe6,29000,5.1397,9
25be5ecd,25901,5.1397,9
f6d91a5,32399,5.1397,9
51f841b2,28997,5.1397,9
145c4dda,28483,5.1397,9
32091752,28338,5.1397,9
339e0b8f,32369,5.1397,9
23a6cef1,21049,5.137,9
74b9b47e,32174,5.1397,9
e708e3c,22762,5.1288,9
4d713e0e,35071,5.1397,9
58b5b017,26183,5.1397,9
6116f53b,35702,5.1315,9
6b9d964b,24635,5.1397,9
78cab1fb,34627,5.1397,9
2f584478,10881,5.1397,2
5a186c8c,22078,5.1397,9
c71e5d9,31890,5.1397,9
b5905d2,23210,5.1397,9
664ffb45,33421,5.1397,9
7f2a870c,22764,5.1342,9
65061cdd,34269,5.1397,9
7cf6fa1d,21898,5.1397,9
3f4207c4,20649,5.1397,9
26ce46ba,31148,5.1397,9
df7b788,31121,5.1397,9
469a8239,26311,5.1397,9
5e678370,32365,5.1397,9
3471a99f,28982,5.1397,9
69c9d109,33683,5.1397,9
3d66b11c,22883,5.1397,9
d9d0acf,23376,5.137,9
1f84da0f,34397,5.137,21
38e2016f,21050,5.1397,9
3004b93e,31118,5.1342,9
456d28e8,33908,5.1397,9
55aa0683,30473,5.1397,9
59016317,35142,5.1397,9
6cc7fa9b,24348,5.1397,9
456bfd1c,32957,5.1397,9
44066715,23170,5.137,9
51deebe2,20762,5.1397,9
826360d,19349,5.1397,9
54456144,23289,5.1397,9
7055a75,21022,5.1397,9
2fdb2152,32483,5.1397,9
26d3cc08,19324,5.1397,9
704cab4f,33567,5.137,9
566bdf5f,32353,5.1397,9
600a27bc,29539,5.1397,9
295bcb97,23301,5.1342,9
7c6e7f02,34601,5.1397,9
4a0fa3b,31136,5.126,9
74c53b82,29145,5.1397,9
11a32f33,22091,5.1397,9
6ecafcac,24512,5.1397,9
6d38a26c,33850,5.1397,9
656ad24f,34933,5.1397,9
28464cee,29552,5.1397,9
1150ead6,33321,5.1315,9
a98549d,33336,5.1397,9
46f7bf34,24550,5.1397,9
22b3f803,33444,5.1397,9
1023581c,32914,5.137,9
6330694,33099,5.137,9
27cb5e81,21595,5.137,9
722aad3,19373,5.1397,9
6fbfda59,26334,5.137,9
65568c0a,34185,5.137,9
7bcf2192,32478,5.1397,9
1ceeba9b,29423,5.1425,9
15c28df,19264,5.1425,9
68d573c,22750,5.1425,9
177138a6,33894,5.1425,9
4696d09e,34054,5.1397,9
2b1b14d7,20088,5.1425,9
44d7ba6f,35687,5.1342,9
280f317e,25789,5.1425,9
362598d1,21036,5.1397,9
4647acab,28933,5.1425,9
3fba62ce,21001,5.1425,9
5c8b036,23187,5.1425,9
6eef3086,20759,5.1425,9
14bbfd94,35764,5.1315,9
7416ce9a,22862,5.1425,9
f4f1647,33355,5.1342,9
638fa972,29543,5.1425,9
74f3ce85,28499,5.137,9
3653bc9f,27352,5.1425,9
7610983b,28511,5.1425,9
6f431be3,33914,5.1425,9
41d9793c,24652,5.1425,9
5f039c4c,32310,5.1425,9
1ef213b9,24657,5.1425,9
14e899c2,34071,5.1425,9
57ca86ef,34628,5.137,9
15d05a47,20948,5.1425,9
1b31fc9f,33390,5.1425,9
4b4750b2,29315,5.1425,9
48395acb,29006,5.1397,9
4b6de997,35589,5.1425,9
1ce9f1f,23255,5.1425,9
3adee288,19357,5.1425,9
3833081a,20779,5.1425,9
6be579e,33782,5.1425,9
22bb378f,30486,5.1425,9
6fbc4bf2,33700,5.1425,9
4f6fedc7,25906,5.1397,9
3b195113,23118,5.1425,9
77451306,24551,5.1425,9
40650eb0,34670,5.1397,9
4d0b2e95,23204,5.1425,9
7dbaf326,32299,5.1425,9
698b0db9,25922,5.1425,9
c5ab44b,33387,5.1425,9
64a23bfe,29334,5.1425,9
70c9ce79,33295,5.1425,9
5ac02085,23057,5.1425,9
3613f7a,33699,5.1425,9
76698923,22111,5.1425,9
48ed3b91,26120,5.1425,9
5da8bb8e,34794,5.1425,9
1372fe01,28957,5.1425,9
19e289fa,32382,5.1425,9
23f83b74,34261,5.1425,9
2e8bd29,28977,5.1425,9
6eec983,29415,5.1425,9
b4e2dfd,32450,5.1397,9
698f847b,35383,5.1425,9
2ec97d96,35264,5.1397,9
5e9b0b1d,32420,5.1425,9
2440f4f6,21999,5.1397,9
31f90059,24542,5.1397,9
54b9ee3d,35327,5.1342,9
527cc454,21066,5.1425,9
71b86da9,34998,5.1425,9
8ba500f,23092,5.1425,9
13e98f23,24539,5.137,9
2703b76e,20375,5.1425,9
15645302,34806,5.1425,9
4f044389,20786,5.1397,9
10cb4ddd,29262,5.1425,9
2ac9306d,35508,5.1452,9
4273c490,35746,5.1452,9
1d029a75,34731,5.1452,9
70779a57,34582,5.1452,9
294bf2a7,19360,5.1452,9
498f7fde,29040,5.1452,9
3a988421,27247,5.1452,9
50696926,28958,5.1425,9
1c80f45e,35608,5.1425,9
6247d263,23075,5.1452,9
37a94cd5,28208,5.1425,9
4026fa06,23059,5.1452,9
7f3f7247,24604,5.1452,9
2c12335f,34934,5.1397,9
7d6f2e89,26109,5.1397,9
7118b4b9,28502,5.1452,9
6ba318db,34178,5.1452,9
16112e9e,33248,5.1452,9
16edb839,33130,5.1452,9
2ba47fc8,33007,5.1452,9
4464fd03,34336,5.1452,9
31b357d,32451,5.1452,9
37f24094,23223,5.1452,9
2888fd2a,23010,5.1452,9
205a9dcc,34011,5.1452,9
4335e021,35703,5.1452,9
6666fe33,29465,5.1452,9
9682e78,27262,5.1452,9
7da87664,32915,5.1425,9
76727fa7,23018,5.1397,9
1170b518,33389,5.1425,9
40364663,20764,5.1452,9
8e5abf3,34602,5.1452,9
3640e7dd,21832,5.1397,9
220c5c78,28361,5.1452,9
13e89558,20804,5.1452,9
507b0304,35724,5.1452,9
75e480cb,20769,5.137,9
442bffa5,21828,5.1452,9
48494c4,23078,5.1452,9
c6fc473,33335,5.1452,9
5ddcffed,32226,5.1425,9
4691f524,33102,5.1452,9
66137b86,34626,5.1452,9
73233f6f,25944,5.1425,9
142d676b,33942,5.1452,9
6b351c72,22074,5.1452,9
2eb4d194,23218,5.1452,9
67c529b3,25952,5.1425,9
1af7b186,28259,5.1425,9
659e9b8c,21596,5.1452,9
6daededa,22071,5.1425,9
23e8ea6d,31122,5.1452,9
4dbd2ab6,32283,5.1452,9
1696ebb,20740,5.1425,9
4340417,24543,5.1452,9
15e7bde6,30819,5.1452,9
4e0944a9,26335,5.1452,9
ea4f98e,28969,5.1425,9
6afbd1b5,34337,5.1452,9
4e4b7441,33899,5.1452,9
66ebe8e3,32212,5.1452,9
4f2a0539,35454,5.1452,9
7be81310,29032,5.1452,9
6e948950,23031,5.1479,9
5701c891,32457,5.1479,9
35a33cd3,32922,5.1479,9
6d5c4e0b,31713,5.1479,9
489d1c85,28505,5.1479,9
73d6f615,32409,5.1479,9
39422f36,23345,5.1479,9
60de2dcf,19381,5.1479,9
40077c65,32345,5.1452,9
4a54c2e,28932,5.1452,9
2cb6f813,29577,5.1452,9
3d17081f,21866,5.1479,9
68b97a58,28501,5.1479,9
4688af8c,31950,5.1479,9
68e24f4f,24545,5.1479,9
738f5420,21890,5.1479,9
76ddfdbe,35568,5.1479,9
75aac826,29281,5.1479,9
f4879eb,23514,5.1479,9
66f1276,23424,5.1479,9
1fc63f08,21615,5.1479,9
326df945,19359,5.1479,9
3c8e2f2e,22881,5.1479,9
51279c23,20991,5.1425,9
70c59e75,30393,5.1479,9
30772720,31912,5.1479,9
ec7ceb9,20724,5.1479,9
20d79e16,33327,5.1479,9
6ded227d,20091,5.1479,9
31872f83,35275,5.1479,9
1836a00e,23166,5.1479,9
1dbe8404,32897,5.1479,9
1944a304,23443,5.1479,9
11b77c98,23055,5.1479,9
3c77fe5f,33967,5.1479,9
5580c371,21736,5.1479,9
69601646,31149,5.1479,9
4319e44e,28229,5.1452,9
401f7f74,32895,5.1452,9
13d7a74d,34905,5.1479,9
7aec5157,21927,5.1479,9
76dbe1d0,35494,5.1479,9
4d84c4a0,28512,5.1479,9
63c7ef92,20933,5.1479,9
7b397c54,23083,5.1452,9
52c5c782,25945,5.1479,9
390fa8be,20741,5.1479,9
65686b72,33856,5.1452,9
55037057,34002,5.1479,9
3bc9f2b9,28622,5.1479,9
298654a2,23173,5.1479,9
6d884374,27256,5.1452,9
5d2d6b0,35036,5.1479,9
1eeaa1ec,34908,5.1452,9
3156c2a6,34631,5.1479,9
165e1d26,25947,5.1452,9
7465bdd6,25859,5.1479,9
4e040a83,34115,5.1479,9
4940b217,33018,5.1479,9
2f912134,28362,5.1479,9
7b9f98ab,34398,5.1479,21
15a1c549,33551,5.1479,9
593d0de0,23076,5.1479,9
7f030f72,33058,5.1479,9
785e9af9,35422,5.1479,9
634e9336,23242,5.1479,9
522dd0b2,35699,5.1479,9
35322d1a,24656,5.1479,9
71360852,35475,5.1507,9
3937e017,35356,5.1507,9
1496f30c,31936,5.1507,9
2e771324,19249,5.1452,9
1263ee18,35089,5.1479,9
6e81ad09,20734,5.1507,9
575aa530,28521,5.1507,9
361d4bb3,31640,5.1507,9
30ac223f,35419,5.1507,9
2654e93d,33706,5.1479,9
2b4ac0c1,20861,5.1479,9
77d646c8,34378,5.1452,21
26ba2fd7,32203,5.1507,9
27a6273c,32502,5.1507,9
16331da8,33234,5.1507,9
5a17b7c1,33423,5.1507,9
1f325a4d,23093,5.1507,9
7e885f00,31782,5.1507,9
19c646af,23211,5.1479,9
142b87e8,35238,5.1507,9
749d81c4,35747,5.1507,9
48d1a008,32924,5.1507,9
63896483,23054,5.1479,9
2b55abdd,34997,5.1507,9
335e9cd2,34652,5.1452,9
764abb51,33433,5.1479,9
5e4f6467,35379,5.1507,9
58c23730,29001,5.1507,9
1f3d88f6,35274,5.1479,9
3c8e2873,20733,5.1479,9
19471fd9,35679,5.1507,9
5075c076,28412,5.1507,9
23fc98b6,34563,5.1507,9
6e7ce10a,35681,5.1507,9
4f6482cb,28495,5.1507,9
316c9d21,26174,5.1507,9
76929a92,29174,5.1507,9
7f6f51fb,28224,5.1507,9
14f6e607,32484,5.1479,9
6390b13d,29106,5.1507,9
7050f3ce,34999,5.1507,9
2302a081,28225,5.1507,9
2667cd93,34052,5.1507,9
1e43b733,25839,5.1507,9
502c186,34379,5.1507,21
5b817035,29430,5.1452,9
73f35a97,33044,5.1507,9
45c3eac0,32809,5.1507,9
5d50acbe,33325,5.1507,9
4e4d5863,34774,5.1507,9
270394df,31150,5.1479,9
7d4cef15,23049,5.1507,9
25a1995e,35470,5.1507,9
10b53c9,28303,5.1479,9
3a959a5b,29540,5.1507,9
203bee5b,35174,5.1507,9
979f86b,33392,5.1507,9
52b76796,21829,5.1507,9
446678d9,25841,5.1479,9
7dd45077,30481,5.1452,9
4c42653,32479,5.1507,9
3b500f38,33649,5.1507,9
7dac1299,24618,5.1507,9
144e416d,20670,5.1507,9
6399538d,24552,5.1479,9
580bb909,20977,5.1507,9
452e404b,35112,5.1507,9
70274b10,21865,5.1507,9
22710ef5,34066,5.1479,9
230d34aa,20967,5.1507,9
aa11e7d,20988,5.1507,9
fe72dd1,33940,5.1507,9
387c087e,21576,5.1507,9
721ec3bf,23451,5.1507,9
704e7977,29469,5.1507,9
46714b0a,33104,5.1507,9
602984f7,28484,5.1507,9
1e968442,32878,5.1507,9
1a91af14,29062,5.1479,9
1997f8f0,34756,5.1397,9
7fecf3ab,20745,5.1507,9
68120a4d,31841,5.1507,9
4ee43fc7,22065,5.1479,9
d9b5b99,35690,5.1479,9
1572802a,20378,5.1507,9
6d4ab0ab,23302,5.1479,9
23fb0c2,22083,5.1507,9
55af748f,20976,5.1507,9
54ddddc0,28302,5.1479,9
6caaf018,20082,5.1507,9
136cf4ef,22046,5.1479,9
3d49e101,24361,5.1534,9
7c018b5,23096,5.1534,9
3c510265,30429,5.1534,9
486e528c,31896,5.1534,9
3addf369,24562,5.1534,9
3ddf5137,35248,5.1507,9
9a92ec3,30474,5.1507,9
3369f748,23282,5.1534,13
667a1cf7,20381,5.1534,9
6174423e,32485,5.1534,9
1ea79e62,27326,5.1534,9
63a4efc1,34647,5.1507,9
1d5b2aef,34299,5.1534,9
2bf00017,21714,5.1534,9
d467a58,25862,5.1534,9
57980e00,34899,5.1534,9
48b2489e,33048,5.1534,9
143ed37f,26181,5.1534,9
50769f45,30456,5.1507,9
7badcde4,29460,5.1507,9
6cd2349f,32879,5.1507,9
e15b751,34595,5.1397,9
6afd8d61,23279,5.1534,13
7faaaf37,28455,5.1507,9
74a5830e,35682,5.1534,9
212d9abb,26179,5.1534,9
273d9d7a,20789,5.1534,9
d7341a4,33578,5.1534,9
d445dbd,19386,5.1534,9
3fce872b,35496,5.1534,9
73bbb06,33925,5.1507,9
4a0e1118,25903,5.1534,9
113836e,28320,5.1534,9
4ba6bedf,34954,5.1534,9
1e655bb4,34107,5.1534,9
2e158f44,30458,5.1534,9
74ace20b,29541,5.1534,9
518f2d8b,23290,5.1479,9
4e10bb57,25840,5.1534,9
53054908,34374,5.1534,21
51e88383,21518,5.1534,9
42479f0f,31716,5.1534,9
9464e13,22041,5.1534,9
7342fd0c,33989,5.1507,9
70720b3a,21011,5.1534,9
65136a2c,20377,5.1534,9
3be7ef40,33863,5.1534,9
1b522e66,33507,5.1507,9
f212a76,31680,5.1534,9
205fcdc9,34760,5.1507,9
40943923,35011,5.1479,9
2c69733f,31079,5.1534,9
3ea86917,20713,5.1534,9
340341ba,32807,5.1534,9
6aecf376,28513,5.1534,9
bd09229,29107,5.1507,9
76cdb295,21017,5.1534,9
72617d7b,33195,5.1479,9
58ed2367,35762,5.1534,9
55171c4f,34562,5.1534,9
5a599d1e,30782,5.1534,9
5f5785a4,34787,5.1534,9
411bc5da,34650,5.1534,9
70dc3085,20863,5.1562,9
1d44bfb5,32320,5.1562,9
be3706e,31935,5.1562,9
14c941dd,34001,5.1562,9
7b9af9fd,22079,5.1562,9
58013d9,23077,5.1562,9
3d81adcb,34719,5.1507,9
2d71ca15,21570,5.1562,9
6be81caf,23300,5.1507,9
7368b1cf,32344,5.1562,9
76f37aa0,31140,5.1562,9
462c7e40,29617,5.1562,18
652e25f2,28340,5.1562,9
53fe1651,31666,5.1534,9
3eb550f4,28363,5.1562,9
1bcee71c,29466,5.1562,9
f5b5022,24468,5.1562,9
2c349306,30815,5.1534,9
38124484,21070,5.1562,9
5488a29d,23261,5.1562,9
107226e,35420,5.1562,9
9a33deb,28390,5.1534,9
23bf7e3f,20675,5.1562,9
3b51cb16,21767,5.1562,9
32b2bc9f,29314,5.1534,9
a1efcf5,32493,5.1562,9
349f6c7a,34067,5.1534,9
1ac2c438,29099,5.1562,9
42d40fd9,25925,5.1562,9
65251558,21619,5.1562,9
18a1a45d,31080,5.1562,9
2bca2254,22765,5.1562,9
144e5075,26169,5.1507,9
76062fe2,33554,5.1562,9
3c68c4a3,20943,5.1562,9
3b447baf,28934,5.1562,9
2e52a3d6,32349,5.1562,9
48799391,34593,5.1562,9
f47cc43,20996,5.1562,9
17464707,20722,5.1534,9
78125b9d,30399,5.1562,9
58bf369,33911,5.1534,9
65c53550,35075,5.1479,9
2cb11a2a,21069,5.1534,9
5afda587,33396,5.1562,9
585dcd80,35061,5.1562,9
2850f136,21985,5.1562,9
19c415ab,34990,5.1562,9
8a60986,20965,5.1562,9
3c9f17eb,20972,5.1534,9
18db3a18,24513,5.1562,9
409ff29a,33474,5.1562,9
e7d8377,34321,5.1562,9
583061dc,33043,5.1562,9
4a99ed1c,27297,5.1534,9
b5305ad,27260,5.1534,9
512f23b2,33724,5.1562,9
33ab74db,25773,5.1507,9
365f9ebf,20838,5.1562,9
3b6b1c41,30403,5.1562,9
5913f390,31934,5.1562,9
25b29bb4,34629,5.1562,9
da81e03,22087,5.1562,9
654dbec1,33499,5.1562,9
2fad6eb1,24515,5.1534,9
1e732fcb,34283,5.1562,9
3a3c861e,35010,5.1534,9
53667200,33709,5.1562,9
64c5d999,25783,5.1562,9
5b55751b,29295,5.1562,9
1f495026,33481,5.1562,9
18c32973,22132,5.1534,9
7855be19,22778,5.1562,9
8d8f1a5,24522,5.1562,9
5d4548f8,31933,5.1534,9
7785ca6f,34596,5.1562,9
52187e8d,32498,5.1534,9
5c4c6a92,35192,5.1589,9
9bcb274,23280,5.1589,13
46a63f3f,24362,5.1589,9
3153bd9b,24309,5.1589,9
e7449d9,31799,5.1589,9
62b76571,23188,5.1589,9
159ff1df,34835,5.1562,9
6daff8b,34226,5.1589,9
390c2992,21833,5.1534,9
151a95eb,34967,5.1589,9
4c5fe6d4,23516,5.1589,9
26a4e789,25900,5.1534,9
7ebc1a76,29522,5.1589,9
3fc86d87,29173,5.1589,9
4e5658b1,21697,5.1589,9
3aa83086,25843,5.1589,9
c9255ec,28266,5.1589,9
d0b7358,24560,5.1589,9
13faa725,29221,5.1589,9
6fa25488,30494,5.1589,9
718141a5,24311,5.1589,9
27c67d7e,21766,5.1562,9
61c3352c,29416,5.1589,9
1c383b88,28260,5.1589,9
674fddc3,34294,5.1589,9
737661d9,20951,5.1589,9
125e3666,22766,5.1589,9
be440ce,22093,5.1562,9
56ddde41,28221,5.1589,9
4fe5a09c,33795,5.1589,9
fdd7810,29130,5.1589,9
2616ab15,24614,5.1562,9
1e015640,34204,5.1589,9
7c82f45c,21861,5.1589,9
187b1e24,21794,5.1589,9
ba6403d,25958,5.1562,9
1f01a45f,21014,5.1562,9
65bdcd2d,22808,5.1589,9
14de9d74,30419,5.1589,9
54df2ff4,28289,5.1589,9
744a93f7,34909,5.1589,9
34802964,25904,5.1562,9
d1e2061,30423,5.1589,9
17262c2,34050,5.1589,9
57612ad3,22763,5.1589,9
3fdaa3f8,21760,5.1562,9
a24666e,25853,5.1589,9
465c922a,20986,5.1534,9
76c55263,35471,5.1589,9
1379c32c,35683,5.1589,9
3fe93c06,33650,5.1589,9
795677d8,35099,5.1589,9
5068798a,33075,5.1562,9
ce26fae,33960,5.1589,9
51dfbdbd,28180,5.1589,9
1bfdf8e9,32179,5.1589,9
7f1b5efe,33859,5.1589,9
39819ea4,33880,5.1562,9
84a7635,21016,5.1562,9
174af78d,23195,5.1589,9
3b54828c,33132,5.1589,9
4f9a1fbf,28255,5.1589,9
143a33a7,20717,5.1562,9
540c5832,31865,5.1589,9
1e35f0c,34176,5.1589,9
4b53e0dd,20737,5.1589,9
54ab79ef,34657,5.1589,9
11c9dfd6,34284,5.1616,9
27b2c815,34725,5.1562,9
73b39136,33874,5.1589,9
7cd8faae,34177,5.1589,9
2330ad8c,23099,5.1616,9
4723b54f,33197,5.1616,9
12732b9f,34123,5.1616,9
7da632c6,35318,5.1616,9
4610aa56,26323,5.1616,9
606a33d5,35367,5.1616,9
6bcec394,31739,5.1616,9
26c72c9,33245,5.1616,9
28e9bf74,33993,5.1616,9
2732ec29,25907,5.1616,9
64b3b083,23275,5.1616,13
5576c35b,20787,5.1616,9
48396802,34118,5.1616,9
5d06e0d8,24640,5.1616,9
78da9688,35198,5.1616,9
19416b8,34324,5.1616,9
629b71ca,35319,5.1616,9
61616ce3,25963,5.1616,9
52292c4c,34564,5.1616,9
4d23d891,32965,5.1616,9
5c28683a,35070,5.1589,9
6c23265b,23212,5.1616,9
550f1f34,33372,5.1589,9
3f636702,26341,5.1589,9
6cd7d72f,34655,5.1589,9
313643b4,34616,5.1616,9
5b2fe655,23268,5.1616,9
34687fad,35221,5.1589,9
10175555,19326,5.1616,9
25c87fcb,26149,5.1589,9
42ab96d7,34581,5.1562,9
42302027,31256,5.1589,9
45165770,33349,5.1616,9
35d2aadb,34663,5.1616,9
6be6a0ca,28473,5.1616,9
1fc5ecc9,34072,5.1589,9
146ccc8,21716,5.1616,9
42b4e5df,21043,5.1616,9
4f016040,33105,5.1616,9
62900b20,19325,5.1616,9
5283001f,34807,5.1616,9
6594b60b,22780,5.1589,9
45c96100,33049,5.1616,9
6240ff5d,24445,5.1616,9
280988f2,34078,5.1616,9
686d5716,28380,5.1616,9
1ba75ca6,23478,5.1616,9
31b4bf95,29077,5.1616,9
1b21840e,35529,5.1616,9
546b14e9,35310,5.1589,9
30c1488e,29332,5.1616,9
6d3b1379,34323,5.1589,9
5c5f9ff7,23226,5.1616,9
32966c67,32452,5.1616,9
264a35b7,35445,5.1616,9
3be49633,27304,5.1589,9
2a8ab1cb,23273,5.1616,13
10b5192c,35117,5.1616,9
28fd5f3d,32799,5.1616,9
11c1ba09,23193,5.1562,9
66d1c20b,33873,5.1589,9
192a23f3,21928,5.1616,9
68ca8c46,33961,5.1616,9
18725264,22153,5.1616,9
3d63d245,34672,5.1644,9
4a08b764,22084,5.1644,9
554a9e78,24610,5.1644,9
1db71a99,28971,5.1616,9
4da56681,34262,5.1644,9
6ef7748a,20705,5.1644,9
25be2004,33901,5.1616,9
29b5d668,30626,5.1616,9
6f4f9e72,28306,5.1644,9
29071020,24559,5.1644,9
4a0922d0,33356,5.1644,9
231df748,29002,5.1644,9
2c7ed47e,33716,5.1644,9
79f8b65f,35634,5.1616,9
6a570b1c,20676,5.1644,9
694bbb24,23194,5.1616,9
1a814ee3,32486,5.1644,9
33cc4f57,31884,5.1644,9
5de7b82f,23455,5.1644,9
6941ba2c,33186,5.1644,9
38a6f6a4,35167,5.1644,9
65a8173a,35131,5.1644,9
611ab72b,25777,5.1644,9
6e067e7a,21983,5.1644,9
4b32a547,22042,5.1644,9
394554bc,31869,5.1589,9
d521f50,34871,5.1616,9
50fa552e,33371,5.1644,9
e3ccaeb,28227,5.1644,9
1dcf9f24,31226,5.1644,9
7aab52,35668,5.1644,9
22bdd56,21790,5.1616,9
6aa8246a,33815,5.1616,9
615dd1d,31090,5.1644,9
bffb0a4,23444,5.1616,9
5e0abab2,22062,5.1644,9
2971d48,20736,5.1644,9
29b7e204,29199,5.1616,9
5fbb1d06,33941,5.1644,9
546ff369,23169,5.1644,9
6ea8c9f1,35090,5.1644,9
7819a1e2,34484,5.1644,21
7f4dd0ca,33707,5.1644,9
541290f1,30430,5.1644,9
7cdd2cc3,28364,5.1644,9
497e940b,34802,5.1616,9
58a4d66e,19374,5.1644,9
18715093,33031,5.1644,9
ddfdc6a,24653,5.1644,9
56d2f358,35226,5.1616,9
4ed568c9,30398,5.1589,9
5cb24c48,33033,5.1644,9
2f7df738,20941,5.1589,9
79ef59be,24349,5.1644,9
1c19f56a,35110,5.1644,9
47318922,23185,5.1562,9
52073aad,32481,5.1644,9
156f7d21,20805,5.1644,9
1283c3e2,35530,5.1644,9
11224aa5,32302,5.1644,9
7f290b99,23437,5.1644,9
42c34f4e,29456,5.1644,9
2dfd7cd8,32351,5.1644,9
48a431ec,34384,5.1644,21
2f9c7cd7,31124,5.1616,9
2f1bdc77,20905,5.1534,9
5c48aa14,35331,5.1644,9
297ad7e9,20602,5.1589,9
25ea8df7,33116,5.1644,9
2400086b,23500,5.1644,9
261e8c8d,33129,5.1644,9
48b65820,29596,5.1562,9
7e7f0e3f,28183,5.1644,9
1c54b86,28272,5.1616,9
44ead4b9,34617,5.1644,9
1fe42918,21505,5.1644,9
70b1eb7c,34193,5.1616,9
22197b03,24429,5.1644,9
24119789,34138,5.1644,9
f2361f6,33919,5.1644,9
70368165,34653,5.1616,9
199e3d03,31848,5.1616,9
311b5c66,22155,5.1644,9
456158e3,29230,5.1644,9
2523b762,33920,5.1616,9
615a370a,24397,5.1616,9
9447807,23067,5.1671,9
62d7fd25,23105,5.1644,9
5af7deba,26340,5.1644,9
6a255089,24637,5.1671,9
400b998a,21893,5.1671,9
1d686a7b,24561,5.1616,9
798e7562,29033,5.1671,9
396fc3c2,34904,5.1671,9
6d3d654e,29265,5.1671,9
2534caac,19305,5.1671,9
7ebc0020,23216,5.1671,9
7bd157c3,23053,5.1644,9
71fe18be,33084,5.1671,9
36c8b490,28307,5.1671,9
74f347cb,32459,5.1671,9
35aa794f,35076,5.1671,9
360764b1,29333,5.1671,9
44345f76,30202,5.1644,9
458e94a6,34830,5.1589,9
3691c4b3,20770,5.1671,9
5097a32f,32761,5.1671,9
363e89a4,20039,5.1644,9
7240061,33837,5.1671,9
3f28e86a,34850,5.1671,9
524baa7b,34338,5.1671,9
10fa7a3f,33654,5.1671,9
37fa4749,34825,5.1671,9
4f698264,21869,5.1616,9
407ee180,23122,5.1644,9
3164032,23329,5.1644,9
66b38f16,34834,5.1671,9
2d317fc7,31714,5.1644,9
65ca5b06,23269,5.1616,9
520fc4de,22016,5.1671,9
63a9197d,33471,5.1644,9
1998e121,34119,5.1671,9
3f6d5597,20671,5.1644,9
2ebd8b7f,33569,5.1671,9
4e391869,23452,5.1644,9
2388342,25860,5.1671,9
29711089,20726,5.1644,9
739b1011,25836,5.1671,9
5da161ed,23266,5.1671,9
77be6d6f,33260,5.1671,9
288eac90,30200,5.1671,9
351af694,20790,5.1671,9
73fe41e6,29626,5.1671,18
52aaf248,34288,5.1644,9
56fb3867,24450,5.1671,9
35475c7b,29175,5.1671,9
307ad029,20744,5.1671,9
3f4dee41,34149,5.1671,9
2592f2bc,35709,5.1671,9
35a387d8,32967,5.1671,9
3a08b193,34836,5.1671,9
5c15c563,22092,5.1671,9
c7a1746,33904,5.1671,9
1594f17c,21827,5.1671,9
254ecc56,34788,5.1671,9
5a357545,22142,5.1671,9
28f99dbd,23278,5.1671,13
74e56fc3,29277,5.1671,9
271a3175,34443,5.1671,21
a934ce5,23082,5.1671,9
5674e78e,20420,5.1644,9
32048c88,33235,5.1671,9
197afbfa,34730,5.1671,9
6dc0667c,19313,5.1671,9
1b276328,23227,5.1644,9
6951399a,24521,5.1671,9
6a9ebf55,30816,5.1644,9
7ce80e42,23119,5.1671,9
12756425,35359,5.1644,9
326b6b60,23515,5.1671,9
2d100e6f,23034,5.1644,9
11369f91,19327,5.1671,9
7c45c032,34295,5.1671,9
285b85de,34726,5.1671,9
4182dbde,35549,5.1644,9
6cccd6f7,33196,5.1644,9
49a316e8,25956,5.1671,9
3d221f77,32760,5.1699,9
6aa97f26,22115,5.1699,9
605867ea,34376,5.1644,21
311d395f,34293,5.1644,9
1c6951ac,25861,5.1671,9
3d184d48,35472,5.1699,9
777ba83f,32463,5.1671,9
1e5c1a36,32920,5.1699,9
46d30f63,21575,5.1699,9
1061d224,20969,5.1699,9
6fecaf6d,31812,5.1699,9
119f950c,32330,5.1644,9
6036a4f8,23513,5.1699,9
4fe9284b,30395,5.1671,9
2a7125c7,22075,5.1671,9
51073360,20989,5.1699,9
2484e7a1,22124,5.1699,9
5b1a79ea,28395,5.1699,9
65dbb55a,35455,5.1699,9
36c0b070,31738,5.1699,9
30ed7d93,25954,5.1699,9
5899d4dd,28975,5.1699,9
36b76ba9,35175,5.1699,9
7081e4ee,20742,5.1671,9
50c4330d,33531,5.1699,9
63344a55,23060,5.1699,9
386eb245,33078,5.1699,9
2e47a6a9,34912,5.1671,9
33a0f46a,32876,5.1699,9
76dcf038,29222,5.1699,9
d11f289,20780,5.1699,9
3cb8b69a,27329,5.1644,9
5f6ab437,32410,5.1699,9
1e4d2b6d,21602,5.1644,9
537c5e7b,25890,5.1699,9
dab39f2,34189,5.1699,9
4adc177b,21895,5.1699,9
4cf3b4ce,33318,5.1671,9
3113996,20793,5.1699,9
3d3d4b0e,23189,5.1699,9
c035554,23056,5.1699,9
1f9d4267,35776,5.1699,9
22f2dbd7,20954,5.1699,9
83f773d,35273,5.1699,9
5f0d380f,29618,5.1699,18
49b27f4f,34590,5.1699,9
7d2a29cd,35509,5.1644,9
edf3fca,27285,5.1671,9
120915ef,32923,5.1699,9
38a4b35e,28369,5.1699,9
62b6eb02,23196,5.1699,9
4efed2d8,21715,5.1671,9
392885a2,29238,5.1699,9
248bff9a,23224,5.1699,9
311999d,25926,5.1699,9
7130fef2,20418,5.1699,9
48e00094,33290,5.1699,9
49609a1e,23206,5.1699,9
20945d5,24654,5.1699,9
34181305,34654,5.1726,9
362193d4,21010,5.1726,9
3f0b1fa7,35217,5.1726,9
4f945d33,29565,5.1699,9
3925fd5d,28436,5.1726,9
7458200d,33497,5.1726,9
ac85b8,30487,5.1726,9
6d3c2d5b,33236,5.1726,9
7be5fab4,34356,5.1699,9
4e88e58d,32880,5.1726,9
2aed28a1,34136,5.1671,9
26379e52,34993,5.1699,9
7253f07a,25964,5.1699,9
7bfed730,35669,5.1726,9
45d83b11,32777,5.1726,9
2a549226,24554,5.1726,9
389550ce,30490,5.1671,9
22ca8c80,26336,5.1699,9
4ff77883,32898,5.1726,9
423d711a,21900,5.1726,9
503c4ab3,33549,5.1726,9
26e462b8,33725,5.1671,9
52a33587,33855,5.1726,9
7bbf2b68,30201,5.1726,9
49648f7e,29135,5.1699,9
4c90d548,23347,5.1726,9
7d4de50,20797,5.1726,9
53251a9,23355,5.1726,9
6840310e,31854,5.1699,9
22b093db,33568,5.1726,9
337ff83,31766,5.1671,9
141f5955,20870,5.1644,9
7dbec299,28389,5.1726,9
5fbe8ab9,29109,5.1699,9
5bb6b8be,34179,5.1699,9
67c18fac,28305,5.1726,9
97aa7f0,30495,5.1699,9
2db064c,23510,5.1726,9
6cc63de1,35518,5.1726,9
10633207,33282,5.1699,9
711633a,33647,5.1726,9
79997584,31775,5.1726,9
3c5d0751,23346,5.1699,9
5b88010f,210,5.1726,1
1bb9554,28970,5.1726,9
5ccf89b7,29412,5.1726,9
408091ad,31643,5.1726,9
4951a4d4,32788,5.1726,9
504b39a7,21694,5.1699,9
50e157f5,34462,5.1699,21
169cf7d3,21836,5.1726,9
363e5686,31905,5.1726,9
3f31c7e7,21894,5.1671,9
727a5cc3,31719,5.1671,9
3290f30,34913,5.1726,9
1f0eef03,33557,5.1699,9
47e7f3b5,31915,5.1726,9
76581a51,28474,5.1671,9
56e4cc1d,22116,5.1699,9
1d7f197e,20970,5.1726,9
13f94309,29463,5.1726,9
65fd2b3f,33895,5.1726,9
53c13f43,10880,5.1726,2
23358502,34968,5.1753,9
ff1809c,32372,5.1753,9
46e4ccf3,30820,5.1671,9
4acca3c3,35482,5.1753,9
102db6fe,33723,5.1671,9
1f3f2c6c,27263,5.1753,9
7f5ce82c,33066,5.1753,9
2dc65813,28477,5.1726,9
4bfc5d8b,30500,5.1753,9
5379d150,31916,5.1671,9
5027cc2c,35532,5.1753,9
ff179f6,28935,5.1644,9
401695de,33079,5.1753,9
1068bedb,32881,5.1753,9
2c69a4f8,28184,5.1726,9
3951b958,34746,5.1753,9
243f0c73,20376,5.1753,9
2085ffcb,24392,5.1753,9
75ce1366,32458,5.1753,9
4161fffe,35590,5.1753,9
1de13f35,25784,5.1753,9
1215f0e5,22161,5.1753,9
174584e2,21621,5.1753,9
599517fb,25949,5.1753,9
5a0e2817,26338,5.1726,9
4d19936b,32204,5.1753,9
7036c0f5,33968,5.1753,9
4b6f3885,34686,5.1753,9
3ab4d4dc,34007,5.1753,9
3b378a2a,32334,5.1726,9
7dc0c4d1,33550,5.1753,9
4f5970fc,33648,5.1753,9
2184d906,27258,5.1726,9
53575fff,34732,5.1753,9
5436e965,34603,5.1753,9
2fab497e,26342,5.1726,9
2bf102e7,35779,5.1753,9
42b018c1,22751,5.1753,9
564f9f98,25778,5.1726,9
3906e60d,28470,5.1753,9
212eac33,32323,5.1753,9
54bbe1d1,21071,5.1726,9
777e279b,19335,5.1753,9
26859ecd,21581,5.1753,9
35ca5fa5,28226,5.1726,9
6151221b,25946,5.1753,9
6aefe289,35711,5.1753,9
6cab42b0,21840,5.1753,9
bfb1ff7,34445,5.1753,21
63d2b569,20771,5.1753,9
76bcf830,23254,5.1753,9
40b48a95,31252,5.1726,9
13e331d3,24408,5.1699,9
65eca73b,31741,5.1753,9
7400bece,23174,5.1726,9
1a63b493,30705,5.1726,9
5ca9f40e,29100,5.1753,9
1a360d9b,21862,5.1753,9
6bb136dd,21863,5.1753,9
1d6f7bf1,29629,5.1753,18
589192e8,23068,5.1726,9
5fd17245,33077,5.1753,9
7521e6f1,34837,5.1753,9
17c43156,34664,5.1753,9
4316f794,24602,5.1753,9
1701e6e9,28413,5.1753,9
6d6d9c96,34120,5.1753,9
5b955eec,35079,5.1753,9
2fcbb85d,29620,5.1753,18
37e525e3,21834,5.1753,9
366d86a5,32944,5.1753,9
477edcba,25902,5.1781,9
35058d58,25767,5.1781,9
7e077cdf,29015,5.1753,9
2bd17c26,35129,5.1753,9
4c120cc0,32380,5.1781,9
71d38f57,22882,5.1781,9
40f916db,33026,5.1781,9
598f2cd1,21809,5.1781,9
791f4b8a,31082,5.1781,9
145bdac9,23352,5.1781,9
1c1c4957,33032,5.1753,9
3c5517a1,34055,5.1781,9
3f9548ba,21892,5.1753,9
75524013,29111,5.1781,9
b7af91f,21891,5.1781,9
1f061fce,31871,5.1781,9
ac3540c,31906,5.1753,9
ce9b5c6,34597,5.1753,9
6df6df9f,35436,5.1781,9
3118613f,21945,5.1781,9
1ecff0bd,34132,5.1753,9
ebca45c,20092,5.1781,9
556d8833,35610,5.1781,9
278e1a38,30498,5.1781,9
46a54c6c,23388,5.1781,9
2dd09ea0,20037,5.1781,9
40dba436,34906,5.1781,9
2db1c15c,22112,5.1781,9
1445b739,32510,5.1781,9
434d3053,24338,5.1781,9
2fe7d27a,20750,5.1781,9
6eb6cb8,21765,5.1781,9
3f2eef23,35778,5.1781,9
7b161212,34604,5.1781,9
15cb8f3d,35609,5.1781,9
4aefbfc,22784,5.1753,9
70d2bde,31087,5.1726,9
77830d14,23079,5.1781,9
597dd97d,20944,5.1781,9
11627286,29628,5.1671,18
5899a5f0,21610,5.1781,9
2b9bc404,32208,5.1781,9
1c9a463b,35320,5.1781,9
1e6ee16c,34553,5.1753,9
686bace0,23274,5.1753,13
b4d6174,35325,5.1781,9
7e033ffd,29085,5.1753,9
30e61598,33194,5.1753,9
596ae769,34995,5.1781,9
394c6bf1,29316,5.1753,9
5e5747f2,32282,5.1781,9
5e9dc375,34006,5.1781,9
50c23660,33470,5.1753,9
a8bcc6a,33451,5.1781,9
6e87721e,21620,5.1781,9
5eb192d0,25923,5.1781,9
1f81ce50,33522,5.1781,9
4b3da956,28976,5.1781,9
1e7f25ad,34285,5.1753,9
4c0a03a0,34148,5.1726,9
5d68a73f,31740,5.1781,9
7b39c2dd,35777,5.1699,9
1c0cd25a,28978,5.1781,9
87c578,24631,5.1808,9
18cedb08,31897,5.1808,9
2d54cde6,33133,5.1808,9
57b05414,31948,5.1808,9
69a2f79f,32205,5.1808,9
75a6738,29635,5.1808,18
ceaa1c8,23291,5.1808,9
592f54b5,31668,5.1808,9
27cf4e00,33717,5.1808,9
2ea8defe,29193,5.1808,9
73789e66,24514,5.1808,9
2a459520,23243,5.1808,9
9ecf621,34937,5.1808,9
548e1652,23069,5.1808,9
63b2390b,34440,5.1753,21
65d85cc8,32397,5.1808,9
b6bf3ac,20796,5.1781,9
2f735815,25786,5.1753,9
6b6dc5e,29622,5.1753,18
55fc2e78,33103,5.1808,9
5d7b5691,29564,5.1808,9
7ae26fea,19383,5.1808,9
2ec00589,34122,5.1781,9
4e35afba,32284,5.1808,9
1b4653b4,34641,5.1808,9
1c8e5193,33326,5.1753,9
52802bad,19336,5.1781,9
19de0235,24517,5.1808,9
757ae0d7,28467,5.1808,9
b6cfbfa,26333,5.1781,9
5b385fbc,33589,5.1808,9
724a7c9c,32311,5.1808,9
1ca6a98f,29566,5.1808,9
3ef88e94,34796,5.1781,9
27a4f348,23479,5.1808,9
6abd5bc,34795,5.1781,9
2f68ee37,35098,5.1808,9
551e4960,31718,5.1781,9
55a0de38,33902,5.1753,9
dfee705,24403,5.1808,9
3cfcfe7e,30404,5.1808,9
42fdb943,24648,5.1808,9
11fffe3a,29239,5.1808,9
1d532348,25893,5.1808,9
6bc3f5cf,25972,5.1808,9
731a581d,22114,5.1808,9
5c82d09c,35519,5.1808,9
3262fb18,21849,5.1808,9
2f25c828,32956,5.1753,9
46fb0d16,33962,5.1781,9
3838c35f,33701,5.1781,9
2d4c5528,33553,5.1808,9
32ad5149,24308,5.1808,9
853d1a2,33963,5.1808,9
165eee03,28365,5.1808,9
7241d8e3,21574,5.1808,9
3deb2696,32383,5.1808,9
2b233e48,22061,5.1808,9
4aece3d9,33852,5.1808,9
3616bca7,34191,5.1836,9
52ade365,34263,5.1836,9
604e5606,28457,5.1836,9
45edca69,34775,5.1836,9
4fd5f917,34851,5.1836,9
1d225c02,32925,5.1836,9
4d1193fd,31879,5.1836,9
4ee1ed7c,35244,5.1836,9
73ea990e,28523,5.1808,9
61861f13,35710,5.1808,9
20c9e6a5,27249,5.1808,9
610275cd,31795,5.1836,9
4687a20a,33965,5.1808,9
17a8534e,21872,5.1836,9
78bb63d0,32335,5.1836,9
ae5cd17,35321,5.1836,9
7109a9b3,34810,5.1836,9
5c5fc11a,23480,5.1808,9
794f6653,34056,5.1836,9
246eb6ff,20379,5.1836,9
197fa90e,23486,5.1836,9
48101262,32206,5.1836,9
7e8f441,30401,5.1836,9
23410cde,34210,5.1836,9
1bbd5836,33406,5.1781,9
caaf48d,34357,5.1836,9
e807f78,34156,5.1836,9
1f397d34,35384,5.1836,9
4eb1e962,31141,5.1836,9
5f022656,35332,5.1836,9
ebb5609,20968,5.1836,9
25b78cfc,22156,5.1836,9
71b385a3,29544,5.1836,9
3088980e,34303,5.1836,9
64578b08,28261,5.1836,9
7d1e2b12,32460,5.1836,9
10ed278f,20975,5.1836,9
1a27d48b,27305,5.1836,9
7a9e6925,32290,5.1836,9
64d18574,35336,5.1836,9
46f86cc1,21803,5.1836,9
3c864d2d,33535,5.1836,9
304cb714,33434,5.1836,9
604918ae,34651,5.1836,9
24d1ace3,23353,5.1808,9
49e42fcd,35438,5.1836,9
21f6e9a0,20606,5.1836,9
2f172796,20966,5.1836,9
7a36c177,21044,5.1836,9
124403bb,23287,5.1808,9
20fa27e2,32901,5.1808,9
46953ba,23219,5.1836,9
12d4ff36,34776,5.1836,9
5ea5b962,29179,5.1836,9
6cce30d6,35612,5.1836,9
22f44a76,34180,5.1836,9
30200ef6,33995,5.1836,9
176c3c51,34808,5.1836,9
6471f977,33527,5.1863,9
771a3ad,32422,5.1863,9
79243daf,24621,5.1863,9
79836f07,33008,5.1863,9
f7b5ad2,33407,5.1863,9
642aa00b,33857,5.1836,9
3cbb3064,33813,5.1863,9
14684826,34587,5.1836,9
3976358e,34053,5.1863,9
5e228ba3,35510,5.1863,9
2356f69b,23487,5.1863,9
74311df7,20421,5.1863,9
b5af77f,24555,5.1863,9
3ac124e7,33082,5.1863,9
5f9c1bcb,23288,5.1863,9
1529ec08,21835,5.1863,9
1d041e6e,35635,5.1863,23
491400dd,32375,5.1808,9
7a41e304,32494,5.1863,9
453cedc4,33134,5.1863,9
64b7270c,28334,5.1836,9
1f2f00c7,33237,5.1808,9
7654f917,21761,5.1808,9
3786d1a,23190,5.1863,9
2188f27c,32854,5.1836,9
66e82bc,32178,5.1863,9
20508343,25876,5.1863,9
46c6f7b2,29241,5.1863,9
12416d84,27306,5.1863,9
178b323c,31645,5.1863,9
127bfe5c,35437,5.1836,9
575b9d6a,23351,5.1863,9
31a68eef,33081,5.1863,9
402c940e,31253,5.1836,9
e7844e5,25856,5.1836,9
5c3288d,35611,5.1808,9
171f2c,32192,5.1863,9
58b3f608,29521,5.1863,9
243f67c4,22088,5.1808,9
5d645ce0,31764,5.1863,9
74379a02,32352,5.1808,9
4ce115d7,34399,5.1836,21
5973300c,29007,5.1863,9
133f4ac8,30443,5.1863,9
199fe265,23172,5.1863,9
51308cde,35390,5.1863,9
15bb6482,28503,5.1808,9
7c3b15f7,35569,5.1836,9
1a515cdf,24363,5.1836,9
4fd26537,24313,5.1863,9
65c9948d,21737,5.1863,9
103873b,29041,5.1863,9
3792d7a9,33923,5.1863,9
2533be41,35039,5.1836,9
3594b99c,34341,5.1863,9
69b389c4,31819,5.1863,9
290fc356,28341,5.1863,9
34382b6b,31939,5.1863,9
7494e196,22779,5.189,9
21db6e4a,33208,5.189,9
75f27c13,32495,5.189,9
4c6d98f3,32954,5.189,9
5c2590bb,35520,5.189,9
292dcf52,23100,5.1863,9
7a6613b0,34164,5.189,9
5aecb60f,20992,5.189,9
2a3c55a1,28476,5.189,9
44efe26b,20417,5.189,9
6dac58eb,24312,5.189,9
271d2d7d,23356,5.189,9
187eab5f,34441,5.189,21
4a299715,35040,5.1836,9
502774ac,31942,5.189,9
5fc31543,23450,5.189,9
11fbbd03,31254,5.189,9
7cb2d830,34874,5.189,9
175b511e,28514,5.189,9
15201565,31903,5.189,9
50f527bb,23267,5.189,9
1caa9b03,33117,5.1863,9
76b3b3fe,26121,5.189,9
3b2dcf97,35528,5.1863,9
421cffb6,25908,5.189,9
a261675,24310,5.1863,9
61e1688c,23533,5.1836,9
53546dae,32509,5.189,9
34e54250,33655,5.189,9
1e62ffa5,32374,5.1863,9
60eaf8c1,22769,5.189,9
1121ea35,25769,5.1836,9
2b0ec3da,22781,5.1863,9
41c17b3f,34227,5.189,9
3a7ce6f4,33946,5.189,9
5f285695,35222,5.189,9
52f5f4f3,31144,5.189,9
41467f07,35265,5.189,9
1c8b64e6,34733,5.189,9
5659fccb,35521,5.189,9
76d24e68,21801,5.189,9
7515292b,32461,5.189,9
4b58846b,20799,5.189,9
39147440,21051,5.1863,9
7eff9bd0,25865,5.1863,9
67599f60,25957,5.189,9
68ad243c,19265,5.189,9
7201eb1d,22089,5.189,9
7022df96,20794,5.1836,9
6d00ac86,21800,5.1863,9
5babec6d,35189,5.1863,9
53390986,34762,5.1863,9
6851987e,35246,5.1863,9
5a26afe0,35497,5.189,9
2702feba,34656,5.1863,9
41ba4ba3,23485,5.189,9
45760f7d,21837,5.1808,9
2a40f19c,32230,5.189,9
5ca6c660,20723,5.189,9
1a872d40,29593,5.189,9
53fbfb8c,35479,5.189,9
72519d76,31813,5.1863,9
9f39ae0,34870,5.189,9
7c0b6144,30424,5.189,9
51eab348,29263,5.189,9
36797a90,20854,5.189,9
71432545,34305,5.189,9
7bd5a5d8,20727,5.189,9
72247918,22768,5.189,9
6715c926,20380,5.1863,9
403385c1,33445,5.189,9
44470e7c,28475,5.1863,9
15fa5355,29266,5.189,9
5c6ff435,25802,5.189,9
ae7ff4,30199,5.1863,9
337359c,32289,5.1836,9
5983850d,35193,5.189,9
7ce6a573,21604,5.189,9
3b413141,23440,5.189,9
182cb440,30405,5.1918,9
d6649e6,32969,5.1918,9
6b0e396e,35571,5.189,9
228ac441,27257,5.189,9
10f33268,32900,5.189,9
6d001a82,34301,5.1918,9
77df8b05,35220,5.1918,9
43af9353,35276,5.189,9
4df43340,32503,5.189,9
6dd851ef,24430,5.189,9
303f173,34015,5.1918,9
a6af309,33704,5.1918,9
67533ccc,32219,5.1918,9
205d3388,32285,5.1918,9
6cdf1480,32321,5.189,9
70cbf801,23233,5.1918,9
2de4afaa,33135,5.1918,9
53af4386,32762,5.1918,9
396b5a82,34683,5.1918,9
47403667,34572,5.189,9
68e4c57e,23330,5.1918,9
6075be37,31800,5.1918,9
496f62cc,24638,5.1918,9
fda9688,34205,5.1836,9
41db6d38,25879,5.189,9
c12f732,30800,5.189,9
3e599d7e,32778,5.1918,9
65ec32eb,28391,5.1918,9
7f4421c3,24501,5.1918,9
64f4e27e,26344,5.1918,9
163431f3,31646,5.1918,9
124b22b4,20942,5.1918,9
4c5f5307,25948,5.1918,9
11bfd3cd,32411,5.1918,9
f7bafe0,34750,5.1918,9
3877ac55,23357,5.1918,9
1e8bc8d5,34690,5.189,9
7362776d,20956,5.1918,9
29dba7e9,35391,5.1918,9
4513d56d,31783,5.189,9
17456680,34565,5.1918,9
2da8f7ab,35000,5.1918,9
961aa9e,28458,5.1918,9
12d56539,23448,5.189,9
726ca111,29296,5.1918,9
298faa8c,33623,5.1863,9
1542b85b,32421,5.1863,9
2c07fb67,29542,5.189,9
3b74b3df,34727,5.1918,9
6ffba5f7,33814,5.1918,9
6ffb4833,29329,5.1918,9
7b90eec5,32262,5.189,9
17e92058,23303,5.1918,9
6240f47a,23384,5.1918,9
76e2860,28233,5.189,9
502631d8,32902,5.1918,9
65a9413f,32354,5.1918,9
3b9030e8,29146,5.189,9
5e16e0c4,35515,5.1918,9
3f5fa22f,34916,5.1918,9
1050bc42,34124,5.1918,9
2a7dc9d0,32356,5.1918,9
43040c9b,33861,5.1918,9
292a1df9,32202,5.1918,9
63e297ac,35077,5.1918,9
188800e,35078,5.1918,9
142f9ed1,25766,5.1918,9
5058e6cd,32385,5.1918,9
5191c555,23511,5.1918,9
a011cc3,33869,5.1945,9
33db5889,32324,5.1945,9
7616360c,32384,5.1945,9
1ea7e709,29282,5.1945,9
95e149e,34446,5.1945,21
533a5aef,32882,5.1918,9
60281a2c,34194,5.1945,9
27c9e673,26343,5.189,9
7f4fe8ee,28222,5.1918,9
2be9cca2,32209,5.1918,9
6f7d22c,23295,5.1945,9
7ff4dc88,28234,5.1918,9
5f2d5020,32779,5.1945,9
37bfdfc8,28504,5.1918,9
72bb6114,24404,5.1945,9
fe10da1,23207,5.1945,9
56288049,34270,5.1945,9
63b166fc,24475,5.1945,9
337c51aa,34228,5.1945,9
2a39a4dd,33296,5.1918,9
2db2283e,35550,5.1945,9
3f0acf09,23123,5.1863,9
57e4d892,20735,5.189,9
301c91ff,33523,5.1945,9
c53bc1a,25793,5.1945,9
65c8581e,21795,5.1918,9
14193c7d,35176,5.1945,9
405ed468,32381,5.1918,9
51fc0315,21804,5.1945,9
76d3a99c,34630,5.1918,9
2b7489ef,20714,5.1945,9
1d3fe57d,34302,5.1945,9
2c6ab964,33858,5.1945,9
471e6a3c,32386,5.1945,9
48aab8c1,25894,5.1945,9
2adca8a4,29619,5.1918,18
53049502,29237,5.1945,9
677f5ad4,35501,5.1945,9
7a0e8a4a,21586,5.1945,9
35589427,28993,5.1945,9
4283ab0b,22146,5.1945,9
6b811bf2,35052,5.189,9
77e087cf,34483,5.1945,21
5fb7e075,32462,5.1945,9
2ee36ead,23292,5.1945,9
51e56d13,33966,5.1945,9
206d32a4,24432,5.1945,9
3c86c432,35421,5.1945,9
7f691e51,28468,5.1945,9
17e7b8b6,35531,5.1945,9
1f3dfd81,35250,5.1945,9
65ca8680,34642,5.1945,9
2c7b608f,34694,5.1945,9
79a391f9,25780,5.1945,9
6b765fd9,33328,5.1918,9
5ab92ab1,20978,5.1945,9
2d314671,20806,5.1945,9
d001240,22000,5.1945,9
74ca5365,20999,5.1918,9
54511cae,28182,5.1918,9
472e5837,33298,5.1918,9
7f301cb1,20608,5.1945,9
3043b6d2,35551,5.1945,9
600b8c6d,21805,5.1945,9
6d14103e,29413,5.1945,9
317cc55e,33881,5.1973,9
5374d341,21848,5.1973,9
3566dc06,30402,5.1918,9
426dca6,35249,5.1973,9
3133f739,34749,5.189,9
38f250ab,31849,5.1973,9
19fbef70,32899,5.1973,9
75aa326b,25973,5.1973,9
22ab5fb5,27307,5.1973,9
105a74aa,25775,5.1973,9
3a070902,32357,5.1973,9
2fe07b29,29498,5.1973,9
1e1a5d43,21024,5.1973,9
6634ffc2,34485,5.1918,21
2508288a,26151,5.1973,9
5caf3c63,21597,5.1973,9
27456a30,35266,5.1945,9
6b79cbde,33994,5.1973,9
579e0625,34777,5.1973,9
2a72e39c,33998,5.1973,9
783b5106,22077,5.1973,9
4edac220,29149,5.1973,9
42423521,32197,5.1945,9
67c0318c,32210,5.1973,9
5a9350eb,34643,5.1973,9
42c0525b,34121,5.1973,9
7b8cb2a2,19370,5.1973,9
1ab2b558,29636,5.1973,18
50745ce1,33875,5.1945,9
2c52b30b,21864,5.1973,9
11f89c1f,25857,5.1918,9
6f0a40d5,23101,5.189,9
77d283fd,34195,5.1973,9
370691e4,23471,5.1918,9
12b3134c,29308,5.1945,9
77945fd5,29195,5.1973,9
22592d5c,23213,5.1973,9
4ba9d0d9,34259,5.1973,9
41779f81,33069,5.1973,9
427daffa,33816,5.1945,9
17c22a97,24354,5.1973,9
7c9ad6fe,20719,5.1945,9
26a162b6,34153,5.1973,9
1ecc57b,35219,5.1945,9
2ec1a8c3,33864,5.1973,9
2851b91e,22066,5.1973,9
2d6a7cc,35749,5.1945,9
65f67df0,23228,5.1945,9
58493d37,21074,5.1918,9
636e8eb0,32423,5.1973,9
5431add6,35091,5.189,9
27e535d,20800,5.1973,9
504607d1,24446,5.2,9
41435319,35485,5.2,9
4711d964,22809,5.189,9
49a66977,19266,5.1973,9
41c581f6,24641,5.2,9
600ff7df,29180,5.2,9
7f02adf0,19384,5.1973,9
18c3cb05,29177,5.2,9
685797fb,22782,5.1973,9
7270b176,33299,5.2,9
1fd744ff,35375,5.1973,9
194a3fe3,32286,5.2,9
4d769b7e,28485,5.2,9
3a7a78a7,32188,5.2,9
1f2f33ab,29043,5.2,9
57d2b28a,32194,5.2,9
2e066e65,35514,5.1973,9
ca0c34a,35513,5.2,9
47508442,21867,5.1918,9
435375e2,35146,5.2,9
21045568,22117,5.1945,9
6300e520,20795,5.1945,9
665f29f6,20038,5.2,9
7ee8ca63,31895,5.1973,9
1e7b4257,33526,5.1973,9
3d592368,31898,5.2,9
3e758ebe,23217,5.1973,12
5ab845b5,20918,5.2,9
623b3753,29231,5.2,9
39bf75d5,27349,5.2,9
160d0a1f,24553,5.2,9
49f661e,28321,5.1918,9
76fa2e49,22080,5.1945,9
1c121ed5,23106,5.2,9
24e82f7b,21946,5.1973,9
51edf97d,20864,5.2,9
27a833ab,31798,5.1973,9
590b98b3,23220,5.2,9
36c5dae2,19317,5.1918,9
63fbe101,33485,5.1918,9
265bba1a,22143,5.1973,9
2a33ecb2,35774,5.2,9
4c60a734,23199,5.2,9
492b700b,21008,5.2,9
325b985e,29499,5.1973,9
738a4db,33562,5.2,9
4ea8ea0f,23307,5.1973,9
5c1160f9,25785,5.1945,9
32e69a4d,33851,5.2,9
70bafeb6,32425,5.2,9
28a5c905,30408,5.2,9
794b9a3c,32231,5.2,9
2e8a2b44,22118,5.2,9
f50ecc5,34273,5.2,9
2aef0d69,29035,5.1945,9
55c0d37b,33452,5.2,9
2bdd0f65,30459,5.2,9
3ad61841,35053,5.1945,9
3268fd1a,24314,5.2,9
6f7b021b,35041,5.2027,9
60be3a7b,34598,5.2027,9
3336661c,32800,5.1973,9
3928742b,34451,5.2,21
4cddce39,32811,5.2027,9
5d21583b,34152,5.2,9
5d27d305,29594,5.2027,9
27547da6,34678,5.2027,9
5dac373,22734,5.2027,9
6eb78c20,21519,5.2027,9
4d970fad,32903,5.2027,9
68c86730,34140,5.2027,9
526db373,24393,5.2,9
31b1edc0,20672,5.2,9
350c0f1d,21578,5.2,9
3cc3684,35574,5.2027,9
34644fbe,33686,5.2027,9
5265f7b9,23517,5.2027,9
669e8394,32966,5.2,9
59d7421f,20677,5.2,9
67367b08,33486,5.2027,9
3297e414,32415,5.2027,9
200753f1,31919,5.2027,9
43233a54,34215,5.2027,9
5577b428,32976,5.2027,9
1719e703,33220,5.2027,9
1aa306b0,25927,5.1973,9
a156ce,32855,5.2,9
5a0a3d14,31801,5.2027,9
273e8a9,35322,5.2027,9
67f8d1,35056,5.2027,9
a7ad935,32270,5.2027,9
193b7f3,22774,5.2027,9
1c3831c8,21582,5.2027,9
2326e3ee,33107,5.2,9
7fc935ce,34644,5.2027,9
63f929eb,33935,5.2027,9
3e92f22d,33718,5.1973,9
2a3f5f82,34070,5.2027,9
1cee684e,28256,5.2027,9
3672ac49,32327,5.2027,9
1fd83330,20757,5.2027,9
32acf90f,21584,5.2027,9
4f4bac06,29148,5.2027,9
208801b9,23429,5.2027,9
33be105,25776,5.2027,9
5d2413e1,21603,5.2027,9
4f9dafdf,31142,5.2027,9
3e653f97,27264,5.2,9
45a2196d,34169,5.2027,9
2ff8fa5c,35269,5.2055,9
7317056f,32975,5.2055,9
ed1bbf7,28325,5.2027,9
2c101ea5,33711,5.2055,9
49594c2f,29235,5.2055,9
44d23b61,28367,5.2055,9
fa572e9,33819,5.2055,9
ca87ee9,32907,5.2055,9
2061acef,35575,5.2055,9
75bd92b1,21520,5.2055,9
1e83b879,32359,5.2027,9
625b47d1,22754,5.2055,9
51ab84d5,33867,5.2055,9
1ebbf73f,28368,5.2055,9
339036d3,32977,5.2027,9
2aa1120a,32412,5.2055,9
27a1a6a7,23333,5.2055,9
9d57cec,24405,5.2055,9
66e2af63,20981,5.2055,9
54f62bc2,34856,5.2055,9
1fb550ff,21045,5.2055,9
76655214,30475,5.2055,9
3ef12caa,33533,5.2055,9
5cdb46e1,27353,5.2055,9
2f3173ae,22085,5.2055,9
4a7cf5b1,33086,5.2055,9
1655fb18,34753,5.2027,9
10bf4b7d,35388,5.2055,9
3437f6c7,33860,5.2027,9
194b4c8d,28516,5.2055,9
1cedadc0,33508,5.2055,9
e8bc4b4,32370,5.2027,9
77fa5f6e,28941,5.2055,9
4a71ba46,27308,5.2055,9
41fbfc01,29597,5.2055,9
297ff97,27251,5.2055,9
5d7b0d83,23519,5.2027,9
2ce8b926,20955,5.2055,9
1a1f3fe0,34747,5.2027,9
49ad356,20995,5.2055,9
394cef15,20998,5.2027,9
3c5eeaaa,28469,5.2027,9
5f5d32fe,33685,5.2055,9
6f974ec4,29625,5.2055,18
d0f4a20,34339,5.2027,9
536528d3,24431,5.2055,9
126ea48,35484,5.2027,9
75ce5e1a,33657,5.2055,9
1642208b,35775,5.2055,9
18a583af,28398,5.2055,9
2e598887,32288,5.1973,9
59f09926,35667,5.2055,9
2329117b,29411,5.2027,9
a0ece02,35598,5.2082,9
17a5564a,34910,5.2082,9
755af989,32198,5.2082,9
4549828d,21876,5.2055,9
283e77ad,33876,5.2082,9
43f70918,28942,5.2082,9
7edd002a,30499,5.2082,9
5c6938c9,34013,5.2082,9
7b1bff6,32416,5.2082,9
7c75d9d1,33059,5.2082,9
5cce703c,21583,5.2082,9
6abf4a25,24617,5.2027,9
7f8588cb,29500,5.2082,9
75c1c6c2,34340,5.2082,9
272822fa,33687,5.2082,9
37d6aa58,35439,5.2027,9
6446bfb9,31088,5.2082,9
1fca9225,28276,5.2027,9
5908ffae,32856,5.2082,9
79935cd4,20839,5.2082,9
40300b9d,35417,5.2055,9
7b95bdd4,27325,5.2082,9
2a7f6e68,28998,5.2082,9
616f9ab8,34472,5.2082,21
2f90fbd,32398,5.2082,9
54d4692b,34914,5.2082,9
58941f7,33656,5.2082,9
18aea1a4,33085,5.2082,9
52e0d1eb,20973,5.2082,9
258a77ad,21075,5.2082,9
6a431c12,29016,5.2082,9
b6976d8,25779,5.2082,9
70d237f,26170,5.2082,9
4bf84c0c,23198,5.2082,9
5336c5fc,23428,5.2082,9
55c48bb7,35218,5.2055,9
25f7e728,33591,5.2027,9
65f5b854,24567,5.2082,9
57a6dc08,33877,5.2082,9
39de1b58,23457,5.2082,9
5c2220ba,29278,5.2082,9
46f652b1,32968,5.2082,9
27d190fb,29240,5.2055,9
6e1c5b82,21850,5.2055,9
23f6810b,30460,5.2082,9
57e12c1e,33534,5.2082,9
7c9c2851,28507,5.2082,9
70d0bc0b,20738,5.2082,9
1aad52ac,29267,5.211,9
2999a7c5,22090,5.211,9
673995c3,32207,5.211,9
3966c4e6,34780,5.211,9
133cd08f,32371,5.211,9
6513fe70,33052,5.211,9
24a5ad3b,21903,5.211,9
6758c99,25770,5.211,9
51606d40,23449,5.211,9
4adda9bd,29196,5.211,9
7a5c7d22,32764,5.211,9
7592d77b,33820,5.211,9
7cd76087,35253,5.211,9
2e8f1830,31902,5.2,9
2901944e,26115,5.2027,9
3723d5ae,28230,5.2082,9
2157fc9,33836,5.211,9
54e9e53e,32464,5.2082,9
54e3bc9b,21579,5.211,9
137d647c,29523,5.211,9
45e5b0bb,35143,5.211,9
6cc2830c,34728,5.2082,9
77195bbf,29627,5.211,18
fbf8fa4,21814,5.211,9
50927a96,33067,5.2082,9
67379680,32511,5.2082,9
567940c0,29236,5.2082,9
1f95a389,20934,5.211,9
22ecc767,35599,5.211,9
515dbe31,33570,5.2082,9
17a3c6ad,29587,5.211,9
a05b10c,19337,5.211,9
383ed22e,35483,5.2055,9
7c2dedb1,33436,5.2055,9
5fe99fa8,32921,5.211,9
40bd7833,24605,5.211,9
67172cf9,29225,5.211,9
7701dd43,35627,5.211,9
29f62d97,35080,5.2027,9
3aa50d7d,24433,5.211,9
117296fa,34051,5.2082,9
4fdc10c9,23214,5.211,9
57de1630,34325,5.2082,9
606d7d71,35323,5.211,9
45022753,35339,5.211,9
ce1c401,21023,5.211,9
40c2bc4f,31700,5.211,9
6f37a6c6,30488,5.2082,9
274afa9c,33644,5.211,9
487f5286,34841,5.211,9
1c93dc65,29495,5.211,9
49662b7c,20718,5.211,9
1bb5b500,24434,5.211,9
29ec2f92,34264,5.211,9
2b9eae3e,211,5.211,1
53db5dfa,24575,5.211,9
10ea6a4f,21901,5.2082,9
65f0ff34,29036,5.211,9
2d28dca7,34057,5.211,9
59ad930e,23061,5.211,9
73196862,32905,5.2137,9
7aa4cf76,35128,5.2137,9
184f9649,33844,5.2137,9
73e9ac03,31762,5.211,9
4b8b9064,35326,5.2137,9
1708291c,25844,5.2137,9
f260d05,32928,5.211,9
7311186a,33684,5.2137,9
4d262bbf,29604,5.2137,9
5ab98acf,23488,5.2137,9
c2f084d,24659,5.2137,9
770683ea,23520,5.2137,9
6ea7ab86,24444,5.2137,9
1df8292b,33926,5.2137,9
696127b9,33969,5.2137,9
2a3bf0ac,27330,5.2137,9
28135a98,33558,5.2137,9
747e9fc0,32970,5.2137,9
14c23219,21806,5.2137,9
61091ebd,34829,5.2137,9
537c4f9e,33300,5.2137,9
56abf832,20852,5.2137,9
7f7ee8ac,34872,5.2137,9
3d0d630e,32424,5.211,9
4e4f4862,21896,5.2137,9
4b221b5b,35570,5.2137,9
7fd7c23f,23071,5.2137,9
7634df9f,34478,5.2137,21
7e07627d,27350,5.2137,9
42ba74df,35592,5.2137,9
4abf3987,21577,5.2137,9
14b64c80,24634,5.211,9
b38dcd5,27250,5.2055,9
5b20220a,28399,5.2137,9
34a53af9,28232,5.2137,9
1e71b799,21807,5.2137,9
2d31c6d1,32199,5.2137,9
60a269d6,30497,5.2137,9
5f4c2fa7,28267,5.2137,9
3ac827ba,24367,5.2137,9
29969205,19371,5.2137,9
6246e2f,35311,5.2137,9
a32cea8,25791,5.2137,9
79adfae1,28185,5.2082,9
223f799,20629,5.2137,9
5e398255,21012,5.2137,9
1f384b62,32400,5.2137,9
3e381a3,28186,5.2137,9
158f19cc,33818,5.2082,9
80dabdb,33645,5.211,9
55b382e3,35600,5.211,9
4ac2ff6f,22752,5.2137,9
276ede82,19387,5.2082,9
42d8fac7,32515,5.211,9
bb5dce5,22884,5.2137,9
5651637b,24649,5.2164,9
649d0a20,32908,5.2164,9
79a2dfd,32906,5.2164,9
2d81cb33,19318,5.211,9
291f10b,31945,5.2164,9
27664748,35149,5.2164,9
514fb918,30485,5.2164,9
7a71b264,22147,5.2137,9
2cd28d12,23304,5.2137,9
21c6382a,28300,5.2164,9
348f675d,35268,5.2137,9
439a113a,22749,5.2164,9
12beb316,33964,5.2164,9
198acd0,25928,5.2164,9
7b98ae46,35752,5.2164,9
6b8fce77,31886,5.2164,9
7bb0b3b1,26122,5.2164,9
2475f9d4,33076,5.2164,9
37752fa1,31887,5.2164,9
9215d97,19338,5.2164,9
1cc8c6b2,31684,5.2164,9
17f837a6,21877,5.2137,9
96e1adf,23259,5.2164,9
a202380,23124,5.2137,9
50078920,34822,5.2164,9
694d181,23354,5.2137,9
7fd58b6e,21605,5.2137,9
74e28b37,23378,5.2137,9
18405202,29197,5.2164,9
38f89052,20935,5.2164,9
26f8badf,29268,5.2137,9
6b25f2d8,20728,5.2082,9
b7e67b8,24423,5.2137,9
11b4f497,35137,5.2137,9
6db28cf3,29285,5.2164,9
695c8fa7,32331,5.2164,9
29c500af,33702,5.211,9
517ef188,33118,5.2164,9
67d8a77c,30492,5.2164,9
1ef47a60,25803,5.2164,9
1fb5c169,24447,5.2137,9
a35d3eb,31892,5.2164,9
39e191a6,34778,5.2137,9
1b2032a1,20729,5.2137,9
26ba6cdf,33579,5.2137,9
17354fe8,34963,5.2164,9
226c9009,32195,5.2164,9
38c30bdf,33070,5.2137,9
4d6a548c,35523,5.2164,9
701d08c6,34938,5.2164,9
36372214,22144,5.2164,9
160a4afe,32260,5.2164,9
95ba287,29630,5.2164,18
4f17bedf,20382,5.2164,9
2df59ca1,28471,5.2164,9
1118c052,33996,5.2192,9
443afa2f,25781,5.2164,9
1ae5c2ef,20419,5.2192,9
1aae6bc9,31683,5.2192,9
65a9ca92,34605,5.2192,9
1eb067e7,33450,5.2164,9
5a299375,35480,5.2192,9
6dc9984d,22076,5.2192,9
eb24d2d,34172,5.2192,9
7032bd6f,35573,5.2192,9
597f16f9,24633,5.2192,9
617431a2,23489,5.2192,9
670af487,9653,5.2137,2
44edcd6e,21816,5.2192,9
3978d5a6,35572,5.2192,9
52494cbd,21897,5.211,9
2bd1d10,32196,5.2137,9
4e8eb8fc,35245,5.2164,9
6fe7a70a,34680,5.2192,9
454b8125,23296,5.2192,9
5d7f1195,29176,5.2192,9
660d1b9e,34306,5.2192,9
34002fa2,31701,5.2164,9
2ba9bd39,23221,5.2192,9
2ddbc2ae,33646,5.2164,9
80d9d39,33106,5.2192,9
65343219,28937,5.2192,9
652b64d,34116,5.2192,9
331af41a,35552,5.2164,9
40a78e65,24658,5.2192,9
2170e947,25939,5.2192,9
24a7371d,27351,5.2164,9
37d41d1a,29201,5.2192,9
5dbc36d3,19375,5.2192,9
538a85de,29014,5.2192,9
5f4df319,32278,5.2164,9
7e9ed86e,25936,5.2164,9
13ef0b77,20874,5.2192,9
2f22ed6c,34463,5.2192,21
32a0384a,21606,5.2192,9
250bcfc9,33068,5.2192,9
22280ac3,25937,5.2192,9
2ad82418,35113,5.2192,9
1ad9ca67,33586,5.2192,9
2988d31e,20957,5.2137,9
52063461,33294,5.2192,9
301a52f0,22783,5.2164,9
24c79dae,32489,5.2164,9
64c42c66,35576,5.2192,9
b3b13c3,31651,5.2219,9
68fd9bf9,35553,5.2192,9
a92d9c4,24615,5.2164,9
78ddd354,35753,5.2219,9
4f7063ec,34645,5.2219,9
18a0b6f0,22773,5.2192,9
46010d9,33821,5.2137,9
48c36cba,29143,5.2164,9
624951fc,153,5.2192,1
5f32f16a,34464,5.2219,21
7f437c73,23473,5.2219,9
7b214d9a,33862,5.2219,9
65faf09,29269,5.2219,9
28d448f8,34400,5.2192,21
3a2aaf,32518,5.2219,9
64fe7e3f,34206,5.2192,9
1542b2a7,34847,5.2219,9
1fdbab7f,34328,5.2219,9
74379cc6,31921,5.2219,9
49f60062,29418,5.2164,9
5ae8387a,34154,5.2219,9
4ee59579,24448,5.2192,9
59fd151c,24443,5.2219,9
775f07da,32780,5.2164,9
592a430e,23331,5.2219,9
1b689b07,33999,5.2219,9
cf3b1ca,32213,5.2164,9
79449b4e,25863,5.2219,9
48a0248f,25909,5.211,9
3ca8513b,33720,5.2219,9
1640a255,24569,5.2219,9
43992ca6,28308,5.2219,9
1cf63771,34684,5.2219,9
41b5514a,32333,5.2219,9
87881af,21831,5.2219,9
20e601a,20953,5.2219,9
2f6e8295,23430,5.2219,9
44baa933,24518,5.2219,9
8032df2,23522,5.2219,9
4b89e72c,34329,5.2219,9
10ff4fcb,35781,5.2219,9
79fc8258,28401,5.2164,9
225dddd8,32180,5.2219,9
333f0b91,35092,5.2219,9
22c2dcb9,24642,5.2219,9
3fb164fb,24502,5.2219,9
734ecdc8,32810,5.2219,9
38e623b3,20798,5.2219,9
4f552fe0,35706,5.2192,9
c750702,35054,5.2219,9
38572ccb,20730,5.2219,9
3d729684,20743,5.2192,9
3400c122,33528,5.2219,9
10e99db7,21792,5.2219,9
11d9ca15,34877,5.2247,9
3836a81c,28309,5.2247,9
a0d67e9,34141,5.2247,9
56d5573a,34473,5.2247,21
1322a2c4,32287,5.2219,9
903b697,21025,5.2247,9
47889e3,33509,5.2247,9
65ab94aa,29200,5.2219,9
193b63a2,33978,5.2247,9
d98d91c,30444,5.2247,9
1f876714,33688,5.2219,9
4d6f7edd,29194,5.2219,9
74d8ad1e,20607,5.2219,9
363cf654,26110,5.2247,9
7da789b6,24650,5.2247,9
5c4b8bac,30489,5.2247,9
5def2620,34729,5.2247,9
4b888949,35425,5.2219,9
7a897d7b,23276,5.2219,13
2b56aa28,32867,5.2247,9
415b65b7,29502,5.2219,9
1b0e4223,34907,5.2247,9
6afd7ccd,34008,5.2219,9
6ac121,34685,5.2247,9
65b0721a,34695,5.2247,9
54e3a972,35329,5.2247,9
32ef8195,20850,5.2247,9
4a7a5e2c,33529,5.2219,9
4be058ba,21851,5.2247,9
2da6c37e,33624,5.2219,9
6c4e7326,35138,5.2247,9
64c74781,29042,5.2247,9
68756204,20875,5.2247,9
7cd4fe0b,32790,5.2192,9
35384ca3,24386,5.2247,9
2e1ec449,34170,5.2247,9
70bb6544,33424,5.2219,9
2bc4f9fe,35194,5.2247,9
5c6ee571,34079,5.2219,9
40a5e39,21902,5.2219,9
2fb08ab9,33719,5.2247,9
392feeee,32332,5.2247,9
23378db8,30432,5.2247,9
859b1c2,31944,5.2219,9
5ef4cd66,28415,5.2247,9
75ba7143,34839,5.2247,9
6aff6801,30425,5.2274,9
6ff904de,30761,5.2247,9
2f6d133d,34697,5.2274,9
578a744b,21580,5.2274,9
711c2790,24451,5.2274,9
6032e6d2,33658,5.2192,9
2781e512,21988,5.2274,9
23ade585,35593,5.2274,9
339d66c7,34846,5.2274,9
4f228f2c,34452,5.2274,21
446e1210,32958,5.2274,9
6cefd6fa,29524,5.2274,9
2022872f,21002,5.2274,9
785166b2,21018,5.2274,9
4c1b053a,33660,5.2274,9
5ed14245,24366,5.2274,9
6a7ead4f,28416,5.2274,9
3ac43dba,21622,5.2274,9
19e92244,31145,5.2274,9
7e3403b7,33119,5.2274,9
2c47cad2,23472,5.2219,9
dcfc696,34698,5.2274,9
6faeb9c6,35100,5.2274,9
59d86e00,20871,5.2274,9
46d3b4a1,32355,5.2274,9
1678553d,33726,5.2247,9
65f0ca12,24387,5.2274,9
4299fec3,33928,5.2274,9
2f9658ea,32971,5.2274,9
7f4210c2,34831,5.2247,9
246fc537,29503,5.2274,9
593d1873,28517,5.2274,9
70eabd3a,34659,5.2274,9
1329596f,33870,5.2274,9
60999b0f,34358,5.2274,9
7c028fc8,24474,5.2274,9
503b2d48,22885,5.2164,9
269ebb02,29525,5.2247,9
338c186,24315,5.2274,9
55fe436c,33087,5.2274,9
5a0302af,21990,5.2274,9
3217aae8,30476,5.2274,9
61025103,29218,5.2274,9
24f38854,33596,5.2247,9
19afc6a0,21839,5.2274,9
6627e01f,34821,5.2274,9
696856d9,21587,5.2247,9
1a1188be,34852,5.2274,9
361e0ea3,22122,5.2274,9
22181280,31894,5.2192,9
74107854,33997,5.2274,9
7be639c4,33582,5.2301,9
509376ff,29271,5.2301,9
4651402b,25969,5.2274,9
24bfd673,23490,5.2274,9
6edde339,21717,5.2301,9
25b24493,29431,5.2301,9
692e0816,28519,5.2301,9
33f8570e,28235,5.2301,9
32bdbe63,28366,5.2247,9
59ce27b,25959,5.2301,9
1c6b3466,35474,5.2274,9
6dda40c2,32228,5.2301,9
21ee9675,32373,5.2301,9
300c9e8c,33970,5.2301,9
32cba5bc,33438,5.2301,9
4c0beabd,31943,5.2301,9
30bd050f,34812,5.2274,9
50a616a4,23200,5.2301,9
15abc0d2,31810,5.2301,9
2ac84ef5,19320,5.2301,9
4541f855,35013,5.2301,9
25b2c56f,34854,5.2301,9
42220ec7,32417,5.2301,9
3ad569fa,34171,5.2247,9
6e543c5b,32813,5.2301,9
6036882,33661,5.2301,9
4c4aab47,32496,5.2301,9
7f60861c,28486,5.2274,9
1f6a859,35424,5.2301,9
3019cb4f,35057,5.2274,9
2dc3f2b6,24639,5.2301,9
34ca64da,26184,5.2301,9
4f614439,19376,5.2301,9
31dcbd29,35144,5.2301,9
77125b45,28342,5.2301,9
338bfe6,33729,5.2301,9
6433e7ef,32401,5.2301,9
4d2e4f82,32487,5.2274,9
213637dc,19321,5.2301,9
7557e326,23459,5.2274,9
3356b5e5,23277,5.2301,13
482120ff,32763,5.2274,9
58b976f0,35177,5.2274,9
12bde012,25931,5.2301,9
14c2863d,30493,5.2301,9
55a56a82,33662,5.2301,9
46388830,31881,5.2301,9
3b784d95,35591,5.2301,9
3b0bc7a9,21009,5.2247,9
2a8903d,28414,5.2247,9
45044b30,34327,5.2219,9
47ff22a8,26339,5.2301,9
3e92db27,21838,5.2274,9
5bc165d3,29284,5.2301,9
3c7bf850,35118,5.2301,9
89f7017,22043,5.2301,9
22f6715,33080,5.2274,9
2acccf94,32791,5.2301,9
6e52e35c,25877,5.2301,9
7a73c8e3,34365,5.2301,9
60c7dd6a,35148,5.2301,9
42d9ce70,33524,5.2301,9
2cbb1e89,23390,5.2301,9
48ebff2d,32426,5.2329,9
1927d58b,35376,5.2329,9
47d56748,33973,5.2329,9
655a0fd9,32427,5.2274,9
336e766d,35499,5.2219,9
3ee7631d,35782,5.2301,9
246be5ba,23526,5.2329,9
347f731,24576,5.2329,9
6f443f36,24401,5.2329,9
2f59e1ad,20979,5.2301,9
7bc90093,31685,5.2329,9
54e497c9,31891,5.2329,9
1a77d01,25792,5.2329,9
68260c1b,30496,5.2329,9
265523a6,23534,5.2329,9
46e1fa48,34272,5.2329,9
364b6782,32279,5.2329,9
59875971,33297,5.2274,9
6ed5f384,25864,5.2329,9
6112b5eb,20809,5.2329,9
28e8303b,34447,5.2329,21
45f225d3,10883,5.2329,2
4f9af26f,28491,5.2329,9
4faa73a,20876,5.2329,9
70b3e7a3,23125,5.2329,9
19336866,32413,5.2329,9
4dbb1a2e,29224,5.2274,9
1c29b7d4,34673,5.2301,9
7348d50d,31152,5.2329,9
713af35a,20873,5.2301,9
6445fd39,35333,5.2329,9
d63a62,23197,5.2329,9
26d0a901,32227,5.2329,9
6d3734d7,31808,5.2329,9
431150e2,34691,5.2274,9
722567c8,29520,5.2329,9
511e402c,32229,5.2329,9
55b5754,35223,5.2329,9
4c84915d,31951,5.2329,9
1546b422,23334,5.2301,9
36fa8986,33261,5.2329,9
1a26bc20,33393,5.2301,9
7318c0e6,27354,5.2329,9
46ed5212,32516,5.2329,9
2f2baabc,23358,5.2329,9
694489fa,23389,5.2329,9
1a2e3f6,35392,5.2301,9
2165a044,30477,5.2329,9
43b1ab57,33437,5.2219,9
e77f182,33425,5.2301,9
18dc0ee9,28506,5.2356,9
14b7fa36,29621,5.2301,18
a6e558a,34838,5.2356,9
5a9210e4,34117,5.2301,9
525815db,35251,5.2356,9
6b5801d5,24643,5.2356,9
3253508a,29045,5.2356,9
138be111,20423,5.2356,9
38c6cf1c,21830,5.2329,9
36547cda,35629,5.2356,9
7219edd0,25768,5.2356,9
59e40cef,35278,5.2356,9
152bedab,34696,5.2274,9
1b9b7e3d,35481,5.2329,9
26d167f3,28936,5.2356,9
5f2b94b2,35522,5.2274,9
15276c49,33564,5.2301,9
558d9246,29226,5.2356,9
7b431c54,35555,5.2356,9
55287251,28939,5.2356,9
6c8ec510,35312,5.2356,9
6083983b,30427,5.2356,9
10b61d95,19319,5.2356,9
34199c3,28438,5.2329,9
15edc900,23062,5.2356,9
fd138e8,20807,5.2356,9
736f3b69,31255,5.2356,9
7c6f2b46,23283,5.2356,13
3e180167,20840,5.2301,9
1a13674,35498,5.2356,9
b9ff15a,19267,5.2356,9
eafce74,32926,5.2356,9
3d3f6fb,31153,5.2356,9
bc96263,21873,5.2329,9
7fa84761,34566,5.2356,9
199a28ea,23236,5.2356,9
f84ea8e,32269,5.2356,9
13fca1ab,28490,5.2356,9
53e603cd,32949,5.2356,9
6ec8c59f,25980,5.2329,9
17b3e5ad,35707,5.2356,9
46308252,23120,5.2356,9
303782c6,28269,5.2356,9
532c0766,23431,5.2356,9
39aeea26,34606,5.2356,9
2225ff4a,35227,5.2384,9
408ac192,23107,5.2384,9
7be0d4a1,21055,5.2356,9
3900eb9d,32280,5.2384,9
352d6fc9,35628,5.2384,9
609593d,24651,5.2356,9
7b31d081,35178,5.2384,9
45d39079,34333,5.2384,9
1b5eec2d,34809,5.2384,9
57528eca,33222,5.2356,9
2292e979,32979,5.2384,9
7b1be50a,35533,5.2301,9
174841c0,33317,5.2301,9
54afa93d,29078,5.2384,9
61c35bf0,23385,5.2384,9
28fe508b,32266,5.2384,9
45d4c177,35527,5.2384,9
1047de4c,31949,5.2384,9
39887b38,20808,5.2384,9
426fbb22,34765,5.2384,9
21d30561,22145,5.2301,9
7563e1c3,28418,5.2384,9
4a6ae2e6,33571,5.2329,9
73ab1ec7,35038,5.2384,9
63533596,34304,5.2356,9
54e5a55,28400,5.2384,9
3cf9df49,32927,5.2356,9
567e5cec,33139,5.2384,9
60688b95,34764,5.2384,9
12191346,21904,5.2274,9
3624b4d5,29279,5.2356,9
a4e3547,35313,5.2356,9
2e5e23b8,32358,5.2384,9
74078616,24364,5.2384,9
6716065f,34573,5.2384,9
1c89e3f7,28522,5.2384,9
4315403d,28301,5.2356,9
35d82f3,35640,5.2384,23
bea597f,34359,5.2384,9
5c1982a3,35271,5.2384,9
fdc548c,31954,5.2356,9
66a1f9e2,35337,5.2356,9
41eaf884,32961,5.2384,9
3fd965e8,30502,5.2384,9
2fc5e42a,23121,5.2384,9
42d0bd6a,32181,5.2356,9
2b57223b,34658,5.2356,9
5fd5f49c,34330,5.2411,9
5fb1aff8,21003,5.2384,9
18cd6289,32517,5.2384,9
a19cd51,22120,5.2411,9
7a98a99a,35139,5.2384,9
2804175e,35705,5.2411,9
5b2ef1fd,31717,5.2301,9
1f99cc8c,35119,5.2411,9
2072729c,32948,5.2411,9
28443f2b,34326,5.2356,9
4c982c7,32520,5.2384,9
5565d37e,34018,5.2411,9
66b0addc,29232,5.2329,9
6f047b46,29283,5.2301,9
279313db,25971,5.2384,9
5c16ca74,23531,5.2384,9
3f2b5267,35130,5.2411,9
73b9d08f,20997,5.2384,9
2efc2c89,35101,5.2411,9
4c0b08e8,34390,5.2411,21
26a42e77,35646,5.2411,23
43f9e8ae,35064,5.2411,9
7ef975f6,20678,5.2384,9
6aa17e89,33727,5.2411,9
40514a32,33971,5.2411,9
6df1323c,35328,5.2411,9
61c10bb4,31952,5.2411,9
542294bf,20609,5.2411,9
dc811f2,25960,5.2384,9
3516ed84,34700,5.2329,9
57b7fe5e,35712,5.2384,9
511249c8,28945,5.2411,9
38e764f5,30426,5.2384,9
78a0983a,29595,5.2356,9
7ad82067,21974,5.2411,9
39c77afd,33555,5.2411,9
3a8471fc,34853,5.2329,9
7aa615c5,32974,5.2384,9
1259c19,34286,5.2411,9
46994fde,31811,5.2384,9
7df99472,21623,5.2411,9
7feb19a2,34939,5.2411,9
66798c32,23084,5.2411,9
6a92c89c,26345,5.2411,9
5b798bb8,35002,5.2384,9
7c78af7c,32765,5.2411,9
564aa4dd,23175,5.2384,9
2ae050a0,35790,5.2356,9
5af29e52,33525,5.2411,9
3142722,21874,5.2411,9
69017b6d,20878,5.2411,9
3d533a0f,23126,5.2384,9
788dd3f5,35708,5.2411,9
6054e848,33083,5.2411,9
69e93a37,20872,5.2411,9
4e96196,34229,5.2411,9
df5c551,31909,5.2438,9
43c9ad0e,35063,5.2438,9
38e0f705,21870,5.2438,9
a23422,34230,5.2384,9
786419a,35247,5.2438,9
2fcb749a,35789,5.2438,9
b6cb02e,35200,5.2438,9
1484b314,33223,5.2384,9
44c68504,34857,5.2411,9
71799697,24419,5.2356,9
5625386,29496,5.2438,9
6be17ec4,35486,5.2411,9
1b7f3819,32909,5.2438,9
c99c829,28444,5.2438,9
260fd8cf,23229,5.2438,9
31e651eb,34364,5.2438,9
51910e4d,29182,5.2438,9
549778bc,28442,5.2438,9
33cc5b96,32256,5.2438,9
15bccf7,34748,5.2438,9
1fc42aaf,29038,5.2411,9
5375a9b1,33839,5.2438,9
6bdd3480,34763,5.2438,9
52a4c016,28931,5.2438,9
68374919,20656,5.2438,9
318dc134,32497,5.2438,9
34ba4b2b,34474,5.2438,21
2419bfc7,33536,5.2411,9
60cc3c78,33439,5.2411,9
62b77dd5,32959,5.2438,9
301a8f1b,35504,5.2438,9
6fc17c4d,28310,5.2438,9
2e094a55,34674,5.2438,9
5741095d,29317,5.2438,9
6eefb231,29318,5.2466,9
3726c87d,35145,5.2438,9
5369104d,34380,5.2329,21
37ae2d79,28518,5.2466,9
24437f87,29037,5.2466,9
1fd76f2f,29545,5.2466,9
6a7d48a0,25929,5.2466,9
718dd6da,23458,5.2466,9
378ef877,33659,5.2466,9
80e1646,35338,5.2466,9
8b677af,33071,5.2466,9
17924b65,27299,5.2466,9
571f44a0,32816,5.2466,9
2f5bc423,33822,5.2466,9
2e9c0134,22119,5.2466,9
14ebc568,31920,5.2438,9
40047e44,26111,5.2466,9
11a77df3,24424,5.2466,9
3cb00123,24402,5.2466,9
767fa5ae,24388,5.2411,9
4d3ba04a,33209,5.2466,9
297b4d0e,32257,5.2466,9
731fc00,19268,5.2411,9
2d5351f0,34633,5.2466,9
1156f460,31937,5.2466,9
17f2ff0,34875,5.2438,9
257b2603,31910,5.2438,9
9261223,33138,5.2466,9
63854905,35641,5.2466,23
3e4d1e26,35195,5.2438,9
189e087b,33672,5.2466,9
60e6b437,25845,5.2466,9
59681502,34363,5.2466,9
b3f21c2,31720,5.2466,9
6d0934a4,33221,5.2438,9
60798ef4,31154,5.2438,9
f029c27,24568,5.2466,9
67b7906c,33663,5.2384,9
3225d7a1,33259,5.2466,9
2b7c04e2,25782,5.2438,9
197513da,35579,5.2493,9
6414d61d,29178,5.2466,9
3084460e,35780,5.2438,9
6b6b8482,21053,5.2493,9
485bb279,34567,5.2493,9
3cff9f8a,28223,5.2493,9
2e590a2d,33211,5.2493,9
618eef10,34607,5.2466,9
19a1c4f0,22160,5.2493,9
10330a03,29046,5.2493,9
65194fd4,21026,5.2493,9
5070c440,34692,5.2493,9
361ea401,20772,5.2466,9
218f6076,33510,5.2493,9
29641556,33823,5.2438,9
7fe096fe,35566,5.2411,9
5673e17b,21808,5.2438,9
3c1d0baf,35203,5.2466,9
66cb408a,20739,5.2466,9
6f8c37a0,24420,5.2493,9
14a00bc9,34632,5.2466,9
112e10fb,32858,5.2466,9
40b43a81,19315,5.2493,9
7cc7ed0d,20851,5.2493,9
72f8f402,29598,5.2466,9
24e1109,24449,5.2493,9
1ae722d,33302,5.2493,9
661257d7,34073,5.2493,9
79319a6,25966,5.2466,9
44ff33dc,35180,5.2466,9
2fe00b98,34687,5.2493,9
719297a5,34133,5.2438,9
54acaaf,35623,5.2493,9
1a8bad89,24398,5.2493,9
5044ede5,35324,5.2493,9
27d71cd7,29291,5.2438,9
429d8837,30509,5.2493,9
11512d79,20919,5.2493,9
56f13d3f,29003,5.2466,9
3ed1c9f8,30510,5.2521,9
495fb292,24620,5.2521,9
56f3d9dd,29292,5.2521,9
7f0f94c7,33538,5.2521,9
204856dc,33991,5.2521,9
47413bc7,35500,5.2466,9
480f5d37,29189,5.2521,9
1437ab65,28273,5.2521,9
192a9efa,28419,5.2521,16
1a0088b4,34274,5.2521,9
781cc39e,33930,5.2521,9
51d9337b,35255,5.2521,9
1cc9aaf4,24563,5.2493,9
53290d7b,35341,5.2521,9
292d4f1,34699,5.2521,9
1328c9ea,21054,5.2493,9
1c8cf70e,35502,5.2493,9
4564d0f,24426,5.2521,9
4e703d12,1000,5.2521,2
127cdf97,34404,5.2521,21
5519d97b,33088,5.2521,9
468a43f4,33932,5.2521,9
4138aa75,34679,5.2521,9
53299a9a,21905,5.2493,9
1eb152cd,21909,5.2521,9
3af701db,29243,5.2521,9
c7f0dbf,33817,5.2466,9
17b6cf4a,34766,5.2548,9
13d9b4cb,30505,5.2548,9
18bfbb00,34231,5.2493,9
11a286b2,34405,5.2521,21
65c463cc,25796,5.2548,9
44293ca1,25866,5.2548,9
1a08a703,33886,5.2548,9
3ab11778,32403,5.2548,9
1f9a25e6,29286,5.2548,9
5906ffda,32360,5.2548,9
54c70c6f,28456,5.2493,9
ba8894b,31123,5.2548,9
60f1260e,33992,5.2548,9
45d328cd,35516,5.2548,9
2b45e782,21052,5.2548,9
478d22f1,33530,5.2493,9
820099a,29588,5.2493,9
54e9cd13,34157,5.2548,9
501459fb,34385,5.2548,21
7e2063a2,33560,5.2521,9
2916c9d7,34334,5.2548,9
25e5380,34366,5.2548,9
76c4c925,24409,5.2548,9
6cdf13bb,30491,5.2548,9
1ef6545a,20810,5.2521,9
63361955,32789,5.2548,9
911a616,30461,5.2548,9
33eb69f7,34192,5.2493,9
27bdf6fa,35505,5.2521,9
b4532d3,35263,5.2521,9
58ea7e5f,34880,5.2548,9
30a60064,23035,5.2548,9
78e43aac,33537,5.2521,9
5a155cc9,25975,5.2548,9
5106d952,32766,5.2521,9
51234636,29017,5.2521,9
8cb27e4,34134,5.2548,9
7848d120,35613,5.2548,9
1f634b32,31091,5.2521,9
3d825dd6,29198,5.2548,9
543aac1e,32211,5.2548,9
51f557a,23525,5.2548,9
3b605528,25846,5.2548,9
3e5fb3ad,29181,5.2548,9
3f84b224,32267,5.2521,9
4aed82c,31925,5.2548,9
404f942b,29272,5.2493,9
79bf501f,30506,5.2548,9
3abe565e,33532,5.2575,9
6d471b13,33871,5.2575,9
2031d6bf,21989,5.2548,9
1c63e05e,20841,5.2575,9
1f5f7465,29018,5.2548,9
579bdd76,29184,5.2575,9
79316d14,34682,5.2575,9
31109967,34000,5.2575,9
7a53037c,23523,5.2575,9
1e4bbc0f,35461,5.2575,9
68f4d9a9,22123,5.2575,9
3938ce13,29202,5.2575,9
1732a2dd,20982,5.2575,9
651934e2,34219,5.2575,9
32b0d08a,31927,5.2575,9
73393de,34135,5.2575,9
44dbfcf3,34408,5.2575,21
467d9aff,35270,5.2575,9
6a6f18f6,30503,5.2575,9
7159db06,23521,5.2575,9
6afe9dba,23293,5.2575,9
407e5878,23305,5.2575,9
52c45029,34751,5.2575,9
6d7a309c,21625,5.2548,9
73f763c4,23349,5.2575,9
41f8585a,19314,5.2521,9
31cd0d54,24489,5.2548,9
d8f2521,24525,5.2575,9
452e9e17,23070,5.2575,9
402061b8,34487,5.2575,21
46973460,33599,5.2548,9
1f69364b,22163,5.2575,9
6b3bbeaa,21802,5.2575,9
5a545bfc,35503,5.2575,9
25bcedde,28322,5.2575,9
259f50e2,20865,5.2575,9
7312f174,35636,5.2548,23
45eacf52,24503,5.2575,9
334fde43,32376,5.2575,9
662b3db,32402,5.2575,9
62deb8b9,31940,5.2575,9
6237cc7,24526,5.2575,9
36e366a,32465,5.2575,9
1520b30e,33556,5.2575,9
6776a2a5,20846,5.2603,9
70fac582,25867,5.2575,9
6d225a1e,33878,5.2603,9
7d0a3c77,34182,5.2575,9
2fbbdaf9,35389,5.2603,9
419cb17,28940,5.2603,9
94bcc59,29602,5.2603,9
5d189f20,32189,5.2603,9
45135dae,28445,5.2603,9
764685c4,33109,5.2575,9
3a5ec565,24491,5.2603,9
5a83e6ff,35228,5.2603,9
2b9e9344,34271,5.2603,9
7c60bb6a,34387,5.2603,21
3e4a6987,25970,5.2603,9
7bbbd4af,34456,5.2603,21
24607c2f,33187,5.2603,9
5d222822,30478,5.2603,9
730a7cbd,19328,5.2603,9
30c96450,35340,5.2603,9
15f2d04a,34183,5.2603,9
325457df,24427,5.2603,9
7efb0a8f,20877,5.2603,9
56b1ae4,34681,5.2548,9
698fa83,34005,5.2603,9
16e2bf20,31893,5.2575,9
306b7001,30501,5.2575,9
6d0ae0d2,34377,5.2575,21
2c874312,34876,5.2603,9
4b56f685,32868,5.2603,9
2f1ff21d,23256,5.2603,9
441f6487,23535,5.2603,9
7e2900a6,33974,5.2548,9
682053a2,21878,5.2603,9
387fcba1,34014,5.2575,9
77bbb75,23441,5.2603,9
5a9170c5,28268,5.2603,9
31e1b70c,30410,5.2603,9
5b364fd1,20856,5.2603,9
1d52a5d5,23425,5.2603,9
19a5e1ea,25800,5.2575,9
47a81519,33972,5.2603,9
7bcd9337,25805,5.263,9
543fb2a7,34289,5.2603,9
d7a9efa,32883,5.263,9
754d283a,35750,5.263,9
1a9870cd,34455,5.2548,21
1d9fae5a,35426,5.263,9
adcd2f5,34347,5.2603,9
27188966,32519,5.263,9
78d8f625,19377,5.263,9
211fefeb,23536,5.263,9
509d9161,28943,5.2603,9
411278ec,34599,5.263,9
2db55141,34216,5.263,9
12e3e30c,35204,5.263,9
4c5d360c,35062,5.263,9
1edae273,34016,5.2603,9
196297b0,31089,5.263,9
1494ec13,23231,5.263,9
315c55db,34779,5.263,9
78dce0f9,32377,5.263,9
750e2745,29526,5.263,9
4649a983,33600,5.263,19
41e252b3,34391,5.2603,21
1568ce1c,30462,5.263,9
2714f320,29501,5.2575,9
a2c3f60,21585,5.263,9
6658691b,34218,5.263,9
7b021e8f,34879,5.2603,9
592b09e,23297,5.263,9
56d9861e,35277,5.263,9
3de5649a,20811,5.263,9
533ca924,33108,5.2603,9
43bae59d,34859,5.263,9
5a22702a,21871,5.263,9
59c97282,23518,5.263,9
4f9e1c95,28421,5.263,16
79dde9cb,35791,5.263,9
6ddf7d60,35440,5.263,9
65fe53a5,32272,5.263,9
7f105f3b,23036,5.2658,9
40d59ef8,32281,5.2658,9
3433a1a,21027,5.2658,9
5506dcc7,35714,5.2658,9
56d0a498,23332,5.2658,9
40f2e75f,29150,5.2575,9
3de681fd,34181,5.2658,9
51a8eae7,28396,5.2658,9
28f602e,35003,5.2658,9
5590b73f,34368,5.263,9
5cf02d19,33045,5.2658,9
4a990bb2,29288,5.2658,9
336e8cdf,35330,5.2658,9
6317fcc2,23237,5.263,9
17aba6,34155,5.2658,9
3e529d5c,29270,5.2658,9
3c94c5bf,20812,5.2658,9
31f5c7fd,34346,5.263,9
3553f726,34823,5.2658,9
7b5bbe86,31908,5.2658,9
27f6bcc3,32857,5.2658,9
de46d1c,34403,5.2658,21
6ee7031f,34211,5.2658,9
17c7e822,21910,5.2658,9
314edbd2,35395,5.2658,9
234c799c,30504,5.2658,9
32774aa6,33559,5.263,9
dee6c64,10882,5.2658,2
25c00303,35132,5.263,9
6297dc22,29470,5.263,9
781d3c7d,35252,5.2658,9
22d7d975,31802,5.2658,9
5ca41c07,34212,5.2658,9
7959c48b,32193,5.2658,9
3c13e447,23348,5.2658,9
2573614e,34450,5.2685,21
39f318e4,25815,5.2658,9
454b7ff9,32812,5.2685,9
72018647,34331,5.2685,9
4c46f058,31929,5.2685,9
6dd3e50c,32216,5.2548,9
73f9ebf8,32258,5.2685,9
6875e7ba,24452,5.2685,9
d34787e,23257,5.2658,9
760b8db0,22785,5.2685,9
402edf8,32453,5.2685,9
60e735ed,25804,5.2658,9
2f082f77,20879,5.2658,9
58451738,35792,5.2685,9
389860ab,34187,5.2685,9
16c1184e,35578,5.2685,9
17f4f53b,32268,5.2685,9
3c0d612b,32292,5.2685,9
2f73267f,24504,5.2685,9
54158602,35267,5.2658,9
4a9858e0,29227,5.2685,9
260d758c,32291,5.2685,9
4a88f7a6,23359,5.2685,9
1ddbc3e5,30706,5.2685,9
2b2d5eff,24490,5.263,9
5370f80e,35272,5.2685,9
31244295,19316,5.2685,9
2368b2a7,33625,5.2685,9
5e481001,23350,5.2685,9
1d4f24c6,35615,5.2603,9
152bb8a,33539,5.2658,9
5c545b36,24523,5.263,9
38cab0d1,32884,5.2685,9
18faf306,33931,5.2685,9
8b0783a,31941,5.2685,9
16e6b935,34826,5.2658,9
7390d23c,29432,5.2685,9
72ebc63b,33882,5.2685,9
36b59d09,26185,5.2658,9
c18aebb,29589,5.2658,9
7008d748,33580,5.2712,9
76276aa,25935,5.2712,9
246e4862,35536,5.2712,9
89888ca,34833,5.2712,9
413c9214,34486,5.2685,21
55ff7bbf,34649,5.2712,9
384143a,32981,5.2712,9
4f960258,21875,5.2712,9
6a1f958c,23102,5.2712,9
2ca53cd6,35794,5.2712,9
441339f3,30482,5.2712,9
6795d08f,31955,5.2685,9
18ee8ae7,35644,5.2712,23
72beb1e0,25847,5.2712,9
66b4c1ad,34300,5.2712,9
50f4ef95,25932,5.2712,9
ecbcf83,33455,5.2658,9
1a921056,30409,5.2712,9
4f34618,34247,5.2712,9
76471851,35577,5.2712,9
2513a8bd,25977,5.2712,9
262076cd,30463,5.2685,9
20f453e2,29233,5.263,9
2a6ef70a,34840,5.2712,9
64a5e786,21076,5.2712,9
419663c1,35102,5.2685,9
67c17ca1,10885,5.2712,2
43ff5352,24644,5.2685,9
1e743a80,35314,5.2712,9
55a6671f,29186,5.2685,9
275c9e01,35225,5.2685,9
3aac8c7f,34457,5.2685,21
1e002c7b,34309,5.2712,9
219fa501,30406,5.2685,9
47e7b0b2,21810,5.263,9
40882d9,33601,5.2712,19
4f65161d,25799,5.2712,9
471f1c05,35385,5.2712,9
7d590547,25981,5.2712,9
4638ed96,34781,5.274,9
79f83e60,20781,5.274,9
7e4bf3cd,33838,5.2658,9
4b0db27e,28524,5.274,9
4a58b2d4,34660,5.274,9
726b8ec1,35055,5.2685,9
539fceda,34381,5.274,21
75271895,33710,5.2712,9
7a66caf7,29188,5.274,9
54554efc,33454,5.274,9
7911a3b2,21072,5.274,9
3280fe28,23524,5.2712,9
34bfffb5,27300,5.274,9
7842baa7,33933,5.274,9
3727c142,34386,5.274,21
61e29fd,33883,5.274,9
72e606bf,34881,5.274,9
43cba906,34480,5.274,21
712406eb,28525,5.2712,9
4e89b561,29011,5.274,9
396f1d01,32817,5.2685,9
109d4f88,31882,5.274,9
6ca2bde,34392,5.274,21
54151f09,34393,5.274,21
27fb8359,20974,5.274,9
233385b7,21624,5.274,9
61a2ac90,34361,5.274,9
20e432b0,24616,5.274,9
5cf59cf2,31146,5.274,9
6354b4e6,29287,5.2712,9
39c8df9b,23528,5.2685,9
70aa5215,34827,5.274,9
17e64230,34125,5.274,9
161693ce,34496,5.274,21
2041e44e,32261,5.2685,9
513c5b4,33565,5.2712,9
2739ae3b,35556,5.2712,9
65f02e31,34217,5.274,9
42060339,29319,5.274,9
4a3cc555,34824,5.2767,9
519997c3,35147,5.2767,9
3bbbb3bd,30464,5.2767,9
5f5e835d,33563,5.2767,9
73e4e38e,35715,5.2767,9
58f44ac,32182,5.274,9
6ede45be,20679,5.2767,9
89e3583,20422,5.2767,9
23f11ba6,34388,5.274,21
775d74c5,29242,5.2767,9
6b323c25,31922,5.2767,9
12f93eed,34479,5.274,21
397e3b3f,35630,5.2767,9
1750314e,34221,5.2767,9
25198b89,24619,5.2767,9
234b593c,34196,5.2767,9
20c59730,35133,5.2767,9
5fb0481b,34842,5.2712,9
4651b56,33689,5.2767,9
4c8a6f26,32980,5.2685,9
2526f0fd,28370,5.2712,9
64d60730,23527,5.274,9
780b94d2,33730,5.2767,9
54189f2e,34844,5.2767,9
4b7439d4,35620,5.2767,9
59c7995f,34449,5.2767,21
7dce2bb1,25979,5.2767,9
6dbf2ac9,33927,5.2767,9
462d0808,32190,5.2767,9
628768e0,35065,5.274,9
6e1854a2,33976,5.2767,9
7ae5d2ca,34574,5.2767,9
5d2174f8,21028,5.2767,9
16a57be7,28459,5.2712,9
5c4d271b,34453,5.2767,21
705cc574,34173,5.2795,9
2ff4406d,31926,5.2795,9
247b3a37,10884,5.2795,2
577c446,20731,5.2767,9
30b74e0c,33121,5.2795,9
26564a0b,32293,5.2795,9
5b016674,25917,5.2795,9
60efdca6,34362,5.2795,9
1cdda663,33122,5.2795,9
6a223999,22094,5.2795,9
7eb020c4,35524,5.2712,9
61d0b371,31143,5.2795,9
3d06f506,22776,5.2767,9
30462820,27298,5.2767,9
4bd33140,34409,5.274,21
341a8efe,21029,5.2795,9
cad4c16,33690,5.2795,9
dab728b,25978,5.274,9
5f200b4f,35140,5.2795,9
71c971e5,35120,5.2795,9
3fad132b,21522,5.274,9
59863534,24655,5.2795,9
66f1ef7a,34465,5.2795,21
f6f2ba5,35602,5.2795,9
504a3374,29142,5.2795,9
7a9561d,22775,5.2795,9
6feeec49,33592,5.274,9
25a28564,25810,5.274,9
192ad012,29034,5.274,9
7de6733c,24399,5.2767,9
187a81d0,28404,5.2795,9
552e257c,22048,5.2795,9
4dba0734,28311,5.2795,9
2dfe4d1,31953,5.2795,9
4e67815b,23234,5.2795,9
775861f5,29337,5.2822,9
215d43,23432,5.2822,9
adceaa3,34855,5.2822,9
78c3cffa,23298,5.2822,9
209ceff4,29590,5.2822,9
14ff65db,25976,5.2822,9
791b0c15,29185,5.2822,9
1f41b0d3,34832,5.2822,9
58e51f80,33514,5.2822,9
375b78fa,34389,5.2795,21
4aa3cbb0,24339,5.2822,9
1601a1a0,34848,5.2822,9
4d44c9b,23433,5.2822,9
72928cbb,33975,5.2822,9
403c374,34348,5.2822,9
74bd4a9e,34290,5.2822,9
18cd705b,29527,5.2795,9
65feef78,34849,5.2822,9
4092f3e5,33440,5.2822,9
5bccf987,23335,5.2822,9
3dace43,34349,5.2822,9
25ccfa37,25848,5.2822,9
3bbbadaa,32454,5.274,9
48075d2e,34491,5.2822,21
2c04ca7,29586,5.2849,9
1dfa2abb,31125,5.2849,9
5fa57671,25933,5.2849,9
391556d2,20857,5.2849,9
575b676b,23426,5.2849,9
13619ce1,29183,5.2849,9
4b8992f3,24564,5.2822,9
7eac6cb,28492,5.2849,9
5d937579,30203,5.2822,9
73883eb9,32795,5.2849,9
60b845dc,35534,5.2849,9
67a15d32,23085,5.2822,9
36ac1393,25940,5.2822,9
4638e09,31804,5.2849,9
2657bdfc,21523,5.2849,9
19f3634f,34861,5.2849,9
4b722cc9,25797,5.2849,9
3829b631,34412,5.2849,21
31d01f78,29223,5.2849,9
1d948ebf,28408,5.2849,9
59f58c2,20853,5.2849,9
1e3cbdd0,23460,5.2822,9
4472ceba,20657,5.2822,9
7d2a51fd,20801,5.2849,9
28c5fd2,25817,5.2822,9
79a5b06e,29623,5.2877,18
2b70b6fe,31928,5.2849,9
47aafd4,35796,5.2877,9
1b94c1bd,32215,5.2877,9
64680246,33456,5.2849,9
309af865,25941,5.2877,9
1ef37fce,35647,5.2849,23
4fa667cb,23238,5.2877,9
6b78364b,35224,5.2877,9
3044e27c,25794,5.2877,9
cc6b291,35616,5.2822,9
9cea1c8,28944,5.2877,9
75aa1705,33446,5.2877,9
5fcabd95,31923,5.2849,9
6621cec7,22164,5.2877,9
1a1de32a,21077,5.2849,9
3f2add53,20855,5.2877,9
3586f936,35787,5.2877,9
5db95eb7,34860,5.2877,9
1f1ee967,34021,5.2877,9
4e47c106,23230,5.2877,9
28c8e299,33212,5.2849,9
2154ed78,25918,5.2877,9
41e16296,34507,5.2877,21
43ac7cd5,25895,5.2877,9
5477cef1,34878,5.2849,9
597c5e64,21015,5.2822,9
3bc432cc,35601,5.2849,9
71fb12f0,34661,5.2877,9
511192ce,35557,5.2877,9
12e0a85f,35631,5.2877,9
3bfbde5b,33674,5.2877,9
621fd5a7,24438,5.2849,9
21b3c9ba,35182,5.2877,9
8f623ee,28277,5.2877,9
55ac57dc,34489,5.2877,21
30c05234,30431,5.2877,9
f01b38f,35617,5.2877,9
440d87c4,29019,5.2877,9
79cd466e,25801,5.2877,9
1f4ab63,34017,5.2904,9
3397089b,28409,5.2904,9
310858ad,24425,5.2904,9
f2151c6,34367,5.2904,9
2b2a5cf2,34243,5.2877,9
24ceeb45,29010,5.2904,9
20725adc,24660,5.2877,9
53ccb34f,33626,5.2849,9
56e66791,32962,5.2877,9
2f526c73,25816,5.2877,9
1dc477ff,32490,5.2904,9
7396449,32271,5.2849,9
6b3bd3eb,35751,5.2904,9
2b24e9c3,23491,5.2904,9
4e9bc9d9,34222,5.2904,9
7216158d,31899,5.2904,9
4c53efbf,23532,5.2877,9
6291edf2,22755,5.2904,9
40b57d07,33089,5.2904,9
2674d7c7,33879,5.2904,9
1267b97f,28343,5.2904,9
4227a2da,21811,5.2904,9
5070b1c9,23239,5.2904,9
14e4a341,29624,5.2904,18
12086c37,34158,5.2904,9
41f557de,34213,5.2932,9
2ac357a2,23474,5.2932,9
545479cf,34022,5.2877,9
7f6845ca,32818,5.2932,9
2e50e7c4,28397,5.2932,9
45701e77,29335,5.2932,9
687fdf4d,34166,5.2932,9
75be3f3c,33136,5.2932,9
6ff94951,29086,5.2904,9
48456254,35205,5.2932,9
f7b032,35580,5.2932,9
6102d25f,25896,5.2904,9
24c4ebae,33979,5.2904,9
200767d5,32191,5.2932,9
43b3f643,33980,5.2932,9
34d45440,35393,5.2904,9
afef17b,27331,5.2932,9
37ce50ef,34074,5.2932,9
2aa8aa3e,31930,5.2932,9
f7cca1a,29245,5.2877,9
5903690a,28312,5.2932,9
2cecb00c,22753,5.2932,9
6b058226,32259,5.2904,9
70b14a3c,114,5.2904,1
6651763e,33441,5.2932,9
ece92be,33210,5.2932,9
23dd1b33,25811,5.2932,9
6a78b394,29008,5.2932,9
10e2f44d,33515,5.2932,9
7def90e9,33842,5.2959,9
36a008e4,20610,5.2959,9
19ebe9b7,21019,5.2959,9
1eac365b,22126,5.2932,9
17e25877,33453,5.2959,9
1f4585bf,25868,5.2959,9
2914599b,24492,5.2932,9
6ff4ab5f,23529,5.2959,9
10955614,32512,5.2932,9
4df93c4f,24435,5.2959,9
234e41c4,28278,5.2932,9
68084f64,30433,5.2959,9
281d0cb7,29338,5.2959,9
6279f4b8,34401,5.2932,21
58e63b15,32945,5.2959,9
97711ac,32950,5.2959,9
28c514a3,29289,5.2932,9
643e2d34,23176,5.2932,9
d698c35,28326,5.2932,9
4e88cb3d,25942,5.2959,9
5ebd4f24,34693,5.2959,9
3640c992,35254,5.2932,9
2aabf47d,33123,5.2986,9
3ca20645,32232,5.2959,9
b3e6e94,25930,5.2986,9
1efcb54a,33303,5.2959,9
2a5c7d93,32529,5.2986,9
5fb58a84,35334,5.2959,9
228b362b,25812,5.2986,9
73092f19,35625,5.2986,9
bbbb522,34492,5.2986,21
709607fa,30511,5.2986,9
30442c6,35335,5.2959,9
12fadd7e,20983,5.2986,9
39cfd458,35181,5.2986,9
6f0b74e6,33213,5.2959,9
16255c1b,34395,5.2932,21
2f62072a,29585,5.2959,9
e517272,34858,5.2986,9
49fb1af4,34159,5.2986,9
5ff9e0ab,32312,5.2959,9
7d63fb69,34350,5.2986,9
444f3fa7,35793,5.2986,9
4287f8b8,33593,5.2986,9
4740c078,34448,5.2986,21
56fd4ede,33846,5.2986,9
6c2bbfae,20424,5.3014,9
34274fdb,33034,5.3014,9
499833df,22756,5.2959,9
81a6994,35114,5.2986,9
342d5df7,20980,5.2986,9
3a7a853e,33825,5.3014,9
32745f65,34287,5.3014,9
37e5fc5b,34702,5.2986,9
59d8ccec,21911,5.3014,9
7aa269c8,34508,5.3014,21
5d478a0,32294,5.3014,9
49472fc5,22127,5.2986,9
5e9e728d,33977,5.3014,9
6eaa1afd,29249,5.2986,9
443e782c,31850,5.3014,9
76353457,32523,5.3014,9
699539d1,34332,5.3014,9
5561c9f3,25982,5.2986,9
195c1a21,34917,5.3014,9
4c7bb53f,25787,5.2959,9
271f9605,29009,5.3014,9
78d7893d,21020,5.3014,9
38cc6c47,25798,5.2986,9
41b8f46d,25795,5.3041,9
25613b41,31803,5.3041,9
637dd04a,27328,5.3014,9
30e73ad7,35206,5.3041,9
1accfde1,33824,5.3041,9
5e9601e4,32488,5.3041,9
563e025,32781,5.3014,9
1aa262e0,23299,5.3041,9
37e7778,33664,5.2986,9
2c94996,24493,5.3041,9
7e20b103,32951,5.3041,9
10d71602,33110,5.3041,9
a2faef5,34415,5.3041,21
34e54277,35716,5.3014,9
7a9add7f,33691,5.3041,9
13b4ea6a,28420,5.3041,16
7999418a,21879,5.2986,9
2edcc0b4,23232,5.3014,9
125c6325,21718,5.3041,9
5d82e7c0,33304,5.3014,9
1c9d386,29290,5.3041,9
2986a2bb,35506,5.2986,9
6282dea7,21818,5.3041,9
5ea9e978,28938,5.2986,9
3e593c74,34475,5.3014,21
7274a6f7,23177,5.3041,9
3dee1edc,35643,5.3014,23
21e1e0a0,19055,5.3041,9
30922fcd,21056,5.3041,9
67066436,32469,5.3068,9
2ad38ef4,24469,5.3041,9
4199fee,33426,5.3068,9
79660059,33124,5.3068,9
447d9ae3,30507,5.3068,9
25d424e7,20842,5.3041,9
70ab4678,29039,5.3014,9
71a7c3bf,28403,5.3014,9
47355751,25869,5.3068,9
683fe70c,35797,5.3068,9
f9b46b6,28493,5.3068,9
b6cb8be,24400,5.3068,9
44192857,24565,5.3068,9
11f1c994,23391,5.3041,9
29fb705a,33214,5.3068,9
5612e243,22162,5.3041,9
7c002d25,23308,5.3068,9
1247c353,34703,5.3068,9
1f911adc,23032,5.3096,9
6d1ac0d4,33731,5.3096,9
100eb157,29339,5.3096,9
20d77027,35179,5.3096,9
350ab6dc,23037,5.3096,9
3cffa55e,32524,5.3096,9
2b2f1fe7,21880,5.3096,9
10087636,33511,5.3096,9
7569e969,34394,5.3068,21
347d67cf,24476,5.3096,9
677e8680,34466,5.3068,21
3414f59f,33847,5.3096,9
7d69d5d7,35394,5.3096,9
e0c60d5,33140,5.3096,9
51102dc4,22128,5.3041,9
31328ae3,21521,5.3096,9
42c9fbe0,35754,5.3068,9
2cff9d03,28460,5.3096,9
5162462b,34495,5.3096,21
3c858e1a,29529,5.3096,9
6cabea43,22786,5.3096,9
61b01acd,21588,5.3068,9
22a04bce,24566,5.3096,9
4ecb628e,35121,5.3096,9
32c5f4de,33597,5.2959,9
18ff937,29471,5.3096,9
6088fdb9,24622,5.3096,9
7f5a96c9,35386,5.3096,9
40d6245d,35342,5.3123,9
5da84b9d,34307,5.3123,9
2310475e,28508,5.3041,9
3c0b5d5c,34360,5.3096,9
4d203b0,23072,5.3096,9
75d73bbb,33703,5.3096,9
6a3c723f,32530,5.3123,9
4b37f291,24577,5.3123,9
1aeb156c,33884,5.3123,9
5f6ca7c4,28279,5.3068,9
132a4571,33676,5.3123,9
1a8e60a1,33885,5.3123,9
143c3b45,20040,5.3123,9
4068e755,28439,5.3123,9
6e59ba1b,25813,5.3068,9
54316293,35656,5.3123,23
740a704a,20816,5.3096,9
24539556,35786,5.3123,9
1571a4a9,33677,5.3123,9
6f901206,33442,5.3123,9
7c9345ce,31938,5.3123,9
5fb9a125,21078,5.3096,9
4365bb,22777,5.3123,9
2cefb4a8,23038,5.3123,9
188fddf6,34843,5.3151,9
7ed4461c,35207,5.3096,9
6c76706a,21589,5.3151,9
7703aee2,29528,5.3151,9
77ebb856,33675,5.3123,9
5c912e8d,20611,5.3151,9
1185ad99,35581,5.3151,9
4192189e,33301,5.3151,9
4dbdfd13,34955,5.3123,9
129721ee,35396,5.3151,9
7889f9e0,35624,5.3068,9
44dc6a0d,21626,5.3151,9
71de4837,34505,5.3151,21
d292833,32217,5.3096,9
4d1bc0e,33046,5.3151,9
15e11475,32233,5.3151,9
41b11f52,24661,5.3151,9
662b52e0,34497,5.3151,21
4d98879a,23530,5.3151,9
7a692130,35256,5.3151,9
61425568,30483,5.3151,9
68efaa8d,29530,5.3151,9
442bb132,29248,5.3151,9
6cc861a4,22129,5.3151,9
5bbc6601,35650,5.3151,23
13351c34,30480,5.3178,9
2d2744f5,25938,5.3178,9
60aff22f,35788,5.3178,9
75019775,33374,5.3178,9
4d356bba,31805,5.3178,9
76da0a94,23336,5.3178,9
697bb0ea,29151,5.3178,9
1d73eee0,24340,5.3178,9
1038288f,33598,5.3096,9
512dd2f0,34383,5.3151,21
76b6f989,25967,5.3178,9
509ec361,34502,5.3151,21
6456d578,34882,5.3178,9
35fbf52d,33840,5.3014,9
74c028aa,34488,5.3178,21
52e37898,33981,5.3178,9
cc9aa9,29044,5.3178,9
6af44500,25806,5.3178,9
1f84a58c,20813,5.3178,9
56ea395c,33602,5.3178,19
3217f8fa,20658,5.3178,9
7a8377fd,35713,5.3178,9
401105e4,35614,5.3205,9
17d5183c,35604,5.3205,9
4736e463,33665,5.3205,9
4aeb0457,33826,5.3205,9
5cd0f40d,35397,5.3205,9
2b36be68,29472,5.3178,9
6340a0cf,23386,5.3205,9
13254538,20880,5.3178,9
17e32b7,33712,5.3205,9
1f25190e,30508,5.3205,9
790584fd,32870,5.3205,9
4b6a5af8,34701,5.3205,9
40300260,32823,5.3205,9
5549636b,32263,5.3205,9
30ab6b5b,31092,5.3205,9
771e929,25915,5.3205,9
5206a756,33889,5.3205,9
12e58c74,29047,5.3178,9
2c06efd4,28402,5.3205,9
797fdcc0,34275,5.3178,9
71cf5a67,30407,5.3205,9
16947f1f,34241,5.3205,9
28acd795,35655,5.3178,23
2f32879c,33447,5.3205,9
2425ec7f,35626,5.3178,9
11fc1363,29020,5.3233,9
5f227eb6,29244,5.3233,9
64170ca9,33603,5.3205,19
6fda4240,23392,5.3233,9
7672bc61,35642,5.3233,23
4c2acd92,33936,5.3233,9
1e4c23d3,32183,5.3233,9
52572962,24439,5.3178,9
e7915c5,34167,5.3205,9
330c9e08,35621,5.3178,9
4ca16101,20725,5.3233,9
27564dce,34688,5.3233,9
6147b3dc,35657,5.3233,23
19379867,30513,5.3233,9
366c9d22,29605,5.3233,9
71824b87,34845,5.3205,9
79341ed0,34509,5.3205,21
64af5044,32264,5.3233,9
382ac65e,21768,5.3205,9
6a7dd9f4,34335,5.3233,9
940794f,29152,5.3233,9
17f33553,29340,5.3233,9
790519c5,34956,5.3233,9
1e948ca3,33581,5.3233,9
7d33cd68,21771,5.3233,9
77334980,33137,5.3233,9
79e4a398,28410,5.326,9
28fe5650,29153,5.326,9
64292234,24436,5.326,9
2657a90b,23178,5.326,9
7af3363a,34510,5.3233,21
20e5a3e2,35645,5.326,23
47729192,31257,5.326,9
5cf67786,24317,5.326,9
3f57c8c4,29341,5.326,9
32a0867f,28946,5.326,9
618d7fb8,33722,5.326,9
5cb80ae3,22047,5.326,9
ea86e48,34957,5.326,9
8ad33f8,33929,5.326,9
4c8ebf84,23086,5.326,9
f3886b1,34220,5.3288,9
399d6a57,34458,5.3288,21
3367a263,32859,5.3288,9
7e704069,20867,5.3288,9
f465187,21841,5.3205,9
4f62376,29246,5.3288,9
35b64c18,20866,5.3288,9
67ab472b,34411,5.3288,21
69518507,34009,5.3288,9
15dee34c,29336,5.3233,9
120fbb63,28443,5.326,9
2fa03416,21073,5.3288,9
4abcf558,23494,5.3288,9
289abbc0,34454,5.3288,21
4721d913,20817,5.3288,9
690f4565,29639,5.3288,18
44b47b29,33574,5.3288,9
398d8cc4,34467,5.326,21
70ad23a7,33627,5.3288,9
631a74ba,35058,5.326,9
49026c3,34499,5.3288,21
2a49246d,25910,5.3288,9
512e7139,32820,5.3288,9
4807c0a0,32869,5.3288,9
7808d2be,35441,5.3233,9
7dab5542,22095,5.3288,9
5fae5477,33516,5.3288,9
29da9de2,33667,5.3288,9
7f740caf,34506,5.3288,21
360c296e,35632,5.326,9
40b68325,24437,5.3315,9
17f92745,33572,5.3315,9
305f71bd,9654,5.3315,2
1d7f962d,25818,5.3315,9
3e2afdb1,28405,5.3315,9
7533a150,35554,5.3315,9
5af29c9b,25911,5.3288,9
141c9f25,28422,5.3315,16
332ff57c,28411,5.3315,9
4bca5a1b,30428,5.3315,9
4d9d100e,32470,5.3315,9
136a7020,33632,5.3315,9
24b3bb79,34410,5.3315,21
4c62a79e,34082,5.3315,9
3cf7ec80,33120,5.3315,9
6847d085,23235,5.3315,9
250cfd7b,35150,5.3342,9
19cf8670,35633,5.3342,9
201e8e43,34234,5.3342,9
79998389,33713,5.3342,9
7a09e3d6,20868,5.3315,9
1c44615b,35648,5.3342,23
1f1006e1,33448,5.3288,9
4ba8ffd6,34493,5.3342,21
7e18a8e1,25983,5.3288,9
4bbaf3a7,33669,5.3342,9
5402d33f,32535,5.3342,9
3c70e5e0,34498,5.3342,21
58d8d026,29599,5.3342,9
63bc247c,20042,5.3342,9
7f07c467,33890,5.3342,9
16f16aa0,35535,5.3315,9
3d5e6b93,34382,5.3342,21
2399d5fe,32521,5.3342,9
21849a35,30512,5.337,9
6061469e,35658,5.337,23
2eadabf2,35201,5.337,9
43f6bdfc,35538,5.337,9
46a6d285,35637,5.337,23
6c84d17b,24321,5.3342,9
2c193979,35190,5.337,9
6fa8e533,31956,5.337,9
fc2c6d6,20612,5.337,9
1947bc67,34248,5.3342,9
69057730,20425,5.3342,9
cb25998,20869,5.337,9
1f2f4456,32513,5.337,9
249ba440,21770,5.337,9
1b9030,24320,5.337,9
42e5cbf4,31911,5.3315,9
5c0534a9,23481,5.337,9
25c522cd,32404,5.337,9
2ee995bf,34418,5.3342,21
5993063e,34233,5.337,9
3a3c396e,33982,5.337,9
7903ac55,34413,5.3342,21
155572ea,33111,5.3342,9
6080bc95,20746,5.337,9
6c5f3902,20680,5.337,9
85a41d8,21772,5.3397,9
598856ce,32824,5.337,9
36a6b01b,31907,5.3397,9
14f7f6de,34019,5.337,9
5327d64e,32522,5.337,9
597fdad0,33888,5.3397,9
46a56201,23240,5.3397,9
1cabbf8c,33666,5.3397,9
1f0ef26a,25878,5.3397,9
72f6d263,21817,5.3397,9
9259eb5,33628,5.3397,9
504ef595,23387,5.3397,9
4cd22e27,30434,5.3397,9
1f2e1356,34010,5.3397,9
5e3888e0,24421,5.3397,9
2bb131bb,33845,5.3397,9
364dacef,33843,5.3425,9
726c058f,35151,5.3425,9
663ff2e8,21769,5.3425,9
2fce212e,33575,5.3425,9
1d371c37,33841,5.3425,9
752f8f9,28417,5.3397,9
19fff976,32471,5.3425,9
5c231628,25814,5.3425,9
4e71305e,35537,5.3425,9
39787d9,35618,5.3397,9
6b825b03,22096,5.3425,9
7b07e3ba,35284,5.3452,9
3f5138a4,20747,5.3452,9
78e50cd0,34080,5.3397,9
1461a8c,32514,5.3452,9
5b5b1992,28280,5.3452,9
4598232d,33141,5.3397,9
73baa722,21881,5.3425,9
2369b609,213,5.3452,1
164f82bd,32814,5.3397,9
30eaa4e1,34414,5.3452,21
5edd950b,24457,5.3479,9
6e49fd77,28344,5.3479,9
1e835a98,32821,5.3479,9
7433699f,33670,5.3452,9
111b1654,24322,5.3452,9
23dcacb1,32234,5.3479,9
278f75c8,32860,5.3452,9
489f8f37,32313,5.3479,9
1ff89c6,24453,5.3479,9
31fe4a0d,28281,5.3479,9
4700146c,34351,5.3479,9
1bfd0871,20681,5.3479,9
4a1da94d,20041,5.3479,9
2f2fca0e,24570,5.3452,9
7a49fac6,31924,5.3479,9
5263d794,24580,5.3479,9
15870ac0,35285,5.3479,9
664a3681,25913,5.3452,9
37e4fffc,32825,5.3479,9
7b7741e3,29021,5.3479,9
568b8547,33631,5.3452,9
61425f29,24578,5.3507,9
71c947e2,29330,5.3479,9
30f06861,34352,5.3507,9
3adb7285,35115,5.3507,9
4993c9e0,35476,5.3507,9
725e6167,25916,5.3479,9
415ebc2d,25880,5.3479,9
2070b1d9,25808,5.3479,9
64398192,32235,5.3507,9
777bb0fe,32223,5.3507,9
76afb22f,22886,5.3452,9
4224c703,19057,5.3534,9
67ff58e7,24581,5.3534,9
4da9f8a6,24573,5.3534,9
461c05f6,24579,5.3507,9
52e07ff6,23306,5.3507,9
22e4dee9,35558,5.3507,9
3fc18232,33584,5.3507,9
1ef21588,34476,5.3534,21
3daf21a4,34235,5.3534,9
1bbaa052,33540,5.3534,9
8232d1f,23495,5.3507,9
1fad265a,34084,5.3534,9
2c4ee78f,34244,5.3534,9
127fa0e8,33671,5.3534,9
68a841a3,24455,5.3562,9
26dec4d4,34370,5.3562,9
5037b9a3,33512,5.3562,9
b1e4eb5,20802,5.3562,9
2191a32c,33983,5.3562,9
71ceca63,30479,5.3534,9
71392bae,35582,5.3562,9
1cae6e8b,24572,5.3479,9
73a93e0c,32534,5.3562,9
65bcf04d,25807,5.3562,9
4918a715,20858,5.3562,9
110a68f4,35651,5.3589,23
2b866ebd,33125,5.3589,9
6c7a9864,33583,5.3589,9
714481c3,35507,5.3589,9
57df42c7,32532,5.3589,9
1e717356,29187,5.3589,9
1915d2ed,29632,5.3589,18
4fb867b0,34504,5.3534,21
7110b46f,23492,5.3507,9
1c4dd64d,34083,5.3616,9
1061fade,23064,5.3589,9
f686fef,29637,5.3616,18
45fe2b88,25984,5.3589,9
50801ba2,23462,5.3616,9
220d5041,34075,5.3616,9
3da5e9d4,25943,5.3589,9
9332783,20859,5.3616,9
593e700c,33443,5.3589,9
11f9ac32,29638,5.3589,18
3000c90,33668,5.3644,9
ab90cd8,35795,5.3616,9
139f3c4c,29531,5.3589,9
398b8023,21882,5.3644,9
65cf231c,35649,5.3644,23
66a8d7b9,33673,5.3562,9
cbfea7c,31947,5.3616,9
6950e950,24318,5.3644,9
751be0a5,35196,5.3616,9
55aee4a0,29247,5.3644,9
544d2459,34077,5.3644,9
26311863,1001,5.3644,2
6acbcd73,34500,5.3671,21
48457f9c,32466,5.3671,9
1675ac59,34308,5.3671,9
62f1b0f9,34918,5.3671,9
40d8d3e3,20815,5.3671,9
6e04399b,34242,5.3671,9
4eb971fd,24462,5.3671,9
6ba9a970,34184,5.3671,9
d5e0258,34311,5.3671,9
62c70d72,29113,5.3671,9
64869d02,29607,5.3671,9
2b81a8e8,35653,5.3671,23
67938ac1,32533,5.3671,9
56302302,28437,5.3671,9
5cf8ea2c,24454,5.3699,9
15fa4d55,34310,5.3699,9
7a18dfb3,22787,5.3699,9
2d67dbc1,34312,5.3671,9
613d8514,34369,5.3699,9
115c9916,33937,5.3671,9
aeea89b,33692,5.3699,9
36371b32,28187,5.3726,9
2e70f99a,24456,5.3726,9
251d67e6,22125,5.3699,9
50fcde7a,34081,5.3726,9
2fa90e8e,34402,5.3699,21
21497ec2,25819,5.3699,9
6fa51f5a,29228,5.3699,9
591c13da,32525,5.3699,9
4f85513,34252,5.3726,9
3e26ab09,35122,5.3726,9
42192deb,28406,5.3726,9
136bf77a,34251,5.3699,9
26ca0c0,33215,5.3726,9
7b4c6b03,25912,5.3699,9
2ad0a40e,24574,5.3753,9
21a52cbe,34249,5.3753,9
6e72d59e,33373,5.3753,9
54278111,28327,5.3753,9
226e3f0d,34087,5.3753,9
db11f9a,24410,5.3671,9
1fa8c50,21842,5.3726,9
5f9024e,9655,5.3644,2
7d5fe94a,28441,5.3726,9
480f757,35619,5.3753,9
2cae8943,35638,5.3753,23
2e9a37bb,21079,5.3753,9
64414574,32314,5.3753,9
2b52a03d,34494,5.3753,21
1c38b358,29190,5.3753,9
53d4d939,35279,5.3753,9
66f43c6b,31946,5.3781,9
64e39c46,20682,5.3781,9
2bb63f88,29631,5.3781,18
1bbb588e,34477,5.3753,21
2556408c,35654,5.3726,23
62862729,24463,5.3781,9
684e8d77,33634,5.3781,9
1aff8693,24527,5.3753,9
5b41d26a,32871,5.3781,9
58eca6ec,32220,5.3753,9
4c04bbae,20814,5.3753,9
3de14a1d,32221,5.3781,9
1fe87268,34481,5.3781,21
79c5b418,24528,5.3781,9
2cc2ebc8,21883,5.3781,9
45f2ec35,29606,5.3808,9
5622ee64,35652,5.3753,23
1955add1,35659,5.3808,23
4d64af97,32224,5.3808,9
3e9021ff,28461,5.3753,9
3da8ce80,29250,5.3808,9
30739528,32214,5.3808,9
51ee1da6,35717,5.3781,9
76438158,23065,5.3753,9
4223d132,25820,5.3808,9
240258e1,35639,5.3836,23
100d5295,20683,5.3836,9
78fd4f14,35605,5.3836,9
12de4812,33573,5.3836,9
73a29221,32796,5.3836,9
24addff8,24571,5.3808,9
5ecea802,34501,5.3808,21
4cd9c920,33576,5.3808,9
2ca79671,33636,5.3836,9
663fde02,34511,5.3863,21
4fa95d0e,32861,5.3863,9
47c4515f,24422,5.3863,9
38dc55b,10886,5.3863,2
743f0cd0,24323,5.3863,9
38e585bf,34468,5.3863,21
4d9af47f,32872,5.3863,9
7a357e91,34470,5.3863,21
34a25d9c,116,5.389,1
4f08b425,29049,5.389,9
5f0ca7ab,33635,5.389,9
47dbbd86,33047,5.3836,9
5df8900e,29608,5.389,9
57dbbe08,20748,5.3918,9
6d507aa7,34076,5.3918,9
777ddd06,34020,5.3918,9
6e1c5b07,34406,5.3918,21
c90a804,34407,5.3945,21
64bd9332,28192,5.3945,9
2393dc8c,34023,5.3945,9
a565840,32929,5.3945,9
13da21e1,33513,5.3973,9
1ef8eac8,29342,5.3918,9
1f1284fe,24458,5.3973,9
979f925,30514,5.3945,9
56272859,28440,5.3945,9
740c3c3a,29191,5.3973,9
17bea02d,23461,5.3973,9
2f927ec2,910,5.3945,2
6d8587f8,33721,5.3973,9
663bdbc2,21819,5.3945,9
4e6a0e0,29251,5.3945,9
383eaad0,115,5.3973,1
79454068,23482,5.3973,9
749153ef,32822,5.3973,9
439a402a,24582,5.3973,9
41186149,34490,5.3973,21
70c8382a,33517,5.4,9
3ded64c9,25809,5.4,9
6ef8351c,32472,5.4,9
6ce813a3,34207,5.4,9
5d506f7c,23483,5.3973,9
b4d8333,9657,5.4,2
24321793,30515,5.4,9
8eb7dbd,35539,5.3945,9
561ed853,31957,5.4,9
31ad8db8,21843,5.4027,9
5178a91,24585,5.3973,9
5642191b,23493,5.3808,9
76be8fc0,20426,5.4027,9
2b230ce2,24411,5.4027,9
12d94815,32538,5.4027,9
54151194,33435,5.4,9
56574459,34245,5.4027,9
336f1e2c,33629,5.4027,9
3d00a5f7,34471,5.4027,21
6520166d,34313,5.4027,9
3de1633c,32225,5.4055,9
41044ca5,34469,5.3945,21
69bcabc4,35603,5.4055,9
26404b0a,34512,5.4055,21
2d9dbd50,909,5.4055,2
486b45f0,34090,5.4055,9
7ea52742,21822,5.4055,9
1da73d57,29322,5.4055,9
746cb702,34232,5.4055,9
33d7ecc,29050,5.3918,9
5d90648e,33694,5.4082,9
4f46fe09,29252,5.4082,9
13b316b0,24663,5.4082,9
180e5f94,23427,5.4082,9
2f355142,34314,5.4055,9
3ce78447,29633,5.4082,18
620d2341,34089,5.4,9
1ac32fbf,34315,5.4082,9
70db218c,35541,5.4082,9
701e466c,23484,5.4082,9
47743941,34919,5.4082,9
7b026405,33637,5.411,9
78bf120d,33891,5.4055,9
51419bd7,29114,5.411,9
536e8ab5,34371,5.4082,9
17d4bc70,24324,5.411,9
3ba4fe91,35799,5.411,9
3b8bac92,28193,5.4137,9
6b83ebf2,24524,5.4137,9
66c91717,34085,5.4137,9
41551259,32819,5.4137,9
5d193c94,32526,5.411,9
3b90e499,34024,5.4137,9
429eddc5,29323,5.4137,9
154f3d53,32536,5.411,9
26d86e22,23393,5.411,9
7c613279,32467,5.411,9
69d9d018,21821,5.4164,9
7b87b9a,34025,5.4164,9
7746039b,35540,5.4164,9
68085cfd,24662,5.4137,9
5400d949,22757,5.4164,9
dcebf6b,35123,5.4164,9
3849d33f,35660,5.4192,23
4dceccb5,29321,5.4192,9
6e80f99b,29600,5.4192,9
678b8e45,20684,5.4192,9
22995aa7,35622,5.4164,9
1797fa36,25974,5.4192,9
3513d96c,28189,5.4219,9
433524da,32527,5.4219,9
7825f36d,154,5.4219,1
43e7a38a,20613,5.4219,9
6894ca23,34208,5.4192,9
2ed301f,29324,5.4219,9
550405b4,35280,5.4247,9
2b81176d,32537,5.4247,9
650a15ec,21908,5.4247,9
e8cac9a,28947,5.4219,9
7b50215a,33630,5.4247,9
58c97b22,29601,5.4247,9
5b356f54,34482,5.4274,21
6dd9a0a2,24440,5.4274,9
65a29ff,34236,5.4274,9
7c7a929f,35798,5.4247,9
6f79f659,29192,5.4274,9
4f8587a4,35282,5.4274,9
28a8e4a6,34088,5.4274,9
18c75a7a,21820,5.4301,9
7d9496bf,23294,5.4274,9
1ed8bd06,33693,5.4301,9
3001cd97,24459,5.4301,9
1feb00fc,35661,5.4301,23
10ea2ef0,35281,5.4301,9
73b123ee,24464,5.4329,9
7987b5d0,34209,5.4329,9
5107b368,35141,5.4329,9
6fd4b1aa,34165,5.4356,9
2e888f0e,20818,5.4356,9
127a2e93,34086,5.4356,9
71fc72a1,32528,5.4356,9
6cb83ecd,117,5.4356,1
22af8bda,33126,5.4329,9
54dc6762,28194,5.4384,9
416eaecf,34503,5.4384,21
38ac0262,28948,5.4384,9
723fad3c,34416,5.4384,21
6e7a085e,32222,5.4356,9
4154552f,28191,5.4411,9
1825ac8a,35283,5.4411,9
2f752f9b,34250,5.4384,9
77128705,32236,5.4384,9
78cb8296,214,5.4438,1
4d3f30f9,319,5.4438,1
4bb0d732,28195,5.4438,9
28f95bee,32468,5.4438,9
c02b355,34246,5.4466,9
388ef2d4,33633,5.4466,9
754abbb0,34214,5.4466,9
178ea8dc,155,5.4466,1
e0f2963,21913,5.4493,9
41586224,25914,5.4493,9
616fc684,23309,5.4493,9
3c55a3d,29320,5.4521,9
74f63f17,19058,5.4521,9
763d2aef,29048,5.4493,9
69f9994a,34459,5.4548,21
78c7e86f,19056,5.4548,9
6a0ac109,29343,5.4548,9
404422fa,34417,5.4548,21
50fa362,24319,5.4548,9
1afa9b7e,29344,5.4575,9
24a527f4,34253,5.4548,9
3fec72a2,35286,5.4603,9
5edec457,24583,5.4603,9
26b2785d,34515,5.4603,21
5bf6b454,25919,5.4603,9
68dd269e,119,5.4575,1
34782045,23463,5.4603,9
1caca6e1,35288,5.463,9
1f41db4e,20427,5.463,9
14f2a7f9,911,5.463,2
22d91bc3,21823,5.4658,9
29e945b9,20428,5.4658,9
423e20aa,34513,5.4685,21
56014aa2,21824,5.4658,9
28017fcc,28190,5.4712,9
8c8e65e,28188,5.4712,9
5d8e0881,21912,5.4658,9
246c267f,118,5.474,1
47cb7bc6,35202,5.474,9
641783ec,24325,5.474,9
497055ef,34237,5.474,9
ceadd60,34353,5.474,9
5b5c5334,24664,5.4767,9
10639270,34920,5.4795,9
48337b73,33695,5.4932,9
32780b7,23464,5.4904,9
53b0c230,34238,5.4959,9
59fc4c6e,24584,5.4959,9
5500a533,32237,5.4932,9
63ba403,33887,5.4959,9
39a6ae4b,24666,5.4932,9
61b0d2bc,24460,5.4959,9
6ade395b,34518,5.4986,21
2820a2d,24665,5.4904,9
52fb0e73,24586,5.4986,9
9bbb393,20429,5.4986,9
378359dd,35287,5.4986,9
150d2953,24461,5.5014,9
4e3a7363,24667,5.5041,9
408dff9c,20685,5.5041,9
6985d41f,29609,5.5096,9
5638019,35289,5.5041,9
172221fa,10887,5.5123,2
1da03dfb,34514,5.5123,21
7f058e3,20430,5.5151,9
49d332f7,29610,5.5178,9
5029109c,24326,5.5205,9
5602d692,32539,5.5205,9
33519ad3,24587,5.5205,9
4a51664c,20431,5.5205,9
1ac5b17b,34516,5.5178,21
2f0ef4f,34460,5.5288,21
42860fc5,32238,5.5288,9
3a462df,32540,5.5315,9
34dd45b9,24668,5.5288,9
31525efa,9656,5.5342,2
43d88732,1002,5.5342,2
634aa70c,35290,5.5397,9
37c8ebd9,24327,5.5452,9
3d64d651,32240,5.5452,9
19dbc8fc,34239,5.5507,9
1e62ea89,34461,5.5507,21
19041f60,330,5.5589,1
2f40b98b,32531,5.5589,9
5484006c,32239,5.5644,9
340d246c,212,5.5726,1
1ab20143,32541,5.5836,9
3d32b6c6,34240,5.5836,9
474511f,34026,5.5863,9
440bdb53,156,5.5836,1
2e522cfb,34354,5.6027,9
300ac6b4,20819,5.6027,9
73214319,24466,5.611,9
5b0d4f3d,34521,5.611,21
7dd701ea,160,5.611,1
7f9e5789,32241,5.6137,9
39f11bf5,20432,5.6137,9
425ddf5f,34517,5.6137,21
5d4e5a1b,24465,5.6192,9
3b1d6586,22788,5.6219,9
ad8b17f,34522,5.6356,21
4f45299f,161,5.6384,1
3e3180dd,34519,5.6356,21
634eb00f,34520,5.6466,21
33afd8b5,34419,5.6438,21
3bfd4499,22789,5.6466,9
7cb3d4f6,34027,5.6493,9
1a5c132e,1011,5.663,2
269e7eae,29640,5.663,18
c8416a2,34420,5.6685,21
41230df7,34355,5.6712,9
23556541,34523,5.6685,21
596ad766,34421,5.674,21
7577ebef,215,5.6767,1
2ce21c03,320,5.6849,1
24951bb3,29641,5.6849,18
2b4b39a0,157,5.6904,1
61a997b5,34028,5.6959,9
54ff990,1004,5.7014,2
4eec51ea,163,5.7288,1
5d179d87,321,5.7342,1
2b7e3c7d,20433,5.7342,9
51534d15,32548,5.7425,9
2327e8a6,19066,5.7397,9
e1ec748,29646,5.7479,18
6f8498a9,21975,5.7507,9
24f44ba9,216,5.7562,1
5cf218b4,34524,5.7562,21
388af549,1012,5.7699,2
40565197,34029,5.7753,9
b5cd8e4,19018,5.7836,9
d736325,20466,5.7863,9
7bf9ba97,1013,5.7808,2
623cff7f,34030,5.7808,9
1094c046,1014,5.7918,2
45577294,34423,5.7918,21
7d62a148,34031,5.7945,9
6b9e8f8a,29642,5.7945,18
716fdb17,34422,5.7918,21
6edc5281,164,5.8,1
58fc39ec,10888,5.8027,2
6a9d101e,29647,5.8137,18
5e3bfefb,20434,5.8164,9
30fcab5a,32542,5.8247,9
2f018010,19023,5.8274,9
23c5872b,331,5.8329,1
1acfe9e6,158,5.8384,1
4f3c379e,162,5.8384,1
249aaa0,34525,5.8466,21
50521493,34033,5.8493,9
6c9e3f69,34424,5.8493,21
636d010e,34426,5.8521,21
688445c,34432,5.8521,21
28a613d4,34433,5.8575,21
35de04de,34427,5.8575,21
3e30161a,34526,5.8603,21
7a5e0f24,32543,5.8575,9
6efcf890,29643,5.8685,18
627e8b08,20467,5.8685,9
27438b6d,32549,5.8712,9
19fdd959,9658,5.8712,2
1350c26d,34428,5.8712,21
43eb93a7,217,5.874,1
5e02dc4,159,5.8849,1
3e43c6f6,20471,5.8932,9
1e9730,20472,5.8932,9
eb20bf3,32550,5.8932,9
4903e776,34032,5.8904,9
5cd50791,32544,5.8986,9
39d9dada,120,5.8959,1
75e0bfb6,34434,5.8986,21
58df9fc2,20475,5.9041,9
788b9659,19019,5.9068,9
2d037176,32545,5.9123,9
2ee5f669,323,5.9151,1
2289460f,165,5.9178,1
5a7895ab,20468,5.9205,9
7efd30a9,10889,5.926,2
716c8bf7,32546,5.9315,9
5ae04871,20470,5.937,9
5bb7bbfa,34034,5.9425,9
45fcb8ea,34425,5.9452,21
5293b084,32588,5.9479,9
5c7ebc44,32547,5.9589,9
ae8d967,20473,5.9616,9
223eb611,32551,5.9644,9
6ce6cbab,29648,5.9671,18
4c7d0535,10890,5.9671,2
3a58bae,32556,5.9671,9
4f4a595c,10891,5.9671,2
5c583f78,20476,5.9699,9
3082b906,32553,5.9699,9
152b788d,322,5.9726,1
31db93b0,34429,5.9753,21
1e8c96de,10892,5.9753,2
318d07c6,20474,5.9781,9
311bcea,20469,5.9863,9
4d305315,20532,5.9945,9
209b0f10,10895,5.989,2
5a5b47bb,32591,5.9973,9
54a356f6,10893,5.9945,2
f2f9c0a,20435,5.9973,9
1bc40f8c,332,6.0027,1
635f706b,32594,6.011,9
63b99524,32592,6.011,9
2de36b43,29644,6.0164,18
16e0b91c,32589,6.0164,9
e245f83,121,6.0192,1
219bebd6,34435,6.0192,21
171425d5,32552,6.0219,9
4af5672,324,6.0247,1
30bd2742,220,6.0274,1
28dbd923,32554,6.0329,9
56e042b5,29649,6.0329,18
606cef31,20534,6.0301,9
1e8e3988,32596,6.0329,9
5d5e0a69,20477,6.0411,9
686af9bb,32555,6.0466,9
707e15ea,32595,6.0466,9
3c4bebe9,20502,6.0493,9
27a88e57,20436,6.0493,9
3b598e36,20478,6.0521,9
54f4a2ac,34436,6.0548,21
6b6c2ea8,34430,6.0548,21
56146f5b,19020,6.0658,9
89b948f,32573,6.0685,9
7e902ce1,19059,6.074,9
7fc49394,167,6.0767,1
ed4af02,32599,6.0767,9
4c7d91e,1003,6.074,2
6dcffca5,218,6.0795,1
50ac0ae5,20533,6.0822,9
3252e4a2,34431,6.0822,21
cd68332,32574,6.0822,9
1a037939,32576,6.0849,9
79bee32a,20535,6.0877,9
b2f6b57,32597,6.0932,9
2028698f,20484,6.0932,9
2e52c973,10897,6.0932,2
46c79f1a,166,6.0932,1
1a1d4bbd,20491,6.0932,9
2ad69139,29650,6.0959,18
2e4ee787,32578,6.0986,9
3aa2302f,32557,6.0986,9
56c15f55,32590,6.0986,9
5a5332e7,19069,6.0986,9
1b96acda,32559,6.0986,9
4c82842a,10896,6.1014,2
1ba835ea,32579,6.1014,9
52b7ee03,20506,6.1041,9
6c4a57b7,32600,6.1068,9
38a436dc,20442,6.1096,9
49e4a807,32560,6.1068,9
5725a75b,32558,6.1096,9
14a27352,32598,6.1096,9
f0c1031,20503,6.1123,9
63c43547,20443,6.1123,9
1921491b,20552,6.1123,9
1e9e918e,20550,6.1123,9
71fc97f4,20479,6.1151,9
3350fa81,10899,6.1151,2
202a1461,20480,6.1178,9
4a005058,20507,6.1151,9
4a52f30b,219,6.1178,1
5f849e82,20508,6.1178,9
6b34e301,333,6.1151,1
1b4d7b1a,32582,6.1205,9
46da09d3,32601,6.1205,9
5820aea4,19021,6.1233,9
3dd1ef04,32565,6.126,9
71313f54,20481,6.1288,9
1540fc3,32577,6.1288,9
17d61aab,32581,6.1315,9
254d6e9a,122,6.1315,1
5d7e2ef8,10900,6.1315,2
7c751883,20539,6.1342,9
5b5156e4,29652,6.137,18
7797ff21,32593,6.137,9
15a6daaa,32567,6.137,9
39032f08,19067,6.1397,9
6d6699ab,29645,6.137,18
531ea41b,170,6.1397,1
3c511495,334,6.1342,1
1f81ea3f,20449,6.1425,9
3432dd65,20485,6.1425,9
3fdaeda8,221,6.1425,1
66a89039,20551,6.137,9
122e9766,20487,6.1425,9
52e9d5c5,34437,6.1452,21
42a90db5,10902,6.1507,2
4cccafa7,20486,6.1534,9
2a761fe5,19024,6.1534,9
87d6bca,20494,6.1534,9
14a6d0fd,32566,6.1534,9
1e68a379,10903,6.1562,2
47b0e66,20492,6.1589,9
7df6b6e8,32568,6.1589,9
36df6dd,10894,6.1507,2
7b5f2207,20488,6.1616,9
56d0af0e,335,6.1616,1
67bb1618,20555,6.1616,9
604aa999,1005,6.1644,2
4538132a,19025,6.1644,9
1e90039f,10904,6.1616,2
996a923,10898,6.1671,2
42442615,20445,6.1671,9
2af4b951,29653,6.1699,18
7d70f393,20493,6.1726,9
78541e54,20437,6.1699,9
66c6763a,32583,6.1753,9
5d19079,20511,6.1753,9
7fc7073b,29651,6.1781,18
27391029,10901,6.1781,2
115b75d3,32569,6.1781,9
729bc552,9659,6.1753,2
7bc0d120,168,6.1808,1
3c79efbc,20556,6.1808,9
532e1842,32603,6.1863,9
680c94c7,20447,6.1863,9
7fb3f620,20504,6.1836,9
72c9bbf7,20496,6.1863,9
71707ad4,20509,6.1918,9
52bf80b0,20553,6.189,9
325d6e31,20505,6.1918,9
5a4761f2,20489,6.1918,9
21a16d76,20446,6.189,9
bea3f04,32584,6.2,9
793e5277,32580,6.1973,9
57aaf7e0,32562,6.2,9
e5f27c2,19068,6.2027,9
96206e2,222,6.2082,1
2b75539f,20510,6.211,9
54972b12,20497,6.211,9
5f31761d,32561,6.211,9
39abb2d9,20482,6.2137,9
aefc84,20541,6.2137,9
5fa48fec,19027,6.2137,9
2832d2ed,20554,6.2164,9
4590b342,325,6.2192,1
1145b473,20490,6.2192,9
6ae59258,20560,6.2192,9
1e800260,20498,6.2192,9
547e9053,20495,6.2164,9
4b874dd7,19022,6.2192,9
1434233d,32563,6.2219,9
286efbe4,20444,6.2219,9
6edfdbe3,169,6.2247,1
4e033263,20536,6.2301,9
7b1bcd55,20448,6.2301,9
24f5b809,20499,6.2301,9
34e56fb7,20540,6.2329,9
63a2c362,20483,6.2329,9
46f6db26,20450,6.2356,9
4fca1601,32575,6.2356,9
50cd5098,20538,6.2356,9
25012030,20542,6.2438,9
55def05d,20454,6.2466,9
24357fca,29664,6.2438,18
4abb9ef9,20537,6.2493,9
70484ea6,20512,6.2521,9
5ce4f03f,19026,6.2548,9
7e1abfe6,171,6.2548,1
68c0ba8a,20543,6.2575,9
5a4ff44a,20545,6.2603,9
21518234,20451,6.2493,9
a9ffc77,32607,6.2603,9
6a2c493f,10905,6.2658,2
67e61344,32608,6.263,9
68b88cb9,32605,6.2685,9
42ae4656,32564,6.2685,9
6fc32c15,10910,6.2712,2
e2bbee,20513,6.2712,9
1aca19de,10909,6.2712,2
4d6155f0,20452,6.274,9
b3bdc55,20557,6.274,9
60c2a659,32602,6.274,9
555af598,29654,6.274,18
7dcd26fc,32585,6.274,9
3a1af5c3,224,6.2767,1
b181ed4,20514,6.2767,9
4156e280,32604,6.274,9
65fe18f,10911,6.2767,2
1231dd7e,10906,6.2822,2
59949f52,19028,6.2849,9
2fcc2c77,20453,6.2849,9
2fa02402,32570,6.2849,9
560afbe0,20500,6.2877,9
4acc0672,32586,6.2877,9
37df6e76,32606,6.2849,9
19f1dcbb,9660,6.2904,2
6af1f02e,223,6.2959,1
1825e19e,10908,6.2932,2
32f09b7e,20438,6.2877,9
7e90ff88,20558,6.2959,9
6993e0e5,32571,6.2986,9
5e0dd558,32610,6.2986,9
68108e8c,20456,6.2959,9
118540b9,20515,6.2986,9
67e71ea4,19029,6.3014,9
57f0b015,20439,6.3014,9
3bf83089,20548,6.3068,9
433fc7,10907,6.3096,2
3f8bc80d,20547,6.3123,9
5f8e1355,1006,6.3151,2
d2c60a9,915,6.3151,2
77aa65fd,29655,6.3178,18
6e0ec1c8,32572,6.3178,9
2d0134af,20544,6.3205,9
3ab7146d,20549,6.3233,9
41b573e7,20516,6.326,9
2ff27a50,19060,6.3288,9
bd377de,326,6.3342,1
134be7ed,20546,6.3342,9
49a2feb6,225,6.337,1
798b8428,173,6.337,1
451741b3,32609,6.337,9
40421278,172,6.3397,1
556aa348,32587,6.3425,9
19525287,228,6.3452,1
3c5d3f41,29656,6.3452,18
7352c280,20570,6.3534,9
272c88e,20564,6.3589,9
43b8eba0,20501,6.3589,9
43c8707c,20562,6.3616,9
4885d4e8,20567,6.3644,9
1d775d8e,29657,6.3644,18
1916406b,327,6.3616,1
4d4dec86,20565,6.3699,9
195d98a5,20561,6.3589,9
7f992df2,226,6.3699,1
582584a2,20559,6.3753,9
739b92d5,20563,6.3836,9
6f6b4b3,20457,6.3836,9
3036ef22,336,6.3863,1
44c26d12,32613,6.389,9
6b605265,20569,6.389,9
58003096,916,6.4,2
5f489b4b,32611,6.4,9
8b5d74d,32612,6.4,9
1b2de93b,29663,6.4055,18
c199960,20566,6.4055,9
95f8c0d,20440,6.411,9
61af4f44,20568,6.411,9
38f24767,1007,6.4137,2
23fb01f1,20573,6.411,9
5d2b57c,20574,6.4164,9
1e1c0fed,32614,6.4219,9
34ffba36,1008,6.4219,2
4ff0c1d1,20441,6.4247,9
558eab3d,229,6.4301,1
5f19f406,20571,6.4329,9
2184fb6f,20572,6.4411,9
6863cb63,29658,6.4411,18
21d471f7,912,6.4438,2
31fd080f,20517,6.4493,9
3724c2dc,20518,6.4493,9
1a5cd575,19030,6.4521,9
416a2f88,29659,6.4658,18
4d485349,32620,6.463,9
43b3b59b,20462,6.4712,9
1a576092,20455,6.4712,9
b746326,19070,6.4849,9
30ddcc3,29660,6.4849,18
4b3c0c80,328,6.5205,1
1b720baf,29665,6.5233,18
45336a37,329,6.5315,1
6441d1f3,19071,6.5342,9
4c04f30e,20575,6.5507,9
4720b652,913,6.5616,2
191c1e53,19073,6.5616,9
29570129,29666,6.5699,18
73388aca,20519,6.5699,9
184f9b20,20576,6.5753,9
5a1f3c5d,20520,6.5753,9
23885fcb,19061,6.5781,9
1451efaa,174,6.5753,1
7023f09b,175,6.5808,1
31ec7a62,339,6.5808,1
537dd716,10912,6.5863,2
50b1783c,20521,6.589,9
3a9f660b,20458,6.5918,9
326abcb5,10933,6.5945,2
295d39ed,10936,6.6,2
4695a375,20459,6.5973,9
296ea89,29667,6.6082,18
7b6d19d6,20522,6.611,9
1c059d1a,32615,6.6164,9
5cd75d26,20461,6.6219,9
3732d3c2,337,6.6247,1
12799f6f,10934,6.6247,2
49cd87ec,20523,6.6356,9
2402df5b,227,6.6384,1
12e83be,20460,6.6356,9
14df6b8c,19062,6.6384,9
72072a5c,19031,6.6466,9
1fa186be,363,6.6548,1
530a4b1d,29668,6.6575,18
6140ae20,255,6.663,1
397c8216,340,6.663,1
eac2a8f,338,6.6658,1
45b2b4cc,10938,6.6685,2
44614dc4,20526,6.6767,9
2034cac6,29661,6.6767,18
4fa3741d,20528,6.6822,9
3b7875f,20524,6.6849,9
4e29c73e,10935,6.6877,2
1f67adf1,176,6.6959,1
51a6ccb4,923,6.7123,2
57c24ebc,29669,6.7123,18
315cbc5,10913,6.7178,2
213fe673,10939,6.7233,2
461b4d8c,20525,6.7233,9
3694c5d,10937,6.7288,2
2e8fe416,20529,6.737,9
705d83ca,10914,6.7507,2
6c36d760,20530,6.7534,9
2574751f,20577,6.7534,9
740a8af3,10915,6.7562,2
4f7f4166,19072,6.7562,9
3d355e32,29680,6.7534,18
68d5046b,182,6.7644,1
328253c6,19032,6.7671,9
143858b2,20527,6.7726,9
34d81404,32638,6.7753,9
14255d7e,19033,6.7781,9
7599c060,19063,6.7808,9
74af90ea,20578,6.7836,9
26997b43,29662,6.7945,18
268ab020,19074,6.7945,9
23c24f,32616,6.7973,9
3e53a198,10917,6.7973,2
75a50612,19075,6.7918,9
7d05e08c,10916,6.7973,2
64167f5f,20580,6.8,9
632a74d9,914,6.8027,2
40565645,19034,6.8055,9
1d9e4dcb,341,6.8082,1
31bd3146,10919,6.8082,2
6e81555c,20579,6.8137,9
4f4ddf74,10918,6.8219,2
7f71e6f8,20581,6.8329,9
613e043d,10920,6.8329,2
6a674c25,364,6.8356,1
6278974f,32621,6.8438,9
43ef420b,179,6.8466,1
33d93aa8,32617,6.8493,9
591d9f5,29670,6.8548,18
66a644c1,177,6.8548,1
2375f4e7,365,6.863,1
1a331598,178,6.863,1
6045700c,20582,6.874,9
35c67e29,20583,6.8767,9
6b904380,10921,6.8767,2
67ce50d9,32622,6.8795,9
6553066d,29672,6.8822,18
2e5dcfdb,20463,6.8849,9
473805d3,19076,6.8767,9
52e5cd75,20531,6.8822,9
6f1bf819,32639,6.8932,9
3399826f,917,6.9014,2
32a1d4b0,32627,6.9041,9
680a6eb4,32641,6.9014,9
14f898a5,230,6.9041,1
7da0a289,10940,6.9068,2
768ffec7,9661,6.9096,2
26e26d03,32623,6.9068,9
5a28de59,1010,6.9041,2
5e2e27bc,10948,6.9123,2
4942a18b,10949,6.9123,2
6931a1ed,29671,6.9178,18
40b207a2,32618,6.9178,9
758df0c2,342,6.9205,1
5a313a08,32632,6.9205,9
6a3863c,10941,6.9205,2
56fc0e5d,19035,6.926,9
4c6defa0,10958,6.9288,2
1f5f6d5f,32631,6.9288,9
5579aee,10942,6.9288,2
336fe2ff,1015,6.9315,2
10dc1bdd,10952,6.9315,2
740da90c,32633,6.9315,9
4db4cd89,32624,6.9315,9
381708f5,10959,6.9315,2
701c32b3,32619,6.937,9
180a6da,10950,6.9397,2
71f257c4,19080,6.9397,9
68aed53f,10922,6.9425,2
10f3868f,1009,6.9425,2
39d8526,10960,6.9452,2
72f55f9,32625,6.9479,9
64807eaf,29681,6.9479,18
756d68ae,10954,6.9479,2
30118723,29682,6.9534,18
3853c1f9,10945,6.9534,2
7a99582d,231,6.9562,1
154256ed,19079,6.9534,9
683f4921,32626,6.9562,9
46bb2ff,10953,6.9589,2
f2d278f,29673,6.9616,18
3fc55e77,180,6.9644,1
3837925c,924,6.9644,2
2a53a23a,20464,6.9699,9
4ca4e9a0,10943,6.9699,2
598720a5,10923,6.9726,2
5da6ecbb,10944,6.9726,2
6a53d747,232,6.9753,1
7114068e,32640,6.9781,9
151ca44,344,6.9753,1
64583360,10946,6.9781,2
613340c3,10951,6.9863,2
b9aab6a,10961,6.9918,2
4272787a,20465,6.989,9
7f07bcb1,10947,6.989,2
708b4aff,186,7,1
bc52975,343,7.0055,1
555a129c,10962,7.011,2
177aceb2,10956,7.0137,2
3d8cb210,10955,7.0164,2
1f20aa55,235,7.0164,1
7350a818,11061,7.0164,2
26b334d8,19077,7.0192,9
1a6b85df,19082,7.0192,9
5b25d77e,367,7.0219,1
3e1f238,187,7.0247,1
877bf1e,19081,7.0247,9
19099213,1033,7.0329,2
38b42df1,10970,7.0411,2
1e3485f2,10957,7.0384,2
1b71ec77,11033,7.0438,2
5f0aa990,11002,7.0493,2
2ae11b28,10992,7.0493,2
75bbcd62,233,7.0521,1
261d5c7e,11066,7.0548,2
73d1dba4,11086,7.0548,2
40d7c1f6,345,7.0548,1
7af07ed6,183,7.0603,1
4375a1e6,10971,7.063,2
2d20b1ad,11062,7.0658,2
799daa67,237,7.0658,1
5b87d627,19083,7.0712,9
17359f85,10963,7.0712,2
6a447a3c,10974,7.0712,2
7e9e3b81,188,7.0767,1
6d5d621,11044,7.0767,2
2e51d352,10972,7.074,2
1b4dfc9b,11067,7.0767,2
20bf81c0,29683,7.0767,18
69e38a71,10990,7.0767,2
66aee6ff,32634,7.074,9
253e5db1,10964,7.0795,2
12737795,32628,7.0795,9
44d72eeb,236,7.0795,1
4e1e559a,11003,7.0822,2
3b5bee2a,10993,7.0822,2
2a537ea0,10965,7.0822,2
23956ba0,10966,7.0795,2
1f9b58cd,238,7.0795,1
7bd5dfaa,366,7.0849,1
50173167,32629,7.0877,9
33278e52,10924,7.0904,2
4ac2180e,19064,7.0932,9
72e0794c,10989,7.0904,2
16f124f4,10973,7.0932,2
4282b29d,11034,7.0959,2
6e3cc18a,239,7.0959,1
2d6a839a,11004,7.0959,2
6f5dfb93,184,7.0822,1
55949088,19078,7.0986,9
79ac730,11063,7.0986,2
52e770e6,181,7.0986,1
57ca9cef,11006,7.1014,2
8bf00dc,185,7.0986,1
5f7e5d0c,11005,7.1014,2
e8cb294,10994,7.1041,2
670593e3,32635,7.1068,9
17ccd63f,11007,7.1123,2
37160729,11035,7.1041,2
3af76ff7,10967,7.1151,2
5184622f,11045,7.1151,2
1ad57977,19065,7.1096,9
6b59393c,368,7.1205,1
5944fdd6,10995,7.1233,2
1c27d5e6,10997,7.126,2
6a506b77,9662,7.126,2
18b7f908,11088,7.1288,2
299835a8,240,7.126,1
baa697e,234,7.1342,1
7cc2df15,10969,7.1342,2
62c8b0af,11064,7.1288,2
7eccf157,11065,7.1342,2
7abaa0d6,11087,7.1315,2
45907a47,11071,7.137,2
25e9c7a,32642,7.1397,9
2dcd3228,10968,7.1397,2
75744f76,10991,7.1397,2
521ec4bf,11091,7.1425,2
149acef9,10976,7.1425,2
738c3c8c,256,7.1425,1
5082f230,925,7.1452,2
5e6c0129,32630,7.1397,9
70acb8bb,11046,7.1479,2
75a18a9,10996,7.1479,2
23c51fc1,10975,7.1534,2
3e2375c1,11089,7.1534,2
1b017893,11069,7.1562,2
616ae046,1017,7.1534,2
26be9d29,29674,7.1589,18
71f65607,11038,7.1589,2
7a4664ef,10925,7.1644,2
d9d7ca4,32636,7.1644,9
4c98d331,11102,7.1644,2
1e1d485e,11090,7.1644,2
606420d8,10984,7.1671,2
5d1863f4,11068,7.1671,2
143015a4,32646,7.1726,9
1e3b4d48,11036,7.1726,2
47227308,369,7.1726,1
3d1e0cdb,370,7.1753,1
6a90a969,11076,7.1781,2
7409700c,282,7.1781,1
6000d61c,9663,7.1781,2
26f54582,11070,7.1781,2
24959659,29684,7.1781,18
4b21a843,29676,7.1808,18
7497383b,11072,7.1808,2
2e9b0d18,11096,7.1836,2
12c1b083,10981,7.1836,2
1a6edbdc,241,7.189,1
5c4b0b62,11077,7.189,2
11d0b630,10977,7.1863,2
32fd133f,1016,7.1918,2
e0a4921,32637,7.189,9
2d210bc9,10978,7.189,2
62d6c307,11078,7.1918,2
66c2c424,11097,7.189,2
72b79ffa,934,7.1945,2
fc8d4f,242,7.1945,1
79f8c22a,11008,7.1973,2
2ea893cc,11079,7.1973,2
7ab2a3e5,10926,7.2,2
a21bb73,11080,7.2,2
44a7ad82,11081,7.2,2
17d1ada,11009,7.2,2
2efb6029,10927,7.1973,2
41394398,283,7.2027,1
464492ef,10985,7.2027,2
3ff6fc18,32643,7.2027,9
5c5c1c74,11073,7.2055,2
18432cf,11041,7.2082,2
4af939e7,346,7.2137,1
675df1d0,11082,7.2137,2
415796a3,10983,7.2164,2
2366b78c,11037,7.2192,2
2b7899c4,257,7.2192,1
28cdab4d,10986,7.2192,2
5552d279,10982,7.2219,2
439ec588,11099,7.2192,2
1a346a67,11039,7.2301,2
2cc7d286,11040,7.2329,2
69958390,29677,7.2356,18
2a1745c1,10998,7.2356,2
1f90678e,32644,7.2356,9
dd1c518,10999,7.2356,2
481d5e31,29675,7.2384,18
583433be,11048,7.2356,2
44849321,926,7.2411,2
477e77ac,243,7.2438,1
65b055a4,11074,7.2438,2
1c60236f,11075,7.2438,2
7c9db659,10928,7.2438,2
2661eb5e,11093,7.2466,2
486a6d71,10979,7.2466,2
73007a7,11042,7.2521,2
2f100cad,11084,7.2548,2
133b0a68,347,7.2548,1
64028ab,11092,7.2521,2
32f6297b,10987,7.2575,2
23486e02,11094,7.2603,2
38528eff,11100,7.2575,2
35ee984a,1034,7.2603,2
337154c4,11083,7.2603,2
1788983c,11098,7.2603,2
1436c647,11047,7.263,2
746e92bd,11085,7.2712,2
58e7dfb9,29734,7.2685,18
b7de5e1,10980,7.274,2
efcd274,10929,7.2712,2
295b0e37,11101,7.2767,2
29209adb,284,7.2767,1
4f5c9251,11103,7.2767,2
2b6a24b6,918,7.2767,2
72581bc9,11104,7.2795,2
5a31bd5a,11010,7.274,2
77ea0285,11095,7.2767,2
5c8fd833,11043,7.2822,2
26ba1880,19037,7.2904,9
71b6ba60,260,7.2986,1
8411cba,11012,7.3014,2
6a0e686c,10988,7.3151,2
566f60f9,29732,7.3178,18
74836447,29733,7.326,18
28b1c4f,258,7.3288,1
462ad3c4,32647,7.337,9
6b6f1b50,352,7.3397,1
421eb26,919,7.3507,2
5e92f689,29685,7.3534,18
4e36ba6c,11013,7.3562,2
5726aefa,29678,7.3562,18
5d909d61,19085,7.3671,9
5663352e,29744,7.3699,18
1f8cb7d5,927,7.3781,2
64928b92,348,7.3781,1
3d3079f4,11014,7.3808,2
7235f139,371,7.3726,1
87dc2b5,372,7.3863,1
78c30633,11015,7.3863,2
178e995f,349,7.3836,1
707fe261,259,7.389,1
46823f06,935,7.389,2
1b63b2d6,19087,7.3945,9
7d6db365,244,7.4,1
7bfe70c6,29735,7.4027,18
1d7fd065,19084,7.411,9
76bc606f,285,7.4137,1
4a52b6c3,11016,7.4219,2
4ca1585d,263,7.4274,1
5c472c37,11017,7.4274,2
3fd83322,19086,7.4329,9
60636eb4,928,7.4274,2
26c6a155,353,7.4384,1
4305172e,29736,7.4384,18
3d3a6d4f,32645,7.4411,9
46d7a292,11000,7.4493,2
55086f14,10930,7.4493,2
3e5fbefc,11105,7.4493,2
5061ec6d,11018,7.4493,2
71bf0047,245,7.463,1
2b5907c1,11049,7.463,2
3d3fbd71,29679,7.4685,18
7ed44c74,1019,7.4685,2
118f880f,11001,7.474,2
190e630b,29745,7.474,18
2109c547,246,7.4904,1
428db9a8,29691,7.4959,18
5e2a3a96,11052,7.5014,2
4c8b66bb,11106,7.5041,2
29950bd,262,7.5096,1
5ef21b76,247,7.5123,1
313ece12,350,7.5123,1
1e516164,373,7.5123,1
d0b30ab,11019,7.5123,2
5605d6ab,10931,7.5178,2
18e24eb6,351,7.526,1
1cd75875,29737,7.5397,18
5feb5de6,11020,7.5479,2
71a1dc57,10932,7.5479,2
4aa44d3e,19038,7.5507,9
32ec7a4f,250,7.5534,1
6f0ad423,286,7.5534,1
3871055a,11050,7.5616,2
3d707bdf,11021,7.5671,2
55d51cf2,261,7.5781,1
5b12e1e4,19088,7.5781,9
43a3a05,11107,7.5808,2
3451b40d,29690,7.5836,18
ac19fdb,375,7.5836,1
778e20fd,374,7.589,1
2eea7993,11108,7.5863,2
22b1d61b,32648,7.5973,9
1bf9ef9c,1020,7.6,2
647ca98f,287,7.5973,1
2cb66e3a,288,7.6027,1
1dc0947f,32649,7.6,9
672fc1c,11051,7.6027,2
1b4fd6f2,264,7.6055,1
7c5398bc,11011,7.6082,2
3762da8e,29692,7.6082,18
633356f1,354,7.611,1
5c1691ee,29688,7.6192,18
7a494584,251,7.6274,1
1fd4e479,29740,7.6274,18
3e43eba7,29738,7.6329,18
47bea640,252,7.6411,1
776bbe56,289,7.6521,1
4fa46bee,929,7.663,2
6e1baf6e,290,7.6685,1
5ca5984b,356,7.6712,1
6878394e,248,7.6767,1
76161487,29686,7.6767,18
1a81eab0,32651,7.6767,9
29d24651,29689,7.674,18
5945f4e0,382,7.6767,1
1fb16163,11022,7.6795,2
af0dc4f,249,7.674,1
312be38e,1038,7.6795,2
47bfe3bf,376,7.6849,1
53913852,355,7.6849,1
5f8f84cb,29693,7.6904,18
31562b27,11023,7.6877,2
4853289c,1018,7.6932,2
9cc84a9,29687,7.7014,18
53456e6a,357,7.7041,1
2717ea9c,936,7.7041,2
70cf1115,11110,7.7123,2
7cae5355,29746,7.7151,18
70c00338,11024,7.7178,2
1dc42845,11127,7.7178,2
3cb34228,19089,7.7205,9
658a33a9,11214,7.7315,2
6dc5d1b4,11109,7.7288,2
1d6cd6f7,253,7.726,1
54783a33,11053,7.7315,2
2156431f,32650,7.7342,9
15f52be7,268,7.7397,1
567e009c,294,7.7425,1
2d5ebfca,32652,7.7452,9
70a3879,11027,7.7479,2
3e835fc5,11128,7.7452,2
215e1e1,29739,7.7507,18
24c97bdf,11054,7.7589,2
7c312063,378,7.7589,1
58683557,377,7.7644,1
75dfdd52,19039,7.7671,9
1a2747b5,266,7.7808,1
6f605eaa,267,7.7808,1
763b0c9c,11129,7.7781,2
7d857a44,295,7.7863,1
5d3f90ae,11111,7.7863,2
304700ad,254,7.7863,1
1eb6a5d5,11215,7.7863,2
4837ab1d,29695,7.7918,18
626e2b48,11216,7.7918,2
692ce855,19036,7.789,9
61e6cfb5,11025,7.7945,2
4ad54651,29741,7.7918,18
423648ca,1036,7.8055,2
3fcf6355,29694,7.8055,18
31af4ab9,11026,7.8082,2
66e3b05e,29742,7.8164,18
6e4851d,265,7.8192,1
38d6aab2,379,7.8192,1
17794460,29696,7.8192,18
42759b5f,920,7.8301,2
2bbee108,11117,7.8274,2
9c4eb2a,11055,7.8329,2
725ecb0c,19040,7.8329,9
6b095ab2,32653,7.8384,9
193970e5,11113,7.8438,2
50b07437,273,7.8438,1
3ef1a21d,11220,7.8411,2
2e305f81,32654,7.8411,9
10428352,291,7.8438,1
14402cfd,11217,7.8438,2
4702f38e,11028,7.8466,2
74505039,921,7.8466,2
700c05f2,359,7.8493,1
4e5bb16e,930,7.8521,2
653ef8ca,11219,7.8548,2
35f0f960,269,7.8521,1
4357a67f,11130,7.8575,2
53e40872,29747,7.8603,18
410e526c,296,7.8603,1
6a153fb3,922,7.8603,2
730798d4,1040,7.8658,2
1ec38db8,292,7.8712,1
d1dac95,11218,7.874,2
7ec992dc,11115,7.8767,2
4d67325b,11227,7.8767,2
176ba7e1,358,7.8795,1
2e9c21b,29752,7.8822,18
dec3d79,384,7.8822,1
4eeb46ec,29749,7.8822,18
7efd65e4,29709,7.8849,18
6270bfd7,1039,7.8822,2
501d8e37,383,7.8904,1
249c8b85,29743,7.8904,18
482542c4,29748,7.8959,18
e9d6af1,360,7.8959,1
7bd48e17,278,7.8986,1
68297c17,11131,7.9014,2
fc0e8c2,11223,7.9041,2
3390a33b,380,7.9068,1
7310d66f,11112,7.9096,2
507ac5de,293,7.9123,1
5874b1eb,297,7.9123,1
6ecb58a5,11134,7.9123,2
329a1f81,11221,7.9151,2
1b1d48bd,32656,7.9151,9
1dcf3a35,11489,7.9151,2
60492b8e,1021,7.9205,2
54f35952,11490,7.9205,2
112bf8c4,438,7.9178,1
25dabbd1,274,7.9233,1
41a023cd,381,7.926,1
689c752c,29750,7.926,18
26eb98a4,11135,7.9233,2
569fbb9b,11029,7.9288,2
16e154ce,11114,7.9342,2
9badb99,32655,7.9342,9
581752f6,270,7.9397,1
2477f695,11132,7.9425,2
1ddf762b,11222,7.9452,2
69d28f5e,271,7.9452,1
670be38c,272,7.9507,1
4c63df95,11491,7.9534,2
49e86032,11056,7.9589,2
5038a5f3,11118,7.9589,2
6c1667c7,1042,7.9616,2
36b0fff1,385,7.9616,1
e1f6d28,11136,7.9562,2
5c529409,279,7.9671,1
4950b54d,11116,7.9671,2
78ae84e1,11226,7.9699,2
dadc0f1,29697,7.9726,18
4597ff91,11224,7.9753,2
5612dab,361,7.9671,1
9a1d0b3,11030,7.9753,2
5a4c4ea,11492,7.9808,2
66ed26e7,29698,7.9781,18
43b5adff,298,7.9836,1
e8ca2de,11137,7.9836,2
1c7c26dc,29753,7.9836,18
1bdf49a8,29710,7.9836,18
387f4dad,11494,7.9863,2
372a9e5b,29712,7.9863,18
4a9d14a4,11133,7.9863,2
2b6e9656,11031,7.989,2
693eb4b3,11225,7.9918,2
5877ecb4,11230,7.9945,2
a853789,11238,7.9973,2
289f2a49,11248,8,2
779cc52a,29760,8,18
6b1b7c46,29699,8.0055,18
36752a50,11493,8.0027,2
488137d3,11242,8.0082,2
191d81e8,29754,8.0164,18
839b274,11032,8.0164,2
7323ae3e,362,8.0137,1
38700679,275,8.0164,1
798e810b,11058,8.0137,2
ce95d13,11924,8.0219,2
4986e4e8,11923,8.0219,2
29542c5,11174,8.0247,2
1453ab34,32657,8.0247,9
71fd706f,11057,8.0274,2
d0156e4,11496,8.0301,2
3656b559,11249,8.0301,2
7c763182,11497,8.0329,2
3a31eada,11144,8.0329,2
446ef8d0,11059,8.0384,2
5e0a863a,280,8.0411,1
13bd5658,11498,8.0411,2
26ef09cf,1041,8.0438,2
1574ddba,11243,8.0466,2
1f45b278,29751,8.0466,18
66b3285e,11119,8.0438,2
384ce436,11145,8.0466,2
b666788,11176,8.0493,2
3982c2ee,11138,8.0466,2
460cec58,11146,8.0493,2
19beddfb,11239,8.0521,2
21dcb363,11175,8.0466,2
e668004,386,8.0548,1
2f29d3bc,11500,8.0548,2
401792a7,11495,8.0575,2
414666d,439,8.0575,1
3ec8b04b,276,8.0603,1
5c8bd968,11521,8.063,2
5f9d301d,29713,8.063,18
236303e3,11515,8.063,2
4633eec,29761,8.063,18
7f528cc3,931,8.063,2
497956ec,11516,8.063,2
72be283b,11141,8.0685,2
9ce292,32658,8.0685,9
6fb7ecde,11501,8.0685,2
4a073d7b,937,8.0685,2
6216213,1037,8.0712,2
14b16de9,11154,8.0712,2
4e8517f,29711,8.0795,18
725b938,11522,8.0795,2
459a617,11240,8.0822,2
54d86b5e,529,8.0822,1
127dab13,531,8.0795,1
383b2c1d,29714,8.0877,18
433a7fa0,29762,8.0877,18
719b5c13,300,8.0904,1
19d44114,299,8.0932,1
475fabde,11140,8.0959,2
786eddf7,530,8.0959,1
533e7d2d,11228,8.0986,2
1213a888,11926,8.1014,2
d3a9acc,11147,8.1041,2
477b45dc,11244,8.1041,2
7e28440f,11139,8.0986,2
7c1c60c6,11517,8.1068,2
72138bd7,11120,8.1096,2
52e457ad,29715,8.1068,18
4facbd88,11927,8.1123,2
5029eeeb,11524,8.1123,2
3e0a9a0a,32659,8.1151,9
4ea3fb59,29755,8.1151,18
64495ff8,11177,8.1123,2
1ecc38dc,440,8.1178,1
7b08bb2c,11931,8.1178,2
4f9d048e,11523,8.1178,2
11b8a48d,11929,8.1205,2
4010ecd0,11241,8.1233,2
6e88ddb5,29763,8.126,18
5fe264a2,29756,8.126,18
5067ca93,11499,8.126,2
649ea20d,11245,8.1288,2
42f80de,11928,8.1288,2
c07fb0f,29700,8.1315,18
431e9ae7,306,8.137,1
3ee3cbe9,11999,8.1397,2
74bf4f3c,932,8.137,2
6730cb88,11935,8.1452,2
33c3ed9a,11537,8.1452,2
6bd38244,11142,8.1452,2
50efeff,29702,8.1452,18
23b9b1ee,11934,8.1479,2
777e7df9,11518,8.1479,2
39306a91,11231,8.1507,2
7d5fa7f0,11502,8.1562,2
57b84a54,32660,8.1562,9
4a21c31e,301,8.1562,1
f6d2d0f,11178,8.1562,2
3d97b9bc,389,8.1589,1
4f1c51f7,11180,8.1589,2
4ffc0fc3,11181,8.1644,2
b010c11,12072,8.1644,2
b5b1e94,11952,8.1562,2
26e575e1,11932,8.1671,2
9c8f4e9,11232,8.1671,2
7a348f50,532,8.1699,1
6a0b7cb8,307,8.1671,1
59d6102a,29757,8.1726,18
23fe685a,277,8.1726,1
54113c8c,11124,8.1753,2
601ce4b4,11229,8.1753,2
1a30e55b,12038,8.1726,2
297c7902,308,8.1781,1
7454c5fd,11503,8.1781,2
69d3ec11,11933,8.1753,2
3af1763d,11250,8.1753,2
700fac08,1035,8.1753,2
22a6f4d9,11973,8.1781,2
1d436cab,11519,8.1808,2
546337f8,12000,8.1836,2
69c9ab7b,11960,8.1808,2
38a294df,11925,8.1836,2
6592f3d7,29701,8.1863,18
4d6c016e,11527,8.1863,2
68f07c81,938,8.1918,2
7d654d7a,11930,8.1918,2
307479d9,387,8.1945,1
428a384b,939,8.1945,2
297540ef,11976,8.1945,2
7eacd626,533,8.1945,1
3acc8ec9,11953,8.1945,2
6d85c29b,11936,8.1945,2
7e5ee700,12008,8.1918,2
7dafb21c,11538,8.1973,2
652a4669,11546,8.1973,2
61362acb,11143,8.1945,2
7f47bfd,303,8.1973,1
4986cd78,302,8.1945,1
195cdfbf,29723,8.2,18
26f8d14d,11955,8.2,2
2f974475,11972,8.2,2
453def27,313,8.1973,1
2fa83cc9,11962,8.2027,2
18063e5b,11148,8.2027,2
3dfb7a32,12001,8.1973,2
7814f6af,29758,8.2027,18
7f53c6e4,11951,8.2027,2
6db5a134,11060,8.2,2
17f50093,11552,8.2055,2
315963f,12073,8.2,2
65e00f6a,12002,8.2027,2
2ac894e0,11526,8.2055,2
75b6ae98,11943,8.2082,2
35ca1d1b,11553,8.2055,2
1a41c1f3,11123,8.211,2
74c029cf,11121,8.2082,2
34c28ba1,11525,8.2082,2
51057ae7,32661,8.211,9
4972fc21,32662,8.2137,9
45df676d,11956,8.2137,2
58cbaa3e,12006,8.2137,2
1bd725c9,11974,8.2137,2
3024a048,11550,8.2137,2
319f7ce7,11944,8.2164,2
101baa6e,11957,8.2164,2
6ab338c8,12048,8.2164,2
5469defc,304,8.211,1
41da12d9,11975,8.2164,2
c5f9856,19044,8.2192,9
7fd9946d,11954,8.2164,2
655d2b54,11958,8.2247,2
7400a1fc,11939,8.2219,2
46d0a02,11540,8.2219,2
37248c1e,11987,8.2192,2
191cb6a4,933,8.2219,2
3b2f0625,12039,8.2274,2
4ad14ffd,953,8.2247,2
268071bf,11541,8.2301,2
35d75d0d,390,8.2274,1
768a7bbc,534,8.2301,1
36646c37,11253,8.2329,2
3d76aa1,11246,8.2329,2
13ccfecd,32663,8.2329,9
12442c77,11551,8.2356,2
3ae6744f,11520,8.2356,2
1cfcf68c,388,8.2329,1
390e3934,966,8.2301,2
61edfe3f,11505,8.2329,2
2c9efff6,11179,8.2356,2
58d0563e,442,8.2356,1
2363833e,11980,8.2384,2
6b6cc9ff,11985,8.2384,2
73d69de1,11122,8.2384,2
30d6ea2b,11986,8.2384,2
6a6d3ba9,11959,8.2384,2
55a83fa9,11963,8.2438,2
588637d2,281,8.2438,1
5f06195b,11940,8.2411,2
5cb5c161,11183,8.2493,2
4874f829,11539,8.2521,2
21a56e52,11254,8.2521,2
50243090,965,8.2521,2
4e8677fc,11155,8.2548,2
3c4a0984,29759,8.2411,18
130771c4,11159,8.2521,2
53100b94,12003,8.2575,2
594d385a,11554,8.2575,2
24099d18,11547,8.2575,2
4863b634,11557,8.2575,2
1b7c5807,12052,8.2548,2
2bc33cda,537,8.2603,1
434a85e7,12009,8.2603,2
16cd49ac,11942,8.263,2
6f889712,391,8.263,1
5d9f43d5,12050,8.2658,2
4aed803c,11184,8.263,2
361130e4,11182,8.2658,2
1d8a1133,11558,8.263,2
51d43327,11941,8.2658,2
5f29dc9b,12075,8.2685,2
3a2c78bc,11961,8.2685,2
1c66f3a5,11548,8.2658,2
23cf66dd,11235,8.2685,2
6e81f81e,11937,8.2685,2
373194ea,11982,8.2712,2
1c61a272,954,8.263,2
4440d6ad,11529,8.274,2
25e08733,11125,8.2712,2
1e4dd1a1,11508,8.274,2
f2e9228,11247,8.274,2
4d19d8de,315,8.2767,1
6ce10751,11542,8.274,2
33be3a7a,11126,8.2767,2
71608f37,11528,8.2795,2
1c5103b5,29764,8.2795,18
67957dc5,12049,8.2795,2
644996c1,12040,8.2795,2
76de96,11992,8.2795,2
142e3986,11559,8.2822,2
58191593,11556,8.2795,2
704e7fcf,11262,8.274,2
33e478fb,11507,8.2822,2
467a8d3e,11267,8.2849,2
23fd6e7e,535,8.2877,1
33d8521f,11236,8.2877,2
29e1fc39,11530,8.2822,2
30ebf3ac,11233,8.2877,2
226a9bf2,11968,8.2904,2
6a2c9f5f,11549,8.2904,2
1b1570af,11981,8.2932,2
740c96f2,955,8.2904,2
74371901,11506,8.2849,2
24f268a,309,8.2959,1
9d9486f,12004,8.2959,2
c9787fb,392,8.2959,1
614b5db1,11560,8.2959,2
3cb70ece,1043,8.2932,2
2cd45281,12010,8.2959,2
2c1cb4ac,11555,8.2986,2
31874fe0,305,8.2986,1
579cbcd3,956,8.2986,2
67e56a2d,19041,8.3014,9
67045184,11264,8.2986,2
6341f2d4,11234,8.3041,2
2a3193c4,12059,8.3041,2
1879d875,314,8.3041,1
5d34328f,11977,8.3041,2
318fbcaf,11983,8.3068,2
1706a6e9,11237,8.3096,2
41ea6e0c,11994,8.3123,2
3db68cf4,11531,8.3068,2
71903529,11156,8.3123,2
5383f41c,29706,8.3096,18
410b7a6e,11263,8.3123,2
48d39f97,11293,8.3096,2
389ac2d9,12056,8.3096,2
7475e2c2,29765,8.3123,18
6e373e28,12053,8.3151,2
3a4c2b5e,29766,8.3151,18
1488f1f2,29767,8.3151,18
f163161,11938,8.3151,2
588788d5,11964,8.3178,2
34a4e40,11504,8.3178,2
1f386953,11561,8.3123,2
2293bc77,11268,8.3178,2
6b33a68d,19046,8.3205,9
1cb01c7d,443,8.3205,1
7815ee1e,11157,8.3205,2
518741a0,11158,8.3205,2
29fc8712,11266,8.3151,2
209612d2,11562,8.3233,2
1633f65e,29768,8.3205,18
a7c4311,11967,8.3233,2
5d4e295e,11991,8.3233,2
1047e1f2,11265,8.3205,2
7f6db03,11984,8.3233,2
24cf9031,12074,8.326,2
19cf64a2,11544,8.3233,2
71c3c841,11535,8.326,2
5d6b1bfe,11965,8.326,2
2499e168,11948,8.3288,2
720c39d0,11187,8.3288,2
1084b947,12062,8.3288,2
7f6aead6,12005,8.3288,2
7a5baa2e,11988,8.3315,2
690ade0c,12015,8.3315,2
5cf10ceb,11185,8.3288,2
7c6011a7,12063,8.3342,2
746561f9,11949,8.3315,2
53c8af81,11534,8.3342,2
6c8de14a,12057,8.3342,2
5671bd6e,12046,8.3342,2
38cf3e64,11251,8.3342,2
677afa2d,445,8.3342,1
71d8f5e4,11945,8.337,2
eae43e9,11536,8.337,2
72dcdd24,11950,8.337,2
33a1f105,12013,8.337,2
4182057,11947,8.337,2
33acece,12007,8.3397,2
357b6c98,11979,8.337,2
21daa2ee,12076,8.3397,2
1dcf4609,12054,8.3397,2
4856a7c0,441,8.3425,1
26a71dfe,11966,8.3397,2
521e1616,11989,8.3425,2
144d44bd,444,8.3452,1
3506fd52,12016,8.3452,2
48933495,12044,8.3479,2
56458894,11543,8.3479,2
43dd60c,446,8.3479,1
74c98aec,11970,8.3479,2
7627054a,11566,8.3479,2
2741a087,12045,8.3507,2
5d3a8dd3,11252,8.3507,2
659cf272,12043,8.3507,2
2bdfa6de,310,8.3507,1
3a9ee07d,957,8.3507,2
1b07eba,12028,8.3534,2
86d3f4a,11993,8.3534,2
ae04357,11545,8.3507,2
5cdffd83,1024,8.3562,2
5e180d0c,12026,8.3562,2
3f6efeea,12061,8.3562,2
379ce8ab,12060,8.3534,2
148c283e,397,8.3589,1
a6227ce,11567,8.3616,2
423311c6,12027,8.3589,2
12ba609b,11186,8.3616,2
6782672a,11969,8.3616,2
7cc56043,12086,8.3644,2
2622f33c,11971,8.3671,2
67ddf1db,11946,8.3671,2
776859f,12011,8.3671,2
1312713d,11276,8.3671,2
24ee1666,1022,8.3671,2
4482cc64,12055,8.3644,2
75086cdb,29724,8.3699,18
24bde894,11509,8.3699,2
7dd31888,29769,8.3726,18
7dc80596,447,8.3726,1
2f7b07a7,11978,8.3699,2
1923d827,12041,8.3753,2
3f67073c,11294,8.3781,2
7c5194d3,11150,8.3781,2
4188ca7a,12078,8.3808,2
3639bbd3,449,8.3781,1
31dcafd3,399,8.3808,1
41db4237,12030,8.3781,2
3c9a5e7f,12077,8.3836,2
46078b6c,12033,8.3836,2
3d9b475c,11271,8.3863,2
696dd50b,536,8.3836,1
723ce8eb,11256,8.389,2
81a412b,11295,8.389,2
6f5c56d3,11269,8.3808,2
689e13be,12031,8.3863,2
7df0d5f6,11296,8.3918,2
6dc48725,19045,8.389,9
6f5a46fb,11297,8.3918,2
27b9d07a,11270,8.3945,2
2adef090,11301,8.3945,2
18b4ef27,11282,8.389,2
32450596,539,8.3918,1
49e1394d,538,8.3973,1
20321a0b,11258,8.3918,2
7d3534ed,11257,8.3973,2
6746e768,12032,8.3973,2
27ad919c,11272,8.4,2
461f2a0f,11990,8.3973,2
6aa795db,32664,8.4,9
17ff2520,11255,8.4027,2
43b9e96e,12018,8.4055,2
13942bd6,12772,8.4055,2
587e6949,12022,8.4055,2
36469143,11563,8.4055,2
840aa66,12051,8.411,2
1bb250a5,19042,8.4055,9
774d68cc,12773,8.4027,2
23dfae06,11273,8.411,2
4b20cdf7,12768,8.411,2
604dd48a,12012,8.4082,2
54b2d609,316,8.4137,1
2191efb7,12042,8.4137,2
5c372cf5,11532,8.411,2
51a9be8f,11149,8.4164,2
fd88522,311,8.4137,1
16b615ef,29716,8.4137,18
783a7783,12774,8.4055,2
442fef6b,11260,8.4192,2
586e6ca7,12058,8.4192,2
13d4131d,540,8.4192,1
63c785b9,1023,8.4192,2
58287a1d,29770,8.4164,18
73882eeb,12775,8.4219,2
1abcd9c4,11302,8.4219,2
d591a6e,398,8.4219,1
40f7877c,12087,8.4192,2
1fc23896,11261,8.4247,2
42151e1,12014,8.4247,2
366cd8f8,11259,8.4274,2
4adc652e,12089,8.4274,2
520cb515,12019,8.4301,2
44d4f26b,12090,8.4274,2
4a741d49,394,8.4301,1
1a0fb7e7,12020,8.4356,2
33d3549d,11151,8.4301,2
50f7bf26,11533,8.4356,2
3a037e24,941,8.4384,2
7997788c,448,8.4384,1
5dd4460c,11188,8.4438,2
740a8697,12047,8.4356,2
19e919bf,12029,8.4493,2
383ab6f8,11510,8.4521,2
472173d5,11570,8.4521,2
67bf6b98,11274,8.4548,2
34fe0e15,393,8.4575,1
36caa231,12093,8.4575,2
1aa6d1d6,11284,8.4603,2
44c40241,12067,8.463,2
1c79736,11153,8.463,2
5baa5f66,12023,8.463,2
2dc1cd95,12021,8.463,2
17d9201d,12092,8.463,2
ba66ad5,12017,8.4685,2
69bcbe47,12094,8.4685,2
681e8aba,11152,8.4685,2
78b594a6,12088,8.4712,2
61c6a9b0,11305,8.4658,2
3fc1b45d,11995,8.4712,2
78991b2,32665,8.4411,9
4f012141,11306,8.4767,2
7dd017a0,29704,8.4767,18
369f0da9,12025,8.4767,2
59ab5841,12770,8.4767,2
1fe6711c,12064,8.4767,2
6842bc41,12771,8.4767,2
62f60857,1025,8.4795,2
2c4ab3e5,11277,8.4795,2
5d5bc4ef,11275,8.4767,2
207fc3fd,11571,8.4795,2
2f208f7d,312,8.4795,1
5e32190f,12776,8.4795,2
7b555abb,11160,8.4822,2
15806841,11568,8.4822,2
3627514,12091,8.4822,2
5104719f,11564,8.4849,2
28a825c1,942,8.4849,2
604df8ff,11303,8.4849,2
3d80cce,11997,8.4877,2
13020374,29717,8.4904,18
61781002,11298,8.4904,2
817b7c1,12080,8.4932,2
58068a16,11161,8.4932,2
4bea6471,11200,8.4932,2
3acdca3e,11285,8.4932,2
7dbbf57,608,8.4877,1
4870c7db,609,8.4904,1
60c96964,12082,8.4904,2
692936d7,11288,8.4986,2
72275ea4,555,8.5014,1
5cb53d8c,11573,8.5014,2
44e40387,11996,8.5014,2
54ce69d7,11565,8.5041,2
a645adf,401,8.5041,1
1ec1400b,610,8.4986,1
2a5b5aca,11569,8.5041,2
47e41723,12024,8.5096,2
5f775b50,19047,8.5123,9
3beb9302,11304,8.5096,2
13f18402,11189,8.5123,2
6b6a81e2,11289,8.5123,2
6c46b46,11286,8.5123,2
61d08b1f,12034,8.5151,2
7e1ed2b3,452,8.5151,1
7d1c3d3d,12083,8.5178,2
5827e783,12065,8.5178,2
3dca17eb,11572,8.5178,2
3549d1ab,11278,8.5151,2
29a0f7ea,12068,8.5205,2
4edc16a2,11190,8.5233,2
3411faa,11279,8.5233,2
613a133b,12769,8.526,2
23c425dd,12079,8.526,2
587b6c87,19048,8.5288,9
4a31587b,12777,8.5288,2
5138a005,11162,8.5288,2
64ef227a,550,8.5288,1
316e266f,11283,8.5315,2
764adfc5,551,8.5397,1
588dbea8,29703,8.5397,18
5a6582a9,11299,8.5425,2
59f9d236,12069,8.5452,2
796d9a3b,11287,8.5507,2
4ca01340,11205,8.5589,2
3a26b0b7,19043,8.5534,9
2dd9bda7,12081,8.5616,2
38705665,11511,8.5562,2
74866838,12095,8.5671,2
7b2acd17,395,8.5699,1
6ffb6653,11998,8.5726,2
1b7e7350,12035,8.5699,2
2187cd24,29707,8.5753,18
6607a684,11300,8.5753,2
4b689d26,12096,8.5753,2
236483e8,11191,8.5726,2
3c95944d,11202,8.5781,2
687306a9,11290,8.5808,2
6f8fa38c,12070,8.5808,2
7fa865cc,541,8.5808,1
71edff3a,400,8.5808,1
1dbf9e0,12097,8.5836,2
135aa994,11574,8.5863,2
2fe02836,553,8.589,1
2ae358d,29718,8.589,18
31ea16df,11307,8.5836,2
d3b67ee,12084,8.5918,2
6f20fdfb,556,8.5918,1
29f0ff82,12778,8.5945,2
77fc312,12071,8.5945,2
664271cc,11281,8.6,2
e6597da,11512,8.6,2
5c33230b,11201,8.6,2
20c7657b,552,8.6027,1
59595522,29708,8.6027,18
2ce093d4,11280,8.6,2
26f2f06d,29721,8.6055,18
e991ad5,11291,8.6055,2
156e4ac0,12066,8.6027,2
68dfd0a,11315,8.6055,2
12d2f409,11194,8.6082,2
2e5bb03c,12098,8.6082,2
68d25890,11192,8.6082,2
f8d2700,411,8.611,1
6681ee56,557,8.611,1
26e73d81,12085,8.6137,2
152868ea,11292,8.6137,2
6fc4a407,12100,8.6137,2
9172bd8,12099,8.6137,2
281d4b39,450,8.6137,1
608d97f2,11193,8.6192,2
36b4dc31,11513,8.6219,2
7c9ab27c,940,8.6219,2
4ce31fdc,410,8.6247,1
db404fe,12101,8.6247,2
405d23b5,554,8.6247,1
50183adb,558,8.6274,1
549a4575,11575,8.6301,2
3eca0cf,29719,8.6329,18
79b87bf6,12036,8.6329,2
2df196e2,453,8.6329,1
4985862,29720,8.6329,18
142dfd16,396,8.6301,1
154774c8,11576,8.6356,2
257811bb,943,8.6384,2
2f9ada5d,11578,8.6411,2
e7d0fca,12102,8.6438,2
48e01d2f,11316,8.6438,2
755868a8,29705,8.6466,18
662fd1cf,12037,8.6521,2
1f1eb765,11514,8.6521,8
7c643274,19049,8.6575,9
79fbf813,611,8.6575,1
313a9b66,11203,8.6575,2
29038527,11164,8.6603,2
43ccbafd,11195,8.663,2
6551e9f7,12185,8.6603,2
3ec3a733,970,8.6658,2
7781fa14,11204,8.6658,2
d5bf90,11577,8.6603,2
35ca3810,12779,8.6493,2
13f76706,29813,8.6712,18
2256fffb,454,8.6712,1
57c77d2c,11196,8.6767,2
79833ade,29771,8.6767,18
54873341,29812,8.6767,18
30699b79,11206,8.6822,2
188e0525,612,8.6849,1
d78c6f6,11308,8.6849,2
6d17f9f1,11319,8.6877,2
24c82d90,12186,8.6877,2
783b9920,11317,8.6932,2
30440db9,11207,8.6849,2
12566ea9,402,8.6959,1
15cba05d,11579,8.6959,2
690543ce,12188,8.6986,2
698d2cef,11355,8.6959,2
75a3989d,11362,8.7014,2
1cac4e6,12187,8.7041,2
251caf66,451,8.7041,1
1d3ff880,11580,8.7068,2
6d9d2ad0,559,8.7123,1
2ec50f9e,29722,8.7068,18
797f1354,12780,8.7151,2
39d8e482,12782,8.7151,2
3d9792c3,11163,8.7123,2
3b28d310,11581,8.7178,2
3a4c8292,11197,8.7178,2
293e4150,11309,8.7205,2
44ce9dad,12781,8.7233,2
454e0e7d,11208,8.7205,2
3883e597,11351,8.7288,2
6605a807,317,8.7315,1
5696629f,11313,8.7315,2
639eb3d6,11356,8.737,2
13acc10,14684,8.737,2
10e7388e,11312,8.737,2
728c01e9,971,8.7342,2
220af4b4,12287,8.7397,2
44164d6f,11363,8.7397,2
f98907a,967,8.7452,2
33ac6b9,32668,8.7452,9
6aff998c,11209,8.7452,2
7c699706,12285,8.7452,2
ae2c0d1,11210,8.7452,2
41b29ab7,560,8.7479,1
571758f4,11369,8.7452,2
677634b7,561,8.7479,1
7b8e94c0,12286,8.7479,2
2e3cde24,11314,8.7479,2
4381e3ef,11310,8.7507,2
1584a4a4,11357,8.7425,2
1aa31a40,11582,8.7507,2
52262ace,613,8.7534,1
1e7425fe,564,8.7507,1
2ee51310,404,8.7534,1
6c69bcbc,11352,8.7589,2
2c966d96,12135,8.7589,2
4f855290,14685,8.7589,2
70e1c54b,12136,8.7616,2
1fd9a601,12784,8.7671,2
761a35d4,12783,8.7671,2
69ff1c5c,12288,8.7671,2
c0bd221,11358,8.7699,2
723e9576,11366,8.7699,2
552dba70,11318,8.7699,2
6a7e1bf4,12103,8.7699,2
72a5567c,587,8.7726,1
44a14175,11311,8.7726,2
16e9091a,586,8.7644,1
10faab94,11365,8.7726,2
30f37502,542,8.7753,1
43be107,565,8.7753,1
13ef72f3,11165,8.7726,2
28bc6dc1,12785,8.7781,2
66583b4a,12787,8.7808,2
38275f42,11359,8.7836,2
7d44f5d9,19050,8.7863,9
36dd5dd5,16459,8.7863,2
1178a22f,32666,8.7863,9
13a7220d,403,8.7863,1
4997e79d,12189,8.7863,2
15f8288f,32669,8.7836,9
41c599c5,458,8.789,1
1d85d553,12138,8.7918,2
49ed3a3c,11585,8.7918,2
ed28a44,29814,8.7973,18
32dd691a,563,8.7973,1
248b9975,12116,8.8,2
c1e8ce2,562,8.7973,1
3f02ff7f,14686,8.7945,2
1f9e0e79,12137,8.7945,2
1f278554,11360,8.8027,2
36ba7697,12786,8.8027,2
377668c8,959,8.8027,2
58744599,11583,8.7973,2
c609255,15661,8.8055,2
75b8dba0,11199,8.8082,2
2fcebba8,15662,8.811,2
560defc,11364,8.811,2
2b7ab6b1,11367,8.811,2
515866ca,459,8.8137,1
59a2a48e,11587,8.8137,2
36b47e9,406,8.8164,1
60665083,405,8.8137,1
7d5aa60b,15092,8.8164,2
6fa6f15c,12228,8.8192,2
236cbef2,11198,8.8164,2
7ae1f179,614,8.8192,1
52236ad0,318,8.8192,1
404039cd,12190,8.8219,2
ad74dd9,12824,8.8301,2
4c8af95f,571,8.8329,1
31af1fbf,11584,8.8356,2
3995b38e,15663,8.8356,2
70293b86,32667,8.8356,9
402009df,11368,8.8384,2
5bfb5085,455,8.8411,1
4fe691b7,11374,8.8384,2
762a66c6,14687,8.8411,2
3684f72d,11353,8.8438,2
377ae600,13852,8.8438,2
4c6aa271,12792,8.8438,2
6f4a4a3b,11589,8.8438,2
6953e16c,1044,8.8466,2
78ff4ef4,11588,8.8384,2
44edcd55,11729,8.8466,2
1855fd0d,11321,8.8521,2
135ad5c,15665,8.8521,2
779b7497,11370,8.8548,2
75110c7e,12290,8.8548,2
8ee4146,29725,8.8548,18
421b3a44,13853,8.8548,2
6edf7b7,407,8.8548,1
6ee82016,16276,8.8575,2
42fbce90,13848,8.8575,2
3ff4584d,16275,8.8575,2
2f8c6b06,544,8.8575,1
778438b2,958,8.8603,2
5bb1c922,15201,8.8575,2
be1e0ff,14689,8.8603,2
1f607083,15666,8.8603,2
1772305d,11166,8.863,2
a5924ce,577,8.863,1
5200e2f2,11211,8.863,2
1a08809c,15660,8.8521,2
1e6a6d3a,16005,8.8658,2
189c4672,14695,8.8575,2
5ba06efb,11730,8.8658,2
2286f991,12104,8.863,2
5720973,11595,8.8658,2
483ca75a,12241,8.8685,2
7319f274,11732,8.8685,2
3269c7f9,14688,8.863,2
153a4fc9,11594,8.8685,2
6ae6a0f9,12788,8.8658,2
7fca0547,408,8.8712,1
52e17b93,409,8.8712,1
7129d458,11785,8.8712,2
2ecb2839,11371,8.8712,2
7175a471,12106,8.874,2
4d6436c0,29772,8.874,18
5eba7725,11590,8.874,2
7dea282,13850,8.8767,2
7023c8a0,19051,8.8767,9
2ca9bcf9,11372,8.8795,2
136bad57,12234,8.8822,2
3b7715f2,12108,8.8849,2
2127f516,11628,8.8849,2
9fa539d,12289,8.8849,2
531f8902,960,8.8849,2
3d173d09,12117,8.8877,2
1073bab6,12292,8.8877,2
d1d9c1f,11832,8.8849,2
5cb81026,944,8.8822,2
4229d1e2,11626,8.8904,2
6d51173c,968,8.8904,2
69aa90ea,12789,8.8932,2
333d3144,12107,8.8877,2
750f84d9,16006,8.8877,2
20d91ccd,12118,8.8932,2
79a5fd5b,13849,8.8932,2
7df5d856,572,8.8932,1
1ca8fda4,11322,8.8932,2
21b8131b,11614,8.8959,2
281872b9,11171,8.8959,2
7e810dc4,456,8.8959,1
259f9a6d,412,8.8932,1
445e750e,591,8.8959,1
2fb85a86,15778,8.8959,2
59218d98,16744,8.8986,2
b42823,11592,8.9014,2
4657d986,13643,8.9014,2
59c0d582,425,8.9014,1
3775db3e,11375,8.9041,2
5a74db3c,16278,8.9041,2
fecd0a7,11354,8.9014,2
2eb80449,16672,8.9041,2
378d868b,12146,8.9041,2
4bdc067d,11731,8.9041,2
225c8e49,16745,8.9014,2
4c284c07,15779,8.9014,2
174a22d7,12229,8.9068,2
3c0e31ad,588,8.9041,1
7a66dea3,15664,8.9041,2
7cb340a3,11591,8.9068,2
7420ed9c,29816,8.9068,18
32ba2555,11167,8.9096,2
26a4a7dc,14696,8.9096,2
7f74e9f6,12230,8.9068,2
33aba37d,12826,8.9123,2
4094f499,11615,8.9123,2
5b0c2187,426,8.9123,1
2367f153,11586,8.9123,2
408271c7,11373,8.9068,2
155a63c6,457,8.9151,1
720d6dc8,15667,8.9123,2
6e7ce7b3,543,8.9151,1
319bc5eb,11361,8.9151,2
7719d44d,12235,8.9151,2
76f87e3b,584,8.9178,1
6e63844b,11616,8.9178,2
672ba74b,582,8.9151,1
1d5e8c70,15329,8.9178,2
87092d8,11787,8.9151,2
31f29427,592,8.9178,1
43410f8e,12191,8.9178,2
79eaf952,29817,8.9178,18
758042e5,16460,8.9178,2
1b80eb21,545,8.9205,1
358eb16a,11379,8.9205,2
2d254a92,12231,8.9205,2
42ee5a54,12198,8.9205,2
27636984,11629,8.9205,2
3b2647aa,11320,8.9233,2
7be3a445,15209,8.9233,2
4bef7d97,29818,8.9233,18
14673cb1,11786,8.9205,2
668645d5,12140,8.926,2
39ff8fe8,16461,8.926,2
777c0227,12291,8.9233,2
a48f00c,12109,8.926,2
7e6e0075,14323,8.926,2
18494271,11384,8.926,2
28fa972a,11788,8.9288,2
3f00c528,13857,8.9288,2
31631715,13858,8.9288,2
63eb9182,12796,8.9288,2
68e11cae,12790,8.926,2
5b0e6872,12963,8.9288,2
67c68a49,15668,8.9288,2
1f541912,11733,8.9288,2
26c4a655,12232,8.9315,2
fb6c627,15095,8.9315,2
30ee31d2,15094,8.9315,2
369bde41,16279,8.9288,2
f4d3254,12119,8.9315,2
cb8dbe6,12352,8.9315,2
3506b3a8,12192,8.9315,2
75e187bd,1026,8.9342,2
74a7647b,15691,8.9342,2
129e2729,615,8.9342,1
58b3b977,12962,8.9342,2
2ac4fe2d,427,8.9342,1
1584722c,15093,8.9315,2
58a8ca3a,12148,8.9342,2
1763f9e8,12825,8.937,2
74a73342,15923,8.937,2
2f7da1b3,12147,8.937,2
688cea60,15924,8.9397,2
27d9b10d,13854,8.9397,2
6aa9ab97,413,8.9397,1
9f55d26,583,8.9397,1
4b470592,622,8.9425,1
21fc842e,11598,8.9425,2
62e7695,429,8.9397,1
8e537f1,16049,8.9425,2
66d2c2c0,575,8.9425,1
2511171b,15690,8.9425,2
5609fdbe,11323,8.9452,2
722f77e3,15853,8.9425,2
1391cea5,12293,8.9452,2
66fe989c,428,8.9425,1
4b7af297,12242,8.9452,2
18ba5f83,11597,8.9452,2
5207124b,13048,8.9425,2
58c70548,12105,8.9425,2
4ffe0a48,12603,8.9452,2
5d565153,418,8.9452,1
4124fe24,16572,8.9479,2
1131ae03,581,8.9479,1
2b5b3901,546,8.9452,1
14c8da68,566,8.9507,1
26a6578b,11390,8.9507,2
7bfbcd6b,14756,8.9507,2
1dc8d9ee,14691,8.9507,2
6fa97867,14692,8.9479,2
3de0e460,16333,8.9507,2
7766ec48,12604,8.9507,2
1855f622,578,8.9507,1
43094b6f,15773,8.9507,2
67c77929,14690,8.9507,2
5dbe5255,14697,8.9507,2
6a6d4b26,11385,8.9534,2
472bcf23,12961,8.9534,2
63b63737,430,8.9534,1
7debe839,17007,8.9534,2
3fe40459,11172,8.9534,2
10e7d50a,12601,8.9507,2
1053984b,14903,8.9507,2
428e0af9,16860,8.9534,2
5d779392,12503,8.9534,2
5d57083d,12294,8.9562,2
7a305560,13106,8.9562,2
1f7617f3,414,8.9562,1
7336c918,547,8.9507,1
7fab96f5,573,8.9562,1
174ae847,11599,8.9534,2
28b37d4e,12295,8.9562,2
6d081f49,420,8.9562,1
3a3d0835,16463,8.9562,2
4e373023,1028,8.9562,2
11a220ba,12152,8.9562,2
6164f024,12791,8.9562,2
72f3284,15471,8.9562,2
34456622,11593,8.9589,2
199ac5b4,11833,8.9589,2
6edb588c,16674,8.9589,2
101eecc1,16335,8.9589,2
f75fc96,12110,8.9616,2
400d3fa9,11600,8.9616,2
f48f8df,15330,8.9616,2
7426101c,13855,8.9616,2
1aaaa45,16746,8.9616,2
133982bd,15700,8.9616,2
33885d00,11389,8.9589,2
1a51dcaf,15844,8.9644,2
5eb38909,11378,8.9644,2
140c408,12243,8.9644,2
7051e97d,16594,8.9671,2
6471e77c,15843,8.9671,2
2648d13a,12655,8.9671,2
21af217f,589,8.9671,1
5eca3e36,12605,8.9671,2
356b7894,15205,8.9671,2
554aae02,14693,8.9644,2
db6d90d,11386,8.9644,2
2826d03,11734,8.9671,2
6cc31a1f,14084,8.9671,2
6cf9833b,12607,8.9671,2
573c5118,15701,8.9671,2
46c7c489,15203,8.9699,2
32203dac,13644,8.9699,2
12e09088,15772,8.9699,2
27e1a75d,16334,8.9699,2
5f7acca4,12249,8.9699,2
6c0457ba,12516,8.9726,2
7af6fe62,574,8.9726,1
59919c66,15206,8.9726,2
17e6b969,16775,8.9726,2
3e39dd5f,12515,8.9699,2
5a2e5019,12111,8.9671,2
52d63035,12380,8.9726,2
316b7067,593,8.9726,1
644cb880,12649,8.9753,2
46437891,16292,8.9753,2
6e4556d8,14905,8.9753,2
1580130f,12237,8.9753,2
447fb3f,15202,8.9753,2
54edb8f,15925,8.9699,2
114e22cc,15255,8.9699,2
74756139,13851,8.9781,2
5814ac47,460,8.9781,1
236f6b3f,11602,8.9753,2
1ca3d20b,972,8.9781,2
469e5be9,12296,8.9753,2
27865ca3,12602,8.9781,2
5467697f,415,8.9781,1
296c8120,12960,8.9726,2
73f34fa3,15710,8.9781,2
2bdd3d8c,17164,8.9781,2
3b89149d,11736,8.9781,2
3eab0f10,13685,8.9808,2
65a61822,15780,8.9808,2
51e8a52b,590,8.9726,1
1cc05bb7,15812,8.9808,2
5eb324fe,16336,8.9753,2
388663b7,16862,8.9781,2
4243ad42,15331,8.9808,2
2cd35871,16861,8.9808,2
3250b3bf,16338,8.9781,2
20e947f3,14757,8.9808,2
3d41d37f,12366,8.9808,2
7583f5df,15782,8.9808,2
7e13bb03,11617,8.9836,2
2cf304ec,579,8.9836,1
48357460,11381,8.9836,2
7f4ffb92,13686,8.9836,2
1b449e11,419,8.9836,1
1508c4a9,16009,8.9836,2
7620bea8,12828,8.9836,2
15555278,11387,8.9836,2
1546b82b,15722,8.9836,2
46b81ba6,14782,8.9863,2
73e04f83,16299,8.9863,2
351e2827,12193,8.9863,2
ae76a6e,14904,8.9863,2
2a401cf9,11627,8.9863,2
6ea47853,32670,8.9808,9
7d17f2ab,11834,8.9863,2
2c23473c,11630,8.9863,2
68381d8f,16464,8.9863,2
593daefc,16747,8.9863,2
7330d6f6,13859,8.9836,2
42d6b1,15208,8.9863,2
459c750b,15774,8.9863,2
6d60cc52,15207,8.9863,2
599ec54c,13646,8.9863,2
2c6c3fef,12506,8.989,2
7dc63d4f,16293,8.989,2
afe3344,12299,8.989,2
61976c15,12385,8.989,2
5d79dc6a,12504,8.989,2
4e0c71ce,29815,8.9863,18
352aca7,12513,8.989,2
78cdcb9a,15783,8.989,2
22e0f752,12827,8.989,2
7a79f318,12443,8.989,2
f4f60c1,11168,8.989,2
196ed21b,15210,8.9836,2
fe94bb7,11391,8.9863,2
2a16677f,11618,8.989,2
5eab4394,11633,8.989,2
31baac50,12156,8.989,2
40ba700a,12161,8.989,2
74cbed23,11632,8.9918,2
6d7f415a,11789,8.989,2
694c1882,15711,8.9918,2
1d6e9f0b,16709,8.9918,2
d70f1d7,15098,8.9918,2
5fa9365d,16277,8.9918,2
6f5342f0,12154,8.9863,2
2679a7af,16528,8.9945,2
4eff58c2,945,8.9918,2
319b57ab,13647,8.9918,2
389ad112,16337,8.9945,2
59c1ecb2,12518,8.9945,2
320cce2e,11735,8.9945,2
304da71d,12200,8.9945,2
71bcd193,12656,8.9918,2
48093be5,548,8.9945,1
5c708b3c,12153,8.9945,2
1d537ba4,11333,8.9945,2
452688cc,12120,8.9945,2
4ba1b0c0,16371,8.9945,2
16198f3b,12386,8.9945,2
336ec923,12245,8.9836,2
1f086a24,14183,8.9973,2
728d39f3,15854,8.9808,2
47792b92,12157,8.9945,2
41f1f682,12793,8.9973,2
71069cc,12236,8.9973,2
78c24cb6,15338,8.9973,2
5b156a40,11605,8.9973,2
55beef0b,416,8.9945,1
6ce543b4,11380,8.9973,2
1b3546d8,12141,8.9973,2
1f6f027b,16308,8.9973,2
6f583cbc,15256,8.9973,2
228e2bf7,16936,9,2
4d3c50eb,15804,9,2
7c0edc12,16673,8.9973,2
1b957532,12121,9,2
119bcad2,12164,9,2
35060720,16295,9,2
1a12a263,11739,9,2
10f6037f,421,9,1
20fad8b6,16937,9.0027,2
2540e48e,17058,9.0027,2
2ace4bff,16790,9.0027,2
a835822,12617,9.0027,2
7c4a1eac,12845,9.0027,2
5e8ce13f,16863,9.0027,2
645d8a2,11212,9.0027,2
1697c200,11169,9.0027,2
3a040100,11622,9.0055,2
77e8f6f9,11388,9.0055,2
3389a66,15692,9.0027,2
7d440e4e,11796,9.0055,2
2b10c26b,594,9.0055,1
33f82cb,12608,9.0055,2
19299fad,11604,9.0055,2
5e85cd44,12244,9.0055,2
4e3d7dcf,13648,9.0027,2
732b4f65,15697,9.0055,2
c7db211,15096,9.0055,2
597c90c4,12797,9.0055,2
29638942,16642,9.0082,2
147cd630,11838,9.0082,2
26188b01,11752,9.0082,2
1abb6c,16967,9.0082,2
61166c44,17165,9.0055,2
1a3511ea,12568,9.0082,2
5cd13a12,12360,9.0082,2
69cd9153,13969,9.0055,2
3cd996dd,13053,9.0082,2
6effa94e,12517,9.0082,2
6f8f8c3,11170,9.0055,2
3bab0f29,16280,9.0055,2
3e694606,29773,9.0082,18
4ef64068,16365,9.0055,2
5dd02521,12964,9.0082,2
3e61abf5,16913,9.0082,2
4acc9349,15732,9.011,2
36c56f78,16479,9.011,2
6a60adac,11335,9.011,2
59ed8d16,16864,9.011,2
77950bb9,11675,9.0137,2
6ab6149c,12361,9.011,2
7f867b20,16477,9.0082,2
554c9ab,576,9.0137,1
17086b81,11213,9.0137,2
30e4712a,585,9.0137,1
6ff37c4c,12353,9.0137,2
35bb87da,16968,9.011,2
1c708a31,462,9.0137,1
16011957,12159,9.0137,2
57f579c,16934,9.011,2
4e44bcaf,13729,9.0137,2
711a5a63,13050,9.0137,2
b6c0039,12165,9.0137,2
18f686cd,12149,9.011,2
623ef25,11619,9.0137,2
791f9bca,12650,9.0137,2
5a750fc8,15814,9.0137,2
76192aa5,1049,9.0137,2
6f5aa984,11856,9.0164,2
6a9ebe6e,15863,9.0164,2
6b8edfed,12514,9.0164,2
2714aa11,12112,9.0164,2
66fd8f55,11325,9.0164,2
1d3831fe,12199,9.0164,2
3c4d62fd,12609,9.0164,2
24a91f9,15566,9.0164,2
4d76afaa,17166,9.0137,2
2537fc3d,12831,9.0164,2
27f19ea8,13054,9.0164,2
7b9afc69,16370,9.0164,2
2d096fba,13981,9.0137,2
3745a832,15712,9.0192,2
3bbbfb16,11596,9.0192,2
58ae0759,13107,9.0192,2
1c6a64ac,461,9.0192,1
30bfbafc,569,9.0192,1
56ad77ee,16750,9.0192,2
4c334131,14694,9.0164,2
3b3131f,15845,9.0192,2
4e1621cf,12248,9.0192,2
73392de4,15333,9.0192,2
2555c07b,12202,9.0164,2
3ee51425,11631,9.0219,2
19019858,961,9.0219,2
4182526f,17167,9.0219,2
7bee01b6,12606,9.0219,2
70b340a8,16364,9.0219,2
66e136a7,17059,9.0219,2
35a3013e,15204,9.0219,2
3e4b558d,15211,9.0219,2
3120c992,11737,9.0164,2
3b2ca4c7,15689,9.0164,2
16abe86d,14725,9.0219,2
72282008,11749,9.0219,2
19738a25,13730,9.0137,2
47a70f50,11657,9.0219,2
e866f49,13860,9.0219,2
3d1d36f1,16814,9.0192,2
383ab1d5,16387,9.0219,2
4798e40d,15368,9.0192,2
7ad93790,16296,9.0219,2
2ea73c84,15889,9.0192,2
38168ff2,12194,9.0247,2
43fe949c,12169,9.0247,2
43c6b862,16294,9.0247,2
7090623d,11620,9.0247,2
41b3c3e7,16155,9.0247,2
67c433b7,15855,9.0247,2
50a911a7,11603,9.0219,2
26dab678,14389,9.0247,2
1d9ed060,11621,9.0247,2
55a8b914,11738,9.0219,2
b8b6e65,12233,9.0247,2
2f8e160a,12158,9.0247,2
7811601a,12966,9.0219,2
68e11615,17018,9.0274,2
40f2a90d,11835,9.0274,2
10da0f30,14835,9.0274,2
6338ac81,16363,9.0274,2
3895f4d,14726,9.0274,2
566624f0,13731,9.0274,2
16050283,1027,9.0219,2
307fe866,11658,9.0274,2
7945ba13,595,9.0274,1
1e63406f,14110,9.0247,2
3112e6ec,13435,9.0274,2
20cc583a,16749,9.0274,2
6fbfb89d,12657,9.0274,2
3bfe025b,13299,9.0247,2
66f49dbb,12633,9.0274,2
3f1a4d73,13868,9.0247,2
7d55cf22,12554,9.0274,2
6fbceb45,15676,9.0219,2
241bc033,16643,9.0274,2
49877016,15723,9.0247,2
1a788adb,12387,9.0301,2
1296bc12,12354,9.0301,2
68f6ec2b,11324,9.0301,2
634ed216,14922,9.0301,2
1a8336e3,16866,9.0301,2
4deabb55,15827,9.0301,2
44f3593a,567,9.0301,1
6395b949,15848,9.0274,2
63a21b9a,15472,9.0301,2
3c6a2471,11836,9.0301,2
61b99d79,29728,9.0301,18
1234241f,16649,9.0301,2
7f90d384,12505,9.0301,2
29d2e9e6,15334,9.0301,2
42dfbf0,12524,9.0301,2
6712d223,580,9.0274,1
4586eb79,16462,9.0301,2
370a33b6,15830,9.0301,2
206b9cc9,15564,9.0301,2
4effca20,12965,9.0329,2
705c97c0,11416,9.0329,2
f5094cb,16007,9.0329,2
1bc50040,13645,9.0329,2
7d34070d,16748,9.0329,2
4daa7c41,15698,9.0329,2
595c10a3,16282,9.0301,2
1cf4b9a7,16164,9.0329,2
49a300c6,12301,9.0329,2
3779a2ef,12207,9.0301,2
6e28c6f2,13127,9.0301,2
29af9835,12329,9.0329,2
104f5cab,12555,9.0329,2
3c2d8ce6,15781,9.0329,2
1a21160e,15552,9.0329,2
42176e12,12570,9.0329,2
46b92f56,15805,9.0356,2
5fd8f3b,12658,9.0356,2
31ba9b78,13934,9.0329,2
13027984,11397,9.0356,2
7942c54b,12569,9.0329,2
29d83c39,16969,9.0329,2
269475cb,16301,9.0356,2
788e20be,12396,9.0356,2
26dae6c4,14087,9.0356,2
49dd07c9,16297,9.0329,2
687af673,14783,9.0356,2
218cd33f,15702,9.0356,2
2433d0e8,15551,9.0356,2
3d7a480a,15849,9.0356,2
55aefe6c,12883,9.0384,2
59ba08ec,11409,9.0384,2
746c585f,12556,9.0384,2
5625c2b3,14378,9.0384,2
33be68c6,16054,9.0329,2
9b05ac9,13478,9.0384,2
2bcf980d,16970,9.0384,2
3d77938b,12166,9.0384,2
7dcf34bb,12641,9.0384,2
76224fd9,11406,9.0384,2
217aaee0,16372,9.0356,2
6fa54995,16711,9.0384,2
196f289,12571,9.0384,2
20109a8f,12623,9.0384,2
18fd7863,11635,9.0384,2
185a9f92,14108,9.0384,2
247e18da,1052,9.0329,2
40c6c70b,15713,9.0356,2
34bf7c5d,13659,9.0384,2
10df4ca7,12508,9.0411,2
44b33eae,12176,9.0411,2
136459a6,15784,9.0411,2
2c48dd4a,17114,9.0411,2
2c22702a,13732,9.0384,2
48281d35,15267,9.0411,2
32bb47ac,16540,9.0411,2
7da98832,16815,9.0411,2
17f94954,12381,9.0411,2
15867bcf,11326,9.0411,2
4ae2534b,12160,9.0411,2
228ceb9c,15553,9.0384,2
148f66dd,12624,9.0384,2
13551fe7,16935,9.0356,2
24339580,16166,9.0411,2
4ebb4730,16776,9.0411,2
161b3da7,12113,9.0411,2
710af904,11408,9.0411,2
585c34db,16478,9.0411,2
6a9e1927,16865,9.0411,2
538ef4f3,12167,9.0411,2
6c8d70bd,13151,9.0384,2
689f6342,15775,9.0384,2
7c892ba6,13477,9.0411,2
3330c795,11844,9.0356,2
17bd946c,12967,9.0438,2
45b794f5,14837,9.0438,2
2ce1e2de,12238,9.0438,2
4ab60aa,12168,9.0438,2
31cabf82,16340,9.0438,2
4f3da41,12674,9.0384,2
7f163047,16483,9.0438,2
2067b13f,15846,9.0438,2
44352c1e,12991,9.0438,2
5e8ed70b,11634,9.0438,2
10545095,15703,9.0438,2
531ecf34,12526,9.0411,2
da7e5e9,13051,9.0438,2
601f7d9f,13687,9.0438,2
4881c818,15332,9.0411,2
7a63f965,17015,9.0438,2
4859c36d,15737,9.0411,2
5331bc7c,13049,9.0438,2
15366f0a,11837,9.0438,2
707b1418,16410,9.0438,2
76bfe3d1,417,9.0438,1
28336326,549,9.0466,1
4184705c,13453,9.0466,2
26280902,12519,9.0466,2
6e01375b,16484,9.0438,2
2f00d77d,11407,9.0438,2
52386e81,12264,9.0438,2
2d15c18c,16339,9.0466,2
1c99abe8,12829,9.0466,2
4aac64d1,11681,9.0466,2
5a288a0b,16298,9.0438,2
2c2a049f,15339,9.0466,2
5b88558,16712,9.0466,2
542fa8ec,13733,9.0466,2
7d0cc454,13270,9.0438,2
17e2996,11606,9.0466,2
402deea4,12155,9.0466,2
7d8170b8,15733,9.0466,2
696c4685,12547,9.0438,2
5b9f646d,16167,9.0438,2
5a9bb12,12651,9.0466,2
677c0064,946,9.0493,2
72d90198,12303,9.0493,2
29bb4cc,12992,9.0493,2
146d8d6f,11417,9.0493,2
5c98928d,15725,9.0493,2
2dec32f5,15828,9.0466,2
26bf11a3,16751,9.0493,2
1c50112d,15669,9.0493,2
f8512b6,15097,9.0493,2
51e928ec,16465,9.0466,2
267f697a,12968,9.0493,2
4d2c8285,13688,9.0493,2
778f5310,12510,9.0466,2
3e2046ba,16055,9.0493,2
7851fa4a,11648,9.0493,2
2696a7da,12610,9.0493,2
6a5a50b,1045,9.0493,2
64178adb,13658,9.0466,2
2b9c44c7,12546,9.0493,2
74649086,12560,9.0521,2
721190b,13152,9.0521,2
f873127,12618,9.0466,2
6e088cb,15785,9.0521,2
6f47e498,12832,9.0493,2
298a0ccc,463,9.0521,1
15a39ad1,16300,9.0521,2
21b3bf8b,13996,9.0493,2
676b72d1,13437,9.0521,2
69857c8,11790,9.0521,2
30a05035,13124,9.0521,2
49b5d681,12150,9.0493,2
4049a874,12465,9.0521,2
4ab91a2,16309,9.0521,2
36b858fa,11410,9.0521,2
51de9172,14784,9.0521,2
5cd98935,12356,9.0521,2
427358d,29726,9.0521,18
5a79d37a,15892,9.0521,2
702cc27b,15473,9.0521,2
555c980d,16971,9.0521,2
45dc23b2,13863,9.0521,2
786afdd9,16791,9.0521,2
6e43d7b5,15704,9.0521,2
5f6eb680,15813,9.0548,2
7b0bdf6c,12246,9.0548,2
54a061e1,11382,9.0548,2
242eeabf,17175,9.0548,2
e5e820c,11420,9.0548,2
2b8bdc14,12659,9.0548,2
7c730fed,15897,9.0548,2
3a29ded5,422,9.0548,1
2f5b79ce,12382,9.0548,2
556fc0cb,15829,9.0548,2
20f1cd0e,616,9.0548,1
4499a29a,12355,9.0548,2
1067d83d,12548,9.0548,2
307836ce,11398,9.0521,2
1bbac192,13052,9.0548,2
27604366,11645,9.0548,2
358df656,11334,9.0521,2
3c890f0f,11442,9.0521,2
4db69016,16644,9.0575,2
4d7e63,17066,9.0575,2
5a28077a,12613,9.0548,2
2e2d8a47,15512,9.0575,2
57e289b4,12527,9.0575,2
3c375b4d,16633,9.0575,2
263e9866,12383,9.0575,2
606ca3f4,12511,9.0575,2
64835154,13856,9.0575,2
276fcb59,11694,9.0575,2
210401ca,12973,9.0575,2
40365003,16281,9.0548,2
1a955ff2,14091,9.0575,2
732b5024,15726,9.0575,2
ddcb6e4,12388,9.0575,2
54308105,16816,9.0575,2
553bc018,13436,9.0548,2
4cff024,12830,9.0575,2
7c3800eb,12250,9.0575,2
14bbf21e,16010,9.0575,2
3b9cff89,11173,9.0548,2
44d37125,11677,9.0575,2
4fe352a7,15678,9.0575,2
73602ce8,12525,9.0603,2
38000b98,11383,9.0603,2
67050fe4,15807,9.0603,2
32a61fc9,12456,9.0575,2
40d36219,12203,9.0575,2
78b7ed50,14785,9.0603,2
3782a78d,12675,9.0603,2
3558bee3,11624,9.0603,2
67c186fa,12665,9.0603,2
5156f10c,15856,9.0603,2
6ec0d1fb,11636,9.0548,2
31df19b1,12455,9.0603,2
295a6c1e,16310,9.0603,2
b461877,11857,9.0603,2
7b19005a,13893,9.0603,2
71cb07ce,15677,9.0603,2
133e49cb,15825,9.0603,2
69feed2e,423,9.063,1
52c0d5c6,12201,9.0603,2
2f8b85d3,11337,9.063,2
61681414,13649,9.063,2
f969e3,14085,9.063,2
1e70634f,13565,9.0603,2
7899854b,11424,9.063,2
4a4aeba2,16597,9.063,2
b845a43,14923,9.063,2
6b239e4b,16466,9.063,2
205e44bd,16096,9.063,2
3da931e2,14926,9.063,2
20a3ca0e,15670,9.0603,2
5785c997,11607,9.063,2
52c1476,14786,9.063,2
71fe0310,12305,9.063,2
4fb3449b,15806,9.063,2
3603e58b,17116,9.063,2
5369d899,14798,9.063,2
520eb767,12619,9.063,2
7cca621,15381,9.063,2
2e4a24ee,16975,9.0658,2
9e87174,12660,9.0603,2
33fa9cae,16596,9.0658,2
14e8a039,16056,9.0658,2
76f7e12b,11601,9.0658,2
43d67268,599,9.0658,1
9e5d64f,12306,9.0658,2
6e1d2431,15682,9.063,2
3f25b8a3,12304,9.0658,2
7612f8d5,13220,9.0658,2
51621ff6,17176,9.0658,2
56599547,15800,9.0658,2
37f9ca05,14792,9.063,2
44abcf8f,17019,9.0658,2
251e539f,483,9.0658,1
64427565,14826,9.0658,2
7eab2707,12139,9.063,2
64e648ea,15938,9.0658,2
33337d42,14390,9.0658,2
44addf1c,29774,9.0658,18
63194b91,13480,9.0685,2
356eee00,13276,9.0685,2
1d9f5c82,17169,9.0658,2
763808f4,15738,9.063,2
47a75ea8,16388,9.0685,2
15f0e710,17020,9.0685,2
74bebbaa,431,9.0685,1
1e0ca5ac,17157,9.0685,2
5c504683,16786,9.0685,2
3bcc6ac7,16595,9.0685,2
db20009,12815,9.0685,2
12f641b7,11793,9.0658,2
7668f5d6,12297,9.0685,2
2852c1c6,16777,9.0685,2
265f7aab,15740,9.0685,2
70900c59,11419,9.0685,2
6d3ff80a,16580,9.0685,2
196fbf0,12206,9.0685,2
5cc8763e,12625,9.0685,2
622ad090,11858,9.0685,2
1228fa48,13248,9.0685,2
45afaf,464,9.0712,1
1f23401f,16366,9.0712,2
2b39ad3b,15683,9.063,2
1f5cc5bc,466,9.0712,1
7e96e8ae,12142,9.0658,2
56a589c3,14147,9.0712,2
36ceb90d,14836,9.0603,2
3013a659,12634,9.0685,2
7909fb6d,12151,9.0685,2
32819f60,13689,9.0712,2
40fa7627,16581,9.0712,2
4810f362,16598,9.0712,2
651ca557,12636,9.0712,2
53f8f80a,16792,9.0658,2
6d3c078a,11676,9.0712,2
664d1e60,16778,9.0712,2
22f862ac,16983,9.0712,2
6740cf40,15815,9.0712,2
22ce4db9,15724,9.0712,2
36e2d942,16645,9.074,2
4ce82cc0,14027,9.074,2
3b6f8843,16939,9.074,2
76feabc4,14906,9.074,2
5a637080,11394,9.074,2
2ea06324,13939,9.074,2
a905df0,14927,9.074,2
2a98bd29,12195,9.074,2
4783ac07,12196,9.0712,2
6d7205a9,11706,9.074,2
2cd48ff7,15128,9.0712,2
18f10ef1,16485,9.074,2
24233840,15164,9.074,2
4bbdb818,969,9.074,2
369fb38b,15739,9.074,2
3e3c3998,12373,9.074,2
36cc417e,13913,9.0712,2
216e3891,15505,9.074,2
3e0f727,15787,9.074,2
25bbe23b,14918,9.074,2
6ef31eec,16097,9.0767,2
315c0a53,15816,9.0767,2
35818a90,16362,9.0767,2
4f511c21,14707,9.0767,2
39236f59,13692,9.0767,2
687cf4bc,15741,9.074,2
51902629,16050,9.0767,2
16e7882e,16008,9.0767,2
349c640c,15817,9.0767,2
5f95199,973,9.074,2
3bcabf37,11423,9.0767,2
3330ba28,16938,9.0767,2
1d3f0146,16385,9.074,2
6bbb7709,15345,9.074,2
41b734a8,14324,9.074,2
165c8496,13000,9.0767,2
7801b26d,14414,9.074,2
4a2744,13479,9.0767,2
734baf4e,13303,9.0767,2
53ec1ac4,12275,9.074,2
196d436b,16587,9.0795,2
4832815b,11399,9.074,2
30d8ee81,14924,9.0795,2
47bdc12c,12512,9.0795,2
216cbb62,12265,9.0795,2
42d34341,11421,9.0795,2
4252b438,15686,9.0767,2
37b5f4c5,16480,9.0767,2
30c228b9,12884,9.0767,2
781be232,12981,9.0767,2
8970855,13375,9.0795,2
6b519331,12144,9.0795,2
3c2cf7f5,12578,9.0795,2
1c8ac43c,13605,9.0795,2
4bae50e1,12642,9.0795,2
62f60e87,15672,9.0795,2
639a9278,13273,9.0795,2
5325968d,13914,9.0795,2
348a5fc3,14334,9.0795,2
7eebc64a,12635,9.0795,2
47fbb82e,13555,9.0795,2
3895dfa2,15162,9.0795,2
5e07fb34,14912,9.0767,2
7efebf28,17168,9.0795,2
645e4211,15163,9.0795,2
33cb6ab,11750,9.074,2
7220f9f7,13159,9.0795,2
139f62dc,15340,9.074,2
148f1f99,14800,9.0795,2
18138878,14838,9.0795,2
e4b0fa1,12162,9.0767,2
7b51a0de,12509,9.0795,2
29c8c596,434,9.0822,1
13b0b4ea,12533,9.0822,2
1764beac,15577,9.0822,2
41048de6,15225,9.0822,2
37258248,16817,9.0822,2
212477a2,16070,9.0822,2
13873cf4,11610,9.0822,2
7689e8df,16543,9.0822,2
6da51384,16378,9.0822,2
6f3ee0f5,11652,9.0822,2
4574117a,11418,9.0822,2
7c82c61b,15714,9.0795,2
39fec33c,16376,9.0822,2
2168660e,15590,9.0795,2
4eafca74,13153,9.0822,2
215fb5be,14391,9.0822,2
44459f2e,15483,9.0822,2
2e9d3ba3,11411,9.0795,2
adf2111,14542,9.0822,2
61b5fa6f,11845,9.0822,2
3d1b51a2,12411,9.0822,2
55cf15c0,15509,9.0822,2
12486cf9,12529,9.0822,2
28e92b06,16818,9.0822,2
5c608a5d,11422,9.0822,2
3b915632,13895,9.0822,2
6958705e,15341,9.0795,2
165d2595,12208,9.0822,2
4723bc03,11888,9.0822,2
644fb363,16379,9.0822,2
1f49f4d8,11464,9.0822,2
2ed801c5,16377,9.0822,2
51d6f806,11664,9.0822,2
bcf959b,12302,9.0822,2
5bf05f0e,13157,9.0849,2
35c8ab9c,12181,9.0849,2
533863eb,14001,9.0849,2
24ac475a,14973,9.0849,2
7d7d74ee,14253,9.0822,2
14e3c447,467,9.0849,1
224b2351,13407,9.0849,2
d19a496,465,9.0849,1
6fd38229,11740,9.0849,2
3f54a753,14088,9.0849,2
1daea9e5,15504,9.0822,2
4d38a958,13554,9.0822,2
5bfeab9d,13898,9.0849,2
4db26e08,14919,9.0849,2
dcf4e3c,16156,9.0849,2
51b95804,12143,9.0849,2
65462fe1,12816,9.0849,2
4bcac297,15346,9.0849,2
63c7e02b,14972,9.0849,2
15d627c8,15578,9.0849,2
621f25e0,16536,9.0767,2
36722765,12917,9.0849,2
2bb19546,14185,9.0849,2
2587a2f,12811,9.0849,2
f7d0f9f,13008,9.0849,2
14560bb5,12300,9.0822,2
33385f55,17008,9.0822,2
3baa2e6e,11839,9.0822,2
1404f7d1,14415,9.0877,2
73621339,13937,9.0877,2
574da543,12247,9.0877,2
26fe8a08,962,9.0877,2
15f75b79,11637,9.0877,2
76ef7925,13899,9.0822,2
19d67974,15147,9.0877,2
4c32bd06,13481,9.0849,2
1437760a,16780,9.0877,2
1eced042,17061,9.0822,2
314d6c71,16600,9.0877,2
3ce60d2c,16599,9.0849,2
dc1cd05,14092,9.0877,2
57351628,617,9.0877,1
5bb6fe8f,16286,9.0877,2
716ad789,11376,9.0877,2
f5ae391,12800,9.0877,2
14757c47,476,9.0877,1
175f2229,15826,9.0877,2
6824f2bc,17115,9.0877,2
48a2bb1,11868,9.0877,2
2a7dfffa,15745,9.0822,2
3b22f823,16606,9.0877,2
5582db04,16917,9.0877,2
1afc621a,12924,9.0877,2
4f7e1557,12367,9.0822,2
63b11f7b,12145,9.0904,2
4118b2cb,13556,9.0904,2
2028b2f2,15857,9.0877,2
a247dbe,11751,9.0904,2
32000ce6,12457,9.0904,2
593df85f,468,9.0904,1
66568a82,568,9.0822,1
df71bf4,16588,9.0849,2
68ad879a,13506,9.0904,2
5ee465d0,13181,9.0904,2
563a4a7f,15788,9.0904,2
cb4f614,15890,9.0904,2
3a3425ba,15475,9.0904,2
30087bd4,12122,9.0904,2
392964cd,16763,9.0904,2
3d3cb525,12223,9.0877,2
408b9db7,14109,9.0904,2
bddb097,14813,9.0849,2
45e4d17,12273,9.0904,2
6b24c7e4,16472,9.0904,2
619b257b,12572,9.0849,2
4194d2c2,13439,9.0904,2
5dee8962,11338,9.0877,2
10386edc,424,9.0904,1
47fcae4b,14840,9.0904,2
209976b4,14941,9.0904,2
9955e5c,12507,9.0904,2
5a089f3c,12263,9.0904,2
10dd9e95,12713,9.0932,2
78a4fcc0,12798,9.0932,2
13e319b6,16532,9.0932,2
391da0b7,12714,9.0932,2
3027d228,13271,9.0932,2
2e485a6f,14928,9.0932,2
d57ca7f,16710,9.0932,2
71d5f19a,13300,9.0904,2
4d8e0fc5,12974,9.0932,2
717284b,14266,9.0932,2
7a7078bf,16867,9.0932,2
74c8434b,16411,9.0932,2
616d4fab,16021,9.0904,2
18bfe49f,17117,9.0932,2
46389f33,16326,9.0904,2
3ff4b2cb,13340,9.0932,2
9906c65,475,9.0932,1
6eecead4,13702,9.0904,2
70435be8,11638,9.0932,2
6c2f313d,15600,9.0904,2
199bdad3,15908,9.0822,2
7657a499,12177,9.0904,2
7c2e0d72,16283,9.0932,2
751df269,15818,9.0932,2
602e932e,11889,9.0932,2
1cf26c96,14507,9.0904,2
2b1680de,11463,9.0932,2
1de0c592,15734,9.0932,2
275f5d53,16325,9.0904,2
3dcb6d6b,14822,9.0904,2
29683e1f,15237,9.0932,2
36e75b9c,15212,9.0932,2
6b8f3dd6,11682,9.0959,2
d49a5f9,14350,9.0932,2
65b9fa89,14793,9.0959,2
690e7619,15268,9.0959,2
44c94e3a,13341,9.0959,2
7b7d8763,12573,9.0932,2
3b5b9398,17122,9.0959,2
119c5bc8,12115,9.0959,2
bb8595c,13972,9.0932,2
1ce991d7,12799,9.0959,2
7b491681,13009,9.0959,2
8f8503b,13660,9.0959,2
45d0bad9,15506,9.0904,2
41c39ac1,12558,9.0959,2
1174dc07,15808,9.0959,2
223a2db6,12266,9.0959,2
6889d842,16191,9.0959,2
35c14200,11698,9.0932,2
262245b,16779,9.0959,2
3fd89347,16374,9.0959,2
71c6fe3c,14342,9.0959,2
572b738e,12652,9.0959,2
6845fa29,15693,9.0986,2
7b964b86,29788,9.0986,18
3de77dd6,14326,9.0986,2
196f4c14,11773,9.0986,2
31dcdee7,15622,9.0986,2
760ffe47,12629,9.0986,2
3f8c417b,570,9.0904,1
4058676a,12611,9.0986,2
be699da,14841,9.0904,2
39038291,32672,9.0986,9
1269266b,12251,9.0986,2
6eff58b0,11843,9.0986,2
6a05a195,14758,9.0959,2
4132efaf,13690,9.0986,2
670b6eee,14219,9.0986,2
3ad17ced,13997,9.0986,2
1f63662c,16607,9.0959,2
bcd97a8,14029,9.0932,2
41baede9,13155,9.0986,2
378df421,14333,9.0986,2
60ad029,16529,9.0986,2
2dc94c2,11671,9.0986,2
65cb33e6,13408,9.0986,2
3dbfef82,12982,9.0986,2
7669a2dc,11803,9.0932,2
6de4fb84,11689,9.0986,2
b78187e,14839,9.0959,2
627d35ad,14464,9.0959,2
37104ef4,12925,9.0986,2
7511746b,12390,9.0986,2
1fff674,14015,9.0986,2
3fe38996,15476,9.0959,2
7493ddfc,14908,9.0986,2
32c13cfd,13438,9.0959,2
41414a74,12557,9.0986,2
3360b52c,17121,9.0959,2
3f8ddc1b,17062,9.0986,2
1478b06d,17123,9.0986,2
1c014d45,14925,9.0986,2
54f8390c,15776,9.0986,2
4be397e5,15907,9.0986,2
c3ef448,17016,9.0986,2
76170f04,11683,9.0986,2
3d4ef958,12444,9.0986,2
6c7297ee,13952,9.0986,2
7a0f9440,436,9.1014,1
34aedb2a,17170,9.1014,2
7e6070de,15232,9.0986,2
655451b,15233,9.1014,2
fe7c05,625,9.1014,1
424b80bb,16675,9.0986,2
3f50feac,13652,9.1014,2
138119c0,12926,9.0986,2
606c41e1,15909,9.1014,2
211a2e5a,14787,9.1014,2
7ebc5b0f,16022,9.0986,2
46a17fea,16530,9.1014,2
5d7521e7,12559,9.1014,2
5f1410e1,13010,9.1014,2
436c4c2f,11665,9.1014,2
e7f2587,13521,9.1014,2
7a7157b6,15850,9.1014,2
59dc301,16071,9.1014,2
2431eaa9,15070,9.0986,2
5315a0b5,12172,9.1014,2
23a98186,12487,9.1014,2
4847cb39,11336,9.1014,2
6388043a,15617,9.1014,2
1d6600f6,11611,9.0932,2
5e6d69e8,15705,9.1014,2
72ac176d,11443,9.1014,2
4c40402,12852,9.0959,2
5aa1f0bc,13376,9.1014,2
495fdd0d,32671,9.1014,9
27ce7974,13926,9.1014,2
a82bccb,16284,9.1014,2
1887c589,14332,9.1014,2
3c47268f,13861,9.0986,2
6896edaa,12847,9.1014,2
776d6097,13458,9.1014,2
1c5c3f28,14761,9.1014,2
5160587e,14942,9.1041,2
54967f83,15831,9.1014,2
bb22306,12178,9.1041,2
1747933f,13390,9.1014,2
44b78a01,14771,9.1014,2
4d08a799,13130,9.1041,2
23ba9f73,16057,9.1041,2
25086c63,11341,9.1041,2
398a3211,13745,9.0986,2
53d25a74,16828,9.0986,2
12ff8074,12579,9.1041,2
311024c7,13001,9.1041,2
6a60f7a8,11469,9.1014,2
1d56ac90,13056,9.1041,2
e92c1f4,13386,9.1041,2
75241f91,12535,9.1041,2
1bb6dd61,13482,9.0932,2
7686a408,12114,9.0959,2
5e9cb464,13272,9.1041,2
274aeea2,14508,9.1041,2
b91f0b1,13301,9.1041,2
26e16977,12413,9.1041,2
65043f47,14699,9.1014,2
5e808817,12666,9.1041,2
105073d6,16918,9.1041,2
3a2f27dc,15565,9.1041,2
5a90ef0e,15440,9.1014,2
77979ffa,14742,9.1014,2
20ce9ad6,12663,9.1041,2
33ad7848,13216,9.1041,2
69378e1a,14254,9.1041,2
3402f4ad,13862,9.1041,2
7f21c598,16676,9.1041,2
27168d0c,17063,9.1041,2
41ff0997,13380,9.1041,2
5180b5cb,13277,9.1014,2
207ca766,12128,9.1041,2
33113088,12182,9.1041,2
65c66790,14122,9.1041,2
313ca80e,11646,9.1041,2
74be6ed8,13416,9.1041,2
4e9185b7,11846,9.1041,2
21419251,14125,9.1041,2
183d8112,12626,9.1041,2
4c1536c3,12620,9.1041,2
4b5a4937,16303,9.1041,2
e241656,12398,9.1068,2
2082ee5a,13970,9.1041,2
9a4c1d6,13413,9.1068,2
7de5e4e1,15069,9.1014,2
182366b0,11742,9.1068,2
1a98772,12209,9.1068,2
2e2c4ce0,11340,9.1068,2
7cbc7728,13896,9.1068,2
7fa998e9,16311,9.1068,2
32f60279,11695,9.1068,2
1173b00,13484,9.1068,2
7e71038b,15671,9.1041,2
60f539bc,12722,9.1068,2
616b2e5a,14762,9.1068,2
52b68c4e,13012,9.1068,2
50d1a9ab,14741,9.1068,2
26ca8561,14202,9.1068,2
1e6b761c,1054,9.1068,2
243412e6,11715,9.1068,2
78595d63,12399,9.1068,2
25982f32,14267,9.1041,2
578b576d,13693,9.1041,2
12151016,13250,9.0986,2
2095e572,11392,9.0986,2
268bfb16,16765,9.1041,2
4410bfed,14187,9.1068,2
492db83d,12522,9.1068,2
f2ab08f,12222,9.1068,2
730284ae,12276,9.1068,2
7c3351c9,17026,9.1068,2
3d1d6675,15213,9.1041,2
19d5cdbb,13454,9.1068,2
7e150ddb,16153,9.1068,2
184ea6c9,13483,9.1068,2
4e36557b,29729,9.1068,18
2f14502a,16541,9.1068,2
4281c3ef,13651,9.1068,2
3e60cb49,16542,9.1068,2
8e714ef,11741,9.1041,2
42e2be9,13158,9.1096,2
4b33ed2b,15510,9.1096,2
5ff90d9,14465,9.1068,2
712f15cd,11678,9.1096,2
41df376b,16610,9.1096,2
385f0ed1,12536,9.1096,2
46a81b9d,432,9.1096,1
1cff28cd,12397,9.1096,2
1577c7e2,12534,9.1096,2
2d2bde48,16098,9.1096,2
442fcd0a,13606,9.1068,2
6dc264ba,15715,9.1041,2
81e908f,13700,9.1096,2
237d0eb9,15789,9.1096,2
50574d00,14111,9.1096,2
2ece0404,14186,9.1041,2
52a863ba,15674,9.1068,2
5dedc32,12630,9.1068,2
196ba790,12179,9.1096,2
733ec6f0,12653,9.1096,2
2b16faaa,16015,9.1096,2
3ab111c9,15917,9.1068,2
19eee989,11640,9.1068,2
2d0e12b7,16781,9.1096,2
526729b4,16634,9.1068,2
74bd96d5,14154,9.1096,2
3caa111f,16024,9.1096,2
364d762d,12538,9.1096,2
40a34941,15592,9.1096,2
3ebe2c33,14907,9.1096,2
2cbcf741,13030,9.1041,2
7839663d,12412,9.1068,2
7d35368c,15507,9.1041,2
20f31837,16605,9.1096,2
4cbdc7df,12391,9.1096,2
7f8658fb,11684,9.1068,2
563f9c59,15906,9.1096,2
2b5390d1,13113,9.1123,2
1359172c,15347,9.1123,2
3f5566f0,16650,9.1096,2
31f8b9a7,16217,9.1068,2
7c746ee3,14123,9.1123,2
4b96aca4,484,9.1123,1
102d328d,15801,9.1123,2
4492d59,14112,9.1123,2
646c84ae,13661,9.1123,2
5b7e8010,14940,9.1123,2
3bb0fdb6,12996,9.1123,2
45bd95e8,13938,9.1123,2
1d856890,11642,9.1123,2
3c7d7e88,17060,9.1123,2
3c34c45d,12357,9.1068,2
55d320,12997,9.1096,2
7eb0b69c,14759,9.1123,2
643c833b,16647,9.1123,2
4a5e804f,14799,9.1068,2
13c96bbf,13249,9.1123,2
46bb123c,11650,9.1123,2
68362b0c,11641,9.1123,2
6813586a,12577,9.1123,2
56f1f1df,12857,9.1096,2
ebdec2d,12637,9.1096,2
570ac8bd,14392,9.1123,2
25280a3e,12163,9.1123,2
7c0e784d,15387,9.1123,2
25080d6f,13011,9.1123,2
1d332f65,11342,9.1123,2
1cfd535e,11699,9.1068,2
fd0d11d,12631,9.1123,2
79e1d305,12400,9.1096,2
76220064,12846,9.1123,2
726e41c2,16160,9.1123,2
d63f07e,13559,9.1123,2
4ff8b72,16972,9.1123,2
73f11913,11894,9.1123,2
15b60629,16984,9.1151,2
6d0a88df,14544,9.1151,2
16482dec,12239,9.1151,2
33eaf642,12530,9.1151,2
17305b76,15258,9.1123,2
2ec5753f,12520,9.1151,2
79351a46,11667,9.1151,2
1d89bbc4,11651,9.1151,2
877b8e8,12821,9.1151,2
14fc853b,16538,9.1151,2
d1e5854,12170,9.1151,2
97fc5c6,15618,9.1123,2
5ca8949b,12539,9.1151,2
caf5351,11716,9.1123,2
3b5a4c19,15694,9.1151,2
39aa1ad4,12370,9.1123,2
4689294d,13940,9.1151,2
5e9d614b,15819,9.1151,2
2f1d147e,12984,9.1123,2
28de8412,12654,9.1151,2
2898cb30,16157,9.1123,2
414b4767,14030,9.1151,2
4e87dd42,12274,9.1151,2
7ba56ae0,16582,9.1151,2
27878f92,15847,9.1123,2
3c6c947a,13459,9.1178,2
4cf13378,13125,9.1178,2
1c53b26c,11377,9.1123,2
733456b,14929,9.1178,2
5fa4ceb3,16195,9.1178,2
1a8b5ccc,11794,9.1178,2
1b4a4d23,11643,9.1178,2
6cf4b3c,13894,9.1178,2
7f67dc00,13798,9.1178,2
3f4a921c,14335,9.1178,2
7620f383,12129,9.1178,2
a4ad0d0,11700,9.1178,2
4b0c8a45,14325,9.1151,2
203d3b4a,13417,9.1178,2
6437bbb1,16051,9.1178,2
51706825,15940,9.1178,2
de0ee8b,14191,9.1178,2
221103d0,29730,9.1151,18
1a5cc796,17177,9.1096,2
6b3f8bb3,11890,9.1178,2
395ce7b1,13368,9.1178,2
3342d2a7,13516,9.1178,2
19e7589c,15262,9.1151,2
e923a00,11465,9.1178,2
50ad250c,14124,9.1123,2
755f0254,12794,9.1178,2
56df87db,12889,9.1151,2
4982f53a,17241,9.1178,2
70be3c43,13486,9.1178,2
7dfecda2,14541,9.1178,2
57b56c99,17067,9.1178,2
9c06870,16579,9.1178,2
89d112f,16602,9.1178,2
3055e43,12564,9.1151,2
7f282b1e,14184,9.1178,2
75a15f63,16072,9.1178,2
35ec480f,11688,9.1178,2
7a386f02,12384,9.1178,2
4afb855c,13346,9.1178,2
30e169f,15939,9.1123,2
15553c91,14708,9.1178,2
3c8b8f3e,12574,9.1178,2
245236a,15612,9.1178,2
7de02e06,11892,9.1151,2
41ed249f,13897,9.1178,2
217fb1e3,14974,9.1205,2
af6b0a1,14700,9.1205,2
a8a88d5,17158,9.1205,2
7666079c,12488,9.1205,2
5e071c13,15591,9.1205,2
68881564,12197,9.1205,2
7a3265be,12371,9.1178,2
2ab5e99,14188,9.1178,2
5c39a239,16467,9.1205,2
29485b35,14201,9.1151,2
1a2504c5,13558,9.1205,2
7c247416,16551,9.1151,2
24a3b29d,15554,9.1205,2
359ae45a,16573,9.1205,2
72bdd00,15593,9.1205,2
58f09d37,13662,9.1205,2
617efbee,14327,9.1205,2
3a46baf,12180,9.1205,2
5a3e6506,13522,9.1205,2
6fb4253,15735,9.1205,2
104c68e9,15949,9.1205,2
3015805c,13074,9.1205,2
192ad50d,13900,9.1205,2
312c89b6,13251,9.1205,2
451ff5a1,16132,9.1178,2
3667d6cb,11690,9.1205,2
2a6ca73b,16109,9.1205,2
65219dc6,16099,9.1205,2
5f29ce3e,16766,9.1205,2
57f09a9e,14930,9.1205,2
18eaba24,12580,9.1205,2
71ccdb52,13391,9.1205,2
6085a36b,12638,9.1178,2
66609777,13560,9.1205,2
3372f18f,17171,9.1178,2
7e04565f,14086,9.1178,2
69850486,15832,9.1233,2
24d67c26,12414,9.1233,2
8c0fba,14126,9.1233,2
5c66075a,13905,9.1233,2
7b565933,13073,9.1205,2
aa6f1ae,12415,9.1233,2
6ab7ce9f,16486,9.1233,2
6074844,15623,9.1233,2
2f63bc49,433,9.1205,1
12f5038a,17210,9.1233,2
2b18b45c,12423,9.1233,2
46e2f47d,13672,9.1233,2
7a1bc18d,15054,9.1233,2
4b24e09a,17120,9.1233,2
4828bb73,15820,9.1233,2
727b18af,13055,9.1233,2
23eb4b81,12210,9.1233,2
758e1d8,11466,9.1233,2
1179fcb6,16052,9.1233,2
2032fee8,14157,9.1233,2
597c0e2c,11859,9.1178,2
19ea62fa,12171,9.1233,2
22fce58d,13112,9.1233,2
7e5d476b,16367,9.1233,2
7ef8a2b0,619,9.1233,1
158e8a84,14518,9.1233,2
2cbaeb77,11679,9.1233,2
660da1a8,29786,9.1233,18
2398f069,12252,9.1233,2
42238434,17178,9.1178,2
4e5f4491,12267,9.1233,2
789e19d0,17043,9.1233,2
39393e54,15430,9.1205,2
3232c83a,14189,9.1233,2
56cd7dad,12885,9.1233,2
8915164,12521,9.1205,2
782a05bc,17160,9.1233,2
5c7d619b,12541,9.126,2
61605fac,15433,9.126,2
7bd9de19,14028,9.1233,2
63f83895,11778,9.126,2
4bd7c6b3,15950,9.126,2
7c1117eb,13378,9.126,2
1fefbafa,15790,9.126,2
3df11502,11612,9.126,2
4866ae51,15910,9.126,2
3c3c46f9,11468,9.126,2
5e6603ee,16159,9.126,2
6b8a4425,14113,9.126,2
e7fff6,11795,9.126,2
16e37b23,13409,9.126,2
48b6fc88,14127,9.126,2
45296e1b,11343,9.126,2
13f30e05,11412,9.126,2
2621ff03,11613,9.126,2
38285ec3,13252,9.1233,2
1fb32c8e,12173,9.126,2
12846638,12582,9.126,2
6d299a5c,14155,9.126,2
4459a91d,13154,9.126,2
42883a44,15851,9.1233,2
738c318b,12298,9.126,2
5256bedc,16891,9.1233,2
5897affd,12369,9.126,2
4a85dd0d,14933,9.126,2
2dc23adf,11668,9.126,2
38f343a7,14416,9.1233,2
186e319,15706,9.126,2
640b4c93,16518,9.1233,2
8298aa,15579,9.1205,2
3caa5ea7,13879,9.126,2
a02fc00,15484,9.126,2
34535607,14975,9.126,2
2080cfef,12969,9.1233,2
4e31f23e,16985,9.1233,2
534ef504,12627,9.126,2
7d837204,13743,9.1288,2
5b5a35ec,13108,9.1288,2
1abb9cbb,13941,9.1288,2
3e79ac3d,626,9.1288,1
55c11313,12848,9.1288,2
580ceaa4,16312,9.1288,2
5273411c,15926,9.126,2
14eb41ad,12561,9.1288,2
67001f49,14760,9.1288,2
10555176,16165,9.1288,2
644c5849,16795,9.1288,2
39e03a39,13410,9.126,2
55ec756a,16611,9.1288,2
7f5f9693,13302,9.1288,2
6f085040,13185,9.1288,2
5da09b15,12493,9.1288,2
161f07e4,14772,9.1288,2
65a9436a,485,9.126,1
53583d90,13253,9.1288,2
56aee3b6,16219,9.1288,2
7e7fedeb,14467,9.1288,2
27deb902,13443,9.1288,2
8c31c80,14874,9.1233,2
48123a96,14192,9.1233,2
1ae504b5,11395,9.126,2
1bf4a2b7,15129,9.126,2
49301e62,14913,9.1288,2
59873cd8,12268,9.1288,2
4a8811af,15336,9.1288,2
552aad32,14848,9.1288,2
3ea53dfa,16133,9.1288,2
1ca07afb,11649,9.1288,2
7ca1f44b,13922,9.1288,2
3dca92fd,13776,9.126,2
3d09eb4b,16552,9.1288,2
22e129b3,15777,9.1288,2
51118208,14343,9.1288,2
3825bfad,14931,9.126,2
4a844851,13734,9.1288,2
2936570f,16871,9.1288,2
61035c03,15602,9.1288,2
3c5f93e9,12628,9.126,2
29129b18,15621,9.1288,2
2648c5a1,13935,9.1288,2
41bc88ab,15100,9.1288,2
29c4bfda,16897,9.126,2
3a2437db,11701,9.1288,2
7a243bad,16154,9.1288,2
47d3a5aa,16979,9.1288,2
620f842b,13650,9.1233,2
790efd5e,11666,9.1315,2
22ac4881,15864,9.1315,2
6a32213c,14698,9.1315,2
7d5cd3c,14583,9.1315,2
7888578b,15688,9.1315,2
66b8aa6d,15228,9.1205,2
68d24fe9,17047,9.1315,2
28fafa32,14850,9.1315,2
584e734e,14816,9.1315,2
12f4c4a9,17118,9.1315,2
7b0d568c,13131,9.1315,2
31bcef58,15954,9.1315,2
629bdf57,15601,9.1288,2
4b6b5381,12612,9.1288,2
66325807,11623,9.1315,2
34bf0bb4,16285,9.1315,2
da5006,629,9.1315,1
564aa96a,16531,9.1288,2
472c1f79,16764,9.1315,2
b025e83,15395,9.1288,2
169a9c1f,16373,9.1315,2
590a7585,12581,9.1315,2
589fb8d9,12861,9.1315,2
5a889637,16793,9.1315,2
7d789dc8,13195,9.1315,2
641722a2,12833,9.1315,2
6e3bc5f8,11895,9.1288,2
701cdf26,17195,9.1315,2
43ff883e,11898,9.1315,2
49339a30,14511,9.1315,2
146cb386,14809,9.1315,2
24c8b0f6,15335,9.1315,2
1446930,15263,9.1315,2
1de448f6,12795,9.1315,2
5740e804,17282,9.1315,2
32bbbea6,15382,9.1315,2
670c50db,12544,9.1315,2
160d3f3f,11608,9.1315,2
77237208,16413,9.1315,2
1802bcc4,12540,9.126,2
1d0dbd97,17128,9.1288,2
62869dce,15446,9.1315,2
a6da66e,16011,9.1342,2
e5900a4,15463,9.1315,2
255029c2,16348,9.1342,2
3b06937,14346,9.1342,2
73a19dd3,11882,9.1342,2
251f1684,14031,9.1342,2
1e582b9a,14347,9.1342,2
62ff4299,12372,9.1342,2
63057ea3,14348,9.1342,2
63fc4a25,12211,9.1315,2
1ccc1c8c,16986,9.1342,2
413a92a7,12896,9.1342,2
9021c45,13347,9.1288,2
7a9f0168,11893,9.1342,2
8aed222,12214,9.1315,2
747a87c7,16782,9.1342,2
61c09c45,16558,9.1342,2
7839540c,12123,9.1342,2
6f3ae20,17076,9.1342,2
678b6eb,12336,9.1342,2
275e1e40,627,9.1342,1
261c5d5c,11425,9.1342,2
43dbdf6e,14801,9.1342,2
2dc7a67f,14468,9.1315,2
71707a2d,1053,9.1342,2
6a45b2a,11659,9.1342,2
32fc5506,14512,9.1342,2
764e18b8,14417,9.1315,2
6bf399b0,12679,9.1288,2
1e04c3ff,16651,9.1288,2
19a037f1,16648,9.1342,2
492405a6,15513,9.1288,2
4fa94fe2,15791,9.1342,2
74b38e62,16919,9.1342,2
38e071be,15736,9.1315,2
20e7c6ec,12240,9.1342,2
7b8108cc,15105,9.1342,2
4907ee63,11810,9.1315,2
5942173c,12855,9.1342,2
77829b4b,12812,9.1342,2
69cce3f1,13133,9.1342,2
464f6757,14519,9.1342,2
1fce7c5d,15580,9.1315,2
1408dd26,12726,9.1342,2
2f274c33,16684,9.1342,2
7082d2c4,12225,9.1342,2
13b9575c,13709,9.137,2
1de4fdb1,12213,9.137,2
17d6bed6,13218,9.137,2
4e8c08c7,14462,9.137,2
74bf7dd2,15432,9.1342,2
19c6d88a,14951,9.1288,2
277e07e7,14220,9.137,2
31d33e0c,13916,9.137,2
5fc3dd0,13508,9.137,2
2b18c798,14221,9.1342,2
24c67ec4,13523,9.1342,2
73d01484,12476,9.137,2
1726a593,13628,9.137,2
7aef84e8,14994,9.137,2
16db5401,13059,9.137,2
6d48f52f,13942,9.137,2
8a4eff3,16841,9.137,2
1e4fb836,15264,9.137,2
3c678c51,15624,9.137,2
3a2987f1,13694,9.137,2
3a6d970e,11414,9.1342,2
10e2fc16,15915,9.137,2
730f6834,13749,9.137,2
730a7700,17024,9.137,2
5ea709f,12377,9.137,2
26f3e78,15474,9.1315,2
aa9a8c9,13062,9.137,2
2abb6ceb,15680,9.137,2
7c839fab,13057,9.137,2
7e4e2bd,12709,9.1342,2
404ced68,15141,9.137,2
34f63311,14560,9.1342,2
31e10dbe,13394,9.1342,2
517fb2ee,14230,9.137,2
5843f0e9,16391,9.137,2
ac1d5ef,16787,9.137,2
71ae5376,11625,9.137,2
56aec786,14545,9.137,2
6f1bac10,15852,9.137,2
43df9bdf,14128,9.1342,2
40695531,15388,9.137,2
ce0ebb8,13999,9.137,2
605b384d,15396,9.137,2
6d2c0b84,16214,9.137,2
28839c0b,15960,9.137,2
67e60bcd,17127,9.1397,2
5e46de2c,17211,9.1397,2
3f8d07f4,16592,9.1397,2
1f8eef3d,11329,9.1397,2
5d3d15d9,16187,9.1397,2
1273a763,12865,9.1397,2
41cca51e,16100,9.1397,2
1aec8962,11719,9.1397,2
451c7e83,13164,9.137,2
2d436fb2,29727,9.137,18
5e8c682f,15971,9.1397,2
455c9a20,14282,9.1397,2
4a9b7557,13023,9.137,2
6c55f2e1,12975,9.1342,2
52047356,14520,9.1397,2
8f550b7,15802,9.137,2
5a5d3e26,11445,9.1397,2
7bf122d7,14421,9.1397,2
7cd9469c,12333,9.1342,2
6a51d133,15964,9.1397,2
44f3cdb9,15409,9.1397,2
2950f462,11327,9.137,2
1a4f5360,14763,9.1397,2
685a3d64,12639,9.1397,2
ce6a115,17247,9.1397,2
22bbb70f,13586,9.1397,2
428f246b,12856,9.1397,2
7b878043,13180,9.1397,2
fbb5d45,15023,9.137,2
4250782f,15101,9.1397,2
c8bb263,16601,9.137,2
3d2caca5,17215,9.137,2
6bb6b17,13061,9.137,2
41f9661b,16287,9.1397,2
29ff0b,13717,9.137,2
58b8322f,14345,9.1397,2
50619fc,15835,9.137,2
6ddd53df,16539,9.1397,2
f457ef9,12531,9.137,2
40db09bd,16950,9.1397,2
59eb62c3,14939,9.126,2
6c9759fb,14851,9.137,2
48014026,15822,9.1397,2
500f2e7a,13930,9.137,2
52f0a3c2,15532,9.1397,2
4fe70e6,15102,9.1397,2
2d1ff2c3,11426,9.1397,2
463c002f,15063,9.1397,2
6f699a6c,14983,9.1397,2
3850daf0,12918,9.137,2
4fdee45c,15717,9.1342,2
69c5b8f0,13214,9.1397,2
4adce55e,14395,9.1397,2
3c30a983,14549,9.1397,2
74e531af,12492,9.1397,2
4c21d76b,15708,9.1425,2
8e7f427,13704,9.1425,2
5d496582,16819,9.1425,2
25bc1670,15488,9.1425,2
21b931d,16646,9.1425,2
3a5139c4,13796,9.1425,2
d20a465,13587,9.1425,2
486a2c27,14513,9.1425,2
563c9cbe,11755,9.1425,2
794b0e20,15165,9.1425,2
4ae797d4,11840,9.1425,2
426c0161,13971,9.1397,2
5bfe161f,13278,9.1425,2
43229306,16012,9.1425,2
7a65394e,13517,9.1397,2
22df4cce,15399,9.1425,2
6607bebe,14474,9.1425,2
5a182f57,14349,9.1425,2
2466354e,14921,9.1425,2
cca58e1,15893,9.1397,2
7436d791,15477,9.1397,2
5ea9230,12860,9.137,2
5616648a,17064,9.1425,2
8c523f9,14224,9.1425,2
5fa53256,15245,9.1425,2
e0f4080,14352,9.1397,2
6b5847ff,15099,9.1425,2
4aa37b86,11401,9.1425,2
3c62c706,13507,9.1425,2
9ea07af,13134,9.137,2
4127048,477,9.1397,1
481d9b4a,12543,9.1397,2
61d35a09,16487,9.137,2
30fd62fe,13917,9.1425,2
1a0dc910,13936,9.1397,2
3eeed6d0,16839,9.1425,2
3c447008,15809,9.1425,2
4516d016,16395,9.1397,2
1e27a0d8,16162,9.1425,2
6a96bf45,17181,9.1425,2
2206bc91,13901,9.1397,2
51635ea7,16058,9.1425,2
35a36507,17119,9.1425,2
de64ad4,15229,9.1425,2
72e11533,14713,9.1425,2
2d52f0bd,14943,9.1425,2
3a2723b2,14466,9.1425,2
71fac437,15508,9.1425,2
4a363ea3,13364,9.1425,2
b481fb6,13387,9.137,2
3125d17a,16898,9.1425,2
329c4e5f,14854,9.1425,2
1560ef47,16025,9.1397,2
5e9ef7f2,17017,9.1425,2
428ca749,12858,9.1452,2
41af535a,14946,9.1452,2
11911386,15877,9.1452,2
399dc24,16473,9.1452,2
2a119ac2,15348,9.1452,2
78ba2de2,13411,9.1452,2
119f3959,16533,9.1452,2
80b15cf,11718,9.1452,2
45be8016,15214,9.1425,2
635fc5e9,13927,9.1452,2
be26d2a,13465,9.1452,2
5b97b4f4,12853,9.1452,2
6a9831a0,15431,9.1425,2
77d21e7f,947,9.1425,2
7775d197,13369,9.1452,2
6f66696e,13186,9.1425,2
9b05062,12523,9.1452,2
7baee16a,486,9.1397,1
275fca68,16784,9.1452,2
2ce7bda1,15270,9.1452,2
7d96d5a5,16110,9.1397,2
71bfdecc,11470,9.1452,2
286a5619,14459,9.1452,2
39f1fc00,13193,9.1452,2
7d47c444,15684,9.1452,2
7679f6b,16829,9.1425,2
31c0727b,15595,9.1425,2
4ad10328,13750,9.1452,2
9779bd2,14293,9.1397,2
32d0c150,13418,9.1452,2
313edb,14396,9.1452,2
42bba5b6,17009,9.1452,2
590d6689,17081,9.1452,2
77a71f38,12801,9.1452,2
43c98add,13744,9.1452,2
196acbcc,12307,9.1452,2
4a07b399,14222,9.1452,2
558e297a,14797,9.1452,2
2934be85,15823,9.1452,2
28708085,11791,9.1425,2
1a9fb22c,13607,9.1452,2
158f5cc0,12694,9.1452,2
62e3be93,15057,9.1452,2
46829e4c,11897,9.1452,2
36b728a3,14602,9.1425,2
2220b09,14875,9.1452,2
21eb4a62,12724,9.1452,2
4eed7bc3,15337,9.1425,2
310543ab,16830,9.1452,2
6a245b5a,11881,9.1452,2
2cde33a4,17082,9.1452,2
6327db39,17069,9.1479,2
18e42565,13215,9.1452,2
3df266d9,16557,9.1479,2
267172d7,12532,9.1452,2
7b529b33,15369,9.1479,2
42244631,15056,9.1479,2
6cce2402,596,9.1479,1
41840486,14294,9.1479,2
5772990f,15727,9.1479,2
2e609486,16920,9.1479,2
4e155ab5,13254,9.1479,2
53e69941,13928,9.1479,2
32a7178f,11707,9.1479,2
1f054227,12212,9.1479,2
18c971f9,15514,9.1479,2
7c6d50a7,13064,9.1479,2
1ba6f2fa,13065,9.1479,2
11b7856e,13060,9.1479,2
6173c1c2,15151,9.1452,2
42227818,16544,9.1479,2
545ce093,17029,9.1425,2
7841f9c0,14872,9.1479,2
55709f53,13748,9.1479,2
443df5d,15687,9.1479,2
37a8ff3e,29785,9.1479,18
778be940,16559,9.1479,2
40509ff2,11413,9.1479,2
64bcbc1b,12702,9.1479,2
118b0aac,13282,9.1479,2
3c3e501c,15967,9.1479,2
b2896f7,13156,9.1479,2
7b89d9a3,12640,9.1479,2
16ebbaf,13281,9.1479,2
3f62762f,14114,9.1479,2
7675c505,15793,9.1479,2
39256a12,17025,9.1479,2
1a4033d9,17065,9.1479,2
c54e854,17027,9.1479,2
20ab34ff,13213,9.1452,2
78ae8002,15794,9.1479,2
6ac900ff,15746,9.1479,2
417453ba,15243,9.1479,2
4273bda9,16342,9.1397,2
38018ba7,14932,9.1479,2
34a3a235,16288,9.1479,2
164f82a6,12998,9.1479,2
75c5fa56,15152,9.1479,2
412d0bfa,29775,9.1452,18
6836bbe0,14709,9.1479,2
2864ef2,13519,9.1452,2
584b13be,13381,9.1479,2
6b80d2a2,15410,9.1479,2
7110a196,12401,9.1479,2
2ca4edef,12565,9.1479,2
1c65d757,15951,9.1479,2
685bff87,16114,9.1479,2
631bacf6,12715,9.1425,2
517600ad,11331,9.1507,2
524a74c4,13456,9.1507,2
655a0ecd,13954,9.1507,2
5b18628c,16616,9.1479,2
3a8a722a,12494,9.1507,2
3be7ddeb,11430,9.1479,2
1ede99f9,16845,9.1507,2
5378a459,14032,9.1479,2
e7e903c,14205,9.1452,2
16ea8f7d,12863,9.1507,2
5d9a41cf,13441,9.1507,2
7a152625,11444,9.1507,2
90b62b,15918,9.1479,2
42435023,15260,9.1507,2
78c40137,15411,9.1507,2
70fa17ca,623,9.1479,1
2bb33404,13616,9.1507,2
2e97eeb7,15227,9.1507,2
768d710e,13135,9.1507,2
2e980b51,15941,9.1425,2
1cb91992,13563,9.1507,2
d4abee4,12977,9.1507,2
1052ab42,12871,9.1507,2
7efef89a,15385,9.1479,2
2adf1b5e,12497,9.1507,2
43c48d23,16475,9.1507,2
72ba2d7f,12748,9.1507,2
77b790d1,16319,9.1507,2
7e848c95,11804,9.1507,2
2cd36df0,11686,9.1479,2
67d4ff2d,14559,9.1479,2
fa16cc0,16794,9.1507,2
445b54fd,16101,9.1479,2
1ee198c7,12866,9.1507,2
29eaca06,14543,9.1507,2
2da97497,14292,9.1507,2
33cb3163,13343,9.1507,2
21fea07d,16196,9.1479,2
5ebbf4be,16200,9.1507,2
24975de5,14000,9.1507,2
38d03e32,12706,9.1507,2
6d3ff18,17129,9.1507,2
74cf578,15521,9.1507,2
3ed47a0d,16290,9.1507,2
3e2dd4f5,12664,9.1479,2
271fd717,11891,9.1534,2
5552d47a,14213,9.1534,2
74353a3b,13799,9.1534,2
6cce53c9,13255,9.1507,2
479811b9,435,9.1425,1
5a811f55,12575,9.1534,2
adbf28c,16635,9.1534,2
53253baf,12227,9.1534,2
3bea7ec9,13629,9.1507,2
5437fdab,13931,9.1534,2
69e3bcf,13630,9.1534,2
48515a50,600,9.1534,1
5304f602,15718,9.1507,2
2986478e,14743,9.1534,2
42b73db0,13518,9.1534,2
3580266a,15511,9.1534,2
4140623e,14944,9.1534,2
5ae1f7af,13221,9.1534,2
21c00bfe,15261,9.1507,2
1221aad4,16574,9.1534,2
15c7dada,13191,9.1507,2
57541bce,29787,9.1534,18
5846ab25,12818,9.1534,2
290da74e,16840,9.1479,2
2ddd204,618,9.1534,1
23e3b65a,16437,9.1534,2
8d9b9f6,13908,9.1534,2
13aebc39,15226,9.1534,2
5f915b7f,15259,9.1534,2
7f244948,14050,9.1479,2
1385e95a,16677,9.1534,2
2d6adc16,16158,9.1507,2
182f5a48,11332,9.1534,2
6839d644,15148,9.1534,2
358aac02,12813,9.1534,2
9795cd0,16448,9.1534,2
73af65cc,11909,9.1534,2
7208bb85,15641,9.1534,2
54a5d876,16488,9.1479,2
342f945c,13285,9.1562,2
7773c1d5,15384,9.1562,2
7760dccc,13455,9.1562,2
4010882d,14790,9.1534,2
3a8c9e31,16163,9.1562,2
72c96048,16398,9.1562,2
1b5d6aad,11639,9.1479,2
16bb8c5,15515,9.1562,2
38195380,14952,9.1562,2
51704fbb,16194,9.1534,2
1212418c,15034,9.1507,2
d8178c0,14806,9.1534,2
7f76afa3,12375,9.1562,2
3da41e4f,16396,9.1562,2
661fd307,15391,9.1562,2
6e7a83d7,13998,9.1534,2
683ba1a0,16519,9.1562,2
22fa00b3,15042,9.1534,2
3fb134c5,11753,9.1562,2
5ef6cdf,16349,9.1562,2
30ecfb63,15390,9.1562,2
5b629076,11644,9.1562,2
42e19a55,15679,9.1562,2
744089d0,12226,9.1562,2
ab79a13,16199,9.1452,2
bf8cdf8,16368,9.1562,2
5dd74fc5,15538,9.1562,2
132a4518,15516,9.1562,2
7f38057f,16369,9.1562,2
635450a4,15149,9.1562,2
41070c5,13274,9.1534,2
558529df,14475,9.1562,2
32cbedcd,15730,9.1562,2
20ce8b2,12566,9.1562,2
73087c09,15699,9.1562,2
3298d3bc,12971,9.1534,2
4e2fcfe1,12717,9.1562,2
2367e66c,15765,9.1534,2
26dca8e7,13915,9.1562,2
13bf2e3d,14129,9.1534,2
674e0ac5,12669,9.1562,2
572e910a,13864,9.1562,2
3c0ebfb8,13680,9.1562,2
4be64905,16382,9.1562,2
21425882,13132,9.1562,2
15c8074f,14945,9.1534,2
6c9fda92,12949,9.1562,2
5faa19cb,15170,9.1534,2
62e8a76f,11754,9.1562,2
288e36d,11869,9.1562,2
57af6e0c,13109,9.1562,2
891c1cb,16135,9.1589,2
4a9d5805,12583,9.1562,2
f4b59b0,11862,9.1589,2
2338995b,15389,9.1562,2
4b89e47a,13042,9.1562,2
55113f60,16344,9.1589,2
756c08b7,15186,9.1589,2
203f4973,12928,9.1562,2
472afe6e,12376,9.1589,2
1b9c33d4,15961,9.1589,2
e20b9a0,13275,9.1589,2
548e1dc6,14715,9.1562,2
3133cb27,11479,9.1589,2
44c750b7,17124,9.1562,2
3ebfc968,15455,9.1589,2
35599aa6,13562,9.1562,2
119dd1e6,14702,9.1589,2
6fa1698a,15342,9.1589,2
2f95099f,15596,9.1589,2
7cc49c54,15038,9.1589,2
55a70c76,16060,9.1589,2
56e02a61,15064,9.1589,2
298dc3ba,16218,9.1589,2
4d840238,12174,9.1562,2
1dbeabfe,15053,9.1534,2
5ae92be0,12927,9.1589,2
37116747,12817,9.1589,2
2ccfa750,13703,9.1589,2
44c6086c,15878,9.1589,2
57e39d3f,12728,9.1589,2
6bf4f3db,17266,9.1589,2
3ad03cd2,12864,9.1589,2
4e21d68c,15244,9.1589,2
5e0b012,16302,9.1589,2
49c6e15e,13440,9.1589,2
4479702d,12368,9.1589,2
3c4103b,12886,9.1589,2
724b6218,13751,9.1534,2
329e4f6b,17083,9.1562,2
327e090a,16848,9.1589,2
413f517f,17034,9.1589,2
4c4cc20a,13002,9.1589,2
653e3239,11685,9.1589,2
251bcce2,13617,9.1589,2
676fb712,13137,9.1589,2
4d196567,14148,9.1589,2
59222907,15861,9.1589,2
2225821d,16973,9.1562,2
62af32eb,12175,9.1589,2
3e5c0e5b,13654,9.1534,2
767e6286,14170,9.1589,2
7845233e,11774,9.1534,2
47c9e82,12677,9.1616,2
365f14c,17022,9.1589,2
5d1509ad,17161,9.1616,2
587a3adb,16073,9.1616,2
9f7be39,11609,9.1616,2
2534d1da,16849,9.1616,2
5099fcb0,14212,9.1616,2
59bcb89a,13760,9.1616,2
6d8ed3e2,17145,9.1616,2
193ecc6d,12277,9.1616,2
6e377588,11805,9.1616,2
71d46882,12877,9.1616,2
4d90764a,12134,9.1616,2
561aadd9,12133,9.1562,2
237740d,15144,9.1616,2
3d419a7,15397,9.1562,2
5196e127,13377,9.1616,2
6a334195,15138,9.1616,2
1f7aef79,11709,9.1616,2
1c0ded2a,11720,9.1616,2
3f37c62d,13929,9.1589,2
594e9735,13902,9.1616,2
1107ba42,13089,9.1616,2
629061f5,13013,9.1616,2
43a23e3a,16941,9.1616,2
6397d524,14634,9.1616,2
73c0a8ce,13079,9.1616,2
4e4d015c,13170,9.1616,2
62b4677d,12537,9.1589,2
34a2d17,14034,9.1616,2
5e29f6af,16522,9.1616,2
78c84bd7,13063,9.1589,2
3906443c,16198,9.1589,2
6bf6f49e,16893,9.1589,2
7afbfbc1,16489,9.1616,2
395375be,14089,9.1534,2
405791ba,14259,9.1616,2
4b7b1a28,12893,9.1616,2
177545dd,16537,9.1616,2
32f59101,14765,9.1616,2
4ed31ca4,17194,9.1562,2
5deae50c,17023,9.1616,2
600c08c1,16899,9.1616,2
6d328ca5,14729,9.1562,2
54263f10,16652,9.1616,2
7e6fe058,14989,9.1616,2
288fe50d,14830,9.1616,2
22c7b795,12716,9.1616,2
228df90c,16375,9.1616,2
2a640a61,15795,9.1616,2
23e1b025,12897,9.1616,2
1ce1f7bc,12477,9.1616,2
74919ed9,15178,9.1616,2
6bf5e4c1,14849,9.1616,2
26fd252a,487,9.1616,1
6ea75c9a,15132,9.1589,2
8b3c948,14190,9.1616,2
70ace9d1,16393,9.1616,2
343bc8e9,14803,9.1616,2
7ba07f31,13304,9.1616,2
6d4f1084,14344,9.1644,2
7a3a8e9d,16753,9.1644,2
102c7db3,16942,9.1644,2
688dd170,13471,9.1644,2
7dd337d5,15619,9.1644,2
69ab7d4a,12814,9.1644,2
20812ea4,13171,9.1616,2
26016d95,12872,9.1644,2
6568479c,16636,9.1616,2
42889b1f,14701,9.1644,2
974846a,14546,9.1644,2
19b93a9b,15966,9.1616,2
20296fee,16304,9.1644,2
d69c3bb,13608,9.1644,2
bbff16a,12727,9.1644,2
26c563a3,16063,9.1616,2
4df83e8a,13414,9.1644,2
ecf4895,12668,9.1644,2
7a8fcc87,16872,9.1644,2
77da700e,14824,9.1644,2
7bda1c11,12478,9.1616,2
fa5781f,17010,9.1589,2
bca7698,12892,9.1644,2
2f342def,12378,9.1616,2
568c441a,12878,9.1644,2
4a5968c,13187,9.1644,2
20647387,12567,9.1562,2
7842afa5,16769,9.1589,2
7617be17,15383,9.1616,2
4c25d50d,13701,9.1644,2
5e2e47af,15862,9.1644,2
5d55efa6,15066,9.1644,2
30875c2e,11823,9.1616,2
58b8cb6e,15487,9.1616,2
7b2bab2f,16754,9.1644,2
579498da,15567,9.1644,2
254e6551,12662,9.1616,2
2fa23bfa,15707,9.1644,2
5a75784f,15821,9.1616,2
9769ff2,17077,9.1644,2
7ad7944e,15058,9.1644,2
2c6512a8,12425,9.1644,2
12269135,14158,9.1644,2
2f92058c,16843,9.1644,2
692181d4,15142,9.1616,2
6d552e0a,12705,9.1616,2
7014dd53,15872,9.1616,2
4b5ca5ac,13871,9.1644,2
74dd772e,13342,9.1644,2
11977740,15539,9.1644,2
9499750,14297,9.1616,2
7b2990d1,11427,9.1644,2
64d2ec9d,12661,9.1644,2
4e55ba30,17203,9.1644,2
2a373be2,14418,9.1562,2
1d2f896d,16943,9.1644,2
6e6a2851,13322,9.1644,2
d8d9b96,13485,9.1644,2
1ef659ee,15246,9.1589,2
7f73cfbc,15869,9.1562,2
4791746f,12471,9.1644,2
21543a12,14601,9.1644,2
d412eff,16313,9.1644,2
6cae0ec4,11896,9.1644,2
eed62a2,16305,9.1644,2
ee95dc7,17035,9.1644,2
169f4b82,16111,9.1644,2
7382d381,14871,9.1644,2
5e9da51e,15025,9.1671,2
37c1bf53,14424,9.1644,2
602ca7bc,13510,9.1671,2
c832360,16589,9.1644,2
69f8f7aa,17130,9.1671,2
53f9f6e1,14240,9.1671,2
7bc429fc,14393,9.1671,2
566dba65,15370,9.1671,2
43600beb,15140,9.1671,2
6d0bf18a,12130,9.1644,2
3a776996,12318,9.1671,2
71595c34,16612,9.1562,2
4adc6ee8,12951,9.1671,2
9201b0b,14422,9.1671,2
3b153c04,14214,9.1589,2
966fae,15891,9.1671,2
2914fa7a,14788,9.1671,2
3202a914,16831,9.1644,2
1da4be5,15371,9.1671,2
f13b68e,14093,9.1616,2
5dc36a8,15139,9.1671,2
2231750e,15920,9.1671,2
71e787ce,13920,9.1671,2
6352f8ba,13230,9.1644,2
7dffb0e,12667,9.1671,2
2e6f67fe,11717,9.1671,2
637b4c0a,16575,9.1671,2
1798eff7,13058,9.1671,2
6f677181,12943,9.1671,2
3a62bb04,16176,9.1671,2
340bb5e,11860,9.1671,2
53f70b96,12732,9.1671,2
7489310,11745,9.1671,2
5d135ec9,12876,9.1671,2
28ddb266,14379,9.1644,2
2e416668,14589,9.1671,2
5bf8d8bd,11903,9.1644,2
4501738d,13973,9.1671,2
692a82e,16141,9.1671,2
43197418,11697,9.1671,2
664e2835,15786,9.1671,2
281da26a,16523,9.1644,2
a710b63,11702,9.1671,2
732f01d7,15372,9.1671,2
b3b40a6,17179,9.1671,2
3bddbc9f,14016,9.1671,2
33eca648,15172,9.1671,2
24f42f80,12420,9.1671,2
61bfd786,15136,9.1671,2
6158983e,15071,9.1644,2
645533ba,16474,9.1671,2
7bc9cb51,16678,9.1644,2
4998d1b4,16804,9.1671,2
6ca439d1,1046,9.1671,2
21211f1c,15581,9.1699,2
1487cb2a,12621,9.1699,2
610841ec,14982,9.1699,2
1b9dad7f,12416,9.1699,2
56ba756c,14710,9.1699,2
7f4a5958,628,9.1699,1
56a6a01f,14509,9.1699,2
55be1300,13918,9.1671,2
23beba9d,15836,9.1699,2
3b487706,15742,9.1699,2
262aaa93,15761,9.1699,2
b87b797,13865,9.1671,2
2e0483f4,12985,9.1699,2
1badf38b,15594,9.1699,2
7838aefb,16796,9.1699,2
b35fd5d,14423,9.1699,2
3d38d8a3,16026,9.1671,2
37a9f7d3,14976,9.1699,2
530cb114,16106,9.1699,2
adbc8ab,17270,9.1699,2
2e2003b8,17216,9.1699,2
55a63b1f,16740,9.1699,2
2dc94917,14573,9.1699,2
79834295,15343,9.1699,2
5790a3de,12131,9.1671,2
338a04f0,16940,9.1671,2
687adf0f,14563,9.1699,2
546c6267,15919,9.1699,2
37180595,16800,9.1699,2
65c4defb,16347,9.1671,2
15f2a3b2,15265,9.1699,2
314dd9f9,15681,9.1699,2
68afb37,15927,9.1699,2
1a703e15,13609,9.1699,2
3142cedb,13520,9.1699,2
468151cb,17039,9.1699,2
552bc63c,13880,9.1671,2
5f17ce6,15274,9.1671,2
54737c2c,13307,9.1699,2
7360546f,15536,9.1699,2
3fa35cc1,15858,9.1699,2
31bb119f,17012,9.1699,2
4b331eba,12802,9.1671,2
7ee68998,13468,9.1699,2
f546907,11762,9.1699,2
2ab47978,17011,9.1671,2
7d8e74c6,16490,9.1671,2
43eab258,16593,9.1699,2
7574fd7d,15380,9.1671,2
90a49f4,16077,9.1671,2
25ba1583,16988,9.1671,2
2cccd7f5,14733,9.1699,2
3a22d846,15242,9.1699,2
122bb12,13906,9.1644,2
61bc631f,16289,9.1699,2
2f3f1554,14773,9.1699,2
3036e69c,13691,9.1699,2
50a3fd36,14426,9.1699,2
145f74a6,13460,9.1699,2
5e666aa7,13466,9.1699,2
b78738,13869,9.1699,2
722a79c5,13615,9.1616,2
700c4804,13653,9.1699,2
56659431,13119,9.1726,2
1b63b33f,16115,9.1726,2
1f99e8e7,15266,9.1726,2
72479ae1,11812,9.1726,2
3648dc26,16788,9.1726,2
5382213d,15518,9.1671,2
415c0f21,12755,9.1699,2
11d2193d,15728,9.1726,2
5f0c0974,13564,9.1726,2
1dc55061,11687,9.1726,2
34f72d70,14312,9.1726,2
3cc161ff,11883,9.1699,2
3ddb9cab,11662,9.1726,2
5cf45740,13229,9.1699,2
22365cd,13932,9.1726,2
35d27bb0,17013,9.1699,2
631d3918,15032,9.1726,2
2ab3a6c,12887,9.1726,2
63f4c056,13172,9.1726,2
7ae0cce8,11710,9.1726,2
5cc937ff,15987,9.1699,2
7ea1e50,14394,9.1726,2
42d9988b,11797,9.1726,2
3e228bb4,17093,9.1726,2
2b412540,12850,9.1726,2
7c0eb6e6,13872,9.1726,2
721d742c,11696,9.1699,2
1fed17d,14130,9.1726,2
58c83ef0,12499,9.1726,2
29841123,16844,9.1726,2
7a017b8c,14171,9.1726,2
73315bac,11756,9.1726,2
4b3bc27,13509,9.1699,2
6a94fdf2,12862,9.1699,2
73b271ee,13305,9.1726,2
29eb90f,11781,9.1726,2
5664f65c,11661,9.1699,2
3ec680c9,12738,9.1699,2
363d6725,13138,9.1726,2
56e04d0d,13945,9.1726,2
45b81126,12614,9.1726,2
21c1d01f,11885,9.1726,2
19c8fca,11850,9.1699,2
5cc5c493,13621,9.1726,2
269a7b5,13777,9.1699,2
8196223,14149,9.1699,2
27770a17,16752,9.1726,2
427033ec,17036,9.1699,2
30e3966d,16112,9.1671,2
7328f228,17068,9.1726,2
6c9069e8,14769,9.1644,2
2f3cc8c5,12970,9.1726,2
3c073b1,12739,9.1726,2
374d7853,15533,9.1726,2
58fd887b,13031,9.1726,2
11ce1941,15874,9.1726,2
1193bd32,16221,9.1726,2
4d40d0b3,15350,9.1753,2
151756da,12993,9.1753,2
794a3730,13873,9.1726,2
182f3d49,15489,9.1699,2
23a30d19,14046,9.1699,2
14d97953,16028,9.1753,2
5f57f633,11744,9.1753,2
37a15a6d,16197,9.1753,2
770cb95e,13174,9.1753,2
16281783,15137,9.1726,2
49e4e7f4,624,9.1753,1
29e27695,11472,9.1699,2
7e63d4b1,15729,9.1726,2
3bb6fcbe,15620,9.1753,2
6014c95e,12542,9.1753,2
6d747044,14173,9.1753,2
26bad10a,12473,9.1753,2
52e39d61,15171,9.1753,2
341f159,16420,9.1753,2
392d797a,12849,9.1753,2
357221ed,12733,9.1753,2
7bca8157,12632,9.1753,2
770d7c4e,14521,9.1753,2
25b93d7c,14099,9.1753,2
1600d6f,14285,9.1753,2
2e8fe42d,16842,9.1726,2
327c12be,16018,9.1726,2
5ec28b50,12495,9.1753,2
5f48fe92,11757,9.1753,2
e37c7da,15860,9.1753,2
5c8ccd40,15491,9.1753,2
165e558a,17084,9.1753,2
68cee356,15112,9.1726,2
e7a85bd,12680,9.1753,2
3ec38abf,16591,9.1753,2
41fa6ea,16621,9.1781,2
600951e6,16113,9.1753,2
3a047737,14242,9.1781,2
2131e101,12549,9.1781,2
18b084ba,13160,9.1726,2
616149b0,14047,9.1753,2
4b4da21b,11471,9.1781,2
5269c98a,16397,9.1781,2
4ee00229,12867,9.1781,2
25a7ee8c,14551,9.1781,2
35ccd59,15166,9.1781,2
1f656121,13561,9.1753,2
51dac9ae,16869,9.1781,2
4b138e97,14193,9.1781,2
2ab93c82,16679,9.1781,2
2e40a4a9,12472,9.1699,2
1a98b429,12278,9.1781,2
1d08996d,16639,9.1781,2
4ec09737,13182,9.1781,2
bf4dac5,15407,9.1781,2
3720c7be,11842,9.1781,2
4a38cb6d,12340,9.1753,2
61f64b6f,13695,9.1781,2
6ca9ab70,16731,9.1781,2
3e109284,12894,9.1781,2
678aa7da,16741,9.1781,2
6b656be5,12312,9.1781,2
389be8d5,15024,9.1781,2
7a71f9bc,14990,9.1781,2
2a5c9f0,14861,9.1781,2
30230a09,16202,9.1781,2
29da840e,15731,9.1781,2
1763f625,14351,9.1753,2
3ba54770,12919,9.1753,2
655c39d8,12466,9.1753,2
4fdbda78,15134,9.1781,2
13fe614f,17030,9.1781,2
28b12ab6,17131,9.1781,2
7f086616,11813,9.1781,2
20eb335b,12615,9.1753,2
31e46ef1,14048,9.1726,2
5170959b,14043,9.1781,2
70b5f199,12445,9.1781,2
1471b81,16074,9.1781,2
9bd753f,11654,9.1781,2
3e371010,16215,9.1753,2
1bbc111f,12132,9.1781,2
4e3583be,16424,9.1781,2
11538ad8,12890,9.1781,2
73251140,975,9.1781,2
7afc47f3,16168,9.1781,2
208fd3be,11875,9.1808,2
8eac2d2,17028,9.1808,2
6a208802,15928,9.1808,2
67a8cad4,14522,9.1808,2
3c5c6870,14460,9.1808,2
627ed17b,12424,9.1781,2
c7025ae,12729,9.1808,2
2d2fb09e,17133,9.1808,2
726f52a3,13222,9.1808,2
660eb09c,11806,9.1808,2
6bdeb4a6,16029,9.1808,2
3ba54203,15943,9.1781,2
33d7f59e,17132,9.1808,2
204e3928,11393,9.1808,2
2f712bd5,11467,9.1781,2
3e2bd203,14916,9.1808,2
2f8f2a9f,11415,9.1808,2
76a620c6,13785,9.1808,2
23f841f5,16414,9.1808,2
2047aa98,12719,9.1808,2
72aeabdb,15747,9.1808,2
12f5d447,15234,9.1699,2
44f8cf54,15247,9.1808,2
256ed9d7,12392,9.1753,2
22995ed2,14303,9.1808,2
1ef2e12a,12585,9.1808,2
1cf20fcf,15968,9.1808,2
4f01dde7,15810,9.1808,2
2786651b,12330,9.1808,2
67d42330,15519,9.1781,2
2274c516,11449,9.1781,2
635bda5a,12393,9.1781,2
1a45298d,16392,9.1781,2
4690a475,14588,9.1808,2
77e1c597,15406,9.1808,2
38f620ee,14805,9.1808,2
7841cfb0,14062,9.1781,2
7c19e9db,29789,9.1781,18
640d0894,15215,9.1781,2
45eaa27b,631,9.1808,1
412d6508,15392,9.1808,2
6bcb4af9,12389,9.1808,2
3899cdc7,16306,9.1808,2
7c2d2b78,13598,9.1808,2
7d37d61b,17284,9.1808,2
390f33e2,14033,9.1699,2
5798f990,17242,9.1753,2
2119e151,13910,9.1808,2
72d09ea8,13676,9.1808,2
394626aa,13219,9.1808,2
319409e7,13110,9.1781,2
21d0223c,15029,9.1808,2
5ff0844f,13907,9.1808,2
5499941a,13116,9.1808,2
237affc2,12868,9.1808,2
4fad5c3e,16989,9.1808,2
58deefea,11428,9.1781,2
39feaebd,11711,9.1753,2
28b44354,14478,9.1808,2
8d555bc,14995,9.1808,2
2dbcb434,12859,9.1808,2
86ffaaf,16421,9.1836,2
61fb7c78,13525,9.1836,2
6b5f2df0,11431,9.1836,2
4985fd92,14603,9.1836,2
150fd82,13682,9.1836,2
3b72496c,13713,9.1753,2
2cfd0c02,12500,9.1836,2
4f5fd28a,15675,9.1836,2
79d8be79,17070,9.1808,2
49e59a0e,14829,9.1836,2
60f59377,14100,9.1836,2
55df7a09,14243,9.1808,2
4f90fe0d,12358,9.1836,2
7e6aaef7,15803,9.1836,2
1bba6ede,16016,9.1836,2
579828f5,15373,9.1836,2
58332e79,14668,9.1836,2
1fb0d49d,13919,9.1836,2
3406dc8a,14562,9.1836,2
7c02984a,13324,9.1836,2
6a4bc8bf,11339,9.1836,2
c8e143d,16785,9.1836,2
71a69d29,15942,9.1781,2
190e8b9f,16976,9.1836,2
2db4a631,13223,9.1836,2
69dcca95,472,9.1836,1
1618e8cb,16329,9.1808,2
2c565d52,13144,9.1836,2
41e96934,13321,9.1808,2
49e4ca16,13446,9.1836,2
46e339dd,14877,9.1808,2
5841409e,13128,9.1836,2
52eb226b,13088,9.1781,2
3db0e65a,13087,9.1836,2
62c20de0,14831,9.1836,2
30d5e496,16770,9.1808,2
3b26709d,13674,9.1836,2
4ef71c14,13953,9.1836,2
19ed395,15249,9.1836,2
73c1634b,13924,9.1836,2
6c2fc8f1,16590,9.1836,2
2b73effe,13129,9.1836,2
6405ff71,15464,9.1836,2
13709a1f,15568,9.1808,2
80ca53c,14855,9.1781,2
6bd36801,15055,9.1808,2
273ca778,14766,9.1836,2
79a95dca,15752,9.1836,2
329ccbf9,16102,9.1836,2
252b0fd7,13379,9.1836,2
55c8f813,16952,9.1836,2
663cb86d,16945,9.1836,2
536dc9d2,12999,9.1808,2
322b6450,12374,9.1863,2
298ad847,16603,9.1863,2
4f038075,16526,9.1863,2
5d19e1e6,13320,9.1863,2
5ee5c5f8,14744,9.1836,2
37852390,15875,9.1863,2
64d60d3d,16949,9.1863,2
7652c690,14909,9.1863,2
6e817a7,16623,9.1863,2
186f3d49,12695,9.1836,2
324ef1d6,15441,9.1836,2
4c04749c,11703,9.1863,2
2c025dca,17138,9.1863,2
6a9122c2,15898,9.1863,2
bf5cfac,13974,9.1836,2
643afada,15465,9.1863,2
4f2b0a96,16805,9.1863,2
5ae8179a,16320,9.1836,2
390ca937,13673,9.1836,2
1c218915,14584,9.1863,2
2f7e5c61,14977,9.1863,2
6d1afdf,17226,9.1863,2
3530cad3,11330,9.1836,2
69299853,14910,9.1863,2
79d0dd42,16948,9.1863,2
24900b4d,13283,9.1863,2
17453b5e,14051,9.1863,2
328bc2e5,16685,9.1863,2
4dce233b,17267,9.1836,2
69a093ac,11721,9.1863,2
5781ca0d,16019,9.1863,2
3bf1a6f2,13683,9.1863,2
79a8d4c,11400,9.1836,2
6aca53e0,13566,9.1863,2
33c23d16,17140,9.1808,2
5b2cbaa,12496,9.1863,2
1a3f7172,14984,9.1863,2
5611c6bd,12707,9.1863,2
6efcdacc,15344,9.1863,2
5f080d27,15768,9.1863,2
7db664eb,15043,9.1863,2
7740c55,15235,9.1863,2
60bb83b5,13735,9.1863,2
fd69ccd,13618,9.1863,2
6049cd8f,13004,9.1863,2
7f379594,16977,9.1863,2
58862883,13388,9.1863,2
136efca,16062,9.1863,2
638df7aa,11763,9.1863,2
4d867be1,14920,9.1863,2
edeccf0,11899,9.1808,2
2523b1c6,13655,9.1863,2
21bda70a,12687,9.1863,2
67f53f98,14770,9.1863,2
72a54977,16203,9.1863,2
6b49b46b,12545,9.189,2
15ee9390,14494,9.189,2
46ebbc50,13950,9.189,2
6daf7491,12467,9.189,2
23e88f43,12987,9.1753,2
6b14346,948,9.189,2
5248db9,15628,9.189,2
64b7ec9e,13294,9.189,2
72aa0765,15349,9.189,2
1f4b883a,14561,9.189,2
15d5428d,14241,9.189,2
155f1ce4,14873,9.1863,2
343702b3,12331,9.189,2
6fbfdbb7,11722,9.1863,2
4d8c780a,15859,9.1863,2
2059f563,13675,9.189,2
2c774941,13114,9.189,2
3d044d1b,13710,9.189,2
13662e99,16229,9.189,2
7c7b337b,15131,9.189,2
ca38cdb,16604,9.1863,2
6ad050f4,14461,9.1863,2
75a3a420,17248,9.189,2
57935eeb,16236,9.189,2
72565f89,14397,9.189,2
1ae9f6c7,13264,9.189,2
7203c31e,16771,9.189,2
7f768ec9,12744,9.189,2
3faabfb3,11396,9.189,2
5aab7104,13697,9.189,2
72d7e11e,12946,9.189,2
7fc005d8,12270,9.189,2
313e596a,14451,9.189,2
2a4a8b29,11452,9.189,2
46bda64d,16027,9.189,2
35ee84de,14823,9.1836,2
27ec03e1,12498,9.189,2
788dd849,12718,9.189,2
524f14d4,13738,9.189,2
b86f285,12976,9.189,2
5391f083,16495,9.1863,2
2dfc2a1b,12757,9.189,2
2409d330,15627,9.189,2
6586e27,11912,9.189,2
2c02205c,11669,9.1863,2
70cbc8b7,480,9.1863,1
3cab9847,16383,9.189,2
7947f0a3,16186,9.1863,2
1626b17a,17162,9.1836,2
44fa3f17,17125,9.189,2
1f1a3300,15929,9.189,2
6a5ad94f,13875,9.189,2
ad30de3,14802,9.1863,2
4c5726f2,16783,9.189,2
5940aae8,15374,9.189,2
65ec902e,11453,9.189,2
77c23565,470,9.189,1
56b7afd0,13176,9.189,2
257fdd9,16870,9.1836,2
74b70cc8,11764,9.189,2
5e1c0091,12947,9.189,2
5f70869c,16144,9.1863,2
b8bf2d3,16493,9.189,2
39fff90a,13948,9.189,2
4fb62d9,16449,9.1863,2
41b09afe,11454,9.189,2
3a5df25f,16686,9.189,2
38bd33e0,16241,9.189,2
61c2c7ee,11800,9.1918,2
27b35575,15630,9.1918,2
788116f0,16081,9.1918,2
2d1bccb5,14714,9.1918,2
28f12ff2,15107,9.189,2
21139011,16737,9.1918,2
2e5110a,12735,9.1918,2
6f657ece,16656,9.1918,2
10b95fc,15637,9.1918,2
5a91934f,15075,9.189,2
9aa70fa,14064,9.1918,2
67346d95,14261,9.1918,2
17f2c115,12756,9.189,2
64ffc93a,15911,9.1918,2
32a23501,15811,9.1918,2
763ebe05,13923,9.1918,2
647bdd91,14936,9.1918,2
77c523be,13084,9.189,2
6d698265,12616,9.1918,2
4ec0b8f4,11863,9.1918,2
4d8df9bf,15879,9.1918,2
130bfb63,16921,9.1918,2
5759367e,16947,9.1918,2
47ebf2bb,17196,9.1918,2
799c306b,12854,9.1918,2
5bfe6ee6,630,9.1918,1
17624619,16439,9.1918,2
24cf0b79,16799,9.1863,2
3cc878e3,13573,9.1918,2
1469a8c2,12933,9.1918,2
11be76d8,14419,9.189,2
4d763355,16584,9.1918,2
32064578,12743,9.1918,2
6b70c442,14150,9.1918,2
41b625ee,15796,9.1918,2
91a6742,17180,9.1918,2
758a01af,15930,9.1918,2
7527b7e3,15257,9.189,2
18183fd1,14857,9.1918,2
42626be7,12281,9.1918,2
67409d7d,13194,9.1918,2
13a31a45,14991,9.1918,2
2f90b6d9,13344,9.1918,2
76aff24d,16175,9.1918,2
27c3922c,15767,9.1918,2
448b48dc,12670,9.1918,2
6e8708ea,15537,9.1918,2
67b3b2ed,11825,9.1918,2
5cda0ec5,15720,9.1918,2
4289702a,14996,9.1918,2
220e62ba,12417,9.1918,2
10931cf,11798,9.1918,2
6ec10c6d,13589,9.1918,2
62619b56,15797,9.1918,2
6b60af10,16201,9.1918,2
92831d,17037,9.1918,2
66d65506,17074,9.1918,2
883c9a1,17285,9.1918,2
72eb0236,15721,9.1918,2
26411708,11653,9.189,2
6c4d5ccc,14044,9.1918,2
30190ca0,15614,9.189,2
79d99cb2,14141,9.1918,2
5309cb0d,16226,9.1918,2
1282ccf3,15751,9.1918,2
7d5e7f33,13173,9.1918,2
5da0034,15143,9.1918,2
5d4570a9,15673,9.1918,2
30d32031,15375,9.189,2
2d1fc485,12254,9.1945,2
233681f2,17184,9.1945,2
76b8ee00,13265,9.1918,2
55f39d,13308,9.1945,2
5f438a4e,15062,9.1945,2
cab46cf,11680,9.1918,2
1b856fb9,12468,9.1945,2
a45dd33,15969,9.1945,2
2a7c4a27,12676,9.1918,2
69aea4dc,13622,9.1945,2
3f651a18,13982,9.1945,2
fad52ea,14627,9.1918,2
47481c4a,16384,9.1945,2
5b5cd83b,478,9.1945,1
4c7eac92,16680,9.1945,2
29a19df5,16767,9.1918,2
2e0c6ec7,16691,9.1945,2
13ace63d,15130,9.1945,2
2a0fd2e6,12594,9.1945,2
1c22b694,16720,9.1918,2
2f73ae79,11799,9.1945,2
fe4ac67,14825,9.1945,2
7f1ed84f,12708,9.1918,2
4253910a,13511,9.1945,2
5f1fab64,15490,9.1945,2
5516a7c3,14530,9.1945,2
363a0a73,16481,9.1918,2
62f666b0,14832,9.1945,2
48db691d,12873,9.1945,2
6ae9d86b,11403,9.1945,2
16de7acd,14090,9.1945,2
70d193f7,16946,9.1918,2
2143a8bb,13989,9.1945,2
3243ae0f,17014,9.1918,2
572eb298,11792,9.1918,2
68636cac,16107,9.1918,2
2b1cdda1,12737,9.1945,2
3c25b262,12837,9.1945,2
17a6ae09,14425,9.1918,2
38ba5924,16877,9.1918,2
5e4c32bb,16547,9.1918,2
1a2286d9,14469,9.1945,2
5d1673a8,632,9.1918,1
5e21d4e1,16732,9.1945,2
571eb1e9,15072,9.1918,2
756a8be5,12734,9.1945,2
1f739f15,15113,9.1945,2
11e9d66c,17021,9.1945,2
33dabc41,13231,9.1918,2
124e3c7c,15900,9.1945,2
71547dab,12879,9.1945,2
11c68217,16381,9.189,2
6134b398,17072,9.1945,2
4ec36cf5,16875,9.1945,2
289de9d8,14999,9.1945,2
4b539d6b,13761,9.1945,2
6ea0782c,14767,9.1945,2
3b5115c9,13991,9.1945,2
7c45e852,14789,9.1945,2
2b2a8a74,16802,9.1945,2
6b983440,13577,9.1945,2
4626f625,14732,9.1945,2
1d88294d,17200,9.1836,2
756a5c75,17219,9.1945,2
26be3df2,12363,9.1945,2
59b86a7b,12550,9.1945,2
285e28b7,13877,9.1945,2
f70503d,16618,9.1973,2
58f6bd8c,471,9.1945,1
4287ef5b,12341,9.1945,2
1b457c2c,11814,9.1973,2
16b936c1,16105,9.1973,2
1db735a3,15640,9.1973,2
7b4ef347,17283,9.1973,2
64e2642,16222,9.1973,2
36da9ebb,13572,9.1945,2
690aa99f,13711,9.1973,2
56f7a5e7,13040,9.1973,2
6552ab32,11849,9.1973,2
1259edec,17163,9.1973,2
7094865a,11821,9.1973,2
4c6e8f86,12184,9.1945,2
3c95b602,13457,9.1945,2
617e1af1,16624,9.1973,2
358ce6d2,16134,9.1973,2
da64d5a,15495,9.1945,2
43a956e9,15059,9.1973,2
5feb3662,16637,9.1918,2
1c92cf4a,15696,9.1945,2
500e9993,15277,9.1973,2
daaf7bb,16171,9.1945,2
5f422aaa,16613,9.1973,2
f85e243,15629,9.1973,2
60b16085,14623,9.1973,2
6ad30b46,12433,9.1973,2
301e3e88,16657,9.1973,2
7ec7455b,15035,9.1973,2
1519b74e,16169,9.1973,2
67620790,12681,9.1973,2
26c98f8a,13442,9.1973,2
6260eb95,13909,9.1973,2
3a1b9350,13202,9.1973,2
4db24d04,14304,9.1973,2
27ed3ee7,16380,9.1945,2
369277c0,15135,9.1973,2
7826e4d6,13003,9.1973,2
423445cc,15106,9.1945,2
2453cfc9,15972,9.1973,2
1578faa1,16399,9.1945,2
7bd67c2a,16177,9.1973,2
35826fb1,15413,9.1945,2
55f856e8,17246,9.1973,2
6f6ff619,473,9.189,1
2790f0f2,29820,9.1973,18
149ec56,14612,9.1945,2
75fd0933,13136,9.1973,2
1691b581,12215,9.1973,2
6de4674,14764,9.1973,2
2669313d,16560,9.1973,2
680c52fa,13183,9.1973,2
732acfc7,14495,9.1973,2
733da30,16386,9.1973,2
683ce332,16873,9.1973,2
622de74d,13610,9.1973,2
1a66797e,16874,9.1973,2
47dc4838,16223,9.1973,2
245ffc69,14101,9.1945,2
518db53c,12332,9.1973,2
5c9727cf,16469,9.1973,2
792f39ed,12402,9.1918,2
18ac74c1,14914,9.1973,2
24b406bd,14328,9.1973,2
41f8f4bb,13037,9.1973,2
41185d38,15496,9.1973,2
3a6933a6,15150,9.1973,2
3e6c4bb8,12671,9.1973,2
4e60f777,17197,9.1973,2
649863c0,13350,9.1945,2
38373de2,481,9.2,1
3bc55641,13323,9.2,2
48c2a69c,14238,9.1945,2
14af05b7,16078,9.1973,2
15f6e2ed,13295,9.2,2
94eef44,12338,9.2,2
490c94c,14795,9.2,2
f8642dd,14398,9.2,2
557a5a75,16136,9.2,2
35d55d39,13570,9.2,2
21863cb7,963,9.2,2
1d14ce28,14635,9.2,2
5ccbe147,15970,9.1973,2
179630e4,13739,9.2,2
3f67c597,12983,9.1945,2
15ce51f3,16441,9.1973,2
17bf7917,13166,9.2,2
7790da77,16546,9.2,2
81cd24c,16315,9.1973,2
2e2bc2bb,14008,9.2,2
490d5f44,11712,9.1945,2
4b76c8ff,12736,9.2,2
3bb8e530,16620,9.1918,2
18ec7a7c,17272,9.2,2
a6d02ba,17213,9.2,2
77a11238,14958,9.1973,2
b4ce899,17032,9.2,2
70084c16,15412,9.2,2
1292e87f,15685,9.2,2
6ddd18c7,14575,9.1973,2
1b92dc5,14747,9.1945,2
33e3a918,15167,9.2,2
aae5936,13444,9.1973,2
36377e0b,11447,9.1973,2
3b9c7d8,15360,9.2,2
3329532a,16431,9.2,2
7bb6978f,12745,9.1945,2
6dc0eb44,14804,9.2,2
55b34a88,15030,9.1973,2
5879a113,15065,9.1973,2
21301935,14891,9.2,2
485040e1,11901,9.2,2
723d7452,15456,9.2,2
215d183f,13569,9.2,2
34b9543e,17228,9.1973,2
15610a2d,16742,9.2,2
54165e82,12819,9.2,2
1d4338df,16987,9.2,2
4727e065,11900,9.1973,2
632587ed,16585,9.2,2
7e88d9c6,14876,9.2,2
26170f4f,11782,9.2,2
2dc22063,14007,9.2,2
180c6adb,15608,9.2,2
1c8d3cc5,13044,9.1973,2
53d8da56,16545,9.2,2
6b266f02,11853,9.2,2
10878a0f,12703,9.1973,2
6519e7ce,14791,9.2,2
7e5cb685,15067,9.2,2
7cd22e03,15873,9.2,2
70068b51,11807,9.2,2
2800a42c,13232,9.2,2
2ef62407,15478,9.1973,2
6aee7e8b,16974,9.2,2
7053c94,14814,9.1973,2
47e2963e,13188,9.2,2
1fe7cf1f,12337,9.2027,2
ae06f8,13445,9.2027,2
19ad2a40,16032,9.2027,2
4aad0c2d,12562,9.2027,2
6b13bd50,16561,9.2027,2
1b7aff0c,16505,9.2027,2
6b752909,16316,9.2,2
491b9c2e,15269,9.2027,2
3f945160,11841,9.2027,2
73da4b01,14852,9.2,2
31a50912,16549,9.2027,2
24ca09e4,16178,9.2027,2
3948434c,14295,9.2027,2
147e3591,11446,9.2027,2
70136c67,15076,9.2027,2
18eb9527,16085,9.2027,2
7239d9aa,13699,9.1973,2
19ff2b1,15571,9.2027,2
756e5e4f,16548,9.2,2
797b5b18,14997,9.2027,2
ec7218d,11851,9.1973,2
4a41dfdf,13326,9.2027,2
ffaac5a,13184,9.2027,2
dccfbf8,11767,9.2027,2
43aa6fb1,17071,9.2027,2
ed308ba,15109,9.2027,2
34b5a65c,13533,9.2027,2
4ab531a6,12480,9.2027,2
332e0aa3,14796,9.2027,2
4529e02,14745,9.2027,2
40a90670,12446,9.2027,2
5937cf7f,11861,9.2027,2
1a8fade8,15749,9.2,2
abd9235,14880,9.2027,2
22f8f94,15187,9.2027,2
6584f499,13217,9.2027,2
283e52c,17269,9.2027,2
6449f373,13121,9.2027,2
1a649341,15444,9.2027,2
58869ca8,16583,9.2027,2
4531b811,14703,9.2027,2
d9a0a11,12944,9.2,2
6e4809af,16425,9.2,2
500871bc,15894,9.2027,2
3c07c4c9,12584,9.2027,2
7fa3771d,15280,9.2027,2
743e0268,12586,9.2027,2
5a956831,16878,9.2,2
4903774e,13309,9.2027,2
4b20d32b,12405,9.2027,2
4f09b565,16341,9.2027,2
3e2c8855,14497,9.2027,2
6cc721d9,16242,9.2027,2
21330ee1,17182,9.2027,2
2393253f,13115,9.2027,2
79277f38,16713,9.2027,2
3c12a0d5,15386,9.2,2
2c3b502c,13118,9.2027,2
1546074c,13032,9.2027,2
2fc67206,14311,9.2027,2
6d5a0679,15895,9.2,2
4f1bd300,14853,9.2055,2
7ecb4594,15466,9.2055,2
1b9691ce,14531,9.2027,2
3e4f9997,16172,9.2055,2
22858a1a,14624,9.1973,2
1fd139fd,17220,9.2055,2
30e6d328,14223,9.1945,2
72276782,13881,9.2055,2
7c7cf686,13161,9.2055,2
6a743625,15766,9.2,2
6c8dd7d0,15027,9.2055,2
255fa6b4,13684,9.2055,2
2c8e769f,12448,9.2027,2
3e0cac5f,15517,9.2055,2
750260a5,13762,9.2055,2
77b30a82,15965,9.2055,2
2f0178c6,16220,9.2055,2
5473700,16053,9.2027,2
53ab4de,13016,9.2027,2
68ac31f7,14894,9.2027,2
74b4472d,17031,9.2027,2
12d51656,16625,9.2027,2
6317c0c6,16978,9.2027,2
7d5df994,13588,9.2055,2
59be69b1,12418,9.2055,2
f65d084,13400,9.2055,2
35380098,14827,9.2055,2
27bbdef2,15447,9.2055,2
d62d855,16622,9.2055,2
2c22d88d,13623,9.2055,2
42139d4a,16237,9.2027,2
650e4a6e,12994,9.2055,2
596b2151,12989,9.2055,2
205e28c0,14036,9.2055,2
27c7aca3,12730,9.2,2
3b5813f7,14604,9.2055,2
5c9114a3,15540,9.2027,2
60c940c2,12308,9.2027,2
3b65fcee,16239,9.2055,2
54748ce7,13567,9.2027,2
79c0b4dc,14828,9.1918,2
1b9bdbf,11830,9.2055,2
1d86570,621,9.2055,1
440741c3,14734,9.2055,2
81f48b9,15168,9.2055,2
4aae4f2f,14614,9.2055,2
10483784,15709,9.2055,2
76275bb9,1047,9.2055,2
6ebf6517,14355,9.2055,2
1c97a2f9,12319,9.2027,2
24f85173,16314,9.2055,2
755db67f,11481,9.2055,2
60dff21e,13870,9.2055,2
417e1496,12279,9.2055,2
27eba603,16789,9.2055,2
3f9d12cf,12576,9.2,2
204d5820,15026,9.2,2
4cea7852,15719,9.2055,2
1126321b,15626,9.2055,2
3dcbe402,15271,9.2055,2
6b075582,11852,9.2055,2
3cdb2947,16768,9.2055,2
769dfaa4,12986,9.2055,2
39fd485b,15236,9.2055,2
560bb886,620,9.2055,1
208fd971,12216,9.2027,2
7714c80,12394,9.2055,2
6205cc38,15133,9.2055,2
7b544206,14427,9.2055,2
32e93320,15642,9.2082,2
70101a62,11758,9.2082,2
7d884dac,11824,9.2082,2
28f0200d,13365,9.2082,2
31203a29,13815,9.2082,2
683d0a79,12874,9.2082,2
180ece16,11746,9.2082,2
27541596,15400,9.2082,2
17959227,15883,9.2082,2
6ed36305,13348,9.2082,2
79eb2ee9,13714,9.2082,2
1e46a36,13874,9.2082,2
7e947ce7,15239,9.2055,2
2202a3be,13370,9.2055,2
452bcdb8,11482,9.2082,2
bfd113f,14400,9.2027,2
74cc8d1b,14004,9.2055,2
2b41eacf,11708,9.2082,2
766fd804,14510,9.2082,2
6d329d7c,12563,9.2082,2
ea50d0c,15153,9.2082,2
3233330f,14748,9.2082,2
2a969985,13764,9.2027,2
2231db2b,14712,9.2082,2
5b116b6c,13038,9.2082,2
3143a40,17139,9.2082,2
7d7ac06f,12421,9.2082,2
633e34f4,16534,9.2055,2
4ffa433b,16243,9.2082,2
1f601ba3,14730,9.2082,2
62d2d224,13449,9.2082,2
3432d998,17198,9.2055,2
26b9d27e,13993,9.2082,2
23a6ba5e,15762,9.2082,2
3b47ae09,14590,9.2055,2
24e517c1,13718,9.2055,2
6b9f4dc,13866,9.2082,2
6e7bec57,11870,9.2,2
353d67b,13284,9.2082,2
684a3077,15952,9.2027,2
641d79a0,15824,9.2082,2
1531b5cd,14892,9.2082,2
6da7dea6,15001,9.2082,2
2d4b7eeb,14019,9.2082,2
55f26d8e,13448,9.2055,2
1ce33641,11811,9.2082,2
25136422,13946,9.2,2
2a4cd959,13528,9.2055,2
5c8646dd,16954,9.2082,2
59522232,11876,9.2082,2
675e7f4e,15870,9.2055,2
2b94f4ed,13541,9.2082,2
d4116c5,14819,9.2082,2
19f1ac2c,16440,9.2082,2
154dea76,16422,9.2055,2
15ce1063,17078,9.2055,2
7e928a9,12988,9.2082,2
29be1af,15625,9.2082,2
9a51a21,16307,9.2082,2
161fad1c,11910,9.211,2
73b7fab4,13591,9.2082,2
3d55380b,17275,9.2082,2
141cfa4a,15220,9.211,2
7408b4c5,13122,9.211,2
29e22f44,14364,9.211,2
447ba916,14550,9.211,2
b8206d5,16064,9.211,2
472c3f4b,15921,9.211,2
532dd2c5,17038,9.211,2
42a64abf,14428,9.211,2
1d5cae1c,11906,9.211,2
41992fc6,16821,9.211,2
59094890,17255,9.2082,2
1b218d8a,14133,9.2082,2
2a1ed361,13066,9.2082,2
42ffac4d,15885,9.211,2
16c9c2aa,13571,9.2082,2
32fce51f,16922,9.211,2
21227618,16317,9.211,2
1e928a89,12696,9.211,2
11ff15ab,16714,9.211,2
2edd5e1d,13111,9.2082,2
7b5c92c4,16892,9.211,2
55ece499,14103,9.211,2
49fcb901,16401,9.211,2
443d1e6,14151,9.211,2
20c7afd8,13090,9.211,2
642e306b,11865,9.211,2
7b7b5498,17055,9.211,2
57e3de47,16956,9.211,2
3c709def,14794,9.2055,2
4a47120c,13736,9.2055,2
5d4558cd,15117,9.211,2
5f7fce47,13461,9.2082,2
7e018ea4,14363,9.211,2
37d966c5,14239,9.211,2
45fcc540,14704,9.211,2
79d9eb3c,13401,9.211,2
6450264e,12990,9.211,2
16d6f0ce,14953,9.211,2
22975e09,14934,9.2082,2
6ac5439f,14915,9.211,2
49305d42,13656,9.211,2
2cb7607c,12888,9.211,2
dc6a5a4,12359,9.2082,2
4d5fd638,12204,9.211,2
19540502,11827,9.211,2
460ce2d1,15932,9.211,2
64e589c,14556,9.2082,2
1b49ad7d,15912,9.2082,2
29be00b5,16407,9.211,2
1a63edac,16213,9.2082,2
6e9dccc4,17126,9.211,2
146f7d9a,12622,9.2082,2
4d8d7c0a,14750,9.211,2
4806e69a,13590,9.2082,2
48fdf8b2,16404,9.2082,2
2791df9a,13349,9.211,2
15a8a4e,15272,9.211,2
7e178ec9,14842,9.211,2
5988d1d1,14653,9.211,2
279b9603,11765,9.211,2
70cca875,13196,9.211,2
251144d8,13035,9.211,2
67b2e775,14605,9.2137,2
131a4166,14399,9.211,2
782ba40b,13955,9.211,2
6d31247b,14255,9.2137,2
42a98a81,14353,9.2137,2
325044ee,14642,9.2082,2
177eb553,16944,9.2137,2
7308593b,14625,9.2137,2
7dfb2859,13677,9.2137,2
4d3c643c,12753,9.2137,2
319d0f45,11480,9.2137,2
7acb451a,14102,9.2082,2
2f0a84e5,13933,9.2137,2
1efac1be,12720,9.2137,2
3ae79bd8,11776,9.2137,2
14d4153c,14878,9.2137,2
6f8286ef,12362,9.2137,2
7fb068ce,15570,9.2137,2
27bd5d90,16923,9.2137,2
21023be4,15273,9.211,2
531338cc,16521,9.2055,2
5def354d,13392,9.2137,2
5fd1d0a8,16428,9.211,2
154ba70d,15108,9.2137,2
6e05feb5,16951,9.2082,2
296a8b9e,16238,9.2137,2
23997f38,13203,9.2137,2
13f4adb4,14552,9.2137,2
5b4f1308,13419,9.2137,2
1afeae82,12551,9.2137,2
72f6625a,12587,9.2137,2
48dc4c8d,14576,9.2137,2
44d9e8bd,12451,9.2137,2
67ad647d,13720,9.2137,2
8484cb4,474,9.2137,1
49ed0b55,13192,9.2137,2
42fa8ed5,15457,9.2137,2
4ef8847b,15524,9.2137,2
41f5cfc,17173,9.2137,2
25094889,16738,9.2137,2
3313f6db,13405,9.2137,2
39c2779e,15358,9.2137,2
47c434e6,16161,9.2137,2
28666197,15922,9.2137,2
46fef6e,13594,9.2137,2
2e3b06fa,11808,9.2137,2
2961219b,14553,9.2137,2
48be74df,16400,9.211,2
710a542f,13006,9.2137,2
53cfce86,15603,9.2137,2
28204f0e,12834,9.2137,2
5e5a8026,15604,9.2137,2
65f90fbe,14856,9.2137,2
486f4679,12450,9.211,2
5152078b,15442,9.2137,2
629d2845,16868,9.2137,2
68ccdf80,13205,9.2137,2
45e5b9d8,12313,9.2137,2
778b6393,13469,9.2137,2
7c5fb227,13712,9.2137,2
72e152f3,16405,9.2137,2
1aa21e0e,14626,9.2137,2
75ff3336,13403,9.2164,2
36196132,14864,9.211,2
3756335c,12314,9.2164,2
4fd8898f,14731,9.2164,2
4c59d31f,13467,9.2164,2
4500ac14,15695,9.2137,2
386d4577,12315,9.211,2
3e275df5,17232,9.2137,2
35b82f4f,14095,9.211,2
759855e0,15525,9.2164,2
278cf0d9,13402,9.2137,2
23c0d928,12875,9.211,2
57764848,13947,9.2164,2
60762013,17033,9.2164,2
20bc1efc,13447,9.2137,2
5909a5a,17080,9.2164,2
6041b6a8,13382,9.2164,2
31e6740b,15031,9.2164,2
71edd735,15769,9.211,2
70aec118,601,9.2164,1
1d37dd53,14817,9.2164,2
6feaeb8e,16245,9.2164,2
1ff3a4d2,15763,9.2164,2
388c66,12895,9.2164,2
6183b78,15015,9.2164,2
25e6a3ad,11902,9.2164,2
27b146f7,16798,9.2137,2
63aeb5db,15103,9.2164,2
24aa912d,14021,9.2164,2
3441a5de,12749,9.2137,2
20aa7a8d,14833,9.211,2
f7cb5d4,16520,9.2164,2
7f2f7eef,15240,9.2164,2
584f2403,12697,9.2164,2
46795b81,12592,9.2137,2
9065032,16535,9.2164,2
63be86d3,12880,9.2164,2
3837040,16659,9.2137,2
27c9f052,11483,9.2137,2
1a0aa701,15398,9.2164,2
61d90bdc,12929,9.2164,2
67e2444d,12395,9.2164,2
6b4bbe63,14045,9.2164,2
5077f4f8,12820,9.2164,2
47e8783b,14613,9.2137,2
325d8ca7,16350,9.2164,2
4d38429,15750,9.2164,2
6b6c707f,13389,9.2164,2
6fc1e489,11817,9.2164,2
31a76562,13635,9.2164,2
294d5db3,13146,9.2164,2
4ebfa4d8,15420,9.2164,2
41af626d,16617,9.2164,2
23a6b5d2,16717,9.2164,2
4b29834f,15586,9.2164,2
8caff5c,13557,9.2164,2
3f48d12c,13903,9.2164,2
78eb687f,16638,9.2192,2
455901ec,13663,9.2192,2
1ab62604,14275,9.2192,2
5532425e,11864,9.2137,2
6a328c53,15443,9.2192,2
708afe3b,14636,9.2192,2
393d0dbd,13578,9.2192,2
15f48666,13867,9.2164,2
33822052,13224,9.2192,2
6283837a,15480,9.2192,2
53f5eefa,15278,9.2164,2
36a54aca,13225,9.2192,2
14876cfc,15934,9.2192,2
4fb4cf2d,13878,9.2164,2
6ae1a545,16524,9.2164,2
169f04dd,13911,9.211,2
af0efde,13778,9.2192,2
5b4cc71a,14917,9.2164,2
4213c09f,12995,9.2192,2
2c449dec,15899,9.2192,2
66fa31a5,13464,9.2192,2
21c719a5,13513,9.2192,2
7836b77f,11801,9.2192,2
24fd87de,11872,9.2192,2
2cded550,12282,9.2164,2
354dfb5f,16957,9.2192,2
762ae02a,12822,9.2192,2
788d3fc6,13527,9.2192,2
3086847e,14992,9.2164,2
6aa8b36b,17237,9.2192,2
30653a62,11402,9.2164,2
7d694fbe,13803,9.2192,2
210750a7,14005,9.2192,2
53480869,13943,9.2192,2
2526958d,16142,9.2192,2
aba49a9,14524,9.2192,2
1395c4b6,16173,9.2192,2
88c2c0b,17296,9.2192,2
22dfe3b2,14301,9.2192,2
69cd4fc,12124,9.2192,2
19174a6a,13041,9.2192,2
41b8afe0,14063,9.2164,2
7cb57315,17090,9.2192,2
15b0e4fc,16216,9.2137,2
62fd42cc,14523,9.2055,2
36d7a83a,16739,9.2192,2
3a96d318,14862,9.2192,2
3214d6af,16084,9.2192,2
65ee3623,14893,9.2137,2
e0fcd13,13474,9.2137,2
776ba966,15467,9.2192,2
7cf649c9,16442,9.2192,2
14044947,16927,9.2164,2
68434956,13233,9.2164,2
7c083553,17274,9.2192,2
625c45bd,16492,9.2192,2
5602832d,13975,9.2192,2
18743025,14652,9.2164,2
1706d406,13568,9.2164,2
7e039823,12931,9.2192,2
6a0fd384,11473,9.2192,2
4a139c25,16318,9.2219,2
5790c13b,16033,9.2219,2
df9d534,12746,9.2192,2
15c92b0f,17201,9.2219,2
2c05d48b,12851,9.2219,2
3802a17c,12183,9.2164,2
44009332,12426,9.2219,2
69ca265e,14256,9.2219,2
3587e93b,15837,9.2219,2
37a4d28c,15880,9.2192,2
1a809c45,13366,9.2219,2
2240b19d,11766,9.2219,2
28044adf,11328,9.2219,2
3925dde1,12978,9.2219,2
12c300e3,13883,9.2219,2
27591c34,16692,9.2219,2
b29d1b,16797,9.2219,2
a6a6d60,479,9.2219,1
1d377319,13912,9.2164,2
72e06437,12869,9.2219,2
66ae6535,15534,9.2219,2
3ff615ed,12952,9.2192,2
5ba762b3,14131,9.2219,2
197f16b1,14671,9.2164,2
684f1875,16402,9.2219,2
7d5d5f84,12725,9.2164,2
720b64bf,15458,9.2219,2
13a02ed1,12740,9.2192,2
33c0060,15376,9.2219,2
148acefc,11673,9.2219,2
36793280,11769,9.2192,2
3d0d6e4e,13036,9.2219,2
19878514,12419,9.2219,2
2f491998,13667,9.2219,2
231b9fe2,16525,9.2219,2
4c153311,11692,9.2219,2
e2af941,15901,9.2219,2
580399d4,14490,9.2219,2
3f61ce95,16822,9.2219,2
5a89efd3,12346,9.2219,2
330e532,17212,9.2164,2
47b901b9,12334,9.2192,2
761d6abd,17183,9.2219,2
2468e84d,14807,9.2164,2
637fe4da,12404,9.2192,2
676294f2,14735,9.2219,2
1464a94e,14132,9.2219,2
68d9f56e,16846,9.2219,2
750c224a,13524,9.2219,2
69494105,14818,9.2192,2
1a7f8dda,16108,9.2219,2
5bc4118,14658,9.2219,2
3d2a697e,16188,9.2219,2
292012e3,15238,9.2219,2
a422fab,13393,9.2192,2
6c357264,12474,9.2164,2
2ba9705,14986,9.2219,2
2ba42abb,14954,9.2219,2
30007713,11691,9.2219,2
77e18525,13624,9.2192,2
21353663,16586,9.2247,2
2b4e210c,13091,9.2247,2
18c57399,16812,9.2247,2
63761509,12731,9.2247,2
6bf8b12a,12597,9.2247,2
31e4bb18,16067,9.2219,2
28e5f06,13992,9.2247,2
5183dc03,14615,9.2247,2
1ed7706d,13296,9.2247,2
7f5c56f8,13638,9.2247,2
6b741e70,14447,9.2247,2
1b720a77,14525,9.2247,2
54deaede,13415,9.2247,2
49a8c92b,15916,9.2219,2
2e4d9f0,14491,9.2219,2
94e5a69,16801,9.2247,2
28c7adc0,11760,9.2247,2
5daa2d98,15361,9.2247,2
964dca4,12823,9.2219,2
2b16be6d,15583,9.2247,2
2729d862,15955,9.2219,2
3a6ae2e,16394,9.2247,2
78403121,14808,9.2219,2
6dfc2a44,14949,9.2247,2
47f1551,17256,9.2247,2
321e0c2e,15434,9.2247,2
4b2efa75,13797,9.2247,2
478c475e,11913,9.2247,2
3b251763,15520,9.2247,2
60caba13,16035,9.2247,2
73c72766,12205,9.2219,2
4afc10e0,17159,9.2247,2
1b40365c,11884,9.2247,2
524d421a,14959,9.2247,2
42377155,17045,9.2247,2
77184122,14591,9.2247,2
358d11a,14476,9.2247,2
3d2ea4b0,11693,9.2247,2
17ffd8e5,13371,9.2192,2
6ebbbe96,15408,9.2219,2
5b1fe332,15582,9.2247,2
13dcc7c5,16357,9.2247,2
702bdc8c,16953,9.2247,2
43114076,14226,9.2247,2
7a0d1dab,13039,9.2219,2
3a95a480,15279,9.2247,2
30d07e21,16900,9.2247,2
6dd32f1d,15110,9.2247,2
18443f8d,11656,9.2219,2
ab6896b,14863,9.2274,2
499fb18c,16609,9.2192,2
3586d7e0,14527,9.2274,2
4413c17,14096,9.2274,2
3a820025,13678,9.2247,2
e25d528,15957,9.2274,2
35fdcb75,14749,9.2274,2
38557539,13046,9.2274,2
38d1e859,16291,9.2247,2
12f8544e,14206,9.2274,2
32544fac,16854,9.2274,2
442e9eb1,15217,9.2247,2
61d785ef,14655,9.2274,2
69298cf0,16065,9.2274,2
418f7283,12403,9.2247,2
5e8d22ac,14231,9.2274,2
3fbd29a9,11460,9.2274,2
443f4068,15351,9.2274,2
1ebe4054,14225,9.2247,2
2efed7cd,16240,9.2274,2
3b55117f,12335,9.2274,2
c7accfb,16550,9.2219,2
38711d9c,13421,9.2274,2
4b336c57,469,9.2274,1
22aabc25,11768,9.2247,2
54a15626,11761,9.2274,2
47ec7b24,16955,9.2247,2
1dab7a36,16640,9.2274,2
2d0619e2,13664,9.2274,2
73c86a02,14547,9.2274,2
57d91a04,16803,9.2274,2
166c089e,13990,9.2274,2
11e5b003,14403,9.2274,2
c3162d4,12479,9.2274,2
3c19912a,17299,9.2247,2
4f552820,15010,9.2274,2
230fa597,13639,9.2274,2
1fd66c5d,13812,9.2274,2
18f69ab1,13045,9.2274,2
6896d844,12595,9.2274,2
36ebebdc,14448,9.2247,2
1a73ddd8,14669,9.2247,2
367cef35,14446,9.2219,2
68f64546,15933,9.2247,2
5b4dbc3c,15250,9.2247,2
12ae68f,17249,9.2274,2
533766f,12930,9.2274,2
3f5a5e09,15039,9.2274,2
54e734bb,16577,9.2274,2
255df942,14283,9.2274,2
e618714,15555,9.2274,2
58a916c9,14834,9.2274,2
5e2eb2f9,16034,9.2274,2
e1dfbfc,14778,9.2301,2
54cea2c4,12835,9.2247,2
46b793bd,12490,9.2301,2
2b18253c,13126,9.2301,2
29c35e6c,14402,9.2274,2
39cc0ac3,13984,9.2301,2
5462f6a3,13805,9.2274,2
439c4c3c,13081,9.2301,2
2947a0b6,15179,9.2301,2
1ac4abcc,12316,9.2301,2
43873045,15876,9.2274,2
625b69a5,14360,9.2301,2
760d3748,13314,9.2301,2
4928688e,13814,9.2301,2
33576cf6,14356,9.2301,2
af82d78,13068,9.2247,2
7123a42b,488,9.2301,1
62748d0b,13681,9.2301,2
1550ec18,11438,9.2274,2
5758d748,16506,9.2247,2
1fb69a24,15485,9.2301,2
178e65f8,13636,9.2301,2
5cd6099c,13395,9.2301,2
4e741e32,16353,9.2301,2
6538da62,16468,9.2219,2
17dc298,13696,9.2274,2
60a6b8ab,12750,9.2301,2
6d0bb1c2,14257,9.2274,2
3e0a7df,13067,9.2301,2
2028960b,16079,9.2301,2
4faee994,14948,9.2301,2
7f9bc402,14607,9.2301,2
79c35a71,12427,9.2247,2
3bf3f64c,11777,9.2301,2
2565bbe6,11660,9.2274,2
4ffc09c,13123,9.2301,2
267fa251,14775,9.2301,2
678c12a0,16930,9.2301,2
24acebe,14622,9.2301,2
a78ef9a,15636,9.2301,2
70f93569,12469,9.2301,2
776730c4,12643,9.2301,2
238c2fa8,14496,9.2274,2
6e45107c,13383,9.2247,2
57ae22a0,14463,9.2301,2
1981d981,14006,9.2274,2
71ff888b,12934,9.2301,2
5b325476,14450,9.2301,2
1d32799c,13679,9.2274,2
3bafe3b8,11429,9.2301,2
4835d0c7,17094,9.2301,2
2c75789d,11455,9.2274,2
65ad1881,12841,9.2329,2
2949fdda,15435,9.2329,2
6bdd6331,13780,9.2329,2
2f2bffd1,437,9.2329,1
289ddb39,13372,9.2329,2
2579a7bb,13020,9.2329,2
253d9cce,14002,9.2329,2
55983acf,15755,9.2329,2
131a6756,12501,9.2247,2
7b364ef1,12838,9.2274,2
26fe6c7c,12932,9.2329,2
669e8f22,15158,9.2329,2
2f9614c6,16352,9.2329,2
3e96de4f,15155,9.2329,2
6b5ed86d,15913,9.2329,2
79abbdbb,15716,9.2329,2
6684b66c,13876,9.2329,2
7e429d44,16931,9.2329,2
27c42dc2,14960,9.2329,2
2b940eb2,13470,9.2329,2
6ee86855,17193,9.2329,2
73685855,12255,9.2329,2
2fe9be06,12754,9.2274,2
72ace9ed,13599,9.2301,2
578a65e6,15248,9.2329,2
147e8ead,13147,9.2329,2
64f346bc,12936,9.2329,2
3979f6b7,16562,9.2329,2
862ab3d,14049,9.2329,2
4f546435,14194,9.2329,2
cc34a82,15436,9.2329,2
4c0f5120,15011,9.2329,2
6ca8b651,16876,9.2301,2
1a92293d,16928,9.2301,2
7345211,12972,9.2301,2
11358f2f,16482,9.2329,2
3ad6b78a,12938,9.2329,2
3886a966,15606,9.2329,2
33d6a48a,12125,9.2329,2
1657dc3b,13752,9.2329,2
2ba66529,16082,9.2329,2
126d48b8,12956,9.2329,2
251e0f78,15764,9.2329,2
26e624a2,14176,9.2329,2
20922600,15989,9.2301,2
88c802d,13139,9.2301,2
109b2338,13788,9.2329,2
74fc6bd,15956,9.2329,2
70281e47,12489,9.2247,2
5a3d216c,14492,9.2329,2
2325a467,14117,9.2329,2
13f65bf0,17227,9.2329,2
6a751d1d,12269,9.2329,2
3b918658,13737,9.2329,2
3e6e9de3,13977,9.2329,2
d6bed03,13640,9.2356,2
3f3f9ac3,13626,9.2356,2
2c631e85,13512,9.2301,2
6e3c73e1,13580,9.2356,2
24f76a40,16758,9.2356,2
76a68828,14820,9.2329,2
4205374f,14136,9.2356,2
7ac959f1,13177,9.2356,2
4fabf795,16608,9.2329,2
5011214a,15045,9.2356,2
123414a8,11456,9.2356,2
7960e6ee,12935,9.2356,2
69e7b108,13287,9.2356,2
30a5d60f,11435,9.2356,2
28615e7,11448,9.2301,2
483ecc7c,16851,9.2356,2
4251c703,13904,9.2329,2
7c2fc4cf,13633,9.2356,2
281455b3,12842,9.2356,2
361feb10,12891,9.2356,2
484e919,15230,9.2329,2
68f4cfa,14676,9.2356,2
cbc2855,14911,9.2356,2
453205b9,14003,9.2329,2
1a49888a,13028,9.2356,2
775ae516,14643,9.2356,2
6f3974,13740,9.2356,2
22103989,16235,9.2356,2
2b452924,17290,9.2274,2
7d9ee91e,13204,9.2356,2
5d4cc1ee,11655,9.2356,2
2e1939e4,11783,9.2356,2
7e3377bf,12958,9.2356,2
7cbd7d54,14156,9.2356,2
76e1adc4,15833,9.2356,2
34ae4a38,12957,9.2356,2
4d195147,11826,9.2329,2
287249d4,13117,9.2329,2
3f32c653,11484,9.2356,2
ba236fa,16224,9.2356,2
4352314a,13978,9.2356,2
79d4ec1d,12452,9.2329,2
507dad2a,16852,9.2356,2
15010330,15541,9.2356,2
42c1a624,15000,9.2356,2
1cd1c6d8,12339,9.2329,2
22d65dfa,13804,9.2384,2
70dce08b,949,9.2384,2
2e364e89,15896,9.2356,2
139fb298,13529,9.2356,2
336049c,12688,9.2384,2
14f974c9,14870,9.2384,2
8a722d9,15759,9.2384,2
66424a27,17141,9.2356,2
5563b097,12481,9.2384,2
a63d9ce,16619,9.2356,2
12aec47f,12256,9.2384,2
3b6383b1,16190,9.2384,2
4f04f588,13801,9.2384,2
46996bab,13475,9.2356,2
19c89e43,12870,9.2384,2
7ab03f7,15522,9.2356,2
13121765,12224,9.2384,2
34cb70bd,16189,9.2384,2
6a5736af,16180,9.2384,2
5c8b6b19,15931,9.2384,2
3e07fc4,12461,9.2384,2
4ae9e2,14768,9.2356,2
190f6539,13921,9.2301,2
6f6b3fce,13367,9.2384,2
683f4299,14216,9.2384,2
68211e05,14536,9.2384,2
3f73ff1a,14299,9.2384,2
7c6f46e9,11759,9.2384,2
4c2f3c8e,17096,9.2384,2
7104d4c9,13727,9.2384,2
36ddbe77,13542,9.2384,2
9d03275,16179,9.2384,2
1be9825c,12317,9.2384,2
7bd87612,13145,9.2329,2
72815882,13593,9.2384,2
5b73dd5c,13024,9.2384,2
53380fdd,15914,9.2356,2
4149c84,15401,9.2384,2
3cc402f2,13279,9.2384,2
7998a10b,14134,9.2384,2
6a4d1f02,16470,9.2384,2
4a9d5e73,16908,9.2384,2
467658ca,16225,9.2384,2
4e88f0ef,15104,9.2384,2
56521640,14566,9.2384,2
7875b805,11784,9.2384,2
6afe7578,12283,9.2384,2
48141a3b,12805,9.2384,2
6849c22a,17079,9.2384,2
397e0cab,14879,9.2384,2
48876796,14361,9.2384,2
176d69c9,12596,9.2384,2
3113b19c,13404,9.2384,2
5515337f,16820,9.2384,2
1b7a6d5b,12126,9.2329,2
425bcbff,12959,9.2384,2
40be2c6c,15613,9.2384,2
3c612693,13306,9.2384,2
c4ada04,13080,9.2384,2
1e84e4c2,12945,9.2356,2
3d264aad,14232,9.2411,2
556fc6ef,12219,9.2411,2
8c6b624,16990,9.2411,2
fedf481,13286,9.2411,2
4501e21c,13289,9.2411,2
552d9582,11779,9.2411,2
5ad1cea8,13757,9.2411,2
78582858,15074,9.2411,2
679b3440,16429,9.2411,2
7b29dce,17218,9.2411,2
3e0a893f,14172,9.2356,2
6afab4d8,17202,9.2384,2
ff5bef0,15598,9.2411,2
79e10ff9,12422,9.2411,2
54fda4f3,11770,9.2384,2
47b20f4f,13288,9.2411,2
2d1b25f7,16496,9.2384,2
127808f8,16553,9.2411,2
2b9bec78,11828,9.2411,2
6392b633,14094,9.2411,2
7c045633,14449,9.2411,2
8c4f0d9,15605,9.2411,2
5a2916f1,14985,9.2411,2
7f431d71,15173,9.2411,2
2e25c9e0,12407,9.2411,2
70cea7d9,12447,9.2384,2
5af3bca7,17185,9.2356,2
5f23c321,14274,9.2411,2
4dafc8aa,13583,9.2411,2
4d456236,11780,9.2411,2
4830e428,14203,9.2384,2
94b1cc4,14869,9.2411,2
2992fb07,12948,9.2411,2
3a926fdf,16137,9.2411,2
5c20ee69,12470,9.2411,2
13fe4061,16444,9.2384,2
4202d3e6,12217,9.2411,2
6b47a0ee,14881,9.2411,2
665896d8,14485,9.2411,2
30cf4849,13280,9.2411,2
51d3fb79,17252,9.2411,2
51a9f46,13753,9.2384,2
538c1fdb,15218,9.2411,2
194b98e3,14777,9.2411,2
570da080,14554,9.2411,2
6bce588,15284,9.2411,2
35fd5043,16192,9.2384,2
70345a9f,482,9.2356,1
4a07fdb9,14711,9.2356,2
633cb7ef,14670,9.2411,2
2b76c1d4,13261,9.2411,2
74d6e3b1,11450,9.2411,2
26e4af16,15953,9.2411,2
537b6446,14215,9.2411,2
4e1e679c,16143,9.2411,2
d16de85,13721,9.2411,2
648cd239,13331,9.2411,2
e095c2e,14753,9.2411,2
1d65fba,13596,9.2411,2
65840fd,13806,9.2438,2
3b47f52d,13698,9.2384,2
1ef636,14286,9.2438,2
66d930d6,15556,9.2384,2
44323237,13197,9.2438,2
29dde4,12937,9.2411,2
4e199165,13005,9.2438,2
443be51,13396,9.2411,2
731b57a9,13033,9.2438,2
26ed6077,11904,9.2438,2
68e54fb3,14821,9.2411,2
4d6d0964,12593,9.2438,2
714dc5c8,12590,9.2438,2
58c27257,12747,9.2411,2
15e14fe0,11802,9.2438,2
63a45ded,16118,9.2438,2
573b1238,15111,9.2411,2
4847ee92,16833,9.2438,2
35c6d07,14592,9.2438,2
1c5dacc3,16884,9.2438,2
38a2a7dc,15597,9.2438,2
13f8d7a2,16438,9.2438,2
643c9831,12704,9.2438,2
468e5e4,17224,9.2411,2
75a27a1e,16641,9.2384,2
5809ac3,11663,9.2438,2
1f3003df,15044,9.2438,2
2032f6cf,12323,9.2438,2
20cf0fe8,14268,9.2411,2
634b99d0,13207,9.2438,2
7d0942e5,15421,9.2384,2
55f6d2d,16494,9.2438,2
32ec67c7,12721,9.2438,2
6a849e3d,13162,9.2438,2
553e1fa4,15638,9.2438,2
2bf6362b,13619,9.2438,2
7a75becd,14993,9.2438,2
34ceb2c8,16061,9.2438,2
112858ca,17253,9.2438,2
432d5596,13994,9.2411,2
bf563aa,14585,9.2438,2
5ca137cf,15988,9.2438,2
1d388661,15157,9.2411,2
4e056304,14009,9.2411,2
23fcdef2,13226,9.2411,2
65ec6aec,15492,9.2438,2
6e4da15d,15424,9.2438,2
3b87fc14,16809,9.2438,2
62556e8b,15188,9.2411,2
7ad3c86,15019,9.2438,2
4dbbb2e7,13227,9.2466,2
762904b5,14727,9.2466,2
4e92267,14310,9.2466,2
7813c911,12589,9.2466,2
a09b2,13723,9.2411,2
49e21e0e,11914,9.2466,2
274542b8,13657,9.2466,2
316c5ce2,15046,9.2438,2
4e5fa2f6,14429,9.2466,2
1ef9e6b6,12438,9.2466,2
6a72a62d,12218,9.2438,2
3a656548,12939,9.2466,2
63ae0e64,14116,9.2466,2
6ef3d02b,15082,9.2466,2
38289a72,15748,9.2438,2
11cf5016,14618,9.2411,2
113842,14514,9.2466,2
13dfdb0a,17297,9.2466,2
879904f,16455,9.2384,2
1a36a2a,12979,9.2466,2
21f2d2de,15798,9.2466,2
5dde0eef,14738,9.2466,2
6cc9e69f,14728,9.2466,2
66808b77,14380,9.2466,2
22bf8400,13818,9.2466,2
38574847,13168,9.2466,2
1b89accc,16715,9.2466,2
79b047f9,17254,9.2466,2
3aa1329e,14039,9.2438,2
27f1434b,11878,9.2466,2
25662282,16257,9.2466,2
73df152e,13345,9.2466,2
2525190d,13412,9.2466,2
82b0b23,14637,9.2466,2
95ae36f,16682,9.2466,2
256dea76,11866,9.2438,2
318bae6b,15945,9.2466,2
3af6ab11,15884,9.2466,2
7b52b3b1,11911,9.2466,2
4002ebbd,13786,9.2411,2
6a54dd7f,14287,9.2438,2
2020b419,12552,9.2438,2
4c34be80,14313,9.2438,2
43952a34,11704,9.2493,2
6356a8c0,15631,9.2493,2
fe6a81c,14362,9.2493,2
2a435585,13887,9.2493,2
43ea2ef3,11815,9.2493,2
510f4532,15584,9.2466,2
29446830,17233,9.2493,2
2bf3faae,15362,9.2493,2
13d8834c,15526,9.2493,2
230713cf,12839,9.2493,2
31883cea,15468,9.2493,2
3b60b2cc,13742,9.2493,2
3b87d703,12502,9.2493,2
6c92f1dc,17106,9.2493,2
7029c712,16476,9.2493,2
77101eea,11674,9.2466,2
70f038e,13260,9.2493,2
235e3a3,13238,9.2466,2
7952fe28,11474,9.2493,2
ec248a6,14568,9.2493,2
7b99ac16,17304,9.2493,2
712e3983,11775,9.2466,2
5c2be4fe,12431,9.2493,2
7bd8cc7d,14978,9.2493,2
321c021e,13754,9.2438,2
32e6f2ed,12723,9.2493,2
2efd0b6f,12840,9.2493,2
2e1fdd12,12644,9.2493,2
104226d5,15529,9.2493,2
2d10d03b,16894,9.2493,2
6e84eefe,15655,9.2493,2
3e234971,14066,9.2493,2
52ad5811,16403,9.2466,2
1599c786,16227,9.2493,2
1c039885,15073,9.2493,2
553976e5,14260,9.2493,2
759067c0,11670,9.2493,2
71f5c5f2,15792,9.2493,2
1829e3f7,14579,9.2493,2
2a0b99bd,16443,9.2493,2
50a3139c,13530,9.2466,2
457d5753,16358,9.2466,2
2accebc9,14357,9.2493,2
345c3e2b,14480,9.2493,2
6b59b707,16681,9.2493,2
1de91da0,16810,9.2466,2
50363f77,16716,9.2466,2
54eee3c,11886,9.2521,2
2389801d,11647,9.2521,2
76589dd1,15159,9.2521,2
17f4c9ea,14895,9.2521,2
65b9ea26,16066,9.2521,2
a5f17e4,16145,9.2521,2
38dba56b,17268,9.2521,2
9519003,14436,9.2493,2
2393b3d5,15281,9.2521,2
55fdc2ee,15653,9.2493,2
22b954c5,14555,9.2521,2
873b40b,12344,9.2521,2
491ecbc5,11905,9.2521,2
51017074,15557,9.2521,2
349467c2,15175,9.2493,2
314028db,13634,9.2521,2
f73283d,13531,9.2521,2
552b6b77,14037,9.2521,2
2387d646,12280,9.2493,2
4296bc67,17288,9.2521,2
3fe76c2f,12711,9.2521,2
7220421e,13014,9.2493,2
6404aea7,16906,9.2521,2
6a7a1183,15758,9.2493,2
1df8fd2f,12434,9.2521,2
6d387c3c,11458,9.2521,2
2c8886aa,13741,9.2438,2
47e72e56,15216,9.2466,2
169315db,14055,9.2493,2
4350c789,16351,9.2521,2
16447cb1,14175,9.2493,2
5e5344ea,15585,9.2521,2
4c8fead3,13722,9.2466,2
18435224,14262,9.2521,2
6278b6e2,11871,9.2521,2
aadc1d1,16658,9.2493,2
3f3985c1,12843,9.2493,2
c533987,15981,9.2521,2
2bbb5149,14736,9.2493,2
3e186da2,17174,9.2521,2
4ffcbea6,656,9.2493,1
3c983d15,15040,9.2521,2
2992b400,16576,9.2466,2
58529962,15083,9.2493,2
72710540,14526,9.2521,2
f7cfe8e,16170,9.2493,2
33f269d5,13783,9.2548,2
5fbdfdf5,16507,9.2493,2
1e340a9b,16853,9.2548,2
7f277f40,15114,9.2548,2
70bc95a6,16924,9.2548,2
5062ee1,14947,9.2548,2
6de62841,15445,9.2548,2
4dfa58e9,13575,9.2548,2
963e369,13420,9.2493,2
3d26a582,15497,9.2548,2
61de3647,16726,9.2548,2
7efc0785,11908,9.2548,2
6812cb98,13373,9.2521,2
4d556df6,17075,9.2521,2
609079ad,13034,9.2548,2
70ec07f6,12980,9.2548,2
6e32f641,14452,9.2548,2
1082ae14,11457,9.2548,2
73bce0b8,15016,9.2548,2
210b365f,14608,9.2548,2
63ff8a8e,16030,9.2521,2
1a06e84e,14866,9.2548,2
1ff10714,16626,9.2521,2
bdc8d72,16855,9.2493,2
3b28a02e,15041,9.2548,2
1468dd7d,16566,9.2548,2
39810326,14965,9.2548,2
2e5f7aa5,16527,9.2548,2
4107c501,12284,9.2521,2
13d67b69,14178,9.2575,2
22ffd206,13581,9.2575,2
77201eae,14935,9.2548,2
870e286,13169,9.2575,2
28ddcdd2,15425,9.2575,2
74ee452d,17225,9.2548,2
3ccf070,13809,9.2575,2
ca7565d,14616,9.2575,2
130530b1,16228,9.2575,2
60626778,15867,9.2548,2
37159a45,17172,9.2575,2
7cc37feb,13582,9.2548,2
6aba6b67,16687,9.2575,2
4ad2a946,11743,9.2521,2
4c134a1c,12881,9.2575,2
28b87c9e,16895,9.2575,2
1e1bc26a,13514,9.2575,2
17c931eb,14574,9.2575,2
47cb0f0,13026,9.2575,2
33acca91,16086,9.2548,2
2a06cd9e,11672,9.2521,2
70cabe1,17147,9.2575,2
709675bc,11829,9.2575,2
17c61d37,14065,9.2575,2
7cfee300,12436,9.2548,2
3c367667,17207,9.2548,2
370cbb74,15219,9.2575,2
1b4e4ee7,15569,9.2548,2
4556720c,12950,9.2575,2
7132b54f,16075,9.2575,2
4e3b6f45,11907,9.2548,2
41b1adab,16249,9.2575,2
681a18c5,13601,9.2521,2
2861ea0c,17286,9.2575,2
5ed12b1e,17250,9.2575,2
4b0536c6,14979,9.2548,2
71516f8,12598,9.2521,2
2083bd9c,13149,9.2575,2
775deb49,12954,9.2548,2
509368df,15119,9.2548,2
158c5062,15012,9.2575,2
749fbce7,14336,9.2575,2
3a0126fd,12672,9.2575,2
753137c,14269,9.2548,2
528d834c,11475,9.2575,2
68b4eba7,16847,9.2575,2
44e62e7b,655,9.2575,1
3e6b06cc,16451,9.2575,2
d6483e7,16563,9.2575,2
71cd2b75,15501,9.2575,2
225beed0,11461,9.2575,2
57bb9916,15654,9.2575,2
3100b84b,14381,9.2603,2
290eab9d,16390,9.2575,2
545efd02,14358,9.2575,2
5f26bdb6,13715,9.2575,2
6bd084f9,13398,9.2603,2
375e885d,14811,9.2575,2
14cbd559,14718,9.2603,2
7eea117b,14284,9.2603,2
1172b513,14453,9.2548,2
510e23b3,15610,9.2575,2
18a9b192,16907,9.2603,2
52addb00,16688,9.2575,2
46d590e7,14144,9.2603,2
1886ad11,14597,9.2603,2
364906b3,14319,9.2575,2
3297e744,17271,9.2575,2
ede5fcd,14580,9.2603,2
231d8522,13716,9.2603,2
503f125c,13820,9.2603,2
2c630fa1,15481,9.2603,2
6318ab9a,16406,9.2603,2
45bab086,14639,9.2603,2
7c40b518,17091,9.2603,2
6dbff79f,14656,9.2603,2
1ce333b3,12591,9.2603,2
5995e38e,14515,9.2548,2
7f77d75d,13201,9.2603,2
6f5976b5,13310,9.2575,2
7dc867ce,13472,9.2603,2
bb7726a,14606,9.2603,2
4a3b917e,17293,9.2603,2
6ef3ba52,13600,9.2603,2
503b4655,17243,9.2603,2
602f5a1a,12710,9.2603,2
5abefa84,16259,9.2603,2
76899700,13165,9.2603,2
5db82a9,15530,9.2603,2
fd875a9,14577,9.2603,2
5ad988e0,16231,9.2603,2
15bd11c2,13487,9.2603,2
2f36b5e2,12882,9.2603,2
8117f32,14456,9.2603,2
76a1a467,16068,9.2603,2
3a98f227,16471,9.2603,2
4756d7b7,15189,9.2603,2
5dd5e31a,17229,9.2603,2
3730cbac,15414,9.2575,2
26acf65b,13228,9.2603,2
5bd82163,11439,9.2603,2
2ac2bec0,15061,9.2603,2
58fd45b1,17306,9.263,2
2db62b98,11816,9.2603,2
19226edb,634,9.263,1
3eb87a5,16433,9.263,2
3ce00da6,16246,9.2603,2
55d1d11d,13315,9.263,2
e021746,13397,9.2603,2
64ff776f,11723,9.263,2
45cf4eb,14659,9.263,2
5bd58d6a,16445,9.2603,2
7088af91,15834,9.263,2
6764368b,17258,9.263,2
79c2a506,14208,9.263,2
2c36278,17217,9.263,2
6673a00c,12844,9.263,2
3db08c78,17259,9.263,2
1d6a393c,16718,9.2603,2
7cf1efa,14209,9.263,2
1adafd79,14596,9.263,2
6d938d95,15499,9.263,2
2b053ec2,13297,9.263,2
47834431,15962,9.2603,2
aff488d,14296,9.263,2
7bf19362,12343,9.2603,2
4f01e866,14640,9.263,2
790051f0,15958,9.263,2
17b7d3a1,15115,9.263,2
54b4af1f,13819,9.263,2
2a3a0c21,15426,9.263,2
23a94c68,15882,9.2603,2
58dd163c,16031,9.263,2
57ebb42,14815,9.263,2
4e86bea0,11440,9.263,2
744330a5,14067,9.263,2
1de0f849,13328,9.2603,2
2506fc20,17073,9.2658,2
2dbc613f,14300,9.263,2
5d686b61,11879,9.2658,2
30c3be71,16023,9.2603,2
2afb2a90,14135,9.2658,2
64800369,16512,9.263,2
7aad4ffb,17305,9.2658,2
3027ca67,11873,9.2658,2
766ed32c,16491,9.2658,2
57b056e9,14810,9.263,2
67957ad3,13206,9.2658,2
53f2f98,16615,9.2658,2
24ec4925,13190,9.2658,2
40939d9a,12324,9.2658,2
50d1c0e4,13979,9.2658,2
583d309,13532,9.263,2
436017fd,13579,9.2603,2
1f432d46,11854,9.2658,2
414b18aa,15359,9.2658,2
7f0479d6,14737,9.263,2
5a4b8011,16253,9.263,2
19d7bb5a,15482,9.263,2
1ff89c3b,14298,9.263,2
6ef4926,13027,9.2575,2
220ae2,14218,9.2658,2
4e52f63,13189,9.263,2
240b7cd7,16929,9.2658,2
7f493529,15944,9.2658,2
393f59f,13986,9.2658,2
13768a15,16693,9.2658,2
6c64a168,17040,9.263,2
1a340766,13338,9.2658,2
5a3221b0,14567,9.2658,2
46111864,16139,9.2658,2
61901491,12409,9.2658,2
2836862a,16174,9.263,2
1c314069,16354,9.2575,2
7a3f318,15415,9.263,2
4decc8d0,14774,9.2658,2
21ec5815,17287,9.2658,2
63c21d3d,15282,9.2658,2
2ddeeb19,14493,9.2658,2
4c8b46af,13949,9.263,2
4af7378f,14812,9.2658,2
23c85a08,12430,9.2521,2
7994fb4b,13488,9.2658,2
6f3c64e8,16254,9.2658,2
3b8e1143,16116,9.2658,2
7aa5c1de,11705,9.2603,2
1989ef84,16991,9.2575,2
5af70420,15393,9.2658,2
5cd94930,13327,9.2658,2
4e7f296,15572,9.2658,2
8f0ddc6,16896,9.2685,2
5ce38e28,12683,9.2685,2
a148839,12953,9.2685,2
433fc192,16140,9.2685,2
218b1bd1,17291,9.2685,2
6d38fbab,14454,9.2658,2
1a432e34,12272,9.2685,2
4e971548,15006,9.2685,2
1453ce57,13985,9.2603,2
76a0e0e5,13574,9.2658,2
29ddbe1e,17230,9.2685,2
50f17d67,16508,9.2685,2
5340cbc3,13029,9.2685,2
596b868a,12271,9.2658,2
1d82fef7,15607,9.2685,2
4643a265,15156,9.2658,2
138877bd,15017,9.2685,2
1652fc90,15587,9.2685,2
1c2dddeb,15865,9.2685,2
47a61481,13781,9.2685,2
17c3b657,17204,9.2685,2
16747e43,14594,9.2685,2
aed1509,16076,9.2685,2
c39a1ce,16247,9.2658,2
64443be3,14217,9.2685,2
1abf62ca,12379,9.2685,2
563c2192,15839,9.2685,2
133139f6,16244,9.2685,2
194a54c9,13976,9.2685,2
2c79a7c5,14023,9.2658,2
6b37ce1b,12325,9.2685,2
69271a8a,16719,9.2658,2
73c370d1,17044,9.2685,2
38e49e7c,17046,9.2685,2
5942512a,12432,9.2685,2
b8ec1d9,13263,9.2685,2
860f3c2,17276,9.2658,2
60cd4fe7,15417,9.2685,2
48432e5c,15498,9.2685,2
7cc63afc,14641,9.2685,2
3b7f5647,17301,9.2685,2
37c6ef4f,17238,9.2603,2
3837f496,11847,9.2685,2
320f3600,12437,9.2685,2
1d657b9d,15959,9.2658,2
7fd3eb67,11771,9.2685,2
7f6fcf45,15935,9.2685,2
787b177a,13262,9.2685,2
330f8143,16959,9.2658,2
5367dc96,12673,9.2658,2
7ced5f9f,14865,9.2712,2
52733458,14746,9.2712,2
54521257,14558,9.2685,2
68a5eb81,14705,9.2712,2
729329ab,14367,9.2712,2
6b135358,14654,9.2712,2
2738017a,15154,9.2712,2
3dd9ab23,13257,9.2712,2
12d192bd,14115,9.2685,2
50b75362,17260,9.2712,2
1b2d7cd8,15615,9.2712,2
7b97c7c3,14586,9.2685,2
f71bc0b,16811,9.2712,2
7b296a4c,14010,9.2712,2
1d4ec4bb,15770,9.2712,2
7098d067,14177,9.2712,2
68ede4,13267,9.2712,2
6aae82c8,17257,9.2712,2
1a15e8f9,15241,9.2685,2
2cb80834,16083,9.2712,2
6bf8c78a,15902,9.2712,2
75deb0ff,13782,9.2712,2
40b9dc9d,13311,9.2685,2
2cac9516,15146,9.2712,2
1c5c39e,16700,9.2712,2
19cc211,16755,9.2658,2
fcfbb8b,16355,9.2712,2
47838b41,14638,9.2685,2
125709e7,14263,9.2685,2
6546ea9f,16727,9.2712,2
378da43a,14896,9.2712,2
68f5791c,13424,9.2712,2
f1eb259,14210,9.2712,2
7dff43d2,16426,9.2712,2
26fd06af,13592,9.2712,2
6503a6f5,13632,9.2685,2
1f754c76,13427,9.2712,2
18937d99,12326,9.2658,2
2a15a249,13584,9.2712,2
5695c85a,16389,9.2685,2
2e59e873,13816,9.2712,2
1bfa0732,16181,9.2685,2
511fb918,16825,9.2685,2
1806de61,15527,9.2712,2
60a91223,14987,9.2712,2
1527435,16042,9.2712,2
4ada30ba,15656,9.2685,2
64010a56,11485,9.274,2
4c1124ff,14884,9.274,2
5ef01294,16653,9.274,2
45b4b610,15976,9.2712,2
67abbd2c,16258,9.274,2
290b474a,12429,9.274,2
6c78a848,16759,9.274,2
7df91cc7,12253,9.274,2
1bf14475,14270,9.274,2
324273e1,13329,9.274,2
5226478f,16614,9.274,2
28cb68c0,14072,9.274,2
5a729f43,14645,9.2712,2
21646b96,16702,9.274,2
8f7bd1a,14258,9.2712,2
6fbb576,14457,9.2685,2
290b0a9e,14776,9.2712,2
49713a0f,17099,9.274,2
3f95912a,14899,9.2712,2
4b4bc06c,13925,9.274,2
7e61ab72,13209,9.274,2
fcf11da,14278,9.274,2
4f2ef36e,15060,9.274,2
5af31247,15609,9.274,2
293a0850,14779,9.274,2
5e0c8d6c,13821,9.2712,2
6681b040,12904,9.274,2
722ca423,13746,9.274,2
24a2f7fd,12588,9.274,2
5d2303b1,14053,9.2712,2
677e9294,12410,9.2685,2
c163d8b,15558,9.2712,2
3f382eeb,17205,9.2712,2
5834b4b0,16960,9.2712,2
7ac38c36,17251,9.274,2
693a5bc8,13547,9.274,2
54fdc901,11713,9.274,2
2accfa03,14886,9.2712,2
4c086150,16427,9.274,2
77579702,16509,9.274,2
4d58fd28,16138,9.2712,2
90a62,16343,9.2712,2
f04e9d2,16456,9.2712,2
2dd232fa,15838,9.274,2
44a080b7,17148,9.2712,2
4e9b84b6,15573,9.2712,2
9d8c91e,13163,9.274,2
689dd1d,16932,9.274,2
2eebfe67,16703,9.274,2
6e0e7635,14011,9.274,2
7ca2e176,16567,9.274,2
2181314e,11887,9.274,2
340baaca,16570,9.274,2
45e272ea,15881,9.2685,2
58c00bbd,14516,9.274,2
3382f882,17208,9.274,2
5ab649c2,16933,9.274,2
956784d,12905,9.274,2
4789d9f2,14900,9.274,2
5a8d2b00,14619,9.2767,2
c15055c,13817,9.2767,2
54d07a80,13602,9.2767,2
347cc79b,16036,9.2767,2
7032de70,12475,9.2767,2
18a261ed,14646,9.2767,2
497a140b,16694,9.2767,2
3c39a840,14236,9.274,2
6bead13d,12327,9.2767,2
d4d536e,13336,9.274,2
6909fc9,14073,9.2767,2
66be623,15020,9.2658,2
4a3f71fe,15287,9.2767,2
2d0e8df4,14780,9.2767,2
7b570d58,16250,9.274,2
4da261c,14306,9.2767,2
740d3c88,14302,9.2767,2
1734f37a,12320,9.2767,2
63c538a3,15886,9.2767,2
61fbfcd4,16020,9.2712,2
1a9bb51d,14277,9.2767,2
aba6e0a,12449,9.274,2
3bbb5e22,16578,9.2767,2
6203058c,14458,9.2767,2
7f779c38,12309,9.2767,2
266477e2,15479,9.2767,2
474f7742,13399,9.2767,2
3d1a3542,16958,9.2685,2
7ecff885,14314,9.2767,2
7b114bd9,13140,9.2767,2
47d8d69e,11867,9.2767,2
2b844b02,14455,9.2685,2
2a8e8527,14431,9.274,2
5b305c2c,17234,9.274,2
5add1df2,17107,9.2795,2
643e0bc,16090,9.2795,2
538881f0,16434,9.2795,2
df1911b,16446,9.2767,2
54f96db5,11714,9.2795,2
66f9d855,13325,9.2795,2
7169527b,13620,9.2795,2
68233f06,13351,9.2795,2
70116c04,13763,9.2767,2
6f1a3376,13266,9.2767,2
478965b0,16734,9.2795,2
7c481db0,14617,9.2767,2
7c22f71,15634,9.2795,2
397d3d7c,14038,9.2795,2
35d56b06,14843,9.2795,2
94c4591,13312,9.2795,2
57c1ca02,13076,9.2795,2
1f634a6e,15394,9.2795,2
4fa50223,13770,9.2795,2
4498fff5,17095,9.2795,2
5136dd8a,14477,9.2795,2
44a6894a,12406,9.2767,2
3abd7af0,12700,9.2767,2
3f8867f3,16260,9.2767,2
585bde3b,12712,9.2795,2
3f669237,14145,9.2795,2
6e5d05d1,14587,9.2795,2
12164016,16423,9.2795,2
7b055a82,16856,9.2795,2
10e970c9,13476,9.2795,2
14bafe69,14867,9.2795,2
1f4631e3,14140,9.2767,2
145d242e,13330,9.2767,2
19b3dc57,15418,9.2795,2
39853987,15047,9.2795,2
7a8fc168,13462,9.2795,2
90d4ac0,14368,9.2795,2
59bb2d07,15977,9.2822,2
54e82ef3,16039,9.2822,2
533e015d,14054,9.2822,2
436743bc,13779,9.2822,2
47e74e39,16119,9.2822,2
52ed6f80,14017,9.274,2
717aa869,16327,9.2822,2
8797f59,14557,9.2822,2
75926ee9,15013,9.2767,2
4cba9eb4,14629,9.2795,2
3a20dc89,14369,9.2795,2
686fe9dd,14207,9.2822,2
68275eaa,15427,9.2822,2
2b676740,11724,9.2822,2
4d64b1e3,17273,9.2822,2
1ee45238,16555,9.2822,2
5533c9c5,13951,9.2822,2
4a0f11dc,16450,9.2795,2
7b31fc7,17214,9.2822,2
177e2516,16321,9.2822,2
7ffd75b3,16568,9.2822,2
37ae5cf6,16823,9.2795,2
344bf668,17142,9.2767,2
2b999a01,16760,9.2822,2
4da94cf1,13705,9.2822,2
59ede81a,17235,9.2822,2
33d532a8,14024,9.2822,2
67aa7180,13082,9.2822,2
327ebdf9,14142,9.2822,2
55507025,15535,9.2822,2
5b10e347,14481,9.2822,2
5e144aa9,14679,9.2822,2
521960ba,17298,9.2822,2
6402ffdb,12689,9.2822,2
23d407d7,14440,9.2822,2
75539ad0,15866,9.2795,2
6cd62870,12678,9.2822,2
1fd9fe16,16041,9.2849,2
61babf78,13015,9.2849,2
1c30b885,15963,9.2849,2
75dc34c9,15486,9.2849,2
289417aa,14532,9.2822,2
78ed75e0,15028,9.2822,2
61001ee8,29776,9.2849,18
6362a24b,12920,9.2849,2
3cc34d11,13944,9.2822,2
756e147d,12741,9.2849,2
7dcf743d,13150,9.2849,2
6e9e5c11,15176,9.2849,2
f08e874,16103,9.2849,2
ac0c814,13526,9.2849,2
27b7da60,13666,9.2849,2
c3030ec,13546,9.2849,2
c282bed,15365,9.2822,2
104a80ad,16497,9.2849,2
58c98198,12321,9.2822,2
54c572fd,14430,9.2849,2
579fbec2,16415,9.2849,2
6e22740b,14382,9.2849,2
19ff4ccb,15003,9.2822,2
5df4e8b1,17048,9.2849,2
49a567d6,15377,9.2849,2
3688b685,13353,9.2849,2
55f22d8b,13813,9.2849,2
90e82d5,13980,9.2849,2
2fb9f6e4,16627,9.2849,2
4dc0af12,11432,9.2849,2
5e8d481c,15018,9.2849,2
29ba0a0d,13888,9.2849,2
3e0f04b1,16925,9.2822,2
449923cd,14437,9.2767,2
7a55f88e,14479,9.2849,2
1a3b2ff6,490,9.2767,1
52cbab9c,15223,9.2849,2
142707f8,14057,9.2849,2
41630c7a,17149,9.2849,2
2e4df3f,14882,9.2849,2
d7c13b4,13597,9.2849,2
21c8dd24,11809,9.2849,2
789105bb,12462,9.2849,2
5c2830b1,11818,9.2849,2
109554b1,16091,9.2849,2
31a47933,13313,9.2822,2
56e2b3de,14498,9.2877,2
26aec864,12940,9.2877,2
3b9ed9b8,16104,9.2877,2
29614219,15528,9.2877,2
4dfaad68,13627,9.2877,2
6ade78a8,13178,9.2877,2
3a63607f,15145,9.2877,2
35fbe8e5,15363,9.2877,2
45ea310b,14955,9.2849,2
777d3d92,13755,9.2877,2
542fd8ee,14174,9.2877,2
29d8007e,11880,9.2877,2
4faa735f,11877,9.2849,2
4d2de1fb,13450,9.2877,2
6cec00b9,14898,9.2877,2
7263311b,16256,9.2877,2
58217f11,17053,9.2877,2
7aa17fd7,15994,9.2877,2
764451f2,14844,9.2849,2
49f79afd,14052,9.2849,2
3d3bd289,16556,9.2849,2
1dc45dc8,15285,9.2877,2
9683f7b,15416,9.2822,2
4ece7096,14233,9.2822,2
44199f32,14330,9.2822,2
3925b21f,14012,9.2877,2
35eee899,15174,9.2795,2
64e13c00,14706,9.2877,2
3fe0f15f,14981,9.2877,2
6b7fec90,12408,9.2877,2
546ac62a,12345,9.2849,2
699d56f1,15531,9.2877,2
514f3894,13889,9.2877,2
45405541,14620,9.2877,2
769a5a09,17092,9.2877,2
47998055,17239,9.2877,2
7bad82c3,15451,9.2877,2
44307c89,17209,9.2795,2
6c137703,14401,9.2877,2
37098ec,16879,9.2849,2
2b3ecd9d,14227,9.2877,2
202e6b87,17302,9.2877,2
67bd8f3f,14980,9.2877,2
10e147a4,13603,9.2849,2
4dee2200,16683,9.2877,2
1ecf1a69,14160,9.2877,2
1580baf8,15753,9.2849,2
10c51074,13766,9.2877,2
69177e26,17150,9.2877,2
4eb8571,11404,9.2904,2
fc6038b,15658,9.2904,2
3384ce51,17134,9.2904,2
557e861a,17188,9.2904,2
4539b137,14677,9.2904,2
7a5c2840,16834,9.2904,2
6fbf971c,16722,9.2904,2
4ed082a7,14648,9.2904,2
46683243,16193,9.2904,2
7d4bde36,16980,9.2904,2
5ded0ce6,16322,9.2877,2
65d5774f,15903,9.2904,2
4e796730,12342,9.2877,2
5a2a9624,15288,9.2904,2
7b1337cf,12684,9.2904,2
47611e2,16037,9.2904,2
38bd105,16120,9.2904,2
1d7cdea4,14264,9.2849,2
36b477ae,15437,9.2904,2
5b45dbb0,11919,9.2849,2
3371d6af,17222,9.2904,2
7bc3822,13494,9.2877,2
5a62d229,16883,9.2904,2
4ffed7cc,16850,9.2904,2
7207a432,16408,9.2904,2
25739537,15036,9.2904,2
141cef78,11725,9.2904,2
6f155753,15992,9.2904,2
58a39448,16733,9.2767,2
61da7827,13706,9.2877,2
2e33761a,12902,9.2904,2
29ac651c,16435,9.2904,2
5d273b8b,17146,9.2904,2
19e2e5b3,13043,9.2904,2
2bcbade8,13631,9.2904,2
1efd9d2d,16255,9.2904,2
41dcd1ff,15632,9.2877,2
7a62061a,13802,9.2904,2
2ed352da,14020,9.2904,2
7423bb98,14420,9.2932,2
6f1b2273,14534,9.2877,2
271ec19,13987,9.2849,2
1a687556,15292,9.2932,2
70970d8f,13167,9.2932,2
1aaf9751,11747,9.2932,2
73b900e7,17236,9.2932,2
7e253bad,16331,9.2932,2
4e7a5eaf,13758,9.2932,2
3696aa93,15116,9.2932,2
5065b60f,16345,9.2932,2
6b603adc,14966,9.2932,2
3c4f8c4e,14159,9.2932,2
3f8e7b66,12899,9.2795,2
7edfce83,16447,9.2904,2
2bb985ed,16704,9.2932,2
42266756,17261,9.2877,2
621dcc28,15422,9.2932,2
287a0314,15868,9.2904,2
6817c7a9,16554,9.2877,2
240ec486,13141,9.2932,2
1d6d9d6f,15077,9.2904,2
651cc416,11476,9.2904,2
55631b86,15649,9.2849,2
210fc8e,12349,9.2932,2
1f2a3845,597,9.2959,1
1766772a,13882,9.2959,2
1b03ba05,17206,9.2932,2
44ae69bb,16234,9.2932,2
2d79c09d,13243,9.2959,2
7b057014,14609,9.2959,2
29fdb106,15448,9.2959,2
648f2094,12220,9.2959,2
79169b0,16660,9.2959,2
57c42c86,14610,9.2959,2
1375d2f9,12898,9.2959,2
e63cb83,12646,9.2959,2
2b3ff16,14104,9.2932,2
746543da,16695,9.2932,2
49bab5b5,14307,9.2959,2
3c97633c,13463,9.2932,2
599550d2,12921,9.2959,2
44435fb9,14739,9.2959,2
1a66af78,13725,9.2932,2
6edb69c,12922,9.2932,2
5043e5ca,15756,9.2959,2
750d6553,15007,9.2959,2
1a978078,17041,9.2959,2
2b6d52dc,16564,9.2959,2
4df25a6,16961,9.2932,2
6fed3af7,16430,9.2959,2
7bb76099,13585,9.2904,2
7154fda4,16080,9.2959,2
30eebae0,14486,9.2959,2
49a8a690,12691,9.2959,2
4d615b4e,13021,9.2959,2
4bddea97,14317,9.2904,2
1db29795,13983,9.2932,2
58ce1779,13810,9.2959,2
5b721639,16992,9.2904,2
1f328c05,16510,9.2959,2
3b9f5426,14068,9.2959,2
55bacc2d,16432,9.2986,2
a60c537,15275,9.2986,2
186d368c,13142,9.2959,2
321862ff,14056,9.2904,2
1a45de1a,17088,9.2986,2
119c3bf3,16043,9.2986,2
50636382,15378,9.2986,2
1c15d440,14265,9.2986,2
5e33bacc,13208,9.2986,2
7195dbc1,15356,9.2986,2
48eed147,15993,9.2904,2
4bc73b0f,13355,9.2986,2
211deceb,15449,9.2986,2
151c43dc,15068,9.2959,2
4ad5892e,15559,9.2959,2
7a2cd110,14432,9.2986,2
65afa12f,16761,9.2986,2
2e1bb16b,16813,9.2959,2
53efe2e,29823,9.2822,18
602f7af7,15357,9.2986,2
2132fde4,11477,9.2986,2
3efdee15,17231,9.2986,2
17dad78d,13075,9.2986,2
fe4ba80,14118,9.2986,2
7c87c2fe,14337,9.2986,2
6764e75b,12955,9.2986,2
26432285,12260,9.2986,2
c59bc77,12528,9.2986,2
4e0b0f30,15221,9.2986,2
e956795,13707,9.2932,2
317d2bc8,14354,9.2986,2
1dc1433c,15978,9.2959,2
70869394,13239,9.2986,2
436e0abd,11436,9.2986,2
1b954a73,14528,9.2986,2
5fcb70a6,14751,9.2986,2
2a5d30dc,14153,9.3014,2
1955fcc8,15366,9.2986,2
3f99c2ec,13290,9.2986,2
28a2fb43,15087,9.3014,2
56553136,15633,9.3014,2
19f019ff,16901,9.3014,2
6a0547e7,13017,9.3014,2
23c88802,657,9.3014,1
2c68e0b1,16701,9.3014,2
6ff0ee30,15289,9.3014,2
5975ecba,16689,9.3014,2
6fbf1fb9,17086,9.2959,2
66b27c34,15841,9.3014,2
db4653b,13767,9.2986,2
65dd9bd3,14329,9.3014,2
133bbbee,17135,9.2986,2
661d2661,16013,9.3014,2
48ae1a24,29821,9.3014,18
412403e1,15799,9.3014,2
f8e24e0,12428,9.3014,2
af255e,16328,9.3014,2
38686055,15574,9.2986,2
593247b2,13885,9.3014,2
27e5d150,14887,9.3014,2
5e199527,15983,9.2986,2
55a35ff8,14014,9.3014,2
25882c79,13241,9.3014,2
6eccf0ad,13784,9.3014,2
672ac375,12328,9.3014,2
4c2b1580,12685,9.3014,2
13cee0a8,13548,9.2986,2
7588c21a,12751,9.3014,2
1107d336,15754,9.2986,2
18471023,14152,9.3014,2
29c75935,14471,9.3014,2
1aecd605,13800,9.2986,2
35dd380d,13120,9.2986,2
7afc9971,15169,9.2986,2
15bbf09d,14950,9.2986,2
6a61dee,17240,9.2986,2
37fad99,12808,9.2986,2
7a06afc1,16356,9.3014,2
26c7eddc,14499,9.3014,2
6cb2de81,13099,9.3014,2
4a80a081,15450,9.2986,2
5a4de794,15033,9.3041,2
157a33bb,13085,9.3041,2
c4a95c5,15599,9.3041,2
7c0ecda8,14901,9.3041,2
7676141b,12758,9.3041,2
43323c06,13768,9.3014,2
7112830,13047,9.3041,2
5f2d71aa,13726,9.3014,2
5658132f,13959,9.3041,2
19bd7098,13595,9.3014,2
78dbf865,15982,9.3041,2
4b3dbda5,15904,9.3041,2
45e35c5a,14137,9.2959,2
71f7d56d,14548,9.3041,2
3bc427b,15050,9.3041,2
254a173c,14365,9.3041,2
7a148e43,11405,9.3041,2
4a770cdf,14644,9.3014,2
350770d1,14315,9.3041,2
54c95390,15588,9.3041,2
21cf4dc2,15523,9.3041,2
7ff7b92e,12347,9.3041,2
5181d199,14138,9.3041,2
71f8cff9,15973,9.3041,2
6f335785,1050,9.3041,2
34c9a6fc,13625,9.3014,2
40822469,12553,9.3041,2
76355782,13765,9.3068,2
4185c9ba,13256,9.3068,2
34ff2170,14434,9.3068,2
4d789f55,29830,9.3068,18
1347205,13198,9.3068,2
11ad583f,16696,9.2986,2
7e8a8ba9,15459,9.3041,2
33b3c1a9,16998,9.3068,2
3ab872bd,16885,9.3014,2
41afa975,13451,9.3068,2
6bd2a52a,14404,9.3068,2
46c19f70,16756,9.3041,2
3f95308f,16436,9.3014,2
3cdc209,16723,9.3068,2
7dc8ccaf,14442,9.3068,2
3738f679,16654,9.3068,2
213fa959,14271,9.3068,2
4c8ffafd,14105,9.3068,2
7799ea77,14847,9.3068,2
2bf29917,13823,9.3068,2
191cdd76,17143,9.3068,2
3b16efad,17042,9.3041,2
7e241c3,13352,9.3041,2
735d2d3b,13422,9.3068,2
5b4b5507,13604,9.3014,2
68200481,16346,9.3068,2
50d281a0,15575,9.3068,2
452b2e20,14680,9.3096,2
3a424278,13747,9.3068,2
559727bb,14290,9.3096,2
6a81f3a8,16806,9.3096,2
4449b8ef,14581,9.3096,2
2ca5b8eb,14025,9.3096,2
683ef35e,14593,9.3096,2
74f89a57,15545,9.3096,2
7d7fdae7,16569,9.3041,2
7c9c5743,14291,9.3096,2
6327ef8d,13665,9.3041,2
53bdfb9c,13995,9.3041,2
5096bbee,12482,9.3096,2
4eaec8f0,11748,9.3096,2
60458cb8,29822,9.3096,18
be024bd,13258,9.3096,2
12290d2f,17223,9.3041,2
2c81c37e,14533,9.3096,2
2ef475ed,14846,9.3096,2
246502ba,16499,9.3096,2
4bd8e216,14339,9.3096,2
73895ad5,13963,9.3096,2
299361fe,16453,9.3096,2
24c5223c,11433,9.3096,2
2801bce0,15974,9.3096,2
d83eec5,16233,9.3041,2
116714c7,13822,9.3096,2
23491b84,14013,9.3096,2
2e901913,12348,9.3123,2
b53569d,13824,9.3123,2
69eee89b,635,9.3123,1
22bbaa1c,12221,9.3123,2
49c510f4,12440,9.3123,2
67b3c05e,14181,9.3123,2
e33f996,14370,9.3123,2
37df14d,14937,9.3123,2
7645958b,14470,9.3123,2
9d13a15,15975,9.3123,2
68f2c96b,11831,9.3123,2
11ba451b,15643,9.3123,2
1179c772,15367,9.3123,2
4b09736a,14517,9.3014,2
2b6d3c32,16721,9.3123,2
4b88f98c,16059,9.3123,2
35cfd807,13094,9.3123,2
761ec138,13291,9.3068,2
3c542be8,16412,9.3123,2
760c6eb2,13339,9.3123,2
3e22b5d9,14482,9.3123,2
7a44bd66,11486,9.3096,2
31805dc9,13576,9.3096,2
31975dc0,15286,9.3123,2
24fbccbe,11874,9.3123,2
7b0bfaca,14719,9.3123,2
3e1b9182,13199,9.3123,2
48d69e77,16500,9.3096,2
43a4b3f0,16149,9.3123,2
39401906,15771,9.3123,2
1d39694e,16993,9.3123,2
61e079b8,15419,9.3123,2
7bd7d47,15120,9.3151,2
46945a56,13175,9.3151,2
3e0cdc9f,17199,9.3151,2
278d3d93,15500,9.3068,2
613c12ab,15253,9.3123,2
6829b109,14962,9.3096,2
a66280d,16886,9.3123,2
66dd3b43,13756,9.3123,2
3e6deb23,14405,9.3068,2
1be9a41e,14035,9.3151,2
20f4d12e,12439,9.3151,2
2ffce150,15470,9.3151,2
7e19337f,16914,9.3151,2
2806a1f6,14720,9.3151,2
2e7d6879,14650,9.3151,2
66c3ea87,16044,9.3151,2
51f6bfeb,12441,9.3123,2
4c62ad32,14649,9.3123,2
9192a67,14961,9.3151,2
70777e11,16565,9.3151,2
149a9e13,14740,9.3151,2
4d48ba8f,11915,9.3096,2
d42eb53,11726,9.3151,2
460e9b1c,16915,9.3151,2
624efc8,16232,9.3151,2
37521eee,15160,9.3151,2
6a2bbb1b,15423,9.3151,2
7389f792,14316,9.3123,2
30560b0b,13374,9.3151,2
eb0a141,13988,9.3096,2
6defa4a1,14040,9.3151,2
14b2dbb7,14858,9.3178,2
3c7f4f69,16330,9.3151,2
26d66446,11441,9.3178,2
72d95fb,14483,9.3178,2
c9c96f6,14661,9.3151,2
ef18bb1,17097,9.3178,2
1b903a7d,15460,9.3178,2
70f9f6b9,16697,9.3178,2
18bae576,12463,9.3178,2
1a1459d3,15611,9.3068,2
4eee73d7,16836,9.3178,2
cddb3e,16661,9.3123,2
3fbea9a0,17103,9.3178,2
70606a74,12453,9.3178,2
48827f6a,13092,9.3178,2
26f8496f,15002,9.3178,2
6b127fe2,14366,9.3151,2
6cc117b9,14578,9.3178,2
1f81f39f,12682,9.3178,2
44a3b62a,15639,9.3151,2
dfa6882,14998,9.3151,2
298c63cf,15231,9.3151,2
20f42ce0,13200,9.3151,2
54e18581,14902,9.3178,2
d2a7bd1,29790,9.3178,18
c38d5b8,13083,9.3068,2
2131c10f,13960,9.3178,2
72785aeb,15635,9.3178,2
2ca8afec,13962,9.3178,2
743dfa75,12809,9.3123,2
20b43699,15469,9.3178,2
2a17e3d0,13148,9.3151,2
6048663f,13423,9.3205,2
9766215,15757,9.3205,2
1283df1c,17105,9.3205,2
71fb7ff,13259,9.3178,2
24c540bd,15084,9.3205,2
1e19e8fa,14119,9.3205,2
1df6d252,15291,9.3205,2
126ebf1a,13069,9.3178,2
68b442e7,14069,9.3205,2
667a37e4,13018,9.3151,2
37754de9,13406,9.3014,2
5004a272,12742,9.3178,2
1aed71ef,17049,9.3205,2
2be19dc1,15290,9.3205,2
2d1fa041,15049,9.3205,2
3018ba0e,16629,9.3205,2
2039ae58,12752,9.3205,2
457a994d,15008,9.3151,2
3469fa04,15990,9.3205,2
33f2c06d,15009,9.3205,2
60b71c31,17244,9.3178,2
64a44960,12127,9.3205,2
11995730,15222,9.3178,2
b814bf,15542,9.3205,2
224e084e,16705,9.3205,2
b35ed3,13007,9.3233,2
7b7a6776,14859,9.3233,2
3d53de30,13825,9.3233,2
66a82e7d,15252,9.3233,2
26f5c3fb,16409,9.3205,2
e9c4184,29831,9.3233,18
2d9dac39,17289,9.3205,2
203548d,14651,9.3233,2
7e8d2037,14537,9.3233,2
6effb528,16911,9.3205,2
7e07dd5a,15936,9.3233,2
2ec330aa,12435,9.3233,2
2904497f,14179,9.3205,2
313bc7ee,11437,9.3233,2
227e6214,15544,9.3205,2
150f4091,17000,9.3205,2
1ecbbcfe,13093,9.3233,2
71201c7e,16826,9.3233,2
209fbe8c,11487,9.3233,2
4ffb69c6,15996,9.3178,2
c14108b,13537,9.3233,2
7da63e9b,13961,9.3205,2
2090847d,15979,9.3233,2
34316cf0,13316,9.3233,2
180db2b5,17292,9.3233,2
69300dfc,17245,9.3233,2
541315c9,13719,9.3205,2
20f5426d,16655,9.3233,2
7004d05a,16909,9.3233,2
59206039,17151,9.3233,2
4fed6446,16323,9.3205,2
3a80ff14,16093,9.3233,2
767118d0,12698,9.3233,2
20a19044,15543,9.3205,2
4ca0f42,13143,9.3233,2
398f3890,16183,9.326,2
47c600e9,15021,9.326,2
6bc99be5,16837,9.326,2
3fad39c1,14657,9.326,2
7f26dd1c,11822,9.3178,2
8905b59,14988,9.326,2
2fa1ff1d,14143,9.326,2
77281217,16997,9.326,2
7914a819,15650,9.326,2
3093441a,15051,9.326,2
5ce53208,15984,9.326,2
3a538bc2,16146,9.326,2
1a2ac282,13965,9.326,2
4622f5be,14321,9.3233,2
6cbbdaf4,13544,9.326,2
4a10413a,13240,9.326,2
662b428,15659,9.3233,2
5346866,16706,9.326,2
57bc2e5f,16981,9.326,2
57763a86,14845,9.326,2
15172bd5,14182,9.3233,2
65622226,17102,9.3233,2
2d33a621,13807,9.3233,2
5e7828e7,14272,9.3288,2
49c3557c,16452,9.326,2
3e63945b,17109,9.3288,2
89b9b1e,12599,9.3288,2
7c9ceb39,17152,9.3288,2
4c2e5825,13179,9.3288,2
6e4ddcb7,950,9.3288,2
3a5ae90b,16088,9.3288,2
2184185a,16418,9.326,2
52c22df0,16087,9.326,2
1f55933f,15493,9.3288,2
31f35e05,16092,9.3288,2
219c8294,14888,9.3288,2
1f7d4c06,15037,9.3288,2
7202ec53,14146,9.3288,2
73c56c81,15561,9.3288,2
6d71184e,14359,9.326,2
403ad5ad,15616,9.326,2
35d2acd0,14406,9.3288,2
50d7be4d,16182,9.3288,2
5b71ee28,16147,9.3288,2
6a723711,11848,9.326,2
8ae71b2,15980,9.3288,2
1e2f4ab7,16230,9.3288,2
3e3bc18e,17104,9.3288,2
73e7cdf8,16038,9.3288,2
53f335d2,14673,9.326,2
7a9c985d,15502,9.3288,2
282bedff,13543,9.3288,2
a1b425e,14868,9.3288,2
4cb560bf,13317,9.3315,2
2a1d4202,14883,9.3315,2
1652ecaa,13234,9.3315,2
2c62ff16,11478,9.3315,2
667502ed,15276,9.3315,2
11465fc9,16916,9.3315,2
769175c6,14371,9.3315,2
4d30ae4d,12454,9.3315,2
39caf6c,974,9.3315,2
1e766f11,15052,9.3315,2
200710c1,13070,9.3315,2
5dc57e42,15840,9.3315,2
154ff171,15354,9.3288,2
73cecb7b,16827,9.3315,2
6bd74cdb,15645,9.3315,2
77996598,14276,9.3288,2
5d8a7ddd,14288,9.3315,2
103bea23,17137,9.3315,2
3d5a8689,17054,9.3315,2
1d96188d,13966,9.3315,2
222b0ac8,16888,9.3233,2
77b8a637,16571,9.326,2
72a83ea8,16910,9.3288,2
23c815b2,12836,9.3315,2
4edc74db,16117,9.3342,2
e372336,16121,9.3342,2
3c8cb5d9,15177,9.3342,2
fe2919e,12764,9.3342,2
7beab618,14938,9.3342,2
5a02e0ad,13077,9.3342,2
6c647055,16903,9.3342,2
5bfdd07c,16040,9.3342,2
28684a7,15646,9.3342,2
19f38b08,14484,9.3342,2
56dab6bb,16417,9.3342,2
6311e22c,14308,9.3342,2
5584f155,16457,9.3342,2
28024563,12686,9.3315,2
50aa9b26,16511,9.3342,2
53c680e6,15014,9.3342,2
3f2a1830,17136,9.3315,2
4bb40a32,492,9.3342,1
4d5648d9,16359,9.3342,2
49a199fe,15048,9.3342,2
2e87f19c,16999,9.3342,2
575ce0ee,14535,9.3288,2
3018f519,16690,9.3342,2
410387e4,11727,9.3342,2
661dfad2,11917,9.3315,2
54b02cfa,13641,9.337,2
77454d61,15004,9.337,2
17a88ac5,13724,9.3342,2
3eec1f9d,11728,9.337,2
7b470fd7,15991,9.337,2
963de96,15461,9.337,2
7e892401,16858,9.337,2
6a5d1a32,14180,9.337,2
373c8c3a,13025,9.337,2
69f26db7,15161,9.337,2
8005d28,16904,9.337,2
2a88fee9,13086,9.337,2
2886ed00,16662,9.337,2
7b08e976,14407,9.337,2
1edbc75,16663,9.337,2
6c7f6517,12803,9.337,2
738e6b75,14058,9.3288,2
6a8ca1fc,12483,9.337,2
4f717f2b,17277,9.3315,2
23937ca4,15005,9.337,2
3453f21c,16251,9.337,2
3486f220,13964,9.3315,2
48847f4d,14060,9.337,2
636ca753,16887,9.3315,2
60f84eec,15283,9.337,2
2931c7fa,14041,9.3397,2
424deee4,13545,9.337,2
29588ff7,15657,9.3397,2
1b0711dd,16880,9.337,2
2f08e3b0,15403,9.3397,2
da54793,15088,9.337,2
20b2b20d,14621,9.3397,2
d0d6355,14120,9.3397,2
61b06738,15905,9.3397,2
4d78a6db,16045,9.3397,2
2505c9a7,16501,9.337,2
2bb9b4b,13536,9.3397,2
372c73cb,15760,9.337,2
5fadcfc,13235,9.3397,2
3f6a458b,13333,9.3397,2
34a9fb30,16994,9.3397,2
6a964f2d,14956,9.3342,2
2c285bd6,29819,9.3397,18
3e70cb9f,15562,9.3342,2
535b87c7,12491,9.3397,2
2ceb9cf4,17186,9.3288,2
28d096e7,13298,9.3397,2
70675bf7,17153,9.3397,2
48734a57,14331,9.3397,2
73e38e4e,14885,9.337,2
47199921,13958,9.3425,2
4e362973,17085,9.3425,2
441473bc,16698,9.3425,2
6bd2588b,17144,9.3315,2
566c364c,14435,9.3425,2
21201ee5,16824,9.3425,2
73d3d964,17303,9.3425,2
1e79f34,13611,9.3397,2
20916edb,15995,9.3425,2
4d648b54,16628,9.3425,2
71e549b0,16184,9.337,2
4c466687,16772,9.3425,2
670a2e62,14501,9.3397,2
edd37fc,15644,9.3397,2
552e475e,15404,9.3397,2
3947f687,14211,9.3452,2
a36f802,16151,9.3452,2
1cec332a,12941,9.3452,2
7be9859c,11459,9.3425,2
5c5a2908,13612,9.3452,2
6d4179c0,14022,9.3452,2
10497221,16905,9.3452,2
27bbc0d1,16912,9.3452,2
3e49d92c,17100,9.3452,2
2aa4af47,15352,9.3425,2
4ccd4caa,13242,9.3452,2
17cee768,14196,9.3425,2
6e0a0008,12645,9.3452,2
445a5208,14662,9.3452,2
615b5419,13957,9.3452,2
47d5ec84,15300,9.3452,2
27c0b6b1,13956,9.3452,2
7dbafb92,14318,9.3452,2
1974e801,13245,9.3425,2
21774cb0,14097,9.3452,2
8016af8,15647,9.3452,2
4379f389,17191,9.3397,2
22348caa,12942,9.3452,2
4a6de5a4,17221,9.3452,2
68baa766,17087,9.3452,2
56306e90,16707,9.3452,2
6bf576dd,13890,9.3452,2
5067e920,14384,9.3479,2
7502664d,13244,9.3479,2
389182df,16757,9.3479,2
48be7e1c,14372,9.3479,2
1d2fdd75,16185,9.3479,2
726e0919,13708,9.3479,2
14382917,15118,9.3479,2
4e3aa5c6,14472,9.3479,2
6f1fc0b4,13884,9.3479,2
2fcdeb12,15589,9.3479,2
4cea5feb,16498,9.3479,2
4e4ea1ae,14059,9.3479,2
1b6b49e1,13550,9.3479,2
7787e400,13211,9.3479,2
5bbea4e5,12442,9.3452,2
4535bd7e,16859,9.3479,2
7e4d37a7,13886,9.3479,2
110d8dd0,15560,9.3479,2
3f284dce,13535,9.3479,2
293edefd,16724,9.3479,2
24bae012,15546,9.3479,2
111f4f42,16416,9.3342,2
78669de2,16699,9.3479,2
79a9de52,16152,9.3479,2
3effb,13496,9.3479,2
6ece2ecf,16046,9.3479,2
137548e5,16324,9.3507,2
78fb7096,15364,9.3507,2
4f977a95,14582,9.3507,2
35c8af4,14595,9.3507,2
b0196c7,13019,9.3507,2
59a37cc6,14860,9.3507,2
50b08dfe,15651,9.3479,2
693bd56d,13613,9.3507,2
a7d3f71,15503,9.3507,2
4a67771c,14204,9.3479,2
3e50ff17,13212,9.3479,2
6a5b4a5e,29791,9.3507,18
ce8edf2,16261,9.3452,2
5dfc6ac5,15947,9.3479,2
1d8aeca2,14309,9.3507,2
2cd229f1,17294,9.3507,2
1543d33b,14121,9.3507,2
6b9e1a19,11434,9.3507,2
25fa7277,14042,9.3479,2
1bee9e4f,14228,9.3479,2
264eb162,605,9.3507,1
2d1f749b,13318,9.3479,2
5b80d285,14897,9.3507,2
56dd1def,17295,9.3479,2
3473335c,13428,9.3507,2
67655111,17056,9.3479,2
15719cf2,12804,9.3452,2
31085aca,13384,9.3507,2
6cc1b294,29731,9.3507,18
41859583,12647,9.3507,2
ca5a97b,12600,9.3507,2
7f086c2f,12903,9.3507,2
1ebc3448,16857,9.3534,2
73f89391,11451,9.3534,2
52b702e4,14678,9.3507,2
6e626589,12464,9.3507,2
11830279,16454,9.3534,2
26506fc3,14340,9.3507,2
2ef647c0,14752,9.3534,2
4c9ae9cf,15402,9.3534,2
31a983f8,14234,9.3534,2
38b0df7e,14245,9.3507,2
1d3b91dc,1048,9.3534,2
674d725,14781,9.3534,2
348e9277,15089,9.3534,2
5c9abd5e,16735,9.3534,2
76e38f22,13637,9.3534,2
7bbf3250,13808,9.3534,2
45ca4976,602,9.3534,1
4be9562,598,9.3562,1
1f57e518,16902,9.3562,2
f424f02,13515,9.3562,2
2453a72f,13490,9.3562,2
316a4007,15428,9.3562,2
418fc6cd,1029,9.3562,2
785c7b0c,15462,9.3562,2
2e9158f0,14473,9.3534,2
3f05fe44,12350,9.3562,2
5c8cebdb,13354,9.3507,2
630ae729,13357,9.3562,2
4712b3af,13491,9.3562,2
7895645f,14611,9.3562,2
45fe5d95,13425,9.3562,2
687252d7,12906,9.3507,2
531bae31,14383,9.3562,2
679c38d4,15078,9.3562,2
34780fe4,11772,9.3534,2
4ee61756,12810,9.3562,2
4002429d,14320,9.3589,2
465e88d1,14289,9.3589,2
322da8d1,15297,9.3589,2
4c8f5565,16262,9.3589,2
1ecbf0c3,11488,9.3589,2
2c61fbcb,12759,9.3589,2
7355b5b6,13811,9.3589,2
15936947,15548,9.3534,2
4e44ae62,11921,9.3589,2
45c7e2c4,12900,9.3562,2
44b5f57,14410,9.3589,2
771a4edf,11855,9.3589,2
27d743b6,14721,9.3589,2
79f1baff,14754,9.3562,2
3dab6c7,13334,9.3589,2
5d35e00c,13670,9.3589,2
4062d2ef,14408,9.3589,2
3430ae5e,14632,9.3589,2
628a5a91,15353,9.3562,2
104de34c,951,9.3616,2
4206bca1,13429,9.3616,2
466eae00,12923,9.3562,2
771dbacd,14570,9.3589,2
4773386d,12458,9.3616,2
38dbe44c,14411,9.3616,2
bf643f9,15547,9.3562,2
55fb8baf,13489,9.3589,2
11a74b98,16502,9.3589,2
4fc9a991,15293,9.3589,2
5bae01e2,15124,9.3616,2
2857cda0,14106,9.3616,2
1187bad8,13293,9.3589,2
381eb8ee,14195,9.3589,2
3e665193,17098,9.3616,2
3a57d8fb,11918,9.3616,2
38506b01,13319,9.3589,2
2e7c9b66,12901,9.3616,2
281b50b,16926,9.3616,2
61535a0,13534,9.3644,2
3da64e00,11916,9.3616,2
77cb4579,12690,9.3616,2
786d9f66,12692,9.3616,2
57fa1dfe,16503,9.3644,2
432280e7,14338,9.3644,2
58238f4f,14070,9.3616,2
756ee9bf,14305,9.3644,2
5c2a793b,14631,9.3644,2
61eccedb,14235,9.3616,2
667e2af5,16725,9.3616,2
22638882,508,9.3589,1
20c2be60,14529,9.3671,2
45a8a49d,13332,9.3616,2
27df26b5,14660,9.3671,2
49727212,15121,9.3671,2
30618939,15123,9.3671,2
e78202f,12760,9.3671,2
1f68733f,17108,9.3671,2
3bfcbe3e,14197,9.3671,2
526f5bdf,13335,9.3671,2
65c8dd7a,17192,9.3644,2
595ca8bb,13827,9.3671,2
3ba8df37,14569,9.3562,2
166a82e7,13495,9.3671,2
48b9c35a,17187,9.3644,2
6f34c84b,17262,9.3671,2
6b39f43a,493,9.3699,1
613625b5,15251,9.3699,2
579c9096,16252,9.3699,2
15fb0b74,17089,9.3671,2
15a34d38,14386,9.3699,2
1306efc5,489,9.3699,1
373a41bb,14385,9.3671,2
4117fea,13360,9.3644,2
b5438dd,14630,9.3699,2
2f8896b5,14438,9.3671,2
4a5a3d66,14161,9.3644,2
453be5e8,12911,9.3699,2
4ff375ad,11920,9.3699,2
6f83af42,12261,9.3699,2
4d5a139,17189,9.3699,2
1f7f1dc8,13498,9.3671,2
28d79d1b,12322,9.3699,2
5f1af6a,17307,9.3699,2
5e0f5296,11820,9.3726,2
397995c2,15842,9.3726,2
31fbf778,13246,9.3671,2
1168e3df,16881,9.3726,2
2902f5c4,14107,9.3726,2
35d78886,17057,9.3699,2
422916c8,14716,9.3726,2
4075cc7b,17279,9.3726,2
2e5ba33a,14247,9.3726,2
78fbdb35,15648,9.3726,2
7161ff14,14061,9.3726,2
1b10de9,14433,9.3726,2
1f19f357,14229,9.3726,2
b7e25aa,15294,9.3726,2
6c28c1fd,14373,9.3726,2
4aac9d3e,11819,9.3726,2
38e1fe22,14341,9.3699,2
344b4220,15086,9.3726,2
3707760,12765,9.3726,2
64189cb5,17101,9.3753,2
6db34ffb,13614,9.3726,2
65d08afd,14500,9.3753,2
4e159ee2,15405,9.3753,2
60febf73,17001,9.3753,2
379d4254,14322,9.3753,2
6f83a6ba,13549,9.3726,2
e4abb0e,14963,9.3699,2
6d34dd67,13759,9.3753,2
2e177346,13292,9.3699,2
4c170ae8,16513,9.3753,2
5907213e,13100,9.3753,2
ad572d0,16962,9.3753,2
474a9c30,16332,9.3753,2
8f5fdeb,12459,9.3753,2
1756bd87,13210,9.3753,2
63e2b5cf,14273,9.3753,2
38c765c,13539,9.3753,2
56260142,16728,9.3753,2
72ad9d5d,14564,9.3781,2
50b5bc0a,13426,9.3753,2
260f371e,16736,9.3781,2
46d18b15,15550,9.3753,2
b5f18ac,17280,9.3781,2
5808b1e7,15871,9.3644,2
25a01300,15022,9.3781,2
cbf8d2b,16419,9.3808,2
7ac8676d,17190,9.3808,2
308bd202,12460,9.3781,2
2d91da7d,14071,9.3808,2
5f921367,13967,9.3781,2
88ce4dc,14957,9.3808,2
31c609af,15180,9.3808,2
5fb3d657,13385,9.3781,2
7cd2adee,15429,9.3808,2
230622ba,16094,9.3808,2
13970cac,15295,9.3808,2
121de400,15652,9.3808,2
53dd997a,13826,9.3808,2
3a89f332,15494,9.3781,2
2bc586a,12257,9.3781,2
11507aa3,14565,9.3808,2
73ac1292,13096,9.3836,2
6c10b16d,14080,9.3836,2
53b9f3dc,12761,9.3836,2
265c8afa,16048,9.3836,2
34cb79f0,13497,9.3836,2
5d392ddd,14412,9.3808,2
10c055de,14237,9.3836,2
418202b5,13499,9.3808,2
3cb5b25,13787,9.3808,2
6c20a655,14723,9.3808,2
389cafd3,16708,9.3836,2
40ed0195,14375,9.3836,2
786329c9,14246,9.3808,2
29a50bda,16838,9.3863,2
40487d23,15439,9.3863,2
70ee7fb8,12701,9.3781,2
19157dfe,13769,9.3863,2
27031d7d,491,9.3863,1
3b17666a,606,9.3863,1
6627076a,13773,9.3863,2
78d93274,13337,9.3836,2
79a30d6e,658,9.3863,1
4a589283,14074,9.3836,2
47b053b2,13500,9.3863,2
1f6e4a3c,16014,9.3863,2
7a33ae5d,17050,9.3863,2
487bc668,13668,9.3863,2
79001781,633,9.3836,1
18a9adb2,13236,9.389,2
7f8fa9bc,13247,9.389,2
f2d7d66,16664,9.389,2
48ff88e3,12693,9.3836,2
695168a3,14018,9.389,2
1094d617,14076,9.389,2
45053d8a,13828,9.389,2
5f198fc9,14376,9.389,2
47c5aedf,12310,9.389,2
25b3d2f4,12766,9.3918,2
13a18c3b,15296,9.3918,2
759e864d,14755,9.3918,2
7fa41aa8,15937,9.389,2
15fdf0d5,16668,9.389,2
2ee2b4ec,14077,9.389,2
31bd355f,14409,9.3836,2
6e93189a,14647,9.3863,2
7334e92f,17281,9.3918,2
149236c5,13492,9.3918,2
2f6ca56f,13078,9.3918,2
77a36a10,12484,9.3863,2
39bdfbcd,12910,9.3918,2
102fbb6,15085,9.3918,2
4a3d14d,14413,9.3918,2
4e2e4b6b,13359,9.3918,2
22b14b54,16150,9.3918,2
34f8cbff,603,9.389,1
2ecb5d94,12311,9.389,2
12023e35,14387,9.3945,2
3ac12cca,13771,9.3945,2
4894af5e,13361,9.3945,2
3cc77c25,13772,9.3945,2
3fb71e1e,12364,9.3918,2
ca3d25e,16047,9.3918,2
61a062cb,13540,9.3918,2
66810c8e,17278,9.3945,2
61c1b9ae,509,9.3945,1
73e2b6ea,16069,9.3945,2
11b62467,14098,9.3918,2
7fbdbfa3,952,9.3918,2
135d6533,15563,9.3945,2
338f8871,15254,9.3945,2
75eed454,15887,9.3945,2
55db4392,14377,9.3973,2
4789ae2d,13669,9.3973,2
353e4ac,16017,9.3945,2
3f052f12,17300,9.3973,2
3cca00d2,17002,9.3973,2
7a6aee13,14964,9.3973,2
3fb0a3c,14443,9.3973,2
3382130a,14081,9.3973,2
1cd5e431,13356,9.3945,2
39703b91,15122,9.3973,2
2f9bee12,15181,9.4,2
433bb7a3,29777,9.4,18
26109de8,13452,9.4,2
6082e68d,16835,9.3973,2
5816e5bf,12806,9.4,2
280d6bd1,14388,9.3945,2
7b22433b,14374,9.3918,2
38f2bc59,16665,9.4,2
361547dc,14571,9.3973,2
4154691d,15438,9.4,2
2e004795,16630,9.4,2
6d10f267,16667,9.4,2
712773be,16095,9.4,2
13d9e006,13538,9.4,2
3fc92107,13268,9.4027,2
55a07f53,16248,9.3973,2
1f504cda,15948,9.4027,2
43d546e6,14672,9.4027,2
35e29682,14722,9.4027,2
3f94f2b7,13551,9.4027,2
1e5d71d3,17155,9.4027,2
63ee3d8a,13829,9.4027,2
7e458bb1,13430,9.4027,2
174e10e9,14139,9.4027,2
36b9d204,11462,9.4027,2
2429bb34,13102,9.4055,2
33af0455,16263,9.4055,2
7663b403,14502,9.4055,2
341603fc,16889,9.4055,2
114d3b7e,13097,9.4055,2
699ce2a1,13493,9.4055,2
8514bd,13728,9.4027,2
210c2794,13891,9.4055,2
6bad7b02,13789,9.4082,2
2c12b0e7,13095,9.4055,2
57ec3484,13103,9.4082,2
7573792,14889,9.4082,2
13433bc2,13358,9.4082,2
dbfd234,15549,9.411,2
1dc44ae1,13101,9.411,2
35cc8518,13968,9.4082,2
35398dc8,14488,9.411,2
3f2e3d86,14683,9.411,2
2fbc0,16963,9.411,2
51375a9d,13473,9.411,2
5cad0be4,15298,9.411,2
2899dabe,16729,9.411,2
41e2e577,14663,9.411,2
66951026,13071,9.4137,2
715e2bcf,12486,9.4055,2
1ad664cb,13671,9.4082,2
32262a8c,12351,9.411,2
32267f54,16123,9.4137,2
1bffb5e7,15079,9.4137,2
7977ba4,16631,9.4082,2
4e65390,17154,9.4137,2
53b4087,14439,9.4082,2
638d8d4a,13269,9.4164,2
5ffb90c4,16632,9.4164,2
69373278,13503,9.4164,2
365768a1,15379,9.4082,2
39bf44fc,15997,9.4164,2
3a419ebf,16089,9.4164,2
6ab5cf7d,13098,9.4164,2
67aab0ea,15985,9.4164,2
7048f913,13504,9.4192,2
24718047,16504,9.4192,2
12f35610,13791,9.4137,2
22acb47c,14279,9.4192,2
56f9bd14,15355,9.4192,2
1846c3f3,16964,9.4219,2
64e66ac1,13892,9.4219,2
4c3dbda2,12907,9.4219,2
5e0e012,12259,9.4219,2
44f621e3,12767,9.4219,2
5ffc3574,17003,9.4192,2
89bfc28,16762,9.4219,2
29ea8034,16807,9.4219,2
5c6655d3,13790,9.4219,2
634917cd,13502,9.4192,2
620f8cbe,13072,9.4219,2
35a2566b,16982,9.4219,2
48b49bcb,15576,9.4219,2
269287c3,11922,9.4247,2
73274140,15888,9.4247,2
386695d3,15946,9.4247,2
1f509dba,14967,9.4192,2
73562758,13105,9.4247,2
41480a6e,16730,9.4219,2
6447c1fd,14628,9.4274,2
4d0cc799,16666,9.4274,2
56aa2ecf,29793,9.4274,18
49a57147,15302,9.4274,2
493adca,12807,9.4301,2
1484bfa5,14445,9.4301,2
159ecc21,14968,9.4301,2
2dd97868,14162,9.4301,2
1a6ee437,13830,9.4301,2
2a604001,16515,9.4301,2
4b194970,16808,9.4329,2
3e05e104,17004,9.4329,2
61b8ceb4,15191,9.4329,2
395e6c5d,12909,9.4274,2
6de755ef,515,9.4356,1
8969544,17111,9.4356,2
26a70dfb,12262,9.4356,2
6b0aafb3,15184,9.4356,2
6b42bda5,14444,9.4301,2
7a166e17,14244,9.4329,2
31923d59,16773,9.4356,2
3060d98c,15301,9.4356,2
ce05671,12258,9.4356,2
12a06947,12699,9.4329,2
32a90769,16265,9.4384,2
5753e4c4,14078,9.4356,2
7b06a1fd,14079,9.4384,2
4d9cbba8,16266,9.4356,2
43413fb4,15743,9.4356,2
3929fafa,14163,9.4356,2
776ebd6b,16148,9.4411,2
5f8709d5,14504,9.4384,2
4ac04fdc,15190,9.4411,2
15f1310e,14681,9.4411,2
6379e760,14487,9.4411,2
61fe8b81,604,9.4438,1
3013b8f9,13431,9.4438,2
6d0efca,13775,9.4438,2
1a35c75f,516,9.4438,1
36db619e,15195,9.4356,2
23ec5647,13831,9.4438,2
c85ed5d,16122,9.4466,2
6c8a8da0,16832,9.4438,2
73411e98,14969,9.4466,2
2243434f,15196,9.4466,2
9e1b428,16995,9.4466,2
16f87767,14075,9.4438,2
22dedc6d,14890,9.4466,2
7b4223b7,661,9.4466,1
3a5d0cf6,14280,9.4466,2
39a67849,17006,9.4493,2
23c79c9,13774,9.4493,2
572a65a6,15192,9.4493,2
31357b80,14164,9.4493,2
5c462efd,13432,9.4466,2
3d9fbb6f,13237,9.4493,2
6ff73a96,14198,9.4493,2
1deaea91,17112,9.4466,2
e64f490,16965,9.4521,2
ae7a7af,14633,9.4493,2
4a63315f,12762,9.4521,2
1c96910f,17113,9.4493,2
2a82096b,14717,9.4548,2
357f3679,14724,9.4548,2
21225a6,13642,9.4548,2
51a80572,14082,9.4548,2
799ef8a1,14503,9.4575,2
14dad9fa,16670,9.4521,2
351ec515,976,9.4575,2
26b2e905,662,9.4548,1
3720eb34,14026,9.4575,2
20b77d87,494,9.4575,1
39f55681,15090,9.4575,2
7a000ac7,15199,9.4575,2
4bcb2e43,14441,9.4575,2
345f5861,13505,9.4603,2
7b020545,15299,9.4603,2
68d015fa,12913,9.4603,2
21a2c4e1,16743,9.4603,2
6f3329df,16264,9.4603,2
127c6c15,15224,9.4603,2
4e4ee9e5,14489,9.463,2
57e12f,17308,9.463,2
6b14f44d,15193,9.463,2
3035310,12763,9.4658,2
571808c9,17005,9.4658,2
72ee9ba1,13552,9.4658,2
4d8f524a,16360,9.4658,2
bdb8cc8,16890,9.4658,2
175712a,16273,9.4685,2
187739c7,14572,9.4685,2
1e428afb,13434,9.4658,2
2968867b,14199,9.4685,2
33e4e5d,13104,9.4685,2
22a6f6fc,14971,9.4658,2
2839b501,13501,9.4685,2
458fa523,14539,9.4658,2
34324769,29794,9.4712,18
7c68444a,16671,9.4712,2
21365605,15197,9.4712,2
44c26e9f,12914,9.4712,2
7c5c6d99,14598,9.474,2
5a737474,510,9.4685,1
49e69741,16516,9.474,2
361dbfc4,16996,9.474,2
440d1117,12912,9.474,2
36a7ffaf,14599,9.474,2
1e87ae74,14664,9.4712,2
1a83898,16882,9.4767,2
3f1827c8,15198,9.4685,2
40393c0d,15125,9.4767,2
e77a8e7,14682,9.4795,2
3d98f7d4,14674,9.4795,2
6bba05d5,14083,9.4767,2
1e4f1a1d,17110,9.474,2
738ebe1b,14538,9.4795,2
5e639db4,16669,9.4822,2
57330b21,15194,9.4795,2
b8cd0c6,11344,9.4849,2
338ea5d1,13433,9.4849,2
2d6f7044,16774,9.4877,2
4b161806,15452,9.4877,2
95ab2ed,16272,9.4877,2
46ffdae4,17156,9.4877,2
59a1f120,14540,9.474,2
10447f2f,14200,9.4877,2
6be99309,12485,9.4849,2
37f89943,14166,9.4904,2
fe84da2,13362,9.4767,2
3ce6f677,14167,9.4904,2
1b304b39,517,9.4904,1
68f1fb9d,14970,9.4932,2
25393e7c,12915,9.4932,2
2ee731e2,16966,9.4932,2
3717de84,16458,9.4904,2
505df6e8,16267,9.4959,2
3cfbf841,15091,9.4877,2
2b84a61d,640,9.4959,1
1df06260,659,9.4932,1
226eae17,14505,9.4986,2
34b14e9f,15185,9.5014,2
1dbbe604,12648,9.5014,2
3734dbee,14248,9.5041,2
3a757687,12908,9.5014,2
3d755f6b,14665,9.5041,2
7ee13c02,29792,9.5068,18
326e29ad,12916,9.5068,2
70dbd98d,16274,9.5041,2
48ae693f,17265,9.5068,2
2712df97,14600,9.5068,2
439913cc,16269,9.5068,2
724d408,14675,9.5068,2
65db86b7,17264,9.5096,2
122db722,15183,9.5096,2
3c94135b,13792,9.5123,2
d4b8d39,16270,9.5123,2
349c4c19,15998,9.5151,2
4b77690f,13022,9.5096,2
1f01c748,14666,9.5178,2
5765b5f1,607,9.5178,1
696c861,16361,9.5178,2
503cb02e,512,9.5178,1
20739437,16517,9.5178,2
6e5f1f37,14165,9.5205,2
5a4367f5,14249,9.5205,2
6a26691c,29795,9.526,18
2529d469,14250,9.526,2
5f2e19b6,16514,9.526,2
6340fc48,13793,9.526,2
7934a975,17263,9.5315,2
22fd431a,518,9.5315,1
7bcab0d0,660,9.5342,1
5486e5b6,519,9.5342,1
16aed27a,663,9.5342,1
3040f1d2,13363,9.5288,2
3163eb8b,15303,9.537,2
78ed8153,15080,9.5425,2
560ff2ae,12365,9.5425,2
35c7168c,14281,9.537,2
23eaf87,16268,9.5425,2
7d92c10a,29824,9.5479,18
16cd418a,15126,9.5479,2
3ffe4b7f,14667,9.5507,2
45358a2a,13794,9.5562,2
2ee16adc,16271,9.5562,2
39084217,14506,9.5562,2
746053fa,15304,9.5562,2
7d114dc3,15127,9.5562,2
449b9f95,13553,9.5562,2
2d554bb3,15081,9.5562,2
16005dce,29802,9.5671,18
2609d559,15306,9.5671,2
17bd1d25,17051,9.5671,2
2d9629f6,14168,9.5699,2
516e9f7,14251,9.5726,2
12a29bed,511,9.5671,1
56f5cea9,15200,9.5753,2
3803fcb3,15307,9.5863,2
483df23c,11346,9.5863,2
2446bbdc,636,9.5863,1
5c3ea97b,670,9.589,1
3235dbac,13832,9.5918,2
1d91c90d,15182,9.589,2
1947563a,638,9.5945,1
3e86d7c5,13795,9.5945,2
302ec4d2,15986,9.6,2
2f8f1392,15999,9.6027,2
49d43352,29832,9.611,18
25d9ae9a,13833,9.6164,2
6530269,671,9.6082,1
83622d8,16125,9.6164,2
2586721f,13834,9.6164,2
2db6b195,513,9.6219,1
30d6fc27,29825,9.6192,18
7a722432,14252,9.6219,2
64ac315f,11345,9.6247,2
7bc93fb1,17052,9.6274,2
72aca15f,13835,9.6329,2
71c02715,15305,9.6329,2
15a25e9c,14169,9.6329,2
40724859,514,9.6384,1
6a0e8c86,13836,9.6384,2
1367641,11347,9.6438,2
34264cd1,641,9.6384,1
41589f1,520,9.6411,1
13a46675,664,9.6466,1
d50a23b,637,9.6521,1
3fe659ae,29833,9.6521,18
179405a2,15453,9.6548,2
27b35eeb,495,9.6603,1
67792a56,15308,9.6575,2
2f7a715c,15454,9.663,2
225c7634,496,9.6603,1
1552dec8,521,9.6658,1
282b8e8f,665,9.6685,1
5427fa47,672,9.674,1
150bcb21,497,9.6767,1
16ace3d6,642,9.6795,1
6207587a,29798,9.6849,18
21c1ae45,16126,9.6822,2
99963bf,673,9.6822,1
4200f36e,498,9.6904,1
33430aab,13837,9.6959,2
6bdf4031,646,9.6959,1
4a917ceb,499,9.7014,1
2999526e,1030,9.7014,2
6cc75fb0,644,9.6986,1
47fa16d1,522,9.7041,1
19cabc29,645,9.7068,1
56b508d7,29805,9.7068,18
35dc3a4d,16001,9.7096,2
63b0c999,675,9.7151,1
746b07a0,15313,9.7205,2
ae64a4a,29797,9.7233,18
5ebc1709,29835,9.7342,18
3b25e146,29837,9.7315,18
175fb785,680,9.737,1
2fd31b3e,15310,9.737,2
11694592,647,9.7315,1
552a928,13838,9.7452,2
6f5bc598,29779,9.7452,18
58e629a6,29778,9.7425,18
378a2fd,682,9.7507,1
313e894c,643,9.7507,1
13735053,648,9.7534,1
22b520a0,15744,9.7479,2
4bf78649,674,9.7507,1
d5eaa80,683,9.7534,1
566252db,29838,9.7534,18
42682b0,29780,9.7507,18
f9d12b4,29834,9.7589,18
78af18c0,681,9.7616,1
69904115,29827,9.7616,18
dda7ff,16000,9.7644,2
30de8656,666,9.7699,1
57312a4b,651,9.7726,1
57d85175,667,9.7753,1
8e27c11,1031,9.7753,2
3a57f62e,650,9.7781,1
7eff3b04,29799,9.7836,18
204235e2,15309,9.7808,2
35049b66,15317,9.7863,2
24e0b498,16127,9.7863,2
30e7fd6e,16002,9.7863,2
37c7c76d,653,9.7863,1
6ba928b5,649,9.789,1
61b0952,13844,9.7918,2
17d57d5c,29803,9.7918,18
18d6fe45,13843,9.789,2
1123ae9d,15318,9.7945,2
4fac6472,29804,9.7945,18
732fdf46,652,9.7945,1
5ca423b0,13839,9.8055,2
43fdc111,676,9.8027,1
50ff29ff,639,9.8027,1
40c57aae,1051,9.8027,2
7cdc4866,16003,9.811,2
71047d54,654,9.811,1
c406967,15319,9.811,2
25d919c1,29806,9.8137,18
3bd8ea64,15314,9.8164,2
6964de96,523,9.8164,1
66e0898c,16124,9.8082,2
b9a9380,29783,9.8164,18
6c386f80,29800,9.8164,18
77edc35d,501,9.8219,1
18603286,16004,9.8247,2
13cf17ac,525,9.8247,1
38323358,524,9.8274,1
733c9991,29796,9.8247,18
5a7c713b,11348,9.8301,2
525ff67,502,9.8301,1
1ccb33b5,16128,9.8329,2
35ca7b87,15315,9.8356,2
c0621ac,29781,9.8384,18
692375f5,500,9.8384,1
26e9b5d7,668,9.8356,1
7ae153fb,11349,9.8438,2
2672398c,29836,9.8466,18
63e1e06c,15316,9.8493,2
591b9d4,16206,9.8521,2
38a7f38b,13840,9.8521,2
522fcd46,16207,9.8521,2
f2e134a,29839,9.8575,18
264ce2e1,11350,9.8493,2
63a07043,15311,9.8603,2
6b773afa,13845,9.8603,2
6c4bb7b4,16129,9.8658,2
47872690,16130,9.8712,2
13805d34,13841,9.874,2
4a9b8132,504,9.874,1
73c2056f,29807,9.8795,18
1eb2203a,29801,9.8767,18
b448da5,13842,9.8822,2
21305107,505,9.8822,1
1077a482,527,9.8849,1
18f3245,15322,9.8849,2
6285b666,29808,9.8849,18
411e6b58,690,9.8904,1
7cb636ac,15321,9.8904,2
4d8d7886,13846,9.8932,2
6ce0844d,16204,9.8959,2
2b1df639,688,9.8986,1
5b7c2cee,964,9.8986,2
698ac872,528,9.9041,1
1a0fbe2,29829,9.9041,18
3969e4b6,16209,9.9068,2
4630259f,677,9.9068,1
3c8a429,29840,9.9068,18
3cbe257a,691,9.9068,1
3ac7b6e4,1055,9.9151,2
4cfda95e,29782,9.9151,18
ad2a504,689,9.9178,1
478ad4d1,678,9.9151,1
40fd3a52,526,9.9233,1
61ebdc4a,669,9.9233,1
28871c7e,16210,9.926,2
7e0ebff6,507,9.9288,1
6f33d0ba,506,9.9233,1
12c7eebb,15325,9.9342,2
46b548a4,15323,9.9315,2
7903c5b4,684,9.9425,1
7bbb721e,16208,9.9397,2
7279246d,29828,9.9425,18
3be9c98,679,9.9425,1
6fa20423,15326,9.9452,2
86b5206,29811,9.9452,18
338a452a,16131,9.9479,2
4427559f,29784,9.9479,18
3b5bc224,16211,9.9507,2
69f24c2b,685,9.9479,1
8b0e72a,16205,9.9507,2
511b0247,15320,9.9479,2
6c62070f,16212,9.9507,2
7645c00e,29809,9.9534,18
3db4b1cc,503,9.9479,1
136a6600,29810,9.9562,18
6882e352,1032,9.9562,2
273ec6ff,15312,9.9534,2
6784d0df,1056,9.9534,2
3f993991,15327,9.9562,2
7623cb2d,29826,9.9589,18
7f831204,15324,9.9644,2
64e6d5,15328,9.9644,2
1ca3b909,687,9.9644,1
77495f3c,686,9.9589,1
771bd39f,13847,9.9644,2
