name,tipnum,year,antigen
64d6c242,39,0.1534,1
291edaa7,5,0.1534,1
328de623,47,0.1562,1
7a137a96,1,0.1534,1
28857344,15,0.1562,1
77914f11,32,0.1534,1
2a70033e,6,0.1589,1
4bd60b2c,2,0.1589,1
484a4e41,48,0.1589,1
355e799e,7,0.1562,1
1f9de5f8,8,0.1562,1
64e9124c,40,0.1616,1
7e4b60d6,20,0.1589,1
381f6408,21,0.1616,1
48ddf4d6,33,0.1644,1
648af4f3,41,0.1644,1
41626564,22,0.1644,1
29e6664,23,0.1644,1
254259a5,9,0.1589,1
165c0c92,34,0.1671,1
44c71278,16,0.1671,1
359bf1c2,62,0.1671,1
2a319a5,10,0.1699,1
74edbdff,17,0.1753,1
8c535c8,35,0.1753,1
62bac0f3,11,0.1726,1
78ce9330,49,0.1753,1
61d5db93,42,0.1671,1
409fc914,63,0.1781,1
749624ac,36,0.1781,1
7a6f5919,3,0.1781,1
78cd7e1d,24,0.1808,1
370b2bd4,43,0.1808,1
9629348,12,0.1836,1
4c94758c,50,0.1836,1
5f3ac795,18,0.1836,1
3101122d,59,0.1863,1
2c643f96,25,0.1918,1
43330783,37,0.1836,1
4abc761f,44,0.1918,1
7315951f,51,0.1973,1
7e008c64,45,0.1973,1
25548338,19,0.1973,1
cf11503,38,0.1945,1
5393c4ef,26,0.2027,1
290a1155,46,0.2055,1
28461a0f,27,0.2082,1
2c9b4b09,28,0.2137,1
616256c9,13,0.2164,1
189b7309,29,0.2247,1
159477,30,0.2247,1
76a0447f,52,0.2329,1
587907c,14,0.2356,1
46c7a8fe,58,0.2384,1
6a5d3a7d,4,0.2493,1
1e2a08f5,31,0.2932,1
27176f3c,53,0.326,1
5ceca378,57,0.5178,1
5fe1e44a,99,0.5644,1
12ebbbb1,77,0.5945,1
af4a72b,54,0.6986,1
114222e3,66,0.7151,1
31d1ab74,385,0.7589,1
d30d178,55,0.7644,1
347e54c5,78,0.8219,1
64ed25b4,118,0.8329,1
20dfc0f0,104,0.8932,1
60b66ac1,116,0.9288,1
5f2ccb3a,100,0.9452,1
643846f0,6027,0.9644,1
6f88f01e,56,0.9918,1
6ff87e59,7133,1.0301,1
29964956,67,1.063,1
245b0955,70,1.0685,1
272c4e8,79,1.074,1
15958d0f,1372,1.1014,1
2ad2ccb8,117,1.1123,1
695b18d2,71,1.1123,1
5b957db2,101,1.137,1
3195fc4d,2833,1.1452,1
4d784a8b,60,1.1479,1
59b98248,74,1.1671,1
3a0b08a7,64,1.1808,1
653232cb,72,1.274,1
7bdbddb4,68,1.3452,1
4002e38e,119,1.3753,1
2f05c391,103,1.4603,1
74f8fc56,102,1.4822,1
61c68b43,73,1.4932,1
159649da,105,1.5205,1
308510a1,69,1.5315,1
145e92a2,75,1.5315,1
a5796a2,61,1.5397,1
3ac50ab,2834,1.537,1
7a08611c,106,1.5973,1
56654f0e,76,1.6,1
719a1481,2835,1.6164,1
692f8565,65,1.6247,1
4193f10b,107,1.6658,1
b614959,1380,1.6795,1
6902120b,230,1.6904,1
8ca3e88,1373,1.6986,1
742b0da0,108,1.7315,1
553421b8,124,1.7452,1
2cdff35f,80,1.7836,1
7538b632,1374,1.7836,1
6cb89da7,1382,1.8027,1
5952e338,120,1.8192,1
7e096bac,121,1.8658,1
4eb0db79,109,1.8904,1
b5aab4,6028,1.9151,1
54fc5f91,112,1.926,1
611d0aa9,81,1.9589,1
5956a65c,1375,1.9616,1
76ba3d6a,2837,1.9808,1
293e6ee0,125,2.0192,1
6897301d,82,2.0247,1
4f39179,1376,2.0438,1
458156f5,2836,2.0466,1
324556a1,85,2.0466,1
3b045a02,7134,2.0521,1
8195a39,122,2.0767,1
61177aec,110,2.1068,1
797757ee,111,2.1397,1
51969394,2838,2.1863,1
619ff63f,1383,2.2219,1
78526444,123,2.2356,1
27313a2b,231,2.2493,1
2248b1b8,232,2.2521,1
788e3162,136,2.2548,1
61434a38,1385,2.2548,1
683de4e5,2839,2.2986,1
28f9357a,151,2.3315,1
7ff36621,1384,2.3781,1
78b3195b,113,2.389,1
14684ddf,1377,2.3918,1
734afb9b,1378,2.3945,1
8237d40,126,2.4027,1
91f894f,1379,2.4301,1
3fe547cb,83,2.4548,1
6c85c00b,1381,2.4548,1
3ad56ef1,386,2.4575,1
1ee7cc13,6029,2.4603,1
dbd7bf2,387,2.4712,1
2ccb225a,1386,2.4603,1
4ffa77d6,1387,2.4959,1
66b303a8,7135,2.5342,1
5e493a3e,127,2.5534,1
780e1342,84,2.5726,1
7eeee2b0,1394,2.5699,1
18ea6474,114,2.5781,1
432e478,86,2.5836,1
443f4fcd,1388,2.6356,1
13bda60a,152,2.6521,1
1a4f2daf,115,2.6521,1
51cd3356,389,2.6712,1
14c9bcfc,2840,2.7014,1
747b4bfa,128,2.7068,1
42cf1c33,87,2.7205,1
6061bc7,154,2.7205,1
3c3c7f96,233,2.7151,1
5ffd1feb,129,2.7342,1
6712c0c1,2856,2.7425,1
5d867694,250,2.7507,1
219727d,88,2.7507,1
4c5d6d9d,2855,2.7562,1
6d75a834,7136,2.7808,1
43ad8333,2841,2.789,1
dbd27d5,398,2.7973,1
8ac1d71,153,2.8,1
7228eaf8,131,2.8,1
35ac3792,89,2.8,1
1aa73d75,399,2.8082,1
44c9fd2e,137,2.8137,1
2a9501f5,400,2.8164,1
63d60440,1389,2.8247,1
6e00eed3,130,2.8384,1
3cb9044e,132,2.8575,1
3e213085,234,2.874,1
6d06c705,7137,2.9123,1
4fcef76d,7139,2.9205,1
3ba101ae,7140,2.9288,1
6a8217a0,2842,2.9315,1
c33bb47,475,2.9342,1
168fbd6b,1395,2.9425,1
d5ed834,90,2.9589,1
7fa1fdf5,6030,2.9616,1
57d66b2b,133,2.9753,1
6f1b9b23,91,2.9753,1
685b2a9a,155,2.9726,1
5c844b1f,134,2.9726,1
7f7d275b,2871,2.9945,1
41bcd119,135,2.9945,1
2fc8223a,92,3,1
4dfc2a4b,2869,3.0219,1
29178fec,138,3.0301,1
1a66db6e,1397,3.0356,1
1fb47574,2870,3.0521,1
76fa0548,1396,3.0493,1
64c4b78e,2867,3.0575,1
4846672f,390,3.0603,1
5d3be924,2874,3.074,1
71aaf446,2866,3.0822,1
3093453a,235,3.0877,1
4b972318,2843,3.0932,1
49679187,2844,3.1068,1
6f494429,93,3.1096,1
4559766f,388,3.1178,1
86a9918,139,3.1178,1
3869e8e6,145,3.126,1
3724123f,1398,3.1288,1
374e3734,402,3.1315,1
423a46f5,7138,3.1342,1
6eef470f,2859,3.1425,1
8c9a3e6,403,3.1616,1
37e21f75,2868,3.1644,1
7fbc6946,140,3.1562,1
418c67f0,1399,3.1753,1
67f72a97,401,3.1918,1
7a7c3ede,252,3.1973,1
6993d208,2861,3.2027,1
7eb180ef,1400,3.2137,1
12cf58ef,2879,3.2247,1
6e2c7c22,2860,3.2192,1
5db57adf,9913,3.2301,1
10e27318,236,3.2521,1
30d140e2,9914,3.2712,1
75c70d2f,95,3.274,1
4725d762,253,3.2795,1
34323d68,1390,3.2822,1
35e18191,141,3.3014,1
d791159,251,3.3068,1
38213663,1392,3.3068,1
24da7d5,94,3.3068,1
6b3afe39,9915,3.3205,1
526e07c6,1405,3.3205,1
f0520bb,2876,3.326,1
634db1c6,2875,3.326,1
7f4867c2,2845,3.3425,1
c51d175,2846,3.3507,1
16b90c3f,7142,3.3507,1
7ea71265,96,3.3534,1
30a63df0,1401,3.3671,1
12d44c15,2847,3.3699,1
1c991c08,7141,3.3781,1
1e41bc97,1391,3.3726,1
39dfab4b,240,3.3973,1
1f894b12,404,3.3973,1
2f0d0812,1406,3.4247,1
7ba038a7,2862,3.4356,1
7d7f6b4e,6031,3.4384,1
68169640,1393,3.4493,1
7c0b7a40,2857,3.4548,1
c264040,255,3.4603,1
3d12918b,391,3.4658,1
7a9853a3,1408,3.4685,1
873957,1407,3.4712,1
5cff0b91,2877,3.4767,1
7548474c,147,3.4795,1
60a7dc34,2882,3.4795,1
4df5170d,2863,3.4904,1
7481d265,156,3.4932,1
5006fce7,405,3.5151,1
6d79e4d,2848,3.5315,1
67c3a38c,2872,3.5425,1
3cdce928,237,3.5288,1
79f146a,142,3.5479,1
26b8d06,146,3.5507,1
780365d4,1409,3.5562,1
1f854ff7,2849,3.5589,1
65a05048,97,3.5589,1
67e36a47,476,3.5644,1
7b05be94,157,3.5671,1
d68e88a,2858,3.5836,1
3bfdf247,260,3.5836,1
cb2d13,1402,3.5973,1
58b30d29,256,3.5973,1
6b92566,392,3.5973,1
6d7c1b3f,2878,3.5973,1
ab934c8,261,3.6301,1
5e829012,241,3.6384,1
716670f7,98,3.6493,1
6296ddf3,334,3.6493,1
1e1804ae,1410,3.6521,1
13b041b1,2957,3.6521,1
2f7181e7,2873,3.6603,1
506c287b,6033,3.6603,1
1a243064,238,3.6685,1
44c76afa,2883,3.6712,1
55eb161a,2850,3.674,1
6475d32c,9920,3.6822,1
3c5d3a93,257,3.6849,1
5f6968d6,2851,3.6904,1
63f54441,9921,3.6904,1
2086597b,335,3.7096,1
4460ab2e,254,3.7123,1
2d50d0b7,9916,3.7205,1
67768a82,258,3.7205,1
73cd6162,477,3.7425,1
251ab1eb,2960,3.7507,1
6112a3e1,9922,3.7507,1
4a6c021c,2884,3.7671,1
191db349,406,3.7808,1
2e1457d6,2959,3.7808,1
1c30779,481,3.8082,1
75baa10b,143,3.8164,1
5fec3142,149,3.8192,1
2b9f460d,7143,3.8274,1
5d1982c6,161,3.8274,1
49dcefe6,6032,3.8329,1
3dfc268a,144,3.8329,1
661b7b93,259,3.8356,1
327e64c8,6034,3.8356,1
126c3975,6035,3.8438,1
2c347c5b,2956,3.8466,1
7dcaf8fe,297,3.8493,1
3cd38bab,6036,3.8548,1
2b379070,1411,3.8575,1
4f07bad5,148,3.8658,1
405ec1ca,242,3.8658,1
6a79dc37,9917,3.8822,1
4a579c00,4005,3.8822,1
7f7f74e0,2864,3.8849,1
38f4568d,1412,3.8849,1
e9290c8,9918,3.8849,1
2a2e6d49,2102,3.8904,1
185e4b04,449,3.8959,1
7ea69d60,394,3.8986,1
5c6f4390,239,3.8986,1
46b526ae,478,3.8986,1
5c3bea60,1403,3.9041,1
526908b,301,3.9151,1
5b4b4bcc,1413,3.9123,1
33e72817,6037,3.9151,1
1ba5f75b,2852,3.9178,1
12b55242,393,3.926,1
aac1960,2865,3.9288,1
6a0e86d5,9923,3.9288,1
473c5407,450,3.9342,1
23f3307c,479,3.9452,1
4c9ce2fa,2880,3.9479,1
4ff779e3,415,3.9479,1
31b53d68,2881,3.9534,1
7ee40a5e,2103,3.9644,1
442ea52e,159,3.9671,1
6f8e0463,395,3.9671,1
37b75992,414,3.9726,1
1bc24010,313,3.9753,1
4470bbdb,480,3.9808,1
452a1fcc,416,3.9808,1
749cd592,451,3.9808,1
6bae6a7e,4007,3.9836,1
62e575db,2886,3.9781,1
77a4d234,396,3.9863,1
5f31c4f7,160,3.9863,1
6506b917,407,3.9863,1
6f6f00d7,2958,3.989,1
7796df78,1414,3.9808,1
7d63d253,2885,3.989,1
3a524ce2,150,3.9863,1
34612b89,158,3.9918,1
7d1ac86,4008,3.9945,1
65857a43,9919,3.9945,1
351bb9e5,397,3.9945,1
5609045f,2961,4.0055,1
6b894074,2963,4.0055,1
1ad8443a,2962,4.0055,1
25907824,452,4.011,1
45c12dc7,336,4.0137,1
4dac39e2,244,4.0192,1
19aa82f1,298,4.0137,1
6eb7bcd1,337,4.0247,1
5319f7f4,6379,4.0247,1
72b29703,4006,4.0219,1
54459029,817,4.0411,1
788ac06a,417,4.0438,1
64b03ed8,2887,4.0466,1
6c977411,13832,4.0493,1
25ca7c2,7146,4.0466,1
7a60bb78,637,4.0548,1
76e81f3c,2964,4.0658,1
23666f32,9925,4.0712,1
2223d544,2105,4.0767,1
54c7bdce,246,4.0767,1
31e41f70,408,4.0795,1
2967b7d3,453,4.0767,1
5fbdb31a,314,4.0795,1
5661dc39,2104,4.0767,1
292516f6,245,4.0849,1
39146cd4,818,4.0849,1
40e5e7d1,9930,4.0849,1
e46b511,535,4.0877,1
3170733b,536,4.0904,1
516b6f22,2853,4.0849,1
9b3e122,315,4.0932,1
3befd43f,482,4.0932,1
8a0c444,4009,4.0959,1
15b97cdd,546,4.0959,1
671471ee,6380,4.0986,1
3f029264,243,4.0986,1
6d8c1051,2106,4.1041,1
29ce3559,886,4.1123,1
7b204633,7144,4.1123,1
75ac3ff7,299,4.1096,1
4db79a2b,11257,4.1233,1
6595f1bf,162,4.1288,1
31f3bbad,2192,4.1315,1
5bb68264,2193,4.1315,1
3c702b5a,4010,4.1342,1
4598f339,2194,4.1315,1
515f2ffa,1092,4.1342,1
7ddb0503,638,4.1342,1
7dddc8af,454,4.1397,1
40ca16b5,438,4.1397,1
3fc68fa1,2965,4.1397,1
424924ae,443,4.1425,1
575ea411,418,4.1479,1
4360301c,2888,4.1507,1
1bd66c78,410,4.1562,1
6a41e3e2,5076,4.1562,1
794ad6b5,340,4.1644,1
69251897,4416,4.1671,1
62c22d49,409,4.1699,1
7799c00,300,4.1699,1
28a91d24,2336,4.1726,1
69095906,13833,4.1726,1
1a52990b,4417,4.1753,1
51008fdd,419,4.1726,1
3120f8e4,2854,4.1781,1
12c256af,2582,4.1781,1
2617086b,539,4.1753,1
1c560f3d,439,4.1753,1
497d150d,1404,4.1836,1
7fac231e,2966,4.189,1
5774ec87,634,4.1918,1
7fdb756a,411,4.1918,1
5358b24b,4116,4.1918,1
708d1d1e,10767,4.189,1
722c0050,5077,4.189,1
6c8669d8,7145,4.1945,1
48523107,887,4.1945,1
52537f2a,445,4.1973,1
5e8e08ac,642,4.2,1
1c44c32c,4414,4.1973,1
4cb2bdad,640,4.2027,1
49d74d00,9928,4.2027,1
1325c54a,164,4.2027,1
4d634eb,2109,4.2,1
4aa60420,2107,4.2027,1
64c3beb0,2198,4.2055,1
3dc53850,444,4.2027,1
77a537,13836,4.2027,1
7a0a361d,1249,4.2055,1
34531d2,11258,4.2055,1
17568e52,6038,4.2027,1
2a35cf92,5079,4.2082,1
1a4ae17,489,4.2055,1
78cef9ed,9926,4.2055,1
2b45c450,540,4.2164,1
5a44ba32,5078,4.211,1
77679c4e,2335,4.2192,1
8c2fb74,2108,4.2219,1
c0ffca1,9932,4.2247,1
29c356bc,7259,4.2219,1
28ff3f21,302,4.2301,1
2d9d192a,7424,4.2301,1
21bafe3c,9929,4.2301,1
321b5eb6,7258,4.2301,1
f23448b,537,4.2329,1
418256a0,641,4.2329,1
1ec45b8e,2195,4.2356,1
10557f86,2196,4.2384,1
55c460ef,2604,4.2438,1
75aefa,1250,4.2438,1
3d427a0f,635,4.2438,1
6ea60c51,9924,4.2411,1
55b4e74c,7425,4.2466,1
509d3703,7147,4.2466,1
2381260d,2968,4.2521,1
dbdb270,2967,4.2521,1
5fb4f7b,547,4.2603,1
2ba0c54,7420,4.2603,1
5327e312,538,4.263,1
50951ac5,939,4.263,1
21dbf0bd,420,4.2685,1
b401bc5,1776,4.2685,1
2801feba,4058,4.2603,1
6b0e16ef,163,4.2685,1
73848b7c,6039,4.2685,1
7dd47ef,166,4.2712,1
79fd01b1,639,4.274,1
3edc61c5,4117,4.274,1
72e8a378,647,4.274,1
58c39a5d,412,4.2685,1
69ca6aa4,338,4.2712,1
4c5ba4d,10395,4.274,1
15a4d3ed,446,4.2685,1
22e04142,316,4.2767,1
184580f0,1773,4.2767,1
2fc1b097,4550,4.2767,1
70ad71d7,4629,4.274,1
2aa489e9,2240,4.2767,1
140a113e,6403,4.2795,1
24cc15d7,4415,4.2795,1
31fb5667,440,4.274,1
2f3d00e,940,4.2822,1
22b96b43,3166,4.2822,1
33bccd74,2969,4.2822,1
164f3de4,262,4.2877,1
31185eb6,1415,4.2877,1
7dec1924,485,4.2877,1
6103d537,303,4.2904,1
5b9064c9,3005,4.2877,1
775da30e,13838,4.2877,1
7497c83,7930,4.2959,1
8894927,1774,4.2932,1
6746f5cf,726,4.2959,1
395a8d04,13834,4.3014,1
7afee53a,339,4.3014,1
52b3d3f,1775,4.2986,1
79d76e91,247,4.3041,1
47a99ccc,4720,4.3041,1
39e16cd2,4413,4.3041,1
1711e17b,3004,4.3041,1
1acb1196,563,4.3041,1
50e2d2d8,13837,4.3068,1
46d50535,6404,4.3068,1
4407f4de,902,4.3068,1
4d11bedf,248,4.3123,1
bdb06d8,1489,4.3123,1
6d42ba6c,941,4.3096,1
5513843f,2383,4.3151,1
179678aa,6041,4.3178,1
79842bc0,548,4.3178,1
39239569,249,4.3205,1
7058cc0e,942,4.3205,1
2a832d1f,11026,4.3178,1
54afa987,6405,4.3178,1
cad52f9,1251,4.3205,1
298016d8,7310,4.3178,1
1f8e975a,2706,4.3205,1
2cd626a5,645,4.3233,1
4e118ec5,646,4.326,1
4003c0c1,7891,4.3233,1
3644e6bd,10396,4.3233,1
25969168,6187,4.3315,1
50984016,2337,4.3315,1
5cc8966b,822,4.3315,1
ca2d228,11272,4.3342,1
462baf19,554,4.3342,1
7987ba0b,4927,4.3315,1
6b083230,819,4.337,1
12d8d626,7892,4.337,1
3b8bbce,2583,4.337,1
a20fece,317,4.337,1
1132c35f,1610,4.337,1
55a16490,553,4.337,1
19ce1e4,842,4.337,1
47bc4cd2,542,4.337,1
3373c42e,1426,4.3342,1
40935741,10124,4.3397,1
1e483e27,821,4.3342,1
783d6fcb,490,4.3397,1
39bb6a37,455,4.337,1
991bd32,2970,4.3397,1
594052d4,6040,4.3397,1
5d4276c2,1877,4.3397,1
7b10b74,165,4.3452,1
5857a4a3,304,4.3425,1
4b07cb55,10127,4.3479,1
35e11b80,888,4.3452,1
326b63d1,2131,4.3479,1
5bd4091,6042,4.3479,1
a5811f9,552,4.3397,1
6f4fcead,4059,4.3507,1
1ae7ed72,5080,4.3507,1
75319f77,2199,4.3507,1
3fac9ff1,2389,4.3562,1
73f25d67,943,4.3562,1
2e07040f,549,4.3589,1
baee0c0,491,4.3589,1
729d1ce5,4226,4.3562,1
29955650,1316,4.3589,1
218fb0b8,541,4.3589,1
3f240811,741,4.3589,1
3eb2ada4,508,4.3616,1
4b7a4197,441,4.3644,1
437057d5,10561,4.3644,1
b701cd2,9985,4.3589,1
5990116a,2197,4.3589,1
7b3966a8,13835,4.3644,1
5a34fbde,2889,4.3616,1
45cf1409,643,4.3671,1
2820f75d,901,4.3644,1
30c7c15d,944,4.3671,1
4c03d9a,3006,4.3671,1
7905914d,1427,4.3699,1
5d826729,1093,4.3699,1
34740187,1026,4.3699,1
20958d4c,2390,4.3726,1
3b30391,946,4.3726,1
61d372e7,2648,4.3671,1
394440e2,2587,4.3753,1
1d47aa0b,9983,4.3753,1
41f5e078,413,4.3753,1
186e68d4,447,4.3753,1
569bffdf,7421,4.3781,1
5a68e7ad,13843,4.3781,1
7a5f0919,11027,4.3808,1
267bf3c9,318,4.3808,1
111ce64e,10835,4.3808,1
18f086b5,6135,4.3808,1
5b84f89,2899,4.3808,1
72d89e6,4234,4.3808,1
7ab0bfa7,1260,4.3781,1
71f531db,486,4.3808,1
6d2cc47e,2584,4.3808,1
776592d3,825,4.3753,1
2aaf1a55,507,4.3808,1
268526d7,11181,4.3836,1
41a6d45f,7971,4.3836,1
1c8a20ef,10128,4.3808,1
19855e59,11007,4.3863,1
3a96fcc9,519,4.3863,1
12017623,5081,4.3863,1
7c777e8e,1651,4.3836,1
40aebb84,4225,4.389,1
375d8be2,4224,4.3918,1
4996cc6,889,4.389,1
5c8984a4,2160,4.3918,1
1d30a218,8704,4.3863,1
28f758a1,2984,4.389,1
75784b92,9927,4.3945,1
732ec4c6,2162,4.3918,1
3c9e7939,5354,4.3918,1
24a62cd0,1428,4.3863,1
36065ab5,2159,4.3973,1
338ba047,945,4.3973,1
4c909f7c,834,4.3973,1
7c9350be,742,4.4,1
69c62350,11174,4.4,1
6d110f2f,544,4.3945,1
3761352,7422,4.4027,1
4a285705,1487,4.4,1
6506b522,426,4.4027,1
3d82d671,826,4.4,1
580fde99,10299,4.4027,1
6bd0ba49,8658,4.4027,1
3bafbdb4,8487,4.4027,1
1035c5ee,6419,4.4027,1
4939864b,3007,4.4027,1
6745f6ac,8244,4.4055,1
36e82a67,4228,4.4055,1
5804dc01,4229,4.4055,1
50222fd8,823,4.4055,1
1e8098a8,958,4.4055,1
20243423,513,4.4055,1
57e88952,483,4.4027,1
29f2a37a,8158,4.4055,1
33ad3b34,644,4.4082,1
3e31adbd,3118,4.4082,1
32a9944e,8243,4.4082,1
21983950,5356,4.4082,1
250b8161,6043,4.4082,1
1dcda76a,2161,4.4082,1
47e35b7c,8659,4.4055,1
4bb7474a,11005,4.4082,1
3916ac2a,305,4.4082,1
59a440e1,2018,4.411,1
29a25a48,7932,4.411,1
7447dcbb,427,4.4082,1
78bc49e5,5452,4.411,1
3e4ad5b,168,4.411,1
38afd775,7313,4.4082,1
72c766df,428,4.411,1
7d6e6b8c,1416,4.4137,1
14559ea4,1522,4.4137,1
68aefa03,2338,4.4137,1
4e861c38,8246,4.411,1
8547ee2,1094,4.4137,1
41ec00a9,947,4.4137,1
5e0d8475,8247,4.411,1
3766a15,11175,4.411,1
20143450,2241,4.4164,1
b9cfdde,824,4.4164,1
2ad45d4c,10171,4.4164,1
6870c01c,743,4.4164,1
18c84a4f,8543,4.4164,1
19ff5bb2,1127,4.4164,1
7561275e,10768,4.4164,1
7d573a83,820,4.4164,1
59e465bd,574,4.4164,1
27178d54,429,4.4192,1
39bf8982,2409,4.4137,1
44d660cf,10836,4.4192,1
3871f4dc,264,4.4219,1
7cb65273,2907,4.4192,1
67500d9c,2902,4.4219,1
10f7d9a1,566,4.4247,1
2254ba5b,1878,4.4219,1
27970877,7931,4.4247,1
737f09db,2345,4.4247,1
697ce33c,4227,4.4219,1
e272f62,2492,4.4247,1
4a80b941,10510,4.4219,1
6d0c1c91,961,4.4247,1
4df8062e,1520,4.4219,1
2033d5d6,3550,4.4274,1
3f78a517,10769,4.4219,1
3113c4c7,10770,4.4274,1
6f8a1b8,5618,4.4274,1
385b49d4,4418,4.4192,1
42f113d5,7219,4.4274,1
6d6bd2b0,2484,4.4274,1
2edd5bc4,573,4.4301,1
4caab222,1128,4.4301,1
25df313d,3614,4.4301,1
60f7fd9,341,4.4301,1
3542d3fa,2273,4.4274,1
7105bded,2200,4.4329,1
68a73a4d,4808,4.4301,1
60b65c53,1216,4.4274,1
152b7137,597,4.4329,1
3655ad6b,10785,4.4301,1
77639300,4814,4.4329,1
6a638499,727,4.4329,1
3b47aeca,7972,4.4356,1
75abc25c,4060,4.4274,1
6e8e0777,4551,4.4274,1
18bf0173,10562,4.4384,1
50c31628,2585,4.4384,1
12d16e3,8370,4.4411,1
1e88cd50,1417,4.4384,1
351a55ff,4764,4.4411,1
68356499,5227,4.4411,1
56b9e42b,2486,4.4411,1
13842652,4147,4.4411,1
2bb15994,10509,4.4356,1
13029689,8705,4.4438,1
4be57108,732,4.4438,1
135fc769,7188,4.4438,1
740dcd50,8157,4.4438,1
55d147bc,8614,4.4438,1
355c013f,636,4.4438,1
5855ec72,855,4.4438,1
4228cd65,1306,4.4438,1
1d9b8e3b,1252,4.4438,1
481b214e,10683,4.4466,1
3fda7243,4029,4.4466,1
3b9dd338,7423,4.4466,1
7ab66826,1105,4.4438,1
6bb6376f,1488,4.4466,1
7120830,2589,4.4466,1
66edbc69,5082,4.4438,1
52c31ff9,2388,4.4466,1
4129230c,7481,4.4466,1
1b7daadf,6131,4.4466,1
412afb90,4118,4.4411,1
56ee380d,263,4.4493,1
1c18d9fe,10592,4.4493,1
6a45b3f0,1611,4.4493,1
54bd81a,843,4.4493,1
7c252353,3008,4.4493,1
5b2c528a,2971,4.4493,1
68ed17bf,1521,4.4521,1
1a1a738,4777,4.4521,1
4df575b1,11006,4.4521,1
46bc4ecf,8265,4.4521,1
3952617a,903,4.4466,1
13d6d2f0,1419,4.4548,1
2a577a02,10528,4.4521,1
20d25df6,10196,4.4521,1
7fefc1a5,11284,4.4521,1
26c39017,4148,4.4548,1
5bd2e038,904,4.4548,1
2c019bfd,4432,4.4575,1
22d7836,1993,4.4521,1
27497bd1,8173,4.4548,1
351c6997,6044,4.4575,1
36df8250,4372,4.4548,1
c26ffb4,2926,4.4603,1
6523dace,1501,4.4575,1
958a248,890,4.4575,1
52d0a2ba,10125,4.4603,1
4bd30ceb,835,4.4603,1
43df6c31,11285,4.4603,1
783fe0a1,2150,4.4575,1
331b0c2,2210,4.463,1
4fb7080e,962,4.463,1
77b15b2d,5357,4.463,1
7af73a47,13842,4.463,1
7b2b01a6,2355,4.4603,1
30f5fab5,10172,4.463,1
700c9792,2046,4.463,1
3e507a80,2649,4.463,1
7d2001da,9984,4.463,1
7eb58ef1,11182,4.463,1
4b043e82,3009,4.463,1
9b50e51,10807,4.4603,1
74a04479,2900,4.463,1
6004ed78,3226,4.4658,1
3214358f,10529,4.463,1
13f2721a,4199,4.4658,1
65877f91,1200,4.4658,1
222f2174,2731,4.463,1
5250c800,10126,4.463,1
3104d0f3,3167,4.4658,1
31e6066b,11184,4.4685,1
6f438c31,4340,4.4685,1
e3b1d5e,5228,4.4685,1
343c342c,5104,4.463,1
7bbb6153,828,4.4685,1
2328e910,2588,4.4603,1
22fc6640,4433,4.4685,1
f705efd,959,4.4685,1
2d0c9c4b,7311,4.4685,1
512d442a,4074,4.4685,1
4e59777,8174,4.4712,1
60e18e92,1095,4.4685,1
21ee3aa8,7893,4.4712,1
1a5926ab,9933,4.4712,1
2304f91c,4766,4.4685,1
32af44b8,515,4.4712,1
5ed6c961,2153,4.474,1
5a83b353,5105,4.474,1
bb8e1bf,703,4.474,1
ebd9369,5622,4.474,1
5d82906b,3342,4.474,1
154085e7,7506,4.4712,1
6807b723,667,4.474,1
7db5cbef,2925,4.4767,1
19911ecc,2346,4.4767,1
6f00d1c7,4026,4.474,1
1ff129eb,599,4.4767,1
5639f3b6,1202,4.474,1
6dbbf26b,2151,4.4767,1
47c72b2b,8371,4.4712,1
147e6a8f,4560,4.4767,1
3b23f17f,7482,4.4767,1
2d6b79a,8330,4.4795,1
1beb4035,11183,4.4795,1
658bae10,1253,4.4795,1
7b3e0f7,543,4.4795,1
13a0d925,10812,4.4795,1
31159a29,10679,4.4795,1
2c68a3c,10308,4.4795,1
359b9799,6134,4.4767,1
743083f7,5293,4.4767,1
4c73484f,1199,4.474,1
7a52bc97,442,4.4795,1
131cdb1b,668,4.4822,1
6343ddb4,2908,4.4822,1
35a4c0a3,8251,4.4822,1
5a7d7484,2132,4.4822,1
2fccb8d3,2283,4.4822,1
529f6ee3,1997,4.4822,1
1e8d01a5,8088,4.4822,1
412d0dcb,1574,4.4849,1
7045983e,10813,4.4849,1
3a05bcc5,10300,4.4822,1
27db5ce4,4183,4.4849,1
13c42510,3010,4.4849,1
3a2e31f6,4132,4.4849,1
705b8b69,1973,4.4849,1
66f6cae5,7319,4.4795,1
7102a16a,2485,4.4849,1
43dcf6ff,587,4.4849,1
8b6cef3,7933,4.4822,1
18c41638,556,4.4877,1
58478ce2,8115,4.4849,1
4a53b469,10426,4.4849,1
76717ce3,7312,4.4904,1
3caa7f71,8660,4.4904,1
65dfdf88,5106,4.4904,1
2623dc86,830,4.4877,1
760612da,458,4.4877,1
18e50d15,8357,4.4904,1
69d46aab,10177,4.4904,1
269a89ac,2354,4.4877,1
490f2c7b,8159,4.4932,1
3badb5d5,1292,4.4904,1
42de3101,4778,4.4932,1
2d609fdc,10602,4.4932,1
1d5da2c0,11010,4.4932,1
5bae76bc,2350,4.4904,1
6f789f2e,1808,4.4932,1
5c9dedf9,487,4.4932,1
75aa07c9,493,4.4932,1
cbe59af,2154,4.4959,1
511f01e,8245,4.4959,1
76c5f87c,3122,4.4959,1
2ebb9e7d,11008,4.4959,1
1dfa4c76,10688,4.4959,1
5a1080d0,11119,4.4959,1
38cb844f,7359,4.4932,1
32d01248,7527,4.4959,1
406a3a19,7322,4.4959,1
52d797ca,4075,4.4959,1
fbc579e,550,4.4986,1
3597d2cd,2340,4.4932,1
4c213363,1466,4.4959,1
235527c3,2985,4.4904,1
33559a40,13839,4.4986,1
6b3143da,2384,4.4986,1
59415ea6,2111,4.4986,1
48ea1d65,4553,4.4986,1
2507b341,4027,4.4986,1
a893ef2,2901,4.4986,1
44c91ba8,5355,4.4986,1
172ec9f9,9986,4.4904,1
1fffc663,1028,4.5014,1
5c42ae87,551,4.5014,1
f37ff4c,2488,4.5014,1
1732d850,7624,4.5014,1
bee457c,1060,4.5014,1
1b2a8545,8337,4.4986,1
4bfd3c5e,3363,4.5014,1
2d3f3940,6193,4.5014,1
7a2af6d8,1458,4.5014,1
4a57bb4e,4521,4.5014,1
4ba61a0c,6381,4.4986,1
469be90,2275,4.4986,1
295804f3,1283,4.5041,1
5b7013b9,1690,4.5041,1
5e22475d,1261,4.5041,1
252f50ef,8018,4.5041,1
465cb9aa,8161,4.5041,1
6c7be7e4,6132,4.5041,1
5ed0904,4120,4.5041,1
4939ae4b,3364,4.5041,1
18b7588f,8355,4.5041,1
1373ed1b,10680,4.5068,1
164e27ab,6292,4.5068,1
25b9b641,2137,4.5068,1
48f13edb,557,4.5068,1
65ddf1bc,6045,4.5068,1
4c3e9a78,10814,4.5068,1
70c11db0,2524,4.5068,1
2baa9f2b,509,4.5096,1
43493fa1,648,4.5068,1
5f127e6c,545,4.4959,1
4fc05b49,2217,4.5096,1
4acaa462,5244,4.5068,1
20fd6f5,600,4.5068,1
3a5a6196,2218,4.5096,1
45f6e231,13853,4.5096,1
4f486919,8586,4.5096,1
338ca67b,5294,4.5096,1
5ab3274d,1827,4.5096,1
57a8f26,1560,4.5096,1
28a6a140,8488,4.5096,1
24aa15ec,8666,4.5096,1
7243c07c,836,4.5096,1
31091836,3218,4.5096,1
2c3813f6,1217,4.5123,1
58c976e8,2356,4.5123,1
4728121c,2733,4.5123,1
27f9d896,8489,4.5123,1
34651dad,8031,4.5123,1
4dd46bbf,8490,4.5123,1
211f7650,831,4.5123,1
7076e350,9987,4.5151,1
56a16a8f,10809,4.5151,1
241b8a9b,10681,4.5151,1
32722aad,9993,4.5151,1
7cae8b2b,9991,4.5151,1
4e19786c,8160,4.5151,1
2b99d166,3276,4.5151,1
2e66c13b,1844,4.5123,1
12c2141,913,4.5151,1
4081dedb,10131,4.5151,1
1a768d6d,8333,4.5123,1
3972ebcc,8001,4.5151,1
56fcdd,4292,4.5151,1
6ba8ec37,2606,4.5178,1
21059ac0,5525,4.5178,1
6f3cef3d,1502,4.5178,1
7b14cf8,492,4.5178,1
418f1a52,2043,4.5151,1
298a3b79,6136,4.5178,1
6f0da524,5385,4.5178,1
62d3e19f,2740,4.5178,1
5dde58b2,729,4.5178,1
6a1eafff,1418,4.5123,1
30d7a9b8,5015,4.5205,1
53fa6564,730,4.5178,1
51dcceba,1434,4.5205,1
18ac9a32,3578,4.5205,1
2cfe0207,4952,4.5205,1
33802130,1662,4.5205,1
33d1a361,6127,4.5178,1
4cf12bf,564,4.5205,1
7eb660fb,4119,4.5205,1
587dd61b,7260,4.5205,1
6a46e585,1614,4.5205,1
56dd0e26,4957,4.5205,1
1a477bcb,2695,4.5233,1
54328907,1855,4.5233,1
289423d4,1663,4.5205,1
1e6fe5d3,8040,4.5205,1
43584156,2605,4.5205,1
362828b,1540,4.5233,1
a618bb0,11088,4.5233,1
6b41a652,10440,4.5151,1
6a92189d,2443,4.5233,1
18589e92,3219,4.5233,1
12359724,5623,4.5233,1
28e7fde2,1777,4.5233,1
20c4193,906,4.526,1
65f6ee1a,5267,4.526,1
7dbeceb3,10943,4.526,1
7df3b99e,4923,4.5233,1
7da6fef7,2274,4.5233,1
5bc6d8ff,4494,4.526,1
7b49819b,1242,4.526,1
1ddcdb96,7394,4.526,1
67707e40,2586,4.5205,1
7af1479,1233,4.5233,1
12b2c9a1,10637,4.5233,1
5b73903d,1328,4.526,1
305d084e,966,4.5288,1
4ba675b8,1845,4.526,1
2f4080f2,8356,4.526,1
503355bf,840,4.5288,1
874388f,343,4.5288,1
7007878c,4133,4.526,1
5b6bde6e,10709,4.5288,1
113fe611,3011,4.5288,1
61c222a1,1691,4.5288,1
382604f9,598,4.526,1
7451df96,4859,4.5288,1
71cce7dc,2201,4.5288,1
3681be39,5437,4.5233,1
2802fc5e,2429,4.5288,1
1fad889a,687,4.5315,1
17a4465a,4522,4.526,1
6df38657,4011,4.5315,1
7b176e32,1789,4.5315,1
6b16d221,4284,4.5315,1
410c2426,1620,4.5315,1
88dc092,7220,4.5233,1
3d2ed14f,9947,4.5315,1
4c9e3983,4182,4.5315,1
cb8b8dc,4972,4.526,1
6ad77089,1271,4.5315,1
21b87035,1994,4.5315,1
8736929,905,4.5315,1
2239d631,1459,4.5315,1
5af0a484,8335,4.526,1
1cd717a0,9989,4.526,1
55e022be,963,4.526,1
46253b3,2927,4.5315,1
6639b2d2,5204,4.5288,1
4277c3a2,967,4.5315,1
1656ec80,521,4.5342,1
bfca32,11187,4.5342,1
2bbb57d5,8508,4.5342,1
572debd3,10425,4.5315,1
763e2f5a,6418,4.5342,1
8ae85f5,6071,4.526,1
bf6a294,5009,4.5342,1
795a6eca,13973,4.5342,1
43e26dff,2890,4.5342,1
41916141,1032,4.5342,1
46d2c2d6,8588,4.5342,1
7bc126b0,744,4.5315,1
7943035d,702,4.537,1
3aaf76d4,1310,4.537,1
10296375,1219,4.537,1
5af88358,514,4.537,1
a6c2ea3,8089,4.537,1
f1dd741,1065,4.537,1
4b34f0ec,10924,4.5315,1
10dd1034,2386,4.537,1
4581307a,2591,4.537,1
e21b334,1275,4.5397,1
65d39d65,914,4.5397,1
90ca2a3,837,4.5397,1
71a85f06,9992,4.537,1
7213fa14,2521,4.5397,1
b527986,2607,4.5397,1
3cd76ece,7314,4.5397,1
1a21d7c,3378,4.5397,1
67a7dbf5,10061,4.5397,1
54c4f868,4593,4.5397,1
39ea7bbe,10810,4.5397,1
784db4f7,4829,4.5397,1
bb9042e,488,4.5397,1
61e4a96c,948,4.537,1
6163f9bb,4300,4.5425,1
486d17ac,2430,4.5425,1
2596c8d7,2712,4.5425,1
30692a9e,9990,4.5425,1
73b2c0c9,10638,4.5425,1
37d9a81a,1120,4.5425,1
4a40ae5a,8665,4.5452,1
44500f6a,2110,4.5452,1
1a06c078,1967,4.5452,1
249a1e46,10129,4.5425,1
6239fe96,4422,4.5452,1
5ddefd91,1652,4.5452,1
384e51f5,10325,4.5452,1
388fca6b,6293,4.5425,1
426c3c18,10427,4.5397,1
f24837,1203,4.5452,1
58b0adb8,8266,4.5397,1
2f361404,2339,4.5425,1
36f0623d,8264,4.5452,1
1c682307,5155,4.5452,1
5a727e73,872,4.5479,1
795d05d9,984,4.5479,1
4c097145,6205,4.5479,1
11a413d8,2133,4.5452,1
58ec6679,569,4.5452,1
498ed370,3277,4.5479,1
4e0a005d,4505,4.5479,1
7f81e097,4630,4.5479,1
44658eb0,10023,4.5452,1
147a142,4028,4.5479,1
6adf2ebe,1544,4.5507,1
2ab33952,9931,4.5507,1
7b4fd01f,9994,4.5479,1
194658aa,2590,4.5452,1
5f137c42,1689,4.5507,1
65592fc3,1922,4.5507,1
59cf1e26,10537,4.5507,1
152ceea7,4990,4.5507,1
7dd4f2bc,7625,4.5507,1
789e0a31,2732,4.5507,1
549515d6,1244,4.5507,1
26be9035,2896,4.5507,1
288cb29d,4235,4.5507,1
7ca5c74c,2319,4.5534,1
74e2856b,5168,4.5534,1
8250584,7982,4.5534,1
5ac8038d,7234,4.5534,1
11f18c8e,8453,4.5534,1
805203f,3297,4.5507,1
682c2589,960,4.5479,1
243c862d,8589,4.5534,1
4805042d,4291,4.5534,1
3377ebc0,1113,4.5534,1
531a1bef,4185,4.5534,1
524bb2cb,2976,4.5534,1
73ee7465,10266,4.5562,1
6bfc22e9,3322,4.5562,1
7ae717fc,10854,4.5507,1
1aa350e1,1653,4.5562,1
15f16494,7934,4.5507,1
15bc6713,5233,4.5562,1
57a6daaf,484,4.5562,1
5782bce2,10786,4.5562,1
5b658515,10985,4.5562,1
4949b742,4502,4.5562,1
3fbbd587,10837,4.5562,1
718f4cbd,6420,4.5562,1
6bf7ad86,3433,4.5562,1
4c4b8c32,13844,4.5562,1
5e29137d,430,4.5562,1
6d17a2cf,8719,4.5534,1
1c8ed1f6,2621,4.5589,1
18f99682,570,4.5562,1
62c7a6c5,1809,4.5562,1
6c28661d,448,4.5589,1
798f6ff7,4675,4.5534,1
63333acd,3504,4.5589,1
6f2b2940,431,4.5589,1
5c04432,8718,4.5589,1
6d310fd1,4149,4.5562,1
51599f8e,6273,4.5589,1
53abb285,3555,4.5589,1
66894df5,1029,4.5589,1
65fcf099,522,4.5562,1
629ac9c0,1112,4.5589,1
57ebd1e2,8454,4.5616,1
7fa29ff2,10925,4.5616,1
71933519,575,4.5616,1
5094b559,4293,4.5616,1
510596f0,869,4.5616,1
73697b8a,2891,4.5616,1
478978ee,5229,4.5616,1
2cbf32e2,5151,4.5589,1
446ce191,4719,4.5616,1
7c6177bd,833,4.5616,1
70a32ed7,2477,4.5616,1
25de2a03,7507,4.5644,1
601b290f,11086,4.5644,1
69d2740,10706,4.5616,1
71b664b1,1901,4.5644,1
180a39c6,8398,4.5644,1
57a46fd5,11028,4.5644,1
5a1749d,4419,4.5616,1
4c5096f6,13840,4.5616,1
23181f1b,10301,4.5644,1
61c97425,11188,4.5644,1
6b58f3cc,2935,4.5671,1
28c4a5d3,1892,4.5671,1
60eb611b,3168,4.5671,1
3685ada,6051,4.5671,1
146d1d85,3420,4.5644,1
29aa7ece,4643,4.5644,1
2864b514,2909,4.5671,1
5a7a3d98,3311,4.5671,1
e5655e4,3556,4.5671,1
244dac15,3615,4.5671,1
4f04f733,1027,4.5671,1
1f15f23e,1329,4.5671,1
5e6ad58c,308,4.5671,1
244c8c81,2487,4.5671,1
6d28a119,2592,4.5671,1
5d9c2a80,2665,4.5671,1
5552520a,9988,4.5671,1
4da06690,5232,4.5671,1
153af4a5,2701,4.5671,1
2bb86e1c,7360,4.5671,1
3d32bf72,1561,4.5644,1
1465a7e,838,4.5671,1
46438a5e,4973,4.5671,1
364d12ef,1204,4.5671,1
41ec1ef,7148,4.5671,1
64b5b3c7,871,4.5699,1
2c7f3731,1201,4.5699,1
5704074d,8551,4.5644,1
1f590d6a,1778,4.5699,1
7b8f5b3,342,4.5699,1
451275a5,2393,4.5699,1
3771c551,7935,4.5699,1
6262aa31,11121,4.5699,1
3507c94a,2169,4.5699,1
63ee2d12,7317,4.5699,1
56b50521,3121,4.5699,1
5a8c3773,4818,4.5699,1
3a957a87,2460,4.5699,1
2dc82d31,6188,4.5699,1
3512253c,6246,4.5671,1
1706f55c,1171,4.5699,1
268efc5b,8334,4.5671,1
5443ed34,8110,4.5671,1
341ac325,1968,4.5671,1
f165d7a,1206,4.5699,1
54e32fa9,8552,4.5671,1
63db580c,2163,4.5726,1
32e61c08,2164,4.5726,1
5007f29a,4682,4.5699,1
cadc08e,4991,4.5671,1
54e5b6f1,2044,4.5699,1
7a6afa80,4067,4.5726,1
48c4603f,1061,4.5699,1
56e1f639,7541,4.5671,1
3ddd324b,10820,4.5726,1
399d5d5d,6075,4.5699,1
5dbeea61,1575,4.5726,1
10e1e753,10682,4.5699,1
53a60e1e,13948,4.5726,1
6bf3785b,1118,4.5726,1
68482ef3,8114,4.5726,1
11e34f35,10811,4.5699,1
486a330e,6156,4.5616,1
1bcef8eb,2703,4.5671,1
32d862d7,10655,4.5726,1
39c9095e,11279,4.5726,1
2022bf2a,907,4.5726,1
2d5cdfc9,7528,4.5753,1
10457c63,5640,4.5753,1
4cc71265,5237,4.5753,1
3d781ff0,4061,4.5753,1
4c8a72f8,11087,4.5753,1
79645fac,8714,4.5726,1
5ce41515,5451,4.5726,1
dc42edf,6411,4.5753,1
703e3708,2768,4.5753,1
6fbc9645,2387,4.5753,1
34fe2d21,916,4.5753,1
18604fb7,2619,4.5726,1
2eb23178,7149,4.5753,1
1967bdc4,8079,4.5753,1
12621e13,4573,4.5726,1
5730be5b,8336,4.5753,1
4d375efd,1810,4.5753,1
691a4302,11176,4.5753,1
22e2ebfe,3046,4.5753,1
19160064,1924,4.5753,1
6b0a4ab4,1974,4.5726,1
588cf573,4373,4.5753,1
391ae3e8,1782,4.5781,1
4c674da3,5014,4.5781,1
60214fe1,8249,4.5726,1
3ec75082,7542,4.5726,1
4e2d8280,2112,4.5781,1
7514da14,1097,4.5781,1
4c7261e8,5428,4.5753,1
48b67993,1254,4.5753,1
2219ce2d,10864,4.5781,1
2716c,6444,4.5781,1
cb789a9,11209,4.5753,1
603346b4,7221,4.5781,1
73a9c2cf,3380,4.5781,1
eb96e67,8456,4.5781,1
3af95c8,1790,4.5781,1
23486c91,8116,4.5781,1
3ef344d8,3040,4.5753,1
448fa354,7899,4.5781,1
798daeb0,6299,4.5781,1
3824576e,4434,4.5781,1
3c022db0,5245,4.5781,1
18736b6c,978,4.5781,1
3b1c50c6,6489,4.5781,1
21dffe35,10280,4.5808,1
35b32c90,1633,4.5808,1
1871f83b,5620,4.5808,1
1bdad852,8259,4.5753,1
7b8f6aff,673,4.5808,1
452ab34a,1245,4.5808,1
69d1c0d3,2413,4.5808,1
5594695d,306,4.5781,1
7dab0d03,1811,4.5808,1
74e54549,10684,4.5808,1
7ef65df2,517,4.5808,1
33a31236,8098,4.5781,1
230357eb,6083,4.5808,1
7b58f703,7990,4.5808,1
4433cc00,10531,4.5808,1
86610b9,568,4.5808,1
23ff8121,2640,4.5808,1
1afa26ba,1923,4.5808,1
4073ba29,1435,4.5781,1
234722f7,8117,4.5836,1
4672cd34,6448,4.5781,1
78a89946,2894,4.5836,1
2701f9fb,3419,4.5836,1
6c05d457,9995,4.5808,1
31fa890c,5033,4.5836,1
d2444dc,3278,4.5836,1
2542baa2,10838,4.5808,1
67a77531,3512,4.5836,1
2f02220,6195,4.5836,1
3dc1939f,6189,4.5836,1
90cd4b7,1998,4.5836,1
2d5d9406,6089,4.5836,1
69b5b73b,1259,4.5836,1
1dfaaca5,875,4.5863,1
41a85cd6,1096,4.5808,1
424a97e1,5619,4.5808,1
376c60a,8332,4.5863,1
4b21cd45,5278,4.5863,1
b3cbc42,3588,4.5808,1
2c601cfd,3395,4.5863,1
486c661b,6454,4.5863,1
5e8f0568,8181,4.5836,1
6bfcde25,495,4.5863,1
2ef27dfa,555,4.5863,1
5859a81,2396,4.5808,1
23077b1c,1269,4.5863,1
2e8784af,10639,4.5863,1
13272128,1879,4.5863,1
3c456bf9,10089,4.5863,1
2f21df0a,1975,4.5863,1
3a5fe05f,1907,4.5863,1
41080862,5358,4.5863,1
2298a393,2986,4.5863,1
5739c15,10519,4.5863,1
30a8f993,1284,4.5863,1
35d6c54a,8706,4.5863,1
1aaca0cf,13949,4.5863,1
341f5f56,10808,4.5863,1
5f34f6dd,2936,4.5863,1
38574293,4561,4.589,1
649c51f6,2069,4.589,1
4fc4506b,4158,4.589,1
30912b84,2501,4.589,1
48eba155,10794,4.5863,1
4aaa3101,1568,4.589,1
27807737,6532,4.589,1
1e74b548,6052,4.589,1
b805eda,8455,4.589,1
10b94492,7315,4.5753,1
34a4b07d,1546,4.589,1
2ca3382e,2049,4.589,1
7df9888,892,4.5863,1
ca80a8,2114,4.589,1
3abaebc9,3579,4.589,1
f159d84,2433,4.5863,1
fc19d54,6053,4.589,1
6be74f8,10825,4.589,1
15beb9fc,2439,4.5863,1
5cf92d69,4869,4.5918,1
4dcf59d3,10178,4.589,1
4e674603,1165,4.5918,1
564d4a18,3350,4.5918,1
3b0bf283,7395,4.5918,1
284de060,2117,4.5918,1
2e0c12ee,1693,4.5863,1
155d6f6e,3389,4.589,1
193ad73d,1637,4.589,1
6d99dd47,2053,4.5918,1
9e2b59d,7151,4.5918,1
20c61121,8248,4.5918,1
47374d2d,5523,4.5918,1
25d7885a,11009,4.5918,1
87bf9c9,1218,4.5918,1
2b2b7e64,8177,4.5918,1
63280ac9,780,4.5918,1
377978c1,4421,4.5918,1
4ada1526,2156,4.5918,1
572a533a,4497,4.589,1
1d381805,3039,4.589,1
6d109d98,4495,4.5945,1
11d34f8b,6406,4.5918,1
79dde7d9,13955,4.5945,1
b3a0bb2,873,4.5918,1
561fc2e0,13963,4.5945,1
3f8a79e6,1228,4.5918,1
342ed68b,2704,4.5945,1
6f923c27,2054,4.5945,1
47b2fbf7,4034,4.5945,1
2b1bffae,3124,4.5945,1
6943fec8,2165,4.5945,1
17ce84c3,7235,4.5945,1
4773b88e,7975,4.5945,1
33e1d941,2019,4.5945,1
4522d44b,14056,4.5945,1
2629a8b0,3319,4.5918,1
7c44c333,3616,4.5945,1
4152362b,8510,4.5945,1
63333178,7426,4.5945,1
128132c6,2702,4.5945,1
7906740e,4644,4.5973,1
23016d46,8599,4.5973,1
7332f463,6290,4.5973,1
683eefc1,4506,4.5973,1
225240cc,7412,4.5973,1
a91629d,908,4.5973,1
6ee41e40,1119,4.5973,1
713ba4ba,8016,4.5973,1
73e44915,2070,4.5973,1
33df74c1,3485,4.5973,1
231231a5,1221,4.5973,1
415fde71,2243,4.5973,1
180514e9,10898,4.5973,1
405bd94d,2311,4.5973,1
2efb941b,10067,4.5918,1
3ae1cff9,4230,4.5973,1
e83c918,8331,4.5945,1
2231a206,6557,4.5945,1
1d224c67,2152,4.5973,1
3ad6f3f,1562,4.5973,1
1376ad5b,1030,4.5918,1
5c9c9603,998,4.5973,1
73cfea0e,10850,4.5973,1
3c781ca1,5429,4.5973,1
6578ec6b,1035,4.5973,1
33362e3d,2987,4.5945,1
5b8a6bf3,2244,4.5973,1
7d3009ac,5230,4.5945,1
1519fbf,10197,4.6,1
b03faf9,4594,4.6,1
3941e6e,7997,4.6,1
b49281c,4562,4.6,1
76492db0,3217,4.5973,1
7b68f8a1,8294,4.6,1
1d78ab5b,10068,4.6,1
582cfecc,4531,4.6,1
1ae7341d,10267,4.6,1
286bcaf7,5435,4.6,1
3232ccf3,7483,4.6,1
54b8,10773,4.6,1
257cae5c,2318,4.6,1
19edf7a2,7261,4.6,1
2608b0cd,4658,4.5918,1
5ec2fcd,8553,4.6,1
45227f62,7983,4.6,1
3304c083,1176,4.6,1
4c7ca244,5231,4.6,1
50e990f6,1969,4.6,1
349f4f61,10952,4.6027,1
6210efff,520,4.6027,1
77052be6,3316,4.6027,1
6b777bd0,1346,4.6027,1
3cce7916,3229,4.6027,1
25ddc598,10661,4.6027,1
66f1354e,7430,4.6,1
6e6032e3,4924,4.6027,1
40d7a9cb,3227,4.6027,1
1e53f02c,2478,4.6027,1
4eaaa1cd,13908,4.6,1
5105c85,6445,4.6027,1
78f4341d,5122,4.6,1
79a779bf,5381,4.6,1
62180b8f,2167,4.5945,1
656b973d,7905,4.6027,1
3ce61351,7484,4.6055,1
7e4eeff3,10186,4.6055,1
5c28d7c6,8346,4.6055,1
10ce5621,10103,4.6055,1
65c37101,601,4.6055,1
69339a73,7428,4.6055,1
438c4d87,1791,4.6055,1
600bc1d1,2494,4.6055,1
39ea1075,2668,4.6055,1
7a87acf1,10771,4.6,1
4b281d9,1227,4.6055,1
7127733e,5279,4.6055,1
7960b5bb,4741,4.6055,1
2478cbe9,6160,4.6055,1
59658d42,2911,4.6055,1
4f9c2182,4765,4.6055,1
8259a31,5202,4.6055,1
8bbeca4,6099,4.6,1
18170823,13961,4.6055,1
5263269c,1665,4.6055,1
7c5d8d63,8100,4.6055,1
2bd48080,1349,4.6055,1
76fa249,1226,4.6082,1
ba2d3c9,8636,4.6082,1
40be53e7,5524,4.6082,1
563aa7e9,8258,4.6082,1
5098e806,7150,4.6082,1
5f47a215,3379,4.6082,1
42e61eaf,1505,4.6082,1
70f55c7f,6196,4.6082,1
bea01d3,649,4.6055,1
673a52bf,1276,4.6027,1
3973f4f8,856,4.6082,1
7fa7505f,969,4.6055,1
58f0347,7293,4.6082,1
77ee663f,13854,4.6082,1
2d22ca19,10538,4.6055,1
45f49c5e,1963,4.611,1
1838caa8,4933,4.611,1
655077d3,1031,4.611,1
610b3ad8,2166,4.6082,1
47828947,11124,4.611,1
5a4256e2,3630,4.611,1
1e91d513,2124,4.611,1
5ca0a16e,11189,4.611,1
470466db,6055,4.611,1
471aa88,11263,4.611,1
6279bb3a,8429,4.611,1
5a1c9057,2667,4.611,1
122138b0,4393,4.611,1
1b0df596,8358,4.611,1
34023da6,4382,4.611,1
aa29d59,4767,4.611,1
5011663b,8207,4.6055,1
115dd005,6284,4.611,1
658826fd,968,4.6055,1
53d585d3,2414,4.611,1
40c2d8e7,4574,4.611,1
5e14cdf3,1829,4.611,1
21b6f3cc,10539,4.611,1
5ad96c9,10911,4.6082,1
610aebcf,3381,4.611,1
53fe737b,4420,4.6137,1
2bfd57a2,2385,4.6137,1
3883be4d,1523,4.6137,1
5bcdd673,9960,4.6137,1
3dc3e982,1706,4.6137,1
54b12b2d,7973,4.6137,1
2f7b8a7e,4860,4.6137,1
7474ef6b,721,4.6082,1
35f5f600,731,4.6137,1
175886c5,6282,4.611,1
4a6d2f40,1422,4.611,1
19318ed1,1890,4.6137,1
3ee2e01,3175,4.6082,1
5053ee17,4391,4.611,1
73e7cc72,6206,4.6137,1
5c54c020,8090,4.6137,1
3c6108af,3328,4.611,1
66b583d9,7578,4.611,1
14593728,7642,4.6137,1
5b3540e2,2242,4.6137,1
16fc93aa,4881,4.6137,1
5c9d71e7,1563,4.6137,1
1a0fd2b,10429,4.6137,1
70639fad,10397,4.6137,1
109df4c7,2415,4.6164,1
7ab2b251,2700,4.6164,1
2f023c8,2462,4.6164,1
35d57838,6446,4.6137,1
339a920c,7577,4.6164,1
5fe8fd25,2172,4.6164,1
c2a8867,3221,4.6137,1
5c856b73,899,4.6164,1
420fcc63,5359,4.6164,1
71b61f4f,2034,4.6164,1
25e22cdc,2809,4.6164,1
3d7bfc90,1262,4.6137,1
5a2a196e,6558,4.611,1
4ad2c6bf,746,4.6164,1
59470e8d,2321,4.6164,1
a57a6d5,4928,4.6164,1
76026752,6199,4.6164,1
42b22182,1621,4.6137,1
204fca38,10264,4.6164,1
45a29a43,7942,4.6164,1
7cf417b0,7264,4.6137,1
19a9d78b,1123,4.6164,1
60fef29c,4635,4.6137,1
fdfecb8,3397,4.6164,1
4ac45b0d,2895,4.611,1
6b760caf,11090,4.6164,1
f57385e,6458,4.6164,1
71cc3b6d,623,4.6137,1
25e9e63e,7985,4.6164,1
14845667,6491,4.6164,1
48119ad0,4816,4.611,1
1f5309d6,11226,4.6164,1
77a72502,1148,4.6192,1
412662ff,6508,4.6192,1
525b711,5484,4.6164,1
9c3804a,2249,4.6192,1
47164f53,4093,4.6192,1
2bf03da,1073,4.6137,1
4cfeb9ba,1460,4.6192,1
3ebd0b40,13845,4.6164,1
1688beb9,2302,4.6137,1
6cd3ce61,1429,4.6192,1
55d98928,2134,4.6192,1
78281136,2226,4.6192,1
3687fd8,1955,4.6192,1
46153d54,5157,4.611,1
5046647a,8545,4.6192,1
6689100b,423,4.6164,1
61c4d723,10398,4.6192,1
580cfc8,10954,4.6192,1
229418d5,8544,4.611,1
3c7235a2,6455,4.6192,1
3b1d5566,1982,4.6164,1
7b4b6b62,10779,4.6164,1
18cdb5c5,4742,4.6164,1
1a9d44b9,10851,4.611,1
4b7a84e9,1114,4.6192,1
6b4af69f,5551,4.6192,1
49b2e342,3388,4.6164,1
1edc15ae,8162,4.6192,1
6e142240,5380,4.611,1
7156bea7,7244,4.6164,1
4d14401c,7453,4.6137,1
339b4d75,920,4.6192,1
7c526f64,10532,4.6192,1
383555cf,6157,4.6192,1
574ee675,6200,4.6192,1
3e57f90c,832,4.6219,1
511188ed,4532,4.6219,1
38f9701d,4588,4.6219,1
51d1efa2,8667,4.6219,1
4318242d,8495,4.6219,1
63451f75,1265,4.6219,1
3f55b6e3,10772,4.6192,1
62db1588,7562,4.6164,1
3fd0afde,3580,4.6219,1
3d6bdd45,10480,4.6219,1
769ec32a,1308,4.6219,1
61ceae2f,4312,4.6219,1
4c53ff24,1828,4.6164,1
7647072f,1234,4.6219,1
1753a75b,1569,4.6137,1
3f88581c,1044,4.6137,1
5592252,7986,4.6219,1
6eb864eb,2320,4.6219,1
15256d57,10577,4.6219,1
15a27b4a,6412,4.6192,1
46db0c05,1307,4.6247,1
86b158e,13855,4.6247,1
361a8e01,2412,4.6247,1
3064dba3,8639,4.6247,1
2ec1428e,847,4.6247,1
7e56e5bd,1309,4.6247,1
1cde06f0,4377,4.6247,4
a716f0b,7531,4.6247,1
2e8099f9,1594,4.6219,1
651e5038,422,4.6192,1
6732fa99,167,4.6219,1
61033b65,2138,4.6247,1
1331cd12,2391,4.6219,1
41276bce,6098,4.6247,1
bb79909,1565,4.6247,1
abfa643,8310,4.6219,1
205ab9bc,1666,4.6247,1
504c791c,3312,4.6219,1
6784ddcd,8033,4.6219,1
10fef2c0,524,4.6247,1
651c3e3a,891,4.6247,1
56ab2f1c,3090,4.6247,1
1700fab1,11064,4.6247,1
708f7263,11063,4.6274,1
74e67fa6,1213,4.6219,1
6b7fc54d,7367,4.6219,1
2fe9df7,1285,4.6274,1
6068be2b,13964,4.6247,1
27b4e6cf,2531,4.6247,1
f4912e5,2351,4.6274,1
161ea745,1707,4.6274,1
4a9003b3,3317,4.6274,1
3f358770,2178,4.6219,1
62a79d7,10050,4.6274,1
3fb79cc7,7485,4.6274,1
78ae7fee,2250,4.6247,1
371e4420,876,4.6274,1
2dadad8c,4269,4.6274,1
3e30b14e,3510,4.6247,1
3de243eb,7579,4.6274,1
24ba77df,8460,4.6274,1
36380ab6,8019,4.6247,1
76390030,2421,4.6274,1
4d386578,1266,4.6247,1
7e302f2a,10133,4.6274,1
626a8a2f,7339,4.6274,1
14f1416e,5010,4.6274,1
e084e2e,1347,4.6247,1
1e56edc3,8448,4.6219,1
2af7fb40,3092,4.6274,1
246a48c3,4398,4.6274,1
12e79593,7413,4.6274,1
5089b626,7411,4.6274,1
c835c90,1971,4.6274,1
193b9bbb,9961,4.6274,1
5c4ee59,8574,4.6301,1
6fe1e40f,720,4.6301,1
4184bf6d,2286,4.6301,1
57751c11,6485,4.6301,1
1256b307,4423,4.6274,1
7277fcde,10944,4.6301,1
16ec5a2a,5386,4.6301,1
69864972,5552,4.6301,1
7ce90be4,6190,4.6301,1
4e6f01ce,5016,4.6301,1
33395d1,4552,4.6301,1
77fab297,5526,4.6274,1
3c386102,3228,4.6301,1
77a5504,1476,4.6301,1
2c6ca8c3,2325,4.6301,1
1a3bbdf1,1779,4.6301,1
492df9e9,4595,4.6301,1
5b93e7a,2322,4.6247,1
6b2b3025,5427,4.6301,1
27755a50,4290,4.6301,1
6e16d4cd,4438,4.6301,1
290528cb,5152,4.6247,1
6583897f,4325,4.6301,1
4fce9dc6,965,4.6274,1
6829e845,1527,4.6301,1
30c1f931,4285,4.6301,1
3082dc92,827,4.6301,1
aff95b5,4258,4.6329,1
49b3738c,6382,4.6301,1
6e7fd13f,1205,4.6301,1
51c8b5b0,4576,4.6329,1
45324652,7316,4.6329,1
2bbbb91d,6492,4.6329,1
30d9967e,1255,4.6329,1
25f5b729,8528,4.6329,1
423c61ce,10953,4.6274,1
2268ccec,7943,4.6329,1
484cf6ec,6274,4.6329,1
35136c81,841,4.6301,1
21623aa6,10585,4.6329,1
48274db3,4863,4.6301,1
1ab71068,576,4.6247,1
283b6faf,7222,4.6301,1
346e00db,728,4.6329,1
4e9abfa,4925,4.6301,1
b1a76a6,2903,4.6274,1
7cf4a6e5,516,4.6329,1
298c03fd,10648,4.6329,1
2c3843a7,1672,4.6301,1
6d20b6cf,8451,4.6274,1
245f66ea,7275,4.6301,1
7ca88b81,1099,4.6329,1
3572fc02,7517,4.6329,1
5d0ca2ad,3088,4.6329,1
2bbe7d0,7328,4.6274,1
3a779085,1765,4.6329,1
2bdd7d84,2416,4.6301,1
1847e925,3180,4.6356,1
a9bee8f,11011,4.6356,1
358062fa,8630,4.6356,1
20e6294a,2697,4.6356,1
7dbecfe1,2285,4.6356,1
7bcb9b6b,2654,4.6356,1
5c625bf6,4566,4.6356,1
4ddf9549,845,4.6356,1
46158ad4,2398,4.6356,1
612241be,863,4.6356,1
2f510b87,1503,4.6356,1
1e15a6f9,1723,4.6356,1
743cccc5,8118,4.6329,1
4403aa40,7626,4.6356,1
3c47096b,2127,4.6356,1
7e05c4d,1351,4.6356,1
7d978a2f,2493,4.6356,1
166b651c,2276,4.6356,1
5e3494c6,4926,4.6356,1
204a7205,10224,4.6356,1
13db3a9b,5011,4.6356,1
11396c1,7583,4.6356,1
494a09a,10049,4.6329,1
773d3057,10707,4.6356,1
3d78c3c9,10578,4.6356,1
2040ef39,3091,4.6301,1
1f10bdb,13996,4.6356,1
1f503c3a,7446,4.6356,1
644dd292,8169,4.6247,1
4353c005,4811,4.6356,1
4a75b467,10062,4.6356,1
3c66295c,1475,4.6356,1
545af0ff,8034,4.6356,1
5e8961a4,6560,4.6356,1
307d198,4252,4.6356,1
64b69b13,4081,4.6356,1
1a5cc554,2168,4.6384,1
52862feb,9948,4.6384,1
12f73d56,5434,4.6384,1
3929b333,1888,4.6356,1
6f2695a0,1638,4.6384,1
67e85272,1508,4.6384,1
72799b6a,1211,4.6384,1
4f4f0fac,917,4.6384,1
1f717b55,4392,4.6329,1
3a2fd10b,1350,4.6384,1
433afef,8720,4.6384,1
5105ee0c,10428,4.6384,1
1d6212a0,7237,4.6356,1
cc0c2b4,4932,4.6384,1
50509b54,5527,4.6384,1
33b6f2aa,4184,4.6384,1
4bd281e3,1348,4.6384,1
27099c5a,1317,4.6384,1
636aa639,3012,4.6356,1
7abf316c,2357,4.6384,1
7e98af33,2113,4.6384,1
159817f6,8554,4.6384,1
23f52012,5083,4.6384,1
20c24151,5485,4.6384,1
1b18934d,1208,4.6384,1
4eea107f,11015,4.6356,1
44954c00,8631,4.6384,1
766f450a,8575,4.6384,1
29323271,1439,4.6384,1
37c5a6c0,10051,4.6411,1
59de1974,2058,4.6411,1
55955050,1933,4.6411,1
580eeb08,2928,4.6301,1
17a09c53,4993,4.6411,1
6d0c5129,3424,4.6411,1
77e519ee,6162,4.6411,1
5ed9abdf,10858,4.6411,1
21b17784,11096,4.6384,1
714eb9d2,5153,4.6411,1
345d58c7,3505,4.6411,1
3e333c2c,1160,4.6411,1
62da7377,7974,4.6411,1
132e2b9d,2309,4.6411,1
48fd35ff,2397,4.6411,1
394b848d,5578,4.6411,1
3d4f2a5f,1051,4.6411,1
c3fb74a,3390,4.6411,1
2d4c39ff,10782,4.6411,1
4846af37,2207,4.6411,1
1559b819,432,4.6384,1
6d0cb5e8,4554,4.6411,1
c9f79b2,1272,4.6411,1
7d6b1a8c,10326,4.6411,1
3124571f,10378,4.6356,1
4ce6691b,6275,4.6411,1
3b43dbdc,11177,4.6438,1
1ed90942,10066,4.6438,1
dd62929,5012,4.6438,1
72073739,6158,4.6438,1
573f9f9e,8250,4.6438,1
6918b287,6142,4.6411,1
1fa0f22,1167,4.6438,1
3dd9e155,3013,4.6438,1
762ca728,8268,4.6438,1
5dc4051c,2021,4.6411,1
c169299,10403,4.6438,1
7e370907,2115,4.6438,1
6d31e40e,2170,4.6411,1
10a0f051,1714,4.6438,1
22c884b5,2323,4.6438,1
289a3a86,2331,4.6438,1
6cae3e44,11091,4.6438,1
6ea371a3,10477,4.6438,1
cd0f9ed,567,4.6384,1
1b65a25e,4652,4.6411,1
62d2f5be,9953,4.6438,1
1789be2e,10184,4.6438,1
1c1d32a3,4394,4.6438,1
2adc042c,4127,4.6438,1
55d5514f,4996,4.6438,1
5f567bcc,7613,4.6438,1
93c3386,2495,4.6438,1
6ecfdef1,10185,4.6438,1
774d6dcf,10533,4.6438,1
574d6c6,2736,4.6438,1
708964e1,8433,4.6438,1
3abee3b8,7335,4.6438,1
2a9c36a9,10780,4.6384,1
10db86cd,1615,4.6438,1
2bdbb900,7361,4.6438,1
4892f723,13911,4.6438,1
1b24596e,6493,4.6438,1
784731e,2084,4.6411,1
565a7738,13858,4.6466,1
75bb59d3,592,4.6466,1
52aa7c4,1667,4.6466,1
4eae95e9,7262,4.6466,1
3c00ca7,2741,4.6466,1
6a65850,8622,4.6438,1
297cfc96,2328,4.6466,1
4d75bb66,5382,4.6466,1
13c7258d,3475,4.6466,1
3a3289df,7294,4.6466,1
1061a666,6531,4.6466,1
24b108e2,4609,4.6466,1
6ae7d8ae,8459,4.6466,1
40a66332,5574,4.6438,1
5d69afd6,918,4.6466,1
71335a81,10821,4.6438,1
7b6b2fcd,2683,4.6466,1
25c5dea1,8529,4.6384,1
7c9dd17f,4286,4.6438,1
3b3aa3ee,2203,4.6411,1
560986d8,7245,4.6466,1
468e94d0,4565,4.6356,1
2d8229d2,1336,4.6466,1
2639da15,10986,4.6466,1
3b9c290,7318,4.6438,1
3c9ca74c,6046,4.6466,1
678747ca,4861,4.6466,1
e868c1b,1781,4.6466,1
32f6e8a0,7544,4.6438,1
5f20e075,4426,4.6466,1
5af77599,7568,4.6466,1
3080f4c,6447,4.6466,1
3954ad62,4961,4.6493,1
3c62f100,8094,4.6493,1
30eddff7,14003,4.6493,1
465c6c60,5322,4.6493,1
5d5800a8,4821,4.6493,1
1ee90620,7323,4.6493,1
24a8722,1612,4.6466,1
290b8c9a,11260,4.6493,1
344b9453,1311,4.6493,1
62c54cfc,6057,4.6493,1
3460a411,1551,4.6438,1
417a815b,7627,4.6466,1
2bbaaa7e,1830,4.6493,1
29fb7c2b,11265,4.6493,1
61116744,4768,4.6438,1
50e0175b,7584,4.6493,1
45853445,4938,4.6438,1
37ed02fa,2696,4.6493,1
5dac6804,5630,4.6493,1
da6f625,8091,4.6493,1
3739cbf2,604,4.6493,1
454c3b0d,10997,4.6466,1
61edccc8,8211,4.6493,1
5e78e017,2781,4.6438,1
5b795591,2734,4.6466,1
9a4b58,4809,4.6493,1
3ab782b0,8587,4.6493,1
12a006cb,13914,4.6493,1
353382a2,6301,4.6438,1
4c448ad9,10963,4.6466,1
6834b391,10962,4.6493,1
688af562,4936,4.6493,1
1e56c882,8458,4.6466,1
4514cb95,4862,4.6493,1
18727bfa,4271,4.6493,1
377e2f87,8648,4.6466,1
6f548541,7546,4.6521,1
6da72955,2748,4.6521,1
6fe4ca6b,1547,4.6521,1
31fdccc4,670,4.6493,1
59878a60,6473,4.6493,1
71bd5b0a,10593,4.6493,1
7a9b436c,6408,4.6521,1
255f3b17,8082,4.6521,1
7140eb50,5115,4.6521,1
7aa884b3,689,4.6521,1
406e6156,3137,4.6521,1
5b10175a,1207,4.6411,1
1f8caa6c,3174,4.6521,1
5a7ded28,5158,4.6521,1
760aadb4,5627,4.6466,1
4fe57752,6194,4.6521,1
7b30af77,4383,4.6521,1
3cad7cc6,922,4.6521,1
276ba485,2777,4.6521,1
14bc05ef,1864,4.6521,1
4f4d6ae5,6295,4.6521,1
31f83f6c,4929,4.6493,1
610b1396,5084,4.6493,1
4b4dea5a,2543,4.6521,1
7ef17187,1702,4.6493,1
1b128a3a,8461,4.6493,1
3f2a0da1,7429,4.6548,1
1b1442e3,6389,4.6548,1
6b670db2,3509,4.6548,1
2d9fab84,7996,4.6548,1
4f5c35be,8208,4.6548,1
20f46ef1,10411,4.6521,1
19ce3356,8602,4.6548,1
4a17a740,1121,4.6521,1
64c88a79,4160,4.6548,1
18cdaee7,3552,4.6521,1
67c8f3f7,4631,4.6548,1
ff428db,3169,4.6466,1
78aea3c2,2348,4.6548,1
589575ec,964,4.6521,1
78e27242,10737,4.6548,1
56fe2f75,8002,4.6521,1
5b4326db,4308,4.6521,1
280a024a,2410,4.6548,1
4391156b,4864,4.6548,1
64b30feb,5280,4.6548,1
26848858,2251,4.6548,1
5ee4c690,2764,4.6548,1
6760b6c0,10840,4.6548,1
1595ba6a,776,4.6521,1
5061631d,10540,4.6521,1
69a52364,5439,4.6548,1
65a46ab1,3514,4.6548,1
6b61b040,2399,4.6548,1
13c93bfa,3632,4.6548,1
2a7b9524,5203,4.6548,1
2b378503,4526,4.6548,1
6b493d02,10904,4.6548,1
671c35b4,13856,4.6548,1
d4c739b,10822,4.6548,1
57808f23,1074,4.6548,1
4008174d,4200,4.6548,1
620b9363,3486,4.6521,1
cb5f412,3383,4.6548,1
5f9f8b30,10685,4.6548,1
5f2d4df1,1452,4.6493,1
61035dfc,1831,4.6575,1
423530aa,6300,4.6548,1
6a98a9d7,1052,4.6575,1
6150e5d7,10726,4.6575,1
54276ec9,4567,4.6548,1
2f30350c,7416,4.6575,1
33f44051,8175,4.6575,1
44ebf020,848,4.6575,1
2273cb37,4347,4.6575,1
4d4db896,2716,4.6548,1
63fb7c66,8603,4.6575,1
1dabf02,8359,4.6548,1
780aeac9,6059,4.6575,1
449cac8c,1447,4.6575,1
787a79b5,909,4.6575,1
64352581,857,4.6548,1
5c957d2d,5208,4.6548,1
37e14546,7563,4.6575,1
736698d4,9964,4.6548,1
523fa2f8,10094,4.6575,1
1feb8c13,2022,4.6548,1
e94b352,10182,4.6575,1
68e0e6d6,7176,4.6575,1
4594fb46,494,4.6548,1
2f077326,893,4.6575,1
3c5c,7906,4.6575,1
43c8a35b,1889,4.6575,1
2c712ba2,8133,4.6575,1
38fbf349,588,4.6575,1
4510c384,6058,4.6575,1
3918cad6,8547,4.6575,1
3fcc64d5,4125,4.6575,1
1a4574b5,3515,4.6548,1
7dc3bd0f,6137,4.6575,1
15f72b0e,6256,4.6575,1
7bec22d5,10649,4.6493,1
272861b,5246,4.6575,1
5ec4b04c,1884,4.6548,1
6f9597fd,1147,4.6575,1
fde74c5,6387,4.6575,1
198a697b,10783,4.6603,1
6237fcd6,3240,4.6603,1
21deb512,5360,4.6603,1
5d5a95b0,4307,4.6603,1
17d1fed1,11203,4.6603,1
4a5d71b1,11029,4.6603,1
1eff3bcd,1584,4.6575,1
1701dab7,10345,4.6603,1
f3e89f0,7368,4.6603,1
2ecfa15f,6285,4.6575,1
51287832,10340,4.6603,1
4909d618,6415,4.6603,1
50c479ec,5440,4.6548,1
2b4e1b0d,10179,4.6603,1
78d88262,1881,4.6603,1
7fe62277,10900,4.6603,1
c1e2f7e,7529,4.6548,1
57d3cb83,971,4.6575,1
76c5aabd,10899,4.6603,1
3a9dcd79,4654,4.6575,1
36906081,1525,4.6603,1
7f5ca7a0,2788,4.6575,1
6ba49889,3442,4.6603,1
259fea10,7403,4.6603,1
58075402,2045,4.6603,1
6783cdd3,4402,4.6603,1
11411352,10550,4.6575,1
5eeea123,5315,4.6575,1
4fb1f84,8556,4.6603,1
66befc5d,4819,4.6603,1
607343e0,2798,4.6603,1
63d4f3d4,8632,4.6575,1
74837de1,7266,4.6603,1
7f7cb85b,1166,4.6603,1
5430f92e,13857,4.6603,1
8ebcb13,10650,4.6575,1
19a69247,6383,4.663,1
3025f48,2352,4.663,1
50283f8f,2072,4.6603,1
3fbe578a,8722,4.663,1
1a146a53,1008,4.6603,1
64dd5ca,1934,4.663,1
2bd45bee,10901,4.6548,1
38a273c1,10847,4.6603,1
3abdb9c3,5209,4.6575,1
2b783d5c,3513,4.663,1
43734e7c,4039,4.6575,1
4af166d7,10563,4.663,1
26a73446,10662,4.663,1
1dd5adeb,10330,4.663,1
772df1d0,8509,4.6493,1
1884e414,5575,4.663,1
2ef441e7,1063,4.6575,1
3bce449b,1999,4.663,1
6f725d30,523,4.663,1
5ff81fc0,8004,4.663,1
47c3c69e,2128,4.663,1
4bb45cf8,5576,4.663,1
36d21363,4496,4.663,1
294b1c66,1564,4.663,1
7065d8e7,8213,4.663,1
19df098f,2422,4.6548,1
65bbe10,10379,4.6603,1
3fb048dc,1891,4.6603,1
4e69cb60,3099,4.663,1
101580aa,3448,4.663,1
71677056,10202,4.663,1
4c2c200e,8661,4.6603,1
7c39c436,2544,4.663,1
4c1ec020,1064,4.663,1
703219d9,14004,4.663,1
3a9d2249,6549,4.663,1
171c4944,10399,4.663,1
2d399447,4319,4.6603,1
4da5bce8,3270,4.6658,1
1e79507f,7417,4.6658,1
67b1214d,6286,4.6658,1
19a69698,565,4.6603,1
6bda6c9d,3125,4.663,1
74452c02,2343,4.6658,1
4dc76a5f,1792,4.6658,1
70d217a7,11261,4.6658,1
aa0460d,5171,4.663,1
56f2be62,2182,4.663,1
6a82f94d,3170,4.6658,1
3eaca6ca,6467,4.663,1
62a8b06,2810,4.6658,1
eb225e0,1549,4.6658,1
7387edea,6161,4.6493,1
162752bd,3343,4.6658,1
28c69fa6,2023,4.6658,1
7a665303,1524,4.6658,1
65e4f48a,8083,4.6658,1
29c0bd61,1692,4.6658,1
35e72c50,5418,4.6658,1
7dd19fa4,3421,4.663,1
3f536430,6494,4.663,1
1354fd0e,1237,4.6658,1
1fddd698,3398,4.6658,1
6e804678,6263,4.663,1
4a56dd7c,10594,4.6658,1
5fb8f25f,723,4.6603,1
7e5ef5b5,14057,4.6658,1
fc685f0,3235,4.6658,1
2ed9016d,1212,4.663,1
6319a1f6,10824,4.663,1
1fd83dd4,4831,4.663,1
49a8b75,733,4.6685,1
16a280c7,1676,4.6685,1
2df06ee6,8386,4.6685,1
1049898a,1743,4.6658,1
111a4e48,589,4.6658,1
3c87cbf,2118,4.6685,1
5da0c78f,1438,4.6685,1
5f06c044,9934,4.6685,1
71af021c,2503,4.6685,1
4b2665e2,8080,4.6685,1
3142b512,8295,4.6685,1
6a05900a,10663,4.6685,1
3e869ee,10410,4.6685,1
ade346d,3631,4.6685,1
2e10ea01,8620,4.6685,1
75dbbff9,1161,4.6685,1
6853ba09,8677,4.6658,1
28b409f4,8035,4.6658,1
6e641539,5087,4.6685,1
53b22dd3,6192,4.6685,1
7adb8546,4320,4.6685,1
1e5db8c9,1264,4.6685,1
fadfbe6,1263,4.6685,1
57ce559e,10511,4.6658,1
7deb84e,6191,4.6658,1
45c0d1d3,2735,4.6685,1
51943f03,7586,4.6685,1
1f6a0477,6421,4.6685,1
30538c7,3396,4.6685,1
71ebfc21,2020,4.6685,1
3266f586,13910,4.6685,1
6d42551f,1554,4.6603,1
472b9b70,4030,4.6685,1
690f7d40,5035,4.6603,1
2862397f,2392,4.6712,1
6c406f22,11190,4.6712,1
13d52518,10383,4.6685,1
7cfe6af0,10380,4.6712,1
5674c32e,5164,4.6712,1
8becc09,6163,4.6712,1
1ac94523,10987,4.6712,1
37b95ffd,3257,4.6712,1
23930c7e,10992,4.6685,1
759f0027,8092,4.6685,1
4fd81669,2029,4.6712,1
3178551f,8623,4.6712,1
421e5316,7447,4.6712,1
702bfd19,1047,4.6712,1
61c8fe4e,1977,4.6658,1
6cdb4468,970,4.6712,1
63bf7cc4,3444,4.6712,1
101c0d01,3430,4.6712,1
2ea11388,8267,4.6658,1
2610d5d5,2658,4.6712,1
3680bbc2,433,4.6712,1
ce517e,8196,4.663,1
180f54ff,8637,4.6712,1
688b36fa,859,4.6685,1
5b66ce82,7325,4.6712,1
29513131,2183,4.6685,1
4b1b2048,736,4.6712,1
7a16f337,2211,4.6712,1
17e93029,4424,4.6658,1
3711435c,1267,4.6685,1
259a2c96,577,4.6712,1
15d96118,10436,4.6712,1
68d8ec59,1345,4.6712,1
366ee113,5125,4.6658,1
b584f21,6498,4.6712,1
7f522c40,4341,4.6712,1
50c7add7,591,4.6712,1
11e0a8a5,5453,4.6658,1
5808dcff,10154,4.6575,1
7b7fb8fd,11234,4.6712,1
3656cb92,692,4.6712,1
5b12719a,13950,4.674,1
4f234fdd,6413,4.674,1
51d28de2,3325,4.674,1
29741b38,10668,4.674,1
5158d611,2708,4.6685,1
198ef301,8615,4.674,1
4c861a4a,1586,4.674,1
9fe23a5,10183,4.674,1
1e0194d5,8163,4.674,1
ce6a65a,11120,4.674,1
70f97aef,13956,4.674,1
c517af0,8218,4.674,1
744a93d4,2326,4.674,1
1cb476b,4589,4.6712,1
66ff16b4,8143,4.674,1
5dea2686,7936,4.674,1
5aeb4131,7250,4.6712,1
7a9fad8b,690,4.6712,1
64cb4eda,456,4.6685,1
665a9d5d,7998,4.674,1
6a210876,5198,4.6712,1
68999ad3,6294,4.674,1
687bbc38,8347,4.674,1
6f8fb749,6139,4.674,1
105f9624,974,4.674,1
518c99fc,1541,4.6712,1
7edcce4f,4939,4.674,1
7567ce1c,7449,4.674,1
3b6ed5ac,4040,4.674,1
404826f4,3428,4.674,1
526ff44b,2635,4.674,1
18ce987a,8375,4.674,1
6799d483,4151,4.6712,1
2cc5e142,5088,4.674,1
3dfa75af,11125,4.6712,1
2d3b1da8,5138,4.6767,1
6d4429e,1616,4.6767,1
5b69e8,7508,4.6767,1
29cf98ac,10541,4.6767,1
2a03b326,2140,4.6767,1
5fa02d93,2522,4.6767,1
438fa363,590,4.6767,1
46f0ba6,3356,4.6767,1
51b0f97f,1496,4.6767,1
669dfaec,6279,4.6767,1
7162c506,8405,4.6767,1
388f8f19,976,4.6767,1
44c19195,1236,4.674,1
12ecf373,8212,4.6767,1
1b2f3158,10667,4.6712,1
5f1c8263,5154,4.6767,1
1799ed2c,8023,4.6767,1
1e7e4f86,3014,4.6685,1
621bf3c7,4895,4.674,1
dcbb2d,8269,4.6767,1
3be83ecf,13851,4.6767,1
63c05413,2705,4.6767,1
5e781667,2766,4.6767,1
3b18cb56,4597,4.6767,1
41fc94bc,1670,4.674,1
20fd205c,4523,4.6767,1
3ea8d10a,2912,4.6767,1
4317eff2,846,4.674,1
666bda58,5173,4.674,1
2fddf909,1550,4.6767,1
57854d79,661,4.6767,1
2b914004,4598,4.6767,1
1390f634,3326,4.6767,1
53c550fe,10542,4.6767,1
2ed6317a,3236,4.6767,1
f66d5c4,829,4.6767,1
1bd3b34a,10666,4.6767,1
62e8526e,6287,4.6767,1
7daae2a8,8168,4.6767,1
44dbd02c,2479,4.6767,1
2f6d39ea,7640,4.6767,1
4214621e,7580,4.6767,1
624f3310,5528,4.6795,1
680b08fd,10457,4.6795,1
48da2253,1725,4.6795,1
529ac1d4,1440,4.6795,1
337f5d0b,1054,4.6795,1
28b32fc7,6280,4.6795,1
31e24838,1449,4.6795,1
35f2bbb1,10225,4.6767,1
7c2c3f01,5390,4.6795,1
4dd0fa54,3283,4.6795,1
6e50c85e,5238,4.6795,1
588b87fd,2525,4.6795,1
4e5fc916,7369,4.6795,1
326e5df0,13909,4.674,1
15e265b,2913,4.6767,1
531633eb,1467,4.6795,1
195e6187,4940,4.6767,1
61a5182a,4231,4.6767,1
13589bda,10912,4.6795,1
712448ca,2171,4.6795,1
41032881,1122,4.674,1
2368c221,5487,4.6795,1
49d0dd92,3344,4.6795,1
1ae1ae7a,6102,4.6767,1
42feca87,1303,4.6795,1
27627133,7329,4.6767,1
68911400,10180,4.6795,1
7f14f516,1240,4.6795,1
4b0aa281,13960,4.6795,1
3d588428,5201,4.6795,1
7f55b93a,1016,4.674,1
28de9974,6548,4.6795,1
75def1be,4585,4.6795,1
70e28336,1834,4.6795,1
1f8493c4,7581,4.6795,1
47e07967,10437,4.6795,1
571a0ce6,844,4.6795,1
5960c5b0,1880,4.6795,1
b2e2bcf,8134,4.6795,1
308f83dd,3068,4.6795,1
74e0ffea,7342,4.6795,1
2b72e983,6283,4.6795,1
5178cf71,8530,4.6795,1
1d253fe8,1106,4.6795,1
72bb50d6,10130,4.674,1
2cb1c360,7169,4.674,1
6ec99c09,4500,4.6822,1
524b5ea2,10401,4.6795,1
45df00dd,7159,4.6822,1
71b1adf1,7543,4.6822,1
1c82f11a,13998,4.6795,1
53ba4e1a,2815,4.6822,1
5b8ca481,915,4.6822,1
66e89ec5,10095,4.6822,1
34cd7d5a,4610,4.6822,1
1a4a79cc,10198,4.6822,1
1b813e01,7223,4.6822,1
2517295c,4384,4.6822,1
7ab958d,7236,4.6822,1
4ee608ad,5577,4.6822,1
5c055646,4525,4.6767,1
6244200f,1043,4.6822,1
4044c953,1270,4.6822,1
1b183b2b,7638,4.6822,1
6545fb85,973,4.6822,1
1384360d,1995,4.6822,1
7bb4196,2523,4.6822,1
75ec7b7f,1151,4.6822,1
140aa191,1996,4.6822,1
2ff7c78a,4586,4.6712,1
65a48822,2526,4.6822,1
5722fec5,1312,4.6822,1
6226665a,2050,4.6822,1
1b8a257a,6047,4.6822,1
37f66be1,10366,4.6822,1
418340dd,3020,4.6822,1
1165524c,4441,4.6795,1
50d904f0,1137,4.6822,1
3f9dfa7c,8015,4.6822,1
11fd7351,9952,4.6822,1
5169637d,13980,4.6767,1
f1b65fb,9954,4.6822,1
64019dbe,2037,4.6822,1
a375425,1046,4.6822,1
12512f17,4427,4.6822,1
684ca1f7,11244,4.6795,1
87e0868,1209,4.6822,1
72a44508,6407,4.6822,1
6166ba57,688,4.6849,1
4282a105,1597,4.6849,1
59b007d5,1062,4.6767,1
547e460d,13989,4.6849,1
4a2c58f,1468,4.6849,1
53ffc697,1053,4.6849,1
a28fd92,3506,4.6795,1
2cc08cf4,6084,4.6849,1
3e5cba5e,972,4.6849,1
13ba087c,3553,4.6795,1
5eb3a3f4,7189,4.6849,1
7603dbb2,3222,4.6822,1
5c5c20da,3188,4.6849,1
506da36c,8449,4.6849,1
763c33fa,5624,4.6849,1
2d69e929,10612,4.6822,1
6e53fd10,2931,4.6822,1
2dbc4f2d,7362,4.6849,1
3a081a83,3431,4.6822,1
403a7d10,1430,4.6849,1
68ced772,10104,4.6849,1
584a8c4a,2314,4.6795,1
2980512e,3313,4.6849,1
3648510f,5335,4.6849,1
660aa614,8531,4.6849,1
1c2c6454,13951,4.6849,1
63d4d12d,3301,4.6849,1
5309e138,11016,4.6822,1
10889347,4259,4.6795,1
3b2aa959,2914,4.6849,1
3f9e415f,8101,4.6849,1
2805f688,10653,4.6849,1
1a3f756d,4930,4.6822,1
5a40d91,2937,4.6849,1
1c0e4551,1863,4.6822,1
8a3922e,4962,4.6849,1
77d249aa,1300,4.6877,1
2314eebc,10289,4.6877,1
4d1aebe6,9941,4.6849,1
24f68b7d,2287,4.6877,1
59bc3289,6140,4.6849,1
3c46af0d,5631,4.6877,1
561715c8,4327,4.6877,1
731bae90,10831,4.6877,1
51a3f459,6427,4.6877,1
227c4e1e,4964,4.6849,1
13dbe225,10902,4.6877,1
35e79506,1972,4.6877,1
1497fdbc,4954,4.6877,1
75ab211a,6060,4.6877,1
f781e15,4210,4.6877,1
437e0f15,1578,4.6877,1
2f923256,3015,4.6849,1
4a995227,1939,4.6849,1
7eb7e769,578,4.6877,1
4a38edd9,2720,4.6849,1
66b7b675,8520,4.6849,1
29708400,571,4.6877,1
1ac5209c,10204,4.6877,1
171e4038,3223,4.6849,1
4cc158b0,4298,4.6877,1
71691530,13974,4.6877,1
613c95ac,3299,4.6904,1
524e98d7,7938,4.6904,1
485ce5b2,1279,4.6904,1
37b41d26,923,4.6904,1
7176c7b8,4749,4.6877,1
7462bdcf,8729,4.6904,1
5de7b2ef,11036,4.6904,1
1a47428f,7320,4.6877,1
595771f8,5444,4.6904,1
6869cf0b,3201,4.6904,1
524c1bb4,4062,4.6904,1
458671f6,10617,4.6904,1
63677ca2,3518,4.6877,1
db78fa1,10998,4.6904,1
51445ac1,5234,4.6822,1
7f39c372,6576,4.6904,1
273b88de,4840,4.6877,1
202134a5,6468,4.6904,1
744d443d,1509,4.6904,1
2c97b47a,1135,4.6877,1
13c47509,6278,4.6904,1
5ff6617b,2068,4.6904,1
75710a24,7958,4.6904,1
24f06f23,11132,4.6904,1
3a02ab2c,13918,4.6904,1
76d8e01e,10134,4.6904,1
2b27ec72,1806,4.6877,1
4736bdd4,10999,4.6877,1
6142176e,14005,4.6904,1
22a7cf53,6465,4.6904,1
60184b66,13927,4.6877,1
4fecc782,5361,4.6904,1
63e51b26,2000,4.6904,1
5f26084e,4731,4.6904,1
5b3cf671,13915,4.6904,1
291628df,10433,4.6877,1
b7715e0,11223,4.6904,1
5a222ed8,7493,4.6904,1
49f54bb3,6541,4.6904,1
228e13db,6474,4.6904,1
1e3de685,4233,4.6877,1
6f5654d,11243,4.6904,1
191e9d05,1491,4.6904,1
359eb866,3536,4.6904,1
67dc65c5,6390,4.6904,1
1624ae75,1129,4.6904,1
3bd66ef1,10412,4.6932,1
7b4bac65,8399,4.6877,1
65c22305,10916,4.6932,1
d7a900d,2284,4.6932,1
7f3d1c84,1056,4.6849,1
3abd6863,6430,4.6932,1
4cd95210,11216,4.6932,1
44701c9c,4746,4.6904,1
627eb8f3,6466,4.6904,1
75b05104,10317,4.6932,1
77611157,2208,4.6904,1
737fc470,1882,4.6877,1
58a2562b,10102,4.6849,1
372fb27f,8500,4.6932,1
7c2bfce9,1461,4.6849,1
20012d49,1229,4.6932,1
5a9f62f1,424,4.6932,1
10699f97,10181,4.6932,1
39ab93b6,10415,4.6932,1
1dc05b2f,10958,4.6932,1
3ce92a8c,3093,4.6932,1
60209fa1,2031,4.6932,1
4049dbb8,7158,4.6932,1
5f38630,2669,4.6932,1
1617b329,2502,4.6932,1
1a75ac82,7984,4.6932,1
3bd0a75d,3314,4.6877,1
6fbd580a,6101,4.6877,1
b041fcb,5085,4.6932,1
12dfda9d,2342,4.6932,1
257975f8,7628,4.6932,1
20811455,6065,4.6932,1
b50adc9,3047,4.6904,1
67b7950c,1332,4.6904,1
90feab7,1138,4.6932,1
2104647f,9965,4.6904,1
3eb2e1b9,2221,4.6932,1
73d8763,10063,4.6932,1
2fb4ab73,5553,4.6932,1
74f0447c,3298,4.6959,1
25c4207,7987,4.6959,1
f9e9af,10573,4.6959,1
a9c35f0,4471,4.6959,1
7cb9537b,2897,4.6959,1
3e275a0f,1751,4.6959,1
1c956a91,1739,4.6959,1
53ee4c3d,1478,4.6959,1
38b6d005,5441,4.6932,1
51dd260,5641,4.6959,1
e226ee3,7570,4.6932,1
39544c54,2779,4.6959,1
187a70e7,3382,4.6959,1
1642bd15,1141,4.6932,1
b0a9c48,7249,4.6932,1
10274791,1177,4.6959,1
43751ca6,10512,4.6959,1
5b11f03a,14022,4.6959,1
58b85458,1011,4.6932,1
4fa67ae4,7952,4.6877,1
70f7bdb,10247,4.6959,1
2d3ebf64,4569,4.6904,1
11ab5c3e,425,4.6959,1
79fa1ad9,8005,4.6959,1
63fa8b2a,2893,4.6932,1
1fd7e52d,8017,4.6959,1
6e4f4ace,3511,4.6959,1
59db3ff6,3019,4.6959,1
7985476d,9970,4.6959,1
6b3c2fad,4296,4.6877,1
7f95a5a1,1169,4.6932,1
2cf83b11,2411,4.6959,1
26b32864,1066,4.6932,1
517c656d,10413,4.6959,1
4b93bfd8,3425,4.6904,1
3111f701,4385,4.6959,1
19a14263,4992,4.6959,1
3166a4e,8032,4.6959,1
6e5bf98e,4374,4.6959,1
791c46cd,10611,4.6959,1
39f95d27,2316,4.6959,1
51940c29,4896,4.6959,1
63f15c7b,3669,4.6932,1
53050e51,10993,4.6986,1
778e4161,2778,4.6986,1
62230a36,8348,4.6986,1
1327b71f,6223,4.6986,1
7adc3384,8715,4.6986,1
150cd08,10586,4.6986,1
7604ebc2,895,4.6986,1
634a451,10135,4.6959,1
7b5815ae,13970,4.6959,1
3b5cd63,10914,4.6986,1
52b1d343,9962,4.6877,1
5569da95,2641,4.6986,1
4eb283af,3633,4.6986,1
498d2ffc,8128,4.6986,1
7243a606,1037,4.6986,1
69e577a9,10926,4.6986,1
33103ec1,722,4.6986,1
13421590,5494,4.6959,1
3e868b5a,930,4.6986,1
7cdef268,4150,4.6877,1
3e448a65,6561,4.6986,1
c905d5a,2512,4.6904,1
36ffcc1a,5489,4.6986,1
f7d27cd,13912,4.6959,1
43b57567,8051,4.6986,1
43bd9f8,5543,4.6986,1
1a8da2e5,2771,4.6986,1
1e366cb8,10208,4.6986,1
594f421b,11127,4.6986,1
10c298a9,5625,4.6986,1
76678633,10789,4.6986,1
2c49651e,7207,4.6986,1
1b78f83,3198,4.6959,1
53458cc,4342,4.6986,1
4f280047,8557,4.6986,1
453ee05c,7588,4.6986,1
28aeed29,8146,4.6986,1
15d8b428,3519,4.7014,1
320d6c67,13988,4.7014,1
3da86859,4772,4.7014,1
62300d60,11134,4.7014,1
32198cfa,8029,4.6986,1
66fb9d8c,10188,4.6986,1
6baeb08a,7299,4.7014,1
73a1c21a,5508,4.7014,1
153ae706,526,4.6986,1
7783a3cc,5199,4.6986,1
9038f9a,2353,4.7014,1
6d451f43,6054,4.6986,1
17b754d0,1885,4.7014,1
55f783f7,7910,4.7014,1
3f00d746,4301,4.7014,1
397ca2ba,1162,4.7014,1
2aeaf063,2659,4.6959,1
756203a,6281,4.6959,1
21b13163,11214,4.7014,1
6e57f31c,10434,4.6986,1
57d4b377,11185,4.6986,1
2a402806,4812,4.7014,1
1ca18a84,499,4.7014,1
4d3f451f,4123,4.7014,1
3f0218c4,4159,4.6986,1
1429173a,10905,4.7014,1
44c5a91,7451,4.7014,1
336cf0ba,5018,4.7014,1
77558b33,3287,4.7014,1
726a65dc,8555,4.7014,1
1c070a2b,5529,4.7014,1
7da95e28,10903,4.6932,1
404b4e56,10874,4.7014,1
26b50c1c,4994,4.6932,1
7208c150,8123,4.7041,1
56facb68,1116,4.6959,1
6378b62e,11191,4.7041,1
4cd9161f,2623,4.7014,1
42823674,7509,4.7014,1
76b47d35,10579,4.7014,1
349e91ad,5086,4.7041,1
1c22692f,2515,4.7041,1
76155900,1832,4.7014,1
7278d033,3237,4.7041,1
211a799e,1108,4.7014,1
7492f55d,2139,4.7041,1
ede912,8605,4.7014,1
28936f96,1184,4.7041,1
30106f9b,8121,4.7041,1
1cdedbff,7153,4.7014,1
4fd6c2d9,13892,4.7041,1
6efa9773,10203,4.7041,1
da1bfec,4126,4.7041,1
3311a4a2,13846,4.7041,1
3efd8e11,1448,4.7041,1
41bd86da,3345,4.7041,1
5496bb12,6138,4.7041,1
4df2ac4d,6585,4.7014,1
6e6deffc,1932,4.7041,1
6e336302,1277,4.7041,1
559664d3,4436,4.7041,1
22d23d08,2784,4.7014,1
3c3ab9e7,4509,4.7041,1
3cece5d3,1436,4.7014,1
5dc38777,3324,4.7014,1
5cd0913c,2545,4.7041,1
290ec2d7,11017,4.7014,1
72976858,10109,4.7041,1
332eb142,10405,4.7041,1
23e19630,3352,4.7041,1
70df0469,5205,4.7041,1
16550b71,10641,4.7041,1
6baf8f6a,7639,4.7041,1
3468e0b2,2141,4.6986,1
7df48bcf,3048,4.7014,1
55063506,4012,4.7014,1
3b969192,6288,4.7041,1
2c559d55,4102,4.7041,1
5fcb851d,10751,4.6986,1
638c7d8,11122,4.7041,1
9adcc8c,10928,4.7041,1
99247d9,10328,4.7041,1
af2d89b,5017,4.7041,1
4ab4d81a,4501,4.7041,1
2d1ab46c,3483,4.6986,1
158861cd,1613,4.7041,1
36ad9299,6049,4.7041,1
2a07a2d7,4294,4.7041,1
5aa00c0d,7894,4.7041,1
2b4597a5,8093,4.7041,1
469fcb85,1915,4.7068,1
3edeaeee,2126,4.7068,1
64bddaf6,10913,4.7068,1
733bcdac,1033,4.7068,1
4b40e3ad,4122,4.7068,1
a28df5,3323,4.7068,1
601db822,6202,4.7068,1
ac29d7d,1799,4.7041,1
27397724,7251,4.7068,1
4e74b4bd,572,4.7068,1
6ba8a5e5,2634,4.7068,1
7ff15040,10268,4.7068,1
48dd4d82,735,4.7068,1
614603b6,3427,4.7068,1
50e8d2a5,4677,4.7068,1
7143294f,6048,4.7068,1
d2ac8ed,3181,4.7068,1
2303c320,13841,4.7041,1
5685f450,7907,4.7041,1
70f1685,4700,4.7068,1
5c39cb29,9996,4.7041,1
619e094d,2593,4.7068,1
18c0565a,11069,4.7068,1
6784d0f9,708,4.7068,1
75f62fa3,8548,4.7041,1
64b38431,3426,4.7041,1
7edb7c7b,874,4.7068,1
3f196841,4315,4.7068,1
7bd6c336,745,4.7041,1
3bc4271,1168,4.7068,1
2621ded9,2713,4.7068,1
520ef13c,10543,4.7068,1
1f8c5738,10072,4.7068,1
7ec22172,7374,4.7041,1
56bdef65,6061,4.7041,1
739f639f,2622,4.7068,1
3adfadb2,10435,4.7068,1
e57cf43,10523,4.7068,1
61f1a64a,3053,4.7068,1
75deb387,10866,4.7068,1
580ebbd6,4865,4.6986,1
5005b8d3,2425,4.7014,1
60184847,1957,4.7041,1
cb771f8,4124,4.7068,1
1916b893,9942,4.7068,1
21caabb3,1964,4.7068,1
31cf22aa,5281,4.7068,1
5c745c79,3119,4.7068,1
7e8c6dc0,2324,4.7068,1
4903eb58,6296,4.7068,1
360e9307,11034,4.7068,1
72aa8a55,8606,4.7041,1
3cb884a8,3271,4.7068,1
3d6056f8,4636,4.7068,1
438952b9,2496,4.6932,1
263eba7c,4232,4.7068,1
5e76d565,2514,4.7068,1
8f9acd8,10878,4.7041,1
3711fca9,5169,4.7068,1
6597d40e,3189,4.7041,1
3e046c68,1588,4.7096,1
56315b30,8457,4.7068,1
1224cfdb,2440,4.7096,1
13eba242,8081,4.7096,1
2c781598,10530,4.7096,1
2b27e022,11286,4.7096,1
36ddae02,9937,4.7096,1
18e0a815,1698,4.7096,1
6ae98b32,4563,4.7096,1
245ecd9f,781,4.7068,1
3ac90de8,2770,4.7096,1
4f346d08,8313,4.7096,1
306c1fc6,4934,4.7096,1
6b9a0a77,11230,4.7096,1
34dafda5,737,4.7068,1
75aca4ab,1195,4.7096,1
46ae3d1e,7614,4.7096,1
51907725,11031,4.7096,1
4d0cac2d,14059,4.7096,1
73994f4d,2358,4.7096,1
1feca226,10945,4.7096,1
7698d45,2125,4.7096,1
7d8187f3,2540,4.7096,1
4f2e0c32,10090,4.7096,1
745c6e12,3083,4.7096,1
4ad37e32,1049,4.7096,1
5c19c970,5116,4.7096,1
46f53a39,6056,4.7014,1
57b7ec39,1437,4.7068,1
261ead47,4403,4.7096,1
e55bbfb,1243,4.7096,1
1c95b108,8462,4.7096,1
4fb25348,6422,4.7096,1
48e55a5,2002,4.7096,1
2567dfae,1726,4.7096,1
6ce329a,2996,4.7041,1
3762deba,11201,4.7041,1
6a97f30d,4590,4.7096,1
7116cb5e,7988,4.7068,1
63b7d04,11066,4.7068,1
6228763,11078,4.7096,1
270de477,11018,4.7096,1
48416b6f,10819,4.7096,1
72d76400,7494,4.7068,1
355c1d3f,864,4.7096,1
685285cd,910,4.7096,1
20b4faec,1235,4.7123,1
da96021,3538,4.7096,1
698a7d9e,1268,4.7096,1
3c6a2075,4535,4.7123,1
40eab6d8,5633,4.7123,1
478e57b3,8024,4.7096,1
7dd2a451,2765,4.7123,1
10d65a16,10374,4.7123,1
51f62a2,4757,4.7123,1
30999e7d,1674,4.7123,1
58015413,10862,4.7123,1
7a25a3ef,1622,4.7123,1
4d1c47b,13919,4.7123,1
2de521e,3535,4.7123,1
78c7d8ea,3516,4.7096,1
2ab4ba2d,6062,4.7096,1
7d594e4f,8638,4.7123,1
32b0924b,1079,4.7123,1
7721af83,3210,4.7096,1
31673905,3220,4.7123,1
64ea2755,2639,4.7096,1
3e0d98d6,3320,4.7123,1
991926e,6113,4.7151,1
1559f406,4261,4.7151,1
37b2eab1,748,4.7151,1
73367968,4678,4.7123,1
7b11d91a,4931,4.7151,1
29083586,8136,4.7151,1
2c8fc02b,8535,4.7151,1
6c3201eb,2535,4.7096,1
191edc7e,4958,4.7123,1
5087034c,1938,4.7151,1
71526ede,3434,4.7123,1
1e55d1e4,8342,4.7123,1
238e7647,2610,4.7151,1
5f4f1684,3408,4.7151,1
30dddc3f,1589,4.7151,1
521b7064,4686,4.7151,1
277082e,2738,4.7151,1
252bc5d2,5126,4.7151,1
7b49c96c,1330,4.7151,1
72581e31,4037,4.7151,1
48d45e2c,10633,4.7123,1
332a17b1,4326,4.7123,1
691b3ee,1149,4.7123,1
3c7fb436,1323,4.7151,1
69dba11,1812,4.7123,1
34869565,1318,4.7123,1
5ec988e7,11253,4.7151,1
3d3d8b10,7565,4.7151,1
7995100c,982,4.7151,1
7bb36e92,7224,4.7151,1
561bf394,1238,4.7151,1
7068c40c,931,4.7151,1
5636698f,2310,4.7151,1
44aa5d1e,1319,4.7151,1
151e3b90,2245,4.7151,1
1c10fdf4,1664,4.7151,1
798f95e8,7452,4.7123,1
6fdb656a,8122,4.7151,1
b7d01ba,1196,4.7178,1
1019b27c,10054,4.7178,1
364da39f,3422,4.7151,1
15bc4542,2367,4.7178,1
217892aa,7154,4.7178,1
426b27ee,2184,4.7151,1
1f3ce78d,11217,4.7178,1
13529907,7450,4.7178,1
6f3f5c68,1075,4.7178,1
68dd277d,10932,4.7178,1
7e1e5ff5,6470,4.7178,1
d55050e,2737,4.7178,1
169a071d,660,4.7178,1
6e629acc,1978,4.7178,1
37785ff9,4386,4.7151,1
6f05beb2,3492,4.7178,1
4addab29,2341,4.7178,1
5e7c140,4575,4.7178,1
c39ef80,4882,4.7151,1
76f7a031,11249,4.7178,1
34c57073,7268,4.7178,1
36920385,4328,4.7178,1
587a4bf3,2003,4.7178,1
3fcb29d4,11227,4.7178,1
210231ba,1587,4.7178,1
13e60121,10826,4.7123,1
5060a932,6414,4.7178,1
1b5d6d27,1313,4.7178,1
260a6468,7331,4.7123,1
484c0d7,10995,4.7178,1
2748366f,10839,4.7151,1
20c948f7,4830,4.7178,1
72b4328d,975,4.7178,1
2705da9,1983,4.7205,1
75efe5b3,2006,4.7178,1
2050b748,11035,4.7205,1
2a73e764,1943,4.7205,1
464d0663,11262,4.7205,1
15be647d,10795,4.7151,1
1523ee76,8182,4.7205,1
1ba1542a,2135,4.7178,1
306cf16d,739,4.7205,1
1ebc871d,6067,4.7178,1
454dbd60,602,4.7205,1
78c7953b,2761,4.7178,1
729d840b,8147,4.7205,1
25ade4ac,11202,4.7151,1
5fd30b6b,5465,4.7178,1
5370a4db,2038,4.7205,1
7740e9b9,5436,4.7151,1
1b7933e7,8260,4.7205,1
199cff15,1220,4.7205,1
5da515f,3183,4.7151,1
4f185dcc,8179,4.7205,1
211392d5,8633,4.7205,1
566a7a93,4981,4.7205,1
33a4b4e0,1492,4.7205,1
729c513d,2620,4.7178,1
8d78f17,10318,4.7178,1
5ae363e1,11137,4.7178,1
d64814b,8176,4.7205,1
f40866,8189,4.7205,1
1f4b16,1724,4.7205,1
22800858,14029,4.7205,1
3404c335,6475,4.7205,1
7539523f,8515,4.7205,1
705baf07,4810,4.7205,1
5c7efb0a,7280,4.7205,1
6f1baf5c,7269,4.7205,1
26435c68,8220,4.7178,1
61d0b2f,6550,4.7178,1
344c3efe,13976,4.7205,1
8974e95,4779,4.7205,1
bdb2ae2,2940,4.7205,1
20563638,3300,4.7233,1
1c4a9e46,5295,4.7233,1
4924e8ff,11266,4.7178,1
1bfa4703,7330,4.7233,1
a0c45b2,1163,4.7205,1
38282b4a,8296,4.7233,1
3faa30a9,10686,4.7233,1
42fc421b,3197,4.7233,1
2c7129ab,4170,4.7233,1
7c73c35d,4684,4.7205,1
1a77902f,10404,4.7205,1
1c44e6a6,3069,4.7233,1
65fab179,1101,4.7233,1
d3349a1,1142,4.7233,1
2dff2e86,1067,4.7205,1
86676e3,2666,4.7233,1
38a77fef,11093,4.7068,1
2fce571b,7340,4.7233,1
7b11d77a,1617,4.7178,1
40fb7795,4596,4.7178,1
41aa667c,8669,4.7233,1
43203062,2059,4.7233,1
1e8bc192,11130,4.7233,1
6b547f3e,1302,4.7233,1
7008fa1e,13921,4.7233,1
32e9675d,8435,4.7233,1
72aea7c3,4883,4.7233,1
3a4b8b27,4395,4.7233,1
52ea6a9b,496,4.7178,1
d245e7a,4186,4.7151,1
740e130c,2532,4.7233,1
739932f1,4042,4.7233,1
575c2da9,3542,4.7233,1
15ed9d16,8178,4.7205,1
3a95c65f,10752,4.7233,1
3e073472,8381,4.7233,1
4b397f9,3357,4.726,1
1ba5487f,7900,4.7233,1
5cb734a,10053,4.7233,1
7dcfbf54,6248,4.7233,1
697c298c,1109,4.726,1
6e5f2475,10988,4.726,1
76cb6a18,2142,4.726,1
7a63e736,6398,4.726,1
76fe4e8a,2202,4.726,1
7e463990,5391,4.726,1
692dd6a1,2009,4.726,1
259a077b,1055,4.726,1
449bfa36,13958,4.7233,1
40957631,738,4.726,1
fd04d0a,3476,4.726,1
8cf1a8f,6496,4.726,1
139e1bea,10534,4.726,1
54001d23,4955,4.726,1
7851c356,1624,4.726,1
75e4794b,13984,4.726,1
58f1e1a,2252,4.7178,1
2a3f77cc,2596,4.7233,1
662d040a,1069,4.726,1
101030ea,11082,4.726,1
46e83d82,11274,4.726,1
3b6a948b,1296,4.726,1
3569cab8,7168,4.726,1
246f3b9f,1591,4.726,1
23ec06bd,11065,4.7233,1
4c4d0087,6149,4.726,1
6d90af91,11196,4.726,1
370a3fbc,5304,4.726,1
6a644901,7455,4.7205,1
29fe631e,1623,4.726,1
6b023e4f,1590,4.726,1
23e64e6f,7569,4.726,1
2a52dea6,7363,4.726,1
265db5b,1677,4.726,1
795a3f9e,9936,4.7205,1
6ce068dc,5303,4.7205,1
16ead349,3353,4.7288,1
50a892fb,3120,4.726,1
2ed5e1c1,1514,4.7288,1
76e62cd,13997,4.7288,1
2f601b71,4051,4.726,1
40a930c9,2074,4.7233,1
19d30e,1754,4.7288,1
7495b1ca,13999,4.7288,1
5b0197ba,3230,4.7288,1
539f0cf5,4429,4.7205,1
5227cb6b,10486,4.726,1
1ce8e382,1970,4.7288,1
43d2a8bf,1337,4.7288,1
7c3ae39a,2995,4.7288,1
54ca5eab,1000,4.726,1
452a1a34,1107,4.726,1
12c1f96c,2642,4.7288,1
6290dc22,4171,4.7288,1
7ed104cc,10189,4.7178,1
257e1c67,657,4.7288,1
30104946,1210,4.7288,1
2d87dcb1,4722,4.7288,1
36ee3704,3543,4.7288,1
5b065aa9,8491,4.7233,1
48f4929,3411,4.7205,1
77065992,1124,4.726,1
ecef88a,5170,4.7288,1
3c26ca6c,4375,4.7288,1
2fd7fb0d,715,4.7288,1
46ed2f4c,5165,4.7288,1
3f1e85b3,8432,4.7288,1
35614d96,681,4.726,1
1682a6d4,2498,4.7288,1
257ec7a4,4555,4.7288,1
ac60b08,6097,4.7288,1
41be34fe,3147,4.7288,1
7e0cdca2,954,4.7288,1
2d1c7720,7948,4.7288,1
1738a7c0,6151,4.726,1
2711681d,5443,4.7288,1
3fe05991,2344,4.7288,1
718b9c3a,2717,4.7233,1
23df336c,8468,4.7288,1
7509d3dc,11133,4.7205,1
5a611e82,8721,4.7288,1
fa2e68a,4820,4.726,1
32331a3e,6471,4.7288,1
1f742a0e,1566,4.7288,1
33bd0e0c,11231,4.7288,1
45ea2edf,5163,4.726,1
1bdadcb5,5119,4.7288,1
5d64065e,7333,4.7315,1
77ac0526,980,4.7315,1
49b67587,3351,4.7315,1
778a5f9c,8338,4.7315,1
676984cb,7999,4.7315,1
5d3e36b8,10363,4.7315,1
20159db7,5316,4.7315,1
30f205a2,14024,4.7288,1
378729a6,7252,4.7315,1
4d67789c,10400,4.7315,1
61401c7e,1628,4.7315,1
6d34cdc4,10216,4.7315,1
63f003dd,7615,4.7315,1
1c2bc8f,1464,4.7315,1
15a524a7,862,4.7315,1
74676981,4974,4.7315,1
3f76d024,2426,4.7288,1
5cfbd2fc,10367,4.726,1
604745d8,7205,4.7315,1
2f230330,4527,4.7315,1
265d0100,3231,4.7315,1
24b34b05,7343,4.7315,1
1d2152c,4095,4.7315,1
2bfa8fc1,4128,4.7315,1
7e80a3ce,8166,4.726,1
498d15ad,2235,4.7315,1
620a5ee7,7947,4.726,1
796489d,11178,4.7315,1
39c3c009,11280,4.7288,1
2a352644,10827,4.7315,1
42269a2c,4273,4.7315,1
77d93af1,11250,4.7315,1
6327dfb8,3625,4.7315,1
5640b1e1,4875,4.7315,1
70859511,5432,4.7315,1
7124f0a8,5538,4.7288,1
725e35a,10842,4.7288,1
5a222619,10859,4.7315,1
9be4b05,7553,4.7315,1
5fc94b2a,8084,4.7315,1
2586b722,4245,4.7315,1
292621e8,5336,4.7315,1
53a014ce,4953,4.7315,1
77de4cba,5282,4.7288,1
3c07beb6,4161,4.7315,1
479a2c50,678,4.7315,1
2690c8cc,4121,4.7315,1
521fbf92,7976,4.7315,1
3b8477fd,7456,4.7315,1
572182f7,1423,4.7288,1
4d528414,4031,4.7315,1
565274ab,1630,4.7342,1
4f0b811b,4773,4.7342,1
40bc3a9d,11129,4.7315,1
6f70ee37,7895,4.7342,1
341dff14,4761,4.7342,1
71af3210,749,4.7342,1
50e6966a,4876,4.7342,1
6331764d,11232,4.7342,1
6b86e789,6536,4.7288,1
f377955,1152,4.7315,1
49a65cc7,860,4.7342,1
214dc8a0,13850,4.7315,1
7dabd9af,5621,4.7342,1
48594566,2030,4.7315,1
76c240bf,4884,4.7315,1
4962fa9e,6207,4.7342,1
1c3a48eb,7989,4.7342,1
3259d711,2116,4.7315,1
7d1e1132,2772,4.7342,1
5e5bd99f,5393,4.7342,1
6909ebba,1883,4.7315,1
b36ec0,2481,4.7342,1
2505f2a8,5632,4.7342,1
7caed098,8183,4.7342,1
71b4d9be,8592,4.7342,1
71a36136,4975,4.7342,1
3d08d703,3321,4.7342,1
40253af1,1905,4.7288,1
6afdd4ac,11067,4.7342,1
775144e6,10955,4.7315,1
71dcd0f2,3095,4.7342,1
605de37b,674,4.7342,1
37f3afe7,3539,4.7342,1
5db3d2fe,5349,4.7342,1
596f2550,7190,4.7288,1
5626533d,709,4.7315,1
7c004289,8502,4.7342,1
3f675bd5,7198,4.7315,1
1f02accc,1425,4.7342,1
7bd9bbaa,1450,4.7233,1
533ba52,5431,4.7342,1
ff0d2,10320,4.7342,1
ae148d3,921,4.7342,1
3cd3a6ce,8140,4.7315,1
24aa6a2c,3432,4.7342,1
5bdc970b,1504,4.7342,1
5b7beb73,2179,4.7342,1
7a3fd304,7587,4.7288,1
d333d65,1576,4.7288,1
59e6a54c,3478,4.7342,1
32e89707,4639,4.737,1
364cd25a,8111,4.737,1
32ef8064,6066,4.7342,1
26a34b49,10375,4.737,1
5005a035,4211,4.737,1
42ea443c,1846,4.7315,1
8b766d,6490,4.737,1
31fcea6d,682,4.7342,1
4e293ab8,10960,4.7342,1
726cc937,6543,4.737,1
f15db47,2905,4.7342,1
5476ecd6,2546,4.737,1
538df01a,10118,4.737,1
473cbe2d,3306,4.737,1
66d29a6e,11235,4.7288,1
5a1da3e,8311,4.737,1
3910f7b0,4063,4.7342,1
27560c57,4472,4.737,1
79308c6c,8558,4.737,1
1b7ffb69,1186,4.737,1
698c1382,13870,4.737,1
46546a05,4162,4.737,1
62f754a7,3307,4.737,1
5c64923e,14039,4.737,1
38249e68,3315,4.7288,1
601d017b,1656,4.737,1
31bd8aed,10474,4.737,1
69b7a211,8141,4.7315,1
11ba287b,8184,4.737,1
108a0b3c,9935,4.737,1
473f0698,7427,4.7315,1
d7123fa,5324,4.7342,1
5f243427,2570,4.737,1
50c62a5b,10241,4.7342,1
435ad78,5495,4.737,1
440ca475,10369,4.737,1
27c929cd,4791,4.737,1
40e621fd,1618,4.7342,1
6c66e17f,8221,4.737,1
21134f48,10860,4.737,1
8e4787f,1490,4.737,1
5d1e91ed,8709,4.737,1
296a4a1a,4721,4.737,1
58f26f03,1909,4.7342,1
6320025a,4570,4.737,1
6ee5a372,2180,4.7315,1
5d3fdf3e,5305,4.737,1
48acb9c1,3559,4.7342,1
7a4418db,2075,4.737,1
33ed1054,8380,4.7315,1
78aceb5d,10331,4.7342,1
1b7d14c0,992,4.737,1
3632c4df,5468,4.737,1
6d061dfd,1100,4.737,1
320123c3,3075,4.7315,1
726fe503,2624,4.737,1
51141052,3171,4.7342,1
147349a,4760,4.7397,1
265e0f6a,13939,4.7397,1
2ef7e098,4815,4.7397,1
21f31c51,4260,4.7397,1
7c471467,1713,4.737,1
718db111,8607,4.7397,1
4956b85e,985,4.737,1
707e34b1,5502,4.7342,1
345ef2f5,2143,4.7397,1
2847d856,7372,4.737,1
542f1148,878,4.7397,1
55757cc0,11135,4.7342,1
16fff5c1,10432,4.7397,1
618c8457,2395,4.7397,1
ec0a20,8708,4.7397,1
2c65fe24,1857,4.7397,1
24deda29,5446,4.7397,1
52881414,4774,4.7397,1
3bb0b279,10309,4.7397,1
312faf08,2892,4.7397,1
5b6d0225,11071,4.737,1
23445f36,10376,4.7397,1
602a0a80,14000,4.737,1
403c8ae9,7566,4.7342,1
58fa43b2,10416,4.7397,1
4a470866,4747,4.737,1
4a05c3cb,6432,4.7397,1
4ac0d40d,8086,4.7397,1
6e86786a,2671,4.7397,1
745d8456,10310,4.7397,1
4712ccd2,8339,4.7397,1
4d7fe051,5634,4.7397,1
3c16e435,559,4.7397,1
41cc925a,1980,4.7397,1
153354f,4571,4.7397,1
19347e07,10190,4.737,1
481155af,11126,4.7397,1
7ade4994,10132,4.7397,1
62bfe2cd,5216,4.7342,1
719735ec,2427,4.7397,1
58c16cdb,5548,4.7397,1
1abfe641,10846,4.7342,1
12259e6b,8521,4.737,1
f11bf68,10609,4.7397,1
335b5b86,7944,4.7397,1
5c65bde5,3028,4.737,1
390dd5c6,11053,4.7397,1
7e5d24a,4038,4.7397,1
50dd721,3054,4.7397,1
74f6d8f0,7295,4.7397,1
2382804d,1985,4.7397,1
a5c71f5,925,4.7425,1
61030b40,13887,4.7425,1
23706ec8,3023,4.7425,1
14c70203,1528,4.7397,1
7d7d0ab7,8314,4.7425,1
45d5753,605,4.7425,1
24fb7f3e,4655,4.7397,1
800a6b8,5239,4.737,1
1dbd2dbd,2651,4.7425,1
73b40696,8349,4.7425,1
cc99551,1940,4.7425,1
171d716,421,4.7397,1
7555c240,6396,4.7425,1
2686eaca,2677,4.7425,1
756ba453,1717,4.7425,1
66258056,2608,4.7397,1
696322e3,11281,4.7425,1
134ace89,4793,4.7425,1
327fba4d,4937,4.7425,1
233ec672,5130,4.7425,1
6953d573,4603,4.7425,1
19d79680,1156,4.7425,1
4f4a880f,979,4.7425,1
5635fa25,6148,4.7425,1
38f8f02f,10513,4.7425,1
373d1ce5,510,4.7425,1
3edbbc7,6586,4.7425,1
2014fc8a,3070,4.7425,1
74e20e84,3565,4.7397,1
51a4e50e,11179,4.7425,1
2839c9cd,4690,4.7425,1
46646c8e,2749,4.737,1
2216cce8,1800,4.7425,1
275820e4,5488,4.7425,1
546cd131,10164,4.7397,1
327d1dd0,10356,4.7425,1
7e9f8703,511,4.7425,1
e97d452,3049,4.7425,1
5798170d,10096,4.7425,1
437de09a,2032,4.7425,1
712a449d,7959,4.7397,1
2be344f5,8085,4.7452,1
3c541efb,9966,4.7452,1
5c9b5086,4836,4.7425,1
100140db,3455,4.7452,1
332cf0ea,2073,4.7452,1
c9124de,10306,4.7452,1
2d9ce96,5579,4.7425,1
1e66bbf0,716,4.7452,1
4fb377f,4346,4.7452,1
50843caa,13962,4.7452,1
1c65f552,10833,4.7452,1
37776415,1239,4.7452,1
6aeaed4b,7265,4.7452,1
1b7afdd0,4611,4.7452,1
512af02d,10163,4.7452,1
28065488,2204,4.7452,1
24ddda51,2506,4.7452,1
2e845045,13895,4.7452,1
19e0eb34,10865,4.7397,1
55b811a5,169,4.7452,1
4f80ad8e,10841,4.7425,1
3d40832c,7961,4.7452,1
545e97d,7385,4.7425,1
1b621baa,3551,4.7452,1
ec2045a,8684,4.7452,1
44e434d1,1224,4.7425,1
6ec02331,5501,4.7452,1
57226fe2,608,4.7452,1
65f4ca08,10000,4.7315,1
7b0af238,4035,4.7452,1
1ead0334,10283,4.7452,1
719b627b,10554,4.7452,1
4b58fb14,4726,4.7452,1
32fc42ca,10868,4.7425,1
1e4bfd9f,10191,4.737,1
6809f9c1,3302,4.7425,1
422bc601,8624,4.7425,1
1291269c,2333,4.7452,1
53f79654,11033,4.7452,1
7417aa1a,8095,4.7452,1
23e82005,1658,4.737,1
68907157,3624,4.7452,1
1755e1e,1441,4.7452,1
210b3096,10483,4.7452,1
732e0f1f,1001,4.7425,1
1c846218,10052,4.7452,1
39587dc3,4153,4.7452,1
550a5ce8,8009,4.7452,1
3e7b95d7,629,4.7452,1
110fcb1f,8546,4.7452,1
3dae23f0,1172,4.7452,1
72041c14,1125,4.7452,1
20512ff,1133,4.7452,1
56fe34b,2435,4.7425,1
67d80b1c,10959,4.7452,1
1a6d4309,1919,4.7479,1
2b2505b4,7908,4.7479,1
19d68c5,5491,4.7479,1
14b63471,4013,4.7479,1
7b12b606,1431,4.7479,1
5cb5d293,3318,4.7479,1
5f3e7414,11068,4.7479,1
358ff476,3581,4.7479,1
5bc3c647,3482,4.7479,1
2910a6e6,1321,4.7452,1
5a2f904,7336,4.7479,1
4f448182,4044,4.7479,1
af087d3,4676,4.7479,1
26fb37fd,4907,4.7479,1
340380ff,13913,4.7479,1
5f204f6c,5034,4.7479,1
3a720827,1136,4.7479,1
51608544,3185,4.7452,1
2edb144a,1498,4.7425,1
6777d16,10595,4.7479,1
5bf1099b,4935,4.7452,1
550e88e3,11092,4.7479,1
eeefd04,11259,4.7479,1
78e1d1d7,1057,4.7479,1
45c39c10,4309,4.7452,1
162df8e2,4557,4.7479,1
44fa8e2b,7636,4.7479,1
6fd221fe,8499,4.7479,1
194b3aba,593,4.7452,1
4031069f,1495,4.7479,1
39a20c93,2394,4.7479,1
7afaeb43,10025,4.7479,1
7c589ccf,2480,4.7397,1
47010788,3123,4.7479,1
7df7b38,8142,4.7479,1
4f1280a2,10199,4.7479,1
68f56fbc,8225,4.7479,1
34e1640e,7564,4.7452,1
66fdcb47,4343,4.7452,1
298fad57,4048,4.7452,1
557505e5,10346,4.7425,1
e398879,852,4.7452,1
696dd0a,1012,4.7479,1
52a72d9a,8481,4.7479,1
2f004006,2233,4.7479,1
36111229,5317,4.7397,1
6db87fdf,5628,4.7507,1
5d7691ef,170,4.7452,1
3656ac26,1727,4.7479,1
1b7bca9a,6144,4.7507,1
351318ad,4660,4.7507,1
5c031e09,10226,4.7425,1
70b64d99,2999,4.7507,1
5f37be33,7448,4.7507,1
1a5d8055,7246,4.7507,1
37a625c3,5499,4.7452,1
58bc6e39,11264,4.7507,1
73118668,2632,4.7507,1
552c6ae3,1979,4.7507,1
1135681f,2722,4.7452,1
3c737019,1598,4.7479,1
dd253c0,6540,4.7452,1
679c0d44,10271,4.7507,1
6112b449,1424,4.7507,1
1ecf5cc5,8099,4.7452,1
2480aa93,2047,4.7507,1
23f1656a,3305,4.7479,1
5037d9f6,1230,4.7479,1
57b52da1,11013,4.7507,1
33786ae6,2313,4.7507,1
120d8a28,4906,4.7479,1
3a7f7736,10568,4.7507,1
3588b85f,500,4.7507,1
44d98dfd,8197,4.7452,1
3406f0da,2076,4.7507,1
4aa470b8,6434,4.7507,1
26804185,10787,4.7507,1
326fc5c,3557,4.7507,1
b77dc7b,1659,4.7507,1
ba3781d,1506,4.7507,1
5bb10af8,1034,4.7507,1
39dbaf1,2536,4.7507,1
30d88838,13952,4.7479,1
7c586f44,3361,4.7507,1
9e1a78,6500,4.7479,1
6d784ca4,6499,4.7507,1
69d69b63,1325,4.7452,1
52466d94,8006,4.7507,1
e5ee3b7,11055,4.7534,1
792575d4,3544,4.7534,1
17810233,4577,4.7479,1
67bc8761,5120,4.7534,1
3aec1576,2790,4.7534,1
68355c2a,7199,4.7534,1
6dba64ee,11104,4.7534,1
773a4b85,8562,4.7507,1
74be4d8c,6150,4.7452,1
2e23a1c8,4900,4.7534,1
6cb56c2a,8261,4.7507,1
4976745a,2773,4.7534,1
4f2282d5,10776,4.7507,1
7cbc5718,8511,4.7534,1
3b2fb099,7171,4.7534,1
4101c702,3076,4.7534,1
2c69b4f6,1353,4.7534,1
1aeec1dd,880,4.7507,1
474510f,3360,4.7479,1
1be64538,3202,4.7479,1
42999260,5478,4.7534,1
d6f64e6,13941,4.7534,1
61e3acbf,4348,4.7534,1
3192e914,5343,4.7534,1
5df344dc,1715,4.7534,1
50950461,2611,4.7534,1
473975a5,5309,4.7534,1
493de5b0,8126,4.7507,1
7459f0d0,1050,4.7479,1
3f03f025,3024,4.7534,1
43f9252e,2988,4.7534,1
641216b6,5257,4.7534,1
4fe1e4a9,5059,4.7534,1
43249744,1987,4.7534,1
69578880,10452,4.7534,1
49f5df57,7231,4.7534,1
43af5312,7267,4.7534,1
3ab2362,1442,4.7534,1
1d95ce31,8341,4.7534,1
626e149,11211,4.7534,1
566db81f,8440,4.7534,1
3185cae2,4480,4.7534,1
211896ac,10110,4.7534,1
80b3803,4507,4.7507,1
52e1aa53,11030,4.7534,1
69f75d50,1673,4.7534,1
763a5856,8232,4.7534,1
2720bdb2,894,4.7507,1
784c2837,1529,4.7534,1
604b67b3,11072,4.7562,1
4b701227,1130,4.7507,1
2b82e7b3,6477,4.7562,1
fdee27d,10834,4.7562,1
2db10319,10748,4.7562,1
34a58b08,7641,4.7562,1
8a65d50,8513,4.7534,1
551fe7f3,11012,4.7534,1
4d7acb93,2929,4.7562,1
770c53b1,7589,4.7534,1
1b2a1460,7571,4.7534,1
31204889,7212,4.7562,1
ee0df30,6092,4.7562,1
2a9d3b6d,14030,4.7562,1
12140073,10994,4.7507,1
3f196454,3458,4.7479,1
74dbeec3,5561,4.7562,1
478c94d1,11079,4.7562,1
489991e,11218,4.7562,1
5c8f8206,4399,4.7534,1
70c6761f,8135,4.7562,1
5b403332,4725,4.7562,1
78c91e97,6217,4.7534,1
304039f9,7415,4.7562,1
73f5d760,10727,4.7534,1
29f6a38f,2811,4.7562,1
19fb2d80,2612,4.7562,1
28c540b7,5323,4.7534,1
7556dc18,4659,4.7562,1
69a0f3e6,10937,4.7562,1
2977547f,10564,4.7562,1
2bb5791e,1700,4.7562,1
6840c66c,10790,4.7562,1
6912741,5412,4.7562,1
3a33ede9,7634,4.7562,1
15565f40,7238,4.7562,1
152ba97d,3303,4.7562,1
7bb67e12,4524,4.7534,1
3a617620,7633,4.7562,1
7492e50a,10319,4.7562,1
53991887,6552,4.7562,1
11c059b,3627,4.7534,1
1bb123c8,2260,4.7562,1
53bf9842,13953,4.7589,1
30e68d8a,13975,4.7589,1
2ba0f631,8255,4.7589,1
391d3fee,5089,4.7589,1
164fcd07,7292,4.7589,1
12c19899,5454,4.7589,1
3efcf58e,1758,4.7589,1
27754c88,2645,4.7589,1
6ece5ff0,4510,4.7562,1
68190db,8119,4.7589,1
411313da,10083,4.7589,1
70145a40,6143,4.7562,1
1cc3e06d,1631,4.7589,1
3502d4f2,6551,4.7589,1
5733a1f3,8645,4.7589,1
6ca12902,10966,4.7589,1
19495a12,10305,4.7562,1
10ff055f,8049,4.7589,1
401d1722,10716,4.7589,1
6a2752bb,6063,4.7589,1
20d14a35,4045,4.7589,1
731b1df7,1314,4.7589,1
5b97b0b1,8165,4.7562,1
bf583f2,2007,4.7589,1
6e4deb12,8434,4.7589,1
21dff05b,6469,4.7589,1
a80a532,2813,4.7589,1
2288d51c,10175,4.7534,1
210ca9ce,10781,4.7589,1
6c749eeb,6264,4.7589,1
4bb96a84,7547,4.7589,1
153a1680,8343,4.7562,1
176cf59,4796,4.7534,1
6005ee7b,2229,4.7534,1
32ed4a50,7530,4.7562,1
1a1c9820,6559,4.7562,1
5257de4e,1231,4.7562,1
523a63ca,4317,4.7589,1
17f1f11b,2294,4.7589,1
4c4f339f,6495,4.7589,1
69d2b65d,8020,4.7589,1
51ba087,1552,4.7589,1
28b1c40c,5533,4.7616,1
37622b7f,11251,4.7616,1
3e7cdacf,4365,4.7616,1
4bea7dd,2698,4.7616,1
1c5ff778,2368,4.7589,1
6043daf0,498,4.7589,1
380441e7,11219,4.7589,1
25442832,10996,4.7616,1
49759975,5036,4.7616,1
2af24314,8617,4.7616,1
2859831f,4539,4.7616,1
79beef9f,2597,4.7616,1
549888e0,4097,4.7616,1
2b526668,1708,4.7616,1
13007af5,1619,4.7616,1
49a0eb3b,10717,4.7616,1
3cf2ffd,11000,4.7616,1
2c0a9e1,7487,4.7589,1
3a99eef7,6449,4.7562,1
50ba4cb,1179,4.7616,1
486f87ca,4946,4.7616,1
2a5eec83,10286,4.7562,1
50949ef2,3412,4.7562,1
571cbaa0,3474,4.7589,1
220708e2,1170,4.7616,1
7fe0d2d5,4769,4.7616,1
b77b0d5,10750,4.7616,1
390cd2a1,10487,4.7589,1
23d68d7a,2614,4.7589,1
1820d3b8,981,4.7616,1
5ad995af,932,4.7589,1
6c1e6739,4743,4.7616,1
63533231,7991,4.7616,1
33d839c1,6114,4.7616,1
239d0203,10603,4.7616,1
2472cf9d,2482,4.7616,1
32104251,11107,4.7616,1
313f4c28,10384,4.7616,1
5ca289c5,4724,4.7562,1
2d28dc85,7263,4.7616,1
5f4ceed0,11180,4.7616,1
6d70dc83,2652,4.7616,1
5d4209b6,11273,4.7616,1
64d370da,7240,4.7589,1
36652a6f,8406,4.7589,1
ee7781d,2277,4.7616,1
53aadb94,8642,4.7616,1
65183986,5455,4.7616,1
4ff057f3,5490,4.7616,1
28da932a,1747,4.7616,1
37f3f20c,7582,4.7644,1
261437f,3044,4.7644,1
eef4437,4919,4.7644,1
26918ebc,13867,4.7616,1
5a2e1a87,2754,4.7644,1
72e5e05c,2952,4.7644,1
48d74853,3193,4.7644,1
7a173fc4,13849,4.7644,1
50d9ba54,2434,4.7616,1
7a0968ea,7489,4.7644,1
273380f7,8144,4.7616,1
641962ca,2932,4.7589,1
5c33500,1833,4.7644,1
48f016e4,9974,4.7616,1
4d4ebf87,5217,4.7589,1
73ff0335,3334,4.7644,1
5c5f20b2,8563,4.7644,1
5eaa1b79,10453,4.7644,1
78e9cc18,11228,4.7616,1
6cbfcdfc,2707,4.7644,1
16a5717e,11123,4.7589,1
1d482e34,2033,4.7644,1
38b7d79f,8300,4.7644,1
7ae8fcf7,5210,4.7644,1
36487223,5249,4.7644,1
19baa528,10220,4.7589,1
bdbcb15,10174,4.7644,1
573e7dd4,1981,4.7644,1
51b34383,1912,4.7644,1
1b21f86b,1286,4.7644,1
249ffafc,1324,4.7644,1
71c90e19,14023,4.7507,1
553d0d29,1287,4.7644,1
1e59f356,10622,4.7644,1
454ab27b,8672,4.7644,1
7ccad50d,13966,4.7644,1
4123dbf8,5176,4.7616,1
b7290d4,7247,4.7589,1
10b153c9,2359,4.7644,1
f8e2ce,1256,4.7589,2
2a302d61,1139,4.7644,1
ab6d653,11131,4.7644,1
7593cfc4,3074,4.7589,1
6f26f5a4,5503,4.7616,1
288f941c,4608,4.7616,1
37fff49,4701,4.7671,1
23dfd15d,8388,4.7671,1
6879fd0d,8616,4.7644,1
302abe73,1956,4.7671,1
64d1e31e,1014,4.7671,1
18a8cd7a,11233,4.7644,1
3f1ecaf7,2505,4.7671,1
5aa23241,4314,4.7671,1
a593b7b,1301,4.7644,1
3100e318,10828,4.7671,1
6f9d3b5f,1701,4.7644,1
2be99359,11237,4.7644,1
261d0d29,10255,4.7671,1
6d661391,7279,4.7671,1
5b483506,2256,4.7644,1
5d89aaf3,2463,4.7671,1
13b3902e,7516,4.7671,1
4e94f352,8493,4.7671,1
54ee0f83,10176,4.7671,1
185d76c9,3670,4.7671,1
30503734,4134,4.7644,1
4420e9df,1694,4.7644,1
4b9d3395,3084,4.7671,1
22fa47d7,2181,4.7589,1
74fbb247,4963,4.7616,1
64cd61c,1058,4.7671,1
51cd8dc3,4435,4.7644,1
4561b91b,4665,4.7671,1
5c4d4ee4,651,4.7671,1
67423bb9,6433,4.7671,1
17f61c79,1493,4.7671,1
77eac4ad,2465,4.7671,1
3f8b022a,4753,4.7671,1
68809a21,704,4.7644,1
49e27991,8360,4.7644,1
6ed0b100,10269,4.7616,1
4f3edfdb,1944,4.7671,1
28431e44,3255,4.7562,1
7237d42c,5530,4.7671,1
198423db,4481,4.7671,1
20fde737,5467,4.7671,1
10fc7c52,724,4.7644,1
5c265cd5,1530,4.7644,1
64843671,4503,4.7699,1
2c2caf2b,1071,4.7699,1
2b0fa189,2155,4.7699,1
58e25656,10494,4.7671,1
364c796b,11195,4.7699,1
733ee66d,6247,4.7589,1
256b126a,2315,4.7699,1
6ff1b077,5121,4.7671,1
3aa31bc3,1599,4.7671,1
3eaa8f74,5400,4.7699,1
43af2289,10162,4.7699,1
213f5083,5534,4.7699,1
3e03a64,2374,4.7699,1
69dbc443,13878,4.7699,1
1fdd510,3256,4.7644,1
535a089b,10111,4.7699,1
8bae13b,7163,4.7699,1
a8bd952,10360,4.7699,1
6b72d9d6,3021,4.7699,1
3d45ed9c,1585,4.7699,1
3e58347f,10552,4.7699,1
61b4a9b6,851,4.7671,1
3521bd9b,8025,4.7699,1
279a9fae,1945,4.7699,1
287735b1,10927,4.7699,1
3eb39393,3540,4.7699,1
581ebcee,2312,4.7699,1
1ca34742,7282,4.7699,1
2456fc28,2947,4.7699,1
574260e3,2516,4.7616,1
7a964f29,7572,4.7699,1
7c899e6e,13847,4.7699,1
12416d84,1553,4.7671,1
6f2d9a6b,1814,4.7699,1
2bacaa15,4425,4.7699,1
1b84d242,6394,4.7699,1
630b574e,13866,4.7699,1
5341dfaf,10718,4.7699,1
50bcf96e,1785,4.7699,1
1e8e1d6e,1835,4.7699,1
79d1f613,5325,4.7699,1
278688d6,10929,4.7699,1
7ae7872e,2288,4.7699,1
4da77695,7953,4.7699,1
23ac7722,7521,4.7699,1
260c2ced,10073,4.7699,1
30ff8bb9,5445,4.7699,1
51dbdb13,5430,4.7699,1
7667b47f,5194,4.7644,1
67d7683b,7939,4.7699,1
267f8,1077,4.7589,1
33328722,8724,4.7699,1
56fdfc3a,11108,4.7699,1
405705bd,4172,4.7699,1
cb9fc4d,5235,4.7726,1
47b665e9,2782,4.7644,1
5418f740,2938,4.7726,1
2c1a7a93,7486,4.7726,1
6d877e17,6129,4.7699,1
6f02a0c9,3022,4.7726,1
1b6f09ed,10327,4.7726,1
7c3219f1,10332,4.7726,1
64dbfba5,8439,4.7699,1
276c2637,4645,4.7726,1
4547850b,10777,4.7726,1
2e114f65,10880,4.7726,1
8de5f37,710,4.7699,1
285a2186,14031,4.7726,1
776f725d,8180,4.7671,1
d919091,2417,4.7726,1
6ed2c0af,4322,4.7726,1
140f1da5,4282,4.7671,1
6fc2df1,7209,4.7726,1
18fe78e3,5626,4.7589,1
19ea7675,10869,4.7671,1
61451a5f,6116,4.7726,1
dcbc1e7,5537,4.7726,1
2ae3a9b2,8593,4.7699,1
661999dd,6565,4.7726,1
2c0a02b5,8409,4.7726,1
fefb70b,2534,4.7726,1
65d46289,6201,4.7726,1
3643432d,4094,4.7699,1
1cbef349,4775,4.7726,1
605d55c1,2775,4.7726,1
29994d0a,3146,4.7726,1
26dbb369,3233,4.7726,1
61624803,5236,4.7726,1
264ffd1b,10329,4.7726,1
6b1bfab3,6571,4.7726,1
10a04c42,6400,4.7726,1
745c2084,3288,4.7726,1
78d5c5c,2489,4.7726,1
33f7e07c,858,4.7699,1
39d22449,2223,4.7726,1
21a7781c,1603,4.7726,1
346a34ac,10091,4.7726,1
59e8e1c1,3329,4.7726,1
55900e80,2714,4.7726,1
4f6dfbb6,11038,4.7753,1
456e94b9,2219,4.7726,1
2ac779a3,5566,4.7726,1
34bf63d3,7585,4.7753,1
618e8fca,13993,4.7699,1
419e6806,9967,4.7753,1
50050bf7,2594,4.7726,1
1f6b4bdf,10064,4.7753,1
a0e6727,4874,4.7753,1
3862f038,13930,4.7753,1
40c01e70,4986,4.7753,1
3a4442a7,2774,4.7753,1
5b08004,926,4.7753,1
7c7ef8ca,4136,4.7699,1
53b2244d,2786,4.7726,1
134183d5,10070,4.7699,1
2fa4a348,2158,4.7753,1
12f08119,10084,4.7753,1
4b1d8115,1802,4.7753,1
19c38325,5413,4.7726,1
1ef70601,2004,4.7726,1
4a257a54,1115,4.7726,1
6d142e35,1949,4.7644,1
5b915c1c,3358,4.7726,1
44513390,3541,4.7753,1
52bf8a4a,2626,4.7753,1
5760f193,1223,4.7753,1
64036df,6486,4.7753,1
9998972,10441,4.7753,1
4b404834,11054,4.7726,1
650366cc,8404,4.7699,1
35bfef96,10080,4.7753,1
324ed130,4587,4.7753,1
50b6c0b4,865,4.7753,1
7b863ea5,8120,4.7753,1
5cd121f,2898,4.7753,1
25cb66df,6428,4.7753,1
4fc49e6f,3410,4.7671,1
b4701f6,3477,4.7726,1
6ef423a9,10242,4.7699,1
41fe652d,5142,4.7753,1
2c4ecae7,1680,4.7753,1
47121ee7,983,4.7753,1
14d6574d,6391,4.7726,1
7469ef42,8517,4.7699,1
45a8ab2f,13861,4.7753,1
468c3bef,3000,4.7753,1
617a7dc9,2278,4.7753,1
1ccfd82b,3203,4.7699,1
4bfd1873,5351,4.7753,1
a8ebf55,2653,4.7753,1
70d5edb1,4041,4.7726,1
57a1e307,4437,4.7699,1
35cd7758,1295,4.7753,1
4e538908,10855,4.7753,1
16d0df12,4618,4.7753,1
4937101c,13994,4.7726,1
11566be6,8723,4.7753,1
4e5e0a75,1657,4.7753,1
4fffa923,10333,4.7753,1
5fc7d781,10150,4.7753,1
2e018b95,3234,4.7753,1
caacce8,1531,4.7753,1
5f3a298e,2085,4.7753,1
3e2ecaef,2349,4.7726,1
5fb46974,8222,4.7753,1
2b9eb184,10964,4.7699,1
7972f4ba,3190,4.7699,1
7d4b0c34,8352,4.7753,1
933ae47,5247,4.7753,1
222ccc07,10112,4.7753,1
27dc42f9,5466,4.7699,1
6fed8d5f,1143,4.7753,1
136eb61f,4096,4.7753,1
366132ea,13888,4.7699,1
1716b677,1507,4.7753,1
736f7555,8549,4.7699,1
56cd2db0,9971,4.7726,1
70eb9912,561,4.7753,1
1653175e,6401,4.7781,1
7a64909b,8350,4.7781,1
299a911c,1187,4.7753,1
21d79ca7,4511,4.7781,1
d58b286,10359,4.7644,1
3bfad94,2366,4.7781,1
7ed0de8e,11246,4.7781,1
637f5757,5644,4.7781,1
2bfb153c,10788,4.7781,1
5556ceda,7405,4.7781,1
2d0a4e50,4369,4.7753,1
286aea69,2347,4.7781,1
34566149,3261,4.7781,1
4ccef6ee,11070,4.7781,1
47f7d00a,8419,4.7753,1
74e96a93,2609,4.7781,1
2434e630,4154,4.7781,1
5b334428,2157,4.7781,1
5c682a2e,2263,4.7781,1
25e6c629,3016,4.7781,1
58de93e7,3063,4.7781,1
428257d1,4902,4.7781,1
273ebd35,3413,4.7781,1
26e0a1c3,2423,4.7781,1
67b3b333,8641,4.7781,1
6e83126c,4691,4.7781,1
7a17dcb1,10161,4.7781,1
69d39a54,11194,4.7726,1
4a1ed014,8686,4.7781,1
30cec84f,10738,4.7781,1
747868b3,10749,4.7781,1
10c5d52,1333,4.7753,1
3daeb317,5648,4.7781,1
7b64885d,7241,4.7781,1
f98e006,1214,4.7781,1
49961024,6069,4.7753,1
4cee4a72,8252,4.7753,1
2f6b7870,8501,4.7753,1
27af956f,5401,4.7781,1
313f040d,866,4.7726,1
163dd9f1,11051,4.7781,1
77cc14db,1334,4.7753,1
67155081,1191,4.7699,1
386c0a5e,11050,4.7781,1
66f7afb,10784,4.7781,1
72332abe,4832,4.7781,1
11834986,8312,4.7781,1
67092e78,2051,4.7753,1
73331680,8626,4.7808,1
1acc38c0,13896,4.7808,1
31077a11,1153,4.7781,1
1f53f8a7,4099,4.7808,1
19a154a3,10830,4.7781,1
13fc6274,7365,4.7808,1
136a366c,2785,4.7808,1
6177aac5,10664,4.7808,1
72e0fe04,10238,4.7808,1
2ffddee,6166,4.7808,1
4064428b,4297,4.7781,1
697c2499,1579,4.7808,1
151084f5,7937,4.7781,1
7782fcc6,2753,4.7808,1
2406dc0f,3481,4.7808,1
134ae99d,1780,4.7808,1
2c566cfa,955,4.7781,1
b6f3f79,5298,4.7808,1
3d7072a9,8640,4.7808,1
5d74dd0d,4112,4.7781,1
4f809408,3148,4.7808,1
502e10be,10481,4.7808,1
6e75d528,7495,4.7753,1
1512f15e,1132,4.7808,1
2c63f44,4279,4.7781,1
5e791720,2224,4.7808,1
7e7247b1,6210,4.7808,1
3e6e01c2,8223,4.7808,1
3cf48f50,8649,4.7781,1
2a224ff9,3517,4.7781,1
4681dac3,933,4.7808,1
82fa3c0,7646,4.7808,1
10b9339a,5388,4.7781,1
285cfbf3,1913,4.7808,1
60436bf9,2446,4.7781,1
1587f592,5258,4.7781,1
4cfb215b,5556,4.7808,1
54e9378a,10977,4.7808,1
83f15b1,3209,4.7808,1
3b7d854,10114,4.7808,1
78d06778,717,4.7808,1
52512695,4905,4.7781,1
21b0e168,3177,4.7726,1
47b5347d,1817,4.7808,1
7a7d21a7,3304,4.7808,1
16d6237,4098,4.7808,1
5a539901,4178,4.7836,1
342b48ea,2803,4.7808,1
27c837d1,8069,4.7836,1
5a60aa06,8450,4.7836,1
311a03c,4956,4.7836,1
4d5e95c5,2672,4.7808,1
b8386fe,1140,4.7808,1
6501e37c,265,4.7836,1
31126b2,2904,4.7836,1
6d753e92,8190,4.7836,1
4c743f5f,4683,4.7836,1
3ad86ba8,8643,4.7836,1
2dfbae7b,4602,4.7808,1
478ba2bb,4762,4.7836,1
4d25284e,5107,4.7836,1
34598f69,10302,4.7836,1
44a167ef,3617,4.7836,1
658589ef,7637,4.7808,1
5ea59bba,8387,4.7836,1
23f61d02,10933,4.7836,1
3aa6af78,2129,4.7781,1
42fc4d82,1807,4.7836,1
dadc42d,2812,4.7836,1
7fa7e669,3086,4.7836,1
70754b8a,4917,4.7836,1
5045985b,8463,4.7753,1
332ab2d2,6513,4.7808,1
2a26218,1745,4.7836,1
737e9e70,4543,4.7836,1
290da28e,7519,4.7836,1
2dc0335b,4191,4.7836,1
55f660b4,1718,4.7836,1
388c6ae0,8474,4.7836,1
5f6b490f,7201,4.7836,1
33acf4fa,5058,4.7836,1
61a773ff,4364,4.7808,1
34a671e1,6133,4.7836,1
6fc9001d,1164,4.7836,1
70fbbc29,2507,4.7836,1
16ee8142,1721,4.7808,1
4231bc41,525,4.7836,1
451fe49f,9998,4.7836,1
68a802e1,6450,4.7808,1
aae6a27,3072,4.7808,1
45b20c87,4205,4.7781,1
7f3333b2,2613,4.7808,1
572489bf,8653,4.7836,1
2ea23e2e,3017,4.7836,1
7b21c949,5137,4.7836,1
1d69db3c,4129,4.7808,1
6ef3c05f,1293,4.7836,1
511fc0e1,11220,4.7836,1
2481200a,614,4.7863,1
16197829,10665,4.7836,1
24c527c7,10555,4.7863,1
59695b21,10472,4.7863,1
7762bf9d,8112,4.7863,1
2854a8c3,3568,4.7863,1
5785cb3,8297,4.7863,1
670485d6,2205,4.7863,1
7b3bf2f8,3327,4.7808,1
76a44fec,10454,4.7863,1
317e184f,1965,4.7863,1
1e737a62,6230,4.7863,1
72170183,5013,4.7863,1
3468ee6f,1716,4.7836,1
569f910b,8060,4.7863,1
2106f1b,11192,4.7836,1
35151fd2,4206,4.7863,1
436db376,582,4.7863,1
9bca981,2436,4.7863,1
23017674,8036,4.7863,1
4526b7fc,3414,4.7863,1
22e8bdb8,4082,4.7863,1
cb04c90,8194,4.7836,1
2807943d,8417,4.7863,1
60ac0c26,560,4.7836,1
48b66491,10976,4.7836,1
2fd40542,1512,4.7863,1
210e08e4,3429,4.7808,1
138e30e,7225,4.7836,1
21c3eddf,10479,4.7863,1
60105d7a,2261,4.7863,1
5a2a879a,10961,4.7863,1
55db7788,3186,4.7863,1
4430cff,3264,4.7863,1
3a50b4bd,2558,4.7863,1
34c8e23a,4617,4.7863,1
711ecf2c,2005,4.7863,1
3aa1b41c,3348,4.7863,1
51345ce1,861,4.7863,1
7e247ef7,4281,4.7863,1
3e3af29d,4750,4.7836,1
26996343,719,4.7863,1
1953ce71,1914,4.7863,1
6af92653,9972,4.7863,1
5dcf7e44,11186,4.7863,1
30a18dc5,6050,4.7863,1
3706fde6,1494,4.7863,1
146e8eeb,6068,4.7836,1
6c2f9127,8610,4.7863,1
3275ff7c,5043,4.7863,1
e068352,8647,4.789,1
57a553ce,1728,4.7863,1
eefa6b9,7276,4.789,1
6e166859,10669,4.789,1
7385e4f8,7945,4.7863,1
49a3f5c9,1986,4.789,1
3a0a582a,4193,4.789,1
6703bb92,6478,4.789,1
3b7d21ae,9963,4.789,1
6da696b5,9999,4.789,1
5854823,5406,4.789,1
7fa0bc2a,1068,4.789,1
2d028221,4620,4.789,1
74c8aa0a,6388,4.789,1
5b2320e0,3191,4.789,1
775ff7a5,2552,4.789,1
21989642,1819,4.7863,1
18b20bda,6208,4.7863,1
299b6a3c,4108,4.789,1
6b7d7bcf,650,4.7863,1
5a4555c9,497,4.7863,1
eb2da64,10755,4.7863,1
6d6fcb3,10478,4.789,1
5264a7f0,4071,4.789,1
746ebcdf,3001,4.7863,1
744d129e,5504,4.789,1
6c349789,5345,4.7836,1
5db6ddd8,8710,4.789,1
5c3f1af5,778,4.789,1
407a2a0e,1280,4.7836,1
691113b7,3045,4.789,1
8ba6557,3337,4.789,1
63093185,4359,4.789,1
567f3d06,4107,4.789,1
474567a3,4163,4.7863,1
567e0f1f,5479,4.789,1
db5585a,6072,4.789,1
3d0b9a53,7573,4.789,1
271ad570,8301,4.789,1
4b8ec64f,11193,4.789,1
2668f73d,8711,4.7863,1
6dae3ed6,10004,4.789,8
4afeccb1,3182,4.789,1
3b3e21cb,2095,4.789,1
6bf245d,10881,4.7918,1
1afbf2d2,3479,4.7918,1
26dc2e78,11275,4.7918,1
6c267311,4632,4.7918,1
13442f04,5196,4.789,1
56ec32dc,5259,4.7918,1
11047997,8668,4.789,1
3038c32f,3569,4.789,1
4ee53e5d,4323,4.7918,1
64d1889e,10798,4.7863,1
7c6b048a,3362,4.7918,1
4b26b309,11080,4.789,1
79dca33b,2013,4.7918,1
1eac7d8b,624,4.789,1
5b2917ac,6073,4.7863,1
3a477580,2517,4.7918,1
1b07d04d,13868,4.7918,1
4407373a,1103,4.789,1
58de91fa,1720,4.7863,1
2563ef4f,8007,4.789,1
24897516,8391,4.7918,1
59ca285a,4316,4.7918,1
75b723d8,1856,4.7918,1
4f94b3b6,5557,4.7918,1
20da4e97,2444,4.7918,1
28da2a2e,1577,4.7918,1
643f650e,881,4.7918,1
1e85dee7,11094,4.7918,1
e5c633c,7491,4.7918,1
7c803a96,3041,4.7918,1
5f2e472,7270,4.7836,1
203dcc1f,10235,4.7918,1
1a7af6d7,2445,4.789,1
631d8dd0,10613,4.7918,1
77d23327,4580,4.7918,1
afbf3c1,10844,4.7918,1
18384798,5505,4.789,1
5539d606,949,4.7918,1
a6919f,5020,4.7918,1
33149c8d,8400,4.7918,1
595a3c70,8621,4.789,1
6268d141,174,4.7918,1
662404d5,2933,4.7918,1
3c7a8b0e,13872,4.7918,1
262cafd5,10257,4.7945,1
2768e361,8042,4.7945,1
300ff3f5,1477,4.789,1
764b5b8d,4890,4.7945,1
1e818cb1,3331,4.7945,1
4723b4d,10193,4.7945,1
7e1207eb,5159,4.789,1
5b8ea081,3080,4.7945,1
1e133903,3259,4.7918,1
31cdc387,8377,4.7945,1
1d766100,5117,4.7945,1
f00821b,10797,4.7918,1
61c3e14f,4299,4.7945,1
3e4dc70b,7962,4.7918,1
109ddfa3,10521,4.7945,1
1b0687f1,1755,4.7945,1
17a8a515,2800,4.7945,1
328654ce,10069,4.7945,1
65b1d447,5512,4.789,1
35943265,8193,4.7918,1
4b8a93b3,2627,4.7945,1
649cac3c,7334,4.789,1
f645f04,11215,4.7945,1
1bf75397,1570,4.7945,1
4ff4c51,8716,4.7945,1
696fb8ab,4711,4.7945,1
583fdbe,5486,4.789,1
62eed0a5,5558,4.7945,1
28b20e75,11221,4.789,1
9788b1f,3435,4.7945,1
771bc3a5,9973,4.7945,1
6defaef5,3409,4.7945,1
7d8bdb11,4995,4.7918,1
17730097,3176,4.7918,1
5596d49b,13968,4.7945,1
327420e6,10119,4.7945,1
2cbbed03,7226,4.7945,1
18fb8d45,3399,4.7945,1
3932c2d4,3417,4.7945,1
31546314,10071,4.789,1
215cebcd,1668,4.7945,1
17fcbc88,6209,4.7918,1
428dd171,4156,4.7945,1
6d8fdc0,5057,4.7945,1
148672cc,7160,4.7945,1
5242f112,4908,4.7945,1
75171d4c,7298,4.7945,1
248c8301,10364,4.7945,1
933b8fe,1258,4.7945,2
7ee8b472,630,4.7945,1
3f1f7092,1003,4.7945,1
182865af,459,4.7945,1
5d27ddd9,7532,4.7945,1
6657b92b,5156,4.7918,1
2288ce93,1294,4.789,1
7956d270,14034,4.7945,1
3d3aff89,1669,4.7945,1
1afc1196,4175,4.7945,1
41b97d03,6090,4.7945,1
1cacf5e0,10173,4.7945,1
3ac01833,4897,4.7945,1
2521dff1,2650,4.7945,1
c4d1dd5,4174,4.7945,1
6aab4c77,8608,4.7945,1
10a19015,2615,4.7945,1
1a7aa667,5498,4.7973,1
318f3c8e,10233,4.7973,1
3a86ea89,8372,4.7973,1
2e64906c,8522,4.7973,1
177163c,10312,4.7973,1
1d4a1f3f,5206,4.7973,1
524cdb6f,1595,4.7973,1
1aefe6e4,1188,4.7973,1
6eb955ce,1134,4.7973,1
2310d573,4265,4.7973,1
5c040dcb,3260,4.7918,1
5e24de88,7300,4.789,1
6e6e85c9,1989,4.7945,1
5a4dacc8,4508,4.7945,1
312ba24b,10640,4.7973,1
3ff0b9a3,6497,4.7945,1
7dd09388,839,4.7973,1
34d63a,10714,4.7973,1
37281118,4785,4.7973,1
daf8bff,870,4.7973,1
321516f1,5248,4.7973,1
65ea6779,5539,4.7973,1
43c9e8f8,6501,4.7945,1
352ecd34,4454,4.7973,1
341e8148,1655,4.7973,1
451f1447,6257,4.7945,1
73f86232,5347,4.7973,1
7ffaca9d,10414,4.7945,1
3fae00eb,5139,4.7973,1
2ae8675,2755,4.7918,1
7d35fe6f,8053,4.7945,1
32f79de0,5645,4.7973,1
1b700701,8113,4.7973,1
5416e5dc,4702,4.7973,1
22fd5c05,1036,4.7973,1
2cebdd27,1499,4.7973,1
37b89fb4,677,4.7945,1
5463a49a,8644,4.7945,1
1cb6d767,10357,4.7973,1
6ec63333,10227,4.7945,1
1d704460,10708,4.7918,1
54fe6420,14061,4.7973,1
7e598c37,2008,4.7945,1
70274b10,8611,4.7973,1
6bcfd37f,1815,4.7945,1
21596764,10228,4.7973,1
3e15646b,10756,4.7945,1
196dc8ed,10484,4.7973,1
1cb668e6,3415,4.7973,1
2b67c7c3,1510,4.7945,1
416fe78c,4903,4.7973,1
544ce5f6,2290,4.7973,1
62506788,5143,4.7945,1
4129652a,4032,4.7973,1
23116532,2089,4.7973,1
365de74c,2814,4.7918,1
3113596c,2537,4.7973,1
830358c,6456,4.7973,1
3b600229,2561,4.7973,1
13f0c882,2636,4.7945,1
4a4e3a37,658,4.7973,1
435bfaa7,6533,4.7973,1
7811d9af,2504,4.8,1
6db0aaf7,4236,4.8,1
5614aaf4,2637,4.7945,1
5405ba0a,8376,4.7918,1
4a86fc53,3570,4.8,1
3c2c980d,7977,4.8,1
54a37a6d,8198,4.8,1
27932907,1462,4.8,1
5a0a3dc2,1787,4.7945,1
23e2a7e,2214,4.8,1
4d815846,8073,4.8,1
73649be0,7963,4.7973,1
788b5c63,1002,4.7973,1
b95e4d6,13893,4.8,1
4c91ce8a,5179,4.8,1
1b7de763,10381,4.8,1
3937c82b,579,4.7973,1
1d20288f,3273,4.8,1
5f07403f,14045,4.7973,1
2bb5f243,3404,4.7945,1
2c44018e,8008,4.8,1
93a699e,1746,4.8,1
30bc30d9,5392,4.7973,1
55df9849,13874,4.8,1
51fc4f5b,10234,4.8,1
3862be04,8564,4.8,1
5db86c9b,1756,4.8,1
cd3b50d,4176,4.7973,1
25e7690e,2447,4.7973,1
16526c7e,1273,4.8,1
6580a77c,1471,4.8,1
40c2ea31,6562,4.8,1
890169b,1154,4.8,1
5ac8b8a8,1082,4.8,1
19faa159,2989,4.8,1
7cb0471,9949,4.7945,1
1740ec7a,1950,4.8,1
2ffa96a,8516,4.8,1
ad34360,8430,4.7973,1
466fdb0a,10239,4.8,1
19d8b73a,1497,4.7973,1
6693f992,6451,4.8,1
76cb6e63,7643,4.8,1
4e445c3b,4949,4.8,1
12f953ae,13990,4.8,1
6bdf770a,10524,4.8,1
61728826,1320,4.8027,1
464aa464,1185,4.7973,1
5f7d5a64,11270,4.8027,1
2a839d12,4052,4.8027,1
7a535fc1,13848,4.8027,1
11247b4b,3656,4.8027,1
72bfcfcf,4076,4.8027,1
59847b9a,1322,4.8027,1
62c891b5,1654,4.7973,1
7132600c,4987,4.8,1
1b5d30c8,512,4.8,1
47ef0835,8618,4.8027,1
5b735dc1,5545,4.8027,1
2fdb371d,10455,4.8027,1
3efb4d92,10209,4.8027,1
4b2266b0,2222,4.8027,1
6dc10358,8497,4.8027,1
f113cec,8662,4.8027,1
7326d5e5,6212,4.8027,1
3000239b,10402,4.8027,1
5e657ce7,1592,4.8,1
7c5ee3b1,1340,4.8027,1
68cfd4cd,4370,4.8027,1
d71d14f,7496,4.8027,1
b816a51,2431,4.8027,1
3aac9c41,8590,4.8027,1
2c535e65,6392,4.8027,1
2fab0909,7548,4.8027,1
2ff83d4f,8164,4.8027,1
7168f265,7396,4.8027,1
3455351c,4361,4.8,1
477e2a5b,8124,4.8,1
30ea90fc,3626,4.8027,1
72754a31,2972,4.8027,1
54e5a55,8233,4.8027,1
5e96d1eb,2939,4.8,1
685beb86,8102,4.8,1
a9d0489,1851,4.8027,1
670c4592,8379,4.8027,1
292a1df9,1465,4.8027,1
560ce599,2264,4.8027,1
5e412824,10105,4.8027,1
3ac82e60,11224,4.8027,1
52b9b95b,562,4.8,1
65896f51,2418,4.8027,1
325e6bcc,3651,4.8027,1
684ef973,2559,4.8027,1
7354cd37,3102,4.8027,1
499ee8c9,457,4.8,1
5672e3c0,1070,4.8027,1
2103303a,2804,4.8027,1
78affdb8,1257,4.8027,2
39eef96a,4612,4.8027,1
22f186da,13977,4.8055,1
8ff10c7,10464,4.8055,1
2df06fd2,13916,4.8055,1
708863e,2301,4.8,1
1c1423b2,8431,4.8055,1
46a509fc,8576,4.8027,1
41e06ead,4599,4.8027,1
f8bfa52,10358,4.8055,1
2c38cbed,8393,4.8055,1
4cf1a4eb,3085,4.8055,1
22f5be60,718,4.8055,1
60a22995,2232,4.8027,1
302b06b9,3178,4.8055,1
71bc2aab,3071,4.8055,1
7e359c42,10618,4.8055,1
35d105f,266,4.8,1
1c859ca1,1704,4.8055,1
eea0d96,6115,4.7973,1
f2aec90,3081,4.8,1
675c3d02,7239,4.8055,1
7725aa30,8011,4.8,1
25a0ef1a,2122,4.8027,1
7db6d952,7213,4.8055,1
7b845fcb,10287,4.7973,1
212a0ea1,4169,4.8055,1
350fda1,2071,4.8055,1
4867c8d0,8550,4.8055,1
1144bc10,4564,4.8055,1
60eae79f,8512,4.8027,1
64d3b3d6,1958,4.8055,1
1284d6d4,1432,4.8055,1
26144ca8,4473,4.8055,1
357d173,1893,4.8027,1
117581ea,13920,4.8055,1
68c1dd11,5387,4.8,1
5cc794ab,6197,4.8055,1
5832e297,6544,4.8055,1
657552aa,1526,4.8055,1
3fcf8971,8389,4.8055,1
33a3240,10848,4.8,1
63388c40,10382,4.8055,1
62799102,2499,4.8027,1
4951a4d4,1813,4.8027,1
2c51ecea,10217,4.8082,1
63fe1bc8,8012,4.8082,1
7999ad62,4396,4.8,1
6be81caf,8514,4.8082,1
31049dc5,6487,4.8082,1
16795d29,4512,4.8082,1
356cc5b0,4177,4.8082,1
3ec7074b,4833,4.8027,1
56459806,1040,4.8082,1
265fa88e,2527,4.8,1
3320e335,6563,4.8055,1
5beff44d,2510,4.8082,1
645a007c,2231,4.8082,1
59f65c3c,8465,4.8082,1
6fec606d,2655,4.8027,1
673ebdbc,7193,4.8082,1
5333d325,1744,4.8082,1
5fd02e26,4653,4.8082,1
1cf7067a,7618,4.8082,1
10aa41f8,8609,4.8055,1
26bdd0c,10343,4.8055,1
4f8c9c9f,4540,4.8082,1
11733a56,2625,4.8055,1
53140c01,10341,4.8055,1
f4b38d2,1783,4.8082,1
248825c0,5131,4.8082,1
2c210a8d,2360,4.8082,1
474e293d,4901,4.8055,1
5fa67f0c,7922,4.8027,1
9fd4182,3449,4.8082,1
6c3ec358,4033,4.8082,1
486fd930,13986,4.8082,1
539fca35,1288,4.8082,1
7790d043,10569,4.8082,1
24dd912e,2906,4.8082,1
47cf2566,6409,4.8055,1
5d710ac4,2327,4.8082,1
6be1ee03,3391,4.8055,1
13e89558,2497,4.8055,1
23fd46b0,2401,4.8082,1
1d27a3bc,1355,4.8082,1
4855bdf6,10566,4.8055,1
2c20c309,1542,4.8082,1
65a1c8fb,4579,4.8027,1
453bbdb0,3206,4.8082,1
20e412ec,7281,4.8082,1
af6b572,8685,4.8055,1
39254981,1904,4.8055,1
7ff437e2,2575,4.8082,1
3fcccbad,4744,4.8082,1
617b52c7,5438,4.8082,1
79b5a565,2055,4.8082,1
7946bbcd,4662,4.811,1
4624ccb2,4709,4.8082,1
7df243db,1910,4.811,1
29385f8d,2173,4.811,1
6a87361,5195,4.811,1
113aff5c,13932,4.8082,1
65ec11b4,11073,4.811,1
5cd00e7,1009,4.811,1
1e199fd,4280,4.8082,1
48549c4,2317,4.811,1
706d9f0c,5094,4.8082,1
797ad9e3,1908,4.811,1
6922bb8b,3349,4.811,1
5cb811c4,10187,4.811,1
7293ee5f,10875,4.811,1
70cd4736,2949,4.811,1
7dee06a3,3547,4.811,1
6e3e1e21,5540,4.811,1
530bbbb3,3480,4.811,1
2f89bcba,5241,4.8082,1
35e7aa8a,7404,4.811,1
38b1698b,5496,4.811,1
27e6bd23,8262,4.8082,1
231c7c9b,8013,4.8055,1
36e98b0d,13877,4.811,1
6919f333,6514,4.811,1
1bcf9e71,6397,4.811,1
54678d06,4366,4.811,1
5cdcdefa,10430,4.811,1
6f1209db,8559,4.811,1
15d946d7,6211,4.811,1
7d3ee6d7,1629,4.811,1
1f3ea7bd,13967,4.811,1
76d24e68,4904,4.8055,1
472fcc84,4834,4.811,1
380c496b,6076,4.811,1
4825e853,6250,4.811,1
6d3e053d,8167,4.811,1
4aebcf75,1859,4.8082,1
544cbff2,7242,4.811,1
41f8417,8298,4.8027,1
e51f301,4349,4.811,1
334e0438,10574,4.8082,1
b92e3cf,2036,4.811,1
1698186d,3461,4.811,1
6dd1856d,8494,4.8082,1
279a8663,10014,4.811,8
2652a06a,4656,4.811,1
3a42a3f4,2930,4.811,1
6ccf8fa1,4947,4.811,1
2e15cc1c,7490,4.8082,1
2c7717bd,6219,4.8137,1
3055cc4,1681,4.8082,1
13277982,2699,4.8137,1
212ecdae,5629,4.8137,1
35f0fcc9,1682,4.811,1
1cba65cf,8200,4.8137,1
56d6d322,8185,4.8137,1
3479f4b3,5250,4.811,1
636d1c2f,10005,4.8137,8
51c9a23f,853,4.8137,1
35e1f3bc,1225,4.8137,1
1e1221d4,4893,4.8137,1
65b592c9,10876,4.8137,1
6eb27634,1017,4.8137,1
7276e987,6117,4.8137,1
7de56a9c,4533,4.8137,1
340f9c33,10206,4.8137,1
49715f50,8634,4.8137,1
71f4e45,4088,4.8137,1
c0ead28,4637,4.8137,1
5ae987bf,3050,4.8137,1
12cf76d5,6213,4.8137,1
51072003,2025,4.8137,1
667c8afa,3628,4.811,1
2899a0e6,3493,4.8137,1
128dc0cc,3258,4.8137,1
a92eb00,501,4.811,1
3edb1e35,2079,4.8137,1
2641fd21,1278,4.8137,1
5414bb08,1816,4.8137,1
1d9be958,4866,4.811,1
57cbbee5,5506,4.8137,1
3231fc3a,1155,4.811,1
3fa48b27,6153,4.8,1
5a5f82a5,4626,4.8137,1
3c93156d,5535,4.8137,1
36a5a88c,1593,4.8137,1
2d43f0cc,2483,4.8137,1
766c74e0,10372,4.8137,1
baf056b,7351,4.811,1
2fb3410e,3591,4.8137,1
34c96dbc,2547,4.811,1
6be2e79,10475,4.8164,1
5a9f950d,2035,4.8164,1
7549f798,4640,4.8164,1
4047730e,10580,4.8164,1
3f1c4237,8275,4.811,1
48266e4b,1433,4.811,1
72e9b5e0,7510,4.8164,1
9cd77b0,3078,4.8055,1
541d8144,1793,4.8137,1
294ca54a,2361,4.8164,1
286aade7,5271,4.8164,1
2a9182cf,928,4.8164,1
2fb2f9ba,10710,4.8164,1
104b0f19,2369,4.8164,1
72599a57,7327,4.8164,1
72b17d24,5140,4.8137,1
3a4a87ac,8000,4.8164,1
4ff3990,4305,4.8164,1
37e897cd,528,4.811,1
7f65320c,3126,4.8137,1
6c42899,2948,4.8164,1
1848184c,2728,4.8164,1
5a533c53,867,4.8164,1
685db80a,1013,4.8164,1
6aae3621,5037,4.8164,1
15132f28,7285,4.8164,1
5491ad69,675,4.8164,1
43309ad4,4638,4.8164,1
6497f2cb,5240,4.8164,1
610f8bbb,6476,4.811,1
6d6982dd,5067,4.8164,1
69e54957,5297,4.8137,1
2a48539e,3087,4.811,1
7192edb6,627,4.8137,1
6cdde26c,8010,4.8164,1
4d83fa40,1679,4.8164,1
25bf84cd,3172,4.8164,1
43a63291,4712,4.8164,1
40eb760b,625,4.8164,1
12e8c5ac,8475,4.8164,1
4b28a2d0,10265,4.8164,1
3968339e,3055,4.8137,1
4a0ef1fd,14062,4.8137,1
22a85196,5344,4.8137,1
76b935ca,10799,4.8164,1
5b6bdbeb,3042,4.8137,1
780937ef,1048,4.8164,1
5b14e9f1,4303,4.8164,1
50fb3,4272,4.8164,1
6041dac4,4195,4.8137,1
5f69b463,6302,4.8137,1
6eee562e,13957,4.8164,1
463ea4d7,11052,4.8164,1
780c9376,3194,4.8137,1
3a1fb2e9,2715,4.8164,1
2be7bee0,7180,4.8164,1
26dccca2,502,4.8164,1
66e39e05,7390,4.8082,1
1577dcb2,4476,4.8137,1
3af2183,8299,4.8137,1
44e043e5,1836,4.8164,1
4192e07,3590,4.8192,1
2f20f07a,1443,4.8164,1
55797f24,10596,4.8164,1
6046d5eb,4657,4.8192,1
13c0e105,4844,4.8192,1
5e649c6c,4556,4.8137,1
6ef5780a,11128,4.8192,1
766f04fa,912,4.8164,1
6871d54c,8469,4.8164,1
7cadc98e,4578,4.8164,1
6d0ad8b,2174,4.8164,1
896317f,1159,4.8164,1
622657e6,7254,4.8192,1
438ae8b2,6091,4.8192,1
6e2b5e94,7191,4.8192,1
7c580b66,8651,4.8164,1
7f675d93,10628,4.8192,1
2a22fed,5160,4.8192,1
46c386c9,1479,4.8192,1
264f61c2,977,4.8192,1
778bb7be,2332,4.8164,1
7228bf7b,5459,4.8192,1
4e179963,8663,4.8192,1
76c44d9b,4891,4.8192,1
75142a71,4130,4.8192,1
bd9cef7,6564,4.8192,1
252a2b49,6070,4.8192,1
51f6e48b,10535,4.8164,1
66925aa9,3056,4.8192,1
143c1b99,10303,4.8164,1
51d7d19f,2130,4.8192,1
c9f08d1,4544,4.8164,1
37e3a592,4135,4.8192,1
43d0f6d5,1786,4.8192,1
3744cde5,6145,4.8192,1
5870b9bb,2378,4.8164,1
72954812,4751,4.8137,1
36377ecb,4622,4.8192,1
6ff54584,1289,4.8192,1
7b51d062,2780,4.8192,1
270da60d,4053,4.8192,1
7a6d6e36,2807,4.8192,1
22606cb1,1511,4.8137,1
2fac9f10,4247,4.8192,1
655b7926,950,4.8192,1
7456b765,8145,4.8192,1
55f258ba,3308,4.8192,1
1e6d090b,1847,4.8192,1
5654b82a,8595,4.8192,1
2041d1a9,3199,4.8192,1
616db75b,1639,4.8164,1
261d0444,4334,4.8192,1
504e74dd,1157,4.8219,1
7e2c2be4,8441,4.8219,1
72f78c15,11083,4.811,1
3c06892b,10774,4.8219,1
66276625,10351,4.8219,1
1fcdfaea,6120,4.8219,1
2181fc,7344,4.8219,1
4ef822c9,6423,4.8192,1
46bfa5ec,3634,4.8192,1
36d50d7b,2560,4.8219,1
3a77543c,7389,4.8219,1
3596d7d1,10861,4.8219,1
e3d844a,1078,4.8192,1
109dee23,1916,4.8219,1
10cb8eb8,4253,4.8192,1
1360eb2f,7554,4.8192,1
719d22dd,8186,4.8219,1
e8e263b,1190,4.8219,1
1f8c4b75,8272,4.8219,1
42fcd71c,4885,4.8219,1
56d165ff,10590,4.8192,1
4f8b153a,2234,4.8192,1
4e423e32,2437,4.8219,1
3182663f,2629,4.8219,1
53660b43,2548,4.8219,1
15e20324,7338,4.8192,1
484172fa,5442,4.8192,1
172d766e,7332,4.8219,1
353c592a,1951,4.8164,1
3042978a,7954,4.8219,1
7357e5da,9950,4.8219,1
fb563d8,5039,4.8219,1
58178e0d,10106,4.8219,1
7ccdac42,4443,4.8219,1
9f68b20,2206,4.8219,1
30f8ff34,4894,4.8192,1
75adbab5,1076,4.8219,1
7621407c,14010,4.8219,1
1477e150,7170,4.8219,1
70747235,4380,4.8219,1
2a59d1ca,7391,4.8219,1
614a7fc5,6384,4.8219,1
163c2d87,5060,4.8219,1
3d6a3371,2509,4.8192,1
6edc0b33,14001,4.8219,1
5c5ae57a,7629,4.8219,1
2bfdab63,2758,4.8219,1
4760f4d6,10852,4.8219,1
496bfa9a,10444,4.8219,1
56d90189,7458,4.8219,1
4291b7f8,4604,4.8219,1
471ba7a,8452,4.8219,1
44772866,2119,4.8192,1
52deb558,1470,4.8192,1
1dbfe68c,8050,4.8247,1
14142d2b,8253,4.8247,1
69dd03d7,679,4.8247,1
69f52ffc,7951,4.8247,1
4e0e1fc1,4455,4.8247,1
2c671b0a,8418,4.8192,1
42786e80,4474,4.8247,1
19af06d8,3025,4.8219,1
186d7d81,1545,4.8219,1
26a3995a,11049,4.8247,1
328869cf,1513,4.8247,1
53702080,8378,4.8219,1
2082ce1a,10240,4.8192,1
1ad1fa19,1896,4.8247,1
6be63e9d,8055,4.8247,1
39c06741,2209,4.8247,1
f848c7d,8464,4.8219,1
1a90aea6,10689,4.8219,1
40d879bf,8591,4.8219,1
7a18f48a,4387,4.8219,1
515468d0,6218,4.8247,1
4eae19c2,6537,4.8247,1
475d94d5,1705,4.8247,1
4db88429,7950,4.8219,1
703995b0,1683,4.8247,1
3b9d74a2,7392,4.8247,1
647e89ad,4969,4.8247,1
56d1fd28,10551,4.8247,1
7dfe4df7,705,4.8247,1
715d5560,8560,4.8219,1
3c87181f,10719,4.8247,1
b194351,603,4.8247,1
35975a6a,8635,4.8247,1
9bfdd7d,5061,4.8219,1
6adc62a7,8730,4.8247,1
5ef5cdec,10473,4.8247,1
402300dc,10458,4.8219,1
44e0bf27,4287,4.8247,1
40a43a86,6231,4.8247,1
1c8c84de,1634,4.8247,1
4b2bf9db,10482,4.8247,1
3c0881f6,7397,4.8247,1
64f5534b,5251,4.8247,1
3687ebdf,3405,4.8247,1
25adc175,10629,4.8247,1
31dc013a,1625,4.8247,1
492321c6,5189,4.8247,1
7824ca2,5112,4.8192,1
4c6f934e,4212,4.8247,1
39998c2b,6128,4.8247,1
1deb8e28,7227,4.8164,1
4d96a142,4036,4.8247,1
58e4030e,4679,4.8247,1
68a11ebf,6402,4.8274,1
29fa574d,1902,4.8247,1
511e7f81,5038,4.8274,1
299afadf,2762,4.8274,1
492e4db5,8717,4.8247,1
7c98fdd0,4732,4.8274,1
32952be2,1338,4.8274,1
10d5b846,6289,4.8247,1
6e67e481,4794,4.8274,1
3edace9,13943,4.8247,1
559f4f1d,10368,4.8274,1
4ecea477,10567,4.8274,1
73e43260,2660,4.8274,1
22f69371,11229,4.8274,1
69c5caae,4728,4.8274,1
d3ed795,2061,4.8274,1
36e82759,10742,4.8274,1
64cd64d6,10553,4.8274,1
72361e25,3359,4.8247,1
94ffd89,10373,4.8274,1
65a8799e,10489,4.8274,1
7eeac116,2096,4.8274,1
710ef1c9,7406,4.8274,1
338b0efb,10293,4.8274,1
455e1eb6,10349,4.8219,1
6d94857a,1722,4.8219,1
6b12b1b8,2725,4.8274,1
8596f7,10581,4.8274,1
55b7b6de,4404,4.8247,1
3601d9d9,2954,4.8247,1
359b93ff,7345,4.8274,1
7ced6f63,5133,4.8274,1
28c8e37,2511,4.8274,1
2e9282bf,2673,4.8274,1
47fff8f9,11136,4.8274,1
507e0112,5516,4.8247,1
3665d01c,8532,4.8301,1
cd82b15,10107,4.8274,1
34d82247,4825,4.8301,1
148ec35f,7377,4.8274,1
c7314e2,7398,4.8301,1
4bd45e3f,10251,4.8301,1
413e16fa,10252,4.8301,1
3401de80,734,4.8274,1
3448a0ee,3335,4.8301,1
56f77764,10823,4.8301,1
42b7ad5c,3443,4.8274,1
730ffa36,7911,4.8301,1
49c0cf09,14002,4.8301,1
2461cd02,4982,4.8274,1
5bc3599f,2001,4.8301,1
3a6afd64,5448,4.8301,1
5791c69b,5283,4.8274,1
5e364828,3018,4.8301,1
18e6e3e7,4911,4.8301,1
32c53424,3336,4.8301,1
42708ecb,4475,4.8274,1
738b9c42,11252,4.8301,1
2a7729b6,4824,4.8301,1
5a10ec4,2709,4.8301,1
563d8428,652,4.8301,1
1ede7e40,7431,4.8301,1
31989855,10465,4.8301,1
22313d49,10829,4.8301,1
27f44b06,7635,4.8301,1
2febd0e5,10466,4.8301,1
422a9726,3583,4.8301,1
3785f506,10055,4.8301,1
1c754dca,3029,4.8301,1
6de8ca59,14041,4.8301,1
7b6df365,4400,4.8301,1
37b7f4e3,11084,4.8301,1
63d814cb,8392,4.8301,1
5cd345c0,5224,4.8301,1
55f50e67,783,4.8301,1
7e64ac82,2801,4.8329,1
6a869ef0,10729,4.8329,1
49dbb127,7181,4.8329,1
3420184d,6086,4.8329,1
6ffbb2f7,3566,4.8329,1
3ff15937,5091,4.8274,1
e5e901d,3232,4.8329,1
f0eb383,7375,4.8329,1
3154d0e6,10108,4.8274,1
25121d62,3601,4.8301,1
1e026ce7,5029,4.8329,1
11449bfd,6554,4.8329,1
239aff28,5172,4.8329,1
3503d509,5144,4.8301,1
345ed85d,1469,4.8329,1
1923ab9,4072,4.8329,1
343cc205,9938,4.8301,1
2a7a340c,5174,4.8329,1
402b0815,2789,4.8301,1
2f5bc7d,2371,4.8329,1
5d12db83,2574,4.8329,1
6595b8c,4238,4.8301,1
12a21968,10253,4.8329,1
40dccdd3,2573,4.8329,1
582f1e7d,7172,4.8329,1
603b0c8e,1246,4.8329,1
77165751,4077,4.8329,1
75fd6982,2424,4.8329,1
536990bb,13859,4.8329,1
7395a05d,10934,4.8329,1
36fccda1,3309,4.8301,1
7f110360,11097,4.8301,1
703e7872,4103,4.8329,1
28530385,1281,4.8329,1
3720a27c,956,4.8329,1
69e96b8d,7540,4.8329,1
39a822d4,10832,4.8329,1
957414f,11222,4.8329,1
3bd6215b,4397,4.8356,1
19c190af,4534,4.8356,1
6107bfc1,6232,4.8356,1
5269c797,3537,4.8329,1
325172a3,5095,4.8329,1
583ff878,8096,4.8329,1
4dee5f38,1660,4.8356,1
11cb08f3,4131,4.8356,1
62b9877a,10614,4.8356,1
d022022,6130,4.8356,1
2a59f5c2,1894,4.8356,1
15f1782e,2296,4.8356,1
5c3476f3,999,4.8356,1
40ab5e67,7182,4.8329,1
25b94455,10753,4.8356,1
2d38e613,2052,4.8356,1
3b9768c4,8480,4.8356,1
446b12ab,10218,4.8329,1
1f783e94,7522,4.8356,1
5e293427,4842,4.8356,1
4859dd57,5306,4.8329,1
31dd585b,11283,4.8329,1
29c8e9d,3450,4.8329,1
310cd7ec,1820,4.8356,1
2d6e752c,10965,4.8356,1
2ff4406d,6152,4.8356,1
3a71f4aa,1918,4.8356,1
61357c3f,10347,4.8356,1
55ca2032,3225,4.8356,1
36516442,2915,4.8356,1
68c8b0b1,1849,4.8356,1
5d29cda6,4663,4.8356,1
17b796b8,10212,4.8356,1
2a799378,434,4.8356,1
719f3be,4909,4.8356,1
7384c434,6154,4.8301,1
144e5a06,6108,4.8329,1
3fe71c61,5197,4.8329,1
5963aab6,4514,4.8356,1
11af2627,4255,4.8329,1
77d7d07e,4092,4.8356,1
70d4def1,653,4.8329,1
6c17c99c,4442,4.8356,1
34a6ec47,11100,4.8356,1
5c507aea,3640,4.8356,1
17151f08,8442,4.8356,1
154d153e,13852,4.8356,1
43387230,6504,4.8356,1
1332dd83,13902,4.8356,1
5222e21f,1342,4.8356,1
407f7ac4,2402,4.8356,1
1fa7df0b,7630,4.8329,1
2108c2cd,4256,4.8301,1
15156faf,10194,4.8356,1
62bedd24,3354,4.8247,1
5597b5ec,3140,4.8356,1
5b8893da,4792,4.8356,1
62179ab1,10115,4.8356,1
5905756d,8137,4.8356,1
787ba6c1,7920,4.8356,1
2d560fe8,4693,4.8384,1
5c26e2df,8655,4.8356,1
6c380317,3400,4.8384,1
32a4de33,1732,4.8356,1
40786b17,6141,4.8356,1
65908077,10210,4.8384,1
491c0769,4351,4.8384,1
5cf88c8c,1341,4.8356,1
5d5d1d3f,8041,4.8384,1
5efee550,9975,4.8384,1
3f0c55c0,10796,4.8384,1
16822a07,6291,4.8356,1
69d929da,8238,4.8356,1
2383790d,6198,4.8384,1
2063fda7,8037,4.8384,1
4e3058e8,5368,4.8384,1
467e7ea3,4152,4.8384,1
a7edc48,3589,4.8384,1
57013a92,1699,4.8384,1
50d4f067,1871,4.8329,1
6827a061,10386,4.8384,1
14c7bdb1,8107,4.8384,1
25926e77,10442,4.8329,1
7f0eb902,10200,4.8356,1
4a4cd011,3105,4.8384,1
2a7f33d3,7370,4.8384,1
3dec56f7,6542,4.8356,1
e9e2aff,4239,4.8384,1
419edf04,10229,4.8384,1
24dcb56c,7324,4.8356,1
6dfe437e,5190,4.8356,1
46e4089d,631,4.8384,1
32faebd8,1232,4.8384,1
108c3b2c,7949,4.8384,1
340dc9c1,2616,4.8356,1
3dc46bb,1126,4.8384,1
18a4d1c7,2805,4.8384,1
1c26100d,7288,4.8384,1
79e79c7a,10632,4.8384,1
237e1146,8224,4.8384,1
4276720c,10097,4.8384,1
290fc356,6503,4.8411,1
6efca437,5319,4.8384,1
2bbde1de,10571,4.8384,1
781a31ce,8681,4.8411,1
941c61b,1966,4.8356,1
60e11994,1788,4.8356,1
90dcad3,4892,4.8411,1
25b1ad9,10272,4.8411,1
462cb85d,8420,4.8356,1
6f117517,10565,4.8384,1
5aca021c,10856,4.8356,1
8ad7174,4799,4.8384,1
52fa3f6a,2175,4.8356,1
71b78b38,8656,4.8411,1
15eae1d4,8216,4.8411,1
762f14cc,2776,4.8411,1
158741,530,4.8411,1
125fa2d6,1709,4.8411,1
75ad640c,3290,4.8411,1
4cf41b76,8187,4.8411,1
380ecfca,8127,4.8411,1
7aa86d5e,4470,4.8384,1
74af9fb3,2941,4.8411,1
6a3c082e,10879,4.8411,1
2402fa3c,10570,4.8384,1
1df9b17f,7303,4.8411,1
1b235bcc,11099,4.8411,1
11d9f928,2945,4.8411,1
1523f774,7492,4.8411,1
1f54f086,2751,4.8411,1
2c343a4a,1917,4.8411,1
7c1614fa,655,4.8411,1
7684c45b,1695,4.8411,1
4eeccacd,5260,4.8411,1
43074f30,9943,4.8411,1
ffa326e,7533,4.8411,1
5f8c89d6,2441,4.8411,1
771e8a48,7927,4.8411,1
e192554,4763,4.8384,1
50ae1fbb,10488,4.8411,1
6bd7ee41,5222,4.8384,1
689875b9,1740,4.8411,1
2fecde7b,2247,4.8411,1
f9f5ffa,2305,4.8411,1
5b6e0dae,993,4.8411,1
38630056,1801,4.8411,1
70709ec7,6297,4.8384,1
24ed0fb9,7964,4.8384,1
39a699b4,924,4.8356,1
be02f38,4014,4.8411,1
4cb371f5,4661,4.8356,1
671b06b0,4267,4.8411,1
13e93a32,6277,4.8411,1
1e8f7ac2,2990,4.8411,1
49648c3f,10273,4.8411,1
76752d25,4619,4.8384,1
23a58e6c,1241,4.8411,1
2c97b173,3456,4.8411,1
2b26a7e6,1532,4.8411,1
492b9749,11041,4.8411,1
356c3238,1959,4.8411,1
2443ef27,3289,4.8384,1
1ef3275,4867,4.8411,1
7b80f28f,10407,4.8411,1
6a8dd8a5,2123,4.8411,1
6b378d05,662,4.8411,1
7f098b62,10342,4.8411,1
42efabf9,3060,4.8411,1
44087973,6555,4.8438,1
48b5e69e,10321,4.8438,1
38e0fff7,5108,4.8384,1
3c2c40be,4878,4.8438,1
9152933,1903,4.8438,1
fcd9ec2,10165,4.8438,1
889bda9,2564,4.8438,1
695e7bf3,10418,4.8438,1
1c97b519,11282,4.8438,1
a06c394,2213,4.8411,1
4fa75388,8726,4.8438,1
3756f7c0,1158,4.8384,1
2d4d933a,3484,4.8438,1
116bff64,3402,4.8411,1
64a5c5d2,10496,4.8438,1
64cdd671,7534,4.8411,1
25d85d91,2230,4.8384,1
6b861691,10219,4.8438,1
a302b44,2466,4.8411,1
2147d566,10589,4.8438,1
2bb3e161,10545,4.8438,1
4c600553,4795,4.8411,1
3590eb56,4838,4.8438,1
1789b0d0,8408,4.8438,1
2a28881e,7283,4.8411,1
8fabba2,5642,4.8411,1
3cf6fb35,10371,4.8438,1
70702b65,4710,4.8438,1
2a250a8b,10092,4.8438,1
775f93c6,10406,4.8384,1
7cfbf14b,2549,4.8411,1
3802a6a3,8627,4.8438,1
da1d6b2,2617,4.8438,1
f52f4df,10205,4.8356,1
4988750,3142,4.8438,1
274a4f21,3027,4.8384,1
245d193c,4898,4.8356,1
3cb1e564,4968,4.8384,1
7c5347a5,11085,4.8411,1
9153c49,10290,4.8438,1
454d50ae,3224,4.8411,1
766417a6,8071,4.8247,1
5ffdf880,1197,4.8438,1
10ec18a0,8390,4.8438,1
30bb8980,2432,4.8438,1
1fdc6719,1867,4.8466,1
43114ba6,7902,4.8466,1
49538a63,4504,4.8466,1
67ad0337,8472,4.8466,1
398aa2f1,8664,4.8466,1
5591dbc9,4187,4.8466,1
69393073,4788,4.8438,1
29098acd,1804,4.8466,1
7c5c0d1d,2248,4.8438,1
10ada54d,4283,4.8466,1
4bb96b02,10915,4.8438,1
1f41e3ff,1803,4.8438,1
2e03cf5a,3096,4.8438,1
322b1b62,5123,4.8466,1
4f5157a7,5182,4.8438,1
4fb0d434,6174,4.8411,1
7ff9ab87,14042,4.8466,1
f4c51a,1102,4.8466,1
15634f11,10520,4.8411,1
4f99e7ad,9944,4.8438,1
50cade75,6572,4.8466,1
1992a12c,4541,4.8438,1
2b05840a,2078,4.8466,1
24914dbc,6168,4.8466,1
222e062d,11245,4.8438,1
656a0c2e,7156,4.8466,1
2eb94885,8170,4.8466,1
291bac8c,10754,4.8466,1
6248ab5e,2769,4.8466,1
749f8be,6085,4.8466,1
55849914,3494,4.8438,1
311d0e41,2334,4.8411,1
4596bb22,8573,4.8438,1
501d15c6,8407,4.8466,1
375eb1f9,8569,4.8466,1
6c781d57,4207,4.8411,1
253770b3,7399,4.8466,1
23d1aab2,4621,4.8466,1
dd22726,2643,4.8466,1
98d9b7,4752,4.8466,1
3726c87d,10970,4.8384,1
3b0f9257,8351,4.8493,1
7cef53b1,4835,4.8493,1
6fcfeee6,4069,4.8438,1
2559356b,4789,4.8493,1
5566c549,2329,4.8493,1
491123d4,10074,4.8493,1
4f65839c,5367,4.8493,1
23fb1576,10026,4.8493,1
4054d0cd,10514,4.8493,1
9b4490,10674,4.8493,1
63815e7c,10877,4.8493,1
182aa7df,3103,4.8411,1
7e9edeaf,3097,4.8493,1
24fbba28,6110,4.8438,1
4de07275,4111,4.8438,1
393049,8104,4.8493,1
3e83e475,8725,4.8493,1
85aed47,10980,4.8493,1
71892c9e,3213,4.8493,1
3fb48b00,1838,4.8466,1
76464fc7,6170,4.8493,1
22970289,13954,4.8466,1
19ec6f7c,5225,4.8493,1
2929a49d,4646,4.8493,1
11fc90fa,2508,4.8493,1
a8bf54e,911,4.8466,1
4ef7abaf,4362,4.8493,1
2a9ef3a0,5184,4.8493,1
64787c37,2024,4.8493,1
4f23cbf5,7912,4.8493,1
421423e7,7341,4.8493,1
5ea8ab76,8043,4.8493,1
5f10dd49,5481,4.8493,1
5064dac4,3463,4.8493,1
ae47260,2146,4.8493,1
793d1a40,4439,4.8493,1
2463f534,4664,4.8466,1
73ecebc8,10758,4.8493,1
7d408e64,1315,4.8493,1
549e84de,11039,4.8493,1
45606b17,11014,4.8466,1
7e11ecda,1750,4.8493,1
7568e2d0,3281,4.8493,1
10313b2d,10651,4.8521,1
75b7ed2,8466,4.8493,1
21f41a62,3602,4.8493,1
27c3b293,3058,4.8521,1
613d5daf,10075,4.8521,1
10bb0a6e,8492,4.8521,1
4cca4b45,2518,4.8521,1
76a72f65,1898,4.8521,1
43934f4,6118,4.8521,1
7d7cc43b,8219,4.8493,1
1566d989,8072,4.8521,1
355c4980,8421,4.8493,1
2b52bc0d,1946,4.8521,1
64417205,2519,4.8521,1
725503ce,2060,4.8438,1
7f073faa,1795,4.8521,1
768f91fe,10136,4.8521,1
28c06983,5546,4.8521,1
57f2944,5070,4.8466,1
164c1a42,609,4.8521,1
79f283d4,4623,4.8521,1
1ae1eeab,4445,4.8521,1
3f4e092f,4105,4.8521,1
1469e334,10348,4.8521,1
620175f1,3138,4.8521,1
2da8ab92,6103,4.8521,1
f80a646,659,4.8438,1
4048c1e8,10431,4.8466,1
512f10c7,6164,4.8521,1
1b63fa96,620,4.8521,1
7224aaf6,3043,4.8466,1
781c9062,4770,4.8493,1
77bef84d,13860,4.8493,1
7e5d5908,4487,4.8521,1
2457c359,10935,4.8521,1
1b6b7620,4915,4.8521,1
7aeeab1f,8471,4.8521,1
2d4acdae,2474,4.8521,1
3149c7e5,1600,4.8548,1
25484ddd,5044,4.8438,1
53ad7506,10947,4.8548,1
4f29ec66,5308,4.8521,1
4c84c5c,9939,4.8548,1
9f2b29e,5646,4.8548,1
2af1bc38,11207,4.8548,1
512d3375,7409,4.8521,1
2e24a05a,5132,4.8493,1
49e526e6,2638,4.8548,1
6ed2539e,11001,4.8548,1
565c63aa,5471,4.8548,1
685f0d49,2529,4.8521,1
5d712f4b,6459,4.8521,1
3d43f015,529,4.8493,1
41711a80,5062,4.8521,1
4cb703d5,1339,4.8548,1
74056037,927,4.8548,1
205a128b,3173,4.8521,1
19fd88a8,5456,4.8548,1
2bb8dcd,10597,4.8548,1
4bd73200,7897,4.8548,1
148cf795,691,4.8548,1
64b261c5,3355,4.8548,1
5e2d56f5,4965,4.8493,1
66665c19,6203,4.8548,1
3ab95d7b,6267,4.8521,1
214ebf3f,1222,4.8521,1
488c3f1e,8171,4.8548,1
3b4f49c5,10544,4.8548,1
4c04bb20,13981,4.8548,1
3c26755e,8064,4.8548,1
15fbd90b,1703,4.8548,1
54bbbb10,5559,4.8548,1
3d8fd71c,988,4.8493,1
79747dad,7230,4.8548,1
709e3aa8,4748,4.8521,1
336a3490,2742,4.8548,1
5ba03d36,898,4.8548,1
38a56282,10350,4.8548,1
67f99cf2,5219,4.8548,1
816d6ad,3262,4.8548,1
3d3a0cb5,6204,4.8521,1
3cf02ac0,4344,4.8548,1
5edc577a,4440,4.8548,1
213d5428,503,4.8548,1
55775c40,6429,4.8548,1
75e95e5f,2802,4.8575,1
1f27c65c,5211,4.8575,1
18dbbbf3,3215,4.8575,1
25c02402,5178,4.8575,1
3442699b,1463,4.8493,1
199bc047,4046,4.8575,1
263f7e8d,8103,4.8548,1
2eb62dd6,2679,4.8575,1
637e4d9a,13931,4.8548,1
47ba85c3,4536,4.8493,1
e4fc8b,8305,4.8575,1
5d72210c,2729,4.8548,1
4c71a5a5,8604,4.8548,1
5ff6a575,8579,4.8575,1
78d10aa4,4568,4.8575,1
33ccc96d,3629,4.8575,1
34673ef3,2404,4.8575,1
75faf957,6064,4.8521,1
1fcd2790,1947,4.8575,1
6fb99ae7,619,4.8575,1
62a4a145,1850,4.8575,1
4036cc07,1354,4.8575,1
36319236,5285,4.8548,1
15fc48b5,14044,4.8548,1
52956dc6,10853,4.8493,1
2435d567,5134,4.8575,1
1eaf53f5,7183,4.8575,1
69e10975,4959,4.8548,1
1063b2d2,4388,4.8575,1
1a77d354,3436,4.8575,1
7e231b14,10315,4.8575,1
126bed5b,1941,4.8575,1
1f681f04,3403,4.8548,1
1210db19,8482,4.8575,1
3659477c,7896,4.8575,1
50c41118,5460,4.8575,1
b94b100,4692,4.8575,1
f8ba43b,4270,4.8575,1
67c9a861,5404,4.8575,1
17752951,7525,4.8575,1
3c3df721,13923,4.8575,1
458dfdf8,1671,4.8575,1
658caaf7,4813,4.8575,1
4fac8c87,2538,4.8575,1
712d0b82,8068,4.8575,1
5b655a62,11247,4.8575,1
5bbe98eb,6121,4.8575,1
70ddefaf,6538,4.8575,1
69b59b2d,7184,4.8575,1
18727a33,3211,4.8603,1
37a4d016,7192,4.8575,1
281be1da,14043,4.8603,1
72df294f,13875,4.8603,1
6d327b07,1860,4.8603,1
77af7fd5,5218,4.8493,1
4d55cb,4243,4.8575,1
330a1a49,7364,4.8548,1
7e59ec86,4350,4.8603,1
49cf758a,1456,4.8603,1
5e62bb1c,8077,4.8603,1
4592eab1,5321,4.8603,1
2f9b1cc5,5470,4.8603,1
63ea1141,10081,4.8603,1
1e17f86c,7545,4.8603,1
2cc6ad01,2555,4.8521,1
447d9ae3,5549,4.8603,1
7e530d4a,6431,4.8575,1
9d94b71,4921,4.8548,1
189572c4,3641,4.8548,1
282c16be,2144,4.8575,1
319b081f,10248,4.8603,1
1f6de221,11212,4.8603,1
57447a3b,10385,4.8603,1
14853161,4208,4.8603,1
5cd44ca9,1643,4.8603,1
35667cdc,5346,4.8603,1
41875de9,4194,4.8575,1
1b9db79f,7161,4.8603,1
7cb47281,10546,4.8603,1
27bd8ba,1632,4.8603,1
47dd4b5,1080,4.8603,1
7feea9c6,2934,4.8493,1
2091ecc0,987,4.8603,1
7c734e60,7407,4.8603,1
6eeee3e1,6303,4.863,1
1641f527,2471,4.863,1
5611ac1e,1711,4.863,1
1c6bceb0,6224,4.8575,1
33b3c611,3416,4.8603,1
55d59e49,8678,4.863,1
4c24a119,5092,4.8603,1
ef8e863,4295,4.8603,1
235624e3,5348,4.863,1
5a08d116,4703,4.863,1
33cd9f27,3141,4.863,1
7abfc2cd,2739,4.8603,1
685c8045,1604,4.863,1
74c07c39,11037,4.8603,1
2b2bf121,2916,4.863,1
2f06f723,1948,4.8575,1
2354142e,2136,4.863,1
548295c9,5221,4.863,1
24136c1a,2014,4.8603,1
2054c481,11254,4.8603,1
38739047,7253,4.8603,1
3b851603,2565,4.863,1
7be9f067,8742,4.863,1
7d1f5357,4790,4.863,1
4b9d970,10587,4.863,1
529026e5,11271,4.863,1
59ca051b,7498,4.863,1
74f7f91d,3330,4.863,1
6135e74c,5027,4.863,1
4a6c352f,4758,4.863,1
7eb28ecd,4985,4.8603,1
79b0efa7,11208,4.863,1
705bcf57,7194,4.8575,1
5b35593e,5550,4.863,1
311b7073,1710,4.8603,1
6d37c696,10322,4.8575,1
366f414e,1626,4.863,1
4fa87c20,4457,4.863,1
3e19f914,4515,4.8658,1
61a733f5,3423,4.8658,1
18a2838a,989,4.8658,1
7bb4a53d,1818,4.8658,1
446ce4b5,2225,4.8658,1
27f866c7,11106,4.8658,1
10aa7a56,7157,4.8658,1
42c271a3,8362,4.863,1
7a5808d8,1007,4.8658,1
654f286d,7321,4.8658,1
769d32cf,13864,4.8658,1
2e7d8f72,4401,4.8658,1
6d463821,8578,4.863,1
3d76f7fd,4070,4.8658,1
15f8284f,7200,4.8658,1
57e2e399,4447,4.8658,1
5665c203,8673,4.8658,1
48f6b8e0,7965,4.8658,1
a32b893,7488,4.8658,1
2e43ce15,7348,4.863,1
56e90ec4,5000,4.8658,1
16d7d1ab,2227,4.8658,1
6b9b4a29,10721,4.8658,1
2a1b75db,11248,4.8658,1
74f281e9,4100,4.8603,1
6a733e9d,1039,4.863,1
4201e0f1,7289,4.863,1
78b5523d,518,4.8658,1
24882ccb,3499,4.8658,1
c349be8,10616,4.8658,1
73fa209a,3187,4.8658,1
13e71ac5,10747,4.8658,1
609359f2,3002,4.8658,1
2dd83b79,10024,4.863,1
f8430a8,849,4.8658,1
241e22af,14060,4.8658,1
598af47e,5200,4.8658,1
5eb8b317,10270,4.863,1
3257584a,10778,4.8658,1
1cf82fd8,5513,4.8658,1
49266db2,2062,4.8658,1
712406eb,8498,4.8658,1
521d4f8a,10501,4.863,1
5a00d88b,6416,4.8658,1
7dbaafc,3212,4.8658,1
7dea0c48,4687,4.8658,1
45336d60,2080,4.863,1
192b21cd,1748,4.8658,1
43fdf45e,10311,4.8658,1
6ed82825,4249,4.8658,1
278bd312,4263,4.8658,1
305e10f3,2670,4.8658,1
70bb6a7c,6393,4.8685,1
5cc83f31,3657,4.8685,1
a187fb1,4984,4.8658,1
1a788cd5,10775,4.8685,1
73fead8d,4444,4.8685,1
3367e289,935,4.8685,1
18249613,5307,4.8685,1
5081391,934,4.8685,1
39c4478,8570,4.8685,1
f639d28,10989,4.8658,1
78606716,3445,4.8685,1
33cb16d9,10456,4.8685,1
761a0faa,7210,4.8685,1
17442a95,2787,4.8685,1
45d7f88,2767,4.8685,1
6fcbcc04,2490,4.8685,1
66f5c6e0,1010,4.8685,1
498af908,1675,4.8685,1
7fac622e,14036,4.863,1
17e53a6d,7304,4.8685,1
1062f36c,6167,4.8685,1
21f8b688,615,4.8685,1
3fa44906,7302,4.8685,1
32b0d08a,5019,4.8685,1
1f8b6122,3460,4.8685,1
2305e1ce,3127,4.8658,1
24fb8f51,2212,4.8685,1
405331b0,868,4.8685,1
5da2bcc5,4998,4.8658,1
39fcf46,10211,4.8658,1
51a53d2e,1331,4.8603,1
336065d6,2246,4.8685,1
29dca14c,4278,4.8658,1
705bcb76,3051,4.8685,1
38d7152c,2375,4.8685,1
40630355,2090,4.8685,1
c791cd4,4951,4.8685,1
22d77656,5405,4.8685,1
22a97955,2428,4.8685,1
636933db,3385,4.8685,1
7a88affe,10978,4.8685,1
3e5383c7,2120,4.8685,1
27af279d,10285,4.863,1
4ea581ec,7155,4.8712,1
716d3099,2721,4.8712,1
5382d8c8,3241,4.8712,1
600008a2,8467,4.8685,1
dcf8eea,4627,4.8712,1
6f87d45e,1911,4.8685,1
77f6c8cf,10598,4.8712,1
62c53a95,6298,4.8685,1
101e1a1c,7354,4.8712,1
6d31e70,2595,4.8712,1
32f70a61,8315,4.8575,1
43be7a0b,1990,4.8712,1
5a672e7d,4681,4.8712,1
3e5cc816,3179,4.8685,1
498225e0,8394,4.8712,1
12ca7306,3184,4.8685,1
533b7120,10079,4.8712,1
5995dd24,3272,4.8685,1
694b9a3f,1198,4.8712,1
28589653,7232,4.8712,1
20624009,1173,4.8712,1
57e9c5dc,1960,4.8712,1
62c6277c,2292,4.8685,1
3f238171,7567,4.8712,1
2c7ae96,6104,4.8712,1
549f5727,5045,4.8685,1
e40cf79,1038,4.8712,1
3c10a4b0,7901,4.8712,1
254e41cb,5118,4.8712,1
76e06fd9,2953,4.863,1
7ed34d7b,307,4.8712,1
60ee2b4b,1796,4.8712,1
b7a64d9,5350,4.8712,1
475f4335,5310,4.8712,1
10c8120c,1872,4.8712,1
65a3396b,4306,4.8685,1
17f1831,1757,4.8712,1
5ddd8036,3065,4.8712,1
3c84b5c0,2646,4.8712,1
828f4fc,8226,4.8685,1
6c0c882e,8070,4.8712,1
10188ca5,1041,4.8712,1
531937f3,8436,4.8685,1
695fa007,2467,4.8712,1
70ec2259,2094,4.874,1
78a99992,10675,4.874,1
2c004f86,5580,4.8712,1
384b9d99,2513,4.874,1
498f0185,13924,4.874,1
29a49e23,5097,4.8685,1
1df5e78c,6074,4.874,1
3327f7cb,1543,4.874,1
2ddfb533,8340,4.8712,1
57640363,13982,4.8712,1
5abcca2a,322,4.874,1
68478f76,10990,4.874,1
64d2b41a,3497,4.874,1
135adcf8,3205,4.874,1
2f0bb923,5318,4.874,1
3534ce49,11105,4.874,1
7b63bf8b,11267,4.874,1
ae0a699,9956,4.874,1
3e532a2a,7993,4.8712,1
6ffb6642,1083,4.874,1
4f181621,10445,4.8712,1
3ee4f6fc,10635,4.874,1
3da86c40,9968,4.874,1
2c32dfae,5180,4.874,1
5b510399,2946,4.874,1
1b2f3e59,5362,4.874,1
1cb2bc0b,5110,4.874,1
540aa204,5022,4.8712,1
9f5cf20,2330,4.874,1
5bac1fba,4090,4.874,1
2598b2e3,10294,4.874,1
67209d67,4559,4.874,1
76862002,10284,4.8712,1
779da654,711,4.874,1
639217a5,2757,4.874,1
4cf726d2,2464,4.874,1
2bd2cff8,6220,4.874,1
2c989a05,8125,4.8712,1
6bd939a4,3192,4.8767,1
716c9d8d,10931,4.8767,1
5706902e,7617,4.8767,1
30b1e621,4846,4.8767,1
4d8e4c4,8106,4.874,1
6cf81ee8,2289,4.874,1
4e4e1eca,4246,4.8712,1
5bdb727b,2220,4.8767,1
18e65300,11002,4.874,1
344501aa,7454,4.8767,1
415c00bf,4054,4.874,1
a43e1a6,13925,4.8767,1
a0b023f,1641,4.8767,1
205f2e2d,8572,4.8767,1
18a6de2b,2826,4.8767,1
3c8b33dd,11268,4.8767,1
29d0bb3b,7393,4.8767,1
7b984ec4,2630,4.8767,1
226f39dc,11101,4.8767,1
479ff397,10281,4.874,1
6bba813c,1444,4.8767,1
526d1ce1,5433,4.874,1
9977ea9,7352,4.8767,1
31ac2747,4310,4.874,1
e20e32f,6266,4.8767,1
36ef143d,13871,4.8767,1
f48f8df,4910,4.8767,1
2714f320,6214,4.8767,1
3324cffa,10645,4.8767,1
5ba4bed8,5497,4.8767,1
7e0a4986,1752,4.8712,1
34106c1e,10525,4.874,1
7eb1fee8,10687,4.8658,1
793fc13c,5394,4.8767,1
b6d3176,4545,4.8767,1
6403e03,11206,4.8767,1
5606b793,4389,4.8712,1
5fb60fe7,2633,4.874,1
36d9abe7,4078,4.8767,1
6871e893,5064,4.874,1
6fc663b8,2253,4.874,1
c9febfc,6462,4.8767,1
63b914bf,5337,4.8767,1
4eb4d2b,8437,4.8685,1
218eec00,4188,4.8767,1
58ec25ad,5510,4.8767,1
2bdfe547,9945,4.8795,1
e8006f,1274,4.8795,1
4773da07,6249,4.8767,1
5eb4874c,4049,4.8795,1
674c007a,4157,4.8795,1
7d2ec176,2572,4.8795,1
1915d2ed,7555,4.8795,1
e7e6020,929,4.8795,1
33ed2409,4498,4.8712,1
73c6b163,3571,4.8795,1
9b2c6b0,2228,4.8795,1
51b8e790,5492,4.8795,1
e6b9fd9,11095,4.874,1
3a566279,10139,4.874,1
efa582c,11241,4.8795,1
546df896,6093,4.8795,1
637b5a65,2675,4.8795,1
12e616d1,7286,4.8795,1
dfec57b,13901,4.8795,1
5119c7d0,10076,4.8795,1
7d7c3121,2562,4.8712,1
6a8b3c2d,2500,4.8795,1
4879ef33,8235,4.8795,1
33572e5a,594,4.8767,1
2c6f58a7,1926,4.8767,1
1fb67353,626,4.8795,1
183107e1,2380,4.8795,1
121ecf43,4196,4.8767,1
1acb4cbf,610,4.8795,1
446217c7,10417,4.8767,1
68e2d8f3,2678,4.8767,1
78fcc401,5161,4.8795,1
1cfc688a,2400,4.8795,1
487488fd,2571,4.8795,1
36aff440,8318,4.8658,1
1aa4fe87,8302,4.8767,1
286de258,14064,4.8795,1
57aa67e7,5272,4.8795,1
7d9c322d,10918,4.8795,1
3bf53e8f,10408,4.8795,1
72b1c045,4839,4.8795,1
41d2cdc0,8712,4.8822,1
7c93c37a,4378,4.8822,1
35899369,2752,4.8822,1
31185f60,4871,4.8822,1
238b1e8a,1712,4.8795,1
5fc45156,8191,4.8822,1
26af931c,2553,4.8795,1
55bf2bf6,3372,4.8822,1
2e3b0085,1753,4.8822,1
5308aaf5,4704,4.8822,1
965e4fb,10711,4.8822,1
1a754ca,6111,4.8822,1
25a99eba,13987,4.8822,1
53608da2,2216,4.8822,1
4529ca39,8105,4.8822,1
15a8fce0,5581,4.8795,1
634dac5b,4513,4.8795,1
a78a2c6,13978,4.8822,1
5da223b6,1984,4.8822,1
56515239,4666,4.8822,1
58f013dc,4877,4.8795,1
17d1e496,1098,4.8822,1
5b22ca49,6109,4.8822,1
745302af,5301,4.8822,1
7be9b8e,3291,4.8795,1
5f080656,7497,4.8822,1
4765bc75,13869,4.8767,1
18385cdb,10438,4.8822,1
a584652,6106,4.8822,1
79c9ce7c,2539,4.8795,1
7d8dc213,3643,4.8822,1
666c5da5,6221,4.8822,1
69d9d018,4189,4.8822,1
2e80bab2,10448,4.8767,1
3f421105,5207,4.8822,1
c80c309,4213,4.8822,1
44227e1d,5287,4.8822,1
732ff2cb,3392,4.8822,1
77aa087e,3310,4.8822,1
7d381509,13900,4.8795,1
2a3d5e25,1627,4.8795,1
26885803,7960,4.8822,1
1465d54,10849,4.8795,1
3c6b8028,7287,4.8822,1
7ce73df6,7381,4.8795,1
5b9f8e9a,1852,4.8795,1
1926a2b1,13898,4.8822,1
184b3a29,8192,4.8795,1
249aaa0,10274,4.8822,1
2b547889,10467,4.8822,1
4b5ed70b,11269,4.8822,1
e135b1b,2063,4.8822,1
4f48b282,3652,4.8822,1
4a90d186,1104,4.8822,1
47500bd2,5474,4.8822,1
7a0b6abc,5128,4.8822,1
4b47b781,1045,4.8822,1
6e543d65,8061,4.8849,1
64024e8f,1084,4.8822,1
23cbc746,14040,4.8849,1
2b11b1c9,8108,4.8849,1
353465d3,13897,4.8849,1
2341709,10626,4.8849,1
4d44ad3f,8395,4.8795,1
3bc4e42e,10728,4.8822,1
4648f5e7,11081,4.8849,1
64e63e78,3487,4.8822,1
4c3b8b52,13862,4.8822,1
ca35a8e,3635,4.8849,1
6f1bd486,1451,4.8822,1
10da3aa0,882,4.8849,1
11bc1291,5141,4.8849,1
447ceb20,4179,4.8849,1
529dbe0b,3100,4.8822,1
135391c2,7909,4.8849,1
620a21a3,4542,4.8849,1
418ce329,4727,4.8849,1
7ede70f5,8270,4.8849,1
718c336d,13983,4.8849,1
42b803c6,3057,4.8849,1
648b3513,1572,4.8795,1
41a4e99f,527,4.8849,1
69dfa8af,1749,4.8849,1
79d8f9a2,8026,4.8795,1
7bfc736c,13876,4.8822,1
4662f2ad,13942,4.8822,1
24eea502,2674,4.8822,1
795e5ceb,5500,4.8849,1
81a3d1,5001,4.8795,1
325a5d71,1571,4.8849,1
52eca01e,6399,4.8849,1
c50e903,616,4.8822,1
6cc74608,5447,4.8849,1
74382fef,3532,4.8849,1
251e4c5f,3249,4.8849,1
7b06a12c,3560,4.8822,1
1245e4b2,10690,4.8849,1
446417f4,5560,4.8822,1
33b2023f,8234,4.8849,1
71961fc0,11238,4.8849,1
26bdd919,3139,4.8877,1
32ab9904,10214,4.8877,1
23a56c83,4918,4.8849,1
1be0c908,14033,4.8795,1
7fdfa637,3003,4.8877,1
3e76ce13,4745,4.8795,1
76cbadd5,8154,4.8877,1
a6f76c4,1837,4.8877,1
6b7e928d,171,4.8877,1
69927fcb,994,4.8849,1
611c32bc,5562,4.8877,1
4a129e4f,558,4.8849,1
55e7977a,4458,4.8877,1
2ff1c62a,5023,4.8877,1
61c83791,5326,4.8849,1
2ff888ba,2724,4.8822,1
71468bec,5457,4.8877,1
18f39ef9,8612,4.8795,1
3912db5b,4868,4.8877,1
5244299b,5145,4.8877,1
1718d1d4,1582,4.8877,1
13188198,10815,4.8877,1
3cff48a3,1895,4.8849,1
7ab943e6,10156,4.8877,1
5820411d,5093,4.8877,1
16ade5cb,2448,4.8849,1
4f84b656,4614,4.8849,1
1ec35803,7255,4.8822,1
49001e02,8422,4.8849,1
2c23ead5,4771,4.8822,1
f7cfdd1,2759,4.8877,1
6520dc6e,5408,4.8877,1
61a78389,3496,4.8877,1
281e71b1,2817,4.8849,1
40e49316,7284,4.8767,1
23c4f4c8,782,4.8877,1
7e2290f2,6553,4.8849,1
56146f5b,1770,4.8904,1
256ae57e,2056,4.8904,1
4172bee6,1580,4.8877,1
459460b4,4381,4.8904,1
195d03a,1602,4.8904,1
3f7bc324,7178,4.8904,1
641efb2e,5507,4.8877,1
2fdbddf4,756,4.8822,1
5de88c64,10001,4.8877,1
3498a762,10872,4.8904,1
63e3af04,7277,4.8822,1
9b98cb1,617,4.8849,1
276211c6,621,4.8904,1
6f4eccf2,7457,4.8904,1
1e8b9892,1356,4.8904,1
719bc8b,2756,4.8849,1
428064dd,6304,4.8877,1
5b301923,7346,4.8849,1
193d45df,7648,4.8877,1
530a4f97,13971,4.8904,1
12ed6fa7,1182,4.8904,1
494f95d8,6119,4.8904,1
3a2f3293,10236,4.8904,1
3b58b4b6,10082,4.8904,1
42b1742d,1015,4.8904,1
7765c8f6,3026,4.8877,1
349dd723,10624,4.8904,1
4a9e2802,2520,4.8904,1
3f53e75f,2077,4.8904,1
3473d60,7174,4.8904,1
5a3c6786,10117,4.8904,1
c2872d,7371,4.8877,1
598be64d,1536,4.8904,1
3b27710f,5185,4.8877,1
1b1f736,8600,4.8904,1
3808b0d1,4089,4.8904,1
2c67a312,2794,4.8904,1
2c481098,6515,4.8904,1
3a241667,8044,4.8904,1
224e5a60,919,4.8932,1
5fbde8c0,7923,4.8849,1
4e53af16,777,4.8932,1
3fa40416,3585,4.8932,1
22f3aa94,4304,4.8932,1
2a549a67,5449,4.8904,1
723e79f0,7526,4.8932,1
4275749f,10237,4.8904,1
725cf1c8,2185,4.8877,1
110d48d8,3645,4.8932,1
33169970,5299,4.8932,1
545e2e98,6276,4.8932,1
2e95e767,5482,4.8932,1
2f65eabc,2750,4.8932,1
2833ecfa,8138,4.8932,1
465db243,5302,4.8904,1
3d6d69d8,7386,4.8932,1
14ff2455,618,4.8904,1
4005ae5e,2468,4.8932,1
3c420fcd,10291,4.8932,1
5ddc309d,8363,4.8932,1
3c7232f3,4528,4.8932,1
17965094,6233,4.8932,1
4163d817,10365,4.8932,1
403bc966,5450,4.8932,1
1f98364b,5469,4.8849,1
658c2305,2265,4.8932,1
291349d0,4600,4.8932,1
3af0fcc3,11276,4.8932,1
4b2e471f,4083,4.8932,1
55c0c7e5,2186,4.8904,1
51d04253,7916,4.8904,1
6c7bba4e,4781,4.8932,1
55540e61,779,4.8932,1
67804c1,8496,4.8932,1
55691c87,5186,4.8904,1
64f165ae,6505,4.8932,1
11a35857,4244,4.8932,1
573b18ae,7941,4.8932,1
4a2bbbea,4379,4.8904,1
25986b14,10146,4.8932,1
2e72fe10,5175,4.8932,1
21036d18,1573,4.8932,1
4d757e56,4546,4.8904,1
36606639,4680,4.8932,1
50c66b2a,2943,4.8932,1
69fd9d5c,10471,4.8932,1
2def3df3,4837,4.8959,1
3be43e7b,5286,4.8959,1
532c46d6,7337,4.8904,1
5b41bfc,1110,4.8959,1
a6716b,11210,4.8959,1
755d16dd,10644,4.8932,1
318d9d5f,436,4.8932,1
127fd9d9,2093,4.8877,1
37b14b91,936,4.8959,1
4af5925,4257,4.8959,1
59954b8a,4914,4.8932,1
4f8e29bd,10122,4.8959,1
54331be8,8271,4.8959,1
35c8f070,1906,4.8904,1
818d89b,10470,4.8959,1
7680cecc,2631,4.8959,1
53a028d,13917,4.8959,1
7703292a,1741,4.8959,1
3911eb51,4920,4.8959,1
271217d0,3077,4.8959,1
4917b411,7537,4.8932,1
1c6ce9d4,10930,4.8932,1
72c8c90a,4870,4.8959,1
33b8d3c5,6589,4.8959,1
4435ef61,8014,4.8904,1
30f67cca,4988,4.8959,1
4b2f0149,7903,4.8959,1
7f9b11bf,6417,4.8959,1
17ad89bb,5509,4.8904,1
1a0af998,2372,4.8932,1
5db10762,10946,4.8959,1
24bbe74e,2403,4.8932,1
6c44e139,14032,4.8959,1
30a1c8f,4980,4.8959,1
746cb702,7619,4.8959,1
62ebebc3,9958,4.8959,1
19705674,7992,4.8959,1
6c76509a,1042,4.8959,1
620a4383,4405,4.8959,1
3137d529,14048,4.8959,1
cbf953f,13885,4.8959,1
17e7a12a,4209,4.8959,1
c2a6faf,4456,4.8959,1
321b5392,1601,4.8959,1
2741fe0e,13969,4.8959,1
2850f952,5334,4.8959,1
58b6970a,7305,4.8986,1
72f283c7,2718,4.8986,1
5a6ba219,595,4.8986,1
75de4a6f,4633,4.8959,1
193c9d19,3204,4.8986,1
7fb6c942,10008,4.8932,8
29e11a,10230,4.8986,1
784ad7c7,5090,4.8904,1
2e9e927,8650,4.8986,1
29419343,3059,4.8986,1
48bf60bf,6171,4.8986,1
4bdccce1,8199,4.8986,1
867ec15,7296,4.8986,1
6586ceb2,4978,4.8959,1
5bd67205,14006,4.8959,1
1906517e,1343,4.8986,1
54eb33a8,2291,4.8932,1
797d5610,5261,4.8986,1
2adde4d3,3284,4.8986,1
1fbdd57,1583,4.8932,1
c00d8b3,10657,4.8986,1
3c224959,1420,4.8986,1
1fded2f5,6122,4.8986,1
5a6046a1,9957,4.8986,1
5ae29df,4979,4.8959,1
6e4f2e0b,7202,4.8986,1
fe1ac99,11213,4.8986,1
66c18eea,2215,4.8986,1
690b8d1b,3558,4.8986,1
3e4c89dd,10017,4.8959,8
4ad8bf1a,4845,4.8986,1
22b27f2c,1181,4.8986,1
48df57bc,10355,4.8959,1
22832693,2760,4.8986,1
78db417f,2997,4.8986,1
77740111,10377,4.9014,1
6774f04e,1886,4.9014,1
4524caf4,6534,4.9014,1
7ea8db7d,698,4.9014,1
5cdaad6e,13883,4.9014,1
bf1536d,8021,4.8986,1
5d543892,1555,4.8959,1
68614b8d,7915,4.9014,1
50aa16cf,6424,4.8986,1
7e5a0091,10249,4.9014,1
59927069,10295,4.9014,1
58793a0d,3269,4.9014,1
3aa62fac,7556,4.8959,1
4677d04d,986,4.9014,1
3aba4a59,7980,4.9014,1
70e1745f,3401,4.9014,1
60623a8e,10231,4.9014,1
61d9911c,2306,4.9014,1
6c9b0d51,4499,4.8986,1
6a8909c4,4091,4.9014,1
2097e4e,10791,4.9014,1
79b1a1dc,6460,4.9014,1
544d8e87,10522,4.9014,1
6d41cdb3,2145,4.9014,1
76287ae3,884,4.9014,1
6cc17c5d,2796,4.9014,1
3f1a8166,3292,4.9014,1
4b516818,13879,4.9014,1
73d0ee43,4976,4.8904,1
461a6db8,8674,4.9014,1
2d60d5ac,7463,4.9014,1
4620f946,1455,4.9014,1
6db179b0,11042,4.8986,1
c05f98a,3374,4.9014,1
27638013,10515,4.9014,1
531940d7,8382,4.9014,1
41f911b6,10419,4.9014,1
61bbc382,4428,4.9014,1
4251af96,4459,4.9014,1
7989dcd7,4197,4.9014,1
2e38249e,8364,4.9014,1
2ccff70f,10816,4.9014,1
707416f1,3451,4.8986,1
4a633f19,10352,4.9014,1
2e3aabbe,3030,4.9014,1
4f6c6cae,8027,4.9014,1
8e47ca,8062,4.9014,1
37564c68,2973,4.9014,1
674507ed,3214,4.9014,1
4be01eb7,4016,4.9041,1
3922a016,4354,4.9041,1
3c128e56,3446,4.9041,1
3b664831,10676,4.9014,1
73278c56,8652,4.9041,1
32651f32,2438,4.9041,1
38f92123,8479,4.8986,1
1477143a,4488,4.9041,1
453782b7,1887,4.9041,1
3c3f58dc,5096,4.9041,1
73b53631,4302,4.9014,1
2b4f15d,4648,4.9041,1
44a38ca8,8075,4.9041,1
e3cdc32,1865,4.8986,1
2e4ef3f5,7373,4.9041,1
68f1a758,7649,4.9041,1
60765897,3266,4.9041,1
322f00c9,2828,4.8986,1
173421c8,2818,4.9041,1
4e3ca980,13882,4.9041,1
2b921c78,10116,4.8986,1
61f1688b,8129,4.9014,1
78a2662f,6107,4.9041,1
577d2f1c,4345,4.9041,1
7c26fcda,725,4.9041,1
476c5efa,10389,4.8959,1
2db3d3ac,4922,4.9041,1
13081cc9,1247,4.9041,1
fa8f498,13965,4.9041,1
5883e25e,8361,4.9014,1
7d3dec3a,2082,4.9014,1
344ee39b,7278,4.9014,1
4ea06e82,7979,4.9041,1
1d9dddcb,8304,4.9041,1
72e63991,2236,4.9041,1
2ca15cda,5166,4.9041,1
5acb4d34,9976,4.9014,1
608d2c95,685,4.9041,1
4885266b,10636,4.9014,1
51c8587,4847,4.8986,1
1453ab34,4324,4.8986,1
761c736a,654,4.9041,1
76be3270,4015,4.9041,1
1769f4b2,2955,4.9041,1
499a050d,2795,4.9014,1
76b87b65,3393,4.9068,1
63aac1fb,5028,4.9068,1
63cb525d,11197,4.9068,1
6400524c,2176,4.9014,1
3c94e61a,7620,4.9068,1
9c2c1be,952,4.9041,1
3c526c64,2992,4.9068,1
5a26db90,6502,4.9068,1
419942f8,10576,4.9014,1
5ec9b444,4288,4.9068,1
71d7d2b5,2461,4.9041,1
1c532703,4353,4.9041,1
1d416d44,10591,4.9068,1
16447296,850,4.9068,1
5bc8f8e,3554,4.9068,1
4ab1a7f6,2373,4.9068,1
5c0cd8a9,8344,4.9014,1
69e9c17c,10741,4.9068,1
848f330,4254,4.9041,1
4f816bd8,10800,4.9068,1
75723b11,7400,4.9041,1
52b7f6e2,4367,4.9041,1
1d295ef7,13899,4.9041,1
59b22921,1678,4.9068,1
76751b17,4237,4.9068,1
3dfc3bb5,1640,4.9068,1
5011ca0e,2449,4.9068,1
798f81d,5109,4.9068,1
4fab22ee,2783,4.9068,1
13d6893d,1480,4.9068,1
4d4960f3,8625,4.9068,1
dd12157,8654,4.9068,1
113574a6,8682,4.9041,1
1bfbde51,4912,4.9041,1
17dee2c1,10151,4.9068,1
3c432372,5458,4.9014,1
6d55853c,1548,4.9068,1
3a0b92f1,2533,4.9068,1
3ed4d77e,2944,4.9068,1
7b188fa3,10157,4.9068,1
5e657b01,4822,4.9068,1
389fe626,622,4.9068,1
2068b96c,4043,4.9068,1
f29f65,4650,4.9068,1
1f324f55,633,4.9068,1
6a7a82c1,7524,4.9068,1
2d93e77e,2541,4.9096,1
48558879,14037,4.9096,1
45903ec1,1869,4.9068,1
7bc2d038,10446,4.9096,1
6f50fbde,5050,4.9068,1
786193dd,4446,4.8986,1
49586029,1873,4.9068,1
2d2a3f3b,10275,4.9068,1
69886a69,8097,4.9068,1
4a62470,1899,4.9068,1
e7545e5,10476,4.9068,1
72da70f7,7410,4.9041,1
5eca7d7d,10956,4.9096,1
58ab87e7,14007,4.9096,1
71996121,8518,4.9096,1
7c460f32,4018,4.9096,1
6bd1c43,11102,4.9096,1
6d9bbd26,7353,4.9096,1
612ad1a0,5567,4.9068,1
4965871d,7164,4.9096,1
67d6d952,1144,4.9068,1
6d288ca3,2303,4.9068,1
68990b0e,7401,4.9096,1
6c892d45,2406,4.9068,1
5c4bcf7f,1596,4.9068,1
39f3f684,9940,4.9096,1
3d5d93b6,10948,4.9096,1
19925bcf,1935,4.9096,1
3cd4bebd,684,4.9041,1
3ee6ae6f,5568,4.9096,1
188728e1,2601,4.9014,1
1340541d,4826,4.9096,1
a78219e,1839,4.9096,1
1666368,1649,4.9096,1
5cfdd81,896,4.9096,1
20079385,7206,4.9096,1
31f6cb24,990,4.9123,1
7a496855,7387,4.9123,1
48862957,740,4.9123,1
54010079,1581,4.9123,1
53294e36,8561,4.9123,1
27e7b70f,8383,4.9096,1
62939fc6,3129,4.9096,1
1b26ce52,4368,4.9096,1
1265ebc,7256,4.9123,1
47780787,1145,4.9068,1
4e539788,7940,4.9096,1
5eb9a9a0,6172,4.9096,1
2e659c0f,2747,4.9096,1
5769c981,10817,4.9123,1
202a701e,1533,4.9123,1
1bdc171c,1825,4.9123,1
d537e17,1131,4.9123,1
14d2213d,10919,4.9123,1
46d59471,3104,4.9123,1
a900405,14026,4.9068,1
1977485e,663,4.9096,1
52a0efd9,5101,4.9123,1
6aae71ee,3495,4.9068,1
7c9b096a,5177,4.9123,1
76219ad0,4872,4.9123,1
10dce594,1861,4.9123,1
7d53069,8256,4.9123,1
2078be,953,4.9096,1
307ae23d,10907,4.9123,1
553719f2,10468,4.9096,1
474e428c,3459,4.9123,1
4c8f33bb,7408,4.9123,1
68fba319,4801,4.8986,1
127643cc,5268,4.9123,1
7f6330f9,7921,4.9123,1
4ac4d645,9946,4.9123,1
7f92576f,2975,4.9096,1
5f5a0372,8074,4.9096,1
39581498,10447,4.9096,1
d6c2ebf,10009,4.9123,8
55428b08,4250,4.9151,1
380697e0,8214,4.9151,1
70f848eb,3263,4.9151,1
37c85201,8276,4.9123,1
4e4d7cb4,4019,4.9151,1
f96a4be,5461,4.9151,1
472f0612,4155,4.9096,1
3a39b3b,10485,4.9151,1
768e9914,1870,4.9151,1
5303e3ad,10256,4.9151,1
698a0e27,1840,4.9096,1
6ae7315d,5370,4.9151,1
76ef3a6e,1764,4.9123,1
74ab4b9e,1961,4.9151,1
38f9d02d,2528,4.9151,1
6fa6c180,10672,4.9123,1
13b1a23,676,4.9096,1
e086c20,10288,4.9151,1
20d121c4,1928,4.9123,1
41c05801,2710,4.9151,1
76f56974,10871,4.9151,1
565fe54b,7644,4.9123,1
336b82c9,4729,4.9123,1
33c667a0,8150,4.9151,1
f6c17a1,1821,4.9151,1
42481300,7913,4.9151,1
6b3ec58c,2917,4.9151,1
4262101d,1760,4.9151,1
2ddcc6ef,13972,4.9123,1
2f0e1047,2977,4.9123,1
424c6d8,4106,4.9123,1
11521669,8571,4.9151,1
3201b28f,2618,4.9151,1
2a0d2493,7647,4.9151,1
6031be2a,2974,4.9151,1
2b91e77d,2266,4.9151,1
74c24660,7459,4.9151,1
4be807bd,1927,4.9151,1
26a120f7,10643,4.9151,1
59d305bf,4376,4.9123,1
26c52004,6175,4.9123,1
61b98776,8139,4.9151,1
43b9844c,3149,4.9151,1
2cb91ae,3216,4.9151,1
64dc26d1,10015,4.9151,8
6f020018,3584,4.9151,1
6048d8fc,664,4.9178,1
3e5073ba,5181,4.9178,1
7bc4ebf4,6077,4.9151,1
71e0ce81,11239,4.9178,1
3bbf300f,4730,4.9151,1
4442f5a0,10659,4.9178,1
62eb5aec,3507,4.9178,1
261e518b,1005,4.9151,1
46b0808a,2279,4.9178,1
5f9b28a8,2662,4.9178,1
1d66541c,7418,4.9151,1
4e5a5de5,4776,4.9151,1
76de52f8,1771,4.9068,1
42ea791a,7513,4.9178,1
7086fae3,5352,4.9151,1
79f3d6d6,4983,4.9178,1
5fef865b,5371,4.9178,1
43c65d36,14058,4.9178,1
478b8e24,8401,4.9178,1
9d35d4,3508,4.9178,1
23e3b6c2,8209,4.9178,1
52bd6065,3282,4.9178,1
495c2eb8,5353,4.9151,1
208691d2,10870,4.9151,1
1e6d66a6,5098,4.9178,1
4d12f175,4591,4.9151,1
27ea8346,7645,4.9178,1
feb50ed,2656,4.9178,1
1bf748c3,4104,4.9178,1
7c13bf22,937,4.9151,1
6e5a554d,4941,4.9123,1
1d591b73,14017,4.9178,1
4cc8c8d5,7179,4.9178,1
155d8c50,2681,4.9178,1
59253f16,8306,4.9178,1
48e05c0d,2816,4.9178,1
6970b482,7173,4.9178,1
553c74dc,10002,4.9151,8
eb6f8b,6215,4.9178,1
6e5a1393,1920,4.9178,1
4f3e9795,11147,4.9205,1
4aa14baf,8215,4.9205,1
269922dd,10304,4.9178,1
10352846,4649,4.9205,1
52baa678,7229,4.9178,1
5e2cd499,10968,4.9205,1
4b798afc,10155,4.9178,1
b455c0f,10232,4.9178,1
2002605a,4450,4.9205,1
64251870,1189,4.9205,1
252bf0d9,5313,4.9178,1
5deb6baa,669,4.9205,1
5ac22481,2262,4.9151,1
7b46aef2,6588,4.9205,1
3f8c5d41,10630,4.9205,1
376cdf72,8316,4.9205,1
31dc440e,8731,4.9205,1
4f913c47,4085,4.9205,1
7a719898,5547,4.9178,1
45a9aef0,8236,4.9205,1
340e881a,4017,4.9205,1
489d6d8b,5383,4.9205,1
3be0ec18,8022,4.9205,1
356ff605,7512,4.9178,1
654846a6,607,4.9151,1
118224f,10152,4.9151,1
36e78235,4754,4.9205,1
11c2a911,8254,4.9178,1
40246929,7518,4.9233,1
aa776f,1018,4.9178,1
27f06caa,10166,4.9233,1
2d0ca44b,8319,4.9233,1
231a131c,10642,4.9178,1
22cb23f8,13873,4.9205,1
4e02fde2,2370,4.9233,1
1dc0fa42,10652,4.9233,1
3971506c,3370,4.9205,1
719785f5,4068,4.9233,1
28a39bc8,6124,4.9205,1
32ab6674,4166,4.9233,1
1eaa27d,4948,4.9233,1
4c1f2798,3533,4.9233,1
78569808,1868,4.9205,1
11a7d9b0,4989,4.9233,1
458a78b3,2644,4.9233,1
709cb47d,7994,4.9205,1
3c46f4be,3293,4.9233,1
4e7b024,2979,4.9233,1
1383c0df,3594,4.9233,1
5da7dfc,8153,4.9178,1
5957aa24,9977,4.9233,1
10700e66,10450,4.9233,1
1b98ebd2,3265,4.9205,1
16905546,951,4.9233,1
40f3eff5,10671,4.9233,1
5060cab3,10099,4.9233,1
71479779,10843,4.9233,1
c7a7d16,1445,4.926,1
4ebad920,2628,4.926,1
1e3bd9c6,2567,4.926,1
185433ba,5135,4.926,1
7331ab3a,2978,4.926,1
1e03aff5,10335,4.9205,1
4787eb02,1826,4.926,1
11e49413,9997,4.926,1
4e29d9f4,6581,4.926,1
77d9ea68,2307,4.926,1
59ea8d45,10158,4.926,9
ffed06a,7366,4.926,1
3a0f998a,4137,4.926,1
3a691146,8195,4.926,1
4cba12f0,8131,4.9151,1
2db36c9,2254,4.926,1
7b5fcb78,11204,4.9178,1
3d5ade50,1117,4.926,1
4fcb1b9c,2993,4.926,1
147d01d2,8657,4.926,1
117c1c2e,1942,4.926,1
7a3ff80f,6547,4.926,1
6d3f1b2f,3653,4.9205,1
1130f4cb,5025,4.926,1
2d118fe5,2257,4.926,1
60dc07af,13890,4.9233,1
65a6743b,4360,4.926,1
70d5edc3,4460,4.926,1
66d5d9be,4943,4.926,1
66b45bb4,8322,4.9233,1
ed28a44,4477,4.9178,1
6f01a4cf,9955,4.9233,1
275198b8,5472,4.926,1
63fc0e1d,10420,4.926,1
7ce1c4c3,2918,4.926,1
1ea4304c,7460,4.9288,1
359bff78,1485,4.9288,1
36148330,10056,4.9288,1
44a18eed,2177,4.9288,1
7bb8e065,8691,4.9288,1
11b2a055,1534,4.9288,1
3adbc50,1925,4.9288,1
4bb39c2e,10334,4.9288,1
7184cd7,7559,4.926,1
1ceaef38,8078,4.9288,1
7734e6f5,10634,4.9233,1
7380504e,7228,4.926,1
6aaf3cd3,10731,4.9288,1
1d212d52,13894,4.9288,1
4aa48034,14016,4.9288,1
1a77c4db,11020,4.9288,1
6b04f5fb,7536,4.9288,1
7fdb1e74,8052,4.9288,1
53e243fd,699,4.9288,1
79fee10d,6159,4.9288,1
1110949b,10282,4.9233,1
3565db7e,4843,4.9288,1
79025b04,2280,4.926,1
3d1ec88e,7924,4.926,1
4f07a0c2,7928,4.9288,1
5e8dd2ee,5111,4.9288,1
4bac21e8,5369,4.9288,1
71c30972,1929,4.926,1
5009adc8,2405,4.9288,1
512192fe,13995,4.9288,1
6f838432,1794,4.9288,1
391783c2,7432,4.926,1
3a552331,8263,4.9288,1
b12a99d,6463,4.926,1
305c45af,7946,4.9288,1
211b6a76,4529,4.9288,1
3ce1f470,5475,4.9288,1
4797d8fc,2048,4.9315,1
5957dfd2,6510,4.9288,1
23654654,8580,4.9315,1
1014743c,4478,4.9315,1
693d1efa,8345,4.9315,1
e73f540,10502,4.9315,1
629aff7c,3563,4.9288,1
72d553c,4276,4.926,1
342b6471,1004,4.9288,1
356066c0,8582,4.9315,1
24a85cd9,1453,4.9288,1
49c179c5,1192,4.9315,1
26a69460,2910,4.9288,1
4a532120,1642,4.9315,1
75274c6a,5031,4.9315,1
20f7cfe2,1111,4.9288,1
76ee6857,3066,4.9315,1
34a3381e,10536,4.926,1
26b4af7e,2598,4.9315,1
357dd8a,3471,4.9315,1
6feb167,7233,4.9315,1
2bb00a6e,1344,4.9288,1
28fc8f39,2599,4.926,1
157abc21,2942,4.9315,1
667c4260,6087,4.9315,1
4db4d7bb,5063,4.9342,1
34dbce3,3452,4.9315,1
1fd1c73,7290,4.9342,1
41a623d9,4489,4.9342,1
454d06cf,5541,4.9342,1
2eaf18d2,3394,4.9342,1
47d887f0,5296,4.9342,1
3710dc39,7297,4.9315,1
2e305f81,6436,4.9315,1
1ac6df6a,6095,4.9342,1
6461f6b7,10845,4.9288,1
4cf92d68,2576,4.9342,1
c7de36e,4572,4.9342,1
4f9dd400,5402,4.926,1
7edd38de,1921,4.9342,1
524c95e0,8203,4.9315,1
57db60ac,5269,4.9342,1
b18a868,7414,4.9315,1
1bea7869,10588,4.9342,1
76478383,4173,4.9342,1
777bf6eb,4321,4.9342,1
614b4e5d,4667,4.9342,1
579e2401,10093,4.9342,1
5bcce05e,14015,4.9342,1
115d2b3f,3082,4.9342,1
2adfa6ef,3545,4.9342,1
c473199,3064,4.9315,1
30b5ee5f,10003,4.9342,8
48c93fa5,897,4.9315,1
1ff6008d,10967,4.9315,1
2a082113,3582,4.9288,1
3550e51b,13863,4.9342,1
3465c003,10120,4.9342,1
481cd967,883,4.9342,1
1bb85c6a,1842,4.9342,1
59b5d26e,8537,4.9342,1
7053e6b7,13936,4.9342,1
4299bd9b,10016,4.9342,8
58e60813,10572,4.9342,1
49751043,10969,4.937,1
1645469,877,4.9342,1
6e6d7cac,3531,4.937,1
6197719f,5284,4.9342,1
9594b2e,7590,4.9315,1
2a3d9170,3079,4.937,1
2f301087,2602,4.9342,1
75f18777,1194,4.937,1
3632a2dc,4216,4.937,1
70c2037b,3500,4.937,1
5fd991cc,5643,4.9342,1
266a7f7f,10143,4.9315,1
5ed0d2c,2064,4.937,1
52d92137,10077,4.9342,1
2fe54c8,7966,4.937,1
65540f31,4685,4.9315,1
7610a5a6,5531,4.937,1
374bd9c,8054,4.937,1
6e9d44b3,10078,4.937,1
2b75f3d6,5476,4.937,1
27c6e322,7177,4.937,1
58bb5e8b,5099,4.937,1
570e7b9c,2188,4.937,1
7e05805d,8065,4.937,1
5f7957cd,5214,4.937,1
7ab9fbf2,11074,4.937,1
7ed64c30,3386,4.937,1
31ff3b74,3375,4.937,1
7c9b0a67,4800,4.937,1
2e4e6ac1,13889,4.937,1
1b1d7291,8303,4.937,1
6b7c4964,4390,4.9397,1
57661a0e,1730,4.9397,1
730aeab7,5396,4.9397,1
2ecf8e75,10909,4.937,1
5e36f8c7,2950,4.9397,1
2cf670c7,8470,4.9315,1
39e72f65,8688,4.9397,1
6b0b195a,1988,4.937,1
51d6e63a,10526,4.9397,1
1d1c25bc,5071,4.937,1
4ff2ac4c,3464,4.9397,1
5c467497,3457,4.9397,1
26eb85b5,172,4.9397,1
26771a0a,8689,4.9397,1
5a3aeabd,10971,4.9397,1
695d3652,8671,4.9397,1
107d4b,8438,4.9397,1
7a4c56fc,4262,4.9397,1
6475b4f5,2530,4.9397,1
3f59e514,1952,4.9397,1
44a627ab,5129,4.9397,1
6997c5c4,7376,4.9342,1
6c09bee1,3108,4.9397,1
71f02963,5363,4.9397,1
d6ce1de,10957,4.9397,1
74eaee2a,8237,4.9397,1
3d713e5e,4615,4.9425,1
6a1f75d1,5395,4.9425,1
16b22ca8,6237,4.9425,1
4b4030c5,2808,4.9425,1
68780c39,8204,4.9425,1
5ccf4ca6,6112,4.9397,1
4def0b13,8277,4.9425,1
2225e94f,14038,4.9397,1
7e3cc73,1645,4.9425,1
2ce7623d,4879,4.9425,1
2f521172,2991,4.9425,1
9ded242,10313,4.9425,1
3cdce7f9,4180,4.9425,1
25453445,4355,4.9425,1
1aa3681e,10857,4.9397,1
6590e5ca,2469,4.9425,1
73eea735,3294,4.9425,1
3ea825ae,10336,4.9425,1
7892ec92,10504,4.9425,1
3243c922,4248,4.9397,1
33a1a4ec,611,4.9425,1
36218eeb,10292,4.9397,1
106edffd,14008,4.9425,1
51fdb9e7,4409,4.9425,1
2e876323,4651,4.9425,1
221a508,583,4.9425,1
3c19e764,8307,4.9425,1
974381,2647,4.9425,1
159ca6cb,656,4.9425,1
1a9a5895,6439,4.9425,1
2082c4a3,4352,4.9425,1
69cbae65,6146,4.9397,1
53fa7396,4064,4.9425,1
23202ddc,3207,4.9425,1
6b3687dd,11019,4.9452,1
5f3ab458,3061,4.9425,1
5fdc0aea,10449,4.9452,1
1c1a6eec,7435,4.9425,1
2fd79f29,3339,4.9397,1
7db08200,10421,4.9452,1
2267ea04,7349,4.9452,1
28f51264,4201,4.9452,1
17c1d6ca,6385,4.9452,1
6e98f6b0,4055,4.9452,1
733216ad,10391,4.9452,1
73544c9d,10656,4.9425,1
6a3ab3bb,8217,4.9452,1
433ee53a,6578,4.9425,1
205a148e,4950,4.9425,1
71bb94bc,4851,4.9452,1
4ea3565b,2255,4.9452,1
7a006d80,5066,4.9452,1
a8ef82a,2472,4.9425,1
273d93b3,10606,4.9452,1
73f81881,10757,4.9397,1
aed1713,1146,4.9452,1
77dff1cc,1862,4.9452,1
3c34548f,10730,4.9452,1
fbb7f98,4944,4.9452,1
6d8cb4f3,8087,4.9425,1
6555691f,4606,4.9452,1
d0b7d95,957,4.9452,1
7b5bd916,4607,4.9479,1
2f483e5a,10361,4.9479,1
27eb2c6c,5270,4.9479,1
6938a41f,10159,4.9479,1
4c8e4347,4558,4.9425,1
22da0e62,4335,4.9479,1
5c2cce19,6234,4.9479,1
701881df,2041,4.9479,1
4e3260e0,995,4.9452,1
3c69ce5a,2298,4.9425,1
60f93c8,5041,4.9452,1
32adfcaf,8227,4.9479,1
460126bd,8577,4.9452,1
6fc5bf7a,10625,4.9479,1
1daca7c6,2419,4.9479,1
6747f668,1454,4.9479,1
6cec42ec,10027,4.9452,1
3ad226ab,1976,4.9479,1
782e70e4,10148,4.9479,1
446ab0,6155,4.9479,1
58682866,4274,4.9479,1
7324aabe,2293,4.9479,1
78065d6e,6216,4.9479,1
5b34b934,8373,4.9479,1
14a1b298,10873,4.9479,1
5e86704f,3498,4.9479,1
20058fb2,8239,4.9479,1
6b51e5e2,5100,4.9479,1
567c656f,7378,4.9507,1
4f50384a,13865,4.9479,1
22b92de7,5046,4.9507,1
2e4d4e1d,10673,4.9507,1
1b2f11a6,11032,4.9507,1
55f3f8e1,6479,4.9452,1
2c39dbbe,680,4.9507,1
11a357f4,4942,4.9507,1
13cb0021,14063,4.9479,1
3ece21ad,6173,4.9507,1
7a37bdcf,6435,4.9507,1
1976210e,4592,4.9507,1
7d440e4e,5040,4.9479,1
1207baef,3200,4.9507,1
5308e631,8228,4.9507,1
1c8466b4,8670,4.9507,1
5b1a792e,2600,4.9507,1
73cc5d12,5136,4.9479,1
17f469fb,6506,4.9507,1
36fb570,8566,4.9507,1
67e11434,3646,4.9507,1
586f7fba,706,4.9507,1
5034be90,10712,4.9507,1
41815d49,10658,4.9425,1
2e2eb1f9,4625,4.9452,1
d1f8929,10670,4.9425,1
782a6624,1215,4.9507,1
338a177d,8483,4.9507,1
45689ef,6105,4.9507,1
325725b4,435,4.9397,1
635200b4,1784,4.9534,1
6870d98c,7995,4.9507,1
1957536a,4899,4.9479,1
32671d22,3274,4.9479,1
51b5c5ec,7208,4.9534,1
3f67caef,2304,4.9534,1
1c88026a,1326,4.9534,1
168c82d4,4203,4.9534,1
69e9af4c,1866,4.9534,1
2361c236,3195,4.9534,1
2584b31a,4695,4.9534,1
68d8202c,1059,4.9534,1
341fe40f,1647,4.9534,1
46775a7a,3466,4.9534,1
62c01e37,1180,4.9534,1
4bb09b03,4850,4.9534,1
4431e6,3073,4.9507,1
10e7388e,4624,4.9534,1
15688bfb,7917,4.9534,1
5564c8d1,2797,4.9534,1
7c9c0f1e,4313,4.9534,1
1e4f871c,10147,4.9534,1
587f602,1500,4.9534,1
2877f0c4,10010,4.9534,8
51e86f55,10307,4.9534,1
7652ea82,4407,4.9479,1
4f0fa645,14025,4.9534,1
7082bf8f,4966,4.9534,1
6c7aaa7e,2550,4.9534,1
e6fb78a,1457,4.9534,1
64f006bc,5389,4.9534,1
1c6fe3d5,3488,4.9507,1
1f1a264f,10243,4.9534,1
79744910,532,4.9534,1
40e4251a,4613,4.9534,1
3344196b,3152,4.9534,1
50d6259d,4537,4.9534,1
bb1ca5e,7651,4.9562,1
6a1ce2c7,5589,4.9479,1
3a3343f7,4065,4.9534,1
16c454a8,11287,4.9562,1
798031ae,5226,4.9562,1
6aa9db4f,5193,4.9507,1
181b19ce,10140,4.9562,1
1dfdd3a9,584,4.9534,1
10fa100b,7511,4.9534,1
680f4efb,5252,4.9534,1
32520e26,4190,4.9562,1
289aff5d,10254,4.9562,1
383afe26,14049,4.9562,1
5b89017c,2187,4.9452,1
75ed5c27,10722,4.9562,1
1bb3384e,11089,4.9562,1
9d9d555,1484,4.9534,1
44c98de3,10213,4.9562,1
7646a324,4448,4.9562,1
26b647ad,7350,4.9562,1
65d7de71,10215,4.9534,1
6724fbcd,504,4.9562,1
6e67a746,10600,4.9534,1
2090f901,10724,4.9562,1
630c31b4,4714,4.9562,1
3895e3f5,10392,4.9562,1
38734ff2,3561,4.9562,1
78c921a2,2407,4.9507,1
40fa7627,1644,4.9589,1
7f408478,5053,4.9534,1
45ec7261,712,4.9534,1
65786dd6,8473,4.9589,1
5fb6874b,2081,4.9589,1
5d359c98,3101,4.9589,1
7f9b4413,8687,4.9589,1
5f8142ae,2563,4.9589,1
4e6eae73,5002,4.9534,1
2509e42a,10495,4.9534,1
54296d4f,4841,4.9562,1
63529f05,2792,4.9562,1
71b71005,10743,4.9589,1
4a112576,7918,4.9589,1
28daf305,2083,4.9507,1
2053b0aa,8597,4.9589,1
3f8fe2fa,6568,4.9589,1
68a7a9ac,5409,4.9562,1
76f1fa36,9969,4.9589,1
4e83fe53,2267,4.9589,1
35084b0b,2921,4.9589,1
2bcf2b8d,5519,4.9589,1
8637be0,700,4.9589,1
483bc024,8505,4.9589,1
48a5f481,10144,4.9562,1
3162a35f,11109,4.9589,1
4645e66b,5264,4.9589,1
171dc619,10314,4.9589,1
11770432,3650,4.9534,1
556a2938,7382,4.9589,1
43c6e951,4628,4.9589,1
679ac22d,6545,4.9589,1
e85060b,2237,4.9589,1
a22cd0a,5314,4.9616,1
7eda317e,5047,4.9589,1
48b1fb0f,8584,4.9562,1
4fe00f22,4671,4.9616,1
737041b4,2791,4.9589,1
6973ed8b,4251,4.9616,1
75a53732,11110,4.9589,1
5adbb939,10818,4.9616,1
150d245f,10153,4.9616,1
2efc16dc,1605,4.9589,1
63e49cc0,1650,4.9562,1
24f1ffb,10867,4.9589,1
294ea65e,7211,4.9616,1
3f242b29,7898,4.9589,1
38cbfc00,11199,4.9616,1
38315f85,1537,4.9616,1
44e2bb00,1759,4.9616,1
3a72dc0,4735,4.9616,1
1d4433fe,4827,4.9616,1
2fbb9aa4,6582,4.9616,1
7ed00ee8,1843,4.9616,1
79683e18,2566,4.9616,1
42c5063a,3447,4.9616,1
35276857,7981,4.9616,1
4423f5df,1535,4.9562,1
7844f566,3501,4.9644,1
b592e70,5187,4.9644,1
7580c6bd,4880,4.9644,1
7b756a93,4888,4.9616,1
3ae2c476,3366,4.9616,1
2ed648df,7257,4.9589,1
716677a6,6566,4.9644,1
6508e169,10007,4.9616,8
338eed54,3462,4.9644,1
404870b6,4913,4.9616,1
7899bcf3,5651,4.9616,1
3e915601,2297,4.9589,1
1df86a47,8423,4.9562,1
5cc458d0,2556,4.9616,1
1eddcfa9,8130,4.9616,1
2b7e7bb6,10739,4.9644,1
5a7d756b,1635,4.9616,1
59b36352,1421,4.9644,1
6164a2b7,2299,4.9644,1
5f812a0b,5021,4.9644,1
27cfa26c,4873,4.9644,1
3fbd4416,6567,4.9644,1
571f91bb,8444,4.9644,1
66f8701e,10337,4.9644,1
24133660,4694,4.9644,1
7e153c4c,8410,4.9644,1
25d5644e,8443,4.9644,1
5e23937b,1936,4.9616,1
55ace87c,4647,4.9644,1
48347418,11303,4.9644,1
70f11a57,5421,4.9589,1
3d4d5819,4181,4.9589,1
4d6c821f,7520,4.9644,1
1a4c20a2,10058,4.9616,1
2891d49f,4138,4.9671,1
779d6578,4977,4.9644,1
504a4078,8148,4.9671,1
2ad3aa5,2040,4.9616,1
24be3343,6094,4.9671,1
26f5ee2c,8740,4.9671,1
2509690a,3521,4.9671,1
4e9a071c,8063,4.9644,1
1beb11a7,1930,4.9671,1
118a518d,10201,4.9671,1
2a59052a,4277,4.9671,1
12660878,1538,4.9644,1
7c496207,14009,4.9671,1
7dd40bf0,8713,4.9671,1
62f53875,8003,4.9671,1
66f615cf,8741,4.9671,1
21506ba5,1335,4.9671,1
3d7823f,10250,4.9644,1
34399118,1841,4.9671,1
876113e,10338,4.9671,1
7f44317a,785,4.9671,1
5deb7074,8229,4.9671,1
6212d78c,7591,4.9671,1
1a5b2b87,4970,4.9671,1
44ca0657,2065,4.9616,1
4224b66a,1991,4.9644,1
358416a4,8172,4.9671,1
16b5ca90,13922,4.9671,1
36feb715,4357,4.9671,1
4355a0fd,1646,4.9671,1
1eba09c5,13933,4.9671,1
753ab55e,1606,4.9699,1
61d6fd10,2684,4.9699,1
6a680a6,5480,4.9699,1
45a3c978,2281,4.9699,1
659304d7,10244,4.9699,1
305b7147,6546,4.9671,1
337b4b08,1719,4.9699,1
16a4e71,3131,4.9699,1
5a59af2d,5365,4.9671,1
2711bd0d,8132,4.9671,1
3e619527,5072,4.9699,1
4e5b91ec,8058,4.9699,1
1d114790,5191,4.9671,1
a26a3d8,7535,4.9699,1
20758e44,10443,4.9671,1
3233bf57,6579,4.9699,1
c84fdd7,8028,4.9699,1
25895346,8596,4.9699,1
1a8e1c4c,4086,4.9699,1
1685a6f7,2473,4.9699,1
39e37a77,672,4.9671,1
561f0d6e,6577,4.9699,1
671c6bbc,7560,4.9699,1
52ca2a17,8374,4.9699,1
3c99079d,938,4.9671,1
790ace7,1178,4.9699,1
25824ea0,8619,4.9699,1
bd85303,2657,4.9699,1
7f89080a,606,4.9644,1
7d7c6488,10582,4.9699,1
491324b1,10388,4.9726,1
6b3f1dad,4786,4.9699,1
57c8746,4490,4.9726,1
4a3cd2c9,2450,4.9726,1
335c0c6,2723,4.9671,1
34cb41f2,8066,4.9726,1
2a0d2bc7,10917,4.9699,1
68b1ed5,3130,4.9726,1
2b95dd32,5003,4.9726,1
45bfcd63,1006,4.9699,1
6af9500,2542,4.9699,1
588c4eb6,8683,4.9699,1
5d7564d8,1087,4.9726,1
669a6ec0,4356,4.9726,1
1c67f086,3489,4.9726,1
2624e442,5073,4.9699,1
508117fa,4087,4.9726,1
4fea5a75,3600,4.9671,1
65d88f44,5223,4.9699,1
4698a0b9,10141,4.9726,1
2719c225,11240,4.9644,1
479f4adc,4886,4.9699,1
1f79ab12,854,4.9699,1
3e7aa516,3279,4.9726,1
3de44708,8384,4.9726,1
1033c2,2470,4.9671,1
52e339e9,7379,4.9726,1
549ff60,6452,4.9753,1
5659de9c,10490,4.9753,1
39da74b6,8598,4.9753,1
2699a882,5493,4.9753,1
57435503,1556,4.9753,1
2e67abfb,8188,4.9726,1
4ea021a7,2920,4.9753,1
271611b0,5320,4.9726,1
6c7158ca,10725,4.9726,1
6e4fe36,7166,4.9753,1
6d529bd0,2066,4.9753,1
6c32a3e4,8076,4.9753,1
7ade9c5b,10942,4.9753,1
1c0f2cc2,3238,4.9726,1
45f33c8b,10805,4.9753,1
3d3b743b,10575,4.9753,1
444ee457,8353,4.9699,1
4afc84c1,3644,4.9699,1
2ff0d860,3467,4.9753,1
65f32445,7436,4.9753,1
498ceb09,10422,4.9753,1
7a53c233,8445,4.9753,1
54279b34,4967,4.9753,1
7dbd6a08,5364,4.9753,1
3e72a253,10599,4.9753,1
53c71215,7500,4.9726,1
37611004,1193,4.9616,1
5f77d3e7,1733,4.9753,1
490c0f2b,7549,4.9726,1
22b0eba5,7152,4.9753,1
76e5d7fe,505,4.9753,1
59843ed3,628,4.9753,1
1d6e2ec7,10390,4.9753,1
7ce73e66,2831,4.9781,1
2d3d6f9d,10908,4.9781,1
55bb0386,3296,4.9753,1
1ae69f0f,7621,4.9781,1
5900667f,2039,4.9781,1
70733757,2830,4.9781,1
1c872788,3154,4.9781,1
508e2805,3155,4.9781,1
59563e70,4318,4.9781,1
1d8b21fd,1019,4.9781,1
54fcb1ef,5403,4.9753,1
4805f51e,1900,4.9753,1
3d5ceda8,1352,4.9781,1
781ee98c,8504,4.9781,1
18c226ec,7925,4.9781,1
700f2e3a,3371,4.9726,1
7b0267f2,1648,4.9781,1
414d8a1d,10259,4.9781,1
1b260e31,4275,4.9753,1
29c16ca7,1304,4.9781,1
125aaeff,5311,4.9808,1
1bad2c70,6590,4.9781,1
361d407a,506,4.9781,1
1de1970e,11103,4.9808,1
5a0bff1b,7557,4.9808,1
28379686,3523,4.9808,1
74f50d6a,10011,4.9808,8
653dbd1d,8109,4.9808,1
60cb7586,460,4.9808,1
745c4cbf,2806,4.9781,1
3b839be0,752,4.9808,1
364464d9,7196,4.9753,1
281e9103,3465,4.9808,1
2eded961,3143,4.9726,1
20c31448,4492,4.9808,1
1b1f3293,7466,4.9808,1
35f54b71,7347,4.9781,1
d30acfb,10922,4.9808,1
517aa2d7,4723,4.9808,1
69239de4,10387,4.9808,1
bcab1f9,7465,4.9781,1
395930f,6222,4.9699,1
77de5b0,5051,4.9808,1
64eddd45,6440,4.9753,1
72c48406,7402,4.9808,1
2cdfa6de,5162,4.9781,1
37d55a1,8402,4.9808,1
23cb2eae,10012,4.9808,8
6b45601b,6461,4.9753,1
3e46c41,1874,4.9836,1
bb7b1de,4516,4.9836,1
6ccf95e7,8205,4.9836,1
75b431db,13928,4.9836,1
5f60582,4484,4.9836,1
45f3f89f,5054,4.9836,1
339333bf,3677,4.9836,1
416e5cd5,7622,4.9836,1
519e99b2,10615,4.9836,1
64f14c16,10938,4.9836,1
3e1c7717,2121,4.9836,1
da71cf5,1848,4.9753,1
28d157fa,3113,4.9836,1
27f15f84,10006,4.9836,8
24c94bfe,10939,4.9808,1
46ae2f0a,3267,4.9836,1
7a728884,6078,4.9836,1
209246a2,1797,4.9836,1
28c17b7b,8523,4.9836,1
1b574c07,2951,4.9836,1
2ea2bb2c,4605,4.9836,1
561aa8a4,5563,4.9808,1
cee4785,5398,4.9836,1
40de7fed,10744,4.9808,1
3b0fff6d,6580,4.9836,1
1a99ab7f,11146,4.9836,1
215908db,4669,4.9863,1
5f75a11a,8411,4.9863,1
1b45c90e,3658,4.9863,1
4c504b4a,3275,4.9863,1
25268dcb,345,4.9863,1
57a98504,6235,4.9863,1
62112b46,10713,4.9863,1
2720901c,671,4.9863,1
2cd53655,10936,4.9836,1
3d8cbed1,4736,4.9863,1
26968dc1,3647,4.9836,1
4d36d94e,10121,4.9863,1
48543923,3109,4.9863,1
10f66cce,694,4.9863,1
29c1394,531,4.9863,1
791b5620,7195,4.9836,1
10eff501,10607,4.9863,1
7b72393,4713,4.9863,1
33dc6bce,8057,4.9863,1
51bede92,1559,4.9836,1
3792bfdc,5026,4.9808,1
723728d3,10715,4.9863,1
1d9f9c69,4079,4.9836,1
4dcd160f,5532,4.9863,1
6a201b6a,8308,4.9863,1
711b0b20,8030,4.9863,1
67ccfff5,5262,4.9863,1
219ac74d,3522,4.9863,1
40876bc3,1081,4.9863,1
65df70b2,1557,4.9863,1
fcecc28,8446,4.989,1
835ba06,4101,4.989,1
7899d233,1853,4.9863,1
5783425b,11023,4.9863,1
33b7790,10262,4.9863,1
1dffcda5,8503,4.989,1
595d9fbd,10100,4.989,1
64a9fdbe,10505,4.9863,1
5217b352,7326,4.989,1
5815f202,5048,4.9863,1
6314763e,5328,4.989,1
7ea0c7e9,7574,4.9836,1
a48d977,7955,4.989,1
8dbb1c5,2682,4.989,1
69b9af7e,10548,4.989,1
42d6ebfa,8323,4.9863,1
2d344dd1,8565,4.9863,1
61fbaa61,4449,4.9863,1
459d3b7f,5242,4.9863,1
30e1910d,6464,4.989,1
3f340805,3052,4.989,1
3201520,4408,4.9863,1
2f4a90f8,3406,4.989,1
131f05e5,5146,4.9863,1
c7453a3,10654,4.989,1
ffece18,13935,4.989,1
7448524f,10149,4.9863,1
77c8b3a8,4805,4.9918,1
1f93410e,10013,4.9918,8
669c142e,3520,4.9918,1
31d4f014,1072,4.9918,1
48a37638,5192,4.989,1
7e4f9f49,4804,4.989,1
7bd12abf,6181,4.9918,1
6d133181,10921,4.9918,1
3ed298ad,5422,4.9836,1
3ce5ede9,3592,4.9918,1
51c2c10d,1636,4.9918,1
4e13bc18,319,4.9918,1
3a781362,5052,4.9918,1
365250c8,11075,4.9918,1
1045e370,4056,4.9918,1
3dcde34,4139,4.9918,1
5d28f3db,3365,4.989,1
50fc412b,11118,4.989,1
2a65ab55,5536,4.989,1
1584930a,13979,4.9918,1
70ccd2f0,8257,4.9918,1
6e00f069,632,4.9918,1
428b20db,6268,4.9918,1
5eb6fa83,2994,4.9918,1
45b314dc,4581,4.9918,1
741ec3a3,11111,4.9945,1
62d3d482,7301,4.9945,1
786c7f4b,1020,4.9945,1
7945adfb,5032,4.9945,1
549ddfa7,7978,4.9945,1
4aa6445b,2922,4.9945,1
248d43fb,6258,4.9945,1
268c8f12,6100,4.9945,1
5a072885,5215,4.9918,1
e797c4b,4482,4.9945,1
402574e4,5423,4.9945,1
21387ed,2015,4.9945,1
5fc5f468,3208,4.9945,1
6133c42a,2087,4.9945,1
246d7763,10620,4.9945,1
6bc130ae,1805,4.9945,1
1ab9fbe9,10882,4.9945,1
4563b668,4217,4.9918,1
4f04b55e,6457,4.9918,1
51b67fbc,5004,4.9945,1
2e5be334,5005,4.9945,1
7d09ec69,10941,4.9945,1
61425ff3,8594,4.9945,1
b86a8c0,5374,4.989,1
4ff0a14a,4451,4.9918,1
69af6d93,784,4.9918,1
4c7b79a9,4109,4.9945,1
181c71d1,3033,4.989,1
7eb495de,10745,4.989,1
6b5208e6,6509,4.989,1
552c7de4,3243,4.9945,1
4608a8ea,6238,4.9973,1
477d4127,7165,4.9973,1
49639dff,7499,4.9945,1
6ba07840,10549,4.9973,1
3c1432e0,7561,4.9973,1
477a18bc,665,4.9973,1
718f8eea,13937,4.9945,1
5cd68d85,10221,4.9973,1
41c837cd,11205,4.9973,1
56e068b0,2295,4.9973,1
5b154458,666,4.9973,1
3347501a,3067,4.9973,1
33b16fe0,3639,4.9945,1
664124ce,5555,4.9945,1
b5731e6,3567,4.9945,1
17879bda,7551,4.9973,1
1ec9ceb0,1361,4.9973,1
39bfd987,5049,4.9945,1
26bf6ce6,1021,4.9945,1
49b74bab,5564,4.9973,1
6df9de5a,707,4.9973,1
6245400c,6437,4.9945,1
32a9beba,7502,4.9973,1
6f2c3c55,11116,4.9973,1
1cb5c808,5127,4.9973,1
205416df,10923,4.9945,1
54b8aeb2,4493,4.9945,1
2b9b96f1,2557,4.9973,1
7f1ff068,10018,5,8
5023492d,5312,4.9945,1
255bc943,5327,5,1
171cb068,3133,5,1
6405107,10113,5,1
7243ac25,4268,4.9945,1
719b6320,5655,5,1
a71bd81,11198,5,1
789cd357,13934,5,1
38460608,879,5,1
1e0ae634,1558,4.9973,1
7c507d2a,11113,4.9973,1
56f893e3,8484,5,1
51e2b108,4787,4.9973,1
4f7ac608,11236,5,1
303c5be0,1685,4.9973,1
22c9a18f,900,5,1
66673e2f,10740,5,1
9d36d47,3242,4.9973,1
7fb4ee6d,10057,5,1
2d055920,4759,4.9945,1
42af40d6,2793,5,1
379c4308,4737,5,1
78ac671f,10949,5,1
1de698ea,13945,4.9973,1
53e4b28d,5419,5,1
45f9cabd,3562,5.0027,1
227edfdb,10145,5.0027,1
4232577b,2603,5.0027,1
785d32b6,753,5.0027,1
7aa3061b,13992,5.0027,1
532be06d,10803,5.0027,1
7175ab62,8320,5.0027,1
7bc904fc,1086,5,1
580c7497,13938,5.0027,1
8557962,10192,5.0027,1
6aa425ad,8727,5.0027,1
6600981c,4363,4.9973,1
5d93f087,4849,5.0027,1
7e2e0c3e,4548,5.0027,1
4530fa33,585,5,1
32de9eb6,7419,5.0027,1
356cc71b,713,5.0027,1
57ce69d2,10556,5.0027,1
151bac64,4264,5,1
7238dfed,5384,5.0027,1
168cce66,2452,5,1
1b5a1d05,8047,5.0027,1
48dd556a,6265,5.0027,1
6cf9355a,1515,5.0055,1
270dfbd3,5542,5.0027,1
26d399ab,1798,5,1
78c42cf0,4241,5.0027,1
4415436c,8059,5.0027,1
2449cc2d,1298,5.0055,1
5f5870b,5582,5.0055,1
6f305f94,4698,5.0055,1
4d64211d,3062,5.0055,1
106a66e1,5253,5.0055,1
68929e0e,10469,5.0055,1
2500f95,11040,4.9973,1
6f713cb4,1150,5.0055,1
371848e,1088,5.0055,1
7f6f1800,1823,5.0055,1
9f8bbb4,11043,5.0055,1
7dc18cdf,1472,5.0055,1
1b338b4f,3244,5.0055,1
516af491,2408,5.0082,1
282a4f87,5188,5.0055,1
67da3744,2381,5.0082,1
14ba0de8,7904,5.0082,1
14692953,4066,5.0082,1
13419cc6,2042,5.0082,1
62975d05,6227,5.0082,1
6579dbeb,1297,5.0082,1
430369cf,1516,5.0055,1
380745a6,8273,5.0082,1
273f49cc,6260,5.0055,1
5b60f643,7243,5.0082,1
7f18575b,6507,5.0082,1
54156dd0,8581,5.0027,1
42a7ebe9,13985,5.0082,1
57bab707,10991,5.0082,1
563d3881,4997,5.0082,1
b116aa3,4670,5.0082,1
368e4615,3332,5.0082,1
490ad6f9,4616,5.0055,1
764c0669,5055,5.0082,1
76883e71,10804,5.0082,1
3272705b,11098,5.0082,1
2d50c5f2,3490,5.0055,1
1108e643,3636,5.0055,1
3b39f17f,10370,5.011,1
4ffef7fa,7929,5.011,1
2d2472b2,11225,5.0082,1
6f04db1,2011,5.011,1
31af85e2,2680,5.011,1
72b6f619,7175,5.011,1
57b80053,8692,5.011,1
5b85f22f,10583,5.011,1
598749f4,14066,5.011,1
5d9e1ab0,8732,5.011,1
18dd3924,1822,5.0082,1
5f7b6584,4266,5.011,1
f7008f4,3453,5.0055,1
6cdb3807,4198,5.011,1
41bdf4b6,2382,5.0055,1
30d8e1bc,5590,5.0137,1
3fe068fb,5462,5.0137,1
30619729,10019,5.0137,8
ace6400,14013,5.0137,1
1c57f360,6251,5.0055,1
24f829ab,5473,5.0137,1
748c1c02,5290,5.0137,1
43153162,10260,5.011,1
49ba9af2,4697,5.0137,1
535ae989,5265,5.0137,1
6f41e4a9,4916,5.0137,1
16566325,6569,5.0137,1
7386b535,750,5.0137,1
77941c6d,10085,5.0137,1
1790ca9a,7461,5.0137,1
32fadc06,8240,5.011,1
7413f871,5056,5.0137,1
23ae509a,5338,5.0137,1
2333f5ea,3373,5.0082,1
32e62f0c,586,5.0137,1
5698dfba,1953,5.011,1
3da37568,6169,5.011,1
1835b93,8412,5.0082,1
21e8ae0,1742,5.0137,1
12ebe016,10723,5.0137,1
3445cf16,714,5.0137,1
4944bc9c,13946,5.0137,1
2f0155ce,6472,5.0164,1
621d9971,5183,5.0082,1
59be9344,173,5.0164,1
664baf17,6123,5.0137,1
a6bfd32,5300,5.0164,1
14983335,10981,5.0164,1
29e95243,8325,5.0082,1
ebf73cf,701,5.0164,1
2b35f8f3,533,5.0164,1
63c6a62,1854,5.0164,1
7028d14b,2730,5.011,1
53e8f00b,7632,5.0137,1
263cc0b2,8628,5.0164,1
5928adc0,3338,5.0137,1
224a56e6,5243,5.0164,1
47c057b7,3534,5.0164,1
533c9fec,10098,5.0164,1
13c5ec69,4823,5.0164,1
6c681cbb,5212,5.0137,1
26f0fbb0,1282,5.0192,1
1104d37d,14067,5.0192,1
2d9ec390,5517,5.0192,1
6d0eec29,10167,5.0192,1
d5a4f4f,3295,5.0192,1
2c56182f,10339,5.0137,1
7822ff5,7926,5.0192,1
447f9562,1696,5.0192,1
1b7eb9e3,8413,5.0192,1
40a76b5f,3128,5.0164,1
18d0cc4,10801,5.0192,1
1f586433,7203,5.0192,1
1ca9110d,5006,5.011,1
3539097,3676,5.0192,1
6d8c90bf,8646,5.0192,1
168ae3c2,13991,5.0192,1
4a2f64dc,3654,5.0192,1
55e78226,4971,5.0192,1
5c67f94d,8583,5.0192,1
1db295f0,10423,5.0192,1
2c0a1b1e,10746,5.0192,1
45154a0b,8728,5.0219,1
26db7e75,4689,5.0219,1
71e54ccb,3595,5.0219,1
2f4f724b,3527,5.0192,1
53615e57,1567,5.0192,1
432a13eb,1824,5.0219,1
3ccb0322,4204,5.0219,1
4541821b,8206,5.0192,1
411eea18,2726,5.0164,1
1517155a,10362,5.0219,1
5e798310,2091,5.0219,1
4cdd7249,10195,5.0219,1
28ebaae3,754,5.0219,1
7f0e28e3,1686,5.0219,1
1e13cbcc,747,5.0192,1
3383a091,3418,5.0192,1
6a303c2e,2308,5.0219,1
14ebc392,10323,5.0219,1
6122df5e,7503,5.0219,1
616f251d,5024,5.0219,1
126f93c9,5397,5.0247,1
4f469689,309,5.0247,1
57b3ba0,10020,5.0247,8
5c191d73,10222,5.0219,1
7254dc7e,6535,5.0247,1
6a8b58e4,5514,5.0247,1
79d3f47c,2676,5.0247,1
1c06c355,5065,5.0247,1
110269e2,5339,5.0247,1
37912248,3340,5.0247,1
40ba75b3,5477,5.0247,1
4df8e659,8210,5.0247,1
199b64b4,4430,5.0247,1
67064143,175,5.0247,1
2967531b,7514,5.0247,1
2ba872ac,5647,5.0247,1
216893ae,3387,5.0247,1
6314edf3,7616,5.0247,1
70788501,4453,5.0247,1
38e4080f,7162,5.0247,1
182da4b0,10906,5.0247,1
7dbdb1f8,4338,5.0219,1
29ba1476,13891,5.0247,1
3982b0c9,8366,5.0219,1
d666a75,7204,5.0274,1
781b574d,7592,5.0274,1
35b40ff5,4756,5.0247,1
68b90bc7,3675,5.0274,1
4491fae1,7623,5.0274,1
7a1a05c4,7631,5.0247,1
11cc53c9,4073,5.0274,1
589984f5,5042,5.0274,1
78de4b12,1359,5.0274,1
6260b936,3525,5.0274,1
3353f01a,686,5.0274,1
194df791,7914,5.0192,1
de77661,3089,5.0247,1
7eb3a14,3094,5.0247,1
79b166fe,3268,5.0274,1
2b14c9d3,10619,5.0274,1
5d13425f,751,5.0247,1
653b3738,7467,5.0274,1
6bf173e2,14069,5.0247,1
3594df12,10972,5.0274,1
3843d222,7215,5.0274,1
6058624a,4634,5.0301,1
7f057ecf,1762,5.0274,1
1f8b6cae,2661,5.0301,1
c744c02,7464,5.0301,1
2a004d6c,1734,5.0301,1
6dc26483,7462,5.0301,1
7e27bde5,4945,5.0274,1
3a8d5093,10296,5.0274,1
34c96ff9,11114,5.0301,1
14b70f9c,2100,5.0301,1
3cf45b4b,14027,5.0274,1
51f3b755,14068,5.0301,1
22d3f678,2098,5.0274,1
7fff11a5,10802,5.0301,1
2f26df01,4084,5.0301,1
3c1ee96,6165,5.0247,1
1df1d3a6,5554,5.0301,1
1a048b84,11022,5.0301,1
44c9aa0,10160,5.0301,1
3438112,10527,5.0274,1
edd1dec,2819,5.0329,1
f7a7ab2,5213,5.0329,1
4a6503ba,8601,5.0274,1
173ddd91,612,5.0329,1
1c05f418,14065,5.0329,1
226304b7,10393,5.0329,1
3db75af8,5330,5.0329,1
61c40816,8309,5.0329,1
52529502,2919,5.0329,1
682e6543,8274,5.0329,1
6f499224,3341,5.0329,1
1a21dec3,10660,5.0219,1
2e8ca363,2010,5.0329,1
68b0d935,2763,5.0301,1
26779d55,596,5.0301,1
73afbd1d,5591,5.0329,1
5198fd2f,10601,5.0329,1
1f7adea8,5366,5.0329,1
5054c9fe,2727,5.0356,1
1b88ff2c,3407,5.0329,1
759fe419,4582,5.0356,1
7b56e8e2,10142,5.0301,1
20f443c8,8524,5.0329,1
d3bc54f,4452,5.0356,1
51962a5b,1473,5.0356,1
5b23a35c,10604,5.0356,1
21162293,3285,5.0356,1
29b48acf,1357,5.0329,1
17fe5122,6125,5.0356,1
443cff2f,4330,5.0356,1
464f6757,1937,5.0329,1
2498d101,4113,5.0384,1
6267bf8d,2269,5.0384,1
7f585a2,5220,5.0384,1
2413d7f4,10792,5.0329,1
67774405,8385,5.0384,1
46610aae,5410,5.0384,1
19a55e38,10631,5.0384,1
353370e1,4140,5.0384,1
66513ae0,2554,5.0356,1
3256003b,6441,5.0356,1
8c0cdf2,14011,5.0384,1
463a923e,4999,5.0384,1
75dd505f,7167,5.0356,1
7788c107,3454,5.0384,1
79a92d59,6570,5.0384,1
6b90eb30,3439,5.0356,1
77adb41c,14050,5.0384,1
74d001b5,3132,5.0384,1
45e166d1,6410,5.0411,1
751248d1,10693,5.0411,1
514b1dd9,10761,5.0411,1
19b7e428,7433,5.0411,1
6d1e9302,10920,5.0411,1
2387a79e,10409,5.0411,1
443437ff,2379,5.0384,1
62041df5,7523,5.0384,1
7b1b1434,5030,5.0411,1
65bee79e,6229,5.0411,1
9302fd4,5636,5.0411,1
3cce71ce,10344,5.0411,1
430b8c33,6453,5.0411,1
50bf19,6556,5.0384,1
42f9f153,7383,5.0411,1
6160e78c,14012,5.0356,1
73f06e29,4143,5.0384,1
765daf39,11044,5.0411,1
10c9834,14014,5.0411,1
7b23abc8,3153,5.0411,1
b159109,758,5.0411,1
1d996fa7,3470,5.0438,1
32a162d7,8693,5.0438,1
6d68cb1b,3286,5.0384,1
765785e8,10276,5.0411,1
10cc1d01,7501,5.0438,1
5a0201af,3248,5.0438,1
247c6dd0,5635,5.0438,1
46febce8,13904,5.0438,1
ef3fba6,2577,5.0411,1
6de5973f,10759,5.0438,1
36048e2,8506,5.0438,1
275727ae,3671,5.0438,1
57830250,2016,5.0411,1
6690c62f,1731,5.0411,1
6429edb4,613,5.0438,1
2534c261,7538,5.0466,1
3b40eb3e,10547,5.0466,1
749eef84,10506,5.0466,1
5f71f8ee,2451,5.0466,1
5c551eab,3106,5.0466,1
2b8ad053,5102,5.0466,1
4618df3e,8045,5.0438,1
133af7bf,10584,5.0438,1
60f01704,8519,5.0438,1
63112651,5411,5.0466,1
33770455,757,5.0438,1
4723e4d6,8397,5.0466,1
270b8301,1446,5.0466,1
488823f,4057,5.0438,1
3201102a,14018,5.0384,1
2520f45,2475,5.0384,1
4d421a1f,10021,5.0466,8
6ed53cec,10974,5.0411,1
469cfa4e,8585,5.0438,1
1e41a31f,4337,5.0466,1
4ed7671f,2551,5.0466,1
65a9285d,2026,5.0438,1
38e65415,11115,5.0493,1
10b5c97e,7197,5.0493,1
56a6a01f,2981,5.0466,1
190987cd,9978,5.0493,1
ac386a8,10627,5.0493,1
202eb885,11117,5.0493,1
2604bc6d,1305,5.0493,1
1bdd2f0b,2491,5.0438,1
2cc81244,2799,5.0411,1
79aacfff,4547,5.0493,1
2287cff4,1687,5.0466,1
6fcaf0a4,8149,5.0493,1
6caedee4,4755,5.0493,1
6ce1cdfa,3586,5.0493,1
98bb07,1931,5.0466,1
2f6259dc,14046,5.0493,1
7eac927d,3134,5.0493,1
da89d0f,534,5.0493,1
1795c344,10646,5.0521,1
dd676ac,8525,5.0521,1
4853a492,4641,5.0493,1
75c2b8fd,3468,5.0521,1
4c74dae2,4733,5.0521,1
7229a6d6,4668,5.0493,1
574c473e,4780,5.0521,1
278beb35,6272,5.0521,1
47eeaa69,6080,5.0466,1
41f7b358,6079,5.0521,1
2da7dbbc,3144,5.0521,1
1287d7c8,4848,5.0493,1
6aad44ee,10793,5.0411,1
58a20630,1697,5.0548,1
4bcb4ca3,5167,5.0548,1
67deeb85,4165,5.0548,1
67d459a4,2362,5.0548,1
2f0f50e8,1684,5.0548,1
3eb0bffe,6271,5.0548,1
2ea2e96e,3472,5.0493,1
6bfe8c67,8201,5.0548,1
6c7e879b,10439,5.0548,1
3ea319e0,7214,5.0493,1
5d70e85,6587,5.0548,1
6d1c9efd,1539,5.0548,1
44618671,4214,5.0548,1
3c076ec8,10610,5.0548,1
2305509b,4479,5.0521,1
5cf2102,3107,5.0548,1
3f47bb70,2099,5.0548,1
3851b418,4696,5.0548,1
3fa7fcf4,8414,5.0548,1
362ff213,6088,5.0548,1
7fd09ecb,4164,5.0548,1
7a8a833e,7550,5.0548,1
7f909d99,7475,5.0493,1
36665712,2568,5.0575,1
3a7ebe15,3145,5.0575,1
36d2243d,3491,5.0575,1
78ba2de2,11021,5.0575,1
5c0f6811,10123,5.0493,1
2752939d,7595,5.0575,1
4073d8a6,3473,5.0548,1
5c55aebb,6426,5.0575,1
4b011181,3098,5.0603,1
3ab72096,2827,5.0493,1
580face4,6236,5.0603,1
23f898f,4050,5.0603,1
7fe70814,5583,5.0603,1
8e79ebb,2270,5.0603,1
4c1aa20e,3502,5.0575,1
6a245b5a,6176,5.0603,1
35b11f79,8536,5.0548,1
4ea43d8,10677,5.0603,1
215c1a42,7558,5.0575,1
3d4bed40,3678,5.063,1
18061e81,10605,5.063,1
657b922a,2456,5.063,1
46c180e4,7596,5.0603,1
5f66023d,437,5.063,1
4675d10d,2442,5.063,1
120e80c2,6488,5.063,1
4aba7292,4461,5.0603,1
24b6156e,4218,5.063,1
46b7f3a1,8697,5.063,1
cece56f,4485,5.0603,1
60e9fac4,7956,5.063,1
63f47925,4734,5.063,1
23043b9d,1327,5.063,1
be131ef,2027,5.063,1
1fe85898,10979,5.0603,1
74441197,5569,5.0575,1
361c30f3,10207,5.0603,1
34b9636b,8396,5.0658,1
3655425a,4688,5.0658,1
6ba4e090,11304,5.0658,1
3fb88cda,4329,5.0658,1
40e5027d,11200,5.0658,1
263052dd,4141,5.0658,1
5cbedfa9,5511,5.0658,1
105214ce,5638,5.0658,1
6bf79442,1482,5.0658,1
36985ab,4887,5.0658,1
298051f8,4242,5.063,1
29f4d462,5424,5.0685,1
7e76009a,3530,5.063,1
317d8622,10459,5.0685,1
b68e82c,7593,5.0658,1
1ad90e64,6482,5.0685,1
15019e99,1954,5.0658,1
5b3d2e73,3333,5.0658,1
4b127742,8567,5.0685,1
62cefa0,3642,5.0712,1
54547b2f,10065,5.0712,1
4d38d26a,2663,5.0712,1
7b0c63b1,13884,5.0712,1
7f443308,4715,5.0685,1
1ef492af,2743,5.0712,1
698e1f5d,4202,5.0712,1
622e2b84,3618,5.0712,1
3c2c98ba,3437,5.0712,1
6f7147a,885,5.0685,1
1f1a870e,1481,5.0712,1
2eaa791e,7388,5.074,1
cfbfd62,4802,5.074,1
544a4d0f,6179,5.0712,1
6a20c738,1483,5.0712,1
21c90f85,996,5.074,1
728af633,5103,5.0685,1
742eef58,11242,5.074,1
18dbefe2,10503,5.0685,1
1b546555,10353,5.074,1
425b6935,755,5.074,1
71077e5b,5420,5.074,1
54192526,3245,5.0712,1
57ce54d2,4331,5.0767,1
23968f3b,10973,5.0767,1
10ad1536,3346,5.0685,1
5a1244de,3440,5.0767,1
47bf6aaf,4549,5.0767,1
6272de4e,6425,5.0767,1
1a0e7393,4411,5.0767,1
52f2f0b8,8696,5.0767,1
279ff527,3031,5.0767,1
6e24125b,5329,5.0795,1
536dc9d2,6147,5.0795,1
7a67fa0a,10223,5.0795,1
1a50217f,5147,5.0795,1
73ab5b4d,2569,5.0767,1
4c74d755,8447,5.0767,1
369912b0,10623,5.0795,1
78e168f2,3659,5.0767,1
6321f548,10647,5.0795,1
4a79bb52,8680,5.0795,1
348b2c3f,5570,5.0795,1
6cce53c9,2998,5.0795,1
2b3952a2,10424,5.0795,1
2c1ddfbc,9951,5.0795,1
411af4d4,6177,5.0795,1
71d7d487,10059,5.074,1
75554317,3655,5.0767,1
1418b35d,10678,5.0795,1
4b97d67f,4020,5.0822,1
56ba6e5d,5518,5.0822,1
40908c0a,10258,5.0767,1
66ddcc15,1174,5.0795,1
278674cf,11141,5.0822,1
1f8222f4,11004,5.0822,1
4ed1e802,4642,5.0822,1
4b9caf03,4483,5.0822,1
f289aa6,10101,5.0822,1
1339c35,1875,5.0767,1
7edba858,1358,5.0822,1
4189dbee,11138,5.0849,1
4063f5e9,10608,5.0822,1
cfb78a4,2923,5.0849,1
6ea9be51,6254,5.0849,1
259ff488,10261,5.074,1
13766bb6,5639,5.0849,1
38d0163a,4960,5.0849,1
67c37074,2271,5.0849,1
443b11eb,4371,5.0849,1
1eda8650,14035,5.0849,1
41320b5d,1362,5.0849,1
26832277,2239,5.0849,1
5abfb603,5372,5.0849,1
396aff98,8231,5.0877,1
461740f6,2012,5.0849,1
5bbff794,580,5.0877,1
c35a662,5544,5.0877,1
339abd09,5565,5.0877,1
77ca0b8b,5263,5.0877,1
14320ad7,1290,5.0877,1
394b9ff1,4021,5.0849,1
68dee857,695,5.0849,1
1003c544,11045,5.0849,1
49f94598,5425,5.0877,1
2feddb5b,8675,5.0877,1
2b0d18c3,2420,5.0877,1
348ed1a5,8507,5.0877,1
72304063,4705,5.0877,1
37588729,2711,5.0877,1
76aeb59a,13944,5.0904,1
1ce1f7bc,2824,5.0877,1
2de788f6,10137,5.0904,1
55d2468c,4518,5.0904,1
423b2414,1729,5.0904,1
3526608c,6225,5.0904,1
77678c74,10699,5.0904,1
6eb0acca,991,5.0822,1
7e21221f,1661,5.0904,1
4f53c7e,2980,5.0877,1
7745b1f,7504,5.0904,1
1d0697d,5463,5.0904,1
6f5b9f27,2821,5.0932,1
4a1f411f,3368,5.0932,1
295597fb,2823,5.0904,1
67a482ee,10940,5.0904,1
422d81a6,10700,5.0904,1
4034931f,2238,5.0904,1
701325bf,5007,5.0932,1
5532cdc5,1858,5.0904,1
33e37aa1,344,5.0904,1
1dedfdca,11003,5.0877,1
79252903,10975,5.0932,1
1072d545,8403,5.0959,1
38ec8398,5148,5.0959,1
4a1d2ae2,6259,5.0959,1
1aa06f93,2719,5.0959,1
1c7e497f,4240,5.0959,1
40d2f92b,4311,5.0959,1
63bb81e9,4806,5.0959,1
7a7ea6fa,7919,5.0959,1
14a52d7b,8230,5.0932,1
58b8cb6e,11112,5.0959,1
43698565,2820,5.0959,1
7c62f028,11046,5.0959,1
73a4d028,4192,5.0959,1
4ed7e5d2,2258,5.0986,1
7ddc1029,10695,5.0932,1
7ecc824b,10060,5.0986,1
419a13c0,7306,5.0986,1
2a92586b,3037,5.0959,1
7fe2e881,7515,5.0959,1
e6a6bda,11058,5.0986,1
1f7f7dc4,5376,5.0986,1
27962f40,1363,5.0986,1
4f587dd3,8317,5.0986,1
1231eb59,11076,5.0986,1
76443586,3196,5.0959,1
60bef821,11148,5.0986,1
3c2572ac,3573,5.0986,1
6c04a700,3367,5.1014,1
151ac11,4080,5.1014,1
7172e2fa,7597,5.1014,1
26cd0157,8533,5.1014,1
31258a5f,7384,5.1014,1
785007dc,2454,5.1014,1
1ed34f1e,6182,5.1014,1
505a322a,6442,5.0932,1
4db03d0c,8202,5.0986,1
35a6ad81,7468,5.0986,1
3189af94,10298,5.0986,1
475f3475,5124,5.1014,1
c763960,5291,5.1014,1
30c300ed,10732,5.1014,1
1e342732,4486,5.1014,1
b78738,13929,5.0959,1
7cd713a4,5650,5.1014,1
74c6f49b,759,5.1014,1
7da59f59,13880,5.1041,1
76204e19,8679,5.0986,1
149612,6573,5.1041,1
45ee6bc2,5426,5.0959,1
28783a95,5340,5.1041,1
6c76560d,10701,5.1041,1
7b647d2a,7185,5.1041,1
4a967f73,3620,5.1041,1
5f64d052,8038,5.1041,1
4b88130d,7650,5.1041,1
36a1f5b9,4110,5.1041,1
68391b5e,3673,5.1041,1
30eca65e,3564,5.1068,1
3aa29a4,14047,5.1068,1
784843b3,4022,5.1068,1
49f31651,4336,5.1041,1
2ae1902d,3526,5.1068,1
70462eeb,7248,5.1068,1
4b89e47a,10277,5.1068,1
50853856,5414,5.1068,1
58eaa4e,3135,5.1068,1
7d7f2670,4145,5.1068,1
541e7530,2057,5.1068,1
56466ad5,5464,5.1041,1
75419f4,3114,5.1041,1
15ee282e,10032,5.1096,1
6c50e54d,2664,5.1096,1
1cfcfe53,2268,5.1014,1
3b6caf09,11150,5.1096,1
5fa74f12,2088,5.1041,1
34b6a326,7967,5.1096,1
16d7f560,10278,5.1096,1
11093793,13947,5.1096,1
7847735d,2476,5.1068,1
5cbd9bf5,7476,5.1068,1
50381dd5,4519,5.1096,1
7433357f,11056,5.0986,1
759d174c,4807,5.1096,1
2463d38f,4114,5.1096,1
7c8ecd3f,2685,5.1123,1
1d2efd3,5255,5.1123,1
117b971c,3574,5.1123,1
c41c508,6252,5.1123,1
5faad0c6,10297,5.1123,1
368490a4,8039,5.1123,1
3c69447e,2377,5.1068,1
590ec963,4738,5.1068,1
7167f798,5515,5.1014,1
7d70c821,8486,5.1123,1
730c0539,3136,5.1151,1
611faa4c,14019,5.1151,1
6739f0a0,3246,5.1151,1
262b03f4,7598,5.1151,1
172348a5,6480,5.1151,1
7ad4a430,7957,5.1151,1
2dae2cda,4852,5.1151,1
5a807ef5,3637,5.1178,1
5936b6ee,6178,5.1178,1
4a80553c,5266,5.1178,1
56d1cbea,2097,5.1178,1
35f73608,10516,5.1178,1
5b3ad7f5,1607,5.1123,1
37579bba,14070,5.1096,1
7fb611d9,2924,5.1178,1
27600b5e,5341,5.1178,1
60a2ccd7,3524,5.1178,1
2a68f538,3572,5.1178,1
39c04774,5652,5.1123,1
21e92184,6539,5.1151,1
57ae923f,3034,5.1178,1
6e1ed4b9,2300,5.1205,1
490318df,2364,5.1205,1
2f2c096e,1688,5.1205,1
242fe5f2,3280,5.1123,1
4c2215f2,2580,5.1205,1
3b97fe55,11047,5.1205,1
5401bbd3,1085,5.1205,1
595846c,581,5.1205,1
5e4ee159,4215,5.1205,1
29fe2e7,1763,5.1205,1
5b991e44,10168,5.1205,1
720657bf,8629,5.1178,1
5b6b248f,4167,5.1233,1
261e6ddf,11024,5.1205,1
35663c66,3376,5.1205,1
751d2eda,10169,5.1233,1
6e9fb816,1766,5.1233,1
6dc38c8b,2017,5.1205,1
7232108d,7216,5.1233,1
77d023aa,6386,5.1233,1
2275c81a,5254,5.1233,1
3fa3bdd1,2092,5.1205,1
26f4553e,696,5.1233,1
3a83d4c4,6511,5.1205,1
4cb87d4d,1299,5.1233,1
4c8f860c,2363,5.126,1
408159d8,3035,5.126,1
44d8a953,8694,5.1233,1
605970f8,14053,5.1233,1
6f842bab,8695,5.126,1
55f6db5d,4410,5.126,1
7651df5a,14051,5.1178,1
2581f01a,2579,5.1205,1
21cfa7d6,4520,5.1233,1
249257c8,7434,5.1288,1
2dd3588c,6517,5.1233,1
f672d12,10451,5.1288,1
41f09626,5649,5.1288,1
7d6a512b,14054,5.1233,1
6bdbaf22,4406,5.1288,1
5dc18986,4491,5.1288,1
6b782091,5415,5.1288,1
56b7afd0,7271,5.1288,1
2e7cca7e,4797,5.1178,1
3ac5b394,5113,5.126,1
18e8d22c,2067,5.1288,1
49b4e50e,5331,5.1288,1
63622801,2376,5.1315,1
2b853129,11151,5.1315,1
75a2efc7,5288,5.1315,1
1b50f8e8,4601,5.126,1
6900e9a3,10883,5.1315,1
43f1cf64,2744,5.1315,1
553065bf,4803,5.1288,1
6b8e81d3,8701,5.1288,1
7b0bf45c,7307,5.1315,1
4498c1a5,5521,5.1315,1
9b087b2,10621,5.1342,1
153bb9d4,1735,5.1315,1
7b981721,3622,5.1342,1
64078198,10022,5.1315,8
2bce7321,6483,5.1342,1
698717bd,6269,5.1315,1
213af640,10497,5.1315,1
1aa0cc59,2455,5.137,1
42f395d4,10037,5.137,1
139848c8,3648,5.137,1
2e7c2e51,5069,5.137,1
65e6240d,11048,5.137,1
79b8eeec,1183,5.137,1
4f45d944,5373,5.1315,1
3f5fb8ea,6270,5.137,1
27bb993a,323,5.1397,1
76345b0d,8354,5.1397,1
611483c,3036,5.1397,1
18343a9f,11149,5.1342,1
22a6cf8a,6253,5.1397,1
1c579abc,10138,5.1397,1
675eb245,11077,5.1397,1
33e67190,2457,5.1397,1
27a822f9,7308,5.1397,1
70adeca,10498,5.137,1
15d488f4,3575,5.1397,1
41935695,1175,5.137,1
bcbb1a9,3621,5.1342,1
153e112f,4699,5.1397,1
73e7569b,4517,5.1397,1
224a3aa3,14020,5.1397,1
13689536,10033,5.1397,1
52ace696,10517,5.1425,1
76ba491d,7472,5.1425,1
32a94a90,13903,5.1425,1
3f209adf,4828,5.1425,1
5127553e,8733,5.1425,1
3793301,11152,5.1425,1
177b9c48,10760,5.1397,1
76dfd000,10087,5.1425,1
757e4bba,2832,5.1397,1
4c4c30ba,7355,5.1397,1
1bdadd20,2578,5.1397,1
297d17d2,8707,5.1425,1
3f8c8de7,8485,5.1425,1
4c10eab,10279,5.1397,1
29252769,10460,5.1452,1
64dbccb0,6255,5.1452,1
9809f91,6126,5.1452,1
470532ac,4431,5.1452,1
3fe38679,1248,5.1397,1
340d5036,4672,5.1397,1
286062c1,6583,5.1452,1
3d2599c8,8067,5.1425,1
335b6378,2147,5.1452,1
38a894b5,10461,5.1397,1
33451415,697,5.1342,1
9c1e081,5483,5.1425,1
2a327f8e,346,5.1479,1
429a9913,10885,5.1479,1
5964d8e9,8568,5.1479,1
5fa7eeac,6081,5.1479,1
1fa35c49,10088,5.1479,1
66d034d9,6438,5.1479,1
70946b11,8415,5.1479,1
fc8567a,3619,5.1479,1
5da5c652,4739,5.1479,1
5aced8e2,1767,5.1479,1
6ffa1ba1,6574,5.1507,1
6a94b3b0,6516,5.1507,1
7ffe6d24,310,5.1479,1
86b9c7b,3528,5.1479,1
5b74a284,3469,5.1507,1
16c25416,8526,5.1452,1
295a727c,1291,5.1479,1
7d06bb68,8321,5.1507,1
39846ce,693,5.1534,1
77ec04f,5008,5.1534,1
7d4d8b4e,7473,5.1534,1
3558a274,7505,5.1479,1
6e83d26b,7575,5.1534,1
74372c27,10086,5.1507,1
1651523f,1022,5.1534,1
53ae656,10886,5.1479,1
143c0a44,8241,5.1562,1
640741b5,3369,5.1562,1
299c0f06,5068,5.1534,1
7b464435,2028,5.1562,1
fdc0f33,10263,5.1534,1
5188fd94,8056,5.1562,1
6b129d7b,4412,5.1507,1
18253c9c,7380,5.1562,1
510ba441,9959,5.1562,1
3ec18cc4,6261,5.1534,1
2833a2d5,4817,5.1562,1
1943ba93,786,5.1534,1
15e62c56,2581,5.1562,1
6777bf48,10170,5.1589,1
5bd2f04e,11139,5.1589,1
27f32582,10462,5.1562,1
12631ea3,7469,5.1589,1
2a3e3316,3549,5.1589,1
1670a95e,11140,5.1589,1
32d0a35a,8743,5.1589,1
361aefb7,5416,5.1589,1
c315fb7,8476,5.1616,1
6adde94,8046,5.1616,1
1584ad46,3546,5.1589,1
737890e0,6512,5.1562,1
227906df,10720,5.1616,1
65d55e66,13905,5.1616,1
24b339c0,5256,5.1616,1
1c6f020b,5332,5.1589,1
30cdd955,2829,5.1616,1
4c020abc,3377,5.1616,1
7c5c70e7,8538,5.1589,1
42ee01ea,6308,5.1644,1
252a626d,4783,5.1644,1
1679de4d,8699,5.1644,1
2b39887b,4024,5.1644,1
2cfd0c02,11057,5.1671,1
7732204a,2086,5.1671,1
68f6ad03,10324,5.1616,1
7b4a45b3,6239,5.1671,1
30258de6,3548,5.1671,1
5738b1c9,4047,5.1644,1
29e22f44,5637,5.1671,1
316eeb14,8700,5.1699,1
6cadd68f,11305,5.1699,1
707b3c41,5571,5.1699,1
62df7d7e,10806,5.1699,1
19738401,5375,5.1671,1
242f0c7a,3116,5.1699,1
26b4afde,4339,5.1699,1
f84067d,2259,5.1699,1
1629ae7e,10887,5.1699,1
4ab93c1d,3649,5.1726,1
c72a660,3032,5.1726,1
97dc547,10884,5.1726,1
49f0b0cb,8327,5.1671,1
27917a6b,13881,5.1726,1
66e8e066,8367,5.1726,1
3de9f89b,3438,5.1699,1
3eb362ef,2453,5.1726,1
7209eb1a,6180,5.1726,1
5343deed,3587,5.1726,1
7bce70c0,2822,5.1753,1
6659448c,3384,5.1726,1
219cc93e,8242,5.1753,1
3a52e8bf,5114,5.1781,1
27dddd6f,5417,5.1781,1
55ea61f3,4782,5.1753,1
41d73f8,6306,5.1781,1
3971195a,13906,5.1781,1
2a7c19d5,11155,5.1808,1
74081c2f,10499,5.1808,1
331aeea9,8613,5.1808,1
575b1b9a,13940,5.1808,1
5c77d981,10910,5.1808,1
566c0a93,4706,5.1808,1
6d7db09c,8326,5.1808,1
59203078,4289,5.1836,1
3dabe253,8698,5.1836,1
5f728fb6,8152,5.1836,1
1cf4ba4f,997,5.1836,1
5f0b2d94,3660,5.1753,1
77065fd,1736,5.1836,1
65aba63a,6096,5.1863,1
2e6f9a06,8527,5.1863,1
7d45e1bc,8151,5.1781,1
288e65d2,10951,5.1863,1
1df9f9b5,5074,5.1836,1
2c55b2b3,4332,5.1863,1
2e62e3e9,10029,5.1863,1
14f74b75,1737,5.1863,1
469a4c47,4115,5.1918,1
6f75341a,8734,5.1918,1
74cc8d1b,11025,5.1918,1
1d6111b3,3529,5.1918,1
1ca0f886,10316,5.1863,1
3222b484,8735,5.1945,1
670a32c9,4023,5.1918,1
3ced9cd1,8365,5.1918,1
5ca94a98,5399,5.1945,1
4735e3ef,6575,5.1945,1
264e3ef3,461,5.1945,1
33b74f00,1992,5.1973,1
5372af9,4889,5.1945,1
25963b10,11142,5.1973,1
28c8f538,1761,5.1973,1
f69f231,3117,5.2,1
7cc2f6d,4538,5.2,1
5807fc89,10028,5.2,1
51c177c6,7470,5.2,1
3e4f29f3,5520,5.2027,1
7e77bc71,7356,5.1973,1
19f3e482,8278,5.1945,1
21d9bdf2,8324,5.2,1
43d6df3d,3662,5.2,1
4116605,4168,5.2,1
4746d6c2,11143,5.2055,1
4117fd5c,10863,5.2055,1
34cdfd74,4219,5.2055,1
3be394a6,9981,5.2055,1
4a62a5de,1876,5.2055,1
34e14cd3,3593,5.2082,1
1ef5949e,4716,5.2027,1
6f9c3166,10888,5.2082,1
48fdde97,10557,5.2055,1
1b9ae8a6,3239,5.2082,1
72945315,7186,5.2082,1
17eece03,7217,5.2082,1
29579ff9,6484,5.2082,1
27ce8cb4,10245,5.2082,1
2d8b4330,6591,5.2055,1
25e269e0,3603,5.2082,1
161f7bc,1517,5.211,1
609ebf45,10950,5.211,1
75a34cf8,6584,5.2082,1
5cc8a,2686,5.2082,1
5373c979,10038,5.2137,1
402a5c2a,1365,5.2137,1
26dbd5d4,4673,5.2137,1
28091aa4,13886,5.211,1
3df8ec77,2459,5.2137,1
52d3b3bc,1772,5.2164,1
2a5eb947,6481,5.2137,1
4ae24a92,8736,5.2164,1
57afd91d,1024,5.2137,1
30039ced,8427,5.2164,1
121f8df5,9980,5.211,1
3ec5f59d,5377,5.2164,1
7f829702,2149,5.2137,1
6a868773,1486,5.2164,1
20498d34,2148,5.2164,1
7827e575,10692,5.2137,1
546fea68,14028,5.2137,1
3f3e5d60,8754,5.2164,1
52fd40f7,8416,5.2192,1
5fac3e70,7477,5.2055,1
49b82e3a,8424,5.2192,1
343a396d,7273,5.2192,1
5372579e,2190,5.2219,1
14b91cc8,14055,5.2219,1
37221882,4144,5.2219,1
4ca023b2,2982,5.2219,1
1e1facaa,4333,5.2247,1
7fa7db8b,10492,5.2247,1
1ee7737a,10463,5.2247,1
50655e51,7552,5.2247,1
27d3bd7a,10507,5.2247,1
3fae989d,3672,5.2247,1
1336755a,4142,5.2247,1
36634814,4220,5.2274,1
72b60755,3038,5.2274,1
7e7d5c63,11277,5.2301,1
33b9603a,4463,5.2274,1
6fba75d9,10696,5.2301,1
1e4c4855,4674,5.2301,1
241b72c3,5342,5.2329,1
665555ba,10702,5.2301,1
1e9541fa,10508,5.2301,1
22bdfb4c,6228,5.2301,1
35ebd9bf,3607,5.2329,1
79d27f17,7576,5.2329,1
5dcf08b2,4464,5.2329,1
117b7e34,4462,5.2301,1
25d57770,3250,5.2329,1
68ff8f1d,10982,5.2356,1
4d509028,10703,5.2356,1
710cd68,5653,5.2356,1
9f0440d,8155,5.2329,1
1de3a549,2101,5.2356,1
54fbb70d,7601,5.2329,1
55814b77,2282,5.2356,1
5edabde6,7599,5.2301,1
5e938299,7594,5.2384,1
14349985,10704,5.2384,1
57591599,462,5.2384,1
2dbc2f7b,9979,5.2356,1
8dc26f6,14076,5.2411,1
74a48bca,8279,5.2384,1
5b9d713f,3623,5.2438,1
41a75229,5654,5.2438,1
5e4d7259,8281,5.2438,1
5a30a6e4,5522,5.2438,1
7d31f499,8328,5.2438,1
37cf04f0,14052,5.2384,1
20c62330,6307,5.2466,1
75f3340a,14071,5.2466,1
5b8b1b1b,9982,5.2466,1
6e616589,3661,5.2493,1
21c61431,2458,5.2466,1
16248026,4740,5.2493,1
324fede7,8539,5.2438,1
30887c9a,5407,5.2438,1
2b36546,6305,5.2493,1
44db4693,6310,5.2493,1
6fcfc337,11278,5.2493,1
ac37336,4146,5.2521,1
61e25b9a,5594,5.2521,1
3358ea53,11255,5.2521,1
56f09c9c,3638,5.2521,1
47066def,3251,5.2521,1
3419b539,10691,5.2493,1
4067db9b,6226,5.2548,1
51fd9d5d,11256,5.2575,1
3e274c64,3604,5.2575,1
12a1ab77,10030,5.2575,1
663cd5d9,2365,5.2575,1
1ff5045a,6443,5.2575,1
61b0af3c,10762,5.2603,1
7e554a6e,6395,5.2603,1
7ec7ca60,3608,5.2603,1
62748d0b,2272,5.263,1
5fe3b420,5292,5.263,1
44a7494f,3247,5.2603,1
655a684c,6082,5.263,1
4927c636,1360,5.2658,1
5c6b48,4717,5.263,1
2d0a4961,6241,5.2658,1
79d86094,3441,5.2658,1
390c3105,10034,5.263,1
4e6d5664,4358,5.2658,1
31d35f89,11288,5.2658,1
bb555e7,787,5.2685,1
7687791e,10558,5.2685,1
70ea9742,7309,5.2685,1
5369c98d,4467,5.2685,1
77936bf2,3150,5.2685,1
5c975d9e,4530,5.2685,1
27239042,8329,5.2712,1
7d2c2186,7187,5.2712,1
6014ba0f,14072,5.2712,1
c349104,4221,5.2712,1
6aa946b1,348,5.2685,1
2531f678,1364,5.2712,1
76156a73,4784,5.2712,1
3394627c,7539,5.2712,1
1b8069bb,8048,5.274,1
660aef90,6242,5.274,1
3bbc28b4,10500,5.2712,1
3cdf8484,8477,5.2767,1
5ae2a74b,3151,5.2767,1
11a1051e,3347,5.2767,1
66279b42,4465,5.2658,1
552766e0,5595,5.2767,1
76308278,6243,5.2712,1
6e65f0b4,4708,5.2712,1
34469c44,10354,5.2767,1
6e61ec05,1025,5.2795,1
3bcaa57d,3663,5.2767,1
1cb090f3,10246,5.2767,1
5d912381,7600,5.2822,1
5d3520cb,8676,5.2822,1
3cd5feac,3674,5.2822,1
247ac6cd,7272,5.2849,1
161c0523,1738,5.2849,1
70a374e8,3610,5.2849,1
4e4214f,6240,5.2849,1
17578fe1,10734,5.2877,1
65696f68,4707,5.2877,1
3b27a419,10983,5.2877,1
e865319,14073,5.2904,1
2bcdf5df,5572,5.2877,1
4e5fc0,5584,5.2932,1
234cba77,11060,5.2932,1
7d00dce0,8280,5.2932,1
2e72728e,8690,5.2877,1
12d0e2c2,683,5.2959,1
76c4eead,5150,5.2904,1
56f78e4a,7478,5.2959,1
5e2eb2f9,10984,5.2959,1
32b0b641,14074,5.2986,1
2a178fe2,10491,5.2932,1
24b56b0b,3611,5.2932,1
3ea9db61,4718,5.2959,1
196e9b11,8744,5.2986,1
c3dbc0c,7968,5.3014,1
4c3d3fd3,5592,5.2986,1
6652e61f,4466,5.3014,1
3bf5406d,2825,5.3014,1
7d0942e5,8540,5.3014,1
69b024ed,4798,5.3014,1
4eb9cd9,7602,5.3014,1
71476b59,6592,5.3014,1
65d79d94,13907,5.3041,1
6270b721,347,5.3041,1
14c4fd2f,8746,5.3041,1
7c3b3416,11144,5.3041,1
246e721c,11059,5.3068,1
3e1cb6a1,1023,5.3096,1
7d0c6038,3679,5.3096,1
4e92d733,2745,5.3068,1
2500ac32,3609,5.3096,1
346dce18,14021,5.3096,1
6b2cc173,1089,5.3123,1
2eaefda1,4854,5.3123,1
1416a641,10559,5.3096,1
3c05a098,1897,5.3123,1
22961a80,10705,5.3123,1
7a657aae,6262,5.3123,1
774f1bc8,1962,5.3123,1
6f36655f,3115,5.3151,1
66df64d9,10560,5.3178,1
2061536e,10733,5.3151,1
740f3098,5075,5.3151,1
256e94bd,11154,5.3178,1
2a705a83,3598,5.3178,1
37141ab8,7358,5.3205,1
3a126732,8534,5.3205,1
6b88c7b1,4223,5.3178,1
495e440e,5289,5.3205,1
43043c01,5593,5.3205,1
54523f03,1366,5.3205,1
7d50e94c,11158,5.3205,1
50481c18,3110,5.3205,1
324ed624,5149,5.3205,1
77215d49,11153,5.3233,1
69316685,11289,5.326,1
dc1d068,8156,5.326,1
1df9a514,10764,5.326,1
5942bf79,10735,5.3205,1
24747a0d,5573,5.326,1
79113195,5333,5.326,1
497d870b,1768,5.326,1
2735ac7b,3576,5.326,1
77b47c8c,3596,5.3288,1
4f14ce59,3605,5.3288,1
b9fffca,8745,5.3315,1
3bc1bc74,10394,5.3288,1
3ce21d13,10518,5.3315,1
1d6f4601,5378,5.3315,1
627ed0c,8541,5.3315,1
363e3880,7357,5.3342,1
34c6d12d,8426,5.3342,1
1df62ea9,4222,5.337,1
7140827d,464,5.337,1
62ba62d7,1474,5.337,1
542e50e8,6183,5.3397,1
cc98db3,5273,5.3397,1
7808c5fb,7474,5.3397,1
3fb51842,3253,5.3397,1
440e473c,4853,5.337,1
577b46b0,11061,5.3397,1
ea879b9,6519,5.3425,1
28a7c194,1608,5.3425,1
1ab51d85,10694,5.3479,1
163eee66,13926,5.3452,1
15e93eb,6244,5.3479,1
4c7647c8,8425,5.3479,1
15d051cd,2746,5.3452,1
5a4b84b3,3597,5.3479,1
28263aa3,8478,5.3507,1
49accd37,3664,5.3534,1
3be70c42,7218,5.3534,1
4ed3011e,10893,5.3562,1
3c5fc823,5596,5.3562,1
3065570b,3577,5.3452,1
5f0d1382,6521,5.3562,1
52f84c25,4469,5.3562,1
368d23a8,8282,5.3562,1
211794a0,5597,5.3589,1
350bac27,10736,5.3589,1
63869069,10039,5.3616,1
79415e1d,10493,5.3644,1
69260129,10697,5.3671,1
260eb2fe,6312,5.3699,1
4e8c488c,11145,5.3671,1
65ec6aec,10031,5.3699,1
204d1733,10889,5.3699,1
195e8cec,8285,5.3726,1
6a1c886c,7471,5.3726,1
39d64e93,6184,5.3753,1
15b2b90d,325,5.3726,1
4808064d,3252,5.3781,1
3a56e988,8368,5.3781,1
76849e0,2687,5.3808,3
21326343,6520,5.3808,1
78666ebb,5379,5.3808,1
3376dc30,11290,5.3863,1
45cb5c81,463,5.3863,1
28bddf21,14077,5.389,1
748a5b3b,4855,5.389,1
5c34c5d3,6311,5.3918,1
7637c633,3254,5.3918,1
5862917a,176,5.3945,1
7d9eacb0,13959,5.3973,1
4de449ab,2983,5.3973,1
2693e9b3,8283,5.3945,1
7d6418df,1367,5.4,1
36bcb27e,3157,5.3973,1
18e760c5,7480,5.4,1
7ef2fcc4,7606,5.4055,1
76013486,11157,5.4055,1
2bfe6879,7969,5.4055,1
7882103a,3666,5.4055,1
11ffc732,2690,5.4082,1
27b7c298,8756,5.411,1
b20e211,8288,5.411,1
73f6eb82,3156,5.4082,1
6ea5748f,7479,5.4137,1
36406482,8755,5.411,1
5eaba1b0,324,5.4164,1
31022b00,7274,5.4192,1
744630a3,11062,5.4219,1
41173edd,8702,5.4219,1
2a68a65c,3503,5.4219,1
1a220a61,2691,5.4219,1
1971881e,4584,5.4301,1
7abcf288,2189,5.4274,1
2328e0fa,6593,5.4301,1
4232a16e,8542,5.4219,1
62c8d803,8286,5.4329,1
27ce2fd1,11293,5.4329,1
5f571c23,7440,5.4301,1
8b9ff76,10890,5.4329,1
19269e50,8289,5.4356,1
2c1526a2,10698,5.4384,1
77065756,5598,5.4384,1
5cb92dcf,4583,5.4274,1
7af33456,4025,5.4356,1
1da2892f,8703,5.4384,1
5aa797a2,4468,5.4466,1
5bf53b23,10040,5.4493,1
5f029a62,3158,5.4466,1
3cb04450,10763,5.4493,1
5ca38d8f,1518,5.4521,1
35d24918,2688,5.4493,3
532ed287,7291,5.4521,1
18b4930a,267,5.4548,1
2618d688,8751,5.4548,1
125d1da,6245,5.4548,1
243a8193,7604,5.4548,1
182a7add,3606,5.4575,1
78e653c6,7605,5.4575,1
116ca37a,2689,5.4548,1
5762e601,8760,5.4548,1
2724d367,1609,5.4548,1
6c13a9cc,1090,5.4603,1
26a1bfeb,11291,5.4603,1
663317d0,8749,5.4575,1
1094ed54,7441,5.463,1
670d4f9a,1519,5.4575,1
16a1c77e,11156,5.4658,1
3d547ca6,2191,5.4658,1
70e870de,6313,5.4603,1
4327714b,3111,5.4712,1
4edb972a,8287,5.4712,1
565923b8,6309,5.4712,1
48f6c499,6594,5.474,1
302359e5,6522,5.4712,1
2253ea0c,8747,5.4712,1
3d08591d,788,5.4795,1
43a49029,8428,5.474,1
69e215c9,8292,5.4849,1
54dc9173,11292,5.4849,1
2be3ea44,311,5.4959,1
4c2102c9,10041,5.4959,1
35141ad9,6185,5.5014,1
5cc9179,5599,5.5041,1
5f34201,7970,5.5041,1
37dd48dc,1091,5.5014,1
7ce7ceca,8737,5.5041,1
31f62931,6518,5.4932,1
b79fec7,3112,5.5096,1
154df01f,6523,5.5041,1
11be7b3d,3612,5.5123,1
7585528c,5601,5.5123,1
4bc25b52,3613,5.5178,1
4ed1ea3c,7607,5.5233,1
60d24c37,1368,5.5233,1
7f2ef966,5274,5.5288,1
71bc214c,14075,5.5315,1
5d86d6b6,10765,5.5315,1
7f11f813,7603,5.5315,1
216b1305,363,5.5342,1
3d2c760d,5609,5.537,1
205fd44f,7608,5.537,1
529e9787,268,5.537,1
1df72da8,3665,5.537,1
5af3b17b,3724,5.5397,1
2ad21b56,364,5.5397,1
931e9b3,11163,5.5397,1
74f14fef,8284,5.5288,1
c94941f,8750,5.5425,1
5275dc59,5600,5.5342,1
154ac705,8766,5.5452,1
2ff86651,789,5.5452,1
5108ca76,6524,5.5452,1
2d63531a,11294,5.5479,1
5b13341e,7442,5.5479,1
6e52cb5c,8369,5.5507,1
2f4e229,5602,5.5507,1
1538c37b,8753,5.5507,1
22f4a945,8752,5.5452,1
36a6dde7,10035,5.5479,1
5a049e6c,11953,5.5534,1
7f44daaf,8293,5.5534,1
6f6f53fc,7437,5.5562,1
1bd9a0cf,3160,5.5507,1
6011c0a1,6186,5.5507,1
2c34fd27,7438,5.5562,1
2b8dd765,8290,5.5589,1
51e3a279,11306,5.5616,1
6f656406,10894,5.5616,1
28eda15e,6595,5.5644,1
5504cb86,8291,5.5644,1
c4ce22b,14078,5.5616,1
79afb40,10036,5.5671,1
42693229,5275,5.5671,1
31c28919,11295,5.5699,1
7b31e63f,11159,5.5699,1
39c6fb1c,3667,5.5726,1
70ab88b7,7609,5.5726,1
5b232e28,5607,5.5726,1
5af468b0,5610,5.5753,1
a64d855,4856,5.5753,1
1174b4a,11296,5.5781,1
24b88030,1769,5.5726,1
5df0ddff,6596,5.5808,1
71fa1064,3680,5.5808,1
4a0c480a,8761,5.5836,1
2a55e87b,365,5.5836,1
40c0b3e6,8748,5.5836,1
7111d7eb,5603,5.5836,1
50c9909d,14080,5.5863,1
54adc0fd,10766,5.5863,1
782dde96,3159,5.589,1
1b99b17f,1369,5.5918,1
7dbef7d8,11164,5.5945,1
2efc90b,11161,5.611,1
302a6bce,14081,5.611,1
1e3efcb3,11162,5.6082,1
490ac565,14082,5.611,1
8f1588c,5276,5.6192,1
2fb7e7d,7652,5.6137,1
23da702c,760,5.6219,1
7e2058b8,7611,5.6219,1
50e99c95,5608,5.6192,1
1792f8ab,7610,5.6219,1
2dc6ee82,11160,5.6274,1
15a5e7ed,10891,5.6274,1
4cf46bb2,366,5.6329,1
30ed0f0c,6526,5.6384,1
30bafe1a,14079,5.6411,1
a9aed6f,6597,5.6438,1
655cae75,2692,5.6438,1
15eba9b6,8757,5.6493,1
3d9148bd,312,5.6521,1
5a3c3b3b,2693,5.6575,1
6eb6a0cf,4857,5.6603,1
109554b1,467,5.663,1
74f3b5c4,5585,5.6603,1
617c7448,10892,5.6685,1
7905486,360,5.674,1
3e43dda4,5277,5.674,1
7bf7d07,3668,5.6849,1
305c09ed,4858,5.6822,1
b02093e,8767,5.6904,1
eb348bc,11307,5.6822,1
72185b28,10043,5.6932,1
22db37e7,2694,5.6959,1
60b019ff,8739,5.6959,1
390b817b,6525,5.7205,1
b2b917d,10042,5.726,1
2d69c84e,465,5.726,1
38f2060b,11308,5.7315,1
2c8d2b4c,177,5.7342,1
1d9817d0,8762,5.737,1
6efd8a9b,11298,5.737,1
66077f8b,1370,5.7397,1
16ddf66,3599,5.7397,1
6410c4e,5586,5.7452,1
3e23a69,7443,5.7397,1
60aaa9e3,5587,5.7562,1
10651548,6527,5.7589,1
3d5114b1,10044,5.7616,1
6077dfb7,12759,5.7589,1
25bc7ef,6324,5.7671,1
725490a2,11165,5.7671,1
4784caba,8758,5.7671,1
4e369e61,5813,5.7671,1
320e07d6,8738,5.7671,1
7245aa67,5656,5.7699,1
23d2f2bb,8768,5.7753,1
2c1149ff,11299,5.7863,1
7a160d5f,11309,5.7863,1
1ba6c9bd,7444,5.7918,1
1e599ecc,15335,5.7753,1
44ef4e3c,761,5.7863,1
6297a9ef,790,5.7918,1
28212c17,15336,5.7945,1
5e7f38f,320,5.8,1
3b47d3a1,6314,5.8,1
6440cdf7,5612,5.8027,1
4918f086,6528,5.8027,1
45a014fc,7445,5.8082,1
7f61fc4c,6316,5.8082,1
7a3ef2da,792,5.8082,1
1873b71f,5604,5.8082,1
5db15719,8769,5.8137,1
2d42437f,3681,5.8137,1
20e7cc2f,791,5.8164,1
25294c63,5605,5.8164,1
72f7de40,7439,5.8274,1
4d9122da,6315,5.8329,1
530909f3,15334,5.8301,1
521b70c7,11960,5.8356,1
14173a4e,5611,5.8411,1
18640d4d,15337,5.8384,1
3c2c0da5,8770,5.8411,1
7065c1be,6320,5.8438,1
191cdd76,11954,5.8466,1
34a6aa9a,7612,5.8438,1
2f7b6b6c,11956,5.8466,1
645fa4bd,7660,5.8521,1
73e60a03,3161,5.8603,1
2d504df0,361,5.863,1
2c23c0ba,270,5.863,1
58f7fe59,367,5.8685,1
1b825156,794,5.8685,1
3412b01b,6321,5.8712,1
50a56317,362,5.8685,1
49bb9e84,5613,5.874,1
54178c3,6317,5.8795,1
6868033,6318,5.8767,1
6164a38c,5657,5.8795,1
68e54617,269,5.8767,1
49d6a178,3727,5.8877,1
7be33769,5614,5.8932,1
3fdf935a,5615,5.8932,1
7dc8af48,10046,5.8904,1
5101c4a4,6603,5.8904,1
1e91ce8,326,5.8959,1
63532bc3,3726,5.8986,1
58f8acb3,3162,5.9041,1
205521b0,3686,5.9041,1
18df781d,6598,5.9068,1
511829b2,3682,5.9096,1
bbbfbca,10045,5.9178,1
2bef0d61,7661,5.9205,1
64f300f7,10895,5.9205,1
223ef10d,6529,5.9233,1
41c26ac7,6326,5.9288,1
51878ef4,10896,5.9288,1
4162f04e,793,5.9233,1
25005a0,8759,5.9342,1
574c89a9,350,5.9342,1
57b32a7e,5588,5.9342,1
575e61d,11955,5.9425,1
68e83869,321,5.9479,1
6a174dd1,14084,5.9479,1
24396a37,11957,5.9507,1
ed625a3,11958,5.9507,1
7b1962a9,14083,5.9589,1
27d46f60,6530,5.9589,1
77fdc78e,3687,5.9589,1
187a6394,15293,5.9616,1
27bea605,6319,5.9616,1
231562fd,470,5.9644,1
3acd10a6,14085,5.9644,1
7160b2a8,1371,5.9616,1
233cac0f,6602,5.9671,1
68929e02,5616,5.9726,1
2bb6201f,7663,5.9726,1
16dc0450,15294,5.9781,1
244a4382,11961,5.9808,1
79ac5def,11297,5.9836,1
3ab82b24,6327,5.9808,1
dad4580,7653,5.9863,1
4b37ccee,3728,5.9918,1
519bbb4f,11301,5.9918,1
4a43c7b6,7655,5.9945,1
f169c8f,327,5.9973,1
2da50a3b,11300,6.0055,1
5880e3dd,6599,5.9973,1
6b8cd3b,11310,6.0055,1
54cd6a41,349,6.0055,1
e76919,3725,6.0082,1
5164fec,5606,6.011,1
1fd8f9e2,11167,6.0137,1
5ad7da98,6322,6.0164,1
529319a2,8763,6.0164,1
79bac413,10897,6.0219,1
65772ce1,468,6.0301,1
5ee32ef7,11168,6.0274,1
693d63e8,14195,6.0329,1
dda674d,7657,6.0329,1
244df7c5,11171,6.0329,1
51165233,11311,6.0301,1
16ba73b6,6353,6.0411,1
16c54a70,466,6.0411,1
14e55963,11312,6.0411,1
15172bd5,5617,6.0438,1
6eaf956c,7658,6.0438,1
3ce0fc63,7662,6.0521,1
4adba4bd,11166,6.0521,1
293fe01f,11169,6.0548,1
1515b982,182,6.0603,1
2b85c402,10047,6.063,1
3f2c9b11,3163,6.063,1
3cec7383,12129,6.0685,1
69eee89b,178,6.0685,1
6a054319,184,6.0685,1
52e43e72,11172,6.0767,1
574445f8,3729,6.0904,1
2b6c6747,469,6.0932,1
7beab618,14087,6.0986,1
5b67c1fb,12128,6.0959,1
38e06c78,372,6.0959,1
2e452d27,9121,6.1014,1
8eb54f8,8764,6.1014,1
ab7cc57,5814,6.1041,1
48b6d377,273,6.1068,1
3bd273bd,7664,6.1096,1
2ba48647,3683,6.1123,1
25a76489,373,6.1151,1
4ecc8aba,3732,6.1096,1
29e94b6d,10048,6.1178,1
43d2bdf6,11959,6.1178,1
1c524b0f,6328,6.126,1
62010e99,3684,6.1315,1
43198b66,12130,6.126,1
4a66d6ff,16194,6.1342,1
60551c53,6600,6.137,1
6ed13965,5659,6.1342,1
4ce87e0,12761,6.1397,1
786378a8,7666,6.1425,1
309c4473,12760,6.1452,1
57614914,7654,6.1479,1
27e0259f,11170,6.1479,1
2128e2ce,15341,6.1507,1
4425aff3,5658,6.1534,1
1648d4d8,6601,6.1507,1
711a6f64,3685,6.1589,1
4bbc16ec,6325,6.1589,1
6dd61ed9,11173,6.1616,1
4657ea7,9123,6.1616,1
54db94e7,6323,6.1644,1
7ffbf3e6,3700,6.1671,1
3aaa8638,16195,6.1753,1
22061a16,9122,6.1699,1
36bd2a0c,8785,6.1753,1
d39c8b7,11302,6.1808,1
54d095b,5816,6.1836,1
4c657a06,15342,6.1836,1
583375da,6347,6.1918,1
2509bed7,5817,6.189,1
153d792b,3733,6.1945,1
3d879431,12762,6.1918,1
5d12075d,8775,6.1945,1
37cdd6ca,7665,6.1918,1
74f2ccf4,15339,6.2,1
191804e0,16196,6.2,1
25d7e2dd,16197,6.2,1
710ffe12,15430,6.2,1
562184,15338,6.1973,1
28ad1d7f,6333,6.2,1
4a5ae1f2,6331,6.2027,1
13bcd35d,12133,6.2055,1
24d7c7c5,8765,6.2055,1
1dcd5056,798,6.211,1
5dcbf075,14086,6.211,1
1eec77f1,7656,6.211,1
4003df4f,6604,6.2137,1
3550da29,6350,6.2164,1
42686335,8784,6.2192,1
40226b55,6607,6.2219,1
1e052db9,12131,6.2219,1
2db73dc2,15433,6.2192,1
2c47828a,12763,6.2247,1
33cb1b32,15601,6.2247,1
6ec2b5fe,15344,6.2247,1
7fec2c94,6608,6.2329,1
48b3ae35,15343,6.2384,1
5c7ed3cc,7659,6.2438,1
522b4494,7668,6.2466,1
73c8ae2,8786,6.2493,1
738fdcdb,6329,6.2466,1
53eb97ce,14196,6.2521,1
2df6c97a,12765,6.2548,1
ba5b84e,15602,6.2548,1
3a2524a,6334,6.2548,1
60aaa346,6330,6.2548,1
7b0c0b30,6605,6.2575,1
2cab921a,3701,6.2603,1
42feb309,6348,6.2603,1
4546d231,14491,6.263,1
5d4dabd7,795,6.2658,1
4c6c9236,11361,6.263,1
79e9b86e,15434,6.2658,1
62a769e8,7667,6.2712,1
6cacc35b,6349,6.274,1
52846578,6346,6.2767,1
2ed90e74,16199,6.2767,1
7a51b03c,12764,6.2822,1
5fab75e,8771,6.2877,1
31be8bca,8773,6.2849,1
4e4f5dd0,11998,6.2877,1
2856ed79,15340,6.2877,1
17fe95d8,8776,6.2877,1
2e866203,274,6.2959,1
66209dfa,11362,6.2959,1
11071152,12132,6.2904,1
73ac1292,8781,6.2959,1
25927f7f,16198,6.2959,1
46216e40,8772,6.3041,1
6021f6b,3730,6.2932,1
248ce433,15295,6.3068,1
da8ec71,15296,6.3068,1
65721b77,6610,6.3068,1
68dafb6f,6611,6.3096,1
3bf7133c,6609,6.3123,1
76e9396c,15597,6.3151,1
3507f6fe,3164,6.3205,1
7f064f4b,5662,6.3233,1
7c6bdd64,5735,6.3233,1
43f6a9dc,9124,6.3233,1
49cc075a,5736,6.3233,1
4fd653f,3699,6.3233,1
2e03fbe0,6606,6.3233,1
265f1839,15297,6.326,1
5091ed67,14197,6.326,1
794ec6f8,3688,6.326,1
2b56d8c0,799,6.326,1
16758073,3862,6.326,1
4835dc54,8779,6.326,1
15845d96,3863,6.3288,1
27aad164,3784,6.326,1
61e0c48f,11962,6.3288,1
1710fae0,6332,6.3288,1
5361c444,12766,6.3288,1
186697fc,183,6.3315,1
222aea9b,8896,6.3342,1
441b55f6,6339,6.3342,1
2dc6b4fb,11963,6.337,1
54cc606f,9226,6.3397,1
78b9c47d,12004,6.3425,1
d3297c3,8777,6.3397,1
1318c776,3864,6.3425,1
24e00262,8897,6.3452,1
124ca0af,6340,6.3452,1
b59b1aa,12134,6.3479,1
77dc7455,11997,6.3507,1
5e2fe4c0,3758,6.3562,1
9f0830a,12136,6.3562,1
7a780e75,12135,6.3534,1
dc6804d,3731,6.3562,1
5019f6bc,9125,6.3589,1
6a7e0497,5815,6.3616,1
4bd4b4be,15299,6.3616,1
6afc40e0,5965,6.3671,1
c63fe63,3689,6.3671,1
50cdf06c,15431,6.3671,1
6930c6d0,6335,6.3671,1
63850465,6336,6.3699,1
72fee0c,6612,6.3699,1
fdc4549,762,6.3699,1
7176633,12770,6.3644,1
302d8a4e,796,6.3699,1
5f44ccdd,9228,6.3726,1
27e316b7,5737,6.3699,1
166400af,12859,6.3753,1
10853ca2,9227,6.3781,1
531d2afd,9480,6.3781,1
5b0c4f75,8780,6.3781,1
4a78f90f,8782,6.3781,1
165b65f4,3692,6.3726,1
6f0071c6,3690,6.3808,1
50e9943f,11964,6.3863,1
5d54afac,6341,6.3808,1
106d1537,3693,6.3863,1
7c0fd8bd,9481,6.389,1
40fab48,368,6.3863,1
220f4a59,3736,6.3945,1
605be36f,12767,6.3973,1
188a1907,3734,6.4,1
6036738c,14346,6.4055,1
627e8507,12771,6.4055,1
5d0142bc,14347,6.411,1
150b3a3a,6351,6.411,1
3f93620c,14492,6.411,1
46729104,14200,6.4082,1
50327270,8774,6.4055,1
39426014,15484,6.4082,1
7f1ce68,14493,6.4137,1
4be7ee46,6354,6.4137,1
19cfac8f,3753,6.4137,1
5aadec34,15432,6.4192,1
5326eb87,14198,6.4192,1
3a7a14eb,3703,6.4192,1
27c7aa7b,15462,6.4164,1
4388d1d8,9482,6.4192,1
767149d1,8783,6.4192,1
126ffe4b,9483,6.4164,1
8e10a0f,14199,6.4219,1
d620cda,8778,6.4219,1
7121f366,3694,6.4192,1
28f1ab54,6355,6.4247,1
7f0f2eaf,15773,6.4247,1
1c51c6af,5753,6.4274,1
251b0a5a,17251,6.4274,1
7dc0418e,17250,6.4274,1
2bec498c,3786,6.4329,1
68ff365d,15485,6.4329,1
1c601658,9484,6.4329,1
179cdd2,3865,6.4329,1
7fbdb458,14784,6.4329,1
7d8c8833,11314,6.4384,1
3f58adf9,3702,6.4329,1
6dcb61be,12217,6.4411,1
5b679c94,7716,6.4384,1
13a259a,3737,6.4411,1
71056889,12327,6.4438,1
332a7d05,3790,6.4466,1
3edd2c26,11317,6.4466,1
2c5050d1,5774,6.4438,1
44631bb8,15964,6.4356,1
6eb60332,179,6.4493,1
6f97d2fb,6352,6.4493,1
3e562d1d,5660,6.4548,1
1aa00274,3804,6.4521,1
40bb6089,188,6.4548,1
1750c8a4,7670,6.4521,1
3a4e9ba7,14128,6.4521,1
3928c447,11999,6.4575,1
4c485772,3789,6.4575,1
7f075089,9485,6.4548,1
2381c2b4,6359,6.4603,1
8297cab,15461,6.4575,1
6e8049d8,12768,6.463,1
38a54165,5908,6.463,1
2921bb3d,15301,6.4603,1
56d458a2,5819,6.463,1
6f79cf81,15670,6.4658,1
7beda4ae,3705,6.4658,1
69517cdf,9137,6.4685,1
4d0dca9b,3803,6.463,1
39e89ad0,11967,6.4712,1
2fb69197,12038,6.4685,1
4d63a73a,6356,6.474,1
6e19e51f,14088,6.474,1
13dacc16,9127,6.474,1
87bcdd3,16200,6.4712,1
5871e191,6357,6.474,1
79e1c69d,6337,6.474,1
387c8681,5775,6.4767,1
3c1e1fcb,763,6.474,1
6add48ce,12861,6.4712,1
713b0e36,6963,6.4685,1
3d77516d,5834,6.4767,1
3a04cd0a,12772,6.4767,1
4d4f2da,11965,6.4795,1
4a55bd70,8898,6.4795,1
6f913b6,3735,6.4795,1
6e2b09f,15630,6.4767,1
736a36e2,12769,6.4795,1
36a3b98d,471,6.4795,1
1196517,7669,6.4767,1
6640f679,3748,6.4822,1
28ea3da4,14209,6.4822,1
3a299e77,16687,6.4795,1
36aa99f9,5818,6.4795,1
3b1f066e,15302,6.4822,1
7164edc7,9126,6.4849,1
10f62eac,7719,6.4822,1
6ce4f3e5,3787,6.4822,1
6908360b,5773,6.4849,1
2ae77132,5663,6.4877,1
2bd21434,9129,6.4877,1
6dbaa43b,14785,6.4932,1
7cbbab7c,11315,6.4932,1
5d996909,12937,6.4904,1
7589a4df,473,6.4932,1
4f77665,12860,6.4904,1
64f625bd,14494,6.4959,1
45b78214,12220,6.4959,1
53706a8a,12005,6.4932,1
3761757a,12216,6.4932,1
6be78367,14575,6.4986,1
3ee9886b,12328,6.4986,1
55d1d31f,8924,6.5041,1
47370a80,11318,6.5014,1
17431cd6,12329,6.5041,1
406859e2,11313,6.5041,1
32b03b54,6342,6.5014,1
42ba26bc,3749,6.5068,1
4d2c4488,11319,6.5096,1
42864457,16789,6.5123,1
4b2436f1,14495,6.5151,1
40a3a2ac,5661,6.5096,1
21590fd8,16079,6.5151,1
73fa4b77,14210,6.5151,1
77495f3c,14569,6.5178,1
5cdd5984,16080,6.5151,1
111d164e,9700,6.5151,1
2c091ab4,9274,6.5123,1
71627b5b,11968,6.5178,1
50e227f3,12006,6.5233,1
66c54512,14357,6.5233,1
2fd2fc4,3698,6.5205,1
2e48ec2,7717,6.5233,1
60272463,14206,6.526,1
21bb5a2b,14358,6.5233,1
6d1a76db,5924,6.526,1
6f2e7b3,13059,6.526,1
5f2fcf32,15994,6.5233,1
2f7d030a,8964,6.5288,1
243eacfe,3785,6.5288,1
1710cf88,8906,6.526,1
5d982e42,3906,6.5288,1
3eea7a,3165,6.5315,1
1aacaa0c,15345,6.5233,1
5d25881b,14202,6.5342,1
b721995,12228,6.5342,1
2a051196,3902,6.5342,1
3849752a,12000,6.5315,1
7b8d1174,3788,6.537,1
40e38c3,3697,6.5315,1
1da00cb4,16940,6.5315,1
e35b8c5,12866,6.5342,1
7b0841e0,14570,6.537,1
3d5e49f0,3695,6.5397,1
1f01dc3c,15598,6.5397,1
20862743,11511,6.537,1
3118925d,14090,6.5452,1
3a6806cd,8907,6.5479,1
75b6d9b9,15671,6.5507,1
23dacd79,7759,6.5479,1
1668566f,15600,6.5534,1
55fc7e86,13027,6.5562,1
2fd8449a,3763,6.5589,1
6ce02bc9,14091,6.5589,1
5bfe7a7b,15965,6.5589,1
52e6c2fa,3691,6.5589,1
64588e6e,6906,6.5589,1
949faeb,17259,6.5562,1
649a2668,15438,6.5589,1
fc913,14348,6.5616,1
46d5f951,9128,6.5589,1
74d28a44,6837,6.5616,1
ed1cb34,5910,6.5616,1
20041c82,6820,6.5616,1
66dc24cb,5944,6.5616,1
53c0e71e,13060,6.5644,1
3adc568e,14089,6.5616,1
2df9eb24,797,6.5644,1
2d191215,15966,6.5644,1
2a648101,15672,6.5671,1
4a57e3a7,11969,6.5671,1
51db474f,13030,6.5671,1
5bd46c06,3704,6.5671,1
11730e8,16201,6.5671,1
7e486b44,3759,6.5562,1
1bbe42b8,8965,6.5671,1
76122e75,14363,6.5699,1
1c8a1f62,5911,6.5726,1
79663f5c,6624,6.5699,1
2ff1a477,5664,6.5699,1
7704c5f8,12001,6.5726,1
14311e4b,180,6.5726,1
1a59b943,11533,6.5726,1
4aab8217,6613,6.5753,1
1eab5571,14355,6.5753,1
616f52f,6932,6.5753,1
57e00ec3,11674,6.5753,1
4e42a66e,9487,6.5753,1
1fb8815b,14207,6.5753,1
9151381,185,6.5781,1
1e4317eb,12008,6.5781,1
389b3001,9229,6.5781,1
63b180aa,16081,6.5781,1
3cfca15c,6344,6.5781,1
21349bc1,5776,6.5781,1
385877de,8966,6.5753,1
186c39ed,11363,6.5808,1
19f0f24f,16712,6.5808,1
14a86e81,15675,6.5808,1
341a1caa,351,6.5808,1
788ac248,6907,6.5808,1
1751b923,17257,6.5836,1
5ff7e89d,6338,6.5836,1
6cccca90,14127,6.5836,1
72b03fcc,15967,6.5836,1
5c863b50,9166,6.5863,1
46040942,15885,6.589,1
4c16d358,3696,6.589,1
3f2bdb49,5909,6.5918,1
521a2b47,16688,6.5918,1
3432665f,16790,6.5918,1
5aaecac1,11970,6.5918,1
4ec4ef92,15599,6.5918,1
2fd49490,7720,6.5918,1
2c97c23e,5925,6.5918,1
bb0596d,11534,6.5918,1
7a8cbe9f,8992,6.5945,1
62e19ff6,11551,6.5945,1
691ae72e,12007,6.5945,1
7b0e5e01,7734,6.5918,1
72fc0b3c,11535,6.5973,1
1c0c34ba,13061,6.5973,1
6f4f47a6,17260,6.5973,1
1fb7275,12218,6.5973,1
22919382,14129,6.5945,1
2be63f87,15436,6.5973,1
39d1642c,17258,6.5973,1
16d7ccd0,12146,6.5945,1
44852e48,3754,6.5918,1
40764d54,5966,6.6027,1
6a26b8d9,12219,6.6,1
70a6a81d,14359,6.6027,1
42e44221,11673,6.6055,1
13999d88,9230,6.6082,1
2ffed35b,181,6.6082,1
a15e3ee,12039,6.6082,1
61f3a7c8,16941,6.6027,1
e20678e,14668,6.6082,1
7041560d,5937,6.6082,1
15aa54f5,14356,6.6082,1
622e34,12002,6.611,1
3562ee58,15435,6.6137,1
55f7579f,15439,6.6137,1
cca3271,8970,6.6137,1
76c1fcdb,8899,6.6192,1
3afc82c8,15362,6.6219,1
1b459161,15300,6.6219,1
6feee50b,5927,6.6192,1
54f3dc75,16229,6.6219,1
3b5722db,7011,6.6247,1
7db3b62c,17252,6.6247,1
3743cdc,14590,6.6192,1
7baee877,11364,6.6219,1
6653c67a,12003,6.6247,1
6416ed1,379,6.6274,1
1f8dc94f,14360,6.6274,1
55d7bebf,5932,6.6274,1
57141f24,3755,6.6301,1
60f86ce7,15780,6.6274,1
57d8afcf,12229,6.6301,1
213d78d9,14216,6.6301,1
2f8c63aa,15783,6.6301,1
5eba00a5,11552,6.6274,1
66bf6b1a,6622,6.6301,1
36f06f8b,5739,6.6329,1
a46cf0,11316,6.6329,1
49e70f00,15486,6.6356,1
5f787aa9,6838,6.6356,1
41eabb4e,3764,6.6329,1
db701ea,15673,6.6301,1
38697d1,12257,6.6356,1
36bf3c1d,12968,6.6384,1
221bc14f,14354,6.6384,1
17163cb7,14204,6.6411,1
6a8323ba,6964,6.6411,1
2099199b,14786,6.6411,1
6f098641,15507,6.6411,1
7ce81d73,6836,6.6438,1
7346b9a4,16690,6.6438,1
13642356,12260,6.6438,1
1fae2731,15298,6.6438,1
2df55f00,3751,6.6466,1
5f003046,15730,6.6466,1
35315609,9826,6.6411,1
5d0cd4f5,14353,6.6466,1
7e147a9b,6358,6.6438,1
4c58889c,3750,6.6466,1
73e60e00,14350,6.6466,1
20e3bf11,15463,6.6466,1
5fe99651,3756,6.6521,1
48f6c7f5,15437,6.6466,1
156bacd2,16691,6.6521,1
7cbb4b64,14201,6.6521,1
1d7fda8b,5912,6.6493,1
5e2a412a,472,6.6438,1
366cc9,9500,6.6521,1
201dfc75,11579,6.6466,1
2e4d94a0,11735,6.6548,1
6858c998,14571,6.6493,1
b10ed9a,9488,6.6521,1
7bfcec3,3908,6.6521,1
56958255,11321,6.6575,1
488e6415,11966,6.6548,1
6a1d2b92,11320,6.6575,1
5bf65656,9699,6.6575,1
66346095,6623,6.6575,1
5e3b2b79,11339,6.6575,1
6a442df4,15464,6.6493,1
69d580f1,3912,6.6575,1
13743fa9,14244,6.6603,1
192e81e7,9140,6.6575,1
28614f1e,7682,6.6603,1
12014c38,6909,6.6603,1
445e4bbe,7718,6.6575,1
3d42e83a,13149,6.6603,1
174ad6f9,15731,6.6603,1
43c06ff9,271,6.6603,1
6d94b24f,11580,6.6603,1
26f40984,9524,6.6575,1
144fe384,16689,6.663,1
367457ac,14669,6.663,1
7e3a8de7,14274,6.663,1
880a59c,6626,6.663,1
56733285,15803,6.663,1
468eaac9,9501,6.663,1
4d0ce24d,13062,6.663,1
7884038d,12867,6.663,1
133c8cda,352,6.663,1
7e17026,15804,6.663,1
2d9e9088,272,6.663,1
75de66dd,5821,6.663,1
2737ee0,5755,6.6658,1
47cd6010,14566,6.6658,1
e1f5ec8,15805,6.6685,1
57dc9553,15752,6.6685,1
52985fd,6698,6.6685,1
5132e9fb,15751,6.6685,1
482f0943,14208,6.6685,1
3c32f790,6345,6.6685,1
f779b48,5933,6.6712,1
494cc66c,9559,6.6712,1
4c901b74,3757,6.6712,1
20916eec,6614,6.6685,1
7919ab17,9819,6.674,1
40cc0354,5916,6.6712,1
52bc4dd3,9820,6.674,1
6adf8d71,5835,6.6767,1
61222117,14299,6.6767,1
30ed9038,330,6.6767,1
722cafbd,12936,6.6767,1
4ef2e4f9,6935,6.6767,1
7a87bf23,15995,6.6795,1
48b56c8c,14203,6.6795,1
4a65b775,12969,6.6795,1
2ae0e86a,5926,6.6822,1
3abf0db7,5778,6.6822,1
63b3e335,12137,6.6822,1
248a36c7,5698,6.6822,1
4635c70c,5836,6.6849,1
4333f33c,7812,6.6849,1
7b42f749,9013,6.6849,1
1a39c58,15996,6.6822,1
3e133f71,5837,6.6849,1
7df57d12,6908,6.6849,1
8bc5065,3807,6.6822,1
54caf85d,13028,6.6877,1
15ec121f,764,6.6877,1
4996efc0,3909,6.6877,1
1fdd160d,12330,6.6877,1
4b8a4720,12009,6.6849,1
758852eb,12057,6.6904,1
76834417,17631,6.6904,1
8954de8,3866,6.6904,1
7f0f4f89,16549,6.6904,1
48275589,8967,6.6904,1
e1d0e52,3740,6.6904,1
24e80366,12011,6.6932,1
630f01e,9138,6.6932,1
3468456,9556,6.6932,1
71bf12aa,3921,6.6904,1
1528dcc8,12256,6.6932,1
14196e73,14369,6.6932,1
234a2c92,6343,6.6904,1
2ae95013,8999,6.6959,1
2f86ac37,5760,6.6959,1
7974071a,5777,6.6959,1
264194b1,5838,6.6959,1
549d0257,13029,6.6986,1
3494b91f,9558,6.6986,1
1203e2de,9014,6.6986,1
6d013440,16458,6.7014,1
47cfc14d,9821,6.7014,1
7b7cfc59,3867,6.7014,1
41c767af,9345,6.7014,1
6a31ee68,11395,6.7014,1
1645bdbf,16283,6.7014,1
30701594,14565,6.6959,1
ef6745a,9199,6.7041,1
dfe3b44,12088,6.7041,1
370a1960,6933,6.7014,1
1cb04490,15760,6.7041,1
2b08b5ec,5780,6.7014,1
4eaf4c4b,13368,6.7041,1
4ebb4748,12331,6.7041,1
7346b560,199,6.7041,1
13270d5c,12822,6.7068,1
14e07371,11982,6.7041,1
da3dfc0,3791,6.7068,1
7aa913d4,15440,6.7068,1
4e50c5de,8927,6.7068,1
100896a6,13109,6.7068,1
595ffdce,14092,6.7068,1
87b94c1,15774,6.7068,1
6c7033b3,11971,6.7041,1
1f970544,12074,6.7096,1
52ebe946,8997,6.7096,1
2d9282d1,16282,6.7123,1
6524cc88,3810,6.7096,1
3e13d4d4,6625,6.7123,1
31ad9171,8998,6.7123,1
11e7caea,5929,6.7123,1
16b71f25,5779,6.7096,1
2f8a9328,3808,6.7151,1
6c094add,5913,6.7151,1
31f27834,5740,6.7151,1
1f121718,12040,6.7151,1
1204f10b,8847,6.7151,1
a707920,369,6.7123,1
64fad401,16096,6.7178,1
428335e1,9130,6.7178,1
6092c65d,12773,6.7151,1
6fb7a780,16082,6.7178,1
5ddf2cab,5820,6.7178,1
62836cc,6615,6.7123,1
70fea87a,14298,6.7123,1
22a79a42,3741,6.7178,1
6b950c9,17262,6.7205,1
418b034c,16692,6.7205,1
41e08884,11341,6.7205,1
6915002e,12949,6.7205,1
445845ba,15465,6.7205,1
665812f7,9701,6.7205,1
5a33b2f9,6970,6.7205,1
16409e6e,12019,6.7205,1
53a1908a,7778,6.7233,1
55527ad1,9405,6.7233,1
296910c8,11581,6.7233,1
1231bef8,17018,6.7233,1
90e13e,11561,6.7205,1
7992a6ad,5946,6.7233,1
5fea0466,16893,6.7178,1
51257443,14246,6.7233,1
192879b8,12231,6.726,1
671c21b,13369,6.7233,1
216ec5e4,15997,6.7233,1
16f5afa,9015,6.7233,1
ea9a785,9502,6.7233,1
79e305a0,6971,6.7233,1
5416fa51,14351,6.7233,1
5c7f8bd2,14352,6.7288,1
15630037,14567,6.7288,1
27bcb22d,3903,6.7288,1
93cf3ec,12629,6.7288,1
646aacd0,12176,6.726,1
74d167e,15631,6.7288,1
27cc3c5e,12944,6.7315,1
6523cf50,9178,6.7288,1
109bf341,12776,6.7315,1
541ef308,6699,6.7315,1
3b0ff113,3819,6.7342,1
44a276d6,15775,6.7315,1
7d6714e0,5928,6.7315,1
2f6bfbdd,5754,6.7315,1
574da031,16890,6.7342,1
6c50d53,12010,6.7288,1
25602830,5765,6.7342,1
61a3d2e6,3904,6.737,1
21a47116,9702,6.7342,1
673e7ccd,5742,6.7342,1
35fba872,3883,6.7342,1
30217a72,15907,6.7315,1
24261a26,9709,6.737,1
a273464,14510,6.737,1
7a111891,5743,6.737,1
57616d3b,3761,6.737,1
70cb94c4,17019,6.7397,1
6801f309,14211,6.7397,1
2ea2bcb8,16007,6.7397,1
51697f68,9197,6.7397,1
450aa849,15678,6.7397,1
e8e20c0,5948,6.7397,1
548687b5,12012,6.7397,1
76bd2098,13185,6.7397,1
74224551,16210,6.7397,1
4d41058b,3907,6.7342,1
57c9a174,8848,6.737,1
ba45135,8971,6.7425,1
47110324,9582,6.7425,1
58b742be,12073,6.7397,1
1d9f697e,8799,6.7425,1
747b9b8,17348,6.7425,1
12ba5504,14300,6.7425,1
28de1dcb,12967,6.7397,1
48008257,9142,6.7452,1
7a7bef50,16011,6.7452,1
2ac08b5b,14370,6.7452,1
4c72d3e4,9486,6.7452,1
764239ab,9344,6.7452,1
3b94fee9,15781,6.7342,1
3a9c1f0e,7738,6.7452,1
14a8c155,6362,6.7452,1
4e1fddd7,8846,6.7452,1
29f73ade,9866,6.7425,1
73c93481,8800,6.7479,1
5c7810e4,14386,6.7479,1
54f14457,5920,6.7479,1
5480807a,17253,6.7452,1
6c4e3d1e,14576,6.7425,1
3b377838,12013,6.7452,1
2139f1c4,15764,6.7479,1
11786151,14212,6.7479,1
7bb6fa2e,6934,6.7479,1
1c9986a,16713,6.7479,1
3b9ec9ee,5945,6.7425,1
55c7a888,7735,6.7507,1
7e72988,11583,6.7507,1
4aa0fbd6,17350,6.7479,1
7bc8ad5,11685,6.7507,1
2ccf1c94,15782,6.7507,1
6fd7e142,3905,6.7507,1
51c23e59,15679,6.7507,1
1c7101fc,15306,6.7507,1
7f78da85,17254,6.7425,1
7328883b,16008,6.7507,1
2ff5f9d9,9827,6.7534,1
6f853a88,15763,6.7507,1
1ff9acca,16284,6.7534,1
2ae3764a,5917,6.7534,1
69bac30e,6701,6.7534,1
5cee91df,5738,6.7534,1
7457d936,3915,6.7534,1
7befa865,15396,6.7534,1
2d1f7d17,13537,6.7507,1
42faf96f,16699,6.7534,1
4241ebd8,13162,6.7534,1
3ce23b93,11972,6.7534,1
5eca7843,12089,6.7534,1
c555969,5822,6.7562,1
456c862,13159,6.7534,1
2fce40d,765,6.7562,1
68c8a060,3916,6.7562,1
17d854bc,14568,6.7562,1
5a8a62b4,17346,6.7562,1
366c0753,370,6.7562,1
220a11fb,14247,6.7562,1
682da45f,13536,6.7562,1
7a94a3b2,13178,6.7589,1
d14e9db,9710,6.7589,1
58bc2171,15466,6.7562,1
512a6710,15810,6.7589,1
2bde6acb,12090,6.7589,1
54a02e36,3822,6.7589,1
7e504f48,8975,6.7534,1
47de4e5a,766,6.7589,1
454ea356,14316,6.7616,1
4ca2625d,6942,6.7562,1
10cae457,6627,6.7616,1
6c9cc309,3706,6.7616,1
5905fc5e,7764,6.7616,1
1681d627,15632,6.7589,1
6961b03b,5839,6.7616,1
2ece091c,14213,6.7589,1
4eba5ee,9865,6.7644,1
24c00347,17369,6.7644,1
5251fc8d,5914,6.7644,1
e56b63c,9198,6.7616,1
db46f0c,11340,6.7644,1
36d56e94,14414,6.7671,1
680d17bb,6628,6.7671,1
4c73ebc6,15441,6.7644,1
18b2affd,5935,6.7671,1
119bc351,17345,6.7616,1
c27ae38,8928,6.7671,1
c17d0c8,11584,6.7644,1
18073d3,14245,6.7671,1
32964c07,5949,6.7616,1
759a6dfc,9167,6.7671,1
38586bac,6700,6.7671,1
2fc12b71,9179,6.7644,1
5fe93757,15754,6.7671,1
30f9202b,16083,6.7671,1
10a7f6b0,12872,6.7699,1
21c0dcf2,14670,6.7699,1
1363c992,15397,6.7699,1
19200098,11582,6.7671,1
5260726,13152,6.7671,1
45e46b47,8925,6.7699,1
2a9b7344,17008,6.7699,1
14bea85b,7813,6.7644,1
4efc7553,3825,6.7699,1
d1b1da9,12151,6.7726,1
1ea926a5,17347,6.7726,1
b97ac1,14095,6.7726,1
351352c7,12165,6.7699,1
44e31672,13037,6.7699,1
1140bd12,5934,6.7726,1
2ae08a2d,17255,6.7726,1
5ae4a289,16550,6.7699,1
d16be92,12259,6.7699,1
754e5678,9186,6.7753,1
29429e25,11342,6.7753,1
41bdb29e,16013,6.7753,1
3dfe0e32,9170,6.7753,1
109ad3e,8968,6.7753,1
42f103ee,5950,6.7753,1
458b605e,14097,6.7753,1
78857d7c,16009,6.7753,1
354763c0,8814,6.7753,1
7f63f8f5,9343,6.7753,1
6174fed7,12059,6.7753,1
6931830a,3765,6.7753,1
180f558e,9231,6.7726,1
32490118,9822,6.7671,1
3c1e3df2,13512,6.7781,1
109211f8,14815,6.7781,1
5c5aced4,16695,6.7781,1
34a90818,15645,6.7753,1
758cb85e,12534,6.7781,1
1a1e11ce,12042,6.7781,1
12507010,5953,6.7781,1
60259254,11553,6.7808,1
2d19c20f,6370,6.7808,1
26c8add7,13571,6.7808,1
273f9516,14971,6.7753,1
4d45705e,9131,6.7808,1
1befc90,5756,6.7808,1
62d44f12,16978,6.7808,1
29038527,200,6.7781,1
379dce75,9200,6.7808,1
3918f17b,13150,6.7781,1
5fb9b186,5918,6.7836,1
29159c9d,9557,6.7836,1
6979fa72,186,6.7836,1
17144d0f,11387,6.7836,1
5b3ebea,16887,6.7836,1
476eb5,9133,6.7781,1
b692479,9346,6.7808,1
53ccb34f,9703,6.7836,1
264baea5,15753,6.7863,1
1302f356,6917,6.7863,1
790efd80,6711,6.7863,1
dc1f6a9,14685,6.7836,1
321d04d5,16211,6.789,1
974b667,9000,6.789,1
327d433a,12385,6.789,1
f94300a,9139,6.789,1
49b8fd56,15379,6.7863,1
4da43f74,3762,6.789,1
2e557cd5,14594,6.789,1
1ddc22ed,9721,6.789,1
61cf7f29,800,6.789,1
397394b9,9143,6.7863,1
275589af,15765,6.789,1
372f8c8c,8787,6.7836,1
5b1c4a82,16579,6.789,1
6be386ac,14496,6.789,1
41b040ff,14214,6.7863,1
37ae9a13,5791,6.7918,1
24c4ebae,16146,6.7918,1
64c3d22c,16084,6.7863,1
2fc379d4,5936,6.7918,1
16326ef4,12868,6.789,1
3400c122,8969,6.7918,1
55c67375,12950,6.7918,1
2fee8953,17256,6.7918,1
307dd758,9489,6.7918,1
3720583a,13110,6.7945,1
1bd748a3,15676,6.7945,1
1e97d0e3,13390,6.7918,1
782c459f,5952,6.7918,1
2353ffd8,11536,6.7945,1
2e02941,17530,6.7945,1
22d0e136,14625,6.7918,1
38ca484e,12084,6.7945,1
6bae7a14,14731,6.7973,1
45bcdb0,14439,6.7973,1
772565b,5699,6.7973,1
228eded2,3738,6.7973,1
48ec6af5,12183,6.7973,1
12800815,16807,6.7973,1
7d55490,11322,6.7973,1
53f962f6,11798,6.8,1
394554bc,12044,6.8,1
411278ec,14361,6.7973,1
78e911be,12020,6.8,1
7425fe0a,16580,6.7973,1
24437f87,16098,6.8,1
b2575b8,5758,6.8,1
6abb6e16,14264,6.8,1
4767c605,15886,6.8,1
4c34be80,15487,6.8,1
5f11e2cd,16459,6.8,1
7c50b7d3,17349,6.8,1
5822281f,6712,6.8,1
1ea7e709,3868,6.8,1
6fc56c70,16888,6.8,1
3315824f,14686,6.8027,1
613179d3,17632,6.8027,1
5ebf6440,8926,6.8027,1
33c60806,9527,6.8027,1
2711d67c,6642,6.8027,1
77c64fd9,16701,6.8027,1
33a40bbd,7760,6.8027,1
5c3b0d48,9103,6.8027,1
169ce4ed,16494,6.7973,1
54c6248,15743,6.8027,1
104ad652,12153,6.8027,1
71481a84,12947,6.8027,1
4db11819,12384,6.7945,1
76e8805,15677,6.8027,1
3f177274,9712,6.7973,1
7aea4ac8,15373,6.8,1
69805fcb,9141,6.8055,1
49f1289e,11592,6.8027,1
18ca759a,13572,6.8,1
3365cfc8,17580,6.8055,1
1cca2025,14094,6.8055,1
345e857e,9308,6.8027,1
5fcbea39,11690,6.8055,1
14e622ff,11384,6.8055,1
59e0e34e,16805,6.8,1
19d5f879,12630,6.8027,1
194f5358,3966,6.8027,1
f67a674,9431,6.8082,1
3c9b6b54,15442,6.8082,1
2ac357a2,7761,6.8027,1
33eb69f7,12258,6.8082,1
62bf151a,9232,6.8,1
3d221f77,9347,6.8082,1
549f3f04,6859,6.8082,1
37a9735c,13573,6.8082,1
500f6f36,12270,6.8027,1
4a82a7e8,5782,6.8055,1
6748d6a3,8859,6.8082,1
1b876a85,14529,6.8027,1
305ac01c,17010,6.8082,1
6fb88c18,187,6.8082,1
4ee4a282,16326,6.8082,1
6e173a99,12230,6.8082,1
c18aebb,3792,6.811,1
82b4d67,9349,6.811,1
2ce27512,3739,6.8082,1
23d8d836,16493,6.8082,1
599c6934,13163,6.811,1
48439e7d,9201,6.8082,1
5db30df4,12695,6.811,1
1e68a379,11348,6.811,1
1f57a61e,13046,6.8055,1
1f4ab63,14215,6.811,1
7201f701,6943,6.811,1
56491a56,12152,6.811,1
3e07159e,12939,6.811,1
4d4580e6,14205,6.811,1
6d4a0121,9734,6.811,1
14fe13ff,11983,6.8137,1
3ca0767,16312,6.8137,1
28b9e810,15680,6.8137,1
7c5d2b0c,14591,6.8137,1
4d7e63,5689,6.8137,1
5e1815cf,14362,6.8137,1
35384ca3,12150,6.8082,1
3fbbec5a,15674,6.8137,1
7710a735,9309,6.8137,1
58a56ad5,7830,6.8137,1
70e072c0,15806,6.8137,1
450de2e5,6373,6.811,1
4d352f86,16551,6.8137,1
357b6c98,802,6.8164,1
531ded82,6375,6.8164,1
33a40287,6639,6.8164,1
74da7f0c,16460,6.8164,1
303f173,14671,6.8164,1
df2b271,9168,6.8164,1
2bfd99e1,12232,6.8137,1
402435e4,14592,6.8164,1
76ab06e0,5824,6.8164,1
24096b79,5930,6.8164,1
18c4e387,15761,6.8164,1
b677a22,14265,6.8164,1
6a8df5bf,13508,6.8164,1
1fb5c169,17393,6.8192,1
49e42fcd,3820,6.8192,1
26be9d29,14672,6.8192,1
5b01934,3769,6.8192,1
2ecf67d7,8972,6.8192,1
3ad70ade,6651,6.8192,1
ad1d1cc,14093,6.8164,1
f74ed24,803,6.8192,1
a082c47,5840,6.8219,1
80b5622,9540,6.8219,1
6a447a3c,9704,6.8219,1
c50a95e,6643,6.8219,1
24e5683d,12041,6.8219,1
6fc412f2,5989,6.8219,1
3dace36e,5939,6.8219,1
51102dc4,14319,6.8192,1
34bfb7dc,13294,6.8192,1
3b1485f6,15516,6.8164,1
740843e4,9740,6.8219,1
2e657998,9806,6.8247,1
54b9ee3d,9498,6.8247,1
5fc31543,3874,6.8247,1
1c8cf70e,15784,6.8247,1
672d2adf,15910,6.8247,1
7253f07a,11585,6.8219,1
780928f9,7739,6.8247,1
57980e00,8910,6.8247,1
4ea8537f,9067,6.8219,1
2edd5e1d,9202,6.8219,1
4b045a8b,12272,6.8192,1
4571eae6,13419,6.8247,1
740e5c51,12938,6.8247,1
78b1da04,15755,6.8274,1
1188079b,16360,6.8274,1
5be4e996,16294,6.8274,1
7274a6f7,9326,6.8274,1
5d8eca6f,9705,6.8247,1
2b195a20,7069,6.8274,1
7a7c2407,11554,6.8274,1
628da87,13164,6.8219,1
1e1c0fed,13151,6.8301,1
2ddea59f,6360,6.8301,1
2533be41,6363,6.8301,1
4c77225e,15610,6.8274,1
57b07bcb,16571,6.8301,1
178c6f58,14460,6.8301,1
4f26d26b,16693,6.8301,1
3a367c03,8994,6.8274,1
6e8c26ad,15517,6.8274,1
1a8e728b,12178,6.8301,1
63c25e3b,6368,6.8301,1
6a1de024,8900,6.8301,1
65ab1a84,12139,6.8301,1
c582690,9327,6.8301,1
7d1a82a6,16231,6.8329,1
788341e1,15837,6.8329,1
4ad54651,11347,6.8329,1
b4d6174,9215,6.8329,1
45c10b4f,11973,6.8329,1
8e0c9c1,9541,6.8329,1
21c675c9,5938,6.8329,1
249ba440,3913,6.8356,1
54bbe1d1,9057,6.8356,1
38574847,14250,6.8356,1
4328b459,12862,6.8329,1
efe5400,13167,6.8356,1
5e3adf,12045,6.8356,1
7da789b6,14221,6.8329,1
26e9e6e2,9770,6.8356,1
12246f20,8909,6.8356,1
14a89b41,9112,6.8329,1
513c5b4,8851,6.8356,1
2a5d30dc,5954,6.8329,1
680a9380,12043,6.8329,1
1973c49c,6936,6.8356,1
281ff5fd,9566,6.8356,1
6ce6cbab,15646,6.8356,1
783d112c,12715,6.8384,1
44171b38,15813,6.8356,1
43c77002,12177,6.8384,1
14a0d59a,15364,6.8356,1
4840253,371,6.8384,1
78361720,9109,6.8384,1
93f44,9583,6.8384,1
6edfdbe3,14687,6.8384,1
7f67dc00,13065,6.8384,1
129736da,16295,6.8384,1
36252841,14277,6.8384,1
7e62a6b2,9706,6.8384,1
37d84525,16694,6.8329,1
1cd284e2,15365,6.8356,1
11ba451b,15647,6.8384,1
32ac019,15398,6.8384,1
39e191a6,8790,6.8384,1
6816b1f8,3707,6.8384,1
4e4b7441,12774,6.8329,1
1d1230b2,16314,6.8411,1
576368c,5757,6.8411,1
7825f36d,5979,6.8384,1
156f5266,17581,6.8411,1
409062da,12087,6.8411,1
1d548241,16386,6.8384,1
114fb6f9,5759,6.8411,1
7e5c3ad4,12233,6.8411,1
3d190177,16088,6.8411,1
4e6da1f,9034,6.8411,1
6e88ddb5,13038,6.8411,1
68f25c04,16247,6.8356,1
77e75154,12803,6.8384,1
280f466,14364,6.8411,1
3084e00b,9375,6.8384,1
199e3d03,16552,6.8411,1
4aec8863,16164,6.8411,1
66aee6ff,9203,6.8438,1
5a750fc8,13179,6.8438,1
7cc1d9b,9884,6.8438,1
56cd7dad,14102,6.8438,1
38bd105,3873,6.8438,1
2eafac0,16212,6.8329,1
1579c62e,11396,6.8438,1
3bf8fb72,5741,6.8438,1
5a637080,11591,6.8411,1
5cbf1953,14739,6.8411,1
9d6d4fe,13161,6.8438,1
52452b5c,16137,6.8438,1
2e9a790d,9584,6.8438,1
3585cc9f,7036,6.8466,1
4e611eb8,12641,6.8466,1
33ce4468,8792,6.8466,1
134be7ed,14741,6.8466,1
75b6ae98,6944,6.8438,1
2714aa11,13063,6.8466,1
7c0edc12,12280,6.8466,1
6513a1f5,6371,6.8466,1
7ee968fc,9440,6.8466,1
2231db2b,5919,6.8466,1
6c8de14a,8849,6.8466,1
38bb3d47,9576,6.8356,1
7917d33c,6939,6.8438,1
173c9e2,14156,6.8466,1
3468efb8,9205,6.8466,1
55d8ad77,9577,6.8493,1
9cc84a9,9589,6.8493,1
1a85265b,14593,6.8466,1
12911ac3,16334,6.8493,1
d32edaa,17351,6.8493,1
7ed4d69b,9169,6.8493,1
23a8e30,9248,6.8438,1
719b5c13,8852,6.8493,1
6ef76f23,14096,6.8493,1
74aa273c,328,6.8493,1
870e286,6644,6.8466,1
6e6fcbbe,9491,6.8521,1
3657b8e6,6616,6.8521,1
630c5778,9041,6.8466,1
351ec515,12535,6.8521,1
46ba0fe2,15637,6.8521,1
3e0cac5f,12882,6.8438,1
63a21b9a,15346,6.8521,1
56180eb0,15814,6.8521,1
5d830c1d,5762,6.8521,1
60636eb4,9024,6.8521,1
6a6d4b26,14572,6.8521,1
5c353742,17356,6.8521,1
4a66f639,16763,6.8493,1
5c1d1c4b,12166,6.8493,1
4a63315f,9560,6.8493,1
193b1031,15307,6.8493,1
3f945160,6985,6.8548,1
65cf231c,8808,6.8548,1
6cc1ab73,15841,6.8548,1
116b5fec,14232,6.8521,1
8797f59,15508,6.8521,1
7ea52742,3823,6.8548,1
2520f6ce,15611,6.8521,1
64dbd0c3,9823,6.8548,1
5a07518,14233,6.8548,1
40be2c6c,15476,6.8548,1
4effce7f,16030,6.8548,1
4828bb73,6910,6.8548,1
67bd8f3f,9543,6.8548,1
6c4bd7e8,11447,6.8493,1
51057ae7,7737,6.8548,1
56ac4f6a,5947,6.8548,1
5022e812,16831,6.8548,1
70dce08b,7736,6.8548,1
601e585f,6993,6.8548,1
52d82723,16313,6.8548,1
54a5d876,15766,6.8575,1
33cb3163,8860,6.8575,1
66bbf50d,6738,6.8521,1
219ee3b0,12388,6.8521,1
33509b7c,15034,6.8575,1
20a2430a,5955,6.8548,1
1908c98e,12952,6.8521,1
404e96c2,11538,6.8575,1
2ae11b28,3795,6.8548,1
4f5d3a7c,12332,6.8548,1
7861c390,8793,6.8521,1
536e8ab5,7082,6.8575,1
4ae97585,16097,6.8493,1
157291ef,17550,6.8575,1
335ac7e7,3968,6.8575,1
45d1ef5f,15027,6.8575,1
5f080d27,14787,6.8575,1
4415ff3d,12061,6.8575,1
402009df,5823,6.8575,1
176d69c9,5675,6.8575,1
4569f3b9,15811,6.8575,1
9795cd0,14377,6.8575,1
2069610c,8819,6.8575,1
6a08d949,9542,6.8603,1
18f3f22,14292,6.8548,1
b71e091,16826,6.8603,1
607b91f2,13538,6.8603,1
4538132a,3794,6.8603,1
755f0254,11388,6.8521,1
4c15de25,16138,6.8603,1
349b8eaa,9171,6.8603,1
7e88d9c6,3967,6.8603,1
30ea85c0,9420,6.8603,1
30f70db4,11555,6.8603,1
c22662e,14236,6.8603,1
6e246579,16248,6.8603,1
6a258c9,8863,6.863,1
62821958,9771,6.863,1
3018ba0e,9003,6.863,1
40f224ad,14293,6.863,1
7d0e0030,9328,6.863,1
304cad45,9187,6.863,1
3dc8662e,9002,6.863,1
243cdf95,11675,6.8603,1
56864a93,14130,6.863,1
4c8fead3,12154,6.863,1
5b84dff3,13386,6.863,1
ef76743,7086,6.8603,1
4cf5c17f,8973,6.863,1
4fcc7e27,14371,6.863,1
28c3c8a0,12663,6.863,1
60bd5998,6911,6.863,1
2a192c9,12976,6.8575,1
3491ccf5,16696,6.8575,1
4ea606ea,12389,6.8575,1
445de73f,5985,6.863,1
4ae412a7,13525,6.8575,1
65dd9bd3,5956,6.8548,1
70a8896a,13405,6.863,1
e4750c3,14381,6.8658,1
25083a2b,6972,6.8658,1
788896ae,16764,6.863,1
4f137507,12975,6.8658,1
7b445656,16086,6.8658,1
4c766674,12719,6.8658,1
4f31d0b5,11984,6.8658,1
2b0c721a,14330,6.8658,1
7fe38131,6723,6.8658,1
264c9e7d,9351,6.8658,1
67b95679,15315,6.8658,1
2f6d6436,11736,6.8658,1
4ce482e3,7775,6.8658,1
3ba54770,8911,6.8658,1
32d0c150,13539,6.8658,1
64d60d3d,8806,6.8685,1
2453aba8,9495,6.8685,1
e194274,8809,6.8685,1
445b54fd,12537,6.8658,1
23bed750,16943,6.8685,1
67b65bc5,14133,6.8685,1
f2d2e4a,5830,6.8658,1
4be3d739,9135,6.8658,1
1eb28d42,9578,6.8685,1
4b8f9522,14949,6.8685,1
2d36bd67,16977,6.8658,1
7839ede7,16087,6.8685,1
43cb2083,6717,6.8685,1
726bb73f,5921,6.8685,1
457a1ad5,16012,6.8685,1
5dbf4a98,13370,6.8658,1
407d029,9113,6.8658,1
6adec21d,14288,6.8712,1
37b748e7,12046,6.8685,1
45235236,8993,6.8712,1
501a44f5,15807,6.863,1
5eadaab3,7083,6.8712,1
77563fe4,16230,6.8712,1
6b04d539,12479,6.8658,1
34e9988d,12587,6.8712,1
36d65f09,474,6.8712,1
70b9ff28,12147,6.8712,1
3dd9411b,14373,6.8712,1
450c8bdd,9406,6.8712,1
78403121,12340,6.8712,1
4126ba62,16773,6.8658,1
7ed94dd1,12014,6.8712,1
51490bb3,3917,6.8712,1
97f1a88,8932,6.8712,1
280c3a19,9722,6.8658,1
5c8d70d0,15401,6.8712,1
1283df1c,14497,6.8712,1
4952a4ca,8791,6.8712,1
680e1955,15489,6.8712,1
19d4f586,14220,6.8685,1
23beba9d,16327,6.8685,1
7dc867ce,13392,6.8712,1
50c1c857,9145,6.874,1
677d396f,15491,6.874,1
9201b0b,8976,6.874,1
7f215064,7742,6.874,1
4167e2c3,13125,6.8712,1
71be30e6,3714,6.874,1
1fba19c8,17263,6.874,1
1102ed11,15035,6.874,1
64d53d25,15908,6.8712,1
1adaba86,15509,6.874,1
5561944c,15738,6.8712,1
48db691d,11355,6.874,1
4509279c,9757,6.8712,1
530d8194,3821,6.874,1
7bcab0d0,14222,6.874,1
1efcb2c5,14378,6.874,1
513d3516,7674,6.874,1
4f0d41fa,15380,6.874,1
8271889,11407,6.8685,1
37993938,9786,6.874,1
141cef78,11323,6.8712,1
4c08df94,15785,6.874,1
7ea5e8e5,14817,6.8767,1
74a5c686,12086,6.8767,1
44767bcb,14958,6.8767,1
3a58da84,16249,6.8767,1
7e09b820,16157,6.8712,1
30a65624,11349,6.8712,1
6a6d3740,3760,6.8767,1
629a151a,12091,6.8767,1
1d32b1e5,14134,6.874,1
6142d43d,6377,6.8767,1
6357b947,14440,6.8767,1
6083555a,9214,6.8767,1
3ac7b6e4,12556,6.8767,1
68367d36,14498,6.8712,1
1fa2af31,16754,6.8767,1
41e1b003,8913,6.8767,1
32908d35,9275,6.8767,1
3bb204e0,12653,6.8767,1
661794df,14260,6.874,1
60b6016d,11593,6.8767,1
54e40950,13180,6.8767,1
6a67f16d,11757,6.8795,1
26ca358a,11570,6.8795,1
d74b0b7,12775,6.8795,1
2f08e3b0,9533,6.8795,1
5d19751d,7027,6.8767,1
6e6d74c1,9069,6.874,1
8a00b4a,11556,6.8767,1
7f3109b1,9259,6.8795,1
57e8efe8,5761,6.8767,1
41cfd995,15523,6.8767,1
493d70bd,14306,6.8795,1
3e3684aa,5825,6.8795,1
34b600c1,14286,6.8795,1
3ab88499,12875,6.8795,1
2e31bb2b,15758,6.8767,1
110ddc09,17541,6.8795,1
3317ee0d,14948,6.8822,1
398e2f11,12060,6.8795,1
1a4533e8,11539,6.8822,1
6557593d,9365,6.8795,1
69bcb41c,11799,6.8822,1
2182f89d,15316,6.8822,1
12eb5536,3971,6.8767,1
21fc4a49,3910,6.8822,1
4daa68e7,15944,6.8795,1
41ba291a,12271,6.874,1
44eca5b8,17009,6.8822,1
15871749,12221,6.8822,1
3f40de8a,9257,6.8822,1
21b374d5,16158,6.8822,1
31d16b00,9426,6.8795,1
15826ded,11397,6.8822,1
2c8f5559,17011,6.8822,1
4e446241,13031,6.8822,1
16a089c1,16461,6.8767,1
2c93797e,14317,6.8822,1
2a789404,3708,6.8849,1
7c8b298f,7765,6.8822,1
6ef7595e,7683,6.8849,1
5dbc680c,14278,6.8822,1
59188577,13296,6.8849,1
372ef2e4,3970,6.8849,1
9773e6a,8810,6.8849,1
124c62df,7740,6.8849,1
46a5e461,11846,6.8849,1
5b8be2ff,12824,6.8822,1
51f0685f,9016,6.8849,1
1b7282b8,13391,6.8849,1
6ad94193,3709,6.8849,1
3363645,9611,6.8795,1
2c8330bd,14984,6.8849,1
7aea0c6,14518,6.8849,1
84695c9,9723,6.8849,1
28b3988b,14705,6.8849,1
1a0507c6,6718,6.8849,1
685f3cd0,16085,6.8849,1
548b14cf,6973,6.8849,1
2b9c3680,16697,6.8849,1
52a503d3,6365,6.8877,1
6048b915,12802,6.8877,1
5241b9ed,9110,6.8877,1
43e9b6c9,9258,6.8877,1
3dde179a,16397,6.8877,1
47f2672,3746,6.8877,1
4f48ff17,7741,6.8877,1
6aed77fa,12184,6.8822,1
353c359b,9427,6.8877,1
284a5039,9421,6.8877,1
3b6d820b,5701,6.8877,1
33556236,11691,6.8877,1
4325aea0,14275,6.8877,1
32869101,804,6.8877,1
6642fa27,3797,6.8877,1
31e8413e,16553,6.8822,1
2934d1e7,9867,6.8849,1
2fbc5359,9525,6.8795,1
11d32c3c,13387,6.8877,1
5ede074b,3811,6.8877,1
19389db9,14135,6.8877,1
2d4c4c1f,9492,6.8822,1
22f80bb8,7080,6.8877,1
4775bf06,16141,6.8877,1
495d7d33,16111,6.8849,1
41d914d3,9561,6.8877,1
34bcebb5,5829,6.8877,1
572b5b10,14349,6.8904,1
e3a8443,16165,6.8904,1
5148cedf,16791,6.8904,1
2f8bf254,11976,6.8877,1
6cfdfbf7,14728,6.8904,1
1e0d6ec7,5792,6.8877,1
17fb9e59,11540,6.8904,1
4db90879,14595,6.8904,1
7bca24b3,15514,6.8904,1
7f6e7f5a,8788,6.8849,1
4e98707a,11594,6.8904,1
3b964438,9585,6.8904,1
70d40c45,12222,6.8904,1
752b28e6,9563,6.8822,1
783d8d99,13527,6.8877,1
2fd0f7b6,15477,6.8904,1
7860add8,11742,6.8904,1
7183a122,16260,6.8849,1
21652d73,12274,6.8904,1
da54da1,16215,6.8904,1
655f10dc,14530,6.8932,1
19e058c9,17549,6.8932,1
1f9f62a8,17043,6.8932,1
382fc9a3,3937,6.8932,1
75866066,16202,6.8932,1
7d00c510,6937,6.8932,1
5aef4754,6877,6.8932,1
41d27ad0,5690,6.8932,1
791a7dc,11692,6.8932,1
7cc2da7b,12606,6.8932,1
5c37f750,12977,6.8932,1
ee112fc,9180,6.8932,1
444fbbb,16302,6.8932,1
6ebfe84a,9376,6.8932,1
d510fba,3969,6.8932,1
b219a1e,12643,6.8932,1
289b31e2,6676,6.8932,1
39776103,9276,6.8932,1
7295d6ef,3744,6.8932,1
67a775dd,9279,6.8932,1
3c5e8548,7071,6.8959,1
3b2809b7,15969,6.8959,1
4a4d3b11,5686,6.8959,1
c8ca9,9898,6.8932,1
58a614a6,17542,6.8959,1
7b1258ae,16104,6.8932,1
58a4716e,9087,6.8959,1
11fccf7c,16398,6.8877,1
1de55310,11435,6.8932,1
75f1702e,16261,6.8932,1
c00a4d0,12456,6.8959,1
76cd3f42,3793,6.8959,1
1ccf9116,11758,6.8959,1
2118ac63,8931,6.8959,1
679bbce0,3824,6.8932,1
b061f0e,13176,6.8959,1
106b1840,13181,6.8932,1
6e656a63,13404,6.8932,1
e420198,12021,6.8959,1
4aba05d5,5841,6.8959,1
3484c00c,7058,6.8959,1
7c6567c4,9824,6.8904,1
39163c59,9217,6.8986,1
2746a422,14136,6.8959,1
35509466,3796,6.8986,1
62dc8e4f,12631,6.8986,1
6a2092b9,9255,6.8986,1
78d55c6b,5715,6.8904,1
499704b3,16166,6.8986,1
1aedce84,16739,6.8959,1
4f3f4538,9149,6.8986,1
3ba6c30d,6369,6.8959,1
2164b33c,14437,6.8986,1
7380857f,13406,6.8986,1
5c0dddea,11425,6.8959,1
782b070f,16232,6.8986,1
37c4e419,12420,6.8986,1
454cb51f,7013,6.8959,1
243b520,14740,6.8986,1
617e01e8,16516,6.8959,1
376036d5,7814,6.8959,1
33998e56,8908,6.8904,1
44c54e27,13160,6.8986,1
5e18ac39,12951,6.8986,1
5bb0192a,7056,6.9014,1
6b88611c,9059,6.8986,1
124492c5,9742,6.9014,1
7c9e52dc,14788,6.9014,1
29e51a5e,9590,6.9014,1
27bc6d2c,9899,6.8986,1
48d31b3e,15816,6.8986,1
7e376a5b,6645,6.8986,1
70b1cff3,11985,6.8986,1
255bc2da,16866,6.9014,1
779145d8,9366,6.8986,1
34a019c4,6656,6.9014,1
64faee85,7037,6.9014,5
21da25f3,6657,6.9014,1
5feaa86c,14697,6.9014,1
6b30f46c,15762,6.9014,1
588da149,13068,6.9041,1
749af7aa,16945,6.9041,1
281cfefd,16496,6.9014,1
2808f216,12805,6.9041,1
65166b62,14217,6.9014,1
22ab86b3,12391,6.9041,1
2d0f4b7f,9407,6.9041,1
4e54951e,15791,6.9041,1
7b66e274,12536,6.9041,1
1411374c,11800,6.9041,1
6a71a563,15688,6.8959,1
658b6c02,16335,6.9041,1
6c6c44e4,15399,6.9041,1
e73156,7823,6.9041,1
4cde067c,16474,6.8986,1
5168f3fc,12940,6.9041,1
36d51e0f,16147,6.9041,1
f81e402,11737,6.9041,1
33d0fe68,3890,6.9041,1
6adad2,15767,6.9041,1
25311cfd,6994,6.9041,1
4e8ba0f4,14268,6.9041,1
7938b585,15488,6.8986,1
3b0a5b32,12016,6.9014,1
3b2b09a5,17371,6.9041,1
fbc8316,17698,6.9014,16
22c7a0e8,16399,6.9041,1
50bc28ed,14420,6.9068,1
4b7dac49,16387,6.9068,1
28f8f2a2,15847,6.9068,1
43b76098,12454,6.9068,1
5ce858e6,16497,6.9068,1
7ad1a8d6,3929,6.9068,1
155328cc,5744,6.9041,1
73a97363,12667,6.9068,1
6ca6b24b,15792,6.9068,1
4c9e2d8,12015,6.9068,1
8d0bfc5,9711,6.9068,1
242eb558,15970,6.9068,1
1ca4e8d5,11697,6.9068,1
7e4f8c7f,12668,6.9068,1
573006bb,9719,6.9096,1
5a93a50f,12386,6.9096,1
b465f70,14816,6.9096,1
301ffc8d,12338,6.9068,1
674d31eb,11512,6.9096,1
df10db0,14582,6.9068,1
20314bd0,12387,6.9068,1
19b52d79,12236,6.9041,1
56014156,9240,6.9096,1
3ef0f231,9192,6.9096,1
584de014,5676,6.9096,1
5ddc522b,9144,6.9041,1
1ab266c2,3809,6.9041,1
72885f06,9900,6.9096,1
42e66acb,12190,6.9096,1
1eb18830,13183,6.9096,1
53c1ee0,15920,6.9068,1
729326ef,9579,6.9041,1
294b96b2,6006,6.9096,1
190b8cf2,13066,6.9123,1
44d97615,12093,6.9123,1
4e366c2,15808,6.9123,1
684a0d2a,11358,6.9123,1
7aa8e81b,16993,6.9068,1
f230ffa,12804,6.9096,1
4a0a6ef0,12390,6.9123,1
729109c6,16203,6.9123,1
4fc4dfbf,13182,6.9096,1
580f4562,7028,6.9123,1
2441ba54,7030,6.9123,1
41ebdd7d,11404,6.9123,1
3bce23bf,8912,6.9068,1
61d682d5,14331,6.9123,1
521e3a5e,9772,6.9123,1
ead35df,14600,6.9123,1
7018512a,12262,6.9123,1
6f877a61,11848,6.9151,1
251e7ff5,9111,6.9123,1
4825ec23,7081,6.9151,1
6f17dc2,14688,6.9151,1
3452ed37,11816,6.9151,1
6052cdae,11458,6.9123,1
3665f786,5857,6.9151,1
3bf793e5,15400,6.9151,1
186ffaf9,13118,6.9151,1
4b7069fc,11975,6.9123,1
7634685c,5707,6.9151,1
28aa9939,8974,6.9151,1
6ea66be7,9216,6.9123,1
77e67872,9060,6.9151,1
7009b5d0,9204,6.9151,1
1756311a,14601,6.9151,1
6c339784,7748,6.9151,1
309a51af,14320,6.9123,1
4af28944,16159,6.9151,1
e135d80,9172,6.9041,1
2871a3b0,14673,6.9151,1
3389cea7,7012,6.9151,1
2ce62cdc,16517,6.9151,1
1571f72d,9436,6.9178,1
49935c1d,3827,6.9151,1
19fba790,3831,6.9178,1
4b97e46e,9188,6.9178,1
5ffc4fc1,15309,6.9151,1
28e5ba57,6941,6.9151,1
6de76fec,6640,6.9178,1
7759f257,15819,6.9178,1
227d5e6f,14881,6.9151,1
382f1d92,11676,6.9151,1
4c6f3a6d,5882,6.9178,1
71d0e666,3930,6.9178,1
39165015,15640,6.9178,1
79950928,15467,6.9178,1
4c9cf825,7057,6.9178,1
3a09c406,11537,6.9151,1
3194adaa,3936,6.9151,1
60193ef9,3931,6.9178,1
7acf9c9c,12942,6.9178,1
4befbf0f,16891,6.9178,1
3fb27b80,805,6.9178,1
2bdf6821,7014,6.9178,1
292252ba,16501,6.9178,1
2987555,17531,6.9178,1
3439b5ce,9058,6.9151,1
187ba6b2,13509,6.9205,1
48355bfc,16806,6.9205,1
4f58f22e,16581,6.9205,1
946ad72,11677,6.9151,1
7028ee51,5842,6.9205,1
35a398d0,16832,6.9205,1
572bdf23,6646,6.9205,1
6bbad589,12243,6.9205,1
7439ca7a,16099,6.9178,1
5ed24e5b,12047,6.9205,1
5cd7e4c9,6702,6.9205,1
751b929b,14262,6.9205,1
24ba3f01,9439,6.9178,1
7c4099dc,9496,6.9205,1
41eb1d40,9277,6.9205,1
69058a0f,7724,6.9205,1
22f95818,5702,6.9178,1
5449a482,9380,6.9178,1
76deb6b7,9829,6.9151,1
34e62a75,5970,6.9178,1
b5f9996,7772,6.9233,1
73a96f58,15555,6.9233,1
2249b6fa,15633,6.9233,1
1c338f0,3978,6.9233,1
6a317d70,12017,6.9233,1
2e0c1b6,9150,6.9178,1
75847b55,9025,6.9233,1
4737eec9,15510,6.9233,1
4d6f1912,16554,6.9233,1
2cd42732,11773,6.9205,1
283dae6f,13033,6.9178,1
212f6eb7,13177,6.9233,1
53438381,12941,6.9233,1
7eb536ee,12333,6.9233,1
4ba717a3,15704,6.9233,1
46475452,9017,6.9151,1
44a3d5fb,6655,6.9233,1
64b566fc,6938,6.9205,1
34cd423,9452,6.926,1
2cc86b7,5708,6.926,1
549980e2,9892,6.926,1
27709fdd,14577,6.926,1
5b69aaa5,14696,6.9233,1
3e618027,3885,6.926,1
61859953,16167,6.926,1
5bd81aef,6912,6.926,1
26679999,14103,6.9233,1
5ca64ff,3911,6.9233,1
13e0da61,11586,6.9233,1
21320082,5719,6.926,1
3b83ee6c,9104,6.9233,1
6d38887f,15443,6.926,1
781e746b,6376,6.9233,1
7d3268fd,14295,6.926,1
49194dfa,16014,6.926,1
6d4d2a3b,6724,6.926,1
441f2c9d,12945,6.926,1
4fa9b559,12392,6.926,1
4ad89992,12334,6.926,1
4cdc57cb,15492,6.9233,1
48c4b099,13064,6.926,1
750206d8,13541,6.9288,1
7703665c,15451,6.9288,1
59cf1578,7038,6.9288,1
282e04a2,12022,6.9288,1
2464be,3767,6.9288,1
34e226a0,15320,6.9233,1
5133d222,15790,6.9288,1
77d77f04,12284,6.9288,1
4b105968,9256,6.926,1
3dee7fde,7768,6.9288,1
25469eb2,9136,6.926,1
1cabc9ce,16101,6.9288,1
39593bdd,15745,6.926,1
76b45c16,14976,6.926,1
38eacd91,14581,6.926,1
7f18644d,11350,6.9288,1
71e8e9d3,3844,6.9288,1
7a4d96fb,6980,6.9288,1
a3acdbc,16105,6.9288,1
1d10ec75,15526,6.926,1
5eba6401,14224,6.9288,1
3052ac02,6007,6.9288,1
26be1ebd,14321,6.9288,1
7ab560fb,15817,6.9288,1
77a299c0,14531,6.9315,1
5235098a,3927,6.926,1
4a8be87,12048,6.9315,1
55cba451,5795,6.9233,1
76b0599a,6008,6.9288,1
7d36d75e,7684,6.9315,1
36274443,16100,6.9315,1
6a1919eb,13084,6.9233,1
36445bb1,16016,6.926,1
4cc76daa,11847,6.9288,1
d5abe33,11408,6.9315,1
5bb6ae5,15958,6.9315,1
3195bee5,7026,6.9315,1
11b63030,5783,6.9315,1
666ba591,11398,6.926,1
3e982449,5827,6.9315,1
602a8d3d,17291,6.9315,1
40bd06b8,14332,6.9315,1
2d6fa007,14873,6.9288,1
7805870f,3994,6.9315,1
7bc17413,12863,6.9288,1
484bd4e,12978,6.9315,1
4629467a,15911,6.9315,1
30f39b86,6618,6.9288,1
1853d3e6,13510,6.9315,1
68c25d13,14438,6.9315,1
498de388,6982,6.9315,1
650e7e94,15759,6.9315,1
b6bced0,12873,6.9288,1
63445d30,16480,6.9315,1
1994ae8e,9088,6.9288,1
3fa39f97,12237,6.9288,1
1dd73a58,16142,6.926,1
294fac29,12948,6.9342,1
6823c9ed,16741,6.9342,1
71be5763,11448,6.9342,1
547ffab9,6361,6.9342,1
77839886,17357,6.9342,1
23795cbb,9074,6.9342,1
55638598,8995,6.9342,1
7ee207bf,9587,6.9315,1
15cef74d,12869,6.9288,1
7c3bfdcb,14987,6.9342,1
387b515a,13073,6.9315,1
35bde891,5796,6.9342,1
79aaf4b2,5968,6.9342,1
7ad778d6,14512,6.9342,1
5b8cce66,14255,6.937,1
391a3ec5,3766,6.937,1
1aec4988,16916,6.937,1
40cfd324,9588,6.9342,1
7d8dcaa5,16518,6.9342,1
15893fc7,13186,6.937,1
6d5184f7,9068,6.9342,1
53b93c8a,8796,6.937,1
221a635b,15744,6.937,1
40720cba,7762,6.937,1
1cd97474,3773,6.937,1
7dce2d24,11324,6.9315,1
5a1bc112,3826,6.9342,1
6709037b,6822,6.937,1
37cec4fc,5746,6.9342,1
49f9fa2d,5967,6.9342,1
60e37ca5,11343,6.937,1
6cc8ca90,13153,6.9315,1
43f50ea9,3876,6.937,1
2ddcb0f,13303,6.9342,1
464aca0,12436,6.937,1
6d4b3da0,14874,6.937,1
4072aee8,6823,6.9397,1
792089a5,16808,6.9397,1
5396505b,16793,6.9397,1
38fd9cc6,14698,6.9397,1
a8f571a,11979,6.9397,1
731a987a,5931,6.9342,1
4f65928f,12339,6.9397,1
1c5a7f57,12946,6.9397,1
5414bd65,3829,6.937,1
7cb56b19,12720,6.9342,1
29046be3,3986,6.9397,1
48f1e210,9432,6.9397,1
3c7f5ed8,16792,6.9397,1
1cbe5c64,7085,6.9397,1
1e6eaafb,14532,6.9397,1
7d740040,9564,6.9397,1
6d303503,16944,6.9397,1
67e11035,9869,6.937,1
30bbda58,12480,6.937,1
15ee5de8,12943,6.9397,1
20c78fbb,15524,6.9397,1
4e74aabb,5987,6.9397,1
55776953,11801,6.9397,1
2200065b,15381,6.9397,1
4d8fda96,9004,6.9397,1
51292ecb,9567,6.9397,1
3a636727,3828,6.937,1
18739cee,14289,6.9425,1
2b9bbe1c,17533,6.9425,1
1607e760,16520,6.9425,1
335c92d2,9062,6.9425,1
1e5e8902,5700,6.9425,1
12a781c1,7039,6.9425,1
1637fb97,5990,6.937,1
60aacc13,16698,6.9425,1
373718d6,16467,6.9425,1
29596c88,14611,6.9425,1
19b02e78,353,6.9425,1
a01fccb,6760,6.9397,1
30f2959a,6374,6.9425,1
68e0dc3,11376,6.9425,1
2a63b2d5,13025,6.9425,1
970446c,11977,6.9425,1
f4a2cc0,14318,6.9397,1
11ab78d4,15776,6.9425,1
1e2de53f,15756,6.9452,1
54348c99,9846,6.9452,1
3551713e,17044,6.9452,1
678057f0,12893,6.9452,1
43478242,6821,6.9452,1
481fed62,15569,6.9425,1
2b8416d,17313,6.9452,1
3cde1885,13522,6.9452,1
7567ede9,6364,6.9425,1
46d45a36,13513,6.9452,1
4374c8ce,11980,6.9425,1
4a479251,14882,6.9425,1
7437493f,9548,6.9425,1
166d546a,9388,6.9452,1
2d393c4d,7766,6.9452,1
3444ddfd,12584,6.9452,1
7812e1c0,11545,6.9452,1
1dc574b4,17517,6.9452,1
5375b882,9442,6.9452,1
414c3c24,9775,6.9452,1
2e3fc92c,3997,6.9452,1
45bded88,9370,6.9452,1
cd613b4,12907,6.9452,1
1869788b,8902,6.9452,1
66a662ac,5828,6.9397,1
462bdf40,9422,6.9452,1
168d0800,9435,6.9452,1
4573977a,13026,6.9425,1
6b353df8,14441,6.9452,1
10953e7a,14237,6.9479,1
85c22f7,15769,6.9479,1
766ff6f4,17352,6.9425,1
2ffe7704,3928,6.9452,1
4d9b8079,7754,6.9425,1
16a1fa6f,11588,6.9425,1
7f8329d6,9348,6.9479,1
586f085b,14182,6.9452,1
5dbf7c32,12058,6.9479,1
7652a884,3869,6.9479,1
2ac8b71d,14281,6.9479,1
33a352a9,8904,6.9479,1
55081092,7059,6.9452,1
36fd943f,6803,6.9452,1
5962bda2,5767,6.9479,1
7f682de8,6653,6.9479,1
70fd8a3d,14757,6.9479,1
65e48830,9157,6.9479,1
3f62a4df,16917,6.9452,1
7321813c,17375,6.9479,1
6f115107,16502,6.9479,1
2e75f1dd,3832,6.9479,1
41bfc90,7784,6.9425,1
7bcca54e,5851,6.9479,1
1eb05a59,9190,6.9479,1
1f4aab4b,13088,6.9479,1
4bd1630f,12874,6.9425,1
3ccfccbe,275,6.9452,1
44ee3b4e,3742,6.9479,1
5a161048,9613,6.9479,1
4668fbc1,16521,6.9479,1
1d146a43,15809,6.9479,1
cb200b4,7859,6.9507,1
39337e27,7107,6.9452,1
53cdad19,12435,6.9507,1
52faf252,14227,6.9479,1
4ed1ef19,17633,6.9507,1
6dcc1e86,17377,6.9507,1
17b2cdd3,3747,6.9507,1
1b67e881,6826,6.9452,1
6c3172a2,13114,6.9479,1
336b3203,6918,6.9479,1
522aaf58,16330,6.9507,1
57c7af2d,11489,6.9507,1
162f3beb,9350,6.9479,1
7c886a33,9798,6.9507,1
71ecefee,5969,6.9507,1
76bbcee4,11978,6.9452,1
6bf0e3b8,9825,6.9479,1
1cefa9d9,7722,6.9507,1
248510c5,14372,6.9425,1
73f039cc,14975,6.9397,1
65f52bc3,6652,6.9507,1
4d110577,15036,6.9534,1
5b9bf08f,14461,6.9507,1
2cd1cc6d,16471,6.9507,1
5e9dae62,14302,6.9479,1
12fa3d41,5988,6.9534,1
2811f6d8,14374,6.9534,1
5705a8d4,15733,6.9534,1
7515b4fd,12823,6.9507,1
4648fa83,15914,6.9534,1
51bd73e,11331,6.9507,1
7f229c41,8850,6.9479,1
27c87d04,14499,6.9534,1
2655079c,14701,6.9534,1
7d2c864f,5763,6.9534,1
2a5ac9dd,3752,6.9507,1
1687cd3f,15456,6.9534,1
72c3a2b6,6641,6.9507,1
7c243295,7725,6.9562,1
65a3dda0,14172,6.9562,1
4de51a1e,9449,6.9562,1
209cd284,15890,6.9562,1
22dcd706,6739,6.9562,1
67d7d6aa,15844,6.9534,1
7f31e952,9193,6.9534,1
6aee0dd6,15347,6.9562,1
48465c9,7675,6.9534,1
61d4baad,15957,6.9562,1
25f43576,15519,6.9562,1
12663d3f,15915,6.9562,1
11207d85,12632,6.9534,1
55ff33e3,9870,6.9534,1
21470a37,15525,6.9562,1
1de29766,9790,6.9562,1
7272beb8,9528,6.9562,1
36b76389,15403,6.9562,1
326cafac,11385,6.9534,1
1ea0e229,14276,6.9562,1
41dcb58c,11546,6.9562,1
79c0083b,14700,6.9562,1
746687a1,7676,6.9534,1
daf8396,9591,6.9534,1
2320574e,6617,6.9479,1
3a0848a9,12561,6.9562,1
43f00e03,6720,6.9534,1
3ebc253,9428,6.9562,1
22506f47,9529,6.9589,1
5ae536a4,16700,6.9562,1
1926abed,15998,6.9589,1
44020bc0,11455,6.9589,1
65096e50,14366,6.9589,1
162a3443,8861,6.9589,1
3a7f9ca8,3870,6.9589,1
6ef7dc2c,14511,6.9589,1
4022444c,13032,6.9507,1
fa8f758,12421,6.9589,1
76df827,12401,6.9589,1
41b1bebe,3932,6.9589,1
2ae51994,9550,6.9589,1
11771c18,14621,6.9589,1
43a52a5e,14513,6.9589,1
2c04ec66,13411,6.9589,1
26da7f31,11764,6.9562,1
2b614ecd,3845,6.9589,1
67e94151,5883,6.9589,1
4e571668,7040,6.9589,1
24ca2226,14979,6.9589,1
5fc0754,11686,6.9589,1
28b23d73,12250,6.9589,1
5e208a5b,15815,6.9589,1
20403eb0,12273,6.9589,1
2b0e48ab,15308,6.9589,1
4ead3c39,16329,6.9589,1
3ba6c91d,15912,6.9589,1
774dd93a,9026,6.9589,1
2d65f7da,6983,6.9562,1
46e96675,12883,6.9589,1
74f7a9cd,12716,6.9589,1
531c0f9e,3884,6.9616,1
4a8188ce,15310,6.9616,1
48587d63,5855,6.9589,1
270aa9e8,9713,6.9589,1
699cafb4,14596,6.9562,1
425738fb,6986,6.9562,1
1a80c64,14238,6.9616,1
327b9330,16400,6.9589,1
74faba49,5831,6.9616,1
7fc272d0,5991,6.9589,1
baadc0f,16565,6.9616,1
3e489a60,9043,6.9616,1
1d61fbc9,3745,6.9616,1
50c46c8a,12055,6.9616,1
19e79b73,15713,6.9562,1
71cdbc29,6804,6.9589,1
35bd7b1a,9530,6.9616,1
1df51432,13095,6.9452,1
4b939e13,7062,6.9534,1
5ebdda47,12562,6.9616,1
67141676,14583,6.9589,1
14c78622,8903,6.9562,1
8f75c67,3944,6.9589,1
3d168dcf,14253,6.9616,1
7434fbee,16296,6.9507,1
7a769bbd,7102,6.9616,1
65fef266,7767,6.9616,1
52a8f447,11541,6.9616,1
600e8e11,9415,6.9562,1
697f1f2a,9115,6.9616,1
485f859f,15981,6.9616,1
271adacb,9006,6.9616,1
320518a3,16522,6.9616,1
26ef66f4,15968,6.9562,1
3778bb4c,12433,6.9616,1
4645e3ea,12880,6.9589,1
4843e37,17370,6.9616,1
5c9f2b81,3987,6.9644,1
74e831b8,12064,6.9644,1
73ed094c,7824,6.9644,1
6fd79fd9,12878,6.9616,1
734a5784,16286,6.9644,1
54b6a227,8918,6.9644,1
1a79a0b4,13307,6.9644,1
3f1f5359,14223,6.9644,1
6f2401a4,12483,6.9644,1
4e738db3,14959,6.9644,1
1958e8c9,14379,6.9616,1
5c18e520,5870,6.9644,1
3ff4c95a,12657,6.9616,1
137ee626,16582,6.9644,1
4132efef,11817,6.9644,1
1f7259a0,12393,6.9616,1
2568c133,14692,6.9589,1
4d88e8b,15712,6.9644,1
607307e0,15469,6.9644,1
5228c72c,14533,6.9616,1
2bcd757b,17551,6.9589,1
36e8d196,14623,6.9644,1
3bda21b2,12140,6.9644,1
7b365c94,6714,6.9644,1
3821815,16529,6.9616,1
73160d92,9284,6.9644,1
192b65f3,9789,6.9644,1
6c1434ac,9018,6.9671,1
503058be,9799,6.9671,1
43e1a01d,9368,6.9671,1
585f6e,5687,6.9671,1
429ea66b,15959,6.9671,1
6bd24b8e,11986,6.9671,1
10b9e32e,15848,6.9671,1
5e96486c,16361,6.9671,1
1cf7dfff,3871,6.9671,1
77c6da30,12864,6.9671,1
2b6d8ff4,5694,6.9671,1
7aad8c3a,12195,6.9671,1
7412b924,13298,6.9671,1
62cd2478,12094,6.9644,1
18ab5ae2,16519,6.9644,1
1472a8b3,12698,6.9644,1
3a01662f,17395,6.9671,1
7d545cb4,16179,6.9671,1
1cee11a3,15457,6.9644,1
5e502496,11357,6.9671,1
6f51116d,16301,6.9671,1
303f41cf,3799,6.9616,1
28ed7da1,6759,6.9671,1
f5ceb26,3846,6.9671,1
5c302d62,15897,6.9671,1
31bc6e6,11399,6.9699,1
64a66591,7796,6.9644,1
2e5d61f3,14674,6.9644,1
73db1267,12155,6.9534,1
2e2ac60c,9005,6.9671,1
79f7b4b5,9019,6.9671,1
330a0987,5986,6.9699,1
25f19ed2,13394,6.9644,1
3ce00081,14290,6.9699,1
7bfe7635,13553,6.9699,1
4186df35,16017,6.9671,1
16c53bf6,16402,6.9671,1
17037550,15705,6.9699,1
9c145e1,15945,6.9699,1
6fe1cb1a,13532,6.9699,1
2bf7984f,8802,6.9671,1
17af61b8,14138,6.9699,1
1b0a3fe8,15475,6.9671,1
30a04944,15921,6.9699,1
648bade3,6378,6.9699,1
26df8608,15739,6.9671,1
7265ab87,16287,6.9699,1
7a529e88,11365,6.9644,1
6d70546d,17605,6.9699,1
1be4ada,3996,6.9699,1
4b01d07a,11467,6.9699,1
25c9b14c,7698,6.9644,1
4a754aa4,17042,6.9671,1
1d0e7399,15749,6.9671,1
39ee21aa,9795,6.9699,1
347cf10a,3998,6.9726,1
31968560,9242,6.9671,1
42a9f0a,8901,6.9726,1
7ca9b4ed,16388,6.9726,1
140229e5,14294,6.9726,1
744271ab,16584,6.9699,1
3c69fdf8,16572,6.9671,1
d562844,15916,6.9726,1
89e650a,13526,6.9726,1
6fb6929b,20694,6.9699,16
1c4324a8,9117,6.9726,1
20eb3b6c,17354,6.9726,1
5b26ac4e,7721,6.9726,1
56b18424,6704,6.9726,1
dfdffb,15913,6.9699,1
5bcdd2c,9367,6.9726,1
12df31b0,9378,6.9753,1
6c011417,5766,6.9753,1
fb7e106,15402,6.9753,1
5e26f68a,15949,6.9753,1
359f1e4f,11678,6.9753,1
51da0547,13388,6.9753,1
3a431e08,6913,6.9753,1
7249e172,14519,6.9753,1
61d561ab,12506,6.9753,1
82e49bd,15634,6.9753,1
402ca42e,12169,6.9699,1
27d8ef58,9389,6.9753,1
26e3470f,16714,6.9726,1
450e5391,3972,6.9753,1
447f864a,15618,6.9726,1
c0dc9a1,12402,6.9753,1
eed6f57,16344,6.9726,1
7474ac96,9377,6.9726,1
4351fb52,9042,6.9753,1
7ba468a4,12610,6.9753,1
1e563750,14960,6.9726,1
6f9475ad,13540,6.9644,1
38533a45,9001,6.9753,1
4f172810,12207,6.9726,1
350d1cb,9586,6.9753,1
5b69784d,6974,6.9753,1
74aa38c7,16466,6.9671,1
28bd9ea,12023,6.9753,1
3b033c82,11587,6.9781,1
7d09ef9,3995,6.9726,1
5f43d70e,20695,6.9781,16
7172489c,7112,6.9781,1
17eb255e,16715,6.9753,1
32225b64,7797,6.9781,1
6eba9043,12206,6.9781,1
6d1efc3b,3806,6.9781,1
7a3460f7,16373,6.9781,1
2311e513,6630,6.9781,1
3c8736e,12881,6.9781,1
6a7b4f5b,9773,6.9781,1
39cad3dc,7671,6.9781,1
23af1ffa,5957,6.9781,1
fba5fe1,12865,6.9781,1
4f290e7b,14520,6.9781,1
20927071,6814,6.9753,1
7b99eb56,15952,6.9781,1
2601f693,7860,6.9781,1
21dc6efe,13128,6.9753,1
127e834c,14450,6.9726,1
2609090e,5843,6.9781,1
58400ced,16469,6.9781,1
4d7cf2b0,17358,6.9781,1
2b7e7cb0,15951,6.9726,1
455141a8,15714,6.9781,1
64d4ab76,17582,6.9781,1
4e973c2e,13085,6.9781,1
16d442b0,14778,6.9781,1
59471dc3,7055,6.9781,1
3acaced5,3999,6.9781,1
18099286,5826,6.9753,1
6f08abe5,12438,6.9808,1
5b7da576,14755,6.9808,1
3a3512df,5853,6.9781,1
1cbea529,9092,6.9726,1
6efc2abd,9089,6.9808,1
4481f304,12024,6.9808,1
72e1b8f7,5768,6.9781,1
60d0ff9e,14693,6.9808,1
6ff688fb,9183,6.9753,1
24a44fd2,15404,6.9808,1
2d9efb0f,11590,6.9808,1
5bfd6db1,11375,6.9808,1
314a997c,14602,6.9808,1
3cb6455f,16470,6.9808,1
2075aa1c,9146,6.9808,1
7599f787,16010,6.9808,1
67dca362,16495,6.9808,1
ae1458a,12717,6.9808,1
6100ba94,7743,6.9808,1
5120d3e0,7103,6.9808,1
5f32f826,16107,6.9808,1
5df79711,15518,6.9808,1
39c74221,14301,6.9808,1
3048d1ad,6839,6.9808,1
6e2f292a,9549,6.9808,1
60bc6d95,17315,6.9781,1
2d615a43,14109,6.9781,1
26941f01,15793,6.9753,1
47ba4bdd,7763,6.9808,1
446fdf41,15757,6.9781,1
531ec89f,17327,6.9808,1
55f4b9ea,14796,6.9836,1
4085e42a,9755,6.9836,1
7a2aaeac,14476,6.9808,1
2f9e02bf,12624,6.9781,1
405507d2,12066,6.9836,1
6f258eba,6995,6.9836,1
1edbe7e3,11351,6.9836,1
50199da7,9363,6.9836,1
410f857d,14689,6.9836,1
290c6119,16350,6.9808,1
6a9f7adc,12879,6.9808,1
2b3a6c93,767,6.9781,1
5404c536,6810,6.9836,1
35fb3966,9625,6.9808,1
16a320e4,14249,6.9836,1
5c6d9f80,12095,6.9836,1
4db5474b,9379,6.9836,1
2d90d4f0,6923,6.9808,1
3513f49a,12607,6.9836,1
1e5a8a81,16001,6.9753,1
3a3856dc,3938,6.9836,1
a994f84,15909,6.9836,1
6d71ce83,16140,6.9836,1
476c4093,15971,6.9836,1
3f9a7014,14754,6.9836,1
7f3ffd0c,9868,6.9836,1
1c5921be,5995,6.9863,1
3914927e,12696,6.9863,1
55e25f98,6981,6.9863,1
55b50fb5,3805,6.9863,1
34806c,16563,6.9808,1
1d2e7576,14500,6.9863,1
5af7f7d4,7019,6.9863,1
3a2a1a34,6766,6.9863,1
27c28398,9828,6.9836,1
4a06492d,13295,6.9836,1
3d150ec,3852,6.9863,1
6d3a1025,15374,6.9836,1
6ee89b62,11542,6.9863,1
1df5fbd3,5709,6.9863,1
8160301,6924,6.9863,1
3bfb9fd8,7723,6.9863,1
228cd7,16328,6.9836,1
3224fe7b,9080,6.9863,1
523ed432,11325,6.9836,1
f226b22,12180,6.9836,1
37946fcc,13083,6.9863,1
34f851db,16505,6.9863,1
7b8165f9,5684,6.9863,1
2b41ca0a,5854,6.9836,1
507623b9,3954,6.9863,1
4534d8ea,16410,6.9808,1
5953c015,9260,6.9863,1
4dad3efc,14251,6.9781,1
2c27a71b,11409,6.9863,1
4fb7d9fd,9835,6.989,1
8a3eb76,12622,6.989,1
6b936afa,202,6.989,1
2c5d6e40,9189,6.989,1
3d531baf,6914,6.9863,1
4cda45c9,15689,6.989,1
5b35ef7f,15641,6.989,1
1c5da537,6772,6.989,1
39f64b70,11562,6.989,1
6541f553,9526,6.989,1
279cb58a,9416,6.989,1
5326f811,16528,6.989,1
1a5be997,9490,6.989,1
22a39b5f,14573,6.989,1
2985e9b0,7049,6.989,1
6bf739ef,9796,6.989,1
f75a2f0,15493,6.9863,1
31b2b922,8816,6.989,1
377c0ecd,14261,6.989,1
1dd52aaa,12156,6.9863,1
784b68d5,16948,6.989,1
2d4bde06,17329,6.9863,1
6596618c,14613,6.9836,1
47562dec,15348,6.989,1
6309e78d,12092,6.989,1
9342777,16774,6.9863,1
34549747,14758,6.989,1
4993e084,5678,6.9808,1
62181a40,13034,6.989,1
145762a2,13523,6.9863,1
38ceda2a,11818,6.9836,1
756366cc,12198,6.989,1
28308cdb,9065,6.9781,1
70bb6fb8,16981,6.9863,1
212f70dc,5705,6.989,1
a584987,9061,6.9918,1
4e70ceb9,16946,6.9918,1
25b5781c,14417,6.989,1
6b64f90a,15786,6.989,1
471ef6e9,5980,6.9918,1
fc29bfc,12908,6.9918,1
1b96780,12403,6.989,1
4d597214,7104,6.9836,1
66c615c7,9094,6.9918,1
7b0f2318,6788,6.9918,1
2c09ebf8,9847,6.989,1
2cc4cf8,3877,6.9918,1
2ac6e5bf,16892,6.9918,1
19f7bcb3,8933,6.989,1
541f6b33,801,6.9918,1
2a1345a,8822,6.9918,1
756b641,3856,6.989,1
6def6c3c,5868,6.9918,1
30019972,14729,6.989,1
611449dd,15690,6.9863,1
7c62a35d,16039,6.989,1
530b1911,6965,6.9918,1
5803f4ce,6629,6.9918,1
2490268d,11518,6.9918,1
6cda205c,9456,6.989,1
76117185,6677,6.9918,1
2c604869,12191,6.9918,1
3795a67a,16795,6.9918,1
1b1a04b2,14515,6.9918,1
720b34c7,14973,6.9918,1
79c36806,15496,6.989,1
8118fa5,17261,6.9918,1
3e214674,12157,6.9918,1
75d5ea96,14765,6.9918,1
5902a5ca,11522,6.9945,1
41257e74,3914,6.9918,1
4762593f,9105,6.9945,1
4362b1f6,9793,6.9945,1
5e5355e7,17264,6.9945,1
3cb29573,15922,6.9945,1
8947677,14158,6.9945,1
21eee4a3,12585,6.9945,1
4607dcd7,13528,6.9945,1
524fbca9,6713,6.9945,1
5fa509f3,12052,6.9945,1
16f7376a,9116,6.9945,1
2998287d,12894,6.9945,1
3ec631ca,14699,6.9945,1
15cacfab,7704,6.9945,1
3acf834f,16002,6.9945,1
736debe3,14239,6.9945,1
512ffb7c,14579,6.9945,1
15acaf1b,5688,6.9945,1
1a6b8405,16475,6.9945,1
591fb774,13576,6.9945,1
1a4a0705,16288,6.989,1
1f8c92e3,15511,6.9918,1
6f28327e,9148,6.9945,1
29a5d832,16106,6.9945,1
22f6e0f5,11368,6.9945,1
da57e65,14980,6.9945,1
76c5eeb8,11459,6.9918,1
585099dc,13412,6.989,1
5fb3beac,16187,6.9918,1
79c3a569,12884,6.9918,1
57f2c4a3,12085,6.9918,1
202a24c7,12974,6.9945,1
7c68d767,14263,6.9945,1
3e6c4098,14365,6.9945,1
5a6042d1,7744,6.9945,1
2b9d4946,15444,6.9945,1
2228fb1e,16794,6.9945,1
46bd95a5,5951,6.9945,1
117470bd,16468,6.9945,1
4d409a8b,12586,6.9918,1
15ee2f38,17596,6.9973,1
1e52f69a,7119,6.9973,1
54f893ba,9409,6.9973,1
7046f419,17363,6.9945,1
66bbf000,14478,6.9945,1
2f66ba9e,8905,6.9863,1
4b15d7a5,3853,6.9973,1
5be0f83e,9741,6.9973,1
2f21e497,12797,6.9973,1
62e228b2,16338,6.9973,1
9ef8360,9791,6.9973,1
626732de,9901,6.9973,1
9247f2b,16102,6.9973,1
78cacc3a,6813,6.9973,1
1d879479,13524,6.9945,1
417aaeff,9565,6.9973,1
322eb9da,9758,6.9973,1
c8a5c,15418,6.9973,1
205eaded,16503,6.9973,1
1cab18b9,9720,6.9973,1
3d2e7309,14132,6.9973,1
29b72f05,15871,6.9945,1
6e90b380,12806,6.9973,1
2a3a003b,5832,6.9973,1
64c2984e,3743,6.9945,1
741d4cd4,6789,6.9973,1
1ffaed64,12700,6.9973,1
154be969,12701,6.9973,1
76143ab2,5793,6.9973,1
b2e6cf8,16848,7,1
cd167e3,12341,7,1
43772134,8807,7,1
7e1a34ef,9715,7,1
34d08ae4,9574,7,1
63a8cf72,9159,7,1
4c61692a,9592,6.9945,1
36e58f13,16160,7,1
1472c501,15681,6.9973,1
1977786c,17634,6.9973,1
2940560c,12054,7,1
6eaf5237,9075,6.9973,1
50061aeb,11520,7,1
65b46291,12901,7,1
7428d5e6,16271,7,1
563e7717,12460,7,1
7d65abea,9840,7,1
694f709b,3886,6.9973,1
66143119,14291,7,1
5bfa1fb1,12956,6.9973,1
3e3964d,12067,6.989,1
7e595d16,15768,7,1
7a4de364,13529,7,1
2e3393cc,6915,6.9945,1
75e43b2d,5671,7,1
3ceaf539,16003,7,1
18344446,14797,7,1
37666282,14622,6.9973,1
3632895,13168,7,1
317c76c6,12541,7,1
72d50d65,5993,7,1
5a541eed,15303,7,1
c76bee1,11410,6.9973,1
5ea20557,3774,7,1
2ada350,14574,7,1
1179f3ac,12675,6.9945,1
449fa996,5695,7.0027,1
16072d85,9106,7.0027,1
4016dfb4,17583,7.0027,15
6cdefade,9394,7,1
5f51866b,14333,7.0027,1
2218c2af,5703,7.0027,1
1b720c63,12394,7.0027,1
3436718d,14387,7.0027,1
2fa565df,13039,7.0027,1
2009eba1,11429,7.0027,1
4b4cd73e,9210,7.0027,1
4056cb20,17394,7,1
3fe97bdf,6811,7.0027,1
47eb70be,11557,7.0027,1
43647e01,16037,7.0027,1
6e3cb474,16566,7.0027,1
18457d58,331,7.0027,1
4b7906e,15494,7,1
64c3628f,12481,7.0027,1
6fd7e577,17359,7.0027,1
5c4bea68,17595,7.0027,1
6447256f,9381,7.0027,1
1beff472,9885,7.0027,1
4b434625,9580,7.0027,1
48d8ed8f,11451,7,1
1569d5a6,16476,7,1
1cba8337,17597,6.9945,1
71c1ef1d,17703,6.9973,16
2062fd6e,14578,7,1
2f59c878,15037,7.0027,1
7446ecd0,9027,7.0027,1
a814c42,3875,6.9973,1
7aee371,14157,7.0027,1
193fc605,14446,7.0027,1
3dbf59f1,14745,7.0055,1
5c444c36,3800,7.0055,1
1fa71b02,9387,7.0055,1
10f2b1e2,9408,7.0055,1
1fc4a7e8,9020,7.0055,1
58731530,11987,7.0055,1
32462ff1,3896,7.0027,1
d9db814,14139,7.0055,1
26a8c7f4,16508,7.0055,1
1f0a728,6919,7.0055,1
3bb1ab19,6658,7.0027,1
6667a670,9218,7.0055,1
78c332c5,9181,7.0055,1
7babe3ca,14339,7.0055,1
1bdc0c2c,12665,7.0055,1
381177b5,9626,7.0027,1
5ac1bad0,15901,7.0055,1
1f112198,15972,7.0055,1
294ea800,3872,7.0055,1
6b73151f,7836,7.0055,1
d5fbb50,14536,7.0055,1
76196bbb,11457,7.0055,1
60928901,6812,6.9973,1
3c4023bb,12161,7.0055,1
4c358a58,12613,7.0055,1
714c74d6,15946,7.0055,1
769033f7,9441,7.0055,1
562217f,9797,7.0027,1
5fa1225c,9413,7.0027,1
38829793,8864,7.0027,1
5805bd91,8823,7.0055,1
4afd8883,16298,7.0055,1
552e5247,14287,7,1
2d7c177f,12588,7,1
5e00217a,15900,7.0027,1
72121b26,14479,7.0027,1
70ec9c0,7680,7.0055,1
2191f032,9182,7.0055,1
5de922c2,15413,7.0082,1
7ec51e8b,15721,7.0055,1
7b4ef6d9,9735,7.0055,1
737ea928,17374,7.0082,1
1cece15e,12275,7.0082,1
6d5d6bca,13111,7.0055,1
29be99fc,7857,7.0055,1
43630633,14972,7.0082,1
15846992,7066,7.0082,1
6e199c6d,13069,7.0082,1
681ca95f,9433,7.0082,1
339568f1,15720,7.0055,1
56b4fe8,11765,7.0082,1
273351dc,14974,7.0082,1
2ae85234,15304,7,1
a299459,12793,7.0082,1
32227578,15787,7.0055,1
6de978db,14981,7.0082,1
50e9790b,5771,7.0082,1
78d05e78,15888,7.0027,1
3878e8d0,12825,7.0082,1
6d82ec0e,11327,7.0082,1
72e1affc,8801,7.0055,1
1950d312,7065,7.0082,1
11611b5c,9233,7.0027,1
3f594f43,13126,7.0082,1
331564dc,13067,7.0055,1
24e35882,13052,7.0082,1
5b220aa6,15706,7.0055,1
44f59a93,15321,7.0082,1
24f068d9,6848,7.0082,1
31a3f619,9717,7.0055,1
fba8fe7,12892,7.0082,1
4406d38c,12193,7.0055,1
600ebef9,15950,7.0082,1
2c4ff89d,11421,7.0055,1
69a24dd3,14404,7.0082,1
2f2d033,14730,7.0055,1
596cb23d,9147,7.0082,1
2b84802f,9158,7.0082,1
785c0ed2,17376,7.0082,1
6c3b2aa2,8817,7.0082,1
507a9042,6855,7.0055,1
5f70e79a,9098,7.011,1
47424838,15691,7.0055,1
72190448,17328,7.0082,1
766562c9,11682,7.011,1
2e7117a8,9329,7.0055,1
7ba799d6,14170,7.011,1
41a6f9ae,15616,7.011,1
39310d60,13050,7.0082,1
1c88b879,9064,7.011,1
3ae23017,14514,7.011,1
7d4c77b4,15029,7.0082,1
bd18a3a,16766,7.011,1
5243b049,6372,7,1
12056b98,5915,7.011,1
790a409e,5981,7.011,1
22e9ca71,9063,7.011,1
676579dc,5692,7.011,1
6062af50,15701,7.0055,1
75f024e5,13047,7.011,1
e3089d8,16004,7.0082,1
62537254,17001,7.011,1
2f6c8aed,12437,7.011,1
4c9312e,14985,7.011,1
482e13f2,5704,7.011,1
3dc33d88,14228,7.0082,1
450ae77d,9787,7.011,1
76b3e33f,17699,7.011,16
3b3eec86,9714,7.011,1
6cfb424f,5693,7.011,1
337c990,12050,7.0082,1
273c9b03,12870,7.011,1
4e7f2ec0,14535,7.011,1
269b155,9286,7.011,1
3faf93c1,7749,7.011,1
7c88f3b4,12810,7.011,1
4bb6cbcb,16126,7.011,1
49a28f1,9628,7.011,1
47e88238,6799,7.011,1
64174fd9,14376,7.011,1
7c46cc22,16995,7.011,1
1d3a8f2,9534,7.0027,1
54dbc599,16318,7.011,1
57217478,3918,7.0137,1
61ab4473,14106,7.0137,1
1dcc8562,9780,7.011,1
1443a11,12702,7.0137,1
b39d0ad,17012,7.0082,1
57e7e706,12699,7.0137,1
2ef99f0d,9630,7.0137,1
ecdac71,16704,7.0137,1
542555eb,9173,7.0137,1
4bb4a9bd,16161,7.0137,1
2303b81a,6621,7.0137,1
41605a80,11589,7.011,1
5464c6e3,12876,7.0137,1
694286d1,17378,7.0137,1
22adc8f9,17317,7.0137,1
4c3a6450,14885,7.0137,1
7247d6a5,5852,7.0137,1
31303637,11744,7.0137,1
7d16cae8,11820,7.0137,1
621139fe,5679,7.0137,1
2eaf39e7,12200,7.0137,1
1e1e338b,9781,7.011,1
5594fb2a,9593,7.0137,1
3ea1f6af,15682,7.0137,1
6996909d,14296,7.011,1
6fb744f,12507,7.0137,1
74c48211,8815,7.0137,1
45e106a8,12056,7.0137,1
182e74f1,12306,7.0137,1
5d1fa4c9,3813,7.011,1
452a22b7,9453,7.0137,1
152ef409,16148,7.0137,1
58377442,16867,7.011,1
33d50a49,15554,7.0137,1
27fea91e,14832,7.0137,1
45929f54,12160,7.0137,1
26e476c0,11740,7.0137,1
4653f215,17518,7.0137,1
6f9c4fef,14767,7.0137,1
1d410029,9410,7.0164,1
3ea51577,16719,7.0137,1
3bf23615,15529,7.0137,1
43ca7e73,8803,7.0164,1
4ea4a2d2,16379,7.0164,1
41f11f4a,3933,7.0137,1
58bc18dc,9280,7.0137,1
7254df40,7816,7.0137,1
627d0e9f,12413,7.0164,1
5f3f94da,14616,7.0164,1
9248230,5685,7.0137,1
387ae4af,5998,7.0164,1
31661130,6798,7.0137,1
651c7683,12914,7.0164,1
6f9f8549,12141,7.0164,1
4207af88,16755,7.0164,1
4369d969,12336,7.0164,1
454707e9,9241,7.0137,1
56e177c5,11700,7.0164,1
29e5e97e,13197,7.0164,1
16b01d1b,6367,7.0164,1
24cadfba,16994,7.0164,1
59cffc85,16765,7.0137,1
4cde726,12168,7.0137,1
26540d8,17014,7.0164,1
70a06821,14821,7.0164,1
2818038b,9562,7.011,1
562d9964,11547,7.0192,1
3d32a050,16942,7.0192,1
15f944ae,13169,7.0192,1
666bd750,15648,7.0192,1
304dd6ff,9807,7.0192,1
5c379440,14503,7.0192,1
74af8fb6,11456,7.0164,1
2b2c79b9,9887,7.0137,1
4a5c6c40,11974,7.0192,1
1345eadb,12167,7.0192,1
7330e967,12970,7.0192,1
7b6a1a88,5745,7.0192,1
334345ed,15317,7.0192,1
f6c726c,12199,7.0192,1
7b63c937,13035,7.0192,1
50f63289,15887,7.0164,1
2fd99970,15617,7.0192,1
62538abe,14234,7.0137,1
fc8717,14742,7.0192,1
79336957,15936,7.0192,1
15208b0f,9336,7.0192,1
fa4fa0f,13115,7.0164,1
70efc2ed,11332,7.0192,1
1967befd,17568,7.0164,1
80fcec,16532,7.0164,1
11ecd403,17705,7.0192,16
73777eb8,16320,7.0192,1
629eeb2a,15453,7.0219,1
6c68b53e,16982,7.0219,1
1b53387c,9046,7.0192,1
53990710,17340,7.0164,1
46cb71f2,15318,7.0219,1
6f23ed50,17524,7.0219,1
6d31b810,16285,7.0164,1
760b9321,11333,7.0219,1
28e3bed8,11405,7.0219,1
67690d0e,7858,7.0219,1
6bd228f3,12186,7.0219,1
1b6b01b4,15551,7.0219,1
7b7adbf1,11390,7.0219,1
5142dd24,15582,7.0219,1
2b2de24f,13549,7.0164,1
6888203f,16481,7.0219,1
4580cb8c,14978,7.0219,1
4a63c914,17648,7.0219,1
2ec95e5,12162,7.0164,1
4697206d,14280,7.0192,1
6af1544,8938,7.0192,1
6fb76958,12885,7.0192,1
5008b976,9594,7.0219,1
34409969,16558,7.0164,1
12142f5e,15750,7.0219,1
2c281389,15561,7.0219,1
4a8de854,15999,7.0247,1
35662d20,16018,7.0219,1
614f6f7d,11464,7.0219,1
d978c86,6763,7.0247,1
28fd0a28,16828,7.0247,13
3fe0ddf2,9151,7.0247,1
2c763d3a,12645,7.0247,1
36588b4e,15935,7.0247,1
3af65258,9568,7.0164,1
71ac2bf,12455,7.0219,1
47f6343e,6719,7.0247,1
59f511f0,16205,7.0192,1
5af45e17,17316,7.0247,1
2804acfc,14252,7.0192,1
25e37adc,17364,7.0247,1
3428abf2,15638,7.0247,1
795a8c79,17321,7.0247,1
f7b00a8,17588,7.0219,1
7787f3b6,15851,7.0247,1
7a69d2f6,16827,7.0247,1
69e077f1,7126,7.0247,1
577db086,7702,7.0247,1
549481,15635,7.0247,1
4806dd7e,14159,7.0219,1
7c4c58ea,16404,7.0247,1
468f2e65,14584,7.0192,1
625b4aa9,17372,7.0247,1
1c4886b1,12954,7.0247,1
6368b3a3,9552,7.0192,1
2dd16da,16557,7.0219,1
3d1efce2,15842,7.0247,1
5a8e7ea,15562,7.0247,1
5d0d94e0,11849,7.0247,1
370c225d,3946,7.0247,1
7dbf21b2,12468,7.0247,1
2e716adc,5748,7.0219,1
19f5521d,14534,7.0247,1
1d06086d,14790,7.0247,1
3f6a1e58,7679,7.0247,1
e7137c1,15893,7.0247,1
58b9e298,5720,7.0247,1
5c0ffa8c,6842,7.0247,1
3378a78b,3939,7.0247,1
3430511a,11480,7.0274,1
8d4d858,17599,7.0274,1
2d6f8eb9,15719,7.0274,1
238ac826,7677,7.0247,1
f29d41,13187,7.0274,1
173b267f,16038,7.0274,1
7640262b,9333,7.0274,1
40ce0178,7060,7.0274,1
35f02abf,9903,7.0247,1
217ca1d5,5974,7.0247,1
36d3fa5c,11743,7.0274,1
56fabaaf,14279,7.0274,1
3ea5543c,9902,7.0274,1
668fb4c9,12053,7.0274,1
529edf75,12664,7.0274,1
16a8aefa,16999,7.0247,1
15044142,3857,7.0274,1
5a43b5f8,9595,7.0219,1
eb686d7,9716,7.0274,1
2a779503,6947,7.0274,1
79fb21c9,9707,7.0274,1
4e4261e5,5997,7.0274,1
7478d6c4,5770,7.0274,1
62b19ac5,16139,7.0274,1
42641a33,16336,7.0219,1
3a47f91,6945,7.0247,1
5cfd2845,17045,7.0274,1
135c7b71,9374,7.0274,1
1f7406d3,14617,7.0274,1
2d882d0f,9134,7.0247,1
4381edc9,6620,7.0219,1
21d6c208,11761,7.0301,1
1eab1a7f,16213,7.0274,1
72a7acf0,6787,7.0301,1
3e84f8c8,9813,7.0301,1
29d5bb92,9285,7.0274,1
6feb3435,9401,7.0301,1
20e4c514,16979,7.0301,1
6a9ea766,12063,7.0301,1
611a4c17,15642,7.0301,1
39bf3b78,9155,7.0301,1
6d1c723b,13306,7.0301,1
7b7b41bc,3812,7.0274,1
3db21ef6,9905,7.0274,1
3aa6f77b,8936,7.0274,1
b4ecfe9,11472,7.0301,1
d8477f1,9724,7.0274,1
4d20f9c2,17397,7.0274,1
60c81b3e,15820,7.0301,1
1d04b149,3973,7.0301,1
15f4ce8,16898,7.0301,1
339176e7,11436,7.0301,1
793567be,17600,7.0301,1
5984824d,16775,7.0274,1
6132fecd,16530,7.0301,1
592c9a42,15502,7.0301,1
4eaf2d42,3775,7.0301,1
b760e4e,7773,7.0301,1
24e324a4,16262,7.0301,1
769d7387,13074,7.0301,1
af2f0f,16567,7.0301,1
3d6c4bd2,14388,7.0301,1
6d3264f,9737,7.0301,1
1b4f6c59,7699,7.0301,1
68c8cd94,329,7.0329,1
6261ff68,15556,7.0329,1
3d8c1a2d,11465,7.0274,1
22f2b28d,15512,7.0274,1
235cf44f,16706,7.0329,1
423f3f2e,14160,7.0329,1
2fc802be,13135,7.0301,1
5e201f1,9249,7.0329,1
537839dd,11609,7.0329,1
72483818,17589,7.0329,1
45998a06,9352,7.0329,1
7e641bd4,17552,7.0329,1
11562b54,13171,7.0329,1
22ed599e,16250,7.0301,1
2b2d2e7f,14444,7.0329,1
75492a75,12654,7.0329,1
55e5b303,15495,7.0329,1
1d8c3188,12235,7.0329,1
5f90ba90,15017,7.0329,1
63362995,14266,7.0329,1
1b33e35b,3897,7.0301,1
674f81c4,11430,7.0329,1
3dd1e387,12443,7.0329,1
6ff91f29,6824,7.0329,1
6bd400b6,3768,7.0329,1
4189d374,6948,7.0301,1
700eeda9,5769,7.0274,1
4271e5f4,15454,7.0329,1
65d6bac4,13420,7.0329,1
2eccc778,14587,7.0329,1
74d12ce0,9848,7.0301,1
4ba8e064,15363,7.0329,1
292804ad,15698,7.0301,1
64bb0a39,8977,7.0274,1
34eb9cf0,20697,7.0329,16
1f14d947,16401,7.0329,1
7c546a12,9160,7.0329,1
15b00459,9071,7.0329,1
29e63e14,14225,7.0301,1
41822bc4,3898,7.0356,1
1e59dd1c,17586,7.0329,1
371c2a54,13127,7.0329,1
bde9042,5996,7.0356,1
1fc1c6d8,8804,7.0356,1
13d009b3,12442,7.0356,1
435ccc06,7774,7.0356,1
13bd584c,12958,7.0329,1
6c9e96f9,7050,7.0356,1
7d8b7872,9222,7.0356,1
7f108748,8996,7.0356,1
5a095850,15954,7.0329,1
230f0465,5971,7.0356,1
3b3e67a3,6619,7.0356,1
406f9d4b,14603,7.0356,1
27d6cd48,17563,7.0356,1
503496ce,14297,7.0356,1
bc39c81,16316,7.0329,1
4388f125,14256,7.0356,1
7fb1a9da,13574,7.0329,1
bc7c204,14756,7.0356,1
1c776069,3887,7.0329,1
18f2bb1b,9385,7.0329,1
6aff2ea6,15955,7.0356,1
5f9d161f,16319,7.0329,1
784e51ad,12723,7.0274,1
665040d1,9262,7.0356,1
1bfbd2b9,16949,7.0356,1
424f1d52,16801,7.0329,1
3e2f6b8c,14504,7.0356,1
756917dc,9235,7.0274,1
29702b2a,12400,7.0356,1
516a52f6,9311,7.0356,1
79e4c903,17523,7.0329,1
5ba3b24f,9364,7.0356,1
66498910,14539,7.0356,1
c7e09c4,16273,7.0356,1
4354ed5,9288,7.0301,1
c1d355d,12142,7.0356,1
74b4147,11452,7.0356,1
41bcba2b,12444,7.0356,1
6b17aa05,3771,7.0356,1
457a0254,12960,7.0329,1
186632c5,12913,7.0329,1
3c2fbe00,13184,7.0329,1
7c97605e,11745,7.0384,11
6abe7c02,7745,7.0384,1
7f43aba3,16272,7.0384,1
569a4e94,3830,7.0384,1
170425f9,13389,7.0384,1
51d4772b,11326,7.0384,1
3b136243,7678,7.0356,1
e431577,12642,7.0384,1
4b403b59,7837,7.0384,1
6a57d510,7746,7.0384,1
6c3fb9af,16303,7.0384,1
6855b452,15621,7.0329,1
18e5143c,12263,7.0384,1
5e486f4c,5673,7.0384,1
48b6315f,9337,7.0384,1
59d51b27,16389,7.0384,1
4c9da87d,15530,7.0356,1
1c67c36b,9910,7.0356,1
1c8fda4,13119,7.0356,1
788d180b,6773,7.0384,1
7db131a5,15031,7.0356,1
970281e,11760,7.0384,1
44d583b8,14585,7.0384,1
2b2ecec0,7818,7.0384,1
6dcd33dc,11513,7.0329,1
7d10232e,16918,7.0384,1
2eccba82,16055,7.0384,1
75a8c44a,8872,7.0301,1
28ad4cf1,14690,7.0384,1
2c7ad9eb,13086,7.0384,1
508f8619,6690,7.0384,1
3fcb01b2,14818,7.0384,1
63b682d6,11466,7.0356,1
21be8095,16947,7.0384,1
10ef2363,3833,7.0384,1
5bf1a0c8,12895,7.0411,1
d27963c,15699,7.0384,1
15335664,16143,7.0411,1
77e25ae1,9044,7.0411,1
2095d6f9,7819,7.0411,1
757a4056,16127,7.0411,1
235b59d1,14820,7.0384,1
468b2a09,3951,7.0411,1
48271e3f,16853,7.0411,1
6ff88f9d,8820,7.0356,1
c2f1ed9,9849,7.0411,1
71edc2dd,12837,7.0411,1
1614c662,13154,7.0411,1
9d07dcb,15723,7.0384,1
60d0680f,16376,7.0384,1
79f64c28,12062,7.0411,1
4fecdaf6,14538,7.0411,1
2524955e,9597,7.0329,1
52d9b0ec,13556,7.0384,1
37b1ce2e,5875,7.0411,1
624e4b03,14516,7.0411,1
68fa4ca4,11469,7.0411,1
2326da9f,12658,7.0411,1
768c2f09,12721,7.0411,1
3ce750c7,15867,7.0411,1
2c61020b,13557,7.0384,1
5c9c8809,15839,7.0411,1
1644f44f,16484,7.0384,1
3a3363a,13511,7.0411,1
5442fe1,16707,7.0411,1
1051d4c9,3980,7.0411,1
15bf63b9,5696,7.0438,1
21110418,9316,7.0411,1
10466af9,12971,7.0384,1
ace8c2d,17520,7.0438,1
25f5cc71,7106,7.0438,1
2ed191b2,15323,7.0438,1
74961b4,13550,7.0438,1
24fbc206,20696,7.0438,16
5a2a8d50,6647,7.0438,1
77d98e0d,6705,7.0438,1
78d4dba6,12639,7.0438,1
b82ae73,17292,7.0438,1
965bd8,5798,7.0411,1
4dc59ee6,9007,7.0438,1
345c41c9,15894,7.0438,1
3c2a12f8,15636,7.0438,1
4e4d5eb6,6725,7.0438,1
40030a22,6648,7.0411,1
1e54f06f,6849,7.0438,1
48d0b865,9831,7.0438,1
6ccce727,16717,7.0438,1
3446b286,15558,7.0438,1
da8ebe9,9250,7.0438,1
407669a9,16297,7.0438,1
4b085b5f,17002,7.0438,1
4adb023a,6797,7.0411,1
665f2b,11400,7.0438,1
732e45af,9752,7.0438,1
6e86c874,8789,7.0438,1
7af53a36,15452,7.0384,1
68ad2d80,16850,7.0438,1
5a00a8b9,13079,7.0438,1
5b028d6b,12838,7.0466,1
646c5d14,15707,7.0411,1
1ec19b67,9718,7.0466,1
8f538b7,7729,7.0438,1
9b5d504,3815,7.0438,1
224760c2,12281,7.0411,1
562fe1eb,15572,7.0466,1
19895790,5972,7.0466,1
3818f496,11687,7.0466,1
1f221b64,5797,7.0438,1
6baeb239,11834,7.0466,1
497695b9,16776,7.0466,1
362b81d2,7681,7.0466,1
65cd6550,5833,7.0438,1
1a8e813b,8984,7.0466,1
15784035,9886,7.0466,1
545c2747,16590,7.0466,1
7f377659,14270,7.0466,1
715e7b0a,16797,7.0466,1
7cae5ef0,12196,7.0466,1
1fb7bb43,11369,7.0466,1
48193968,13165,7.0466,1
c580b8c,16896,7.0466,1
edcb726,15741,7.0411,1
2c93681d,14248,7.0466,1
2dc0d69e,14604,7.0466,1
632e912f,15869,7.0438,1
4a23fb35,7838,7.0466,1
6188bcc1,5922,7.0466,1
a865251,5721,7.0438,1
3d62009c,11841,7.0493,1
76bce13d,9830,7.0493,1
4f8b651e,17341,7.0493,1
163d5588,17521,7.0466,1
76708682,11406,7.0493,1
32778d3a,15405,7.0493,1
a5b45ff,6792,7.0493,1
1ee155a9,14886,7.0493,1
2710c2c8,14312,7.0493,1
5b7d42b7,14614,7.0493,1
3d198a70,14746,7.0493,1
55ed1abf,9154,7.0493,1
549d940,16533,7.0466,1
24ee4da3,17704,7.0493,16
4f94dc21,11804,7.0493,1
15b7db73,13172,7.0493,1
28b20398,9424,7.0493,1
63fa5c17,14766,7.0356,1
352f969e,9756,7.0493,7
1ee8af0b,12655,7.0466,1
56aacfa9,11852,7.0493,1
6f0a2ab7,9310,7.0493,1
26fec18d,13075,7.0493,1
2e36bf16,9554,7.0493,1
17d52ba1,14229,7.0493,1
6df6ed1c,3950,7.0438,1
5b0aa1ce,11836,7.0466,1
5e87c4a3,15376,7.0356,1
54ca88f,16531,7.0466,1
55eef302,6366,7.0493,1
6b58523d,9099,7.0438,1
668325cc,6774,7.0493,1
b9a2129,16168,7.0493,1
2e983107,14375,7.0493,1
6bf2f805,11328,7.0521,1
b7aaadd,6984,7.0521,1
49a6609a,13166,7.0521,1
60c61a29,3837,7.0521,1
7b0a0909,13395,7.0521,1
3a8ffc71,15939,7.0521,1
464119f5,11595,7.0521,1
3c991317,15417,7.0493,1
1cbc743c,8832,7.0521,1
6c5e41ff,9184,7.0493,1
29775471,16573,7.0466,1
4fd80ce5,17398,7.0493,1
c5783a4,14759,7.0521,1
67376e1b,14586,7.0521,1
1342d841,16851,7.0521,1
d8d226f,6659,7.0521,1
1eca2b73,6009,7.0438,1
42d1c907,7063,7.0521,1
47d481cc,15322,7.0466,1
232e4d03,13530,7.0521,1
6c706ba6,11762,7.0521,1
20a51ede,12799,7.0521,1
51093887,16849,7.0521,1
439c31e7,15612,7.0521,1
128b2ac2,7084,7.0521,1
7dc95e6e,17004,7.0466,1
438ce803,6946,7.0521,1
1d8a89aa,12192,7.0466,1
7512ece7,5710,7.0521,1
57a3e8ab,14921,7.0521,1
1c3505a7,12877,7.0521,1
2b381261,15852,7.0521,1
492fb635,12957,7.0521,1
181e90b,15740,7.0521,1
352dcca1,11597,7.0466,1
5e6d6b7f,13041,7.0493,1
6ac7e099,12366,7.0521,1
6400957b,13577,7.0521,1
3f93159e,15574,7.0521,1
7a5c3860,15940,7.0493,1
4c093c41,9423,7.0493,1
a90a780,16490,7.0521,1
5f065d63,12265,7.0521,1
3fcda0b5,16980,7.0521,1
1feaf18d,14922,7.0521,1
18d56d37,16304,7.0548,1
6632691b,16756,7.0548,1
1776750a,3893,7.0548,1
7a76cfc2,11746,7.0548,1
30c3b1bf,12959,7.0521,1
324da423,14710,7.0548,1
43a2fc82,6706,7.0548,1
6d93392c,16108,7.0548,1
286c0031,15305,7.0521,1
1be37cde,13198,7.0521,1
12c0a818,11981,7.0493,1
3f19948d,15032,7.0548,1
75fe7cde,15579,7.0493,1
73dd5473,3899,7.0521,1
3b78bfb1,9871,7.0493,1
3bfd218c,15812,7.0548,1
cfa1e91,14707,7.0548,1
23c870c7,17564,7.0548,1
48336782,9393,7.0548,1
74875d84,15742,7.0466,1
51d4dc3b,9224,7.0548,1
2f2f7487,5860,7.0548,1
7d0cd1af,9261,7.0548,1
2ed0a6fb,5669,7.0548,1
587e6dd1,14521,7.0548,1
5992821e,16564,7.0548,1
dcd5ee7,7700,7.0548,1
16577758,11802,7.0548,1
3d9bec17,9194,7.0548,1
6222765e,14327,7.0548,1
6e4d5b62,5802,7.0548,1
70541bc8,8980,7.0548,1
17094943,15917,7.0521,1
3a49114d,13051,7.0548,1
5850a947,14328,7.0548,1
80a73de,9708,7.0548,1
551470cd,12395,7.0548,1
2725d05b,17519,7.0521,1
7ae25f69,9904,7.0548,1
1024f001,16504,7.0548,1
21ad5768,16838,7.0548,1
5b526e73,9072,7.0548,1
5749d988,13040,7.0548,1
5ee77c32,13136,7.0548,1
50989e10,16274,7.0521,1
36167990,8919,7.0548,1
7d4b6e2d,16479,7.0548,1
64d76d95,17265,7.0521,1
44b6ddad,14341,7.0575,1
1b49bd1,14761,7.0575,1
275c1c50,15973,7.0575,1
46ba88e,13304,7.0548,1
4cf22dfe,16523,7.0575,1
22f78428,6996,7.0575,1
7d13fe26,16527,7.0575,1
585c8846,9395,7.0575,1
1aa741b,12234,7.0575,1
1fe276c2,11739,7.0575,1
167be507,16829,7.0575,13
7de259d6,16265,7.0575,1
4140e094,14744,7.0575,1
56e59715,14989,7.0575,1
13984e0b,16524,7.0575,1
1fc06edc,13112,7.0575,1
7003b81b,17322,7.0575,1
3601b2cf,12485,7.0575,1
67b84a12,9119,7.0575,1
7b927eb7,11698,7.0575,1
163cc2be,14913,7.0575,1
2d908d7c,5858,7.0521,1
8ddaa06,16462,7.0575,1
60d20a6c,9191,7.0493,1
108b1dfa,16217,7.0575,1
80aff4,9601,7.0603,1
395989fa,13515,7.0603,1
5c31994d,14483,7.0603,1
2c4069cd,9504,7.0603,1
646cc572,17516,7.0521,1
118f865c,15448,7.0575,1
41249ed1,14269,7.0575,1
1e3d8a84,16181,7.0603,1
434d0156,12871,7.0575,1
1e1c9196,354,7.0603,1
6e058939,14137,7.0575,1
be25db2,14168,7.0603,1
7e89f467,13071,7.0603,1
6c4086de,9627,7.0548,1
110406c,17584,7.0603,15
64278489,13551,7.0575,1
4f9b5daf,3858,7.0603,1
26a99575,5691,7.0603,1
4e379108,15722,7.0575,1
4da7bb82,11479,7.0603,1
157c7d73,9221,7.0575,1
7f145094,6815,7.0603,1
42852c16,12579,7.0575,1
dd921af,11344,7.0603,1
7dd2e03d,12362,7.0548,1
66d34226,12187,7.0603,1
b338d11,14992,7.0548,1
56fefc13,9208,7.0603,1
126e6b3a,5794,7.0603,1
27f4469b,14615,7.0603,1
78d7a242,17003,7.0575,1
6f9be34c,11356,7.0575,1
4ea484c8,16498,7.0521,1
2f72119d,6715,7.0575,1
6af26383,16839,7.0603,1
5a436c12,12961,7.0603,1
302b2156,14537,7.0603,1
f6a3037,12659,7.0603,1
7288624a,12315,7.0603,1
767da422,6868,7.0575,1
371f6503,8867,7.0603,1
5ed7c327,15552,7.0603,1
62ab42,9596,7.0548,1
1b2543d8,3770,7.0603,1
13fa0f89,11688,7.063,1
687ec385,3848,7.063,1
3d245f52,16894,7.063,1
575e0ac2,9070,7.063,1
10024d4f,14422,7.063,1
1e031c1c,9832,7.0603,1
377035f5,6853,7.063,1
225da0e2,11741,7.063,1
13570cf2,7105,7.0603,1
34f80c40,12434,7.0603,1
468b2ea0,12638,7.063,1
21148b7,15328,7.063,1
4d04a2a7,17543,7.063,1
14c4a549,16923,7.063,1
661f0769,9290,7.063,1
12719de6,3979,7.063,1
31a565be,14802,7.063,1
1aad2bef,17404,7.0603,1
72d4a387,16834,7.063,1
6c6ec6fb,14628,7.063,1
268da7bf,12079,7.063,1
72eee83d,15366,7.063,1
16f57dc,14131,7.0575,1
103d5199,6850,7.063,1
567014ed,12026,7.0603,1
4cb359c6,14556,7.063,1
4999ef6d,16810,7.063,1
32b38035,9330,7.0603,1
5f21d286,12163,7.0603,1
64b23df2,12841,7.063,1
329925cb,15870,7.0575,1
34fd4672,17360,7.063,1
1a61caf0,9893,7.0603,1
6fc929e3,15639,7.0548,1
33a0a1fc,7802,7.063,1
1485eeac,5940,7.063,1
26154bea,14819,7.063,1
4a15e498,17022,7.063,1
4dc5c63b,15371,7.0575,1
5eb78160,11861,7.0575,1
7951bab6,16103,7.063,1
78173d64,12261,7.0575,1
435c4c44,6825,7.063,1
26084193,11433,7.063,1
445668b3,15947,7.063,1
e8c1c83,276,7.063,1
56b8140,13188,7.0658,1
3fec655d,15716,7.063,1
2caf7675,6767,7.0658,1
a0e3ad5,3919,7.0658,1
2474c3c5,15748,7.0658,1
40940a01,14254,7.0658,1
3770e150,9153,7.063,1
594a139c,16315,7.063,1
6ec8177f,3949,7.0603,1
6ca09b88,16889,7.0575,1
3e32f4aa,14267,7.0575,1
c84501f,15889,7.063,1
3cce5abe,16403,7.0658,1
1293d1b7,3878,7.0658,1
7a8764b6,12181,7.0658,1
542dd751,12842,7.0658,1
140359d7,16427,7.063,1
7ed5dffe,12018,7.0658,1
1af86cc0,15876,7.0658,1
10119adf,14418,7.0658,1
16ea0841,17379,7.0658,1
57896cfe,12625,7.0658,1
6d24ae01,13514,7.0658,1
34e35109,3718,7.0658,1
728dffd4,16289,7.0658,1
6e7f93e7,5859,7.0658,1
26637c8f,6729,7.0658,1
155d6698,15715,7.0658,1
8261a53,12557,7.0658,1
15c827dc,16559,7.0603,1
73a6e29,14781,7.0658,1
3a00ed45,7048,7.0658,1
24c8cd4,5849,7.0658,1
56eebd86,16299,7.0685,1
271da54,9008,7.0658,1
32cba005,5666,7.0685,1
3fa6659a,16222,7.0685,1
59ea6496,12608,7.0658,1
7acbe0a0,14612,7.0658,1
766436d7,6791,7.063,1
7ae20734,16796,7.0685,1
44e1157,12457,7.0685,1
7026122a,16985,7.0658,1
55cd326e,8878,7.0685,1
248648e,12890,7.0685,1
68f91854,6654,7.0658,1
7472e7,9792,7.0685,1
280ee023,12025,7.0685,1
146cf90e,13417,7.063,1
55418319,9312,7.0685,1
75da0a5d,14887,7.0685,1
2a8ae33d,11866,7.0685,1
595ddbeb,12633,7.0685,1
5dd292,5850,7.0685,1
25f0a826,15527,7.0685,1
1583e975,11490,7.0658,1
589e24ae,6805,7.0685,1
76ead122,12627,7.0603,1
6f2b2ed5,13558,7.0685,1
34162eb8,15553,7.0685,1
18ca8e0,12839,7.0658,1
211d816f,9206,7.0685,1
80f6ab6,16128,7.0685,1
3e64a0e4,9800,7.0685,1
c6d8a59,15324,7.0685,1
5acbd460,14540,7.0685,1
171020af,9895,7.0712,1
64b9a221,15458,7.0712,1
7f415dd2,15382,7.0712,1
7badee8e,12188,7.0712,1
6d2ebc0c,5861,7.0712,1
44afb322,12423,7.0712,1
58b47975,7869,7.0712,1
2bd2aac5,6775,7.0658,1
3175d9a8,11598,7.0712,1
25389896,9353,7.0712,1
3dee9ee1,16120,7.0712,1
16108a6d,12409,7.0712,1
7b3f887e,11473,7.0712,1
4e11cdd,9505,7.0712,1
1bc62d70,17665,7.0685,1
7a5bfab6,13070,7.0712,1
152d43eb,15930,7.0712,1
338b7a8a,7672,7.0685,1
7c02efba,16024,7.0712,1
3f009fd2,12264,7.0712,1
158798ef,9411,7.0685,1
30ac5ea3,15605,7.0712,1
45c84d10,5862,7.0685,1
5e8a5a31,15497,7.0685,1
581b3d16,6688,7.0712,1
63dec7c8,7876,7.0712,1
3bc5170a,9782,7.0712,1
4ab76bbc,9454,7.0712,1
183c7d0f,16742,7.0712,1
194e1093,14480,7.0685,1
32f0f022,11596,7.0712,1
44dcf215,8821,7.0685,1
c3b74f5,9195,7.0658,1
7d200445,5711,7.0712,1
16fd9017,16818,7.0685,1
68fdaeb,12415,7.0712,1
6f2c9821,11853,7.0712,1
38e7d5ed,3975,7.0712,1
4598fc98,15873,7.0712,1
3db82e42,14988,7.0603,1
365e5444,9760,7.0712,1
3010a7df,14335,7.074,1
32eee179,14114,7.074,1
4ed80358,15619,7.0712,1
7b75e9f0,12614,7.074,1
ae082b3,16702,7.074,1
3f7be26f,14994,7.074,1
e639f2c,12179,7.074,1
7a5b29d0,9776,7.074,1
74173700,7769,7.0712,1
7a6cd62b,9814,7.0712,1
1b9a8ddd,14680,7.074,1
1ae43b93,17353,7.074,1
39d284b6,9783,7.074,1
74b01bbb,15838,7.074,1
66a376ba,13096,7.074,1
68f15688,16482,7.0712,1
53f2c0a6,11803,7.074,1
7ea8095a,12794,7.074,1
7c77ea26,12724,7.0658,1
5a954fa1,3947,7.0712,1
4c934bc,6660,7.0712,1
ab1b8f7,14627,7.074,1
6816fa3f,9383,7.0712,1
15c00715,11599,7.074,1
2d24f06b,6726,7.074,1
1378de4c,5799,7.074,1
1409aad4,9402,7.0712,1
4b116d68,13209,7.0685,1
15c69980,11519,7.074,1
413c7bc9,9220,7.074,1
1463471c,17522,7.0712,1
4d65004e,14282,7.074,1
d5f4ea7,9833,7.074,1
2f1f8ef6,12194,7.0712,1
21ca77ae,5975,7.074,1
624af6ab,7727,7.074,1
444874a9,7870,7.074,1
331520f1,6679,7.0712,1
60ae705b,16363,7.0767,1
122b1ce7,6012,7.0767,1
53d56b38,7781,7.0767,1
15c1cf37,9429,7.0767,1
f4977d6,5941,7.0767,1
1cf6e2cc,14484,7.0767,1
56700991,6992,7.0767,1
5a7504ad,15570,7.074,1
3a3fb7dd,13375,7.0767,1
2961d455,15520,7.0767,1
7b06126,11481,7.0767,1
4dd3cc1f,9313,7.0767,1
9e0f5b4,12404,7.0767,1
22ab86c6,14993,7.0767,1
7b29bae0,17566,7.0767,1
74413f83,11516,7.074,1
28df8103,5864,7.0767,1
2721a620,17048,7.0767,1
29e2ba25,7076,7.0767,1
12aeeee5,9434,7.0767,1
57018469,7872,7.074,1
2a41042d,12962,7.0767,1
7bb7e3,11679,7.0767,1
3cf4165b,17532,7.0767,1
670def60,12422,7.0685,1
454fefc0,12891,7.074,1
18568c25,9569,7.0767,1
7142b607,12646,7.0767,1
40c17ba,14445,7.074,1
604d695a,16477,7.0767,1
119ed671,6879,7.0767,1
c729eb4,3814,7.0685,1
36795115,14462,7.0658,1
1a62d45b,14977,7.074,1
14e37d8c,11831,7.074,1
7e37b16a,14920,7.0795,1
66a80726,9278,7.0767,1
1757f984,15603,7.0767,1
2270c847,12788,7.0767,1
1a25031f,16123,7.0795,1
1e627837,12644,7.0767,1
757b733b,14676,7.0795,1
1669cc0c,12138,7.0795,1
2b91e706,9503,7.0795,1
5516834a,9238,7.0767,1
73a12ff9,13076,7.0767,1
197f4afc,7087,7.0795,1
4e38b809,8830,7.0767,1
16ce63,3934,7.0795,1
27625c85,14675,7.0795,1
7892864a,9894,7.0767,1
236b046,12515,7.0795,1
34958ac6,15490,7.0795,1
57de0e02,8825,7.0795,1
3b927265,11810,7.0767,1
18559529,12068,7.0822,1
d5f1bb7,9162,7.0822,1
c9151d1,16856,7.0795,1
7a8644f5,6015,7.0822,1
14ca293f,14843,7.0822,1
33c38bba,14779,7.0822,1
115b49e,14343,7.0822,1
1bead6fd,8839,7.0822,1
66f5670e,9371,7.0795,1
1d731388,12611,7.0795,1
583552c8,15446,7.0822,1
77849c2f,7747,7.0822,1
3a94f11c,5888,7.0822,1
3f7e4a95,15902,7.0822,1
23cad8d,3801,7.0795,1
4d2ffca0,14679,7.0822,1
1e1964ce,9234,7.0822,1
461fa044,9207,7.0822,1
3987a00,17355,7.0822,1
4e7fb204,9107,7.0822,1
1e3b2bb7,3988,7.0822,1
21e19085,14831,7.0822,1
51f9c478,14477,7.0795,1
296db9cd,5803,7.0822,1
69e58e9a,12807,7.0822,1
6b76e8,11460,7.0767,1
5a39ee30,12076,7.0795,1
1a923bc5,17405,7.0822,1
6f7c6512,7866,7.0822,1
5e755a8b,11600,7.0767,1
1b218e81,16019,7.0795,1
e7cabbb,16406,7.0822,1
4d2835b6,11766,7.0822,1
175b19c3,17585,7.0822,1
53bf5a2,16337,7.0822,1
71ee568c,13531,7.0822,1
70ba1851,16868,7.0822,1
66ac8bb6,15375,7.0767,1
d66d5ab,7108,7.0822,1
572ab740,9801,7.0767,1
5473d11f,14780,7.0822,1
5680111c,8937,7.0822,1
6df05dea,4001,7.0822,1
6f6267a3,14463,7.0795,1
2553a879,12484,7.0822,1
2ad3b924,14893,7.0849,1
730d553e,17337,7.0849,1
1c7d49b8,13113,7.0822,1
60d0cb7a,7110,7.0849,1
60de6aeb,14307,7.0849,1
587606e9,15468,7.0849,1
3eebcc2b,12158,7.0849,1
41cb0c7c,17047,7.0822,1
45f4bad0,8934,7.0849,1
4b480c30,12185,7.0849,1
9a1cc72,14334,7.0849,1
370dbd74,7041,7.0849,1
5ba5f773,16317,7.0849,1
660385a3,16266,7.0849,1
2497104c,15845,7.0822,1
4c3e0b79,15931,7.0849,1
558f466e,9725,7.0849,1
3bc586e4,11843,7.0849,1
fb3b7b6,14184,7.0849,1
41ab1a49,15576,7.0849,1
13bac37c,14161,7.0849,1
5ccd06e5,11850,7.0849,1
2f6377b1,17343,7.0849,1
79cc5590,11352,7.0849,1
4b9bb947,9788,7.0767,1
f0f805,9096,7.0849,1
12ecf1aa,17333,7.0849,1
570871a8,16015,7.0849,1
63e25a07,12787,7.0849,1
6455b6ae,7852,7.0849,1
11416a2f,9437,7.0849,1
5d0cc9e,6790,7.0849,1
74938c41,13297,7.0849,1
3d3ab4bb,14632,7.0849,1
27b0a121,13575,7.0877,1
24072d75,6956,7.0877,1
4c9e5c30,8982,7.0877,1
2469a674,14733,7.0822,1
672b271,12148,7.0877,1
1b034b4f,11372,7.0849,1
25c2fbc3,5973,7.0822,1
707f0fd,8978,7.0877,1
64459ccb,9759,7.0849,1
436cecc4,14405,7.0849,1
4cf1a309,15941,7.0849,1
2c8327dc,17662,7.0877,1
5f0371dc,17636,7.0877,1
5edb1040,16056,7.0849,1
6cf5f4bb,14452,7.0877,1
2dddebc7,17314,7.0877,1
6914f231,16983,7.0877,1
58c9c511,16998,7.0877,1
6f4bb643,16109,7.0877,1
2c58c73d,15983,7.0877,1
bcce38c,16000,7.0877,1
6e1992a2,11694,7.0822,1
2052702a,3847,7.0877,1
129923cd,3719,7.0877,1
1096f095,7848,7.0877,1
78126f8c,12725,7.0877,1
2431531b,16895,7.0877,1
5b33af25,6840,7.0877,1
25e3582c,9078,7.0877,1
5abc7eae,12795,7.0877,1
208668b8,15471,7.0877,1
69dc96f3,9252,7.0849,1
7b32e451,16182,7.0877,1
3280574e,16857,7.0822,1
5985209d,15898,7.0904,1
60f57c0d,15974,7.0877,1
6d1305ee,11524,7.0904,1
5d991525,17641,7.0904,1
1ca5d62e,8833,7.0904,1
3b95c7fd,15038,7.0904,1
2de847c3,3891,7.0877,1
446f3531,15559,7.0904,1
66b64367,6977,7.0904,1
137f062a,16899,7.0904,1
1495f194,14325,7.0877,1
65a195d,9425,7.0904,1
69e3800a,8881,7.0904,1
3d9a4b2a,8985,7.0877,1
1e82aa76,9219,7.0877,1
56bf54e5,9810,7.0904,1
793f9e,9457,7.0904,1
756f0c4b,9095,7.0904,1
1a43cad7,11370,7.0877,1
48f30133,11563,7.0904,1
36f7ad06,14791,7.0904,1
7fbbf189,9317,7.0877,1
723ba761,6661,7.0877,1
762ade83,14541,7.0904,1
7dbec2dd,7673,7.0904,1
5d29535a,11574,7.0904,1
7206f731,9815,7.0904,1
5278e134,7885,7.0904,1
763bfc2e,3802,7.0904,1
1cb35cf5,13087,7.0849,1
59db798c,12798,7.0877,1
4e7f526e,17602,7.0877,1
b858bef,16852,7.0904,1
1ee1aaea,9414,7.0904,1
1cf4b7a3,12197,7.0904,1
282c6a71,7122,7.0849,1
74f8bf3e,6927,7.0904,1
2fce89bf,9295,7.0904,1
f515668,11523,7.0849,1
7471e1b9,16362,7.0877,1
1c741b92,11763,7.0932,1
2504ee10,9581,7.0932,1
6eb06723,11842,7.0932,1
684f20c1,5872,7.0932,1
6bd79e8b,16767,7.0932,1
2865a5c6,13120,7.0932,1
5743a0e8,8873,7.0932,1
4628a7da,3989,7.0932,1
55b5a07e,9236,7.0932,1
22ff5574,16130,7.0904,1
3486d018,5884,7.0767,1
38d15c94,15620,7.0932,1
6fa5aec3,16090,7.0932,1
252b173f,14607,7.0932,1
5d65f5b4,12027,7.0932,1
6f622770,6730,7.0932,1
2d735fe9,5869,7.0932,1
4589388b,13089,7.0932,1
509c2797,13416,7.0904,1
6b4fe97b,9076,7.0932,1
b8a5e96,12410,7.0932,1
22a6b065,3888,7.0877,1
5c015ae6,16587,7.0904,1
6b3aca98,12312,7.0932,1
5a2be8f7,6703,7.0932,1
4d995e4f,16046,7.0932,1
1b19fb70,6817,7.0932,1
264a8c81,15045,7.0932,1
2323a4ef,6988,7.0932,1
244ffde2,5706,7.0932,1
70d95060,17603,7.0932,1
205e47e,9225,7.0904,1
3cbf3c0d,12290,7.0932,1
67c46695,9118,7.0904,1
5da4605d,16121,7.0932,1
70af5983,14918,7.0959,1
35b55ccf,12640,7.0959,1
71016422,5992,7.0932,1
4bd47591,3990,7.0959,1
fd944d7,6649,7.0959,1
20d4b51f,14844,7.0959,1
7483b9d2,7770,7.0959,1
3baf6dd8,15649,7.0959,1
5b067ee,14964,7.0932,1
1a7c10b3,13379,7.0959,1
602657aa,7800,7.0959,1
251c4885,17020,7.0959,1
2315d4df,12792,7.0959,1
1f13ccfc,9553,7.0904,1
5996b186,12979,7.0959,1
bdf3619,6768,7.0932,1
4c400f87,9174,7.0959,1
41fe89fc,11449,7.0959,1
41397ae6,17601,7.0932,1
1af3468e,16364,7.0959,1
2d880ac4,9392,7.0959,1
5f158e92,11468,7.0959,1
582e6c16,17587,7.0959,1
13e58ec0,5867,7.0959,1
26614429,11431,7.0959,1
4b52a40b,9643,7.0959,1
38c0d2ed,12918,7.0932,1
4ba783e0,15899,7.0932,1
7ecd8bb,11770,7.0959,1
2b009463,15479,7.0959,1
75ac0ff4,3976,7.0932,1
4b45ec16,9761,7.0959,1
7079a68e,8979,7.0959,1
7981e708,14923,7.0959,1
2a0ddcc5,14917,7.0932,1
501e66b,11867,7.0959,1
10c79a90,15732,7.0959,1
7c33c1da,6694,7.0932,1
7406e1c2,9390,7.0959,1
3029e073,9455,7.0959,1
90fb33e,8811,7.0959,1
3a116aa3,14449,7.0959,1
162e646b,6669,7.0986,1
3c791b3a,12596,7.0986,1
55e59f9d,5716,7.0986,1
499c23b0,14834,7.0986,1
2ab0d72a,17535,7.0959,1
1b45f4ad,3957,7.0986,1
7e2dc692,12149,7.0986,1
7cda7bd,15821,7.0986,1
2be839e9,16032,7.0986,1
1f3c50a5,8826,7.0986,1
f350c86,6663,7.0986,1
6b8e288a,3945,7.0959,1
6d8b1274,14811,7.0986,1
60853148,7094,7.0986,1
fe2f8af,9097,7.0959,1
7226288e,15560,7.0986,1
55505b70,6004,7.0986,1
7df4817f,6827,7.0986,1
4d73487a,8853,7.0986,1
55ccf6fb,3889,7.0959,1
611b56f8,12697,7.0959,1
166dc694,11767,7.0986,1
41b184f2,9616,7.0986,1
16d63426,16591,7.0986,1
249f7329,15394,7.0986,1
49d5295a,6721,7.0986,1
5c3e5848,8794,7.0986,1
6afbf194,12508,7.0986,1
11e5d129,6975,7.0986,1
763e3682,9443,7.1014,1
36b5a037,7798,7.1014,1
69ec9bf3,12814,7.1014,1
47be729e,16290,7.1014,1
78ed9fd9,14606,7.1014,1
63c22ceb,6665,7.0986,1
6efc1063,12811,7.1014,1
5ae2b5a0,7099,7.1014,1
4e65fa72,12706,7.1014,1
4f5e3102,14961,7.1014,1
3cb23221,13559,7.1014,1
324352dc,9575,7.1014,1
6682f0c3,15033,7.1014,1
7d43ae81,12800,7.1014,1
1c147d31,11386,7.1014,1
311a77a8,9879,7.1014,1
19e706e5,14337,7.1014,1
79b084fe,15903,7.1014,1
4672930c,11514,7.1014,1
7ad1ec67,11345,7.0986,1
24b71b5d,8876,7.0986,1
5c6f100,5717,7.1014,1
782c1232,13123,7.0986,1
7b207d6c,5863,7.1014,1
5c5a74d3,7701,7.1014,1
2a9404c8,7029,7.1014,1
36e59f34,9163,7.0986,1
2e8a9853,5878,7.1014,1
13caff15,12915,7.1014,1
4992619,17334,7.1014,1
1c3c193a,7864,7.1014,1
3023fea7,9319,7.0986,1
7f6cd400,13142,7.1014,1
1604ec31,16145,7.0986,1
c02ddfa,3772,7.0986,1
7ae13418,14466,7.1014,1
41668b8d,16924,7.1014,1
3d6fbf52,5672,7.1014,1
2907bb1b,11749,7.1014,1
2f0e2dc0,8818,7.1014,1
cbba9aa,7815,7.0932,1
16cc48ca,3892,7.1041,1
7963b9db,9382,7.1041,1
6383837d,12972,7.1041,1
23d62570,13129,7.1041,1
72f12e59,9303,7.0986,1
68fa2d5,16275,7.1041,1
79e85112,5876,7.1041,1
7002ed3e,16525,7.1041,1
6b8716fa,16263,7.1041,1
4cea776b,9010,7.1014,1
107f7e35,12406,7.1041,1
6b9defe5,12051,7.1041,1
50464345,9736,7.1041,1
325af71,12572,7.1041,1
4ee72dbe,12580,7.0986,1
6840e7f6,11851,7.1041,1
5458bb81,12077,7.1014,1
23d3e6fc,15700,7.1041,1
6c26cfdc,17399,7.1041,1
2b94a5d4,12276,7.1041,1
e98e576,13170,7.1041,1
4629c197,12595,7.1041,1
47d4759f,15470,7.1041,1
47a07aff,7780,7.1014,1
20689df3,6733,7.1041,1
4f78a15f,12407,7.1041,1
15facf43,15319,7.1014,1
608ac289,3710,7.1041,1
1d297848,9372,7.1041,1
3f369b8f,15513,7.1041,1
357fa675,6662,7.1041,1
5c802bdf,5674,7.1041,1
5824775e,16374,7.1041,1
2b075448,6716,7.1041,1
4f5de155,12209,7.1041,1
38e3b2b9,15778,7.1041,1
5f122066,15734,7.1041,1
437ff443,3920,7.0959,1
329b9ea3,5873,7.1068,1
71d8cf64,15061,7.1041,1
2cdbdc53,9842,7.1014,1
988d50b,8797,7.1068,1
67083c1f,12253,7.1068,1
509c6c75,9093,7.1068,1
47790139,12963,7.1068,1
6f7cee8b,9045,7.1041,1
745b5a3d,12718,7.1041,1
22570b71,16162,7.1041,1
6d38a2bd,15041,7.1068,1
38741f50,12363,7.1068,1
4b7683c1,17544,7.1068,1
78baa11e,14633,7.1068,1
aa9d3cc,16837,7.1068,1
622c31fb,12361,7.1068,1
72ecef5f,15788,7.1068,1
60164c96,6764,7.1014,1
4aa95a49,11608,7.1068,1
6c582768,9412,7.1068,1
75591dac,16840,7.1041,1
35bea056,5722,7.1068,1
182155ae,12571,7.1041,1
1b810cb8,12345,7.1068,1
ecd198f,6987,7.1041,1
2ac86989,14517,7.0959,1
1b7a7693,7042,7.1014,1
5b86d9ba,16216,7.1068,1
49987b41,16815,7.1068,1
5aef4a06,8824,7.1068,1
12e96126,13421,7.1041,1
7fcf31c8,15501,7.1041,1
75871f03,8834,7.1068,1
45ca7298,14830,7.1041,1
5518c4cf,12551,7.1068,1
c216f1b,6966,7.1041,1
ae65e26,16819,7.1096,1
4754377e,14682,7.1096,1
687f3412,13555,7.1096,1
5479bde7,13036,7.1014,1
3ca50010,12886,7.1096,1
532759c4,17571,7.0986,1
6b882ae8,7877,7.1096,1
65fbcbd0,8981,7.1096,1
5b72d32f,12189,7.1096,1
205ea3bb,13376,7.1096,1
d811f20,8875,7.1068,1
68f4652c,17619,7.1096,1
148e0df2,12282,7.1096,1
7d0e8fde,14822,7.1096,1
577b25fd,17342,7.1096,1
5206482d,9355,7.1096,1
7d949794,16412,7.1096,1
36033e02,12916,7.1068,1
3ffa2763,7077,7.1068,1
52a40335,14626,7.1096,1
5ac34b5b,6695,7.1096,1
3120b9ac,14846,7.1096,1
5107c885,9774,7.1096,1
7e5b0f89,12922,7.1014,1
828b18c,3974,7.1096,1
1074fe1e,16870,7.1096,1
27ba1069,9836,7.1068,1
242dd865,6856,7.1014,1
4b817f85,16144,7.1041,1
6d00063b,15498,7.1096,1
5ab3818b,15367,7.1096,1
cbc71d,15777,7.1096,1
10179448,9642,7.1096,1
50aabc98,3834,7.1068,1
3df64968,7750,7.1096,1
7b8f3884,6731,7.1096,1
26363de2,6843,7.1068,1
21405c8d,6829,7.1096,1
4a267a46,6770,7.1096,1
4ac9ebf,16996,7.1096,1
57965669,14342,7.1068,1
5d708c0c,15012,7.1068,1
525d7e7f,13155,7.1096,1
5defc055,9108,7.1041,1
5fa69874,16861,7.1096,1
3ae6a8f7,12789,7.1096,1
3f18752,11379,7.1123,1
203f1211,13565,7.1123,1
4b315b5a,13311,7.1123,1
6f795f00,17572,7.1123,1
a5e29df,12538,7.1123,1
449ff3db,15577,7.1123,1
4b5b370d,3854,7.1123,1
13ac1bed,13373,7.1123,1
40ec9353,11461,7.1123,1
52066949,15039,7.1123,1
693c59f9,9161,7.1123,1
7bcdf88c,9794,7.1096,1
84de76b,15932,7.1068,1
69e08b0a,12337,7.1123,1
66b6276,3835,7.1096,1
39f07726,17335,7.1123,1
17d72c3a,11334,7.1068,1
6218f45e,3991,7.1096,1
76857909,14734,7.1123,1
1194be0d,7092,7.1123,1
7cc1dfee,16180,7.1096,1
595e7e2c,15419,7.1123,1
44e193f,14883,7.1123,1
309ebb6d,9354,7.1068,1
194f22cc,15521,7.1096,1
42522c3f,6016,7.1096,1
68d78547,14609,7.1123,1
4c34267a,9726,7.1096,1
1ca4fe83,15515,7.1041,1
602ad6d,17331,7.1123,1
59246ba9,16871,7.1123,1
4d0f7389,4002,7.1123,1
a449766,15391,7.1123,1
5eedc6d4,17606,7.1041,1
65866b6c,16904,7.1123,1
b9873df,15779,7.1151,1
1f052d56,16984,7.1151,1
21dae56,14588,7.1151,1
7f660a63,6670,7.1151,1
619e145b,17271,7.1151,1
13fddef,11839,7.1096,1
326746a6,15372,7.1096,1
57340baf,8877,7.1151,1
2a809526,12408,7.1151,1
7398d616,16188,7.1151,1
cb7bd2f,5874,7.1151,1
7e1d3122,17361,7.1123,1
7ba9a665,9802,7.1041,1
75562b61,14678,7.1123,1
779da50f,15386,7.1123,1
7987a88c,14833,7.1151,1
32d831cb,13393,7.1151,1
404b7bbb,13072,7.1151,1
12384968,14807,7.1068,1
71a4f858,13308,7.1151,1
4708e287,12679,7.1151,1
90195a3,7751,7.1151,1
341c424,7752,7.1151,1
444ca8ec,9600,7.1151,1
184cf154,13305,7.1151,1
4e7cbc3d,16757,7.1151,1
4e6063af,9509,7.1123,1
430dfea3,5747,7.1123,1
3c3471c7,8795,7.1096,1
1782bf28,15624,7.1096,1
154d7948,11868,7.1178,1
5a32db6c,3942,7.1178,1
7666de6f,3948,7.1178,1
6943232d,13309,7.1178,1
69f608b6,16044,7.1178,1
6b3abad2,17649,7.1178,1
279ff562,12487,7.1178,1
674ad258,14782,7.1178,1
17e0dfd7,16170,7.1178,1
29321bd3,9287,7.1151,1
715ecf72,6771,7.1178,1
40370b13,12778,7.1151,1
a0968de,12656,7.1178,1
51386aa5,7020,7.1178,1
3cad055e,11840,7.1178,1
686d1fd2,17365,7.1178,1
6fcf68f2,11373,7.1178,1
1dbbda54,5982,7.1178,1
17d8898b,15735,7.1178,1
6082e2a0,16568,7.1178,1
5a7b497,14990,7.1178,1
422cefa2,12344,7.1178,1
711cb2b6,12565,7.1123,1
534b87e,15573,7.1123,1
1128d8d2,17013,7.1151,1
42ef9fad,3952,7.1178,1
7a54986b,9263,7.1178,1
5a833817,6761,7.1151,1
457ec15e,16592,7.1205,1
d3a85dd,6976,7.1205,1
fe613f9,15948,7.1178,1
33167120,7862,7.1205,1
711e106c,12726,7.1205,1
6ddf30e9,14163,7.1205,1
2e5feec5,12546,7.1205,1
771292be,15956,7.1096,1
f8765f1,6018,7.1178,1
778d720d,12791,7.1205,1
63c15c6d,16345,7.1205,1
3239bf16,9784,7.1205,1
515d4c8d,16798,7.1205,1
4d5c41b1,16535,7.1205,1
24175e43,11453,7.1178,1
223d81c8,16293,7.1205,1
5ba994d8,11371,7.1178,1
36c3b6b0,11434,7.1178,1
602b8204,15325,7.1205,1
4fd50679,15891,7.1205,1
51aeac86,15853,7.1178,1
46b6ed3f,13589,7.1151,1
7a316c4f,5865,7.1178,1
7c35a361,6664,7.1205,1
1d304bbe,11530,7.1205,1
395e0e02,15984,7.1205,1
6e48ac42,12286,7.1205,1
48f0c303,16811,7.1205,1
39528d46,5723,7.1205,1
26204c69,12896,7.1205,1
65485088,6793,7.1205,1
52b636df,12609,7.1205,1
6fc768b1,3849,7.1205,1
21e15691,7787,7.1205,1
cf4c756,17526,7.1178,1
281391a5,7127,7.1151,1
7cc5f6f6,9384,7.1233,1
573b7221,9510,7.1233,1
7ddfd1e7,14169,7.1233,1
49f5e940,9570,7.1233,1
1ad4d4ce,17661,7.1233,1
167207cf,15409,7.1233,1
1521bc0f,17604,7.1233,1
7378e802,14747,7.1233,1
4fb62007,14771,7.1233,1
497c1a41,14924,7.1233,1
51a506a5,9073,7.1233,1
65a9dc6b,17277,7.1233,1
1be16ec1,14598,7.1233,1
24ae7fd2,7726,7.1178,1
3266d1ee,9602,7.1123,1
4b0f6929,6878,7.1233,1
60eebea7,3798,7.1233,1
8681cdc,13310,7.1205,1
7069431d,15877,7.1233,1
7484055f,12953,7.1233,1
5768a56b,9785,7.1233,1
7e58761d,9291,7.1233,1
44726cc7,14597,7.1205,1
7cae2acf,12295,7.1205,1
517ce968,12032,7.1233,1
6b3729f1,11738,7.1233,1
6132b7ed,17268,7.1233,1
3fcd6735,14419,7.1233,1
688e305f,16860,7.1178,1
5e8fb38f,11768,7.1233,1
17bbab8,14608,7.1178,1
ca5710e,12398,7.1233,1
58855b60,12796,7.1178,1
411094e7,16926,7.1233,1
62a05481,16151,7.1178,1
452a74da,5781,7.1233,1
37066944,11526,7.1233,1
500ba751,14324,7.1233,1
1904c4f5,8841,7.126,1
72f464ef,11806,7.1233,1
1290226c,15717,7.126,1
48a1840,15326,7.1233,1
421ddc,14284,7.126,1
436f1a61,16908,7.1233,1
51c0c227,15480,7.126,1
42501931,17664,7.1205,1
48214a31,15009,7.126,1
164c5123,15018,7.126,1
332c6879,6750,7.126,1
67012cb,16799,7.126,1
517639d8,7753,7.126,1
13ad2b56,11713,7.126,1
679cb549,14845,7.126,1
48ff984e,12302,7.126,1
61fc153b,15710,7.126,1
1244825,14451,7.126,1
11744d0,7756,7.126,1
7b2934cc,13594,7.126,1
799df01d,16411,7.126,1
78c977d8,9297,7.126,1
5b0f6d84,16830,7.1233,13
69b2bd7d,11821,7.126,1
7fb9b54e,7871,7.1233,1
4c7d7ad6,12909,7.1233,1
6d4e7d78,12777,7.126,1
6c3e4d90,15613,7.1233,1
3b974a2a,14230,7.1205,1
109b5c3f,11525,7.1205,1
223a88a7,14847,7.126,1
5b6fdfc,16928,7.126,1
1bfa7217,14522,7.126,1
514abff3,9598,7.126,1
27437acd,16218,7.126,1
2e473012,16833,7.126,1
15283ac4,7088,7.126,1
5d0a98bc,12897,7.1233,1
59bb01c9,16854,7.126,1
65128d21,9872,7.126,1
31b8655d,15942,7.126,1
64926dc7,9009,7.126,1
75b7eecd,17709,7.1288,16
387ed4ae,12709,7.1288,1
394a2f21,8854,7.1288,1
48c0c6ac,9493,7.1288,1
3aa0d064,15311,7.1288,1
74b5b83a,5889,7.1288,1
1c6ea2aa,7128,7.1288,1
52d5e22d,7779,7.126,1
6e4a2be3,16059,7.1288,1
37e73a78,16149,7.1288,1
5e75a5dc,7882,7.126,1
188a062b,15929,7.1288,1
1bc2f26b,9841,7.126,1
6f117412,9888,7.1233,1
23cce0b5,17658,7.126,1
792c0c61,6860,7.1288,1
24b56ed0,16267,7.1288,1
1ce6c21c,15369,7.1288,1
125c0f02,16483,7.1288,1
65c1f1b7,12919,7.126,1
61f403d0,13156,7.1288,1
2a0df8fb,15604,7.1288,1
25798e13,13593,7.1288,1
fa55e82,14257,7.1288,1
7df3646b,16189,7.126,1
2982a965,16499,7.1288,1
3cd80286,16777,7.1288,1
55380a18,9223,7.126,1
47d4c0e,13157,7.1288,1
704c1f73,11415,7.1288,1
167afd2d,14951,7.1288,1
6aca1156,7799,7.1288,1
7f37aedd,17046,7.1288,1
5de0ec73,8945,7.1288,1
6f9091cf,9874,7.126,1
4fa45ff4,12710,7.1288,1
38978112,12615,7.1288,1
2e429a85,17336,7.126,1
6cb50a71,14826,7.1288,1
14b87eba,16171,7.1288,1
563b6bb6,11854,7.1288,1
3dce9657,14501,7.1288,1
762a5d9,11437,7.1288,1
50785621,15708,7.1288,1
5ce352de,7098,7.1288,1
5d93f143,12558,7.1233,1
1426a888,17406,7.1288,1
6f89bb8,16869,7.1288,1
32735781,12096,7.126,1
47bce737,14825,7.1288,1
14230c18,6844,7.1288,1
68ef4981,8827,7.1315,1
76e7bc74,9728,7.1315,1
56f8fe36,6920,7.1233,1
773b6e89,17706,7.1315,16
35dc1e8d,5713,7.1315,1
399387e2,9729,7.1315,1
288bd7a8,15693,7.126,1
3b024266,13372,7.1315,1
468ab16,12367,7.1288,1
5115f560,7867,7.1315,1
5cfe33b4,14185,7.1315,1
749cc437,7091,7.1233,1
25c6b9b,14421,7.1315,1
3d21e9cc,8929,7.1315,1
432d50dd,6861,7.1288,1
3d6d032d,16740,7.1315,1
9cb7d8,16803,7.1315,1
2f42c5cb,16812,7.1288,1
4e23630b,16292,7.1315,1
eda6a2e,9156,7.1288,1
672169aa,9464,7.1288,1
32007a08,14310,7.1315,1
41237fd9,6672,7.1315,1
bd58d1e,9417,7.126,1
73010684,17319,7.1315,1
5e3b9c54,14986,7.1315,1
670d3ef7,9844,7.1315,1
323bc200,16131,7.1288,1
3da2e75,6732,7.1315,1
2440ee6d,7826,7.1233,1
261b0f8d,12592,7.1288,1
4adcf28c,11617,7.1315,1
18a7d424,9845,7.1288,1
3bb772db,17663,7.1315,1
45ae6547,5718,7.1315,1
8956f79,16534,7.1315,1
3d275045,16463,7.1342,1
684ba7ec,6800,7.1342,1
4eeb5835,15868,7.1342,1
4ecaca99,16555,7.1342,1
6b5e9961,9612,7.1342,1
78f80a5a,15455,7.1342,1
4db9b66e,9066,7.1315,1
6620af7,9251,7.1342,1
5907651c,17590,7.1342,1
4101e2a7,15014,7.1342,1
79139a07,15522,7.1342,1
23e6cf58,16300,7.1288,1
7999498d,14634,7.1342,1
1b54ec27,14258,7.1315,1
178180fa,15628,7.1342,1
550e3130,8835,7.1315,1
3cea88d,15030,7.1288,1
3fc74907,12545,7.1288,1
1be4787e,16163,7.1342,1
69ef78dc,14809,7.1342,1
1f133fac,9391,7.1342,1
1a99c238,7803,7.1342,1
22066e9d,17710,7.1342,16
303dcb99,9743,7.137,1
36556c6d,12416,7.137,1
6209e09d,14322,7.1342,1
73ea08c7,5764,7.1342,1
69d47680,11813,7.1342,1
6425b2aa,14884,7.137,1
2dd56420,9077,7.137,1
307e53f3,7849,7.137,1
1dde4069,15702,7.137,1
3e51df25,12902,7.137,1
73513dcc,11693,7.1342,1
54a5a9b2,12380,7.137,1
382348ab,11837,7.137,1
7a807597,6916,7.137,1
15b2bfa6,15370,7.137,1
25aae2c2,9301,7.137,1
76e80cc,16770,7.1315,1
7ebb617b,11572,7.137,1
7e74be85,16022,7.1342,1
c3aff7b,9629,7.1342,1
7f2166d0,13407,7.137,1
5ab470f6,12552,7.1342,1
1ef7db3,13418,7.1342,1
5a759bd2,12928,7.137,1
15d1c1a3,14107,7.137,1
1f68185d,6673,7.137,1
2e9661aa,13124,7.137,1
57dc874e,16005,7.137,1
2da47ae3,6013,7.1342,1
5bf9cf8e,8828,7.137,1
132b1170,17673,7.1397,1
467f6e6a,17537,7.137,1
75aa771c,9164,7.1397,1
7b576828,13100,7.1397,1
6e474d73,14629,7.1397,1
5349202,14828,7.1397,1
5da8761f,12669,7.137,1
53f672ef,7033,7.1397,1
3bc1cac9,15789,7.1397,1
fd2b4f3,12283,7.1397,1
14e94ad6,11602,7.1397,1
75c2ed1a,13191,7.137,1
3594cda2,12065,7.1397,1
61ec22b6,11423,7.1397,1
1ed556e,5697,7.1397,1
ac67d7c,14308,7.1397,1
63a5d274,12034,7.1397,1
704ffa7f,17338,7.1397,1
518d473d,14453,7.1397,1
255b18b9,16986,7.1397,1
5d567c55,16897,7.1397,1
70369f52,11426,7.137,1
1b9be21f,16023,7.137,1
4e57e185,5994,7.1397,1
35d5718e,14552,7.1397,1
4f84ccf0,14743,7.1342,1
41d4ba8e,12955,7.137,1
56e0a56a,12563,7.1397,1
597331cb,12335,7.137,1
1dfbf9b8,14482,7.1397,1
a2c4eab,9196,7.137,1
4a11cb4c,9296,7.1397,1
8e5cd8f,9499,7.1397,1
d630c41,11807,7.1425,1
3f94d401,7873,7.1425,1
b3999d2,11714,7.1342,1
72734bea,6689,7.1397,1
1ac21a19,9466,7.1425,1
5e4df9a6,14823,7.1425,1
7862de55,9657,7.1425,1
1026e6a8,12564,7.1425,1
1a3e2467,7115,7.1425,1
2b0f6e4f,12359,7.1425,1
597bb8b1,12417,7.1397,1
45f19d0d,11529,7.1425,1
62c530bd,6769,7.1425,1
9332d9e,9100,7.1397,1
599e47e1,16206,7.1397,1
10ceb02a,13591,7.1425,1
5b453a56,9132,7.137,1
3c7efd73,11863,7.1425,1
4b8ab37d,14162,7.1397,1
600044a2,11517,7.1425,1
5aaf768,11543,7.1397,1
774fea01,11805,7.1425,1
69c0aece,15499,7.1425,1
b07c200,11699,7.1425,1
594465bf,17270,7.1425,1
51539374,9209,7.1397,1
3d09f14e,16043,7.1425,1
82b332d,6885,7.1425,1
7238d60a,6753,7.1397,1
3f3d330a,15040,7.1425,1
4d4c3622,13590,7.1425,1
1c2fc6fd,11402,7.1397,1
55b94a54,13081,7.1425,1
2893cbf4,16583,7.1425,1
7ee0088f,14703,7.1425,1
31c2eadf,15933,7.1342,1
6ec45f9a,12790,7.1425,1
52b1cc57,7067,7.1452,1
30cbf0d2,15923,7.1425,1
5ce10929,17616,7.1452,1
6b15154,12647,7.1425,1
48664017,7123,7.1452,1
78eb957d,16415,7.1452,1
8d77bc8,15771,7.1452,1
32043fdb,16351,7.1425,1
24e43d43,5749,7.1452,1
2776396,13190,7.1452,1
4bc6046d,7840,7.1452,1
47f1d7b0,6010,7.1425,1
6395f24e,6999,7.1452,1
661ec55a,11809,7.1452,1
1d004098,11774,7.1452,1
72ae7b10,13082,7.1397,1
31b0e4b,3716,7.1425,1
540548df,15042,7.1425,1
184ed793,5784,7.1452,1
7401db9d,16375,7.1397,1
4730677e,16057,7.1452,1
28605394,7841,7.1425,1
673074b1,12482,7.1452,1
206da50c,3953,7.1452,1
177160d0,14481,7.1452,1
4c4ba496,13189,7.137,1
69cc8151,12496,7.1452,1
7d031b4,16771,7.1452,1
44ea13ad,17527,7.1452,1
584ba8d6,14888,7.1452,1
442024ef,8842,7.1452,1
49ebf333,12843,7.1452,1
4fb0262b,15411,7.1452,1
4a382a13,16536,7.1479,1
ffa78e7,16543,7.1425,1
191e7040,9762,7.1479,1
57d18c36,9339,7.1479,1
5c325c6d,11988,7.1479,1
2a075820,13396,7.1479,1
533a4c,14789,7.1479,1
30deee2c,7886,7.1479,1
6a25c676,17332,7.1479,1
144ef6ad,14551,7.1479,1
2686a559,7093,7.1479,1
23d1a3e6,14803,7.1479,1
314e4738,14968,7.1479,1
3db28cde,12097,7.1479,1
7fd1b448,16268,7.1479,1
664970a4,9360,7.1452,1
221b0c6d,15795,7.1425,1
61afe891,9239,7.1479,1
46d40aa5,17049,7.1452,1
6ae7a77e,15349,7.1479,1
54ce64a,9289,7.1479,1
13ae6318,12210,7.1479,1
3ecffd99,15961,7.1479,1
54b8165f,16341,7.1452,1
442625e1,16900,7.1452,1
44cdf649,6747,7.1479,1
bb30170,9873,7.1479,1
5a386521,14824,7.1452,1
3aee6bdd,16340,7.1452,1
7b0c6a2c,13042,7.1479,1
50d8a4ba,15013,7.1479,1
49d0c2ed,9764,7.1479,1
a9e889,14793,7.1479,1
75ad5c52,8812,7.1452,1
28712bee,9358,7.1452,1
18ecbfba,7031,7.1479,1
3ab67c3a,14142,7.1479,1
3a5c2d18,12369,7.1479,1
d043569,12623,7.1507,1
428c598e,16758,7.1479,1
294ba888,6011,7.1507,1
d2e1cf6,15937,7.1507,1
4c18fd22,14894,7.1507,1
1f7a9c8d,5844,7.1507,1
2176853c,12296,7.1507,1
76f73f47,16031,7.1507,1
70426386,16124,7.1507,1
5cc1bf9a,9369,7.1479,1
7ca1dda5,5785,7.1507,1
115b76b,14808,7.1452,1
6228ba9c,11401,7.1425,1
3e048dd6,15626,7.1507,1
3344e42c,11422,7.1507,1
1e97d4f8,6746,7.1507,1
5a4d1665,12170,7.1425,1
417a5b14,14624,7.1479,1
3e9404a,8798,7.1507,1
6d7812bf,11366,7.1479,1
4aa3a9d6,11367,7.1507,1
49525c65,15934,7.1507,1
5ed2512a,13518,7.1507,1
4de3131f,7776,7.1452,1
60231df6,17536,7.1479,1
3719e53d,12414,7.1479,1
57a6dd90,7061,7.1507,1
606442f8,9545,7.1534,1
7b0ea9f5,5804,7.1534,1
2e202660,12553,7.1534,1
569452ff,17344,7.1534,1
786cadcf,12360,7.1507,1
2edc751d,12497,7.1534,1
20132032,15982,7.1534,1
faf1176,17556,7.1507,1
6403bbec,8882,7.1534,1
619a429,9237,7.1534,1
7bd8a9d6,12898,7.1534,1
36e15f2d,3977,7.1479,1
f4aeb73,15557,7.1534,1
3fcf7cd4,6000,7.1479,1
51108b70,17005,7.1534,1
215cbabd,17272,7.1534,1
78996f4d,12368,7.1534,1
dbf1e09,15019,7.1534,1
4631ff91,16569,7.1534,1
7a95c84d,13077,7.1507,1
22dca51f,16006,7.1534,1
110c450e,9878,7.1534,1
5888fdc9,16816,7.1534,1
c8b8135,17558,7.1534,1
4bb839e6,12491,7.1534,1
2a25989f,16306,7.1534,1
38ef21aa,16862,7.1562,1
2796f5cb,7874,7.1562,1
77c45a25,15384,7.1562,1
7d393a32,14423,7.1479,1
3c9aa64e,15575,7.1534,1
2c3234bb,15580,7.1534,1
7323be76,6017,7.1562,1
79f2466a,16593,7.1562,1
4dae0bcc,6696,7.1562,1
24ef6ce1,13080,7.1562,1
6517bd1c,8829,7.1562,1
5a65245b,16710,7.1562,1
1568b2d0,14448,7.1507,1
1945132b,11567,7.1534,1
726fc77f,14430,7.1534,1
948367e,3943,7.1562,1
4f224295,14524,7.1562,1
3167fdf4,6880,7.1507,1
74275d56,16254,7.1562,1
736f859f,14285,7.1562,1
10f5a7f4,16768,7.1562,1
2b4354f6,16588,7.1562,1
2118328a,16485,7.1562,1
2dc05de9,16769,7.1534,1
70ab942e,14836,7.1534,1
4ddc47c8,9537,7.1562,1
2db0a09b,3778,7.1534,1
2308fd1,14309,7.1562,1
2e96615d,11377,7.1562,1
1db9140,12582,7.1562,1
29475d98,13413,7.1562,1
4976c718,12462,7.1534,1
2f8f1166,12049,7.1534,1
320e1143,15368,7.1562,1
63a76e1e,9101,7.1589,1
30864694,15880,7.1589,1
397a8e88,15583,7.1534,1
6f82c7d3,12666,7.1589,1
7c3afc26,8868,7.1589,1
1931c39b,7785,7.1589,1
2be9d6e6,7820,7.1589,1
2286fb45,3711,7.1562,1
535765a6,9211,7.1589,1
69af4ed1,15473,7.1589,1
106aa068,14848,7.1589,1
447d48c,9778,7.1589,1
49ad5b80,13562,7.1589,1
3b1ab58f,7072,7.1589,1
5ea11aec,15718,7.1589,1
4d6b0e2f,13409,7.1589,1
8478e0a,11515,7.1562,1
669ff440,9438,7.1589,1
1efe63ea,6957,7.1562,1
30bff405,9028,7.1589,1
596ccc1b,7021,7.1589,1
181d6eba,16930,7.1589,1
497e106,9618,7.1589,1
25b09e4b,11380,7.1589,1
5dd3420f,14891,7.1589,1
1dd08f9a,12225,7.1562,1
77086766,5712,7.1589,1
11b37329,5983,7.1589,1
817b8ab,12527,7.1589,1
47c76a70,9334,7.1589,1
719af41b,16183,7.1589,1
6624e605,16419,7.1589,1
6c84ebd3,9896,7.1562,1
5963d408,16509,7.1534,1
1bea0ced,12182,7.1562,1
388ca8b6,15650,7.1562,1
258ba1be,15953,7.1507,1
645e7fc4,8943,7.1589,1
b11101f,16154,7.1589,1
2fcfcaef,12285,7.1589,1
684b888a,11702,7.1562,1
10b5426c,12628,7.1589,1
7bdaecf0,12498,7.1616,1
7e1e4f3,12144,7.1589,1
702afe1,7728,7.1616,1
564b955c,6678,7.1534,1
62f048c7,6666,7.1616,1
586cd0d7,13534,7.1616,1
4a83119c,17642,7.1589,1
40688ce5,16925,7.1589,1
20be425f,12342,7.1616,1
1eeac4f7,8986,7.1616,1
4cb72947,16020,7.1616,1
1ac29462,16233,7.1616,1
52c726b1,12576,7.1616,1
274fd0bf,3935,7.1616,1
b03bfdd,16251,7.1616,1
c913cec,17024,7.1589,1
123893fc,3941,7.1589,1
56c4b5b,15500,7.1616,1
6e7507e9,9314,7.1616,1
3766e8b0,216,7.1562,1
210d54d6,13122,7.1616,1
46dcf53f,12707,7.1589,1
50e842,3894,7.1589,1
104ccc98,11470,7.1616,1
f3a390,9532,7.1616,1
4b13fcbc,9907,7.1616,1
6a479dec,15924,7.1616,1
6dd26a1e,16321,7.1534,1
7020ab17,11403,7.1589,1
24824fb3,12899,7.1616,1
3b7ea63f,13408,7.1616,1
72fc1e32,13543,7.1616,1
c8018e9,11432,7.1616,1
798d727d,14691,7.1616,1
4f445528,11811,7.1644,1
5d5bdf7c,15770,7.1644,1
5110c36e,9047,7.1616,1
1a206eed,8840,7.1589,1
431c4dab,14829,7.1644,1
2e9cbdf5,6740,7.1644,1
603cf181,8914,7.1616,1
10e3d0c4,14950,7.1616,1
2dbf2765,15420,7.1534,1
7a638a0f,7000,7.1616,1
2f049154,14806,7.1644,1
5bb3e1fd,16112,7.1644,1
100b9c6b,16932,7.1644,1
104d54fa,14610,7.1616,1
7a7d81b0,13410,7.1562,1
44db1500,15383,7.1644,1
10deec47,6818,7.1644,1
228edc66,7116,7.1616,1
66766dc3,6650,7.1589,1
2ad24da2,14323,7.1644,1
45e0ef80,9633,7.1644,1
21638790,9843,7.1644,1
41fd5ab4,15472,7.1644,1
363d2eed,16506,7.1644,1
49ed65e0,12223,7.1644,1
6204b9a0,12172,7.1644,1
37c9c856,16307,7.1644,1
427c1d34,16269,7.1644,1
fce2c50,5959,7.1644,1
34ca02e0,12287,7.1644,1
63092961,15020,7.1616,1
50db3102,9850,7.1644,1
17d55b00,16809,7.1671,1
6e27aad4,16122,7.1671,1
1075a7ec,16264,7.1671,1
192fc7c1,15614,7.1671,1
249f82bf,17538,7.1671,1
77bdfdf2,14804,7.1644,1
5ca18d38,16152,7.1671,1
4aca7e2e,11462,7.1644,1
2d3ca979,3717,7.1644,1
756e4c1b,12461,7.1671,1
6da47d29,11808,7.1644,1
748655bd,6755,7.1671,1
3cb95d35,9359,7.1671,1
495c3e1d,11477,7.1644,1
5396a7aa,12581,7.1644,1
7533bf47,15459,7.1671,1
33de27e1,12226,7.1671,1
45f8945a,17637,7.1644,1
78f40570,16058,7.1671,1
10d554ae,12903,7.1616,1
5276987a,13533,7.1671,1
4b86a85c,15460,7.1671,1
532d8c2a,16846,7.1644,1
baadcba,15354,7.1671,1
31608945,13535,7.1671,1
6169196a,14704,7.1671,1
5733625b,13078,7.1671,1
5a8e7422,6921,7.1671,1
6840f84b,15975,7.1671,1
7bd62537,11568,7.1671,1
3552b6f5,12539,7.1671,1
cd3bbb,12621,7.1671,1
6db7378e,6708,7.1671,1
275da2d3,9531,7.1671,1
4c20b043,17400,7.1671,1
712e30c3,6680,7.1699,1
23cd9b2c,6883,7.1671,1
38864be,14683,7.1616,1
6a718797,16855,7.1699,1
b224ec8,15882,7.1699,1
6a24881,11780,7.1671,1
239a8032,6958,7.1699,1
1be263b7,9292,7.1699,1
4becdd46,16872,7.1699,1
6cc16b96,5890,7.1699,1
2cac5f24,15563,7.1671,1
4a073819,16556,7.1699,1
3d6bba7b,9512,7.1671,1
5a91eb9b,6693,7.1699,1
140ada92,5961,7.1699,1
67beeffa,17591,7.1699,1
17ad308,12920,7.1699,1
6643ac3b,16500,7.1699,1
7e63914,12827,7.1699,1
527ed740,7875,7.1699,1
7e3a4ee5,7831,7.1699,1
10e259d7,16723,7.1671,1
1776c6c7,12494,7.1699,1
b3b50e,12826,7.1671,1
362b0295,15062,7.1699,1
12cb07c7,9803,7.1699,1
1065d8a8,14851,7.1699,1
de3046f,5805,7.1671,1
5c79bf9f,3712,7.1699,1
633280ec,16291,7.1699,1
290d4672,17330,7.1699,1
2ae6a6fe,3879,7.1699,1
17936b63,12224,7.1671,1
167614f5,12080,7.1699,1
2c6c582,12704,7.1699,1
750410d6,9281,7.1699,1
27b06792,16040,7.1699,1
36f9e6d2,14580,7.1699,1
3a3d5b1d,9544,7.1699,1
ee3630d,8879,7.1699,1
5bb440a7,16346,7.1671,1
1ef40fd7,16472,7.1699,1
2282e275,12288,7.1726,1
58fb6a92,16073,7.1726,1
62ad9d89,16489,7.1726,1
72b7b08b,12577,7.1726,1
3f13c406,7757,7.1726,1
179c155b,6830,7.1726,1
7ac40c94,16708,7.1726,1
ac8380a,12500,7.1726,1
67595edb,9551,7.1726,1
1e918bef,6959,7.1726,1
2b354302,12159,7.1589,1
2510c28d,3776,7.1726,1
64498d07,7879,7.1726,1
49cbb8d3,13097,7.1726,1
8852792,13315,7.1699,1
22aad930,12801,7.1726,1
5b179cf6,15355,7.1699,1
5a3bf9c5,12293,7.1726,1
5c1bf587,11838,7.1699,1
72b27630,16184,7.1699,1
79cd4f2f,20698,7.1726,16
6674638a,12566,7.1726,1
662b5595,6794,7.1726,1
1bc958a,16909,7.1726,1
265f3d99,16929,7.1726,1
44ca1a9,6005,7.1726,1
65ae44e6,11329,7.1726,1
5995323b,14605,7.1671,1
3ce0fc46,14982,7.1726,1
d853f93,7868,7.1699,1
5d40439a,16491,7.1726,1
4adeb5a0,3955,7.1699,1
3aaa522a,12927,7.1726,1
1139bf5,13578,7.1644,1
5e1044de,7854,7.1616,1
61dc9909,15694,7.1726,1
98fac1a,16339,7.1699,1
145e52ed,11715,7.1671,1
4834d20c,13552,7.1699,1
5b6332a9,5787,7.1699,1
541b82bb,12650,7.1753,1
4a21e4d,16276,7.1753,1
69486b26,16813,7.1753,1
4da51ed2,16725,7.1753,1
6e69a059,15528,7.1753,1
393e9400,15709,7.1753,1
655239e,13588,7.1699,1
5f1170f0,11527,7.1753,1
315b6dac,9906,7.1753,1
a6b4855,14389,7.1699,1
54eda6db,7821,7.1753,1
4ba34789,6929,7.1753,1
4a5bcdfc,16354,7.1753,1
193ea6d2,6003,7.1699,1
7ec96eba,6684,7.1753,1
2720e1fb,7806,7.1753,1
1ec250ba,12741,7.1753,1
72267d86,15892,7.1753,1
596e7b5c,7129,7.1753,1
3c9de42a,17383,7.1753,1
79e166b3,9315,7.1726,1
752abeb5,13043,7.1753,1
6096ec99,7839,7.1753,1
34a137db,14711,7.1726,1
1e3f1e88,15615,7.1753,1
6c193702,8983,7.1753,1
4ce6e322,20699,7.1644,16
77be62b1,15010,7.1726,1
267a4b71,3895,7.1781,1
71c40a8a,15846,7.1753,1
17e98164,9467,7.1781,1
326d05bc,11618,7.1781,1
49690f20,16560,7.1781,1
1828dcdd,13048,7.1781,1
8d2ef74,15412,7.1781,1
4fc3f940,11689,7.1726,1
b0e962d,6854,7.1781,1
43919c1d,16331,7.1753,1
198b3136,7850,7.1781,1
181a2d28,9754,7.1781,1
468ac4c2,14174,7.1753,1
934d97a,16759,7.1753,1
49765beb,6743,7.1781,1
4c4c80,8920,7.1753,1
1070349f,14750,7.1781,1
3f20d0e2,12098,7.1781,1
44727dee,7124,7.1781,1
263801ac,12245,7.1781,1
37fd0d38,11844,7.1781,1
e637ce5,9546,7.1726,1
59a9fdca,9730,7.1753,1
3ffab232,9506,7.1781,1
6031fc38,15651,7.1726,1
7520308f,6978,7.1781,1
63f1d44c,16322,7.1699,1
9f08122,13098,7.1753,1
664f7c18,16589,7.1781,1
129f8c16,9053,7.1644,1
7b438587,15854,7.1781,1
7fa179bd,9373,7.1781,1
57863669,12703,7.1781,1
72550efa,12559,7.1781,1
6f670314,17318,7.1753,1
6218b4ba,9361,7.1726,1
1f6cdd2,3779,7.1753,1
756e30c0,14732,7.1781,1
2f16d249,13382,7.1781,1
783e1b1c,14965,7.1808,1
1d5d0c5e,12779,7.1781,1
4b7d1086,5665,7.1808,1
52e0173a,13091,7.1781,1
5a0e1081,12171,7.1808,1
1bd27735,15857,7.1808,1
2f82a484,16822,7.1808,1
3808ade9,14187,7.1808,1
6a833415,9165,7.1808,1
703cd12d,7109,7.1808,1
40a3bbdc,12316,7.1808,1
5202304e,9745,7.1781,1
355a9c26,16390,7.1726,1
59daa524,11603,7.1808,1
1343fd7b,9090,7.1726,1
468a3504,9079,7.1808,1
1baa1b52,16987,7.1808,1
531b7612,14545,7.1726,1
32c17bfb,6722,7.1808,1
25f45ab2,12470,7.1808,1
6ecfb5d5,14966,7.1808,1
666ce5f8,9811,7.1808,1
47d10c8d,6631,7.1781,1
5fcb446d,9430,7.1808,1
42a912f7,12517,7.1808,1
58eda4ec,7713,7.1808,1
4b1fd339,11492,7.1808,1
1496274,15421,7.1808,1
4addac87,12601,7.1808,1
4f30619d,14140,7.1808,1
7acf6653,9362,7.1781,1
4f7cf428,14326,7.1836,1
6862d0d4,11819,7.1836,1
249278cc,7095,7.1808,1
256e7ff3,11565,7.1836,1
d1b12c2,14677,7.1808,1
730197c5,14467,7.1781,1
44e2d571,12616,7.1808,1
1225bbf9,15356,7.1836,1
47fd267d,15856,7.1836,1
383d3ef8,11474,7.1836,1
6aa63dd3,16219,7.1808,1
1591bb67,15818,7.1836,1
55e3b90d,13519,7.1836,1
7b03a302,17525,7.1836,1
2a988864,15330,7.1808,1
718b7041,7705,7.1836,1
396894ac,15746,7.1836,1
63d4d682,6806,7.1781,1
5f953b30,14442,7.1699,1
30d7b776,9837,7.1836,1
3120530e,11870,7.1836,1
443e675c,12626,7.1808,1
1e2ae2de,11571,7.1836,1
ea7bd3a,16802,7.1836,1
1b833413,12828,7.1836,1
748a6c12,9341,7.1836,1
66330e3b,12445,7.1808,1
7f272eca,16133,7.1836,1
1009f576,13049,7.1836,1
23026c5a,9050,7.1836,1
2123f785,12490,7.1836,1
1f466ab6,9727,7.1836,1
3c3d255f,6685,7.1836,1
5f9f774c,12458,7.1836,1
629b8c,11835,7.1836,1
30b24766,9571,7.1836,1
2b11aaa1,16025,7.1836,1
e93112a,9908,7.1836,1
2a1222a3,14380,7.1836,1
3eb87296,6845,7.1836,1
1c139b50,16234,7.1863,1
a9fd3b9,11748,7.1808,1
31a3ef73,17324,7.1863,1
3fbef7b1,3880,7.1836,1
3d698075,8874,7.1863,1
2c647bc8,6014,7.1863,1
4cf20713,14415,7.1863,1
3dc4779d,14143,7.1863,1
7f5943f9,15482,7.1836,1
532d0ecc,13563,7.1863,1
68c82fce,16204,7.1863,1
746505d0,9246,7.1863,1
37fa9799,17635,7.1836,1
4c3bdcc6,14706,7.1863,1
53829d2,9418,7.1808,1
56f28e35,5786,7.1863,1
46930b4d,8939,7.1863,1
2bcf73e2,16703,7.1863,1
38cdcce3,13521,7.1863,1
163b74fe,8865,7.1863,1
4a2d33b5,14098,7.1863,1
58620bda,14527,7.1863,1
e1e6ee1,8944,7.1836,1
43cf7758,6816,7.1863,1
605c540f,12303,7.1863,1
28a8bf05,9253,7.1836,1
553ca597,12540,7.1808,1
6d716ddf,5877,7.1863,1
6f0fb052,14340,7.1808,1
2b26a21,14630,7.189,1
321267fd,7711,7.1863,1
54ebfbf5,17607,7.189,1
46f45c1a,9766,7.189,1
5786c587,7714,7.1863,1
768a6d05,7052,7.189,1
19916ef9,6989,7.189,1
7db50472,9398,7.189,1
2bb72a03,16814,7.189,1
19c59352,13092,7.1863,1
76cf43ec,11493,7.1863,1
780ec710,5962,7.189,1
5dc96f51,4000,7.189,1
71c7b7f,5845,7.1863,1
88a660e,6862,7.189,1
3de02b4e,15627,7.189,1
33d84da5,15858,7.189,1
257d0f68,13397,7.189,1
7e1cb7df,5677,7.189,1
c1efafe,12516,7.1863,1
421a5909,13520,7.1863,1
33de918a,16305,7.1863,1
7e95ced6,11559,7.189,1
65ac3c94,9386,7.189,1
756ef339,14313,7.1863,1
327b6edf,12708,7.189,1
3ae79f85,11374,7.189,1
62c8f538,11716,7.1918,1
b8e3afc,16933,7.1863,1
66842d69,12364,7.1918,1
62f2a6c6,6707,7.1918,1
6471edbb,15481,7.1918,1
d957a7c,13566,7.1918,1
28d13fc3,16413,7.189,1
6f79a0d5,769,7.1836,1
50036708,13542,7.189,1
48e94b4,11747,7.189,1
6f1e5ae9,14805,7.1918,1
22ee48c3,8930,7.1918,1
697bfb4a,12832,7.1918,1
3e0447a,8831,7.1918,1
4bfaa88c,7710,7.1836,1
21bd33db,9779,7.189,1
51e6286c,6762,7.1918,1
11edac3,9302,7.1918,1
dc8d0e,6841,7.189,1
7831eb4b,12676,7.1836,1
48374525,12923,7.1918,1
4b173056,15794,7.1918,1
28f2b107,15001,7.1918,1
5fcdae18,5880,7.189,1
3b9dec12,16089,7.1918,1
669b2e62,7089,7.1918,1
49f18829,14635,7.1918,1
74b66299,16863,7.1918,1
4639af79,16252,7.1918,1
129036d0,16125,7.1918,1
4d53f520,16716,7.1918,1
5765546b,6960,7.189,1
108046b4,13105,7.1918,1
1bc971ba,12354,7.1918,1
8fcf2a5,17707,7.1918,16
47b182ce,16487,7.1918,1
75c729dd,11855,7.1918,1
67e07437,11610,7.1918,1
37748dd0,3992,7.1945,1
5911a65a,16843,7.1945,1
58723841,17659,7.1945,1
14b77b53,11483,7.1918,1
7012f43e,16185,7.1945,1
639bfde1,15747,7.1945,1
3b45af2e,16585,7.1945,1
2ae271e3,12634,7.1918,1
78c4982,6001,7.1945,1
520ea0f,5772,7.1945,1
62f45d91,9403,7.1945,1
5e3cd0db,12660,7.1945,1
67e8cf96,13090,7.1945,1
659a21f6,12648,7.1945,1
2542e001,16997,7.1918,1
10b0d181,11381,7.189,1
1dc0467a,15329,7.1945,1
3c75be2b,9114,7.1918,1
854adc2,9889,7.1945,1
3aa40621,14416,7.1945,1
25c87499,3859,7.1945,1
345d12ed,12973,7.1945,1
19ca9319,13099,7.1945,1
3c51b0f,14396,7.1945,1
18eee431,12227,7.1945,1
5ed9526e,7715,7.1945,1
65cfcb52,14179,7.1945,1
39d9777c,6632,7.1945,1
6bf55823,7755,7.1945,1
74466905,7100,7.189,1
5f7019e1,6807,7.1945,1
44fedc06,15625,7.1945,1
d52db48,12840,7.1945,1
36ee2172,14424,7.1973,1
71a768eb,13101,7.1945,1
2ec7c82f,6745,7.1973,1
1c6b2f1d,9808,7.1945,1
5bc97853,3881,7.1973,1
1163a3f1,8856,7.1973,1
5070cf6d,16060,7.1973,1
2b6c9957,7880,7.1945,1
1759742,9511,7.1973,1
442353b6,15843,7.1973,1
5438a081,15692,7.1973,1
5848eddc,16208,7.1973,1
75aabe10,9021,7.1973,1
2bcafdf0,15872,7.1973,1
3ae76ca0,14983,7.1973,1
255e402d,14967,7.1973,1
5a430a8,11475,7.1973,1
79fd6891,9120,7.1973,1
17b86452,7817,7.1945,1
787e8962,6742,7.1945,1
2f76f168,16919,7.1973,1
7018b60e,8935,7.1973,1
b73a55e,16950,7.1945,1
6274ccbc,12486,7.2,1
1958fd41,16214,7.1973,1
15e14291,15387,7.2,1
d840cf4,17668,7.2,1
71a7f56e,11776,7.2,1
1b4b114f,5789,7.2,1
6bf8728c,6869,7.2,1
452b752e,11601,7.2,1
45a75592,8940,7.1973,1
5a4d627d,16033,7.2,1
7703266c,16155,7.2,1
117b8bb5,11353,7.1973,1
4538c9f0,13595,7.1973,1
348190aa,14631,7.2,1
4bf5486d,12981,7.1973,1
7a9a85e4,15578,7.2,1
1444ec9d,17366,7.2,1
2cf82a7f,15703,7.2,1
4d2fa9ad,12830,7.1973,1
63b4a049,5958,7.2,1
50a798a6,12143,7.2,1
5b7bb99d,12201,7.1945,1
3d61fb1f,16323,7.1973,1
db34fdf,7709,7.1973,1
619b3f17,9817,7.2,1
64e2f9d5,16117,7.1918,1
4b4310c8,13140,7.1973,1
27cdd3ae,12780,7.2,1
15c67d4b,14454,7.2027,1
29c059b,12208,7.2027,1
510a8050,14242,7.2027,1
1893697c,9746,7.1973,1
3e996300,13199,7.2027,1
5c4b0995,14173,7.1973,1
59c60a4c,15449,7.2027,1
5a9d4081,3713,7.2027,1
2fe9a9b1,7887,7.2027,1
34c834f6,14523,7.2,1
2bea1a78,13145,7.2027,1
4297f123,17645,7.2027,1
a8583e8,6765,7.2,1
72be28b8,7865,7.2027,1
10f8b37f,16110,7.2027,1
6b3a52c2,12301,7.2,1
a92b8ef,9777,7.2,1
16d9b86f,9875,7.2027,1
1521a9e4,7888,7.2027,1
24e4cc97,14542,7.2,1
73c5e1cb,11482,7.2027,1
5a1c4904,6021,7.2027,1
40978374,3940,7.2027,1
790275e6,14798,7.2027,1
22c3b069,15028,7.2027,1
3ab5535c,14311,7.2027,1
4645fb5d,8885,7.2027,1
1cc131f2,14889,7.2,1
2c021b36,5752,7.2027,1
137db627,14936,7.2027,1
3c238a7,7863,7.2027,1
5e467f2a,17708,7.2,16
293af168,15695,7.2027,1
1a2df7d7,16594,7.2055,1
5653c94a,6949,7.2027,1
28e19129,8857,7.2055,1
20af3ff2,17373,7.2055,1
3af48392,16728,7.2027,1
75ab3861,11573,7.2055,1
3dfab607,14283,7.2055,1
19360048,12980,7.2055,1
6652412a,9283,7.2055,1
7c0e8ef,3900,7.2055,1
2b84a046,14112,7.2055,1
45843b88,9753,7.2055,1
432671bf,7113,7.2055,1
6a3b0dd3,6633,7.2055,1
6a3c17eb,5856,7.2055,1
64341c7a,14775,7.2,1
14ef32ca,6744,7.2055,1
513c7740,16488,7.2055,1
2608f011,5964,7.2055,1
411a3b41,14933,7.2027,1
2c812874,9497,7.2055,1
68922652,15849,7.2055,1
febd734,7786,7.2055,1
58630e8,5885,7.2055,1
270fe286,15859,7.2055,1
64efc031,6886,7.2055,1
2cf6a6cb,14183,7.2027,1
41889650,9809,7.2027,1
38d18885,16156,7.2027,1
ce4ee07,16865,7.2082,1
4e8b9602,16186,7.2082,1
169059e2,17617,7.2055,1
13af7776,9254,7.2055,1
e928477,16858,7.2082,1
270e4026,9880,7.2055,1
c310616,14164,7.2082,1
18fa013b,12781,7.2027,1
7086d195,17417,7.2082,1
25dca0d3,11750,7.2082,1
21d913c8,12297,7.2082,1
2d08642f,15696,7.2082,1
69e23d11,5963,7.2055,1
2fae53c1,16045,7.2055,1
4cec889b,17027,7.2082,1
6fb4a4df,5978,7.2082,1
61abdb2,13560,7.2082,1
7ee812d5,14681,7.2082,1
183e7bf4,16309,7.2082,1
60c5ee60,9055,7.2082,1
2eb00232,7889,7.2082,1
44ac1b75,5977,7.2082,1
7a40f85,14835,7.2055,1
23057692,7878,7.2055,1
695dac71,7712,7.2,1
2fcd9f16,11476,7.2082,1
3af97bc5,14314,7.2055,1
4b9b8f5,16902,7.2055,1
e8ce617,12278,7.2082,1
c80ef16,5750,7.2082,1
83ae4d3,14382,7.2082,1
1d1d7d3,12463,7.2082,1
79ec9142,14619,7.2082,1
63a86318,11564,7.2082,1
305be09a,11544,7.2055,1
46240865,9342,7.2082,1
4ed4591f,17598,7.2082,1
3b2841d8,6940,7.211,1
3ae9ad9d,12573,7.211,1
5b04e9f1,15724,7.211,1
224d9178,12266,7.211,1
64eb3612,12424,7.2027,1
7910dd4c,9298,7.211,1
1a5e1aa2,9335,7.211,1
6d25d856,14543,7.2027,1
16a0adc4,14231,7.2055,1
6f7f0849,16729,7.2055,1
5219e812,13401,7.2082,1
2d9cb5a0,16722,7.211,1
3e41e35a,16253,7.211,1
296b899b,9646,7.211,1
342fbddc,7851,7.211,1
7c562f4c,7073,7.211,1
2e1aed59,8858,7.211,1
4dbc58af,6778,7.2055,1
386e27d2,3958,7.211,1
7166ac5e,12459,7.211,1
3c07c171,15726,7.211,1
13d19f7e,13144,7.211,1
5a486a61,3901,7.2055,1
1e08392a,12574,7.2082,1
1c067fd3,16990,7.211,1
3333942,12635,7.211,1
1a314027,14113,7.2055,1
c4b0de7,17618,7.211,1
6a78fca3,14464,7.211,1
701b2187,15474,7.211,1
60bb77db,9185,7.211,1
4e86d5b6,11989,7.211,1
5a777615,16310,7.2082,1
7747041c,17267,7.2082,1
5e79146a,5800,7.2137,1
1df55ea4,14962,7.2137,1
65c7a5d1,14799,7.211,1
4e1b0a2,15976,7.2137,1
4b4923c6,9599,7.2137,1
5d85b481,7883,7.2137,1
5347bcd,6884,7.211,1
cd9bf69,6751,7.211,1
3208bdea,13561,7.2137,1
e8cea27,12984,7.211,1
7edd66cb,13579,7.2137,1
7f4a6940,17656,7.2137,1
694307b6,9572,7.2137,1
589180ce,9299,7.2082,1
19f25e42,16407,7.2055,1
70c65289,17006,7.2137,1
65389964,16835,7.2082,1
317be2fd,16380,7.2137,1
3af0aade,12833,7.2137,1
104c292e,14186,7.2082,1
7860f513,12829,7.2082,1
59b2b0c2,16709,7.211,1
3730dd03,13400,7.2137,1
1b2b5b1c,6748,7.211,1
400f03bd,3882,7.2137,1
8a93761,277,7.2137,1
771e830a,15531,7.2137,1
19b05c3e,14303,7.2137,1
5959a82,12589,7.2137,1
5052849d,6754,7.2137,1
3be6098b,9244,7.2082,1
a0f1331,11335,7.2137,1
4bdc3f2e,14175,7.2137,1
48d9f38c,6674,7.2137,1
4378114d,11680,7.211,1
6a1120da,6871,7.211,1
54ad634f,12672,7.2164,1
3a356023,16257,7.2164,1
319c0488,11528,7.2164,1
64709816,13093,7.2164,1
1b9378da,14684,7.2137,1
1cd1bdb7,12567,7.2164,1
1f202519,9048,7.2164,1
1b9fe542,12425,7.2164,1
4ec9ca31,12510,7.2137,1
4e9c2e9a,9011,7.2164,1
5fb10efb,14111,7.2137,1
4127f0f9,7096,7.2137,1
413f22ae,12247,7.211,1
6ef82ced,13316,7.2164,1
2f998ae2,14841,7.2164,1
3969211f,6691,7.2164,1
4c8f7c82,5714,7.2164,1
47b7aef3,17592,7.2137,1
7fa5cef9,12583,7.2164,1
147fcd13,13143,7.2164,1
50150aa4,6967,7.2164,1
2084a860,13380,7.2164,1
5a3e5ab5,7804,7.2164,1
b3d850d,16190,7.211,1
722c248,8915,7.2164,1
7305fee4,12313,7.2192,1
76c78f4c,3780,7.2192,1
23267f3d,6833,7.2137,1
5e8488d3,14144,7.2164,1
39f67be3,9555,7.2192,1
65d850e7,13053,7.2192,1
2faf1eff,8988,7.2192,1
5517c9c9,7070,7.2164,1
5fb489eb,17415,7.2192,1
10e22e07,5670,7.2192,1
78cca592,16414,7.2192,1
2fc30492,17023,7.2164,1
4471c922,9619,7.2192,1
3ff1eb96,17574,7.2192,1
172e6577,12912,7.2164,1
228c39cf,14877,7.2192,1
63cfd21b,14876,7.2192,1
15dc5e98,12164,7.2164,1
5f2ebdd8,11619,7.2192,1
6f3350f0,13398,7.2192,1
6791f6d1,15043,7.2192,1
1224d76,7822,7.2192,1
2cb25e98,16343,7.2192,1
5b6dfd08,6734,7.2192,1
71074bc0,11383,7.2192,1
44631c0,12343,7.2192,1
713419a8,16859,7.2192,1
3a3ee94e,8883,7.2219,1
e8fd6bc,11389,7.2219,1
451dc5e6,7783,7.2219,1
70e024b4,15385,7.2192,1
1ea31bf5,15504,7.2219,1
4f0e0ea9,16026,7.2219,1
56fa5419,3720,7.2219,1
3d59d77f,13130,7.2192,1
4d13dc5e,6930,7.2192,1
59a8f91a,6870,7.2192,1
660a12ef,17320,7.211,1
173e5f1e,14180,7.2192,1
642f80a9,9243,7.2192,1
370d515e,12294,7.2219,1
1a6b03a,13374,7.2192,1
6405c9bf,12405,7.2219,1
7c37375e,9419,7.2219,1
216d0e27,9535,7.2219,1
15fe4d50,14110,7.2219,1
5f7c2661,14792,7.2219,1
1ab46717,17555,7.2219,1
53e14e50,11781,7.2219,1
34121db1,12578,7.2219,1
ae37a7c,17015,7.211,1
336c2a1,6922,7.2219,1
33d638e8,14760,7.2219,1
6a1c630c,16991,7.2219,1
4e47046b,7801,7.2247,1
5d75d529,9323,7.2247,1
54f8c988,12744,7.2247,1
60e2ad3,15422,7.2247,1
3f594123,15736,7.2247,1
226afb20,13568,7.2247,1
57846bac,17304,7.2247,1
485c2cb7,15503,7.2192,1
7066349e,15447,7.2247,1
40c8287b,14702,7.2247,1
6d1c7e5f,14181,7.2247,1
3bf37408,16718,7.2247,1
d264c8a,9812,7.2247,1
29d55e77,9883,7.2247,1
32361e14,12418,7.2247,1
5c931396,12254,7.2247,1
7583a527,16118,7.2219,1
1e0ba4c9,17299,7.2219,1
55f0dcab,14443,7.2247,1
79858dfb,9213,7.2247,1
56550684,17000,7.2247,1
121ea07b,6950,7.2219,1
7a5c9582,14397,7.2137,1
291a1be6,16845,7.2274,1
4ec73ba,14712,7.2274,1
3d741c59,9890,7.2247,1
57854967,14338,7.2274,1
307f2694,17409,7.2274,1
74522764,12440,7.2274,1
2e91459c,12396,7.2274,1
572dbe83,13544,7.2274,1
2a9e1b70,14226,7.2219,1
639cc331,14141,7.2274,1
4ba4d094,8813,7.2274,1
4705c77b,17274,7.2274,1
7d66a0be,16844,7.2247,1
277971f9,16921,7.2247,1
7d4cfae8,11438,7.2274,1
1eec85ad,9859,7.2274,1
4e3ed0ca,16772,7.2247,1
22f9bb6c,7771,7.2274,1
4b2e9e57,12904,7.2219,1
1ba5247f,15044,7.2247,1
305b4dc,12446,7.2274,1
6f1febfc,11859,7.2274,1
d21fa8,9320,7.2274,1
3fb1f5c3,9446,7.2274,1
1d72e104,17414,7.2274,1
36ba5148,6809,7.2274,1
11bc05bd,14468,7.2274,1
16c5c7d,9029,7.2274,1
11532ca7,12378,7.2274,1
d330ca8,16922,7.2247,1
21fcdca3,13116,7.2274,1
501cb4cc,15532,7.2274,1
725db41c,16417,7.2274,1
33f09506,14447,7.2301,1
3b4ea1cb,14827,7.2301,1
7c107bc5,16220,7.2301,1
499f1a5f,16169,7.2301,1
1237cec7,8947,7.2274,1
7ef0eecf,17553,7.2274,1
340cfa0,13554,7.2301,1
30fe5823,11862,7.2301,1
4fcfc3aa,5788,7.2301,1
5240c5ac,9338,7.2301,1
5c55cbfc,16270,7.2301,1
7e3375ee,13094,7.2247,1
74c6a71,15606,7.2274,1
39951213,14554,7.2301,1
49f93191,6808,7.2247,1
45b105fb,6634,7.2301,1
3a838579,17418,7.2301,1
74d24c74,17554,7.2301,1
11abcb05,9739,7.2247,1
755034a3,16749,7.2301,1
3803692f,12246,7.2247,1
24c4a87e,12379,7.2274,1
5ed433b7,9651,7.2301,1
1168288b,15533,7.2329,1
65e9f329,9744,7.2301,1
4680a4aa,14383,7.2329,1
39366e46,12598,7.2329,1
694a259b,6683,7.2329,1
4310f320,9614,7.2329,1
f6ba1c,16478,7.2329,1
ab8b01a,15445,7.2329,1
32663a2b,3993,7.2329,1
76ab46b4,9834,7.2329,1
134ccc7c,14557,7.2329,1
43b83427,8805,7.2329,1
ccf642a,5976,7.2329,1
32337700,12397,7.2329,1
f7bb0fa,13545,7.2301,1
6edd961c,14842,7.2274,1
23c9c947,6857,7.2301,1
2152d815,9012,7.2329,1
24b5476c,7777,7.2329,1
25ed4a1a,13131,7.2301,1
56cb1621,14429,7.2329,1
4e59062,7853,7.2329,1
690be248,15925,7.2329,1
154ce124,14735,7.2301,1
5eae0d0c,15015,7.2329,1
505a62e6,12203,7.2329,1
4ee68404,14737,7.2329,1
78149e0f,9538,7.2329,1
3d036678,15392,7.2329,1
4e3b3ae7,15978,7.2329,1
203dbfd,7686,7.2329,1
60d38841,15878,7.2356,1
639d8bef,16486,7.2356,1
55e60875,12244,7.2356,1
4ed03b03,11494,7.2356,1
3f259575,6801,7.2274,1
28de6c74,9458,7.2329,1
543368ae,9882,7.2356,1
5bfe4334,12905,7.2356,1
48e3eb03,9653,7.2356,1
57f269f6,9649,7.2356,1
130593a7,12530,7.2356,1
4481af7d,14736,7.2356,1
46084082,13132,7.2356,1
5c3cff71,16324,7.2301,1
1075adc1,17638,7.2329,1
4636fa96,17402,7.2356,1
75f2f021,8866,7.2356,1
221eb66f,16021,7.2356,1
1db98120,7844,7.2329,1
26c53291,14618,7.2329,1
4454ad90,16418,7.2329,1
132ec6bb,6681,7.2329,1
68e894ca,14402,7.2329,1
7d08a11f,16235,7.2356,1
654f70e1,12673,7.2384,1
424fe57f,9536,7.2384,1
4d91061d,17657,7.2384,1
2c480a12,14875,7.2356,1
6f8fe895,6979,7.2384,1
1c9a2db2,9340,7.2384,1
49b60a3e,5680,7.2356,1
74ef6a6a,13415,7.2384,1
95e2fae,15327,7.2384,1
43044485,14720,7.2384,1
310b3b04,13516,7.2384,1
5d7fafad,9731,7.2356,1
24e1a9c6,16905,7.2384,1
2bd23b0a,8946,7.2356,1
64b260b1,6782,7.2384,1
2e62c756,12526,7.2356,1
43e9f66f,11769,7.2356,1
63cb2b78,11856,7.2356,1
4acd015e,6846,7.2384,1
342519e3,16746,7.2384,1
707d6966,14895,7.2384,1
7caba388,14952,7.2384,1
4681d78e,14400,7.2384,1
6464f9f1,12173,7.2356,1
7f498a42,13106,7.2356,1
362e33f8,11411,7.2384,1
5edfc1c0,16836,7.2356,1
162a4032,5751,7.2384,1
55429877,12983,7.2384,1
66ea0307,9804,7.2356,1
461b1fdb,14896,7.2384,1
a4a3dd1,11612,7.2356,1
274ecfa,16570,7.2411,1
760680d8,12649,7.2411,1
6262ecd6,7881,7.2411,1
44371224,14271,7.2384,1
43344de3,17567,7.2411,1
75f09cb9,14738,7.2411,1
3fefd8c0,16726,7.2411,1
6b8ba01b,12499,7.2384,1
4e3d82ac,14748,7.2411,1
19624211,17615,7.2411,1
2f0795dd,15652,7.2411,1
5e63c1d0,6671,7.2411,1
68de297f,12248,7.2411,1
4ad4fe2a,11382,7.2411,1
3dbe22e4,7827,7.2411,1
59ee33d0,9465,7.2384,1
1943147c,15406,7.2411,1
cf43fa,16352,7.2384,1
6d87d867,7706,7.2384,1
640c5bff,9617,7.2411,1
259d37c2,15727,7.2411,1
45df06b4,14852,7.2411,1
56f84df1,8836,7.2384,1
5560ed4d,5681,7.2411,1
440a1cd2,9650,7.2411,1
44be0a87,14934,7.2384,1
3e944179,6779,7.2411,1
1679ce56,12464,7.2438,1
6d03f22c,9654,7.2438,1
6b935285,9881,7.2411,1
cb0bea3,12174,7.2438,1
50d4b39e,9245,7.2438,1
6eb8a378,9805,7.2438,1
172e3a,7703,7.2411,1
199d96a2,7015,7.2438,1
7866bec1,12636,7.2438,1
36bf4a22,16992,7.2438,1
648a6131,6954,7.2438,1
10f1da13,8855,7.2438,1
78096b50,9022,7.2438,1
ae974ef,16426,7.2438,1
7f546e6f,14177,7.2438,1
48600b5d,11703,7.2438,1
7b80aaea,13103,7.2384,1
3a0fe779,16910,7.2438,1
66f4c141,6781,7.2438,1
103ed29b,7845,7.2438,1
6a677c23,6851,7.2411,1
2e061421,6002,7.2356,1
50af2cf1,15046,7.2438,1
644ae5a6,9507,7.2411,1
155e2db2,11441,7.2411,1
55601891,7120,7.2356,1
4b59b900,9615,7.2438,1
6238dc3e,13104,7.2411,1
6ef4e76,16221,7.2438,1
539e7aaa,9399,7.2466,1
55894860,3838,7.2466,1
7174b7c3,12289,7.2466,1
d94db65,17283,7.2466,1
2dffbb57,14336,7.2438,1
322a3cc0,8884,7.2466,1
66345fe9,16136,7.2466,1
4bb27fc4,16041,7.2411,1
4dd0ffb9,12370,7.2466,1
5bc6c298,9282,7.2466,1
1d25d057,17559,7.2466,1
7e8a330f,9647,7.2466,1
3a05f020,12834,7.2411,1
70e2fdee,13102,7.2466,1
43f63ccd,12450,7.2438,1
7edcceb5,7688,7.2466,1
204e3e79,7118,7.2438,1
6c4b7df7,6802,7.2466,1
795a04ae,15564,7.2438,1
1e309be6,16931,7.2411,1
6c52ccb9,7051,7.2466,1
5bc1b001,7111,7.2466,1
1d6ca490,15728,7.2466,1
7297a0a3,6997,7.2466,1
253fe92f,16705,7.2466,1
6862fabc,12501,7.2438,1
122fd40d,6931,7.2466,1
44b83ff1,8987,7.2466,1
b651d7d,7825,7.2438,1
641a4a87,9768,7.2466,1
799f84f8,13045,7.2466,1
742db1b7,17573,7.2466,1
6b66544b,15011,7.2493,1
184e9c83,14218,7.2493,1
1d8c6fcc,16864,7.2493,1
3e2107f5,6686,7.2466,1
2718b98f,16129,7.2493,1
57e07ecb,9396,7.2493,1
4bde936b,7861,7.2493,1
35d267d3,14099,7.2493,1
37ac033,14800,7.2493,1
614cd512,12782,7.2493,1
5eb6479b,16135,7.2466,1
787c5f61,17385,7.2493,1
3e36bdbf,14801,7.2493,1
2dd27305,11706,7.2493,1
2ab1c7e8,14549,7.2466,1
46d7d7ba,11463,7.2493,1
2bac095,11330,7.2493,1
5cca1f56,9494,7.2493,1
416b2178,14526,7.2466,1
7ebd7709,17293,7.2493,1
62be0591,13383,7.2466,1
469400a9,12449,7.2493,1
3e8675c6,16820,7.2493,1
32bafdef,12674,7.2493,1
20baf4a4,17401,7.2493,1
464d2952,17305,7.2466,1
4be84c18,11701,7.2411,1
216f8a08,3922,7.2493,1
2ed8850f,9318,7.2493,1
59305ba4,3777,7.2493,1
7618ee69,16492,7.2493,1
7f19e43e,12493,7.2521,1
1583f62f,14559,7.2466,1
4eb57240,13371,7.2466,1
7f6fb659,12238,7.2521,1
4f67859e,17323,7.2521,1
45df20d3,12365,7.2438,1
44248155,9397,7.2521,1
7a1d0a76,17403,7.2493,1
201d7d5a,16586,7.2521,1
3b00ea57,17367,7.2521,1
2242ca7e,7001,7.2521,1
51faf0dd,12964,7.2521,1
6d9f8b89,13381,7.2521,1
7fe7b956,5942,7.2493,1
2623dccd,14636,7.2521,1
1206f34d,9816,7.2521,1
147c95c8,8870,7.2521,1
52e970d,14772,7.2493,1
3dd3f6d1,7732,7.2521,1
186ae6bd,12382,7.2493,1
6848f2ad,17021,7.2521,1
192f9656,13580,7.2521,1
3b689edc,7005,7.2521,1
74f8d802,6961,7.2521,1
5b0a91aa,16052,7.2521,1
3c1b2df8,14879,7.2521,1
3e7221bb,16070,7.2521,1
4113d6d7,13564,7.2521,1
73992e3f,7121,7.2521,1
7c117627,8941,7.2493,1
5341efe7,15505,7.2548,1
10d17eee,17660,7.2521,1
c3b3e36,17701,7.2548,16
36e90158,12492,7.2548,1
413ee9ec,6741,7.2548,1
4c061390,6780,7.2548,1
1ddc08fb,9909,7.2548,1
48c35ff8,12252,7.2521,1
59cb22ef,16408,7.2548,1
365e7479,5806,7.2521,1
998ad7,7884,7.2548,1
7d7fd1ef,17560,7.2521,1
2f116d27,16989,7.2521,1
6a293900,13044,7.2548,1
26aac9a0,12560,7.2548,1
25599433,16353,7.2548,1
68a79a93,12547,7.2493,1
105bdea,15879,7.2548,1
22c765f3,6955,7.2548,1
2be8653,14998,7.2521,1
2f0a4bbb,7805,7.2548,1
3b41b1b7,16150,7.2575,1
43920087,15571,7.2575,1
1787a1d8,15904,7.2575,1
6c175679,12317,7.2548,1
2b4adc52,15450,7.2548,1
e76a626,17666,7.2575,1
5e88c675,15943,7.2575,1
34365634,15960,7.2575,1
68f2081a,16311,7.2575,1
64c66e56,7114,7.2438,1
42d1fdbd,15906,7.2575,1
79ad2457,16824,7.2548,1
1fda8d20,14935,7.2575,1
610efe79,6697,7.2575,1
19c4989a,15047,7.2575,1
5435b20a,12569,7.2548,1
44aabb47,12518,7.2548,1
5241689d,13210,7.2575,1
6f7c3a07,9862,7.2575,1
2cf53902,14390,7.2575,1
16a06000,15608,7.2575,1
7418110,7788,7.2521,1
67ab56eb,16420,7.2575,1
99bc16c,14546,7.2575,1
5e9d04e5,9763,7.2575,1
503fb133,14849,7.2521,1
115be9c8,11346,7.2575,1
9c93f7a,12374,7.2575,1
450a6b54,11471,7.2521,1
4e482be4,16075,7.2575,1
74a80340,11864,7.2548,1
4801798a,15896,7.2575,1
62442ad5,9911,7.2548,1
21acd281,9891,7.2603,1
555f24e6,8888,7.2603,1
4319b5d2,12917,7.2603,1
1e48852a,16743,7.2603,1
5040698c,14550,7.2603,1
4c01a15e,9331,7.2603,1
2a06a47e,16507,7.2603,1
113f5fae,7828,7.2603,1
3deb317b,6020,7.2603,1
33d2b431,3850,7.2548,1
7298e844,16132,7.2603,1
19b10b96,16258,7.2603,1
7d359132,7068,7.2603,1
8b911df,4003,7.2603,1
621de2ac,9321,7.2603,1
5be0d199,13107,7.2603,1
6e8fd869,17050,7.2603,1
2ab40d3a,8893,7.2575,1
7f738395,9738,7.2575,1
2e1e3148,12681,7.2548,1
73af510b,5724,7.2603,1
63f38387,5984,7.2575,1
7fcb47,9645,7.2575,1
5fb43e71,17669,7.2603,1
569a0b85,14812,7.2603,1
298a456a,7125,7.2603,1
57d196ef,7782,7.263,1
29e86dd2,15927,7.263,1
2f288d49,12548,7.2603,1
54f23cd3,16134,7.263,1
f4fbe4c,12279,7.263,1
68712aba,6881,7.263,1
65a3d48a,14115,7.263,1
e8a4fb2,9031,7.263,1
4b5bee14,9648,7.2575,1
19e9a55d,14810,7.263,1
391484ed,17007,7.263,1
770e057f,5866,7.2575,1
42e810c1,7034,7.263,1
7877c1f6,9459,7.2603,1
1ec330f1,16092,7.2603,1
a7c4673,14544,7.263,1
1752983d,13141,7.263,1
153eec0e,14485,7.263,1
3a65fefa,14367,7.263,1
12fd12e0,12677,7.2603,1
7a5a9112,12887,7.2658,1
794a7d14,16526,7.2658,1
1bf6a0af,11994,7.2658,1
61e6db23,14558,7.2658,1
4f9a040c,16760,7.2658,1
65926236,6819,7.263,1
4bcf45f3,13192,7.2658,1
1ca7a06a,16761,7.2658,1
3026d96,16405,7.2658,1
3879ba73,9749,7.2658,1
75772c12,12036,7.2658,1
29206cb3,16027,7.2658,1
44261f92,12291,7.2658,1
6523538c,14401,7.2658,1
6c2a3ce8,14240,7.2658,1
75ddec63,7023,7.263,1
1cad5a1c,11993,7.263,1
39065976,16034,7.2658,1
4d280b4b,12985,7.2658,1
32e89e51,11812,7.263,1
284cc29b,17576,7.2658,1
238af30d,12471,7.2658,1
2e75c664,12570,7.263,1
6ef0f776,16744,7.2658,1
5899cfed,14769,7.2685,1
160f967f,7789,7.2685,1
62e91d28,15312,7.2685,1
622fa1f7,12439,7.2658,1
74dfecf8,6727,7.2658,1
20c5cbd8,17280,7.2658,1
5d838e1d,12982,7.263,1
1e093072,14398,7.2685,1
49e5b712,12603,7.2685,1
34a36ec6,15000,7.2685,1
2b9c41bc,15607,7.2658,1
1589482f,14956,7.2685,1
10077774,16119,7.263,1
20afc01b,15388,7.2685,1
7772eedc,16901,7.2685,1
58086baa,14425,7.263,1
588b7cc1,11615,7.2712,1
12b686bc,16172,7.2712,1
1883a660,13581,7.2712,1
11d040b6,9621,7.2712,1
68b41b2c,6728,7.2712,1
4f21e58f,17644,7.2685,1
6459e1e0,11418,7.2712,1
5c7b8377,15657,7.2658,1
2fc5f6b9,13205,7.2712,1
340b9dd0,7730,7.2712,1
27cdae17,16841,7.2712,1
67002afc,15697,7.2685,1
6770689b,12590,7.2712,1
4c497880,12678,7.2712,1
f7d9cb8,8887,7.2658,1
450a2656,12930,7.2712,1
233bb3c1,9644,7.2712,1
47eb338d,3816,7.2685,1
2410ef94,12304,7.2712,1
303c55d6,17670,7.2712,1
4e675dab,9851,7.2712,1
508e78b1,16224,7.2712,1
4caec70a,9212,7.2712,1
72b06b10,16325,7.2712,1
6ee3cc22,8923,7.2712,1
96738a1,11478,7.274,1
73c1417b,14409,7.274,1
442bd732,11722,7.2712,1
24dfa03,15905,7.274,1
21012830,5801,7.274,1
22d4fa,14783,7.274,1
76171240,11990,7.2658,1
f244f60,16574,7.2685,1
27ccb61c,11359,7.274,1
17032095,9300,7.274,1
f869318,12783,7.274,1
41cd05ba,14878,7.2712,1
49378515,6667,7.274,1
6c3f0dac,6795,7.274,1
2e012a61,17667,7.274,1
152462ea,5923,7.274,1
3c6d5521,9356,7.2712,1
7f7efd6e,5960,7.274,1
28ab7d6d,9765,7.2712,1
fde083b,14145,7.2712,1
75f04374,11549,7.274,1
39db0818,14502,7.274,1
556ee618,17621,7.274,1
6fc9965f,15643,7.274,1
1cfadede,12251,7.274,1
328a7e11,9081,7.274,1
639a82aa,16920,7.2767,1
2e0dd09,16903,7.2767,1
2138d864,12277,7.2767,1
413c8257,16745,7.2685,1
2f90f40f,14560,7.2712,1
5bca89e0,7101,7.274,1
6b7efeb3,13414,7.2767,1
1a3b72dd,11721,7.2712,1
5c46aea4,7807,7.2767,1
58ca28b0,9051,7.2712,1
3fd62035,7833,7.2767,1
45058b01,14898,7.274,1
23c1da1a,17416,7.2767,1
4a1b6348,13567,7.2767,1
439d5d13,12309,7.2767,1
6476cf53,14399,7.2685,1
4d441add,380,7.2767,1
2c0e3e99,13173,7.274,1
4226410b,14241,7.2767,1
60781865,9876,7.274,1
71682601,6682,7.2767,1
583488fa,7731,7.274,1
1103ca28,12292,7.2767,1
2a5ae316,12249,7.2712,1
354bf3d3,6752,7.2767,1
15d07e2f,14368,7.2767,1
39b0fb7f,14768,7.2795,1
6c379ecd,6749,7.2767,1
2334c8f9,13133,7.2795,1
4a2d17ee,15565,7.2767,1
2515763b,15874,7.2795,1
25380aba,12575,7.2767,1
593735bf,16035,7.2795,1
3e8912a6,14850,7.2795,1
18aeb557,5886,7.2795,1
756d2ec6,9032,7.2795,1
743a7ade,14561,7.2795,1
33889021,9091,7.2795,1
210cfdd2,7002,7.2795,1
253fa179,11413,7.2795,1
55c2b03a,3982,7.2795,1
2e4c396b,12727,7.274,1
403712be,14101,7.2795,1
ca891bf,11424,7.2795,1
20cd4dca,16382,7.2795,1
5733d86a,15928,7.2795,1
fdf9f9c,11751,7.2822,1
1f44e2ea,12651,7.2822,1
7785de3b,15622,7.2822,1
35a4aae2,17300,7.2822,1
3d6c7e1c,14525,7.2822,1
1f69efa0,11484,7.2795,1
74d51153,17713,7.2795,16
705532a,12078,7.2795,1
5ea821f7,6882,7.2822,1
76e4a72c,16091,7.2795,1
ea38a0,15855,7.2822,1
5ce9ee67,7846,7.2822,1
71587ad3,7016,7.2822,1
4ee1d126,15772,7.2822,1
3d24889,14721,7.2822,1
2a838388,16053,7.2822,1
6e604a96,11704,7.2822,1
615afd3e,16575,7.2822,1
83496f7,11337,7.2822,1
4653a52,14589,7.2822,1
3f1e40c2,3981,7.2822,1
1eab6233,6872,7.2822,1
7273af8a,12846,7.2822,1
3f26f956,5943,7.2767,1
2e26d90e,14329,7.2822,1
2b793eb9,16173,7.2822,1
6e866b1f,16308,7.2795,1
351a2375,15377,7.2767,1
1e686ba,12900,7.2849,1
34031609,9652,7.2849,1
9823399,12381,7.2849,1
6b6c48e6,11442,7.2822,1
366f0807,11412,7.2822,1
3099b26,11695,7.2849,1
4eaa8db6,17016,7.2849,1
1b0f7e25,6756,7.2822,1
122d2eda,14104,7.2849,1
5ccc33a8,15881,7.2822,1
6e52c2d0,9637,7.2849,1
6506ac16,14955,7.2849,1
135353bc,17700,7.2822,16
73cde9a5,9767,7.2849,1
8ed52f8,6783,7.2849,1
3501613e,14708,7.2822,1
3cc61a91,9451,7.2822,1
283c2735,17594,7.2822,1
20da5c6d,14892,7.2849,1
4242a01c,17362,7.2849,1
7c7431fb,17714,7.2849,16
5401a977,17593,7.2849,1
706abe76,12831,7.2849,1
221bd22,14304,7.2849,1
5534bf3a,12524,7.2822,1
812a78e,14770,7.2877,1
123d0008,14773,7.2849,1
2dae21f4,14914,7.2877,1
2798ec46,17025,7.2877,1
226951ce,14717,7.2849,1
5254e7d6,11860,7.2877,1
625d4ea9,6889,7.2849,1
2d1f0b7d,16747,7.2877,1
4f6714c5,6796,7.2877,1
131a3d5c,15729,7.2877,1
16d8b27a,9877,7.2877,1
6d1c4426,13300,7.2877,1
7b15e9d0,9322,7.2877,1
f3f4930,14916,7.2849,1
e8adb33,9748,7.2877,1
793c371b,15895,7.2877,1
24a8f98b,14999,7.2877,1
3b8e05bd,16237,7.2877,1
6f012075,9324,7.2877,1
378a3de5,6784,7.2877,1
2f1640e0,16727,7.2877,1
1b86f651,16342,7.2877,1
647e1b52,14105,7.2877,1
21a9d20,6852,7.2877,1
6499ed93,6022,7.2877,1
2ece4a72,3860,7.2849,1
383c409c,16540,7.2904,1
7995a0a0,6675,7.2904,1
48fc25fa,12680,7.2904,1
6da5904b,8894,7.2904,1
3b80f342,15483,7.2904,1
4315984e,12033,7.2904,1
8da53e7,17569,7.2877,1
105e64d4,12307,7.2904,1
449a46df,16076,7.2877,1
3c486089,17565,7.2849,1
5fcb1cf,13317,7.2904,1
3d9426f,3715,7.2904,1
395a58d1,9861,7.2904,1
323efaf5,11995,7.2877,1
5a41e3ea,11521,7.2904,1
4cfbfac3,17384,7.2904,1
2ce9485a,12593,7.2849,1
479e01c6,15332,7.2904,1
1295f46c,15683,7.2904,1
12b291f,9052,7.2904,1
67e61af8,9247,7.2904,1
5041b7f3,11865,7.2904,1
66af1af4,12308,7.2932,1
4b3c23c9,12671,7.2932,1
6d4a1f03,12594,7.2932,1
62685103,9631,7.2904,1
3571a064,11759,7.2932,1
62174de8,8837,7.2932,1
3fb49076,7130,7.2932,1
23b2284,13207,7.2932,1
3af1d027,17309,7.2932,1
6251b29c,16842,7.2904,1
79fda980,16711,7.2932,1
22099b39,6968,7.2932,1
43ef3f43,16473,7.2932,1
164d07b7,6962,7.2932,1
796792b0,3923,7.2932,1
6dc295b5,8942,7.2904,1
3195069,12426,7.2932,1
67bb3797,16464,7.2959,1
37c0b67,15581,7.2959,1
7d72d400,11417,7.2959,1
5bf75f6b,14456,7.2959,1
38452b0c,12554,7.2959,1
41d37e8c,9450,7.2959,1
229772e2,6635,7.2959,1
492e6064,16825,7.2959,1
58222f06,17671,7.2959,1
50d6773,3839,7.2959,1
195c5a53,6692,7.2904,1
25f0d90,9634,7.2959,1
1b467f5b,189,7.2959,1
21d10117,12411,7.2932,1
68424034,11550,7.2959,1
3146edff,17368,7.2904,1
4ccf17be,12906,7.2959,1
120be321,15410,7.2959,1
3a1fea9c,11454,7.2959,1
3dd6dccd,6828,7.2959,1
67af6b62,11393,7.2959,1
76ac5fd7,16028,7.2959,1
718d60bc,8886,7.2932,1
136f8d71,12921,7.2986,1
69d63cc8,16541,7.2986,1
26c36425,14776,7.2932,1
2409c838,16377,7.2959,1
61879d2f,9102,7.2932,1
e6c906b,15506,7.2986,1
5684cd12,5887,7.2932,1
6cf7575e,11755,7.2932,1
66a8912d,6951,7.2986,1
6d62ccad,17545,7.2986,1
3c2687f2,3851,7.2986,1
61151bbc,13517,7.2986,1
1f69fb49,11614,7.2986,1
b10203d,13208,7.2986,1
7b8c9010,13201,7.2986,1
731d9184,9082,7.2986,1
347c8748,6757,7.2877,1
58a38160,15979,7.2986,1
361a53b2,9035,7.3014,1
4194a74b,12356,7.2986,1
3a9cbca0,12808,7.3014,1
2af2ab63,16778,7.2986,1
7dd8c69f,16724,7.3014,1
52926095,14116,7.2986,1
30077206,16721,7.3014,1
3c508cf3,11991,7.3014,1
2f146806,12988,7.3014,1
309a4dd1,11439,7.3014,1
6fbc8ede,6953,7.3014,1
75d3a122,15861,7.3014,1
6420566d,12929,7.3014,1
36235b52,9604,7.3014,1
fee9b93,15407,7.3014,1
564bb09e,201,7.2986,1
68f856b7,14899,7.2959,1
aee7abc,7032,7.3014,1
2d13912c,13121,7.3014,1
1afcf41,17575,7.3014,1
675a7227,15331,7.2986,1
4d3dcd95,14547,7.2986,1
347f7514,5846,7.3041,1
5d7f1613,17386,7.3014,1
4b55711d,16378,7.3014,1
7faaf91a,7117,7.3041,1
5cd8c21f,15658,7.3014,1
1340cb45,8892,7.3041,1
7633c32f,14718,7.3041,1
737d8da9,13422,7.3041,1
5b37d8f5,7017,7.3041,1
37cf5480,7097,7.3041,1
416531b6,12502,7.3041,1
598f3ee,14553,7.3014,1
5e09ed3f,15725,7.3041,1
546ac03c,12597,7.3041,1
4b651fdd,7079,7.3041,1
3a07ef3e,11566,7.3041,1
2ef09634,3924,7.3041,1
4670fadd,16175,7.3041,1
4419b90f,14915,7.3068,1
27e1dda6,7809,7.3068,1
d0aae58,11416,7.3041,1
4c6d0b36,14259,7.3068,1
45351275,15395,7.3068,1
6c10eb98,15655,7.3041,1
6ea4cf1,14178,7.3068,1
34b0e02c,12617,7.3014,1
10a06937,16036,7.3068,1
7d6b77ec,7832,7.3068,1
75bd828d,9636,7.3068,1
164c1ff2,8889,7.3068,1
254e2c97,7829,7.3041,1
36b400d8,12728,7.3068,1
2f01d819,14235,7.3068,1
1046d5f5,12035,7.3041,1
6683fb80,16730,7.3096,1
2166735d,12100,7.3068,1
327d5953,14465,7.3096,1
14c886af,12451,7.3096,1
24d92d04,9863,7.3096,1
296bd17,14344,7.3096,1
7b30093e,12729,7.3096,1
31a876a1,7890,7.3068,1
1d720427,13582,7.3096,1
56e6ea1a,17387,7.3096,1
235f70ca,11782,7.3014,1
4e03d8a8,9030,7.3068,1
794aaa7a,14100,7.3096,1
7b2ad7de,11752,7.3096,1
2c82594,14919,7.3096,1
5a49cc27,14957,7.3096,1
7d0b2962,15737,7.3096,1
9e979f1,17297,7.3123,1
adf895e,11823,7.3123,1
26eafb05,7078,7.3096,1
71715ea3,3855,7.3096,1
792acaa,12742,7.3123,1
49c320fb,12099,7.3123,1
76515d8e,15644,7.3123,1
7fe32e4b,12412,7.3068,1
41ce352,17639,7.3123,1
16f9e887,12670,7.3096,1
75c69eb6,17547,7.3123,1
6ab87afb,13402,7.3123,1
c4f8091,12743,7.3068,1
6faae439,13202,7.3123,1
59d6bb64,12809,7.3123,1
36ce849b,12204,7.3123,1
1f885f1b,13054,7.3096,1
4912d690,8869,7.3096,1
6f330f73,14969,7.3123,1
21181ce,9670,7.3096,1
5780a580,12812,7.3123,1
15a819b7,9293,7.3151,1
4805fc9e,14555,7.3151,1
3fba2a7a,17539,7.3151,1
6d4434a8,3836,7.3151,1
38f4ed16,16255,7.3151,1
5f72079a,8862,7.3151,1
3b1f629a,9447,7.3151,1
31f51ff4,15352,7.3123,1
779ba832,14996,7.3151,1
7dd88c16,9054,7.3151,1
62db52e6,16381,7.3151,1
2d5ac7f0,12549,7.3151,1
34c96710,13301,7.3123,1
d48e5a3,8922,7.3151,1
29a238df,17339,7.3151,1
66fe586d,16821,7.3151,1
665d4b0f,16595,7.3151,1
2e350e0b,11705,7.3096,1
52d2c45f,15414,7.3151,1
362742e7,14599,7.3123,1
35bcca8e,14188,7.3151,1
4ea2fe8e,8916,7.3178,1
312cf1ad,9603,7.3178,1
7b037fd6,14925,7.3178,1
321488bd,9083,7.3151,1
28b83282,13312,7.3178,1
7137ff95,9033,7.3151,1
2e99f53f,16906,7.3151,1
2740c987,12419,7.3205,1
578acdd0,12347,7.3205,1
475def76,16277,7.3178,1
2e18e93d,15977,7.3205,1
601d703c,16242,7.3205,1
41b09149,14997,7.3151,1
693ee056,13596,7.3151,1
86ad4d,9623,7.3205,1
b11a1f1,16061,7.3178,1
4eee4303,14719,7.3205,1
50cc36d8,14837,7.3205,1
61cfaec,11391,7.3178,1
1e059650,5726,7.3233,1
65150549,13203,7.3178,1
7d9d2f55,7842,7.3233,1
3146a335,17026,7.3233,1
638d2e33,17273,7.3233,1
5fc78f1a,6668,7.3233,1
6e0c18cc,16539,7.3205,1
237e6709,9639,7.3233,1
298829e3,14431,7.3233,1
4ad4cc97,11696,7.3233,1
44106779,14991,7.3123,1
148616dd,6858,7.3233,1
7c29e29f,12205,7.3233,1
19c1a831,16988,7.3233,1
10f529f9,16226,7.3233,1
2e9c4e73,12682,7.3233,1
64995bf4,12305,7.3205,1
5799af31,17711,7.3233,16
738d6be1,17534,7.3233,1
26e5b943,16823,7.3233,1
40834215,11621,7.3233,1
7980111d,11354,7.3151,1
659f6547,11992,7.3205,1
63fac93b,3817,7.3233,1
7b3074c6,15656,7.3178,1
21f9025f,12599,7.3233,1
f58c76a,6928,7.3233,1
5808f784,11717,7.3233,1
6d0e4eaf,14403,7.326,1
5b66e55c,6925,7.326,1
1560918c,14970,7.3205,1
6f1a11f0,17294,7.326,1
3df58aef,9357,7.3233,1
7c629285,17281,7.326,1
1dbcb574,13403,7.3233,1
6349fe5a,17307,7.3233,1
7c2dafaa,13597,7.3233,1
6d50ad52,15393,7.326,1
5ceecc7,12784,7.326,1
29d9790a,7689,7.3233,1
3818c364,14953,7.326,1
50cac308,14411,7.3233,1
39cefa44,332,7.3233,1
2e6242f1,9769,7.326,1
2210a502,14243,7.3233,1
40638963,7003,7.326,1
3e9e71e8,16416,7.3288,1
2c2a2426,14937,7.326,1
38ca27b0,13399,7.3288,1
1fd5bd1e,12469,7.3288,1
23cc783b,17623,7.3288,1
322326be,7024,7.3288,1
efd3fab,17622,7.3288,1
2633407a,17528,7.3288,1
3daf0582,12452,7.3288,1
68e44494,17421,7.326,1
18eaa14d,17051,7.3233,1
67e37e63,16561,7.3205,1
55ec02cc,14654,7.3288,1
1e3f2f0b,15022,7.3288,1
1e3e36c0,11771,7.326,1
795952cb,16115,7.3288,1
1b4fccad,14219,7.3288,1
5352be5,15629,7.3315,1
30fab3ed,14897,7.3288,1
5f9d0b04,12453,7.326,1
7a5af419,11772,7.326,1
69b4fc62,9444,7.3315,1
6ce1d536,14637,7.3315,1
4027b14c,13546,7.326,1
25a7177e,12618,7.3315,1
1255fde5,9632,7.326,1
465127ba,7004,7.326,1
707fd2fc,12447,7.3315,1
d2fa06e,11775,7.3315,1
102e4a52,16750,7.3315,1
14cd86bc,3782,7.3315,1
7e31e5ff,3840,7.3288,1
2d293767,15609,7.3288,1
234fe80c,6873,7.3315,1
72c90389,9176,7.3288,1
193d8aec,16544,7.3342,1
539300db,7045,7.3342,1
4693cacf,14900,7.3342,1
310dac21,14954,7.3342,1
55fb2768,3722,7.3342,1
928ba53,12202,7.3315,1
4276f675,11495,7.3315,1
1ec626be,17702,7.3315,16
120a8269,15378,7.3315,1
5ebc5859,17034,7.326,1
2d5e7079,12619,7.3342,1
2b0cc8a5,6709,7.3342,1
4d0e8ac,7847,7.3342,1
428f3b95,14653,7.3342,1
7e4ddd0d,11548,7.3342,1
33496b81,16153,7.337,1
2d83d032,15796,7.3342,1
305f60cc,12965,7.337,1
b37a6c1,15860,7.3288,1
41c0275f,15798,7.337,1
1b02b71f,14749,7.337,1
49477839,12355,7.337,1
6e4eb533,14813,7.3315,1
232993b7,17388,7.337,1
63efd29d,12813,7.337,1
287d872c,16720,7.3342,1
1eca3d4c,12815,7.337,1
10fecbc5,14638,7.337,1
d98987d,9665,7.337,1
49982a05,14938,7.3315,1
6f74e27,14117,7.337,1
60311ddf,12145,7.337,1
29232ad4,17035,7.3342,1
21e3f5f7,11681,7.337,1
1d59119a,11378,7.3397,1
6ead58a1,17295,7.3397,1
75ee380b,12731,7.3397,1
452bd9e8,17396,7.3397,1
7bd9d0f7,7733,7.337,1
2e59dbd7,9152,7.3397,1
2af38077,16278,7.3397,1
310cf858,15542,7.3397,1
467c8e6,17608,7.3397,1
5af0a93,16223,7.3397,1
64802cde,16207,7.3397,1
52c6e801,16174,7.3397,1
4020b0c8,8989,7.3397,1
45e0439,7685,7.3397,1
3612633,11575,7.3397,1
648a8491,7006,7.3397,1
6aca6eda,17017,7.3397,1
3e44ccac,15711,7.3397,1
5bc7e166,12351,7.3425,1
3ea49cff,14176,7.3425,1
4aaf28de,16576,7.3397,1
b2b5c7c,6847,7.3425,1
5216ac8b,17411,7.3397,1
eaa6702,14345,7.3425,1
363eab7e,12399,7.337,1
2c678a22,15875,7.337,1
40ace436,15684,7.3425,1
1fbdbea8,16238,7.3425,1
78a83b20,12661,7.3425,1
3b0e0a10,14391,7.3425,1
2b28b1c9,12722,7.3397,1
2e1b4ea5,16236,7.3425,1
599212fa,14433,7.3342,1
60da53d3,16545,7.3425,1
5de898aa,17389,7.3425,1
2b4f8b52,7834,7.3452,1
4507c10b,12346,7.3452,1
ccb0e93,12069,7.3452,1
11bc3f4c,16510,7.3452,1
1461ca77,15006,7.3452,1
2e13dfdc,15408,7.3452,1
5e1b9a46,9608,7.3452,1
3e3d9012,5871,7.3452,1
69ff999c,16051,7.3425,1
941459,15918,7.3479,1
128b1231,12705,7.3479,1
46e02965,16465,7.3479,1
4d2eef9a,9733,7.3479,1
148f9cab,15962,7.3479,1
5e5b4966,16047,7.3479,1
1a9c4df,5879,7.3479,1
4e63a94a,15005,7.3479,1
4b795441,12511,7.3452,1
c95f74a,14315,7.3479,1
4e60f443,14548,7.3479,1
641758b7,16537,7.3479,1
2b57f7d6,12376,7.3479,1
7f1b6d31,12431,7.3479,1
7f11320e,12029,7.3479,1
2a0d75a1,5667,7.3452,1
981e80d,15023,7.3479,1
570ddb6a,15350,7.3425,1
43707f1a,16077,7.3452,1
211baa8,11620,7.3479,1
35361365,15313,7.3507,1
63b34364,11616,7.3507,1
4d6fb67,9732,7.3507,1
71513ee5,11613,7.3507,1
3d39a61c,16256,7.3507,1
7df1860e,16239,7.3507,1
72bab7e2,11754,7.3479,1
1d624109,5790,7.3507,1
6e0338a8,11531,7.3507,1
72b36734,15021,7.3507,1
41046711,17030,7.3479,1
122493b9,14272,7.3507,1
31fd206b,14426,7.3507,1
40cd01ac,17298,7.3507,1
67efabf0,16817,7.3507,1
135eaff8,6952,7.3507,1
5b174f3,13583,7.3507,1
5d17f256,14839,7.3507,1
75ff5839,14777,7.3425,1
6f55cd5d,12441,7.3534,1
61cd3aa8,7090,7.3507,1
3aae185,12605,7.3534,1
396d4a2d,9036,7.3507,1
383f9bf7,15659,7.3507,1
c1b4f59,12604,7.3534,1
6cea6abf,17296,7.3534,1
4de544a2,17419,7.3534,1
7fee5f56,15840,7.3507,1
45752fcc,6990,7.3425,1
1187582e,9404,7.3507,1
3d15d1a1,12888,7.3479,1
3723bdb,15797,7.3534,1
47b0acc0,14795,7.3534,1
201720c0,5847,7.3507,1
6bb283cf,5848,7.3534,1
4c707041,17650,7.3534,1
679d07c9,16243,7.3534,1
25097156,12986,7.3534,1
3c014417,14165,7.3452,1
73bcc9ae,7043,7.3534,1
329cc3c2,15623,7.3507,1
7c902b5f,16762,7.3562,1
127d765a,17284,7.3507,1
246ab9fe,9037,7.3534,1
310ee564,14528,7.3562,1
55d7eceb,12612,7.3562,1
7116da34,15963,7.3562,1
4cb9fac9,5725,7.3562,1
350f9aa2,13194,7.3534,1
445b70b4,16424,7.3562,1
238889e,14709,7.3534,1
1d445a2,6991,7.3534,1
484715b0,12745,7.3507,1
578612dc,11832,7.3562,1
5e041860,9855,7.3507,1
7b676739,17577,7.3562,1
27a680fb,9638,7.3507,1
11bc1cca,9304,7.3534,1
32e6b20a,3781,7.3562,1
427cdb73,14406,7.3562,1
3dc4d2f9,17029,7.3589,1
250b2112,14505,7.3589,1
54a02335,9056,7.3589,1
5351bd49,16093,7.3589,1
77d24313,16752,7.3589,1
41993fbd,9084,7.3589,1
b2def4a,16429,7.3589,1
2d2e0578,15685,7.3589,1
3fb4084f,12028,7.3589,1
5ec1dc91,770,7.3589,1
2499f5,5682,7.3589,1
658b8839,17578,7.3589,1
1b86c7d,15534,7.3589,1
51cd1d8f,14901,7.3562,1
7502cd72,12550,7.3562,1
4cf149ab,14655,7.3562,1
ee81fcc,5668,7.3562,1
37f04afb,15357,7.3589,1
54fa682a,14838,7.3616,1
1280df0f,7707,7.3616,1
5c58b4ec,8890,7.3589,1
69ca9a0e,13302,7.3616,1
4b3d78ab,9400,7.3562,1
6e760425,11558,7.3616,1
7a1ac643,12652,7.3616,1
50416627,9085,7.3616,1
63fcf238,9860,7.3616,1
5e5b1ea3,12030,7.3616,1
526e61,12662,7.3616,1
2c5698f6,15938,7.3616,1
484cf4d9,14457,7.3616,1
283fc276,13117,7.3616,1
2e176fd4,7791,7.3616,1
3da53d11,14880,7.3616,1
25ac837b,17651,7.3616,1
7356c9ca,11718,7.3589,1
662a61bb,20700,7.3589,16
1adf374,14794,7.3616,1
727395da,12924,7.3616,1
330577b4,14146,7.3644,1
76d8e087,6926,7.3616,1
43ca705e,16066,7.3644,1
2df9e0b8,11450,7.3644,1
35d99a64,14853,7.3644,1
4b49880,9640,7.3616,1
14ec40c8,12925,7.3644,1
76728ecd,12377,7.3644,1
f8120dd,15049,7.3644,1
2fd1c935,14166,7.3616,1
7b28108f,4004,7.3644,1
30799531,12523,7.3589,1
70e5b01d,9445,7.3644,1
59cd2607,11845,7.3616,1
3babdf15,12488,7.3616,1
3d2a8775,12175,7.3616,1
3901ac34,12847,7.3644,1
1c136984,12448,7.3616,1
2c5e891f,7790,7.3644,1
49e8b8f6,9460,7.3644,1
a5a8bbb,16927,7.3644,1
29ee1f5c,16048,7.3589,1
20108f91,7053,7.3671,1
27c88d5e,16279,7.3671,1
e59f278,14860,7.3671,1
7f86eec9,16094,7.3671,1
73a5c6c7,9175,7.3671,1
57eda325,7835,7.3671,1
342c76fb,13384,7.3671,1
7c942611,15016,7.3671,1
215a44ba,9897,7.3671,1
46334b50,15926,7.3699,1
1b943f3f,7808,7.3699,1
4c580918,7025,7.3699,1
5182d721,9854,7.3699,1
7d871e82,16049,7.3699,1
199e4628,12931,7.3699,1
11210a2c,11723,7.3644,1
62adf326,9864,7.3671,1
587a558b,12037,7.3699,1
54e69755,12427,7.3699,1
4d0f878f,17306,7.3699,1
403669cb,13313,7.3699,1
25e20c6,11392,7.3699,1
4aeaaa4b,14857,7.3671,1
2ad6d07c,15862,7.3699,1
1a1a7d4b,13200,7.3699,1
1b540956,9671,7.3699,1
685f43c6,15541,7.3699,1
77780474,12465,7.3699,1
2f5f6fff,3861,7.3699,1
6b317fd7,12472,7.3726,1
79f19b33,15584,7.3699,1
62adb5fd,16365,7.3644,1
5094c55e,5727,7.3726,1
79828446,17546,7.3726,1
4247fdf9,11427,7.3644,1
752b1a61,16042,7.3726,1
15840cd4,9573,7.3726,1
6efb40ed,3818,7.3726,1
63cc950f,12730,7.3726,1
1e9904ba,14995,7.3726,1
33ccfd1a,17570,7.3726,1
69bb51b,9264,7.3671,1
1f82c2a,14392,7.3699,1
5712547b,9635,7.3726,1
36247ae,15537,7.3753,1
50421e6b,15314,7.3753,1
580a09b4,9605,7.3753,1
18d3f7e3,13206,7.3753,1
73576464,12505,7.3753,1
20bff4ef,14455,7.3753,1
5d27d90e,12375,7.3753,1
317e05e9,16428,7.3753,1
4ce9aa33,14926,7.3753,1
44264db3,9472,7.3753,1
434dd63b,12531,7.3753,1
29b2fe73,11753,7.3726,1
204188f5,17423,7.3781,1
21f806fc,8891,7.3781,1
57459ca5,14506,7.3781,1
7a147478,6874,7.3781,1
50d2535f,17548,7.3699,1
7f16a55,13108,7.3781,1
563e5def,11394,7.3781,1
37107e32,17712,7.3753,16
4c4b7cc1,14273,7.3781,1
15257684,12911,7.3781,1
315090ea,7022,7.3753,1
585991c,17410,7.3781,1
123f4019,14435,7.3781,1
4f71d985,9086,7.3781,1
406bf863,14890,7.3808,1
1e6d89f9,12495,7.3808,1
2c10858c,17311,7.3808,1
341c48ad,11576,7.3808,1
66915adc,12211,7.3808,1
5f8307ab,11532,7.3781,1
1c65c86a,14393,7.3808,1
3c66d0b6,12467,7.3808,12
19728724,12816,7.3781,1
3016b06f,13137,7.3808,1
58c101fc,9539,7.3781,1
70d5c38d,11833,7.3808,1
2f20eb7b,16280,7.3781,1
7d133114,12520,7.3753,1
27fd0420,12519,7.3808,1
78036311,16780,7.3808,1
281d530c,5728,7.3781,1
768a3429,12430,7.3781,1
1950d6a1,9508,7.3753,1
5e8dc779,14147,7.3808,1
12f5307d,6887,7.3836,1
24f45db6,12352,7.3836,1
710dd2d9,13146,7.3836,1
334a6ac7,17390,7.3836,1
14462bfb,7708,7.3808,1
2f0b97d6,9547,7.3836,1
56ced5a6,9049,7.3836,1
308f03f4,15353,7.3836,1
50735b70,3783,7.3836,1
75cfbb76,15566,7.3836,1
689373e,6890,7.3836,1
4ed104b8,16800,7.3836,1
4b36ec9,12600,7.3836,1
60cd41de,12075,7.3836,1
c2f7122,12910,7.3863,1
4f42bd9a,16227,7.3863,1
4c41ba37,15535,7.3863,1
4350975e,16366,7.3808,1
5e2bf48,12932,7.3836,1
1ab84c1b,6023,7.3863,1
6cab1eb6,11444,7.3863,1
6de9880f,9656,7.3863,1
34bbb5ac,16546,7.389,1
2a44188b,7758,7.3863,1
3accea74,12081,7.389,1
40c8df93,6834,7.3836,1
740a5578,6776,7.389,1
5ab8c255,14854,7.3863,1
1811a1f9,12889,7.389,1
62cca1a2,12268,7.389,1
43c4e404,17052,7.389,1
49ce2cb7,13193,7.389,1
52bd6f88,17325,7.389,1
147f576b,13175,7.389,1
140ce0b0,12310,7.389,1
134a8222,6024,7.389,1
6881e7d7,9325,7.389,1
77caa08b,9750,7.3863,1
4fd99151,16511,7.3918,1
6ecd5dd0,3721,7.3918,1
3c23e17a,16538,7.3918,1
7b3f2f4e,12504,7.3918,1
61882e42,8991,7.3918,1
59d3165a,14436,7.3918,1
5a835728,16113,7.3918,1
79884533,6758,7.389,1
7b4f5013,14751,7.3918,1
4a923f80,14458,7.389,1
3aefe8e6,13592,7.3918,1
7a95c284,16228,7.3945,1
410fb138,17557,7.3945,1
3441cb9c,6710,7.389,1
4041bec2,14620,7.3918,1
1b9fbea5,6863,7.3918,1
5acd6f4,9177,7.3945,1
3a0f98d3,16078,7.3945,1
51f9a527,16873,7.3945,1
6d435851,7687,7.3918,1
20394c95,9514,7.3918,1
43c13510,3841,7.3973,1
5f8d70d2,14410,7.3945,1
287b3aa2,16751,7.3945,1
424c96dc,16599,7.3973,1
86f5230,9606,7.3973,1
3cd0a80f,16029,7.3973,1
4d0f2b1d,12269,7.3973,1
6b53ae16,14384,7.3945,1
3b7154ba,16753,7.3973,1
195f9f9e,6891,7.4,1
2076dc6a,6019,7.3945,1
14155cba,8948,7.4,1
41ded85a,14427,7.4,1
62407330,16244,7.4,1
706a389,16064,7.4,1
71ba996d,9838,7.3973,1
fb0cee,6777,7.4,1
6264afdf,14471,7.3973,1
1185ba8f,6969,7.4,1
2f4bc489,12732,7.3945,1
55a60ee6,15883,7.4027,1
4e73eba3,12101,7.4027,1
7c5b030f,12267,7.4027,1
40368fc9,8990,7.4027,1
312874ca,16067,7.4027,1
6057bfbf,15540,7.4027,1
44309bc1,16074,7.4027,1
300c0c49,12785,7.4027,1
3780f68f,9038,7.4027,1
4270b0a6,13158,7.4027,1
1f875510,12358,7.4027,1
334fa47b,13585,7.4027,1
5f292bb2,7074,7.4055,1
f970a5a,6864,7.4055,1
35c5556f,16907,7.4027,1
21fd94d6,11485,7.4055,1
352d851f,16355,7.4027,1
48a56e8e,13213,7.4027,1
6daf9d5f,16731,7.4027,1
7bcd5fe3,17275,7.4027,1
4c3f4f1a,15358,7.4082,1
b55e114,217,7.4082,1
6f264c1d,12528,7.4082,1
18a6943e,14855,7.4027,1
2d59bd47,12602,7.4082,1
2f8d890d,9655,7.4082,1
3ed9acc6,15988,7.4082,1
341dabba,13055,7.4055,1
2ffadeb9,11505,7.4082,1
3fe4e148,11496,7.4082,1
190b03c3,12591,7.4055,1
5a8d340e,3983,7.411,1
29c10c05,15660,7.4,1
50371092,16562,7.411,1
11e3044c,5891,7.411,1
227d6f3a,16356,7.4082,1
3fdfe54,7075,7.411,1
6b26dd39,17579,7.4055,1
62ee6575,9609,7.4082,1
2ba3c2ad,14122,7.4082,1
47c086d3,12746,7.4137,1
457d9cf0,16748,7.4137,1
1ad24407,15822,7.4137,1
b864fe5,12525,7.4137,1
3e854292,17028,7.4137,1
323281f6,13547,7.4137,1
7db0ad8f,16421,7.4137,1
43b76d3e,17301,7.4137,1
75ca3c42,16847,7.4164,1
4c8aac79,7690,7.4164,1
580ff6a8,9461,7.4164,1
20abe4f3,14856,7.4164,1
774a2d8a,13569,7.4137,1
4a7f488,11822,7.4164,1
66b6ef25,11996,7.4164,1
1dd76901,12239,7.4137,1
3aca66a5,15048,7.4137,1
19ce2a37,17561,7.4164,1
45b98173,16116,7.4164,1
7e013ef8,17381,7.411,1
5838df58,17302,7.4164,1
312e65b4,17308,7.4192,1
3815d8fb,6785,7.4192,1
1f321db0,14148,7.4192,1
4f14d7ff,11569,7.4192,1
5148135a,15989,7.4192,1
1389df02,12512,7.4192,1
5cd1f88,7054,7.4164,1
6c0f9be1,12357,7.4192,1
7dcc87f9,13211,7.4192,1
404e2560,5999,7.4192,1
2060368d,14459,7.4192,1
4d3c4c56,15585,7.4192,1
5dfc1683,14507,7.4164,1
4416b18a,12466,7.4219,1
6bb303ab,14694,7.4164,1
656323db,12070,7.4192,1
658e2d20,9856,7.4219,1
4a128ddd,14190,7.4192,1
7767c212,3723,7.4219,1
68cb795,11719,7.4219,1
7a8d3164,11857,7.4219,1
425c7b91,11622,7.4219,1
242f278d,14149,7.4219,1
6d111648,13195,7.4219,1
e422460,16241,7.4219,1
1d5722dd,13377,7.4219,1
3ee6d705,13174,7.4219,1
40996db5,12321,7.4247,1
255f90b8,17672,7.4247,1
672ae914,11360,7.4247,1
3aa1d157,12082,7.4247,1
424b0747,16804,7.4219,1
1ec44d14,16911,7.4219,1
bfd3b7e,12083,7.4247,1
15bb6fbc,11560,7.4247,1
4cb8e7e3,17380,7.4247,1
19a8cbe7,17643,7.4274,1
7827bc4a,355,7.4247,1
4437f2b7,15002,7.4274,1
a3fa302,14939,7.4274,1
1b3da59,14714,7.4274,1
4433f3c9,14713,7.4274,1
292d5904,15423,7.4274,1
3fea13b2,9659,7.4247,1
483a80fe,17609,7.4274,1
11c6799b,14394,7.4274,1
57c4eab2,12473,7.4192,1
16a74f8d,9265,7.4247,1
1e18a6e8,11428,7.4274,1
206ebd3a,12311,7.4247,1
5c68d64a,11336,7.4301,1
cb2f638,11338,7.4301,1
63aa139f,7792,7.4274,1
2fed8e25,17382,7.4301,1
7f8b4264,16357,7.4274,1
13fb706d,17053,7.4274,1
f6ab65d,9852,7.4301,1
147292be,12489,7.4301,1
27f75d44,11419,7.4274,1
2caa3bc,6888,7.4247,1
6e3c9fb1,7044,7.4247,1
58c835e6,13134,7.4301,1
582fbb23,12844,7.4247,1
663bf590,11869,7.4274,1
44c52b0a,6687,7.4301,1
45afd01f,17640,7.4329,1
4f1149ad,11504,7.4274,1
12af5c55,15864,7.4247,1
10607d2f,9607,7.4301,1
bd13ce3,5808,7.4329,1
2e026819,12383,7.4356,1
15966aee,16409,7.4356,1
149b7a46,15359,7.4356,1
7db3c1fd,17652,7.4356,1
7f07cc8c,12348,7.4329,1
ad2534a,9912,7.4329,1
427821d5,13548,7.4301,1
1ba6f381,14469,7.4329,1
649ff26e,17278,7.4247,1
7fbe57d5,15980,7.4356,1
7406b29,9448,7.4384,1
4662a4e1,14108,7.4384,1
35de6d5a,11414,7.4384,1
45975371,12845,7.4384,1
5e00c52f,11720,7.4329,1
4e0a1a92,15686,7.4301,1
5a1df4e5,16071,7.4384,1
90b16eb,13299,7.4384,1
25b435ed,9666,7.4411,1
7678c060,3959,7.4411,1
2e095a3d,15987,7.4384,1
1b0639c5,6865,7.4384,1
45ebb761,13056,7.4384,1
4aebd800,15478,7.4411,1
7a207afd,14905,7.4384,1
1e9c1f36,11858,7.4384,1
67bfdd21,11623,7.4411,1
34fec531,14695,7.4356,1
20412076,5807,7.4411,1
59cf4111,5683,7.4411,1
a07c213,12212,7.4384,1
5d962a7a,14385,7.4438,1
275480b1,15333,7.4384,1
65c10e27,17646,7.4438,1
4caac079,11683,7.4438,1
6f4ed734,8921,7.4438,1
3c360dcb,17529,7.4384,1
6c1c9364,11420,7.4411,1
14108f6,16209,7.4438,1
4dd71b37,6025,7.4438,1
1b72a9af,17326,7.4411,1
21c3a82,6735,7.4438,1
a930e16,806,7.4438,1
39cb10a,15351,7.4438,1
dad5f07,12323,7.4466,1
45b2439c,12349,7.4466,1
6e86bc1a,15863,7.4438,1
4a9660fb,17310,7.4466,1
7cf7fc62,807,7.4466,1
1a050617,14171,7.4466,1
19997bc8,12987,7.4466,1
7d372737,14723,7.4438,1
365f049c,3925,7.4466,1
75c60c84,16095,7.4466,1
268a32e7,16422,7.4466,1
120e3944,12736,7.4493,1
655dceb8,9853,7.4493,1
57da59ba,16065,7.4493,1
1390c2e9,15050,7.4493,1
64fad776,12751,7.4493,1
6fd9fd5f,16114,7.4521,1
6a4b6e97,15985,7.4521,1
7f597ebd,17562,7.4411,1
4daa5747,14407,7.4521,1
6d3978a8,13138,7.4493,1
6413ddc,17303,7.4521,1
5cb79c4e,6998,7.4521,1
68afbdf3,15538,7.4493,1
26480226,16050,7.4548,1
7720cfce,20703,7.4548,16
3b5043e5,11486,7.4521,1
1d59e5e5,15884,7.4548,1
2f958c5a,214,7.4548,1
517a15ba,16259,7.4521,1
314fa637,16874,7.4548,1
241ac5c8,16225,7.4548,1
55b5203a,12350,7.4493,1
54e328f3,11707,7.4548,1
18d14246,218,7.4575,1
42d1da7,12428,7.4575,1
5bb93748,14305,7.4575,1
63b2671,12513,7.4548,1
6a17f011,11827,7.4548,1
16dfa999,11814,7.4575,1
2fd4edec,13057,7.4575,1
5b36af01,12353,7.4466,1
1d713c72,9462,7.4575,1
49670553,11491,7.4548,1
1ca5e316,17312,7.4521,1
42aec85a,14724,7.4603,1
775d127a,7035,7.4603,1
197df537,9751,7.4603,1
684126d6,11624,7.4603,1
5bcfc59b,6875,7.4548,1
449ec25a,9473,7.4575,6
b9cd499,15687,7.4575,1
17e21d82,13570,7.4575,1
32bc43b3,9305,7.463,1
53aaa4a4,8871,7.463,1
766c5057,15415,7.4603,1
556a0d9a,12848,7.4603,1
44d2c0d2,283,7.463,1
14a3b220,15661,7.4575,1
147509e3,12683,7.463,1
122aab94,9294,7.4603,1
6d0bf6e,6876,7.463,1
54d62b36,16358,7.463,1
5d6da13e,8950,7.463,1
1adcc70c,11724,7.4658,1
19f420f6,15007,7.4658,1
7c9e3765,11708,7.4658,1
4c4a1d99,14509,7.4658,1
305257bb,13323,7.4658,1
15444955,12529,7.463,1
81922d7,11709,7.4658,1
53119ae,9513,7.4658,1
4ca6aa39,15543,7.4658,1
198b6a44,13385,7.4658,1
356654b9,8843,7.4658,1
3b460941,9332,7.4658,1
7a889b64,16333,7.4685,1
5c2e483d,8838,7.4685,1
69643af1,11871,7.4685,1
77f911f2,17674,7.4685,1
35628c03,15823,7.4685,1
46dea026,7793,7.4685,1
3e6587ef,203,7.4603,1
33c43884,5731,7.4712,1
8868fc,14722,7.4658,1
3f418f9e,13204,7.4712,1
1e621ee1,6786,7.4712,1
c2ab83d,13318,7.4685,1
4f26fecc,13314,7.4712,1
11646256,12835,7.4712,1
4199f299,9023,7.4712,1
7c28a5c9,15003,7.4685,1
15889869,11445,7.4712,1
471d8ec,12686,7.4712,1
72b339bb,12849,7.4712,1
676ac075,13139,7.474,1
6cd3db22,12542,7.474,1
2b019c80,9660,7.474,1
1340e538,16423,7.4767,1
5329c7b2,5809,7.474,1
15879ea3,14191,7.4767,1
6a9626f3,12071,7.474,1
26c1cdd7,12926,7.4767,1
a428d19,9818,7.474,1
3bc88aea,9839,7.4767,1
603292de,9641,7.474,1
7c0a465f,17715,7.4795,16
2382c047,14395,7.4795,1
548d837c,14814,7.4795,1
1653960d,12318,7.4767,1
2b6ddcdd,16332,7.4795,1
67f069a0,12509,7.4712,1
5f3d0f0c,15536,7.4795,1
71ab820a,9463,7.4795,1
49856920,16054,7.4767,1
ccbdff9,11684,7.4767,1
3b39e403,6893,7.4822,1
162f8abc,14656,7.4822,1
74813d30,11625,7.4822,1
2667004e,15591,7.4822,1
528ae17d,13432,7.4822,1
381aebfa,768,7.4795,1
458f3974,11487,7.4795,1
6b6734d7,16951,7.4795,1
5bf434fb,17654,7.4822,1
5ef0a7f1,16963,7.4822,1
1854b396,14412,7.4822,1
315ad2ee,12818,7.4849,1
da21928,14508,7.4849,1
778ba78b,17424,7.4849,1
2c9f49a4,12684,7.4795,1
4b35337b,12966,7.4849,1
19389cd4,15424,7.4822,1
4636e39,16391,7.4795,1
5643186c,13378,7.4877,1
646163,14189,7.4877,1
7cde4ad0,12314,7.4877,1
2a5aee86,14150,7.4877,1
538c1008,17653,7.4877,1
35de9419,13430,7.4877,1
4896be5d,11626,7.4877,1
6d85f5b,15589,7.4849,1
85e1d9a,11497,7.4877,1
750decc9,13319,7.4904,1
9aa8c9a,16542,7.4877,1
16eaf279,15008,7.4904,1
814d063,15865,7.4904,1
37c38a84,13431,7.4904,1
5378ecae,11446,7.4904,1
4a0b0485,14657,7.4904,1
4cf274bd,6636,7.4822,1
34b81274,12371,7.4932,1
43ed043f,9672,7.4932,1
2ec9db8e,13212,7.4932,1
f081fc,11815,7.4932,1
47803d4,9624,7.4932,1
5ff85ac3,16191,7.4932,1
1b43273d,14167,7.4932,1
2b27d8fa,12543,7.4932,1
605a4def,12255,7.4932,1
4b5263bb,16384,7.4959,1
4fa9f44c,6736,7.4932,1
73ae8518,12322,7.4959,1
77de4503,16547,7.4959,1
529a9138,8880,7.4877,1
476f7399,7810,7.4959,1
1ff88f74,9620,7.4959,1
1ff30353,17282,7.4932,1
196652c4,6637,7.4959,1
e05f5f5,13426,7.4959,1
3ef64e49,12429,7.4959,1
25a919ca,17716,7.4959,16
7e71b124,17036,7.4959,1
799fcc22,9622,7.4959,1
524441a7,11725,7.4986,1
3ec99046,16732,7.4986,1
1c738c31,14906,7.5014,1
3f4e656c,14487,7.5014,1
4b3c3046,13214,7.4986,1
3b0509ff,11611,7.4959,1
772c6ef6,14192,7.5014,1
13d4f7a8,14927,7.5014,1
39c05b94,15416,7.4959,1
2a99e7a2,15991,7.5014,1
3ed667d9,11488,7.5041,1
2c32cc03,13586,7.4959,1
a8bbe1c,12738,7.4986,1
21a80c7,15990,7.5041,1
31ac5822,282,7.5041,1
4fa643ac,14774,7.5041,1
67d0c4fd,11777,7.5014,1
54ed0d42,17055,7.5041,1
598850a9,13324,7.5068,1
ea47eda,15539,7.5068,1
5e74c79e,14862,7.5014,1
7f278b1a,13598,7.5068,1
2acc309b,15653,7.5068,1
49b50b30,15360,7.5068,1
5d9a5a64,15799,7.4986,1
61a1cb88,14408,7.5068,1
799fbd53,16953,7.5041,1
2ddedea7,15567,7.5068,1
10df8f80,12685,7.5096,1
7ab7c20d,9468,7.5096,1
1c9c1188,17718,7.5041,16
1cd8a880,14725,7.5068,1
aeaa69c,7018,7.5096,1
57c8212f,11828,7.5096,1
580e08c8,15004,7.5068,1
3bd8578d,16068,7.5096,1
4a56c445,7046,7.5096,1
4ce7f4a1,12637,7.5068,1
22e42bdc,9474,7.5123,1
371c75ca,9039,7.5096,1
73ff6e8e,17412,7.5123,1
65a8e887,12689,7.5041,1
4dc8e4b2,16240,7.5068,1
192e7ae4,12503,7.4877,1
11adec51,16596,7.5068,1
155faa0f,7131,7.5151,1
3363d233,15361,7.5151,1
1e33073,15590,7.5151,1
66e07a5,17610,7.5123,1
39844d99,16952,7.5151,1
1ea59648,17037,7.5151,1
701e0088,11604,7.5151,1
5317e917,14474,7.5151,1
2da64840,17269,7.5151,1
79f58d,7132,7.5151,1
1b8a989e,9658,7.5151,1
773995a9,17276,7.5151,1
19201a40,17038,7.5151,1
73c8bc1b,9661,7.5151,1
68c22746,12213,7.5151,1
27d8724e,15425,7.5178,1
68d95043,11756,7.5096,1
5376142c,12544,7.5178,1
400191c7,14640,7.5178,1
2a77f113,16875,7.5205,1
4ed9ac11,12989,7.5205,1
6c20b6c1,14902,7.5178,1
f14081d,15800,7.5151,1
1afe9f85,5810,7.5178,1
2f7fb517,14120,7.5123,1
19c401ef,14434,7.5205,1
70bb3aa8,16597,7.5205,1
4e8d24ab,7692,7.5205,1
6d2280d3,14963,7.5205,1
5f408042,3842,7.5178,1
5fa6607d,14486,7.5233,1
31ac2e98,5811,7.5233,1
8de9a3b,9040,7.5233,1
21199ff2,17422,7.5233,1
7a804903,9662,7.5233,1
2a086025,13425,7.5233,1
15e42f2d,6638,7.5233,1
567b381d,11440,7.5205,1
f9c64d7,15426,7.5205,1
57d0f1eb,12432,7.5233,1
3b70cb2f,16192,7.526,1
43405513,14726,7.526,1
2aa00c16,8917,7.5233,1
2514628f,16062,7.526,1
23d0342a,17647,7.5205,1
41079957,17625,7.5288,1
74d6d58e,8949,7.5288,1
1880fcb1,14641,7.5288,1
7170a3,6831,7.5288,1
59a9ca7f,16072,7.5288,1
7343bde0,14904,7.5288,1
6a214a72,12711,7.5288,1
75c5a91d,12555,7.5315,1
6a3fa660,20701,7.5288,16
7dd2636a,15427,7.5288,1
13107d8d,11829,7.5315,1
27c03bd6,333,7.5315,1
4b45b3b3,14470,7.5342,1
5cde001d,8951,7.5342,1
32f9f1df,20704,7.5342,16
22950e18,7693,7.537,1
44abf9d2,9667,7.5342,1
68d9d7b2,14432,7.5315,1
15d3a47f,12850,7.5233,1
1fbc8d13,16063,7.537,1
38ccaba2,17413,7.5315,1
442925f,11825,7.537,1
94f5ce9,3843,7.537,1
553b9eca,7843,7.537,1
2280b122,12786,7.537,1
2af80951,8895,7.5397,1
2c686091,12933,7.537,1
87a30f3,14428,7.5425,1
5157cd08,17391,7.5425,1
41977d17,8844,7.537,1
6639dda6,17420,7.537,1
c61f2b1,11783,7.5425,1
1e95c7f7,13427,7.5425,1
63b141b8,16600,7.537,1
1934e71c,13058,7.5397,1
3cd6853f,16598,7.5452,1
31c8dd71,11710,7.5452,1
5c9c6151,17407,7.5397,1
323f5583,12476,7.5452,1
5bea6efd,12031,7.5425,1
7341dff9,15850,7.5452,1
f862fe,16069,7.5452,1
65586e9b,16937,7.5479,1
120c0414,9266,7.5479,1
5a57c89b,11605,7.5479,1
52c2d8aa,7007,7.5479,1
74c848df,14903,7.5479,1
1f14d046,12737,7.5479,1
616cef6,7047,7.5507,1
116a07b5,16965,7.5507,1
79a3f58a,7794,7.5507,1
62e1ddbf,12521,7.5507,1
26a25ec1,14840,7.5507,1
101a647a,14193,7.5507,1
204b79f1,15801,7.5425,1
635b425c,17425,7.5507,1
4c2b5462,13216,7.5507,1
74106b1e,17675,7.5507,1
784b5f70,16577,7.5507,1
3015a487,12688,7.5479,1
3bb1ddb7,12072,7.5479,1
178dfb39,9306,7.5507,1
404ebfc1,16433,7.5507,1
56d06bee,16281,7.5507,1
74421e9b,17279,7.5534,1
412b39c1,9271,7.5534,1
742e2692,16246,7.5479,1
21f4bce2,12752,7.5534,1
45a6c881,12733,7.5534,1
5ddb04c5,12241,7.5562,1
4cab8ab5,3984,7.5562,1
58c4a35a,13196,7.5562,1
5c53170c,16176,7.5562,1
18641a26,16964,7.5534,1
c8918a7,13423,7.5479,1
4702c54,12836,7.5534,1
2f422ec7,12934,7.5562,1
2a3afac6,12817,7.5562,1
3569dbc3,12819,7.5589,1
579942a8,9475,7.5589,1
1336c420,11830,7.5589,1
2d3cf497,13584,7.5562,1
50adc73c,14861,7.5534,1
6af03dc7,9676,7.5616,1
4d3c5383,11824,7.5616,1
680e99c0,11778,7.5616,1
22dc501a,16347,7.5616,1
1aae53e8,278,7.5589,1
330240c3,16245,7.5616,1
1cf6f75a,9663,7.5616,1
6fc44d13,14752,7.5589,1
33791f0c,13321,7.5616,1
2f25403a,14121,7.5644,1
6f398944,12692,7.5644,1
44deffde,17612,7.5644,1
3fa40936,15992,7.5644,1
3a05aa68,17611,7.5644,1
195577c5,15824,7.5644,1
40636f21,5812,7.5562,1
2ac65b3e,17040,7.5671,1
3b46c783,11577,7.5671,1
45ab9c44,17408,7.5644,1
5c465e06,17041,7.5671,1
b2dd2f,15586,7.5644,1
35b41ae9,13147,7.5671,1
46557ea3,16385,7.5671,1
22f5a0dd,17655,7.5671,1
10ac1019,14473,7.5699,1
82bb699,9470,7.5699,1
38f4c5ad,13215,7.5699,1
6e98b635,14864,7.5699,1
1ddd8627,12475,7.5726,1
3388460e,3926,7.5726,1
12a12e09,3960,7.5726,1
627dd89c,9747,7.5726,1
37b72534,9471,7.5726,1
462a615b,12690,7.5699,1
5de0cef1,11826,7.5726,1
515554e9,14413,7.5726,1
552a1f90,12820,7.5699,1
6c038cf5,13428,7.5644,1
5fc55572,12522,7.5753,1
4a70d768,16392,7.5753,1
14e8ddd0,16425,7.5753,1
113c0f91,9675,7.5753,1
6ab5f343,11508,7.5726,1
1f2e45a2,16733,7.5753,1
71e2b97c,7795,7.5699,1
27bced21,17054,7.5753,1
622029f4,8952,7.5726,1
2c8e65d7,13217,7.5753,1
53291ab8,12532,7.5781,1
75f812a5,12568,7.5781,1
5acf6ddb,3956,7.5781,1
634d32c1,9268,7.5781,1
2218c7cb,12687,7.5781,1
67721720,17540,7.5808,1
372759e5,14118,7.5781,1
a1c5d39,9267,7.5808,1
163bc2ac,15544,7.5808,1
117b6a18,12735,7.5808,1
7539d163,12319,7.5781,1
7adb0297,12748,7.5808,1
28503f3,7009,7.5836,1
6de629e4,16348,7.5836,1
6a18630f,15051,7.5836,1
6014da5a,15664,7.5808,1
7abfa39,15866,7.5863,1
164722fa,17613,7.5863,1
428d79,9469,7.5863,1
20f9effe,16367,7.5863,1
1bf0804b,12324,7.5863,1
3140825d,12240,7.5863,1
57d3d2e6,16383,7.5863,1
18e99f61,17719,7.589,16
7700159d,16578,7.5918,1
79732b6c,16781,7.5918,1
686d21ee,14472,7.589,1
38f108ee,14119,7.5863,1
5d0a14d4,13424,7.5918,1
9cc9a83,17031,7.5918,1
7e97dada,13429,7.5918,1
7ff4e6b7,14151,7.5945,1
4cec1673,9857,7.5945,1
7255f129,12372,7.589,1
1fa06562,12734,7.5945,1
5f213d46,5729,7.5973,1
738a94b,12320,7.5945,1
5a39dc3c,16430,7.5973,1
434d08a8,9477,7.6,1
462e296c,15593,7.6027,1
c336ef3,16178,7.6,1
3f78a588,12620,7.6027,1
1bbe16ad,16431,7.6027,1
10b3f7e2,6892,7.6027,1
1dbf1b55,7691,7.6027,1
5283664e,16177,7.6055,1
4958732d,12747,7.6055,1
451e03b7,13322,7.6027,1
46cf981e,17720,7.6055,16
54addc2b,12821,7.6055,1
711dbce2,14941,7.5945,1
7e1e49c4,12749,7.6027,1
cd302e4,9476,7.6055,1
2f2b8f37,15666,7.6082,1
1ff52c85,9664,7.6082,1
3766f15f,12103,7.6027,1
d5390c5,17392,7.6082,1
11b5c721,13604,7.6082,1
1de9fcba,11443,7.6055,1
7051c25f,15547,7.6082,1
1d051a51,16393,7.611,1
5ad53854,14475,7.6137,1
c41748c,9610,7.6137,1
337226ea,16876,7.6137,1
33a5f300,16935,7.6164,1
612c0012,9668,7.6164,1
54ce49f4,6866,7.6164,1
6cc8391,16734,7.6164,1
53acb2f5,15662,7.6164,1
714b9b1c,14940,7.6164,1
706629b7,12298,7.6164,1
56c14fa6,15592,7.6192,1
604c6491,11509,7.6164,1
4df290ff,17039,7.6219,1
c983367,17620,7.6219,1
5078e12d,12750,7.6219,1
53937f5f,16514,7.6219,1
abf68ba,8956,7.6247,1
47f16181,17676,7.6247,1
509791db,8957,7.6247,1
2d102eef,15587,7.6247,1
18367511,15665,7.6247,1
723937ae,16193,7.6247,1
693d2415,8958,7.6274,1
43681e22,6867,7.6274,1
2159d1e8,16368,7.6247,1
250cbdda,14488,7.6247,1
557db90,5732,7.6274,1
49f9f9e9,16912,7.6274,1
624c933a,15594,7.6274,1
60ade71f,9673,7.6301,1
62d10eea,15654,7.6301,1
22f39d07,15568,7.6301,1
24431e01,14639,7.6301,1
22909cf0,5892,7.6301,1
5091ea5b,7694,7.6301,1
2a4557b0,15667,7.6274,1
485c7016,17285,7.6329,1
76f9d7bf,16779,7.6384,1
4af67c77,14858,7.6384,1
6ca70ec5,16437,7.6384,1
77a61777,9674,7.6384,1
47500f87,7010,7.6384,1
314a30b5,15595,7.6384,1
4befbffc,15025,7.6411,1
2bff3f7a,13587,7.6411,1
7fac7cfd,14715,7.6411,1
6c0a2bb,12514,7.6411,1
700cd441,14910,7.6384,1
52c55580,11726,7.6384,1
15ae5468,7855,7.6438,1
9f999b4,6026,7.6438,1
a2f274a,16512,7.6438,1
72be0ada,14727,7.6438,1
54ff12c1,14194,7.6438,1
15541df1,15588,7.6466,1
3a1f7b26,17057,7.6466,1
502502d6,11498,7.6411,1
23c37aef,15052,7.6466,1
21a94c97,16602,7.6466,1
142776c6,6832,7.6466,1
6cece526,8955,7.6521,1
54c0fe56,20702,7.6493,16
18efba57,7811,7.6521,1
64f1c9c6,17717,7.6521,16
3637669d,7064,7.6548,1
3fe6cdad,11606,7.6548,1
5164f8ef,14859,7.6548,1
30d84c66,15668,7.6493,1
10d80dd1,191,7.6603,1
1b161f39,16349,7.6575,1
48776043,15053,7.6575,1
41754745,12299,7.6548,1
11136c3f,12754,7.6575,1
36c3bb41,14562,7.6603,1
3a5756f3,11630,7.6575,1
3d71aa23,17056,7.663,1
49d14c82,12325,7.6575,1
22f56592,16913,7.6548,1
280d8767,12691,7.663,1
28edbc5b,19145,7.6603,16
25951f56,16513,7.663,1
6b9b4098,15663,7.663,1
62cb618c,17266,7.663,1
2639f40d,16601,7.6575,1
63f39bf5,16369,7.663,1
52dd9893,11779,7.663,1
6ba35445,12242,7.6658,1
2d34ca0,13433,7.6685,1
45412d75,5733,7.6658,1
f25a0ee,15669,7.6685,1
4d9030d0,15024,7.6685,1
7d80533c,16966,7.6658,1
4327451f,8959,7.6685,1
544b0bb0,12373,7.6712,1
32d72042,14716,7.6712,1
a8992d3,14124,7.6712,1
2af9dcf4,6835,7.6712,1
704d9d26,14928,7.6712,1
5cc9c0a8,9269,7.6712,1
559f6324,12712,7.6712,1
2c69cb35,15802,7.674,1
2dcb20e2,14907,7.674,1
27372bca,11784,7.674,1
434d5da4,12739,7.6767,1
70dca7ab,15986,7.6767,1
6de580aa,9515,7.674,1
fb7ce40,5734,7.6767,1
11c0cd07,12753,7.6767,1
38c902e6,11629,7.6795,1
79e83585,16432,7.6795,1
36778979,14489,7.6849,1
481c2136,16736,7.674,1
ba840e,12693,7.6822,1
5f2365c7,14152,7.6849,1
2f8d82f7,16934,7.6877,1
1771de9e,16938,7.6877,1
3e4d48d7,7008,7.6877,1
9f8b658,13606,7.6849,1
7a040f84,16954,7.6904,1
39ddb009,5730,7.6904,1
20410c82,13218,7.6959,1
749ee3ad,13320,7.6959,1
2e3cba95,15545,7.6959,1
4b516faf,19147,7.6904,16
7a350aa3,11633,7.6959,1
52b82c7b,12104,7.6959,1
51b82e0a,16967,7.6986,1
1a1bceba,13605,7.6986,1
4829af48,9516,7.7014,1
5b6199c2,3985,7.7014,1
4bb924da,12853,7.7041,1
f935d09,11500,7.7041,1
a45e05c,12854,7.7041,1
761e95af,14647,7.6932,1
5dbdd75f,14865,7.7041,1
db4dec8,17058,7.7041,1
5fa0a7c6,14763,7.7068,1
4a4ec22e,14753,7.7068,1
60d667b4,14942,7.7068,1
6fac9c3b,12740,7.7041,1
46fdd26b,11506,7.7041,1
5c98b9be,12694,7.7041,1
3cb1d675,12713,7.7123,1
65cbb7c,11627,7.7123,1
4449a2d6,13333,7.7123,1
3abf562b,17287,7.7096,1
31f94803,14863,7.7151,1
283542cb,12990,7.7151,1
4b519bea,15993,7.7123,1
6f175846,8962,7.7151,1
b1f82a5,14490,7.7151,1
45922735,11501,7.7123,1
70dd7a95,5881,7.7151,1
7315b60f,13599,7.7123,1
13d73577,204,7.7151,1
727c5d5f,14764,7.7178,1
35b51631,15596,7.7178,1
42c8b088,14869,7.7205,1
3b68f252,19146,7.7233,16
5af713fc,8845,7.7233,1
6c800717,9858,7.7205,1
2bcd6bac,16603,7.7233,1
4ecfa68e,11787,7.726,1
3106b488,11631,7.7233,1
1fc32423,12533,7.7233,1
19eac82,14762,7.7288,1
59da6396,14909,7.7342,1
1d1ad94e,16370,7.7315,1
49dc5b57,15919,7.7342,1
5445d8c3,17059,7.7315,1
1cbff099,16438,7.7288,1
3653ed6e,14563,7.7342,1
5e36e21a,12851,7.737,1
530e6e33,9478,7.737,1
59427117,15054,7.7342,1
65be0a67,13328,7.7342,1
260a0ffd,14658,7.7397,1
726f8f8b,16936,7.7397,1
896d2c5,17060,7.7397,1
3e9f9ac,11578,7.7288,1
4335010d,13325,7.7397,1
28c94a12,11507,7.7397,1
62c95cd5,9270,7.7425,1
6c5494d0,12714,7.7425,1
480f9c46,14645,7.7425,1
12513638,9272,7.7425,1
34388a75,11729,7.7425,1
526a7365,8961,7.7452,1
30112ae0,12326,7.7452,1
1816f7c3,14666,7.7479,1
50ac1205,12852,7.7452,1
51dcb22e,14646,7.7479,1
6823c4df,14946,7.7452,1
693c22c4,8960,7.7507,1
47248ef7,17614,7.7507,1
7728902c,12474,7.7534,1
5ab9546b,9669,7.7507,1
43510125,17033,7.7562,1
352220ac,3962,7.7589,1
1b199b1d,16441,7.7589,1
569253c9,12300,7.7562,1
658800c7,6898,7.7616,1
2e9b6d7a,15156,7.7616,1
a181f45,11499,7.7644,1
4ed009d4,15026,7.7616,1
5d4a0f4d,13600,7.7616,1
45b76446,16442,7.7644,1
6bfba6f1,15825,7.7644,1
1e7ee649,11607,7.7671,1
545630f4,16939,7.7671,1
1a861d03,205,7.7699,1
2cfcec8c,16445,7.7699,1
45590bf4,14866,7.7699,1
20ed523b,16434,7.7699,1
30f2c33,17032,7.7699,1
a292d20,13219,7.7726,1
417a3865,16440,7.7726,1
46565d4d,14943,7.7753,1
4c718d15,12107,7.7753,1
6c7622a,12477,7.7781,1
45c40fff,17061,7.7781,1
556dae32,14664,7.7781,1
2696c967,16955,7.7726,1
153498af,9518,7.7781,1
28df7e11,16877,7.7781,1
440024c2,11786,7.7753,1
4d013702,17624,7.7808,1
75251cae,9519,7.7808,1
44650345,9517,7.7808,1
1799c22e,15428,7.7836,1
53645ef8,16784,7.7808,1
ef9f856,11788,7.7781,1
488675ba,17685,7.7863,1
626aade7,14867,7.7836,1
6f256023,11732,7.7863,1
7ac8320d,5894,7.789,1
3b3b8b36,16548,7.789,1
4ad98137,14123,7.789,1
64cd032a,11711,7.7863,1
b23fb72,14662,7.7918,1
6919c746,14665,7.7863,1
3c917a64,16914,7.7945,1
5b1424fb,6895,7.7973,1
450dd76a,11785,7.7973,1
5d42d697,14642,7.8,1
492e4e26,11730,7.8,1
6ec51c4d,16371,7.8027,1
7edb4f3d,14663,7.8,1
4928fe1,11510,7.8055,10
4837477c,771,7.8055,1
363984a3,12755,7.811,1
4f2f178a,14125,7.811,1
74cb3f37,13334,7.811,1
50cd2434,15389,7.8082,1
40b0444b,14911,7.811,1
178aef73,16737,7.811,1
77148890,14868,7.8164,1
52992fff,14564,7.8164,1
6d7475d7,14660,7.8192,1
5a8b23c2,14153,7.8164,1
635e4023,13601,7.8137,1
218ec21f,8953,7.8192,1
728d9eb6,17289,7.8219,1
711b3616,16444,7.8219,1
60d53f4e,17677,7.8219,1
371c8771,14908,7.8219,1
297ac70a,16439,7.8274,1
179ffb5,12102,7.8274,1
481f9f9b,13257,7.8247,1
5890e67f,15056,7.8274,1
67d7ba8b,16968,7.8192,1
1efdbca9,16915,7.8301,1
28c07080,12935,7.8301,1
3d150ae0,14661,7.8329,1
5e3e0ecc,13336,7.8329,1
5c37f8ad,14643,7.8356,1
42b22c37,3961,7.8356,1
1b6bbee6,16782,7.8301,1
64566816,16372,7.8384,1
2a1cb77e,11727,7.8329,1
1e4b06e1,11628,7.8384,1
58911740,11789,7.8384,1
f50d29c,12855,7.8384,1
2e3be30f,14944,7.8411,1
63cc3594,13330,7.8438,1
40b8234f,12214,7.8438,1
68249b7,16448,7.8438,1
56796530,14644,7.8466,1
5fb49951,357,7.8466,1
5e176bb3,14650,7.8466,1
b0ad440,15057,7.8466,1
4a4c5e37,14870,7.8466,1
5781f2ab,11733,7.8466,1
2c04971b,14648,7.8493,1
3561f6cf,12215,7.8466,1
49ab3bdb,15826,7.8521,1
60c665c0,6894,7.8493,1
61be693f,7856,7.8548,1
39f2cb09,11734,7.8548,1
507c4145,14872,7.8521,1
31c62f63,17911,7.8548,16
4492c722,14929,7.8575,1
176f8269,13611,7.8603,1
21a3bf63,16787,7.8575,1
78154a32,16394,7.8548,1
3346ddf9,15072,7.8548,1
1cc3f21b,17290,7.863,1
337aef87,17909,7.8603,16
1c7e7bd7,15546,7.863,1
201a879c,15390,7.863,1
4f166109,11634,7.863,1
25b63f73,14930,7.8658,1
26e642f4,16449,7.863,1
49a9253c,12105,7.8658,1
3d7b7df2,9307,7.8685,1
364a5ab0,16396,7.8685,1
29a29089,3963,7.8685,1
1d279090,16395,7.8658,1
67097918,14931,7.8712,1
3d4796ab,6899,7.8712,1
3d47c4fa,14871,7.8658,1
1881cece,13602,7.8712,1
686da0de,16359,7.8712,1
413f86ff,15055,7.8712,1
5b35ba4d,13224,7.874,1
66ae5f7a,19149,7.874,16
77434aa8,7695,7.8767,1
75186316,14649,7.8767,1
26d96420,17678,7.8767,1
67dd6fca,16785,7.8795,1
3bae1467,14126,7.8795,1
33cf51d1,13335,7.8822,1
64be07df,8954,7.8822,1
11ff0c03,9273,7.8822,1
122f2ed7,16971,7.8822,1
66ee667,12108,7.8822,1
424a76d1,15548,7.8822,1
ac16a5f,21208,7.8822,16
1e550427,14155,7.8849,1
75e7d8ac,11731,7.8795,1
44b55a9,8963,7.8849,1
55944ed,6737,7.8877,1
331b0c5d,374,7.8767,1
6fd4a59,17910,7.8877,16
7872902a,11728,7.8959,1
50427f47,15549,7.8986,1
264a6490,16606,7.9014,1
5f803de5,15175,7.9041,1
1321d583,15157,7.9068,1
4bf84a00,17288,7.9041,1
69fb2298,9677,7.9096,1
2516501a,16435,7.9096,1
269b21e,16956,7.9123,1
6e7691b9,11712,7.9123,1
1bed1603,7696,7.9014,1
1001ff9f,12478,7.9096,1
2bb20804,11502,7.9123,1
6484b62e,19150,7.9151,16
3ea5085e,14947,7.9151,1
54bc29c2,7697,7.9178,1
4d0b5c87,16735,7.9178,1
5f0ce1e5,13610,7.9178,1
76429f0a,5893,7.9178,1
37b6622a,13220,7.9151,1
21476b7a,15064,7.9178,1
363ff4b1,16446,7.9151,1
54e787b3,9479,7.9205,1
3c8a2e29,11650,7.9205,1
50441837,6901,7.9178,1
6ad0993a,16738,7.9233,1
4ac2b5fe,808,7.9233,1
3893615,16972,7.9233,1
3914a6b,13221,7.926,1
6b238fb5,16957,7.926,1
1bd6a746,15830,7.926,1
44648c87,809,7.926,1
505d8e8c,14667,7.9288,1
6aacb33f,16607,7.9342,1
4d2f4472,17426,7.9397,1
74877456,15159,7.9397,1
3a063445,11872,7.937,1
144448d4,17721,7.937,16
74a4ee6f,13612,7.9425,1
57b7ae61,13222,7.937,1
616a11e9,17286,7.9425,1
439f385d,13326,7.9425,1
34316fd2,16879,7.9452,1
48308877,16604,7.9397,1
36cf0010,11635,7.9425,1
60bcaca4,11503,7.9425,1
7e846b4d,14912,7.9452,1
2d003564,21210,7.9479,16
17e7ad49,17722,7.9479,16
5b58ecf2,15063,7.9507,1
7653229e,13226,7.9507,1
65b2ad7,12106,7.9507,1
2a5c946d,17626,7.9479,1
fbe98a,13223,7.9534,1
1329d88d,13607,7.9562,1
1cd8ba1b,13258,7.9562,1
46a23f25,16436,7.9589,1
430a36c5,15429,7.9616,1
dbb3d35,21209,7.9616,16
525332b1,356,7.9616,1
b025282,13603,7.9589,1
19acf139,6900,7.9616,1
4d2a35ac,11651,7.9671,1
391260a9,206,7.9644,1
362c7b77,11790,7.9671,1
6275002,16447,7.9671,1
2ca28ffb,16973,7.9753,1
6606aa95,3964,7.9753,1
1fa88406,16786,7.9781,1
61f39bf3,16443,7.9808,1
5772e912,11632,7.9808,1
63a42215,15158,7.9836,1
7de84534,12756,7.9836,1
4173bdcb,12856,7.9836,1
14782d71,19148,7.9863,16
503caed0,215,7.9863,1
1df17e99,16452,7.9836,1
1aa09957,12991,7.9808,1
6771a5f3,15073,7.989,1
580f8dcc,15550,7.9863,1
8ef4fbf,12992,7.9918,1
14d7ba37,16959,7.9836,1
4ceeee3,16878,7.9918,1
1a3ab50c,375,7.9918,1
708ed585,17073,7.9973,1
5e9f70cc,16605,7.9918,1
544b47b5,11637,8,1
a9a7b2f,19156,8,16
27010229,11653,8,1
685c5110,16788,8,1
3cf2ce77,14154,8.0027,1
6ef88363,16958,7.9973,1
608007e6,14945,8,1
2de17df1,9520,8.0027,1
4f3f4195,16960,8.0055,1
14a2ab16,20705,8.0137,16
6c0d5daf,13613,8.0164,1
45614db3,16783,8.0164,1
6fa82de7,16453,8.0192,1
ff7b8c3,13227,8.0219,1
fdab4c1,17427,8.0219,1
3a716341,17428,8.0219,1
75b2ad69,5895,8.0247,1
5bdb712d,13225,8.0247,1
6958fb35,11652,8.0247,1
5802f634,11639,8.0301,1
5bcd88aa,16880,8.0329,1
383bc1b8,13228,8.0329,1
38699d8b,16961,8.0329,1
4434bc31,15065,8.0356,1
164658e0,11873,8.0384,1
59babf4a,13327,8.0384,1
3fea83c4,381,8.0356,1
4b9bc477,9522,8.0356,1
6f3e04bc,3965,8.0356,1
63f2b6fe,16608,8.0411,1
d93469e,772,8.0411,1
86dede7,12109,8.0438,1
4c30cab,13331,8.0493,1
1dc028e1,17627,8.0493,1
2c4d401,16970,8.0521,1
7477d7e1,17686,8.0521,1
72a49cca,15162,8.0548,1
13121e5d,15160,8.0548,1
f89abfe,16974,8.0575,1
2bc902d2,11791,8.0575,1
614b0095,16883,8.0521,1
62a80a17,773,8.0575,1
35eee12f,15827,8.0575,1
20bc9be7,9521,8.0603,1
4380d2b0,15163,8.063,1
76dfcbe4,15164,8.0658,1
7a762dfd,13230,8.0658,1
b6e37c3,19157,8.0658,16
582c6816,6896,8.0685,1
1c8bb357,11901,8.0658,1
595bf724,19151,8.0712,16
12893037,12857,8.0712,1
295e86a8,15161,8.074,1
680e89df,13148,8.0658,1
77c15534,17912,8.074,16
35b93c4f,15059,8.074,1
a462970,15180,8.0767,1
688f8796,13434,8.0767,1
462e0bc3,15174,8.0767,1
7453ab29,15060,8.0795,1
4f0b8f47,15058,8.0795,1
91514db,11654,8.0795,1
332c89ad,16882,8.0795,1
270b1b69,16456,8.0767,1
292066e3,16962,8.0822,1
493e458c,12110,8.0822,1
4ee8f642,22441,8.0849,16
5d0a296f,14659,8.0904,1
abca282,13231,8.0904,1
751330ef,17679,8.0904,1
7cc092e9,14651,8.0904,1
1f4a996e,19152,8.0932,16
73b24620,15176,8.0959,1
b9dc565,11638,8.0959,1
1766d6ac,16975,8.0986,1
5cacbcc7,17628,8.0986,1
1750ee85,17436,8.1041,1
3dce7234,17074,8.1041,1
589d3e05,13332,8.0986,1
796f500c,11640,8.1041,1
401c9162,16969,8.1041,1
e8d1487,15166,8.1041,1
3f517e45,16450,8.1068,1
1b80fc21,14932,8.1041,1
3cbda693,9678,8.1123,1
188eb7e7,11636,8.1123,1
7e41a15d,16609,8.1123,1
624d93c2,12858,8.1096,1
4342a7d7,16454,8.1123,1
78146475,13329,8.1123,1
84dc809,6897,8.1178,1
4a565b86,20728,8.1151,16
823df45,12111,8.1178,1
1b0ef561,11644,8.1205,1
2ef35d8e,16455,8.1178,1
1828fa02,20727,8.1205,16
76d24868,22442,8.1205,16
5ea54a6,12757,8.1123,1
7d18a5f6,13614,8.126,1
11d1e2c9,16457,8.126,1
19eac424,20709,8.1315,16
75246993,20710,8.1315,16
20307136,17429,8.1342,1
185ae494,21211,8.1342,16
57811342,16515,8.137,1
22bc5cf5,13233,8.1315,1
339ddf70,17630,8.137,1
1ab37a41,12993,8.137,1
46a1474,9682,8.137,1
52d48d9b,16884,8.1397,1
124f38c0,219,8.137,1
7e7f115a,14652,8.1425,1
59a041cc,15831,8.1425,1
184d3f34,15066,8.1425,1
10c971a7,15165,8.1425,1
5962778d,13608,8.1452,1
13af29ba,13229,8.1425,1
649d8fe4,11902,8.1452,1
66b18993,17680,8.1479,1
5442abed,9683,8.1507,1
4732460f,11875,8.1507,1
31fcb327,21354,8.1534,16
5a1e14e0,17629,8.1534,1
301614e0,13616,8.1534,1
185b6857,19153,8.1507,16
65412ed3,13259,8.1589,1
3170ccd7,16610,8.1589,1
1be3670d,21212,8.1589,16
714f4d65,15069,8.1616,1
1bd2c185,21420,8.1616,16
3c9d3f77,13261,8.1616,1
54c971c,15828,8.1534,1
7789539a,17433,8.1616,1
40282fc8,13232,8.1644,1
40f3f3cf,9523,8.1644,1
4d20ccbd,11641,8.1671,1
70885300,19713,8.1671,16
71df74b6,12758,8.1699,1
2e6d8cc9,22456,8.1726,16
6563e89d,11879,8.1726,1
57c1a762,11874,8.1616,1
5db103e8,17437,8.1699,1
3d6ddb1d,22455,8.1753,16
1ff8d753,21351,8.1753,16
2e54cda6,12112,8.1781,1
65a5e331,16885,8.1781,1
3f85b250,15070,8.1781,1
6a7e580b,20729,8.1781,16
68996060,21991,8.1753,16
762668d8,16451,8.1781,1
6f63aa5d,17075,8.1808,1
33655858,13615,8.1836,1
7913896e,13344,8.1863,1
5ed70bc4,11642,8.189,1
6b16b32e,21352,8.1918,16
73301047,5896,8.189,1
6a8e21e1,15829,8.1945,1
410d213a,17064,8.1945,1
650082cd,19651,8.1945,16
1d966c52,15177,8.2,1
fb38d27,17430,8.2027,1
60a1ffff,17434,8.2027,1
33010e7f,11793,8.2,1
5162c03c,17681,8.2027,1
2223507f,11794,8.2027,1
39b9ecf3,15168,8.2027,1
2af09456,21909,8.2055,16
52ebee56,21213,8.2082,16
6dd4d214,15169,8.2082,1
55ccd779,15167,8.2082,1
23646747,15068,8.211,1
39f02de3,13260,8.2027,1
d980559,19637,8.211,16
4617328c,15067,8.2082,1
524c6b0f,17687,8.2137,1
3af7d22a,11792,8.211,1
3c1104dd,17725,8.2192,16
75d34228,21215,8.2192,16
750d4d8a,22457,8.2247,16
38722cbf,20706,8.2219,16
478efa6f,15834,8.2274,1
28a332b4,19154,8.2274,16
375d5b37,21993,8.2219,16
53d077c4,20707,8.2274,16
6e10d03a,17067,8.2301,1
1ee39eb7,13345,8.2329,1
25ccbf96,11645,8.2301,1
193ce90e,15832,8.2356,1
2e8e5286,15074,8.2356,1
1f09e371,21899,8.2356,16
42508744,15178,8.2329,1
4402766a,11903,8.2356,1
40c4af9f,21421,8.2384,16
5e1431ba,17431,8.2384,1
1c02df63,17432,8.2411,1
4c40b5f9,19158,8.2411,16
a6c6192,16881,8.2411,1
3c89f341,21900,8.2411,16
3630bfad,11655,8.2384,1
6fb19f17,13435,8.2438,1
2e67bf9f,9684,8.2466,1
65c2bc45,17065,8.2493,1
2ce42279,192,8.2493,1
47a12505,15170,8.2521,1
5194b9f6,16976,8.2521,1
456da686,21911,8.2548,16
7e16d938,17689,8.2521,1
a66d929,21654,8.2548,16
782b33b,16886,8.2548,1
2647c01b,6902,8.2575,1
56177002,21353,8.263,16
5b6d6753,11878,8.2658,1
7c0383ec,17913,8.263,16
731cb32e,382,8.2658,1
6b43f24e,15171,8.2658,1
608b8ad9,11646,8.2685,1
66aa7608,6903,8.2712,1
6391844,13337,8.2685,1
36deb02f,11876,8.2685,1
30be0681,11883,8.274,1
30da57b5,21216,8.2712,16
204de019,13692,8.2767,1
5468a7dc,15833,8.274,1
1a5d6e2d,19652,8.2767,16
8991f26,21656,8.2767,16
5941ea81,11877,8.2767,1
16c39498,15172,8.2712,1
36dfcd25,11647,8.2767,1
78487db,13235,8.2795,1
76d9ad00,17914,8.2822,16
201a54b8,16611,8.2795,1
2a777377,17066,8.2822,1
9ee83bd,13346,8.2822,1
32e48e2d,13234,8.2877,1
4029a35d,22443,8.2904,16
51d48ce4,21214,8.2904,16
152b8541,18488,8.2932,16
2cda1e08,19639,8.2877,16
477ae06f,19194,8.2959,16
26908bbe,21217,8.3014,16
3a597858,11880,8.3014,1
37671705,21218,8.3041,16
42211ea1,20916,8.3041,16
3e7762b3,6904,8.3041,1
4f9d469d,17723,8.3014,16
3c070563,13338,8.3068,1
40cdaf54,15071,8.3068,1
530da876,17688,8.3068,1
a5375fa,15181,8.3123,1
fb4fcf9,290,8.3151,1
2ab8fa3c,18489,8.3151,16
7a25730,15835,8.3151,1
7b10ce68,19155,8.3178,16
164f0e9b,19638,8.3205,16
3eb46b9f,20915,8.3178,16
7d8a64a0,21655,8.3178,16
53b00f6f,21450,8.3205,16
4515aae9,13347,8.3205,1
4a86504,13617,8.3205,1
46bed9fe,13436,8.3233,1
28eb2c64,15214,8.3233,1
4384e0c7,13437,8.326,1
351e4275,17080,8.3288,1
78c63d40,6905,8.3288,1
4b128d6d,13695,8.3288,1
1e34812f,20730,8.3315,16
6686e8ce,16635,8.3288,1
723a5c64,11643,8.326,1
3956dbf7,15182,8.337,1
56c7acc9,21994,8.337,16
27be3279,17982,8.337,16
60f4d111,15092,8.3342,1
21a19b5d,22445,8.3397,16
31e58559,19160,8.3397,16
5aafd648,13694,8.3315,1
c540a9e,17682,8.3425,1
4aee3e5c,13438,8.337,1
57bcb515,17981,8.3397,16
7385243c,15211,8.3425,1
5fa9c028,22446,8.3452,16
74bbb871,15215,8.3452,1
648e195f,22444,8.3452,16
56a80cc6,21902,8.3534,16
cd676eb,15173,8.3534,1
1def5fd9,21901,8.3452,16
2bc8202c,21451,8.3534,16
93fe9da,15209,8.3562,1
1f671a07,21554,8.3534,16
20b9462e,15210,8.3562,1
474fc477,17156,8.3616,1
31c8947d,11648,8.3616,1
1cecbdc6,13339,8.3616,1
16d80761,15238,8.3616,1
7cbaaba2,22527,8.3644,16
456fb43e,22528,8.3589,16
3071bb92,20764,8.3644,16
66c441f2,19640,8.3644,16
277ef295,17983,8.3644,16
4f8a0133,21730,8.3671,16
77fc82b8,21992,8.3616,16
446526e2,17438,8.3699,1
4a6c1afe,13236,8.3726,1
2eab8077,358,8.3753,1
71c48c6b,21509,8.3726,16
2bff87e6,19329,8.3753,16
e631990,21910,8.3753,16
11ff02f6,17068,8.3753,1
205ab33,17081,8.3781,1
2ffabe96,774,8.3781,1
2814fa67,15183,8.3808,1
6c948893,21510,8.3781,16
3eadd96c,17082,8.3808,1
57ac94fd,17728,8.3808,16
78dff108,22530,8.3781,16
18c6bdc8,13237,8.3836,1
d19a932,18288,8.3808,16
13e6063,20712,8.3836,16
7717fbb6,17691,8.3836,1
27a12a81,17062,8.3836,1
149949f4,22529,8.3753,16
631794a6,21913,8.3863,16
1349bdde,17101,8.3863,1
7d98081e,17103,8.3836,1
5b4b3e4a,284,8.389,1
f7a8121,5897,8.389,1
7510f280,11904,8.3863,1
2b98c33f,15078,8.389,1
75612cdf,17724,8.389,16
533dc33,19646,8.3918,16
775af557,15248,8.3918,1
338673a3,15179,8.3918,1
52c9dce,20711,8.3945,16
6840276f,22048,8.3918,16
143be96c,17435,8.3945,1
34eb46f1,13263,8.3918,1
55487f4f,13262,8.3918,1
3cda41d6,19645,8.3945,16
77e1bfa8,279,8.3973,1
19d3a36b,20918,8.3973,16
45326844,13635,8.3973,1
ff70519,22655,8.4,16
26c48a28,17071,8.3973,1
388899bd,21422,8.4,16
61cd21c0,17690,8.4,1
2bd5d718,18808,8.4,16
1babdeae,15184,8.4027,1
1f67fe4b,17100,8.4027,1
280fff73,22654,8.4,16
20441893,21731,8.4027,16
65dffc9b,13609,8.4027,1
45eac3cd,22447,8.4027,16
7bb81235,20917,8.4055,16
7d4bec76,20188,8.4137,16
12494864,21220,8.4055,16
12495a3e,23289,8.411,16
3f74c8b2,15224,8.4137,1
3ce5b11f,22244,8.4137,16
5ad4f5f4,22458,8.4164,16
8e847c8,22766,8.4192,16
1b8f09b3,21903,8.4192,16
744011e4,18806,8.4219,16
435d68ce,383,8.4192,1
1b9d4231,15187,8.4192,1
14e072a,15225,8.4219,1
1f7b88da,13637,8.4247,1
5181808d,19653,8.4247,16
10a90c5d,17207,8.4247,1
3220d99f,22532,8.4247,16
1a13dc0d,13348,8.4219,1
6bee99b4,17069,8.4247,1
3636f9ac,22464,8.4247,16
4d7d787d,13636,8.4274,1
2ee32d4,21915,8.4274,16
efc065e,11659,8.4219,1
6997530,19941,8.4274,16
19a57f6e,11885,8.4274,1
5ac02c46,21388,8.4219,16
1e48872d,17070,8.4274,1
18df0e6f,22533,8.4247,16
6bd4e732,15836,8.4247,1
9b13f1e,18490,8.4301,16
26a92f8d,775,8.4301,1
14457a39,21912,8.4301,16
7409b2a8,19719,8.4301,16
3828266c,22448,8.4329,16
5792a3a3,23443,8.4329,16
572c2c9f,22983,8.4329,16
46e01f9f,210,8.4329,1
68b99fda,12994,8.4301,1
511cfc97,19647,8.4329,16
28feab9e,20713,8.4329,16
6a338a99,22449,8.4356,16
4ed09f4a,15216,8.4356,1
199f026d,12113,8.4356,1
4651b2c8,17063,8.4356,1
789e2a43,17951,8.4384,16
76433c99,9685,8.4356,1
2561cc95,21385,8.4384,16
5370fde2,19036,8.4411,16
2fe13ad5,13693,8.4411,1
19900209,22047,8.4411,16
515bd73a,20980,8.4411,16
1055ff4a,18289,8.4411,16
7d7398cd,22057,8.4411,16
3bfb9cb1,23848,8.4438,16
6f30f9c1,280,8.4438,1
92989ce,17205,8.4438,1
76292e64,21657,8.4466,16
191df7cf,15212,8.4411,1
49392044,13439,8.4466,1
2e4033c6,15223,8.4438,1
46d6293e,20708,8.4438,16
43efb62e,13343,8.4466,1
79b3658e,22461,8.4438,16
798841fc,22656,8.4466,16
56f98308,17206,8.4493,1
2111cf30,15250,8.4521,1
423280bc,18809,8.4521,16
43ec4189,11658,8.4548,1
78d06fa9,15188,8.4548,1
62ab5278,18807,8.4548,16
2fe9e60,15186,8.4548,1
4d6c7952,19159,8.4575,16
56da6905,21658,8.4548,16
6cad897f,15208,8.4575,1
65251549,21428,8.4575,16
177b1e64,11884,8.4575,1
2f7ba661,22531,8.4575,16
64873c85,15213,8.4575,1
44400929,13238,8.4575,1
173fc35,22245,8.4603,16
1156b15,23294,8.4603,16
4ed2cd6d,15239,8.4603,1
5b7b9f12,23847,8.463,16
3ce83278,19938,8.463,16
1cc0dd18,11886,8.4658,1
22e4e384,22459,8.463,16
883690e,17102,8.4658,1
506274d6,12115,8.463,1
2de4f750,21423,8.4658,16
7b7697e9,21383,8.4658,16
2819d9ab,23444,8.4685,16
3bc11ebf,13264,8.4575,1
22ee6383,15190,8.4685,1
784609d5,9686,8.4658,1
7340dd9b,20189,8.4685,16
72923ffa,21733,8.4712,16
14206482,19641,8.4712,16
34707fb6,21386,8.4712,16
4c3b3be1,21786,8.4685,16
27a7b45f,21083,8.4712,16
6f6709df,13239,8.4712,1
ce98626,17726,8.4712,16
7b4f2816,19642,8.4712,16
24cac683,22774,8.4685,16
1bfae74d,19648,8.4767,16
165bd21,17683,8.4767,1
561b6523,13638,8.474,1
16030170,9687,8.4685,1
5a8f5c72,19939,8.4795,16
75b93b17,16614,8.4767,1
193d6f78,21452,8.4795,16
762f7eb7,22534,8.4822,16
20f96b52,17952,8.4822,16
7b902f2c,19958,8.4822,16
7516a9af,23036,8.4822,16
55da17b3,291,8.4795,1
588d0179,17162,8.4822,1
229ebc0b,19195,8.4822,16
2e0c73a4,22068,8.4849,16
2a080c40,20459,8.4849,16
509750aa,17987,8.4822,16
25af4e26,22310,8.474,16
62853226,21513,8.4822,16
6767d64a,15251,8.4877,1
10639e3d,281,8.4849,1
51f82f69,21435,8.4877,16
1855732c,18491,8.4877,16
57518516,21219,8.4877,16
e57fd59,19037,8.4877,16
f81513,21429,8.4877,16
4ba71328,11649,8.4904,1
12ab5990,21782,8.4904,16
490917e6,20732,8.4904,16
919d359,15185,8.4932,1
7ad4af01,22451,8.4932,16
32fb1e12,23298,8.4904,16
33cc898c,17992,8.4932,16
740807b7,19038,8.4959,16
4cbf9ec0,23292,8.4959,16
2b7b1290,23445,8.4959,16
419a9263,220,8.4959,1
16cde335,13440,8.4959,1
6f18177a,13704,8.4986,1
5c51a52a,22542,8.4986,16
202f665c,21785,8.4959,16
224c6be4,21904,8.4986,16
7cf7ee8e,19368,8.5014,16
515002af,18126,8.5014,16
444c8b6c,15189,8.5014,1
3de11c9b,17157,8.5041,1
7c334388,17986,8.5041,16
2da763db,20190,8.5041,16
36c24e86,19643,8.5041,16
d909ae8,13455,8.5041,1
38a05a05,18492,8.5041,16
5ee9719a,21907,8.5041,16
48467827,22360,8.5041,16
77e8c282,21437,8.5014,16
7471ef6b,22773,8.5041,16
4188ec1d,17988,8.5041,16
7bc2f65b,13639,8.5041,1
59ac492c,13349,8.5068,1
1c98e6a,17758,8.5068,16
6eb22d18,13340,8.5068,1
377ffdef,18962,8.5068,16
154ef7a9,23169,8.5068,16
3132c0c7,21734,8.5096,16
251c713a,17727,8.5068,16
13200919,22776,8.5096,16
7c06253,15075,8.5096,1
7fbc5508,13449,8.5123,1
197d0a,19369,8.5151,16
12ac614a,23170,8.5151,16
6208211f,22452,8.5123,16
71738486,19715,8.5151,16
6c7a8bb5,20460,8.5178,16
27c05a1d,22049,8.5178,16
7584cacf,21084,8.5178,16
4e38723,21424,8.5151,16
6959648d,16623,8.5205,1
51c67d30,19654,8.5205,16
74f3d5a7,15226,8.5205,1
6c319e85,23503,8.5151,16
4e6ee282,21783,8.526,16
2c233982,21359,8.526,16
46978f4c,18127,8.526,16
4016fbb7,13450,8.526,1
26b2e4ad,22460,8.5288,16
1ff1680b,18507,8.526,16
7bfae28f,19039,8.5288,16
2a2bad5e,19942,8.5288,16
50bcaab8,22475,8.5288,16
619abb8e,13618,8.5288,1
72f375c6,22543,8.526,16
75bf2686,21436,8.526,16
2893432,17965,8.5288,16
37d5b7b1,21905,8.526,16
3a72c0e,22311,8.5315,16
3fd82dfd,18883,8.5342,16
fa0a1ea,17158,8.5342,1
44c32c88,21914,8.537,16
f4c1031,11887,8.537,1
5eb1739e,13272,8.537,1
64cce31a,13730,8.5342,1
6e69a198,21387,8.537,16
76b24fc0,17757,8.5397,16
339377b1,23290,8.5397,16
59f26f92,20461,8.5397,16
666bcfde,22062,8.5397,16
653c243a,19721,8.537,16
46fa3c64,23291,8.5397,16
17fb970d,15227,8.5397,1
6efce5f5,15217,8.5397,1
23df985f,17684,8.5425,1
56d1c2cb,17439,8.5425,1
39e4393b,11881,8.5425,1
52c821df,18906,8.5425,16
45462efe,21433,8.5425,16
50e3166b,9680,8.5425,1
4c1ca8ee,15218,8.5425,1
1403fc3c,22547,8.5425,16
7d6f1ba,22958,8.5425,16
572de426,17440,8.5452,1
73e54fec,21425,8.5452,16
73130e60,20407,8.5452,16
5ae18334,221,8.5425,1
51886648,19943,8.5452,16
2c03a0cf,23171,8.5425,16
42dd0599,12116,8.5452,1
2a9ca67b,19714,8.5452,16
61e316e2,21255,8.5425,16
1d45b4f7,15192,8.5479,1
a6874b0,23066,8.5452,16
513a80d5,17473,8.5479,1
5c46beea,23446,8.5452,16
4eee290c,21360,8.5479,16
59826f53,21431,8.537,16
37c37235,20191,8.5479,16
2fc8583,13276,8.5507,1
2e17b9c1,22061,8.5507,16
488a874e,17214,8.5507,1
2221b4aa,19720,8.5479,16
7ec74d89,19161,8.5507,16
68b51ac7,13270,8.5507,1
3ada87e3,11916,8.5507,1
171f0d55,22574,8.5479,16
78486e23,23769,8.5479,16
2886f0f3,17083,8.5534,1
4f86d0c,21384,8.5534,16
4097d31f,22116,8.5534,16
22146c24,13271,8.5534,1
2f8d0bfd,13620,8.5534,1
6445818c,20334,8.5507,16
30136797,19330,8.5562,16
764a6fb2,20398,8.5507,16
77c4ec94,21906,8.5562,16
935d658,21659,8.5562,16
62dab393,23891,8.5562,16
76ce2469,20775,8.5507,16
4ea0e660,21226,8.5534,16
7200d837,21254,8.5534,16
76900d76,22575,8.5562,16
2ea3c151,18887,8.5589,16
7d15aea8,19331,8.5616,16
5c06f99c,15273,8.5616,1
65a41ffc,20335,8.5562,16
35d4ff90,22476,8.5589,16
e30582a,21514,8.5616,16
289a582a,23293,8.5644,16
12f47864,23725,8.5644,16
11dc5a14,21257,8.5644,16
5b2e0fbc,23375,8.5644,16
1e30a0da,22576,8.5562,16
20e6db6c,19789,8.5616,16
c0af4f3,21432,8.5616,16
3d8c9a4e,21426,8.5644,16
6ec8b82b,21681,8.5644,16
16f431ac,23038,8.5671,16
d5965d8,23172,8.5671,16
56afa5ec,21227,8.5644,16
f281b9d,22064,8.5644,16
3d066b70,21256,8.5644,16
37023edf,13619,8.5671,1
38662285,19656,8.5671,16
516976d9,22470,8.5671,16
6598bee0,21085,8.5699,16
7ed7e7f4,18907,8.5699,16
6312aea4,17163,8.5671,1
557cad07,22069,8.5671,16
1a47a0c6,13002,8.5644,1
13bccb01,22462,8.5699,16
529566c5,13350,8.5699,1
6231fd05,17989,8.5699,16
3d2568ba,17485,8.5699,1
45d72015,13652,8.5726,1
5a5df9e1,21784,8.5699,16
474eaf3,19940,8.5726,16
30c61f6d,21049,8.5699,16
491cf4fe,13731,8.5699,1
2428f10d,5902,8.5726,1
7930a1fb,22544,8.5753,16
73d4b6b2,19333,8.5753,16
5883ba15,23295,8.5699,16
58beeb1f,193,8.5753,1
6ed68cce,13456,8.5781,1
7c4b048e,11660,8.5753,1
52a19a7d,22016,8.5781,16
3fe0d04e,21555,8.5781,16
17793e7e,9681,8.5781,1
6bae80b5,16636,8.5781,1
3469e51f,19644,8.5781,16
76ab4ff2,21035,8.5699,16
15e878b3,17441,8.5781,1
507e2b09,19846,8.5781,16
7fb7d40a,13696,8.5808,1
534fd0d1,21228,8.5808,16
5b417eb,21389,8.5726,16
24334237,17164,8.5808,1
65e5d53f,13356,8.5808,1
1f37a774,22463,8.5836,16
4801580a,20408,8.5836,16
6d2f05ae,15272,8.5836,1
318eb89d,15249,8.5836,1
53b3c0c6,21355,8.5836,16
1834aba2,16621,8.5863,1
5a3771a6,21427,8.5836,16
17d4bd6f,21361,8.5863,16
4fa00d3b,18885,8.5863,16
6fb9945f,22471,8.5836,16
13921606,19482,8.5863,16
1b7b3e08,15102,8.5863,1
20e82a93,17445,8.5863,1
2d851f9,20715,8.589,16
3f8c83bb,21908,8.589,16
5ed77fad,22546,8.5918,16
11d17899,17159,8.5918,1
5146b4c3,22767,8.5918,16
a8c640b,15255,8.5945,1
407832df,22060,8.5945,16
7c467bf7,13782,8.5918,1
6fc348e0,20731,8.5945,16
754cf031,21916,8.5945,16
1148b2f7,13275,8.5836,1
7b2ef93a,20613,8.5945,16
4c4597e4,21787,8.5945,16
72950db8,18508,8.5945,16
780d30e9,21844,8.5973,16
d7cf340,22775,8.5918,16
56534da6,15076,8.5945,1
1fa357a6,20714,8.5973,16
c653a7e,22185,8.5973,16
4ba891af,13722,8.5973,1
5a336a4b,22058,8.5973,16
2d0df4a3,23037,8.5973,16
30bf74be,20950,8.5945,16
2ef149bd,20224,8.5945,16
35240b68,19649,8.5973,16
2dcbe814,15240,8.6,1
3a0ed18a,17984,8.6,16
7bae95b2,17692,8.5973,1
827065,23790,8.6,16
307f04fd,17759,8.6,16
c3b24e8,13240,8.6,1
259526d1,19650,8.6,16
69db2168,18886,8.6,16
66d73ae4,20213,8.6027,16
3e0fbed1,18810,8.6027,16
2ec7922f,23091,8.6027,16
22e88a88,20400,8.6027,16
12083fdc,22595,8.5973,16
4d572763,16640,8.6027,1
5f93920c,21735,8.6,16
3949ffbc,15077,8.6,1
3db74d5e,21356,8.6027,16
401a1881,16613,8.5973,1
6aecc196,19657,8.6055,16
37e1ce31,11925,8.6027,1
1e748f97,21363,8.6055,16
5d347da7,21512,8.6027,16
2b76dda2,15252,8.6055,1
271a592b,19371,8.6055,16
33b128ac,13279,8.6055,1
4affeede,23858,8.6055,16
1da86268,17072,8.6027,1
638fed3f,21166,8.6082,16
61f12724,23296,8.6055,16
68f9318b,19716,8.6082,16
5ad162f6,23039,8.611,16
7e09b721,21511,8.611,16
4471d0b,21086,8.611,16
30014686,19395,8.6082,16
b2f6aca,22249,8.611,16
554ae2e5,21457,8.6,16
3e271caf,23727,8.611,16
49b01b66,22578,8.611,16
7a331dce,12995,8.6137,1
aba5178,21133,8.6137,16
6ca15fc3,13641,8.6137,1
9db796,20774,8.6137,16
8e5d700,17458,8.6137,1
474248b7,17106,8.6137,1
4e73893f,11882,8.6137,1
41478651,17954,8.6082,16
1c14117,21050,8.611,16
23783eda,211,8.6137,1
6614bb30,21813,8.6137,16
7f45f087,17442,8.6164,1
7b118a5c,20035,8.6137,16
5425e537,18571,8.6164,16
5dea1fe9,17184,8.6164,1
20e26f0b,23772,8.6192,16
420e0b23,15229,8.6164,1
353a2a54,11661,8.6192,1
11a81895,22316,8.6192,16
38226e4d,23537,8.6192,16
525ad8f,22070,8.6192,16
b8bc475,15261,8.6192,1
514b9245,13697,8.6192,1
39ee8134,17114,8.6192,1
5d6264d7,19162,8.6137,16
76192930,22545,8.6219,16
377db3b3,23788,8.6219,16
23e4f3ea,11905,8.6192,1
6e4e2183,18884,8.6219,16
20c4a441,22131,8.6192,16
1fab59c0,19198,8.6219,16
477f0c22,23297,8.6219,16
1b54827c,22450,8.6219,16
3243de07,19986,8.6192,16
74a7052d,18562,8.6219,16
489eaac,23726,8.6219,16
16aa0d0,20952,8.6247,16
444a9c64,18623,8.6247,16
7b32b1f3,21732,8.6247,16
30a5e8b3,19207,8.6192,16
649da257,15271,8.6247,1
7c412796,21055,8.6247,16
7424bb1c,23770,8.6274,16
19f682ba,19163,8.6274,16
1a772142,21788,8.6274,16
588a2cf,21221,8.6274,16
c8e2733,20192,8.6247,16
5d2381e5,15103,8.6274,1
52403639,17459,8.6247,1
7e7dc632,22803,8.6274,16
3e238de8,19242,8.6301,16
43e992a0,17990,8.6301,16
2840f91,17185,8.6301,1
321e8fb8,20568,8.6329,16
2152e2b2,19486,8.6301,16
125805a5,19483,8.6274,16
30b686cb,22482,8.6301,16
3f457eef,23195,8.6329,16
58884922,19104,8.6329,16
62db945d,21453,8.6329,16
121e5cb8,18656,8.6329,16
1d1f0611,15230,8.6356,1
1e03d0df,17165,8.6329,1
4fb84d3a,17474,8.6301,1
607035ca,17760,8.6356,16
4b3c1ad8,13277,8.6356,1
4f09126,21441,8.6356,16
5f9aa756,22117,8.6329,16
3ad00d3a,22059,8.6356,16
378c46c7,22017,8.6356,16
2c385ab0,22127,8.6329,16
16e7d4ec,20350,8.6384,16
2ce4a2d7,17132,8.6384,1
61a33c84,13698,8.6384,1
798b63f2,19655,8.6356,16
e307037,23342,8.6356,16
26d895a9,19240,8.6384,16
304bc3ee,20773,8.6384,16
2f2379bf,16633,8.6356,1
d151b5a,17729,8.6384,16
249517ea,18655,8.6356,16
a97307,20041,8.6384,16
3a499571,13744,8.6411,1
623ecb66,20923,8.6411,16
56e4a81f,20219,8.6411,16
730ea652,23949,8.6356,16
38f4d27f,11666,8.6411,1
500227fc,21672,8.6356,16
2c055bfc,19959,8.6411,16
5fd2aa33,20234,8.6411,16
59e8abad,21438,8.6411,16
4791edc5,15256,8.6438,1
438caaf5,22485,8.6438,16
414d8470,13745,8.6384,1
b043d58,23376,8.6438,16
72f3525f,13642,8.6438,1
2f43e563,13783,8.6411,1
4c18f515,13288,8.6438,1
17ad5a56,23998,8.6438,16
5f9a72a3,18889,8.6438,16
72d91324,13621,8.6438,1
589d0eda,20399,8.6438,16
251f8075,13273,8.6438,1
299ce11f,21362,8.6438,16
1366873b,20733,8.6466,16
e5c03f,20981,8.6466,16
23bdb053,17985,8.6438,16
7a788079,19845,8.6438,16
3e5e72b6,22317,8.6411,16
34a21230,22777,8.6466,16
13da04c0,17187,8.6438,1
7b5ec5d4,21439,8.6466,16
5d2b01c0,21258,8.6493,16
2ac906aa,23538,8.6493,16
636e3954,21134,8.6493,16
47f9949b,23240,8.6493,16
4f07f008,22963,8.6493,16
32270e17,19334,8.6466,16
44674a0,20265,8.6493,16
16640e9,21666,8.6493,16
13d06d08,19974,8.6521,16
8f38570,23849,8.6521,16
18866ea5,19199,8.6493,16
2fd2ea61,17444,8.6521,1
1c00867a,21845,8.6521,16
368734fd,18602,8.6493,16
3802c765,21917,8.6521,16
ca800df,18888,8.6493,16
12464418,21222,8.6521,16
4a128e59,19280,8.6548,16
27f0a4a9,18842,8.6548,16
2cf44060,19547,8.6521,16
14d8ccb3,18895,8.6548,16
22aa6832,21264,8.6548,16
3d0b9efc,16612,8.6548,1
1fc9c3d4,23043,8.6548,16
c89f7a0,21920,8.6548,16
45214deb,21137,8.6521,16
577777e6,17966,8.6521,16
35f59e5a,17915,8.6548,16
762b501,19372,8.6548,16
1c4ca770,18968,8.6548,16
7e972e3,17460,8.6521,1
4b00e3ca,16617,8.6575,1
6977c3ef,11914,8.6575,1
38717a76,20233,8.6575,16
2aa91ac4,18578,8.6575,16
667ba2e8,22984,8.6603,16
6408dad7,22971,8.6603,16
31c47d73,23774,8.6603,16
7dfad56,15094,8.6575,1
25503f7,23021,8.6603,16
bf01c92,16615,8.6603,1
60c85643,22242,8.6603,16
162ad5df,24083,8.6603,16
5b1fd450,20934,8.663,16
49a205a5,19786,8.663,16
63c2fddd,17160,8.663,1
419ac5a8,13723,8.6575,1
6402249f,23129,8.663,16
3dd48a97,24068,8.663,16
498cb4e5,19165,8.663,16
5eac8ff9,21271,8.663,16
4711d754,21143,8.663,16
2bff6e6f,17161,8.6603,1
32e6c9b5,13739,8.6658,1
169a1d1b,11922,8.6658,1
8a1937e,23040,8.6658,16
1ee17890,21923,8.6658,16
3972e000,13266,8.6658,1
d72d4d4,12114,8.6548,1
4665b9f2,13241,8.6685,1
2488eff2,18091,8.6685,16
7454611a,13741,8.6658,1
70fbb544,19332,8.6685,16
65cb7633,22594,8.6685,16
6dfe207,23168,8.6685,16
51d40f77,17917,8.6685,16
7ca8c19c,21515,8.6658,16
426c5ad4,17079,8.6685,1
42b61912,17916,8.6685,16
4f395339,18060,8.6685,16
3b5a5744,13441,8.6685,1
1dc8c135,18657,8.6712,16
4a0448ef,20428,8.6712,16
709ad412,19196,8.6712,16
50808a2f,20351,8.6712,16
3989170c,21293,8.6712,16
512273e2,22465,8.6712,16
773e0790,16619,8.6712,1
4f916f52,15093,8.6712,1
6e2c322b,21292,8.6712,16
435931f5,19045,8.6712,16
23bb2aaa,19200,8.6712,16
527b68a6,21736,8.6712,16
459dea9,17461,8.6712,1
1084ac68,21440,8.6712,16
5549c906,19102,8.6712,16
3062bc27,22065,8.6712,16
4715217d,22657,8.6712,16
17013b6f,11927,8.674,1
79c97863,23340,8.6658,16
7107efbd,20951,8.6712,16
42e5f112,24084,8.6712,16
6d15ad5f,19790,8.674,16
6422d603,17918,8.663,16
56303dd7,11665,8.674,1
5170c103,15257,8.674,1
4fb45201,20197,8.6767,16
37fdf68a,20082,8.674,16
f8b71fd,23773,8.674,16
7deb2cc1,11906,8.6712,1
2a4492a6,19197,8.6767,16
478de9b5,24085,8.6767,16
13dd6c20,23791,8.674,16
37f4d7be,15279,8.674,1
392ba244,11656,8.6767,1
11432495,19540,8.6767,16
7d0253ad,18579,8.6685,16
63812e7a,15194,8.6767,1
194afa82,17446,8.6767,1
6987e6f1,22959,8.6767,16
785f9558,22247,8.6795,16
70d58eaf,18624,8.6795,16
1c022195,21456,8.6767,16
14edc90c,21482,8.6795,16
428b050e,22535,8.6795,16
46faad52,16634,8.6712,1
4bf93291,22768,8.6795,16
31a6274b,13724,8.6795,1
2b1ff704,20795,8.6795,16
55613b43,23344,8.6795,16
389c5f08,22537,8.6767,16
588f5480,19539,8.6767,16
637c2930,19208,8.6795,16
3af38f30,18896,8.6767,16
dcc013d,17953,8.6822,16
3a6f6b5a,17077,8.6822,1
6e1c1cc4,17225,8.6767,1
34a27a10,19538,8.6822,16
128ef9bb,23241,8.6822,16
4f616712,21324,8.6822,16
53fa650b,20835,8.6795,16
5d0eb98c,17078,8.6822,1
1ffd5716,13248,8.6822,1
1f2fbbdf,20716,8.6822,16
3745a36f,23202,8.6822,16
479526ea,15095,8.6795,1
146baa52,15253,8.6795,1
61db1a2e,20217,8.6822,16
348a489,22843,8.6849,16
198c2154,17084,8.6849,1
507c310d,21660,8.6849,16
2a0ba807,21741,8.6849,16
69cf5b46,17133,8.6822,1
1c5d6a24,810,8.6849,1
5e425ad1,23011,8.6795,16
2fe5c61a,16618,8.6849,1
579bd433,21364,8.6822,16
66de7394,13265,8.6849,1
75581162,18335,8.6849,16
7cb9adb6,17991,8.6849,16
740cdcc5,22467,8.6877,16
7dbfb43b,18000,8.6877,16
68e82acb,23180,8.6849,16
2b3efcf0,17090,8.6877,1
5d8ef5b5,17118,8.6877,1
4ff6f035,20198,8.6877,16
4f688b9c,16637,8.6822,1
5780ee33,21325,8.6849,16
66ff5ec8,18811,8.6877,16
4c763cff,22468,8.6849,16
34f91a1c,19569,8.6877,16
de85d1a,225,8.6849,1
4024e837,23557,8.6904,16
3f465374,19847,8.6904,16
2353434a,190,8.6904,1
5e3f121b,23646,8.6904,16
226ada3a,19226,8.6877,16
2fbae0f0,13357,8.6877,1
5ed499f7,18625,8.6904,16
651d8f80,21260,8.6904,16
164aaf5e,18963,8.6904,16
30c3c846,22466,8.6904,16
358d26b3,21087,8.6904,16
1332e958,19205,8.6932,16
3c49ba6f,18658,8.6932,16
7f3ac2e7,23817,8.6932,16
5c1f1806,22577,8.6932,16
5195a4be,11921,8.6932,1
7645c6ed,19541,8.6932,16
1f0caa4e,23041,8.6904,16
72e9088,17955,8.6932,16
2e2a5770,22066,8.6932,16
29cdba34,22836,8.6932,16
52e6a65f,17447,8.6932,1
acc6040,294,8.6932,1
76e044eb,19537,8.6959,16
c47aafc,13351,8.6959,1
79950b41,23539,8.6959,16
5f842d4,23185,8.6959,16
62cbd86a,17229,8.6959,1
370c2c36,19212,8.6959,16
bec7a13,16624,8.6959,1
5af2a72c,18362,8.6959,16
1d5ba044,19281,8.6959,16
216f230d,21556,8.6959,16
49bbf9d1,18605,8.6959,16
3a5e3fb,20266,8.6986,16
7839e567,13245,8.6959,1
6bfec0d,9688,8.6986,1
4626351e,22562,8.6986,16
1e09119c,22794,8.6986,16
86a06fd,19661,8.6986,16
714c4c79,18290,8.6986,16
2f45c9f7,17119,8.6986,1
6e08e122,22483,8.6986,16
635098b,16641,8.6986,1
5c83de0f,23892,8.6986,16
50666d20,20229,8.6986,16
55c5a25b,13280,8.6986,1
8e3d43f,21020,8.6959,16
1bdf6ede,20963,8.7014,16
788e7e59,20200,8.7014,16
3588557f,11917,8.7014,1
56e42183,13444,8.6986,1
4ed3e72a,13352,8.7014,1
587c6587,17186,8.6959,1
4030554c,13358,8.6986,1
20f96a0a,15191,8.6986,1
572de0c7,19175,8.6959,16
20322b98,21022,8.6986,16
2fd39291,22469,8.7041,16
626a80e7,23042,8.7041,16
9280f9a,22561,8.7041,16
42f2fc2c,20194,8.7041,16
31bbfda0,21680,8.7041,16
646ee4,23745,8.7014,16
36bfbbb7,18900,8.7041,16
7fa22625,20462,8.7041,16
119a928c,17227,8.7041,1
32aadd15,13751,8.7041,1
70aca9f5,13003,8.7041,1
475bcad4,21673,8.7014,16
7983aaf4,20928,8.7041,16
17fe28ef,19046,8.7014,16
52b5d66e,21111,8.7041,16
dfe386d,21459,8.7014,16
3613eb58,18207,8.7041,16
6e88dbb7,21663,8.7068,16
52232364,18964,8.7068,16
347cc09f,9679,8.7068,1
3984f417,20429,8.7068,16
66d268de,17076,8.7041,1
746cc92c,19081,8.7068,16
40593c14,21110,8.7068,16
139b90ee,17134,8.7068,1
ebab83c,13268,8.7068,1
488676d8,18129,8.6986,16
61e61dbb,15081,8.7068,1
78bf6f15,17169,8.7068,1
3f4e66c,17224,8.7041,1
52ae286c,19542,8.7068,16
7288ee59,23252,8.7096,16
51efcaf3,21268,8.7096,16
52abd01c,11920,8.7096,1
76c89ba3,18074,8.7096,16
629052,19571,8.7096,16
4297f80e,18336,8.7096,16
5506205e,20053,8.7096,16
7a11d05f,13659,8.7096,1
4343c9f3,19164,8.7096,16
7636c431,23062,8.7096,16
44915cd7,19103,8.7068,16
207190cb,13289,8.7014,1
54162fb2,19177,8.7068,16
14c16e4d,15082,8.7068,1
5af8ffe6,21481,8.7041,16
76a3cbba,20844,8.7041,16
4cece259,20875,8.7123,16
3378ad4,23999,8.7123,16
13ad0163,21454,8.7123,16
5f752303,21308,8.7123,16
ee7271f,20201,8.7014,16
c01a65d,22472,8.7123,16
119b7ff4,19176,8.7096,16
2e606aba,11667,8.7096,1
41fcf150,21664,8.7068,16
798d9866,21224,8.7123,16
2d0382d,24000,8.7123,16
4454ea8f,20072,8.7123,16
3624564,18908,8.7068,16
342fc5aa,20193,8.7123,16
7e1388d9,23173,8.7151,16
49ccee23,13249,8.7151,1
5c1701d4,21938,8.7123,16
f71595b,22987,8.7151,16
5f855b2b,13477,8.7096,1
4e5d7cda,23730,8.7151,16
15f86ad5,17086,8.6986,1
350518b2,20954,8.7151,16
60ce2ec4,13442,8.7151,1
1f5d67b8,16665,8.7151,1
343894f9,22597,8.7178,16
4b38aa8,13278,8.7151,1
719ac516,13797,8.7178,1
32107a24,17188,8.7178,1
5404cc53,11907,8.7178,1
452d6019,13361,8.7178,1
5dd344de,17226,8.7178,1
7a468807,11657,8.7178,1
8d2b548,17956,8.7178,16
49b96b67,23818,8.7178,16
550ada8d,16616,8.7178,1
3b8cb0c7,22484,8.7151,16
26d121e3,19370,8.7205,16
124d3a28,21051,8.7178,16
61e37453,21163,8.7178,16
2fabced8,21052,8.7205,16
32ce4690,22536,8.7205,16
1d3fa713,22119,8.7205,16
493f9618,22719,8.7178,16
199b47b1,17762,8.7205,16
6704090b,15258,8.7178,1
16a8d63d,18208,8.7233,16
5612e8be,23044,8.7233,16
36f5da50,20105,8.7205,16
71fed1d4,20745,8.7205,16
21b7e8e8,17443,8.7233,1
3bf1e924,22563,8.7233,16
6021b378,23247,8.7205,16
ad1b783,19091,8.7205,16
781ec276,18559,8.7233,16
7f69ccd0,21365,8.7233,16
61879b7d,23379,8.7205,16
c505e46,19335,8.7205,16
2d320c8,19082,8.7233,16
4022f69b,19680,8.7233,16
33ed730e,20352,8.7205,16
6eec4a7d,13732,8.726,1
60c09b88,20614,8.726,16
432ffd32,20036,8.726,16
7b0e2238,24086,8.726,16
23a35b54,21120,8.726,16
2f9052ff,22328,8.7233,16
3284bc81,13291,8.7233,1
4be8905e,20615,8.726,16
44715a40,15219,8.726,1
929b79c,21740,8.726,16
600c5ff5,20472,8.726,16
41fd64f9,19211,8.726,16
783dee69,23386,8.7233,16
55975c3b,20225,8.7288,16
5af25cb7,21685,8.7233,16
708221bc,21053,8.7288,16
67dbd763,22988,8.7288,16
8423927,21442,8.7288,16
6c3c4a1a,17919,8.7288,16
44fc913a,20776,8.7288,16
409dcb7c,18891,8.7288,16
21f39d12,13658,8.7288,1
4fe4fa6e,16642,8.7288,1
138bfb3,23943,8.7288,16
2fd052c3,15096,8.726,1
3623641f,21056,8.7315,16
12764126,20037,8.7315,16
5b217bde,15097,8.7315,1
60cc5aeb,17104,8.7315,1
18e62588,18606,8.7315,16
1f20822e,21434,8.726,16
32cb8d43,13242,8.7315,1
3efdc66f,15228,8.726,1
6051f43b,23944,8.7315,16
27f6345d,19570,8.7315,16
1294954d,23299,8.7288,16
42bbf34a,21879,8.7315,16
599138c1,23253,8.7288,16
37de0725,21557,8.7315,16
1d6d26e,22330,8.7315,16
1c6a40bd,13445,8.7315,1
4ced24c1,19166,8.7315,16
b4df556,22063,8.7288,16
3c3f03f3,22567,8.7288,16
721ed361,21091,8.7315,16
57702acf,19047,8.7315,16
33738232,22579,8.7288,16
77172f34,21095,8.7342,16
73966f6c,13267,8.7288,1
25660583,23950,8.7342,16
a2b710f,20353,8.7342,16
440b91f1,13653,8.7342,1
4a67b13,20919,8.7315,16
11f92c19,18408,8.7342,16
400b8420,18094,8.7342,16
616ad1c1,17189,8.7315,1
589711c9,20106,8.737,16
6fde872b,22477,8.737,16
379ff72d,22736,8.7288,16
2ba94f7a,24087,8.737,16
4b501a9f,19339,8.737,16
502c2b01,20042,8.737,16
184288b6,22243,8.737,16
7971d65b,17105,8.7342,1
3354a05e,21021,8.7342,16
323ebf08,22120,8.737,16
3fbfe6d,23343,8.737,16
f70c19c,23341,8.737,16
4002d791,21161,8.737,16
78441d27,16625,8.737,1
44fc2606,18556,8.737,16
3fc52bd8,21490,8.737,16
6311b2db,19276,8.7397,16
6a64f304,23792,8.7397,16
2d88ba4f,19497,8.737,16
42ea6ba7,23322,8.7342,16
2bf9d9d1,23122,8.7397,16
3291664a,18909,8.737,16
241c002b,21927,8.7397,16
4af5f919,21742,8.7397,16
7c4cf90,23558,8.7397,16
3e5e5a14,17168,8.7397,1
7a0718ac,22769,8.7397,16
1f5f1bc4,20214,8.737,16
2e94971b,21096,8.7397,16
4dbb3b8c,21223,8.7397,16
3ec6eff0,17232,8.7397,1
72849cc6,20258,8.7397,16
80f1ed4,20920,8.7397,16
30043842,19681,8.737,16
46232af8,15121,8.737,1
576294bd,23380,8.7397,16
47c27368,18557,8.7425,16
5ed248ce,23893,8.7397,16
6752693,13622,8.7397,1
8668d7e,22784,8.7397,16
19317218,22487,8.737,16
5ab5caff,20215,8.7397,16
288ff7be,13463,8.7425,1
16ed6d5f,20877,8.7425,16
2a5c0f81,11888,8.7425,1
78f238f9,23387,8.7425,16
386f1960,20876,8.7425,16
4c79dea0,19041,8.7425,16
3103c5e5,21682,8.7425,16
623f78ce,21309,8.7397,16
55db0ccf,20226,8.7452,16
7be9f443,207,8.7452,1
3f9a5b6b,22564,8.7452,16
3b8d4647,17166,8.7452,1
39830348,20196,8.7452,16
63cfbc16,24195,8.7452,16
23bfb22c,20734,8.7452,16
1600c570,22966,8.7452,21
227f701f,15098,8.7452,1
7311a569,17208,8.7452,1
52a97100,23851,8.7425,16
42121560,15254,8.7452,1
1bb47ab5,21088,8.7452,16
75303f33,23576,8.7452,16
7e92e0d2,20993,8.7479,16
6570be47,11890,8.7452,1
34485365,22067,8.7425,16
7c48e298,22118,8.7479,16
e79cf9b,23468,8.7425,16
2ea34164,19556,8.7479,16
385061a1,15080,8.7452,1
16faf7d7,24014,8.7479,16
29162dcf,18095,8.7452,16
7698f1c9,23412,8.7479,16
4dff91a0,22580,8.7425,16
17fbadfa,19867,8.7479,16
7963411a,13640,8.7479,1
38e655ae,15137,8.7507,1
9c1fdc2,21390,8.7507,16
38821fcb,20508,8.7479,16
5b0ae250,21516,8.7507,16
514b97ba,20046,8.7479,16
57624fbc,21024,8.7507,16
7f366edc,13446,8.7507,1
73a20b08,17228,8.7507,1
7ed9b481,21097,8.7507,16
20c6b881,19209,8.7452,16
3b031b49,11926,8.7425,1
770fd27b,17763,8.7479,16
1e07be3d,13798,8.7507,1
14966dd9,13478,8.7507,1
42d259a6,18848,8.7507,16
18310c4a,20748,8.7507,16
27d8ae76,21814,8.7507,16
170d1ec7,18406,8.7534,16
4426e660,15193,8.7534,1
4222097,20921,8.7507,16
db7b662,19210,8.7534,16
2ae8eaa8,22901,8.7534,16
48a14a9d,13251,8.7507,1
5d92fd86,11918,8.7534,1
6d2654f0,21023,8.7534,16
765e56,22664,8.7479,16
42c10967,16626,8.7534,1
875b274,22804,8.7534,16
572bf65e,15122,8.7534,1
651d9603,13443,8.7534,1
7b0ac09a,22478,8.7562,16
2fdd31f6,24103,8.7534,16
a1ed06b,23789,8.7562,16
28f5e70,23775,8.7562,16
b2b6dac,23201,8.7562,16
4d3fafbe,21357,8.7507,16
6fe11123,19791,8.7534,16
31dea3fa,17463,8.7507,1
495a176f,17125,8.7562,1
19cc55e5,23530,8.7562,16
29be5b3d,19975,8.7534,16
6d3bfc83,19991,8.7562,16
27526726,23181,8.7562,16
52e3e8be,18067,8.7589,16
74436f24,20444,8.7589,16
fdb7f34,18385,8.7589,16
54e7ba41,19658,8.7589,16
660a9bba,17448,8.7589,1
95ff210,18890,8.7589,16
3ebf735,17462,8.7589,1
5d291ed0,17126,8.7534,1
34f58286,19689,8.7589,16
69018e9,21164,8.7562,16
7029b559,21026,8.7589,16
6563ea12,22283,8.7589,16
7d1ab58a,19061,8.7589,16
7b4bad90,22137,8.7562,16
46754cdd,22071,8.7589,16
6942c32f,22892,8.7589,16
3c3c0d7b,13290,8.7616,1
27b80d7a,20598,8.7616,16
27d5f641,13359,8.7507,1
14a25993,18068,8.7589,16
322351ba,23014,8.7616,16
5edcf087,11796,8.7616,1
25779f2,23508,8.7616,16
43fc6ea,23771,8.7616,16
2c39f956,13252,8.7616,1
15d86c9e,17925,8.7616,16
2c790f3e,22246,8.7562,16
602149cd,20878,8.7616,16
687ff8c6,21789,8.7616,16
560b84cd,21676,8.7616,16
351b2413,20216,8.7616,16
63f102b2,22902,8.7616,16
795f10d,19282,8.7616,16
d3230de,17470,8.7616,1
61e5a6d7,20235,8.7644,16
a8e0540,21054,8.7644,16
aeadccb,18812,8.7644,16
225f4902,23413,8.7644,16
3ef73957,23203,8.7644,16
7268f340,21168,8.7644,16
2eb87542,17926,8.7644,16
5da5dcc4,20717,8.7644,16
691d9e64,21865,8.7589,16
76772ece,17449,8.7616,1
68c0ee0f,20045,8.7644,16
33aa9f75,18628,8.7644,16
71cd9cd6,17210,8.7644,1
440a835c,17492,8.7644,1
3e2dea06,13447,8.7644,1
2975ecfa,23850,8.7671,16
3a031cf1,23894,8.7671,16
66bba644,13360,8.7671,1
7b0dad69,23175,8.7671,16
4ad90f53,15083,8.7644,1
6b8dc137,11923,8.7671,1
3fd9b454,20845,8.7671,16
6d99e280,22961,8.7671,16
b671d8,24082,8.7671,16
36fe8327,13756,8.7671,1
56abe0f1,11891,8.7644,1
1c957ef9,23132,8.7671,16
405b79a8,23360,8.7699,16
45da8ced,17933,8.7699,16
67f5eb34,21310,8.7671,16
6ed03353,17135,8.7671,1
75dd9118,19336,8.7699,16
64f1d6aa,17923,8.7671,16
2c153d4b,19178,8.7699,16
22ebe14e,17967,8.7699,16
7c15b865,13244,8.7671,1
43b0d931,23123,8.7699,16
6a8176b9,18223,8.7699,16
5bd7607c,19690,8.7699,16
5afcc50e,22073,8.7699,16
30521c7d,22960,8.7671,16
21b73aad,13757,8.7699,1
35288059,17112,8.7699,1
7d914a60,18494,8.7699,16
34b2b390,15079,8.7699,1
7014be9c,22335,8.7699,16
2c492fb1,23648,8.7699,16
6626120b,15220,8.7699,1
4cfcc125,23271,8.7699,16
1ad3b0d,23577,8.7726,16
6f301700,20587,8.7699,16
6ced9d33,11919,8.7644,1
1d36f2bf,11892,8.7726,1
48835fdb,19060,8.7726,16
625c5a07,21678,8.7726,16
6258477a,15195,8.7726,1
48d1f284,23656,8.7726,16
1a7e11c2,23133,8.7726,16
1af2fce8,19201,8.7699,16
204bf718,20879,8.7726,16
3ab10b5b,21098,8.7726,16
7db39b5b,21686,8.7671,16
17a9652e,19396,8.7699,16
22592f0b,21575,8.7699,16
1a31de8f,15285,8.7726,1
2868e541,13706,8.7671,1
49e0da54,23067,8.7753,16
684893a1,17115,8.7753,1
15bc4653,20083,8.7753,16
849e164,17111,8.7753,1
633ab9e4,21112,8.7753,16
1901acd9,13726,8.7753,1
1ed37cd,18971,8.7753,16
681753e8,17968,8.7753,16
6e40985c,21025,8.7699,16
213dcdba,21667,8.7726,16
56c48910,18572,8.7753,16
1a626ecd,17475,8.7753,1
3eff9f5a,22194,8.7671,16
549772a1,13676,8.7753,1
1b883594,22585,8.7753,16
69f6b3fc,11795,8.7753,1
585a977e,18495,8.7781,16
68d67b01,18558,8.7753,16
63c91c2e,19543,8.7781,16
2bb1e4d7,15222,8.7753,1
445c897a,20798,8.7781,16
1e2230f0,17993,8.7753,16
73eb9ba,17764,8.7781,16
4217099b,19987,8.7781,16
66a4ca52,22770,8.7781,16
461388a5,22072,8.7781,16
49b98527,24001,8.7781,16
3318165a,18845,8.7781,16
73aebc31,19572,8.7781,16
29a24441,15243,8.7781,1
2c376cef,22503,8.7808,16
5f6e05f5,23345,8.7781,16
250218d0,23317,8.7781,16
5927651d,21847,8.7808,16
629cb234,19184,8.7808,16
755bea9c,17180,8.7808,1
5ab5086f,15199,8.7726,1
385891a9,18001,8.7808,16
13511ef8,22259,8.7808,16
3f528984,15123,8.7808,1
15f78bf8,17091,8.7808,1
67731f59,21059,8.7808,16
1b5a0fc7,21443,8.7836,16
30efbb81,20804,8.7836,16
d22a680,20779,8.7808,16
67372bcf,18030,8.7836,16
196e4e2f,18097,8.7808,16
6698038c,22720,8.7836,16
2d770caf,23323,8.7808,16
60898933,18560,8.7808,16
b7dbc3b,13701,8.7836,1
2ddf5abb,16668,8.7836,1
16e9a1f5,17087,8.7781,1
385839db,13476,8.7808,1
1434fff2,22989,8.7836,16
724e052b,18321,8.7836,16
7ab20bc5,22368,8.7863,16
2593935b,20556,8.7863,16
5c7ce0d3,13799,8.7863,1
6f044fc1,18002,8.7863,16
6de16857,18337,8.7863,16
4d1c2a56,18146,8.7808,16
545127fb,18573,8.7863,16
48cdc175,19048,8.7863,16
749eb2a3,21027,8.7863,16
34795e5c,18029,8.7836,16
6f903fda,22505,8.7863,16
22270fae,11797,8.7836,1
f1bc2a8,22473,8.7836,16
5bd1a6f7,24066,8.7836,16
44e2686d,23094,8.7836,16
19d1e1f5,18984,8.7863,16
775173fa,21460,8.7863,16
6d9158c1,23174,8.7863,16
3ae7e41e,18661,8.7836,16
2c2f74fe,19949,8.7863,16
501d1c22,20402,8.789,16
372d01b0,21746,8.789,16
32efc45f,17487,8.7863,1
6530de78,21121,8.789,16
54572c13,22972,8.7836,16
5df432f0,22962,8.789,16
476f31bc,13702,8.789,1
20b887f,17110,8.7863,1
4e0a795d,20401,8.789,16
2daabdfa,22782,8.789,16
51b5790d,23540,8.789,16
28f862a9,18075,8.7863,16
fa35b34,22633,8.789,16
12fe1b0c,22129,8.789,16
60ed7c8e,18604,8.789,16
2d8e482d,16667,8.789,1
6a4331c4,23182,8.789,16
535bea7c,21151,8.789,16
64e2279e,13285,8.789,1
10444090,21153,8.7863,16
5abd357,22808,8.7918,16
676f8e95,18407,8.7863,16
14514ead,20569,8.7918,16
26a3cc77,20195,8.7918,16
13933c9a,17920,8.7918,16
7dc9829f,19285,8.789,16
3cf5a1da,21661,8.7918,16
591f5539,19040,8.7863,16
6649a095,18626,8.7918,16
78f3aed7,21739,8.7918,16
1cdd0877,13354,8.7918,1
408b05ca,21815,8.7918,16
71e7aa3e,21093,8.7945,16
5a81f19f,19229,8.789,16
3f61790e,17693,8.7945,1
27dc9e7d,15276,8.7945,1
6ba666e2,21560,8.7945,16
6354c8e,17213,8.7836,1
3e7e6f00,21169,8.7945,16
a63d8c8,20922,8.7945,16
490f808f,22380,8.789,16
11c66e3a,13479,8.7945,1
5c8d056d,13660,8.7945,1
1bdc3644,16666,8.7918,1
4b633433,23130,8.789,16
483c33ac,23831,8.789,16
7d02c9dc,19062,8.7945,16
5f97cff8,11915,8.789,1
6b050f0a,21430,8.7945,16
61262f77,19792,8.7918,16
420df095,21608,8.7918,16
292a8d21,23447,8.7945,16
172b187b,22893,8.7945,16
762b7b3c,13800,8.7918,1
48237ff3,21918,8.7945,16
b1d54a2,13752,8.7945,1
55cdb00b,15231,8.7918,1
2639840c,23755,8.7945,16
5b87566f,22965,8.7973,16
808660b,24012,8.7973,16
69519bec,22639,8.7945,16
3227b2e,13733,8.7945,1
6277710b,22819,8.7973,16
29046b70,19373,8.7945,16
67f06c59,19672,8.7945,16
4cef0b47,19042,8.7973,16
5c84e2ff,19401,8.7918,16
5223f4d,17209,8.7973,1
5ba5b262,18897,8.7973,16
e80daa7,20643,8.7973,16
482c78eb,18820,8.7973,16
2b4c3924,20983,8.7973,16
ff78b72,17731,8.7945,16
6c44d5a,17932,8.7945,16
3bf61cf8,19277,8.7973,16
401e9263,23698,8.7973,16
54d2157a,20735,8.8,16
674da889,21100,8.8,16
2f81dd1c,18344,8.8,16
5c4371b2,22320,8.7973,16
6cd76944,22260,8.8,16
58ee7337,19227,8.8,16
1c53c495,13250,8.8,1
1dcb9fd9,17233,8.8,1
16503e76,19660,8.7973,16
5c4046dc,15277,8.8,1
419af8b1,22100,8.7973,16
6ac65c7e,17085,8.7973,1
3a25b6ca,18662,8.8,16
68b35adf,19243,8.8,16
7f076a31,23531,8.8,16
694e5a10,18741,8.7973,16
dc1e850,21152,8.7918,16
31b3ceeb,22153,8.8,16
43a40fa0,19487,8.8,16
736b307,17465,8.7973,1
1c33e72b,22964,8.8,16
3bf509af,21370,8.8,16
3358b6d0,15233,8.8,1
50e27614,18409,8.8027,16
641a2e35,19063,8.8027,16
627e4984,17467,8.8027,1
224b7c32,21461,8.8027,16
61f7e05f,20642,8.8,16
176f3487,21677,8.8,16
54feb2a8,18669,8.8027,16
30720aec,21188,8.8,16
44dcf3da,12117,8.8027,1
1af70606,21259,8.8,16
60a6fe7a,20821,8.8027,16
7452c2d3,18046,8.8,16
55185503,20492,8.8027,16
76793e59,19405,8.8027,16
17ac0b83,20043,8.8027,16
663b7362,24088,8.8027,16
541cc1a6,13362,8.8027,1
97ee480,23756,8.8027,16
2871835b,20925,8.8027,16
36bac5ac,20956,8.8027,16
219d3e35,22807,8.8055,16
1ea957a9,18603,8.8055,16
13477c85,20409,8.8055,16
e350cee,18048,8.8055,16
2c8ab42b,20365,8.8055,16
73c52fd1,21940,8.8055,16
4cfd83b3,19997,8.8055,16
4d9608f,17088,8.7973,1
50997ba2,24013,8.8055,16
29cba676,20901,8.8055,16
72604e0c,17924,8.8027,16
90b48e7,17464,8.8027,1
46999c51,23799,8.8055,16
5dc6ab4b,23828,8.8055,16
29ca5e93,20199,8.8055,16
7a55673d,17120,8.8055,1
70241732,23356,8.8027,16
1850668e,19971,8.8082,16
63159dd1,22379,8.8,16
32287201,20904,8.8055,16
62656ef1,23897,8.8082,16
799a0025,18237,8.8082,16
135543fe,21791,8.8082,16
36aee1d2,19235,8.8082,16
4767357c,22050,8.8082,16
61ab6417,21485,8.8082,16
7265e15b,22101,8.8082,16
495fed4b,15280,8.8082,1
704baad1,19043,8.8055,16
ebcd987,19224,8.8082,16
662daddb,21099,8.8055,16
278e6b5d,17181,8.8055,1
1c241883,19228,8.8082,16
66efae0f,20493,8.8082,16
18ddbb7b,19950,8.8082,16
70453906,21189,8.811,16
4b45d3,19283,8.811,16
244560d0,22999,8.811,16
4cc0104c,19741,8.811,16
1f56616e,21147,8.811,16
3fc13d81,19558,8.811,16
4ab24f61,23827,8.811,16
1778be7d,19717,8.811,16
1366d238,23361,8.811,16
49f1c81d,23405,8.811,16
1caa6364,19977,8.811,16
2a317845,23599,8.811,16
72a0e325,20929,8.811,16
4735035,19664,8.8082,16
57f2185b,23015,8.8055,16
534c87f8,18093,8.811,16
180ce082,21265,8.811,16
54b86ce5,20430,8.811,16
8b9a6aa,13699,8.811,1
39de4096,23532,8.811,16
4c923543,21959,8.811,16
b65dc4a,19972,8.811,16
74122554,19873,8.811,16
3f0301b0,21170,8.8137,16
2778a74b,22488,8.8137,16
1c4bc169,18076,8.8137,16
6266033e,18530,8.8137,16
47c414b4,18235,8.811,16
2219b19d,19973,8.8137,16
332ba7b4,23377,8.8137,16
ec0620,19899,8.8137,16
5b03aef,22986,8.8137,16
7d29b597,24093,8.811,16
5cc60721,23183,8.8137,16
571da694,20054,8.8082,16
309b7977,22286,8.811,16
5fe1a3a0,13802,8.8137,1
6858203d,19402,8.8137,16
5b828df1,22414,8.8137,16
b20bc24,18665,8.8137,16
6111a913,20570,8.8137,16
c104da1,23639,8.8137,16
55b88bc,24075,8.8137,16
3ce7985a,23047,8.8137,16
5678bb8d,15221,8.8164,1
4f72cdd6,19992,8.8137,16
532f26fd,23598,8.8164,16
a2a2487,15241,8.8164,1
58846ac1,22783,8.8137,16
17269925,21570,8.8164,16
7b13e3e3,18561,8.8137,16
20c6ee1a,21172,8.8164,16
5bef5aa1,11929,8.8164,1
78a31f48,17730,8.8137,16
66aaa029,21287,8.811,16
1ccbe744,23671,8.8164,16
b6a6cf9,21272,8.8164,16
1aafb8fe,21092,8.811,16
2af10567,21526,8.8164,16
4ac8162e,22985,8.811,16
70c10222,17142,8.8164,1
97a39f4,17775,8.8137,16
24fe7de9,21229,8.8137,16
512f8186,18985,8.8137,16
73d77cf9,17123,8.8164,1
79247dcb,21298,8.8164,16
21c95e82,23190,8.8164,16
c47c88c,24145,8.8192,16
71bcb685,19248,8.8192,16
27f2dbd6,13243,8.8192,1
443f5d49,17127,8.8192,1
1eafaa20,18994,8.8192,16
75f9ca39,18821,8.8192,16
47487fa2,18069,8.8192,16
79a3b717,15138,8.8192,1
1abeeca9,24015,8.8192,16
212d55c5,11936,8.8164,1
242d24e,22581,8.8192,16
259c9b2d,18139,8.8164,16
63074ef7,13762,8.8192,1
41e39b86,20880,8.8192,16
2c55fcb7,18912,8.8192,16
671d1785,20445,8.8219,16
1dac796a,13488,8.8219,1
50543e56,23657,8.8219,16
5f0fcec1,23378,8.8192,16
5d1065c8,18323,8.8219,16
2619adb8,18666,8.8219,16
7bfb3d56,21737,8.8192,16
1318bf32,18670,8.8219,16
7848d6da,23077,8.8192,16
77665769,17121,8.8219,1
1cf94050,20044,8.8219,16
3ecacf14,12118,8.8192,1
8a2011,18298,8.8219,16
4512e276,23448,8.8192,16
13bfd144,13253,8.8219,1
7be50e48,23357,8.8192,16
2a3e338d,18892,8.8219,16
78ed75ee,23277,8.8219,16
1535be46,23358,8.8219,16
4426415f,23423,8.8192,16
467175e6,21946,8.8247,16
4e771b6d,20125,8.8247,16
1d8884fe,20616,8.8247,16
66050fd,11894,8.8219,1
7a8fe3e5,18414,8.8219,16
ed9c0a4,13707,8.8219,1
1a51fe42,20881,8.8219,16
362688b7,17230,8.8247,1
7b3515d0,15259,8.8219,1
22c3d13c,20463,8.8247,16
62dff920,18660,8.8137,16
7319bee8,18843,8.8247,16
31e3a332,16645,8.8247,1
60bea6fc,12120,8.8219,1
3376a4ae,17179,8.8247,1
f80d9cd,17494,8.8247,1
120b27e4,19403,8.8247,16
717ea1f,19186,8.8274,16
393dbffc,20336,8.8219,16
1c27d87,15282,8.8247,1
80582c3,20055,8.8274,16
437aa020,19945,8.8274,16
7b05ed42,18031,8.8274,16
77f00ea3,18238,8.8247,16
4be884c9,18926,8.8274,16
693999e0,23333,8.8247,16
4d8e0d9e,21455,8.8274,16
5be3dfaf,13451,8.8247,1
f58466c,19964,8.8247,16
2a8b38fe,21094,8.8247,16
175432cc,13748,8.8247,1
76773182,23509,8.8274,16
18fb930,18198,8.8274,16
408d377f,20073,8.8247,16
5363460f,23728,8.8274,16
520f992e,20718,8.8301,16
1f29ce25,18387,8.8301,16
6c9659f6,18386,8.8301,16
b5929af,21756,8.8301,16
5a62c4fa,20237,8.8301,16
758a2902,22087,8.8301,16
6542b92e,20357,8.8247,16
45cca9e1,23334,8.8301,16
25834033,21162,8.8274,16
45fd8109,19213,8.8301,16
7b04f49c,13286,8.8274,1
28715ff9,23001,8.8301,16
370dba12,19044,8.8219,16
14a7cdea,15124,8.8301,1
2b1a9595,23197,8.8301,16
7766247e,21242,8.8301,16
2d61cdaa,21122,8.8301,16
7839d71,23795,8.8301,16
78ca1629,18092,8.8301,16
9b8bb96,21149,8.8301,16
3e49989a,20865,8.8274,16
1d660e64,20990,8.8274,16
61570ac,23763,8.8301,16
2ec65519,20281,8.8274,16
6c10595a,19559,8.8329,16
5c398513,21171,8.8329,16
7101a5de,20910,8.8301,16
47120c37,21311,8.8329,16
5c3c3b42,20896,8.8301,16
40cec341,18913,8.8301,16
191f12eb,21921,8.8329,16
50cfd756,20267,8.8329,16
615b7d38,18844,8.8301,16
2c1cb7c4,23449,8.8329,16
40d3bc7c,19181,8.8301,16
60f980db,15274,8.8329,1
2725728c,13749,8.8329,1
9fe6459,21458,8.8329,16
40954035,11668,8.8301,1
6a81f906,17116,8.8329,1
663c47c8,17128,8.8329,1
1c9a2bfa,21225,8.8329,16
76e444b4,20227,8.8301,16
1348caa7,20550,8.8329,16
174edd01,16644,8.8329,1
5ac6f1e9,21492,8.8356,16
e774f9c,20097,8.8356,16
6ef58f9,11928,8.8356,1
654ad0c4,13761,8.8356,1
e53cfe1,20894,8.8356,16
5b9b317e,19659,8.8356,16
3adc49d9,18510,8.8356,16
5778aed2,15244,8.8356,1
37670ab9,21029,8.8356,16
47444f1b,21790,8.8301,16
45d6964c,18745,8.8356,16
1d1c9dae,13784,8.8356,1
f80bee1,17122,8.8329,1
6ad9149d,17197,8.8329,1
1bcc8b7c,19590,8.8356,16
62449446,22022,8.8301,16
68395959,13656,8.8329,1
45f10776,21339,8.8356,16
6237d9e1,21299,8.8356,16
4ae6d53f,23184,8.8356,16
350e3074,21866,8.8356,16
73ae6437,18833,8.8356,16
51ff188a,18750,8.8329,16
2d4c70a7,22510,8.8384,16
cf2f171,19206,8.8384,16
690578ea,20557,8.8356,16
68474a77,18096,8.8329,16
690a2621,17732,8.8384,16
409848c2,21527,8.8384,16
559f15e8,18630,8.8384,16
e9fc13e,18393,8.8384,16
4c1f3a2f,19722,8.8384,16
749c36a3,17957,8.8384,16
76c0beaa,23366,8.8356,16
626077d,22899,8.8384,16
50b89785,19185,8.8384,16
33dd9bd4,22844,8.8384,16
26618a22,15099,8.8384,1
13445cee,22809,8.8384,16
55a755aa,24089,8.8384,16
7ab98366,23451,8.8356,16
5bc79883,16643,8.8301,1
630cbd8c,22805,8.8384,16
3c508902,17117,8.8384,1
7d5921c1,19236,8.8384,16
164a2430,23699,8.8384,16
79af2956,18322,8.8411,16
7f490b32,21871,8.8411,16
47e99540,20236,8.8411,16
3e1a1791,23460,8.8411,16
c55229,18217,8.8356,16
24e6c6d4,21747,8.8411,16
717b6b5f,18368,8.8356,16
a02efe,19573,8.8411,16
3707b543,23363,8.8384,16
72a9c746,21144,8.8384,16
3c4f6576,18538,8.8356,16
16312ccc,20630,8.8411,16
1767272a,22018,8.8411,16
1dc03528,22261,8.8384,16
5ae39733,17107,8.8384,1
452b97ef,16620,8.8384,1
6bdbb617,22085,8.8411,16
772eb731,23642,8.8411,16
31b2ece8,19376,8.8438,16
4927e47f,24007,8.8438,16
38bb61ce,18595,8.8438,16
283f81de,19591,8.8438,16
23b4d499,20062,8.8384,16
1e62f1c0,15200,8.8411,1
1cf74a02,21995,8.8438,16
4660f5f4,20040,8.8438,16
3a0420d8,23619,8.8438,16
6e617737,23649,8.8438,16
48c7c516,19284,8.8411,16
25d6e64d,21315,8.8438,16
352c8c81,18857,8.8411,16
6cd9f8d1,22796,8.8438,16
670477ca,22128,8.8438,16
430c0e27,20202,8.8411,16
41858672,23658,8.8438,16
5a1c6c7a,17129,8.8384,1
6e53b61e,22812,8.8438,16
3f2160c1,22516,8.8411,16
7bdffac8,21238,8.8438,16
160455d7,20847,8.8411,16
6cf8264d,22771,8.8438,16
6fdf0346,22896,8.8438,16
2f4294d1,15260,8.8438,1
1b51de90,20819,8.8438,16
1fdc6e88,20111,8.8438,16
2b423a49,20839,8.8438,16
109dd7ec,20363,8.8411,16
5ad3e31,19444,8.8466,16
7979b822,20618,8.8466,16
43535536,23733,8.8466,16
502b2fd3,21462,8.8466,16
29b3fa99,18496,8.8466,16
3d0fd807,17960,8.8356,16
513f2521,15262,8.8466,1
65332f8c,17211,8.8466,1
3c903cf9,17765,8.8438,16
4ebc27f6,18613,8.8466,16
7f9c148c,21358,8.8438,16
34eb1cbb,13363,8.8466,1
45204abf,21069,8.8466,16
57a23073,20964,8.8466,16
2b112a44,22994,8.8466,16
16dbac2b,22600,8.8411,16
9fcf208,19341,8.8466,16
4f1b6aec,19667,8.8438,16
6dfa2a41,19886,8.8466,16
260b7921,20573,8.8466,16
4809b35a,23134,8.8466,16
5cd1ecbd,22659,8.8466,16
60456d44,21954,8.8438,16
20eb3d72,23707,8.8466,16
1d7ad21c,21057,8.8466,16
186c318a,19894,8.8493,16
4b0b823e,17450,8.8466,1
75f24165,18316,8.8493,16
6ff956,19605,8.8493,16
4bce3175,23686,8.8493,16
3257a9e7,21796,8.8493,16
5bd1ce82,13355,8.8493,1
4f442d2a,23640,8.8493,16
25dad7e1,22548,8.8438,16
26416619,19454,8.8466,16
3e16d6a4,19083,8.8493,16
5a803f45,15087,8.8438,1
607ff8f9,19397,8.8438,16
6f687d80,21996,8.8493,16
1cfeca53,20228,8.8493,16
475fb49e,23833,8.8493,16
7a2e6ea6,21028,8.8466,16
587834bc,22453,8.8493,16
74d0d64e,22454,8.8493,16
1e1636d5,19337,8.8438,16
28488b77,15242,8.8466,1
24579acd,23823,8.8493,16
1af6dd79,17137,8.8466,1
3d93972f,18061,8.8466,16
1a579b37,19202,8.8493,16
4f835475,24149,8.8466,16
600c63ce,21798,8.8521,16
26634491,13448,8.8521,1
78151cf0,23777,8.8521,16
599ec632,21058,8.8521,16
6a05e6c9,17451,8.8521,1
1c6e3dfa,15104,8.8521,1
54f53f07,13643,8.8521,1
ceb1188,20575,8.8493,16
ffa11c8,21867,8.8521,16
5f587e5b,20403,8.8521,16
61834c6a,19674,8.8521,16
70588cd4,18631,8.8521,16
246ba406,23196,8.8521,16
7bc09512,23796,8.8493,16
63b1f090,20765,8.8521,16
7ce8be40,18748,8.8521,16
67f69697,18201,8.8521,16
53fc9891,23541,8.8521,16
2a4e5d7c,19557,8.8521,16
157ea3a3,22474,8.8521,16
1830cbab,11893,8.8521,1
55593522,23124,8.8521,16
6485330,23512,8.8521,16
31477b78,22361,8.8521,16
76980f3,15287,8.8521,1
69ba6591,13274,8.8521,1
75d6bda1,21266,8.8521,16
3143a1f8,19560,8.8521,16
3bd59013,285,8.8466,1
21ceef09,19988,8.8466,16
1f9fc15,11924,8.8521,1
4182723e,20375,8.8521,16
1a69839e,23250,8.8493,16
6d625797,20524,8.8548,16
7a201720,18893,8.8548,16
34f74525,13805,8.8548,1
66b6d207,23362,8.8548,16
35a7bd1d,17193,8.8548,1
1997efa9,22998,8.8521,16
7d485e8c,21036,8.8548,16
32301d30,18363,8.8548,16
63f472ac,21326,8.8521,16
6da4cd9a,18132,8.8521,16
20d67801,13469,8.8548,1
3d521cc3,20282,8.8521,16
65dbe875,22772,8.8548,16
1b9e5667,21089,8.8548,16
5b3f26aa,19346,8.8548,16
103ce84a,18390,8.8521,16
3d255a8a,20584,8.8521,16
54e10e27,16646,8.8548,1
76c97867,21683,8.8548,16
140b04c,19167,8.8548,16
44f4e6d6,21165,8.8548,16
16265be4,20578,8.8493,16
97bcef1,13480,8.8548,1
4aeaff31,18686,8.8548,16
77ddbc4b,17998,8.8548,16
739ba02c,22511,8.8548,16
57463cc0,18610,8.8575,16
4a48426e,22908,8.8548,16
54266e31,18133,8.8575,16
50ed8088,22991,8.8575,16
7e59d079,13254,8.8548,1
181f434e,18585,8.8548,16
10cc3911,18426,8.8575,16
2c191240,18062,8.8548,16
1c73d5a2,21154,8.8575,16
7e14f051,17109,8.8548,1
f615a33,22810,8.8548,16
6b0ed28d,15288,8.8575,1
3e75f42b,19564,8.8575,16
69d2c48b,20957,8.8575,16
5bf91170,23307,8.8575,16
301d2798,22778,8.8575,16
3528536a,17167,8.8575,1
28af65f8,21799,8.8575,16
57a61afa,12124,8.8575,1
c6d916e,23621,8.8575,16
e5ed671,21500,8.8548,16
799a991e,18325,8.8575,16
36040dbe,20623,8.8548,16
791a77d3,11908,8.8575,1
2a495dad,13700,8.8575,1
4d5ff3d4,13750,8.8575,1
35ca5950,20549,8.8603,16
1fc404d5,23605,8.8575,16
7f8096b5,15234,8.8603,1
4d731bc2,19092,8.8603,16
2a94dbe5,22856,8.8603,16
154990ce,20780,8.8603,16
6e8799ec,13453,8.8603,1
3b7f22f5,19916,8.8603,16
37b88d8c,21997,8.8603,16
4d7d6df8,18782,8.8575,16
6e2ea455,23687,8.8548,16
3cb41885,21476,8.8575,16
7e9eed6c,21922,8.8603,16
752f72ca,23414,8.8548,16
5dd0750d,22098,8.8603,16
db9cbde,17940,8.8603,16
16aeca30,13813,8.8603,1
ac28850,19869,8.8603,16
33ef1e9,18339,8.8603,16
401a2d6b,21313,8.8493,16
53a01bda,21821,8.8603,16
44b5956b,21312,8.8603,16
20858012,21581,8.863,16
3e1b1c5a,24069,8.863,16
4a5e03c9,21070,8.863,16
5b3e0e9c,13753,8.8603,1
26fd4149,23208,8.863,16
35830595,24148,8.8603,16
573790f9,13644,8.863,1
31a8bf89,23689,8.863,16
b52a23e,21141,8.8603,16
2e996b8c,18216,8.863,16
20b30726,23734,8.8603,16
6a564fb9,20063,8.863,16
4b68fb91,22417,8.863,16
3fc84182,21919,8.863,16
43b4c080,18743,8.8493,16
21155717,17961,8.863,16
7c67b7f4,21414,8.863,16
19a7fe24,16672,8.863,1
159f2af2,24096,8.863,16
1f38f54a,22552,8.863,16
6e8c5526,13004,8.863,1
6826bd92,23069,8.8603,16
6380f26e,18834,8.863,16
41ba2a23,22973,8.863,16
8453fb2,22324,8.863,16
6a0ce22a,22265,8.863,16
3a0c0be1,19214,8.8658,16
457076e4,17092,8.8658,1
29541c02,18818,8.8658,16
74c3fe97,23579,8.863,16
55958fd1,19848,8.8658,16
10b461e3,18324,8.8658,16
e335b05,23272,8.863,16
5635f247,17108,8.8603,1
5f08408f,22319,8.8658,16
34542abf,23587,8.8658,16
75cfeaf,22250,8.8658,16
7e0293c9,18264,8.8658,16
6393b8be,22640,8.863,16
768767a1,17695,8.8658,1
16ce4658,22990,8.8658,16
7cb81393,20644,8.8658,16
21002f2,23735,8.8658,16
334f9dc6,24090,8.863,16
4fe7c77e,15088,8.8658,1
2bffa45c,22334,8.8658,16
17670e3b,20822,8.8658,16
1c91bf8e,21150,8.8658,16
156289b7,21498,8.8658,16
644f7052,23073,8.8658,16
3df79a11,20381,8.8658,16
3244e5c3,24097,8.8685,16
30b0a2b1,21822,8.8685,16
1dfd3366,17496,8.8685,1
49ce7515,22845,8.8658,16
16129af6,20220,8.8658,16
1c532e5f,23381,8.8658,16
3811067,22086,8.8685,16
167e9729,17192,8.8685,1
62ecf083,18781,8.8685,16
67c81b57,20576,8.8685,16
e64389f,18627,8.8658,16
b89a938,20047,8.8685,16
2c3c19bd,17141,8.8685,1
497707fe,19849,8.8685,16
66787e8f,17113,8.8685,1
20fedb11,20369,8.8658,16
6c43df42,22630,8.8658,16
1d7a6dc3,20270,8.8685,16
28122141,23494,8.8685,16
3853e4e5,19296,8.8685,16
287a4c33,19808,8.8658,16
6ea386ad,17969,8.8685,16
1c68fdf4,13678,8.8685,1
52b29fcf,12997,8.8685,1
75e13db0,18220,8.8685,16
3cf6bc36,21565,8.8712,16
7055b4f,23588,8.8712,16
5cd99106,20782,8.8712,16
1ad321b5,21030,8.8712,16
662383e2,20376,8.8712,16
4b51734a,13454,8.8712,1
79c2fdad,17239,8.8685,1
5b109a87,17136,8.8712,1
58cdd6d9,22404,8.8712,16
228b62b1,18632,8.8712,16
3d9be4ec,22586,8.8712,16
b569698,23095,8.8658,16
7231e3a9,9689,8.8712,1
22cc35bf,19673,8.8712,16
1423dfb0,13804,8.8712,1
76fde55c,13654,8.8685,1
49a05f4d,22975,8.8712,16
1178edb9,19606,8.8712,16
34f1c17b,18751,8.8712,16
3e25560a,18340,8.8712,16
276b9397,20088,8.8685,16
6cfafa00,21446,8.8712,16
1293def2,19445,8.8712,16
563a04fd,20366,8.8712,16
423b8d36,18614,8.8685,16
39b759cd,23832,8.8712,16
2a68e01,17236,8.8712,1
6a035c79,19592,8.8658,16
4bd7f44,20719,8.8712,16
1a7110d8,18411,8.8712,16
198b4b6a,20991,8.8712,16
2f6b18dc,20724,8.8685,16
40c3052a,21135,8.8712,16
52263a3a,19278,8.8712,16
11b5eb0f,18365,8.8685,16
2473a5e0,21167,8.874,16
23251d80,13657,8.874,1
7f146d34,21148,8.8685,16
666fac1d,19989,8.874,16
3e5d0faf,21102,8.874,16
5d4915b4,20958,8.8712,16
639a7081,15125,8.874,1
780e27ab,17234,8.8658,1
2ef87f72,23729,8.874,16
3b893bac,11662,8.8712,1
ba75a24,18596,8.8712,16
29d1784,21869,8.874,16
6ff3fb4a,23404,8.874,16
35946f02,20796,8.8658,16
78ba0166,21924,8.874,16
1dd5f943,23096,8.8685,16
4cccd8ef,21873,8.874,16
78e14013,23546,8.874,16
77c62e44,19251,8.874,16
5bbe1fce,23620,8.8712,16
35c6dd3b,21269,8.874,16
2c92f6a7,15275,8.874,1
2ef41597,21757,8.874,16
f106a8e,20599,8.874,16
4659e586,18910,8.874,16
45eb652,16674,8.874,1
36807fac,23311,8.874,16
42d87de,21261,8.8712,16
3fb17e32,15281,8.8712,1
36cdd997,23800,8.874,16
1af48b2b,20439,8.8767,16
70f287f8,23364,8.8767,16
385bdfd,21998,8.8767,16
6b7ed924,21738,8.8767,16
6f13fa83,23424,8.8767,16
3809c072,226,8.8685,1
5f8a6a97,20108,8.8767,16
7d30190,23242,8.8767,16
29973ec2,22338,8.8767,16
343d752d,23672,8.8767,16
38ef7fef,20293,8.8767,16
27af26e3,18364,8.8767,16
375e7dfa,22074,8.8767,16
8b2014b,23302,8.8767,16
6815f221,21674,8.8767,16
3881478a,23504,8.8767,16
2b46f8cb,23708,8.8767,16
75004b7e,21848,8.874,16
31755989,18894,8.8767,16
76b6317c,21758,8.8767,16
6aaa0fc1,21060,8.8767,16
1d86e251,22252,8.8767,16
7b9daca6,18501,8.8767,16
1dd82086,21941,8.8767,16
6244979,19225,8.874,16
415ea510,20781,8.8767,16
6a9163e0,18145,8.8767,16
7bb07efd,13661,8.8795,1
75456b69,21579,8.8795,16
418736f4,15245,8.8767,1
3938ffaf,23835,8.8795,16
1c6e8437,21395,8.8795,16
4dcff2f9,19853,8.8767,16
422ebaf0,20882,8.8795,16
76ad0e4c,22486,8.8795,16
3ae614d7,22248,8.8795,16
44dd41a3,22995,8.8795,16
56b1af90,13725,8.8767,1
2cfa3a33,12996,8.8795,1
5e4f473d,20574,8.8795,16
577870c3,18740,8.8767,16
1b34fc66,22596,8.8795,16
11fe137b,23510,8.8795,16
3f8088be,21561,8.8767,16
425606df,23131,8.874,16
7e3d053f,20218,8.8795,16
1f39a448,20577,8.8795,16
24c71a69,18663,8.8795,16
29810b83,21331,8.8795,16
56d580d0,18586,8.8795,16
405763c8,21768,8.8767,16
129e846e,21955,8.8795,16
e96c006,20148,8.8795,16
3b24c477,21371,8.8795,16
21d40d67,22669,8.8795,16
74bf1204,19203,8.8822,16
f8d6678,19013,8.8822,16
69d63e13,19951,8.8822,16
51f855df,20514,8.8822,16
5ddb52d6,17476,8.8795,1
6c11d7bb,21316,8.8822,16
5b707b14,21294,8.8822,16
398151b3,23778,8.8822,16
44c2b551,17733,8.8822,16
617fd636,13255,8.8822,1
723a316b,18415,8.8795,16
65012666,19742,8.8822,16
75708018,15264,8.8822,1
464f5bcc,13459,8.8822,1
599eeb55,12121,8.8822,1
332a1ac1,13740,8.8822,1
529332b7,23434,8.8822,16
7a0c2864,22837,8.8822,16
6f2894f0,23359,8.8795,16
b0d077d,20122,8.8822,16
3720bceb,21061,8.8822,16
19ca3d19,23617,8.8822,16
21e794c,15286,8.8822,1
5e069e5e,22130,8.874,16
61cbb09d,16647,8.8795,1
533e9fab,19962,8.8822,16
1b544220,23517,8.8822,16
6af18c1f,19874,8.8849,16
297a6126,22138,8.8849,16
48b38989,13734,8.8849,1
56829684,12119,8.8849,1
71e69838,21201,8.8849,16
481a8166,20358,8.8849,16
63f94f49,24002,8.8849,16
2e6d6d0e,24016,8.8849,16
2d580990,23308,8.8795,16
6c19f8f1,17231,8.8849,1
29fb9a12,21687,8.8849,16
35763ffa,20989,8.8795,16
3263447b,18813,8.8849,16
70b63147,13677,8.8849,1
534b91d0,18822,8.8822,16
23b6a2dc,18929,8.8822,16
2695baa1,23048,8.8849,16
2218c866,21743,8.8849,16
97ad8ac,21609,8.8849,16
63e5e96b,21744,8.8849,16
696df8a2,13627,8.8849,1
6c2f31d6,22191,8.8822,16
6764ce40,22192,8.8822,16
35b6132,23005,8.8822,16
4fb97e83,18659,8.8822,16
5a0d5723,23688,8.8849,16
1d93998,20519,8.8822,16
15433c1a,23051,8.8849,16
1b5a84ec,18003,8.8877,16
43d02444,23951,8.8877,16
2a0de6,19872,8.8877,16
471917db,21662,8.8877,16
779de454,17970,8.8877,16
7ecbe341,18563,8.8877,16
72dbde3c,22224,8.8849,16
382f73af,22009,8.8877,16
7a9f92ea,22075,8.8877,16
75b7e5ad,19093,8.8877,16
6d90100b,20558,8.8849,16
2ee1b41d,21323,8.8849,16
28ef7be9,19313,8.8877,16
62bf69d4,23736,8.8877,16
fc22dc0,22900,8.8877,16
2ca02179,21444,8.8849,16
7fc33737,22012,8.8877,16
662b10d2,17237,8.8877,1
28548deb,20147,8.8877,16
c6d279b,17488,8.8877,1
78198dfa,21335,8.8877,16
551fc069,20380,8.8822,16
33832f72,16622,8.8877,1
d900450,13281,8.8877,1
6c95d7f4,22665,8.8904,16
39523e45,18995,8.8904,16
1265ad8e,22284,8.8904,16
38b7e80f,19314,8.8904,16
3508d9cd,21418,8.8877,16
1d00693f,19963,8.8904,16
bde67f,19544,8.8904,16
2236aecc,18137,8.8904,16
2546dd15,19998,8.8904,16
56f3aec1,293,8.8904,1
48247cb1,18338,8.8904,16
2206f7a3,19065,8.8904,16
143a481d,18224,8.8904,16
5f73ebb7,21846,8.8904,16
4cce2b39,20955,8.8904,16
78011c7,22405,8.8904,16
6caa2472,20099,8.8904,16
4520b14d,11896,8.8904,1
458d6a21,18516,8.8877,16
2cc44403,18033,8.8932,16
11ee2541,24008,8.8932,16
16e70092,21113,8.8932,16
25b992ad,11909,8.8932,1
451d7f76,19340,8.8932,16
6bd004d7,22052,8.8877,16
59cd595a,20482,8.8904,16
30088434,19170,8.8932,16
1e40bb8c,18597,8.8932,16
755df22f,19685,8.8932,16
46696257,17768,8.8932,16
79f300d3,17493,8.8932,1
75552d43,20786,8.8932,16
32b4778a,18275,8.8904,16
2933368b,21114,8.8932,16
33e57508,20367,8.8932,16
196c59d0,18051,8.8904,16
9fd285e,20048,8.8849,16
756c73d,16669,8.8877,1
3e13d2f9,22262,8.8932,16
2f8aea96,19095,8.8849,16
1fbd0682,20820,8.8904,16
7e86d48,18747,8.8904,16
67d88427,23895,8.8877,16
274ce356,19669,8.8822,16
2cfdb9c5,22325,8.8932,16
5fea7373,24106,8.8932,16
2814f71a,22321,8.8959,16
6c524d7d,22331,8.8959,16
13745960,23452,8.8877,16
2cc445f2,13768,8.8959,1
2039caf2,23312,8.8959,16
4a1e68f0,18598,8.8959,16
2f9a45c8,13727,8.8959,1
515ddce3,20238,8.8932,16
5f38f8ef,20126,8.8959,16
31b8c7a0,23641,8.8959,16
4cf1605a,23453,8.8932,16
737417e3,23427,8.8959,16
6b1366e2,23425,8.8959,16
777183d8,17466,8.8877,1
1ce139e7,18580,8.8959,16
74cb4130,19099,8.8959,16
28a6f130,13645,8.8959,1
5bd56991,15139,8.8959,1
8cda607,13728,8.8959,1
7899e58a,22857,8.8959,16
43d2489f,17761,8.8959,16
6d22d57f,22329,8.8959,16
1d4ba0ab,20840,8.8932,16
61b77449,23003,8.8959,16
5261bc4b,13491,8.8959,1
2d34cb1,19990,8.8959,16
4fd1dfae,22369,8.8959,16
7c24b789,20095,8.8904,16
772885e2,23694,8.8904,16
34237206,22795,8.8959,16
601f5d4,19349,8.8986,16
74adc2d1,20736,8.8986,16
6825fd8c,22196,8.8986,16
31d7f210,24152,8.8986,16
1b31e8e1,20848,8.8959,16
129c03d7,20624,8.8986,16
b539ab1,20107,8.8986,16
7c18d6fe,12122,8.8986,1
78170ba6,20377,8.8986,16
53718285,11895,8.8986,1
7ced69af,18691,8.8986,16
7d2599bd,19404,8.8959,16
66cc87a9,20129,8.8986,16
235ddd61,19287,8.8986,16
14bcb21c,19234,8.8986,16
4b866fa4,23836,8.8959,16
5cb1c76a,16638,8.8986,1
2864c9d0,18012,8.8986,16
19004b8,19005,8.8986,16
5e42f29a,20239,8.8986,16
7cd176fd,23209,8.8986,16
2f1f871c,23918,8.8932,16
571c3614,17138,8.8986,1
544310a,13452,8.8986,1
16570569,15089,8.8986,1
4cdbc51a,21391,8.8986,16
4f1b040,19743,8.8986,16
6bb541a9,20010,8.8986,16
3f84687c,22494,8.8959,16
64915e22,18034,8.8986,16
1f2f8cfa,17242,8.8986,1
4a22f5de,23450,8.9014,16
5ae3cc53,19545,8.9014,16
29b5a59d,21063,8.9014,16
d5d1dc0,13747,8.8986,1
6ff9e937,18729,8.8986,16
6e060a78,21956,8.8959,16
1f3cea64,19918,8.9014,16
7c97fd25,18269,8.9014,16
780a3667,19179,8.9014,16
1ddc87bb,23578,8.9014,16
524ebbf7,13785,8.9014,1
654b31ae,18664,8.9014,16
532e290d,20911,8.9014,16
267696f7,20431,8.9014,16
f662550,18134,8.9014,16
76fe8a58,19744,8.9014,16
4a041368,21573,8.9014,16
5857e5f1,18966,8.8959,16
66a5070e,13735,8.8986,1
640bfdc8,24094,8.9014,16
e7e2d72,23235,8.9014,16
69e13921,19870,8.9014,16
48026cfd,21123,8.9014,16
27b2ce64,18509,8.9014,16
1cec92e7,17468,8.9014,1
630629b5,21563,8.9014,16
3ce3cc5,13786,8.9014,1
4a3dd42c,18366,8.9041,16
1b43ac5a,20480,8.9041,16
648a3291,24155,8.9041,16
1824075f,21971,8.9041,16
6afe288a,19168,8.9041,16
72996184,20571,8.9014,16
5ea4791f,20655,8.9041,16
289b3150,19286,8.9041,16
f56c91,16627,8.9041,1
c230cdb,20552,8.9041,16
65742634,22301,8.9041,16
327f51b1,22326,8.8959,16
146f5ff,23776,8.8986,16
3485fcff,11912,8.9041,1
2fa4389d,21244,8.9041,16
359bd4da,22011,8.9041,16
5ec48d88,22565,8.9014,16
4a15075f,24146,8.9041,16
516c68e6,23016,8.9014,16
5f82d286,21749,8.9041,16
25d0ac33,18202,8.9041,16
77bfd383,21817,8.9041,16
2043535f,17195,8.9041,1
471d7829,23513,8.9041,16
75041374,18744,8.9041,16
3cdbf9b0,21240,8.9041,16
1cca7b2c,5904,8.9014,1
35aa8257,18692,8.9041,16
303a84ac,18685,8.9068,16
6570be6c,23819,8.9068,16
685dd0b,19999,8.9068,16
4959c5ec,19381,8.8986,16
67f6e13c,18084,8.9068,16
73f271ba,23834,8.9041,16
2d22378f,22394,8.9068,16
4d416f99,19607,8.9068,16
65849ebf,20404,8.9068,16
62754146,15235,8.9068,1
5ed78cc8,20112,8.9068,16
182c0d2c,20203,8.9068,16
5556b035,20511,8.9041,16
591c19f0,20625,8.9068,16
112b1ce4,21818,8.9068,16
73f863c5,15105,8.9014,1
380019d6,19064,8.9068,16
bc545fb,23580,8.9068,16
32af0eea,22512,8.9014,16
4b7c5a8c,15236,8.9041,1
615c4dfb,17194,8.9068,1
6ab72485,22549,8.9068,16
20a5af67,13626,8.9068,1
c6002c4,23137,8.9068,16
41555992,21669,8.9068,16
256191fe,18135,8.9068,16
76211adb,21868,8.9068,16
7b725def,19094,8.9068,16
7f62d043,17921,8.9068,16
77081667,21558,8.9068,16
412ab958,18047,8.9068,16
5e4f8719,18052,8.9068,16
7e77ca22,11937,8.9068,1
7ec2f7c,19496,8.9041,16
20c6b9c9,21367,8.9068,16
4932051b,13482,8.9014,1
5c9ebea6,19105,8.9068,16
7e3e9974,23079,8.9041,16
5c6bbee5,15126,8.9068,1
49765c50,22504,8.9096,16
10b582b8,21062,8.9068,16
1a4a4ce3,23004,8.9096,16
1b5745d9,20982,8.9096,16
60b81e3f,23700,8.9096,16
5ca4e0d2,19900,8.9096,16
14c192f1,15237,8.9096,1
3d7fc6da,22079,8.9068,16
3599643d,23542,8.9096,16
15f0cd57,11931,8.9068,1
6e291d4b,23597,8.9096,16
7ebc9f7c,23150,8.9096,16
95cc0f2,20943,8.9096,16
76675c65,19896,8.9041,16
8216618,11913,8.9096,1
57ff4142,13763,8.9096,1
1b28983e,18226,8.9068,16
3dcd1d55,23456,8.9096,16
1056a630,20304,8.9068,16
5de6c1a7,22339,8.9068,16
7105eafd,15291,8.9096,1
72975363,19850,8.9041,16
63700fe,20373,8.9096,16
6043dbd7,18731,8.9096,16
2d21cc67,22813,8.9068,16
78534b23,20149,8.9096,16
92881f9,21270,8.9096,16
265f04d6,19051,8.9096,16
6e1b5735,23798,8.9096,16
4dfafc65,22076,8.9096,16
2f92acaa,24005,8.9096,16
b665ec8,18869,8.9096,16
71b5643a,15119,8.9068,1
452337c6,24006,8.9096,16
5fa0f2d3,24154,8.9123,16
65ede271,18749,8.9123,16
3fa3ce42,19965,8.9096,16
63624377,22996,8.9068,16
3b8c03a2,23691,8.9123,16
317890c8,22815,8.9096,16
1008997b,20836,8.9123,16
618009f6,18222,8.9123,16
3a4a8777,11669,8.9096,1
4f41ae26,21262,8.9123,16
1b5635f4,18221,8.9123,16
5ba596fd,20658,8.9096,16
7af840d1,17934,8.9123,16
14e701c6,23022,8.9123,16
5615ade2,19953,8.9123,16
37d79872,19066,8.9123,16
713cce64,19519,8.9123,16
7c46db41,20590,8.9123,16
4400e2d0,23470,8.9123,16
1ed361f4,16639,8.9068,1
68c522a7,21314,8.9096,16
13c4f8e0,23852,8.9096,16
5912a50a,22658,8.9123,16
1ac7ca9a,24091,8.9123,16
5bd6037f,21559,8.9096,16
6f66086,21139,8.9123,16
6f61e31d,18574,8.9123,16
2317210e,19131,8.9123,16
7a0acec,24156,8.9123,16
6c069a9c,20849,8.9068,16
c1fe50a,21999,8.9123,16
169aaad6,16676,8.9123,1
145fb325,13353,8.9014,1
4cd50948,19546,8.9123,16
3f11926d,13246,8.9123,1
7c9e4343,17928,8.9151,16
1531116e,21138,8.9151,16
71cac5c9,22077,8.9151,16
42fbb367,23469,8.9151,16
4cf17420,13464,8.9151,1
51d6a6b1,21942,8.9151,16
31cca6e2,23459,8.9151,16
7cfd48e4,18705,8.9151,16
7615d5cf,20645,8.9151,16
696a20e1,23313,8.9096,16
2efd1998,18784,8.9151,16
4a7ad1d8,20309,8.9151,16
68c3454f,11663,8.9151,1
1299cef5,17502,8.9151,1
1db7f395,17196,8.9096,1
4c1194cd,22332,8.9123,16
2a4c896f,19917,8.9151,16
6cbb7467,18209,8.9151,16
70d39c39,23000,8.9151,16
2ce10ab0,13481,8.9151,1
6228f9b2,18314,8.9151,16
5587b1dc,18689,8.9151,16
767ec0a7,19884,8.9151,18
39d9dd01,22229,8.9096,16
1d49e400,19970,8.9178,16
38096b72,17144,8.9178,1
506824fe,22697,8.9178,16
27aeda27,20938,8.9178,16
75955336,22967,8.9178,16
634f40d,21277,8.9151,16
50c926e9,13746,8.9178,1
17ea7fe1,20464,8.9123,16
46c4e0d9,19106,8.9151,16
191707d4,21239,8.9123,16
38a21c67,19966,8.9178,16
7cf369e5,22287,8.9178,16
1d509c8a,21416,8.9178,16
2c50bba,22150,8.9178,16
3c580153,22371,8.9123,16
211f4f75,21276,8.9178,16
14b1739b,22588,8.9151,16
736a8ca9,19187,8.9151,16
582c2c3d,19088,8.9123,16
6ac7fa82,24199,8.9178,16
16e93c10,13807,8.9178,1
6c7456cf,21853,8.9178,16
68132602,15263,8.9178,1
5c962a7a,18049,8.9178,16
95bb8fd,20846,8.9151,16
2e7362bb,17150,8.9178,1
7b358e1d,20883,8.9151,16
246324d7,13483,8.9178,1
60a1912c,18317,8.9178,16
70abfcf6,17994,8.9178,16
45f83ee2,21745,8.9178,16
12ea0526,20512,8.9178,16
2f12ce30,18219,8.9178,16
f1cb68,21067,8.9205,16
4b5a8663,20364,8.9205,16
4fafaba,24188,8.9205,16
46fb1c36,20103,8.9205,16
7f213997,16654,8.9205,1
71850790,19565,8.9205,16
22f91c30,20084,8.9205,16
3c7dbef5,20241,8.9205,16
4a66d56c,18136,8.9151,16
1306f237,20000,8.9205,16
797474fb,19127,8.9205,16
282fe736,18539,8.9151,16
5a112b59,20268,8.9178,16
5f3ba95e,13769,8.9205,1
62ab6565,24186,8.9205,16
541e8aea,21816,8.9205,16
70ad5d14,19059,8.9205,16
2aa42c56,23462,8.9178,16
7651050d,21577,8.9205,16
244af46e,22263,8.9205,16
1659bc23,17927,8.9178,16
7d657863,22553,8.9205,16
5d8ce4ff,24196,8.9178,16
26700811,18072,8.9178,16
369b8291,21969,8.9178,16
47d347a7,21278,8.9205,16
69804f0e,18967,8.9205,16
4c9e0597,21795,8.9205,16
1a6eca07,18346,8.9205,16
49386f5f,17124,8.9233,1
59cd44d8,23908,8.9205,16
207f7ea9,23237,8.9233,16
970c3b4,18746,8.9233,16
7dccfb7e,359,8.9233,1
41c2ebed,18203,8.9233,16
2d902f20,19107,8.9233,16
7641960d,18315,8.9178,16
6ccc84b0,22550,8.9233,16
3a078747,22092,8.9151,16
16425608,23701,8.9178,16
6cc95b33,17777,8.9151,16
64a8bb1e,23591,8.9233,16
62132573,22080,8.9178,16
66e5cd2f,23324,8.9233,16
40d31203,17735,8.9233,16
6102214c,17958,8.9205,16
54e4e8cd,22838,8.9233,16
1ac1b8a2,22028,8.9233,16
2afdc36a,22364,8.9233,16
52058260,13801,8.9233,1
a9ec129,17778,8.9151,16
1e91fc22,18846,8.9233,16
58ebc8da,19954,8.9151,16
7a669977,23191,8.926,16
ea4f082,22151,8.9205,16
6d753a31,18815,8.926,16
131da37d,19895,8.926,16
6ff6bfbe,15084,8.926,1
21153e16,24098,8.926,16
65752cb7,22099,8.926,16
371e620b,19491,8.9233,16
1b8d7d2f,22019,8.926,16
415c3aaf,18204,8.926,16
4931491c,23980,8.926,16
56dc419,20501,8.926,16
7579a59e,22587,8.926,16
2f4cd716,20502,8.926,16
55d060dc,22583,8.9233,16
166abad3,19758,8.926,16
7d4ce90b,13705,8.9205,1
439b105b,23830,8.926,16
45a1f669,20659,8.926,16
13a1a881,18690,8.926,16
37b6388f,18537,8.9205,16
50de2404,22787,8.926,16
4a409ba5,19662,8.926,16
182e3a,21483,8.926,16
1e637b18,20056,8.926,16
2cd5f666,22877,8.926,16
3f3c82d4,17182,8.926,1
5165f85a,19993,8.9288,16
716fbb25,22940,8.9288,16
304722cc,22372,8.9288,16
35f92467,20384,8.926,16
6e882a2e,22566,8.9288,16
62320249,21748,8.926,16
50d7ac34,15246,8.9288,1
6b6a1d81,17199,8.9288,1
174cd697,24092,8.9288,16
3a53a9c6,23461,8.926,16
4fd9395a,22403,8.9288,16
38ba470a,18679,8.9288,16
2d81e989,23695,8.9288,16
4a683a1e,18077,8.9288,16
71d5a0c7,21854,8.9288,16
dc3804,21297,8.9288,16
6a34bd02,20992,8.9178,16
6187d290,21925,8.9288,16
3d8885ff,20924,8.9233,16
5cf58652,21491,8.9288,16
49331acc,19067,8.9288,16
1366fc63,13467,8.9288,1
4caabfcd,23075,8.9288,16
5b728c99,21465,8.9288,16
35747cda,19052,8.9288,16
1b0ea228,15131,8.9288,1
3173b396,21373,8.926,16
4543bb30,23947,8.9288,16
61e2d21f,13809,8.926,1
782f5d39,20746,8.9288,16
42fd3b76,20656,8.9315,16
6eab7c4a,23627,8.9315,16
416c8e6c,17235,8.9315,1
4328c5ed,11940,8.9315,1
76d4a8ee,18511,8.9315,16
e41bbc0,20852,8.9315,16
2bfb4b8a,17482,8.9315,1
2ef9f4b5,19697,8.926,16
5cc9308a,20483,8.9315,16
7d39aa5c,23912,8.9288,16
526e6d52,21537,8.9315,16
7ea59180,13703,8.9315,1
f7332c5,21684,8.9315,16
6e4e23c2,20784,8.9205,16
5e151f1d,23797,8.9288,16
ceebcce,22415,8.9315,16
1a1d428c,22904,8.926,16
5d2223e,21142,8.9315,16
7349286e,17246,8.9315,1
179458eb,23176,8.9315,16
a38f205,20096,8.926,16
7ac1c8ec,23965,8.9315,16
6e16d658,22725,8.9315,16
54a689ac,18239,8.9315,16
154eb10b,22858,8.9315,16
1943e1e7,22806,8.9315,16
6db1dc8b,23829,8.9315,16
35cd7373,23903,8.9288,16
55c6778f,23278,8.9288,16
530cf809,18512,8.9342,16
3e321665,22078,8.9342,16
3ab05d4f,23251,8.9342,16
303a2367,23534,8.9342,16
52e7999d,15292,8.9315,1
6e3298f8,13484,8.9315,1
6838c6f,20064,8.9315,16
8aee0be,22142,8.9342,16
3c568d12,24074,8.9315,16
5d96a0e4,20720,8.9315,16
279906f6,13646,8.9342,1
58cda9ab,18412,8.9315,16
50fb81bd,11932,8.9342,1
23c7aa1b,13662,8.9315,1
38829ac6,20413,8.9342,16
103f35a,23368,8.926,16
57439596,24150,8.9342,16
62f6fe24,21103,8.9315,16
6e8c7dae,20902,8.9342,16
42748e13,20303,8.9288,16
9505cee,13683,8.9315,1
5c02843e,23006,8.9342,16
efa268f,16659,8.9342,1
516ee31d,21447,8.9342,16
370cfb35,18291,8.9342,16
3c306616,20505,8.9342,16
745b26da,21408,8.9342,16
520b4547,22779,8.9342,16
28ed960,22145,8.9342,16
65db481a,21263,8.9342,16
42f2b78e,21245,8.9342,16
3db11ff1,18326,8.9315,16
10f1936b,22396,8.9315,16
1858dd4f,24003,8.9342,16
6ce942fd,18063,8.9342,16
59928606,19665,8.9342,16
45e43c94,19012,8.9342,16
1b8833c2,13292,8.9342,1
3dd064e4,20308,8.9342,16
3cc649b7,19944,8.9315,16
703f67ee,21819,8.9288,16
14dbe5e1,20667,8.9315,16
72baa20b,23406,8.9342,16
4e97d29b,24200,8.9342,16
705e68e9,24157,8.937,16
7b55711b,17779,8.937,16
14a0f36f,23748,8.937,16
306a677d,19567,8.9342,16
409978e1,18575,8.937,16
4303493b,21531,8.9342,16
130e25e9,22557,8.937,16
50a85ab,22598,8.937,16
55f04856,20621,8.937,16
70bcf97a,22582,8.937,16
7b69c9fc,20520,8.937,16
22fa1d3b,20382,8.937,16
40b945e0,20294,8.937,16
1acdefd2,19753,8.937,16
57d903a4,22789,8.9288,16
62ca168a,18545,8.937,16
10abdc2d,20837,8.937,16
1a371d9d,18497,8.937,16
5ece95c,21296,8.937,16
3720c12d,23807,8.9342,16
79a43950,23825,8.937,16
50c64d0a,22133,8.9315,16
5b5d080c,21639,8.937,16
3919bc32,18110,8.9342,16
8013b95,16682,8.937,1
103a308d,20617,8.937,16
50b7ed7c,19752,8.9342,16
6399820e,23808,8.937,16
606e7fd0,24104,8.9288,16
464741f4,22139,8.937,16
17954a63,18268,8.937,16
16490697,23854,8.937,16
79fad52f,22336,8.937,16
565ca1ec,19182,8.937,16
67a04884,19071,8.937,16
683f76e4,21957,8.937,16
6b273f16,11911,8.937,1
3504e15b,18140,8.937,16
2890b6e9,20038,8.9397,16
5da40bf2,13012,8.9397,1
1af80979,22306,8.937,16
2918980b,21243,8.9397,16
7b15ddb1,21104,8.9397,16
6989e5b1,23616,8.9397,16
33e08a38,22300,8.9397,16
5e55948f,23853,8.937,16
b7832a1,21771,8.9397,16
2d7aea12,5903,8.937,1
588bf89e,19190,8.9397,16
1afc14cf,22132,8.9397,16
68ff0af3,21467,8.9397,16
2258c077,18930,8.9397,16
4da292ec,18911,8.9397,16
58888454,19350,8.9397,16
2228b9e6,19289,8.9397,16
1f157705,21612,8.937,16
329097c2,18611,8.9397,16
56afa29f,21372,8.9397,16
4a19363a,23692,8.9397,16
2d194116,13473,8.9397,1
1b01edf0,18633,8.9397,16
30110f55,19757,8.9315,16
33ba578b,22322,8.9397,16
544ca11b,15106,8.937,1
4036a80f,20008,8.9397,16
78656cfb,20842,8.9397,16
344d5c2,20132,8.9397,16
19026a73,21564,8.9397,16
28775431,21484,8.9397,16
5df4f7e0,21772,8.9425,16
5145aa9b,23426,8.937,16
ea55a11,13759,8.9425,1
160b5f76,19488,8.9397,16
4fee844,18826,8.9425,16
16baf236,20551,8.9425,16
6c8b4cf6,18870,8.9425,16
485ae6a4,23254,8.9425,16
3b958b23,18306,8.9315,16
7a7ff525,19180,8.9425,16
4ca5ea60,22397,8.9425,16
53d54a96,20626,8.9425,16
440e1f5c,20769,8.9425,16
415d1c25,20297,8.9425,16
43ca811c,16657,8.9425,1
339e3cf2,20370,8.9425,16
7ac7a5c7,18327,8.9425,16
22c81884,22312,8.9425,16
5bb077b1,13458,8.9397,1
6f707764,20313,8.9425,16
942465f,18532,8.9425,16
46e5f29b,18073,8.9425,16
240bcefb,20607,8.9425,16
7cde2834,20128,8.937,16
10f9bb9c,18493,8.9425,16
79e1f232,23901,8.9425,16
36787e3,20446,8.9425,16
603ed4dc,15289,8.9397,1
e759033,18294,8.9425,16
530dff3a,13364,8.9425,1
613e72f3,13460,8.9425,1
258bf70b,22251,8.9425,16
1aec34c6,22146,8.9425,16
383acba0,21931,8.9397,16
47217b2,21820,8.9425,16
7c659754,20414,8.9452,16
4c9a5ced,23177,8.9452,16
7e3b9b98,22607,8.9452,16
50aca9d,13810,8.9425,1
6b837657,20481,8.9452,16
17389cb,18783,8.9425,16
7f583312,23255,8.9452,16
26eee381,23319,8.9452,16
29f9494b,22051,8.9452,16
5d9d803a,22305,8.9452,16
e10f736,13648,8.9452,1
7e51196d,16655,8.9452,1
15bb3e85,21065,8.9425,16
402f6516,20250,8.9452,16
7102a179,21470,8.9425,16
78a25128,19014,8.9425,16
48bddabe,23471,8.9452,16
e4ea520,21288,8.9452,16
3572662a,22942,8.9452,16
519f1094,21140,8.9452,16
3b5e209e,20104,8.9425,16
40c2f570,19908,8.9397,16
66a78874,22948,8.9452,16
4f152f84,22033,8.9452,16
505bc28,19666,8.9425,16
12d6572,22008,8.9452,16
523bb08d,19382,8.9452,16
70e83f29,20605,8.9452,16
70215ff1,23327,8.9397,16
8856696,22289,8.9452,16
6e8a110d,17498,8.9452,1
652b85bf,15111,8.9452,1
46c61408,23757,8.9452,16
49767b85,21701,8.9425,16
6a6415eb,18687,8.9397,16
2f4c14db,22797,8.9452,16
4d184f18,19462,8.9452,16
54d873d3,20649,8.9425,16
22c84b14,22903,8.9479,16
5898b69b,20307,8.9479,16
12992b2e,18085,8.9479,16
51a632eb,20654,8.9452,16
5488445,11664,8.9479,1
65b8ef13,22825,8.9479,16
5aba720,22894,8.9479,16
32b480fb,11671,8.9479,1
7889b151,20622,8.9479,16
23923535,19498,8.9479,16
6239f7ae,20668,8.9452,16
40db5c8d,23002,8.9479,16
756d7efe,19447,8.9479,16
47e4d6fb,22313,8.9452,16
3b45a58f,18629,8.9479,16
6a4dcd2e,11889,8.9479,1
7417967f,23367,8.9479,16
4066e4e6,18111,8.9479,16
5bfe9890,22121,8.9479,16
7068dbde,21880,8.9479,16
6eecd1a3,20221,8.9452,16
1f143c2c,24127,8.9479,16
f5e918b,22134,8.9479,16
bfe09f3,20249,8.9452,16
3dfe8579,13284,8.9479,1
35172aac,21417,8.9479,16
4e3e274c,17212,8.9479,1
2191abc5,15290,8.9479,1
35f40ee9,22256,8.9452,16
40122609,18519,8.9397,16
345314c1,20354,8.9479,16
7ce89063,18005,8.9507,16
70a68718,22034,8.9507,16
4f1dda07,22152,8.9507,16
5a0b164b,19809,8.9507,16
71122c15,23074,8.9479,16
444db488,20560,8.9507,16
42edeb95,18546,8.9479,16
62d8eee1,15116,8.9479,1
26823be5,19407,8.9507,16
7ee00d0,13806,8.9507,1
5d5f728,19342,8.9507,16
af93163,18671,8.9507,16
20dfae95,17483,8.9452,1
1735e478,21145,8.9507,16
44508bc0,20838,8.9507,16
60aa9ece,18616,8.9507,16
1d136e04,23121,8.9479,16
b83c735,23690,8.9507,16
4aec5944,21404,8.9507,16
22390e5b,23561,8.9507,16
179aed8a,23793,8.9507,16
3248d313,19691,8.9507,16
7ca9618b,19484,8.9507,16
51d93415,15100,8.9479,1
1a137fe0,15085,8.9534,1
2fb4dd25,23437,8.9534,16
1b5c6af3,21328,8.9534,16
38db7fde,18615,8.9534,16
33d226a5,18694,8.9534,16
73e46be8,20416,8.9534,16
15277b55,15140,8.9452,1
49c837df,21633,8.9507,16
7a30dd44,11910,8.9534,1
2432b03,20522,8.9534,16
2006c2e0,22254,8.9534,16
706d4623,21797,8.9534,16
c4b6f97,19521,8.9534,16
174b562e,18742,8.9534,16
1dc532f1,24167,8.9534,16
1cc97e5,21493,8.9534,16
1b8a95a1,18996,8.9479,16
4c6a7690,19494,8.9534,16
15db315,19171,8.9534,16
674249fb,18824,8.9534,16
644b7f64,20959,8.9507,16
2b23c9d1,18070,8.9452,16
9b458d4,22517,8.9507,16
3462e4d3,23505,8.9534,16
584b2c51,23097,8.9534,16
67c4c863,21578,8.9534,16
529ce80b,18388,8.9534,16
717bdaf7,22817,8.9562,16
7053492d,20405,8.9562,16
31950094,21295,8.9562,16
4fc7a1d,18053,8.9562,16
30f2c32e,18050,8.9479,16
2b7fb417,22104,8.9562,16
410f8a74,21336,8.9562,16
427a6d37,20432,8.9562,16
5887b361,19978,8.9534,16
3f4c06fe,23624,8.9534,16
6945c20c,22631,8.9562,16
5424b97a,20585,8.9562,16
315d1424,22816,8.9507,16
716814e1,11933,8.9562,1
6ef99f07,15203,8.9562,1
29eb7576,23335,8.9562,16
5875e658,20410,8.9562,16
5237e83f,19854,8.9534,16
4e92ec37,17504,8.9562,1
1503546,22023,8.9534,16
237393cc,22555,8.9507,16
51c11211,18965,8.9534,16
26f16957,23023,8.9562,16
2a916603,22193,8.9562,16
268b82ca,19255,8.9507,16
19d99824,18199,8.9562,16
40514094,20474,8.9562,16
6dc72218,21517,8.9534,16
172060b8,18227,8.9534,16
426dc2c0,17477,8.9507,1
8f27ff9,20850,8.9562,16
5c715b1d,20534,8.9589,16
4840c58b,18819,8.9562,16
64176581,23455,8.9589,16
7f01c34d,22195,8.9589,16
669d0239,18427,8.9589,16
29fec603,19748,8.9589,16
675c222a,22172,8.9589,16
52f09a2a,23303,8.9589,16
30df8287,19260,8.9589,16
3838782d,18310,8.9589,16
7772d061,22919,8.9589,16
5778dbdf,21332,8.9589,16
49d2cfcc,20884,8.9589,16
21d67b57,18153,8.9589,16
1643c62b,21576,8.9562,16
1088ebbb,18858,8.9589,16
6b8a0097,19561,8.9589,16
4241fb98,19851,8.9589,16
34791e85,17959,8.9589,16
3c83e4bf,20119,8.9562,16
6b0105a7,17176,8.9562,1
4aa9bdbd,212,8.9562,1
626edf81,23012,8.9589,16
50343ee8,23565,8.9589,16
2cc59f5d,22370,8.9589,16
f403066,22489,8.9589,16
6c0f3014,13647,8.9589,1
418fc38d,23408,8.9589,16
547555eb,22568,8.9589,16
1dbd9003,19125,8.9589,16
1d02cb9e,21849,8.9562,16
815bf4d,19686,8.9616,16
134f0b58,23633,8.9589,16
65506b5,23899,8.9616,16
7719b3f4,19221,8.9616,16
1c44384e,17817,8.9589,16
7c4cd8b2,17825,8.9589,16
17b209a8,20535,8.9616,16
60176a64,23100,8.9562,16
12527d8,19446,8.9589,16
340478d,19018,8.9562,16
19d3961f,23070,8.9534,16
1e2b33c4,18138,8.9616,16
41220bb9,23909,8.9616,16
40df503f,23007,8.9616,16
6aa33d41,20591,8.9616,16
3a6dc737,23473,8.9562,16
45b94555,21419,8.9616,16
46956586,17480,8.9589,1
2cbfb35,22170,8.9589,16
53e54716,15132,8.9616,1
6981bbfd,22941,8.9589,16
661dc875,18977,8.9616,16
3b5285d0,17499,8.9616,1
691e1453,13717,8.9616,1
42f6a85b,20242,8.9616,16
26ccadab,21518,8.9589,16
4afee62b,22660,8.9616,16
2e1a9767,11930,8.9616,1
398ae5c9,21881,8.9616,16
1c9fb71,20230,8.9616,16
768a3f63,17248,8.9616,1
356875ec,24187,8.9562,16
4fb36d89,20646,8.9616,16
1ef157d,23346,8.9589,16
26395304,22788,8.9616,16
5008853a,19897,8.9616,16
4836597,13007,8.9589,1
7d3ecc87,23125,8.9616,16
11731157,13736,8.9616,1
5c67716,22187,8.9616,16
1af605e4,22634,8.9616,16
1127b8c9,21829,8.9616,16
18d7ea13,23637,8.9644,16
4e01ec7,18115,8.9644,16
661a1859,20800,8.9644,16
2e9f50d8,21571,8.9644,16
46ca9ca,15204,8.9644,1
28a1b87e,21760,8.9644,16
f81480b,292,8.9616,1
6b30689a,19676,8.9616,16
26c3534c,22140,8.9644,16
7031c2e2,23696,8.9644,16
5b4cd0b3,18371,8.9616,16
3a0f00e9,20767,8.9644,16
1f482d9e,19566,8.9644,16
1a0cff6c,22054,8.9616,16
27f86dd6,23896,8.9616,16
53ae1dce,20631,8.9644,16
65b23988,15107,8.9644,1
3bc8dc7d,22201,8.9644,16
3da2a42d,18520,8.9616,16
46c2a3f7,13760,8.9644,1
2230e024,20789,8.9644,16
563ae393,19054,8.9644,16
2becf61d,13708,8.9644,1
7862258c,19793,8.9644,16
5df6cb64,18236,8.9616,16
5c519d32,22918,8.9644,16
10c1c4bb,22642,8.9644,16
7966cd6a,13283,8.9562,1
122094c9,21155,8.9671,16
42c823b2,23248,8.9671,16
5c32d34c,20509,8.9644,16
13f0483d,18214,8.9644,16
4da99582,20310,8.9671,16
5600056,19115,8.9671,16
3905d4ad,21933,8.9671,16
6b676fb,19070,8.9671,16
4cd47dd2,21090,8.9671,16
5d7465d5,23910,8.9671,16
5893bc9d,18997,8.9671,16
6da708da,13770,8.9671,1
272c251,22847,8.9589,16
7cd65507,19344,8.9644,16
4de32a1b,18874,8.9671,16
39e46954,21300,8.9644,16
6cd0476a,20633,8.9671,16
782460eb,23280,8.9671,16
36146c85,13649,8.9616,1
2c201dda,20374,8.9671,16
cdb68e5,16628,8.9671,1
73dd11c8,18116,8.9671,16
33771613,19426,8.9644,16
11e8bc37,20749,8.9671,16
4225e423,21774,8.9671,16
19dde7b4,24004,8.9616,16
cb8d04e,23589,8.9644,16
21b2d8d1,20075,8.9671,16
205ad2ce,22253,8.9671,16
4db32e1a,18345,8.9671,16
3ba5905f,20359,8.9699,16
71550dc5,22088,8.9699,16
76f7d83,19807,8.9671,16
53f8408a,24202,8.9699,16
44c805c2,20661,8.9671,16
1daa13bb,19554,8.9699,16
6155f6e8,13485,8.9699,1
3d80b6ed,23076,8.9671,16
3fab8e06,21406,8.9671,16
70381658,22024,8.9699,16
74dafb88,22094,8.9699,16
1880228,19245,8.9699,16
39a01963,20679,8.9699,16
778c5a09,20579,8.9699,16
47360876,17945,8.9699,16
41472150,21396,8.9699,16
6413bda3,16656,8.9699,1
5dc1db43,23236,8.9699,16
48888ee0,21319,8.9589,16
2d653396,22721,8.9616,16
6f399bfe,20841,8.9699,16
3f0a5a3f,21947,8.9644,16
460d06d8,19907,8.9699,16
15c5c699,20824,8.9699,16
19b6b54f,22388,8.9699,16
3d457f0f,19612,8.9699,16
3e0870a,24147,8.9699,16
7400dfe4,22323,8.9699,16
5a953c7a,22389,8.9699,16
615fc8bf,22711,8.9726,16
4d6f1516,17217,8.9726,1
3fb042aa,21068,8.9726,16
3c95b6de,23913,8.9726,16
75266587,23919,8.9726,16
5095b255,13465,8.9699,1
2f3ae32e,17089,8.9699,1
5691d4ce,21066,8.9726,16
3f621ca0,23138,8.9726,16
4ce791da,19191,8.9699,16
5362b2c9,21828,8.9726,16
6690ca16,17922,8.9726,16
49b84d78,20723,8.9726,16
39a16cd4,20530,8.9726,16
7f9365d3,21823,8.9726,16
1f33c04d,23249,8.9699,16
146b8d5e,21415,8.9726,16
269e84cb,18667,8.9699,16
4247c036,15266,8.9726,1
1aec340e,20971,8.9726,16
4377519b,20523,8.9726,16
b3e25d6,21101,8.9753,16
595440a6,23328,8.9753,16
256e6dca,21572,8.9753,16
5c6c0b75,17478,8.9753,1
ef26e7d,19485,8.9753,16
268685bb,21466,8.9753,16
4ce8c996,23753,8.9753,16
53684fb8,20113,8.9726,16
5dacb0bd,19520,8.9753,16
4741b602,23837,8.9726,16
b7a96ff,21870,8.9753,16
5ff39949,20378,8.9753,16
37710346,18374,8.9753,16
23df4afc,18706,8.9753,16
18e7f8db,19169,8.9753,16
2548f34e,22208,8.9753,16
1dd99602,18521,8.9753,16
667c70e3,20944,8.9726,16
42cb3628,22480,8.9671,16
7d1f7604,21031,8.9753,16
1f2f286a,22551,8.9726,16
4e97d40b,20433,8.9671,16
5576d187,17497,8.9726,1
535f327b,13282,8.9753,1
35d52c02,11897,8.9753,1
63d71943,22053,8.9753,16
4512813f,19816,8.9753,16
268b9af3,20903,8.9753,16
cedb8b3,15120,8.9726,1
10442010,18356,8.9753,16
515f7a27,23126,8.9753,16
418e505e,22790,8.9753,16
3ba8069e,21928,8.9726,16
5a610978,23433,8.9753,16
6b94f684,24067,8.9753,16
58ab5708,15109,8.9781,1
797d39e7,18218,8.9753,16
234c3675,22905,8.9781,16
71b4d1ad,19675,8.9781,16
3d5839c9,13788,8.9781,1
49db0178,19856,8.9753,16
3f493a7d,18300,8.9781,16
7df45c7f,23273,8.9781,16
2a9ad3d5,23749,8.9781,16
1312385a,23102,8.9781,16
56f0313e,20277,8.9781,16
201c634f,15232,8.9753,1
1d950a47,23809,8.9753,16
5e8d74eb,18928,8.9753,16
7fd4c497,22425,8.9781,16
32cb4c3,23824,8.9781,16
54021c59,19888,8.9781,16
17471b8d,23024,8.9781,16
4e6e858e,20004,8.9781,16
771f533e,21327,8.9781,16
2802aa2c,13792,8.9781,1
6c268ba1,23647,8.9781,16
43126edb,22318,8.9781,16
796ac1c2,24076,8.9808,16
15e2607a,20812,8.9808,16
44844709,23543,8.9808,16
1ca7b7bb,18128,8.9808,16
f1850e0,20537,8.9808,16
4c936642,16649,8.9781,1
6358dac3,21032,8.9781,16
58275ae,18902,8.9808,16
24b910ca,20442,8.9808,16
73cfd369,20379,8.9808,16
5b4f447c,376,8.9808,1
4d4a620d,23495,8.9808,16
56649111,18609,8.9808,16
40ddb176,18688,8.9781,16
2c8ed6e7,22738,8.9808,16
21d70c84,20554,8.9808,16
42c7a9b6,23108,8.9808,16
4994c922,20504,8.9808,16
7e32a0a8,13690,8.9808,1
5d37fa00,22906,8.9808,16
24d16867,18279,8.9808,16
6d7c7670,18117,8.9808,16
3d7bf355,18292,8.9808,16
21c38d11,23746,8.9781,16
17165a14,17152,8.9781,1
261ef099,15283,8.9808,1
4a9f4e61,19555,8.9836,16
5eeb163f,18986,8.9836,16
65a29505,23259,8.9836,16
7a123bf,23946,8.9836,16
3ab79d5f,23751,8.9836,16
155111f1,18904,8.9836,16
a6b302e,20788,8.9808,16
7b1086db,13710,8.9836,1
3be30a6d,23013,8.9836,16
7522eedd,20100,8.9836,16
73f9c843,20526,8.9781,16
20406c52,21668,8.9808,16
1bd15423,22820,8.9808,16
505da55c,13742,8.9808,1
3ba37fcd,18151,8.9808,16
5f9910df,13689,8.9836,1
4c4ce39f,22556,8.9836,16
3d2f59f7,17946,8.9836,16
38dd24b9,17736,8.9644,16
596fadfc,19500,8.9836,16
4240c35f,18899,8.9808,16
3684cbed,20240,8.9836,16
2935c1,21472,8.9836,16
2328fb6a,17740,8.9836,16
27be40ba,24153,8.9836,16
34201838,20538,8.9808,16
3b002bc3,13709,8.9836,1
73870faa,21173,8.9836,16
4303d574,23952,8.9836,16
1e2d1453,15114,8.9836,1
4d18244d,17143,8.9836,1
3ac9ab26,23476,8.9836,16
5edef4be,21407,8.9836,16
6a8bd685,20853,8.9836,16
4d52429f,21939,8.9836,16
21ba7e21,19015,8.9808,16
565d61ab,5898,8.9836,1
3bae0f6d,18141,8.9836,16
7f0f04da,21495,8.9836,16
27a1839f,23673,8.9808,16
5aa90d40,21317,8.9808,16
26cb9d0e,21398,8.9808,16
745a753f,23759,8.9863,16
4b04da40,23869,8.9836,16
393dfe77,24107,8.9863,16
45080c2,21534,8.9863,16
1944e017,15117,8.9863,1
3fe6d46,22911,8.9863,16
6ec561a3,18924,8.9863,16
385df44a,18931,8.9836,16
380b2513,20843,8.9863,16
59edfc52,23080,8.9863,16
486ffb09,21958,8.9863,16
d6243de,20003,8.9863,16
5aca099c,15141,8.9836,1
50838f56,23761,8.9863,16
77c035d7,19016,8.9863,16
3b088c6b,22365,8.9863,16
c888fb0,17139,8.9863,1
136b414c,23567,8.9863,16
19673c54,20098,8.9836,16
667380c7,20127,8.9863,16
46f8f20d,19885,8.9836,18
2ece76b6,20503,8.9863,16
67663302,22499,8.9863,16
47c33626,21519,8.9863,16
3d4ce3a1,13470,8.9863,1
606a5978,13471,8.9863,1
24c47563,18850,8.9863,16
36428854,20406,8.9836,16
25b111f3,16660,8.9836,1
340aa8a7,23140,8.9863,16
677a73c2,19698,8.9808,16
5f7c42b8,19880,8.9863,16
68eeeabc,18098,8.9808,16
32e55deb,23876,8.989,16
766356,21532,8.989,16
22d44b24,22029,8.989,16
3d70eec8,20473,8.989,16
2562f688,21412,8.9863,16
16bd5da1,23081,8.989,16
1630b939,19089,8.9753,16
61bb3e65,23309,8.989,16
2c0c1399,21175,8.989,16
1f703b7,18456,8.989,16
1e687626,21473,8.9863,16
62c4601f,20588,8.989,16
71aee40f,21405,8.989,16
3d72b178,19345,8.9863,16
607639b6,20342,8.989,16
21f3693f,23758,8.989,16
68afec0a,23664,8.989,16
2de675bb,17734,8.989,16
7733fcbf,22333,8.989,16
4ee34363,23352,8.9863,16
67e43fd4,18101,8.989,16
1601a872,21631,8.989,16
7b631e97,20858,8.989,16
27fb7f92,18707,8.989,16
f2ae364,18277,8.989,16
5e40c0be,21932,8.9863,16
6440e0d8,18872,8.9863,16
183b142d,21976,8.9863,16
40d2f58d,19292,8.989,16
18cf8819,20945,8.9863,16
7b6aedf8,22798,8.9863,16
3bb014c4,21468,8.989,16
6a4098d,12998,8.989,1
6c19e0a2,22003,8.989,16
8f22278,23760,8.989,16
245b0bb3,17486,8.989,1
47cf73a8,19053,8.989,16
1f763dc8,23055,8.989,16
3cc9c274,19815,8.989,16
25b1c677,23454,8.9863,16
59cb47e1,17820,8.9918,16
777db96d,20102,8.9918,16
38f59928,23898,8.9918,16
5d51f94,21943,8.9918,16
2e7cf327,18927,8.9863,16
2d0b5d46,20994,8.9918,16
37a73f5b,17942,8.9918,16
71d552c8,21769,8.9918,16
2ec224da,19317,8.9863,16
1aa3af84,20355,8.9918,16
24990476,17094,8.9808,1
2acaba59,19994,8.9918,16
2d12ef0b,22035,8.9918,16
22396f7,20967,8.989,16
77b2f09,22821,8.989,16
4f9c47ca,22398,8.9918,16
6e759871,13671,8.9918,1
49f0fd52,24099,8.9918,16
443bcee7,23635,8.9918,16
5a835050,17877,8.9918,16
1112ef94,13803,8.9918,1
2bc2200a,13005,8.9918,1
41b53839,22264,8.9918,16
77bc3f63,17479,8.9918,1
71d4104f,22204,8.9918,16
4b2cac0f,21448,8.9863,16
7971844c,20811,8.989,16
3ae8d706,13666,8.989,1
6dd74a5a,17973,8.9918,16
2c39b01f,21488,8.9918,16
7dbe9bbf,21366,8.9918,16
73098cf5,23109,8.9918,16
2ff0b149,24105,8.9918,16
4e2845e0,18071,8.9918,16
47c24cf9,21580,8.9918,16
74cb7a46,23511,8.9945,16
5e1bf76f,15112,8.9945,1
4dc365bd,19754,8.9918,16
5210ae09,21489,8.9945,16
be71a81,20935,8.9945,16
7609536,19021,8.9918,16
2856c6d6,21926,8.9918,16
29f7ec3c,16678,8.9918,1
2b9dbc95,21267,8.9945,16
7ec06fed,19960,8.9945,16
7d0a8c26,22154,8.9863,16
76dda2b0,18170,8.9945,16
63f49527,20968,8.9945,16
57ad33cf,17941,8.9945,16
836a53d,22135,8.9945,16
1fb21cbf,23428,8.9918,16
217473a1,13624,8.9945,1
7c01287a,23794,8.9945,16
666e8705,13691,8.9945,1
33d4bffa,18871,8.9945,16
e76fbf0,23262,8.9945,16
c1d68e4,19343,8.9918,16
1e5980cd,22632,8.9945,16
864d793,17495,8.9918,1
69ab1e57,21610,8.9918,16
1d14e22a,22013,8.9945,16
31741414,24009,8.989,16
56490096,21671,8.9945,16
444bd7a,22285,8.989,16
2a322a2e,17454,8.9945,1
3b775fc8,23300,8.9945,16
2524a580,19887,8.9945,16
69934141,20589,8.9973,16
2dc31025,19347,8.9973,16
4aa6333,18859,8.9973,16
3efacbfb,18991,8.989,16
3ef27101,21273,8.9973,16
13c0c9af,20311,8.9945,16
69162e17,20890,8.9973,16
449fdd2d,19902,8.9973,16
2c526356,23017,8.9973,16
10565a4,18875,8.9973,16
3747dd90,17456,8.9973,1
593b9505,19955,8.9973,16
63f75dba,20536,8.9973,16
5c00da41,21463,8.9973,16
7602bc20,21501,8.9973,16
73149c58,20866,8.9973,16
2a57150d,15201,8.9973,1
70df00d4,18901,8.9973,16
135f4153,22518,8.9945,16
44fef93c,23258,8.9973,16
561363d3,21535,8.9973,16
5ec20065,20825,8.9945,16
3682465c,21076,8.9945,16
37fe9737,18106,8.9973,16
4faafed,13287,8.9973,1
1fd9fa3,18523,8.9945,16
49ba495a,23841,8.9973,16
7b5b920,20965,8.9945,16
44b1d1ce,13628,8.9973,1
191a26d7,15110,8.9945,1
15659b72,17183,8.9973,1
e8ef01d,21496,8.9945,16
24583455,19723,8.9973,16
6eadbeb1,22522,8.9973,16
25cab6ec,19749,8.989,16
572a061d,13720,9,1
567c84f2,22647,9,16
2e5d1afd,22337,9,16
1acd15d0,13808,9,1
4c4913cb,20897,8.9973,16
4bc279ff,22423,9,16
48991e00,22395,8.9973,16
4f84e3e0,23981,9,16
9c8921f,13008,9,1
51746275,15108,8.9973,1
e0f5102,18757,8.9945,16
1a8fffb8,21583,9,16
53eddf8d,19188,9,16
39871058,20777,8.9973,16
409c3df0,17696,9,1
285fff73,22637,9,16
7412251d,20494,9,16
6790cdc9,23347,9,16
4dcc1308,19297,9,16
3f59a70e,23659,9,16
3e5d756d,18672,9,16
15ec4d0b,17147,8.9973,1
5b028576,13489,9,1
76fb894d,19386,9,16
468214b,17140,9,1
514bcab6,21759,9,16
1e2dccdc,23477,8.9973,16
34b68fb5,21205,9,16
71918211,18825,9,16
39d3558c,18149,9,16
7e00f8ef,15197,9.0027,1
572fe116,23957,9.0027,16
ebb90df,21320,9.0027,16
e706d9a,22225,8.9945,16
738cf74f,18998,9.0027,16
a32ae51,19085,9,16
585deaa0,20867,9,16
28125371,20057,9,16
d5f3e3b,24036,9.0027,16
554c508c,21538,9,16
34a15117,18311,9.0027,16
41eef3e5,22897,9.0027,16
5eb19daf,18814,9,16
698e7433,21187,9.0027,16
5ef181be,23973,9,16
609ae88d,16677,9.0027,1
68b6305e,24151,9.0027,16
3a389402,22859,9.0027,16
3fda099d,18118,9.0027,16
200d509a,20085,9,16
72a3d954,21329,9.0027,16
2bce239e,20657,9.0027,16
55a83a61,19574,9.0027,16
1f6b29ce,19787,9.0027,16
655e008a,11670,9.0027,1
736e2a0e,22095,9.0027,16
29e6352e,19279,9,16
3d096941,23325,9.0027,16
7bea1277,23318,9.0027,16
312eedb0,13293,9.0027,1
7956695e,17694,9.0027,1
61816c1f,13811,8.989,1
17b4520f,18032,9.0027,16
3c669324,23750,9.0055,16
76b0116f,18064,9.0055,16
1cbb7a32,24010,9.0055,16
29aa7780,18278,9.0027,16
1a9f78fb,22434,9.0027,16
215d3e22,20926,9.0027,16
2ca6e2bd,19068,9,16
5710680f,23904,9.0055,16
10bde235,19810,9.0055,16
6ad191d5,19687,9.0055,16
22b50e83,15196,9.0055,1
76314aca,20248,9.0055,16
9e2b273,22584,9.0055,16
6fdbc5a3,13472,9.0055,1
65900fcd,16630,9.0055,1
1ce9f815,18205,9.0055,16
10a37456,18564,9.0027,16
5ec38ac3,18851,9.0055,16
198b7eaf,23566,9.0027,16
56626c7,21670,9.0055,16
34a11d15,19128,9.0055,16
51aa822b,22039,9.0027,16
1396f0b7,23135,9.0027,16
2772bc1c,21539,9.0055,16
1b875452,23660,9.0082,16
52dd6316,20542,9.0055,16
1e3936d3,23958,9.0082,16
3a8e6eeb,19293,9.0082,16
cf6a4a1,23101,9.0082,16
82eb7fa,19110,9.0055,16
292a4769,16651,9.0082,1
7e727331,20593,9.0082,16
221cbbde,22255,9.0082,16
3742b322,19797,9.0082,16
619fe39,22869,9.0082,16
4a2e5357,19139,9.0082,16
31c44474,19745,9.0082,16
2e200aba,18673,9.0027,16
5cc24286,21850,9.0082,16
7ebb319f,22867,9.0082,16
463771f4,17489,9.0082,1
55436aa2,13490,9.0082,1
1bdbc4fe,20895,9.0082,16
170a1fb6,17151,9.0082,1
1b08c6ae,23078,9.0055,16
3ccb39d3,19946,9.0082,16
410e576f,22666,9.011,16
5e933a91,23388,9.011,16
f563396,21851,9.011,16
4a6ffab6,18266,9.011,16
11155726,20163,9.011,16
2f0f4789,20086,9.0082,16
1c89c828,23472,9.011,16
22fd92ac,20385,9.011,16
17f2660f,21855,9.0082,16
6f03cd40,20785,9.011,16
59a910c6,22202,9.0082,16
796262fe,22520,9.011,16
368e4ce7,20594,9.011,16
42144877,23625,9.011,16
27723f7e,17505,9.0082,1
5852b70c,20259,9.011,16
37efeb4e,15113,9.011,1
493f789b,21494,9.011,16
3253aef2,23260,9.011,16
25d9f5c7,17490,9.011,1
100e0095,19140,9.011,16
5ea888ca,23615,9.0055,16
5a6e5f0e,22314,9.0082,16
3ad9f3c4,21562,9.0082,16
5a3346a2,18014,9.0027,16
40c77bf6,20886,9.011,16
37bb95,21857,9.011,16
12ea87be,23972,9.011,16
6879cacf,23779,9.0082,16
1d4b53d7,17995,9.011,16
5d8d008a,20295,9.011,16
3ecf89f9,22829,9.011,16
26eec806,19920,9.011,16
6741a6,21071,9.0055,16
45ccabdd,23127,9.0082,16
47f57f96,22506,9.011,16
72c9aeb2,20669,9.0082,16
19659518,22737,9.011,16
22b7e615,20823,9.011,16
6d1d0f09,23882,9.011,16
74023cd1,21506,9.011,16
2c2ec439,16648,9.0137,1
25933243,23320,9.0137,16
4b01a0dd,18939,9.011,16
35d99159,20513,9.0082,16
561b60e6,19759,9.0137,16
711708e8,13667,9.011,1
141646af,17146,9.0137,1
52570bb8,19724,9.0137,16
54fd43a2,23063,9.011,16
2ec17ee0,22641,9.0137,16
5f464d44,23098,9.0137,16
165f5e0c,23915,9.0137,16
30da4156,20960,9.0137,16
5a3a963e,18079,9.0137,16
c93dcf5,22226,9.011,16
377bdc50,21074,9.011,16
5b384b8d,18280,9.0137,16
32429894,19409,9.0137,16
22d5cfdf,15198,9.0137,1
398a714d,22400,9.0137,16
75e54848,22635,9.0137,16
378f8b24,20278,9.011,16
5eff48d9,23350,9.0137,16
478214a8,17153,9.0137,1
6fdb27fe,20826,9.0137,16
55f7225b,18903,9.011,16
2d68150c,23518,9.0137,16
66f56d2e,19947,9.0137,16
426858a9,22257,9.011,16
6b066af,22143,9.011,16
15982318,23931,9.0137,16
18019f76,18525,9.0137,16
783584d2,20222,9.0137,16
35641ae7,13682,9.011,1
3636701a,19598,9.0164,16
35c9a1f2,22992,9.0164,16
611dc4b0,23801,9.0164,16
355acf55,11898,9.0164,1
20fc583b,20555,9.0164,16
5842abe7,21449,9.0137,16
2b4bd579,18295,9.0137,16
57f5dc1b,21528,9.0164,16
343681d7,20799,9.011,16
76c93aea,18592,9.0164,16
2ee779f9,23731,9.0137,16
7970c179,20827,9.0164,16
3b99aa47,18016,9.0164,16
42f5ac2b,18999,9.0164,16
424db59b,23326,9.0164,16
7decc952,19288,9.0164,16
7f7a5c7b,22811,9.0164,16
b518f3a,22507,9.0164,16
5b4dfc5e,23049,9.0164,16
64aafe8f,18428,9.0164,16
3c8e7682,23053,9.0164,16
4b646eec,20223,9.0164,16
5059888b,18017,9.011,16
dc727cd,20415,9.0164,16
5776f5e5,22492,9.0164,16
42a2a947,20797,9.0137,16
649b2702,21675,9.0164,16
1500c227,20345,9.0164,16
43e88649,20371,9.0137,16
c602673,19419,9.0164,16
10e1eaa4,21303,9.0164,16
70d8fc80,19868,9.0164,16
532527b3,22171,9.0164,16
3a75a30a,18522,9.0164,16
714f74bd,20627,9.0164,16
764305ce,20898,9.0164,16
4d4666ae,21064,9.0192,16
401882cb,19718,9.0192,16
598652dd,22491,9.0164,16
5f33f4a6,17875,9.0192,16
1f9fd15c,22698,9.0137,16
73cba8e6,20412,9.0192,16
38b9ca5b,21411,9.0192,16
68b82f3c,18375,9.0164,16
5a17ec,19903,9.0192,16
16b54793,13461,9.0192,1
123f9154,23697,9.0192,16
23772438,21321,9.0192,16
1a98f8b6,21464,9.0137,16
5ed72c36,22186,9.0192,16
52e9d171,22792,9.0192,16
7b81c5df,18932,9.0192,16
47b49ce3,16675,9.0192,1
296f0070,17878,9.0164,16
35912e75,18013,9.0192,16
52554345,21800,9.0192,16
6477655c,20889,9.011,16
404bba25,19218,9.0192,16
237b654b,22677,9.0192,16
72c68dd4,18785,9.0192,16
4e98f77f,22381,9.0192,16
56a35755,17947,9.0192,16
531ff61b,17975,9.0192,16
2bb6900e,19976,9.0192,16
6dd80081,21961,9.0164,16
43fa7272,20766,9.0192,16
6472214a,23050,9.0192,16
74b8bf44,18693,9.0192,16
119b60aa,20115,9.0164,16
4871bcf1,21929,9.0192,16
57586311,22197,9.0192,16
7a29bd73,18040,9.0192,16
474be74f,13687,9.0219,1
f24ab0d,18015,9.0192,16
43a28242,13664,9.0219,1
66ce931,23739,9.0219,16
761cb9e4,21545,9.0219,16
4a77182c,22288,9.0219,16
1ceb61dc,17095,9.0192,1
5ea3ba98,18948,9.0192,16
69d6461a,13651,9.0219,1
1deb0fc1,20859,9.0219,16
57c448e,24029,9.0219,16
4300f4ee,19980,9.0192,16
314422da,22554,9.0164,16
72f02910,18389,9.0219,16
29cd47c2,23390,9.0192,16
ffac981,13764,9.0219,1
6dae6191,18619,9.0219,16
7decdc0c,20150,9.0219,16
e27d208,18860,9.0192,16
4d976759,23466,9.0219,16
53ab3593,22870,9.0192,16
483c8f56,23563,9.0219,16
783bb3cb,19003,9.0219,16
2fa1f8a7,18400,9.0219,16
109add57,19215,9.0219,16
ee0be3a,11938,9.0219,1
1d46157d,17170,9.0219,1
30c560bd,19898,9.0219,16
4ed15d8,11934,9.0219,1
28876c2c,23581,9.0164,16
d87271c,19406,9.0192,16
73d02c8b,20039,9.0219,16
69d49f8,22606,9.0219,16
6ab2cf26,23264,9.0219,16
79473850,19249,9.0219,16
4d4c5fa3,13729,9.0192,1
8531eae,23945,9.0219,16
21f20d7b,22206,9.0219,16
56470e90,22599,9.0247,16
5d453d9c,22521,9.0247,16
1d000bdc,19577,9.0247,16
329eee98,20515,9.0247,16
6ba0315f,16685,9.0219,1
3b6b465,21445,9.0247,16
11a19127,20411,9.0247,16
776bc052,22161,9.0247,16
6aa87b88,17506,9.0247,1
2f07a26b,22907,9.0247,16
19a43e72,23238,9.0247,16
30e40444,23582,9.0247,16
19394deb,22036,9.0247,16
bbfb05d,21075,9.0247,16
4880fc74,22030,9.0247,16
2b6a9846,21691,9.0247,16
33d048f6,17481,9.0247,1
10c11ef1,23304,9.0219,16
6ac1e59e,18816,9.0247,16
2306acec,24168,9.0247,16
7003eb72,22020,9.0219,16
6d2b589b,19072,9.0247,16
6c88077,22644,9.0247,16
37eeffa0,22179,9.0219,16
2823bdf2,17741,9.0219,16
67a6db1c,22608,9.0247,16
4f0ad127,23398,9.0247,16
4eae7347,21872,9.0247,16
ca789dd,24011,9.0219,16
5d4ac1d4,20024,9.0219,16
4e6b5a3b,20783,9.0274,16
75695e07,19464,9.0247,16
4cf47416,19069,9.0219,16
2725eb49,18267,9.0274,16
1a2c90a1,22148,9.0274,16
235eacc6,22740,9.0274,16
2a751b58,23186,9.0274,16
67499ceb,23879,9.0274,16
454e9ec4,18357,9.0274,16
4d395a87,20592,9.0274,16
33ee7219,23668,9.0274,16
314310e7,17819,9.0274,16
48c7812e,24201,9.0274,16
56eeb213,17240,9.0274,1
a38ca91,20417,9.0274,16
54a88a80,22230,9.0274,16
4a00b5,20337,9.0274,16
7a08f59,18313,9.0274,16
471e4b0e,18462,9.0274,16
6e73bf22,22936,9.0274,16
3e6c55f1,11672,9.0274,1
3db5cf22,18878,9.0247,16
4d5ca731,22799,9.0219,16
8c6b5a1,20891,9.0247,16
7bbf9134,20572,9.0274,16
2720906f,20670,9.0274,16
799bf338,21375,9.0274,16
347f9776,18121,9.0274,16
7e59eb91,21301,9.0274,16
cca1ae7,23634,9.0274,16
92947e5,22895,9.0274,16
e1841c5,19452,9.0274,16
2d180b81,22296,9.0274,16
6514fd73,19377,9.0274,16
2641885b,20647,9.0247,16
6a9bf33f,19875,9.0274,16
7b2a9ee,13684,9.0274,1
458f230e,20609,9.0274,16
6fa678b4,22861,9.0219,16
5a917c74,21582,9.0274,16
74d59e43,15265,9.0274,1
417de8a8,21802,9.0301,16
28ea2bb5,19261,9.0301,16
2830881f,18215,9.0301,16
79498000,13650,9.0301,1
6ed0514a,23369,9.0301,16
4315a2e3,22678,9.0301,16
1bea0b44,19967,9.0301,16
57d8f9cb,18502,9.0301,16
39344b69,19465,9.0301,16
724fc720,17455,9.0301,1
31c8d932,18119,9.0301,16
214e7861,20608,9.0301,16
3a3a1022,20368,9.0274,16
3640a682,23752,9.0301,16
9a77365,13247,9.0301,1
41b6e831,23256,9.0301,16
13690d16,22726,9.0301,16
7938a459,20389,9.0247,16
4a7f694a,22863,9.0274,16
3cfef754,21533,9.0301,16
67244c60,18518,9.0301,16
1edb0e21,19262,9.0301,16
5b8226b1,24021,9.0301,16
6a0621b2,22601,9.0274,16
21892ff1,23261,9.0274,16
25a8f433,21479,9.0274,16
613063c7,13754,9.0274,1
640b20ec,23665,9.0274,16
5ef6bdf3,22643,9.0274,16
3e1b516a,22920,9.0301,16
2ef62572,19451,9.0301,16
75268aaf,21611,9.0301,16
1db8d55d,23674,9.0301,16
33e8005d,19968,9.0301,16
20099a46,18004,9.0301,16
3fcbe680,11942,9.0301,1
7ef97024,20076,9.0301,16
2530409b,18730,9.0301,16
490735d1,20972,9.0329,16
6064dd67,19417,9.0301,16
29183597,20023,9.0329,16
1c5518c0,21007,9.0301,16
3bc6b749,19421,9.0329,16
5d84780a,23103,9.0329,16
43feee80,22558,9.0301,16
457f70bf,24197,9.0329,16
4b9fb45d,20443,9.0329,16
23c38434,24203,9.0329,16
17e41b94,20162,9.0329,16
19169ade,23099,9.0329,16
30935de0,22231,9.0301,16
2f9de8fd,17130,9.0329,1
4724b3a3,20521,9.0329,16
2304e50,20805,9.0329,16
10c02b1e,19109,9.0301,16
27cfba29,23018,9.0301,16
a220464,22217,9.0329,16
38bc997c,19244,9.0329,16
5b31855f,23650,9.0329,16
1f572e2,21635,9.0301,16
1b6e579c,23643,9.0329,16
5514d3db,13714,9.0329,1
17a4250b,18823,9.0301,16
40e841dd,22258,9.0301,16
4d05a124,22010,9.0329,16
31b312f,19298,9.0329,16
35a1c03a,19919,9.0356,16
374589fa,23710,9.0356,16
75acd0e5,18682,9.0356,16
5fc7ac1b,22037,9.0329,16
58f6c85,23243,9.0356,16
6170a8f,22674,9.0356,16
27ffeb60,21079,9.0329,16
3e14dc1e,13663,9.0137,1
2505887f,23506,9.0356,16
2fa77576,19315,9.0356,16
56fc8fb,19882,9.0247,16
47405fb0,20930,9.0356,16
39d5e899,23279,9.0356,16
21b92791,21825,9.0356,16
28f615a9,15206,9.0356,1
6d8e72d8,20995,9.0356,16
1e7df148,20662,9.0329,16
7b09ded0,17818,9.0356,16
1364eb8f,20299,9.0356,16
ba7ef17,20340,9.0356,16
15215409,23612,9.0329,16
206bf723,18593,9.0274,16
14674832,18879,9.0356,16
200cd2fe,19133,9.0329,16
3f924bea,18354,9.0356,16
40bf71d4,22935,9.0329,16
6e379729,21874,9.0356,16
431933fb,19112,9.0356,16
28ea2333,19901,9.0356,16
10e73860,17241,9.0329,1
58af0df,22969,9.0329,16
c2e7aee,18312,9.0356,16
3e80006b,13462,9.0356,1
6cdc464d,23881,9.0301,16
1556035e,22871,9.0356,16
515ef204,21751,9.0356,16
47880523,18752,9.0329,16
79b5c6e1,20860,9.0356,16
77d509b4,17216,9.0356,1
523ca8e3,13789,9.0356,1
551a1e9a,20595,9.0384,16
24f4816,20022,9.0356,16
57755023,19024,9.0384,16
5d887942,20498,9.0384,16
6a44b9a0,18189,9.0384,16
6faf84bc,21761,9.0384,16
17d86ea7,23675,9.0384,16
9845777,17974,9.0356,16
55db905e,22612,9.0356,16
77d85602,17145,9.0384,1
1227114,13685,9.0384,1
2ab6b1a8,18142,9.0384,16
7f934226,22004,9.0384,16
4f8faddd,23855,9.0384,16
5663d837,18594,9.0384,16
76c374ea,19237,9.0384,16
64fb01f7,23592,9.0329,16
7b5fd731,22668,9.0219,16
1e38280e,22340,9.0356,16
73317b07,23693,9.0384,16
52175e15,17697,9.0384,1
4ff9282f,17469,9.0384,1
5fdf2c29,19682,9.0411,16
2347d5c1,18171,9.0384,16
325d7fbe,21690,9.0411,16
4a9a88be,20606,9.0411,16
3b294f84,21877,9.0411,16
15bda1bb,23781,9.0411,16
6d2c0948,17177,9.0411,1
6b92ec92,17457,9.0411,1
75d34626,22362,9.0411,16
2f5c484f,19725,9.0411,16
d9b915e,23155,9.0411,16
f0bfec,19183,9.0411,16
7cfa351c,24022,9.0384,16
1377bed3,23052,9.0411,16
42b7dc82,21486,9.0411,16
473d04e7,18945,9.0411,16
6a429bc9,17771,9.0411,16
43971843,21008,9.0411,16
44ed2174,21688,9.0411,16
5539c1a6,22539,9.0384,16
3842a6a7,21944,9.0301,16
17778774,22102,9.0384,16
6915ca80,19613,9.0411,16
1486dfab,21805,9.0411,16
445eb057,18154,9.0411,16
690451e5,22785,9.0411,16
42e33796,18873,9.0411,16
5e5a480,19889,9.0411,16
34886063,19189,9.0384,16
7f48946e,20516,9.0411,16
24cc4396,20260,9.0411,16
ca5322b,22232,9.0411,16
590f41fe,11939,9.0411,1
7b59c0a4,13758,9.0411,1
4089c045,24161,9.0384,16
69feb31,20164,9.0411,16
238ea5a3,23900,9.0411,16
16670d96,23590,9.0356,16
18e26cf7,13771,9.0411,1
615dcab9,23966,9.0411,16
477f9409,21801,9.0384,16
222386c,21202,9.0411,16
190d7842,18360,9.0411,16
3e541106,23861,9.0384,16
12833a40,18155,9.0438,16
1f138b1d,20561,9.0384,16
2248ccb,18035,9.0438,16
7766c69a,18108,9.0411,16
2da95adb,20553,9.0438,16
1d0422ab,17500,9.0438,1
6c19753f,19969,9.0438,16
11c09e77,23410,9.0411,16
1e24cf96,20984,9.0438,16
15fea728,23902,9.0329,16
29d3de46,17772,9.0438,16
445799cb,20130,9.0411,16
e44f6ce,23072,9.0438,16
3624c0ef,19449,9.0438,16
4b86bd81,16629,9.0411,1
5683f6e4,20601,9.0438,16
6195239c,17996,9.0438,16
48ce4be6,22822,9.0438,16
587dd9a8,21962,9.0384,16
11802095,19795,9.0438,16
594168fa,21540,9.0438,16
63ea894f,20025,9.0438,16
7f91713c,19663,9.0438,16
556cac03,19668,9.0438,16
45f8aab3,23812,9.0411,16
17ac1c4e,18281,9.0438,16
203b4f05,21934,9.0438,16
1007f3b5,21274,9.0438,16
4d739cf7,18972,9.0438,16
102a6e34,19398,9.0384,16
67135e13,22978,9.0438,16
515be27d,20808,9.0411,16
1daa6693,13686,9.0411,1
6b51dd7d,17776,9.0411,16
321fa4c8,22592,9.0466,16
71873771,22791,9.0466,16
5b59df12,20205,9.0466,16
c190c94,23711,9.0466,16
42c97d7a,22675,9.0466,16
561ac07e,13718,9.0466,1
d3fb80f,19108,9.0466,16
11e8a638,23274,9.0466,16
45cb3a66,22366,9.0466,16
55c10db0,21770,9.0466,16
1f2f3e7,23867,9.0466,16
8596c0e,23880,9.0466,16
564ecbed,17828,9.0466,16
4dd3f714,22383,9.0466,16
21788ec8,13623,9.0466,1
785652ca,22862,9.0466,16
1a48c5ca,20001,9.0466,16
64d25fac,18914,9.0384,16
72a9f51a,20634,9.0466,16
3153de5d,17929,9.0466,16
7a0f5671,19448,9.0438,16
7bd90abf,19463,9.0466,16
d000557,20011,9.0466,16
303c20c8,20974,9.0466,16
1fb2b1a4,18376,9.0466,16
2c0dcc1f,20604,9.0466,16
212a5e74,13787,9.0466,1
70c100f9,17826,9.0466,16
7a74b0d4,21765,9.0466,16
385be6b1,18329,9.0466,16
4bf1c630,15268,9.0466,1
7a1b8e8a,18353,9.0411,16
33cfc17f,19852,9.0466,16
6ce235c2,21637,9.0438,16
7b2d17e2,18798,9.0466,16
b6b3881,23948,9.0493,16
4e6eaf9a,19318,9.0493,16
3675b11,21499,9.0493,16
7e56229a,18504,9.0493,16
2c2ba2e1,19111,9.0493,16
1702ca81,18391,9.0493,16
2e04a4a3,22670,9.0466,16
5e361de5,19871,9.0466,16
26f41df5,21369,9.0466,16
6109010b,20986,9.0493,16
10448b61,23463,9.0493,16
574ce2fb,18758,9.0493,16
11130d2a,22741,9.0493,16
1ab98217,21487,9.0493,16
3311d912,17219,9.0493,1
7ba5392,21972,9.0493,16
ec97412,23019,9.0493,16
58e543d8,20809,9.0493,16
58b6e6e6,19746,9.0493,16
65526dab,13665,9.0493,1
315ec0f5,20276,9.0438,16
6ff24d4a,15247,9.0493,1
7003bad1,17218,9.0493,1
30a19450,22207,9.0493,16
758d1fb2,13719,9.0493,1
1a634633,23929,9.0493,16
6c2a4fe1,20814,9.0493,16
cd2fa9,19259,9.0493,16
50155520,19952,9.0493,16
4d78a01f,22559,9.0493,16
4d2a255d,22122,9.0493,16
73413e5e,20078,9.0493,16
907d943,22898,9.0493,16
1f7e824,19137,9.0493,16
1deb258a,18419,9.0493,16
6bf06863,19611,9.0493,16
7dad97bb,19422,9.0438,16
67225ba7,18855,9.0521,16
50585bc1,18054,9.0521,16
2ca64769,18367,9.0521,16
6e503f26,21289,9.0493,16
2ad38013,20510,9.0521,16
5f59198d,18681,9.0521,16
4dcdc7f4,19688,9.0521,16
6d707ceb,18547,9.0521,16
228b6864,15278,9.0521,1
14eeb73e,18831,9.0521,16
3ec515f,20582,9.0493,16
203dd4b1,18733,9.0521,16
590c409a,21522,9.0521,16
3865d334,23411,9.0521,16
383a5bc2,22780,9.0521,16
59bd9333,18402,9.0493,16
1e9abd93,22913,9.0493,16
176b4ce9,18827,9.0521,16
2c58c60e,20663,9.0521,16
46567c0c,11941,9.0521,1
73475bfe,21689,9.0521,16
3e865d7b,19466,9.0521,16
54849413,21302,9.0521,16
21c72493,18535,9.0521,16
681613fe,21752,9.0548,16
7c5fad2d,18634,9.0521,16
6e5f7c48,23638,9.0521,16
64f7f602,18861,9.0548,16
1423c283,13365,9.0521,1
cd89f28,20009,9.0548,16
5489f4ae,17944,9.0521,16
f954fdb,20806,9.0521,16
5a8b370,22302,9.0548,16
4d415d32,19579,9.0548,16
56f6fcb0,23192,9.0548,16
2d28081f,19501,9.0493,16
73389a22,18330,9.0548,16
d812817,377,9.0493,1
7ed5f122,21304,9.0548,16
33cb8406,17131,9.0548,1
1105b1c3,20440,9.0548,16
3321cf0,23941,9.0548,16
6199ae88,21763,9.0548,16
6e81088c,23507,9.0548,16
133f9759,17948,9.0548,16
660ea61a,21613,9.0548,16
7424e780,11899,9.0548,1
155686c8,21520,9.0548,16
2288e7ca,18759,9.0493,16
4d0cbc29,13631,9.0548,1
1e474aef,20905,9.0521,16
3f86ef29,21964,9.0575,16
5a55f9a4,19300,9.0548,16
7290fb33,23409,9.0575,16
56a4c7bc,18849,9.0548,16
911a49d,17857,9.0575,16
5ed385e6,18534,9.0575,16
3afc0b52,20484,9.0575,16
2b3ecf41,20419,9.0575,16
15ab26a5,20058,9.0575,16
5e02e076,18916,9.0575,16
2e6b552d,19562,9.0575,16
6c5509b3,11900,9.0575,1
406af6df,23622,9.0575,16
31cc87bf,21318,9.0575,16
7884c0a0,22490,9.0575,16
cb220a0,22667,9.0575,16
486ea814,20600,9.0493,16
2016d517,20383,9.0575,16
1d4a3fd9,18607,9.0575,16
43157d10,21136,9.0575,16
5e3ff2f2,21824,9.0548,16
33030516,19017,9.0521,16
2f548072,22540,9.0575,16
47c19575,13629,9.0575,1
66c8471d,22672,9.0548,16
6318897a,18565,9.0548,16
4ca1b8ba,19678,9.0575,16
6844d27b,19418,9.0575,16
23e5983b,23783,9.0575,16
21b669ad,23877,9.0575,16
731c3f5,23389,9.0548,16
2045c930,21231,9.0575,16
7448438b,21584,9.0548,16
6e5c1049,23488,9.0575,16
617769f9,22661,9.0575,16
68d03049,18980,9.0603,16
66d2782a,17997,9.0548,16
45c7e818,18038,9.0575,16
6802f2e1,22968,9.0493,16
7902b0b5,21750,9.0575,16
326066b9,20770,9.0603,16
5bdb4ac4,20985,9.0603,16
2e3d6abd,19383,9.0575,16
51d70061,20671,9.0603,16
2cc71719,18988,9.0603,16
60b3f14c,18413,9.0603,16
7394facf,18527,9.0548,16
613f1af4,22307,9.0575,16
2492fcec,19086,9.0575,16
3269957f,23928,9.0603,16
2b18d17c,18709,9.0603,16
185e3d6f,18992,9.0603,16
2c65bdff,21146,9.0548,16
336fe253,21197,9.0575,16
52591761,23396,9.0603,16
3f27af67,19299,9.0603,16
70093c4d,23933,9.0575,16
5006b8bb,13793,9.0603,1
567b58a9,23868,9.0521,16
27150faf,20816,9.0603,16
57f08ddc,24137,9.0548,16
3bc25071,23878,9.0603,16
4d086a5c,20079,9.063,16
4f56b80d,22014,9.063,16
d8f7a42,20314,9.063,16
43e40f5e,20435,9.063,16
1029e493,23136,9.0575,16
1efd2640,23932,9.0575,16
64116342,22382,9.063,16
76c0e61,23740,9.063,16
58be6f63,20892,9.063,16
2f868d12,19098,9.063,16
4062e0d3,13673,9.063,1
61513a81,20343,9.063,16
279af1b8,21041,9.063,16
cf4575f,17769,9.0493,16
6b2c5603,21883,9.0575,16
5ff9da52,23474,9.063,16
6411cb95,23465,9.063,16
1781a5ce,20080,9.063,16
12c3efc4,20754,9.063,16
40b2ab95,20077,9.063,16
6276e531,20028,9.0603,16
30d5950a,21206,9.063,16
1e3562e0,20650,9.0603,16
4b88488b,19423,9.063,16
4001b3d,13009,9.063,1
51bbe62b,18006,9.063,16
11e0bbb9,22828,9.0575,16
45244f30,19427,9.063,16
4645a948,23315,9.063,16
4dda44d3,17829,9.063,16
784d1dea,20996,9.0603,16
7c10382d,18680,9.0603,16
7294133a,18668,9.063,16
6d772d67,21567,9.063,16
7dc5df6e,19087,9.063,16
6941ab,17971,9.063,16
3c9c4474,13269,9.063,1
52369f5f,19551,9.063,16
41ffb366,23709,9.0658,16
67e8c6b,18036,9.0658,16
55930d65,22538,9.0658,16
6b8794f8,23020,9.063,16
1580aa2,18946,9.0658,16
1f3d7a65,20638,9.0658,16
7997c2ba,17503,9.063,1
bf81437,18102,9.0658,16
46cdd808,21157,9.0658,16
32576ce6,20050,9.0658,16
7592fa04,18531,9.0658,16
497f36b0,21948,9.0658,16
3e80012d,20262,9.0603,16
190f00f5,21368,9.063,16
16a5936d,24053,9.0658,16
f9df70b,20580,9.0658,16
3eb602cb,19424,9.0658,16
1f1cfd03,22589,9.0658,16
7dbc763e,19995,9.0658,16
6f55789a,17749,9.0658,16
430b99cd,22716,9.0658,16
790f543a,21195,9.0658,16
1834afd,21125,9.0658,16
1f10c175,23607,9.0658,16
cae6ab,22198,9.0658,16
367dc0c,17879,9.0575,16
18a8ba3f,19914,9.0658,16
273306a4,18065,9.063,16
2e5a41c5,21182,9.0658,16
1aadb36,13715,9.063,1
56828a16,19250,9.0658,16
1c6ef6ce,23480,9.063,16
6bb8bb76,20927,9.063,16
361c9d7c,19126,9.0575,16
75a734d5,20725,9.0658,16
61b883e2,20485,9.0658,16
38863455,17201,9.063,1
232877f9,22786,9.063,16
d650be1,18683,9.063,16
5f40904c,21811,9.0658,16
7ac2afd5,18318,9.0658,16
469adad3,13711,9.0658,1
572cfe2a,22211,9.0658,16
1ab588cb,20541,9.0658,16
3f2aa27f,17943,9.0685,16
43726bdb,18944,9.0603,16
64b39726,22723,9.0685,16
b602062,19890,9.0685,16
3da50215,19231,9.0685,16
57f66684,18905,9.0658,16
2f04c1fb,24030,9.0685,16
256d8749,22124,9.0658,16
30cd8c5b,13674,9.0685,1
54eb1e80,21766,9.0685,16
5d6906ff,20346,9.0685,16
14f785d4,18276,9.0658,16
48847c45,13006,9.063,1
449764cb,22602,9.063,16
515cdc58,21115,9.0685,16
792d2a82,21190,9.0603,16
12a007b6,18282,9.0685,16
6d6e8815,21009,9.063,16
5a5593b8,20049,9.0685,16
5a6727fc,23239,9.0685,16
4a8e7f08,18420,9.0685,16
58015c58,20475,9.0685,16
4136596d,23514,9.0685,16
228dce70,22418,9.0685,16
1bc29316,18864,9.0685,16
4973ffaa,19216,9.0658,16
3a7d2ad8,23224,9.0685,16
764f9da9,22308,9.0685,16
799afa55,23187,9.0685,16
2f42d463,24100,9.0685,16
7cba10b9,23568,9.063,16
76927852,19881,9.0685,16
770989c,18080,9.063,16
58746c87,18307,9.0685,16
61ac5a26,21830,9.0712,16
4dbfa172,20602,9.0685,16
280a007f,22021,9.0712,16
3cd38955,19384,9.0712,16
38a14d45,21279,9.0712,16
4a217d57,18498,9.0712,16
536141ad,18978,9.0685,16
6952eb94,23009,9.0712,16
72ef7224,20231,9.0712,16
509f5c8d,21374,9.0712,16
601bc3dd,19022,9.0712,16
5b4149cd,22419,9.0712,16
36a17711,21709,9.0712,16
745bdeff,23008,9.0712,16
186a2e59,23104,9.0712,16
415f78d0,23105,9.0712,16
6b0e2f42,20672,9.0685,16
55351cd5,22827,9.0712,16
4c8b2621,24140,9.0712,16
1ce4f8cc,18358,9.0658,16
26479a78,23547,9.0712,16
3ca9d5cd,22864,9.0712,16
4107a539,18372,9.0712,16
7a1e074d,18328,9.0658,16
6090d62c,23213,9.0712,16
3f50ac60,20133,9.0712,16
1d52cea7,22841,9.0712,16
1265704e,21108,9.0712,16
651d7e20,23916,9.0685,16
6eb73156,22560,9.0712,16
4630d27b,17936,9.063,16
649967a2,21826,9.0712,16
2deecab,18898,9.0712,16
3b001bbe,21194,9.0712,16
6c6ab009,22885,9.0712,16
43e17e51,20603,9.0712,16
22803e01,22569,9.0712,16
362f6932,13625,9.0712,1
d4949a2,19582,9.074,16
341a5afa,23911,9.074,16
7cc1a9de,22427,9.074,16
316a398d,20139,9.074,16
7629725b,19904,9.0712,16
13a048a,22878,9.074,16
3c3c155c,23128,9.074,16
3d60846e,20813,9.074,16
3b61a39c,21230,9.0712,16
6aaeee2e,20269,9.074,16
73130bed,23092,9.0712,16
366490d2,20596,9.074,16
f1e3184,22055,9.0712,16
170a07e,19025,9.0712,16
78dd774a,22177,9.0712,16
39551eb8,22793,9.0712,16
24174822,16652,9.074,1
3e9f95eb,23225,9.074,16
18eed422,20936,9.074,16
1f14dcd1,20232,9.0685,16
488b3b2b,21521,9.0685,16
593a5c5c,22479,9.074,16
47f24901,17215,9.0712,1
4c6d6bb3,21546,9.074,16
6f2dbd9d,20586,9.074,16
5dae4376,23281,9.074,16
567d2c23,18113,9.0712,16
24850e8e,13794,9.074,1
2121e049,21542,9.0658,16
b1f4c9b,18608,9.074,16
34bc65ef,18240,9.0712,16
21563169,23859,9.074,16
2dabaab3,22435,9.074,16
5c215009,22155,9.0767,16
be5d57f,18915,9.0767,16
1b287013,16631,9.0685,1
6b26bff7,23667,9.0767,16
1bd81f38,19252,9.0767,16
3dd11b82,16670,9.074,1
18ba6f6a,18270,9.0767,16
404a3c86,18835,9.0767,16
1e4dfa7f,22315,9.0767,16
2b75ff3f,19568,9.0767,16
60ff0404,20134,9.0767,16
71c0aa91,17751,9.0767,16
2f28d4,15101,9.0767,1
427b3e9,18543,9.0767,16
1c60484d,18130,9.0767,16
4505eadc,23860,9.0767,16
6800ed72,18684,9.0767,16
1190012e,19030,9.0767,16
2811500e,20305,9.074,16
2f1c4af7,20801,9.0767,16
36ad4761,22610,9.0767,16
59a957bb,19548,9.0767,16
4821b4d1,23435,9.0767,16
6a920cfb,22514,9.0767,16
3658d887,23959,9.074,16
53cce028,18319,9.0767,16
255f4578,21127,9.0767,16
fe0cb1b,20619,9.0767,16
609dfa3e,22850,9.0767,16
1a92d702,18517,9.0767,16
6afeb837,22571,9.0795,16
35554495,20360,9.0767,16
3a96140b,22175,9.074,16
6fcd129e,15205,9.0767,1
36b0fe9c,23110,9.0795,16
2910c77d,21965,9.0767,16
367e4f26,20065,9.0767,16
206334c2,21945,9.0795,16
3cc223ae,22430,9.0795,16
d377eb4,18007,9.0795,16
22336b40,19583,9.0712,16
284aac05,18432,9.0795,16
6670075f,22498,9.0795,16
4b82976c,15135,9.0795,1
4763555f,21037,9.0795,16
7d769276,20810,9.0767,16
44268ff3,19677,9.0795,16
220a22d7,17827,9.0767,16
7decf80d,22570,9.0795,16
5cbda10f,19230,9.0767,16
3e1c6c56,24158,9.0795,16
7b872240,18678,9.0795,16
520ed249,23569,9.0795,16
16e198f2,17795,9.0795,16
2d66eb0e,19316,9.0795,16
6930e6a7,19878,9.0795,16
3f5ea73a,15091,9.0795,1
14eefdd3,18933,9.0795,16
60b2402,22943,9.074,16
44e97888,20372,9.0795,16
3706e658,19794,9.0767,16
2d305c25,22781,9.0767,16
3b9c6d89,20441,9.0795,16
3b931fe,21716,9.0795,16
18c28e77,19599,9.0795,16
34a58b7,18797,9.0795,16
176098df,23914,9.0795,16
1754984d,17770,9.0795,16
382a2ff6,20937,9.0795,16
3497afb2,18122,9.0795,16
1ca725e7,23702,9.0767,16
27a26f9f,18765,9.0767,16
14071dd6,22401,9.0795,16
52dfc741,18190,9.0767,16
7d3bc53f,23618,9.0795,16
74580f15,21541,9.0767,16
40324896,23257,9.0822,16
6c7714eb,19023,9.0822,16
4ca18ce,18078,9.0822,16
784f9b10,20052,9.0795,16
4f463667,18839,9.0822,16
563a3d54,21392,9.0767,16
7bd2b83d,21156,9.0795,16
29f62929,15133,9.0822,1
7df2a0b0,13492,9.0822,1
50aee0ac,18919,9.0795,16
3795467,23732,9.0822,16
6d041765,22167,9.0795,16
75a3c48d,23475,9.0822,16
1dbc1da9,13457,9.0822,1
7f4b9843,17200,9.0822,1
16ebc7ba,18037,9.0767,16
195d32da,13772,9.0822,1
17b02fe5,23870,9.0822,16
59489e13,23151,9.0795,16
7169c59,20597,9.0822,16
75f70590,19241,9.0822,16
72b11ad0,15134,9.0822,1
f9d107a,19750,9.0822,16
26db6e8c,17471,9.0822,1
56e0436f,17867,9.0822,16
6857aae6,22676,9.0822,16
2c7da4f9,22176,9.0767,16
4b847fcc,22624,9.0767,16
36d6c73e,23029,9.0822,16
2fcee9fb,22824,9.0795,16
62f901b0,20675,9.0822,16
3762879c,18947,9.074,16
23622b7a,21246,9.0822,16
4bf04ac5,19319,9.0767,16
4b9f8bb2,20272,9.0849,16
6141f7f0,13672,9.0849,1
534a3959,23927,9.0849,16
431aafa0,20885,9.0849,16
1aa5f797,17863,9.0849,16
2dd02d6a,19134,9.0849,16
4340b157,21330,9.0849,16
41c2d897,21471,9.0849,16
74ee9677,15284,9.0822,1
58794efd,23429,9.0795,16
4063942e,17097,9.0849,1
492251da,23785,9.0849,16
52760f1e,22341,9.0849,16
1e7596ac,19294,9.0822,16
5a955ea6,20109,9.0849,16
7f1a4957,21543,9.0822,16
49a4f395,21400,9.0849,16
497999f8,20807,9.0849,16
5b65388c,24019,9.0849,16
691705ba,22235,9.0822,16
4d5b018f,23141,9.0849,16
7c17b56,13712,9.0849,1
2f2940f,17149,9.0849,1
3ed5e90c,22500,9.0822,16
70217d85,21621,9.0822,16
a5949c9,22399,9.0849,16
214a8cee,19320,9.0849,16
4b35ec29,22912,9.0849,16
2d5d485a,13688,9.0849,1
578dd11c,15090,9.0849,1
3b19e312,17148,9.0849,1
1ed75530,21640,9.0849,16
402f6ca1,19493,9.0822,16
35f7b5b6,19084,9.0849,16
6348483c,19855,9.0822,16
2122a17b,23606,9.0849,16
72af24ca,22166,9.0849,16
6da48fe,23486,9.0877,16
3dab76e0,20059,9.0849,16
35f93ee6,22541,9.0822,16
3efbd5e7,18296,9.0849,16
79b0e404,21536,9.0877,16
6a32f77e,23826,9.0849,16
392e9d5c,19580,9.0877,16
cc890ae,13493,9.0877,1
70ba81df,20888,9.0795,16
6e9a7401,20517,9.0849,16
100e26c2,23205,9.0822,16
6d7aaaba,21856,9.0877,16
25ff1a5b,22173,9.0877,16
16fd342,17864,9.0877,16
6036dd9b,18940,9.0877,16
61a39f86,22823,9.0877,16
5821845d,20953,9.0849,16
5d160c0,21876,9.0877,16
7a5b46fb,17096,9.0877,1
2c8481ce,20434,9.0849,16
d0f210e,23478,9.0849,16
2c57862e,21393,9.0877,16
7800ec95,22883,9.0877,16
76d95435,20026,9.0877,16
5695a88b,20802,9.0877,16
46633281,23765,9.0877,16
39780a9c,20436,9.0822,16
257c6a98,18301,9.0877,16
5bc997a,21281,9.0877,16
1d3db4f6,19821,9.0849,16
7e96b8b6,21970,9.0877,16
21be6adf,21497,9.0877,16
58eba89e,18866,9.0877,16
397d9db0,18468,9.0877,16
7265d121,23780,9.0849,16
205fb520,286,9.0877,1
25f546ed,20632,9.0849,16
6b79262d,20263,9.0877,16
7030cffe,21641,9.0877,16
2c00f400,23214,9.0877,16
712ba215,21523,9.0877,16
7e6640f3,18378,9.0904,16
1bf414e9,18359,9.0904,16
8df2ffe,22974,9.0849,16
23d47a11,22141,9.0904,16
43f7209,18331,9.0904,16
fc35f74,20074,9.0877,16
436ef7a7,23314,9.0904,16
323f80eb,22426,9.0904,16
323b604f,17785,9.0904,16
2796b183,24141,9.0904,16
1371a919,21949,9.0877,16
5d074b44,20680,9.0904,16
345761b3,23337,9.0904,16
26dfd413,23653,9.0904,16
387898b0,20931,9.0904,16
5f42a990,23071,9.0877,16
1ae0930c,20640,9.0904,16
50970132,19956,9.0904,16
8b0287f,19378,9.0904,16
74f19cc1,23382,9.0904,16
5173964e,22993,9.0877,16
3eb5b5e6,21568,9.0904,16
5643bd93,13774,9.0877,1
4593fb05,18829,9.0904,16
5fb994f4,19450,9.0904,16
27561c56,19489,9.0877,16
115770,21950,9.0932,16
7f3b1bf2,23661,9.0932,16
6cb63ed5,18112,9.0904,16
7b153bb9,17830,9.0932,16
359f9b1,20317,9.0877,16
33bc2a6b,20204,9.0932,16
14ff4365,18099,9.0932,16
79b27343,20253,9.0932,16
49e287b9,17822,9.0932,16
49452bb9,21622,9.0932,16
27cfad9f,20815,9.0932,16
518721aa,18786,9.0932,16
7acd3990,18405,9.0904,16
24c5addb,23654,9.0932,16
44bd4219,23085,9.0932,16
4635e6cc,20081,9.0904,16
1e44ac44,22868,9.0849,16
dd607a5,18148,9.0932,16
4f4d8b1,22873,9.0932,16
2a77efbc,22149,9.0932,16
5270330c,16661,9.0932,1
11ea503a,17238,9.0904,1
2d9d00f,24169,9.0932,16
17dae8fa,20306,9.0904,16
eafe2fb,23544,9.0932,16
1bb0f69d,20497,9.0932,16
58980e51,19453,9.0932,16
220c0f2e,21080,9.0904,16
10d8e331,20120,9.0932,16
70633ba4,19303,9.0959,16
619173eb,22706,9.0959,16
354773e0,19263,9.0959,16
33f0296f,23974,9.0959,16
1a97ac61,20997,9.0959,16
7d89655a,23865,9.0932,16
657b063c,22493,9.0959,16
32eda0c9,23160,9.0959,16
58098354,20758,9.0959,16
6e9c8eba,19385,9.0959,16
536b3fb3,24101,9.0959,16
1bac21d5,21282,9.0959,16
cdf36ff,23669,9.0959,16
18580713,18503,9.0877,16
12bba3fc,22515,9.0959,16
182780bf,17937,9.0959,16
6dba358a,21810,9.0849,16
3582c7b1,18938,9.0959,16
7a6926be,13630,9.0959,1
5eef7334,23960,9.0959,16
62451b06,18373,9.0959,16
70791fd6,18612,9.0904,16
53b075b4,18862,9.0959,16
41d9e7b0,22874,9.0959,16
1a5aeabf,18568,9.0959,16
72b665e3,19595,9.0959,16
5ecbabaa,23116,9.0959,16
4510fa4d,23464,9.0932,16
5765ce52,21505,9.0959,16
4ce072be,19253,9.0959,16
1db26293,18865,9.0959,16
13d8f2f2,19614,9.0959,16
52801417,18799,9.0959,16
7076cdb1,16671,9.0959,1
23fe50e7,18917,9.0959,16
2b6e474b,22949,9.0959,16
25c61e4f,23383,9.0959,16
715d3767,21634,9.0986,16
23afa5f7,20287,9.0986,16
7aa2ead6,19374,9.0986,16
6f83b7ab,18762,9.0986,16
777d5333,21644,9.0986,16
110f8d45,21693,9.0986,16
29a3c036,20356,9.0986,16
125ff0cf,22147,9.0932,16
443a6b8e,23496,9.0986,16
3676b24d,24159,9.0986,16
1d695bd2,19755,9.0986,16
2b0f9b7b,21692,9.0986,16
1c9a5c5c,24042,9.0986,16
7bb24286,20051,9.0986,16
b6b325a,18172,9.0932,16
80c0da0,23268,9.0932,16
5f0f8b99,18526,9.0986,16
11394498,23093,9.0959,16
43925d07,22872,9.0986,16
2b1b39d8,23862,9.0959,16
86b3c61,22199,9.0904,16
53adb470,20635,9.0959,16
206a167,18514,9.0986,16
14898aba,16683,9.1014,1
4e0f8551,17171,9.1014,1
70a19d06,13341,9.0959,1
19cffbba,22842,9.0986,16
21f83f47,15202,9.1014,1
1fc8013c,19351,9.1014,16
92f7de,23204,9.1014,16
2872963b,21081,9.1014,16
778eb723,23030,9.1014,16
54c7679e,22727,9.1014,16
34256846,19000,9.0986,16
6bbb5e1f,19223,9.0986,16
54207de1,19924,9.0959,16
22799e40,22081,9.1014,16
5744ce1d,18973,9.1014,16
38d0b8fc,19408,9.1014,16
272890f8,19925,9.1014,16
165279a4,20110,9.0986,16
67976955,18711,9.1014,16
5abd3a03,24170,9.1014,16
4333d6ce,20386,9.1014,16
3971defc,17962,9.1014,16
6286d1e9,20027,9.0959,16
6c38dfd,22106,9.1014,16
3c6b0f2f,21072,9.1014,16
5a840abf,22144,9.1014,16
60ea1436,18675,9.1041,16
52929313,21198,9.1041,16
53b4570a,19420,9.1041,16
6405e5be,21073,9.1041,16
2e4408f0,23666,9.1041,16
738c66,21980,9.1041,16
de64871,18395,9.1041,16
300863fa,17949,9.1041,16
41f56ef6,20289,9.1041,16
a964b63,18696,9.1041,16
161af6eb,22739,9.1041,16
657e5061,24044,9.1041,16
f9600e6,23548,9.1041,16
29ffda9c,20271,9.1041,16
37639f24,22174,9.1041,16
760f9a8d,17748,9.1014,16
61652175,20747,9.0986,16
31bc505f,18293,9.1041,16
5e4b8c8f,18753,9.1041,16
75fab2dd,17220,9.1041,1
74d91b2f,18599,9.1041,16
7fab851d,15118,9.1041,1
1b09aabe,13755,9.1041,1
378d6d14,23967,9.1041,16
3520b09e,23244,9.1041,16
156c90bd,19001,9.1041,16
36cc6c60,21875,9.1041,16
6a755260,20495,9.1041,16
4947fff2,20344,9.1041,16
5760e7b0,19549,9.0986,16
5a61abf0,21204,9.1041,16
2b793179,21109,9.1041,16
7e03e71a,23033,9.1041,16
3ea55ce8,23866,9.1041,16
69cc4ee7,20757,9.1014,16
b5c485e,19238,9.1041,16
6a064518,20467,9.1041,16
7e5016ac,18175,9.1041,16
75e0d4f7,19563,9.1068,16
1c177cad,23269,9.1068,16
4461c4b2,19921,9.1068,16
3a7a4fe4,23810,9.1041,16
494e6330,18008,9.1068,16
6e9b8ca0,21233,9.1014,16
24159195,19004,9.1068,16
4cf8ef9c,23838,9.1068,16
233d0cfe,23938,9.1068,16
769552d0,17876,9.1068,16
44d92e2e,21207,9.1068,16
4c489619,19428,9.1041,16
47470403,19348,9.1068,16
1b98dde9,17821,9.1068,16
163d38ea,17938,9.1068,16
1e4d8c6a,22501,9.1068,16
6155f4bc,22429,9.1068,16
3c7f1aea,13474,9.1068,1
43fa8fe7,18617,9.1068,16
31b51483,20872,9.0959,16
31a6752e,20612,9.1068,16
4e0045d9,23784,9.1068,16
7f9897b2,18990,9.1068,16
3bf46ae1,18152,9.1068,16
2ce65fcf,21852,9.1068,16
2eeb4078,19132,9.1068,16
15f57710,23338,9.1068,16
3a219af,23489,9.1096,16
dcea42d,16658,9.1096,1
13489a7c,18206,9.1068,16
53b4623b,18011,9.1068,16
6754e0ed,23583,9.1041,16
20e14d07,19788,9.1068,16
592756e0,23479,9.1096,16
21b07e25,22839,9.1068,16
76fc9b15,22406,9.1096,16
513a59f5,22886,9.1096,16
366f5eaf,22082,9.1014,16
7c4a2a48,23082,9.1068,16
559c9ed4,21082,9.1096,16
777f8314,23533,9.1096,16
65498add,23353,9.1096,16
299f2afd,18567,9.1068,16
143823fd,20610,9.1096,16
18446b24,18265,9.1096,16
13282c1b,20611,9.1096,16
355be0e9,18513,9.1096,16
3a9e53c1,22416,9.1068,16
6a064ead,23782,9.1068,16
51200582,19026,9.1096,16
3496a237,24208,9.1096,16
33aa349,15142,9.1096,1
4b72e8b4,20987,9.1096,16
74414f76,23536,9.1068,16
13d9a451,19116,9.1096,16
4204bfbd,18949,9.1068,16
f82cc17,18852,9.1068,16
78900a42,23628,9.1096,16
c78631c,20528,9.1096,16
404744be,22424,9.1041,16
14726c5f,22107,9.1096,16
4819012d,13655,9.1123,1
163ccf53,24160,9.1123,16
4f3ce7dc,13713,9.1014,1
7122637e,22519,9.1123,16
62c9f101,20165,9.1123,16
7635f991,13737,9.1123,1
76259e13,22840,9.1096,16
69391d3,194,9.1068,1
64483bec,23662,9.1041,16
3de8af85,18587,9.1123,16
48c60390,24171,9.1123,16
2be5dd53,19594,9.1123,16
106a4a94,22164,9.1096,16
4e543265,13013,9.1068,1
67e76b2d,20854,9.1123,16
7d60730b,18120,9.1123,16
5852a010,20089,9.1068,16
203eb818,23106,9.1123,16
7cdc1131,20787,9.1068,16
2dadd8a,22390,9.1123,16
4d9cbae,20452,9.1123,16
4f45afe1,18863,9.1096,16
1aee3069,17512,9.1123,1
44afd4ed,20831,9.1123,16
6a7ef9c,17507,9.1151,1
5245444f,20298,9.1123,16
309dd341,23415,9.1123,16
5b1bd043,20135,9.1151,16
62790fb3,19731,9.1151,16
1a66488f,23265,9.1151,16
443f8759,17453,9.1123,1
69ca82d2,20506,9.1151,16
4123ce55,18950,9.1151,16
4e3ddfe5,22609,9.1151,16
6b0d5555,19679,9.1151,16
2957997,22000,9.1123,16
43874a8b,13738,9.1123,1
7bba18ed,21566,9.1123,16
24b430a9,22921,9.1151,16
25127e97,23310,9.1151,16
5c38abac,22976,9.1151,16
62972de1,18272,9.1151,16
4386bb0,23417,9.1151,16
776eadb6,23766,9.1151,16
725aea8a,20496,9.1151,16
448ac490,13468,9.1068,1
5d766266,19220,9.1151,16
5f776763,20288,9.1151,16
69951d8d,19301,9.1123,16
7adcc8bd,20296,9.1096,16
68602d32,17773,9.1123,16
66b170a,20468,9.1151,16
624324db,19006,9.1178,16
7e46910e,23351,9.1151,16
16605962,21010,9.1178,16
17263a49,20791,9.1178,16
49abbce0,22865,9.1178,16
32b53cf2,19410,9.1178,16
78b1054b,20768,9.1178,16
5ee38c66,18755,9.1178,16
4a3b67e6,24078,9.1178,16
7d53999c,18505,9.1178,16
517290ff,23883,9.1178,16
5d103ff1,21130,9.1178,16
21195cc7,18918,9.1178,16
26a1f478,22178,9.1123,16
635b743e,23651,9.1178,16
72ce2be4,20830,9.1178,16
37fea82a,21508,9.1178,16
5c6a3576,19290,9.1178,16
3e909116,23329,9.1151,16
64284041,18566,9.1151,16
673ac62b,21116,9.1151,16
25478d1e,9690,9.1178,1
319e3d47,21589,9.1178,16
288bdd45,20529,9.1151,16
786a694a,23031,9.1178,16
e07aa5d,20450,9.1178,16
3fbd3e28,22165,9.1178,16
652a220b,23559,9.1178,16
260b7bbc,20721,9.1178,16
509cebcd,19796,9.1178,16
63fae6c1,21775,9.1178,16
35e0c8e8,22056,9.1178,16
484b9373,21547,9.1178,16
7fbecb34,23500,9.1178,16
6d817731,21762,9.1123,16
527a43f6,21753,9.1205,16
4b46f6ec,20778,9.1205,16
7852c0e4,23275,9.1178,16
6c161496,19246,9.1178,16
65f8854b,24024,9.1205,16
2b6a8956,21981,9.1205,16
19f5fe8e,21710,9.1178,16
774e48b4,24176,9.1205,16
2ba0406f,19502,9.1178,16
a535a8d,23863,9.1205,16
78aeca7b,20006,9.1205,16
29e9a641,20726,9.1178,16
3ce4c4c7,21596,9.1205,16
396a2007,21615,9.1205,16
7db55cd0,24077,9.1205,16
1060ac7d,24079,9.1205,16
58339fd6,21618,9.1205,16
f71bce,19375,9.1205,16
73bf0e1,20939,9.1205,16
1a2f25eb,20869,9.1205,16
72ad54b1,23430,9.1205,16
67bb0ddd,18836,9.1205,16
5f2a538f,23054,9.1151,16
14b5b543,20423,9.1205,16
3c4925fc,22005,9.1178,16
24d9f618,24138,9.1205,16
6fa53861,17513,9.1205,1
1b33d2bb,18147,9.1178,16
16885c79,22025,9.1233,16
899aecc,15115,9.1233,1
d3a136e,13790,9.1233,1
5985fd24,22031,9.1205,16
654e64e0,17963,9.1205,16
20e4494b,19387,9.1233,16
7d188f5a,20665,9.1178,16
3c070f1b,22156,9.1205,16
b023100,23535,9.1233,16
1d7d3de4,18056,9.1233,16
5e45a765,18499,9.1123,16
1fd18111,23629,9.1233,16
260abfee,22218,9.1233,16
3c9a101e,19492,9.1178,16
58030e4c,20893,9.1233,16
48fc8874,18969,9.1205,16
5bb65173,22617,9.1233,16
87a1d8f,21397,9.1233,16
28b07024,17484,9.1205,1
44c68fcc,18536,9.1178,16
68d51008,19798,9.1233,16
181f9a8,24038,9.1233,16
2a1b88ec,20803,9.1178,16
5ad3da8c,18271,9.1233,16
1ac6d48e,23762,9.1233,16
140422c7,22157,9.1233,16
62ae8443,22724,9.126,16
266d3520,19090,9.126,16
a23e7c7,18341,9.126,16
3f84fe5e,18970,9.126,16
291ee971,20940,9.126,16
66151d47,18309,9.126,16
739dc39d,17999,9.126,16
6bf3b5be,18802,9.126,16
35788cd0,19049,9.1233,16
3708e411,18114,9.126,16
7bc9401d,22083,9.1233,16
66d5f5d2,21333,9.126,16
474b21b5,23839,9.1233,16
107de2f3,21377,9.1233,16
6112e220,19222,9.1233,16
506a9fb7,21803,9.126,16
19d88b0d,21630,9.126,16
6d698801,23305,9.126,16
66cd88bf,19601,9.126,16
10b875a4,21399,9.1205,16
7a834e14,18401,9.126,16
142bd723,20012,9.1233,16
49f6a648,24177,9.1205,16
43f447b9,22385,9.126,16
10b20f36,19575,9.126,16
5aea50cc,21402,9.126,16
2652693f,23802,9.126,16
477a3bc3,22084,9.1288,16
473147a5,22227,9.1233,16
338b0f8c,18710,9.1288,16
5c7cfd67,20966,9.1288,16
4fd503bf,23301,9.1288,16
7afb80eb,18713,9.126,16
26a59e7e,19528,9.1288,16
6cc90854,19057,9.1288,16
21887607,20420,9.1288,16
46a75172,19138,9.1288,16
60fd7d95,21191,9.1288,16
44d24276,13812,9.126,1
26083ca5,21963,9.1288,16
277c90ac,21117,9.1288,16
5a58c5d7,23064,9.1205,16
51421adc,20565,9.1288,16
7553370,23266,9.1288,16
605fca2b,19338,9.126,16
7c35dd8a,22814,9.1288,16
3d60ac2a,18039,9.126,16
49a297c9,23499,9.1288,16
1300d645,13743,9.126,1
d10589c,21290,9.1288,16
5f9b1d39,19357,9.1315,16
67a2fb1c,13814,9.1315,1
7285ab53,20338,9.1315,16
7d5ec927,21754,9.1315,16
7a2b6160,21614,9.1315,16
aa10f22,23820,9.1315,16
18c85f04,19002,9.126,16
5521f216,22715,9.126,16
5ebd0e64,19232,9.1315,16
7fbc44b2,24054,9.126,16
7de68c78,19503,9.126,16
278d6090,22303,9.1288,16
11f5842b,20030,9.1315,16
cf1db73,23229,9.1288,16
45bd13d9,19121,9.1288,16
706462d9,19129,9.1315,16
978621e,19576,9.1315,16
34917bc6,18410,9.1288,16
36390464,23803,9.1315,16
23c33185,19609,9.1315,16
1b37faa1,19119,9.1315,16
5115034b,22309,9.1315,16
6e650de4,19302,9.126,16
6bc38021,22436,9.1315,16
470231d8,19425,9.1342,16
10813e68,20941,9.1288,16
34c73c2b,21808,9.1315,16
4d316ea3,17972,9.1342,16
3e37256c,16673,9.1288,1
b7d50cc,18618,9.1315,16
12964db5,21777,9.126,16
1fbd0da8,19747,9.1342,16
59bf3c8a,18107,9.1342,16
3825fc41,18210,9.1342,16
187ee515,20290,9.1288,16
110df6c4,13675,9.1342,1
71202f16,21176,9.1288,16
6f596bff,18241,9.1315,16
4fa251f2,17173,9.1315,1
7141e294,23439,9.1342,16
58727bb3,20116,9.1342,16
374b7be5,23401,9.1315,16
13e9f860,17799,9.1342,16
4e19162e,12123,9.1342,1
5fd43bd,22327,9.1342,16
698594b4,21280,9.1342,16
3fdda5b6,18165,9.1342,16
35f34b1c,19818,9.1342,16
335d83ea,22236,9.1315,16
5cd2ce97,21376,9.1342,16
19b7d18d,23372,9.1315,16
36b3d20c,22428,9.1342,16
3b499445,22638,9.1315,16
692e55e3,24037,9.1342,16
23428827,22386,9.1342,16
28199d7d,24025,9.1342,16
4de1e7b,23321,9.137,16
2cd58f5e,22591,9.137,16
70d709b,15086,9.1342,1
374f466a,23767,9.1342,16
4379086b,21960,9.1342,16
3f8b680c,22203,9.1342,16
fbf314,18697,9.137,16
742208b6,24027,9.137,16
740dd613,20851,9.1342,16
7b994cc1,18856,9.137,16
2d002ebd,18010,9.137,16
393ca2ee,20664,9.1342,16
6600858e,22228,9.137,16
2034640,16684,9.137,1
160c41f5,23397,9.137,16
565483ff,22125,9.137,16
1824a55d,20451,9.137,16
44535f65,20005,9.137,16
269d8e94,21199,9.137,16
3e34ed41,23712,9.137,16
307a997,19578,9.137,16
5d7176e5,21524,9.1342,16
17d2aaf1,20817,9.1342,16
e1503af,23608,9.137,16
306058eb,16662,9.137,1
66f0c65c,22431,9.137,16
60b0f5a,23844,9.137,16
5b1f4bf1,18403,9.137,16
64776d51,23655,9.1342,16
42d9120b,18951,9.137,16
704cadbb,22367,9.1315,16
106e57c8,23467,9.1342,16
a7ba989,23975,9.1342,16
5a3e611a,20087,9.1342,16
1ad724c3,18734,9.1288,16
4facad71,22163,9.137,16
45efb7c5,19670,9.137,16
505bfbb6,23705,9.1342,16
150d1734,20465,9.1397,16
32e93662,23231,9.1397,16
1884d26b,21884,9.1397,16
22374358,23626,9.137,16
206d0f21,20347,9.1397,16
2f64c6d1,22188,9.1397,16
23324ebe,18540,9.1397,16
5445af79,21979,9.1397,16
6aec2810,20208,9.1397,16
22b0366b,23821,9.1397,16
3f6ee2fa,18430,9.1397,16
2b6b2ea2,20453,9.137,16
52ac62d1,23212,9.1397,16
590b6c3c,16632,9.1397,1
642bf718,17190,9.137,1
7aab0a18,21177,9.137,16
e49ce1,17796,9.1397,16
84735d1,18429,9.137,16
21041979,22292,9.1342,16
39cc64e2,22032,9.137,16
3ba4856b,20527,9.1397,16
19fdb3cd,18302,9.1397,16
21e577fb,20975,9.1397,16
2825f49e,21552,9.1397,16
5e4a2e8e,18421,9.1397,16
72947e0c,19219,9.1397,16
6d0432e8,23032,9.1315,16
1913975e,21792,9.1397,16
5eb91bdc,21503,9.1397,16
6dc1e2cd,22852,9.137,16
1e1501e6,22026,9.1397,16
4f207836,18394,9.137,16
37f9048,22603,9.1425,16
2a799ce4,18404,9.1425,16
5d58730b,20531,9.1425,16
375b02a9,22089,9.1425,16
d6be9da,20300,9.1425,16
133a247f,19254,9.1425,16
6d34e1e,21529,9.1425,16
2a9c053b,227,9.1425,1
307f7513,19136,9.137,16
7cd25ae2,22846,9.1397,16
35078e0,23112,9.1425,16
1fef652a,16653,9.137,1
54f35c29,20737,9.1425,16
3a18091f,19811,9.137,16
3a0fe1c4,19172,9.1425,16
5ead059a,18174,9.1315,16
10f11872,24026,9.1425,16
6a5bab82,20117,9.1397,16
2f9f66cc,19913,9.1425,16
19a82770,18735,9.1425,16
16b148c6,22513,9.1425,16
1829ebf,21665,9.1425,16
363222b6,18674,9.1425,16
181e7399,17221,9.1452,1
7222a734,24052,9.1342,16
62cf9bba,22290,9.1397,16
2f85ebda,17204,9.1452,1
501275ea,21185,9.1452,16
3a04b334,20666,9.1452,16
2f66b5ad,21322,9.1452,16
27d023a8,22860,9.1452,16
4f2ef352,23119,9.1452,16
8661565,23391,9.1425,16
16ea5d98,18853,9.1425,16
2a6a5d24,23600,9.1452,16
9e8d162,20683,9.1452,16
13b9d62f,20722,9.1425,16
2bcc2400,22123,9.1452,16
6f8eaa7c,22671,9.1397,16
7d513247,21773,9.1452,16
2022152e,18590,9.1452,16
7df7b7ab,22636,9.1452,16
37d16031,24204,9.1425,16
2d96f1fd,287,9.1452,1
1d2d0a04,22851,9.1452,16
5d27bce5,18987,9.1425,16
5d74085,19322,9.1452,16
614b9f98,20424,9.1452,16
74e95af6,20855,9.1452,16
ccf87a2,19117,9.1452,16
215578eb,19247,9.1425,16
7b489355,19891,9.1452,16
ec0cb12,22038,9.1342,16
6ee08ebb,20324,9.1452,16
536a6ba0,23864,9.1479,16
49ae1d74,23560,9.1452,16
6c8788a3,18246,9.1479,16
209b269f,20755,9.1479,16
6497467a,22613,9.1479,16
e689905,13366,9.1479,1
e5fd403,21340,9.1479,16
5ecd97fb,5899,9.1479,1
37bece,18576,9.1452,16
4a5dbf7c,22001,9.1479,16
3ad285f8,22015,9.1479,16
37847238,19391,9.1397,16
812bf16,22945,9.1425,16
35eea114,18131,9.1479,16
12ef4e8a,13721,9.1479,1
3cbcf46a,21124,9.1452,16
74c2db07,23211,9.1452,16
214b06e4,20121,9.1479,16
616df5d8,19509,9.1452,16
99e7c61,21642,9.1452,16
52dac69c,23161,9.1479,16
4f8f197e,18247,9.1452,16
2b5f9605,18920,9.1479,16
fcf0700,23065,9.1479,16
25927583,20988,9.1479,16
5f156824,23220,9.1479,16
5b7fab7c,19600,9.1479,16
cc7e1a8,17452,9.1479,1
622b5401,23210,9.1479,16
11bed028,19291,9.1479,16
3366edf8,20581,9.1479,16
859d5cb,19204,9.1507,16
3acfa3de,17880,9.1507,16
6dc9ff46,23490,9.1507,16
3101cefa,23440,9.1479,16
14e3c52a,20140,9.1507,16
21b0607a,21107,9.1507,16
4e6fa8eb,19388,9.1479,16
686dce11,20641,9.1507,16
5b14a815,23384,9.1507,16
1c0231fa,20261,9.1507,16
19ce8ac,17203,9.1479,1
27734367,23550,9.1479,16
79ee94a5,23515,9.1507,16
73d984b4,18248,9.1507,16
4b740bca,18787,9.1507,16
2f19ea61,20209,9.1479,16
2902b4d5,20861,9.1507,16
5bf445cb,22180,9.1507,16
3d80d91e,24080,9.1507,16
5728e5e0,16663,9.1507,1
4d6ba9ac,17935,9.1479,16
5aa8831e,21858,9.1507,16
1061bb2e,23564,9.1479,16
3d374d6,20123,9.1479,16
3de9877c,20448,9.1507,16
e146dec,19399,9.1507,16
3a0220c8,24185,9.1507,16
69a8f41,13775,9.1507,1
168d7d97,24135,9.1479,16
823ac2b,21105,9.1507,16
238cd987,20969,9.1507,16
713eba30,19602,9.1534,16
ca21045,19321,9.1534,16
1975b70e,18042,9.1534,16
65230b18,18100,9.1507,16
5c701546,22708,9.1534,16
581bcbc2,18472,9.1534,16
366ee952,18506,9.1534,16
4c5d37,13495,9.1425,1
44a7c8bc,23156,9.1534,16
40b6bd46,23394,9.1534,16
1e62fad5,19467,9.1507,16
70decae1,21179,9.1534,16
2cd82b99,23969,9.1534,16
2a9bb01b,23348,9.1479,16
40ba697,19581,9.1479,16
50037fdc,21477,9.1507,16
350bc8f,18676,9.1507,16
568c3eff,19008,9.1507,16
64fcd4ba,23593,9.1534,16
5a8f3145,22293,9.1507,16
3be55354,19909,9.1534,16
33a51ce7,23330,9.1507,16
45393eeb,23939,9.1534,16
4c09375b,21040,9.1534,16
7bf5c99,23970,9.1534,16
30f3e157,21721,9.1534,16
211d6bee,22946,9.1534,16
24ab2379,18009,9.1534,16
33b76df1,20274,9.1534,16
590df8e1,23306,9.1507,16
765b53ce,21106,9.1534,16
3c5314f0,23786,9.1534,16
685701d2,17750,9.1562,16
3d166cfb,21695,9.1562,16
411e58e8,18716,9.1507,16
47bc5d21,19819,9.1562,16
77e26ada,24043,9.1562,16
60e42b7d,20539,9.1562,16
5b0b82cb,24046,9.1562,16
238bb75c,18458,9.1534,16
7fdbe9ce,18677,9.1562,16
4cb127c5,20857,9.1562,16
322fcfc8,21619,9.1562,16
28613033,23764,9.1534,16
296dd897,22619,9.1562,16
2f7be22e,22297,9.1507,16
f4efb96,23198,9.1479,16
4a847ab5,24048,9.1562,16
5275bcab,22420,9.1562,16
419147ce,23842,9.1562,16
19c53536,18422,9.1562,16
6bc53b7e,22103,9.1562,16
1bdfdeba,19683,9.1534,16
6335141c,17823,9.1562,16
a0d8b1d,23747,9.1562,16
48d14fe9,22848,9.1562,16
3ac8392d,20348,9.1562,16
2d9e6247,24209,9.1562,16
6640061c,19705,9.1479,16
f33caa,23219,9.1589,16
429f855a,21585,9.1589,16
2441d648,19813,9.1589,16
1ccd5b14,23585,9.1589,16
7adbde77,20029,9.1589,16
3d89fc93,23025,9.1589,16
63d4bbea,22830,9.1562,16
5ddf479f,24178,9.1562,16
2b3ca2cb,18057,9.1562,16
f30f9bd,22126,9.1507,16
497d085a,23399,9.1589,16
6e394d55,19596,9.1534,16
5970ce7a,23644,9.1589,16
205d90a3,20973,9.1589,16
28a87804,18620,9.1589,16
2802ed65,23206,9.1562,16
44cde82,19122,9.1534,16
9b69a93,15267,9.1589,1
4fb33744,23609,9.1562,16
2d412d15,24210,9.1589,16
61556896,23483,9.1589,16
a5654e0,13680,9.1589,1
3789353b,22044,9.1589,16
13048f5a,18303,9.1589,16
59df4474,19912,9.1562,16
6196fafb,18717,9.1562,16
1f483b1f,11947,9.1589,1
280109f3,13010,9.1589,1
4911d85b,19007,9.1589,16
685bc06a,22884,9.1562,16
bde0463,20648,9.1589,16
5d4976c1,23392,9.1589,16
3072eb4,19431,9.1589,16
23e9e1b6,24114,9.1616,16
586f04b4,22213,9.1616,16
627b7fcc,20856,9.1616,16
4e868e06,21587,9.1616,16
744e7bec,19114,9.1616,16
67a2310c,23940,9.1616,16
76e4ec88,19926,9.1589,16
549408a7,22662,9.1589,16
18c6d082,24198,9.1616,16
38ac2d8a,21203,9.1616,16
42207227,22168,9.1589,16
45c48a29,21235,9.1616,16
4536e094,20756,9.1616,16
7a77b8d5,21469,9.1616,16
af85599,19928,9.1562,16
5a5d9801,18695,9.1616,16
6bda6a70,18308,9.1616,16
4dbff4b3,15269,9.1616,1
32c3cafc,20154,9.1616,16
5865f741,18431,9.1616,16
73b337c9,23431,9.1616,16
636e5616,19304,9.1616,16
1735b6b,21118,9.1534,16
39c238df,21038,9.1589,16
157a8131,20437,9.1589,16
14a0c462,23754,9.1616,16
7f1df128,22611,9.1589,16
642e55a3,21892,9.1616,16
4c028d39,21935,9.1616,16
db0ee81,20942,9.1616,16
1db4caae,18925,9.1616,16
4065c1bb,20639,9.1644,16
ba117f6,23331,9.1644,16
531238fe,21401,9.1644,16
595c00fb,19906,9.1644,16
628650c4,18055,9.1562,16
619be5c5,23822,9.1616,16
230cf4c0,22387,9.1644,16
7477da7c,22040,9.1644,16
5cd533e9,22002,9.1616,16
1aee7382,21334,9.1644,16
4abe106b,22212,9.1644,16
30d6050d,19510,9.1644,16
74b57134,20828,9.1616,16
40cf0d1d,20418,9.1562,16
420de469,23652,9.1644,16
305b2196,17098,9.1644,1
59c0367c,23584,9.1644,16
63c75867,18377,9.1644,16
40a077b5,22402,9.1644,16
3c24a9fa,17883,9.1616,16
2969c434,22717,9.1644,16
559a6879,16650,9.1644,1
d31d760,23010,9.1616,16
63b0e92e,23432,9.1589,16
d4ad68c,23193,9.1644,16
54ecb2c1,23632,9.1644,16
7c484fb2,23354,9.1644,16
4d9ebadf,24020,9.1644,16
4b41dab5,23045,9.1644,16
48489e6a,21507,9.1616,16
23ef295f,19701,9.1616,16
79835718,17178,9.1671,1
432cd0dc,23407,9.1644,16
41f342b5,18982,9.1671,16
7f308ae4,17737,9.1644,16
4a2bc4c,23118,9.1671,16
254d4777,21342,9.1671,16
815c97c,18718,9.1671,16
6bcd64f1,19058,9.1616,16
307075d7,21713,9.1671,16
2121ff49,21241,9.1671,16
b66fdce,23282,9.1671,16
ef940a6,18591,9.1671,16
20c3a34e,23349,9.1671,16
7d99c38,228,9.1671,1
7b39ade,20676,9.1671,16
345e9932,19817,9.1644,16
1a2be347,18396,9.1671,16
51d88466,21643,9.1671,16
4aa691e9,17738,9.1671,16
85dd5af,20330,9.1671,16
a711686,18473,9.1671,16
4f05ed54,18380,9.1671,16
5aebbb66,18332,9.1671,16
720635db,22722,9.1671,16
50258e51,19529,9.1671,16
46669904,21717,9.1671,16
243c500b,22105,9.1644,16
26fbb72c,20466,9.1671,16
467491ea,22849,9.1671,16
41c332c9,21569,9.1671,16
7b98ef2,23906,9.1671,16
400fd85e,18952,9.1699,16
389e2d7f,20912,9.1699,16
7c000bfe,21394,9.1699,16
5761fe64,19857,9.1699,16
1e993e55,23676,9.1671,16
46941235,20677,9.1699,16
d11ca0b,19239,9.1699,16
71326fac,21839,9.1671,16
268e9c49,23438,9.1699,16
406d3717,18922,9.1671,16
43afec83,20275,9.1699,16
2102b455,18066,9.1671,16
73bc08e8,18274,9.1699,16
5a404c07,22875,9.1699,16
66376838,21586,9.1699,16
47a8530a,13256,9.1644,1
52a3d8b7,23484,9.1699,16
414b6143,21275,9.1699,16
6c18a921,23610,9.1699,16
19b33d19,20507,9.1699,16
5b1e09c2,18636,9.1699,16
4418f0bf,22645,9.1699,16
832feeb,20007,9.1671,16
30225da,20390,9.1699,16
6de4b2a1,21636,9.1699,16
23aded0d,21178,9.1699,16
1269c7d7,19438,9.1699,16
7bd5e341,21778,9.1726,16
12326b76,19927,9.1726,16
112cfc87,21502,9.1726,16
e768def,18719,9.1671,16
527da489,21043,9.1726,16
53951c6b,19097,9.1726,16
25ab0a5a,18253,9.1726,16
1f08e2f5,21648,9.1699,16
20ee4471,20273,9.1726,16
5be37243,13367,9.1671,1
3edfc793,18156,9.1726,16
26675abf,23953,9.1726,16
7ea00bcc,18761,9.1699,16
1850dfee,21679,9.1699,16
36b48dc5,20887,9.1699,16
2c3f15a5,18225,9.1726,16
6c0e1b0b,24115,9.1726,16
595b8ba5,21623,9.1726,16
70a01697,222,9.1699,1
ea09d24,19511,9.1699,16
5a663368,17789,9.1699,16
462cad6c,15207,9.1671,1
36c80f90,20151,9.1726,16
3c8bfdd0,18416,9.1726,16
571d745a,24143,9.1753,16
5b15a506,22233,9.1753,16
74f9f418,20977,9.1726,16
23bd198,20070,9.1753,16
613dd972,19050,9.1699,16
45156fe1,19192,9.1699,16
439ea8f8,21708,9.1753,16
c8115b5,22384,9.1753,16
5d3edeab,18788,9.1726,16
6d0091ac,22181,9.1699,16
78ca537,19684,9.1753,16
789742fc,21348,9.1753,16
665cb820,17247,9.1644,1
3ab71262,21349,9.1753,16
354eaa0f,21718,9.1753,16
1e2ee18b,18347,9.1726,16
1d30d7d6,18161,9.1699,16
1f96f210,23715,9.1753,16
5fc82d3f,21548,9.1671,16
3603adf4,18285,9.1753,16
2d164285,20124,9.1726,16
5382345,18830,9.1726,16
1b074708,18714,9.1753,16
30402591,19892,9.1753,16
2f5d4b76,18469,9.1753,16
6b3b67d3,21234,9.1753,16
5c2517d8,20454,9.1726,16
4a2552bb,19392,9.1726,16
6dd09b4,18880,9.1726,16
7b789ac3,20759,9.1753,16
3ebb6821,19414,9.1753,16
e0e85da,22818,9.1753,16
6edebe2a,20870,9.1726,16
51cf9fb0,19506,9.1753,16
151accdd,23670,9.1781,16
34501fc8,23524,9.1781,16
4e0a7ccd,20760,9.1753,16
55bea4c8,22748,9.1781,16
782183d0,23811,9.1781,16
7c02e41c,24128,9.1781,16
25aa68e7,18975,9.1781,16
4cbb6d43,24142,9.1781,16
6185045c,17774,9.1726,16
51ca8c0d,23028,9.1699,16
71f2fa18,23263,9.1781,16
6169612d,23215,9.1753,16
539d8f5,20153,9.1781,16
12ff7c64,18398,9.1781,16
175030d2,20447,9.1726,16
71142a1a,20170,9.1781,16
3a21aabd,19009,9.1781,16
53d4fdc1,13011,9.1726,1
459481c9,21806,9.1781,16
1500279b,19032,9.1753,16
22c313c4,21793,9.1781,16
4cbe0cac,21119,9.1753,16
560dc8a8,19323,9.1753,16
37f69169,19433,9.1781,16
5c728b89,18081,9.1781,16
23de54f3,21878,9.1753,16
19393e7f,21974,9.1781,16
2149ed78,21474,9.1781,16
34df563e,21039,9.1781,16
22b75de1,21804,9.1781,16
731fec88,21888,9.1808,16
2385fe52,21530,9.1808,16
4d49e577,21183,9.1808,16
5589e16a,19413,9.1808,16
59fe2cff,22705,9.1781,16
53b9fd9c,22205,9.1781,16
55052efc,23230,9.1808,16
57651b76,23034,9.1808,16
4d7d2241,23402,9.1808,16
65cc76c5,18577,9.1781,16
19c2d64e,19432,9.1808,16
6603d0ab,21192,9.1808,16
42488900,13773,9.1781,1
44b4b5d2,22826,9.1781,16
4b4b6bac,21809,9.1781,16
33357ce6,20206,9.1808,16
68a06785,22590,9.1808,16
35b3f309,15145,9.1808,1
5448da48,20998,9.1808,16
352908f5,20525,9.1781,16
44cecd66,22605,9.1781,16
5c844b55,18796,9.1808,16
7685d077,21131,9.1808,16
2dce8fd1,18828,9.1808,16
42e15eda,23930,9.1808,16
640dde75,19586,9.1808,16
561a8a6f,21012,9.1808,16
28baad1a,23905,9.1781,16
70e4d612,17472,9.1808,1
9a2c432,11935,9.1781,1
7a10400d,23934,9.1808,16
785be4d2,21248,9.1781,16
24bc7d81,18369,9.1781,16
5f454be,23487,9.1808,16
5768c5dc,18979,9.1808,16
53765654,18457,9.1836,16
2b1e641f,22432,9.1836,16
755833f5,19766,9.1836,16
c4468da,23114,9.1836,16
7ab0adba,22673,9.1808,16
2b329c48,19471,9.1726,16
4a17ab8c,20327,9.1836,16
12f1104d,22618,9.1836,16
3ddca871,21694,9.1836,16
2b3a35e,24109,9.1808,16
758f334f,20395,9.1836,16
6f6626cb,23457,9.1753,16
37219476,17978,9.1836,16
2897789f,22298,9.1836,16
240e3389,20421,9.1808,16
7a0019bd,23365,9.1836,16
4139b0af,22614,9.1836,16
52797b97,23922,9.1836,16
7be882a,24207,9.1836,16
7d09a491,23142,9.1781,16
71b9cf57,18304,9.1808,16
6805b734,20868,9.1836,16
1b898dc6,20660,9.1836,16
2b149f0a,23157,9.1808,16
4521cd8e,23743,9.1836,16
54d5a7b3,18477,9.1836,16
a307a66,22219,9.1836,16
14e82e48,18732,9.1836,16
519187f6,19434,9.1863,16
6a1c7bf,21973,9.1863,16
9c2e4ae,19033,9.1836,16
5c0d01b0,20499,9.1863,16
1fe83f0,17766,9.1863,16
7f275d4e,23418,9.1863,16
3870ae9b,13668,9.1863,1
96a304f,21767,9.1808,16
17135258,18544,9.1836,16
a409382,19429,9.1863,16
23a7d18b,19732,9.1863,16
5633270c,23068,9.1863,16
e039dcd,22042,9.1863,16
5b23f7a1,19800,9.1836,16
72e8d0b7,13466,9.1863,1
30f8fc7,5905,9.1863,1
1eb93da4,19173,9.1781,16
51fd7238,21936,9.1863,16
4302603f,22006,9.1863,16
3c8cae2f,21033,9.1808,16
6b0ff007,22158,9.1863,16
51d923ec,19597,9.1863,16
7f5e27ae,23120,9.1863,16
3b4ea108,23636,9.189,16
18aa270,19820,9.189,16
58ae99b8,21807,9.189,16
4c35d562,22747,9.189,16
779834ee,23954,9.189,16
2c63958,18953,9.189,16
54eb594b,21346,9.189,16
a6e884,23562,9.1863,16
2ce9c271,22626,9.1863,16
4e958c4b,23804,9.1863,16
40baa5d3,19324,9.189,16
77ef8788,18164,9.189,16
15f7294e,23393,9.189,16
40ba664a,22214,9.189,16
217e22f3,20637,9.189,16
4aba29e1,18805,9.189,16
77e2086f,24136,9.189,16
62e3bf7d,17964,9.189,16
69bba76e,22749,9.1836,16
45aa5e4e,19530,9.189,16
22ec87e4,21624,9.189,16
2d3665b,23594,9.189,16
551cf7c6,22215,9.189,16
5d8bdc93,21886,9.1863,16
693f909b,23385,9.189,16
7e70fbdc,21184,9.189,16
38659051,18736,9.1836,16
3b89bc8a,18974,9.189,16
16032932,19019,9.1918,16
12e8837d,23221,9.1918,16
2e275828,18804,9.1918,16
57f0f82b,18320,9.1918,16
43031d9c,20118,9.1918,16
3598849a,24045,9.1918,16
21ea7c19,20315,9.1918,16
7b1bfa40,20909,9.1918,16
718bf9af,18817,9.1918,16
2abff5ff,18463,9.1918,17
1637cf59,21893,9.1918,16
5fcbac3e,20312,9.1918,16
5bf21866,19829,9.1918,16
290abdb5,23744,9.1918,16
7e27fba,19831,9.1945,16
522772b4,19118,9.1945,16
76f0e2d5,18854,9.189,16
195d61be,22222,9.1945,16
48820588,17930,9.1945,16
65c69035,24071,9.1945,16
39661195,23270,9.1945,16
714d2c98,21620,9.1945,16
189652d7,15127,9.1945,1
6a3480ea,23787,9.1945,16
3d625401,21755,9.1918,16
3b22f2a1,19893,9.1918,16
239330b1,19468,9.1945,16
9b9cefe,19495,9.1945,16
47443cf3,21626,9.1945,16
74becd17,20341,9.1918,16
2a5bf978,18470,9.1945,16
6bdf7940,17884,9.1945,16
56094814,18533,9.1945,16
51f3da32,23611,9.1945,16
2d5f8599,22663,9.189,16
1a74fab4,23545,9.1918,16
167a20cc,23614,9.1945,16
4fdfebe,20152,9.1945,16
1b063a49,21833,9.1973,16
70bf2554,21977,9.1973,16
603a477a,22096,9.1973,16
333b1c9b,21764,9.1945,16
2fd73305,21951,9.1973,16
4ac3a7a1,20961,9.1945,16
686c0a73,19760,9.1945,16
617007af,20422,9.1973,16
6fe5c6ed,18305,9.1973,16
5e3cd0a5,22344,9.1973,16
53439d6c,22923,9.189,16
3be2461f,20583,9.1973,16
2c5fe35f,20651,9.1973,16
459ac31a,22108,9.1973,16
4d2d7648,19379,9.1973,16
2c814d3d,18160,9.1945,16
63660d3c,18249,9.1973,16
70f78059,22110,9.1973,16
564e3739,23419,9.1973,16
70006068,20685,9.1918,16
23dc8cb9,20684,9.1945,16
6f6525d3,20862,9.1945,16
697ceff6,20566,9.1945,16
3f3db9fb,23485,9.1945,16
483530f9,13679,9.1973,1
3b451ab7,20771,9.1973,16
7cbbe022,20932,9.1973,16
3a3619db,22866,9.1918,16
5b65449c,17868,9.1918,16
48e67de5,23178,9.1945,16
6bff3e2b,19876,9.1973,16
103de357,23982,9.2,16
704281a1,18981,9.2,16
13a4b793,13016,9.1973,1
6b41e3e3,19982,9.1945,16
6b4fade0,22346,9.1973,16
7953d8c4,22183,9.1973,16
5e723783,20792,9.2,16
3ecf235,21236,9.2,16
700572ca,19362,9.1973,16
f5d00c6,24129,9.2,16
19eb8c60,21478,9.2,16
f700acc,22646,9.1973,16
33a57222,17739,9.2,16
7e19f261,19703,9.1945,16
25d15c4a,24179,9.1973,16
426d2306,20628,9.2,16
fc9f5f2,23276,9.1973,16
7202fa7,19130,9.1945,16
369b4fd8,20166,9.2027,16
1987664d,20301,9.2,16
32d91368,12999,9.1973,1
48c81b4,23162,9.2,16
1cf0b7a0,20349,9.2027,16
34024f83,19905,9.2027,16
588b2354,23491,9.2027,16
21ef843,22800,9.2027,16
3daecec4,19389,9.2027,16
7a9c9306,18058,9.1973,16
a49d6e,21831,9.2027,16
67ce530c,19584,9.2027,16
22daa2df,20681,9.2027,16
26fca4ae,22615,9.2027,16
47483808,24095,9.2,16
276ca2a6,21835,9.2,16
397611ee,22950,9.2027,16
7915f985,19699,9.1973,16
1d9da443,17093,9.2027,1
5e07aa8a,19364,9.2027,16
576168b9,19174,9.1973,16
1cbc4a7e,18020,9.2027,16
154cc166,21196,9.2027,16
27116e74,18177,9.2,16
6503d030,23501,9.1973,16
63375e0,19883,9.2055,16
2fedd0fb,23738,9.2027,16
78a220e2,21982,9.2027,16
b169961,18417,9.2055,16
2a26b52d,19400,9.2055,16
70ef5a63,22938,9.2027,16
6deeadeb,24190,9.2,16
4223584,19233,9.2055,16
3bc079f0,20114,9.2055,16
161897e1,21200,9.2055,16
317600a9,22977,9.2027,16
29ef6299,21776,9.2027,16
3059118a,19730,9.1973,16
6d3864bd,19193,9.2055,16
3c74ec35,21247,9.2027,16
4430db2,22041,9.2055,16
53126db,21885,9.2055,16
59170bb,22111,9.2055,16
5718674e,21475,9.2055,16
4c163cdc,20834,9.2055,16
50a48671,17950,9.2055,16
55501129,21836,9.2082,16
5caf6540,19830,9.2082,16
2ca13bbd,18541,9.2082,16
48194b8c,20243,9.2,16
3a6b6b87,18588,9.2082,16
35146e8f,24072,9.2082,16
4177e152,20302,9.2082,16
66550959,20060,9.2055,16
18be30a5,13681,9.2,1
7d98f3d0,21837,9.2082,16
64927b34,23613,9.2082,16
609c46c,5900,9.2082,1
72e4013f,19700,9.2082,16
c670340,23194,9.2082,16
4236cc54,23056,9.2,16
358a44fd,19507,9.2055,16
6735568a,24108,9.2082,16
53fc242f,24070,9.2082,16
27dc0668,20438,9.2082,16
401613c2,23986,9.2082,16
d5a8c4c,21600,9.1973,16
3fb50c94,19522,9.2082,16
7a86b66f,17861,9.2082,16
781da24c,23961,9.211,16
8e5268e,23704,9.211,16
1d3c9ee6,17767,9.211,16
5104f332,22209,9.211,16
4642942a,18180,9.211,16
721ab3fd,23421,9.211,16
53d8516c,18242,9.2082,16
425994f5,20155,9.2082,16
77fad617,19435,9.2055,16
7228cccf,22925,9.211,16
4432cdb,24040,9.2082,16
56f20bbd,19490,9.211,16
47b0633e,23117,9.211,16
2fc608bc,22625,9.2055,16
30457bc7,23976,9.2082,16
734a91b3,19593,9.211,16
6e725ef5,21034,9.2055,16
281b0f65,18424,9.211,16
6c7630cb,20318,9.211,16
4b16e3ff,23840,9.211,16
3bcfa227,23222,9.211,16
36c3ea2,20361,9.211,16
37ef999e,22627,9.211,16
477fd821,23115,9.2082,16
1ad2586d,23111,9.2082,16
2c2d6296,23267,9.2082,16
492061a0,20456,9.211,16
662759d3,22220,9.211,16
ef51af,19352,9.2082,16
c0e8880,22909,9.2055,16
5a8c675c,21350,9.211,16
1d27d039,19608,9.2137,16
2d4f1fe0,20636,9.2137,16
197021f2,15143,9.2137,1
14c874b8,23549,9.2137,16
4cacb45b,18478,9.2137,16
30b1726e,18581,9.2137,16
27d5bff1,18399,9.2137,16
1cd1577c,21812,9.2137,16
40647cf4,19440,9.2137,16
1581db07,20031,9.211,16
42bb00bb,22707,9.2137,16
5447d527,19361,9.2137,16
39931b63,23188,9.211,16
37a79087,20387,9.211,16
2ce53c97,18881,9.2137,16
36c14f68,18254,9.2082,16
5cc54a7a,208,9.2137,1
3757bdf2,20738,9.2137,16
576ddacd,20156,9.2137,16
4c5656f9,23218,9.2137,16
7427808c,19096,9.2137,16
52e95533,18983,9.2137,16
885bb57,19948,9.211,16
17f090ed,18637,9.2137,16
6e6ffa09,20168,9.2082,16
180feb24,20476,9.2137,16
218de15a,22495,9.2137,16
1e926505,18837,9.2082,16
39556895,17755,9.2137,16
60b7f43d,23163,9.2082,16
2e3382a6,19929,9.2137,16
287b7204,20069,9.2082,16
1133a2dd,18273,9.2137,16
4f4aeae4,18191,9.2137,16
1835566,19363,9.2137,16
13808403,11943,9.2137,1
60983f25,20762,9.2137,16
6f925ad4,18370,9.2137,16
3f5d8159,24116,9.2137,16
789df418,18524,9.2137,16
63aea608,20449,9.2137,16
741986e2,23084,9.2137,16
5559ee53,20899,9.2137,16
20259d54,20455,9.2164,16
4273fdd4,21549,9.2164,16
547b9d74,19430,9.2137,16
6c6d2f8f,19550,9.2164,16
765c7f27,18023,9.2164,16
2b9cb165,20772,9.2164,16
2384195f,22347,9.2164,16
26904bf7,22876,9.2164,16
7e427d4f,21859,9.2164,16
33a0bd45,19217,9.2164,16
7d7935cd,19439,9.2137,16
7eb485dc,19961,9.2164,16
5a5fb60e,21967,9.2164,16
51d45148,18381,9.2137,16
6c236295,17859,9.2164,16
58c0e581,22043,9.2164,16
2801120,18569,9.2192,16
25c828b8,23805,9.2192,16
4a814fe9,24055,9.2164,16
5288d15e,22169,9.2192,16
960a408,22348,9.2192,16
5ae84052,21480,9.2192,16
d3bda63,23737,9.2192,16
fb0c3f5,20833,9.2192,16
38a7e204,22951,9.2192,16
6b59b753,18200,9.2192,16
7f4f8947,22159,9.2192,16
2c74bc0f,20210,9.2192,16
25d27d1f,21628,9.2192,16
317b5d9,13486,9.2192,1
5e543d0b,23057,9.2192,16
6029ec0,23083,9.2219,16
432387a5,18838,9.2219,16
7af4c58e,18515,9.2219,16
42b28679,19981,9.2192,16
91014d,18230,9.2219,16
5a68393a,20673,9.2219,16
49821d20,19499,9.2219,16
98c4194,23987,9.2192,16
76dce3b3,17862,9.2219,16
3f00ff3f,18176,9.2219,16
1072c7b,21343,9.2219,16
6ec58d97,20790,9.2192,16
52dd8bc9,17508,9.2219,1
994de7f,21046,9.2219,16
71adbb99,19694,9.2219,16
627fbe38,20559,9.2219,16
5a3e4c4f,11948,9.2164,1
6262c787,18754,9.2219,16
7476d34c,21779,9.2219,16
40e3e962,23139,9.2219,16
4daa9a92,22604,9.2219,16
52bb6361,23971,9.2247,16
4492e88a,18109,9.2219,16
5c1e89aa,22887,9.2247,16
7acf114d,18348,9.2247,16
5c47ff5e,23482,9.2247,16
e65af6c,23983,9.2247,16
79feb917,23519,9.2247,16
1702da38,20540,9.2247,16
1c6c2c33,22407,9.2247,16
24cbc0f7,18867,9.2247,16
3f51ee1d,21966,9.2247,16
3e8330d5,21625,9.2247,16
78f09154,21409,9.2247,16
50037cd,21780,9.2247,16
7ad82500,18768,9.2219,16
35111076,19325,9.2219,16
12b38b99,23026,9.2247,16
6eb5d2aa,21834,9.2247,16
6a0f2eee,19256,9.2192,16
4cdb6f51,13487,9.2247,1
f5086ff,19504,9.2274,16
61cae154,13791,9.2219,1
5a16413c,21827,9.2274,16
57200179,17780,9.2247,16
4cd2a0c8,21952,9.2274,16
6d4cb560,19028,9.2274,16
59c1a747,21930,9.2219,16
3067e8d5,17781,9.2274,16
19a10e57,18712,9.2247,16
a4a2bd3,24081,9.2274,16
581f7b7,21832,9.2274,16
5d36d82a,23436,9.2274,16
1a573168,20678,9.2274,16
999a754,18143,9.2274,16
185bd386,18256,9.2274,16
398560de,13795,9.2274,1
439467ed,19930,9.2192,16
499bc79d,21380,9.2247,16
2808103d,22182,9.2274,16
46b8cc4b,22291,9.2274,16
1888482,23227,9.2247,16
6cefb16f,20246,9.2247,16
2a6e9897,24121,9.2247,16
4a253938,20211,9.2274,16
22c451b9,19803,9.2247,16
33b1e847,23481,9.2274,16
6d457486,21781,9.2274,16
e4a7cef,22650,9.2301,16
e83ad06,23441,9.2301,16
298167a7,20131,9.2301,16
304741de,19922,9.2301,16
23fa2c9d,22091,9.2301,16
324c9f41,23936,9.2301,16
1b041161,20933,9.2301,16
746b2cca,19702,9.2274,16
299b8bac,22294,9.2301,16
3ae3f804,22709,9.2274,16
6c83ce8e,18698,9.2301,16
41a3b2a8,20032,9.2301,16
349097db,17198,9.2274,14
b639c55,21232,9.2274,16
11167a95,21128,9.2301,16
63933187,20946,9.2274,16
3ff9f9af,22801,9.2274,16
fe79fc4,20157,9.2301,16
2e7fb910,23284,9.2274,16
2d878e7f,21841,9.2274,16
26e7dff1,18397,9.2301,16
57628d41,17860,9.2301,16
3b7fc1ee,18471,9.2274,16
27a63283,19113,9.2301,16
27005b72,20674,9.2301,16
148c800c,21381,9.2301,16
5e91094,18255,9.2329,16
269bef37,20173,9.2329,16
46a29ded,18283,9.2301,16
50068d90,19074,9.2329,16
207afb7c,23663,9.2329,16
6d5a2257,19877,9.2301,16
6f22d049,23525,9.2301,16
3f4597e4,17742,9.2329,16
5bcbf791,22622,9.2329,16
7bb01fd7,21403,9.2301,16
2c9d568f,19802,9.2329,16
106981d1,19142,9.2329,16
6b48fc83,19824,9.2329,16
380de8f,22854,9.2329,16
2524f6da,19801,9.2274,16
773c611,17509,9.2329,1
419cc15e,21647,9.2329,16
5f759437,24118,9.2301,16
539ee421,23601,9.2329,16
1d27b7b5,22880,9.2301,16
4333ee3f,18876,9.2356,16
71c1ba6a,11949,9.2301,1
1be5294d,18789,9.2329,16
61c4884f,19135,9.2329,16
18d66638,18921,9.2329,16
1f7dccdb,22342,9.2329,16
10c787d,18123,9.2329,16
26bddf33,19469,9.2301,16
6075e4e,20090,9.2356,16
2dcb1f10,22981,9.2356,16
4f664544,20388,9.2356,16
56d59dc,23046,9.2356,16
162644b9,22710,9.2356,16
7ea4fdc,22616,9.2356,16
3b238441,20392,9.2356,16
4e653faa,17800,9.2301,16
1d8717a9,24047,9.2356,16
6e9128a,21702,9.2356,16
33540f47,21158,9.2356,16
3bb47b36,17791,9.2329,16
6615225e,20470,9.2356,16
18d0bd08,18976,9.2329,16
41b3a351,22271,9.2356,16
26cc4ca2,23442,9.2301,16
6b729924,21616,9.2384,16
4b8133c0,23283,9.2356,16
35f1510b,22831,9.2356,16
7a398239,20158,9.2356,16
500d589c,18342,9.2384,16
26cc1f04,20761,9.2384,16
6221fe23,21794,9.2301,16
5de79265,21638,9.2329,16
6bf9fbaa,20832,9.2384,16
2d0bfdee,20533,9.2384,16
4036de8a,17801,9.2384,16
1a50f6cd,21627,9.2384,16
630be35d,18196,9.2384,16
5ccfdd50,9691,9.2356,1
35ae7d21,17202,9.2384,1
503e277f,18043,9.2384,16
6491a6d4,20331,9.2384,16
61ca9cc1,19056,9.2384,16
21231853,23706,9.2384,16
5a39376,23955,9.2356,16
77b5eaa1,18474,9.2329,16
21fdca14,18021,9.2384,16
181a853,20688,9.2384,16
57c61b5,18699,9.2384,16
212a6064,24023,9.2411,16
3859d9b0,18392,9.2411,16
37dd3acd,21860,9.2411,16
661961b5,22304,9.2411,16
21f8d5ee,17831,9.2411,16
79c0d392,19692,9.2384,16
758f3fc9,23968,9.2384,16
36dfc91,20908,9.2411,16
64dd0eb7,20999,9.2411,16
54eaadd7,23813,9.2411,16
1b7e0dfd,19100,9.2411,16
1703082c,21413,9.2356,16
7be6f729,18418,9.2411,16
7742e654,22408,9.2411,16
194ac501,23400,9.2438,16
18968015,19073,9.2438,16
2b2ad059,18192,9.2411,16
28c1735,21975,9.2329,16
24656932,17243,9.2438,1
1cb81ca4,21696,9.2411,16
13f52577,18635,9.2438,16
5fe6d79f,22221,9.2438,16
3ff6fa71,18261,9.2438,16
fe1ede0,23741,9.2438,16
63f78c17,19858,9.2438,16
352db259,21711,9.2411,16
5913d383,18763,9.2411,16
30a0bd11,22688,9.2438,16
a4eb144,21129,9.2438,16
388dec06,20962,9.2438,16
67454834,18231,9.2411,16
59b3434f,18989,9.2411,16
208d0094,20906,9.2438,16
15f079a1,22438,9.2438,16
7e28b6cd,23246,9.2438,16
5c4c127f,17191,9.2411,1
424a4ac5,22620,9.2438,16
4b3f8ce3,19910,9.2438,16
f03ae50,19693,9.2466,16
47c28684,16680,9.2438,1
6cb523f0,24162,9.2466,16
5169c2ac,21937,9.2466,16
4165a626,18954,9.2466,16
5306e174,18158,9.2438,16
505874f,23395,9.2466,16
a3ab36,24059,9.2466,16
1f40652c,20471,9.2466,16
73f8a474,18228,9.2466,16
1711f63e,17790,9.2466,16
a7615f1,22879,9.2466,16
132b53d5,22881,9.2466,16
16036896,22160,9.2466,16
20eea526,20013,9.2466,16
5bf400f9,20687,9.2466,16
38d61703,19436,9.2493,16
1d6b45a8,22189,9.2493,16
30c426a8,23497,9.2493,16
2355475,24180,9.2493,16
fffcb7d,21887,9.2493,16
3c4c8722,21077,9.2438,16
38773002,21525,9.2493,16
5aed8831,18166,9.2466,16
35358e78,23143,9.2466,16
520be260,21838,9.2493,16
458c5061,19365,9.2466,16
83b94bc,20562,9.2493,16
7a3592a8,23144,9.2466,16
771b11f8,24189,9.2466,16
be01ab0,21347,9.2466,16
c02b8a5,18956,9.2493,16
58f827c3,17832,9.2466,16
3d7ab7fd,18250,9.2521,16
2027f6e3,17174,9.2493,1
30ef4ad0,19762,9.2521,16
66992eb7,18582,9.2521,16
1d8401bb,22508,9.2521,16
4853c1b3,22944,9.2521,16
6da78d4e,23493,9.2521,16
58a1a58,23920,9.2521,16
4ff979f3,20316,9.2521,16
60ba0a2d,17976,9.2493,16
31262689,18173,9.2493,16
64abb22f,23316,9.2493,16
601969a8,18022,9.2521,16
4014952b,24032,9.2521,16
4c65b547,21968,9.2521,16
ad79d85,23189,9.2521,16
50c2fce4,23703,9.2493,16
ef439a6,21889,9.2466,16
50509a1b,23623,9.2493,16
695360f4,15136,9.2521,1
422c105f,19120,9.2521,16
5cee122,19706,9.2521,16
6e8a296d,19822,9.2521,16
519a33c2,21078,9.2548,16
233cadc5,18194,9.2548,16
b5769d8,20339,9.2548,16
1b0ff15,15144,9.2493,1
7385d9f0,23917,9.2521,16
5d62055b,23521,9.2521,16
7301f061,22833,9.2548,16
35153941,20396,9.2548,16
335b30a1,19505,9.2548,16
6e4c3563,19996,9.2548,16
12325233,23907,9.2493,16
ef1be05,22728,9.2548,16
64455942,17491,9.2548,1
6b2d9f84,18703,9.2521,16
6b0eeb18,19394,9.2493,16
688c71ea,17792,9.2548,16
264daaf0,18529,9.2548,16
211bd002,22712,9.2548,16
3d51a912,18701,9.2493,16
36d98c73,20247,9.2548,16
7d08aa72,23226,9.2548,16
26cfe11,18433,9.2548,16
32c5ce77,20167,9.2521,16
48056648,13497,9.2575,1
638f87ad,21593,9.2575,16
b350a39,22216,9.2575,16
70660e00,17939,9.2575,16
151fea6b,22888,9.2548,16
6983106,21891,9.2548,16
68215209,23339,9.2575,16
7dfcd554,19455,9.2575,16
9b538c9,23742,9.2575,16
9de7988,23630,9.2548,16
6ae13891,20478,9.2548,16
5d86bb09,22097,9.2575,16
2ab73dc3,23245,9.2603,16
4091d64c,18760,9.2603,16
60c2cde7,23164,9.2603,16
2642b51,23152,9.2575,16
30444de,23403,9.2603,16
515b7d46,20739,9.2603,16
44cb9084,18528,9.2603,16
104e3858,21629,9.2603,16
5e23afab,20500,9.2521,16
759619d9,17804,9.2548,16
2878fc7d,22718,9.2603,16
97b7f18,17752,9.2575,16
68961a97,23199,9.263,16
2b8baed9,22090,9.263,16
447f34c1,18168,9.2603,16
6f13b7c6,17783,9.263,16
16ae10e9,22802,9.263,16
4eb4e209,18333,9.263,16
38bf6060,21712,9.2575,16
3a0370a5,18167,9.263,16
34d6fa7f,18088,9.263,16
55b828a,18144,9.2603,16
6394f390,22496,9.263,16
a59e141,23035,9.2603,16
49262c0a,18475,9.263,16
10b0b876,24163,9.2658,16
54fcd183,24057,9.2658,16
66302dfe,17754,9.263,16
11ea71b4,24017,9.2658,16
69d459ff,23843,9.2658,16
397c96c9,20254,9.263,16
7cb23fbb,22914,9.2658,16
4ef09967,18621,9.2658,16
c5536dc,20689,9.2658,16
47058d08,18044,9.2658,16
40a084ca,24181,9.2658,16
9264569,20818,9.263,16
2a272db4,21042,9.2548,16
6056b236,17154,9.2575,1
45108b36,24110,9.2658,16
2e163351,20543,9.2658,16
1a6eb1b7,22832,9.2658,16
3d4fe1aa,19923,9.2658,16
685d3337,22363,9.263,16
29554c31,23935,9.2658,16
32eafcf6,18476,9.2658,16
36c67ef1,19027,9.2658,16
74468b32,22937,9.2658,16
7503da06,23856,9.2658,16
76b42453,20283,9.2685,19
7380fd82,18262,9.263,16
335fe7db,24139,9.2685,16
58e7d85c,19437,9.2685,16
f26f9af,20682,9.2685,16
4181cbe9,22652,9.2658,16
3cc46b4c,21237,9.2685,16
ff4fde9,19257,9.2685,16
487cdf60,18766,9.2685,16
7bbe7924,17099,9.2685,1
7566e1c4,23420,9.2685,16
371338b7,24018,9.2685,16
51502331,17786,9.2575,16
3a977299,19295,9.2658,16
69834335,19761,9.2685,16
61fc6078,19671,9.2685,16
5b10805b,13815,9.2658,1
4f843a70,19264,9.2658,16
1f1dc11a,20284,9.263,16
6cf4b327,20690,9.2658,16
6e89e161,17501,9.2658,1
30117a,19979,9.263,16
4a4efd36,22410,9.2658,16
7bd4742b,21159,9.2685,16
71d41577,23713,9.2658,16
3870ede1,21978,9.2712,16
4d6443ec,21715,9.2658,16
19538167,22947,9.2685,16
1968e8f6,22234,9.2712,16
48463901,22481,9.2685,16
77e6ca0d,19553,9.2712,16
501db291,17824,9.2712,16
72bb352f,23458,9.263,16
2cca5cd6,22979,9.2712,16
553df67f,17802,9.2712,16
144af877,20469,9.2685,16
31a0cb15,18570,9.2712,16
4bb74804,17744,9.2712,16
39b2f026,19616,9.2658,16
3f73a59c,20319,9.274,16
41a16248,17782,9.274,16
7b15fa0d,20251,9.2685,16
38df2c58,18700,9.274,16
505bb3b4,21840,9.274,16
4cafe20,18181,9.2685,16
4536bf0d,23942,9.274,16
4e1378c0,19010,9.2712,16
43d8b4a5,24193,9.2712,16
10306900,18500,9.274,16
650a1109,18162,9.274,16
608e72dc,19353,9.274,16
350ed375,23937,9.2712,16
337534ed,21337,9.274,16
35dda979,24031,9.274,16
209e23ea,18722,9.274,16
3395bdb7,195,9.274,1
704345cb,17510,9.274,1
6a0bd572,19512,9.2767,16
3bdb2aaa,20328,9.274,16
25bd5063,20763,9.2767,16
4f3a2402,20061,9.2767,16
13d47452,18041,9.2767,16
44874189,11944,9.2712,1
7baed8d2,21249,9.2767,16
19c23377,17797,9.2767,16
56334664,20362,9.2767,16
48377294,20979,9.2767,16
1a58f439,23516,9.2767,16
45d24b08,19624,9.2712,16
4d83914e,19879,9.2767,16
1cffefc,13000,9.2767,1
721f8f83,20002,9.2767,16
254200c3,18459,9.2795,16
741afcc4,24111,9.2795,16
a5cc4a5,21341,9.274,16
4b121fa,24028,9.2767,16
31407db7,21890,9.274,16
129f4b87,18704,9.2795,16
235d71c1,17798,9.2795,16
7e8acc9d,21291,9.2795,16
b04fb0c,21617,9.274,16
73b99c47,21344,9.2795,16
569df102,21382,9.2795,16
dd0061e,23522,9.2795,16
41a6fa42,18334,9.2822,16
290d5282,23158,9.2822,16
14b8d1a,23988,9.2822,16
3eaf72d0,21597,9.2795,16
482dfbad,17803,9.2822,16
b772968,24039,9.2822,16
56094641,21842,9.2822,16
13f597a2,21983,9.2795,16
7008cced,22621,9.2795,16
38f55fff,18724,9.2795,16
2b5c3162,19985,9.2822,16
3422f6e2,22190,9.2822,16
7d71dde5,16664,9.2822,1
3cfc90dc,18211,9.2822,16
7dd8d407,23956,9.2822,16
62ca567,22343,9.2767,16
1a8bd0ad,18790,9.2822,16
257c0cd9,18935,9.2822,16
680274b6,18723,9.2822,16
6ca7b72,16679,9.2822,1
65aee151,13342,9.2795,1
21645bf1,20015,9.2822,16
64bb91c0,19415,9.2822,16
31ff67ce,22437,9.2795,16
2349acc9,18086,9.2822,16
27105613,20863,9.2822,16
2071c082,21894,9.2849,16
18fc70dd,17977,9.2849,16
25499c92,23145,9.2849,16
52f7a51b,20144,9.2795,16
5e3e434f,18702,9.2849,16
3cb67468,23962,9.2849,16
16826ba6,18299,9.2849,16
12edc6ac,18803,9.2849,16
3d2cc4c6,18934,9.2849,16
696c36b4,22648,9.2877,16
6dc99ff,23806,9.2849,16
47aecb55,18479,9.2877,16
2e34c8f1,21180,9.2877,16
9c6b878,22272,9.2877,16
75e2c74a,16686,9.2877,1
7d3396d4,17858,9.2877,16
4cac7707,22269,9.2904,16
c148fc7,22751,9.2849,16
4893f643,17175,9.2822,1
3da8f815,22649,9.2904,16
1fc2fbec,18793,9.2877,16
23fb8514,21588,9.2904,16
40c0ceb6,23502,9.2904,16
2124654c,22729,9.2904,16
39e6822f,13496,9.2904,1
2931f71f,18767,9.2904,16
561d1408,21632,9.2904,16
106ed503,22922,9.2877,16
12e2cc47,21645,9.2932,16
9113da9,18877,9.2932,16
344d480b,22939,9.2932,16
a4ea7de,23678,9.2932,16
29000bb2,18482,9.2932,16
6c6ebd59,20900,9.2932,16
68eac467,23416,9.2932,16
1ab25bfa,17745,9.2904,16
36b9d461,19915,9.2932,16
4936f53f,24041,9.2932,16
50ab1d35,22997,9.2904,16
6e5c32bb,18343,9.2932,16
16bee9cd,21160,9.2904,16
685f7928,18258,9.2932,16
609583a3,18840,9.2904,16
6f53bce0,22651,9.2959,16
e42d046,18159,9.2959,16
5cbc3bb6,19823,9.2932,16
1d477e9f,23714,9.2959,16
51837e0f,19124,9.2959,16
60dffa89,19733,9.2932,16
729c9bc2,19763,9.2959,16
5a9b878e,23679,9.2959,16
23456c63,22421,9.2959,16
3b9d58ad,22853,9.2877,16
490ed780,19814,9.2959,16
1d887ac7,24191,9.2959,16
57310c7f,22345,9.2904,16
5f9f448e,19984,9.2959,16
e9627e0,22210,9.2986,16
50963ab7,23285,9.2986,16
f9b962e,22392,9.2986,16
2390e608,21345,9.2986,16
2a851867,21193,9.2932,16
159383f0,19585,9.2986,16
74314077,17838,9.2959,16
27c89239,24164,9.2986,16
250cf087,18589,9.2986,16
2c096bd5,17155,9.2986,1
5245a4db,19826,9.2986,16
317fadf0,18351,9.2904,16
7335eb90,23520,9.2986,16
61b3a357,20244,9.2986,16
140561e0,11950,9.3014,1
6b196cc7,19055,9.2986,16
6a87c032,19751,9.2986,16
27c54c79,13498,9.3014,1
2eecfd20,20255,9.2959,16
434e9b05,24056,9.3014,16
3fec1a7c,19728,9.3014,16
7bf04a7a,22742,9.2986,16
44452e85,22593,9.3041,16
641a1d9e,21181,9.3041,16
69b123e0,22699,9.3041,16
10eb0736,18252,9.3014,16
7d3732a8,24131,9.3041,16
60f032cd,24130,9.3041,16
49f5367d,21649,9.3041,16
309c9608,19123,9.3014,16
44904480,21410,9.3041,16
293ba280,19029,9.3041,16
61a1d226,20171,9.3041,16
25471ec8,13669,9.3041,1
456192c3,18082,9.3041,16
51e5f1bd,19911,9.3041,16
313a074d,23370,9.3041,16
d213be0,24144,9.3041,16
5ee5c3ae,22223,9.3041,16
43c927e4,18083,9.3014,16
af742d4,20793,9.3041,16
6b962ca8,18087,9.3041,16
1b1e6ac7,23526,9.3041,16
11629847,22109,9.3041,16
7d2ebdfa,19393,9.3068,16
7f0ef212,22980,9.3068,16
2133895d,23422,9.3041,16
7b1a12bf,21126,9.3041,16
1dc20554,22855,9.3068,16
13ba1749,22953,9.3041,16
169f15d9,19306,9.2959,16
2b5b1f36,20794,9.3068,16
7a0f6a66,23107,9.3041,16
ff7f08,18045,9.3068,16
433c2001,18548,9.3041,16
2d63d462,21551,9.3068,16
5e32cc57,17514,9.3068,1
25ceffa6,21895,9.3041,16
71f851dd,23602,9.3096,16
7d0ff36,22351,9.3096,16
34a3eb6a,18257,9.3096,16
7c3bc9dd,19799,9.2986,16
2eda2a33,19508,9.3096,16
2ef34991,19258,9.3014,16
5200f9e,20141,9.3041,16
27775bc6,21550,9.3096,16
580366a9,21014,9.3096,16
6c0803f9,21714,9.3068,16
e3f252d,19764,9.3041,16
5f3922f3,22200,9.3096,16
aecff06,19626,9.3096,16
6951ad19,22007,9.3096,16
7465629e,23871,9.3123,16
37906495,18232,9.3123,16
6fdf7bfa,23492,9.3123,16
1babbe55,24172,9.3123,16
7f76e15c,18756,9.3096,16
20d81dbe,19552,9.3123,16
14d861fc,22834,9.3123,16
52c73c24,19983,9.3123,16
13b38e30,17515,9.3123,1
1af35b21,21594,9.3123,16
7a26902c,19827,9.3123,16
2da6c915,19309,9.3123,16
466bf699,18157,9.3123,16
4e0ae8b8,19390,9.3123,16
46419726,23857,9.3123,16
8a8d832,22237,9.3123,16
20eff691,22743,9.3096,16
135d4653,18349,9.3123,16
a1bb59f,22391,9.3123,16
4029eb5d,18993,9.3123,16
e8ed222,21590,9.3123,16
7798627e,18772,9.3123,16
4f6a6d7,19101,9.3151,16
20f8965f,21722,9.3151,16
2f04f21e,20138,9.3151,16
57632a1e,19354,9.3123,16
635c391e,18725,9.3151,16
77e5a775,22572,9.3151,16
7720144,18720,9.3151,16
fee87b6,20750,9.3151,16
41937f8f,20978,9.3096,16
55b0dee1,23216,9.3151,16
43053a6a,21984,9.3151,16
546a7b6f,21861,9.3151,16
2f428563,19141,9.3068,16
3e8f38cb,18297,9.3151,16
7d50bf43,18638,9.3151,16
7577e803,19366,9.3151,16
1f4b5aad,17753,9.3123,16
67a5fbaa,17743,9.3151,16
2d05c440,18639,9.3151,16
187dfb28,19470,9.3123,16
232f0cd9,18251,9.3123,16
4ef2705c,23992,9.3178,16
25df3def,20518,9.3178,16
246853f5,22970,9.3178,16
160f8fba,16681,9.3178,1
51fcef8a,17245,9.3178,1
69d2cf4f,20532,9.3178,16
2c897eea,18233,9.3178,16
5bda64e8,18018,9.3151,16
c8f28e,19416,9.3178,16
7f1ffd6f,24122,9.3178,16
1806b248,15128,9.3205,1
70f98af1,24133,9.3205,16
10f37884,24058,9.3205,16
72a025e5,22915,9.3205,16
5768b496,22924,9.3205,16
45f79ec,22266,9.3151,16
6f7ba812,20970,9.3178,16
579ccf91,18738,9.3205,16
7aa5a3d8,15129,9.3205,1
7199d350,18726,9.3205,16
634705f1,23873,9.3178,16
5216be4f,13816,9.3233,1
57a6cb6,22750,9.3233,16
1856fe0,22623,9.3205,16
3a462c1a,24132,9.3233,16
6b9a04e9,20285,9.3233,16
63e29511,20145,9.3233,16
76bda240,19931,9.3233,16
2f3542b7,23523,9.3233,16
61f5de2e,20620,9.3233,16
412a31a3,17865,9.3233,16
6f6f099,18182,9.3205,16
50bf232d,20425,9.3233,16
ef46d52,18193,9.3233,16
311a5a07,17784,9.3233,16
5b12e3dc,20137,9.326,16
14d9423e,18955,9.326,16
57bc8af7,20252,9.326,16
24dd7813,24119,9.326,16
259a1a04,21602,9.326,16
3411845b,19011,9.326,16
c15e3d1,22952,9.326,16
40d5fd8c,20426,9.326,16
1e438f1a,20652,9.326,16
6b7cfcec,18361,9.3233,16
48549139,21703,9.326,16
27823c22,17244,9.326,1
20ebcbfe,23845,9.326,16
25bb4c97,18059,9.3288,16
7bda9f21,21305,9.3233,16
29ac5f50,18923,9.3288,16
459dde05,24049,9.3233,16
5d545b4f,22744,9.3288,16
734889b8,19812,9.326,16
ce8acb2,17979,9.3288,16
47f524a0,20256,9.326,16
6cb3b7ad,23200,9.326,16
5b81f6ca,21726,9.3288,16
76f2c9b6,18832,9.3288,16
12454c34,21604,9.3288,16
6b1d0a70,13475,9.3288,1
7c7bbaf8,23223,9.3288,16
d847405,20332,9.3288,16
59e7e4d9,18382,9.3288,16
61fb273d,22393,9.3315,16
2baa61e5,19765,9.3288,16
4076fd80,17222,9.3288,1
6e7c8dd7,22238,9.3288,16
8db6ded,21698,9.3233,16
30a16104,18425,9.3315,16
47cc106d,23217,9.3315,16
4d543f76,20207,9.3315,16
1e339734,19020,9.3288,16
25217cb7,23153,9.3288,16
2495f06,23336,9.3288,16
2b8bfd53,13632,9.3315,1
6e8a6fb6,20169,9.3315,16
6c82cf64,23595,9.3315,16
42e8c287,21719,9.3315,16
554c9f85,13670,9.3315,1
a9104b3,20321,9.3315,16
37db2d88,19804,9.3342,16
4d582df8,21704,9.3342,16
4920322e,18715,9.3342,16
4b161325,22745,9.3342,16
25cfd0a2,22889,9.3315,16
29f41e0e,22955,9.3315,16
610df85c,24173,9.3342,16
1af95063,22682,9.3342,16
4168c95e,18169,9.3342,16
4865ab13,23373,9.3342,16
4624755b,22411,9.3315,16
160e5fb4,17881,9.3342,16
112b5612,21378,9.337,16
74734a17,18212,9.3342,16
3c0a057e,19513,9.337,16
798c5fdd,21591,9.3342,16
1118776f,20067,9.337,16
750f7907,19380,9.337,16
4b42ec7d,19460,9.337,16
1f651494,22045,9.337,16
4bb4a4e7,17249,9.337,1
3e5f3a72,20871,9.337,16
79c8f98e,19441,9.3342,16
5012ec5c,23374,9.337,16
2634a3e,22497,9.337,16
896a6da,19726,9.337,16
c2adc34,18284,9.337,16
b265fa5,20066,9.3397,16
4b61fb69,24113,9.3397,16
cd69e55,17756,9.3397,16
147c174b,19265,9.3397,16
4eedb28c,20068,9.3397,16
a93a28b,24120,9.3397,16
320fb1ba,18244,9.3397,16
46bd2eff,19695,9.337,16
65679d76,22270,9.337,16
7277ecab,17793,9.3397,16
3d3a113e,20742,9.3342,16
12df0ab0,5906,9.3425,1
4b0aa9b0,19367,9.3425,16
65506ce,17931,9.3425,16
6b0b54db,20245,9.3425,16
16b4980,20477,9.3425,16
639a5d7b,22046,9.3425,16
1412d159,20563,9.3425,16
1f322734,23586,9.3397,16
2f790d94,18234,9.3425,16
31ff316a,23147,9.3425,16
e30602,22112,9.3397,16
7d4d9935,22093,9.3425,16
5b9f68d7,20427,9.3452,16
551aef17,13780,9.3315,1
5ed360f,23571,9.3452,16
25942fb5,13499,9.3452,1
27f41e47,20172,9.3452,16
52580b28,17172,9.3452,1
d7d211e,19696,9.3425,16
65a141fb,24050,9.3479,16
62207d2e,23527,9.3479,16
631d5a5,18737,9.3425,16
6e2a530,20320,9.3479,16
69a3928e,18847,9.3479,16
80b4b99,22689,9.3479,20
1f3bc0,21598,9.3479,16
7ebe2b2f,17223,9.3479,1
3cc72cf5,24102,9.3479,16
2cb2fa35,21862,9.3452,16
13c7d5d6,24134,9.3479,16
55414ff3,23596,9.3479,16
590bd06a,24174,9.3479,16
654842e,23716,9.3507,16
660502c2,22926,9.3507,16
9a5c6ad,20142,9.3507,16
3480ca18,18721,9.3507,16
4db83673,21728,9.3507,16
60fc2377,19588,9.3479,16
2e213eb8,22352,9.3507,16
376a9265,22267,9.3507,16
1cc3e16e,18103,9.3507,16
10c4472b,23815,9.3507,16
112239df,24123,9.3479,16
36d111bd,18184,9.3507,16
351a4e98,18841,9.3534,16
573917ca,20907,9.3534,16
7d5aa0f,22714,9.3507,16
64f0b625,20976,9.3534,16
5ac33ae9,18104,9.3534,16
73987eb,20751,9.3452,16
39db2248,18801,9.3534,16
5e52d565,22982,9.3534,16
651c307e,19034,9.3479,16
747d8972,22278,9.3534,16
3fb04ec9,18791,9.3562,16
5f19e215,18483,9.3562,16
6f7be9ab,15270,9.3562,1
4eee8bd7,18550,9.3562,16
1728ed6e,21307,9.3562,16
f06d0e0,20329,9.3562,16
327d01cf,23984,9.3562,16
22e444df,19709,9.3562,16
1df52530,23923,9.3562,16
72778e70,18794,9.3589,16
4b4fd10e,23553,9.3562,16
11e6c2d1,18423,9.3589,16
11a4be8e,19825,9.3562,16
5f6ea6c4,22890,9.3589,16
6a1ccb86,20143,9.3589,16
10092c80,23498,9.3562,16
19e781ea,18960,9.3589,16
4dcb6c5e,21174,9.3589,16
792feba7,19589,9.3589,16
535d3ac0,22280,9.3589,16
4894016b,19524,9.3534,16
3b94ff2,22422,9.3589,16
5fa5fccd,23977,9.3562,16
98d200a,20873,9.3589,16
5f118bd6,24033,9.3616,16
492eb5f6,19443,9.3616,16
4f5a0da7,23528,9.3616,16
756ba5b6,18089,9.3616,16
368ceeb4,22954,9.3616,16
26f7dff6,18464,9.3589,17
110121a5,21592,9.3589,16
1dd7c058,18583,9.3616,16
3663b4ed,22136,9.3616,16
1aca4fdb,22731,9.3644,16
5e24e10,19707,9.3616,16
6833d026,23631,9.3644,16
1f5a1f4,23332,9.3616,16
2d8c1d0f,19756,9.3644,16
2e94eac6,19832,9.3644,16
359c7f27,18941,9.3644,16
1d3d507,19587,9.3616,16
38ded5bb,23371,9.3644,16
7d605ad8,23287,9.3616,16
4418d64a,19708,9.3644,16
6ae509aa,22184,9.3616,16
27cc059c,19610,9.3589,16
252f3714,18350,9.3671,16
4b581e60,22713,9.3671,16
717f2305,22730,9.3671,16
eb61168,21697,9.3671,16
123513c0,18355,9.3671,16
4c5cf14d,19625,9.3671,16
bfbedbf,21047,9.3671,16
44d03053,23921,9.3671,16
39490ce,20479,9.3671,16
fbc5ddf,22916,9.3699,16
352ab26c,19517,9.3699,16
1b7bc509,20393,9.3699,16
3b60faa,17889,9.3699,16
245a1bf0,23059,9.3699,16
3d97ec85,23991,9.3699,16
166ab4e3,23814,9.3699,16
42a82584,21544,9.3726,16
21e0e7c6,18259,9.3726,16
6d5b93ec,23146,9.3699,16
659dcfff,19442,9.3726,16
6839a2dd,20092,9.3726,16
676ce40d,24112,9.3726,16
31c0fd77,19272,9.3726,16
246299af,24205,9.3699,16
27651ca2,22685,9.3726,16
2c8cdd86,19704,9.3726,16
553ff863,18882,9.3726,16
2c400896,23113,9.3726,16
1cdf4350,22683,9.3726,16
13d0cc65,18352,9.3726,16
597a5374,18549,9.3726,16
7552e475,20752,9.3753,16
1371ec4c,22353,9.3753,16
6d7a9a3,23228,9.3753,16
dbdabfe,23887,9.3753,16
6f2e9770,18245,9.3699,16
73211555,18024,9.3753,16
48802023,21306,9.3781,16
196fb6dd,11945,9.3671,1
28828096,20325,9.3753,16
338c07e1,23993,9.3753,16
1a9b0a4c,23603,9.3781,16
48fc2778,23159,9.3781,16
1b4977c,23288,9.3781,16
3d0e31ec,13494,9.3781,1
6e6e9aa3,17746,9.3781,16
4700b7f1,23816,9.3781,16
622ad71a,20091,9.3781,16
2e671be2,23680,9.3781,16
34c6270f,19456,9.3781,16
76bba159,13766,9.3808,1
1e07a4fe,15146,9.3808,1
429d2a93,20174,9.3781,16
54339129,21011,9.3781,16
32e8f574,22439,9.3808,16
51c83aff,13817,9.3808,1
7a52e8f6,21504,9.3781,16
8edf90c,20544,9.3753,16
51309c9d,18936,9.3836,16
1942e54b,19833,9.3808,16
94d3b5e,21897,9.3836,16
64b577d9,20394,9.3836,16
3134cba6,20486,9.3836,16
3f520876,18542,9.3808,16
5fa54309,19774,9.3808,16
10e1ec9b,19310,9.3781,16
309addb1,21699,9.3863,16
79f6cda,23677,9.3753,16
28a1d5e7,21186,9.3836,16
5de976f1,22687,9.3836,16
42f3cce3,18942,9.3863,16
3e7691db,20397,9.3863,16
18de651f,22917,9.3836,16
e96c60b,19771,9.3836,16
18d75647,18243,9.3863,16
7ca12023,22732,9.3863,16
525e87ee,23179,9.389,16
58ac3c37,22502,9.389,16
33b15ca0,24192,9.389,16
baf7243,18600,9.3863,16
71e77286,5907,9.389,1
2d68e52f,17809,9.389,16
141c3931,21882,9.3918,16
46acb72c,22295,9.3918,16
2d71234e,18792,9.3808,16
5d3c61c9,22239,9.3918,16
3797a6dc,22440,9.389,16
2c4483a,19328,9.3863,16
4237c4ae,22684,9.3918,16
6678f4f5,22279,9.389,16
1a0393e5,23872,9.3945,16
42f97cd0,20093,9.3918,16
5874e3da,11946,9.3945,1
49540184,18183,9.3945,16
24d36fe7,23089,9.3945,16
525f0f4e,19828,9.389,16
2eb1b31f,22686,9.3945,16
16b15cb8,23846,9.3945,16
fcf3560,17806,9.3945,16
5fad207c,23286,9.3945,16
74ef3c07,22703,9.3945,16
705a7d70,22690,9.3836,16
5a54d079,23768,9.3945,16
5a55294a,18213,9.3945,16
79df4054,20175,9.3945,16
1ab9f9c7,21601,9.3945,16
f4d0e3a,19727,9.3918,16
7e24d786,18185,9.3945,16
2c5f435e,19355,9.3973,16
c2277f,20829,9.3973,16
5e140639,18868,9.3945,16
5fb330e6,18460,9.3973,16
5c6d06a4,20864,9.3973,16
3b36efcd,22375,9.3973,16
6d251e46,22573,9.3945,16
2bd72704,23551,9.3973,16
1fbb4cfc,22653,9.3973,16
137f9041,23990,9.3973,16
65f04cc9,23874,9.3973,16
56ed6b46,18019,9.3973,16
44108998,24206,9.3973,16
189f14a,20653,9.3973,16
6e9b94a2,18727,9.4,16
5311656c,23154,9.4,16
138d6adf,19411,9.4,16
5dc0ca45,22701,9.4,16
41fe3984,19305,9.4,16
5c761655,13819,9.4,1
6fcc7bdb,13716,9.4027,1
37ae494b,20176,9.4027,16
4f0d06f3,20686,9.4027,16
14c47fb5,20136,9.4027,16
3e828ad5,17794,9.3973,16
18dacc55,20547,9.4027,16
7e918737,20322,9.4,16
5d7b3a14,22027,9.4027,16
7a6695d6,22113,9.4027,16
4d6874f8,20564,9.4027,16
31ea164,23027,9.4027,16
7318089,22162,9.4027,16
49b76d9c,21379,9.4027,16
47761fe6,19327,9.4055,16
311583ed,19957,9.4027,16
3aab788e,22240,9.4055,16
488239ca,22733,9.4055,16
3ffc9613,19031,9.4027,16
226b60ea,20033,9.4055,16
43e50321,19775,9.4027,16
1af03efe,22273,9.3973,16
45e97f22,20489,9.4055,16
41e76fbd,18943,9.4055,16
38f22b5b,18551,9.4082,16
53e5cb6f,18434,9.4055,16
48f90823,21986,9.4082,16
32991c06,24073,9.4055,16
1b1851fd,21863,9.4082,16
66db4f42,21896,9.4055,16
66e3fbaa,24126,9.4082,16
1ce0a25c,22628,9.4082,16
452e8f84,13776,9.4082,1
79b3793c,21283,9.4082,16
21e20f04,19619,9.4082,16
5f1854bc,18640,9.411,16
59de6183,19729,9.411,16
191f530b,21953,9.411,16
2cd4ccdb,18124,9.411,16
287cad03,20740,9.4082,16
4ae44ba9,196,9.411,1
6daf0545,20101,9.4137,16
3ae0ded3,17834,9.411,16
ecb84f0,18150,9.4137,16
4312349f,13014,9.411,1
2b438657,19629,9.4137,16
6b161071,18383,9.4137,16
3ed33b57,384,9.4137,1
6cedc479,22891,9.4137,16
3e89b3b7,19358,9.411,16
94feb0f,21574,9.4137,16
796d4a13,18764,9.4137,16
756833b6,18728,9.4137,16
2e6160f2,19515,9.4164,16
2cada74b,11951,9.4164,1
5f4abd62,19457,9.4164,16
292b2217,18260,9.4137,16
c68a130,19806,9.4164,16
46cc4de0,20333,9.4137,16
4dbed809,15149,9.4192,1
4795cd71,21284,9.4192,16
375e640e,20743,9.4192,16
7349fcde,18263,9.4192,16
7ef632f4,23570,9.4192,16
45b3d3b3,19412,9.4164,16
2ca46031,21000,9.4192,16
689e1fbf,17808,9.4192,16
2730f1ca,20546,9.4164,16
7cc590d4,22268,9.4192,16
73efc295,19710,9.4219,16
15ed1505,20741,9.4219,16
6b9448b0,23985,9.4219,16
6da89ff4,22835,9.4192,16
4b8a5aa9,20391,9.4219,16
4d967a9f,18480,9.4219,16
1b19303c,21044,9.4137,16
c7a480c,19271,9.4219,16
16efa2a0,21700,9.4247,16
15495612,19834,9.4247,16
5ff7b905,18601,9.4247,16
5f3e99b8,24117,9.4274,16
61c15f5e,24175,9.4274,16
27cbffd0,19472,9.4247,16
4631ef40,13777,9.4274,1
147baf6a,17866,9.4192,16
5d62c19c,5901,9.4274,1
7feae5e7,23995,9.4274,16
1db7548e,20457,9.4274,16
5435e397,23060,9.4274,16
1d7c1684,21720,9.4274,16
35110d11,18105,9.4247,16
12252c19,21001,9.4301,16
69f74c91,21727,9.4301,16
14c2bf1d,18622,9.4301,16
240240f7,19267,9.4301,16
2e830688,21646,9.4301,16
29865111,23061,9.4329,16
4138b0c6,19516,9.4274,16
1483f8b6,22349,9.4356,16
4083c5ab,23058,9.4356,16
5b161a73,19268,9.4329,16
b8d6bae,22281,9.4301,16
e9552c8,15147,9.4329,1
a2f6d5c,15148,9.4329,1
54df5f2f,18229,9.4356,16
3f711245,22700,9.4384,16
852c06c,22376,9.4384,16
1bd60471,24125,9.4384,16
6ae2dfda,18025,9.4384,16
446ac38e,17869,9.4384,16
29b69ff3,18481,9.4356,16
733e127c,19711,9.4329,16
11764943,22282,9.4384,16
58e075e6,18026,9.4384,16
24007d2f,23994,9.4384,16
3664bc92,23573,9.4411,16
35cae5d0,18437,9.4411,16
76abaa06,23165,9.4411,16
6e5ee9ca,22956,9.4411,16
4990182b,21250,9.4384,16
149f1078,9692,9.4411,1
5a03ada7,12125,9.4438,1
1c4fa35f,18186,9.4384,16
38853752,17805,9.4438,16
6281796c,20264,9.4411,16
218c8931,19770,9.4438,16
4eb4b40,22412,9.4438,16
68948c6b,23148,9.4411,16
40c80046,23717,9.4411,16
2f3d6a4b,17833,9.4438,16
3e93f759,18484,9.4438,16
78da24c3,18027,9.4438,16
2c714ea,20014,9.4411,16
7b9324bb,18125,9.4438,16
37280876,23718,9.4438,16
738353ea,23552,9.4466,16
1a98f414,17511,9.4438,1
528b5bfc,22704,9.4438,16
30df0bea,23979,9.4466,16
47c3de3f,23207,9.4466,16
2e36c92e,19531,9.4466,16
752ae93f,17747,9.4466,16
26ea33af,22276,9.4466,16
6ea2ecc3,19603,9.4466,16
37c9e50e,22629,9.4493,16
2fae3560,18178,9.4493,16
5c749078,19734,9.4438,16
195ba694,13820,9.4493,1
536399cb,21013,9.4466,16
58ae1c71,23572,9.4493,16
21933753,18795,9.4438,16
598a47fa,18195,9.4466,16
7516c9e,19143,9.4493,16
2fb4b591,18445,9.4438,16
1725269b,19604,9.4438,16
1c1b0612,22523,9.4493,16
10a2bc93,19326,9.4521,16
1ab09b2b,21002,9.4521,16
249f7718,22927,9.4521,16
60f0ce0f,23875,9.4521,16
65b3a0a6,18187,9.4521,16
7b4406f8,18179,9.4438,16
24bc893f,18739,9.4548,16
42dabb11,18163,9.4548,16
3a94857c,19459,9.4548,16
613c3710,22957,9.4548,16
2109af79,22413,9.4493,16
677ad949,19266,9.4521,16
1f8a901,24165,9.4548,16
361c9a7a,15130,9.4548,1
283d46a0,22277,9.4548,16
6c37664d,21338,9.4521,16
28b96000,18485,9.4575,16
44a76009,20071,9.4575,16
6a3154ca,18384,9.4548,16
16bafdad,17893,9.4575,16
779e0fd2,23924,9.4548,16
54f0b19c,22374,9.4603,16
6f0672ec,23722,9.4548,16
372a6262,17894,9.4603,16
4872eba6,13500,9.4603,1
9e43090,18446,9.4575,16
2d2d0236,20326,9.4603,16
16f598ec,21603,9.4603,16
58491c61,19473,9.4603,16
10923c8c,18641,9.463,16
3b84e0d0,13818,9.463,1
68dbe901,21705,9.463,16
3c144c78,17891,9.4603,16
6364af87,20458,9.4603,16
288ca8a4,22928,9.4603,16
4b2c63cb,18090,9.463,16
5580893c,24034,9.4658,16
6ec7198b,20691,9.4658,16
51bcd19a,20753,9.463,16
5b16c4db,24124,9.4658,16
46348417,20212,9.463,16
5f338d94,19269,9.4685,16
457f344d,23232,9.4685,16
4c8aa601,19617,9.4685,16
3a1b3f2,17787,9.4685,16
2d09e40,22910,9.4685,16
2b3baa76,18438,9.4685,16
46e683d6,18800,9.4712,16
57d5d1d4,20548,9.4712,16
7a1cd855,21650,9.474,16
7a871a1b,22373,9.474,16
4fbef9a4,22433,9.4712,16
7437089a,17870,9.474,16
2a96470,17840,9.474,16
3cda352a,19311,9.4712,16
e7a3f5c,21045,9.474,16
70a3afc0,19270,9.4767,16
32b6240d,20017,9.474,16
573854db,20292,9.4767,16
7e899919,22409,9.474,16
374ae85c,23554,9.474,16
1c1cc71f,19805,9.4712,16
77ba2cc7,23529,9.4795,16
5a7a8cda,23233,9.4795,16
6ff2e843,19359,9.4795,16
59ef5dd4,23884,9.4767,16
6b1c46a1,23978,9.4795,16
34078c40,20744,9.4767,16
bf45b96,17807,9.4795,16
6a46da11,23086,9.4795,16
3e26f0ab,19618,9.4822,16
5661a6e,13796,9.4795,1
2644f6eb,813,9.4849,1
2f6485cc,20016,9.4849,16
5d78ad08,19932,9.4849,16
6e5535d,19312,9.4822,16
3eee386f,21015,9.4822,16
33e58c85,20913,9.4877,16
1864f60e,20545,9.4877,16
3297c7bc,23925,9.4767,16
39566ec7,19737,9.4877,16
1505bd0b,20629,9.4877,16
3be3a1e7,22734,9.4849,16
a1b8a8a,24051,9.4877,16
63d0652,22702,9.4904,16
c176004,19475,9.4904,16
34427968,19274,9.4904,16
62dbeab0,22299,9.4877,16
22738a80,13765,9.4904,1
460d1867,17836,9.4932,16
3ad73606,22746,9.4932,16
cba6f2f,20692,9.4932,16
3b9a29fc,22377,9.4932,16
1c348ede,21987,9.4877,16
21877982,22735,9.4932,16
7e1bb98a,17835,9.4959,16
14a4ba7c,22882,9.4959,16
5fdb4d7a,21132,9.4932,16
2cde9448,23989,9.4959,16
4dc62e14,229,9.4959,1
360fa338,23996,9.4986,16
15fb9b9a,17901,9.4986,16
243db403,18379,9.4986,16
7c190818,21985,9.4986,16
44743dc4,19360,9.4959,16
374462c0,20567,9.4959,16
7eaa18f9,20323,9.4986,16
377e2683,12126,9.5014,1
6dae8a0c,20034,9.5014,16
313b1bc,19273,9.4986,16
17d5817c,18435,9.5014,16
39962eaf,22752,9.4986,16
7f1a4d20,20948,9.5041,16
611a8d2e,23088,9.5041,16
631289f,20257,9.5014,16
5aff2e10,19474,9.5041,16
521480b6,18188,9.5041,16
5acd3971,18554,9.5041,16
39fdd2dc,20279,9.5041,16
7fcaa499,19615,9.5041,16
4a8c25b3,19934,9.5041,16
491d13df,23355,9.5096,16
49de40bf,19773,9.5096,16
69200d5c,21723,9.5096,16
1f4721fe,19622,9.5096,16
3583a0e3,19307,9.5068,16
1e09ba5d,17839,9.5041,16
31b79e8a,21706,9.5123,16
772a1e2d,21595,9.5041,16
54a1202f,19518,9.5123,16
514489e7,19772,9.5151,16
756f8676,19458,9.5123,16
79e8bf94,20280,9.5151,16
2a6039a6,22691,9.5151,16
d9c91b1,20949,9.5178,16
78e22a54,21003,9.5178,16
557615fc,21605,9.5178,16
44ca2ec3,20146,9.5178,16
6f4c82f5,21285,9.5178,16
5927cce0,22679,9.5178,16
6e2386fc,21286,9.5205,16
6b487b4,22692,9.5205,16
6f6dadbc,19859,9.5205,16
7ac43aa4,19035,9.5205,16
16fa09f7,18773,9.5151,16
71945423,19075,9.5233,16
653339c5,22241,9.5178,16
533fe482,18452,9.5233,16
51bdb314,24035,9.5233,16
a77b29d,20019,9.526,16
5911dabc,13822,9.5233,1
51ca2bb4,18197,9.526,16
75262ee8,19523,9.526,16
2245dc31,18584,9.5233,16
49bf064b,20177,9.526,16
7e6bb6bb,17885,9.5288,16
29f847f0,15150,9.5288,1
33ab208d,17895,9.5288,16
3252ea8d,19780,9.5288,16
6d6d7d49,20094,9.5288,16
5c51b3f1,19620,9.5315,16
7fac08ae,19514,9.5288,16
1480076c,18028,9.5315,16
1281a780,19712,9.5315,16
439e501a,23926,9.5288,16
2886296d,18486,9.5315,16
5c68d9bf,18461,9.5288,16
48471e39,17837,9.5315,16
57e50d16,24060,9.5342,16
2deeb0b5,20178,9.5342,16
66ca9970,21989,9.5342,16
7cf51137,19621,9.537,16
c336e46,23888,9.537,16
73c14f6b,19477,9.5342,16
41f2497a,19356,9.537,16
4d71f935,19623,9.5342,16
15da84da,19777,9.5397,16
580af8d7,20291,9.5397,16
2a3c050c,15151,9.5397,1
28c8979,11952,9.5425,1
21d66bf3,9693,9.5425,1
7bcf3454,19735,9.5452,16
28251bce,20874,9.5452,16
6998b644,22753,9.5452,16
fb93d4f,17882,9.5452,16
dd6d578,20286,9.5452,16
d2d5467,19308,9.5425,16
4306d181,21004,9.5425,16
21abf910,19144,9.5507,16
67beeb2f,814,9.5507,1
5cf88fb5,19778,9.5507,16
6cdb058d,21843,9.5507,16
591af894,19933,9.5534,16
1c225730,24183,9.5507,16
3b916621,22350,9.5562,16
127f881a,18465,9.5562,17
458c6b3a,9697,9.5589,1
55fb0737,19782,9.5589,16
10542405,24184,9.5589,16
1830cc32,23963,9.5562,16
16ed0fa5,23604,9.5589,16
4de6af1a,24166,9.5562,16
5a1b1c44,21251,9.5534,16
6f59fa34,13823,9.5616,1
7d7678e9,24194,9.5534,16
5b0509c6,21651,9.5644,16
564a7f2e,17843,9.5644,16
2e2c8482,13767,9.5562,1
4e7e43f2,22525,9.5644,16
30b8877,23719,9.5644,16
60d3009e,22114,9.5644,16
13eb7e7b,13821,9.5671,1
77e4d07f,288,9.5699,1
16ddc027,23645,9.5644,16
34a54ffe,18937,9.5699,16
6e47ef57,18447,9.5699,16
5c9f4eea,17871,9.5726,16
119965b8,23087,9.5699,16
3e2cc534,22929,9.5726,16
24b07217,19781,9.5726,16
723e0e8c,17841,9.5726,16
40dff75e,18451,9.5726,16
6ce0c85c,18442,9.5726,16
1444e11f,21988,9.5726,16
328a1563,18439,9.5726,16
150df9ef,19627,9.5699,16
7fc5613a,20947,9.5726,16
4cba2bc4,18448,9.5753,16
63cd0e13,13017,9.5699,1
2ef91e3d,13505,9.5753,1
b0bc8d5,18770,9.5726,16
570f33c0,19860,9.5753,16
54c1488c,23090,9.5781,16
50d39f54,23720,9.5753,16
d93f9f,23964,9.5726,16
1d20c04b,21864,9.5781,16
7b4e2d24,23574,9.5753,16
953041e,22680,9.5753,16
25959fe9,18708,9.5836,16
6cf96903,20018,9.5836,16
7740ce4f,17886,9.5836,16
7dedea8e,20487,9.5808,16
748e480d,22524,9.5836,16
63454604,24061,9.5863,16
48e25835,24182,9.5863,16
531896ee,9694,9.5863,1
225b0874,24063,9.589,16
30703f2b,17980,9.589,16
3638d708,17788,9.5918,16
218088c7,18443,9.5918,16
5be22c2b,19630,9.5918,16
6adad91b,18466,9.5918,17
1a2ac3df,21724,9.5973,16
3f49b6ed,13778,9.5973,1
51e3a52e,21252,9.5973,16
7500565b,19861,9.5973,16
49ae4be1,23555,9.5973,16
5d65d30,19767,9.6,16
77da6db9,19738,9.5973,16
4108d939,21990,9.6,16
1f5f97,13001,9.6,1
5af5abce,23723,9.6027,16
3b55ed36,21707,9.6027,16
c5d18b1,18444,9.6027,16
284e1b26,18957,9.6027,16
2fe0d360,17887,9.6,16
104792ca,20914,9.6055,16
52571a5f,18769,9.6055,16
2dc32255,22115,9.6082,16
467f617e,20020,9.6082,16
22837190,17890,9.6082,16
7a4cd9cd,20488,9.611,16
10a3a139,19736,9.611,16
2dea56c2,19935,9.6082,16
145cbd1e,13633,9.611,1
8428ce9,18436,9.6137,16
5655eb1,13824,9.6137,1
7ac64499,20180,9.6137,16
b83a292,23997,9.6192,16
173a42cf,15152,9.6192,1
2ee8ccb0,18441,9.6137,16
7092b8c5,21898,9.6219,16
3885164f,22693,9.6247,16
70af6f4a,21599,9.6247,16
662ec4ff,17844,9.6247,16
2347decf,209,9.6247,1
4138a8b7,19863,9.6274,16
33e08386,24064,9.6274,16
383e7f8f,17903,9.6329,16
74b1728,19835,9.6301,16
28275d4b,18467,9.6329,17
48376cae,23885,9.6356,16
358b5f26,20179,9.6384,16
23fcb174,13828,9.6356,1
6da3bf64,22378,9.6411,16
2fe6c80a,21005,9.6411,16
2c006a2,17902,9.6411,16
6bb4cc27,13829,9.6384,1
4949c372,21725,9.6466,16
5b160215,22694,9.6438,16
348b043e,18552,9.6438,16
3129e6f5,18958,9.6493,16
1210730,19768,9.6493,16
5a444c6f,23684,9.6493,16
76a7cb51,19476,9.6466,16
368219ed,18449,9.6521,16
6727521f,13634,9.6548,1
1f96642c,18771,9.6548,16
19471e40,23683,9.6575,16
61181e33,18649,9.6575,16
47733e8c,19461,9.6575,16
1a193bd7,22274,9.6548,16
3b0d93ca,22275,9.6603,16
1ac5eb1e,9696,9.663,1
441c2194,19525,9.663,16
17087d43,19837,9.6658,16
404c2fab,23682,9.6658,16
7564b1a7,17811,9.6658,16
50512e1e,20021,9.6658,16
4e7a332,19275,9.6685,16
2577e572,22762,9.6712,16
75ce91f2,17842,9.6712,16
2c36708b,17814,9.674,16
15f1b80c,23149,9.674,16
81d7d1e,22526,9.6767,16
4ae6dd06,24062,9.6767,16
fb793b5,13504,9.6767,1
e77d2b0,18642,9.6767,16
115a59dd,20183,9.6795,16
9f3b222,22931,9.6795,16
3a6ab292,23721,9.674,16
6045cf02,20490,9.6822,16
c749c12,22358,9.6795,16
5f7ba4e8,20161,9.6849,16
6a0fef9d,17812,9.6822,16
ab8053d,18440,9.6849,16
43fa7d2,23681,9.6877,16
49ef2106,23167,9.6849,16
6233e5e8,22754,9.6877,16
1245141f,24065,9.6904,16
b792df1,19836,9.6904,16
5d99f8bb,22756,9.6932,16
5e04a9f8,23234,9.6932,16
32083fb8,23575,9.6932,16
4fdf0ed5,19779,9.6959,16
4aff3926,815,9.6904,1
78535529,22933,9.6959,16
4804ac34,18650,9.6986,16
5a4ac9af,22930,9.7014,16
294cd8a1,19769,9.7014,16
4b543abc,22755,9.7014,16
26dc4aee,21606,9.6986,16
2a57f82b,18286,9.7041,16
6591b410,17813,9.7041,16
f7af3c4,21553,9.7041,16
4b3553ff,22932,9.7041,16
5eb66c12,13827,9.7068,1
36ef62e0,17815,9.7068,16
6e53532a,21607,9.7096,16
f185fb4,18287,9.7123,16
622364b9,23166,9.7151,16
2f96f27f,18643,9.7178,16
17a41c19,18553,9.7178,16
5ba83ea4,295,9.7233,1
69289f2c,22509,9.7233,16
5a24db70,19478,9.7233,16
173ef58c,22934,9.726,16
16003f9a,21729,9.726,16
6f7f874f,18644,9.7288,16
5df86458,13015,9.7288,1
77e295d5,20160,9.7288,16
6d25d893,13020,9.7315,1
7a4ed642,18959,9.7288,16
4733abac,19776,9.7315,16
305be47c,19532,9.737,16
691863bb,23889,9.737,16
3747da89,23886,9.737,16
a371f70,19839,9.737,16
4915bfe5,20491,9.7397,16
68feddf5,224,9.7452,1
358a657d,15153,9.7452,1
45e59c43,19739,9.7479,16
3ff33707,19838,9.7479,16
6f4a3aff,17850,9.7507,16
5d3464f9,18454,9.7507,16
2acd515d,17810,9.7534,16
39ba022d,13018,9.7534,1
505496dd,20693,9.7562,16
6bce8037,22757,9.7562,16
6ef7c3ea,20184,9.7589,16
109a7161,22763,9.7589,16
7958b235,19628,9.7616,16
2d3233ea,20159,9.7616,16
d4e21bd,197,9.7644,1
5284c020,19481,9.7616,16
5d764b6d,19480,9.7671,16
74b184d5,22354,9.7671,16
1ea428db,13825,9.7671,1
645ae609,17816,9.7671,16
10453b39,17845,9.7699,16
22d1e820,18776,9.7699,16
5e6e660e,19526,9.7671,16
31ac738d,811,9.7781,1
ef16793,23890,9.7781,16
23cc0e85,20185,9.7781,16
e3f42e4,22359,9.7781,16
1570aec2,19479,9.7808,16
63e33f6f,22356,9.7808,16
5c5d78b5,17904,9.7781,16
59955152,13502,9.7808,1
1a6ed4c3,22355,9.7836,16
6e328d08,18450,9.7836,16
599dd8ab,22758,9.7836,16
2af11d0b,20182,9.789,16
46d50c5a,17846,9.789,16
3cf59345,19533,9.7918,16
58100f1a,19078,9.7918,16
b9a4cf0,19632,9.7973,16
785c8b9d,22357,9.7945,16
29a111cd,816,9.7973,1
167a61d6,17900,9.8027,16
47f87f7f,17847,9.8,16
21d244f8,17899,9.7973,16
5707b37e,18645,9.8027,16
65473308,17888,9.8055,16
e2388a2,19862,9.8055,16
2f2dcfd2,18775,9.8082,16
2b2a5ecf,17897,9.8082,16
529db513,18453,9.811,16
41dc9497,13503,9.8137,1
53287296,18777,9.8137,16
12ba747e,19076,9.8164,16
7dc2e447,13501,9.8219,1
6b9f9cc0,20186,9.8219,16
2430d7f0,812,9.8219,1
29d93d3a,18647,9.8247,16
4ec2c508,18774,9.8247,16
2edf93b0,19535,9.8274,16
5e6eb284,17848,9.8247,16
1f3624b3,19783,9.8301,16
8d8c209,19936,9.8329,16
506abc9f,19534,9.8356,16
2e514fe9,17905,9.8356,16
7bbbce84,18487,9.8384,16
55067efc,17907,9.8438,16
29d40d58,13779,9.8411,1
7b4238d1,13019,9.8438,1
1b8036df,19937,9.8384,16
1e8bff74,19840,9.8493,16
7c271a9,19633,9.8493,16
6d291cd,17906,9.8493,16
3b61cdcf,19841,9.8521,16
5df6b5c1,19842,9.8521,16
52205c58,21006,9.8548,16
47da566e,22681,9.8548,16
66b61be,20187,9.8548,16
33d1db09,21652,9.8548,16
1557b18d,19536,9.8548,16
6c5b313d,18651,9.8548,16
263a0f21,17896,9.8575,16
5be1280f,18653,9.8548,16
3a840183,21253,9.8575,16
4e9d7c3b,22760,9.8575,16
67bdcce9,13781,9.8603,1
13a692c7,17851,9.8603,16
1b10dfc4,18646,9.863,16
2e93ba43,21653,9.863,16
8a2ce14,15154,9.8603,1
2e921a29,23685,9.863,16
3672af40,19635,9.8658,16
7ce1fea4,17898,9.863,16
24115643,19785,9.8685,16
34679418,17872,9.8685,16
3d377f50,213,9.8712,1
59b829a7,19784,9.874,16
2b639ebc,13506,9.874,1
d1d540c,18652,9.874,16
6d5adc63,13022,9.8767,1
7e2fb8fd,17854,9.8795,16
4052b643,13831,9.8795,1
33356433,18555,9.8795,16
2b5896e3,13830,9.8822,1
28332b25,296,9.8822,1
42c7131e,19843,9.8849,16
7d8670ce,18779,9.8877,16
71fe4a86,18961,9.8904,16
1769b975,21048,9.8932,16
52336c50,19844,9.8959,16
658a87b1,21016,9.8959,16
a8afa6d,378,9.8986,1
3bd1921a,12127,9.9014,1
751f95ae,19864,9.9014,16
441933b3,19527,9.9014,16
191df0cf,22759,9.9014,16
2eebf0b4,9695,9.9041,1
776fa0f4,22695,9.9068,16
11aea04b,18654,9.9068,16
4b6211b8,17873,9.9096,16
5d97f809,15155,9.9123,1
2750b222,19636,9.9123,16
2a5989d0,19865,9.9123,16
56c3ef02,19079,9.9123,16
5c349fdc,17908,9.9178,16
3ad56231,13023,9.9178,1
29cc0a6,17855,9.9178,16
2dabbabe,289,9.9205,1
579f0c63,13024,9.9205,1
61246492,22696,9.9233,16
76a65679,19077,9.9233,16
5cd7d26c,22761,9.9288,16
f48dc8b,21017,9.9342,16
69b9c3bb,17892,9.937,16
74ddce49,19740,9.9397,16
53778061,13507,9.9397,1
110b6b2f,18648,9.9425,16
61054dfa,223,9.9397,1
28e079d5,17852,9.9425,16
24400d6c,9698,9.9452,1
f63d369,198,9.9452,1
45fb83b9,21018,9.9452,16
e5a7c61,23556,9.9452,16
4e0c7562,18455,9.9479,16
25df92ae,17853,9.9507,16
34b6f5e7,19866,9.9479,16
2dc94e83,19631,9.9479,16
7d33ee1d,18780,9.9534,16
702d862f,19634,9.9534,16
1701c6c3,17856,9.9534,16
29be2066,20181,9.9507,16
2aa4e17b,23724,9.9562,16
4a4a296d,18778,9.9534,16
b12c3cc,22764,9.9616,16
40658a1d,17874,9.9589,16
517ee484,13021,9.9616,1
45aaf3d2,13826,9.9616,1
7eb0ab51,22765,9.9644,16
99b53dd,21019,9.9644,16
4b9d4ac,17849,9.9644,16
39059a0e,19080,9.9562,16
