name,tipnum,year,antigen
7d3721f1,106,0.1534,1
601c5859,43,0.1534,1
189452d1,24,0.1534,1
491a1618,164,0.1534,1
7a429a00,16,0.1534,1
3e3e0410,17,0.1534,1
406dbdc,170,0.1534,14
3ba45698,75,0.1534,1
1d35a792,201,0.1534,16
73c9bcae,81,0.1534,1
3d193843,146,0.1534,1
ff3dc07,113,0.1534,1
3fcae35c,176,0.1534,1
15804c7,105,0.1534,1
7577ef8f,214,0.1534,1
64f516c2,85,0.1534,1
c4dd903,215,0.1534,1
4d728a71,249,0.1534,1
7b30fc7,12,0.1534,1
4bbc4af5,62,0.1534,1
29db0740,220,0.1534,1
70a33108,39,0.1534,1
6ff1d5ec,100,0.1534,1
46b3d105,80,0.1534,1
37232f94,128,0.1562,1
5ee16309,96,0.1562,1
3f5e838c,158,0.1562,1
673d569b,185,0.1562,1
49cc9a67,151,0.1562,1
64907e0a,160,0.1562,11
1c60417c,18,0.1534,1
5769e39f,250,0.1562,18
409c70a2,19,0.1534,1
5aedee67,310,0.1534,19
602d706d,304,0.1562,19
77df58ff,50,0.1562,1
44312444,13,0.1534,1
189f6bec,228,0.1562,1
71c7ff68,130,0.1562,1
68d8d628,70,0.1562,1
4098302,25,0.1562,1
446cb9e1,182,0.1562,1
49f90933,27,0.1562,1
74880881,65,0.1562,1
3afa95c7,101,0.1562,1
1b7890c8,107,0.1534,1
1ac9a205,180,0.1562,1
2eb17ddd,150,0.1562,1
408b8161,188,0.1534,1
1f2aa768,123,0.1534,1
4824f702,147,0.1534,1
6dde244e,14,0.1534,1
7142201d,149,0.1562,1
3b19d8ba,125,0.1562,1
546aa43c,28,0.1562,1
480a16ab,29,0.1562,1
2828957f,171,0.1534,14
5d0144c8,120,0.1534,1
7915c71d,305,0.1562,19
5ccb5010,203,0.1534,1
446caa6c,195,0.1589,1
28834cf3,20,0.1589,1
7f736a2f,72,0.1562,1
793eee01,115,0.1589,1
58200480,21,0.1589,1
6af62fa3,184,0.1589,1
eb002c0,213,0.1589,1
f0bbf1,56,0.1589,1
582cab6b,165,0.1589,1
3fc1cfa,10,0.1562,1
d54b847,74,0.1589,1
87ea52f,30,0.1589,1
353420b8,186,0.1589,1
56ccf128,4,0.1589,1
7ef2fd36,225,0.1534,1
358781a,44,0.1589,1
17fdb929,45,0.1589,1
26094f4f,58,0.1589,3
4ffb0df5,197,0.1616,1
f2334b8,68,0.1616,5
75edf084,131,0.1589,1
1972aa41,26,0.1616,1
e71983f,7,0.1616,1
4fd43fa,307,0.1616,19
18e1fbbd,246,0.1616,1
21251f5,90,0.1589,1
ebed354,138,0.1616,1
c0c12dc,102,0.1616,1
1ba72cf3,163,0.1616,13
baa4b8b,139,0.1616,1
64b108b8,46,0.1562,1
73f60dd9,152,0.1616,1
54c26cf9,216,0.1616,1
1f807b89,136,0.1589,1
3d620c3e,121,0.1562,9
644dee0a,218,0.1616,1
33d7b6f7,22,0.1644,1
2796af9f,168,0.1644,1
3bd6d4d7,157,0.1616,1
16f83c6f,57,0.1644,1
1d4ead04,212,0.1644,1
fb61365,108,0.1644,1
2cb0e28,156,0.1589,1
5587515a,302,0.1644,1
3dc9f063,196,0.1644,1
25be184,103,0.1616,7
58bb05a9,71,0.1644,1
bab52e2,51,0.1644,1
37d99265,134,0.1644,10
45e12615,1,0.1644,1
18eba8ec,34,0.1644,1
187d6015,104,0.1644,1
634c83c5,166,0.1644,1
2f51c037,40,0.1644,1
6a38a1f9,98,0.1644,1
19360963,129,0.1644,1
1ee3e32b,95,0.1644,1
3f12c8b8,204,0.1644,1
100a81ca,126,0.1589,1
395effb9,132,0.1644,1
38a5a902,219,0.1616,1
11dbe1a6,82,0.1644,1
551b2686,122,0.1644,9
1bf6b8ab,169,0.1671,1
e8eef6e,99,0.1644,1
4016f9c8,190,0.1671,15
62280287,199,0.1671,1
1b247433,308,0.1671,19
6c8b1626,183,0.1671,1
e1e64e5,192,0.1589,15
2c80739b,73,0.1644,1
143d1fd4,319,0.1644,19
20330153,205,0.1671,1
5d7770fc,194,0.1671,1
7244cc62,53,0.1671,1
e7bbe41,31,0.1671,1
36fa0f44,124,0.1699,1
50ec69f7,35,0.1699,1
49f8854,140,0.1699,1
5745a730,47,0.1699,1
312312b3,86,0.1699,1
23366b1,36,0.1671,1
6dbb5c97,162,0.1699,1
7a96838b,247,0.1699,1
10c7ce,211,0.1699,1
298ffbf5,153,0.1699,1
3090169b,306,0.1671,19
7e5441d9,313,0.1699,19
78fcd76a,320,0.1671,19
2efacbd3,37,0.1699,1
1e6e3459,23,0.1699,1
42e8e4c4,189,0.1699,15
5cb13c74,63,0.1699,1
4bcef44a,83,0.1699,1
4e85e733,207,0.1644,1
1b82200b,227,0.1726,1
51a60dd9,143,0.1726,1
6d76df03,181,0.1644,1
623ea07,109,0.1644,1
670ae7df,91,0.1726,1
5b15699b,208,0.1753,1
3c5fb2fa,202,0.1753,1
682f8889,52,0.1753,1
71452459,178,0.1753,1
c8b311,251,0.1753,18
4c889162,226,0.1726,1
58dddcb,5,0.1753,1
4098a650,210,0.1726,1
6c41db12,155,0.1753,1
644a5479,154,0.1753,1
fc2bebe,8,0.1699,1
a6d2330,314,0.1753,19
ebad17c,229,0.1781,1
6896e024,127,0.1781,1
5e4988d3,221,0.1781,1
a2314f0,133,0.1781,10
44e4eaea,15,0.1781,1
277335e5,135,0.1726,10
78bb76ef,54,0.1726,1
6a26763b,32,0.1781,1
9f6722f,316,0.1781,19
3714b2e9,33,0.1781,1
143bb6ea,315,0.1753,19
4df58df8,118,0.1781,1
7728e963,93,0.1808,1
718a0345,144,0.1781,1
65398e95,48,0.1808,1
384cb812,209,0.1781,1
2c7ce83e,317,0.1808,19
4d072a04,206,0.1808,1
7dd4b136,94,0.1726,1
5430c53f,79,0.1808,1
1f46ea9f,148,0.1808,1
6b65b479,92,0.1753,1
3360e522,167,0.1781,1
61abc74c,116,0.1836,1
4991dbf4,69,0.1836,5
f1178c3,217,0.1836,1
3b6cd5f6,64,0.1808,1
442f470,145,0.1808,1
434bc177,248,0.1836,1
4838ccdd,200,0.1781,1
76efc58,372,0.1808,19
47987ebd,49,0.1863,1
1a86d0dd,2,0.1863,1
9745689,137,0.1863,1
14297ea9,161,0.1781,12
3c6cadfa,141,0.1863,1
178764e0,328,0.1863,19
48849c8f,303,0.1863,1
5ce84237,11,0.1836,1
532372d,84,0.189,1
293ee30f,3,0.1863,1
45326243,159,0.1918,1
5bd56928,42,0.1918,2
4f4ab620,321,0.1918,19
11b2025d,373,0.1918,19
47444a52,41,0.1918,1
25a30529,309,0.1945,19
3728f7bb,97,0.1918,1
21b4fa63,374,0.1945,19
2dc9acc8,114,0.1945,1
2c68f3c6,179,0.1945,1
491b2ac3,375,0.1945,19
397e8974,110,0.1973,1
5931cd7f,377,0.1945,19
322ce35c,224,0.1945,1
22719ae8,187,0.1973,1
6f8982fb,117,0.2,8
3884f040,66,0.2,4
2f5f7438,384,0.2055,19
6de7d20f,142,0.2055,1
43efb381,325,0.2055,19
60d27f5d,376,0.211,19
7f4b95f7,198,0.2055,1
2cef47bb,191,0.211,15
12a29a1c,38,0.2082,1
2c20fa5e,371,0.2137,19
61f93782,322,0.2137,19
423ee267,4486,0.2164,1
143ab704,326,0.2164,19
12cebde5,222,0.2164,1
2b9438ed,223,0.2164,17
3aa3cd19,252,0.2164,18
fbb2df0,311,0.2219,19
4ef82994,230,0.2329,1
293e943b,323,0.2329,19
d514f00,253,0.2301,18
33f997fe,329,0.2329,19
5bd337f7,119,0.2274,1
54e80190,4487,0.2356,1
293f1722,340,0.2384,19
92ac87a,231,0.2356,1
e84bf10,379,0.2411,19
4c2a5db8,327,0.2466,19
585a212c,378,0.2493,19
7ec5b45,193,0.2493,15
2cbb0897,177,0.2493,1
32e24725,385,0.2493,19
3b385314,111,0.2493,1
5eeb0145,55,0.2493,1
a9bf4b9,380,0.2658,19
7342a60d,330,0.2685,19
75a56009,112,0.2685,1
5dc09ebf,381,0.2712,19
daac320,401,0.2685,19
82b9782,386,0.2767,19
6e3f3a44,9,0.2767,1
30c4aaa2,324,0.2795,19
69a8ef63,331,0.2795,19
3debe253,318,0.2904,19
2a1112b0,312,0.3014,19
4d602d4a,332,0.3178,19
3f153cea,233,0.3233,1
11680f9c,402,0.3233,19
73f38e98,387,0.3288,19
6e30ed46,333,0.3315,19
51d596c4,77,0.3315,6
39dd5c27,341,0.3397,19
47311278,382,0.3452,19
1674f1ed,388,0.3479,19
791c2af5,232,0.3397,1
402f0a4,254,0.3534,18
4bef808e,403,0.3562,19
55858007,389,0.3562,19
7a25eb87,234,0.3589,1
62f62db4,383,0.3589,19
7162669e,342,0.3616,19
46be63cc,343,0.3644,19
1392d14f,256,0.3644,18
1848c983,4488,0.3726,1
405ad504,336,0.3726,19
22ee0d07,404,0.3753,19
177baa95,405,0.3781,19
4821c21,334,0.3918,19
5656af83,76,0.3918,1
1cb388de,59,0.3918,1
3e3bc82d,406,0.4,19
2a4ca8df,87,0.4,1
498520a2,78,0.4,6
4970a434,395,0.4,19
296a7797,407,0.4,19
66af2835,396,0.4082,19
64f8472,561,0.4082,19
157b8af2,408,0.4055,19
1a37d95f,409,0.4137,19
4ad2c18b,172,0.4137,1
307ed189,390,0.4164,19
2f0fb933,255,0.4192,18
5599d4b4,439,0.4219,19
99b9915,4495,0.4274,1
4fafe336,563,0.4384,19
1dbb0dd1,410,0.4411,19
61c56a6,397,0.4411,19
531a3441,562,0.4411,19
4fcce3d,337,0.4438,19
639cdb47,419,0.4603,19
260c8760,412,0.4795,19
42414c61,445,0.4795,19
407bd054,440,0.4822,19
45b87dff,335,0.4767,19
11a7e4fa,257,0.4849,18
7cdd5af,240,0.4795,1
4f27a373,411,0.4849,19
104a7f98,398,0.4904,19
6fec9573,420,0.4932,19
19846908,441,0.4932,19
4ebea736,442,0.4986,19
514023b3,391,0.5014,19
5711ebe1,173,0.5151,1
3e983c01,446,0.5178,19
4cd63c9a,392,0.5178,19
1c5bd308,344,0.5233,19
444d6d81,573,0.526,19
3bca393d,258,0.526,18
4e79d1fd,447,0.526,19
4605e032,574,0.526,19
484a869,443,0.5315,19
2b0afc1d,444,0.5342,19
41632b90,564,0.537,19
6b62d8c1,575,0.5479,19
288e57fe,67,0.5479,1
9e86566,421,0.5534,19
341f305d,413,0.5534,19
310bf0,608,0.5562,19
757e9a52,414,0.5562,19
2d1900c6,448,0.5562,19
56f4aa07,4601,0.5562,1
77f2933c,459,0.5616,19
3d7b1bf1,260,0.5616,18
3c56aa06,393,0.5616,19
59ac827a,457,0.5644,19
3aa48100,399,0.5616,19
79e9e564,400,0.5644,19
50b6c6b7,88,0.5671,1
5f65a136,449,0.5726,19
56ea2646,609,0.5699,19
6be8c1b3,345,0.5699,19
75daf14f,565,0.5726,19
74482d3,422,0.5726,19
3f736b57,610,0.5753,19
7094cd6c,458,0.5781,19
9b5c6b,425,0.5781,19
2dd3f092,356,0.5781,19
f212cee,423,0.5808,19
2cd075c3,346,0.5808,19
76f20c36,338,0.5836,19
4417351a,577,0.5863,19
42d7372a,415,0.589,19
6d062cde,235,0.589,1
b731ef4,424,0.5918,19
76b14565,174,0.589,1
d2442fe,453,0.5973,19
5198ef58,259,0.5973,18
34a84e1b,347,0.5973,19
428fdf21,236,0.5973,1
6e66a07e,576,0.5945,19
3ee93078,175,0.6,1
1175b6e9,452,0.5973,19
70169b0,566,0.6055,19
3bcbc8a6,339,0.6082,19
4cd64557,611,0.6082,19
702860da,263,0.611,18
7c68db86,4496,0.611,1
1903b255,394,0.6137,19
6781b0df,568,0.6137,19
541c2245,460,0.6137,19
6e1267ab,484,0.6137,19
6a87e126,348,0.6164,19
eaa3e1,454,0.6192,19
21716dbc,450,0.6192,19
35d1a7b3,451,0.6247,19
4803b19d,455,0.6247,19
1dd8f76a,483,0.6247,19
4878ba9b,567,0.6274,19
702c7018,357,0.6301,19
2576a8d9,456,0.6301,19
7f4f78ba,358,0.6329,19
72eea9aa,461,0.6301,19
3ba45d73,462,0.6384,19
1802c350,238,0.6411,1
6151ab5f,349,0.6411,19
7171e7cc,237,0.6384,1
757fdbf0,659,0.6384,19
6d677422,464,0.6438,19
725b8f0c,239,0.6466,1
1e3cc94b,426,0.6493,19
600d12c7,670,0.6493,19
6b26f56d,485,0.6493,19
452b34ea,578,0.6548,19
3d25db95,417,0.663,19
35366ddc,418,0.663,19
69e76b8a,416,0.663,19
75779e38,579,0.6575,19
669d0a70,465,0.663,19
60c3c3f2,569,0.663,19
32aa5f5b,6,0.6712,1
75a5cafe,660,0.674,19
b874beb,359,0.674,19
670a5899,467,0.6767,19
6bb78d47,60,0.6795,1
3c8e3f98,360,0.6877,19
5d1ab984,466,0.6877,19
6727e0cd,241,0.6904,1
564e37d1,671,0.6877,19
e6bb0f2,427,0.6877,19
2fbf1d6b,571,0.6877,19
7bcbeb09,661,0.6932,19
1c455ea,588,0.6932,19
4c7bd8b5,486,0.6959,19
1482687f,570,0.6986,19
33552581,4602,0.7014,1
101d4d04,463,0.6986,19
5ab35ddf,590,0.7041,19
2b181c2,4497,0.7041,1
577d07b,672,0.7068,19
1f948479,589,0.7151,19
651b8fe2,580,0.7178,19
7682c27c,364,0.7178,19
585a830c,591,0.7233,19
6b2aad12,1394,0.7233,19
44a25091,673,0.726,19
50654c04,491,0.7342,19
6be9bd3d,674,0.7315,19
52344b3d,261,0.7342,18
6cc82e54,4498,0.737,1
16b74aa5,583,0.7397,19
4cfc4fe8,593,0.7452,19
30911d1b,584,0.7452,19
70fc0b99,492,0.7425,19
39df2da5,493,0.7425,19
408cd597,572,0.7452,19
6d1be95c,469,0.7479,19
41556438,642,0.7479,19
7994c0cc,581,0.7479,19
6d71d1a3,1395,0.7479,19
76f1c91,662,0.7479,19
58223e10,487,0.7507,19
136b15b2,468,0.7507,19
526d1fa,630,0.7534,19
6e98de91,490,0.7534,19
70f432b5,585,0.7562,19
20fa06fc,631,0.7562,19
f8033ae,592,0.7589,19
29318d80,242,0.7616,1
177e44ee,350,0.7616,19
461b5ef0,244,0.7644,1
5c26ff89,489,0.7671,19
1638733c,472,0.7671,19
5235bae0,612,0.7671,19
4e459288,582,0.7644,19
73c61071,488,0.7671,19
18f77337,594,0.7699,19
676a3873,616,0.7699,19
5d927c4,595,0.7726,19
46dfea96,596,0.7726,19
659257b1,1396,0.7753,19
538d42d0,663,0.7753,19
1f26a862,617,0.7781,19
160c1d08,365,0.7808,19
26947a4a,351,0.7808,19
51cc8ef6,471,0.7836,19
686edddd,676,0.7836,19
42210d0a,361,0.7863,19
5bcab84f,597,0.7863,19
47e2692e,428,0.7863,19
726cf41a,243,0.789,1
41a96aa7,586,0.7918,19
6cf25fbf,613,0.7918,19
6c5f8a23,262,0.7945,18
26f15676,470,0.7973,19
728ef09f,245,0.7973,1
67d716f0,618,0.8,19
2de6619a,632,0.8,19
19a6a212,614,0.8055,19
216162fd,633,0.8055,19
35c815b6,619,0.8082,19
5703b77b,643,0.8082,21
30c70198,666,0.8082,19
6ff8e1e6,352,0.811,19
43e27839,635,0.811,19
5618f52d,615,0.8192,19
7fba6895,664,0.8164,19
42708880,362,0.8192,19
3672b056,648,0.8219,19
3e31acc1,367,0.8219,20
16ee8d30,366,0.8219,19
469d1c64,644,0.8192,19
654ee4e1,675,0.8274,19
56aa1b2d,622,0.8274,19
31f403ed,598,0.8274,19
344f8bc5,649,0.8274,19
1a9fdf14,587,0.8274,19
6f86741,634,0.8301,19
8e4594a,477,0.8274,19
e115808,478,0.8329,19
46c8fbac,473,0.8356,19
224beb1e,677,0.8301,19
84fd814,679,0.8384,19
c9a000d,479,0.8384,19
d8e9fa9,645,0.8384,19
7060861d,1413,0.8411,19
5adf9ddb,620,0.8411,19
235522fe,481,0.8411,19
577118e7,1412,0.8411,19
1ade67e3,599,0.8438,19
4da1706f,363,0.8411,19
4496574a,61,0.8356,1
3cc91026,600,0.8466,19
36018793,680,0.8493,19
69680794,1404,0.8493,19
745cec2f,636,0.8493,19
2ecd32f2,4489,0.8521,1
580d14e1,602,0.8548,19
4edbd028,678,0.8548,19
67a62ac0,639,0.8548,19
66ca5bd5,1414,0.8521,19
63e35bad,482,0.8603,19
70cdee6a,665,0.863,19
60073acb,480,0.8575,19
36a1ec21,621,0.863,19
4f66e76b,353,0.8603,19
6ac90e5c,1402,0.8658,19
5047fe53,1401,0.8658,19
3036620e,476,0.8685,19
489386dc,652,0.8685,19
27494cfb,667,0.8685,19
54ca7f37,354,0.8712,19
576f51b2,605,0.8712,19
39e98e5,1405,0.8712,19
6e5d22f9,669,0.8767,19
69e9cbc2,637,0.8767,19
e798701,474,0.874,19
4426e58c,4490,0.8767,1
3388045d,355,0.8822,19
3b42369c,434,0.8822,19
34c5b23f,1472,0.8822,19
6d3b666b,668,0.874,19
7df12c63,1397,0.8849,19
602c55dd,1406,0.8849,19
7a450634,1602,0.8849,19
13750f69,1398,0.8877,19
ab81372,1479,0.8877,19
37952aa3,475,0.8849,19
35950331,1399,0.8877,19
e204cad,1403,0.8904,19
4449fd98,654,0.8904,19
5a971780,606,0.8904,19
47860b68,651,0.8904,19
4b4f6211,1473,0.8932,19
4061e3dd,623,0.8959,19
55824520,1470,0.8932,19
656dfa6b,1415,0.8932,19
4eabf2fa,601,0.8986,19
947054a,786,0.8959,19
37308ab,89,0.8959,1
45f8d7c7,646,0.8986,19
5455c1a0,653,0.8986,19
6589e335,655,0.8959,19
7e24897f,746,0.9014,19
7de13f93,1471,0.9014,19
7c3a94e,1431,0.9014,19
2d7972c8,1400,0.9014,19
77cc6969,681,0.9041,19
75d2d535,607,0.9014,19
3a5cda4,432,0.9041,19
19368d47,603,0.9041,19
7f3f439b,1416,0.9041,19
6b2cea34,650,0.9014,19
4649d218,4499,0.9096,1
6b383323,747,0.9096,19
6e9e8644,647,0.9178,19
626face9,638,0.9178,19
6abe6bae,1418,0.9178,19
40b5ecf1,748,0.9178,19
5a03fe05,604,0.9178,19
45140948,1603,0.9233,19
5065105c,1547,0.9205,19
5c6ee95f,1474,0.9233,19
33d35447,368,0.926,19
76e577ee,685,0.9288,19
13de7e33,1436,0.926,19
38d15906,1417,0.9288,19
11095337,1432,0.9342,19
4c8e0cff,787,0.9342,19
2cc1dcbb,1437,0.9342,19
1eeab94c,494,0.937,19
4521d14d,682,0.937,19
7974d4e2,640,0.937,19
5bf2fb73,1407,0.937,19
10191998,1475,0.937,19
5b79096f,495,0.937,19
4750526,729,0.9397,19
48104fb8,1419,0.9397,19
101d4afb,429,0.9397,19
33c1be6,1433,0.937,19
2fcc6292,720,0.9425,19
656b855c,264,0.9397,18
1f5b4198,657,0.9452,19
7cdb9abe,658,0.9452,19
2bd7b278,1434,0.9479,19
304faf45,1422,0.9479,19
9b79d75,686,0.9452,19
4ca54a5a,1476,0.9479,19
6c8b271a,625,0.9507,19
2814608a,1488,0.9479,19
21739849,696,0.9534,19
149ae527,1420,0.9534,19
720b8a74,695,0.9507,19
478dc0d8,687,0.9534,19
7a01a9b0,1454,0.9589,19
3971c80a,1563,0.9589,19
1707ad7a,721,0.9589,19
3ea53442,641,0.9534,19
499e460f,749,0.9589,19
7e98f6ae,899,0.9616,19
545ef87a,1477,0.9616,19
43ced197,1537,0.9616,19
785b59df,656,0.9616,19
414fedfc,912,0.9616,19
62714087,1478,0.9644,19
7b9d7110,433,0.9644,19
57866737,756,0.9644,19
753149b9,1480,0.9616,19
23327e64,900,0.9644,19
47690aea,688,0.9644,19
386aff3f,4491,0.9671,1
8228ad6,697,0.9671,19
2df4d038,626,0.9699,19
38d314e8,1435,0.9671,19
69b469a9,1560,0.9699,19
3044da1a,683,0.9699,19
39562ff7,698,0.9699,19
8250eac,624,0.9699,19
581ee586,1423,0.9726,19
4476a069,1408,0.9726,19
64a2885b,1455,0.9726,19
40deabea,751,0.9726,19
6f4354a2,270,0.9726,18
1ec7c4cb,4492,0.9753,1
6ed76718,1409,0.9753,19
5b6310d3,1535,0.9781,19
2ef0b959,1457,0.9781,19
eb1c1d0,1542,0.9781,19
5b8b98b9,690,0.9781,19
182dfe93,684,0.9808,19
13a834d4,764,0.9808,19
33bcb6be,1538,0.9808,19
33035e58,1545,0.9836,19
344a56d1,699,0.9836,19
43e4ffad,765,0.9863,19
15bba829,1421,0.9863,19
3ce3d558,835,0.9863,19
d7e754b,862,0.9863,19
6412f19,692,0.9863,19
5af9f0cb,1536,0.9863,19
3e0465ae,724,0.989,19
76b678a7,722,0.9863,19
1a2e0da7,808,0.9863,19
22108d2b,713,0.989,19
114221a5,714,0.9918,19
54dd2a3c,691,0.9863,19
41b7f7c4,1548,0.9918,19
146e6f97,689,0.9918,19
5c83c349,723,0.9918,19
1935fb3e,1580,0.989,19
5af3747d,1546,0.9918,19
18287de1,1539,0.9945,19
2ef289d1,734,0.9918,19
2f80313f,517,0.9945,19
6e91e82e,754,0.9945,19
59536fcc,759,0.9918,19
358d4768,703,0.9945,19
21ac3d1e,1427,0.9973,19
4f4f84b2,627,0.9973,19
fcb1488,1550,0.9973,19
24f18d65,369,1,19
1d7b7a4a,1544,0.9973,19
2ea20743,760,1,19
799a294b,693,1,19
18fb6d06,694,1,19
51a809b8,1611,1.0027,19
17c780ed,1612,1,19
29e11549,791,1.0027,19
119b14f,628,1.0027,19
10ed9d1d,1605,1.0027,19
3b86b705,1458,1,19
5e8d1684,761,1,19
1aecb661,752,1.0027,19
56b3ffba,1551,1.0027,19
2aca8504,1493,1.0027,19
247a21c7,1489,1.0027,19
5bdad497,1424,1.0055,19
125dbe79,700,1.0055,19
5a359e0c,1491,1.0055,19
6cc1eb93,1564,1.0027,19
398cf908,1561,1.0027,19
78b64822,732,1.0027,19
19c09bd5,753,1.0055,19
14339a16,1481,1.0055,19
6be2409f,1490,1.0055,19
89ca303,1438,1.0055,19
151f9ff6,1446,1.0082,19
2438476e,1549,1.0082,19
1d745469,1553,1.0082,19
64eb19e0,4609,1.0082,1
9023ac5,837,1.0082,19
600be43c,901,1.0027,19
20a561f8,1555,1.0082,19
5fe32348,629,1.0055,19
637b154d,1494,1.011,19
a83c4ac,755,1.011,19
7b37cff5,725,1.011,19
4422eeab,1565,1.011,19
131111ff,1607,1.011,19
29d7c04,707,1.011,19
3977d067,370,1.011,19
7cfaf8db,1495,1.0137,19
2ffe0659,735,1.0082,19
466a32fe,730,1.0137,19
411926bc,1543,1.0137,19
6a0e2264,915,1.011,19
8ef83b8,1718,1.011,19
359d3db2,518,1.0164,19
2277143d,1562,1.0137,19
2a53ea09,1444,1.0164,19
31d5e025,1588,1.0137,19
6df93b00,792,1.0137,19
77351c7e,496,1.0164,19
4203b333,795,1.0192,19
18132abc,836,1.0192,19
5c49a79e,715,1.0137,19
27c593a7,1483,1.0219,19
18b4ea2a,1540,1.0219,19
78003647,802,1.0219,19
69e40b8e,798,1.0219,19
74043d58,762,1.0192,19
7fd7c0d4,1581,1.0164,19
69c6367,1566,1.0219,19
4f6da041,793,1.0219,19
1ad6ba09,1641,1.0164,19
1dc4b120,516,1.0192,19
64bea48e,820,1.0247,19
5b4608e7,1582,1.0247,19
3e24dfb3,1642,1.0247,19
1c690f9e,1456,1.0247,19
33c0e8e8,824,1.0247,19
1ee379e0,1428,1.0274,19
58aadf47,839,1.0274,19
40eb4aa6,1439,1.0219,19
1f2616d3,809,1.0274,19
142ab8da,1719,1.0274,19
20af45ae,430,1.0274,19
2099951f,842,1.0274,19
2ec726ac,797,1.0274,19
49fe9da,1554,1.0274,19
34e3e7a8,273,1.0301,18
754e7586,1604,1.0301,19
1993375d,731,1.0192,19
541ac2ba,716,1.0274,19
e768085,763,1.0274,19
2503f844,794,1.0301,19
23674b27,530,1.0301,19
63f10108,844,1.0301,19
115aa259,4505,1.0274,1
5d74a14,1492,1.0329,19
5f447a57,726,1.0329,19
23ceb9c9,701,1.0301,19
1906779d,750,1.0274,19
237d6d21,710,1.0329,19
3a5a341a,1425,1.0329,19
6c8cd269,843,1.0329,19
461cfafa,1541,1.0274,19
527def92,973,1.0329,19
e40837d,4500,1.0329,1
65d19c4b,863,1.0329,19
6fc41502,1460,1.0329,19
33b151cf,520,1.0329,19
4eaef92a,799,1.0356,19
44ffd0e9,840,1.0356,19
2d253ff9,902,1.0356,19
6206535a,1426,1.0329,19
5bd89199,800,1.0384,19
619a6a93,704,1.0384,19
358858df,1589,1.0384,19
2ac343ae,736,1.0356,19
183f6a97,708,1.0384,19
5f61cb15,864,1.0384,19
28d82e86,796,1.0384,19
18b6d600,1567,1.0411,19
7bbe6c53,711,1.0411,19
2ad63952,733,1.0384,19
43138e90,1720,1.0411,19
6dbb5624,1556,1.0411,19
65ef6334,705,1.0384,19
7e68da72,865,1.0384,19
21d0ac21,838,1.0438,19
16edd449,1590,1.0411,19
53df16bf,265,1.0466,18
7e39b00c,815,1.0466,19
805e363,1429,1.0466,19
3006135b,1447,1.0466,19
141310de,801,1.0466,19
6c24c189,1608,1.0466,19
1c68bd92,702,1.0466,19
4b1d2995,1649,1.0493,19
49cf5dd6,811,1.0466,19
23497fe3,1643,1.0493,19
1ecd80fe,1410,1.0521,19
4b017766,1430,1.0521,19
47181b38,816,1.0521,19
d7ab2db,717,1.0521,19
2f896360,869,1.0521,19
6d64b0f2,709,1.0521,19
6ff38bb0,822,1.0521,19
6dbe621,1558,1.0548,19
68b59cad,1557,1.0548,19
3081070a,1445,1.0548,19
27aa4f3c,1459,1.0548,19
63beef90,1461,1.0548,19
642eff4a,431,1.0548,19
5b3f0dba,766,1.0521,19
302349fc,1482,1.0548,19
4585336b,810,1.0575,19
51d39624,1411,1.0575,19
72220379,1609,1.0548,19
5864c868,1552,1.0548,19
3416b664,812,1.0575,19
79396474,740,1.0575,19
1b6299e1,866,1.0575,19
653b356d,939,1.0603,19
2c84ba5d,1679,1.0603,19
641f0a38,1451,1.0603,19
56b7c80b,1621,1.0603,19
5915fead,1630,1.063,19
653938bf,1450,1.063,19
61daff22,841,1.0575,19
796ba0ea,1448,1.063,19
1174d85c,1610,1.063,19
6762ac49,1606,1.063,19
4bb28cda,497,1.063,19
6f7a09b6,823,1.0603,19
587b8a3d,767,1.063,19
7f837e78,737,1.063,19
2a89759f,1496,1.0658,19
7502f848,1497,1.0658,19
4a8a78e7,871,1.0658,19
4ea429e9,4607,1.0658,1
2fe0982f,712,1.063,19
4d42f523,741,1.0685,19
5496e12c,1655,1.0658,19
3b926136,1440,1.0658,19
1018b78b,1854,1.0685,19
4a29b346,916,1.0685,19
2955b4ae,872,1.0685,19
1e6fb63,845,1.063,19
53a39a6c,1659,1.0658,19
57d7a472,1645,1.0712,19
21db04b1,1441,1.0712,19
61dc6008,903,1.0712,19
627dcc9f,1646,1.0712,19
d2f2e9b,1631,1.0712,19
2d024157,825,1.0685,19
2fdca8df,1485,1.074,19
618f3bf1,1465,1.074,19
3ffc0f46,1449,1.074,19
1c8cd2d2,4608,1.074,1
233b20ed,846,1.074,19
3a0975a1,804,1.074,19
69ebfe05,1467,1.0767,19
36b25a41,1568,1.0767,19
4cd20407,742,1.0767,19
36947938,1559,1.0767,19
39b239,1583,1.0767,19
24fd902d,271,1.0767,18
78d35a89,1464,1.0767,19
663fe242,914,1.0795,19
6d1ba112,718,1.0795,19
20fe7ef2,1833,1.0795,19
10837a3,870,1.0795,19
684afe38,1591,1.0795,19
a2ff6aa,913,1.0767,19
3a8cc5cc,943,1.0822,19
69562581,1484,1.0795,19
5652bdad,757,1.0795,19
68c0673,4506,1.0795,1
233d8b6b,1650,1.0822,19
7fc39865,789,1.0849,19
27e1d031,1834,1.0822,19
649daeb5,1648,1.0849,19
2bb4179e,1839,1.0849,19
4857a23d,773,1.0849,19
619e835e,706,1.0849,19
68ff61de,788,1.0849,19
637c93b8,1622,1.0849,19
164f93a0,758,1.0877,19
35e6644,1569,1.0877,19
10bc1660,1647,1.0877,19
17dab69c,813,1.0877,19
7d62f554,727,1.0877,19
d7ed0fa,1658,1.0822,19
7d01c823,818,1.0904,19
3fadff49,1570,1.0877,19
36532ee6,1584,1.0904,19
550f75bd,743,1.0877,19
5000a828,873,1.0904,19
5d3e03d4,944,1.0849,19
db9e88d,819,1.0932,19
23b5c61a,1466,1.0932,19
614dde2c,826,1.0932,19
4cc05172,1571,1.0932,19
e7f35e7,1663,1.0932,19
377b724,1468,1.0932,19
cc4b5d8,531,1.0932,19
3a8db320,817,1.0932,19
42413ef3,1632,1.0932,19
35e6fb51,776,1.0932,19
b96b45e,974,1.0959,19
737ff143,1452,1.0959,19
2444ae79,821,1.0959,19
43fe47a0,1835,1.0959,19
22d5aa81,777,1.0959,19
69a8be8e,1680,1.0959,19
6b16ec99,874,1.0932,19
559c91e1,805,1.0986,19
5a92a871,1837,1.0986,19
76623163,1840,1.0986,19
2acc7912,975,1.0959,19
1beef633,1838,1.0986,19
54f0041f,1660,1.0986,19
33fedecb,941,1.1014,19
7ab3354f,719,1.1014,19
16800b44,940,1.0986,19
42042577,942,1.1014,19
7c9a37a,790,1.1014,19
6433e781,4610,1.1041,1
15e7f7d8,1841,1.1041,19
72ff1a68,519,1.1041,19
6ac3f759,881,1.1041,19
11b3a6dd,875,1.1014,19
5bab05e2,1863,1.1041,19
205ffef9,847,1.0959,19
2af98cc0,1698,1.1014,19
26f0520c,774,1.1068,19
25f7c725,806,1.1068,19
5538acff,1453,1.1041,19
7a804d54,880,1.1096,19
1c795148,1572,1.1068,19
38bd00f9,976,1.1068,19
6b6ddc,877,1.1068,19
23683624,1442,1.1068,19
5bfa25f0,1696,1.1096,19
ddfdcd6,522,1.1068,19
5d35af5c,775,1.1096,19
3f0e6bc8,946,1.1096,19
35d10c7c,876,1.1096,19
461b4f7c,978,1.1123,19
36a447ac,768,1.1123,19
7a382a9b,523,1.1123,19
47b77b4c,1614,1.1123,19
5b4bbc69,4501,1.1123,1
4f46198b,1509,1.1096,19
50340329,769,1.1123,19
74918e0a,1699,1.1123,19
51389b59,1592,1.1151,19
e2ebb52,770,1.1151,19
71db615d,1861,1.1151,19
2f6e023f,4611,1.1151,1
34bac3b3,1486,1.1178,19
2d93ef24,814,1.1178,19
94240b2,1862,1.1178,19
689316d8,272,1.1178,18
67bf9cb,828,1.1178,19
552ba2c1,1842,1.1205,19
7d74367d,1487,1.1178,19
4fd499e3,1644,1.1205,19
17a06236,1463,1.1205,19
578f6107,1697,1.1205,19
4c53fc94,1700,1.1205,19
49a4fa60,917,1.1205,19
650f2d0a,1651,1.1233,19
36ebca63,1656,1.1233,19
5cb5a99b,780,1.1233,19
32ac2f97,1664,1.1233,19
2ed733b5,1836,1.1233,19
370fdcf4,945,1.1233,19
648c8d15,867,1.1233,19
735140aa,1657,1.1233,19
7819e14c,803,1.126,19
fcc03b2,1633,1.126,19
46ed96c3,1462,1.126,19
46894f2e,1616,1.1233,19
3f240345,1510,1.126,19
509a5680,1843,1.1205,19
7a6b99de,1469,1.1205,19
76975982,1732,1.126,19
6936423e,1573,1.1288,19
6b1a27ce,827,1.1288,19
4d99f61a,1585,1.1288,19
10efd62,927,1.1315,19
606c1018,1613,1.1288,19
62471329,1586,1.1288,19
14d417ee,772,1.1342,19
5d2931ab,771,1.1342,19
5dc516c6,274,1.1342,18
741880c,954,1.1315,19
339e946d,1852,1.137,19
27ae5fdc,778,1.137,19
52281ec9,1722,1.1397,19
59a2fd68,928,1.137,19
27cb2ec3,1661,1.1397,19
1e5827cd,1665,1.1397,19
4bddcb65,807,1.1397,19
59115a81,728,1.137,19
29a9ea3f,1615,1.1425,19
1796b576,1851,1.1425,19
482f9e06,1726,1.1425,19
2c358728,1574,1.1425,19
50da9ce3,977,1.1425,19
6d8ce285,1513,1.1452,19
3e1a68e7,779,1.1452,19
1c854757,1662,1.1425,19
28ee356f,907,1.1452,19
22fc723d,830,1.1452,19
4fcc7bd5,850,1.1452,19
79453284,829,1.1479,19
22adbd18,1727,1.1452,19
717dc557,1724,1.1479,19
20d9358e,1593,1.1425,19
2c06f84e,889,1.1452,19
6175d632,883,1.1452,19
4d4b1b1a,1498,1.1479,19
1dcad125,1733,1.1507,19
74d6e257,1844,1.1507,19
6799dee3,893,1.1507,19
3bdd6eb9,1634,1.1507,19
2e5b2113,1666,1.1534,19
56333249,744,1.1534,19
65538e04,1734,1.1534,19
26540ca3,738,1.1452,19
76ac0676,887,1.1562,19
188e209,1499,1.1562,19
411498f1,1627,1.1562,19
78d26f92,1864,1.1562,19
7e65453f,1575,1.1589,19
3f1af8ef,1576,1.1589,19
77a06990,957,1.1589,19
68ec7333,1853,1.1589,19
2e325c8d,882,1.1589,19
45771826,833,1.1616,19
11efe10a,890,1.1616,19
1a116def,848,1.1616,19
26fb8c14,955,1.1644,19
5bb016c5,781,1.1644,19
5e3795f7,745,1.1644,19
7af4dc74,1721,1.1616,19
6f053971,1652,1.1671,19
d7f914b,1443,1.1671,19
1f2f9ac2,436,1.1644,19
5d733ad8,1725,1.1671,19
b2e15f2,1624,1.1644,19
1385a7e,1635,1.1671,19
47302599,782,1.1671,19
2f199237,831,1.1671,19
363401fd,886,1.1644,19
72555819,266,1.1671,18
317d0787,878,1.1699,19
6d2f58d0,739,1.1699,19
7727f0dc,1667,1.1699,19
618a2c2c,895,1.1726,19
39473594,884,1.1726,19
60df5c04,1723,1.1726,19
2836e1d3,979,1.1726,19
186d43b5,1514,1.1699,19
43d2a216,834,1.1726,19
18062eb9,1691,1.1753,19
2a36ec1,851,1.1753,19
1d043f3f,1728,1.1753,19
6f86a7c1,1681,1.1753,19
46dc2f6e,268,1.1753,18
5f908412,852,1.1781,19
6351b518,1623,1.1753,19
3933ae1c,1511,1.1781,19
1eb3410b,956,1.1781,19
45d8f6db,1516,1.1781,19
48066197,1626,1.1781,19
2bcf720d,1500,1.1753,19
6a978ecd,1849,1.1808,19
fa86a26,879,1.1808,19
223c254f,1688,1.1808,19
b17d9c1,1682,1.1808,19
9fb8856,892,1.1808,19
5974cc7e,1692,1.1808,19
1541742c,1625,1.1836,19
20ad7e94,1693,1.1836,19
75c1fbef,1683,1.1836,19
aa9ce15,1850,1.1836,19
14572b78,1517,1.1836,19
5f45beb8,4612,1.1836,1
335f560c,1690,1.1836,19
6e19792e,958,1.1836,19
25a1383c,1686,1.1863,19
61bc83fb,868,1.1863,19
4c9d785f,891,1.1781,19
3edfaf0a,1515,1.1863,19
12931035,1758,1.1863,19
1735eac7,832,1.1808,19
304d37fe,1759,1.189,19
73296902,4493,1.1836,1
79b1ddea,1577,1.189,19
416a63c9,1701,1.1918,19
18c14edd,1865,1.189,19
201845be,1578,1.189,19
57b192da,1694,1.1918,19
7940abfb,1579,1.1918,19
4557d7ce,1617,1.1918,19
5772ce1f,1636,1.1863,19
35a554fa,1668,1.189,19
6ed937d6,521,1.1945,19
1c1f0026,532,1.1918,19
acc8cbf,1653,1.1918,19
15cb7464,533,1.1945,19
763bd2b1,1702,1.1918,19
548852f4,905,1.1945,19
4b95ce1b,1587,1.1973,19
6c553738,894,1.2,19
22f30682,1669,1.2,19
347affda,959,1.2,19
51fa0a58,4494,1.2,1
14d31ba8,1761,1.1945,19
2e2ed8a6,896,1.2,19
4d496696,275,1.2,18
4c600dad,783,1.2027,19
406241d2,1684,1.2027,19
18515a90,856,1.2027,19
1e2af2da,904,1.2,19
52eb99d7,1512,1.2,19
553e89,1670,1.2,19
124261c9,1654,1.2027,19
5bb7ed79,1856,1.2055,19
551cf2f9,906,1.2027,19
7c142fa5,1501,1.2055,19
7dd955c7,960,1.2055,19
112ca081,1892,1.2082,19
1961a320,1619,1.2082,19
2b5811cf,1502,1.2055,19
181026b8,849,1.211,19
1b4a26a3,784,1.211,19
766c6a06,961,1.211,19
41ac6e61,1504,1.211,19
50430cb2,1620,1.211,19
55c0bdd7,962,1.211,19
3e7d08c9,980,1.211,19
2bd4695a,1687,1.2137,19
929c527,524,1.2137,19
5957ffd0,885,1.2137,19
fba9f73,1505,1.2137,19
72cb967,1847,1.211,19
37becd67,1618,1.2137,19
40eb4458,1760,1.2082,19
69816e8c,930,1.2164,19
26248aea,909,1.2164,19
7dbed85a,1730,1.2164,19
1f3bb10b,4603,1.2164,1
568ff30,1703,1.2164,19
4c06931b,267,1.2192,18
79946ad,857,1.2192,19
c6e320c,1689,1.2192,19
4e1f7963,1506,1.2164,19
c4c9eef,1731,1.2192,19
412d0de5,1866,1.2192,19
3c2ea99e,785,1.2219,19
780d8e4a,1637,1.2219,19
7f90e015,897,1.2219,19
94f0b19,1729,1.2219,19
611c5739,499,1.2247,19
48772cda,1507,1.2247,19
1dc0e13,910,1.2274,19
70badaf2,1857,1.2274,19
731cee43,1869,1.2219,19
27c0d06,929,1.2274,19
633137cc,1870,1.2274,19
45fa0c12,1855,1.2274,19
4a84dfe5,952,1.2301,19
51009c18,1671,1.2274,19
33f6af03,898,1.2247,19
591371e6,951,1.2301,19
4c1c7c4a,1639,1.2274,19
83592f6,888,1.2301,19
1929d98d,1518,1.2329,19
1f21e31c,908,1.2329,19
5d7f2d5f,1695,1.2301,19
72aef496,1594,1.2301,19
251caeff,1735,1.2301,19
35b59043,911,1.2329,19
1104467f,4613,1.2301,1
140b0a8d,1848,1.2356,19
54a035a5,534,1.2356,19
4d8e90fa,1785,1.2356,19
7e8a008a,1868,1.2356,19
6a993061,1685,1.2329,19
329922b4,1524,1.2384,19
6741245f,1525,1.2384,19
5ef1610d,953,1.2384,19
70d1a409,1762,1.2384,19
b26a425,1595,1.2384,19
652b1ac2,981,1.2384,19
3087e663,1871,1.2384,19
6f7d893e,1596,1.2384,19
4d8bfd96,1597,1.2384,19
73b26f8e,918,1.2411,19
4e728630,1598,1.2411,19
41c9d563,853,1.2411,19
533ce781,1628,1.2438,19
33923c77,948,1.2438,19
4277599c,527,1.2438,19
698b7f33,858,1.2438,19
6666ddac,1638,1.2356,19
52d22e0e,947,1.2438,19
7001d1a7,1740,1.2466,19
121a742a,1766,1.2493,19
517b8a39,525,1.2493,19
2f09f558,1737,1.2493,19
6753a008,1503,1.2521,19
262923ec,1873,1.2521,19
7c0782e7,1520,1.2521,19
6d3d5c2d,1874,1.2548,19
4ebbf7c5,1867,1.2548,19
2b0e4f52,1858,1.2548,19
4bcddc5e,1736,1.2548,19
5ebd155c,859,1.2548,19
790b506,931,1.2575,19
229ab686,1872,1.2575,19
305a7e04,1599,1.2548,19
466ab661,1640,1.2575,19
6fb9aa6,1738,1.2548,19
44137fa,437,1.2575,19
7322fbb3,860,1.2603,19
73989f72,435,1.2603,19
1d0889e1,1519,1.2603,19
7808bbdb,1508,1.2603,19
10d1755b,526,1.2603,19
4aa5f34d,1789,1.2603,19
70028793,949,1.263,19
6be25f65,963,1.263,19
eb8e6cf,1763,1.263,19
588b18e2,1875,1.2603,19
7e067adf,950,1.263,19
1a5c5493,1672,1.2658,19
63bc39ca,1600,1.2603,19
2a7b35ec,1773,1.2658,19
67e672fe,1704,1.2658,19
1fe65a5d,4618,1.2685,1
1d964202,920,1.2685,19
6e31c009,1712,1.2712,19
17b2e5a0,991,1.2712,19
1d563a95,919,1.2712,19
3a943eb3,1521,1.274,19
48227f92,1673,1.274,19
178daf0e,1786,1.274,19
5cf5e0d5,1798,1.274,19
38a469af,1799,1.274,19
5875d73a,964,1.2767,19
430f0b21,1714,1.2767,19
39003991,1713,1.2767,19
22f2c60f,1774,1.2767,19
55e26df0,1706,1.2795,19
5448096c,1629,1.2767,19
6fa556c7,937,1.2795,19
57513613,1675,1.2795,19
63275048,438,1.2795,19
77303629,932,1.2795,19
658a2041,854,1.2795,19
32e64566,1776,1.2822,19
6c591c87,1787,1.2712,19
35a5b454,1859,1.2822,19
43d25db7,1677,1.2822,19
67066c0e,935,1.2822,19
7f9963ae,1770,1.2849,19
2e77b60f,1743,1.2795,19
4c96d71f,1764,1.2877,19
520021aa,1709,1.2849,19
12ba4f02,933,1.2877,19
46082747,1788,1.2904,19
7238b83b,498,1.2904,19
61ecafbd,1678,1.2904,19
216e2edd,1881,1.2904,19
265b17a8,992,1.2932,19
11959a38,1707,1.2932,19
15805ef0,966,1.2959,19
aac1a01,1522,1.2932,19
727a3881,1676,1.2986,19
4548825b,1893,1.2986,19
3aed0f81,1526,1.2986,19
3bd02b0d,1768,1.3014,19
6a92215,1777,1.3014,19
11c99bee,936,1.3014,19
1fd812d,269,1.3014,18
101289d6,1894,1.3041,19
72db5be6,1523,1.3041,19
4d067c0f,4502,1.3041,1
4d6e0b4d,923,1.3041,19
2aa0409a,279,1.3041,18
65d67651,1775,1.3068,19
381d97ee,861,1.3014,19
3cc5f502,1527,1.3096,19
1449d690,1771,1.3096,19
427b5eb6,982,1.3123,19
160d03f0,921,1.3151,19
5f389d6,1765,1.3123,19
5fd432ae,4604,1.3151,1
4742590c,855,1.3151,19
392ec097,1876,1.3068,19
27bf97b1,924,1.3151,19
208a435d,1739,1.3178,19
5e3544a0,1801,1.3205,19
beaec53,1744,1.3205,19
448fafc1,1710,1.3205,19
366d8ca6,934,1.3205,19
4209ce8f,965,1.3205,19
1e5d2ae9,1779,1.3205,19
27157f44,1772,1.3205,19
7dc7dfbc,967,1.3233,19
30706493,1745,1.3205,19
71361b3d,1882,1.3178,19
6cb6d90,535,1.3233,19
a28dd52,1797,1.3233,19
4951d994,938,1.3233,19
389a30e4,1767,1.326,19
8ffcc70,1741,1.3288,19
55058712,986,1.3288,19
198b02ad,4619,1.3288,1
5ed1e571,1528,1.3288,19
28bb2e97,1845,1.3315,19
51ff0185,506,1.3315,19
1020ff7d,925,1.3315,19
6e1a3779,993,1.3315,19
1eee6b5f,538,1.3315,19
ed2afe7,1790,1.3342,19
418b6a65,1742,1.3342,19
30b53b55,994,1.3342,19
19eff7ef,1804,1.337,19
14e1a35b,1846,1.3397,19
d975d01,1769,1.3397,19
6ba183d3,1896,1.3425,19
1bd4a372,536,1.3452,19
7c5090e7,922,1.3452,19
65b21f4d,1778,1.3425,19
527a39af,280,1.3479,18
35a28728,1746,1.3479,19
4d8deed3,1793,1.3479,19
3830d858,1883,1.3479,19
3b8439b0,1802,1.3479,19
1abe722f,1803,1.3479,19
3867fcdd,278,1.3425,18
6ab1191,1895,1.3534,19
1c78e14d,1794,1.3534,19
75bed7e7,1800,1.3507,19
cba83ed,1529,1.3562,19
2c41fcd6,983,1.3589,19
7768029a,500,1.3562,19
74eae27f,987,1.3589,19
440624ff,1674,1.3616,19
74acc8f8,1791,1.3616,19
3ab94dfa,1531,1.3616,19
6782c7e5,1795,1.3616,19
50c9655d,1792,1.3562,19
2fc8a7b0,1884,1.3589,19
55c4f06e,281,1.3644,18
25a872d2,1780,1.3644,19
73938c21,1717,1.3644,19
6c76f70,926,1.3644,19
68501eb7,1904,1.3699,19
770b2da2,282,1.3699,18
6cf35d93,1748,1.3644,19
36e36a8,995,1.3726,19
3e6f755a,1805,1.3726,19
70e5ca81,1715,1.3726,19
10a72908,970,1.3699,19
66cee14a,1752,1.3726,19
14e7504d,1705,1.3699,19
3a557a90,4503,1.3753,1
5167322e,1711,1.3726,19
7821be63,1905,1.3726,19
6974d49c,1749,1.3753,19
473f84c7,988,1.3753,19
2fa1384c,1532,1.3781,19
5a86497d,1747,1.3781,19
2e3b114d,996,1.3808,19
87e3f9e,1897,1.3836,19
605b424d,1530,1.3863,19
38aefd5d,1796,1.3863,19
4e69227c,1716,1.3863,19
379276e0,1708,1.3808,19
2906b60f,971,1.3836,19
d610375,276,1.3863,18
42ea5391,984,1.389,19
4517f372,1809,1.389,19
6116a846,1906,1.3918,19
646975ba,1756,1.3918,19
748fd47d,997,1.3918,19
54e15e62,1754,1.3945,19
ef925fd,1027,1.4,19
5a79e8fc,1533,1.4,19
759292ac,1877,1.4,19
7f349c5f,985,1.3973,19
38258889,969,1.4,19
2d0ea979,1755,1.4027,19
4c684986,1885,1.4027,19
3904195,1810,1.4055,19
5b0d75ff,1534,1.4027,19
55a72361,989,1.4055,19
6deb2f87,1886,1.389,19
5ce475ba,968,1.4082,19
30b4f96c,1907,1.411,19
4977fea,1757,1.411,19
5a855449,1887,1.411,19
2213e7b7,284,1.411,18
2533a306,528,1.4082,19
32db4155,1782,1.4137,19
d8c10cb,1898,1.4137,19
7d5b3a2f,1899,1.4192,19
45c88d11,1000,1.4219,19
6c3019b2,283,1.4192,18
2d71ad14,1753,1.4164,19
6f0d9606,1888,1.4219,19
4096fa39,511,1.4219,19
64b83a46,1900,1.4219,19
659983c5,1908,1.4219,19
7cf0931d,1889,1.4219,19
45a09b6f,4504,1.4247,1
3210e6d0,1812,1.4219,19
175f90de,999,1.4274,19
3e71ae5b,1004,1.4274,19
7f4b3119,1011,1.4247,19
4a587e46,1806,1.4329,19
21eaceb3,990,1.4329,19
125abfa3,1880,1.4329,19
34bf9708,1003,1.4356,19
3d9c6597,1807,1.4356,19
4a74abc1,1808,1.4356,19
d94a28b,1031,1.4356,22
45db73e6,1879,1.4274,19
1bb51617,1819,1.4356,19
74708c03,1901,1.4384,19
5c58f8fc,1750,1.4384,19
de6f020,1781,1.4411,19
71b4473b,1006,1.4411,19
75238a55,503,1.4356,19
154cd9a,1005,1.4438,19
1ad05a54,539,1.4411,19
4d502d2,1814,1.4411,19
4f2199a8,1890,1.4438,19
1c7f92e8,1751,1.4438,19
3b60b4e0,1902,1.4438,19
237a4b22,998,1.4384,19
60557a3c,507,1.4466,19
5d5c0c,1909,1.4466,19
3ea42f53,4507,1.4438,1
4f7650fe,1820,1.4438,19
4b957b6,502,1.4466,19
6eeec611,1008,1.4521,19
712fa228,1878,1.4521,19
ca3fd53,1783,1.4548,19
42e91f96,537,1.4548,19
5a2f8794,1601,1.4521,19
561d501b,1860,1.4548,19
454776ee,1028,1.463,22
4f58c47f,1811,1.4658,19
696df927,1001,1.4658,19
57730842,1032,1.4658,22
7690e3db,1007,1.4685,19
554ce199,1784,1.474,19
2bc20dd8,1910,1.4767,19
22305fe3,1035,1.4767,22
24923e43,1891,1.4767,19
35913efb,529,1.4767,19
16605361,1813,1.4795,19
2d7720b8,501,1.4795,19
d18adb2,1002,1.4685,19
38cdfa74,1903,1.4822,19
2ca25d57,1009,1.4877,19
3844da9b,4624,1.4877,1
7079951c,972,1.4904,19
2730df3d,1010,1.4904,19
589b9cb2,1012,1.4904,19
19c67669,1036,1.4904,22
748f7c8,4625,1.4904,1
3b254348,508,1.4932,19
1a4dba26,1037,1.4932,22
3092e238,1015,1.4986,19
47bc2cd0,1821,1.5014,19
70a4a555,1038,1.5041,22
618a870a,1013,1.5041,19
16e18d97,4614,1.5041,1
49007cbe,1911,1.5014,19
31c52e51,4509,1.5041,1
649ebb31,1823,1.5068,19
45eb7d42,1915,1.5068,19
5199d27f,541,1.5096,19
4b0e70ee,1109,1.5068,22
53217878,4508,1.5096,1
5f2ba7ac,1916,1.5123,19
42f7061e,540,1.5178,19
4adf6a2,1029,1.5178,22
5de23e15,1030,1.5205,22
3b678480,512,1.5233,19
3d69fa3d,1014,1.526,19
2af0e55a,1918,1.526,19
47d4cc78,1822,1.5288,19
b0a4001,4615,1.5288,1
734374b3,4616,1.5315,1
79cd73c7,4617,1.5342,1
189d0f4,1824,1.5342,19
ccae68f,4521,1.537,1
4e167fe4,509,1.537,19
60df6bb1,1110,1.537,22
51423354,505,1.5342,19
390c35e3,4514,1.5397,1
25d2edc6,1917,1.5342,19
5182389d,1039,1.5397,22
1ec34c29,504,1.5479,19
3553c68d,1019,1.5534,19
55a2ea3,513,1.5562,19
5da1a0c6,1040,1.5589,22
1da73d3f,1111,1.5644,22
190198a6,1017,1.5644,19
4dfa8213,1825,1.5644,19
1d0dacfa,510,1.5644,19
396734a1,514,1.5726,19
6a5e8bbf,1041,1.5753,22
26ce3851,1018,1.5753,19
3545aa1c,1023,1.5781,19
45dfaa32,542,1.5781,19
459d5c14,4510,1.5808,1
5b49d973,286,1.5836,18
43c49d4c,285,1.5863,18
11c9ba37,1016,1.589,19
7bf2213c,1034,1.589,22
54a0bfaa,1042,1.5918,22
41b7660c,4515,1.5918,1
26febd8b,1112,1.5945,22
4c6f83a9,277,1.5918,18
1de33861,1919,1.5945,19
679eaad7,1912,1.6,19
adffa02,544,1.6,19
38502441,1024,1.6055,19
345f514a,1033,1.6055,22
41dfea3,1914,1.611,19
25fb8736,515,1.6082,19
b9fe71,1043,1.6137,22
12e324a3,1114,1.6137,23
5c78e2b4,1113,1.6137,23
37fbf77e,1021,1.6164,19
787edd86,1025,1.6164,19
73332816,287,1.6164,18
3a4bfdb9,1044,1.6192,22
68451986,1913,1.6192,19
6d43f7,4638,1.6219,1
e712c91,288,1.6219,18
6468c6d1,1920,1.6219,19
24216af3,1134,1.6301,23
72192655,1020,1.6329,19
4eb9f77b,1963,1.6356,19
18ff8d83,4605,1.6356,1
492b4f99,292,1.6411,18
6b574623,1045,1.6411,22
448edf48,1046,1.6438,22
450dfa8d,4512,1.6466,1
56c93232,4620,1.6466,1
7fe0096,1115,1.6493,23
35b8ebbe,1816,1.6521,19
1fcba616,545,1.6521,19
22fbb3a4,1022,1.6548,19
8c4f7f,1061,1.6548,22
77811548,4621,1.6575,1
596e51d,4511,1.6658,1
47af18af,1123,1.6658,23
4f45884b,1827,1.663,19
25ba5092,1126,1.6658,23
68629275,1062,1.6712,22
6d83579,1826,1.6658,19
573785b6,1138,1.674,23
207e6102,1815,1.6685,19
beab0cf,4622,1.674,1
569c2ade,295,1.674,18
77e77afd,4513,1.6767,1
1c964b82,1124,1.6795,23
4fb35f63,1962,1.6795,19
1181e292,1135,1.6795,23
5d7d52cd,1990,1.6795,19
7399c8bb,1991,1.6822,19
2684c9ec,1063,1.6849,22
388f2adc,1131,1.6877,23
fd3ec3a,1817,1.6877,19
32b2216b,1116,1.6849,23
32795578,4606,1.6767,1
73615021,1818,1.6932,19
6343d04b,1127,1.6959,23
33605eb1,1139,1.6986,23
40d90c31,1121,1.7041,23
387353c7,1125,1.7068,23
4888499d,4516,1.7068,1
184e05eb,1964,1.7068,19
41eafcb0,1140,1.7123,23
3fe10c5f,4525,1.7096,1
3cd6ad4e,289,1.7123,18
34669661,1965,1.7123,19
16a91641,1978,1.7178,19
306758,1120,1.7205,23
90516cd,1026,1.7233,19
9d05c12,1118,1.7233,23
57955877,296,1.7233,18
549cff7a,1966,1.7233,19
750e385a,1923,1.7205,19
7eb5ca25,1979,1.7315,19
31e6364,1136,1.7342,23
30ca2b52,1980,1.737,19
64b609be,1117,1.7425,23
1443530f,1119,1.7452,23
75327a6e,546,1.7452,19
515b78e0,1076,1.7479,22
5f4708c,552,1.7507,19
b218016,1921,1.7507,19
6da66a16,1922,1.7507,19
54a3339e,1828,1.7534,19
67b0833a,1992,1.7562,19
4166ff50,1830,1.7562,19
4640e65a,1924,1.7562,19
18e8c25e,4518,1.7589,1
7b223b2a,1137,1.7507,23
164fab5c,4517,1.7644,1
dc8d761,4552,1.7699,1
4cfb92b4,1129,1.7699,23
125f5347,1122,1.7699,23
2aff3063,4542,1.7644,1
78cec14d,1130,1.7753,23
13733560,543,1.7781,19
33f662ea,4553,1.7808,1
4b25825f,1068,1.7863,22
45efe6df,1981,1.7863,19
fd602a1,1169,1.7918,23
458e3dba,1079,1.7918,22
27a445b1,4623,1.7863,1
40f40c60,1066,1.789,22
7a17c3bf,1967,1.7863,19
72a1f750,1069,1.7918,22
4ec042aa,4630,1.7945,1
b5f9346,1132,1.7945,23
4b4c1f0e,1930,1.7945,19
2b3b9d0b,1128,1.7973,23
6ff5a9e8,548,1.7973,19
23ec73ae,1829,1.7918,19
8f3acb2,1928,1.8,19
7fd7ab62,1070,1.8027,22
3d2ff799,293,1.8027,18
7d1e8291,1065,1.8055,22
689d27bc,1982,1.811,19
73695846,1240,1.8137,23
2ad31d76,1929,1.8164,19
6802a48a,1077,1.8192,22
7662bae5,1243,1.8164,23
6181b911,1047,1.8192,22
60a0d25a,4520,1.8192,1
68c0db79,294,1.8164,18
52aa5b95,1983,1.8219,19
2f7193be,1080,1.8219,22
4354ee70,553,1.8247,19
2580d642,1141,1.8247,23
680830e6,1142,1.8247,23
25764794,1078,1.8274,22
639cce7,547,1.8274,19
11dcbcb4,4519,1.8301,1
62fa953e,1936,1.8301,19
416b6de5,4639,1.8329,1
56b6d8bb,1984,1.8384,19
1ea0787e,1170,1.8411,23
28454df1,4626,1.8438,1
32db1959,1985,1.8438,19
2c92ebdc,1968,1.8466,19
52486cb9,4627,1.8466,1
4f369d06,1925,1.8438,19
4d9e6bd4,1073,1.8466,22
7955d452,1241,1.8466,23
2765a2ef,1064,1.8466,22
a197271,1926,1.8466,19
34dddf52,4522,1.8493,1
36d93f1e,1133,1.8493,23
58cd4d11,1048,1.8521,22
4d7c4a6e,1172,1.8521,23
730248de,4629,1.8521,1
62ffb9de,1143,1.8521,23
79fafe8b,1242,1.8521,23
6241f65,1074,1.8548,22
29a41af5,1173,1.8548,23
4801e3a7,1244,1.8548,23
66a1528a,1081,1.8575,22
40d8b60c,1071,1.8575,22
49a26f50,549,1.8575,19
26afae0,290,1.8575,18
2d0f10a,1144,1.8603,23
e79b118,1174,1.8685,23
6220875f,1175,1.8685,23
674d35c1,4640,1.874,1
3d4f0e97,291,1.8767,18
2d147505,1931,1.8767,19
7e7d9957,1147,1.8795,23
1801f3b8,1082,1.8795,22
76b60559,554,1.8795,19
5312a1b8,1171,1.8822,23
41372dac,1067,1.8849,22
56bc8a01,1937,1.8849,19
2155109c,4628,1.8877,1
208127b5,1245,1.8822,23
670c6a6f,4543,1.8877,1
1fae716f,2484,1.8849,19
53ad085c,1831,1.8932,19
24a828cb,1150,1.8932,23
20f37123,1970,1.8932,19
4c3a495b,1933,1.8959,19
61071401,1927,1.8959,19
40c969a,1986,1.8959,19
3f4d8551,4631,1.8986,1
21a36372,555,1.8986,19
16e9c09f,1072,1.8986,22
78ddcc5b,297,1.9041,18
18053d9c,1969,1.9123,19
4b3154c0,4545,1.9096,1
1b798e26,1971,1.9123,19
71331627,2503,1.9151,19
671aa34e,1942,1.9151,19
56c29bec,1075,1.9178,22
179452a0,1083,1.9178,22
7e7fec5b,2504,1.9178,19
4ccd2009,1052,1.9205,22
e92cf87,4523,1.9205,1
3ba69da7,1146,1.9233,23
3abab3bc,4544,1.9233,1
a3c65ad,2485,1.9233,19
1f52118a,1176,1.926,23
7240b10,1249,1.926,23
860f5f6,1934,1.926,19
67a89015,1177,1.9205,23
68f9032b,4554,1.9288,1
4f22e9af,1145,1.9315,23
40626af8,1940,1.9315,19
636962d9,556,1.9342,19
43a9c5c4,1974,1.9342,19
1b9e238f,1943,1.9342,19
60af73d2,4642,1.937,1
6da50de6,1250,1.937,23
74dd986,1252,1.937,23
ac5031e,4643,1.9397,1
116fc077,4644,1.9397,1
54e03581,1932,1.9342,19
3d085772,1941,1.9397,19
108752c8,1950,1.9425,19
1f777e3e,1939,1.9425,19
707479df,1972,1.9425,19
256d166d,298,1.9425,18
5aa17675,4641,1.9397,1
7e036591,1246,1.9452,23
2dea410f,1948,1.9479,19
60f9f4a1,557,1.9479,19
313a3415,1053,1.9479,22
54f0e04e,1935,1.9507,19
41e84c6,1087,1.9534,22
64e482cc,1247,1.9507,23
37c5ec8e,2505,1.9534,19
75659991,1973,1.9534,19
5ad1b4f,1248,1.9562,23
451f1bd4,1832,1.9589,19
5d263e65,1949,1.9589,19
4d68d41,558,1.9589,19
694c99f7,1975,1.9616,19
54b0feb1,4555,1.9589,1
38092754,1151,1.9616,23
2a1ae60d,1946,1.9644,19
32ef1bac,550,1.9644,19
8050991,1178,1.9671,23
10f98156,1944,1.9644,19
561d8921,1938,1.9699,19
27df2731,559,1.9699,19
7b6ebda,1049,1.9753,22
5f3720f9,1179,1.9753,23
6559eebf,1993,1.9753,19
3b61bb8a,1055,1.9753,22
b396f07,1945,1.9753,19
6d6fa671,1084,1.9781,22
47698175,4524,1.9808,1
71e2cff9,4646,1.9781,1
31e3c795,4648,1.9808,1
212fa3f6,4547,1.9836,1
2ac6ec8f,2487,1.9836,19
4dbc6329,1050,1.9836,22
62ccda64,1051,1.9863,22
3ea0e5d8,1251,1.9863,23
239fc417,1255,1.9836,23
d944e66,4548,1.9863,1
90fba4a,1947,1.9863,19
30381096,4526,1.989,1
6d5ac5fa,1152,1.9863,23
15935538,1976,1.9808,19
74309cd5,1951,1.989,19
42925149,1153,1.9918,23
363b6ebb,551,1.9918,19
46f7744a,1180,1.9945,23
7d391c7b,4645,1.9945,1
2df1028c,1977,1.9945,19
4052ff3f,1998,1.9945,19
3dfa965b,2486,1.9945,19
8158f5b,1089,2,22
2d5509b7,1054,2,22
31972e11,4546,2.0027,1
7aa9b025,1154,2.0055,23
1308a965,1256,2.011,23
37c39308,1057,2.011,22
5418a10,4632,2.0164,1
5354485c,2506,2.0192,19
78a4caed,1155,2.0192,23
3b5ef093,1987,2.0192,19
2c53437f,1085,2.0219,22
3246fce2,1994,2.0219,19
43a1545e,1088,2.0219,22
1d8c0d65,1999,2.0219,19
1a9afa77,1253,2.0192,23
16280a24,1059,2.0247,22
511aac2f,1266,2.0247,23
543efb02,2001,2.0247,19
1d74567f,1148,2.0274,23
606e9791,2509,2.0274,19
64112467,1156,2.0274,23
4754350c,1988,2.0274,19
782c5437,1262,2.0301,23
6c6a86bc,1086,2.0301,22
135a54a,1259,2.0219,23
672f0c35,1989,2.0384,19
7d38710b,2507,2.0411,19
1e62b71,1254,2.0411,23
455f4776,2508,2.0411,19
69eca562,2488,2.0411,19
e4b2386,1182,2.0411,23
763d52ce,1257,2.0466,23
4833c52b,2489,2.0466,19
4d9fdbe3,1260,2.0438,23
77e84fac,4556,2.0493,1
20daf430,4550,2.0521,1
7ba33386,4557,2.0521,1
6794a51e,560,2.0521,19
31d82e5a,1952,2.0521,19
3645ef7,1091,2.0548,22
47892e2,299,2.0548,18
66a5aee8,2000,2.0548,19
24db5b77,1258,2.0548,23
54810b48,1181,2.0575,23
14ae7cb8,1056,2.0575,22
1f99c13,1149,2.0575,23
3738ef38,1995,2.0575,19
5fb7422b,4634,2.0603,1
59d7b79b,1090,2.0603,22
2149ba49,1159,2.063,23
7d4e2e63,4633,2.063,1
1a62c6ce,2002,2.063,19
7fa169b3,4635,2.063,1
13561ffc,1157,2.0603,23
133fe747,2003,2.0658,19
6727e862,1092,2.0712,22
44adb285,1183,2.0712,23
635b75cd,1184,2.0767,23
f32a33e,2004,2.074,19
621483ff,4549,2.0767,1
570e3e42,4647,2.0767,1
7e1e97bc,4528,2.0795,1
6d1e6392,1185,2.0795,23
6efc96df,1996,2.0849,19
465370af,4527,2.0849,1
1033e6f9,2493,2.0877,19
5ce21008,2510,2.0877,26
86e7849,1158,2.0904,23
7a38c9f8,1160,2.0904,23
70111274,2512,2.0932,26
2d9ad2d1,1093,2.0959,22
61b4f53a,1058,2.0986,22
5d7f97fd,2511,2.0959,26
2585ac94,2492,2.0986,19
18a9cd6e,1261,2.1014,23
39c871f9,2548,2.1014,26
31218b58,2517,2.1068,26
78ef1c55,1060,2.1068,22
48b3c4bf,1263,2.1068,23
2e7b6c9b,2514,2.1068,26
54c69714,1161,2.1041,23
6900bd9f,1097,2.1068,22
690d095e,2731,2.1096,26
62e86275,4650,2.1068,1
53eecafc,2490,2.1096,19
1ce7af50,4551,2.1123,1
7c79f5ef,2601,2.1123,26
10f953ba,4558,2.1123,1
11bfef02,1954,2.1123,19
30835f4a,2641,2.1123,26
3e61238,1957,2.1178,19
5958f57d,1953,2.1205,19
3771d6ab,2491,2.1205,19
1da2a600,2515,2.1205,26
2ee6105e,4560,2.1205,1
300bebe2,1264,2.1205,23
7ec765cd,4651,2.1233,1
1ca902bf,1265,2.1233,23
976b7c6,2732,2.1205,26
16c824e,1164,2.1233,23
1f9616dd,2543,2.1233,26
702dba36,2608,2.126,26
4c59eb72,1955,2.126,19
29c26e45,2598,2.126,26
64da55e,2005,2.126,19
1b2c53ab,2642,2.126,26
430c380,1956,2.126,19
18ad39c7,2609,2.126,26
22a7ccd1,4684,2.126,1
76b9e546,2599,2.1233,26
49abea8e,4561,2.1288,1
30e3491b,301,2.1288,18
3be681dc,2643,2.1288,26
41f12dc1,1187,2.1315,23
5daca06a,2610,2.1315,26
4bc5decb,1997,2.1342,19
6144ed39,2006,2.1342,19
61479848,2540,2.1342,26
29135bf5,4687,2.1397,1
1104114d,2007,2.1397,19
7452a620,2541,2.137,26
2a37eaa1,2600,2.1397,26
3239a0b6,4636,2.1452,1
1c699f7,1094,2.1452,22
31519df6,2644,2.1452,26
30796efb,4686,2.1479,1
4747a860,2516,2.1507,26
be7f4b5,4529,2.1507,1
2e389beb,2602,2.1507,26
1b04b6fa,2734,2.1534,26
60f10dd7,2621,2.1534,26
6c6dbc86,2605,2.1534,26
6608523,2604,2.1507,26
38ed5073,2014,2.1534,19
501a7d0c,300,2.1425,18
51127205,1166,2.1589,23
10e8ecfa,2645,2.1589,26
319e49d5,2544,2.1616,26
214ff74,2615,2.1671,26
40d42769,2606,2.1671,26
2f6dd4e4,2015,2.1671,19
5e77e69e,2614,2.1699,26
77b9c251,2545,2.1699,26
30c46fa0,2025,2.1699,19
52f36c8d,2520,2.1699,26
33fde6d5,2611,2.1726,26
525fa522,2013,2.1726,19
6bcd4e72,2617,2.1699,26
2293d082,2518,2.1753,26
7e04414b,1267,2.1753,23
69fbbcf6,2010,2.1781,19
51dd9d1c,2618,2.1781,26
5062f78b,2016,2.1781,19
309b301e,2542,2.1808,26
d136e6c,1186,2.1808,23
4a8a1eea,4637,2.1808,1
6fb00a7c,1096,2.1836,22
6c2dc54,2622,2.1836,26
1034b2ee,2495,2.1836,19
6c981b21,4562,2.1863,1
a53934c,2603,2.1808,26
655f8b90,2607,2.1863,26
756fdb13,1959,2.1863,19
40f9b492,2549,2.1836,26
56268632,2620,2.1836,26
4fbc846d,1167,2.189,23
440069ca,2519,2.189,26
49d008fc,4559,2.189,1
47ad16f7,2546,2.1918,26
6f178123,4563,2.1918,1
2ba500e2,1958,2.1918,19
117617,2646,2.1863,26
479801e6,2616,2.1918,26
ec66601,2018,2.1918,19
d67d52b,1189,2.1945,23
64dbb5e,1104,2.1945,22
3c168514,2017,2.1973,19
febd130,2683,2.1945,26
64971cd8,2684,2.2027,26
43dc95ec,2735,2.2027,26
d49aa07,4649,2.2055,1
57fb09f,2753,2.2027,26
3588bba,2699,2.1918,26
54cc8351,2547,2.2055,26
86134cc,2559,2.2082,26
4838be55,2009,2.2082,19
303b0485,4564,2.2082,1
5dcfd8,4688,2.2055,1
19b5c4b,2675,2.2082,26
cdc803b,1192,2.2082,23
1882190a,4658,2.211,1
a66924b,4659,2.211,1
51c4ee48,2550,2.211,26
6b0445d4,1195,2.211,23
1a5f429f,2649,2.2137,26
39717113,1165,2.211,23
7337de,2700,2.2137,26
3eb90951,2623,2.2137,26
490804cc,2496,2.2164,19
48f91660,2521,2.2164,26
7a321f85,2612,2.2137,26
63660ada,4689,2.2137,1
15637466,4690,2.2164,1
15293abc,1098,2.2137,22
7f8dd1ab,1099,2.2192,22
2cee245a,2701,2.2192,26
22a0b5e5,1168,2.2219,23
7e8097d7,2008,2.2247,19
6f110125,1188,2.2164,23
32003469,2678,2.2247,26
1528b051,2733,2.2247,26
6fecb30c,2551,2.2247,26
8138ffd,2513,2.2247,26
3b0341ea,2685,2.2247,26
6b79d4e3,2624,2.2247,26
61076e53,2494,2.2274,19
757f79e9,2027,2.2274,19
54527abd,1190,2.2274,23
71a97218,2702,2.2274,26
2b06ef88,4652,2.2247,1
25b86b30,2619,2.2274,26
62787aa8,2026,2.2247,19
4522e08d,2625,2.2301,26
58fbfd4d,2740,2.2301,26
449d3375,2560,2.2301,26
31686695,1100,2.2301,22
229a213d,2562,2.2274,26
396b2fc,4530,2.2329,1
3e7a7ab8,2552,2.2329,26
29abab28,1191,2.2329,23
37e6679d,2524,2.2329,26
5acbe4e9,2028,2.2356,19
6cfcbc1e,1105,2.2356,22
3f23f17,1101,2.2384,22
69cb9541,2708,2.2356,26
1dcd91bb,2529,2.2356,26
1824d247,2709,2.2384,26
11b18111,4577,2.2411,1
24656ffb,1162,2.2384,23
55546285,2011,2.2384,19
21dcc96f,2647,2.2384,26
404d65ce,2561,2.2329,26
6bdc3482,2648,2.2411,26
5c2d3769,2626,2.2438,26
767889e1,2703,2.2438,26
796d2a62,4685,2.2438,1
5847bb2d,1193,2.2438,23
78eed7df,4660,2.2438,1
61766f77,1107,2.2411,22
fdb2f80,2679,2.2438,26
61fb9707,2523,2.2466,26
52962dd,2710,2.2438,26
37acd418,1108,2.2466,22
2782c6b5,2706,2.2466,26
71735aea,2525,2.2466,26
3f02f193,2029,2.2466,19
6edffe7f,2522,2.2521,26
5fd92a7f,2754,2.2466,26
34169f64,2530,2.2548,26
1c306e1c,2755,2.2548,26
d8d47e3,1197,2.2548,23
68844a1c,2572,2.2575,26
42392ab,2555,2.2575,26
63767f93,1268,2.2575,23
7003f3f4,4673,2.2575,1
9fc14cd,2019,2.2575,19
7489f558,2676,2.2603,26
11527993,2553,2.2603,26
418806cd,1301,2.2575,23
2efbd15b,2613,2.2575,26
5775f993,2713,2.263,26
79b93bb2,2737,2.263,26
47c8f235,2655,2.2603,26
455485be,2527,2.2658,26
6f61f643,2554,2.2603,26
446b5db7,2704,2.2658,26
34ea3d68,1194,2.2658,23
34b3389a,2690,2.2658,26
552b32c7,2044,2.2658,19
4b334b30,1201,2.2658,23
2e573e43,2628,2.2658,26
38da4fb,2736,2.2603,26
fbc0347,4691,2.2658,1
5e07a34b,1961,2.2685,19
49353bee,2686,2.2658,26
2771e44f,2711,2.2712,26
48386ddd,1196,2.2712,23
37942677,2536,2.2712,26
2bc6826a,2531,2.2685,26
4bcc36b7,2705,2.2712,26
63b7f01d,1960,2.2712,19
686a2f33,2012,2.2712,19
77203586,2535,2.2685,26
5d73cc5b,2738,2.274,26
4d6e37cb,2030,2.2685,19
38325c47,2714,2.274,26
4ec8d2c2,2677,2.2767,26
28f7be33,1163,2.274,23
d1ade54,1106,2.2767,22
4b83786f,2741,2.2795,26
61f9d53c,2687,2.2795,26
69af4503,2557,2.2795,26
321cde1c,2650,2.274,26
628c9830,4654,2.2767,1
4d73e168,2497,2.274,19
5ee73298,2556,2.274,26
adfeb66,2680,2.2822,26
5ebe775e,2712,2.2877,26
39aaede3,1302,2.2904,23
4c5ba56b,2781,2.2904,27
659ed7f2,2629,2.2904,26
48b75898,4671,2.2904,1
269c6198,4565,2.2932,1
37fdf8dd,2780,2.2904,26
244f8897,2743,2.2932,26
56ce671e,2563,2.2877,26
131b4cfe,2499,2.2932,19
4b787550,4674,2.2959,1
132b5798,2635,2.2959,26
36782474,2691,2.2904,26
7f4de2f9,1306,2.2986,24
7797cab5,2533,2.2986,26
3ec9c448,2746,2.2986,26
592f759e,1103,2.2986,22
7d21e80e,2534,2.2986,26
603fa3a4,2688,2.2986,26
a1dca54,2652,2.2959,26
158adc6,2528,2.2986,26
1598c65b,2021,2.2959,19
82775cf,2707,2.3014,26
4cd5df90,1307,2.3014,24
229d7be7,2782,2.2986,27
7164cbf1,4653,2.3014,1
555a6fda,4672,2.2986,1
42de411f,4655,2.3014,1
20953f8b,2574,2.3041,26
691e3a3d,4567,2.3041,1
3c86ec3d,2632,2.2986,26
3e725fac,4579,2.3041,1
e1427c4,2639,2.3041,26
7f428ea,2715,2.2986,26
4924a10f,2537,2.3014,26
3380868c,2022,2.3068,19
5590d9fa,2651,2.3068,26
1c05bd3f,1204,2.3068,23
3a90752d,2748,2.3068,26
3c1a8379,2630,2.3096,26
b19c690,2577,2.3096,26
3ac46e89,2526,2.3096,26
6e182c75,1102,2.3096,22
3444de1,2558,2.3096,26
6b2d17bb,2744,2.3096,26
2ec56108,2692,2.3096,26
376cf27f,4531,2.3096,1
16e69a36,4694,2.3096,1
15f5d79e,2627,2.3123,26
103d3909,2745,2.3041,26
4092ce7b,2747,2.3123,26
6207db75,2742,2.3123,26
59f5a98c,2638,2.3096,26
4dc9496c,2783,2.3123,27
20f926ca,2023,2.3123,19
76cec5b8,2640,2.3123,26
2ace6467,4578,2.3123,1
151187b2,2749,2.3151,26
3725b317,2578,2.3123,26
37c6534e,1303,2.3178,23
6ef2e48d,2573,2.3178,26
4440b4b2,2532,2.3178,26
283ca8f1,4818,2.3205,1
329b0bea,4533,2.3205,1
37c262d4,2636,2.3205,26
4e6d2e2d,2878,2.3205,27
35b6c31,1202,2.3205,23
69f5e3eb,2498,2.3233,19
4d85e8c3,2031,2.3233,19
57268c02,2693,2.326,26
6a3ebb18,1273,2.3233,23
325c788a,2756,2.3233,26
74f03f91,2750,2.326,26
1651123c,2631,2.3233,26
3ac9cf69,4656,2.3288,1
3166bd09,2538,2.3288,26
9a89d95,2565,2.3233,26
67a7ac02,2789,2.3288,27
2d189c28,2032,2.3315,19
33c6bb45,2564,2.3315,26
7e4fdc9d,2757,2.3342,26
468f4e6d,2024,2.3342,19
4015d96a,2758,2.3315,26
40be4ec1,2767,2.3288,26
14060402,2539,2.3342,26
2846dcc9,2784,2.3288,27
46769e22,2637,2.337,26
740c186b,2657,2.337,26
500e34fc,4695,2.337,1
4e301aa0,2751,2.3342,26
3c451aca,2653,2.3397,26
916fa42,2793,2.3397,27
5c861b68,2795,2.3397,27
37ed773c,2879,2.337,27
56ca8bd2,2658,2.3425,26
473d14da,2716,2.3425,26
533ac5bd,2568,2.3425,26
feb1879,2794,2.3397,27
3111372c,2500,2.3425,19
1e256e10,1274,2.3452,23
1b374744,2694,2.3452,26
74584a79,2654,2.3479,26
41b8ff0c,2567,2.3452,26
60948d18,4675,2.3452,1
29e2c66c,2718,2.3452,26
69314975,2045,2.3507,19
5f8ccda8,2785,2.3507,27
3105c0ef,2020,2.3534,19
59ca09ca,2721,2.3534,26
1d72a3a6,2681,2.3562,26
7ae6782b,4532,2.3562,1
47b34864,1309,2.3562,24
14e0cd27,1203,2.3534,23
4ebe8d01,2575,2.3589,26
46d978e3,2796,2.3616,27
61490c6f,2762,2.3562,26
688cc52,2576,2.3644,26
b1ba200,2566,2.3644,26
2218fd78,2761,2.3644,26
3a2617b9,2579,2.3644,26
7a0ca6f3,2695,2.3644,26
2cd11010,2569,2.3671,26
49c7dbcf,2752,2.3671,26
43568691,2881,2.3671,27
5cf29b36,4819,2.3671,1
78075128,2570,2.3671,26
fe9f444,2763,2.3589,26
78fc9926,1198,2.3699,23
301f9624,2656,2.3616,26
435d05c4,2880,2.3726,27
72531f1e,2791,2.3699,27
48e371fa,1304,2.3699,23
7994cb37,4580,2.3726,1
1cc68302,1199,2.3726,23
32588ec4,2634,2.3726,26
2ef11400,2036,2.3726,19
6213194c,2786,2.3726,27
7e8ac09f,2760,2.3699,26
58fd9a5a,2764,2.3726,26
225e2170,2689,2.3753,26
3899d17d,2723,2.3753,26
10bf60c9,2696,2.3699,26
24a417ce,4676,2.3781,1
77a2f78b,2682,2.3781,26
146c23b,2033,2.3781,19
6a9453f2,2739,2.3781,26
6e0a2309,1200,2.3781,23
ef48fec,4566,2.3781,1
3994c313,2798,2.3808,27
71570c10,2035,2.3781,19
2debdc8a,1269,2.3808,23
64db0684,2765,2.3808,26
7bc8cd57,2633,2.3808,26
4590b037,1310,2.3863,24
32b679b2,1275,2.3863,23
2f8b7417,2759,2.3836,26
1358a844,2697,2.3863,26
2ec76d0d,4657,2.3863,1
2f3dea8e,2882,2.3836,27
5be208b2,2790,2.3863,27
dae8102,2720,2.3863,26
17c6e456,2668,2.389,26
18943abf,2501,2.389,19
583dcab9,1308,2.389,24
1351ee94,2788,2.389,27
6a0edb6d,1311,2.3918,24
53f64551,2037,2.3918,19
65a82594,1276,2.3918,23
791142fb,2698,2.3945,26
65583b07,2502,2.3945,19
4652630,2787,2.3973,27
20c537ad,2797,2.3973,27
2009e8f3,2660,2.3973,26
779426a6,1314,2.4,24
5a6ddac2,2047,2.4,19
539ce67d,2719,2.4,26
584bdc5,2766,2.4,26
53f30ac5,1305,2.4027,23
26b24ef3,4692,2.4055,1
67fc61b3,2823,2.4055,27
53e7cc3f,2722,2.4055,26
73ad2913,2046,2.4055,19
3843b081,2661,2.4055,26
3c36afc3,2050,2.4082,19
515d1a4e,2659,2.4082,26
4b2254c7,2717,2.4027,26
6e40229a,4665,2.411,1
6781c026,2662,2.411,26
3dbe58d9,2808,2.411,27
eb10b94,2804,2.4137,27
5e3729f2,2799,2.411,27
7eaca9f,2802,2.4137,27
68516c0a,1315,2.4164,24
1b801d6,2581,2.4164,26
6627d0aa,2772,2.4164,26
37c850c3,2727,2.4164,26
549a5b0c,2726,2.4192,26
37a723cb,2825,2.4192,27
156d56f8,4661,2.4219,1
76ed8b2c,2800,2.4247,27
4d97767f,2768,2.4247,26
1c18168e,1316,2.4247,24
38ac7946,2724,2.4219,26
4833974d,2725,2.4274,26
41cd5cc7,2824,2.4274,27
371fee0f,1312,2.4247,24
6c22c7e3,2583,2.4301,26
128fbe24,1205,2.4274,23
390fe3d6,2801,2.4301,27
684cae88,2728,2.4274,26
71a81d6e,4693,2.4329,1
bcfc167,4666,2.4329,1
645e30a4,2774,2.4356,26
22097eaa,2034,2.4356,19
659b8aaa,2669,2.4356,26
13fb54e8,2039,2.4384,19
66ca7b09,1279,2.4384,23
1a117090,2826,2.4329,27
53042b2e,2051,2.4411,19
66231074,2769,2.4411,26
3092f748,2038,2.4438,19
2116943a,1277,2.4438,23
53b9966d,2571,2.4438,26
2de79cde,1206,2.4438,23
370349f,2584,2.4438,26
3854cce,2048,2.4411,19
a68069d,2792,2.4438,27
1f4ae4ae,2580,2.4466,26
5f13d4,2805,2.4438,27
114f7e6d,2052,2.4466,19
5bd9ce37,1313,2.4493,24
329f4d9e,2049,2.4521,19
13fe2e76,1270,2.4521,23
6bc74e6e,2773,2.4466,26
111e96d,1207,2.4521,23
14ac370e,1271,2.4548,23
76432673,2040,2.4575,19
27a6a2eb,4701,2.4575,1
29727df3,1217,2.4603,23
5c133b94,2729,2.4603,26
4aebd3b0,2582,2.4603,26
d5ac4d3,2588,2.4603,26
440d1132,2730,2.4603,26
330ceedb,2054,2.463,19
21afb3ab,2883,2.4658,27
1b08df88,2776,2.4658,26
28d87447,2670,2.4685,26
5e8298e6,2589,2.4712,26
a2ccfdb,2806,2.4658,27
74cd45dc,2775,2.4685,26
56c217de,4581,2.474,1
beb6611,1287,2.4767,23
1961c3c7,4587,2.4767,1
60cb002f,2663,2.4767,26
58bb6ba7,4820,2.4767,1
41648a22,1208,2.4795,23
6dabd59b,2042,2.4795,19
2d5ad7c2,1218,2.4795,23
1e4804a1,4662,2.4795,1
6be05950,1220,2.4822,23
3b6b61d3,2041,2.4795,19
5ebbc906,2888,2.4849,27
2524f1d4,2887,2.4849,27
4c6716f9,2884,2.4849,27
17806b85,1280,2.4849,23
2c62935f,2590,2.4877,26
2c918c2c,1272,2.4904,23
2eb9623b,2810,2.4849,27
5a9d69cb,4821,2.4904,1
62dde1ac,1278,2.4904,23
420df137,2591,2.4904,26
7d146fed,4663,2.4932,1
2740ebf7,2811,2.4932,27
16a21de5,1219,2.4904,23
1bff5e1c,1317,2.4959,24
3656901d,4664,2.4959,1
16e9da73,1320,2.4959,24
1022b07e,2803,2.4959,27
71cc03d8,2585,2.4959,26
7398b384,2586,2.4986,26
c833518,4582,2.4959,1
2b7ac5c6,4823,2.4986,1
2ede3197,2592,2.4959,26
65a14ef7,4583,2.4959,1
3f9d3557,2809,2.5014,27
6e083fde,4667,2.5014,1
92fa5b3,2975,2.5014,27
740615a5,2807,2.5014,27
2b0bd03b,2886,2.5068,27
7dea7f80,4584,2.5096,1
196f563c,2055,2.5096,19
91c4fb3,4568,2.5068,1
4d73c808,2771,2.5151,26
380c4395,2770,2.5123,26
16343d6b,2885,2.5178,27
7d3e99c9,3011,2.5205,27
2ede3dee,4696,2.5205,1
7414c34b,1224,2.5205,23
43fc67c7,4697,2.5233,1
4a055ea0,1318,2.526,24
15eb3b43,3015,2.5205,27
24f647a6,1221,2.526,23
47b7ac2e,4677,2.5233,1
67553940,2977,2.526,27
7459b54,1223,2.526,23
4b3899dc,2587,2.5288,26
31148a49,2043,2.5205,19
7f452a12,2976,2.5342,27
54719195,2594,2.537,26
5b8814be,1281,2.5288,23
4e5b9b44,4702,2.537,1
18982d27,2593,2.537,26
fd0202e,1319,2.537,24
40bdea98,2595,2.537,26
5b8b3bd5,2061,2.5425,19
49181a5b,2059,2.5425,19
1030e74a,1222,2.5397,23
3ff626fe,1321,2.5452,24
3d21e746,4534,2.5479,1
34e2f87b,2889,2.5479,27
237f531a,4585,2.5479,1
2d30405d,2671,2.5452,26
1f99996a,1209,2.5452,23
6525e8d8,3016,2.5507,27
4a387e89,3012,2.5507,27
19b9ec6d,1225,2.5534,23
791cb113,2814,2.5562,27
1bb14157,2664,2.5562,26
3335e5c0,1288,2.5534,23
3a700919,2978,2.5562,27
6cfc50be,2828,2.5562,27
7074e01b,2815,2.5589,27
6fba2474,1210,2.5589,23
580a65df,2596,2.5589,26
6c731030,2060,2.5562,19
15feecb,2892,2.5616,27
56f1e466,2829,2.5562,27
580627a6,1211,2.5589,23
fa56085,3017,2.5644,27
7ba313d1,2665,2.5671,26
22281a17,3013,2.5671,27
4b7a32e3,3018,2.5671,27
6f7fd241,4586,2.5671,1
c2169e4,2896,2.5699,27
74ccf8cb,4698,2.5699,1
6530c1c9,2053,2.5671,19
62d9eac2,2812,2.5699,27
20c0ccba,4679,2.5726,1
5543d1c6,2777,2.5726,26
1f3c571a,3014,2.5726,27
465a6105,2897,2.5753,27
69129d6f,2827,2.5753,27
2587ce8e,2778,2.5726,26
fe0e99b,1226,2.5753,23
825bf06,2890,2.5753,27
56eecdd3,3019,2.5781,27
43239225,2979,2.5781,27
5664910d,3255,2.5808,27
4d8cc6f1,2916,2.5808,27
68748dc9,2891,2.5836,27
37199858,2832,2.5836,27
45078b4f,2056,2.5836,19
6e176650,2917,2.5836,27
49e20671,2986,2.5863,27
2241b49e,4535,2.5836,1
596133d6,2597,2.5836,26
5b1ff83a,2062,2.5836,19
2f5d4ff3,1227,2.5863,23
20c58646,2989,2.589,27
753541e8,1213,2.589,23
5afffe94,1214,2.5918,23
ad0999e,4678,2.5918,1
62bd934,2813,2.5836,27
594ee218,2779,2.589,26
7c60bcfb,4703,2.5918,1
72f2c680,2980,2.589,27
7c30ad67,2816,2.5973,27
2a484393,3020,2.5918,27
4382ae0,3038,2.6,27
54e8a3e,3257,2.6,27
7dc6d9f8,2666,2.5973,26
1964c606,2063,2.6,19
71d85a62,1289,2.6027,23
34f21193,3022,2.6027,27
7f3007ec,4680,2.6027,1
40dbbafa,1282,2.6055,23
7363f3c9,1228,2.6055,23
17cbd7e6,2057,2.6027,19
57b91abf,3021,2.6082,27
28c978c3,2817,2.6082,27
35581b4a,2918,2.6082,27
59494b93,1283,2.6082,23
46bacee7,2667,2.611,26
25d6b993,2985,2.6137,27
50216428,2893,2.6137,27
4327b86c,1290,2.6137,23
685fa133,4668,2.6137,1
53fa9b19,2830,2.6137,27
d7c7c22,2987,2.6137,27
43f0bad4,2988,2.6164,27
182b86a6,1322,2.6192,24
6631b917,3040,2.6192,27
6114d49b,2898,2.6192,27
2774f477,2831,2.6219,27
8bcacfa,2894,2.6301,27
5039705d,2982,2.6301,27
4f4b017a,3258,2.6329,27
4f9c83a8,2895,2.6329,27
5e67f0d2,2819,2.6301,27
33d15c98,2818,2.6356,27
7badc666,3026,2.6356,27
2406cb49,1216,2.6329,23
fac9da2,3029,2.6356,27
57a0b924,3259,2.6384,27
456e6c1a,4536,2.6384,1
2ec4b898,4569,2.6384,1
2009db80,4705,2.6411,1
70bd7781,2981,2.6411,27
72323f3c,1229,2.6411,23
448a93dc,2833,2.6411,27
5415dca3,1323,2.6356,24
7f97050a,4682,2.6411,1
4f81e3ad,4681,2.6356,1
21bae406,2900,2.6438,27
6efe008e,2064,2.6466,19
35304516,1230,2.6466,23
4212e4d2,2851,2.6493,27
52169b3f,2899,2.6521,27
12ca965b,4822,2.6493,1
6426cad0,2983,2.6521,27
314796f2,2834,2.6521,27
57ee2c86,2991,2.6521,27
1150006e,2901,2.6548,27
43f238de,1212,2.6575,23
4e8fd654,3039,2.6575,27
68a3491f,4590,2.6575,1
79617715,2672,2.6575,26
2b07842f,1215,2.6603,23
6a28a492,1324,2.6575,24
1b0aca6d,2903,2.663,27
691393a2,3260,2.663,27
1bb8884a,3043,2.663,27
c8941ee,2919,2.6658,27
419dabb0,2862,2.6658,27
3466bea2,3024,2.6658,27
2d83201b,2990,2.6658,27
58a4efac,1337,2.6685,24
16fce30,3030,2.6685,27
7df311,1231,2.6685,23
771c1fc8,4669,2.6712,1
43ab6ac8,3023,2.6712,27
750acd73,3256,2.663,27
3cca32c3,4670,2.6712,1
5340ab30,1325,2.6712,24
44351ccf,4570,2.6767,1
5cd0d3ab,2902,2.6767,27
67ae9aff,1232,2.674,23
b1131a1,1326,2.6795,24
5106e6e3,4537,2.6795,1
6dad9565,2820,2.6767,27
7e47834d,4699,2.6795,1
7cd9391d,2852,2.6849,27
239be49b,4706,2.6795,1
1a0ee99b,2904,2.6822,27
1b095102,3025,2.6849,27
5996e4c5,2905,2.6849,27
6cb23f3b,1284,2.6849,23
19d5107,2863,2.6877,27
504d8177,4571,2.6904,1
3e93e777,2920,2.6877,27
5466fe00,2925,2.6932,27
43a55c79,2926,2.6932,27
1f664c31,1291,2.6932,23
28db3863,2909,2.6932,27
14215236,4778,2.6932,1
35a8a79a,2984,2.6849,27
5c0773c2,2858,2.6959,27
2d6e5001,1233,2.6932,23
33c01778,2821,2.6959,27
4324e2ed,1338,2.6932,24
7b6bb2fa,2906,2.6986,27
48a30138,1327,2.6986,24
2c74b14b,1234,2.6986,23
58dbbfad,4683,2.6986,1
7e812a2e,2911,2.6986,27
2e7b5e07,3027,2.7014,27
278c5c6a,4704,2.7014,1
222fb9e1,2864,2.7014,27
550837d0,3032,2.7014,27
21f7c010,2835,2.7014,27
645db748,2921,2.7041,27
1f493052,2997,2.7014,27
3be2ea93,1292,2.7068,23
36b79d2c,2910,2.7041,27
2fc0ec88,3031,2.7096,27
646fee3b,2865,2.7123,27
30284e20,2822,2.7123,27
3946489a,4591,2.7123,1
15dc8b53,2859,2.7178,27
3dd081cc,2836,2.7178,27
64910255,1328,2.7178,24
4f7b8118,2907,2.7178,27
447212f5,2922,2.7151,27
35058f3b,2998,2.7205,27
ce2a6b6,1329,2.7205,24
4b33d9dc,1285,2.7205,23
52d6ebd6,3044,2.7205,27
4b98202c,2927,2.7233,27
707f10ec,2853,2.726,27
7aecc78f,3263,2.7288,27
6a2f9e66,1293,2.7288,23
4d067701,2058,2.7288,19
61c04383,2992,2.726,27
7d0c308b,2994,2.7288,27
6bc65de2,2932,2.7315,27
4a84f3d,1339,2.7315,24
6797c870,3264,2.7315,27
7b833461,3042,2.7288,27
22735fbe,2908,2.7342,27
10ded129,2995,2.7342,27
64e43d6a,2837,2.7315,27
3d69bdce,1295,2.7342,23
5f2bb63e,2944,2.7288,27
679d8cca,3331,2.7342,27
1ce4714e,4738,2.737,1
4100c25e,4588,2.7342,1
2257f23e,3041,2.7397,27
5220bc77,1296,2.737,23
50387a4b,2673,2.7397,26
5bc8575a,2943,2.7397,27
4693981f,2930,2.7397,27
118747be,3034,2.7342,27
2fe8de7,2993,2.7397,27
1b956865,3045,2.7425,27
419c4868,3262,2.737,27
6a0d5d52,3028,2.7425,27
1cea6441,3035,2.737,27
2c0ce1f9,2928,2.7452,27
ff02318,2942,2.7425,27
f971879,3265,2.7479,27
2bfca2c,2929,2.7479,27
4090bda6,2923,2.7479,27
34d77f4b,2912,2.7479,27
b588f64,3261,2.7479,27
5be85f4,4700,2.7425,1
325d01ea,2860,2.7507,27
7765e78a,2924,2.7507,27
388975ad,1286,2.7507,23
7da56d14,1294,2.7534,23
49e9c66d,2866,2.7534,27
13e1dceb,3046,2.7534,27
4b6020aa,3047,2.7562,27
5fe36dec,2913,2.7562,27
38371076,3033,2.7562,27
3f6a63b3,4707,2.7534,1
68dee7b5,3267,2.7589,27
68eafe78,1341,2.7589,24
4716f2d,1342,2.7616,24
299c51ec,3000,2.7616,27
36e0e825,4592,2.7589,1
946c9bf,4572,2.7616,1
6c1d7bd,3266,2.7616,27
4d99f5b8,3004,2.7644,27
7c099dee,3001,2.7644,27
43bda8e1,2861,2.7644,27
4bc9f314,3054,2.7644,27
497febe0,1330,2.7616,24
48b482bf,1343,2.7671,24
1ed53511,1235,2.7644,23
79a9e9cc,4824,2.7644,1
577dbcb8,3136,2.7671,27
53a8b410,3915,2.7699,27
653e656e,1340,2.7699,24
53ef078c,3138,2.7726,27
69cde935,3137,2.7699,27
7f53c828,2945,2.7671,27
69d0c7b9,2933,2.7726,27
504c5655,3332,2.7699,27
42286e68,3005,2.7753,27
442ab359,2065,2.7781,19
25d9217c,2914,2.7781,27
66faa93d,3048,2.7808,27
4a5bd771,3626,2.7753,27
4b81bb7c,2117,2.7808,19
5a20792e,1237,2.7781,23
369e61d7,2996,2.7808,27
226ad82a,2934,2.7836,27
6476dd40,1344,2.7836,24
2c299c4f,3002,2.7836,27
3dc631e9,2946,2.7836,27
78937f5f,4741,2.7836,1
c4c43ef,1345,2.7863,24
5e0213fb,2674,2.7863,26
524728ab,2854,2.789,27
5da22540,2999,2.7863,27
2793ea4a,2855,2.789,27
314dcc3b,4708,2.789,1
d54e15a,2956,2.7863,27
5ff0a2c6,3036,2.7918,27
1123ef08,4593,2.7918,1
7df1450a,2870,2.789,27
7a4a8ff7,3333,2.7918,27
3734b226,3735,2.7945,27
2539a891,3916,2.7945,27
7f85c862,2868,2.7945,27
71502335,2118,2.7918,19
47cee966,2119,2.7973,19
5fcb2fdf,3633,2.7973,27
37de6997,1238,2.7973,23
53145277,3634,2.8,27
66c961d6,2931,2.8027,27
1670afb1,1346,2.8027,24
54959e39,4589,2.8027,1
797f82ac,3907,2.8027,27
6a61a715,3730,2.8055,27
64d77549,3628,2.8055,27
1c4b4bbc,3003,2.8055,27
71dcf2bf,1236,2.8082,23
12dffb54,1331,2.7945,24
19a4d07b,2957,2.8082,27
7e9a8555,3139,2.8082,27
2138caf2,3195,2.811,27
67e863c2,4538,2.811,1
656302bc,1335,2.811,24
58f0404c,3334,2.811,27
72ead62a,2947,2.811,27
15e2fddf,1347,2.8082,24
31306ad2,3732,2.8137,27
6b18ae98,3272,2.8137,27
4fe77e57,3631,2.811,27
4d696e71,3635,2.8137,27
7f3dfbf4,3731,2.8137,27
16ad26df,3335,2.8137,27
6ef11a53,3677,2.8137,27
51fff6e5,3627,2.8137,27
2302c77f,3269,2.8164,27
3637d146,2838,2.8164,27
33707ab0,3917,2.8192,27
1d16fae5,2869,2.8192,27
49266a6b,2963,2.8164,27
3f8d9a2f,3629,2.8192,27
7c2a650f,4739,2.8192,1
4cbf35c0,3271,2.8164,27
66542f60,4740,2.8192,1
1c5b64f3,2915,2.8192,27
3376786a,3268,2.8192,27
6d25af1,2856,2.8219,27
413a4a64,2867,2.8219,27
681c24c,2842,2.8219,27
6b44fde,3919,2.8247,27
12a5982b,2070,2.8247,19
17b976e2,4709,2.8219,1
15f9971,2948,2.8247,27
944b8b4,3729,2.8247,27
66fee49f,3341,2.8247,27
2d2accfd,3006,2.8274,27
13707db3,3353,2.8274,27
6e99eabd,2951,2.8274,27
42346ec2,3903,2.8274,27
39821f5d,3055,2.8274,27
290f603b,3736,2.8274,27
8e2aba5,4779,2.8301,1
69c19605,2066,2.8301,19
40901497,3056,2.8301,27
f6e9479,2950,2.8301,27
355770be,2961,2.8301,27
5004aaf5,3918,2.8301,27
42acf09,3140,2.8329,27
57c4d88c,3344,2.8301,27
6a7a5a2f,3630,2.8329,27
2a8ecf5b,3051,2.8329,27
5d65dc96,3354,2.8329,27
1ec0cbc8,2082,2.8329,19
42e82b5c,1332,2.8301,24
319adefb,1239,2.8329,23
dc51579,3908,2.8356,27
392c47d5,2871,2.8356,27
37c00cb8,2845,2.8329,27
5d057e10,2949,2.8356,27
1dadab94,1363,2.8356,24
15430182,4780,2.8329,1
16727abd,1348,2.8356,24
71f8038e,3270,2.8356,27
54b3be15,3904,2.8356,27
59f1ea10,3342,2.8384,27
6d064876,3052,2.8356,27
248c00d5,1377,2.8384,24
72fbcf3e,3709,2.8384,27
30cafebc,2843,2.8384,27
6f50452b,4825,2.8411,1
2b9e7abc,2068,2.8384,19
730d2ce,3355,2.8384,27
6068e38a,2844,2.8384,27
6449b52b,3336,2.8384,27
48f4ce7,1333,2.8411,24
d7c9bb1,3905,2.8384,27
556f5b38,1378,2.8411,24
78ad9e96,3906,2.8438,27
54c845f9,4573,2.8438,1
4e949c1a,2071,2.8411,19
731b9859,4742,2.8438,1
1ad32498,3057,2.8438,27
252fd163,2952,2.8466,27
35ca0a61,3681,2.8466,27
23bb76ac,3343,2.8438,27
ccdfbd2,3632,2.8438,27
fb9f937,2937,2.8466,27
6ac563a3,2935,2.8493,27
12336641,1349,2.8493,24
71c31cbe,3053,2.8493,27
317333f0,3050,2.8493,27
706a9606,3037,2.8493,27
102d224a,2074,2.8493,19
38696f0c,3910,2.8438,27
1c1714a1,1364,2.8521,24
72a21bc0,4826,2.8521,1
b6448ac,2069,2.8521,19
780657c3,2076,2.8466,19
5c90f67e,4745,2.8548,1
3e0e9a37,3733,2.8548,27
17068472,4710,2.8548,1
5df4611e,3775,2.8548,27
60c5fd8,3049,2.8548,27
5cfba05f,1336,2.8521,24
3dbf511e,3196,2.8575,27
4c19a20c,1334,2.8575,24
6f9f8ae9,3710,2.8575,27
111dea95,2839,2.8575,27
21c25d05,4746,2.8548,1
758b85f1,3638,2.8575,27
7483408e,2857,2.8575,27
773604b2,3682,2.8575,27
67d84435,3152,2.8575,27
196f5319,2962,2.8548,27
30e2f9c8,3007,2.8575,27
19331245,2938,2.8575,27
2d74a59b,1365,2.8603,24
5e0b486a,2067,2.8603,19
7bd75672,3636,2.8603,27
1843358a,3678,2.8603,27
3f48a3f3,3148,2.8603,27
3b04f468,3673,2.8603,27
7aa151bc,3776,2.863,27
7b4fc407,3058,2.8548,27
162b7a6,3909,2.863,27
1dd9b456,3738,2.863,27
68efa4bb,2077,2.863,19
72eaafcc,2075,2.8658,19
7ca4e187,3150,2.8658,27
2c8f9141,3062,2.8658,27
68197c0a,3208,2.863,27
7d46c7ce,3290,2.8658,27
26b5a938,3680,2.8575,27
76e02136,3737,2.8685,27
55baeacc,3366,2.8685,27
1e092f02,4747,2.8685,1
15fea992,3679,2.8658,27
62e0c38a,2939,2.8685,27
608ea990,3273,2.8658,27
3728fbbc,3365,2.8712,27
1bc65ffa,3734,2.8712,27
57fa76f2,3685,2.874,27
33621314,4748,2.874,1
35938f45,3674,2.874,27
2635fec1,1367,2.874,24
56b004a0,2072,2.874,19
5279b562,4006,2.8712,27
71a0f68a,4594,2.874,1
400a884f,3151,2.8767,27
786acd89,4007,2.8767,27
757dd98,2953,2.874,27
2ea95320,3684,2.8767,27
31e42132,2872,2.8767,27
47868522,2120,2.8767,19
e4efe41,3059,2.8767,27
69ae1ede,2122,2.8795,19
dfa6098,4539,2.8795,1
1d872da4,3291,2.8767,27
54bc0457,2940,2.8767,27
771abf48,3283,2.8795,27
29baef93,3683,2.8822,27
54871d2f,1379,2.8822,24
201fdd2a,3199,2.8822,27
6646d79c,3637,2.8822,27
d740d0d,2073,2.8795,19
3b3c7e0c,3739,2.8849,27
197e66dc,2078,2.8849,19
6746c417,3281,2.8822,27
7396d407,3010,2.8849,27
4af7b197,3197,2.8877,27
42abc48,2083,2.8877,19
12e37adb,3686,2.8877,27
78c1b6dd,3063,2.8877,27
4fa892cb,4036,2.8877,27
29f6a3ae,3198,2.8877,27
5efad40e,3060,2.8877,27
57c648a8,2086,2.8822,19
22c46bd3,2958,2.8904,27
3eb357f6,1366,2.8904,24
3661be8a,3756,2.8904,27
538733e6,2936,2.8877,27
54d910b9,4743,2.8904,1
521c50b6,2875,2.8904,27
7634b1e4,3675,2.8904,27
4d9ac446,3294,2.8904,27
27e8d610,4792,2.8849,1
17c1abbb,4711,2.8904,1
44a99336,3912,2.8904,27
5f8ad711,3149,2.8932,27
3eb3c2a6,3154,2.8932,27
24b53ab8,3293,2.8932,27
2c8d2d3b,2941,2.8932,27
253645e4,3356,2.8959,27
5b00516,3338,2.8932,27
85d8fe2,3911,2.8959,27
5ce30d7c,4008,2.8959,27
4dfc9f27,3712,2.8959,27
5af2ea19,3913,2.8932,27
5f6fcce4,3141,2.8986,27
34a39a54,4781,2.8904,1
3ba97a74,3301,2.8959,27
1205cf81,1350,2.8986,24
4341b828,3009,2.8959,27
6a141a13,4744,2.8986,1
5f6a4dfa,3285,2.9014,27
7e43b21f,3337,2.9014,27
ec90d79,3008,2.9014,27
328cb2e6,3676,2.9014,27
3f042cd0,3282,2.8986,27
5c34a265,3275,2.8986,27
1ad0ce5f,3061,2.9014,27
4d9c5461,3711,2.9014,27
244108ab,3921,2.8986,27
177f6b03,2846,2.9041,27
536093ae,4540,2.9041,1
2abe242d,3065,2.9041,27
3680b513,2959,2.9041,27
1910c0fe,2840,2.9041,27
4e3add91,3064,2.9041,27
157e1737,2960,2.9041,27
26e510a6,3714,2.9041,33
396d23b4,3639,2.9041,27
21a3a75d,3692,2.9041,27
4481cbf1,3345,2.9041,27
4a6f93e7,2964,2.9068,27
1a4f699d,3757,2.9068,27
26eabcc6,1368,2.9068,24
64a1f6b5,2873,2.9068,27
6cfe25a9,2967,2.9068,27
5a38637a,3367,2.9068,27
57e9a2d2,3153,2.9096,27
3b5afa21,2965,2.9096,27
48256d00,3142,2.9068,27
3d7b8a43,3205,2.9096,27
55ebcac0,2954,2.9068,27
4cd140b4,3357,2.9068,27
203620fd,3415,2.9068,27
21fa4b39,4017,2.9123,27
43981496,4018,2.9123,27
48ae6bef,3164,2.9123,27
e3c46ae,1380,2.9123,24
1f1cae5c,4037,2.9068,27
687b889f,4038,2.9096,27
1ca3258d,3165,2.9151,27
27e9c4e5,4010,2.9151,27
2448a6e9,3206,2.9151,27
4b8cef80,3284,2.9123,27
3198d6e3,3640,2.9151,27
328b6af3,3740,2.9151,27
34120210,4793,2.9151,1
3cb93d9e,3741,2.9178,27
5d35369b,3766,2.9178,27
71692252,2968,2.9178,27
631dd52,2087,2.9178,19
3766b309,3274,2.9178,27
22174d06,1351,2.9151,24
168d44d5,4034,2.9123,27
33253835,3914,2.9205,27
56623631,3694,2.9205,27
6ea1f51d,2096,2.9178,19
66727ed6,2084,2.9205,19
7e156063,3286,2.9205,27
3981122e,4749,2.9205,1
5869111e,4011,2.9233,27
725f69c8,1384,2.9178,24
773e2c35,3499,2.9233,27
2d98500b,2847,2.9233,27
75282d5a,3207,2.9233,27
78db3ba3,3292,2.9205,27
497a46f4,2121,2.9233,19
598b5f24,3276,2.9151,27
367c5416,2955,2.9233,27
17db7759,3687,2.926,27
c8dceb0,3163,2.926,27
f9eb2b2,3209,2.926,27
f7cd27a,2097,2.926,19
5b74eb67,3742,2.9233,27
17592eef,3695,2.926,27
75438afa,4836,2.926,1
1c45692a,3201,2.9288,27
60168616,2848,2.9288,27
3e66e2ad,2876,2.9288,27
571bbbc1,2841,2.9288,27
79551ba8,1383,2.9288,24
67175512,3713,2.9288,27
60a09431,3302,2.9315,27
34d28805,4712,2.9288,1
3d2877b8,4751,2.9315,1
37e7166f,3066,2.9288,27
53821dbe,3166,2.9315,27
73b0356b,3767,2.9315,27
ddb1912,3234,2.9315,27
20032a8,4794,2.9315,1
41acb0bb,2966,2.9342,27
3345de88,3155,2.9315,27
6603427b,4574,2.9342,1
6595a961,3232,2.9315,27
4118e400,4013,2.9315,27
5cb4d335,4827,2.9342,1
20d84242,3689,2.9342,27
68ce2999,4575,2.937,1
6ef0f864,3287,2.937,27
ae236f8,3693,2.937,27
14a7a3f4,3765,2.937,27
2db4826f,2849,2.937,27
760f3970,3920,2.9342,27
64eb287,4031,2.9397,27
2fdf19b9,3641,2.9397,27
45d07b75,4009,2.9342,27
2014718b,3278,2.9397,27
6deb4b5c,3295,2.9425,27
1ec216ec,3368,2.9425,27
64b670c,2850,2.9425,27
6e5962a2,2123,2.9425,19
78b1dc87,3688,2.9397,27
4987c65c,2090,2.9425,19
48bb36a4,3526,2.9425,27
3c376610,4012,2.9452,27
4a1c6ece,3696,2.9397,27
29247f47,4035,2.9452,27
5e373815,3299,2.9452,27
7d9a6d7a,3303,2.9479,27
73617153,2877,2.9479,27
423ec45,3202,2.9425,27
2d608811,3339,2.9479,27
2b106865,3924,2.9507,27
7b2cc3b7,3650,2.9452,27
60f65953,2098,2.9507,19
497f755c,3697,2.9507,27
34365908,1298,2.9507,23
7b74fde3,3223,2.9534,27
ec495e6,3200,2.9479,27
4993a244,3925,2.9534,27
4f6b5c67,3277,2.9534,27
3622e0dd,4004,2.9534,27
6ae5981f,3340,2.9534,27
3e309685,3218,2.9534,27
7dce7d19,3779,2.9534,27
2b2d7d40,1385,2.9534,24
a2844f0,4752,2.9534,1
4c4b10ca,3922,2.9507,27
4066899f,3715,2.9534,33
76753378,3369,2.9534,27
3672878b,4050,2.9562,27
5c7b9b3d,3923,2.9507,27
2ac3926,3300,2.9562,27
7eb55a71,4119,2.9562,27
6aecd82d,3358,2.9562,27
35ddd8fb,2089,2.9562,19
17b14f14,3067,2.9562,27
4303f941,3698,2.9562,27
4fa27cbc,4015,2.9534,27
14636fb3,3778,2.9562,27
9375bc4,3436,2.9534,27
55226252,3703,2.9562,27
939a3d6,3642,2.9562,27
1c4e4735,1369,2.9534,24
6a85bb5,2079,2.9589,19
35f2c9df,4032,2.9589,27
189e6bb6,4019,2.9589,27
73041dc1,3350,2.9589,27
37672764,4033,2.9589,27
7356a7ce,3643,2.9534,27
50c9244a,4016,2.9562,27
370d187,3346,2.9589,29
d228a8a,3351,2.9589,27
4b8c3437,4020,2.9589,27
527eb278,3349,2.9589,27
5707bd59,3233,2.9562,27
4e681be9,3069,2.9589,27
64efb39f,3210,2.9562,27
43253008,1370,2.9589,24
29a2b040,3304,2.9589,27
140ad442,2106,2.9644,19
6e7e9b1c,3791,2.9644,27
271b41ce,3158,2.9616,27
1ab7b195,3784,2.9644,27
3ef16df9,3704,2.9644,27
54bebf5f,3073,2.9644,27
329ed1f,3716,2.9644,33
6d57cb87,2085,2.9671,19
68223538,3347,2.9671,27
18151228,3927,2.9616,27
154a1cc3,3785,2.9671,27
20612536,3777,2.9699,27
1043222,4831,2.9699,1
78f65ccf,3699,2.9699,27
3d1feb16,3768,2.9699,27
225153c8,1381,2.9671,24
14fe2116,3647,2.9699,27
34cb9489,2969,2.9644,27
7e91b6fb,1386,2.9699,24
5987c571,3296,2.9726,27
31007d14,2101,2.9726,19
425523a1,2088,2.9699,19
5b73911a,3348,2.9726,27
3cb86b48,3359,2.9726,27
ee24916,3071,2.9726,27
65c12b40,2080,2.9699,19
227d9da3,3928,2.9753,27
2002e1b2,3759,2.9753,27
5de0508f,3705,2.9753,27
20a2adef,4750,2.9753,1
748c34ac,4014,2.9753,27
415608dc,2874,2.9753,27
2da1b09d,3370,2.9726,27
63ffa00f,3437,2.9699,27
3cc4f0d7,3701,2.9726,27
4d251f7b,3315,2.9753,27
6d206b1a,3648,2.9781,27
7766e085,2124,2.9781,19
73c14169,4039,2.9781,27
6818458e,3760,2.9781,27
da34131,3652,2.9781,27
63b59324,3781,2.9781,27
1a064c32,3167,2.9753,27
20241412,3429,2.9808,27
30185ec9,3416,2.9808,27
27252b32,3745,2.9808,27
6846b041,3421,2.9808,27
408906a7,3376,2.9808,27
3e54782d,3072,2.9808,27
7e713ed,4597,2.9808,1
3215e669,4120,2.9753,27
3c6737a2,4122,2.9808,27
61fe5cd7,2970,2.9808,27
69cac271,3159,2.9808,27
74f1478f,4042,2.9781,27
71aeb494,3717,2.9836,33
5d43d9fd,3068,2.9836,27
237030e5,3360,2.9836,27
27fe2a0b,3521,2.9808,27
6f27e9a0,3443,2.9836,27
2c685988,3500,2.9836,27
e3da3f8,3203,2.9836,27
394059d6,3219,2.9836,27
6bb6152e,3706,2.9863,27
29395ae2,3204,2.9863,27
58c57e46,3707,2.9863,27
8fff617,4541,2.9863,1
66b54a99,3926,2.9863,27
57417d4,3770,2.9836,27
76306e72,3438,2.9863,27
18861ed,3070,2.9863,27
4d2512c7,4045,2.9863,27
763f8cc9,4121,2.9863,27
684a7600,1352,2.9863,24
742fbe87,3708,2.9863,27
610cc9af,3758,2.989,34
3bf29b1d,2110,2.989,19
1dfcc685,3522,2.989,27
5fb95bde,3372,2.989,27
3aefc9c4,4040,2.989,27
2b67d8ad,3792,2.989,27
12e52ef,3440,2.989,27
7a9d64a1,2973,2.9863,27
6f6fb787,3518,2.989,27
584074e3,3157,2.989,27
7a978cdb,3279,2.989,27
274ca7fb,3212,2.989,27
78440cbe,4052,2.9918,27
6480adc3,3813,2.9918,27
2631bdd7,3702,2.9918,27
5b785d5c,3418,2.9918,27
3818b71,4023,2.9918,27
3dbeb861,3417,2.9781,27
27b08912,3532,2.9918,27
628ec077,4124,2.9918,27
412a667c,3752,2.9863,27
49fa16f4,4598,2.9918,1
144a33c4,3812,2.989,27
50f1202a,3780,2.9945,27
5fa4f346,4123,2.9945,27
4b3d1dbd,3288,2.9945,27
5269ff98,4595,2.9863,1
b40658f,3441,2.9918,27
27e9798c,3224,2.9945,27
73869962,2128,2.9945,19
5075a25a,3700,2.9945,27
4d7d12f3,2102,2.9945,19
45196ace,3371,2.9945,27
2f84c8bd,3439,2.9945,27
2c82d1b4,3103,2.9945,27
7f89a3fc,3786,2.9945,27
5ac6dc74,2081,2.9945,19
540782f8,3419,2.9945,27
6c71b6a4,3761,2.9973,27
7e39ff0c,2099,2.9973,19
4bbfa968,2091,2.9973,19
799b65a0,3723,2.9973,33
15d2339b,3751,2.9973,27
7d2a639b,3814,2.9973,27
4be861bf,3074,2.9973,27
69fcab07,1353,2.9973,24
16eaeb9,3519,2.9973,27
6d360348,3075,2.9918,27
5a01b4ab,3481,2.9973,27
6af1c145,3771,2.9973,27
43ae93ce,3644,2.9973,27
4021393f,3816,2.9973,27
4bc3e79d,3783,2.9973,27
2fa279b7,3782,2.9973,27
47ebc971,3297,2.9973,27
5f21e2fb,3298,2.9973,27
1a9aae87,3527,3,27
2d9d7ef9,3746,3,27
79b68bd8,3929,3,27
600f75de,3161,3,27
2f2e11ce,3352,3,30
6982c864,3104,3,27
242776c7,3549,2.9973,27
40351275,3470,3,27
3f1d4618,3289,3,27
60e28054,1299,2.9973,23
1fdca5c4,3793,3.0027,27
d269b6,4138,3,27
1ebddf3,3520,3.0027,27
6615f867,3529,3.0027,27
552ac232,3930,3.0027,27
21be18e3,3762,3.0027,27
5b367b95,3211,3.0027,27
483a269c,2092,3.0027,19
4b8246fb,4599,3.0027,1
1aaa2668,2103,3.0055,19
72280c7b,1297,3.0055,23
6bbfda64,3747,3.0055,27
32d3fc76,3533,3.0055,27
20bc420b,3374,3.0055,27
4b7885bd,3213,3.0027,27
51673165,3753,3.0055,27
5e810a4c,3168,3.0082,27
42c829dd,4044,3.0082,27
739c7da6,2100,3.0082,19
2c55ef2,3156,3.0082,27
d9f667a,4047,3.0027,27
5b1adeef,4755,3,1
4bfbe967,4043,3.0082,27
63e10c24,4139,3.0082,27
15bb0a94,4005,3.011,27
c7f31c7,3220,3.011,27
67148c40,3361,3.011,27
2a36c59c,3305,3.011,27
68b403a3,2093,3.011,19
5e850f11,3373,3.011,27
2e197618,3225,3.011,27
42833b78,2111,3.0137,19
a628190,2972,3.0137,27
107bbd99,2107,3.0137,19
66f0c500,3534,3.0137,27
47562117,3744,3.0137,27
3df36a5d,3160,3.011,27
23830272,4051,3.011,27
6ed9e4ee,3309,3.0137,27
ee1e4f0,3375,3.0164,27
5043c847,3453,3.0164,27
28e6c6f3,3473,3.0164,27
134dd10f,3444,3.0137,27
3292a91c,2971,3.0192,27
33551dda,3420,3.0192,27
2d1a841d,3308,3.0164,27
5022ed18,3324,3.0192,27
77df6449,3718,3.0164,33
6c7f0ca5,3423,3.0192,27
15bc475b,3306,3.0192,27
523122d9,3143,3.0192,27
5ec0e9fa,3221,3.0219,27
4acecca3,3528,3.0219,27
3dbfcc3e,4756,3.0219,1
66c306ba,3649,3.0219,27
3f95bca1,3227,3.0219,27
79e626f3,4046,3.0219,27
382d424,3182,3.0219,27
409f3656,4054,3.0219,27
54e83c70,3430,3.0219,27
2bfcf131,3815,3.0219,27
3e170e29,3228,3.0219,27
2c75ddfe,3162,3.0247,27
45c3c0ad,4041,3.0219,27
39431fa0,3645,3.0247,27
57a358,2108,3.0219,19
13921569,3448,3.0247,27
637933d,3743,3.0219,27
4af3428,1387,3.0247,24
25b08502,3764,3.0247,27
2049ac68,4782,3.0247,1
35ae63b6,1354,3.0219,24
6eb0c6de,3222,3.0274,27
18c0af8f,3180,3.0274,27
5fa707c7,3653,3.0274,27
7e9e11a4,3748,3.0301,27
633f752f,3474,3.0301,27
62241268,3442,3.0301,27
175bcb0d,3550,3.0329,27
55aa8d4,4256,3.0329,27
bc78aea,3749,3.0329,27
13c900b0,3769,3.0329,27
51bce7f3,3763,3.0329,27
60bfed0e,3226,3.0329,27
671d3c1f,4837,3.0329,1
170e918,1355,3.0247,24
3657a306,4125,3.0329,27
6dc0f9fc,3514,3.0329,27
5b7518c8,3378,3.0329,27
13552b5b,4028,3.0329,27
5dcb1297,3214,3.0301,27
568fc5bb,3471,3.0329,27
3c6ad98f,3651,3.0329,27
4faa2592,3445,3.0301,27
ec94633,3215,3.0356,27
4ca7db8e,3501,3.0356,27
627a6fa2,3503,3.0301,27
83674c3,4048,3.0356,27
39138cce,2974,3.0356,27
414d48e2,3965,3.0356,27
162e46e2,3750,3.0356,27
24b2dd11,3362,3.0356,27
5ad8f764,3325,3.0301,27
6bee94e2,3502,3.0356,27
50c57530,3170,3.0356,27
3438309c,3377,3.0356,27
294692a8,3076,3.0301,27
36904ae6,3823,3.0356,27
4d87d5f1,1371,3.0356,24
384eb00d,4576,3.0384,1
2500b67e,3171,3.0356,27
11731f42,3177,3.0384,27
56a7a9b,4753,3.0384,1
74c16249,3077,3.0384,27
73b22c54,3754,3.0384,27
622868c0,2104,3.0411,19
2fab7250,1372,3.0411,24
fb8829d,3795,3.0411,27
6b81527,4754,3.0411,1
27f71358,3363,3.0411,27
b96f202,3504,3.0411,27
185d1084,3824,3.0384,27
5e8a2f85,1388,3.0411,24
2d746355,3483,3.0384,27
41788adf,3530,3.0411,27
1ad9e724,4049,3.0438,27
44a72408,3475,3.0438,27
348ed528,3280,3.0411,27
498f236d,4191,3.0438,27
3bf7223b,3237,3.0438,27
3e5c69e8,3719,3.0411,33
43268d4f,3364,3.0438,27
1432796,3516,3.0438,27
6c303d2d,3310,3.0438,27
5a4b8092,4255,3.0438,27
5e6901ca,3721,3.0466,33
29d2b3bd,3326,3.0466,27
31354e86,3379,3.0466,27
1d0240f9,4055,3.0466,27
217147bf,3169,3.0466,27
3aab6c69,3945,3.0438,27
257aaf18,2105,3.0466,19
6fb4b539,3092,3.0493,27
563b072b,3145,3.0493,27
24ab8b05,4027,3.0493,27
44d6fe67,2109,3.0466,19
4986f853,3433,3.0438,27
34a49b8a,4053,3.0493,27
50983559,3432,3.0493,27
1acf5f0e,3322,3.0493,27
79711194,4596,3.0356,1
68d2c11e,3536,3.0493,27
885d425,3825,3.0521,27
2c473ccc,3931,3.0521,27
5dcb7561,3646,3.0521,27
3c8da7cf,4797,3.0521,1
276a2965,3535,3.0521,27
23ef95f7,3523,3.0521,27
5ed5953,3479,3.0521,27
163fbb69,4145,3.0493,27
49a0c474,4796,3.0521,1
33a62434,3422,3.0548,27
475ebbca,3476,3.0548,27
26682bd2,3327,3.0548,27
7bcf8125,4021,3.0521,27
104089c6,3787,3.0548,27
5f8c7cde,3788,3.0521,27
385dea46,3229,3.0548,27
3f1c82c1,3086,3.0521,27
2b86225d,3078,3.0521,27
1750c17f,3123,3.0548,27
e8ec316,3119,3.0548,27
40880609,3329,3.0548,27
1bd98e53,3789,3.0548,27
157d3bf,3939,3.0575,27
101db1d3,3969,3.0575,27
10a54597,4022,3.0575,27
88d831c,3537,3.0575,27
47d9fac6,3424,3.0575,27
78ac03a9,3482,3.0521,27
3921e76e,4600,3.0575,1
618ac667,3434,3.0575,27
5c2b646,4131,3.0575,27
2a83a50,3524,3.0575,27
3f71d294,3551,3.0575,27
37760076,3724,3.0575,33
2fdfec7a,3477,3.0575,27
3f3f0f41,4141,3.0548,27
eeb9f40,3235,3.0603,27
9995b5b,3720,3.0603,33
5975da2e,3185,3.0603,27
1ef79346,3478,3.0521,27
4cb40e47,4132,3.0548,27
4a6a7f38,4127,3.0603,27
722b8e51,3817,3.0603,27
f34d709,3181,3.0603,27
7867d86b,3806,3.0603,27
5a280982,3515,3.0603,27
3daedde2,3960,3.0603,27
3682e2b6,3946,3.0575,27
1fa7e7f0,4143,3.0603,27
59c5c0ef,3124,3.063,27
433ba64c,3144,3.063,27
5b2901ce,4832,3.063,1
620d6bcf,3933,3.063,27
3a12a7b,3472,3.0603,27
42b58819,4024,3.063,27
3580ea18,3531,3.063,27
18ece04c,3690,3.063,27
2b172322,3431,3.063,27
12c09e41,1357,3.063,24
22cd769c,4140,3.0658,27
4c56c79c,4025,3.0658,27
7eb43424,3081,3.063,27
6ca806e3,3450,3.0658,27
2598e47c,3654,3.0658,27
5f08ad74,3316,3.063,27
c2b7a5,3183,3.0658,27
2c713640,3970,3.0658,27
4e288cb6,3722,3.0685,33
54d1fb0a,4126,3.0685,27
41bb11aa,1373,3.0685,24
64ddeceb,4142,3.0685,27
6e1a81fa,3425,3.0685,27
6de819a0,3691,3.0685,27
35c82e98,3236,3.0658,27
2c674fca,4830,3.0685,1
27d64419,3146,3.0685,27
1d790448,3184,3.0712,27
69314591,3834,3.0712,27
7f3e4e62,3552,3.0658,27
6a5d3b10,3238,3.0712,27
3f533957,2126,3.0712,19
5cadfee1,3517,3.0712,27
516de648,4144,3.0685,27
52ebc2ce,1300,3.0712,23
7454c045,3125,3.074,27
473d72d8,3088,3.074,27
79dc93d1,1382,3.074,24
75add396,3328,3.074,27
27a9738e,3790,3.074,27
b2e7e11,2094,3.0767,19
d5b6695,3755,3.0767,27
618241b3,3772,3.0767,27
19a46564,4259,3.0767,27
504655bc,3451,3.0767,27
23ba09de,3082,3.0795,27
198fc788,3725,3.0767,33
60a8be25,3662,3.0795,27
221ec39,3311,3.0795,27
60f099f0,3819,3.0795,27
7126e15a,2095,3.0795,19
1672cb71,3804,3.0795,27
330e060c,4192,3.0767,27
3e436470,3118,3.0795,27
78a97ed3,4829,3.0795,1
78000bf4,4784,3.0767,1
3b7d5c9e,3318,3.0822,27
1e38df65,3966,3.0795,27
2dd46597,2125,3.0822,19
55f38472,3446,3.0822,27
4bbabfe,3538,3.0822,27
5ca09ffb,3093,3.0767,27
5256a125,3176,3.0795,27
6de7f798,3799,3.0822,27
1bcf7f09,4026,3.0849,27
42f2d3d5,4828,3.0849,1
1a75c337,3836,3.0849,27
2a1ded4f,3173,3.0822,27
7d4d06d5,3449,3.0849,27
1d9a1942,3230,3.0849,27
49220d5f,3457,3.0795,27
7d7a0337,1389,3.0849,24
6894c9e3,3079,3.0849,27
25099dba,3947,3.0849,27
7c9834b1,3967,3.0849,27
30c866e3,4193,3.0849,27
51d6e3ae,4129,3.0849,27
1fc3e3a6,3835,3.0795,27
122e50c7,3186,3.0849,27
76ce59a9,4059,3.0849,27
4b4ed67d,3172,3.0822,27
2d639729,3319,3.0849,27
2d3d9ff0,3485,3.0877,27
293a98ef,3727,3.0877,33
147a4e8b,3844,3.0877,27
259149f2,3726,3.0877,33
641290af,3317,3.0877,27
19928122,3818,3.0877,27
69270e52,1390,3.0849,24
5f5a9a8d,4795,3.0849,1
837eed1,3426,3.0877,27
702b864d,3948,3.0904,27
3b7cf6f,3773,3.0877,27
4cf70f,3174,3.0849,27
1449ad79,3506,3.0904,27
d5aedb5,3242,3.0904,27
6df9061,3961,3.0877,27
2aea6719,3794,3.0904,27
4df919c4,3510,3.0932,27
6287e13,2127,3.0932,19
1714728b,3821,3.0904,27
6db2b490,3454,3.0932,27
1419d490,3807,3.0932,27
112bc8ee,3774,3.0904,27
251f706a,3080,3.0932,27
5d71566d,3796,3.0932,27
796b407,2112,3.0932,19
483560a3,3507,3.0932,27
1677c5ef,3435,3.0959,27
41623b72,3239,3.0932,27
73e699d5,3932,3.0959,27
10b5df72,3837,3.0932,27
38453836,3381,3.0959,27
682c3de7,3089,3.0932,27
1a30c741,4130,3.0959,27
2f432906,3127,3.0959,27
dc61daa,4262,3.0959,27
28f16a79,1356,3.0959,24
241f3f8c,4064,3.0959,27
11b32dd3,3805,3.0959,27
a6335b,3936,3.0959,27
96cf5ad,1391,3.0959,24
3f51e69f,3147,3.0986,27
37848913,3664,3.0986,27
20819094,3312,3.0986,27
17781fe8,3797,3.0959,27
6895853,4147,3.0986,27
682604b2,3968,3.0986,27
58f37237,3822,3.0959,27
4b2cb42b,3458,3.0986,27
4b0421eb,4030,3.0986,27
72b26dd,3094,3.0986,27
5f70a11e,3480,3.0986,27
2a3bb51f,3820,3.0959,27
1c51120d,4057,3.0959,27
32726040,3949,3.1014,27
6cb1b51d,3380,3.1014,27
369381c4,3951,3.0986,27
22462c61,3982,3.1014,27
3972809,3320,3.1014,27
5d95aeb9,4056,3.1014,27
62ef6c3b,4838,3.1014,1
48585c03,2129,3.1014,19
5bee544d,4061,3.1014,27
6183f859,3838,3.1014,27
7814cee6,3950,3.1014,27
72263da3,2155,3.1041,19
5bc35396,3983,3.1041,27
25fc2987,4029,3.1041,27
7b41b020,3663,3.1041,27
1a701a60,3090,3.1041,27
384941ce,3505,3.1014,27
7957fab2,3934,3.1041,27
3d23540e,4148,3.1068,27
4b15333a,3128,3.1068,27
7f64a35b,3323,3.1068,27
217c0a07,4713,3.1014,1
3a2e7f4c,3800,3.1068,27
3cc8f773,3937,3.1068,27
15059da,3938,3.1068,27
4b199453,3126,3.1068,27
fbace98,4783,3.1041,1
5bf44cd0,3216,3.1068,27
33028c0,3178,3.1096,27
4a2de3f5,3809,3.1068,27
49b0ede3,3095,3.1096,27
30dbaac9,4146,3.1068,27
322ff23a,3245,3.1096,27
17b89dc1,4149,3.1096,27
5929b520,3484,3.1096,27
3449d12e,4065,3.1096,27
793a5bbf,3487,3.1068,27
2abf97cc,3321,3.1068,27
3e2bb70e,3187,3.1123,27
4411c144,4128,3.1123,27
6f5d8dda,3553,3.1123,27
390a660a,3935,3.1123,27
5a7a25e2,4058,3.1123,27
139ba89a,4194,3.1123,27
794bb6d5,4786,3.1123,1
7295d92b,3810,3.1096,27
3c5058e5,4257,3.1123,27
72c1f88d,4785,3.1123,1
5618151e,3455,3.1096,27
a18c277,3508,3.1123,27
343124a1,3091,3.1151,27
4949a73a,3963,3.1123,27
5f6febe8,3121,3.1151,27
13a89108,4766,3.1151,1
59244243,3330,3.1123,27
2e81bbf0,3179,3.1096,27
16396027,3243,3.1151,27
2a75a96d,3987,3.1178,27
a653760,3131,3.1178,27
5d92c7f5,3942,3.1178,27
7e6fb98c,4060,3.1096,27
79d649ed,1392,3.1178,24
5c367bff,4800,3.1178,1
5a2bbf80,4152,3.1178,27
11cd665f,3940,3.1178,27
2e79c4,3954,3.1178,27
71ae284a,3554,3.1178,27
126d0e33,3452,3.1151,27
59bfa4b2,3962,3.1205,27
5eefd7ba,3459,3.1205,27
22d092f3,3801,3.1205,27
24eabda6,3985,3.1205,27
5e0c239e,3845,3.1205,27
66578d3b,3489,3.1233,27
634af322,3539,3.1233,27
7ab286d9,3447,3.1233,27
5ac0dc32,3525,3.1205,27
2b365d41,3558,3.1233,27
14198b6a,3175,3.1205,27
3e14014c,3129,3.126,27
7a73537e,3106,3.1233,27
2002e2d3,3097,3.126,27
260e314e,3464,3.126,27
3fcbbc9b,3231,3.126,27
67d122d3,3728,3.126,33
7d965f4,3427,3.1205,27
500ab000,3540,3.126,27
3247e1fe,3188,3.126,27
84b1a3b,4195,3.126,27
2ecfc766,3130,3.126,27
5c6e8adf,3811,3.1288,27
2917a11,3847,3.1288,27
10d4b263,3941,3.1288,27
68f8bf0,3565,3.1288,27
15db8ac9,3108,3.1288,27
181ec19d,4088,3.1288,27
3c55b9ca,3428,3.126,27
2ef99fa7,3798,3.1288,27
5fc63fb,4260,3.1315,27
4c383c4f,4066,3.1315,27
22c41e7c,4839,3.1315,1
66cf4507,3808,3.1315,27
4a119e,3952,3.1288,27
d9d8f9c,3084,3.1288,27
49147d02,3120,3.1315,27
fa847ad,4062,3.1342,27
cabe9c1,3655,3.1342,27
1353dc22,3509,3.1315,27
43c5f937,3244,3.1342,27
22c57fbc,3132,3.1342,27
6f1dd166,3943,3.1342,27
6222b26b,3087,3.1342,27
e42f359,3668,3.1342,27
7f355b2,3826,3.1342,27
66432cb,3971,3.1342,27
71a27986,3839,3.1315,27
7ad1acec,4716,3.137,1
686384d0,4258,3.137,27
527584ae,3566,3.137,27
30f9a92f,3465,3.137,27
4448fee4,3247,3.1342,27
3188999c,3944,3.1397,27
4f262bf7,3083,3.137,27
32eb43ed,4150,3.1397,27
3157248a,1358,3.137,24
44e61f45,4715,3.1397,1
3ae1edbd,3986,3.1397,27
527d2527,3111,3.1397,27
5a863896,3846,3.1425,27
2e6e18b4,4212,3.1425,27
1b5784c1,4196,3.1397,27
2038ce91,2113,3.1425,19
4b110088,4067,3.1425,27
3b4897b4,4134,3.1425,27
15641ae6,3100,3.1425,27
32b2f507,4151,3.1452,27
5418f986,3988,3.1452,27
17ceb6cd,4063,3.1425,27
22c82df8,3802,3.1452,27
6e670b85,4208,3.1452,27
777ee6b,3973,3.1452,27
14b0f3ca,3840,3.1452,27
76aa574f,3490,3.1452,27
15ee138f,4261,3.1452,27
32d859b2,3953,3.1425,27
2d52b3ef,3491,3.1452,27
3eef3b2c,3830,3.1479,27
1adb1391,4135,3.1479,27
7f4c192e,3191,3.1479,27
473910e3,4770,3.1479,1
c86573,4136,3.1479,27
42cdb960,3133,3.1452,27
6185a182,3964,3.1479,27
5d575d7e,4841,3.1479,1
5af2e7d1,4153,3.1479,27
52e6e03f,4844,3.1479,1
1146f4ed,4768,3.1507,1
3e6f491c,4267,3.1507,27
59345f02,2132,3.1479,19
3cb6bb03,4767,3.1479,1
1a71d1e4,3105,3.1507,27
1adef192,3192,3.1507,27
5e124c1f,3248,3.1534,27
25a5d490,3562,3.1534,27
2cc20d84,4798,3.1534,1
38281709,3669,3.1534,27
7416c6a7,3829,3.1534,27
7f9c8de1,3313,3.1534,27
438e01bb,4133,3.1562,27
3be6d69c,4291,3.1562,27
79870cb9,3463,3.1562,27
7fb2f704,3386,3.1562,27
62ef75ed,3955,3.1562,27
51df33d2,3085,3.1534,27
2d27b794,3189,3.1562,27
5c805d43,4213,3.1534,27
1d2370ae,3122,3.1562,27
77b4818a,3456,3.1534,27
12528701,4209,3.1589,27
4fa2efa,3803,3.1562,27
2c13dc14,3101,3.1589,27
7227f690,3098,3.1589,27
7d1b2372,4154,3.1589,27
215f23ee,3382,3.1589,27
131ea8ad,3314,3.1589,27
36122658,3466,3.1589,27
10fabe04,3486,3.1589,27
4862bfa6,3387,3.1589,27
7ca80682,3559,3.1589,27
2e5f2dc7,3560,3.1616,27
72ba0e3b,3134,3.1616,27
6b2a8f28,4197,3.1644,27
37f584f6,3190,3.1644,27
6a378221,4155,3.1616,27
3dd1bbb5,4266,3.1644,27
3bd3eca2,4210,3.1644,27
1f38a1e2,3240,3.1671,27
5281e8f2,1359,3.1671,24
623dfd04,4723,3.1699,1
38d06710,3494,3.1699,27
585bb090,3848,3.1671,27
3689cbb1,3135,3.1699,27
6b1263ea,4068,3.1699,27
7fe93b96,5071,3.1699,1
5d99657f,3561,3.1699,27
25b5f93e,4799,3.1699,1
5dc0d351,3555,3.1671,27
680d4e46,1374,3.1671,24
7e296ca5,3488,3.1726,27
57e78e15,3396,3.1726,27
745f0657,3102,3.1726,27
2fde19d6,3241,3.1726,27
2da31d15,3383,3.1726,27
185a1040,4273,3.1753,27
143bd0a2,3099,3.1753,27
4bf47b5a,4268,3.1753,27
7e8a8c84,4198,3.1753,27
1eab4637,3841,3.1726,27
361a4b05,4214,3.1726,27
7cee33a4,2115,3.1781,19
1b7286a7,3541,3.1781,27
1428b9c8,4788,3.1753,1
3eece965,3246,3.1781,27
5a4adfde,3827,3.1808,27
5734b420,4089,3.1808,27
603a1f7,2130,3.1808,19
5f7dd793,3984,3.1808,27
53c5478d,3542,3.1808,27
21a26c61,2131,3.1808,19
3a356dbb,4801,3.1808,1
b45e421,3974,3.1808,27
72c523eb,4269,3.1808,27
40b698b6,4215,3.1836,27
517f7dae,3388,3.1836,27
6052b495,3096,3.1836,27
75bfef4c,3849,3.1836,27
255baccf,4274,3.1836,27
2ebe406b,3989,3.1836,27
5a390e22,3656,3.1836,27
70819ac6,3828,3.1863,27
7acede15,3492,3.1863,27
262f643f,3831,3.1863,27
34f526c6,3972,3.1781,27
48dedd34,3250,3.189,27
446c9c4c,4090,3.189,27
19bf1662,4769,3.1863,1
4e1c085,4280,3.189,27
3a689a50,4211,3.189,27
1a46efad,4724,3.189,1
7babf681,4292,3.189,27
71c4f499,3389,3.1918,27
f004aeb,3107,3.1836,27
2296e721,4223,3.1918,27
6ad020c,3567,3.1863,27
501b5e7c,2157,3.1918,19
5dc10186,3384,3.1918,27
48fb4af0,4069,3.1918,27
26288c81,2156,3.1918,19
3a756784,1393,3.1945,24
2ccace86,2114,3.1945,19
795227a8,4137,3.1945,27
6bec5eb8,3956,3.1945,27
9428bc0,4803,3.1945,1
7306ca90,3493,3.1973,27
1b01dc3f,3665,3.1973,27
12914879,3113,3.1973,27
f90dd60,3109,3.1973,27
35476da7,4270,3.1973,27
4a07c448,2158,3.1973,19
5f721913,4263,3.2,27
47384004,3217,3.2,28
4ecafe5e,4278,3.2,27
3a1b564b,3110,3.2,27
70532c53,3114,3.1973,27
25213dbe,2161,3.2,19
69721409,3249,3.2,27
9bbbe62,4091,3.1945,27
66df2b62,2159,3.2027,19
1ff4b9ec,4804,3.2055,1
268d85a1,3394,3.2055,27
4b685cde,1360,3.2055,24
7926be51,3390,3.2055,27
23395048,4200,3.2055,27
b96d91c,1095,3.2082,22
66bd1e2c,3397,3.2055,27
27f1b9b3,1375,3.2055,24
5c3ce0ce,3461,3.2082,27
553bc93b,3666,3.2082,27
192331fb,4789,3.2082,1
18d35482,3556,3.211,27
1761008d,3496,3.211,27
2ce0a83f,3833,3.211,27
19688722,3991,3.211,27
2546d1f,3385,3.211,27
2799de89,3391,3.211,27
27358f68,3112,3.211,27
384f966b,3852,3.211,27
1147700d,3460,3.2137,27
7843893a,4725,3.211,1
73060795,3832,3.2082,27
373e3b50,4092,3.211,27
1dd3f2a2,4217,3.2137,27
3ac43876,3670,3.2137,27
7c6670c5,3990,3.2137,27
7e22cb09,3978,3.211,27
14ec5474,4717,3.2164,1
6a1890dc,4790,3.2164,1
71840261,3511,3.2164,31
3eabb4cc,4279,3.2137,27
56395a93,4805,3.2192,1
7889bef8,4806,3.2192,1
294f2c82,4070,3.2164,27
4aa1f0b3,4219,3.2192,27
56d0c6b6,3462,3.211,27
639bccea,3975,3.2192,27
3786f97a,3976,3.2192,27
33e0d727,3392,3.2247,27
76019d80,4714,3.2247,1
26341080,3563,3.2247,27
70f22dd5,3495,3.2247,27
346d8915,3546,3.2247,27
54b3b458,4293,3.2247,27
1a6a3a0f,4718,3.2247,1
1b757430,3115,3.2274,27
2e19d196,4802,3.2274,1
540eb448,1361,3.2219,24
52381e59,4218,3.2301,27
62dc24da,3564,3.2301,27
229cc76,3393,3.2301,27
23a4848f,4156,3.2301,27
317c8c74,4281,3.2301,27
32859475,4275,3.2301,27
7e03b42f,3467,3.2301,27
7904c79c,3572,3.2301,27
59707ffd,3544,3.2301,27
2c4eebe4,4272,3.2329,27
32f6e424,3977,3.2329,27
51378c99,3547,3.2329,27
ed09904,3573,3.2356,27
57484e17,4225,3.2356,27
551a52f1,4224,3.2356,27
50484bb2,4264,3.2356,27
3df64666,3843,3.2356,27
37e4e065,3842,3.2356,27
30eeb1b2,4231,3.2356,27
226969c6,3468,3.2384,27
2d23de9b,3545,3.2384,27
3dd4e492,3657,3.2411,27
7872b1bb,4080,3.2411,27
113cc02a,3117,3.2411,27
22581390,3548,3.2384,27
356b73ad,4158,3.2411,27
38b2833d,3469,3.2411,27
55a002f9,4845,3.2411,1
226aa5f7,3116,3.2384,27
40cce6b9,4271,3.2411,27
6c4b3ef6,1362,3.2438,24
39a95e4c,4071,3.2411,27
4e1b1193,4157,3.2438,27
6945cfc7,4161,3.2411,27
5c4ce097,3307,3.2438,27
2fe48e6c,4276,3.2438,27
39e5858a,4227,3.2438,27
5707517b,3512,3.2466,27
610fc4b4,4807,3.2493,1
7bbc6e81,3557,3.2493,27
456a418a,3992,3.2466,27
5baa3534,5200,3.2493,1
35034651,2133,3.2493,19
6ff32db9,3398,3.2493,27
780257dc,2134,3.2521,19
78e3371,2160,3.2521,19
d87a521,3194,3.2521,27
4c0fa4e8,3395,3.2493,27
7befdfcd,3957,3.2521,27
3a70f51d,3568,3.2521,27
11b9cbdb,4232,3.2521,27
2406ca83,3993,3.2521,27
67da6726,4240,3.2521,27
57446851,4081,3.2548,27
52d0c4c3,4233,3.2548,27
725575e2,3658,3.2548,27
de82a51,4226,3.2548,27
39bf9f9d,3569,3.2521,27
4dcd6e1b,3980,3.2548,27
38f348b8,3667,3.2548,27
196f5dbd,3981,3.2575,27
55995663,4072,3.2575,27
4e4b3cc1,3979,3.2575,27
109f783a,3193,3.2493,27
36846184,4093,3.2548,27
55e5505c,2116,3.2575,19
2addf2b4,4277,3.2548,27
4ad02ecd,4295,3.2575,27
21e5c105,3958,3.2603,27
34781cfc,4239,3.2603,27
4be0dd9f,4220,3.2603,27
d3468,4216,3.2493,27
5fa0cb6f,4284,3.2603,27
f6f3085,4201,3.2575,27
7b844268,4082,3.2575,27
36c574a2,2135,3.2575,19
5c3b94a6,3399,3.263,27
5f02b866,3998,3.2603,27
291f501b,3575,3.263,27
7051c052,4083,3.2603,27
6dacda9e,3513,3.263,27
27a79ec5,3996,3.263,27
74eb9da2,4099,3.2658,27
ac6903d,4283,3.2658,27
31b6f172,4834,3.2658,1
1b5c3d1,3999,3.2658,27
1a7f2494,4296,3.2658,27
4fec1bc2,3659,3.2658,27
3251bcf4,5072,3.2658,1
c2895fb,4282,3.2658,27
232c64e4,4757,3.2658,1
373f9623,4833,3.2685,1
4014bf91,4840,3.2658,1
7f9d1d7b,4160,3.2685,27
37d2d83e,3400,3.2658,27
77998164,4159,3.2685,27
12944031,4221,3.2685,27
575f1dd,3660,3.2712,27
2447da65,3574,3.2712,27
1feefd28,3406,3.2685,27
2fcbb32c,5073,3.2712,1
51a5411,4073,3.2712,27
1f143225,3543,3.274,27
3ec1846e,4791,3.274,1
77fb9b52,4001,3.274,27
52b67224,4199,3.2767,27
6bfa1dfa,4074,3.2767,27
6c0df74d,4842,3.274,1
5d0cfe4d,4229,3.2795,27
4787c095,3497,3.2795,27
27412c88,4165,3.2795,27
1a2335b3,4230,3.274,27
7b655381,4843,3.2795,1
7851643f,4228,3.2795,27
1ab80c8,4106,3.2795,27
36c4a732,2136,3.2795,19
2a6a3e3,3401,3.2795,27
538e116d,4202,3.2822,27
200df7bf,4000,3.2822,27
7dfd8eb6,3498,3.2822,27
4af39351,4002,3.2822,27
69d5e61b,4086,3.2849,27
26aa5491,4094,3.2849,27
3733f6cc,4084,3.2849,27
5c44897e,4203,3.2795,27
618c9260,3661,3.2849,27
27af4574,4003,3.2849,27
535583cc,4206,3.2877,27
3a02c1ad,4285,3.2849,27
7bf89afc,4835,3.2877,1
76e28b38,4771,3.2877,1
7ee21871,4298,3.2877,27
23bb763c,3997,3.2849,27
5c0fca64,4287,3.2877,27
639f9463,4095,3.2877,27
dd039f1,4075,3.2877,27
75a2b4e1,4241,3.2904,27
29e577a0,3671,3.2904,27
57dc1cdb,4085,3.2904,27
48ffb6cf,4288,3.2904,27
44ec0190,4297,3.2849,27
2409a050,4100,3.2904,27
13045ace,2184,3.2795,19
2678dfaf,5081,3.2932,1
23cba71,4222,3.2932,27
1504e34,4096,3.2932,27
6b5e8146,3407,3.2959,27
5abd64c9,4102,3.2959,27
1ee14df1,5076,3.2959,1
341fa52,4103,3.2959,27
41723269,4286,3.2959,27
3ad85d96,4205,3.2986,27
5d50878e,4076,3.2959,27
421b69d3,4294,3.3014,27
73b1d675,2137,3.3014,19
b7d0178,4249,3.3041,27
52c88b6e,4077,3.3041,27
4b042515,5209,3.3068,1
36fb407e,5074,3.3068,1
55eef118,4207,3.3068,27
436b9330,4185,3.3068,27
29ad3ac5,4234,3.3123,27
45b9673e,3994,3.3123,27
67fd38a0,3251,3.3123,27
38abb3a9,4166,3.3123,27
36a5b315,4265,3.3068,27
3813b559,4250,3.3068,27
46562c12,4242,3.3151,27
2385e98a,4299,3.3151,27
6cb18bfb,4787,3.3041,1
38a3dbf4,3408,3.3151,27
1d3f08c4,4170,3.3178,27
6afe91cd,4162,3.3178,27
66bbeca1,3402,3.3151,27
4061f7f9,4104,3.3178,27
257dae19,4204,3.3205,27
72e37c17,2185,3.3178,19
3b932382,4186,3.3205,27
4f2d5dab,5075,3.3205,1
137675ed,4187,3.3233,27
2740eb5,4808,3.3233,1
4de5ff3d,3252,3.3233,27
278d31eb,4251,3.3151,27
5ae9209,4078,3.326,27
67509996,4108,3.3288,27
661eb7ff,4289,3.3288,27
2852c0be,3959,3.3288,27
591d3167,4097,3.3288,27
3ae29ffb,4243,3.3315,27
29506617,4246,3.3315,27
173914b3,4813,3.3315,1
279f993a,4109,3.337,27
92cd775,4169,3.3397,27
23666899,3410,3.3342,27
4ab7441,4163,3.3342,27
7ca57cca,4168,3.337,27
cb5609a,4171,3.3397,27
122a2f74,4105,3.3397,27
27a86c2d,4107,3.3425,27
485080d2,4110,3.3425,27
58620be1,2174,3.3397,19
f766f0b,2138,3.3452,19
2630e6c7,4235,3.3425,27
6bdba3cc,4809,3.3452,1
2741e875,4300,3.3425,27
6f34c27f,3571,3.3425,27
5386e6a5,4188,3.3452,27
65f5eada,4301,3.3507,27
73620e2a,3411,3.3507,27
4d5fb451,4245,3.3507,27
2a0f48ae,4183,3.3534,27
1a428c82,4758,3.3534,1
13fff32d,2162,3.3562,19
45a5b04d,4164,3.3562,27
54e71fa5,4244,3.3562,27
15bfca6f,1376,3.3589,24
1b1772c6,4290,3.3589,27
779d9c12,4167,3.3562,27
1fd26d74,4111,3.3589,27
74d53053,4172,3.3616,27
5474ed4d,3879,3.3616,27
4f9286dd,3570,3.3616,32
43a7fb96,2139,3.3616,19
1ead1c19,4112,3.3644,27
6dc09404,4774,3.3644,1
4d2106dc,4772,3.3616,1
36bf430f,3409,3.3671,27
4a387505,4101,3.3671,27
3c83f58f,3403,3.3699,27
550a26af,4247,3.3644,27
1961a03a,5201,3.3699,1
10f86e4e,3672,3.3699,27
33f4ce53,3576,3.3726,27
374fa9dc,4087,3.3726,27
233baf7f,3850,3.3726,27
70622f48,4775,3.3726,1
6571f141,4846,3.3726,36
2fbaa57a,4253,3.3753,27
6194af6f,4184,3.3753,27
535edba2,4302,3.3781,27
5184b7a5,4252,3.3781,27
30fdcab2,2176,3.3726,19
689c7fc1,4173,3.3781,27
5a6cce15,4810,3.3781,1
20072157,4248,3.3753,27
544a936d,4113,3.3781,27
a3c7b0c,2187,3.3808,19
361c0038,5210,3.3808,1
2f889235,3413,3.3808,27
2fd9ad52,4098,3.3808,27
46d457be,4776,3.3836,1
101f929c,3404,3.3836,27
7bedb390,4236,3.3836,27
569e1bf3,4174,3.3836,27
19bc2282,3412,3.3863,27
7db1efac,3995,3.3863,27
11d619f4,4079,3.389,27
731496d,4114,3.3918,27
d8c3f79,2188,3.3918,19
7f61d33b,3880,3.3945,27
d5f8ff4,4759,3.3945,1
7d8af967,2177,3.3973,19
58768feb,4847,3.3945,36
219070d2,4237,3.3973,27
509997d0,4812,3.3973,1
21489218,3853,3.4027,27
344a2f9d,4117,3.4027,27
167ecf26,4254,3.4027,27
605f08ed,3405,3.4,27
ac5ed2e,3881,3.4027,27
6ff8663c,4773,3.4082,1
a2b8a99,5077,3.4082,1
6a4c7305,3851,3.4082,27
4fc54fff,4303,3.411,27
632009bd,4116,3.411,27
35093802,4118,3.411,27
78a51fb6,5202,3.4137,1
3cd4b1fd,3414,3.4137,27
3633906e,4238,3.4082,27
590bbb2f,3854,3.4164,27
3a053c52,2163,3.4164,19
46b0da38,2175,3.4164,19
77a10018,4304,3.4137,27
5c75562d,3882,3.4192,27
5f72d04a,2164,3.4192,19
5ba4da48,4190,3.4164,27
48508ac2,2180,3.4192,19
4a8dcdf8,2165,3.4247,19
8f1e8ea,4189,3.4219,27
4148993e,4305,3.4247,27
3cc37dc5,3577,3.4274,27
7089f605,4811,3.4301,1
77b8e646,2191,3.4301,19
5b1bab2b,4848,3.4274,36
723c00e6,5078,3.4329,1
55b67631,2179,3.4356,19
6a308b5c,3883,3.4384,27
137d3816,4814,3.4411,1
5a0ada8a,4176,3.4411,27
48a3ca1d,4306,3.4438,27
fb086cf,4849,3.4466,36
2ec23ac6,2140,3.4493,19
40463e29,2167,3.4466,19
4c147221,5082,3.4493,1
1ab1aa9c,4177,3.4493,27
259ab706,2193,3.4521,19
54dc72ea,4315,3.4521,27
3bb6972a,4115,3.4466,27
2cc43f8a,2166,3.4466,19
5c168f93,5079,3.4548,1
5352ecfe,2192,3.4603,19
6b6aedd9,4316,3.4603,27
5ff11d7b,2141,3.4575,19
64ea2859,4178,3.4603,27
695f6321,4761,3.463,1
1dd138e,2168,3.4603,19
3de52249,2189,3.463,19
8f87d4c,2178,3.4575,19
1a2c5119,2194,3.4658,19
91be33a,3884,3.4685,27
730460b1,2182,3.4685,19
6767e3f2,4727,3.4712,1
2cbee04f,2186,3.474,19
54e2c858,2190,3.4685,19
4332b9d,4308,3.4767,27
5c13309a,4815,3.4767,1
7f40fcf,4307,3.4795,27
4516b761,4317,3.4795,27
5864039d,2181,3.4822,19
1db66feb,4816,3.4849,1
354f3503,3857,3.4849,27
3a1b81e5,4719,3.4877,1
4ac68478,4726,3.4904,1
32460e56,4908,3.4904,36
1ca1f6c2,4850,3.4959,36
7ad3481a,5080,3.4959,1
6fe7c0d,2195,3.4959,19
15fa9df6,3855,3.4986,27
758984cb,4728,3.4986,1
36b17700,2142,3.4986,19
43da6bcf,4909,3.4986,36
28e4b6f,3578,3.5041,27
3b182829,5203,3.5068,1
62c413d,3856,3.5068,27
16b8c624,4318,3.5096,27
669d32af,4910,3.5096,36
1417c042,4309,3.5068,27
1cbe0735,5083,3.5096,1
787f8836,5084,3.5096,1
24868a0d,4179,3.5123,27
28a6f8fb,3858,3.5123,27
2721af0a,3888,3.5151,27
4b4a8374,3886,3.5178,27
4f709c13,5086,3.5178,1
508ec426,3253,3.5178,27
7afd68c2,4878,3.5178,36
653315ca,4311,3.5178,27
3067e45a,4760,3.5178,1
2ee89d7b,4720,3.5178,1
911d679,3859,3.5178,27
861d374,4175,3.5151,27
194b01c2,4310,3.5205,27
64abda64,2183,3.5123,19
e4290cf,2143,3.526,19
83e0800,4851,3.526,36
7378d66d,3860,3.526,27
6926f425,3889,3.526,27
38231913,4911,3.5288,36
11a09f09,2169,3.5288,19
aefb414,4817,3.5288,1
61c88c91,4312,3.5315,27
74851f76,5087,3.5315,1
33d5ae6,5085,3.5342,1
32994f1b,5214,3.5342,1
1790f1dd,2201,3.537,19
43e9ca4b,4321,3.537,27
4b3222f6,4852,3.537,36
2231bb1c,3580,3.5397,27
5aa8c9d6,4322,3.5425,27
60466cab,4319,3.5397,27
129ce141,5211,3.5452,1
4a26c547,5212,3.5452,1
3f1fcb2b,4313,3.5507,27
23e55367,3890,3.5507,27
5f15a6a1,5206,3.5562,1
3ebbea6d,3892,3.5562,27
44cec77,4180,3.5589,27
45cb2946,3579,3.5616,27
4cbc34f3,3891,3.5589,27
3eeeb36b,4721,3.5616,1
5d22cf95,4320,3.5616,27
41bf4c6e,4729,3.5644,1
6c09e306,3887,3.5671,27
27377007,4181,3.5671,27
6ca24d13,5215,3.5699,1
b6be66a,5089,3.5699,1
5745b0d5,2171,3.5671,19
747768e8,4314,3.5699,27
685c8929,4777,3.5726,1
16689be4,4883,3.5726,36
6c5152e4,4335,3.5726,27
232e47ae,4182,3.5781,27
172856cb,3581,3.5808,27
2fb79723,4889,3.5836,36
7dd28e8a,5088,3.5863,1
43428fbb,4336,3.589,27
5e0d0946,5090,3.589,1
1bf235a6,4762,3.5918,1
4ab00241,4730,3.5945,1
3d004131,4879,3.5973,36
59ad9abb,4337,3.5973,27
30e2f9da,4881,3.6,36
36c17eaf,3894,3.6,27
3ab7a565,4912,3.6,36
705f0a78,4323,3.6027,27
45923e8a,4890,3.6027,36
629923cb,3254,3.6027,27
65822e70,4731,3.6055,1
a364733,4882,3.6027,36
6d06e472,3861,3.6027,27
7a311a61,3868,3.6027,27
3934f136,4763,3.6055,1
12981aa0,2172,3.6055,19
661d572d,5216,3.6082,1
3ce21ae8,3869,3.6082,27
2241e103,4880,3.6082,36
705eb2f1,4856,3.611,36
52c4953,2144,3.611,19
7cf627e8,3895,3.6137,27
50ef47c4,2170,3.611,19
7d8bfd23,3896,3.6164,27
78c70159,2173,3.6192,19
35c3b0ce,4853,3.6219,36
1f3800d5,4331,3.6247,27
3d7884f4,4732,3.6247,1
7d7587cb,3893,3.6247,27
55181d6b,4855,3.6274,36
153aa55c,4854,3.6301,36
af991b5,5218,3.6329,1
735feb3a,4764,3.6274,1
324155a7,5213,3.6356,1
22456145,5217,3.6356,1
37a3c323,3862,3.6356,27
b44a7bb,4857,3.6384,36
7111985b,4868,3.6438,36
7d1bab78,4891,3.6438,36
74dda2d7,2202,3.6438,19
5dceddb4,4324,3.6466,27
75f04626,3863,3.6466,27
20e04516,4765,3.6466,1
ab2b222,2198,3.6493,19
fe2eaf8,4913,3.6466,36
3afd8e57,4870,3.6575,36
7a19,4871,3.6603,36
19d2abd4,4869,3.6685,36
32daf627,4325,3.6685,27
10b0cd9f,5091,3.6685,1
1363bd22,2210,3.6685,19
1f632891,2145,3.6685,19
7aed8e94,4858,3.674,36
6c277863,3871,3.6767,27
62234268,5092,3.6795,1
6402c91d,5219,3.6767,1
720d7227,4859,3.6795,36
16cf8012,4892,3.6849,36
5d76dea8,5093,3.6877,1
2f4ebe3a,4917,3.6877,36
481a5053,5205,3.6877,1
284f5c15,5207,3.6877,1
2e57d2d7,4884,3.6904,36
364b6dbe,3870,3.6904,27
64e4c6d2,4338,3.6904,27
f8cd778,2211,3.6932,19
556917dd,4339,3.6959,27
38a2b653,5208,3.6959,1
7a3235c3,4861,3.6959,36
13ec1aea,4860,3.7014,36
ea620b5,2196,3.7041,19
239b1f1c,5204,3.7068,1
48ecaa81,2212,3.7096,19
3b24c23c,2203,3.7096,19
4b8ee65,4915,3.7096,36
523577d6,4885,3.7123,36
4f1d6a8e,4916,3.7123,36
c156ece,4326,3.7151,27
705935a7,2204,3.7096,19
92b77bd,4862,3.7151,36
2dc6350c,2197,3.7151,19
a824d64,4735,3.7151,1
33cfb59e,4340,3.7096,27
618baac5,3864,3.7123,27
7df99dad,2213,3.7178,19
6508161b,3865,3.7288,27
2ba53c61,4327,3.7315,27
17447652,4886,3.7315,36
26e185e2,5302,3.7288,1
37cf7eb,4887,3.7315,36
1b885d1,2199,3.7315,19
35fa8552,5303,3.7342,1
1f1ed89a,3897,3.737,27
90d7c52,5095,3.737,1
7b39b73d,5094,3.737,1
1d95e2ff,3873,3.7397,27
3eea3386,4874,3.7425,36
5fdbe11c,3582,3.7425,27
7b22f1c5,4333,3.7425,27
36e83875,5096,3.7452,1
5ef1ca,3588,3.7452,27
6fc79444,4914,3.7452,36
6f944ba1,4734,3.7479,1
1848edb6,2214,3.7479,19
6fef9fd4,4733,3.7507,1
3cd943d9,4875,3.7534,36
6bc46097,3585,3.7534,27
715dcea0,5234,3.7562,1
2e27b860,3874,3.7562,27
3d25934f,3866,3.7534,27
4b14d8b9,4332,3.7534,27
54a327b5,3872,3.7562,27
702c86ad,4918,3.7644,36
475471f9,4888,3.7671,36
56fa2db7,3867,3.7671,27
3b46e6c1,2208,3.7671,19
7695f093,5224,3.7644,1
12aa9c01,5220,3.7671,1
15ba8c76,4328,3.7699,27
19c610ee,4329,3.7726,27
400e6a2d,5221,3.7753,1
682acb9,2205,3.7753,19
10a7854e,5097,3.7699,1
7d7d1c10,4863,3.7726,36
2e8ae93c,3589,3.7753,27
479a4923,5222,3.7753,1
6ef2705e,5235,3.7753,1
5d1e30af,3898,3.7808,27
4eeab8d1,3583,3.7808,27
2e680a3d,2209,3.7808,19
5b2c337e,5223,3.789,1
2621c8c5,2215,3.7863,19
a161fe6,4330,3.7918,27
11211245,2217,3.7863,19
135f1875,2206,3.7973,19
2bac74dc,4872,3.7973,36
4313fd54,4864,3.8,36
4c6c29e4,3885,3.8055,27
3e3e68c,5248,3.8082,1
39303039,4919,3.8055,36
201aae60,4893,3.8082,36
68d8342b,3584,3.8082,27
7493783a,4873,3.8137,36
6cd0d374,4736,3.8192,1
4c1a3f69,4334,3.8219,27
55022e85,4737,3.8274,1
3986f124,2146,3.8274,19
10d6f353,3875,3.8274,27
7f6b1bdb,4343,3.8274,27
62178228,3591,3.8274,27
6c96409f,3586,3.8274,27
64cfbbb,2246,3.8301,19
4bfd6a35,3899,3.8329,27
6c6f1552,5114,3.8356,1
649b8b05,2207,3.8438,19
3237dc35,4894,3.8438,36
6c7bf054,5308,3.8493,1
4c77832c,4902,3.8521,36
58a6ca75,4344,3.8548,27
3614b03c,3587,3.8548,27
54fc6320,4920,3.8438,36
6736d0bb,5225,3.863,1
17a84192,4865,3.8658,36
7933d470,3876,3.8658,27
4ee15d15,4876,3.8658,36
1f03ef7a,2148,3.8658,19
34f0875f,3877,3.8658,27
4af299d9,4896,3.8658,37
2d8554a3,2149,3.8685,19
69c8bdf3,5304,3.8712,1
69b0e78f,5228,3.8795,1
551f734c,5115,3.8767,1
125ea31f,3607,3.8795,27
37529731,3608,3.8795,27
4e91d85c,4341,3.8795,27
30f5fd34,3878,3.8822,27
1c7ee9fc,4342,3.8822,27
729cf963,5249,3.8822,1
51d4031e,4722,3.8849,1
4ed7584d,4345,3.8849,27
250d7962,4921,3.8849,36
496d1ab0,2216,3.8849,19
3affe6ad,3606,3.8849,27
30cfcb41,3900,3.8877,27
4172e2b5,4897,3.8877,37
3513dfe6,5116,3.8877,1
7b9b664f,5250,3.8904,1
35c02fbe,5098,3.8904,1
63f104f9,3592,3.8904,27
48360b8e,2221,3.8932,19
129961f6,4877,3.8877,36
3117a7ce,2247,3.8959,19
68bfb5d9,2150,3.8959,19
5c36daaf,2152,3.8959,19
370bcb1c,5226,3.8986,1
4f99cc08,2249,3.8986,19
5a1da95f,4895,3.9014,36
3014f311,2200,3.8986,19
6d83221,4866,3.9014,36
59ae8d24,2151,3.9041,19
58d6e395,5241,3.9068,1
5aa82760,5251,3.9041,1
6fb6ee81,5236,3.9068,1
78ad141d,2153,3.9096,19
55c76181,2248,3.9096,19
3ae2eae7,5254,3.9123,1
62f8d9dc,3611,3.9123,27
72652462,3609,3.9151,27
1cc098c6,5259,3.9151,1
31d8ec6b,4922,3.9178,36
154ae5b5,5237,3.9205,1
7263040f,2250,3.9205,19
386835d,3593,3.9233,27
4ed7854a,5242,3.9233,1
564922fe,2154,3.926,19
200437e8,3901,3.926,27
62a11910,5099,3.926,1
10ae2ddb,4382,3.9288,27
f6fa3e2,5100,3.9288,1
ed57e90,5252,3.9342,1
64569fc3,5101,3.937,1
5f7a667,5117,3.937,1
77756588,5309,3.9397,1
3e65d81b,2269,3.9397,19
5271a408,2147,3.9425,19
2099102,5227,3.9425,1
3a75cbba,4346,3.9425,27
4d902ce,3590,3.9425,27
6670a059,4923,3.9425,36
397e097b,5310,3.9507,1
77b11ed7,4383,3.9507,27
638d3380,2270,3.9507,19
6b4433c4,3902,3.9507,27
9c35c0,4924,3.9507,36
36d83934,3594,3.9534,27
3c430d5c,2251,3.9562,19
5d100d21,5253,3.9562,1
1234e4f3,4381,3.9534,27
65527e18,4384,3.9589,27
415fa603,4347,3.9644,27
1cfbc20c,3614,3.9644,27
29ddae1c,5305,3.9671,1
5f09b781,4867,3.9671,36
635a6ddd,5106,3.9671,1
21732818,2252,3.9699,19
651adf64,3612,3.9726,27
77bdd9f9,2271,3.9726,19
47396656,5102,3.9753,1
7f32a541,4403,3.9753,27
4c60a43c,5103,3.9753,1
558bce58,3613,3.9753,27
210e358,3610,3.9781,27
598c0969,4898,3.9753,37
33fea7b4,2253,3.9781,19
7af6b4b3,5260,3.9753,1
45810720,4348,3.9808,27
71845cbb,3617,3.9836,27
48fad4a3,4903,3.9836,36
422ea610,5257,3.9836,1
54abf92,4904,3.9836,36
e7f090f,2254,3.9945,19
4163675f,5104,4,1
12519a4c,4387,4,27
c101b69,2218,4,19
7a514c95,2255,4.0055,19
20d2951f,4389,4.0055,27
73e6fa55,4385,4.0082,27
32887740,2219,4.011,19
42cda060,2272,4.011,19
7603bf4b,4926,4.0137,36
3748db48,4390,4.0164,27
69eafe97,5307,4.0192,1
2f8fd06,2273,4.0192,19
739bf48a,3618,4.0192,27
694e9d57,5402,4.0192,1
57eec8af,4905,4.0164,36
123b0f99,5105,4.0219,1
3e2896f0,5243,4.0219,1
23911047,5230,4.0219,1
644a2bbc,2222,4.0247,19
15ae7cb4,4388,4.0247,27
48169f27,4925,4.0247,36
20c14c0d,5258,4.0247,1
32f31fc3,5261,4.0301,1
194b22f2,5118,4.0301,1
43f38cae,2220,4.0356,19
3fe0dc50,4927,4.0384,36
1547d168,3622,4.0384,27
55db2d80,5311,4.0384,1
a124d69,3615,4.0411,27
33291227,5231,4.0438,1
184e49bb,4941,4.0411,36
6a0ad14f,5229,4.0438,1
1475c01f,4386,4.0466,27
c94befd,2256,4.0466,19
77573d62,4900,4.0493,37
1dbeb1a2,3620,4.0493,27
2771ff32,4421,4.0493,35
e3bde77,4899,4.0521,37
40c95eff,5255,4.0521,1
2812d4e5,2283,4.0521,19
b236ba,4391,4.0575,27
5646a968,5306,4.0575,1
502a98bd,5108,4.0575,1
5a9e0ae1,5262,4.0603,1
649558ab,4350,4.0575,27
39c8d23c,4349,4.0658,27
7503b565,3595,4.0658,27
71e83408,5244,4.0685,1
5b0be1d6,5256,4.0685,1
5efa2b92,2224,4.0712,19
1595aa1c,4942,4.0712,36
49ace3b2,5245,4.0712,1
37b1d943,4901,4.0712,37
71d175d1,2225,4.0767,19
75f1424a,5107,4.0767,1
20bf6990,4928,4.0795,36
468a29,5233,4.0767,1
2e5948e0,4906,4.074,36
54dcdf07,3621,4.0822,27
ff4cfe5,5232,4.0822,1
3bd70bf0,2274,4.0849,19
5fad4a22,4422,4.0767,27
21bd49c8,3623,4.0849,27
6d3b9237,2223,4.0849,19
4499f392,3619,4.0849,27
4712f87a,2284,4.0849,19
4340c8b6,4943,4.0904,36
2af5ea4e,5403,4.0822,1
48cea62f,4392,4.0904,27
18cf4664,2276,4.0904,19
300bffcb,5263,4.0932,1
754b8404,2275,4.0932,19
57e36d26,5109,4.0959,1
65962163,4907,4.0986,36
4809ab5c,5238,4.1014,1
bc076ce,5247,4.1041,1
450d6f61,5312,4.1068,1
6c4fb860,5119,4.1068,1
170cbd25,5342,4.1068,1
6999bdfe,4354,4.1068,27
7a5fb542,3596,4.1151,27
5487ab0f,2227,4.1151,19
459a8547,5315,4.1178,1
65b89738,5246,4.1205,1
6148b647,4423,4.1233,27
663afa89,5404,4.126,1
f0cfa92,3597,4.126,27
4f1f5dda,4355,4.1288,27
1e2de689,4404,4.126,27
1c6e0248,4929,4.1288,36
3a739185,5317,4.1397,1
b2cdaf0,5120,4.1397,1
eb97902,2277,4.1397,19
631c696d,2257,4.1397,19
1274c229,5344,4.1425,1
34ad965b,5316,4.1452,1
593b2164,5240,4.1479,1
596c6c2f,4351,4.1479,27
76c6b690,5239,4.1507,1
6d3d98a1,2228,4.1507,19
2e60328c,5110,4.1479,1
35fad413,4407,4.1534,27
35cae3c9,5345,4.1534,1
f7dfc4b,5347,4.1507,1
e848595,3624,4.1507,27
6d3d821a,4352,4.1562,27
f8bf0df,4405,4.1562,27
6f74cac1,4427,4.1562,27
45764297,4393,4.1562,27
44da2571,3599,4.1589,27
1487283d,5266,4.1644,1
5d6ccaae,3625,4.1644,27
2a79496e,5346,4.1671,1
4fd683c0,4425,4.1671,27
3f1d00fd,4406,4.1753,27
12f601e3,2259,4.1726,19
5b1c735d,5318,4.1753,1
297480a9,2278,4.1808,19
72210ef4,3603,4.1808,27
49269ed0,3598,4.1808,27
1eeb75e1,2260,4.1808,19
3cb096c6,5319,4.1836,1
435791de,3604,4.1836,27
31cc3831,3616,4.1836,27
4ce1e0c6,3605,4.1836,27
9e0d0c6,5269,4.1863,1
31de719a,2287,4.1863,19
6103ca20,3600,4.1808,27
22a7e116,5405,4.189,1
2dce7364,5406,4.189,1
6f5e95e6,3601,4.189,27
10f300e7,2285,4.189,19
dc1ecbe,2279,4.1836,19
534aeb31,2230,4.1863,19
4820a51b,2229,4.1918,19
40dc60c0,5264,4.1945,1
427ad079,2288,4.1945,19
7e37f7c,4426,4.1945,27
46eda864,5313,4.1973,1
ba8c5df,4353,4.1973,27
28d16e0a,5343,4.1973,1
3cbc8a71,4944,4.2027,36
17b9bb0a,2286,4.2027,19
79f08675,5320,4.2055,1
21476438,4363,4.2082,27
7bfceaf1,4410,4.2082,27
3154ed6b,2280,4.2055,19
4c6a161a,2289,4.2137,19
5616dd0b,5268,4.2137,1
4aa11e5a,5370,4.2137,1
5c889dd0,4356,4.2137,27
404e8a9d,4930,4.2164,36
2050f91a,5348,4.2219,1
62417084,2258,4.2219,19
6e321521,4357,4.2247,27
7a3f1701,4364,4.2301,27
4e1170b9,5407,4.2329,1
69aed848,2290,4.2329,19
8250a9,4408,4.2356,27
207c8a7,5112,4.2356,1
47d6e4e6,4361,4.2356,27
23e80e4a,2281,4.2356,19
582518cc,5111,4.2384,1
4a301c79,4411,4.2384,27
764eb768,2226,4.2356,19
64f8c93,2291,4.2411,19
765c17ee,4413,4.2438,27
3cc50e88,4945,4.2466,36
3fb31b8f,5323,4.2466,1
45e223fe,4414,4.2493,27
5317afcb,2299,4.2466,19
47325a6f,4412,4.2493,27
60fa4e65,4428,4.2521,27
34536c57,4409,4.2521,27
5ad4f4e1,5314,4.2493,1
f602cf6,4946,4.2548,36
3d5bd219,4359,4.2575,27
12c53031,5321,4.2575,1
6fcbad74,4395,4.2575,27
61422be7,4415,4.2658,27
26af6cc,5408,4.263,1
60b163fa,4429,4.2658,27
39951a08,5375,4.2685,1
b87b043,2300,4.2685,19
7beaafc7,5322,4.274,1
2ee3fae0,2301,4.2712,19
9845a63,2302,4.2767,19
27be5803,4396,4.2795,27
16bb82ee,4358,4.2795,27
168f34c7,5465,4.2767,1
3df33337,5371,4.2795,1
68d81aca,5324,4.2767,1
28d7dd97,2232,4.2822,19
223e59cd,5376,4.2822,1
69b68042,4424,4.2822,27
4190c9f4,4949,4.2877,36
1130003a,2261,4.2877,25
1f04d83d,4360,4.2904,27
426def0f,4418,4.2904,27
57551df,5409,4.2932,1
14d5a09b,5265,4.2904,1
2da9570c,4416,4.2932,27
91c021,5356,4.2959,1
162d3e4e,5381,4.3014,1
71db1ab0,5121,4.3041,1
7f455c62,4419,4.3041,27
7c91be65,2262,4.3041,25
2a16b4bb,2263,4.3068,25
23af63b0,4397,4.3041,27
7f655bd7,2233,4.3123,19
ef6b0c8,2264,4.3151,25
44a1f79,5473,4.3151,1
1b66d027,4953,4.3178,36
4e088b7f,2265,4.3178,25
75c31286,5377,4.3205,1
21a67a90,5372,4.3205,1
681d255d,5373,4.3233,1
c6c616b,5267,4.326,1
6b550ea,4394,4.3178,27
6b8f2598,4365,4.326,27
796fa083,4954,4.3288,36
16e7e1fc,2303,4.3315,19
3a79d1ca,2266,4.3315,25
28c880f8,4366,4.3342,27
2c2746da,2231,4.3342,19
5e6aaa3,5467,4.3342,1
fafec7d,4430,4.337,27
7165dc54,4401,4.337,27
1d465dc0,4398,4.3397,27
b41c924,5379,4.3397,1
3bc2d95d,5468,4.3452,1
641a350d,2295,4.3479,19
4b1ddc13,2267,4.3507,25
4e9034bd,4370,4.3507,27
63351403,2296,4.3507,19
56b2f735,4362,4.3479,27
73ea44b4,5122,4.3534,38
3c90b3a8,2268,4.3562,25
77ce3d35,5378,4.3562,1
360467a6,4950,4.3562,36
176a5a36,4951,4.3562,36
16e0c8b5,2282,4.3589,19
2e5ea680,5410,4.3589,1
287f11eb,4399,4.3616,27
3dd37a15,5474,4.3616,1
782d3c73,4947,4.3616,36
39121780,4948,4.3644,36
239cef50,2292,4.3644,19
73bc5281,5349,4.3644,1
55999d31,5350,4.3644,1
6e5b1902,5113,4.3644,1
44c6ed55,5383,4.3671,1
e46cf2,4367,4.3671,27
11dd0e35,5367,4.3753,1
8b4792a,2240,4.3753,19
7b6b812c,5325,4.3753,1
584be14f,4420,4.3781,27
5b04e954,5382,4.3808,1
219ee0d5,4952,4.3808,36
2ff18289,5351,4.3836,1
5a956449,2239,4.389,19
ac8b0e5,4417,4.3918,27
2d0d3271,5271,4.3973,1
2a4bff06,4368,4.3836,27
76f42a10,5123,4.3945,38
7c053ad2,2297,4.4,19
3305e22f,4438,4.4027,27
775fc084,2241,4.4027,19
219a2a6,5326,4.4055,1
155a6af5,5380,4.4055,1
4b975fdb,2304,4.411,19
42c5edcd,4437,4.411,27
d067ba1,4400,4.411,27
66db892b,5368,4.4137,1
24ec1aaf,5357,4.4137,1
5574f06e,4371,4.4137,27
38b2c488,4372,4.4164,27
6d77b4c,5327,4.4164,1
42aa205b,2242,4.4219,19
302f5fe0,5478,4.4301,1
1e974be9,2293,4.4329,19
23275e6c,5411,4.4329,1
309c1aab,4373,4.4356,27
7a068307,5352,4.4356,1
5e6a57ad,5358,4.4384,1
4727b632,4402,4.4411,27
173ea53f,5412,4.4411,1
59ee1264,5466,4.4384,1
5535f1cb,5416,4.4411,1
2f594b79,5353,4.4493,1
584f06b2,5270,4.4521,1
4d2c14f0,4439,4.4548,27
64784203,2243,4.4575,19
1e394cee,4369,4.4548,27
2668b48a,5414,4.4658,1
7b5eced3,2294,4.4658,19
5678dedc,2339,4.4685,19
1fc9c525,4993,4.4685,36
7036f64a,5369,4.463,1
24bc8a9e,5374,4.4712,1
2919f08c,2234,4.4712,19
3987554d,5329,4.4712,1
7e446091,4440,4.474,27
7e0197,4431,4.4767,27
3e6cedbd,5415,4.4767,1
5897e76c,2298,4.4767,19
5b39fc0e,4377,4.474,27
6a44f10,5126,4.4822,38
5ffc4b7c,5475,4.4822,1
38b76b68,2340,4.4849,19
8822fac,5359,4.4877,1
3598326b,4443,4.4877,27
3677f39b,5328,4.4904,1
4b3f0960,4444,4.4904,27
5259b0e4,4442,4.4959,27
26a6cbae,4441,4.4932,27
5699f268,2236,4.4959,19
2fc40fca,4378,4.4986,27
1c03675b,5125,4.5014,38
7461d235,2235,4.5014,19
3c22aaf,4434,4.5041,27
6fe2d647,5413,4.5068,1
13296ac2,2237,4.5068,19
1c1c8d32,2341,4.5096,19
1b221855,5390,4.5096,1
9a7cecc,2342,4.5096,19
5180da40,5479,4.5151,1
298da85f,4374,4.5178,27
4f3d1a03,2306,4.5205,19
22e6ed8b,2238,4.5233,19
7587653c,4435,4.5233,27
158096b5,5480,4.526,1
42050c9f,5124,4.5288,38
60e9bd0,2305,4.526,19
6aabb5fc,5272,4.5315,1
1391b42f,5354,4.5342,1
235add6,5432,4.5315,1
683e38fb,5360,4.5342,1
1a1cfe37,5273,4.537,1
4321197,5384,4.537,1
50531109,2343,4.537,19
2bc647da,5481,4.5452,1
32a65bb9,5433,4.5452,1
4f36e69c,4956,4.5452,36
5b9ce844,2345,4.5425,19
427d9c7a,2352,4.5452,19
42866c1f,2344,4.5425,19
3afc60d5,5388,4.5534,1
61e7106,4432,4.5562,27
28aea3f3,4955,4.5589,36
5939d46d,5385,4.5589,1
1aed57,4994,4.5589,36
75792a13,5287,4.5534,1
2e4dabb7,2307,4.5589,19
2895ae74,5476,4.5616,1
3f988db7,5477,4.5616,1
542a39f0,5279,4.5644,1
5149db0f,2346,4.5644,19
2ac701a4,4379,4.5699,27
2b681266,5386,4.5699,1
3f97de35,5274,4.5699,1
3a77958e,4375,4.5726,27
2579b06c,4445,4.5726,27
37215f46,4931,4.5753,36
364659e1,5435,4.5781,1
309b7142,5361,4.5808,1
58894ded,5391,4.5808,1
65eff2d5,4446,4.5808,27
12b6ca4f,5387,4.5836,1
61e236d8,5482,4.5836,1
a984ac7,5483,4.5836,1
186c885c,5355,4.5836,1
28fa8de,5280,4.5836,1
72ab1aa1,2244,4.589,19
3aadb841,5127,4.5945,38
46fff920,4376,4.5945,27
39c96079,2353,4.5973,19
361173b9,5362,4.6,1
2fad820b,5484,4.6027,1
131d1bf3,2308,4.6027,19
4425c661,5469,4.6055,1
7daa013c,5470,4.6055,1
f927c58,5436,4.6055,39
74ab3cda,5434,4.6055,1
1ed7fae0,4447,4.6164,27
33d9abe7,4433,4.6137,27
2f356178,5494,4.6192,1
2d5d5a8,3602,4.6164,27
23f42fe8,2355,4.6274,19
70ab6787,5485,4.6274,1
5d8c3ee2,5364,4.6301,1
59b6ba8a,5471,4.6329,1
35728aed,2347,4.6329,19
75624c81,4995,4.6329,36
776ba6aa,5288,4.6356,1
4baced8b,4380,4.6356,27
90af51c,5128,4.6384,38
27a26c9e,5491,4.6411,1
40c32aaf,2315,4.6438,19
6a378aeb,2356,4.6466,19
46dbe293,4448,4.6466,27
7229a04a,5365,4.6493,1
2be67af2,5389,4.6493,1
7dd0ddb7,5417,4.6521,1
6d99dbc1,2348,4.6521,19
640677e4,4449,4.6521,27
5b92b0de,2310,4.6548,19
433b60b4,5437,4.6521,39
387d2001,5419,4.6575,1
6f13d9bd,5495,4.6575,1
21c980c1,5418,4.6548,1
39ef6a8c,5438,4.6603,39
68c32898,5487,4.6603,1
19ecda0c,5486,4.663,1
74ce9e78,4932,4.6658,36
36b73167,2354,4.6658,19
58900bc,5363,4.6658,1
47c158c1,5472,4.6685,1
3882c68f,2311,4.6712,19
383fb2b9,2312,4.6712,19
7a46c1b0,5496,4.674,1
7c9ac4d5,4450,4.6767,27
642690ed,5129,4.6767,38
545ec6c9,4996,4.6795,36
11310c81,2245,4.6822,19
42688477,5439,4.6822,39
7f84a5c8,5616,4.6822,1
e6f96cb,4937,4.6795,36
2c256141,5497,4.6877,1
35e92540,5617,4.6877,1
332454b6,5440,4.6849,39
410f55d7,5443,4.6904,39
46a71bde,5498,4.6932,1
3a18e56f,4957,4.6932,36
2b08977e,5488,4.6959,1
1092de25,5441,4.6986,39
2e224cd5,5492,4.6986,1
6e154e02,5444,4.6986,39
7c873b40,5132,4.7014,38
7a62b103,2357,4.7014,19
3e438513,5493,4.7014,1
72bd5d84,2313,4.7014,19
372535a8,5506,4.7014,1
58a060e6,5366,4.7014,1
7ae90dfc,2309,4.7014,19
3a347f0f,5499,4.7014,1
62203e58,2368,4.6986,19
7c36cfc1,5427,4.7014,1
7d9d5fcb,5130,4.7041,38
274a27f1,4936,4.7041,36
157e4809,5131,4.7041,38
76cf7600,2349,4.7041,19
3ccde7df,2316,4.7041,19
4ace2a18,5500,4.7041,1
2d970d48,5445,4.7041,39
2065118c,4451,4.7068,27
611da2aa,4452,4.7068,27
7345f940,5442,4.7096,39
486093da,5281,4.7096,1
5d882ad3,5395,4.7096,1
5569b99f,5284,4.7123,1
93ac58b,5289,4.7123,1
45886935,2314,4.7178,19
594a1de5,5501,4.7178,1
41f7e212,5505,4.7178,1
1ebe713a,4938,4.7178,36
18f96219,2319,4.7205,19
11d5f1d6,2358,4.7233,19
6f4c768c,5446,4.7205,39
216fdfe,5502,4.7233,1
512cae0f,5420,4.7233,1
6f49bebd,4997,4.726,36
633d5dce,2350,4.726,19
56f1b55a,5282,4.7288,1
6299255d,5133,4.7315,38
4007d3e5,5421,4.7342,1
49dd3506,2359,4.737,19
12dd1202,2317,4.7342,19
39457ec9,5428,4.737,1
47230aff,5430,4.7397,1
67767218,5429,4.7397,1
1d4131f6,5503,4.7397,1
f60b7a1,4436,4.7425,27
5a7fb6ae,4958,4.7425,36
504b2040,2320,4.7425,19
4796ee3,2364,4.7425,19
10a3211b,2369,4.7425,19
1af44111,4939,4.7452,36
13343b2f,5392,4.7479,1
5cf541dc,5504,4.7479,1
555708a0,5449,4.7507,39
6d9327d2,5393,4.7534,1
5fcc940c,5568,4.7534,1
2941c588,2351,4.7479,19
443eda08,4934,4.7534,36
2cfabf75,2362,4.7562,19
1008e5de,5618,4.7589,1
1981d1f7,5447,4.7589,39
6079c4a5,5431,4.7589,1
1ff53917,2365,4.7616,19
7a79cc02,2321,4.7616,19
8ec4d77,5507,4.7616,1
269eec23,5510,4.7644,1
4eec01cf,5422,4.7644,1
78e7a484,5489,4.7644,1
4c995480,5423,4.7671,1
128ac91a,5394,4.7589,1
4324c09c,5426,4.7671,1
52ca3256,5396,4.7699,1
6d68534e,5620,4.7699,1
1143f74b,5508,4.7726,1
286e09e3,4933,4.7726,36
6ce8d7ed,5619,4.7671,1
9addacc,5453,4.7726,39
26f00a94,5490,4.7781,1
7e892eb8,5330,4.7726,1
54f4d93b,4940,4.7836,36
33e802d3,5509,4.789,1
156a1a90,5450,4.7808,39
48b63ed6,5533,4.789,1
22211a6b,2381,4.7918,19
506e2215,2325,4.7945,19
23634c51,4453,4.7945,27
66187c37,5424,4.7973,1
4cc0c0dd,5569,4.8,1
6d9f3dda,2327,4.8,19
5427f5fc,5331,4.8055,1
717bd28b,5286,4.8055,1
3bf73251,2326,4.8082,19
1e06cdae,5275,4.7973,1
2aadff57,5537,4.8082,1
2f12a918,2318,4.811,19
44712113,2366,4.811,19
6b314c9c,2328,4.8137,19
69d68e11,4455,4.8137,27
53b6b05a,5570,4.811,1
1e027a86,5511,4.8137,1
7f369076,2322,4.8164,19
224d2f87,5283,4.8192,1
449f7ff4,5571,4.8192,1
49c4fbab,2363,4.8219,19
23a67c5,5332,4.8219,1
73a38e6c,2323,4.8274,19
49404112,5621,4.8247,1
4bb62c05,5451,4.8274,39
761ff711,5622,4.8301,1
186843da,4456,4.8274,27
49bd0b5d,5538,4.8301,1
2be8ba9,5534,4.8356,1
b904390,5584,4.8356,1
6f2c8fcf,5334,4.8384,1
51bca7ab,5276,4.8384,1
707aa922,5277,4.8384,1
6ef8747,6821,4.8411,1
feac8c9,5623,4.8438,1
3bdfa760,5134,4.8438,38
1e492a80,5461,4.8493,39
68876539,5535,4.8466,1
64e653b1,4960,4.8493,36
3d936364,5448,4.8521,39
7bb12711,5459,4.8548,39
2c7b0fcd,5536,4.8521,1
4ca4f5e3,5290,4.8575,1
7ad6aa28,5539,4.8603,1
5cf87e55,5540,4.8603,1
77dee860,5455,4.863,39
47e69438,5278,4.8575,1
2e035374,5541,4.8658,1
5af2341e,2367,4.8685,19
aaf8ca6,5335,4.8685,1
2f09e728,5586,4.8712,1
3e03e674,2382,4.8712,19
751a776e,5285,4.8712,1
3273051d,5587,4.874,1
44cf7549,5460,4.874,39
65de0be2,5575,4.8767,1
43d9a130,5624,4.8767,1
69280fbb,5572,4.8767,1
37df592b,5512,4.8712,1
56725aea,5452,4.8795,39
535d7cf1,5462,4.8767,39
1e1db63f,5573,4.8795,1
4366cadd,2329,4.8822,19
675a3ed0,2370,4.8795,19
4db823a0,5425,4.8822,1
64c4b87b,5585,4.8849,1
20a50b03,5588,4.8877,1
55601de8,5454,4.8877,39
59c981c7,5513,4.8932,1
fe10d23,5397,4.8877,1
180ffde5,5456,4.8932,39
10fa10f4,2383,4.8932,19
45a0c05e,2371,4.8959,19
50f2a694,5590,4.8959,1
377599ba,2324,4.9014,19
77c85210,5457,4.9068,39
34a9de87,5626,4.9068,1
1a9860a1,4998,4.9068,36
71aa1880,5574,4.9041,1
6a89f746,5627,4.9068,1
5f6470d5,5592,4.9096,1
2543d058,4457,4.9123,27
48cb268,5576,4.9123,1
38b52988,5589,4.9151,1
219a4678,5514,4.9151,1
5d847846,5135,4.9178,38
66feb2be,5333,4.9178,1
370abb57,4959,4.9178,36
78053fb,4999,4.9205,36
a626c60,2361,4.9151,19
199a44d0,5463,4.9233,39
1c80c393,5594,4.926,1
1f261726,4968,4.926,36
3b9a3922,5595,4.9288,1
2282435d,5577,4.9288,1
30b720f0,5458,4.9288,39
69752f19,5625,4.9315,1
7373f5ff,5336,4.9315,1
194a819a,5593,4.9288,1
2962b145,5591,4.9315,1
47fd8cbe,5398,4.9315,1
692f4e97,5554,4.9342,1
238e280c,5542,4.937,1
c20ac4a,5291,4.937,1
51f8240,2374,4.937,19
59174973,4961,4.9397,36
48149528,4935,4.9397,36
7440edf6,2372,4.9397,19
67885e1f,2360,4.9397,19
3483abf0,2373,4.9315,19
1e7cdd2c,5518,4.937,1
722da61e,4466,4.9452,27
1f1daf0,5137,4.9397,38
579cc7a8,5519,4.9479,1
3bafe405,5600,4.9507,1
24ac1477,5528,4.9507,1
5c412873,5629,4.9507,1
434378b3,5136,4.9507,38
31727375,4962,4.9562,36
4c6a1c71,5599,4.9562,1
8a1a627,5526,4.9562,1
528680d,4467,4.9534,27
3104bff5,5628,4.9589,1
193d754d,6823,4.9671,1
1ca868d3,6822,4.9589,1
711c3723,5522,4.9671,1
5e9449a0,6824,4.9671,1
3732410d,5597,4.9699,1
43e5eefe,5527,4.9726,1
45d7ddbb,2376,4.9753,19
1ae6db22,4458,4.9726,27
a535272,5555,4.9753,1
2f4c401c,5543,4.9781,1
781e8423,2375,4.9781,19
684e8990,5544,4.9808,1
254f7825,5339,4.9808,1
1aaf91e5,5581,4.9808,1
161c210f,5520,4.9836,1
a822855,5521,4.9836,1
81f2bf9,4977,4.9781,36
54d2e770,5633,4.9863,1
321474b6,5596,4.989,1
1c255990,2377,4.9863,19
45f72fa2,4963,4.9918,36
5eac67c9,5545,4.9918,1
1d86f20b,4462,4.9918,27
c2684c9,5634,4.9945,1
705030d0,2404,4.9973,19
4d7f933c,5578,4.9945,1
67432632,4459,5.0055,27
5f7be6df,5630,5.011,1
2edc8b50,5529,5.011,1
1f8b1bc4,5654,5.0137,40
6187ccb1,5515,5.011,1
614a8340,4975,5.0137,36
2b060232,4969,5.0137,36
6c9479ad,5523,5.0137,1
33a9d2ca,4463,5.0082,27
6cc177c,4976,5.0164,36
1d408205,5556,5.0164,1
52d6c911,5001,5.0164,36
57fcd833,2405,5.0137,19
2f146e03,5531,5.0164,1
7f812307,5641,5.0164,1
4985eb6a,5579,5.0192,1
50cc08f5,5642,5.0192,1
3436cdbc,6826,5.0219,1
38dec94f,5516,5.0219,1
5ee6ab85,2378,5.0219,19
6edd9b0c,5598,5.0219,1
6c84e046,5580,5.0219,1
22dec828,5548,5.0247,1
498fe575,2406,5.0247,19
4b0812b3,5658,5.0301,40
c55d44,6825,5.0301,1
540e5afc,4468,5.0301,27
629ca945,5532,5.0329,1
698aa22f,4460,5.0301,27
32396cf7,5337,5.0301,1
430ffd27,2379,5.0356,19
65708600,2330,5.0356,19
62a1dd6a,5464,5.0384,39
5e0690cb,5713,5.0411,40
eb43b8b,2380,5.0411,19
625cb8e9,5000,5.0329,36
3fd6224,5714,5.0466,40
6fdba5bc,5546,5.0466,1
531e044,6857,5.0493,1
2ad8bfb,5557,5.0493,1
6aa925c8,5660,5.0521,40
58ed8b64,5549,5.0521,1
525473fd,5338,5.0548,1
3cc8c81f,2331,5.0521,19
1fec3d2b,5524,5.0548,1
2b6e2319,5712,5.0575,40
5ad47612,4964,5.0575,36
20a6c567,5655,5.0575,40
5eddb13d,5138,5.0575,38
4f13714,5558,5.0603,1
7d6ca57e,5550,5.0575,1
133e2570,5582,5.0575,1
6b77da49,5292,5.0658,1
5810ca43,5631,5.0658,1
55540fc2,5530,5.0658,1
4d0b0743,5517,5.0658,1
18fb2939,5715,5.074,40
46e7aab7,5293,5.074,1
33b887b6,5140,5.0795,38
575858e2,5662,5.0822,40
261cbf9d,5601,5.0849,1
67efe886,5685,5.0877,40
1ca644de,5525,5.0877,1
28774f6b,5145,5.0932,38
30c4393b,4461,5.0904,27
1eea0b49,5643,5.0959,1
52dcdfe2,5632,5.0959,1
4042dec5,5560,5.0959,1
515e3a17,5602,5.0959,1
170c5e44,5340,5.0986,1
1f20c336,5559,5.0986,1
2b373cff,5562,5.0986,1
7dd56baa,5661,5.0986,40
5dfb7885,5551,5.1014,1
445b397f,6858,5.1014,1
569935cf,2384,5.1041,19
479c8d,5644,5.1068,1
6fee350,5645,5.1096,1
14d7232a,5663,5.1068,40
1b73b231,5664,5.1123,41
28c4f570,5552,5.1096,1
45bcbdd,5716,5.1096,40
38449c2f,4464,5.1151,27
5d3c9a94,5294,5.1151,1
49510c14,5717,5.1151,40
4f35dd35,4970,5.1041,36
15eae22d,5563,5.1151,1
9d3a15b,2332,5.1178,19
48232dd9,5146,5.1123,38
299e8d9d,5139,5.1151,38
6b27f909,2333,5.1205,19
5315844b,5637,5.1233,1
7fea544f,4978,5.126,36
2ef6f38e,4471,5.126,27
73d961a8,5656,5.126,40
2762216b,5566,5.1288,1
4461ad6f,5547,5.1315,1
a0751e4,5668,5.1342,40
13f4a9a9,5735,5.1288,40
3270ef85,5657,5.1315,40
2b185e5e,6859,5.1342,1
1dc74b2f,5718,5.1288,40
2dffa102,5564,5.1342,1
1bf0fcf5,5002,5.137,36
5c2b5dfa,4988,5.137,36
72f3ab7b,5565,5.1315,1
55ca0839,4965,5.137,36
5ed5433,5341,5.137,1
19e6172f,5659,5.1397,40
76a1cf1b,4971,5.1397,36
73af9a36,5719,5.1397,40
1c8c14bc,5635,5.1425,1
35fa276d,4469,5.1452,27
4ddbefde,6861,5.1452,1
5911a225,5400,5.1507,1
42aaa279,6827,5.1507,1
3eff6764,5669,5.1507,40
24c306bd,5636,5.1534,1
5adafe99,5399,5.1562,1
486d4f03,2334,5.1589,19
5b607c0b,5739,5.1589,40
5f43951d,5639,5.1616,1
1ac20dd6,4470,5.1616,27
17610621,6860,5.1644,1
35564699,5567,5.1644,1
1c99ac35,5666,5.1644,40
767ed653,5665,5.1644,40
7c58d9f7,5667,5.1671,40
63178853,4473,5.1671,27
64f26826,5022,5.1671,36
643ef6a5,5638,5.1644,1
5e131cb4,5640,5.1726,1
1995235,5725,5.1753,40
765da978,5649,5.1753,1
65c5e2c8,5141,5.1726,38
23f5b478,4989,5.1781,36
1d546bc8,4465,5.1808,27
68b642c9,5737,5.1781,40
73bb30ce,5721,5.1808,40
39a24fd3,5740,5.1836,40
bb9834b,5726,5.1836,40
7c7ab7dd,5295,5.1836,1
377a7aeb,5691,5.1836,40
6d00d6c7,5646,5.1863,1
4797b6e9,4966,5.1753,36
30842598,5647,5.1863,1
6ce0b51f,5738,5.1863,40
8a9274a,5670,5.1836,40
6e5ee07c,4979,5.1836,36
63f47e76,4474,5.1945,27
192ebc1f,5741,5.1945,40
708fba68,5671,5.1945,40
315d4044,5720,5.1973,40
711a9fd7,5142,5.1973,38
56b1f2ea,6828,5.1973,1
1db80baf,5648,5.1918,1
1069be8a,5736,5.2,40
4b6d83a3,5692,5.2,40
6eac493e,5722,5.2,40
3314d237,5742,5.1973,40
6ed4a731,2336,5.2,19
498341d3,2385,5.2027,19
456a1464,5673,5.2027,40
507af394,5686,5.2027,40
1b5c2b85,5723,5.2082,40
48827ce4,5553,5.2055,1
5d5e88a4,5693,5.2137,40
5abf36c8,5727,5.2137,40
71cbc980,6863,5.211,1
20453e19,5003,5.2164,36
7b7b13a9,5729,5.2164,40
12f1d686,6830,5.2192,1
52c9bfca,4990,5.2192,36
7858a026,4472,5.2192,27
24de7b00,5728,5.2164,40
7163ca2d,5743,5.2192,40
785f97ee,5143,5.2219,38
5b9a2517,6829,5.2219,1
44b2f641,5696,5.2219,40
2c8f9ac4,5672,5.2219,40
2b6f6e58,5828,5.2274,40
76e0bc4e,2337,5.2356,19
262d0164,5829,5.2329,40
52b36301,6831,5.2356,1
6d0d16ee,5732,5.2356,40
1e7cc5cd,2335,5.2384,19
18b8620c,5843,5.2384,40
5094d147,5401,5.2384,1
19761b3f,5730,5.2384,40
1c49c499,5689,5.2384,40
64632870,5688,5.2411,40
128bc352,5298,5.2411,1
41461474,5687,5.2384,40
5302c81a,5652,5.2411,1
5d4f402d,5561,5.2438,1
3b8d8ddf,5296,5.2411,1
6932fb3b,5841,5.2438,40
14ef7ec5,5842,5.2438,40
5832ae59,5651,5.2466,1
f0623f5,5756,5.2493,40
7113ea0d,5650,5.2438,1
1ee5bbbc,5731,5.2493,40
53e89e5f,5733,5.2493,40
6dcf065c,4991,5.2521,36
3e2ca6a,5675,5.2521,40
68f0df49,5583,5.2521,1
30e9a9f1,5674,5.2548,40
27e4d3d5,2407,5.2575,19
320ccc93,2409,5.2575,19
27a8e122,5678,5.2575,40
5a736207,5844,5.2575,40
6b4ca166,2338,5.2575,19
54b58502,6846,5.2575,1
f345f41,5757,5.2603,40
6ff50e74,5912,5.2603,40
2a4aa2f7,4475,5.263,27
3fbc2f88,6864,5.263,1
2e573ad7,5913,5.263,40
360030aa,6839,5.2658,1
1b63bf7c,5603,5.2658,1
5c2294ca,4992,5.2658,36
4bb48c1b,6862,5.2658,1
7c8670a7,5147,5.2658,38
7a18b814,5690,5.2658,40
3254f759,5297,5.2575,1
5def615c,6840,5.2685,1
d065a93,5907,5.2685,40
12a3310e,5908,5.2685,40
2dc4e356,5830,5.2685,40
383f3788,5875,5.2685,40
1e7c5452,2415,5.274,19
15848016,5744,5.274,40
15dc2dd2,5845,5.274,40
1f08a26c,2408,5.274,19
5e4a5572,5694,5.2767,40
22e8542d,4478,5.2767,27
3e3c70af,4967,5.2712,36
56ae4f1f,6847,5.2795,1
cef9c64,4980,5.2822,36
82b94e,5608,5.2795,1
602bdc4f,6841,5.2849,1
44d9b1e2,5653,5.2849,1
41b55c58,5910,5.2849,40
34a509a1,6848,5.2877,1
2fa29b32,5876,5.2877,40
14477609,4479,5.2877,27
21788eb2,5759,5.2877,40
1f8ff776,5676,5.2904,40
55c80023,5697,5.2904,40
165013c4,6849,5.2904,1
aa4f8ae,5909,5.2932,40
6fccea56,5884,5.2932,40
f18949e,5677,5.2904,40
1940788a,5758,5.2932,40
3c9a5009,6833,5.2959,1
3bb1229,5778,5.2932,40
7e8ad0df,6842,5.2959,1
198b4c05,5681,5.2986,40
6df32d2f,4476,5.2986,27
3d3b0aa7,5700,5.2986,40
53cf0f11,5760,5.2986,40
48c28c87,5831,5.3014,40
3cac5ae5,5846,5.3014,40
592701e5,2386,5.3014,19
723b2a57,5914,5.2986,40
2e413623,5604,5.3041,1
70642a7c,5705,5.3041,40
11ad35bc,6850,5.3041,1
3a6fcc4c,5682,5.3041,40
1d38050c,5877,5.3041,40
4cdefb1d,6832,5.3041,1
34a637ef,5779,5.3014,40
706f809b,5724,5.3068,40
77c89332,5695,5.3096,40
6fadc62d,5915,5.3096,40
3e60d626,5734,5.3041,40
435c4017,5023,5.3096,36
2da2fbff,4480,5.3041,27
169ffb45,6835,5.3096,1
546f5fbd,5707,5.3123,40
3d61438,6867,5.3096,1
3ba162e0,5165,5.3151,38
1f648e95,5880,5.3151,40
25a3f385,4986,5.3178,36
7453f36c,6836,5.3178,1
4c8f71a7,5892,5.3205,40
427b9d0f,6868,5.3205,1
141fb2ea,6869,5.3205,1
4686705e,5148,5.3205,38
7950b3f3,2416,5.3233,19
43d54887,5832,5.326,40
2f9ab90d,6843,5.326,1
74600b13,5746,5.3233,40
75707ada,5749,5.326,40
6aed6375,5701,5.326,40
165e9af0,6844,5.326,1
7f2669cc,5004,5.326,36
beacda8,5150,5.3288,38
3c04dfb3,6837,5.3288,1
a9de16b,5911,5.3288,40
687673d2,5679,5.3288,40
24521f19,4972,5.3315,36
790811b6,5849,5.3342,40
44bd7a73,5702,5.3315,40
1c7b2145,5698,5.3315,40
474829fb,5149,5.3342,38
73564cdc,5916,5.3342,40
4a6a66a1,6999,5.3342,1
fde07a0,6866,5.337,1
95ff051,5683,5.3342,40
48ae7d0a,4481,5.3342,27
516845d0,6865,5.3315,1
2e74bb5a,4981,5.337,36
58df1bbd,6870,5.337,1
63a27b81,5680,5.3342,40
7077f4e0,5882,5.337,40
7b522fdf,5780,5.3397,40
2a673ed3,2410,5.3397,19
5bf0d1fb,5885,5.3397,40
2bfec777,4482,5.3425,27
6461f61c,5894,5.3425,40
ea71198,5745,5.3452,40
538566be,5709,5.3425,40
54761398,5703,5.3452,40
e1dd6c6,5852,5.3452,40
6527100f,5833,5.3425,40
533af6e2,6853,5.3397,1
7bfdbadd,5917,5.3452,40
2346c632,5893,5.3397,40
2bf2caad,5891,5.3452,40
4bb992f3,5918,5.3452,40
124a2d3f,2417,5.3479,19
2fd03a79,6851,5.3479,1
28790b7a,6834,5.3479,1
249126da,5166,5.3479,38
6771c4a2,5850,5.3507,40
495c39c7,5848,5.3507,40
299ec94d,6852,5.3507,1
4148d52,5847,5.3507,40
6da91da6,5606,5.3562,1
459383d5,5605,5.3562,1
12731c65,5763,5.3562,40
27f065,5781,5.3479,40
3a469e87,6845,5.3562,1
1f27e044,5708,5.3589,40
46f3555e,5704,5.3534,40
1bc297bd,5785,5.3616,40
15fe90e4,5706,5.3616,40
357b77df,5886,5.3644,40
697e9d8b,5750,5.3644,40
668e8066,4483,5.3671,27
71645e3,5919,5.3671,40
69bd1f51,5888,5.3671,40
74325528,4973,5.3671,36
66ad7678,4982,5.3699,36
53a10e13,4484,5.3699,27
52e7c4a1,5854,5.3699,40
341a50c0,5782,5.3726,40
3989ee8d,5895,5.3753,40
6283ae39,5887,5.3753,40
eadbc04,5024,5.3726,36
68577141,6838,5.3781,1
1edc0740,5609,5.3781,1
61d190c4,5610,5.3781,1
2ff5d66,5881,5.3781,40
51f1e901,5883,5.3781,40
653312a4,5684,5.3808,40
2fe90278,5855,5.3808,40
515dae17,4974,5.3808,36
42d3f0f1,5856,5.3836,40
3abf91a0,5747,5.3808,40
72f2f90c,5783,5.3836,40
64d8de17,5699,5.3836,40
3c5ea36,2418,5.3836,19
5eccd6c7,5748,5.3836,40
18b86e2f,5851,5.3863,40
3a323349,7000,5.389,1
160afa63,5005,5.3918,36
2ec87c8b,6871,5.3945,1
755aa66b,6872,5.3973,1
302fc2d5,5710,5.3918,40
5e597bf2,5890,5.3973,40
1f415bb8,5151,5.3973,38
720050ff,5853,5.4,40
52c9c92a,5006,5.4,36
7586b6c8,7001,5.4,1
475abe6a,5751,5.4,40
4eea2256,5144,5.4027,38
52d3a1a2,2387,5.4027,19
222494af,5154,5.4055,38
3e389958,5611,5.4027,1
2c83d91b,5752,5.4027,40
6312b398,5753,5.4082,40
6515d2b9,5878,5.411,40
5b8fab08,6897,5.4137,1
1f1d651a,5784,5.4137,40
3cd76591,6854,5.4164,1
2d642ce3,6873,5.4137,1
5b1cd4a4,5896,5.4192,40
10d75564,5761,5.4192,40
6416c7d1,5299,5.4192,1
7245ff21,5920,5.4219,40
6819fc84,5899,5.4219,40
559dbcd7,5897,5.4219,40
7fcbbf75,5868,5.4247,40
3f4ff7d2,7002,5.4247,1
2d31d712,5770,5.4164,40
77692e44,4984,5.4247,36
a6be3ec,5612,5.4274,1
10baac45,6901,5.4274,1
33107007,4477,5.4274,27
6631910a,5764,5.4301,40
1084c3b3,5857,5.4301,40
55199d62,5762,5.4301,40
320ae84f,2411,5.4301,19
65b94f8e,5788,5.4301,40
f6a3bf2,5789,5.4301,40
39c5f8f7,5898,5.4301,40
20ae8020,5866,5.4329,40
7a3462cb,5834,5.4329,40
6de1ab4e,5771,5.4301,40
fc46e84,5012,5.4329,36
512f7125,5879,5.4356,40
473b39b7,5799,5.4356,40
13401ef0,5858,5.4329,40
3fdcf252,5865,5.4384,40
11c59de2,5900,5.4384,40
15501ad5,5889,5.4384,40
7383015f,5300,5.4356,1
b387f49,5711,5.4384,40
181c5740,6898,5.4356,1
400a6873,4485,5.4411,27
55994415,6855,5.4384,1
1d93abd8,5613,5.4438,1
674f597d,2413,5.4438,19
7495ec17,5765,5.4438,40
6b33a77c,5786,5.4438,40
6b7e1ca9,5870,5.4466,40
79d152e6,5787,5.4438,40
76e7240a,6880,5.4466,1
2d498b95,5835,5.4438,40
5b37c107,6900,5.4521,1
4037059c,5901,5.4493,40
472a337a,5790,5.4521,40
fbfaee4,7003,5.4466,1
6e565ad1,5869,5.4521,40
22dbbe72,5927,5.4548,40
6ecb89a5,5872,5.4548,40
b115282,5936,5.4548,40
7372ad99,5902,5.4548,40
1c8e59d,5754,5.4548,40
33fcc2a0,5794,5.4548,40
32f8131f,5861,5.4575,40
54006ebc,5792,5.4575,40
704ab1b9,5903,5.4575,40
12a29dac,6881,5.463,1
47a7d0b7,5862,5.463,40
471ea49a,5013,5.463,36
358c378d,6899,5.4685,1
622eca0e,2414,5.4685,19
64e7641a,5836,5.4685,40
56ef2668,5007,5.4712,36
21be8c5b,5928,5.4712,40
5e712710,5873,5.4712,40
28b4367,5772,5.474,40
16618782,5871,5.474,40
49f9e6e0,2412,5.474,19
660a45d1,5791,5.474,40
3ec2b20c,5859,5.474,40
24056fc1,5860,5.4795,40
22cd4347,5867,5.4795,40
165dae02,6876,5.4795,1
3da43c17,7004,5.4795,1
32d02705,5155,5.4822,38
7a4f8d63,6882,5.4822,1
1d41d126,5863,5.4822,40
2e1a3584,5025,5.4795,36
283891b1,5874,5.4849,40
6164b081,5773,5.4795,40
72bf956a,5929,5.4849,40
d7638ac,5793,5.4877,40
61af95aa,7010,5.4877,1
250bc1a6,7013,5.4849,1
2b9114a8,6903,5.4877,1
179eea2e,6904,5.4904,1
a812fb2,5755,5.4904,40
329659f6,5156,5.4904,38
1ec2cee5,5938,5.4932,40
71fcd9b5,5766,5.4932,40
52ebb776,5008,5.4932,36
32c4e89f,4987,5.4932,36
313bbdca,5796,5.4877,40
269deb29,5904,5.4849,40
29c2b88b,5795,5.4959,40
578d2cf9,5921,5.4959,40
3cd72d3c,5937,5.4986,40
506e0281,2393,5.4986,19
19637f06,5301,5.4986,1
25599a41,5774,5.4986,40
20e2ed1b,6902,5.5014,1
2a15dc2,7005,5.5041,1
6bc35445,4985,5.5014,36
1f8ea182,5905,5.5041,40
5c7ee613,5797,5.5041,40
18cee0e9,6874,5.5068,1
1ac74131,5906,5.5014,40
1009e17f,4983,5.5068,36
6119ee47,5837,5.5096,40
4afcc209,5016,5.5096,36
255aaa17,2388,5.5096,19
7a87b5da,5607,5.5123,1
54c2171b,5864,5.5123,40
78826b00,5009,5.5151,36
8787c15,6856,5.5123,1
4f9621a5,7014,5.5178,1
b289d83,5804,5.5178,40
60993d8d,7017,5.5178,1
2b4a6d5f,5768,5.5123,40
552fea9a,5014,5.5205,36
1a24a139,5930,5.5288,40
337892a5,2391,5.5315,19
4ba03100,6905,5.5315,1
61f179d4,6883,5.5315,1
418c455f,5922,5.537,40
5e6331ba,5776,5.537,40
29f97d69,2390,5.537,19
639b7167,7015,5.537,1
7949384a,5010,5.537,36
94e8b19,6884,5.5342,1
4e67856b,5838,5.537,40
2c17bbfb,5924,5.5425,40
143ff757,2394,5.5425,19
6954b08a,5167,5.5425,38
1bea3c16,5777,5.5452,40
a3394f3,5939,5.5452,40
61dd5fad,5839,5.5452,40
2d4163fc,5801,5.5479,40
566f79,5923,5.5479,40
4e6b5ed4,7016,5.5479,1
6701e0ce,6885,5.5507,1
710374d1,6906,5.5507,1
7aa87d6b,7018,5.5507,1
5cd0af41,6886,5.5507,1
34bf3385,6875,5.5507,1
5ef06c3f,5805,5.5534,40
678a11af,5798,5.5507,40
3ef900b8,6907,5.5562,1
6e20c1ef,2392,5.5562,19
73173ff9,7006,5.5562,1
2edb2430,5806,5.5534,40
3ceec0d,5767,5.5562,40
196b5f2d,6908,5.5562,1
6f616078,5011,5.5589,36
25c3629a,5152,5.5589,38
26c445a3,5802,5.5534,40
37b63b99,6887,5.5616,1
524e28b6,5931,5.5616,40
119f97e5,2395,5.5644,19
7519470e,6912,5.5671,1
47773e6,6916,5.5671,1
4b702c85,5840,5.5699,40
68d8a6c5,5926,5.5671,40
5953484,5932,5.5699,40
3a0b220f,5157,5.5726,38
705525cf,5803,5.5699,40
5d165b8e,7011,5.5753,1
203e57f3,5153,5.5753,38
718b75bc,7026,5.5726,1
342b23c6,6888,5.5753,1
12732ad8,6913,5.5753,1
604edc1c,5925,5.5808,40
786b78fb,5614,5.5808,1
2474e6cb,5018,5.5836,36
ef8416c,5017,5.5863,36
5568f81,7027,5.5863,1
743452cd,6877,5.589,1
46b49001,5941,5.5836,40
45f564a2,2389,5.589,19
9cabe51,5942,5.5918,40
38d1026e,6911,5.5918,1
5a07b9ed,5775,5.5973,40
3439167b,6889,5.5973,1
68dd0e9b,7203,5.5973,1
582fb39c,2440,5.5973,19
4376e2e0,6918,5.6,1
5be778cd,5943,5.6,40
435f95c3,5019,5.6055,36
2e09ccc6,7007,5.6055,1
6701caa1,6914,5.6055,1
66c96d67,6919,5.6055,1
5c7e7592,6917,5.6082,1
28ebed1f,5933,5.6137,40
1725944c,2419,5.6164,19
3a2a619a,5158,5.6192,38
15d741a8,5962,5.6192,42
6223c518,5934,5.6192,40
599faae4,2397,5.6219,19
6b026fe0,2396,5.6274,19
a534c81,5944,5.6274,40
305026fc,7028,5.6301,1
61baddcf,5183,5.6301,38
2224d6ab,5159,5.6301,38
6352f6b6,6909,5.6329,1
47bea8b2,5964,5.6356,42
7668117f,5945,5.6356,40
462763ee,5946,5.6356,40
32b4cada,2425,5.6356,19
7d0f06,7029,5.6384,1
36a8059f,5168,5.6384,38
59d51357,5935,5.6411,40
2c2321b6,5769,5.6411,40
4bed28b7,6910,5.6411,1
5f9bd90a,7020,5.6411,1
3776f8c0,6879,5.6411,1
3ff4655a,7012,5.6384,1
4184874c,5027,5.6438,36
69dc5c20,6878,5.6438,1
630eb75b,7019,5.6438,1
625c61b9,6890,5.6411,1
7b7602c,7008,5.6493,1
664f8ff6,7021,5.6466,1
1115abee,5963,5.6466,42
3b2916f,2424,5.6521,19
10c541dc,5028,5.6493,36
1304747b,6892,5.6548,1
7d02a668,6891,5.6548,1
2f8ed037,5800,5.6575,40
13f854f3,5162,5.6548,38
29092cf1,5807,5.6575,40
191e3207,2398,5.663,19
40c8567b,6893,5.663,1
11c6dd5d,5160,5.663,38
71480530,7204,5.6685,1
192e8f14,5184,5.6712,38
1bd769c4,5808,5.6658,40
3c5c73d6,6915,5.674,1
d0c80e8,5940,5.674,40
6502990a,5026,5.6767,36
60b7e872,5809,5.6822,40
408e34e9,5615,5.6849,1
29567ea5,7009,5.6877,1
1f132ded,7022,5.6877,1
76f1f527,5947,5.6904,40
29da77f3,7032,5.6932,1
1842375d,5813,5.6932,40
1e380dfd,6962,5.6932,1
67999bd0,5965,5.6959,42
1d860d3f,5020,5.6904,36
58fa2cbe,5030,5.6959,36
1477390d,6958,5.6986,1
4afe999b,7037,5.6986,1
6192cc0f,5974,5.6986,42
4cd0daf7,6925,5.7014,1
61422d31,6894,5.7014,1
5fce42c3,5817,5.7014,40
289eda4b,5814,5.7068,40
28cb0f81,7038,5.7096,1
62867f0d,6922,5.7096,1
3baf752e,5187,5.7123,38
125dedc9,7033,5.7123,1
3fa86d1b,2421,5.7096,19
4fefda68,5188,5.7123,38
1e40aa8f,6929,5.7123,1
638e3f2b,5818,5.7151,40
1f3256f4,7034,5.7123,1
2ebfe3e0,5163,5.7178,38
35b0206a,5021,5.7178,36
27553690,5819,5.7178,40
2add5178,5810,5.7233,40
7bac0720,5966,5.7233,42
68801771,6959,5.7233,1
4fabcb4f,7039,5.7233,1
4144859c,5189,5.7233,38
1525a5d,2399,5.7288,19
1adcd850,5031,5.7288,36
bbc89f7,5811,5.7288,40
6e318579,7036,5.7288,1
2eab65a2,7030,5.7288,1
7da2aa50,7031,5.7288,1
1c0f3ec,5015,5.7288,36
6edc2112,5190,5.7288,38
ca47bfd,5967,5.7315,42
64bca013,6920,5.7288,1
626570fb,7205,5.7288,1
343ffada,7035,5.7315,1
6d3e1914,6963,5.737,1
43d770bb,7023,5.7342,1
586bc423,2426,5.7397,19
a7c2292,7043,5.7397,1
27d30729,5812,5.7397,40
17977c70,2403,5.7425,19
20e665b,7044,5.7425,1
2ad43051,5948,5.7425,40
7a249c09,2400,5.7479,19
1127496d,5161,5.7479,38
371b39da,7042,5.7479,1
4c32468f,5949,5.7507,40
12a85fd4,5979,5.7507,42
39ef10cd,5975,5.7479,42
7a4d9dde,6921,5.7507,1
6d3c1a0a,2402,5.7507,19
2495ba26,5978,5.7534,42
7493179f,6931,5.7534,1
35bb08b8,5970,5.7562,42
238ec0bc,6932,5.7589,1
2a431a61,5952,5.7562,40
4680df59,6930,5.7616,1
2b93f1f9,6923,5.7616,1
7ecd5f17,5820,5.7644,40
4c6fc2bd,5950,5.7644,40
cd5b67e,2420,5.7671,19
6f8d3052,5823,5.7671,40
387d9224,6927,5.7671,1
2cdc57db,5969,5.7671,42
1e1402d7,5951,5.7699,40
3fd3312d,6924,5.7753,1
6b6b6841,7041,5.7753,1
25c78878,7045,5.7781,1
1bfb24ad,5976,5.7781,42
3d0734a6,2401,5.7781,19
42e6a1f7,6926,5.7781,1
d1e7a27,5174,5.7781,38
1403b7b4,7040,5.7808,1
569f37d5,5029,5.7808,36
52398ba4,5972,5.7836,42
2c081c86,5953,5.7836,40
d24b003,5815,5.7836,40
1d6223fe,6136,5.7863,42
253fb0a4,5175,5.7863,38
a311a49,5977,5.7863,42
144bc400,5172,5.7863,38
78cb1623,7253,5.7863,1
2029230e,6928,5.7918,1
22c88610,6138,5.7945,42
68693d8d,2422,5.7945,19
48b344ad,5036,5.7945,36
216b3fe6,5185,5.7945,38
60c64dcb,5973,5.7973,42
4775c5dd,6960,5.7973,1
66d10deb,6895,5.7973,1
4c26d70b,2454,5.8,19
3415abb0,6896,5.8,1
4cf926db,7024,5.8,1
25cb49b4,7210,5.8055,1
4b1bb6b3,6933,5.8055,1
7dcfb985,7046,5.8055,1
524acc4b,5968,5.8055,42
5780e727,6165,5.8082,42
3e411708,2441,5.8082,19
4366bd6a,2427,5.8082,19
3aedac1f,7141,5.8,1
e719a8b,5034,5.8082,36
6a84ddba,6934,5.8082,1
e0d7fa2,7113,5.8082,1
38c2c03c,7142,5.811,1
6f980e6f,7211,5.8137,1
23bd672b,5186,5.811,38
46a8fc91,5164,5.8137,38
68c50758,5971,5.8164,42
47819759,7047,5.8164,1
fcd34bd,7025,5.8137,1
e000da1,7207,5.8192,1
4ebf24fe,6977,5.8192,1
54f592f,7208,5.8192,1
6341ede7,2433,5.8219,19
6da2892b,7143,5.8219,1
25f464fa,7811,5.8274,1
597db7f9,5035,5.8247,36
49b68b76,7206,5.8301,1
30a4a8ba,5816,5.8301,40
4d8166b,6976,5.8329,1
20d61be,5983,5.8329,42
6ad9dc67,7212,5.8274,1
7f9da7b2,5032,5.8356,36
6a692183,6961,5.8329,1
2e4619eb,2442,5.8384,19
47af9d0c,5980,5.8384,42
551d027c,7049,5.8384,1
76db5465,2432,5.8384,19
75c2666e,6166,5.8356,42
68cc8214,6935,5.8384,1
11ad7b82,5954,5.8384,40
53b035fc,6141,5.8329,42
6e03d314,7048,5.8438,1
4257cacd,6144,5.8411,42
770fbe62,6139,5.8438,42
4e872cb1,6137,5.8411,42
1c4aff48,5981,5.8384,42
6c2114a6,7055,5.8466,1
667bfb53,7053,5.8466,1
105caa4d,6142,5.8466,42
6749fe53,7093,5.8466,1
56690d4e,7264,5.8493,1
48d25859,2423,5.8493,19
3da98dcc,5176,5.8521,38
153a474c,7057,5.8521,1
2ed99833,7209,5.8521,1
74931d21,2455,5.8548,19
16b02372,6005,5.8548,42
5a53992,5982,5.8493,42
42e20e4d,6007,5.8548,42
20180e22,5984,5.8575,42
4c8e6515,5177,5.8603,38
604bbcbf,6936,5.8603,1
3209469d,7054,5.863,1
528027e0,6175,5.863,42
6d994668,7056,5.8603,1
500ab120,6168,5.8658,42
28cf3812,7094,5.8658,1
7b23a5cc,5178,5.863,38
5cae06c6,5822,5.8685,40
59a83fc2,2447,5.8685,19
8f6834d,6964,5.8712,1
6e9d5a5a,7058,5.8658,1
4229e979,5955,5.8658,40
5ae788d1,7052,5.8658,1
6637842b,7213,5.8712,1
627c4d3d,7072,5.8712,1
6f93022a,7050,5.8712,1
954be09,6140,5.863,42
539865d4,6167,5.8712,42
530ddf3f,7073,5.874,1
24f81526,7832,5.8767,1
8705346,6008,5.8767,42
18563159,6048,5.874,42
251fe14b,5985,5.8767,42
412a81eb,6010,5.8795,42
4bca10eb,6143,5.8795,42
62bf2c32,7060,5.8767,1
38f08c97,7254,5.8795,1
98afda,7059,5.8795,1
2d4077bb,7114,5.8822,1
369667b0,7833,5.8822,1
2dd303ec,2443,5.8822,19
11fbb6f5,7051,5.8795,1
1bd53c39,7265,5.8822,1
3fa8e6de,6965,5.8795,1
3a86bd7c,5956,5.8822,40
f7f15a3,5821,5.8795,40
43ff46a7,6966,5.8822,1
3b99d610,5180,5.8877,38
34fbe142,7812,5.8877,1
7bfcf72e,6009,5.8904,42
43de3873,6978,5.8904,1
7a2d94d1,6937,5.8904,1
31a51873,5826,5.8822,40
ff1f4d2,5824,5.8904,40
64ebf59f,5957,5.8932,40
56c454d1,7115,5.8932,1
40d9d9c4,6169,5.8932,42
400ee269,7087,5.8932,1
7bf2b0fa,6172,5.8932,42
f640189,6049,5.8959,42
1fdfe58,7255,5.8959,1
7e3775d9,7215,5.8959,1
365749a4,6979,5.8986,1
58cc4af4,2456,5.8986,19
770b602d,2428,5.8986,19
54a14d69,6063,5.8986,42
19ea4faa,7266,5.9014,1
15fc3f5a,7256,5.9014,1
7eb1e5e2,2431,5.8986,19
2f5d4cfb,7084,5.9041,1
3fb4b35,6967,5.9041,1
4827d3ff,5033,5.9068,36
3d6be739,6006,5.9068,42
3cd5234e,6177,5.9068,42
792a8abb,7061,5.9068,1
20d1d448,7813,5.9041,1
569f5386,6178,5.9096,42
5cf6aa48,6971,5.9096,1
43c5c548,7085,5.9068,1
6e17f0d9,7214,5.9123,1
404a1ac7,6170,5.9123,42
6ce5722b,6176,5.9096,42
1e7057a,7086,5.9151,1
61b7430d,7418,5.9151,1
45d1efc3,7835,5.9151,1
402b0856,6051,5.9151,42
269c7a1c,5825,5.9151,40
7984e52,6968,5.9151,1
3e6d570e,7081,5.9178,1
534206f0,6179,5.9205,42
3c4768e,6180,5.9205,42
4bb3cd76,6173,5.9205,42
63189a83,2444,5.9205,19
e9cf08c,2448,5.9205,19
5a1d1376,6050,5.9205,42
1b9d8aa3,7096,5.9205,1
19abfb43,5179,5.9205,38
4ca65d7d,5986,5.9233,42
25d7ccf5,7145,5.9233,1
1763fd9a,7149,5.926,1
51547dd6,7074,5.926,1
2fe79f34,7267,5.926,1
3c4bea67,2429,5.9288,19
4e838af5,7420,5.926,1
5d8eb22e,7146,5.926,1
be61140,6972,5.9288,1
6be0731f,6011,5.926,42
681dca89,7837,5.9288,1
3a1b315d,7257,5.9288,1
23b1f369,7216,5.9315,1
12acfbf2,7147,5.9315,1
297b84f6,6171,5.9288,42
2fb45ad2,7217,5.9315,1
45173e4c,6064,5.9315,42
189c5f4,7127,5.9342,1
4c4617a0,7834,5.9315,1
394006b1,7148,5.9342,1
4c69695b,5173,5.9233,38
3d013c49,5191,5.937,38
44dd0d6,6174,5.937,42
fae7503,5181,5.937,38
36952b5,7062,5.937,1
745e3aae,7095,5.937,1
4009a318,6053,5.9342,42
2a2810af,7080,5.9315,1
631d13a5,7063,5.937,1
6613ce22,7861,5.937,1
6b8fb09b,6052,5.937,42
148682d,6012,5.937,42
72596e3e,6969,5.9425,1
64c40386,6938,5.9425,1
260f1633,5990,5.9425,42
3244de7b,6085,5.9452,42
349722dd,7075,5.9452,1
bd57e93,7105,5.9452,1
4fc9945c,5988,5.9452,42
1129bd18,6181,5.9452,42
50a1e40,7814,5.9452,1
258bd994,7258,5.9452,1
2663d20d,5192,5.9479,38
3f1b9981,7083,5.9479,1
7a7e6aa4,7150,5.9452,1
2fd393b5,2430,5.9452,19
546fb8a2,7129,5.9452,1
6ca4fb98,7116,5.9479,1
658697e2,7082,5.9452,1
18250843,7118,5.9452,1
56fbeedc,7088,5.9425,1
7f78e609,5182,5.9479,38
344baa45,5193,5.9452,38
652312a9,7130,5.9507,1
445089a9,7836,5.9507,1
6c279ddf,5039,5.9507,36
54d766fc,7117,5.9507,1
3da7f7a1,6054,5.9534,42
406c1ce6,5958,5.9534,40
1075b851,6055,5.9534,42
7f7acc25,7144,5.9534,1
7d622694,6029,5.9534,42
5dc98ef2,7841,5.9534,1
6043022a,6056,5.9534,42
49f1f1e3,6970,5.9534,1
25cb38cf,2445,5.9562,19
34648c9a,7419,5.9562,1
4c4e9a6e,7077,5.9562,1
a7614ed,6939,5.9534,1
7687482c,7816,5.9562,1
4e833e64,6066,5.9562,42
5e32717c,7097,5.9589,1
64d9d72b,7260,5.9589,1
285335b4,7131,5.9589,1
76cb3c4e,6288,5.9562,42
3bbf1a7a,2449,5.9589,19
1175e2a9,7076,5.9589,1
203a8ba6,7259,5.9616,1
f3cfaa3,7064,5.9616,1
4c134df4,6290,5.9616,42
72cd9e75,6534,5.9616,42
6de4c31,6013,5.9589,42
6e5f47ab,7152,5.9616,1
3875db79,2457,5.9616,19
2655d434,6973,5.9616,1
521eab0b,7815,5.9562,1
46e8ccfc,6625,5.9644,42
50d0794b,7099,5.9616,1
58ace311,7128,5.9644,1
7fcd5dfc,6146,5.9644,42
7f42f1d5,6145,5.9644,42
2c0bc557,6289,5.9671,42
13801fac,7231,5.9671,1
6b7829d,7098,5.9644,1
6e1317c7,6057,5.9671,42
1c40462f,5960,5.9671,40
18c7a263,7232,5.9671,1
f2e4774,6980,5.9671,1
b8a68aa,6030,5.9671,42
35378f66,7838,5.9671,1
436c1b28,5987,5.9671,42
1e1044e2,6553,5.9699,42
5d035c54,6014,5.9699,42
4056dfd5,6555,5.9699,42
6068781d,6065,5.9699,42
206ba567,5959,5.9671,40
292e52b3,2434,5.9616,19
2d8ea412,6031,5.9671,42
40490fb9,2435,5.9699,19
ab8b9e5,6940,5.9699,1
46b947c,5989,5.9726,42
4d1ea51a,6981,5.9699,1
673e6fc9,7132,5.9726,1
30237143,6020,5.9753,42
6bc3063e,6185,5.9726,42
247bed32,7065,5.9753,1
3f415ee6,7089,5.9753,1
1cf5bad2,6186,5.9753,42
3f06d7,6071,5.9753,42
1a3cda3b,7842,5.9753,1
37777966,6184,5.9753,42
44f67b40,6974,5.9753,1
3f9f1c91,7078,5.9699,1
e0d129a,6015,5.9781,42
23df674,2446,5.9781,19
75e6a108,7218,5.9781,1
325a50b1,7133,5.9808,1
1ff4b357,7269,5.9808,1
54250da2,6557,5.9808,42
cbf393d,6067,5.9781,42
3946cf04,6561,5.9808,42
7968c7c5,6982,5.9836,1
1957df81,7848,5.9836,1
65e38914,6537,5.9808,42
6ad24443,7261,5.9836,1
553be033,7817,5.9836,1
723796c2,7135,5.9781,1
b650ab9,6187,5.9863,42
73eda7ca,7839,5.9863,1
795debfc,7268,5.9863,1
3792f393,6558,5.9863,42
6796cf8a,5961,5.9863,40
1481171a,5827,5.989,40
a4c21b7,7172,5.989,1
1c583909,7136,5.989,1
357d4c50,6986,5.9836,1
6c2b7599,6182,5.9836,42
cf03212,6068,5.9918,42
3c764f7a,7134,5.9918,1
20d3a629,7840,5.9918,1
5643a097,6538,5.9945,42
4b797a1d,7421,5.9945,1
16b4820a,6189,5.9945,42
18b70239,6539,5.9945,42
25e81de8,6292,5.9945,42
73044eab,6188,5.9945,42
254122da,7137,5.9945,1
3a9f002a,7107,5.9945,1
17d750aa,6147,5.9918,42
37513ea3,2436,5.9945,19
523362fc,6975,5.9973,1
7e48cd92,7862,5.9973,1
451f758c,6556,5.9973,42
53b790f1,6983,5.9945,1
6dad0802,6017,5.9973,42
2440a3c9,6540,5.9945,42
164afa6f,7138,5.9973,1
1c5cce8e,6069,6,42
7303f5ec,6058,6,42
76eb1e96,6060,5.9945,42
5714b569,6032,5.9973,42
2d4629bb,7439,6,1
4106156a,7821,6,1
6fb7bc72,7270,6,1
1ed1ae5,6148,5.9973,42
70b1e2f7,7106,6.0027,1
223794bf,7173,6.0027,1
681f919a,6194,6.0027,42
1e891e3d,6941,6.0027,1
1cc844e,7296,6.0027,1
3b522999,7139,6.0027,1
7e9578da,7438,6,1
601999db,6149,6.0027,42
52534aec,6562,6.0027,42
749e5703,6559,6.0055,42
3a66ac76,7120,6.0027,1
1115532a,6663,6.0055,42
4413ba7a,2464,6.0055,19
68e83462,7121,6.0055,1
6ec84033,7079,6.0055,1
557fd2c3,7066,6.0055,1
ce6627c,6569,6.0055,42
136b0de1,7067,6.0055,1
25041ca6,6061,6.0055,42
96109ed,6019,6.0082,42
22a33bc8,6560,6.0027,42
1de95862,6554,6.0082,42
4104a61,7529,6.0082,1
180d9655,6086,6.0082,42
19a2dad8,7422,6.0055,1
2264cf5f,7297,6.0082,1
7519a939,6294,6.0082,42
1d226f1,7101,6.0082,1
e294809,6070,6.0055,42
a3370a4,6183,6.0082,42
32db50ba,6535,6.0082,42
22ae1dbe,6021,6.0082,42
660360e2,6291,6.0082,42
4d83e7a9,6077,6.011,42
30fa9a8b,6016,6.0082,42
635b5478,7425,6.011,1
6e940091,7440,6.011,1
3c781c45,5991,6.0137,42
35bbef3e,6033,6.0137,42
58b2f783,7119,6.011,1
61f38079,7423,6.0137,1
2fad945e,7532,6.0137,1
65369abc,7122,6.0137,1
5ad8282c,6984,6.011,1
2685e2f3,6293,6.0164,42
53cb2fda,7273,6.0164,1
1c8ac4cf,7069,6.0164,1
61877f6f,6570,6.0164,42
224b0865,7271,6.0164,1
28f44609,6087,6.0164,42
62125364,6536,6.0192,42
38b4244e,6062,6.0192,42
7f969ce7,7272,6.0192,1
42c61b1d,6660,6.0192,42
4888c942,7108,6.0219,1
32cfe332,6018,6.0219,42
38f13a44,6197,6.0219,42
217eef40,2450,6.0192,19
53921681,6059,6.0219,42
5d5e0768,6626,6.0219,42
7b162b7,6295,6.0219,42
3a1ed3bb,7090,6.0219,1
79fbec67,6022,6.0192,42
47134422,5993,6.0192,42
5433d177,7530,6.0219,1
59f903c0,7100,6.0247,1
59dee6b1,7109,6.0219,1
1591653a,7110,6.0247,1
332f3b3b,5194,6.0247,38
795dfc40,7123,6.0247,1
571876b4,7070,6.0247,1
49be61d8,7153,6.0274,1
29742371,7233,6.0247,1
3826d37,7102,6.0274,1
15ab2efb,7174,6.0274,1
112472c,7071,6.0274,1
3b984677,7281,6.0274,1
2b636fe6,6987,6.0301,1
67735087,7424,6.0274,1
744b5062,6088,6.0301,42
d990b62,2452,6.0301,19
c3a55ce,7819,6.0301,1
3d354968,7531,6.0329,1
403fc121,7822,6.0329,1
6ed94104,7299,6.0329,1
2bde95a6,7068,6.0301,1
3cb7f7bc,6664,6.0329,42
23f1fc2,6565,6.0329,42
4b9d63a1,7219,6.0329,1
264aafe0,7321,6.0356,1
79666d2a,6566,6.0356,42
7a6f6fad,7360,6.0356,1
6383b7d4,7533,6.0301,1
54be2d,6203,6.0329,42
3957080d,7283,6.0384,1
38c41a8d,7176,6.0356,1
1dc47e6e,7282,6.0356,1
7f17a8da,7091,6.0384,1
7e81d055,7298,6.0384,1
6609ad7a,6091,6.0384,42
580098db,6151,6.0384,42
1a93ba79,6301,6.0356,42
4129c04d,6563,6.0384,42
1db34ef3,7443,6.0384,1
1af47f4e,7157,6.0411,1
76686ef4,7111,6.0411,1
794ce3dc,7849,6.0329,1
7e0ffed0,7289,6.0411,1
4c2db219,7274,6.0411,1
47b8e050,7140,6.0411,1
7292399d,6989,6.0384,1
6cde6610,7843,6.0411,1
6da6ec25,2458,6.0411,19
6d9c2ba1,6195,6.0411,42
e21a95e,7156,6.0438,1
10bfa152,6076,6.0438,42
444ad909,2453,6.0411,19
1150b06c,6564,6.0411,42
4b4db1a7,7534,6.0356,1
3c5e9bb5,6090,6.0438,42
47004a4c,7222,6.0438,1
44e870ab,7158,6.0438,1
50af6b8a,6078,6.0438,42
76c928b1,7275,6.0411,1
33de4e0e,5170,6.0466,38
34341df6,6089,6.0438,42
45e7f35,7441,6.0466,1
1fecd3c1,7290,6.0466,1
20dffc2d,7277,6.0466,1
61307806,7112,6.0493,1
2087808e,7855,6.0493,1
757f127b,7159,6.0493,1
14d421eb,7175,6.0493,1
c74b5ce,6198,6.0438,42
53151ef9,6944,6.0493,1
3187acd5,6988,6.0521,1
3ce68c54,6945,6.0521,1
159584c3,7124,6.0493,1
fac1d9c,6942,6.0521,1
6e8cb25e,7276,6.0521,1
62614a5e,6328,6.0521,42
18d6ccf,7846,6.0548,1
75909ea3,6567,6.0548,42
6a6dfe6a,7426,6.0521,1
5367dc78,5992,6.0548,42
58f29a08,7226,6.0548,1
302918f2,6075,6.0521,42
35b23e33,7125,6.0548,1
58dbb0e1,7223,6.0548,1
5d07d8a6,6190,6.0548,42
14354328,6025,6.0548,42
6c2337d4,5995,6.0575,42
4844dfc5,5196,6.0575,38
4d9d3294,7225,6.0575,1
738f040c,7442,6.0548,1
667103e,7240,6.0575,1
68b34dc0,6992,6.0548,1
767c2785,2451,6.0575,19
4c9ecbd0,6152,6.0575,42
47ba192b,6665,6.0575,42
b4d98b3,6568,6.0575,42
31b70241,6571,6.0603,42
2653261d,7291,6.0603,1
3b42674c,6581,6.0603,42
4fe07fd2,7850,6.0575,1
4c345254,6156,6.0603,42
288fee9d,7224,6.0603,1
212344c7,6543,6.0575,42
1571075c,6329,6.0603,42
1effed30,6994,6.0603,1
522d0fd2,6074,6.0603,42
581f80c,6661,6.0603,42
3ebf8107,6199,6.0603,42
5f487d8d,2462,6.063,19
6521ba29,6196,6.063,42
6f6a6f19,7823,6.063,1
2d1f6c4a,6092,6.063,42
593fdc9e,6583,6.0603,42
54721f65,7444,6.063,1
65117207,6946,6.0603,1
333a2fd3,5037,6.0658,36
3c519d85,5195,6.063,38
7542a585,6541,6.0658,42
17645849,6662,6.0658,42
27695295,6943,6.0603,1
37d7fab3,6023,6.0658,42
2445a10,5044,6.0658,36
6f544d37,6985,6.0603,1
7088809e,6296,6.0658,42
4f48b0c8,5994,6.0658,42
7882ee5e,6072,6.0685,42
58b6af84,7285,6.0685,1
77915653,6297,6.0685,42
15467c50,6082,6.0658,42
2c89665d,5171,6.0685,38
21fe8216,6026,6.0685,42
4e616869,7151,6.0685,1
3cb32370,7220,6.0685,1
23c624ae,6150,6.0685,42
544787a,6341,6.0685,42
507fa4f6,6083,6.0685,42
1518bcb0,7851,6.0685,1
7e919e9,5169,6.063,38
214826c6,7824,6.0685,1
c3d7e0d,5040,6.0685,36
5c90ae06,7092,6.0685,1
1379c22c,7154,6.0712,1
73e7a893,7227,6.0685,1
144d6df4,6153,6.0712,42
4df401e5,7450,6.0712,1
1041d2d5,7300,6.0712,1
5e2c437e,6093,6.0712,42
21f1b782,6084,6.0712,42
4c676170,6315,6.0712,42
52aec553,6191,6.0685,42
6e254bcb,7229,6.0712,1
42c4bc2a,7262,6.0712,1
35df39e3,7263,6.0712,1
117fe656,6207,6.0685,42
55c08ca1,7427,6.0712,1
6d99448,6079,6.074,42
32825fdf,7447,6.074,1
7e5e784d,7155,6.0767,1
10fd6c86,6542,6.0767,42
61558cf5,6582,6.0658,42
6c441c82,7284,6.0712,1
17a6d4d0,6628,6.0767,42
1cd91d27,6316,6.074,42
51a6086d,7820,6.0767,1
1d4aaed7,6314,6.0767,42
3c6bf9fa,7228,6.074,1
688feb75,7387,6.074,1
90b7369,7858,6.0767,1
417f4889,6627,6.0795,42
22b8dd75,6208,6.0795,42
65591761,6036,6.0767,42
6b968632,6317,6.0767,42
35fb5e14,6666,6.0795,42
67b9f3f9,6205,6.0795,42
5cb9d487,7103,6.0795,1
432dcb2c,7221,6.0795,1
388ee910,7104,6.0795,1
31a1ff88,7126,6.0795,1
576a0beb,7278,6.0795,1
7f641cc4,6572,6.0822,42
6d6be243,2437,6.0795,19
22624097,7279,6.0822,1
25503263,7448,6.0822,1
7a8d9831,7230,6.0767,1
48c604d9,5996,6.0822,42
781083ae,6081,6.0795,42
5cf765e5,7428,6.0849,1
5a29518d,6080,6.0849,42
4a2d325a,6995,6.0849,1
3235070a,6073,6.0849,42
4ec4ff11,6584,6.0877,42
2a48ad46,7856,6.0849,1
29fb7361,6298,6.0877,42
ae72be6,6157,6.0849,42
107060e7,6299,6.0877,42
79a5298f,7818,6.0877,1
28d43ed9,6993,6.0877,1
b372da1,6332,6.0849,42
383c8f3a,6302,6.0904,42
2bd8b782,7292,6.0904,1
7be10a27,7844,6.0904,1
49096adf,5197,6.0904,38
1510799b,6996,6.0904,1
7b9ab81c,6027,6.0904,42
8d9257a,2460,6.0904,19
a84e92c,7286,6.0932,1
1cce9546,6330,6.0932,42
32ba849b,6200,6.0932,42
73899543,7160,6.0932,1
5e69df97,7244,6.0932,1
36e515b9,7445,6.0959,1
520eb8d7,6192,6.0959,42
501dc1a2,6681,6.0932,42
6f01756f,7241,6.0959,1
2a3faef0,6210,6.0959,42
7f849a7f,7453,6.0959,1
5f7cddb2,6105,6.0959,42
3b32713f,7432,6.0959,1
60be5344,7234,6.0959,1
119ac2f0,5998,6.0959,42
28b20c3c,6028,6.0959,42
213b9c,7845,6.0959,1
12976caf,7236,6.0986,1
555db14f,7162,6.0986,1
6d369434,6333,6.0986,42
64c2bfd5,7243,6.0986,1
4d1955f6,7847,6.0986,1
5b500985,7302,6.0986,1
75f642d3,7287,6.0986,1
5df5d138,6206,6.1014,42
5ac49995,7161,6.0932,1
108b806c,7245,6.1014,1
5448c72,7324,6.1014,1
3ff0819e,2465,6.1014,19
7b179754,6038,6.1014,42
520940cb,2469,6.1014,19
738f61e4,7864,6.1041,1
1df823be,6667,6.1041,42
43b19930,7303,6.0986,1
5a92ba62,6024,6.1041,42
4205b6e3,2459,6.1041,19
4a8d7f06,6342,6.1041,42
16b4403a,6670,6.1041,42
59bab924,6034,6.1041,42
173392db,6303,6.1068,42
23b2a597,7825,6.1068,1
2fcd5b5c,7293,6.1068,1
e8e88fa,6155,6.1068,42
24d395b5,6154,6.1014,42
2f7d7ebe,7305,6.1068,1
657ddc42,5038,6.1068,36
19d5f8db,7985,6.1068,1
cf5e973,7306,6.1068,1
64c10f0e,6331,6.1041,42
208d05a6,7235,6.1096,1
1628224c,6209,6.1096,42
7071f8e8,6669,6.1014,42
6916468,5999,6.1068,42
c1f1002,7307,6.1096,1
1ca42097,7433,6.1096,1
54cca690,6671,6.1096,42
3a1d407,6997,6.1123,1
7c68da23,7325,6.1123,1
4175eda1,6039,6.1123,42
70bc2b39,7877,6.1123,1
7db0d8c5,6106,6.1123,42
4733bc92,6991,6.1123,1
29455930,6158,6.1123,42
38b14ac2,6300,6.1123,42
43bcdbe1,2463,6.1096,19
19313828,2461,6.1123,19
6865a25f,6212,6.1123,42
1a3e7ee7,7242,6.1151,1
28ebc038,6990,6.1123,1
dad7517,6217,6.1151,42
1d4dfcf2,6000,6.1151,42
746d70fa,7852,6.1151,1
2f1844f,6035,6.1151,42
64925ccb,7326,6.1151,1
74ca92c6,7373,6.1151,1
164a86c7,6318,6.1123,42
93fde54,7857,6.1068,1
7e2f0c0,5050,6.1151,36
71e080f3,5041,6.1151,36
335e4cb6,6343,6.1151,42
6eb3c192,7304,6.1178,1
4464e9f7,7827,6.1178,1
7dc8215b,6673,6.1178,42
5410754b,7250,6.1151,1
21828022,6420,6.1178,42
60f84358,7374,6.1178,1
3b035e1,6421,6.1178,42
54dda2f1,7163,6.1178,1
1470cb70,7322,6.1178,1
616babd8,6094,6.1178,42
432bd62e,7859,6.1178,1
76df6c27,7865,6.1205,1
7845047a,7826,6.1205,1
44cc45c1,6639,6.1178,42
7203c737,6998,6.1205,1
6dc0f2,6321,6.1205,42
594b71d0,7237,6.1205,1
66245e97,6211,6.1205,42
2f6f6c2a,6204,6.1178,42
7fd9db69,2470,6.1205,19
591d6b1e,6319,6.1205,42
5bda441c,7866,6.1205,1
f806d71,6040,6.1205,42
7962e2d2,7451,6.1205,1
3eb3ed7b,6159,6.1178,42
cc42428,6309,6.1178,42
5376b08,7536,6.1233,1
950753a,6304,6.1233,42
28a9995e,6336,6.1205,42
59bf7ebb,6193,6.1205,42
5e11d07,7446,6.1233,1
3bb04998,7535,6.1233,1
31c30271,7246,6.126,1
55c40e7e,7431,6.126,1
584028e4,6310,6.126,42
618546fd,7301,6.126,1
487c0036,6585,6.126,42
3dbe50b9,6545,6.126,42
646048e2,7539,6.126,1
2f19583d,6573,6.126,42
74c8058,2473,6.1233,19
48383390,7449,6.126,1
2e79552d,6001,6.126,42
4bc4286f,7288,6.1233,1
28693f0f,7248,6.1288,1
21c42d21,6305,6.1288,42
4570c409,7294,6.1315,1
32e15180,7452,6.1315,1
2f1d1b98,7828,6.1288,1
4eedd833,5056,6.1315,36
4e4049ea,6676,6.1315,42
dd38ca7,7309,6.1315,1
4a55975e,7249,6.1315,1
6ad9f267,6218,6.1342,42
261af9cf,7247,6.1342,1
373dff1f,6674,6.1342,42
513461c1,6037,6.1342,42
57eb08f,5051,6.1288,36
5de36238,6311,6.1315,42
2f2b2a2c,6544,6.1315,42
4819538,5997,6.137,42
740bb7ef,7179,6.137,1
323ff9f4,7867,6.137,1
4433cfd5,7830,6.137,1
4c93ba3e,6636,6.137,42
658ed88c,6215,6.137,42
6df77db0,6546,6.137,42
28b37d90,7180,6.137,1
72244234,6334,6.137,42
23374404,7829,6.1397,1
306eb256,6201,6.137,42
3021636,5045,6.1397,36
4d5eca66,7986,6.1397,1
5367c180,2438,6.1397,19
4ae9b88c,6312,6.1397,42
f505f85,7308,6.1397,1
1cf05bff,7831,6.1425,1
71f6e220,6322,6.1425,42
765c094a,7323,6.1425,1
7bfddc73,6422,6.1452,42
65cc5f50,6352,6.1425,42
6195094e,6683,6.137,42
236d562b,6335,6.1452,42
35ed1d55,6672,6.1425,42
206651df,6547,6.1452,42
2757bc5c,6306,6.1452,42
6ec26a93,6041,6.1452,42
6dcfcfbb,7863,6.137,1
3318d5ab,6635,6.1479,42
21e282be,7295,6.1479,45
3bcd7f82,7540,6.1452,1
46261c9a,7375,6.1507,1
33e62c78,7454,6.1507,1
2c41b2fd,6307,6.1507,42
6a4afc8,7251,6.1479,1
56c5e1f1,7470,6.1507,1
2071f57f,6213,6.1507,42
22f688e5,7327,6.1507,1
18fa99c,7429,6.1479,1
5749c250,6308,6.1534,42
41eec9fc,7853,6.1507,1
3d515b14,7860,6.1507,1
25a40329,2471,6.1534,19
3c660e8f,2466,6.1534,19
b7081d6,7177,6.1534,1
3ccee257,7878,6.1479,1
39f603ac,7344,6.1534,1
3a992931,7178,6.1534,1
718ea86f,6160,6.1562,42
78ec3e91,6675,6.1562,42
e71e2df,5198,6.1562,38
7d529281,6346,6.1562,42
791b9094,6690,6.1562,42
601a3190,6423,6.1534,42
2c0490ea,6648,6.1562,42
61fc4056,6389,6.1534,42
8530072,7329,6.1589,1
2d69bedc,6344,6.1562,42
1c4e9c50,6691,6.1589,42
58c64daf,6668,6.1589,42
1fb3817f,6095,6.1589,42
ff3526b,6320,6.1589,42
6f0c8217,6688,6.1589,42
7482fba,6347,6.1562,42
465c7258,7328,6.1534,1
4f3ee55,7467,6.1589,1
118684aa,7330,6.1616,1
1a11a0b7,7469,6.1534,1
5c6279b0,6202,6.1562,42
4778a52f,6551,6.1616,42
5a280ceb,7238,6.1616,1
62fedabe,6640,6.1616,42
75fdda4e,6345,6.1589,42
3a9d82b8,7252,6.1616,1
384e1919,7164,6.1616,1
1b7e207f,7854,6.1616,1
2cf11f84,7541,6.1616,1
37458ffe,6161,6.1644,42
619b43ec,7280,6.1644,1
65853a9d,7376,6.1644,1
d7c2f86,6689,6.1644,42
165d6ba8,6359,6.1644,42
2d62ceac,7310,6.1616,1
33836f95,6952,6.1644,1
2c76eeb7,7316,6.1671,1
3d67c730,6221,6.1671,42
6cb799e,7317,6.1671,1
1d533ca6,6337,6.1644,42
a7bf458,6313,6.1671,42
30bae108,6219,6.1671,42
174efba5,7182,6.1671,1
926ec60,7468,6.1699,1
3fbc2761,7166,6.1699,1
54fc6353,2468,6.1699,19
50cec366,6647,6.1671,42
5c22413,7313,6.1726,1
12dbc057,7871,6.1699,1
3bb99d27,7331,6.1726,1
43702f05,6338,6.1726,42
2a9ba0e0,6948,6.1726,1
3eedeb1c,6357,6.1699,42
49ca1943,6002,6.1616,42
4001b9a5,6096,6.1726,42
1d590d5,7377,6.1726,1
27da1c7f,5046,6.1726,36
3ec309c6,2439,6.1726,19
13bd75f3,7239,6.1726,1
106578ef,7537,6.1753,1
672bb778,6677,6.1753,42
41001f62,6649,6.1781,42
163b50a0,7312,6.1781,1
396ae85c,7542,6.1781,1
2734d9e,6629,6.1753,42
3859badf,6424,6.1781,42
79e349b9,6353,6.1781,42
6fcd799c,6953,6.1753,1
17a566d1,6223,6.1781,42
fa2c606,7334,6.1781,1
7ad80a6f,6324,6.1808,42
19153a0c,7345,6.1808,1
25ba5411,6550,6.1808,42
3c312456,6390,6.1808,42
680cacd,6552,6.1781,42
3675454b,6097,6.1753,42
41189548,2467,6.1781,19
6b86b36,7314,6.1836,1
1910c9c2,7384,6.1808,1
743e0aa9,6954,6.1808,1
74686041,7990,6.1836,1
682b2c9a,6430,6.1836,42
6d9c4602,6548,6.1808,42
69f3625a,6387,6.1836,42
5eae6d4d,6388,6.1836,42
fda1712,6679,6.1863,42
6fd0d5fe,7435,6.1863,1
60f32250,7383,6.1863,1
12e06da6,6354,6.1863,42
3f09aeb2,7473,6.1863,1
569ff388,7335,6.1863,1
2f07aaa9,7346,6.1836,1
3e9b6fb2,7165,6.1863,1
4c953aed,6632,6.1836,42
65bf9344,7544,6.189,1
40e8292e,6003,6.189,42
777f3fb8,7361,6.189,1
12fc281a,7434,6.189,1
77db3afa,5048,6.189,36
6ee7a2f6,6216,6.189,42
60ebd26d,6630,6.1863,42
4e9a3ee0,6348,6.189,42
13a48a92,6425,6.189,42
3d066ef6,7381,6.189,1
6ea59bb2,6391,6.189,42
506344b1,7183,6.1918,1
67a4a435,7315,6.1918,1
695b07e9,6355,6.1918,42
2be1697b,7477,6.1918,1
61ede67a,6214,6.1918,42
232a637e,7332,6.1945,1
127f4cbd,7311,6.1945,1
7e3eccde,6220,6.1945,42
19b0d72d,7872,6.1945,1
3c25bb2a,7362,6.1945,1
4c641e43,2474,6.1973,19
2496a9d6,7868,6.1945,1
3c5274e9,6586,6.1973,42
2dbf64a2,6947,6.1973,1
21b8e1cb,7186,6.1945,1
4145f150,6678,6.1973,42
508c38b7,6637,6.1945,42
7fd6fb73,7339,6.1973,1
299a0a5f,6643,6.1945,42
473bb14d,7474,6.2,1
7643709d,7475,6.1973,1
3e061045,7873,6.2,1
47372d28,7336,6.2,1
5d1c5d5a,7478,6.2,1
37a3144e,7870,6.2,1
30b609fc,7543,6.1973,1
3e3cb397,6325,6.2027,42
401c8715,5049,6.2,36
7f55f4c1,7471,6.2,1
7f2cfb3e,6162,6.2027,42
d740f7,6950,6.2027,1
570bc67c,6652,6.2027,42
2a845a4d,7551,6.2027,1
50744fd0,7378,6.1973,1
4899bbeb,7388,6.2027,1
562a78d8,6431,6.2027,42
6c405a12,7363,6.2027,1
1eb88285,7472,6.2027,1
1b7b245a,7869,6.1973,1
1e926355,6107,6.2,42
70ec2a5f,7337,6.2027,1
2a9a226d,7498,6.2027,1
68819a90,7991,6.2027,1
6504c41e,7319,6.2055,1
74abb433,7338,6.2055,1
4db4e2c6,6339,6.2027,42
485de00d,7185,6.2055,1
f596981,7992,6.2055,1
6be837e0,7552,6.2055,1
6038f9c,6099,6.2055,42
280f2ab7,6654,6.2055,42
1742e62e,7184,6.2027,1
1ac19a9,6682,6.2082,42
45fd6d7c,6043,6.2082,42
6f800514,6340,6.2082,42
3e0bc0c1,7879,6.2082,1
5f0be7f8,6392,6.2082,42
7133e7e8,7379,6.2082,1
1ef4e47f,6358,6.1918,42
7e1922a8,6163,6.2082,42
7ead2eb4,6222,6.2055,42
7e768f40,7380,6.211,1
104f8a2e,6587,6.2082,42
29215344,7476,6.1973,1
1e1a38aa,7437,6.2082,1
9d56d53,7479,6.2137,1
652788bd,2472,6.2082,19
46bf5c2e,7436,6.211,1
9aff33b,7874,6.2137,1
2bb2b8a8,6641,6.211,42
7209af03,6951,6.2137,1
4e6bd340,6349,6.2164,42
382bc79d,7187,6.2164,1
6624fc8,7553,6.211,1
392c89b0,7875,6.2164,1
1cfb641b,7389,6.2164,1
29cdac06,7318,6.2164,1
4fbc918d,6356,6.2164,42
5bb48bbd,6574,6.2164,42
4261d939,7382,6.2164,1
69fa1801,7411,6.2164,1
16ec8fe0,5047,6.2164,36
57663e37,6692,6.2192,42
1b828df3,7320,6.2192,1
13ac6d49,7455,6.2192,1
2281a492,7181,6.2192,1
5060bcad,6361,6.2137,42
3691a710,7497,6.2192,1
39735924,7430,6.2192,1
16f9cfac,7545,6.2219,1
43299c0a,6360,6.2164,42
2f846600,6367,6.2219,42
1adfa7b2,6393,6.2164,42
783b1a58,7993,6.2219,1
5b22c602,6655,6.2219,42
37ee665,7480,6.2219,1
cb8f3cc,6575,6.2219,42
2c71d1d9,6432,6.2219,42
612e0083,6638,6.2219,42
15179f0d,6427,6.2219,42
74407c7,7390,6.2219,1
1b8a4c52,7548,6.2219,1
5e7a38f0,7556,6.2247,1
7ca7c5ff,6549,6.2247,42
6d1ce8f0,7538,6.2247,1
44dafda9,7399,6.2247,1
4b68f07a,6368,6.2247,42
9224cd5,6100,6.2219,42
3f36e69,6044,6.2247,42
1057ec0b,6164,6.2247,42
53225b1,2478,6.2137,19
1cb0355b,6653,6.2247,42
76f86fc,6110,6.2274,42
1f77205e,7391,6.2274,1
306fb00f,6650,6.2274,42
259d2707,7167,6.2274,1
2d6851b4,5199,6.2274,38
564b7a83,7486,6.2274,1
7018c5c4,7385,6.2219,1
3d3afc00,6577,6.2274,42
46fd58d6,5042,6.2247,36
5230efe2,6362,6.2247,42
5f220845,7396,6.2301,1
6922d080,7483,6.2301,1
312fb58,6955,6.2274,1
56085b27,6004,6.2301,42
19270183,7484,6.2301,1
66fe64f7,6578,6.2301,42
4bf0d5fb,7550,6.2301,1
72228b4b,6398,6.2301,42
6667274b,7554,6.2301,1
47ed191d,7352,6.2329,1
522104cb,6651,6.2329,42
34bfb517,7397,6.2329,1
6bbd91b4,6045,6.2329,42
1eea0b3e,6108,6.2329,42
73aa5708,7412,6.2329,1
573412f9,6631,6.2329,42
58f79eeb,5043,6.2329,36
f6128bd,6350,6.2356,42
5083099a,6680,6.2356,42
60760881,6588,6.2356,42
5f25691b,7353,6.2329,1
2bf62887,7393,6.2384,1
2efddbd7,7190,6.2384,1
7b141f78,2480,6.2384,19
784231a6,6323,6.2329,42
7f5f52ab,6644,6.2356,42
b4691ea,6363,6.2384,42
726878bf,6426,6.2356,42
116e2215,2475,6.2384,19
21087f30,6098,6.2356,42
4ada109f,7191,6.2384,1
4f15d965,6576,6.2384,42
7063d8ac,7876,6.2384,1
107d323f,6394,6.2384,42
4690cca1,6433,6.2411,42
ab99647,7194,6.2384,1
6b86b884,6684,6.2411,42
798bb89f,7987,6.2329,1
5cebbe0,7398,6.2438,1
7c5b9dac,6102,6.2438,42
4dc7ff7e,6579,6.2466,42
3a9637ce,6351,6.2466,42
640afa80,7188,6.2438,1
146b5c5a,7394,6.2438,1
347d1586,7354,6.2466,1
3f5e6c80,7395,6.2493,1
cb35f11,7168,6.2438,1
42744b51,7386,6.2493,1
1ef9a7bc,7347,6.2466,1
528fe28f,7481,6.2521,1
44d26418,6428,6.2466,42
249c9110,2476,6.2521,19
770b0678,7549,6.2521,1
5a3d198c,6435,6.2521,42
d984477,6434,6.2438,42
4dcc40c5,6633,6.2521,42
625bb7c2,6109,6.2548,42
5018237c,6042,6.2548,42
1f6c6ef4,6396,6.2548,42
3089dfb4,6395,6.2575,42
f538bc0,7349,6.2575,1
1ec15a95,7404,6.2575,1
7ef7ca08,6656,6.2603,42
62268c77,7350,6.2603,1
1cac9bf8,7485,6.2521,1
3d60931a,7355,6.2603,1
fb21e26,6685,6.2603,42
1bb3f8b7,7356,6.2575,1
4d208a82,7348,6.263,1
352bbb85,7351,6.263,1
2af7c028,7546,6.2603,1
2e05f381,6326,6.263,42
67b80859,6103,6.263,42
fa760b8,7169,6.2603,1
1bc507e4,7333,6.263,1
1add66e6,7458,6.2658,1
3d804f24,6693,6.2603,42
9964a8c,7189,6.2658,1
3a5f867d,7994,6.2658,1
4bc42d86,5055,6.2658,36
7402a2b5,6229,6.2685,42
4ffb5493,6046,6.2685,42
9d14f7f,6686,6.2685,42
6393ebde,7883,6.2685,1
265fa13,7547,6.2712,1
172f7900,6116,6.2712,42
1b6afbd1,7171,6.2712,1
1486762d,2481,6.2685,19
68b7b278,7340,6.2712,1
45af681f,6437,6.2712,42
29a4eed3,7482,6.2712,1
e34c2d4,7192,6.2685,1
5bc58518,7557,6.2685,1
6594f1ef,7881,6.274,1
6b4849f8,7342,6.274,1
43421427,6580,6.274,42
71a85a7e,7193,6.274,1
3d8b1d14,6687,6.274,42
34d8a412,6634,6.2767,42
768120ef,6400,6.2767,42
5f2fb04e,6399,6.2767,42
c1f74a0,6642,6.2767,42
7d96a905,6397,6.274,42
2ef6800,7555,6.2767,1
206005d3,6047,6.274,42
17c33ec6,6436,6.2712,42
57adcf0b,7499,6.2795,1
66ed5ef5,7988,6.2795,1
46838166,7882,6.2822,1
7f6fcb2a,6365,6.2822,42
3c4466f7,5059,6.2822,36
30529d7c,6438,6.2849,42
6a80b2a1,7357,6.2767,1
6bb70240,6401,6.2849,42
745bb21f,7884,6.2822,1
50c67895,6956,6.2849,1
f71daf6,7343,6.2849,1
3f3cdd96,7170,6.2849,1
6cca6d33,6657,6.2849,42
45a8f1ff,7456,6.2877,1
68bea1d7,6327,6.2877,42
26c92b0f,6694,6.2877,42
7f40922d,7995,6.2877,1
405ccb03,6237,6.2904,42
4279fdfe,7570,6.2904,1
2d8727ed,7405,6.2904,1
562d198a,5058,6.2849,36
700fd49f,7487,6.2932,1
5840731,7459,6.2932,1
7d94516d,2479,6.2932,19
69b8b97d,6590,6.2932,42
7e4632cb,6593,6.2959,42
57e71c89,6700,6.2959,42
59c281c6,6364,6.2932,42
682acaa,7341,6.2932,1
2a5d8e56,6704,6.2986,42
45b1ccc0,6366,6.2986,42
830b901,6440,6.2986,42
1bc4a351,7195,6.2986,1
5dadb141,6439,6.2877,42
16b1a1f8,6104,6.2986,42
1bc4fa9e,6224,6.3014,42
ea310af,7461,6.3014,1
25240c9c,7364,6.2986,1
183006e6,7506,6.3014,1
1725715a,6698,6.3041,42
153396c0,6402,6.3041,42
e964bff,7512,6.3041,1
32ba50b9,6589,6.3014,42
37fffa9e,6697,6.2959,42
3ef3ef37,7413,6.3041,1
28682a5,7503,6.3041,1
625925d4,7366,6.3068,1
2aba180b,7392,6.3068,1
b11c03c,6369,6.3068,42
3db4f851,6429,6.3068,42
55f1e5f2,6233,6.3014,42
16e80db6,6645,6.3068,42
6c683520,7457,6.3068,1
69fd18b1,7559,6.3014,1
731113af,6949,6.3096,1
25c235c6,7880,6.3068,1
8aed56b,6444,6.3041,42
9177c5f,6658,6.3096,42
39a94146,7367,6.3096,1
5e59113f,6701,6.3096,42
72e08ab9,7408,6.3096,1
4638fd26,7588,6.3123,1
38437d07,6659,6.3123,42
55f26522,7406,6.3096,1
a840bd4,7358,6.3151,1
7cc7fd7f,6707,6.3151,42
7d97fe0c,7460,6.3151,1
5e1f1ffc,6695,6.3123,42
74ef6540,2477,6.3151,19
370042a7,6114,6.3151,42
4f8f9e65,6591,6.3123,42
75a5add5,7885,6.3178,1
53e3bc62,6101,6.3096,42
5c29063b,7500,6.3178,1
69897263,6699,6.3205,42
311ab182,6225,6.3205,42
7fd41b6f,7501,6.3178,1
6b58c270,2483,6.3178,19
4960bf12,7368,6.3233,1
2d12811d,6696,6.3233,42
7242f8b3,6708,6.3233,42
5fa4efc9,7365,6.3233,1
2a53221a,6592,6.3205,42
4f31c083,7558,6.326,1
3793a40b,7996,6.326,1
26ea09aa,7462,6.3233,1
21da6532,6228,6.326,42
151abc9f,6442,6.326,42
546e4367,7513,6.3233,1
7ef7161d,7562,6.326,1
826f730,8000,6.326,1
48985cef,7359,6.3288,1
6e4b4be0,6702,6.3288,42
284affca,6703,6.3315,42
3a586e69,6646,6.3315,42
5666c9a8,6111,6.3288,42
176a1284,7463,6.3315,1
559f3943,6441,6.3315,42
293f17aa,7560,6.3342,1
56f419e8,7561,6.3342,1
396b48fd,7502,6.3288,1
11cdcf80,6404,6.3315,42
76684450,6403,6.3342,42
204dcc94,7514,6.3342,1
27bb8f70,7490,6.3342,1
51f6e936,7571,6.3315,1
2e389d47,6112,6.337,42
1a461614,7407,6.337,1
617dda23,7997,6.337,1
7242063,6115,6.3397,42
6ae0ae4c,7989,6.337,1
6d1c5765,6117,6.3397,42
47c00a64,7589,6.3397,1
48637c7d,7518,6.3425,1
6e627a2a,7563,6.3425,1
21d97b2e,2482,6.3425,19
5b049d1,5057,6.3425,36
269e1a8b,8002,6.3397,1
75cd0ab1,7504,6.3425,1
8838d08,7400,6.3452,1
3c02e6bb,7369,6.3425,1
6a9ef9f2,7464,6.3452,1
779bee92,7515,6.3452,1
6364d6a4,7519,6.3479,1
56d1c985,6443,6.3479,42
71c7a55b,6370,6.3507,42
78d43777,7587,6.3507,1
48f8c34d,6595,6.3479,42
18c01798,6234,6.3507,42
5534f2c9,7888,6.3534,1
7df37983,6596,6.3507,42
38e7416f,6113,6.3534,42
368b0f95,6957,6.3534,1
445b0137,7410,6.3534,1
2202475e,6230,6.3534,42
20ec8648,7590,6.3562,1
4ef5c267,7401,6.3589,1
52bb2037,7409,6.3589,1
6233a589,7505,6.3589,1
2629a141,6594,6.3589,42
3ccb0ba6,7415,6.3589,1
462fb919,7594,6.3616,1
4d1e8373,6408,6.3616,42
6177c7e9,7414,6.3589,1
327e78b4,6235,6.3644,42
5936f413,7465,6.3644,1
626a695d,7196,6.3644,1
5bd66b78,7573,6.3644,1
1aac036e,7371,6.3671,1
74d4ea44,7402,6.3671,1
45454502,7566,6.3671,1
2d207b79,6407,6.3699,42
38f1f21e,6376,6.3699,42
576dbac0,7521,6.3699,1
438eca3,7416,6.3644,1
6bbad473,7998,6.3699,1
456f81ce,6709,6.3644,42
7f6e9819,7919,6.3726,1
3cf03ea3,7516,6.3726,1
18ce1cd5,7492,6.3726,1
1d47c02,7466,6.3726,1
380cfc07,6405,6.3753,42
33a9054f,7920,6.3753,1
e9120bf,6710,6.3753,42
2183bca,6377,6.3753,42
2c877903,7403,6.3753,1
76b03eb0,6711,6.3753,42
73345450,7372,6.3726,1
8cca404,6372,6.3781,42
fdfe97a,6712,6.3781,42
6d36d335,6378,6.3808,42
1887d6e3,6373,6.3808,42
49c08777,7507,6.3781,1
2441e6cf,6705,6.3836,42
54a54f04,7517,6.3863,1
7233bbbd,7520,6.3863,1
3f8561b3,6406,6.3863,42
14d99f12,7574,6.3863,1
5e9fb439,6118,6.3863,42
6a7a3fe2,6119,6.3863,42
5fb9f43,7488,6.389,1
11e7feb6,7887,6.3918,1
3d8b7aee,7886,6.389,1
499ed297,6231,6.3945,42
2e5233ef,7489,6.3945,1
72207169,7508,6.389,1
2b78f9e9,7575,6.3973,1
544a07e,6597,6.3973,42
3af1c02b,7568,6.4,1
4b2b4525,7494,6.4,1
27705a18,7921,6.4,1
71749d8,6706,6.4,42
33d32189,7567,6.4027,1
205ce235,6371,6.4027,42
224048bb,6379,6.4055,42
7456671,7522,6.4055,1
10d4177c,7565,6.4027,1
3071804d,5053,6.4027,36
1c2b0edc,7491,6.4082,1
2b8bfc67,6232,6.4082,42
1b54619d,7564,6.4055,1
271be952,7576,6.4082,1
63824e83,6410,6.4082,42
4b6e35e1,7493,6.411,1
179eee50,6238,6.411,42
2ffe3db7,7370,6.411,1
57d71063,6598,6.4137,42
2650ba4c,8001,6.4137,1
6dabec9e,6226,6.411,42
270b4634,6713,6.4082,42
465c3cb8,7417,6.4137,1
1891b241,5052,6.4164,36
4bf5239d,7922,6.4164,1
772aed38,7569,6.4192,1
540bab4b,7527,6.4192,1
7395e48e,7924,6.4219,1
66035307,7923,6.4219,1
46e021d2,7523,6.4137,1
5bdd0953,6599,6.4247,42
53aa3117,6374,6.4247,42
4fb88bb6,7999,6.4274,1
13d5a75b,6383,6.4301,42
56e30470,6714,6.4329,42
6fb2454d,7528,6.4329,1
281b17d8,6380,6.4329,42
2375cc56,7577,6.4329,1
1da4481c,7579,6.4356,1
4abab48a,7198,6.4384,1
60c1eec8,6413,6.4384,42
109490df,6381,6.4384,42
5a89bfa3,6247,6.4411,42
1d8ee9e7,7899,6.4356,1
4d0dabde,7509,6.4438,1
792bd8c8,6446,6.4438,42
1300c7db,7524,6.4466,1
1ced11ff,6375,6.4466,42
3c9e1ae7,6382,6.4438,42
1b546824,7889,6.4466,1
22d4ee97,6600,6.4493,42
eff4a8a,6120,6.4493,42
7ae9d043,6242,6.4521,42
366ca4db,7890,6.4521,1
ec1ff7a,6604,6.4521,42
1b979075,7578,6.4493,1
2af43e82,7525,6.4521,1
7a1e5f32,8007,6.4575,1
3239c7a9,7495,6.4575,1
4ec1e3fa,7197,6.4603,1
1dd8dc85,7510,6.4603,1
148cf11a,6411,6.4603,42
68f6e2c3,6447,6.4603,42
5e66614b,6605,6.4603,42
55130e42,7928,6.4658,1
ef4dc91,7526,6.4603,1
ca64874,8003,6.4658,1
c467fb6,6412,6.4685,42
7fb14b05,7511,6.463,1
7111a660,7925,6.4658,1
329d3baf,5064,6.474,36
1a257939,6414,6.4767,42
1451e0c6,6227,6.4767,42
25211e04,6409,6.474,42
503d90c6,7581,6.4822,1
ba6892d,5054,6.4795,36
3afbd5d1,5065,6.4795,36
17072db4,8004,6.4822,1
2b802432,7582,6.4877,1
14503f8e,6245,6.4904,42
70612588,6415,6.4904,42
5ea5dcbd,5063,6.4932,36
74aec2ef,6384,6.4932,42
61173fbb,7580,6.4959,1
18a30b74,6243,6.4959,42
68937ce9,6601,6.4959,42
6aa872ae,7595,6.4959,1
321a62a7,7891,6.5014,1
5eacddff,6239,6.5014,42
32e2273b,6716,6.4986,42
7693e79,7929,6.5041,1
416571ba,5067,6.5014,36
68f1463a,6121,6.4986,42
99f0ed9,7930,6.5041,1
2ae73b2e,7906,6.5041,1
40657769,7583,6.5068,1
22c729c9,8008,6.5068,1
7aae75d5,6715,6.5068,42
535f028e,8005,6.5068,1
40727d80,6385,6.5096,42
2bc794d8,6386,6.5123,42
30557908,6124,6.5123,42
72997a24,6606,6.5041,42
31aac549,7892,6.5123,1
1bb546fe,7926,6.5151,1
48f8b675,8006,6.5096,1
4ba28206,7900,6.5151,1
5f8e8ae6,6236,6.5123,42
44882526,7927,6.5151,1
753b09ff,7933,6.5205,1
78fd4233,7909,6.5205,1
530f2e70,6123,6.5205,42
562b9022,6602,6.5233,42
7b720fe9,7894,6.5233,1
690c266e,5066,6.526,36
44454f80,8010,6.5233,1
73586986,7496,6.5233,1
435af991,8009,6.526,1
4a3f3c19,7901,6.5288,1
497adb58,6448,6.5288,42
221c88d9,6248,6.5315,42
2a2bf5a2,6603,6.5342,42
3e290707,6125,6.5342,42
2196bb81,7584,6.537,1
678aa52a,7591,6.537,1
12f9ca9c,6244,6.537,42
649ef6fb,7893,6.5397,1
411406fe,6718,6.5425,42
4f57114a,6122,6.5425,42
7040135a,5068,6.5425,36
41a92311,7934,6.5425,1
42d14b8d,8151,6.5452,1
1e20c461,5060,6.5479,36
1f84ac7,7572,6.5507,1
d1ac070,6445,6.5507,42
7db0d84a,6249,6.5507,42
35f57952,7199,6.5562,1
2deea041,5069,6.5562,36
7d5f13e7,7902,6.5562,1
762ceccc,5070,6.5589,36
da518cb,7931,6.5589,1
1384dfc4,7910,6.5589,1
4bb0895d,5061,6.5589,36
5aeb466b,6416,6.5644,42
7f2d6ebd,7592,6.5644,1
4ae2f463,7585,6.5644,1
5d76603,7904,6.5644,1
50fb0cc,7903,6.5671,1
11c37e56,7593,6.5671,1
4cdfd1e1,7586,6.5671,1
23fa952a,7907,6.5671,1
72064107,7895,6.5699,1
1b36c2e7,6241,6.5699,42
a77165b,5062,6.5699,36
4cf88d,6717,6.5726,42
32ae61bc,6250,6.5726,42
6073f9d1,7937,6.5726,1
72e01097,6719,6.5781,42
4017155e,6720,6.5781,42
500c3637,7896,6.5808,1
8e24496,6240,6.5808,42
27780541,7905,6.5781,1
15c4fba1,7911,6.5836,1
669a3393,7913,6.5863,1
148ce37f,7596,6.5863,1
6cc9a955,6418,6.5863,42
bfcfb80,7914,6.589,1
3ccd57c7,8152,6.5945,1
4fa9dc3a,7912,6.5973,1
6e0b479b,7932,6.5973,1
621e0380,6607,6.6,42
2c78121,7954,6.6027,1
54e29dd1,7897,6.6027,1
552bd37b,6269,6.6055,42
61a861da,6251,6.6082,42
5f582a47,6449,6.611,42
1f143868,7938,6.611,1
142f80fa,8014,6.6164,1
283f8b94,6725,6.6164,42
9a53bde,8015,6.6192,1
16562183,6255,6.6192,42
7e964be3,7935,6.6164,1
14ffe200,6253,6.6219,42
4048b820,7908,6.6219,1
37eef3ee,6765,6.6247,42
6735d393,7200,6.6247,1
2b3045c5,6257,6.6274,42
40b45d41,6721,6.6301,42
453874cf,6417,6.6274,42
c588eb0,7939,6.6301,1
256ffc93,6608,6.6329,42
4753f32a,7949,6.6329,1
41cb6903,6246,6.6329,42
92e4284,7201,6.6356,1
53ffbc56,6766,6.6438,42
bedcfa0,7936,6.6438,1
11743caf,6609,6.6438,42
6ab56667,8012,6.6466,1
44866a6b,7959,6.6466,1
589fe1d7,7898,6.6466,1
ae722b1,6252,6.6438,42
21732d94,8502,6.6466,1
1152ec51,7940,6.6493,1
50953642,7957,6.6521,1
27b7db09,7958,6.6521,1
1f905de6,8013,6.6548,1
19261a21,7955,6.6548,1
60f81861,7950,6.6548,1
798ef8e4,7964,6.6575,1
64ecf55e,8011,6.6603,1
4d320cf0,6610,6.6575,42
6d293e27,7953,6.6603,1
63eeb2be,7915,6.6603,1
602bfd98,7943,6.663,1
3d2338e1,7952,6.6575,1
195ff164,7599,6.6658,1
f32cbb3,6722,6.6658,42
304a30f0,6451,6.6658,42
140af228,8016,6.663,1
7238f51c,7597,6.6712,1
6bced7bb,7956,6.6712,1
ae2a782,6258,6.674,42
493a9f44,7951,6.6767,1
77ce0010,7202,6.6767,1
19d6f815,6256,6.6795,42
7c9f036a,7941,6.6767,1
61f1604d,7598,6.6795,1
7eb01546,7942,6.6795,1
636d656b,7960,6.6822,1
67edbe3f,6723,6.6849,42
d744987,6453,6.6877,42
4c903df9,6724,6.6877,42
7390774a,6616,6.6877,42
1911d197,8153,6.6904,1
71c8576c,8802,6.6932,1
5e5f00a3,7916,6.6932,1
2e050605,8154,6.6986,1
25432cc9,6753,6.6986,42
16836c3a,7917,6.6986,1
307f3c51,8155,6.7014,1
364c2175,6456,6.6959,42
a556611,8022,6.7014,1
73a39dd,7918,6.7041,1
6d4b21a6,8156,6.7068,1
4e6e00df,8018,6.7041,1
197ec7ee,8803,6.6986,1
38ba4f3e,6457,6.7096,42
4945fd04,8021,6.7041,1
6e187d25,7624,6.7096,1
504ef0c1,6127,6.7096,42
3fe01c91,8017,6.7123,1
51b73371,6260,6.7151,42
554967ec,6618,6.7178,42
7895c935,6611,6.7178,42
60c17de4,7946,6.7205,1
7ea91017,8385,6.7205,1
28a3b296,8319,6.7233,1
20e1fb9a,8212,6.7233,1
731cdc9d,6617,6.7205,42
4b248c3f,8213,6.7233,1
7dbb14e4,7971,6.726,1
3a0f008c,6126,6.726,42
48b92ec7,6450,6.726,42
68bc2ae8,7974,6.7288,1
67ab3161,7603,6.7288,1
8010cdf,8386,6.7288,1
2db8350f,8035,6.7288,1
2cf6e969,6261,6.7288,42
12e8e5af,6262,6.7315,42
120f64d9,7972,6.7315,1
7ef33bda,6254,6.7315,42
655538cc,7973,6.7315,1
30457c54,7970,6.7315,1
5905ff29,6259,6.7315,42
3e4f3238,7600,6.7315,1
7290fe65,6128,6.7342,42
692c8bbf,8383,6.7342,1
1fa6cd04,7965,6.737,1
583fe23a,7962,6.7397,1
57ab92e6,8384,6.737,1
535b75b6,7967,6.7397,1
2da95c8e,8215,6.7397,1
20d54bf7,7625,6.7397,1
376a885f,6726,6.7425,44
9327c04,8214,6.7397,1
2ebb712a,6454,6.7479,42
4911155f,6612,6.7479,42
43917579,8039,6.7479,1
5959e353,8312,6.7479,1
2c9eeb73,7968,6.7507,1
6d64b852,8320,6.7534,1
2516323a,8811,6.7507,1
bd9c170,7626,6.7534,1
33430eb0,7966,6.7534,1
685dbed8,6270,6.7534,42
20b32da9,6458,6.7534,42
34a05c67,8810,6.7562,1
1fbde2cd,8216,6.7562,1
1a13349c,8218,6.7589,1
23f48c12,8020,6.7562,1
1581af6f,8036,6.7589,1
65da8c98,7961,6.7589,1
66eef36b,7975,6.7616,1
61fd77b8,6130,6.7616,42
791f463f,8157,6.7644,1
4890abc8,7947,6.7616,1
59f46c1a,8045,6.7616,1
53be802b,6452,6.7616,42
50930add,8805,6.7644,1
45fa7e40,6728,6.7671,44
1d1035ec,6768,6.7671,42
67fe0ee8,8804,6.7671,1
406675e4,8026,6.7699,1
8eb4ad7,8503,6.7726,1
4f0ce83c,7944,6.7726,1
1448b173,8321,6.7726,1
3d6645c,8064,6.7726,1
70ece897,8187,6.7726,1
2283a9af,8322,6.7726,1
739157a5,8217,6.7781,1
4355290f,7627,6.7781,1
54ead9a2,8040,6.7726,1
6b9bcc41,8806,6.7726,1
124e82e8,8812,6.7726,1
10ceee3e,8188,6.7781,1
7a9c3d83,7963,6.7808,1
4f501f55,8219,6.7808,1
296f9d95,7604,6.7808,1
1f876273,8023,6.7808,1
4ec2425,8027,6.7808,1
4b09295a,8024,6.7836,1
1e5f869b,7945,6.7836,1
3a6febd9,7948,6.7863,1
5f473dbd,6771,6.7808,42
5d868cf6,8504,6.7863,1
3f0fa283,8505,6.7863,1
7afbb798,8042,6.7863,1
1c37d7af,8025,6.789,1
753f19e3,7605,6.789,1
1006807e,8159,6.789,1
32aea77e,8158,6.7918,1
3fd350c9,8975,6.7918,1
3d04cc10,7976,6.7918,1
1925aebe,7628,6.7918,1
5ef77fb3,6733,6.7863,44
7b8729bc,8315,6.7945,1
63a1e6df,8043,6.7945,1
60781e90,8807,6.7945,1
549c1c7f,8052,6.7945,1
31f3ebb8,8317,6.7945,1
73fbfef3,6133,6.7945,42
53d7e282,8511,6.7945,1
33f45a99,7606,6.8,1
679c6363,8507,6.8,1
491cfa03,8065,6.8,1
65bc89b5,8053,6.7973,1
913b472,8160,6.8,1
d904948,8313,6.8,1
2372661b,8512,6.8,1
2202b2e1,8316,6.8027,1
362632f7,8323,6.8027,1
3973e772,6770,6.8,42
4a95806,8510,6.8027,1
9810cf9,8314,6.8055,1
6df81eb6,8041,6.8027,1
39150e3b,7601,6.8055,1
1f7b261c,9872,6.8055,1
1e9c17ce,8324,6.8055,1
398c013d,8976,6.8055,1
28f9b4e1,8019,6.8082,1
6ef43c24,8037,6.8082,1
10a87453,7602,6.8082,1
49741a92,7978,6.811,1
2ccff1e1,8049,6.811,1
5e99a653,8068,6.811,1
6315ed40,6613,6.8055,42
304c079d,8334,6.8137,1
59052b8c,8038,6.8137,1
a9689b4,8506,6.8164,1
46251a4b,8326,6.8164,1
16059dfd,6734,6.8164,44
66ac9dfa,8161,6.811,1
58c963b2,6729,6.8192,44
36d0cda2,8389,6.8192,1
c8054f0,8325,6.8164,1
ec14bd7,8162,6.8219,1
1d867d4e,8337,6.8247,1
2d8b1e81,6736,6.8247,44
2322f814,8335,6.8247,1
27399054,7977,6.8247,1
97be5f0,8044,6.8247,1
7cf19d48,8402,6.8274,1
4827289a,8514,6.8274,1
23f7aafa,6735,6.8219,44
75f59f11,6271,6.8274,42
51e573a,8220,6.8274,1
76b4b5c1,8336,6.8247,1
740cdcfb,9873,6.8164,1
4355c28e,8054,6.8247,1
6a3218fa,8513,6.8274,1
239fd1ad,8028,6.8301,1
33e60fba,8318,6.8301,1
4436397b,8401,6.8247,1
564fce02,8221,6.8301,1
2c40f9f9,8050,6.8301,1
77777a40,8387,6.8329,1
116f15cc,6614,6.8329,42
2f58a814,8075,6.8329,1
5ad0b165,8388,6.8356,1
72c75be3,6131,6.8356,42
39ea20ee,8189,6.8384,1
75a2dbb3,8222,6.8384,1
3311e053,8327,6.8384,1
24c562ff,8400,6.8384,1
62bbbd67,6730,6.8384,44
5e14da1b,8067,6.8411,1
1be23e58,8223,6.8411,1
42c30369,8356,6.8411,1
14bf6541,6459,6.8384,42
2b50b234,8515,6.8411,1
53ec6147,8084,6.8438,1
5976959c,6264,6.8411,42
360c669e,8078,6.8438,1
1530b802,8051,6.8438,1
18e3a379,7610,6.8466,1
28b50f7b,6134,6.8438,42
4582a584,6129,6.8411,42
33c282db,7969,6.8438,1
106f133c,7979,6.8438,1
15128223,8224,6.8493,1
5dd5aa18,6727,6.8493,44
155c892d,8509,6.8521,1
4522a087,6263,6.8521,42
2dbcbdec,8328,6.8548,1
2cbe31e2,6135,6.8548,42
5d5ad0b9,8066,6.8548,1
dac650d,7980,6.8548,1
45b7fa89,8073,6.8575,1
18dbf2fc,8233,6.8521,1
357ea38e,8366,6.8575,1
138f2646,8508,6.8548,1
7de5ad37,8813,6.8603,1
6be14b38,6731,6.8603,44
7fc63b0,8057,6.863,1
137e93b2,8225,6.863,1
40f72da1,8074,6.863,1
2a209eef,8808,6.863,1
7a7c1289,8977,6.863,1
1ef91f95,6732,6.8658,44
23a1581a,8096,6.8658,1
671aa3ce,6266,6.8658,42
49639e24,9876,6.8658,1
531135db,6776,6.8658,42
5c28d9b,9874,6.8658,1
37744a3e,8403,6.8712,1
759be962,8097,6.8685,1
6233604a,8264,6.8712,1
38562e3a,6486,6.8712,42
2969d2fe,6754,6.8685,42
3cd95857,8164,6.8712,1
45915eb6,8046,6.8712,46
4c3f8fc0,8517,6.874,1
2b264a9b,8080,6.874,1
5dcbb448,8516,6.8712,1
126025a9,6419,6.8767,42
2211e9aa,6265,6.8767,42
4db36e55,8098,6.8767,1
3b7a0de1,6469,6.8767,42
d4fd5bd,8029,6.8767,1
3b939732,8086,6.8795,1
28cda084,9877,6.8767,1
53c508e,6267,6.8795,42
6ec240cd,8814,6.874,1
49cf7020,8353,6.8795,1
cc3201d,8226,6.874,1
4e8d7ccf,8230,6.8795,1
6b9cb92b,8357,6.8822,1
4f0355ff,8978,6.8822,1
17a448bd,8822,6.8795,1
25587419,8358,6.8849,1
308e6b67,8359,6.8849,1
3ed5c9bc,8617,6.8822,1
b019f7b,8085,6.8849,1
442effee,8095,6.8877,1
23a9b605,8265,6.8877,1
151464b6,6769,6.8877,42
63f1eaa4,8329,6.8849,1
57080e26,8079,6.8822,1
6d9fcabe,8809,6.8877,1
2e895139,6132,6.8877,42
3e01e57d,8354,6.8849,1
397c5f81,8362,6.8904,1
2aa5b82a,8876,6.8904,1
7ee7ad9a,8081,6.8877,1
4e9c40c,8393,6.8904,1
4ec134de,8330,6.8904,1
7fda0a76,9875,6.8904,1
2401c25b,6268,6.8932,42
cfad5c3,8163,6.8932,1
54dd2cca,8818,6.8904,1
6f9ac545,8076,6.8959,1
23e25a19,8619,6.8959,1
6442fd7f,8030,6.8959,1
4be4d23b,6460,6.8904,42
615dc206,8618,6.8932,1
505e6ea6,8394,6.8959,1
2304c8d7,8879,6.8959,1
4e9ca386,8227,6.8986,1
415e15a1,6773,6.8986,42
52ac729c,8823,6.8986,1
62d67872,7630,6.8986,1
6711468f,7629,6.8986,1
4c3a4978,8235,6.8986,1
7df8ae43,8820,6.8986,1
3a3245b5,6470,6.9014,42
2c3c5c66,8069,6.9014,1
5f9bb28f,6455,6.8932,42
67a98589,8236,6.8986,1
29382a76,8058,6.9014,1
4abd0bd3,8367,6.9041,1
c5b4353,8234,6.9041,1
631e9683,8087,6.9041,1
b1d7b0c,6272,6.9041,42
29dc1a2f,8821,6.9041,1
176d364b,6273,6.9068,42
679c5e0a,8395,6.9068,1
702176f4,6767,6.9068,42
1084a6e7,8369,6.9068,1
6a278ca8,8404,6.9068,1
59c0cbba,8056,6.9068,1
5c29a286,9878,6.9068,1
27c4f921,8190,6.9096,1
1242c0a0,8047,6.9068,46
4d805449,6774,6.9068,42
5c2ce2ed,8059,6.9068,1
5ca115b8,8055,6.9096,1
5862894c,8396,6.9096,1
178fbc15,8231,6.9123,1
5a7e3afe,8819,6.9068,1
2c8f1f83,8360,6.9123,1
7857d37f,7981,6.9123,1
34331dd0,6737,6.9151,44
5eb66057,8191,6.9151,1
381886f5,6775,6.9151,42
145b5efe,6620,6.9096,42
a110f05,8979,6.9151,1
4c1be913,6615,6.9178,42
606ab0dd,8368,6.9178,1
db3d05f,8032,6.9178,1
1e46b60d,8363,6.9205,1
1c18ac42,8519,6.9205,1
29c10b44,8370,6.9205,1
718e614b,8520,6.9205,1
28ada984,8391,6.9178,1
9971cfe,8331,6.9205,1
2bee0998,8048,6.9205,46
2968a197,8620,6.9233,1
6cccdcb7,8877,6.9233,1
5d8d5d3c,8815,6.9233,1
6f42ddc,8332,6.9233,1
6a7c508c,8279,6.926,1
60df0010,8339,6.926,1
570cd58a,8340,6.926,1
7031987a,8229,6.926,1
78c15ec0,6461,6.9288,42
60860e48,8099,6.9288,1
51973757,8228,6.9288,1
1c2bc7d5,8338,6.9315,1
5fdcfb7a,8192,6.9288,1
ff85a87,8390,6.9315,1
673df9a0,6275,6.9342,42
6ff792f,7633,6.9315,1
24392f45,8980,6.9315,1
3ec045a1,8824,6.9342,1
73211c9c,8100,6.937,1
7bd91ba1,8361,6.937,1
69223f4,8232,6.937,1
3ac383ca,8070,6.9315,1
417dadf2,8165,6.937,1
72caa26f,7632,6.9342,1
65d0a241,7631,6.9342,1
43abb0e2,8277,6.9342,1
6f959758,8341,6.937,1
486b991f,8826,6.9397,1
6cf232ba,8266,6.9397,1
28c9f8f9,8333,6.9397,1
36fb71a2,8071,6.9397,1
75170f72,8237,6.9397,1
61a0d3ae,8031,6.9397,1
6c9f153,6619,6.9425,42
6b52f649,8825,6.9425,1
41a9920d,8101,6.9452,1
823a002,8166,6.9425,1
743ffff1,8287,6.9452,1
4ab4acc0,9880,6.9452,1
47006661,8193,6.9452,1
5236ed33,8077,6.9452,1
59fd40f3,8242,6.9452,1
36c025a0,8195,6.9479,1
72377e77,7634,6.9452,1
20933609,8981,6.9479,1
3eb56be8,8167,6.9452,1
170d4a77,8102,6.9479,1
24c47abd,8194,6.9507,1
131ea6a0,8269,6.9507,1
5a93b672,8033,6.9507,1
273001a5,8816,6.9534,1
20a6866c,6772,6.9534,42
18c01f7,6462,6.9534,42
2616054a,8034,6.9562,1
32177202,9879,6.9562,1
2c999bd1,7611,6.9562,1
5b51d4ac,8878,6.9589,1
52df3aa6,8072,6.9562,1
3278643f,8342,6.9589,1
22b36db8,7607,6.9589,1
779239f6,8405,6.9589,1
5c3337a8,8091,6.9589,1
54c1a826,8880,6.9616,1
2d1be98d,6759,6.9616,42
14fc8f3b,6487,6.9616,42
34e2dc5b,8093,6.9616,1
724749db,8817,6.9616,1
378cbe4c,8518,6.9616,1
45a96eb1,8197,6.9644,1
355cb468,8088,6.9589,1
7d1d2a89,8198,6.9671,1
5baa7875,6274,6.9671,42
2f3185b8,8247,6.9671,1
151113ff,8103,6.9671,1
21e3ba09,8282,6.9671,1
71ccb5a9,8199,6.9699,1
6511807b,6471,6.9699,42
5d719336,8278,6.9671,1
46aed524,8171,6.9671,1
7aa10c0a,8371,6.9699,1
4509d4a2,8397,6.9699,1
6e548f0a,8196,6.9671,1
7afc8e3,8343,6.9699,1
37182ac7,8168,6.9699,1
452bb172,8398,6.9726,1
fcd5a02,8281,6.9726,1
76dc63c8,8881,6.9726,1
6421c6,8344,6.9726,1
185ca099,8982,6.9726,1
718f48ee,8169,6.9726,1
7d24e4da,8271,6.9671,1
68f31a95,8104,6.9726,1
49b87c5c,8355,6.9726,1
14d80741,8243,6.9726,1
349d559a,8294,6.9753,1
6e4575e7,6755,6.9753,42
1442280a,8090,6.9753,1
f823072,8200,6.9753,1
671e627,8288,6.9781,1
3768c9b,8105,6.9781,1
30012b32,8399,6.9808,1
2589331e,8270,6.9781,1
3b96867d,8268,6.9808,1
32df0ff6,6473,6.9808,42
5fa5f62,8372,6.9808,1
69079d00,6738,6.9808,44
66ad5b33,8392,6.9836,1
2c4748af,8522,6.9836,1
5e549c68,8295,6.9836,1
7b11030a,8423,6.9781,1
2eab7ef5,8373,6.9836,1
22d3ccd0,6760,6.9836,42
4286e8f3,8348,6.9836,1
34c7fa15,8345,6.9836,1
51d369e8,8296,6.9863,1
473da6d4,8521,6.9863,1
32143410,8349,6.9863,1
e1ddbce,6463,6.9863,42
5019f4a,8883,6.989,1
6583f3ae,8433,6.9863,1
2f209238,6478,6.989,42
3c879778,8410,6.989,1
2150a169,8364,6.989,1
5556d79c,9886,6.9918,1
7ecc2e5c,8527,6.989,1
7ef05aaa,6472,6.989,42
56bb569,6621,6.9918,42
66e2686f,8828,6.9863,1
79c31421,6488,6.989,42
59a24b9,8122,6.9918,1
5d02099e,8530,6.9918,1
28d6a341,8170,6.9945,1
4955c866,8523,6.9945,1
1dbe9219,7664,6.9945,1
503d26c9,8089,6.9945,1
4dec5b24,8985,6.9918,1
38744b9b,7612,6.9973,1
2a1dac07,8280,6.9973,1
43dadd07,8365,6.9973,1
7ae8a0db,9037,6.9945,1
7f2c820f,8983,6.9973,1
5f5248f5,8424,6.9973,1
5572f1d9,8123,7,1
12c812e4,8984,6.9973,1
7efd75f,8092,7,1
38be5101,8406,7.0027,1
7a8093f6,6623,7.0027,42
280de170,8993,7.0027,1
1c8b94ec,8882,7.0027,1
51a19e01,8529,7.0027,1
1b5deb6d,7609,7.0027,1
65bcd4d3,8273,7,1
3d619dfa,6779,7.0055,42
7f717cbd,8829,7.0055,1
b83f6bd,8249,7.0055,1
89ab152,8994,7.0055,1
5b0792a1,7608,7.0055,1
6a3dcb15,8172,7,1
47532133,8827,7.0055,1
333339f0,8106,7.0055,1
27911735,6761,7.0082,42
7adc32b4,8245,7.0055,1
24d8ce65,8272,7.0082,1
e8e9fb7,8289,7.011,1
218909ec,9883,7.011,1
70b2705,8831,7.011,1
3adbd6fb,6480,7.011,42
58129c23,8425,7.0082,1
4bcc4e7d,8524,7.011,1
221bc3b1,8992,7.011,1
4bb46877,8109,7.0137,1
18007582,8411,7.0137,1
630361b4,8082,7.0137,1
1ff9202e,8238,7.0164,1
77e61476,8267,7.0164,1
388a9add,8407,7.0164,1
40fc52b9,8175,7.0164,1
1652f2d8,8274,7.0164,1
515011c0,6739,7.0192,44
1fabc1ca,8176,7.0192,1
1eee24d5,8110,7.0192,1
4fe1e8d9,8275,7.0192,1
7317267d,6276,7.0219,42
32730c44,8537,7.0219,1
5dd44e53,8995,7.0192,1
1db3c210,9881,7.0192,1
1a2818ca,8655,7.0192,1
57dd3b15,8239,7.0219,1
7d661c86,8248,7.0219,1
23f63af,8244,7.0219,1
19f92ba,8350,7.0247,1
3fa4140f,8297,7.0219,1
726bad51,9887,7.0247,1
b308aa8,8996,7.0247,1
7647d336,8528,7.0247,1
5c37f9a7,6479,7.0137,42
5ca9c675,9884,7.0247,1
69dca59d,8178,7.0247,1
49183b7e,6624,7.0274,42
10e9f08,8415,7.0274,1
22f144e8,8856,7.0274,1
d7222f9,6780,7.0274,42
2f066a1e,6777,7.0247,42
5f343b99,8241,7.0301,1
57ff28ca,8375,7.0247,1
2269cff0,8253,7.0301,1
69b21fae,9888,7.0301,1
227c1be2,8181,7.0301,1
6aeb8144,8201,7.0301,1
7d1f135d,8988,7.0274,1
3e0580be,8124,7.0301,1
4ee9b9d7,8083,7.0301,1
6e0455b4,8182,7.0301,1
9af4c78,8290,7.0274,1
2ce5e09d,8128,7.0301,1
3e7785cf,8412,7.0329,1
62d85d39,8177,7.0329,1
2ebd0d23,9039,7.0329,1
45261025,8427,7.0329,1
75c32402,8426,7.0329,1
2ddff161,8299,7.0356,1
2f0450e8,8292,7.0356,1
f95e1a4,8302,7.0356,1
466271a6,8240,7.0356,1
49072160,8125,7.0356,1
603e803b,6277,7.0356,42
1b8185d8,8419,7.0356,1
168f0550,6474,7.0356,42
7a325e54,8525,7.0384,1
36b75ee4,8293,7.0356,1
51f39737,8447,7.0384,1
337484a1,8111,7.0411,1
2e099f41,8291,7.0411,1
638eef98,8126,7.0411,1
357e7c8,8416,7.0411,1
19a26868,8346,7.0411,1
6c75c36b,8830,7.0384,1
78930352,8408,7.0411,1
72f8d500,8107,7.0384,1
4c0bcbc0,8127,7.0411,1
5984a200,8892,7.0411,1
1ba85cc0,8418,7.0438,1
7b414574,8832,7.0411,1
4fa5cfc9,8986,7.0438,1
3c7b3f22,8417,7.0438,1
7a2d8d6,8526,7.0438,1
334de09f,9364,7.0411,1
6a5ae46a,8252,7.0438,1
6f37a33,8306,7.0438,1
304ddbed,8173,7.0438,1
1b4176b0,8174,7.0438,1
1c198d97,6756,7.0411,42
7a7b3996,8857,7.0438,1
26ee675e,8893,7.0438,1
3f2e907c,8409,7.0466,1
1baabe5d,9363,7.0466,1
3f35d454,7635,7.0466,1
3d824a4d,8108,7.0466,1
275d7835,6622,7.0466,42
bceaf6e,8621,7.0466,1
28da9008,8987,7.0356,1
7ddbc6da,8298,7.0466,1
5ff368b,6740,7.0466,44
334dc76a,8429,7.0466,1
4d86bbb2,8347,7.0493,1
31a028da,9038,7.0466,1
12eec522,8435,7.0521,1
4e8b534b,8894,7.0521,1
4f452682,8303,7.0493,1
37e64ff3,8884,7.0521,1
7b0572d,8276,7.0521,1
6313552c,8351,7.0521,1
18406e,8434,7.0493,1
69aff3c5,8094,7.0493,1
514767f,8250,7.0493,1
7cd7f9c4,8891,7.0493,1
5901db7a,8352,7.0521,1
4431b667,8301,7.0548,1
1bd8fb04,6782,7.0548,42
3e1da1ab,8850,7.0521,1
3dd9c18e,8259,7.0521,1
7e030628,8413,7.0548,1
298ec899,8300,7.0575,1
2cda64dd,8246,7.0575,1
75d20677,8254,7.0575,1
6f47cf2,9978,7.0575,1
60200842,9365,7.0603,1
735ff047,8885,7.0603,1
3f35dedf,9045,7.0603,1
5ab186f0,8531,7.0603,1
54f149c7,8304,7.0603,1
7f0772b8,8989,7.0603,1
1f851702,7614,7.0603,1
ed7f10b,7613,7.0603,1
58876027,9889,7.063,1
1cd14b3d,7982,7.0603,1
2bdb62a2,7636,7.063,1
1ab5817b,6762,7.063,42
79504c52,8203,7.063,1
6fce78e6,8437,7.063,1
1f70d9cf,8305,7.0658,1
7a45d16a,8858,7.0658,1
684132b,8307,7.0658,1
29f82d03,8532,7.0658,1
dedcf74,8533,7.063,1
52b1d6b2,8838,7.0658,1
4e248d4a,8414,7.063,1
57839be0,8377,7.0658,1
5ffa596b,8112,7.0685,1
3f7b3426,9882,7.0658,1
6323713d,10094,7.0685,1
4ecebaad,8061,7.0685,1
907eece,8534,7.0685,1
42102895,8202,7.0658,1
242cfef5,8436,7.0658,1
2bfc4076,7983,7.0685,1
5cfed9d4,9367,7.0685,1
6ab92d1b,8129,7.0712,1
292ee459,8204,7.0658,1
6a366cdf,8428,7.0685,1
402c3834,8450,7.0685,1
1e454228,9885,7.0712,1
67925a08,8535,7.0712,1
1d9825aa,8896,7.0712,1
63de04df,6778,7.0712,42
a8557c3,4454,7.074,27
3d8c38d1,8899,7.074,1
6485eb2b,8378,7.074,1
45c98217,7615,7.0767,1
56228e8d,8634,7.0767,1
ab47e28,8900,7.0767,1
41a300e6,6475,7.0767,42
4873ebff,9366,7.0712,1
a67529a,8256,7.0767,1
230b28c0,8179,7.074,1
672ada91,7984,7.0767,1
2d0d88c5,8990,7.0795,1
1dceec7c,9890,7.0795,1
2397ec72,8060,7.0795,1
67f99a2d,8895,7.0795,1
2803b3a5,8907,7.0795,1
69895dc0,8420,7.0795,1
3cee181,8622,7.0795,1
28cd3b27,8536,7.0795,1
5311e355,8135,7.0822,1
28d88ae0,8255,7.0822,1
647e1188,8132,7.0822,1
1eb438d9,8851,7.0822,1
43cc8207,8991,7.0822,1
1d663b00,8540,7.0849,1
2e12bc39,8258,7.0849,1
3ea20231,8133,7.0849,1
4a143e8d,8886,7.0849,1
b4130eb,8374,7.0822,1
27d3a4b8,8538,7.0877,1
9ce89f9,8839,7.0849,1
62453e1b,8184,7.0877,1
60019cd0,9043,7.0849,1
5acd120c,8901,7.0822,1
2731c9ed,8376,7.0849,1
308ae2b2,8183,7.0849,1
c468a3,8261,7.0904,1
322b47c5,8897,7.0904,1
1b7c8ecc,8859,7.0904,1
b541b6b,8283,7.0904,1
28f6ebd2,8257,7.0904,1
400b9466,8449,7.0877,1
3f7e6845,8997,7.0904,1
2213c4eb,8998,7.0904,1
145ab382,6466,7.0904,42
48be580b,6489,7.0932,42
b6d62a0,8835,7.0932,1
17597f0f,8210,7.0932,1
5b2901e1,8658,7.0932,1
1a2e6fa5,8448,7.0932,47
7ab66622,8308,7.0822,1
26cbcf7c,9984,7.0877,1
410370be,8852,7.0932,1
35fef44d,8999,7.0959,1
5c44f610,8430,7.0959,1
150a0ccc,8853,7.0986,1
6d42813e,8861,7.0986,1
2f5c4c47,8660,7.0986,1
762bdb37,8635,7.0986,1
54d3cbca,9377,7.0986,1
6848e990,9073,7.0986,1
4f047f09,8860,7.0986,1
25bbbeaa,8833,7.0986,1
78be810b,7637,7.0959,1
6ffcac4c,8136,7.1014,1
28ce8502,8836,7.0986,1
765fde2,8661,7.1014,1
7fd35d4a,8251,7.1014,1
75471030,8309,7.1014,1
297d7d0f,8854,7.1014,1
1df1f2f,9979,7.1014,1
64832b53,8130,7.1014,1
29887163,6476,7.0986,42
6bdff458,8840,7.1014,1
1200b86b,8539,7.1041,1
6fa4c0cb,8185,7.0986,1
54db735,9375,7.0986,1
6f0cf4f,8431,7.1041,1
4f9bf5c2,8432,7.1041,1
699351d9,8438,7.1041,1
9af68a7,8908,7.1014,1
2707071b,8637,7.1068,1
11e23e75,8855,7.1068,1
11e801b1,8541,7.1068,1
333cea20,8284,7.1041,1
57250362,8310,7.1014,1
1cdc3ab,8630,7.1068,1
1e6d3356,8134,7.0959,1
1e7cb778,8208,7.1041,1
4f48d88f,8837,7.1014,1
20778a56,8626,7.1096,1
36c93bf5,8663,7.1096,1
57f7fa8d,8664,7.1014,1
2ccb407c,8656,7.1096,1
25ce79ca,9074,7.1096,1
3977621f,8898,7.1096,1
51bcc42e,9040,7.1123,1
2782a6c5,8452,7.1123,1
633734de,6278,7.1068,42
71d49bd6,8659,7.1123,1
73b17869,9204,7.1123,1
449b4f85,8115,7.1096,1
769d7d5d,8542,7.1123,1
23c24273,9041,7.1123,1
5bc81452,9980,7.1123,1
619076d2,9894,7.1123,1
45b18fc9,9893,7.1096,1
58db65b7,6467,7.1123,42
69bb6505,6764,7.1151,42
724a96e4,8902,7.1151,1
3b4c90a3,9899,7.1151,1
3839aca0,8631,7.1151,1
a9875ef,8260,7.1151,1
2c433fee,6781,7.1178,42
73557b4d,9900,7.1178,1
6fc952b,8380,7.1178,1
4f02af16,8573,7.1178,1
7a8b4557,9000,7.1178,1
4bb6f4b2,8205,7.1178,1
225cc658,7640,7.1178,1
40eb4af5,8903,7.1205,1
1a4b27e1,8887,7.1205,1
3a4a6802,9207,7.1205,1
fe7093a,8834,7.1178,1
7e600715,8186,7.1205,1
64c656ce,10099,7.1205,1
27710198,8131,7.1151,1
4e12670c,6763,7.1205,42
30348974,9376,7.1178,1
6612c99a,10004,7.1233,1
49406901,9891,7.1205,1
7fb91889,8285,7.1233,1
14375d22,9205,7.1233,1
5c19f9,8311,7.126,1
70724e71,8211,7.126,1
3ab0391f,9042,7.126,1
1440ad26,9206,7.1233,1
42084411,8446,7.126,1
74b3ed86,9075,7.126,1
16d024a7,9981,7.126,1
2d139fa3,6741,7.1233,44
3c2b3eba,8421,7.1233,1
571f2b64,9982,7.1288,1
407dc83c,8140,7.1288,1
71a2b917,9902,7.1288,1
14999777,8563,7.1288,1
3a73da8b,6481,7.1288,42
1461d9d1,9985,7.1288,1
70efa04b,6744,7.1288,44
2815a30e,9901,7.126,1
c969305,6757,7.1288,42
16a37c17,8180,7.1315,1
1b436b70,8638,7.1315,1
1e4bb6c5,8632,7.1288,1
265db36e,8662,7.1315,1
6895136d,8459,7.1342,1
1b293404,8113,7.1342,1
614b514d,9381,7.1342,1
a5351ad,8207,7.1342,1
21852872,9382,7.1342,1
18adb301,9383,7.137,1
5829ebcf,8862,7.137,1
63d308be,8841,7.137,1
6b9d6a0e,8209,7.137,1
1edde9c7,6490,7.137,42
72d07121,9054,7.1288,1
729db86f,9001,7.137,1
3fff42a,8564,7.137,1
62d1a51b,9208,7.1397,1
13f99919,9898,7.137,1
701aeec0,9903,7.137,1
1f8c64a5,8574,7.1397,1
40e2071c,10005,7.1397,1
cb8c494,8575,7.1397,1
2b73572d,8581,7.1397,1
57a6b7aa,10003,7.1397,1
72c80a5,8629,7.1397,1
577a074e,8636,7.1397,1
4dfa78b0,8698,7.1425,1
7c81841d,8842,7.1425,1
10c15a43,8582,7.1425,1
1ef867c0,8458,7.1397,1
7db2f512,8381,7.1425,1
63132dec,9004,7.1425,1
1342ecff,8451,7.1425,1
4180978a,6482,7.1425,42
4ed95f30,8114,7.1452,1
24a9399c,8137,7.1452,1
7a51c21b,8657,7.1425,1
3587058a,8697,7.1425,1
5e2f1ca8,8699,7.1452,1
5a8e2686,6279,7.1452,43
5eaac238,10095,7.1452,1
332265a8,8286,7.1452,1
15cef538,9993,7.1452,1
36ecf5f0,9983,7.1479,1
16c3d9a0,7639,7.1479,1
6c4f747b,8633,7.1479,1
7671ba55,8888,7.1479,1
74c68975,8904,7.1452,1
3085532f,8138,7.1507,1
619763ba,6464,7.1507,42
6991b8f1,6742,7.1507,44
335a2bb8,10096,7.1507,1
690a14da,9895,7.1507,1
db86f3a,8379,7.1507,1
44e15fbb,8139,7.1534,1
2604ab74,8696,7.1534,1
1f11c7aa,10097,7.1534,1
511eaacd,9904,7.1534,1
1fcc3bd2,6749,7.1534,44
405a396d,8439,7.1562,1
1c907c54,8453,7.1534,1
dadd4fb,10008,7.1562,1
29414f41,6281,7.1562,43
57adf310,6477,7.1562,42
16a5922d,8577,7.1562,1
48c0476d,10009,7.1562,1
2b295882,6468,7.1562,42
83121e1,9583,7.1534,1
30bc6684,9892,7.1562,1
198eadfa,9055,7.1562,1
7a8da4d1,8910,7.1589,1
1b010e4a,8585,7.1589,1
1abe1ae2,8476,7.1589,1
4965c777,8576,7.1589,1
5ed959a6,8928,7.1589,1
27ba1536,6745,7.1589,44
26b7e90b,6280,7.1507,43
400320c9,8475,7.1589,1
54035506,8206,7.1589,1
52c7bac8,8623,7.1562,1
a4fa532,9056,7.1616,1
25a30603,8586,7.1616,1
7cff6f16,8565,7.1616,1
321aaeea,8905,7.1644,1
5d64439b,8262,7.1562,1
60cac52a,8625,7.1616,1
67ca91fa,8624,7.1644,1
3ba8aee5,8700,7.1644,1
401e17,8062,7.1644,1
7f47fd1f,8909,7.1616,1
49928448,9987,7.1616,1
7a6489c1,8706,7.1671,1
61ea2988,9003,7.1671,1
16a6b632,6465,7.1671,42
7ad4803c,8911,7.1671,1
3a3b357c,8567,7.1671,1
675656b7,9986,7.1671,1
39a2f11d,9997,7.1671,1
67295375,8583,7.1671,1
4da0a39,9002,7.1616,1
7f682ec2,9209,7.1699,1
527778a1,9991,7.1699,1
6a83b14,10002,7.1699,1
37caa7f5,9378,7.1699,1
96a81f0,8141,7.1699,1
6031520c,8707,7.1671,1
58e7633,6758,7.1699,42
24c7c71b,8566,7.1699,1
2706b585,8544,7.1699,1
4f8f713e,8548,7.1726,1
45914b9f,9100,7.1726,1
182927dc,9905,7.1726,1
7262a7e7,8560,7.1726,1
60da9eb3,8906,7.1726,1
2fd8ec84,9931,7.1726,1
7e1e2964,9584,7.1753,1
af9867c,8473,7.1753,1
1924e4df,9384,7.1726,1
2dbfce4e,8666,7.1753,1
456babb1,6743,7.1726,44
4ab1ef71,8639,7.1753,1
748df8e4,9099,7.1726,1
27138585,8627,7.1753,1
3fbd94f5,8561,7.1753,1
61e3b37e,10007,7.1753,1
5a672d6a,8116,7.1753,1
92e10ef,8546,7.1753,1
62074d50,8543,7.1726,1
232e5875,8890,7.1781,1
1e037a2d,10098,7.1781,1
7dec08fa,8568,7.1781,1
4bcd6c0,9988,7.1781,1
5c8976ca,8441,7.1781,1
595ebd64,6746,7.1781,44
4468c56d,8667,7.1781,1
268001f6,8641,7.1753,1
31a81cca,9379,7.1781,1
1db13206,8562,7.1808,1
1f70cf70,9933,7.1781,1
39d9f2d9,8678,7.1808,1
48e6f764,8913,7.1808,1
5cd3dd7c,8843,7.1808,1
454192d9,9101,7.1808,1
33f8ff92,9116,7.1808,1
4cda735e,6491,7.1808,42
e207f84,9380,7.1808,1
473ee3c3,8578,7.1808,1
33ce80d9,8703,7.1808,1
2c11557d,8422,7.1808,1
2140d324,9989,7.1781,1
4a2772e0,8628,7.1808,1
11d01c34,8263,7.1808,1
56df9e9f,9912,7.1836,1
655dd7d6,8143,7.1836,1
70c38384,7641,7.1781,1
7160d01e,10103,7.1808,1
57bda74b,8668,7.1836,1
6ecdb6b6,9044,7.1836,1
461d3034,8144,7.1808,1
6c1c750e,9906,7.1836,1
af04aa,8889,7.1753,1
3a127c0b,8460,7.1836,1
152177ed,8649,7.1863,1
afb9668,9995,7.1863,1
1a1ad442,10104,7.1863,1
62e809ff,8569,7.1808,1
55b34b09,8701,7.1836,1
19c73d39,8461,7.1863,1
3b42780f,8721,7.1863,1
6e38fb51,9998,7.1863,1
211c0e9c,10105,7.1863,1
192d173,8642,7.1863,1
29b8434e,8477,7.189,1
73d75b,8545,7.189,1
41da5127,9076,7.1863,1
56d41926,8571,7.189,1
3d9d9281,9913,7.189,1
23ca5366,9370,7.1918,1
308a7d51,9915,7.1918,1
46e15f4f,8579,7.1918,1
4efa2d2f,9932,7.1918,1
1739d488,10010,7.1918,1
6699e46a,8912,7.1918,1
7592ef97,8455,7.1945,1
51a6d1d,9046,7.1945,1
49cd51d6,8722,7.1945,1
108941f3,8442,7.1945,1
391a4d3c,9017,7.1945,1
6fbebd87,9586,7.189,1
74000f1a,8454,7.1945,1
4c5e0247,9994,7.1945,1
168254e6,10106,7.1973,1
7d1a88a7,8382,7.1973,1
67524006,8650,7.1973,1
5ba22a91,9947,7.1973,1
41ec8752,9368,7.1973,1
5f836067,8584,7.1945,1
76f58480,7651,7.2,1
3dfeddf5,8549,7.2,1
52eb56e6,7667,7.1973,1
3d2a828,9910,7.1973,1
496efc61,9210,7.2,1
4d55999b,9916,7.2,1
9eccd2,9996,7.2,1
daa2d73,8474,7.1918,1
57a179c2,8705,7.2027,1
41a418f6,6492,7.2027,42
7f176957,7665,7.2027,1
238a1273,8704,7.2,1
2806b219,8570,7.2,1
7f3910a9,9077,7.2027,1
224f8b34,8580,7.2027,1
1e3bc410,9587,7.2027,1
226e8f37,9957,7.2,1
73ba068e,9911,7.2027,1
29c8c3fc,8929,7.2,1
1e432234,9914,7.2,1
5e187ea8,8550,7.2027,1
799028f3,7638,7.1781,1
7ec5f777,8702,7.2055,48
63b52b39,9896,7.2027,1
333a7e30,8643,7.2055,1
4b150f14,9117,7.2027,1
1a3a374e,8914,7.2055,1
509c3bd3,10000,7.2055,1
3037040e,7666,7.2055,1
53b9c0b3,8142,7.2082,1
18f21dcd,9211,7.2082,1
2901ffa3,8644,7.2082,1
219e89f9,9018,7.2082,1
3c3f6921,9118,7.2055,1
34ab071e,9952,7.2082,1
12f10acf,8665,7.211,1
5aba5105,8444,7.211,1
47f59829,8640,7.211,1
449797,9946,7.211,1
6c3bf376,9369,7.2055,1
76063b4c,8930,7.211,1
1d59d175,9421,7.211,1
39850566,8572,7.211,1
a16e163,8647,7.211,1
4d8d6736,6283,7.2082,43
1e8cc58b,9108,7.2082,1
272387f5,9992,7.211,1
f334d09,9422,7.211,1
3293b875,8481,7.2137,1
1401ddc6,10006,7.2137,1
6c59e250,9425,7.2137,1
7afa9c1f,9057,7.2164,1
2b565c57,9110,7.2164,1
7917a1d7,9963,7.2137,1
56e8fe90,8679,7.2164,1
4c1df666,9918,7.2137,1
6f75d6d7,9058,7.2164,1
2b28dbf7,8552,7.2164,1
3a25bc7c,8145,7.211,1
1928d398,7621,7.2192,1
582a6d04,9385,7.2192,1
35b0f295,9917,7.2192,1
2571294f,9940,7.2192,1
22616e03,8864,7.2137,1
982730,9999,7.2164,1
7f86ffaf,9958,7.2192,1
4e4eacc9,9372,7.2219,1
7d0acdc4,10013,7.2219,1
7643dd2c,8645,7.2164,1
44d5bd2b,9960,7.2219,1
6dedd2c4,10011,7.2219,1
26d84732,9005,7.2219,1
46225650,9934,7.2219,1
2e605905,8553,7.2247,1
47b58507,8920,7.2247,1
44cd14c7,8479,7.2247,1
10894ad8,9955,7.2247,1
3c0d91bd,9948,7.2247,1
b4f9a4,9959,7.2247,1
57fbb686,9427,7.2219,1
3e2bed5b,8443,7.2247,1
7b3cfb92,7652,7.2247,1
21b9b1a7,7646,7.2274,1
71695c54,8547,7.2274,1
7bac8b79,9937,7.2274,1
20f38fd4,8063,7.2274,1
3038c8f8,8478,7.2192,1
2fd06ac5,9919,7.2274,1
4818f76d,9585,7.2247,1
70a6464c,8867,7.2274,1
5c0c8cdf,9105,7.2274,1
5320bbac,9907,7.2301,1
4575da77,9426,7.2247,1
2c7bfcd8,8462,7.2219,1
6ead5b3d,9119,7.2301,1
56ff5843,10100,7.2301,1
d464eb,7643,7.2301,1
733ac515,9962,7.2274,1
77ca0cfc,8551,7.2301,1
5bdb6f06,7617,7.2274,1
788bbbaa,8727,7.2301,1
5d3ccbc3,9949,7.2301,1
7a369174,8440,7.2301,1
7a95626b,10012,7.2329,1
5fe6d078,10001,7.2301,1
64bf6a94,8844,7.2329,1
13fded93,9951,7.2329,1
2accea46,9921,7.2329,1
7b9b434e,8683,7.2329,1
12973955,9080,7.2329,1
de31a59,6282,7.2329,43
40b04f79,8482,7.2329,1
6190f512,9104,7.2356,1
4a6625e4,9591,7.2356,1
506ed938,7616,7.2356,1
7e3b8876,8729,7.2356,1
5fc2cf23,9935,7.2247,1
1dcb9825,6795,7.2356,42
7b95c6eb,8723,7.2356,1
a78578,8556,7.2384,1
49d5e998,8728,7.2329,1
19354b2f,8847,7.2329,1
89e4a37,9387,7.2356,1
5de96751,9972,7.2384,1
6159a5d1,6796,7.2384,42
7a6194b,8456,7.2384,1
7d13247a,8651,7.2329,1
6bd61766,8463,7.2384,1
470d40e0,9592,7.2411,1
63de05a9,9019,7.2384,1
7056750b,9371,7.2411,50
7d6e8289,9617,7.2411,1
7cffd7ab,9106,7.2411,1
4f34e75e,9618,7.2411,1
6293b418,9388,7.2411,1
212e6b6c,9588,7.2411,1
20d14611,8689,7.2411,1
48b75b42,9590,7.2384,1
377b1538,9373,7.2411,1
655c7db0,10101,7.2411,1
4f174ec4,9956,7.2329,1
3d88612f,8681,7.2438,1
6033b70b,9059,7.2438,1
52357173,9014,7.2438,1
337c89d,8669,7.2438,1
54822778,7642,7.2438,1
21163242,9078,7.2438,1
5f69ae56,8863,7.2438,1
26aee221,8848,7.2438,1
63d2a86b,9109,7.2438,1
73c60271,9229,7.2438,1
614f1941,9936,7.2411,1
302140a3,10159,7.2438,1
6cae2167,9950,7.2329,1
4646373c,9920,7.2438,1
550600f,8464,7.2466,1
1ccce4f5,6493,7.2466,42
26528b97,9386,7.2466,1
51daa7b6,8736,7.2466,1
578ce59a,8846,7.2438,1
2c9c48d2,9087,7.2384,1
d4b20d8,8845,7.2466,1
1e2060e5,9067,7.2466,1
1a439380,8557,7.2466,1
40c11b12,10102,7.2466,1
2ad31567,8646,7.2493,1
64470237,9589,7.2466,1
797d7112,8555,7.2466,1
2a885ae8,8684,7.2438,1
7f24222e,9897,7.2493,1
4d6e7880,8682,7.2521,1
11e49da0,8849,7.2521,1
3039b6f,9390,7.2493,1
5d68ec73,9062,7.2521,1
63fc2526,9973,7.2521,1
49079c20,9212,7.2521,1
5396fa07,6750,7.2493,44
51413046,6747,7.2521,44
2399c87,8670,7.2521,1
772ae67c,9011,7.2493,1
13887c5c,9121,7.2521,1
4b13bd6b,8554,7.2548,1
3333452a,9102,7.2521,1
1b8888a2,9068,7.2548,1
500cd2a,9442,7.2521,1
25b9c2f0,8680,7.2548,1
75833087,8146,7.2575,1
23ad23b9,6751,7.2575,44
3f8d7622,9012,7.2575,1
2047c37b,8445,7.2575,1
4b022bc1,8685,7.2575,1
27693d2e,9974,7.2575,1
6d137291,8117,7.2575,1
73513853,8483,7.2575,1
29d749db,8591,7.2603,1
251fcad7,9015,7.2603,1
60f53bb,9090,7.2603,1
47b99182,9088,7.2521,1
31c8e41e,9107,7.2575,1
4ba1c1d4,9112,7.2603,1
582bc0ea,9431,7.2603,1
53957fec,9065,7.2603,1
258b9994,8595,7.2603,1
3c615880,8592,7.2603,1
60615390,9389,7.2575,1
664be3e6,8921,7.2603,1
1e599adc,9111,7.2603,1
6767e7ba,9091,7.2603,1
df0c515,8558,7.2603,1
2b508357,9374,7.2603,1
578d4a,8593,7.263,1
66c0b0ab,9619,7.263,1
3ec2c1fe,8559,7.263,1
3591635e,9008,7.263,1
6bce57c1,9009,7.263,1
868e7fb,9445,7.2603,1
200d1a39,9230,7.263,1
1e3816f5,9990,7.2658,1
7d13aac,8750,7.2658,1
48c94292,9625,7.2658,1
5e8c6430,8480,7.2658,1
50862117,8934,7.263,1
52d93447,9908,7.2658,1
38451d29,9007,7.2575,1
55543f5,8457,7.2603,1
643a54d1,9113,7.2685,1
7fda3f1d,9953,7.2658,1
6fe6c99a,9089,7.2685,1
40037578,9120,7.2658,1
76a93d75,9103,7.2658,1
5825c66a,9060,7.2685,1
1ebde9e0,8147,7.2685,1
1921f54a,9396,7.2685,1
1566eed,9235,7.2685,1
5aa5730a,9049,7.2685,1
65d8afbe,9016,7.2658,1
133823f9,9006,7.2712,1
21ab1675,6792,7.2712,42
50e70c69,9713,7.2712,1
70e2fc94,8730,7.2712,1
22972e9a,9941,7.2712,1
5bf69c03,9391,7.2712,1
331a4750,8744,7.2712,1
54fb0bfb,7622,7.2685,1
8f8e580,9048,7.2685,1
6d19fc02,9961,7.2685,1
4f031c00,8916,7.2712,1
207a8767,9938,7.274,1
413b64ff,9923,7.274,1
4d131bf0,8653,7.274,1
1aa7fd4e,6752,7.274,44
656c4ff8,8749,7.274,1
36559157,9939,7.274,1
6e1210c2,8931,7.274,1
74949d63,9922,7.2712,1
210dd49a,8865,7.274,1
4e50078,8652,7.2767,1
7a8f9426,9423,7.2767,1
2aa07191,9047,7.2767,1
65c6c95b,8654,7.2767,1
490ce35b,9620,7.2767,1
7d84e160,8733,7.2767,1
4fa460f8,8587,7.2767,1
39276293,10026,7.274,1
6621ac64,9593,7.274,1
35fe3dea,7647,7.2795,1
50bec9fc,9975,7.2795,1
1bc61635,8690,7.2795,1
77891615,8588,7.2795,1
1ca0c60c,9092,7.2795,1
3d6ba23e,8484,7.2795,1
5875a91f,9081,7.2795,1
73296b9a,10160,7.2767,1
4cafe254,9398,7.2767,1
2e705527,8737,7.2822,1
56a5cd6b,9397,7.2822,1
236dabf1,8485,7.2822,1
1b2071bd,9632,7.2822,1
5098c334,8924,7.2822,1
1e64d8f5,10019,7.2822,1
651ff1d,8917,7.2822,1
5acddafd,8941,7.2849,1
3f9a77a2,7644,7.2849,1
74c1f9ed,9061,7.2822,1
7de1497f,9063,7.2795,1
49cf7e0c,9459,7.2849,1
5497896d,8932,7.2822,1
2fe20c83,6484,7.2849,42
58bf02b1,9231,7.2849,1
6cabad07,9010,7.274,1
6a3228b4,9594,7.2849,1
1d5512ad,9633,7.2822,1
286087e,8868,7.2849,1
3dbf8ab9,8734,7.2849,1
7a0e546c,8468,7.2877,1
1db5ad35,9050,7.2877,1
66b941bf,8922,7.2877,1
23eee0da,9446,7.2877,1
54ce60ee,8467,7.2877,1
15e5c28c,9214,7.2849,1
25090900,8935,7.2877,1
99110a7,10161,7.2877,1
2e7fd86b,9082,7.2822,1
15359e8a,9219,7.2904,1
7899d425,8589,7.2877,1
70cb2859,9069,7.2877,1
2960d463,10024,7.2904,1
1018ce0b,8594,7.2904,1
1a36b3bc,8708,7.2904,1
261608d1,9909,7.2877,1
38b90295,8691,7.2904,1
38619308,9083,7.2932,1
17d51a2d,9438,7.2904,1
6e9e09f8,9634,7.2932,1
580f997f,9128,7.2932,1
57ad2e36,9395,7.2932,1
7e3b827a,8119,7.2932,1
277023fc,9642,7.2932,1
18cb514d,9641,7.2959,1
3a4a5090,8936,7.2959,1
60cada8,10017,7.2959,1
38eeefc1,9115,7.2959,1
1e2744e3,9232,7.2959,1
1f2a27cc,6284,7.2959,43
64cc2ea9,9954,7.2877,1
5ca42f53,9436,7.2959,1
3fa6a882,8469,7.2959,1
335c8aeb,9248,7.2904,1
7079d850,8596,7.2986,1
4739b7a3,10194,7.2959,1
54dd8ae0,8872,7.2986,1
297ef99f,8869,7.2986,1
2396b68a,9399,7.2986,1
1d9341f0,9064,7.2959,1
25214228,9710,7.2986,1
7bcdf512,9233,7.2986,1
6df93e07,9246,7.2959,1
535d657f,9114,7.2986,1
6ae26e89,8465,7.3014,1
45fd41ff,8731,7.2986,1
518c5937,8149,7.3014,1
75214c07,9234,7.2959,1
c4ef20c,10162,7.3014,1
2393a8c3,8915,7.3014,1
10651867,9627,7.3014,1
1d4681ea,9437,7.2986,1
6f5b2f18,9392,7.3014,1
2a951991,8148,7.3014,1
120b8a84,9245,7.3014,1
249e5432,8741,7.2986,1
2ce82065,9429,7.3014,1
43f45bca,8648,7.3014,1
41af9bb4,8738,7.3041,1
f3e66af,9013,7.3041,1
59d78cbe,9213,7.3041,1
381ca645,9249,7.3014,1
392a7430,8732,7.3041,1
553f8c9,9501,7.3014,1
7924fdd2,9606,7.3068,1
1c732c34,9138,7.3068,1
51bc9c1b,9626,7.3068,1
41008f71,9430,7.3068,1
28a5d3d5,8118,7.3068,1
6a2138e2,6485,7.3068,42
5b8fa228,8751,7.3068,1
59b0ee6,9424,7.3068,1
c80ed,10014,7.3068,1
4532fc9a,8686,7.3068,1
3e3b565f,8742,7.3068,1
318ffa4d,9220,7.3068,1
5a54b29d,8693,7.3096,1
8504361,8590,7.3068,1
3faaa7a5,8756,7.3096,1
21718e2f,10018,7.3068,1
5bc797a1,9624,7.3068,1
24f8061e,9079,7.3096,1
2eb912ab,8753,7.3041,1
44c41f56,8938,7.3096,1
23d9f2f0,9139,7.3096,1
4775c863,9222,7.3096,1
213fa66c,8746,7.3096,1
456533b2,8747,7.3096,1
46312bbe,8597,7.3096,1
29c7079c,8754,7.3068,1
7ee3f0d3,9456,7.3123,1
4018f417,8866,7.3041,1
1cc836be,9084,7.3123,1
705c7e36,6748,7.3123,44
44c92e0c,8688,7.3123,1
9b98d1e,8870,7.3123,1
61367c46,8687,7.3123,1
6609843b,9943,7.3123,1
3ba92382,9223,7.3151,1
14f04da7,8871,7.3151,1
7dfda09b,8745,7.3096,1
2817470f,9066,7.3151,1
7a11da07,8598,7.3151,1
5093b122,9447,7.3151,1
22543d81,9020,7.3151,1
30e929fb,8755,7.3151,1
4cc55c20,8724,7.3151,1
445c1c03,9944,7.3151,1
98bbf0b,8466,7.3151,1
3df5661c,9051,7.3151,1
ab0338e,8725,7.3151,1
73ef75d2,6494,7.3178,42
5777c3a8,8937,7.3151,1
3505daa,9215,7.3178,1
877320d,8735,7.3178,1
3e9734,9216,7.3178,1
69bd7e18,8748,7.3178,1
6881d388,9443,7.3178,1
59d763cf,10195,7.3178,1
2da4c8f6,9636,7.3178,1
2feb3ee4,8740,7.3178,1
15539287,6499,7.3205,42
40369c50,9428,7.3151,1
4990b502,9622,7.3205,1
2b3b6ee4,8957,7.3205,1
20d3f00d,9635,7.3123,1
4b734bb1,10107,7.3205,1
56b9f6ed,10020,7.3178,1
1a4d619d,9457,7.3205,1
6af1707e,8672,7.3178,1
551db6b5,8673,7.3205,1
4c8a3c65,9926,7.3233,1
3d3afde0,9129,7.3151,1
19221d01,9052,7.3205,1
5ca918b9,8942,7.3233,1
6439a587,9394,7.3233,1
794dd471,9130,7.3233,1
13f2f345,8120,7.3151,1
78a4d52,9133,7.3233,1
2e36c5b9,6483,7.3233,42
39cf6252,8925,7.3233,49
21554e81,9646,7.326,1
7bb8a5f1,9093,7.326,1
3d23c6f5,9250,7.326,1
6896fcde,8150,7.326,1
7095e778,9596,7.3233,1
328ac6ca,9023,7.326,1
2da65f0f,9024,7.326,1
11bdaa00,9621,7.3233,1
4e12c4e5,10108,7.326,1
11634478,9166,7.326,1
94ecd0e,10196,7.326,1
3d4a68fe,9022,7.3288,1
753b7c08,9221,7.3233,1
1c801d93,8694,7.3288,1
9aa3505,9968,7.3288,1
5147ed39,8874,7.3233,1
5a8c33ed,9444,7.326,1
2ca3de0f,8933,7.3288,1
74374cb6,9628,7.3315,1
4263c087,9462,7.3315,1
794b807d,8739,7.3315,1
43741543,10027,7.3315,1
7195e884,8603,7.3315,1
2dae69c9,9976,7.3315,1
8c35c69,8752,7.3315,1
6bfe9e3f,9502,7.3288,1
35718a0c,9400,7.3342,1
6b4f4d4a,8602,7.3288,1
2f66ff51,9623,7.3315,1
536bb027,8709,7.3342,1
79fd645e,9241,7.3342,1
666d0238,9969,7.3342,1
5ff5d513,8873,7.3342,1
4e41e6ba,8923,7.3342,1
5c0cb4b8,8671,7.3342,1
52fe01c3,9714,7.3342,1
14fcc063,10197,7.337,1
23520bc2,9224,7.337,1
62e74d24,8599,7.337,1
5b778cb4,8121,7.337,1
2fd9f9a0,8926,7.337,1
79a57e00,9131,7.3342,1
4a1a76ed,9095,7.337,1
7521cb05,9595,7.337,1
124c9ce7,9712,7.337,1
4ef1111,8710,7.337,1
217e2d7d,8943,7.337,1
7539b036,8940,7.3397,1
27be85ef,9021,7.3397,1
52743e65,8939,7.337,1
3e8a32eb,10025,7.3397,1
48d72a79,9238,7.3397,1
212b98fb,9393,7.3342,1
70579b55,10042,7.3397,1
78e627ce,9964,7.337,1
309a8016,9217,7.3397,1
64fd72fb,9401,7.337,1
2315f94d,9464,7.3397,1
4ce79aae,8601,7.3425,1
3d92f5a9,9252,7.3397,1
71d35c7d,9218,7.3425,1
7d001c9b,9647,7.3425,1
d42cb7f,9945,7.3425,1
689a4858,9255,7.3452,1
275748c3,9458,7.3452,1
4c8cc8e0,9239,7.3425,1
3115f12e,9094,7.3452,1
39254e5f,9132,7.3452,1
2a17cd40,9607,7.3452,1
379b9991,9924,7.3452,1
378925a,9433,7.3479,1
171132b8,8944,7.3479,1
35fcbdc9,9716,7.3479,1
7251136e,9236,7.3425,1
6ccb6b6e,9247,7.3479,1
5b7223c0,8695,7.3479,1
7b474b9b,8875,7.3479,1
2b85a3cf,8927,7.3479,1
51b51fb2,9177,7.3452,1
2d23b27c,9465,7.3507,1
66129ef1,9237,7.3507,1
27481a3b,10276,7.3507,1
21555ec6,7645,7.3507,1
72d11900,9715,7.3507,1
58e48dd1,9463,7.3452,1
15063174,9977,7.3507,1
2af3752a,8757,7.3507,1
4d0d3b8d,9629,7.3507,1
290c5568,9598,7.3507,1
46a5ef84,9711,7.3507,1
5241b9f5,9597,7.3507,1
3a537884,6786,7.3507,42
2f4d8378,9174,7.3534,1
467d90da,9175,7.3534,1
67cb47c9,9638,7.3534,1
1ea12368,8692,7.3534,1
2c3efde9,6783,7.3507,42
6f2bfd55,8918,7.3534,1
45fa5b2a,8963,7.3534,1
78b2b953,9277,7.3534,1
2338d219,8604,7.3534,1
1349427e,9086,7.3534,1
47d7836,6793,7.3534,42
69e831cb,9643,7.3507,1
ca58ef5,8959,7.3562,1
4294669,6500,7.3562,42
1c447501,9965,7.3562,1
552677ad,8945,7.3534,1
3af509f7,9134,7.3589,1
12bb010b,9122,7.3589,1
32c9f78f,10109,7.3589,1
54346564,9071,7.3534,1
461c74a4,9599,7.3562,1
1ae0554a,9600,7.3589,1
c659635,8713,7.3589,1
4706896a,8711,7.3589,1
71ed7db9,9176,7.3589,1
68529a5,9242,7.3562,1
2399c485,9072,7.3589,1
3ed3afd,9503,7.3616,1
19f78f8c,9140,7.3616,1
36104516,10028,7.3589,1
5bc012bd,8919,7.3616,1
3190f1ea,9085,7.3616,1
14be93bb,6495,7.3616,42
7b3ce78e,9432,7.3616,1
4d9556a2,6798,7.3616,42
2dd627e0,8962,7.3616,1
1f3052a1,10111,7.3644,1
3acc65e,9026,7.3644,1
64ebb0cf,8743,7.3644,1
781e6295,9402,7.3644,1
6526826d,8726,7.3644,1
5d26a1,10046,7.3644,1
398993ad,9070,7.3616,1
328854c3,7648,7.3671,1
63ec8d15,9971,7.3671,1
7f8c29ec,7653,7.3671,1
fd24492,9450,7.3644,1
550f56d9,9970,7.3671,1
851e458,10126,7.3644,1
6f516372,10029,7.3671,1
68a529e4,8958,7.3644,1
3a521922,8712,7.3699,1
1ab388cc,9403,7.3699,1
7e9d221b,9440,7.3671,1
3af70da1,9251,7.3699,1
3f36de25,9441,7.3726,1
15075be8,9141,7.3699,1
13f4446c,6800,7.3726,42
1cd13aa7,8605,7.3726,1
46e31f3,9925,7.3726,1
2257c2ea,9253,7.3726,1
133135e8,10015,7.3671,1
66a56fd4,9244,7.3753,1
6b0dbec5,6799,7.3753,42
77d171dc,9466,7.3753,1
6d5594bb,9257,7.3753,1
228fbda7,8606,7.3726,1
20438d0a,10043,7.3753,1
263ef451,7618,7.3753,1
5a9d3edb,10277,7.3753,1
1bac997f,10278,7.3753,1
273b6cdd,9644,7.3753,1
76769817,9243,7.3753,1
3a36155f,7649,7.3753,1
4617cb40,8608,7.3753,1
31a78fe6,9053,7.3753,1
3bb1e860,8612,7.3781,1
4304699d,10016,7.3781,1
5d5442b5,8771,7.3781,1
50012e46,8766,7.3781,1
71485d91,10021,7.3753,1
64472ece,7650,7.3781,1
7b515098,9025,7.3726,1
2e4bac0e,8960,7.3781,1
22fb32aa,10127,7.3808,1
4d9d8f6,9631,7.3808,1
131ea503,8674,7.3808,1
4b7123cb,9504,7.3808,1
1a54c3b,9263,7.3808,1
59d2777c,9966,7.3808,1
18aaefdf,9509,7.3808,1
52f063c7,9460,7.3781,1
10dd6d29,9404,7.3781,1
3b322f9d,8762,7.3808,1
74a9fb33,9448,7.3781,1
2516503a,6794,7.3781,42
5ed9d594,9240,7.3836,1
74bd4715,8772,7.3808,1
4f764ad2,10022,7.3836,1
58f65486,9515,7.3836,1
48935f79,10128,7.3836,1
2bd5cc58,7619,7.3836,1
5588ca1d,8714,7.3863,1
416defc0,8961,7.3836,1
13d71803,10072,7.3863,1
2ab3c9ab,9510,7.3836,1
42c525c,9409,7.3863,1
19ef98d,9630,7.3836,1
2fa31591,8676,7.3863,1
45f746ad,8759,7.3863,1
49f1766,10044,7.3836,1
62c70b1b,8758,7.389,1
14e3c45f,9927,7.389,1
235b54cf,6787,7.389,42
5f0343e5,10110,7.389,1
5c614cd,9406,7.389,1
f0df916,9168,7.389,1
4c6ca19,10023,7.3836,1
76893914,9942,7.389,1
3350504b,8600,7.3863,1
5ab4cdb9,9254,7.3918,1
6854a90,9278,7.3918,1
14a2ad5c,9142,7.3918,1
66a0d61f,9601,7.3918,1
595e0246,9405,7.389,1
683dc32e,10167,7.389,1
2430f3ca,8715,7.3945,1
5d3c94e6,9272,7.3945,1
d559938,9268,7.3945,1
bf71f0f,9123,7.3945,1
6a53ac1d,8946,7.3973,1
4bee7436,10168,7.3973,1
78520523,9506,7.3973,1
4472d6a6,9410,7.4,1
3336a971,9439,7.3945,1
bc124e5,6496,7.4,42
635253a3,9604,7.3973,1
31477e89,8763,7.4,1
37bc34f1,9167,7.4,1
35d8d8ef,9467,7.4,1
44e64abc,10047,7.4,1
4edfc79f,8764,7.4,1
18127909,9928,7.3973,1
6b7ec544,6501,7.4,42
2d680e2a,9511,7.4,1
2639e0bf,9170,7.4,1
3bf045d9,10163,7.4027,1
780149a3,8765,7.4027,1
157511d7,8760,7.4027,1
7c2027de,9126,7.4,1
45476b0e,9449,7.4027,1
37f97e54,7623,7.4027,1
52785d6d,7654,7.4027,1
775a6a7c,9125,7.4027,1
a3f3ad5,8948,7.4027,1
77dce29b,8947,7.4055,1
9bde875,8490,7.4055,1
75ca3cc8,8675,7.4027,1
6ec00003,9461,7.4055,1
6504936,9027,7.4055,1
1608bb5d,9413,7.4055,1
54f6697c,9412,7.4027,1
701017a9,8949,7.4027,1
5418491f,9169,7.4055,1
5085a353,10176,7.4055,1
384384d,10164,7.4027,1
73d9cacb,9717,7.4027,1
651f351e,8767,7.4,1
187d9dd5,8950,7.4027,1
3a1998c7,8609,7.4055,1
7ab92dd,9264,7.4055,1
6f675563,9639,7.4055,1
19ce27e8,9273,7.4055,1
42286376,8470,7.4055,1
5e3314a8,9722,7.4027,1
6d12909a,10030,7.4055,1
633309ba,8610,7.4082,1
6281f579,10198,7.4082,1
24513bd5,8613,7.4082,1
7b566991,9660,7.4082,1
53d198,9029,7.411,1
548bab26,9127,7.411,1
6d14d6d6,9411,7.411,1
32ab64d1,9258,7.411,1
4036d732,9507,7.411,1
8642444,9967,7.411,1
2ec252f2,8614,7.411,1
1ff640b3,9929,7.411,1
16a5ebc1,9505,7.411,1
5d4c2da5,6498,7.411,42
2b35ee79,8716,7.4137,1
39bb6399,7620,7.411,1
25ab95f,9640,7.411,1
2056493f,9265,7.4137,1
6731203d,8768,7.4137,1
3b98b136,10034,7.411,1
78582e5,9269,7.4164,1
3c7f24a,10035,7.4164,1
5d0260b8,6497,7.4137,42
5400332c,9096,7.4164,1
2a6f399b,9226,7.4164,1
1561499,9513,7.4137,1
3dbfe35b,6784,7.4164,42
5b0b1524,10051,7.4164,1
1172cdbc,10279,7.4164,1
38751c6b,10031,7.4192,1
68f33e93,10166,7.4192,1
3b8371f7,10037,7.4192,1
4827d7fa,8677,7.4027,1
39d17fcb,9275,7.4192,1
8c9e1d0,9491,7.4164,1
197dadcf,9294,7.4192,1
69c5ee42,9655,7.4164,1
11f3707a,8611,7.4192,1
671dedb9,9028,7.4192,1
5500e9b6,9285,7.4219,1
21e7250c,8487,7.4219,1
2b1de1ea,10048,7.4219,1
23e5b115,8965,7.4219,1
71fab186,9295,7.4219,1
69ad25f0,9615,7.4219,1
2d7b8b9e,8964,7.4192,1
2398ea3d,9718,7.4219,1
7ca1949,9407,7.4219,1
7483ee5,9637,7.4219,1
761e62e9,9605,7.4219,1
1233a715,10050,7.4192,1
4564e44b,10205,7.4192,1
39d5514,8953,7.4247,1
61166a4,10204,7.4164,1
915627c,9415,7.4247,1
6bb199a9,8769,7.4247,1
2038e7af,10280,7.4247,1
2ed443e,6797,7.4247,42
f443681,9296,7.4137,1
2de0b397,10073,7.4247,1
4afb0b53,9752,7.4247,1
22df6a86,9274,7.4219,1
c01a062,8951,7.4219,1
24d5d67e,10036,7.4274,1
3666f024,9124,7.4247,1
6f343734,10052,7.4274,1
5ade232e,8717,7.4274,1
3cb454c3,9266,7.4274,1
4f3ad159,8486,7.4274,1
1ccb04b3,8761,7.4274,1
3a147ebe,10169,7.4274,1
6e378800,6789,7.4274,42
645bc59e,9171,7.4247,1
653dfee1,9279,7.4247,1
2b7ef8e5,8969,7.4274,1
79db0202,10218,7.4274,1
43165f92,9136,7.4274,1
49d66be7,9648,7.4301,1
15b30be8,9451,7.4301,1
3459c04e,9416,7.4301,1
4542f398,8488,7.4274,1
7b269523,9414,7.4274,1
3f312184,9259,7.4274,1
32d091c1,8773,7.4301,1
78c40d13,9172,7.4301,1
48f16c65,8952,7.4301,1
1a7d98d0,8615,7.4329,1
2c76b71a,9286,7.4329,1
1a1e65cc,9227,7.4329,1
59cfa0ae,8471,7.4301,1
2f02185f,9661,7.4329,1
36d5a4c2,10071,7.4329,1
5f8c87d1,9602,7.4329,1
7be2865e,9645,7.4329,1
449da99d,10112,7.4329,1
5f75f678,9225,7.4356,1
6ba4506d,9609,7.4356,1
647c5048,9181,7.4356,1
f3a262b,8954,7.4301,1
22c53022,9434,7.4329,1
bc3faef,9297,7.4356,1
223b6b4b,9608,7.4356,1
528d9f42,9476,7.4384,1
54f57b4b,9719,7.4301,1
40f5f7b8,10211,7.4384,1
396dbdde,9276,7.4384,1
724423e,9418,7.4384,1
6d8e5188,9930,7.4384,1
78744eb2,9281,7.4356,1
17533e33,9280,7.4384,1
66947db6,10165,7.4384,1
3263bd14,9417,7.4356,1
56110fb0,9178,7.4384,1
13adb109,10040,7.4329,1
5253729a,9137,7.4384,1
7df7eed9,10219,7.4384,1
23450258,9267,7.4411,1
5392c3bd,7668,7.4384,1
5d9ecac0,8970,7.4411,1
6db3ffd,8607,7.4384,1
1490a44b,8491,7.4411,1
56d31126,10281,7.4411,1
5d0f8e66,10041,7.4411,1
766c97cd,9135,7.4411,1
67cfd7b7,10220,7.4438,1
295ba049,9613,7.4438,1
469b0ea3,9261,7.4438,1
61ed5f19,8774,7.4466,1
88677ba,9182,7.4466,1
1a465b98,8775,7.4466,1
32d4508,9656,7.4411,1
7700f4cc,10199,7.4466,1
4c006631,9289,7.4438,1
64b26eb2,9228,7.4438,1
dde6229,8966,7.4493,1
7d0851ca,9610,7.4493,1
327681b4,9298,7.4493,1
4546beb6,10038,7.4493,1
3b77431d,10049,7.4466,1
4cec3b8,9185,7.4493,1
23399b4,9154,7.4493,1
7270344a,10283,7.4493,1
739efeb2,9649,7.4493,1
13f307a,10232,7.4493,1
61c7de08,9508,7.4493,1
1fdfe7d0,10284,7.4466,1
6cfe4205,9720,7.4521,1
68914a46,8776,7.4521,1
10551bce,10039,7.4521,1
70d49f73,9173,7.4521,1
c85b1ee,10058,7.4548,1
34b650db,6506,7.4548,42
5e51751c,10045,7.4548,1
604d6e39,6505,7.4548,42
2e8f4b13,8616,7.4548,1
fa495ed,10282,7.4548,1
9923c4a,9262,7.4521,1
2a5b7e7,9155,7.4575,1
56a6a373,9765,7.4575,1
7d065fb7,9260,7.4575,1
656e5c31,9764,7.4575,1
4adbd5f4,9420,7.4493,1
65204c6c,9614,7.4575,1
29055ae7,8489,7.4575,1
66314397,8967,7.4603,1
712904b4,8789,7.4603,1
65c90b10,10208,7.4603,1
6618a72c,9419,7.4603,1
a596d83,9603,7.4603,1
336cd4d8,10113,7.4575,1
5ea01857,10221,7.463,1
1e50d82e,10066,7.463,1
3d523d0f,9435,7.4603,1
7c267a53,10065,7.463,1
2939ab1b,9143,7.463,1
313087ba,7655,7.463,1
1d267ed6,9496,7.463,1
72dced4a,10114,7.463,1
529d7bc3,10367,7.4658,1
369873f8,9766,7.4658,1
3203fc6,11214,7.4658,1
2d5e21ba,10032,7.4658,1
142414b1,8955,7.4603,1
6156b27e,9662,7.4658,1
638a7f9d,9479,7.4658,1
3f85c1a7,9290,7.4658,1
bb0cb7a,9650,7.4658,1
4e923d54,8956,7.4685,1
5f214d30,10064,7.4658,1
55fec68d,11140,7.4685,1
6fe7a7de,9452,7.4685,1
7efecb7c,10053,7.4685,1
739834c2,9726,7.4685,1
2685af4c,9480,7.4685,1
748e3515,6517,7.4685,42
7ca3b5d3,9482,7.4685,1
4eafb0a1,10212,7.4658,1
45db99f7,9721,7.4685,1
40f82ac4,9156,7.4685,1
21140225,6791,7.4712,42
128d841e,9664,7.4685,1
b00b399,9483,7.4712,1
1832e266,8790,7.463,1
a2f0637,9512,7.4712,1
b2b287d,9497,7.474,1
75f8f072,10068,7.474,1
7bea192f,10368,7.474,1
5bbc1f56,10292,7.4767,1
69751f33,9484,7.4767,1
42fd5053,10076,7.4767,1
7ef186a9,9282,7.474,1
458c608e,10069,7.4767,1
4c1638b,10214,7.4767,1
2c96c488,9179,7.4767,1
5ea0db7d,11141,7.4712,1
780e4837,10286,7.4767,1
775ca186,10213,7.4767,1
6df48961,10222,7.4767,1
35d7dc91,10067,7.474,1
1f8e37f2,10183,7.4767,1
3f9275ec,10078,7.4795,1
64268853,10074,7.4795,1
6b3c15eb,9611,7.4767,1
6f1ef312,10177,7.4795,1
430fc608,9270,7.4795,1
6beffd8b,10115,7.4795,1
3b5b94b5,9453,7.4795,1
23c576af,10201,7.4795,1
1e47cb59,9144,7.4795,1
ad07ebf,9723,7.4795,1
6dc9bd6c,9663,7.4822,1
754ed89c,10075,7.4822,1
450cdc98,10054,7.4822,1
4ca07700,9651,7.4822,1
13b5b4ab,9658,7.4822,1
6c229125,10285,7.4822,1
23f74a49,9616,7.4795,1
70ba0ab,9477,7.4822,1
24c054ce,10055,7.4822,1
6b173f21,6785,7.4822,42
13c430df,6790,7.4795,42
4990d4f4,9271,7.4849,1
29a1e5fd,8791,7.4822,1
6fd08f2c,9146,7.4849,1
3d6c4bc0,9145,7.4849,1
f9cd67a,11142,7.4849,1
40e49409,7656,7.4849,1
2b26dad6,10287,7.4849,1
74cba639,9652,7.4849,1
1d0d91dc,6801,7.4849,42
361bbbb8,10200,7.4849,1
792d0aa8,9514,7.4877,1
64c09f31,9492,7.4877,1
4d9307fe,10077,7.4904,1
3c61ece1,9767,7.4904,1
2d08c98f,8492,7.4904,1
4d51f208,8971,7.4877,1
18a8b0ab,7671,7.4904,1
2b1d41bb,9481,7.4904,1
49a8f9c3,9612,7.4932,1
40b2b1e6,9159,7.4932,1
231da4a,10184,7.4932,1
5fc10f4f,9157,7.4932,1
1e108d95,10459,7.4904,1
2309f9e1,9728,7.4904,1
4b782230,9187,7.4932,1
4797529f,10216,7.4959,1
107b8655,10215,7.4959,1
a1dcdea,10233,7.4959,1
7d00ae01,10369,7.4959,1
3105d6da,9147,7.4959,1
55132f8d,9408,7.4904,1
25a43ddb,9659,7.4959,1
5d2cffc8,6508,7.4986,42
420041b1,9485,7.4986,1
e23713b,9186,7.4959,1
3005a3eb,10307,7.4986,1
70c86193,9283,7.4986,1
4660a5f,10206,7.4986,1
65f77c18,10179,7.4986,1
10024a0,8770,7.4986,1
1c07c590,7657,7.4986,1
2f70fb7a,10118,7.5014,1
71b94530,9653,7.5014,1
719c4a83,10309,7.4986,1
6a292e3b,11143,7.5014,1
53952a65,9183,7.5014,1
7b16a046,9478,7.5014,1
403dfad1,9098,7.5014,1
53667807,9654,7.5014,1
295ab60c,9666,7.5014,1
678027f1,7681,7.5014,1
4844b2a2,10178,7.5041,1
28825ded,9284,7.5041,1
54146427,9300,7.5041,1
45a056da,9486,7.5041,1
32cd7efb,10207,7.5014,1
5f710ba2,9097,7.5041,1
65265894,9657,7.5041,1
12e43d4b,10308,7.5041,1
4b87b34a,9256,7.5068,1
1e98b88a,10119,7.5068,1
1c7c9d83,10185,7.5014,1
3ef50a1b,10180,7.5068,1
4bc98460,10223,7.4986,1
7874e637,10236,7.5068,1
e9f0790,9454,7.5014,1
76f71345,8792,7.5068,1
911a1b6,9188,7.5096,1
711a637f,10202,7.5096,1
2e006635,9667,7.5096,1
585557e2,10224,7.5096,1
16760a96,9299,7.5068,1
2d2fd754,9161,7.5123,1
345592bc,8968,7.5123,1
19c96bcd,8777,7.5096,1
6bd1d551,9727,7.5123,1
4d554007,9724,7.5123,1
550deb63,10170,7.5096,1
748750c,11146,7.5151,1
62d643e9,10293,7.5151,1
5e462cc,9735,7.5151,1
3f88c7e0,7676,7.5151,1
7bac3508,7669,7.5151,1
10f046cd,10310,7.5123,1
2bb5e89f,9468,7.5151,1
1bad5250,10460,7.5151,1
d611d27,8718,7.5096,1
74af6cac,10062,7.5123,1
6e311344,10210,7.5178,1
6a44ef0d,9164,7.5178,1
600c841e,10063,7.5178,1
6c11068,9725,7.5178,1
4bb0ab3a,10370,7.5151,1
6e26667c,10121,7.5151,1
6a0e33d2,9287,7.5178,1
64422cab,9165,7.5205,1
772d34d4,10059,7.5205,1
6ca61940,10171,7.5205,1
746613dc,9729,7.5178,1
1e8510f5,9032,7.5233,1
900c65,6518,7.5233,42
5c20692e,10061,7.5233,1
2bcf8d3,9148,7.5233,1
675721ae,7682,7.5233,1
66065ad9,9730,7.5233,1
51639709,10373,7.5233,1
5ac32c31,10186,7.526,1
547cd1d7,9469,7.526,1
51904a64,10117,7.526,1
ea63061,10079,7.526,1
50223a4a,10083,7.526,1
1db42498,10234,7.526,1
4ea49e20,9160,7.526,1
71be8aad,11145,7.526,1
23b8345c,9033,7.526,1
308f1eba,9301,7.526,1
c237cd7,9180,7.5288,1
661ca6ed,10116,7.5288,1
6372b361,10489,7.5288,1
3dae9f4f,9292,7.5288,1
2bc00b7b,10209,7.5288,1
3c921f10,9493,7.5288,1
39be26a8,8719,7.5288,1
3fbafda1,9487,7.5288,1
6295f910,9158,7.5315,1
4e5300cd,10225,7.5288,1
26ecbb53,9470,7.5288,1
42e996ca,9189,7.5288,1
f79aafe,9768,7.5315,1
597a96b4,10140,7.5315,1
1a0f88eb,10141,7.5288,1
14de12a6,9668,7.5315,1
56327499,10070,7.5315,1
5b7087dd,9031,7.5288,1
3d5e0488,9471,7.5342,1
59717aa7,9291,7.526,1
1c224bac,9472,7.5342,1
4333699a,9769,7.5315,1
e045f30,11215,7.5342,1
5cf2b815,8972,7.5315,1
3636de1d,10190,7.537,1
5283e70c,10124,7.537,1
a242b7f,6509,7.537,42
28d54fe3,10033,7.537,1
26f518d4,10248,7.537,1
6f0e2e0f,8793,7.537,1
13ae5f19,10203,7.537,1
22f81f65,10371,7.5342,1
92cb796,11503,7.537,1
7112ddf,10056,7.537,1
19711564,9190,7.537,1
6959550f,7670,7.5397,1
3f3c1e4d,8794,7.5397,1
17ecaafb,10172,7.5397,1
199d120c,10237,7.5397,1
856ee6e,10290,7.5397,1
72ac0d8e,9742,7.5397,1
e5ca52,9035,7.5397,1
7199a530,10235,7.5397,1
4e8300f3,10294,7.5425,1
5c51a4d0,9036,7.5397,1
72485252,10120,7.5425,1
4ec4c90e,9184,7.5452,1
1896dcbd,9319,7.5452,1
49b09c5b,8973,7.5452,1
13bd408b,9293,7.5452,1
11beb761,10291,7.5452,1
3fe3e2df,10217,7.5452,1
72fce33c,6519,7.5452,42
5f643deb,11147,7.5479,1
295191c0,10084,7.5479,1
3b059cd9,9665,7.5452,1
1b50647c,9149,7.5479,1
7d27568b,9669,7.5507,1
ea08129,10239,7.5507,1
70d56e73,9743,7.5507,1
67a1c7e4,10187,7.5507,1
7f4a3ce8,8779,7.5507,1
75e943e1,9030,7.5507,1
2e140dd9,9034,7.5507,1
47e36118,6805,7.5507,42
69e0a870,10129,7.5507,1
56a918e6,10192,7.5534,1
58ddbd2f,9731,7.5534,1
72bd2bfa,6503,7.5507,42
4eaec8d,9732,7.5534,1
68256748,10057,7.5534,1
76d52c82,10189,7.5534,1
43d4c3b2,9753,7.5507,1
1009d1c1,9150,7.5534,1
5355fbaf,11148,7.5534,1
24549b57,9162,7.5562,1
cbb6c7b,6802,7.5562,42
6917e70d,8493,7.5534,1
374ea437,10311,7.5562,1
4bbaa9f2,9163,7.5589,1
1c35cc4a,10193,7.5562,1
4a4c6f4e,11504,7.5589,1
861152c,9320,7.5589,1
160ad8eb,10182,7.5589,1
24ef01fc,10130,7.5589,1
df02c30,9326,7.5589,1
d3890d7,6521,7.5589,42
4d35dc1b,8783,7.5589,1
1189c4a0,8494,7.5589,1
6b62cfc3,10188,7.5562,1
1d94eb0d,7658,7.5616,1
54e37e40,8780,7.5616,1
3755b5c3,10085,7.5616,1
6826cb4d,9747,7.5644,1
525089c7,9734,7.5644,1
1d8efcb3,9302,7.5644,1
17b0b118,6502,7.5616,42
76fa96c,9191,7.5644,1
594d766f,9754,7.5644,1
f05d230,10181,7.5644,1
6504dc07,6510,7.5644,42
1f5a3d02,9733,7.5644,1
16ffaac5,10490,7.5644,1
2d96ce88,10238,7.5644,1
c230d58,8720,7.5589,1
4f840c3f,10122,7.5644,1
1f89ae0,9288,7.5644,1
1a81e6d9,8778,7.5616,1
edc611c,8784,7.5671,1
6156710c,10135,7.5671,1
243cc85c,9152,7.5671,1
2f5af459,9473,7.5671,1
319e552c,9517,7.5671,1
5ca70682,7683,7.5671,1
3cdd6506,10143,7.5671,1
eabd20b,10240,7.5699,1
4c1785aa,10086,7.5699,1
fe39e31,6520,7.5671,42
6b941a59,10226,7.5699,1
65be07dd,10142,7.5699,1
3bffb6aa,9494,7.5671,1
4bb54eaa,9784,7.5699,1
58b453fb,9780,7.5699,1
13b9dc66,6511,7.5726,42
55b5625d,10173,7.5726,1
3414a65f,9151,7.5726,1
5aec45a0,9311,7.5699,1
4e4510ad,9474,7.5726,1
1342bfef,10125,7.5671,1
6d9b8050,7659,7.5726,1
1a8a42a2,11151,7.5699,1
1cb13bdb,10242,7.5726,1
2d19b11d,7672,7.5726,1
7d540b5f,9495,7.5726,1
3601d2a9,10144,7.5671,1
7ed61999,7660,7.5726,1
6bac9a7b,9748,7.5726,1
b5d5f4a,10241,7.5753,1
3cc017fc,10147,7.5781,1
33f15012,10228,7.5753,1
407cdbb2,10229,7.5781,1
5a1755fa,11150,7.5781,1
7d259d24,10174,7.5753,1
7255bfb9,10318,7.5781,1
131309b6,9327,7.5781,1
2adbba06,10372,7.5726,1
7bc6dec4,9781,7.5781,1
24310e72,10123,7.5753,1
2fe4edfb,9745,7.5781,1
5898798b,10585,7.5808,1
73c7f89b,10288,7.5808,1
50780e6e,10319,7.5781,1
15e5aca2,7678,7.5836,1
390b62f2,9749,7.5808,1
3108db1d,10191,7.5836,1
2a47b896,10491,7.5836,1
127f91c0,10137,7.5836,1
1d3220c7,10060,7.5836,1
70017d8f,10630,7.5836,1
72690a1,10146,7.5863,1
25a34f24,9755,7.5863,1
56b0a45c,10080,7.5863,1
10320bdb,9153,7.5863,1
7e2d698c,9455,7.5863,1
5bb9ec3,6504,7.589,42
36abb54d,10243,7.5863,1
36470c90,11217,7.589,1
6988d578,10227,7.5863,1
23b372dd,10081,7.589,1
7aa7bdee,10082,7.589,1
2dde085e,9488,7.5863,1
11cd6e2a,11216,7.5918,1
1f60c30f,10136,7.5863,1
71f215d9,8795,7.589,1
27fd6fa4,9736,7.5918,1
48609eee,10575,7.5918,1
60f2ee78,10249,7.5918,1
1a346072,11149,7.589,1
3d5a080,10250,7.5918,1
4f997f11,8787,7.5918,1
38efd9b4,11154,7.5918,1
161092b,9750,7.5918,1
2f9e7827,10131,7.5918,1
2b7beb32,10312,7.5945,1
6d9fa590,8788,7.5945,1
64bed159,10289,7.589,1
383dc2a9,11144,7.5945,54
4c6b8ce7,9321,7.5945,1
5c4803df,8797,7.5945,1
4eee2516,9475,7.5945,1
18909ee8,10148,7.5945,1
80c35a9,10088,7.5918,1
1446998c,11218,7.5973,1
2b3fc887,9737,7.5973,1
374464d6,9744,7.5973,1
5e8caeea,11152,7.5973,1
5580da48,10314,7.5973,1
7e26c64e,8781,7.5973,1
2b0852fd,9756,7.6,1
3ffef19e,10230,7.5973,1
4bef375,11155,7.6,1
4c62411a,10631,7.6,1
25146dd1,9195,7.6,1
6dae0aec,9782,7.6,1
1ef87977,11156,7.6,1
40cc8123,9303,7.6,1
46b0160e,6507,7.5973,42
5b548d5e,11157,7.6027,1
225b38ef,10244,7.6027,1
649d4acc,10149,7.6027,51
1b5c057c,9328,7.6027,1
79a45985,7717,7.6027,1
5ba4663e,8785,7.6055,1
4e176cf1,11505,7.6055,1
35f0a99c,10231,7.6055,1
1742d10b,9323,7.6027,1
3bb55ec4,10151,7.6027,1
40b9cb2b,9305,7.6055,1
530a44b,9797,7.6055,1
41114478,10576,7.6055,1
6d208757,8786,7.6082,1
14e29957,9783,7.6055,1
4d5ee114,11506,7.6082,1
4dcc1608,8472,7.611,1
4d6416c7,10295,7.611,1
30562078,8782,7.611,1
36027abe,9330,7.611,1
a3a2127,10251,7.6027,1
276b1a3e,10132,7.6082,1
4a54f23a,9796,7.6055,1
4b004ee8,9770,7.6137,1
10686db6,7663,7.6164,1
6f2d3f6f,9751,7.6164,1
205c592,9196,7.6164,1
4b3bbc34,9329,7.6164,1
186d6d38,6803,7.6164,42
1e3dff1d,11158,7.6192,1
3238901d,10138,7.6192,1
24744072,9798,7.6192,1
71937afb,7661,7.6192,1
5703ed69,11159,7.6219,1
51d5389f,10089,7.6192,1
26b73583,6804,7.6219,42
5079f130,9192,7.6192,1
56885c9d,10586,7.6219,1
1ea88b80,9489,7.6219,1
2f1a19b1,9805,7.6219,1
477afcf8,9738,7.6247,1
12caefb,9324,7.6247,1
1e432f9f,9331,7.6247,1
abbe47e,10246,7.6219,1
4ef0e8da,7677,7.6247,1
50959a22,9758,7.6247,1
34aaadbd,10587,7.6247,1
33125360,10257,7.6247,1
665fd968,9788,7.6247,1
7b7262b7,10087,7.6274,1
1a670b0b,9787,7.6274,1
7b419abf,10638,7.6274,1
5a694fe4,9490,7.6274,1
42e55958,9339,7.6274,1
60782d5c,7662,7.6301,1
59f95005,12734,7.6274,1
179bd78e,8495,7.6301,1
71dacf6,9771,7.6301,1
6fda0ad4,10090,7.6301,1
4e69d8be,9746,7.6247,1
787415a,10139,7.6274,1
13b2e8ae,10247,7.6329,1
52a40c8c,9785,7.6301,1
5288924e,9676,7.6329,1
6f3884d4,9799,7.6301,1
3b410354,9322,7.6329,1
4973b8dc,9516,7.6329,1
5f7f495e,9498,7.6329,1
74ca7841,6514,7.6329,42
47229e2f,8796,7.6329,1
13437b4f,7684,7.6329,1
36d3e5c0,10313,7.6329,1
117c9b2b,10588,7.6329,1
4568794b,10133,7.6301,1
42fcbccd,10577,7.6356,1
559d373b,9757,7.6356,1
4aed3ede,9499,7.6384,1
63b92fa6,10374,7.6384,1
16695539,9313,7.6384,1
315489ed,9786,7.6384,1
126c4ad7,10134,7.6384,1
1c1ae6c4,9789,7.6356,1
38828323,9306,7.6384,1
65db8d49,10245,7.6384,1
649ec997,9800,7.6411,1
71903f08,9334,7.6384,1
347d7686,9193,7.6411,1
15af91f,10259,7.6411,1
3f2d4fc7,9312,7.6438,1
4fb54f55,8974,7.6384,1
1971d5bd,9308,7.6438,1
5b127e96,10580,7.6438,1
e945144,9801,7.6438,1
6bbe6824,10298,7.6438,1
7cf584d3,9806,7.6438,1
166ee706,6512,7.6438,42
34dbb315,9197,7.6466,1
18e9dabb,9332,7.6438,1
8e6eca,11219,7.6466,1
500db114,10260,7.6411,1
39a7f31b,9760,7.6466,1
6fcdca96,10589,7.6438,1
da7bc1e,10581,7.6466,1
1cc6019b,9198,7.6466,1
21fe8606,9304,7.6466,1
27c79609,9802,7.6466,1
265f711d,6515,7.6466,42
a396694,11153,7.6438,1
5f220f63,11221,7.6493,1
444ead50,10175,7.6493,1
1944eb5d,9740,7.6493,1
58083327,10639,7.6493,1
171e6652,10150,7.6466,1
260b7dcc,10261,7.6521,1
18ab7453,10337,7.6521,1
1a3ed6a,10253,7.6521,1
65eb27fa,9201,7.6521,1
18f3c396,10375,7.6521,1
5bb92537,8496,7.6521,1
45ef5b97,11164,7.6521,1
79876027,9790,7.6521,1
6e5ae4bc,9813,7.6548,1
7feef3f2,10633,7.6548,1
3740f628,9759,7.6548,1
6dece1a5,11160,7.6548,1
52603c6c,10323,7.6548,1
10a4f85f,11220,7.6548,1
185df8da,10252,7.6548,1
10afd3fd,10153,7.6575,1
12b6d3bd,10091,7.6603,1
41e60edb,10632,7.6575,1
15bcd8c,11163,7.663,1
25d4cd21,8798,7.663,1
54b58f96,10262,7.663,1
19ca9708,10321,7.663,1
46a20e10,9761,7.663,1
459c7e20,9741,7.663,1
3d2d903a,11165,7.663,1
53404bc4,11507,7.663,1
21135cfe,10578,7.6603,1
70122240,9307,7.663,1
269660dc,10092,7.663,1
dd6750,10492,7.6658,1
51a09b31,11222,7.6658,1
30c1b367,9791,7.6658,1
2544a523,9335,7.6658,1
4ec8a13c,10258,7.6658,1
1be4c2c7,8498,7.6658,1
26831057,10093,7.6658,1
26eec419,10271,7.6658,1
10eb4d20,9671,7.6685,1
2ed4e6c2,10145,7.6685,1
7e4a210d,11161,7.6685,1
716487f5,10376,7.6712,1
206978bd,9194,7.6658,1
3bac46b4,12309,7.6712,1
32c755f5,9772,7.6685,1
1daa48e9,9200,7.6712,1
48a42f86,9807,7.6658,1
116449c0,10154,7.674,1
1984cee4,10263,7.674,1
56a6203d,10320,7.674,1
3f97fd70,7718,7.674,1
c0e990b,10268,7.674,1
312239f2,9199,7.6685,1
33c29580,8499,7.674,1
5482ec0d,11223,7.674,1
547ee790,11162,7.674,1
2c40fad5,9340,7.6767,1
4338364a,10322,7.6767,1
b890448,10315,7.6795,1
482873b0,10152,7.6795,1
323607d2,9333,7.6795,1
6b494f42,9762,7.6795,1
40f496ac,10255,7.6795,1
2a6e6c85,11166,7.6795,1
39c61be,9816,7.6767,1
8a2278e,9325,7.674,1
29305a87,9500,7.6795,1
247ccbec,9793,7.6822,1
4d15e8fb,10339,7.6822,1
2d64e176,9814,7.6795,1
34633d03,10702,7.6822,1
1f2cbd6a,10383,7.6795,1
56bef874,10340,7.6822,1
2e045d26,10267,7.6795,1
7d9ccc44,9353,7.6822,1
7779fdd0,10701,7.6822,1
5adf4d19,10377,7.6849,1
20e27cc5,9803,7.6849,1
3b876a71,10264,7.6849,1
32897ac,6513,7.6822,42
23bfb555,9808,7.6849,1
1088f1b3,9309,7.6849,1
10dcd531,9356,7.6849,1
578eb571,9355,7.6795,1
9c5a7c8,9773,7.6822,1
1333041e,9774,7.6822,1
5e17da2a,10634,7.6877,1
2894f984,10579,7.6877,1
2ec4b5e7,10471,7.6877,1
a13f4da,9354,7.6877,1
6afdcc6b,6806,7.6849,42
2e4ce9b7,9792,7.6849,1
4e6ab0de,9314,7.6904,1
413d384e,10297,7.6904,1
47cd9e1a,10273,7.6904,1
541da197,10590,7.6904,1
1dd5ebf2,9310,7.6904,1
62244d6,10338,7.6795,1
2e75f314,10157,7.6877,1
175dee54,10327,7.6904,1
25650d36,9341,7.6932,1
3175f9b8,6807,7.6877,42
309941d1,12735,7.6932,1
48ce26d8,10296,7.6932,1
45cf9e4a,9315,7.6932,1
5be91772,9358,7.6932,1
21845217,12316,7.6959,1
18454819,8497,7.6959,1
32806948,10703,7.6959,1
319781e5,9202,7.6959,1
49979b8f,6788,7.6959,42
3a0124e,10640,7.6959,1
2f0997bf,10378,7.6932,1
13e753bd,9343,7.6904,1
105601ed,10158,7.6959,1
7301c837,10316,7.6986,1
7ef724f1,10155,7.6986,1
57a4fa29,11225,7.7014,1
77ddd059,9351,7.7014,1
ae0fee5,10465,7.7014,1
4d7793e4,6810,7.7014,42
3df24dd1,10156,7.7014,1
24b40d2e,9352,7.7014,1
292ec88b,11167,7.6986,1
58b786f9,12736,7.7014,1
7784c4fb,9346,7.7014,1
73dd6a58,9203,7.7014,1
7009a67d,9804,7.7014,1
2c688e38,10265,7.6986,1
488c4502,11169,7.7014,1
752d5074,10266,7.7014,1
197ef3f4,9316,7.7041,1
1e9d529,9739,7.7041,1
69988262,10635,7.7041,1
43167e06,10582,7.7014,1
2f55fc58,10463,7.7041,1
3ee0b9e7,8799,7.7041,1
62160cd4,11508,7.7041,1
4904c223,10324,7.7041,1
4f300966,10705,7.7014,1
3f26a8c8,10464,7.7068,1
e589bc4,10583,7.7068,1
41ecc850,10636,7.7068,1
4b06484d,11509,7.7068,1
45930eda,10706,7.7068,1
f5f2b17,11224,7.7068,1
28d6dce4,10494,7.7068,1
516bad93,11227,7.7096,1
cd39cba,12737,7.7096,1
7aa209a4,9345,7.7096,1
648dcbe8,11229,7.7041,1
6886f5df,9528,7.7068,1
78208239,9337,7.7096,1
12a55bb0,11231,7.7123,1
4f367c74,7685,7.7123,1
187d1087,10325,7.7123,1
41264eec,10341,7.7123,1
470a265a,10384,7.7123,1
7cbcb9be,9777,7.7123,1
3bc745c8,10707,7.7123,1
7558e0de,10317,7.7096,1
307e1db,11168,7.7068,1
738e2014,12310,7.7123,1
6520f0c9,9776,7.7096,1
64c810a0,11171,7.7123,1
77e4d3f1,11230,7.7123,1
587d2cdb,12317,7.7123,1
5a713940,9338,7.7096,1
375880b1,10462,7.7096,1
38b52c7f,9518,7.7096,1
1cdc76d9,9809,7.7068,1
2df69a6d,10269,7.7096,1
7e9e1daa,10254,7.7123,1
6fd900d2,10379,7.7151,1
6c7f9625,10461,7.7123,1
104cd94e,11226,7.7151,1
9f01cd8,9336,7.7151,1
78d2301,9775,7.7151,1
6952caca,9818,7.7151,1
20f56cb2,11510,7.7151,1
24e21342,11516,7.7151,1
5685574b,10472,7.7151,1
6dae466f,11228,7.7178,1
1d0fc433,10584,7.7205,1
a6e2253,6516,7.7151,42
5f1a979f,10493,7.7205,1
31e13256,9342,7.7205,1
3a7a4824,7686,7.7205,1
46396f2f,10469,7.7233,1
4d94be18,11170,7.7205,1
755f567e,10326,7.7205,1
1d0c0b99,11234,7.7178,1
10415f00,9817,7.7233,1
784d476e,10637,7.7178,1
772e02bf,10591,7.726,1
a038f00,9670,7.726,1
10a0781f,10467,7.7288,1
578fa4f,9763,7.7233,1
13950e6f,10270,7.7288,1
235bd967,9819,7.7288,1
6133e5c1,7673,7.7288,1
5aee79fe,7674,7.7315,1
4ab30209,12318,7.7288,1
6d5b1ccd,10475,7.7315,1
10b660e0,9832,7.7315,1
6e5592da,10256,7.7288,1
3ca2fb7,9810,7.7315,1
475d2767,9357,7.726,1
7255f635,10704,7.7342,1
514729ff,12320,7.7342,1
13c6b24f,9348,7.7342,1
3d8ed94f,12321,7.7315,1
60b77495,9347,7.7342,1
857a1ad,11513,7.7342,1
18b9eb8,9529,7.726,1
59562232,10342,7.7342,1
2ea52e22,10592,7.7288,1
652ace18,8500,7.737,1
3ee21df4,10272,7.737,1
c5e6221,10650,7.7397,1
3fb737bc,9677,7.737,1
7594ef5d,12319,7.7397,1
11949003,10380,7.7397,1
7634ac94,9820,7.7397,1
86e5c43,9779,7.7342,1
9849719,9815,7.7425,1
f884b42,10504,7.7397,1
4c4cc360,9778,7.7397,1
3aa9d638,12322,7.7425,1
44bbe386,10466,7.7452,1
9246208,10474,7.7452,1
7d486d02,10495,7.7452,1
40b0827b,7679,7.7452,1
36f33bc2,6522,7.7479,42
5b8cfe38,10712,7.7479,1
7192f363,10473,7.7479,1
4f8cb02e,9349,7.7507,1
beb50fe,10708,7.7507,1
372a1285,10607,7.7479,1
5fed5d3c,11517,7.7507,1
5145e6e8,11235,7.7507,1
7be2312e,9811,7.7507,1
2adff20c,10713,7.7507,1
73596e4c,11172,7.7507,1
749c3622,10496,7.7507,1
4d8673e8,10381,7.7507,1
27fc2c,8800,7.7507,1
330abe16,11511,7.7534,1
590b9218,10382,7.7534,1
6db50504,10641,7.7534,1
c9144a7,10482,7.7507,1
df01b6a,10651,7.7534,1
72767fee,7719,7.7534,1
14ea85b8,9344,7.7479,1
11744e6f,10498,7.7534,1
17c6849a,11518,7.7562,1
568e0083,9812,7.7562,1
160998af,10709,7.7562,1
25bdbb37,8501,7.7534,1
67c094e,7675,7.7562,1
20509b1a,10385,7.7562,1
57a2b4d7,11635,7.7562,1
7a46a35f,9350,7.7562,1
32eacb23,11232,7.7562,1
543a9249,10328,7.7534,1
70965b9f,12738,7.7562,1
719324ce,9833,7.7589,1
5ede2527,10483,7.7589,1
3f855289,10468,7.7589,1
23d34a43,11520,7.7589,1
5bd23589,10523,7.7589,1
5bfa5c60,11236,7.7589,1
1972be23,10714,7.7562,1
c76a69e,11233,7.7562,1
4642b4e4,12739,7.7616,1
6b94a114,10302,7.7616,1
4fd2e910,10608,7.7616,1
435dc56f,10470,7.7616,1
7a26d9cc,11519,7.7616,1
2910a7f8,12313,7.7616,1
715241a3,10274,7.7616,1
5c89845b,12323,7.7616,1
102dcebf,10275,7.7616,1
3c2e9425,10386,7.7616,1
475fc932,10642,7.7562,1
5f92855a,10329,7.7616,1
4fa979af,10710,7.7644,1
310f0ed3,9360,7.7616,1
478663f,9361,7.7671,1
79483b6b,11342,7.7671,1
323bc94d,11512,7.7644,1
36dbaaa4,9821,7.7671,1
7feb533a,7721,7.7699,1
47c0bccf,12311,7.7699,1
2b5d64db,11343,7.7699,1
40b8759e,10299,7.7699,1
656f9c30,9673,7.7699,1
270b7296,10593,7.7699,1
2b0d0ef,10333,7.7699,1
26993397,10300,7.7671,1
6730b110,11238,7.7699,1
64272ced,9359,7.7726,1
7db0b245,10594,7.7699,1
153e0a7,10335,7.7726,1
630969ac,10334,7.7699,1
3e147164,6524,7.7726,42
46cede79,10711,7.7753,1
580658df,11553,7.7753,1
70ea0e7a,9672,7.7753,1
6d68ce52,10343,7.7753,1
5d65e890,10304,7.7781,1
374f8343,10331,7.7781,1
17f6d20e,10613,7.7781,1
3cc784fc,6808,7.7753,42
4e94da9c,12740,7.7781,1
50a0d96,11514,7.7781,1
244dc99b,9794,7.7781,1
242d498a,11241,7.7781,1
4dfe9bb6,7720,7.7808,1
241f64ad,9850,7.7808,1
4c0527a9,8801,7.7753,1
1936e502,10497,7.7808,1
537de6ae,11237,7.7836,1
780fd02e,11523,7.7808,1
563f24d8,12314,7.7836,1
6a4be027,12349,7.7863,1
63321928,11240,7.7808,1
653a3bc0,10336,7.7863,1
4a0cda5b,10619,7.7863,1
7ff351e5,9836,7.789,1
19ed42c,9521,7.789,1
6c9518f3,11780,7.789,1
cfbfc6a,9530,7.7836,1
146c15c9,9678,7.789,1
2fca5667,10499,7.789,1
382b320e,11977,7.7863,1
1459f952,11976,7.789,1
71c0fe45,9822,7.789,1
228b54bb,11515,7.789,1
43d1b9a6,10505,7.7918,1
18994be7,11528,7.7918,1
6e5dbc67,11344,7.7918,1
168b139b,10330,7.7918,1
58599465,10303,7.7781,1
acd2afa,10610,7.7918,1
9f01140,10305,7.7918,1
7a737c83,6523,7.7918,42
1343c30d,11784,7.7945,1
4729dc2e,10332,7.7945,1
2abb477f,10528,7.7945,1
53479212,11636,7.7945,1
30bee87a,11637,7.7945,1
39cd953c,10524,7.7945,1
300ce687,10609,7.7973,1
5f342596,11173,7.7973,1
188eeb32,10387,7.7973,1
102a094d,11529,7.7945,1
4d3ff96a,11785,7.7973,1
1ad00694,12350,7.7973,1
643688cd,11781,7.7973,1
b8e3802,12312,7.7973,1
394874b0,11524,7.8,1
233621ab,9827,7.7973,1
31979d11,11521,7.8,1
7316b5e0,12351,7.7973,1
9a2dda8,10486,7.8,1
73b5d5d8,11649,7.8027,1
611c997c,11975,7.8027,1
2763890a,11786,7.8,1
38b35fd3,10717,7.8027,1
65754608,11522,7.8027,1
60a7e4a3,10485,7.8027,1
5bb71a64,10476,7.7945,1
79d89b06,9834,7.8027,1
3652d733,9362,7.8027,1
698fbfa6,11638,7.8,1
a08fcc9,9851,7.8055,1
37b55625,11542,7.8055,1
177ee4af,11242,7.8055,1
381e1105,9533,7.8055,1
4e3b5167,10716,7.8027,1
532222fb,10426,7.8082,1
3319efac,10301,7.8055,1
701969e5,11650,7.8055,1
643daee8,7680,7.8082,1
264a6d6e,10409,7.8055,1
61bf8e7a,12352,7.8082,1
1d280737,10723,7.811,1
397278e7,10595,7.811,1
4e71f8e4,11639,7.811,1
4736510f,10617,7.8082,1
1a7ae761,11534,7.811,1
4a8f915a,7688,7.811,1
bf8e637,10484,7.811,1
7e33706e,10643,7.811,1
333fd126,6809,7.811,42
58c935a,10614,7.8137,1
49891482,9519,7.8137,1
2cdcaddd,10525,7.8137,1
61a7ef81,10615,7.8137,1
50b6ac,10715,7.8137,1
17c8f20,11525,7.8137,1
6187d684,11530,7.8137,1
159f48c6,10487,7.8137,1
48876897,11547,7.8137,1
16024de1,12746,7.8164,1
13e26c5b,11243,7.8164,1
7682f488,11557,7.8164,1
5b2f91f,11526,7.8164,1
15bd10d,11177,7.8164,1
15bf5c9,7722,7.8164,1
609c67de,7687,7.8164,1
5ce0f88,10306,7.8164,1
727400d3,10596,7.8192,1
2df86429,11178,7.8192,1
73d329e2,11554,7.8192,1
3a446f36,10410,7.8192,1
707202d1,9828,7.8192,1
22d2f694,9835,7.8192,1
7799133d,11531,7.8192,1
4ce507cb,11527,7.8164,1
2613bb8c,10746,7.8192,1
46174115,11345,7.8192,1
73c46915,10601,7.8219,1
17fbe3f9,11787,7.8192,1
2c0fe551,6811,7.8219,42
506c062c,10616,7.8192,1
7e3495fd,10488,7.8219,1
b051f5,11532,7.8219,1
481c8e31,10720,7.8192,1
1beadf0e,10344,7.8219,1
2b07e739,12353,7.8247,1
293a3455,11346,7.8247,1
57b4a45,12330,7.8247,1
4824e74b,10597,7.8247,1
5c8eef59,9854,7.8247,1
246ee001,9852,7.8247,1
7b18afab,11533,7.8247,1
14e9013c,11979,7.8164,1
3f36c0df,10540,7.8274,1
743582d4,10749,7.8274,1
6c0b51d0,12130,7.8274,1
5076320d,10727,7.8301,1
52d0de0d,10767,7.8301,1
7d5ccb0,9837,7.8219,1
305d9b5a,12326,7.8274,1
21accbf9,11782,7.8301,1
31e6884b,10388,7.8301,1
651218cc,11536,7.8329,1
dbac161,10602,7.8329,1
24233c2a,10721,7.8329,1
21824c35,9522,7.8329,1
7e345aae,10478,7.8301,1
5423e4b1,11548,7.8301,1
f49969d,10644,7.8329,1
32b62932,7723,7.8329,1
16638b5,12315,7.8301,59
4a2b4244,12325,7.8329,1
915d8e2,12131,7.8329,1
ae99f4b,9525,7.8356,1
3afaad33,11280,7.8356,1
2a53e14a,9853,7.8329,1
d26fe2a,11978,7.8356,1
4b733b02,11558,7.8356,1
248f846a,10526,7.8384,1
11637800,12133,7.8384,1
2b0e03a8,10506,7.8384,1
281c089b,11239,7.8356,1
79f796e0,11549,7.8384,1
2183f160,10507,7.8411,1
70e27ba6,7689,7.8329,1
35e7b3cc,11808,7.8411,1
bd15ce1,11646,7.8411,1
71f078dd,10527,7.8411,1
122c120e,10436,7.8411,1
43901d12,11980,7.8411,1
1addba54,11788,7.8384,1
1beacbba,10620,7.8411,1
18af458c,11796,7.8411,1
69ae7e8a,11550,7.8384,1
1b60bdd3,11350,7.8438,1
6c18bbf1,11981,7.8438,1
21620ad3,11647,7.8438,1
3ba27a5b,10535,7.8438,1
25b2c6d9,9823,7.8438,1
c5c36ad,11175,7.8438,1
3d599167,12132,7.8384,1
15814435,11783,7.8438,1
26b6dc52,10345,7.8411,1
4bb26f77,10611,7.8411,1
3a910dcf,10722,7.8438,1
25ae4644,12741,7.8411,1
356a4aef,12354,7.8438,1
6dfb52e2,10718,7.8466,1
5fb6d5e7,11415,7.8466,1
8fd3433,12324,7.8411,1
6fa73af1,10612,7.8466,1
587c19a5,10510,7.8466,1
310cf6a0,11537,7.8466,1
50b1101e,9541,7.8466,1
20d46df7,10603,7.8438,1
697d84b,10652,7.8466,1
2c714cf5,12355,7.8466,1
3e1e580d,11347,7.8466,1
68711098,6812,7.8438,42
3098dc68,11535,7.8466,1
8750fb0,12327,7.8493,1
26c3d33d,11179,7.8411,1
4467f083,10529,7.8493,1
24f2dd47,6813,7.8493,42
57909c0,10413,7.8493,1
527f3e2d,10389,7.8493,1
7257a35d,11641,7.8521,1
7517e4e2,11349,7.8493,1
281dbf36,10671,7.8521,1
9cfb67c,6285,7.8521,43
3b655ae7,11538,7.8521,1
10c085f0,11174,7.8521,1
5fc281fe,11648,7.8521,1
631b599a,11642,7.8521,1
2b4aa02c,10508,7.8521,1
3ae965c0,10719,7.8493,1
2e129868,11281,7.8521,1
65943125,12742,7.8521,1
1b21a67b,11791,7.8521,1
6a1707ba,10479,7.8548,1
50fc1348,10728,7.8548,1
14a50d6b,10536,7.8548,1
2a173fa,10511,7.8521,1
50d99ec3,10435,7.8575,1
608fb1c3,11559,7.8548,1
3e7d1ded,10645,7.8575,1
5cfd36ec,11446,7.8575,1
554aa02a,11176,7.8575,1
497913c6,11651,7.8575,1
54e5a283,12748,7.8548,1
611ab4a5,10768,7.8548,1
61d1135c,9845,7.8575,1
c2f40c4,10726,7.8603,1
6037db83,11799,7.8603,1
19bf9cbc,10598,7.8603,1
2d34bcb2,9795,7.8548,1
449601bb,10646,7.8603,1
1aa33169,11255,7.8603,1
7f1c14fd,10477,7.8575,1
7745f680,11792,7.8603,1
3aaba0a,9674,7.8603,1
81eb6f,11445,7.8603,1
1f25ac7e,9841,7.863,1
478ca8ec,10747,7.863,1
11a030fd,11551,7.863,1
1e757b35,11245,7.863,1
2c0162d9,10509,7.8603,1
ee8647d,10769,7.863,1
1edf9a85,10730,7.863,1
2bc6e6b8,10621,7.8603,1
cf64eb3,10785,7.8603,52
a4de09f,10480,7.8658,1
6b495e5a,9825,7.863,1
417018dc,10673,7.863,1
2399b9c5,11797,7.8658,1
4a4af54a,12430,7.8658,1
14b2ab3,10411,7.8658,1
80cdfb8,10750,7.8658,1
40bc74be,10729,7.863,1
2e05aafd,10412,7.8658,1
22be303d,10725,7.8658,1
7a78986b,10530,7.8658,1
5a131189,10481,7.863,1
151a00ef,10752,7.8685,1
7e8e28fa,11185,7.8685,1
9ffed2e,7755,7.8685,1
377a97ba,10414,7.8658,1
7e21e9a1,11348,7.8685,1
3cfc30b5,11654,7.8685,1
4a9c2c99,10516,7.8685,1
29b8a537,10427,7.8685,1
58253d40,11540,7.8685,1
501d769,7754,7.863,1
2e52cbb4,10751,7.8712,1
42af5254,10786,7.8712,52
3311b87c,11543,7.8712,1
97f823,11809,7.8712,1
38122797,10660,7.8712,1
6feaab1,12363,7.8712,1
7d6658c4,11261,7.8685,1
3abd9e4d,10771,7.8712,1
5d43fd9,11798,7.8685,1
2c539e6b,11552,7.8712,1
5f0b1272,10428,7.8712,1
475454b6,10417,7.8712,1
912b028,10533,7.874,1
2d1c7c24,11246,7.874,1
1d0c0f2a,11352,7.874,1
1a13167b,11186,7.874,1
539e2953,10431,7.874,1
69c66e1,11867,7.874,1
482fd74a,10346,7.874,1
3527e43a,10672,7.874,1
37859c2b,12014,7.874,1
524b4f54,10787,7.874,52
646847d0,10604,7.874,1
6ee47953,11544,7.8712,1
751bc460,10418,7.874,1
7da21478,11184,7.8685,1
5bd29adb,12362,7.8658,1
16314e13,10724,7.8767,1
504e7269,11545,7.874,1
1f053ef9,10748,7.874,1
3d8aadc,9838,7.8767,1
2b51a3ee,11555,7.8795,1
8af41d7,10623,7.8795,1
3e6b44cd,10605,7.8767,1
78a38796,11789,7.874,1
5e4b15bf,12395,7.8795,1
13dba080,10541,7.8795,1
7e114146,11256,7.8795,1
2c985658,11546,7.8795,1
2c4a939d,10415,7.8795,1
30f3b510,12010,7.8795,1
2a2a8d46,11839,7.8822,1
446e34cd,9855,7.8822,1
58fee18,10653,7.8822,1
7da1434f,11794,7.8822,1
39fa100,11640,7.8795,1
366225e2,10772,7.8822,1
4826801,10532,7.8822,1
4ce7e218,10606,7.8822,1
5b285be8,12749,7.8849,1
3bab7bf0,10347,7.8849,1
45424a24,11287,7.8849,1
62a83a5b,12750,7.8849,1
11acf334,11982,7.8849,1
71b87e0a,11264,7.8822,1
26fc0973,10500,7.8822,1
5259515,10624,7.8849,1
39f3d28,9520,7.8849,1
7366e3d6,11263,7.8849,1
43ba68ce,10753,7.8849,1
222c980,10813,7.8849,52
e027805,11539,7.8849,1
7edb54f,12747,7.8795,1
2ec9159a,12009,7.8849,1
6a753bc6,10501,7.8877,1
4f900d7d,11351,7.8822,1
253d8e0d,11795,7.8849,1
433e3af5,10622,7.8877,1
d6825f,10537,7.8877,1
4fe28cdd,10618,7.8877,1
6e62eca,10432,7.8877,1
343d5571,7756,7.8877,1
47712093,11793,7.8795,1
cdedd3,10521,7.8849,1
de3e155,11416,7.8877,1
5b120d73,12366,7.8877,1
40ee237d,11790,7.8849,1
6cb5e8a5,12015,7.8904,1
32fdae9f,12357,7.8904,1
5d316e66,10654,7.8904,1
16839926,10534,7.8904,1
55b0ab93,11417,7.8849,1
a666eec,11418,7.8904,1
5c726398,11353,7.8904,1
56329b99,12017,7.8904,1
662c2a33,11655,7.8904,1
68e5eff,12356,7.8904,1
3f2651cc,10625,7.8877,1
70079b13,12432,7.8904,1
32ab28d9,11288,7.8904,1
1f69d6b1,11286,7.8932,1
4626f1d5,11652,7.8877,1
4b8370ec,11289,7.8932,1
710b58c,9523,7.8932,1
6e392140,10756,7.8932,1
6c96a857,9824,7.8822,1
1dcf4449,10675,7.8932,1
4d1b530c,11419,7.8932,1
4fa523f6,12016,7.8932,1
34f84ad,12018,7.8932,1
1628fe45,11868,7.8932,1
3e8c72bd,9860,7.8932,1
71a20dc5,10542,7.8932,1
6636a3ce,10731,7.8932,1
6a966d,11541,7.8959,1
689d5e5b,11257,7.8959,1
51619af3,10770,7.8959,1
304c693f,11259,7.8959,1
6337942b,10517,7.8877,1
37babfde,12134,7.8959,1
6ad10dd8,10676,7.8932,1
3987842c,10502,7.8932,1
66cec9fb,10503,7.8959,1
468ceb3,12365,7.8932,1
66b5ac2b,11653,7.8986,1
6396f235,10419,7.8986,1
73076ead,11205,7.8986,1
31d82b28,12358,7.8986,1
64aacabc,11677,7.8986,1
7a471dcc,6286,7.8986,43
2e945feb,10421,7.9014,1
66ae2e92,9839,7.9014,1
165fc804,11268,7.9014,1
54341e7e,9526,7.9014,1
58d36814,11656,7.8986,1
4f1e0722,12364,7.9014,1
27e9f92d,6287,7.9014,43
535ac440,11827,7.9014,1
100a85f7,9531,7.8986,1
2f92b7c3,10518,7.9014,1
475a138d,11994,7.8986,1
4227a7e2,11265,7.9014,1
646b76c,10416,7.9041,1
3c5034c8,10674,7.9041,1
2b018eb4,11199,7.9014,1
5fda057,10349,7.9041,1
3123ea3,7757,7.9014,1
67a804b6,11657,7.9014,1
5ae39aff,12023,7.9068,1
7d30cb39,9527,7.9068,1
2fbaa402,12367,7.9068,1
3fc03bdb,12431,7.9041,1
18172a22,12433,7.9068,1
3f3d1022,10732,7.9068,1
794f5158,12751,7.9041,1
4113a0a7,10512,7.9068,1
25d244b,12416,7.9068,60
23ba4818,12804,7.9068,1
7451f04d,10429,7.9068,1
7717aa0e,11207,7.9041,1
576d63f5,10678,7.9096,1
67104f09,11258,7.9096,1
1c03b7db,9317,7.9096,1
6d08d6cb,12397,7.9096,1
162090bf,11814,7.9096,1
5c2d1faf,10531,7.9096,1
5d11d69e,11292,7.9096,1
64b32e7e,10390,7.9096,1
50d78520,11998,7.9123,1
564f11bb,12743,7.9123,1
55e99264,6816,7.9123,42
3a10c82,10422,7.9123,1
3da57e4,11354,7.9123,1
521fd6aa,11200,7.9123,1
2fa2d249,11206,7.9123,1
43b0bc18,11283,7.9123,1
48fe6df0,11282,7.9123,1
647858c3,11813,7.9068,1
5df1ee9f,10520,7.9151,1
1b67c945,9318,7.9123,1
20cda634,10437,7.9123,1
6554cae,11208,7.9151,1
5402cfed,10663,7.9151,1
2f92de5a,9840,7.9096,1
718a09c9,12233,7.9151,1
3cbbedca,12021,7.9151,1
10a7e6cf,10599,7.9151,1
4fdb7ce,12359,7.9151,1
52983e91,10449,7.9151,1
4f2ec832,10677,7.9151,1
73fdb14a,10514,7.9151,1
4a71e9ea,9848,7.9123,1
10cbc742,11812,7.9151,1
3f75ca0a,10647,7.9178,1
2c8a17c3,11688,7.9123,1
6b8c7821,12328,7.9178,1
32e394f9,12020,7.9178,1
7c5ca430,11995,7.9178,1
6de8042b,11996,7.9178,1
1120325a,9847,7.9178,1
524d2b77,10682,7.9178,1
3fca38db,9829,7.9178,1
26ae6636,11676,7.9151,1
1b68a645,11244,7.9178,1
750a5913,10515,7.9178,1
10334571,11828,7.9178,1
20c00e52,10626,7.9178,1
7c6abb89,11420,7.9178,1
2ce4c4dd,11834,7.9178,1
22ee70cf,10522,7.9123,1
5efabfeb,12435,7.9178,1
25994b3d,12434,7.9205,1
398db059,12201,7.9205,1
c860af4,9846,7.9205,1
7fb8cb01,11266,7.9205,1
3502623,9856,7.9205,1
757627e0,11269,7.9205,1
3788f2f3,12008,7.9123,1
6c7f45d7,11187,7.9205,1
50122306,10628,7.9233,1
765628c4,12202,7.9233,1
74b57913,12019,7.9233,1
62f2cbaf,10439,7.9233,1
2339cee4,11209,7.9205,1
64eed24f,12144,7.9233,1
3bcc5220,12396,7.9233,1
4f175945,12203,7.9233,1
22b4e0ad,11290,7.9233,1
305a321e,11999,7.9233,1
69de2b67,11829,7.9233,1
e2b4de3,9842,7.9233,1
1942b0c3,9830,7.9233,1
78e9ab37,11816,7.9233,1
7b4bf433,11643,7.9233,1
60f4225e,12022,7.9233,1
4879c1e2,11201,7.9233,1
4431b486,9863,7.9233,1
71341f24,9532,7.9233,1
7e04d4f4,11247,7.9233,1
3013358e,12011,7.9233,1
366394bf,9857,7.926,1
7f3f8371,9826,7.926,1
2ea36e8d,9843,7.926,1
73d8ea66,11561,7.926,1
7b58192,11560,7.9233,1
2d592bb7,12142,7.926,1
2e7e0166,10424,7.9205,1
1b1cd522,11830,7.926,1
ea43fcf,9858,7.926,1
300e6ec2,12360,7.9233,1
54eeffe7,12412,7.926,1
a45a12d,12136,7.926,1
778dd082,11466,7.926,1
34b6d8cf,10440,7.9288,1
65b1a17,9687,7.926,1
17040879,11267,7.9288,1
306f9f7d,10348,7.9288,1
297f4032,10443,7.9288,1
2b8d8572,7690,7.9288,1
1c7d07ba,11984,7.9288,1
5025f73f,11181,7.9288,1
30853d9,9542,7.9288,1
44e9e0df,9864,7.9288,1
bd8752,11295,7.9288,1
30dd7f2f,12371,7.926,1
4f3eea04,11260,7.9288,1
ee9eea1,10438,7.9288,1
50d18bb,10544,7.9315,1
33858699,12055,7.9315,1
5ef23b32,11202,7.9288,1
66248422,11556,7.9315,1
27f9f2a1,12368,7.9315,1
4a5cfe25,12234,7.9315,1
53877f7,11355,7.9315,1
477fe6e6,10627,7.9288,1
2ffb7852,12805,7.9315,1
2fb165e,10441,7.9315,1
44ba5e39,10600,7.9315,1
1adc896a,12806,7.9315,1
7c4ad89e,11983,7.9315,1
80706ad,10433,7.9315,1
5294a815,7763,7.9342,1
7a526958,11689,7.926,1
44c96fe8,11262,7.9342,1
6e6dd1c7,10754,7.9342,1
5e6f90c9,12329,7.9315,1
29cc5f11,11818,7.9342,1
26f5d3ef,11305,7.9342,1
2696dd1f,11691,7.9315,1
4ddf8dc,10789,7.9315,52
4f221b81,11308,7.9342,1
47c0c321,11870,7.9342,1
543111d1,12369,7.9342,1
57ae90e3,12205,7.9342,1
3c5e99d2,6817,7.9315,42
637f63cb,10790,7.9342,52
17995ceb,9535,7.9342,1
22e77d4e,11182,7.9342,1
1edd879,10519,7.937,1
4935419f,6814,7.937,42
51cc1249,10690,7.937,1
48d80833,10691,7.937,1
27992f41,10442,7.9342,1
4443bb94,11810,7.937,1
75acb70f,11298,7.937,1
7421715,9534,7.9342,1
7d3da019,12000,7.937,1
13b07bd8,11248,7.937,1
4a76ed21,9544,7.9315,1
5af22faf,11678,7.9342,1
4adf7180,11869,7.937,1
5aa1adb8,12413,7.9397,1
236b1e51,11450,7.9397,1
605d5d41,11811,7.937,1
669b6974,10755,7.9397,1
27c35c28,10538,7.9397,1
ef7fd51,6528,7.9397,42
6c878028,10801,7.9397,52
5d65bf49,10648,7.9342,1
afe1530,11447,7.937,1
5eab28b4,10425,7.9397,1
37e12a5b,11848,7.937,1
67b76a4f,10681,7.9397,1
17581e07,11887,7.9425,1
6df5ce49,12335,7.9425,1
5378825e,11284,7.9397,1
fc17f6c,9861,7.9425,1
2ecf16dc,11680,7.9425,1
583ef0b5,11250,7.9425,1
1b7afa7d,10680,7.9425,1
c87f13e,11180,7.9425,1
8b9d5dd,11659,7.9397,1
27ad3727,12398,7.9425,1
6b4898bd,11359,7.9425,1
58758aeb,11815,7.9425,1
1ea4bb05,12752,7.9452,1
2a65ecda,10649,7.9452,1
507ea3f9,11819,7.9452,1
7f5c443b,11183,7.9452,1
b0abbe9,11293,7.937,1
304d551e,9536,7.9425,1
422e3f9a,11188,7.9425,1
15095985,11985,7.9452,1
8e9ba83,10444,7.9425,1
62b43c97,10788,7.9452,52
56628d84,10733,7.9452,1
cddd7f3,10423,7.9452,1
5347729c,12754,7.9452,1
16bff7d5,11285,7.9479,1
5473562b,9859,7.9479,1
36736119,12379,7.9479,1
5e4836d9,10774,7.9479,1
37a0639a,11888,7.9479,1
792cb94b,10777,7.9452,1
547a74de,12331,7.9479,1
4b9b6e76,10692,7.9452,1
7f93782c,10445,7.9479,1
bbb35ef,12810,7.9479,1
58901302,12378,7.9479,1
63e97074,7724,7.9479,1
299580a4,12370,7.9479,1
64323453,11658,7.9507,1
74ca1e7d,11452,7.9507,1
107c4ad0,11817,7.9507,1
38bef27b,12145,7.9507,1
4d5bd993,9543,7.9507,1
69c60fb3,9524,7.9452,1
1b1ee291,12024,7.9507,1
547cf6a3,12372,7.9507,1
47f83afe,10513,7.9507,1
3adb6077,10350,7.9507,1
1e1a0e25,12361,7.9507,1
727c7d1d,11690,7.9507,1
4186441f,11873,7.9534,1
47afb91b,11448,7.9534,1
213a5327,9849,7.9534,1
180ffc54,10679,7.9507,1
77394bf,7758,7.9534,1
6b5af5f6,11299,7.9534,1
5187fee7,11294,7.9534,1
fb48dbe,11997,7.9507,1
68be3d40,10545,7.9534,1
3a692c5b,11358,7.9534,1
1a70a5b8,11692,7.9534,1
111b9fd5,12373,7.9507,1
856f48b,10773,7.9534,1
3c370db6,6527,7.9562,42
60ce35d5,12401,7.9562,1
1336d663,11644,7.9562,1
70a2b261,11274,7.9562,55
5582e7d8,10875,7.9534,52
7b85fab1,10775,7.9562,1
35e599,10759,7.9562,1
65e17e44,11210,7.9562,1
271fe907,11831,7.9562,1
731bcf27,11872,7.9534,1
5c2df5f0,11693,7.9589,1
3250b36f,11800,7.9589,1
4a033710,12744,7.9562,1
6adf33f3,12135,7.9589,1
752881aa,12332,7.9589,1
4710bb78,10776,7.9534,1
74a1441f,12403,7.9589,1
1a9b691b,9675,7.9589,1
43dd4a2f,9844,7.9589,1
508eb90c,10392,7.9589,1
286b1e71,11681,7.9589,1
127f6358,10420,7.9589,1
5f468439,10539,7.9534,1
1287131e,11296,7.9589,1
6c782ced,12402,7.9562,1
4c9c0488,11465,7.9562,1
45dd9f7f,12745,7.9589,1
3709c3d1,11276,7.9589,1
603e0811,11803,7.9589,1
4a0be8eb,11679,7.9562,1
67b9aa03,11588,7.9616,1
304187bf,10694,7.9616,1
4e36e7ec,10355,7.9616,1
5e5800bb,6815,7.9616,42
5787962b,9862,7.9616,1
2dfdf550,10758,7.9616,1
4b81e72b,10795,7.9589,52
61c2b5ea,12414,7.9616,1
18b227b9,10450,7.9589,1
57b4cd40,10434,7.9616,1
47cde032,11832,7.9616,1
420da686,11291,7.9644,1
73599cf0,11806,7.9644,1
369436c8,11804,7.9616,1
3f12504c,10737,7.9616,1
3466f9b3,10818,7.9644,52
26c55dfe,10796,7.9644,52
1bf0502f,10757,7.9644,1
c4517ef,10661,7.9644,1
2178b61b,11835,7.9616,1
22d068e6,12146,7.9644,1
3bb825bb,12404,7.9616,1
1f66a74c,12204,7.9644,1
7bca12d5,10546,7.9644,1
6910578d,10356,7.9616,1
5a7cc212,12417,7.9671,1
2093b11b,12418,7.9616,1
a653e82,12451,7.9616,61
2192d9a1,12419,7.9671,1
1dc2f3d3,11694,7.9644,1
20e49219,10778,7.9671,1
60a1a741,10791,7.9671,52
54a44935,10693,7.9671,1
35639a9,12001,7.9671,1
343ea7b3,12143,7.9644,1
67ca71e6,10394,7.9671,1
db33908,10793,7.9644,52
3ee8868c,11847,7.9671,1
3a18af12,12452,7.9671,61
8b15289,12450,7.9671,61
1d21a02b,12148,7.9644,1
49f37f13,12150,7.9644,1
33555c47,11801,7.9644,1
4c4a1500,11695,7.9671,1
4e6d331a,12026,7.9699,1
3542ac8e,11802,7.9671,1
79cc596b,11356,7.9671,1
1c34c623,12376,7.9671,1
59a0686,11467,7.9699,1
66a2c8e7,11833,7.9699,1
19e4e120,11845,7.9699,1
1723704b,7691,7.9671,1
3eb6f4e5,10735,7.9699,1
48938ce,10391,7.9699,1
5172b0ef,10664,7.9671,1
6fa1a600,12002,7.9699,1
66b976cd,12057,7.9699,1
412a57b4,12466,7.9699,61
2b3b6d9c,11871,7.9699,1
6f8a55dc,11453,7.9699,1
df96f8b,11367,7.9671,1
20db6fe7,11361,7.9726,1
507ca1ed,11249,7.9726,1
6d653a8b,10814,7.9726,52
2ba6859b,12025,7.9726,1
5079735f,10842,7.9699,52
65bfc374,10543,7.9726,1
214a0c2a,10734,7.9699,1
3edfcfc5,11840,7.9726,1
25a7b0ca,12147,7.9726,1
3e187369,11300,7.9726,1
4fc203dc,12405,7.9753,1
7facf807,6819,7.9726,42
f235c06,10452,7.9753,1
171a8cc8,12235,7.9753,1
6a642679,12377,7.9726,1
3567140a,12085,7.9726,1
d7c012d,12375,7.9753,1
2031adcc,12333,7.9753,1
630e19ce,11805,7.9753,1
762e0e26,12137,7.9753,1
7ee9e50,10798,7.9753,52
25582a74,12206,7.9753,1
8aaacde,10815,7.9753,52
1b79046c,11297,7.9781,1
26b71857,10802,7.9753,52
42d88d7f,11875,7.9781,1
1f4905a6,10360,7.9781,1
4cc02847,10359,7.9781,1
52abf428,11360,7.9781,1
608baddd,12755,7.9753,1
541e3877,12056,7.9781,1
3ad6367,11397,7.9753,1
4e62e145,12004,7.9781,1
344c2cdd,11849,7.9781,1
642f17ef,11874,7.9781,1
43654615,10803,7.9808,52
661d038e,11841,7.9781,1
e43e271,12068,7.9808,1
57f25235,11363,7.9781,1
3e4ee330,12374,7.9808,1
30c18604,10430,7.9808,1
2100ba07,12420,7.9808,1
64a637e8,12336,7.9808,1
2d380f2f,12003,7.9781,1
11f54d2a,11836,7.9808,1
35810d91,10799,7.9726,52
60cd65be,12380,7.9808,1
de15fff,12454,7.9836,61
3646df74,10357,7.9836,1
b96b1a8,12149,7.9781,1
7dc5f1,10353,7.9836,1
21b1c95d,12753,7.9836,1
7647ca6,10779,7.9836,1
7d9be41,11696,7.9808,1
4dc5a651,10683,7.9836,1
397c54e3,10662,7.9836,1
57c05c70,11451,7.9836,1
73659b62,10668,7.9836,1
398408f9,10451,7.9781,1
62048866,10666,7.9863,1
37726b8a,12236,7.9808,1
6893488d,12334,7.9863,1
7ab5f478,11211,7.9863,1
71c956a6,10804,7.9836,52
3748a741,12399,7.9836,1
1342a419,11697,7.9863,1
61e741dc,11272,7.9863,1
5aa04720,10740,7.9863,1
2820819a,11203,7.9863,1
2ec48aeb,11398,7.9863,1
75f6d74e,12151,7.9863,1
b34e83,11846,7.9863,1
2db70797,10669,7.9863,1
1b76fea,11454,7.989,1
bae3ee5,12811,7.989,1
4821d479,9865,7.989,1
5dbff955,12012,7.989,1
7276110f,10695,7.989,1
674d1537,11879,7.9863,1
1d6e462d,11837,7.989,1
5b2acbe5,10354,7.9863,1
797de484,11820,7.9863,1
7616a231,10742,7.9808,1
19a6cdf0,11876,7.989,1
14de58c2,10629,7.989,1
60790e91,12436,7.9808,61
211c719,12400,7.9836,1
4155fa40,11455,7.989,1
6eb366d7,10876,7.9918,52
39f7e75a,11682,7.9918,1
84d2b8b,11270,7.989,1
4680c94,11404,7.989,1
6a8171a3,10794,7.9918,52
1f7127fa,12406,7.9918,1
61fc0026,11369,7.9918,1
28f14ca3,10395,7.9918,1
3a49e914,11251,7.9918,1
5b248b97,10792,7.9918,52
4dfc39fe,10446,7.9918,1
6030cd56,11660,7.9918,1
39be308b,12382,7.9918,1
4cca6fe1,12383,7.9945,1
6db17a7c,7764,7.9945,1
33cd3ddc,10658,7.9918,1
1fd2d192,12221,7.9945,1
57a0908b,11563,7.9918,1
488a58f9,11309,7.9945,1
2fc1bfb4,11469,7.9945,1
1273afe9,12381,7.9945,1
48d35d53,11362,7.9918,1
52848920,10696,7.9945,1
5d87687e,10843,7.9918,52
630e56b8,12044,7.9945,1
31e5b64f,10900,7.9945,52
475ef4da,12453,7.9945,61
21fca0d7,13088,7.9973,1
2c9d065d,11986,7.9973,1
1cd5cf30,11212,7.9973,1
58eb2e65,11213,7.9973,1
5c771407,10760,7.9973,1
189c4e3a,10665,7.9973,1
2a82be56,10667,7.9973,1
2b9b2565,10739,7.9945,1
4f28cb3d,11562,7.9945,1
35bfa17c,11271,7.9973,1
11c4e90,11685,7.9973,1
af0c993,11204,7.9945,1
783265a5,12467,7.9973,61
71ca28bd,11252,7.9973,1
3936d3b9,12407,7.9973,1
3586395d,11421,8,1
9a57ea0,10743,7.9973,1
5ef26d05,10684,8,1
7e5d29a6,11564,8,1
75d679cf,11589,8,56
717996cf,10780,7.9973,1
7531156c,10351,8,1
4c18d20d,12086,8,1
3d396104,10805,8,52
3866d48a,11989,8,1
2fe1da39,11275,8,1
1213eee4,11565,7.9973,1
3b96a70b,10547,8,1
6ff413bf,10738,7.989,1
6138484f,10453,8,1
4dc0d47c,10393,7.9973,1
2e65f90,11192,8,1
21bf15b3,11889,7.9973,1
2aaf64a9,11449,8,1
618736b4,12808,8,1
3e8e0a50,9867,8,1
51adffcb,9868,7.9973,1
8666ac0,12013,8,1
59bddd49,11374,8.0027,1
1d7625c,10877,8,52
3fba860a,12439,8,61
431cb57,11399,8,1
3351090d,10781,8,1
9ae48b9,12237,8.0027,1
624f1550,9866,8.0027,1
68ae013d,11877,7.9973,1
530c6444,10825,8,52
7da178de,11661,8.0027,1
326370ca,11383,8.0027,1
2a5c3852,10396,8.0055,1
abf4c80,10549,8.0027,1
77afdfa9,13085,8.0055,1
1a424719,11370,7.9973,1
523e05a8,10398,8.0055,1
7bf2ca05,12461,8.0055,61
3027f381,12462,8.0055,61
38d50013,12390,8.0055,1
1a6441e4,12067,8.0027,1
772b024f,11990,8.0055,1
585dd92e,12421,8.0027,1
789f5cd0,11683,8.0027,1
500919c6,11684,8.0055,1
7de4ea0d,12446,8.0055,61
45f483b7,6818,7.9973,42
71f472ca,12440,8.0082,61
5dab65e6,9548,8.0082,1
58b63671,10397,8.0027,1
2580be8,12222,8.0082,1
6350d92f,13089,8.0082,1
655214f6,12337,8.0082,1
660ac4c0,9538,8.0082,1
cbea393,11422,8.0082,1
3b8d4f5a,10904,8.0082,52
4e7bfea7,12443,8.0082,61
2b87cfe6,12069,8.0082,1
5e879bc4,11191,8.0055,1
759d3e71,12027,8.0055,1
36434536,13086,8.0082,1
23ae44e7,12441,8.0082,61
4115a2ed,11368,8.011,1
6c3d28a,10655,8.0082,1
2a855d91,12342,8.011,1
636dcd6e,11890,8.011,1
17336a16,12030,8.011,1
ffcadf8,10745,8.011,1
f151043,12485,8.011,61
19b4db96,11423,8.0055,1
15db716c,10741,8.011,1
7fa29d42,10806,8.011,52
58120dfd,11400,8.011,1
67450502,10905,8.011,52
295b4897,12415,8.0082,1
42788873,12092,8.011,1
acd1824,11431,8.011,1
da36a92,11821,8.011,1
613fe52c,11306,8.011,1
45ef716a,10744,8.011,1
360386b0,9679,8.011,1
30beab13,12006,8.011,1
52508918,10807,8.0137,52
6c8ac619,11991,8.0137,1
4696eb3e,11842,8.0137,1
77a6bd9b,13087,8.011,1
33526cc,12028,8.0137,1
55fb67fb,12058,8.0137,1
6ffbd953,9831,8.0137,1
1e451089,10352,8.0137,1
7cf560ae,12463,8.0137,61
346c46cb,11686,8.0137,1
73d81e4e,10847,8.0082,52
3a262b02,9537,8.0137,1
b265c54,12005,8.0137,1
6bdd979e,11850,8.0137,1
60a8dfdc,12422,8.0164,1
7127c4ff,12043,8.0164,1
5955eb61,11402,8.0164,1
2f3db6eb,11470,8.0164,1
6a105a66,12062,8.0164,1
6df651dd,11807,8.0164,1
4b862580,12207,8.0164,1
3d7ed172,9549,8.0164,1
5594db02,10657,8.0164,1
55557fd1,10761,8.0192,1
a72a41f,10839,8.0192,52
70223af4,12384,8.0192,1
3b1c80c3,10782,8.0164,1
45c9cb86,10659,8.0192,1
294bdbbe,12437,8.0192,61
5a84dd7c,12455,8.0192,61
3b10a942,10656,8.0137,1
64553c7b,12169,8.0164,1
6f4b4e8c,12246,8.0192,1
13d81124,12483,8.0192,61
2dbce0a4,10402,8.0192,1
6047a78c,11838,8.0192,1
554daa26,12408,8.0192,1
64fd09a,11665,8.0192,1
4cbcb937,12447,8.0164,61
111a1ceb,11881,8.0192,1
29be9874,10826,8.0192,52
518d46d9,10901,8.0219,52
78d138de,10903,8.0192,52
39ed8e6b,12486,8.0219,61
7f6ed994,10447,8.0192,1
64cddc1a,10560,8.0219,1
5b92aa8e,12339,8.0219,1
5f4df5d4,12807,8.0192,1
b6db18a,10561,8.0219,1
2eab312b,11437,8.0219,1
39f8d452,10566,8.0219,1
7be07c43,12031,8.0219,1
71474229,12007,8.0219,1
4114fa80,10850,8.0247,52
5d699d0a,12037,8.0247,1
734f84fc,12438,8.0219,61
3641a9e0,11707,8.0247,1
4ebbd90f,12045,8.0247,1
11f8976a,10454,8.0247,1
5a68cfb,12484,8.0247,61
6300b635,10358,8.0247,1
58b51d1c,11590,8.0247,56
4856d4a4,12756,8.0247,1
79a64801,11434,8.0219,1
1f71e81e,11700,8.0247,1
6f5c4b11,9546,8.0247,1
115141aa,11723,8.0274,1
5afcf5c1,11705,8.0247,1
4a5dc798,10800,8.0274,52
47d40901,12138,8.0247,1
5c935c40,10840,8.0274,52
61fce8ee,12456,8.0274,61
4539924e,11407,8.0274,1
22c207e9,11273,8.0219,1
4a5a6278,10851,8.0274,52
64f52ead,10848,8.0274,52
62480145,12482,8.0274,61
6b6a44a0,9550,8.0274,1
59a5eb6b,11664,8.0274,1
14e836b4,7759,8.0274,1
36885f45,11364,8.0274,1
f7e5270,11883,8.0301,1
79760e47,12487,8.0301,61
2c7eca4b,11405,8.0301,1
3b1ca962,10400,8.0301,1
5878caf6,12094,8.0274,1
25e8fe5b,11568,8.0301,1
6c25c897,11687,8.0301,1
36d36bca,11663,8.0274,1
4a1a11ed,12423,8.0301,1
8b91949,12029,8.0301,1
2599aeaf,11822,8.0301,1
1c86c458,10401,8.0301,1
6092b5c,10838,8.0301,52
43f2cc7c,12448,8.0301,61
46ba0985,11301,8.0329,1
2e3e2b2b,11882,8.0329,1
4b09eb0,10685,8.0329,1
4bac16b1,10844,8.0301,52
5d4cd860,11277,8.0301,1
274d791,10448,8.0301,1
2319c71,12212,8.0329,1
3e5629f,12409,8.0329,1
29830b18,11408,8.0329,1
12b75990,11703,8.0329,1
365bdc08,12343,8.0329,1
38870ca6,12063,8.0301,1
96d0b65,10764,8.0329,1
213eb801,9680,8.0329,1
49ed8bb2,10797,8.0329,52
498f4c15,10399,8.0301,1
28585062,10548,8.0329,1
7cf20bd8,10841,8.0301,52
59e7bfef,11843,8.0329,1
6a3bbf22,11435,8.0329,1
6c4a4e45,11992,8.0329,1
8369ce4,11379,8.0329,1
3f43f06f,11385,8.0356,1
6ed236d1,12059,8.0301,1
50d47528,11592,8.0356,56
6cb9026a,12338,8.0192,1
4cd9471a,10816,8.0329,52
33c284ee,11376,8.0356,1
40ccda8b,10849,8.0247,52
64c23aaa,13090,8.0356,1
7b19b58e,11662,8.0329,1
622540bf,11401,8.0301,1
45675de1,12223,8.0356,1
7f3e15ce,11591,8.0384,56
63d9df44,11371,8.0384,1
646e7440,11926,8.0384,1
16bbaeff,10455,8.0384,1
5ed3342f,10567,8.0384,1
21a4e241,12489,8.0384,61
c2a2ace,10736,8.0384,1
472db1e2,11377,8.0384,1
989764,11456,8.0384,1
6a8cbdc,10906,8.0384,52
5b89fd9d,12442,8.0384,61
7a3a0b91,10697,8.0384,1
7181e5af,11925,8.0384,1
35667f4c,11409,8.0384,1
61a1ca35,11441,8.0301,1
1f73e733,11442,8.0411,1
1969778e,11468,8.0411,1
696988b8,11403,8.0411,1
67607c2,12032,8.0411,1
63c3240,9869,8.0411,1
54bbe00e,11406,8.0411,1
932d952,11458,8.0356,1
71328e69,12209,8.0411,1
47cccf9a,11366,8.0411,1
20855b11,11698,8.0411,1
2bb5649f,10456,8.0411,1
4e91e646,12388,8.0411,1
6f004011,11278,8.0411,1
65d7c333,11823,8.0411,1
5c9c0bd2,10670,8.0411,1
217fef78,13092,8.0438,1
65c6d28a,9545,8.0438,1
24a4aba2,10783,8.0438,1
f25b9bc,11279,8.0438,1
49c977ef,11372,8.0438,1
1c2665a5,10817,8.0438,52
125cfbbe,12140,8.0438,1
317bcc48,10562,8.0438,1
415d39fd,11391,8.0411,1
402563cf,10859,8.0438,52
42d1122b,12809,8.0438,1
372580c4,12139,8.0438,1
1f9fd50c,12457,8.0411,61
74cfe62b,11386,8.0466,1
3ec5f2d3,12444,8.0466,61
257d666f,12391,8.0466,1
442be079,11438,8.0466,1
4f5ea869,12490,8.0466,61
5e9c883b,10762,8.0466,1
1e7902cf,11704,8.0466,1
101cd399,11645,8.0384,1
31082d27,11578,8.0466,1
b6fb66d,12928,8.0438,1
79412b1c,10457,8.0466,1
7d992c82,12048,8.0493,1
84d9b63,13091,8.0493,1
78dcfe58,11316,8.0493,1
3a3f3380,12765,8.0493,1
5e4d3127,12098,8.0493,1
41fc2a88,12153,8.0493,1
23f935e3,10686,8.0466,1
78aca834,11566,8.0493,1
3b4c3792,11699,8.0493,1
cbffdd5,11388,8.0493,1
2c373ea0,12087,8.0466,1
3c13c5d2,10860,8.0493,52
31c7de1a,12033,8.0493,1
6b6d8f17,11410,8.0438,1
18cf86fa,10363,8.0521,1
d98697d,11824,8.0493,1
7ae76cd,11378,8.0521,1
5b273ae,10952,8.0493,52
61aeddb4,11576,8.0521,1
6af6a2ce,11885,8.0466,1
2fb3937d,12071,8.0493,1
2f9d39d0,11389,8.0521,1
2ef03963,11880,8.0521,1
1d6b6fbb,11457,8.0521,1
5ee9bc69,10362,8.0493,1
5bfe967f,11702,8.0521,1
42c75dee,12392,8.0521,1
3e656239,12103,8.0521,1
6d535ff4,12156,8.0548,1
2b83f352,12064,8.0548,1
461c533,12247,8.0548,1
7cb1c07c,11708,8.0548,1
bea8ce1,7725,8.0548,1
3f47f7ad,12468,8.0548,61
3505f52b,10570,8.0548,1
47c571d7,12424,8.0548,1
1817604a,12344,8.0521,1
186d167a,10951,8.0548,52
25b14f1,12813,8.0548,1
6efc86a4,12488,8.0521,61
4dcaae01,11390,8.0548,1
3d64bf04,11724,8.0548,1
67c2d8c5,11253,8.0548,1
6d81bb3f,11193,8.0493,1
7523ba28,10687,8.0548,1
6da7a717,10364,8.0575,1
40644942,11851,8.0548,1
1cd24e96,11302,8.0575,1
7c6a4670,11577,8.0575,1
72d0bbc7,12449,8.0575,61
1470412f,12445,8.0575,61
443fd3a9,11432,8.0493,1
4a978346,10763,8.0548,1
728f5928,12929,8.0575,1
453c881,12034,8.0575,1
48976e4b,10845,8.0575,52
3eec49ac,11387,8.0575,1
2fa672e9,11380,8.0603,1
5ac506d6,11411,8.0575,1
528b52bf,11461,8.0603,1
211d8b93,10821,8.0603,52
7de00735,11310,8.0603,1
f614de9,10808,8.0603,52
777f810,9539,8.0575,1
29640a80,11615,8.0603,56
4afbaa7e,12238,8.0603,1
375fc5bb,11365,8.0575,1
3254d8bc,11993,8.0603,1
a5b019e,11375,8.0603,1
64bb8914,12927,8.0603,1
1de4f2f1,10827,8.0575,52
54df9eeb,11567,8.0575,1
405a3df4,11878,8.0548,1
696c8791,10403,8.0603,1
12df9390,11844,8.063,1
28968840,12099,8.063,1
16737f,10698,8.063,1
11325b14,10568,8.0548,1
7f1f19b1,11987,8.063,1
63d75a9a,11357,8.063,1
50e94014,9540,8.063,1
53005be6,11471,8.063,1
53a221e2,11825,8.063,1
3de00615,11412,8.0603,1
54d512a6,7726,8.063,1
d8f912c,12491,8.063,61
3c8af98c,10846,8.063,52
177c9969,12410,8.0658,1
46f22f0b,12154,8.0658,1
1a9cf8c9,11593,8.0658,56
1827f987,10852,8.0658,52
3a4e4551,7727,8.0658,1
4b39a5c5,10688,8.0658,1
387dda1a,11384,8.0658,1
6f202069,12060,8.0658,1
4cd9eca1,11891,8.0658,1
278c9411,11254,8.063,1
219d0aa8,11667,8.0658,1
77e6a98b,11439,8.0603,1
721df4e5,13096,8.0658,1
192bfc76,12040,8.0658,1
4e80f1c8,11744,8.0658,1
5a44cf5e,12152,8.0658,1
134546f4,12345,8.063,1
7749734e,7760,8.0685,1
7136e9,11189,8.0685,1
512d0fe6,11743,8.0685,1
17a381f9,11433,8.0658,1
6be1826c,12498,8.0685,61
522a1b02,12500,8.0685,61
6b416c9e,12757,8.0685,1
60e69446,12812,8.0685,1
77398d4,12766,8.0658,1
5037133,11317,8.0685,1
65c6c891,11701,8.0685,1
315634cb,11706,8.0685,1
346cd988,11311,8.0685,1
673d1dd4,10819,8.0685,52
674d9d94,11884,8.0685,1
20d67225,10828,8.0685,52
2657993c,10554,8.0712,1
8a246a7,12181,8.0712,1
1805f51c,11436,8.0712,1
5a506ea2,12210,8.0685,1
558c1b81,12041,8.0712,1
feebfa,12158,8.0712,1
5e269d99,10953,8.0712,52
442b6f84,12141,8.0712,1
1d573cdd,12046,8.0712,1
28b27ce5,10571,8.063,1
4292f63f,11303,8.0712,1
5ddae6a6,11463,8.0685,1
3f0cd524,7728,8.0685,1
79cf8814,11330,8.074,1
42a1969c,12475,8.074,61
1757a3f9,10551,8.0712,1
1d329863,11852,8.074,1
18382cf9,11460,8.074,1
56e34c14,11329,8.0712,1
7c01755a,11190,8.074,1
75f90b39,10569,8.0712,1
2c7fbe9b,11745,8.074,1
615b2697,7692,8.074,1
70881ba,10820,8.074,52
6030c4ec,6820,8.0712,42
17ecc615,11462,8.074,1
2af1a712,12499,8.074,61
7b2b5fb1,11459,8.0712,1
1ddaf39c,11616,8.0767,56
6c77425c,11730,8.0767,1
4b99b1f7,11579,8.0767,1
6aeeb9e2,12930,8.074,1
2062f130,10861,8.0767,52
76d132c2,10552,8.074,1
704133e6,11709,8.0767,1
2e0551ab,12767,8.0767,1
6fffb5a5,12211,8.0767,1
5823321b,10878,8.0795,52
271b4cff,11731,8.0795,1
5ebc85f9,12038,8.0795,1
4cfc5116,12426,8.0795,1
d8e1178,11886,8.0767,1
708fd882,11440,8.0795,1
4a260827,11307,8.0795,1
647c9494,11727,8.0767,1
5f4c3ff3,12065,8.0795,1
1741ccd8,12171,8.0795,1
3fdf4a5,11725,8.0767,1
6d5c9927,11569,8.0822,1
6d04782c,12070,8.0795,1
565ed8e2,9682,8.0822,1
4f60e9fd,12155,8.0822,1
467cc497,11373,8.0822,1
1809f653,12239,8.0822,1
877116c,10553,8.0822,1
28ce5148,11594,8.0795,56
60296aad,11580,8.0795,1
40d14243,12039,8.0822,1
701dd744,12341,8.0822,1
2a839c1e,12213,8.0767,1
1d4e7e1,12066,8.0822,1
4b5d7ec2,10879,8.0849,52
63b122d4,13128,8.0849,1
45fc2aac,10823,8.0849,52
65f7f7bf,12072,8.0849,1
1fb9b2da,12157,8.0849,1
385a96b7,12061,8.0849,1
115fd0ec,10550,8.0849,1
35668f54,12170,8.0822,1
137b71ad,12411,8.0849,1
7b12f791,12346,8.0767,1
5f9f0b15,11728,8.0877,1
50f5556,11464,8.0877,1
6a383dab,12464,8.0877,61
6faf102,10765,8.0877,1
211a856b,12492,8.0877,61
5ec0d1fb,12159,8.0849,1
753e7aed,12493,8.0877,61
241df7a9,10699,8.0877,1
51590f9c,12494,8.0849,61
9ce5345,11318,8.0877,1
f21a983,11582,8.0849,1
44cab771,12035,8.0822,1
43903808,10458,8.0877,1
5df6759b,12458,8.0904,61
26d9511b,12240,8.0849,1
24b689f2,11988,8.0877,1
5b6232a6,11596,8.0877,56
37dff158,13094,8.0904,1
27b61748,6525,8.0904,42
24fa5f07,13093,8.0904,1
6ec7ae3c,10824,8.0877,52
69d69433,10563,8.0877,1
1d5819f1,12255,8.0904,1
265ad78d,10689,8.0904,1
31418859,11413,8.0932,1
ef9df70,12469,8.0932,61
c5ba65,12100,8.0932,1
47b5eb11,12049,8.0932,1
14d00b95,12389,8.0932,1
64c6503d,11304,8.0932,1
3797e5f,12208,8.0904,1
59f80fbc,12217,8.0932,1
317d9af1,12093,8.0932,1
2565a3e8,11726,8.0932,1
2c595fcf,9547,8.0904,1
64c397a7,12175,8.0932,1
73f458c1,12931,8.0959,1
6a682cec,6529,8.0959,42
379f8942,12216,8.0959,1
38e5b924,11855,8.0959,1
3fed06ba,10406,8.0932,1
6e8e73d6,7731,8.0959,1
6a8541ad,10902,8.0959,52
452a2da7,10969,8.0959,52
eb469d9,10700,8.0959,1
59bb6663,10853,8.0986,52
4436ae41,12241,8.0986,1
5065f475,11826,8.0986,1
7d32a501,11853,8.0959,1
25f2d87,11571,8.0959,1
55d3f7b1,12096,8.0986,1
7fb84cba,12932,8.0986,1
e0db1aa,9551,8.0986,1
71b42a42,12476,8.0959,61
19c693d8,12097,8.0986,1
2bfe497b,11711,8.0986,1
2426d1c6,12768,8.0986,1
5fb52243,12425,8.0986,1
47c5b409,11595,8.0986,56
17f36089,10855,8.1014,52
3a8679fc,13129,8.1014,1
283c278b,10884,8.1014,52
4233ab79,11472,8.1014,1
62d42283,11597,8.0986,56
4ec86c9e,10959,8.1014,52
4708a522,11747,8.1014,58
e41d237,11729,8.0986,1
5176d8e5,10822,8.1014,52
24b23fbd,12242,8.1014,1
5c57e2c9,11670,8.1041,1
5e746dd4,10960,8.1041,52
5ea4cc47,12160,8.1041,1
39f29686,12214,8.1041,1
5ad07adb,10856,8.1041,52
27b7a698,10365,8.1041,1
5f8990dd,11854,8.1041,1
72626b0c,6526,8.1014,42
2bbdc139,12459,8.1041,61
31a431b0,10832,8.1041,52
22384021,13097,8.1041,1
43636561,11625,8.1041,56
692c03d,12243,8.1041,1
16ab48ee,10883,8.1041,52
60105bf6,12036,8.1068,1
76f22b52,11904,8.1068,1
2e621080,11319,8.1068,1
75dd3471,9688,8.1068,1
3ee1ae59,11581,8.1068,1
72c17d53,12385,8.1014,1
150e70e2,11746,8.1068,1
2bd694d3,10809,8.1041,52
18767496,11710,8.1068,1
61a4a92e,7729,8.1068,1
7cb4c98,12224,8.1068,1
18a420be,12340,8.1014,1
335d25f8,11750,8.1096,1
77f40764,10405,8.1096,1
2a863a8e,12256,8.1096,1
139e4eb0,11666,8.1096,1
49b6cbde,12187,8.1096,1
1e2e3aab,12184,8.1068,1
56731aa,12471,8.1096,61
64ed0478,10404,8.1096,1
1b7acb00,10857,8.1096,52
746e41a6,13099,8.1096,1
447ad75b,12386,8.1123,1
915361f,12470,8.1096,61
f7025ea,11424,8.1096,1
161ff20,11570,8.1041,1
13333058,10361,8.1096,1
333649ef,12477,8.1123,61
7e653fe9,12173,8.1123,1
50ee0725,12393,8.1151,1
3de76516,9683,8.1151,1
33711575,11892,8.1151,1
44a7b0fb,10854,8.1151,52
39ca42b3,9558,8.1151,1
38321d54,11392,8.1151,1
3e7b0091,11414,8.1151,1
59a7096,12758,8.1151,1
6eae654c,11599,8.1123,56
46de0d70,11856,8.1151,1
3e8927a,12460,8.1151,61
768f28fc,12226,8.1151,1
6b16b764,11893,8.1151,1
5d9592fb,12095,8.1151,1
42d82989,12172,8.1178,1
4d9f21e6,10766,8.1178,1
136c02a6,11626,8.1178,56
621f587a,11927,8.1178,1
6108b1d1,11598,8.1178,56
55ac3c07,12252,8.1151,1
26267d26,10572,8.1151,1
3ee23d10,12248,8.1178,1
1a409524,12251,8.1096,1
2e38ce6f,13098,8.1178,1
68561159,9559,8.1178,1
3b6259c3,12185,8.1178,1
14c7e902,10810,8.1151,52
ab0a70b,11671,8.1178,1
62935b84,12106,8.1205,1
4b16ba54,10366,8.1205,1
6032c5cd,10564,8.1205,1
19ce509a,12215,8.1205,1
6f35ae3f,12174,8.1178,1
17829726,11895,8.1178,1
69b85b98,12225,8.1205,1
1fd2e7cf,10926,8.1151,52
1de42174,9870,8.1205,1
5d54f65c,9552,8.1233,1
5eec7177,11313,8.1233,1
752385a9,11668,8.1178,1
7d47e85d,12387,8.1178,1
2b5bf602,12257,8.1178,1
7db17bf,12047,8.1205,1
3a81b9fa,12769,8.1233,1
5dfde70f,10954,8.1233,52
53667dce,12934,8.1233,1
112162ff,10914,8.1233,52
4e98f98b,9560,8.1233,1
11079f63,12933,8.1233,1
19895d34,12178,8.126,1
325e260,10927,8.126,52
af8172e,11607,8.126,56
7dd0d635,11748,8.126,58
6b6edaa5,12161,8.126,1
62a16bb5,12394,8.1233,1
2e635446,12249,8.126,1
2798508,11334,8.126,1
4133bbf1,10784,8.1233,1
4872a30e,10920,8.1233,52
3368b54b,12814,8.1288,1
79d1604,11622,8.1288,56
4902823a,10907,8.1288,52
12ba4fa0,12182,8.126,1
14b522c7,11894,8.1288,1
62010ff7,11194,8.1288,1
dc31885,11732,8.1288,1
500d4855,12347,8.1315,1
6d13fb89,10555,8.1288,1
42f12800,11443,8.1315,1
7072f6b,12183,8.1315,1
1295083e,10961,8.1315,52
28e0a5d9,12495,8.1315,61
5a5ddcff,12506,8.1315,61
649fdca8,10970,8.1342,52
5ef1ecfd,10955,8.1342,52
73124497,12101,8.1288,1
471cd42e,11572,8.1288,1
5d7c2af9,12228,8.1342,1
c3ba3af,10829,8.1342,52
6dec6843,12051,8.1342,1
7067bce1,11620,8.1342,56
21905f99,12250,8.1342,1
2fb08598,12114,8.1342,1
60ec4fd6,11473,8.1342,1
24f3d945,10573,8.1342,1
2da1679e,12089,8.1342,1
e6e9924,11749,8.137,58
25d95134,12267,8.137,1
27c928a6,10881,8.137,52
1722656,12244,8.137,1
7b2f38e5,11312,8.1315,1
14108645,13169,8.137,1
7af20079,12050,8.1288,1
7023179a,10574,8.137,1
6a22c9e7,12188,8.1342,1
68483c56,10962,8.1397,52
787aadb4,9693,8.1397,1
12e18b0a,11314,8.1397,1
6ef00540,11905,8.1397,1
47f33e44,10963,8.1397,52
6ac92c03,10831,8.1397,52
74ee438b,9871,8.1397,1
1a5a8253,11669,8.1397,1
44858e42,12186,8.1397,1
670f1be5,10912,8.1397,52
617bfe94,13133,8.1397,1
2f7db0f2,13095,8.1397,1
139bd202,11583,8.1397,1
47e2ccc1,12557,8.1397,61
582d37eb,13170,8.1397,1
669cfd24,12428,8.1397,1
75716fa4,10929,8.1397,52
6bb6ff6e,12429,8.1397,1
44529c8e,12270,8.1342,1
45262cfd,12465,8.1397,61
405eda6f,12501,8.1397,61
3eac918f,11858,8.1342,1
6e4adc38,11425,8.1397,1
1aff44c8,11332,8.1342,1
2cc4685a,11672,8.137,1
763eb4a4,11909,8.1397,1
4e2d0d47,10565,8.1425,1
2e14c94e,11673,8.1425,1
211df26e,12230,8.1425,1
2205e97d,11320,8.1425,1
3dfad83d,11608,8.1397,56
c326824,10917,8.1425,52
42f2654e,12122,8.1425,1
4fb1226c,12496,8.1425,61
6f0fd232,11394,8.1397,1
70e3f4bf,12815,8.1425,1
21ea37f8,13130,8.1425,1
678ec3eb,10858,8.1397,52
1466a41f,11621,8.1425,56
7681136a,10935,8.1425,52
19a84709,10936,8.1425,52
564d66e6,10928,8.1452,52
690df633,12189,8.1397,1
669a75a,12268,8.1452,1
5d222891,11859,8.1452,1
5b98f168,11928,8.137,1
26230135,12258,8.1425,1
4c891d98,12427,8.1425,1
7113024,12285,8.1452,1
4b3be6f7,11393,8.1452,1
49ad835f,11716,8.1452,1
57b45d49,10407,8.1452,1
53d5effa,10973,8.1452,52
5d4b65b4,11911,8.1452,1
49533cb4,12053,8.1479,1
3cf87ec2,12227,8.1479,1
46ce57fc,11898,8.1479,1
16a8750d,12042,8.1452,1
69d90774,12176,8.1452,1
2f6da520,11195,8.1479,1
6ae1b174,13135,8.1479,1
3f34b138,6531,8.1479,42
1ef7f30d,11444,8.1425,1
63c9070c,12269,8.1479,1
227e91e0,11474,8.1452,1
4446010,12052,8.1452,1
6a576173,12286,8.1479,1
3a3b7b54,10972,8.1479,52
1e63acd1,10921,8.1479,52
6fb563dd,11333,8.1479,1
60ee659c,12179,8.1479,1
3fad4b8b,12545,8.1507,61
7c5ec604,10833,8.1507,52
14f7da15,10830,8.137,52
33946c7b,12816,8.1452,1
92d41bf,12770,8.1507,1
30125bfc,11712,8.1479,1
65b6bf66,10882,8.1479,52
4fbbe6b7,12773,8.1507,1
5f5cac8f,12162,8.1479,1
7d33d123,10862,8.1479,52
2dae0c6c,11751,8.1507,1
22606b03,12109,8.1507,1
3db0d930,11718,8.1479,1
73222dd,12177,8.1534,1
64eb51d1,11315,8.1534,1
397bfc4c,12935,8.1534,1
148b355a,13100,8.1534,1
320d25f3,10880,8.1534,52
2ad09bc3,10971,8.1534,52
4caf8b49,12123,8.1534,1
82e85d,11196,8.1534,1
4d6e3cf2,12558,8.1507,61
1a28fd91,10834,8.1562,52
43534036,12090,8.1562,1
634eb81f,12287,8.1562,1
538b82fc,11717,8.1562,1
44dc48d0,10865,8.1562,52
78697515,9694,8.1507,1
6ef1a447,12073,8.1534,1
47e1f335,12180,8.1562,1
61624707,10890,8.1562,52
47de0933,11475,8.1562,1
74ac0d00,11335,8.1507,1
171c4c4e,9553,8.1562,1
33dd57b4,13131,8.1562,1
64b56bd5,6530,8.1562,42
3403146d,13132,8.1534,1
531571e1,11611,8.1589,56
47c5a28e,11945,8.1589,1
324ef804,12088,8.1589,1
7dead65b,12497,8.1562,61
3b553ddd,10908,8.1589,52
5083a7e,11481,8.1589,1
6f333983,11609,8.1562,56
2af872b9,10863,8.1589,52
18b31b3,9692,8.1589,1
45143036,12276,8.1589,1
22eec493,12104,8.1589,1
339df636,10811,8.1589,52
728cd5b7,10864,8.1616,53
5a993746,11930,8.1589,1
2afc84be,11331,8.1616,1
247830f,11719,8.1616,1
66b696f1,11674,8.1534,1
3ac6f057,7741,8.1616,1
29f6d34e,10408,8.1616,1
17977284,10918,8.1507,52
429fa50a,12054,8.1616,1
12c8e0fe,11321,8.1616,1
2f1e95b5,11929,8.1616,1
233ce3e7,11896,8.1616,1
45446f99,10557,8.1616,1
480d7b2e,10922,8.1644,52
57feadc2,11737,8.1644,1
7b51f6eb,10975,8.1644,52
1d8f76bf,10974,8.1616,52
3ef8aa2b,12771,8.1644,1
1cca908b,12091,8.1644,1
6858db57,10556,8.1644,1
e04626d,12818,8.1644,1
75d63874,12784,8.1616,1
3dd0b08d,12107,8.1616,1
13fc5603,12817,8.1644,1
12955510,11428,8.1644,1
3ec6591b,11857,8.1671,1
7a17c32f,12478,8.1671,61
42fb4038,10558,8.1644,1
33c65a2a,11610,8.1671,56
3f44c3c8,10913,8.1644,52
7b8e71b4,12348,8.1671,1
636c147d,12271,8.1671,1
62fa1530,10915,8.1671,52
7bb9c024,12822,8.1671,1
73321d36,11482,8.1671,1
707e30d1,11675,8.1671,1
429ff87b,11946,8.1699,1
7792b8ec,11910,8.1699,1
142ac085,11197,8.1644,1
15538269,12759,8.1699,1
2832ec98,11897,8.1699,1
4a8574aa,11713,8.1699,1
8e9bb97,11600,8.1699,56
1a03029,12772,8.1644,1
745a9527,11601,8.1699,57
3ec94aa9,11395,8.1699,1
5f8849fe,12229,8.1699,1
1af8749b,10941,8.1699,52
1ad92e95,10916,8.1671,52
22197d5c,12288,8.1616,1
6e31b365,11483,8.1726,1
73ebc0e4,11860,8.1726,1
7b62309c,10919,8.1699,52
2a6e3eae,7730,8.1726,1
791000f0,10976,8.1726,52
1a593e2c,11574,8.1726,1
37982163,10956,8.1726,52
6cd8e270,10942,8.1726,52
1536789b,13101,8.1726,1
46cd9c4f,10559,8.1726,1
30282ecc,11740,8.1726,1
1b4891db,11476,8.1726,1
3d9cc089,11479,8.1753,1
1ee8792d,12110,8.1726,1
17190c91,11603,8.1753,56
66b60ef0,11906,8.1753,1
392f8db4,11947,8.1726,1
626c9a90,12291,8.1726,1
3d4e7fc8,12190,8.1726,1
6b59271f,11715,8.1753,1
2860e2ac,13136,8.1753,1
661e7857,11382,8.1781,1
44ddca54,12961,8.1781,1
1cbf5e7,11336,8.1781,1
18708e0f,11734,8.1781,1
37aa7a2f,12259,8.1753,1
22e3704d,12960,8.1781,1
6b976490,10930,8.1726,52
846912f,12231,8.1781,1
3fb9fd37,10931,8.1726,52
14da66de,11752,8.1753,1
70450d68,11477,8.1781,1
1b766020,11602,8.1753,56
491d7a35,12546,8.1753,61
e78565d,11484,8.1808,1
75ee55d0,7765,8.1808,1
6963a3a3,10889,8.1808,52
32452125,12102,8.1808,1
6a334448,12820,8.1808,1
a9d56b5,10885,8.1808,52
485d57e9,13134,8.1808,1
4f1adbe7,12076,8.1781,1
3ee828c3,12502,8.1808,61
544d8728,12503,8.1808,61
24ac88ed,10887,8.1808,52
27627749,11735,8.1781,1
66c718e,11489,8.1836,1
1fb05747,7742,8.1836,1
277ce75e,11738,8.1808,1
67d7f8bc,12105,8.1836,1
25205c9,11861,8.1808,1
1fc570ab,11429,8.1836,1
5fc3221a,11762,8.1836,1
7892346,7732,8.1808,1
15e71233,11198,8.1836,1
2193780c,12108,8.1808,1
67065dd6,11605,8.1863,56
54176a75,11907,8.1836,1
29dbd163,10892,8.1863,52
48028e1,12192,8.1863,1
3e696365,12819,8.1836,1
6bd47193,12504,8.1863,61
16538cd0,13102,8.1836,1
307bbeb7,10945,8.1863,52
1c73f543,12191,8.1863,1
19b1110c,12112,8.189,1
4019353f,12507,8.1836,61
6c362b14,12289,8.189,1
242687e8,11606,8.1863,56
277ca7c2,12195,8.189,1
169c9e7d,11426,8.189,1
36d4eb50,12272,8.189,1
4a7ece76,11763,8.189,1
6be71815,11739,8.1863,1
7b6edb46,9689,8.1863,1
39ee215e,11714,8.189,1
2871d358,12074,8.1918,1
3d6daa04,12116,8.1918,1
5d3192e5,11915,8.189,1
7b8551f3,12115,8.1918,1
763c012e,12260,8.1918,1
3e103a66,11339,8.1918,1
18ddd5ef,11623,8.1918,56
498605ce,12111,8.189,1
5f2558a1,12125,8.1918,1
60d99a29,10937,8.1918,52
16dd4970,12117,8.1945,1
6f8c9610,11613,8.1918,56
1a193b10,11325,8.1945,1
36bdf2a8,10866,8.1945,52
4005cbf1,12196,8.1918,1
4ad7abc6,11322,8.1918,1
4160989a,12232,8.1918,1
12f2ea1d,10909,8.1918,52
4b037259,11337,8.1945,1
3cfd7964,12559,8.1945,61
3069e283,10946,8.1945,52
41a0f242,12273,8.189,1
791c8229,12124,8.1945,1
7c3b3d15,11721,8.1945,1
2c7a1971,11584,8.1973,1
3a16f69e,12245,8.1973,1
7b1b63c3,13103,8.1973,1
660bbb43,11326,8.1945,1
437de102,10981,8.1973,52
3fb0c98d,13104,8.1973,1
1f95b0c3,12274,8.1973,1
24ffc1d1,11427,8.1973,1
82651bd,11575,8.1973,1
447d77e5,11908,8.1973,1
31630d95,12774,8.1973,1
3c2a0d2,11430,8.1973,1
59691832,10957,8.1973,52
54ca0daf,10867,8.1973,52
63f8011b,11612,8.1973,56
4a5ea754,12166,8.2,1
2b1fe66c,12165,8.1973,1
5c8c4afd,11733,8.2,1
4d3571d6,11486,8.2,1
5cf8b968,11720,8.2,1
6e6641b2,11614,8.2,56
6f585c55,12292,8.1973,1
9853ba9,11494,8.1973,1
55b290fa,12218,8.2,1
6d4e8926,7733,8.1973,1
40d9ca2e,10891,8.2,52
6021e9ef,12126,8.2,1
21558051,11899,8.2,1
658b3171,12296,8.2027,1
384b2ae4,13137,8.2027,1
364d0f79,12785,8.2,1
59ccf6ce,12290,8.2027,1
5496b2ae,10982,8.2027,52
356bbed2,12078,8.2027,1
6b0349c1,12551,8.2027,61
55c7b8e9,10943,8.2027,52
34a5633d,11624,8.2,56
5c50c655,12219,8.2055,1
6ca6706c,11741,8.2055,1
2d6cd15f,12127,8.2055,1
729bcae0,10964,8.2055,52
9f1c82,11736,8.2055,1
4bb2c3e7,13105,8.2055,1
2ff58516,11722,8.2055,1
4def1b66,12077,8.2,1
35ec7555,10947,8.2055,52
689c35f4,11862,8.2027,1
6bc2d0c4,11617,8.2055,56
5e43d2f1,10812,8.2055,52
8d342b1,11604,8.2082,56
169f5ca,12277,8.2082,1
7cd041d3,12936,8.2082,1
3c44d0e2,10835,8.2082,52
2e90cb11,12304,8.2082,1
6019bcac,12168,8.2082,1
2f4dec7,10910,8.2082,52
1eb9a7a5,12548,8.2082,61
4e0b750,11916,8.2055,1
2c003c9e,13107,8.2055,1
13eab2f0,12522,8.2082,61
1d1196e,11753,8.2082,1
5206127e,10965,8.2082,52
535d7559,10888,8.2082,52
7e945760,10893,8.2055,52
77072bb5,11381,8.211,1
4486863a,12167,8.2082,1
15f042c9,10836,8.211,52
53a855d,12760,8.211,1
2dbf1a93,10949,8.211,52
3b781935,11932,8.2082,1
714c6713,12118,8.211,1
3fd8a00c,10924,8.211,52
7d5ab32b,12163,8.211,1
28294b34,10958,8.211,52
7d97a720,10896,8.211,52
6f71337e,9695,8.211,1
5fdea267,11327,8.2055,1
1553265c,13138,8.2082,1
7741af29,12821,8.211,1
37afb846,11901,8.211,1
51a3870e,12980,8.211,1
5dce2aa0,11933,8.211,1
7be973ed,11917,8.211,1
270cfed7,10837,8.2137,52
6dab0ff8,11629,8.2137,56
207d6eb4,11485,8.2137,1
767b6544,12513,8.2137,61
ccadb31,12824,8.2137,1
4cf06639,11742,8.2137,1
311f739f,12963,8.211,1
79116490,10871,8.2137,52
32d2bdc8,9681,8.2137,1
689bfbf0,12472,8.2137,61
27159974,11492,8.2137,1
55524ce2,10925,8.2137,52
72c9877d,11764,8.2164,1
453aa6af,6532,8.2164,42
4beebbfa,10978,8.2164,52
9397aa2,10938,8.2164,52
6714d308,12261,8.2164,1
4e6f4945,12823,8.2164,1
99d3936,12552,8.2137,61
37d1a517,12220,8.2137,1
274e629c,11573,8.2164,1
2b63c0ed,12523,8.2164,61
736bed95,12293,8.2164,1
49a807f2,11478,8.2164,1
1d4c1175,10977,8.2137,52
1da6d6d9,11490,8.2164,1
4f00c7ac,12264,8.2164,1
7701b296,11865,8.2192,1
5b2afea6,10869,8.2192,52
52b4f5a6,12479,8.2192,61
798ff137,13144,8.2192,1
3606992,13186,8.2192,1
fb37896,11630,8.2192,56
7a5fa503,12825,8.2192,1
1f09deae,6533,8.2192,42
5bffa7f2,10895,8.2192,52
7c5ff536,11919,8.2192,1
7c733fd6,10948,8.2192,52
2508eff4,13111,8.2192,1
68909f06,11491,8.2192,1
6fe058aa,12265,8.2192,1
3580d8f,12262,8.2219,1
6c15e625,12984,8.2219,1
9fde9fe,12775,8.2219,1
65792f68,11948,8.2219,1
8311e65,12164,8.2219,1
4bd6e588,13106,8.2219,1
2d824715,12964,8.2219,1
1ac3fa2,12990,8.2219,1
16edbc4,12297,8.2219,1
7d6894c4,10886,8.2219,52
426dce93,11338,8.2219,1
22dca853,12253,8.2247,1
559be737,11864,8.2247,1
6c6c87f4,11765,8.2247,1
40d9d5bc,11755,8.2247,1
78073c4,13112,8.2219,1
d289e5c,11324,8.2164,1
b09ba1d,12113,8.2247,1
f93e6eb,11918,8.2274,1
4680433b,11340,8.2274,1
5c30da6a,12777,8.2247,1
1a2f5aa3,12509,8.2274,61
a1b53b3,12075,8.2274,1
4e465050,12263,8.2274,1
147f2078,7693,8.2274,1
74659a16,10950,8.2247,52
2433c9e2,11920,8.2274,1
580bd9e4,12549,8.2219,61
5fe9d287,12981,8.2301,1
359a5e7d,12962,8.2301,1
6df7c7f2,12198,8.2301,1
10d8386c,12294,8.2301,1
57317f77,11497,8.2274,1
419d13a5,12776,8.2301,1
5173488c,11396,8.2247,1
36fd8d69,12119,8.2301,1
65661413,11496,8.2301,1
3970150f,10911,8.2274,52
720c1d85,13109,8.2301,1
28405068,12295,8.2301,1
7dd31fff,11912,8.2329,1
4ab43822,11766,8.2329,1
4432a527,11480,8.2301,1
56407811,11754,8.2329,1
36e8bf8b,12120,8.2329,1
7ca9b1a1,10894,8.2329,52
e71617,11493,8.2329,1
2e7fb3f4,11863,8.2329,1
237eedb4,10923,8.2329,52
1960652c,10898,8.2329,52
48aae0ba,12937,8.2329,1
4340de04,12991,8.2329,1
1dff894e,13108,8.2329,1
2c6a17e9,12508,8.2356,61
36394e4d,12275,8.2329,1
2909c700,12510,8.2356,61
485d8e96,12079,8.2356,1
34741d2b,9554,8.2356,1
484376ce,10944,8.2356,52
2f158901,10899,8.2356,52
b189b4b,10980,8.2356,52
1f114246,11487,8.2356,1
4cb7a26c,9690,8.2384,1
6fb00c25,12761,8.2384,1
4f69677a,11866,8.2301,1
7626ef3b,7761,8.2384,1
646f1f,10932,8.2384,52
15720e27,12121,8.2329,1
64a77a27,12992,8.2384,1
60f1837e,12560,8.2356,61
22550c23,13145,8.2384,1
62f25f34,13187,8.2384,1
7d721a56,12511,8.2356,61
137eca3f,12524,8.2356,61
434e14e8,11328,8.2411,1
46482990,12594,8.2411,61
19e1153c,11618,8.2384,56
75679f0d,11633,8.2411,56
46bd3c1d,7743,8.2411,1
7892c65,10979,8.2329,52
663b8807,11495,8.2411,1
41be89f3,11627,8.2384,56
50672c0d,12788,8.2411,1
19314efb,13171,8.2384,1
3643d414,11950,8.2438,1
387223e,11767,8.2438,1
6ae97107,12763,8.2438,1
79bcbc37,12547,8.2438,61
51f73460,12561,8.2438,61
4b20b2c1,13174,8.2466,1
6bdb7ab2,12305,8.2438,1
4a1b4f87,10870,8.2466,52
28975517,10897,8.2466,52
711da485,9555,8.2466,1
565a1ff7,11628,8.2493,56
3ee67568,13115,8.2493,1
ed886ec,13188,8.2493,1
1e2f87c7,11585,8.2466,1
180c8652,11758,8.2493,1
15cced0e,9686,8.2493,1
5f69e6bd,11900,8.2493,1
3d1a4328,12826,8.2493,1
41d86ccf,11949,8.2411,1
330e4d67,11631,8.2521,56
234209b5,12197,8.2521,1
4cae1df6,7766,8.2521,1
4e12beb8,7745,8.2521,1
fb6a768,12128,8.2521,1
3c0a188a,13142,8.2521,1
77f350,11921,8.2521,1
19d62801,11902,8.2521,1
5b4b6a98,12199,8.2493,1
50f33755,12266,8.2521,1
61fc1b7e,11619,8.2548,56
d5e8183,11488,8.2493,1
229c8304,10872,8.2548,52
42f68cc0,12762,8.2548,1
320c0e0b,12940,8.2548,1
3293bd78,11934,8.2548,1
33b567bf,12254,8.2521,1
4a9ebad3,13139,8.2548,1
18b089dd,12517,8.2548,61
37e79fce,12778,8.2466,1
6fe6a519,12301,8.2521,1
2f779e12,12941,8.2575,1
1000e10d,12565,8.2575,61
ce26cb1,12516,8.2575,61
7708b0c,10939,8.2575,52
14e402fe,12302,8.2548,1
37b81e6,12514,8.2548,61
1c63f2dc,12526,8.2548,61
7556c691,12938,8.2575,1
1fc832b7,13113,8.2575,1
2b0f2042,11935,8.2603,1
7424f074,12298,8.2603,1
77d2093e,12942,8.2603,1
ffe88d4,12200,8.2575,1
2951c0f9,12988,8.2603,1
7b8ef8a1,11951,8.2575,1
8e28314,9696,8.2548,1
28fa10f4,12515,8.2603,61
4f06772c,12279,8.2603,1
68f7203d,12528,8.2603,61
64308672,10933,8.2603,52
77896020,13172,8.2575,1
1cb547b0,13146,8.2603,1
6076fc1d,12985,8.263,1
6617df2f,12527,8.263,61
31d1dee6,12564,8.263,61
54b8e2d3,11952,8.2603,1
5132ddb8,13140,8.263,1
678c98e9,12193,8.2603,1
f54d810,7734,8.263,1
4b04996f,12553,8.263,61
13a1e380,12525,8.2658,61
5dbf3a94,13116,8.2658,1
3a9c3dbc,12786,8.2658,1
12a24f53,12943,8.2658,1
7d827389,11931,8.2658,1
61a3225a,11760,8.2658,1
3a09920f,11323,8.2658,1
3a519aca,12529,8.2685,61
5421a832,11498,8.2658,1
2c68f11e,13110,8.2685,1
6c36c126,12505,8.2685,61
358f94aa,12562,8.2685,61
5e046304,13143,8.2685,1
38def385,12533,8.2712,61
10bbaccc,12299,8.2712,1
623b2a49,11903,8.2712,1
2bd8c860,12550,8.2658,61
5ca5624d,12283,8.2712,1
5639825c,11759,8.2712,1
158c4f8e,12554,8.2658,61
193411c5,10934,8.2712,52
22e619c8,12989,8.2712,1
4f105e3c,12787,8.2712,1
3eecb8ac,13149,8.274,1
55a10ee0,12307,8.2712,1
6ca287a8,11632,8.2685,56
7e18ebad,11756,8.2712,1
33b4bbec,12986,8.274,1
3d00faa9,9691,8.274,1
6e3f6574,10940,8.274,52
165830dc,10983,8.274,52
2fa4e439,12967,8.2712,1
395951fa,11586,8.274,1
2cd89760,11499,8.274,1
73dc3a88,12473,8.2767,61
796388,12194,8.2767,1
68f29770,11968,8.2767,1
1fb318bd,12281,8.2767,1
d2969b9,12563,8.2767,61
46873eb7,11954,8.2767,1
17f551f3,9684,8.2795,1
5dd61530,13114,8.2795,1
3ab26800,12982,8.2795,1
3d43e91b,12303,8.2767,1
7be13bab,9703,8.2822,1
4ecc0e6,13003,8.2822,1
2db75a13,12965,8.2822,1
f1e758f,12555,8.2767,61
7d502ba4,12995,8.2795,1
1fd93f18,13148,8.2822,1
8a99932,13001,8.2822,1
74e727a5,12308,8.2822,1
8163f96,11500,8.2822,1
5ee1e073,12518,8.2849,61
1ac59294,11634,8.2849,56
57d25466,10984,8.2849,52
6e813b85,12530,8.2849,61
3cfc66f0,10868,8.2849,52
3fb2bc5e,12519,8.2849,61
955d80e,13190,8.2877,1
4ce1dc26,12512,8.2877,61
2b5b9b2c,11501,8.2822,1
c07a92a,12789,8.2877,1
1a19255,13173,8.2877,1
2613afc7,7767,8.2877,1
645147cf,12480,8.2822,61
13a43292,12834,8.2877,1
1e9a3989,12481,8.2877,61
147d2a9f,12987,8.2849,1
6f1a0623,11768,8.2877,1
254cc00a,12983,8.2904,1
4bcd8453,11757,8.2904,1
128a8cee,12851,8.2904,1
7487ff18,12284,8.2877,1
79cf1f1a,12300,8.2904,1
17ce2c3b,12556,8.2904,61
365637db,12969,8.2904,1
75d9fd8b,12571,8.2904,61
5211007f,13177,8.2904,1
799d8a,12593,8.2904,61
5327f2e8,11953,8.2932,1
54c8ffb8,13118,8.2932,1
6e47650f,13151,8.2904,1
348f9240,12534,8.2932,61
5853968b,11341,8.2959,1
4b759706,12944,8.2959,1
1a37817e,13117,8.2932,1
1ecfec7a,12306,8.2932,1
569a7071,12996,8.2959,1
12b943e7,11761,8.2959,1
75932b11,13004,8.2849,1
11c246f7,13189,8.2986,1
135388c,11769,8.2986,1
49bc9953,11770,8.3014,1
251be8d6,12939,8.3014,1
440b801d,12968,8.3014,1
47fd8395,11958,8.3014,1
6b970b13,12572,8.3014,61
6aa6fc38,13141,8.2959,1
1081f4e2,10966,8.3014,52
8929587,12282,8.3041,1
23d85e2b,12280,8.3041,1
7ec23154,7744,8.3014,1
526a5855,9685,8.3041,1
61fbec8a,13002,8.3014,1
7d59639f,11922,8.3014,1
1c114319,13119,8.3041,1
73b6995e,12827,8.3014,1
4d17a41e,12829,8.3041,1
7be463b8,12535,8.3068,61
6d7bee56,13150,8.3041,1
2a40e6ce,13175,8.3041,1
5a0790cc,11502,8.3068,1
2a6d197,12080,8.3068,1
309d96cb,12790,8.3096,1
1d466080,12945,8.3096,1
7b211214,12129,8.3096,1
4fbf4e8e,12998,8.3096,1
13c8a27c,11913,8.3096,1
19fe503c,12531,8.3096,61
3da482e5,11962,8.3096,1
4ee686f7,11914,8.3123,1
5215ee4d,12997,8.3123,1
7b986a9b,12836,8.3096,1
2d15fcd6,12573,8.3151,61
34bfe03b,13176,8.3151,1
76e06e9e,11963,8.3151,1
7491dfd8,11965,8.3151,1
3fe44749,13120,8.3151,1
5155bef1,12837,8.3151,1
5ea1ca8a,11970,8.3151,1
43621018,12970,8.3151,1
2d42e030,12966,8.3123,1
3f3c8cb3,9567,8.3151,1
3effbfe9,11969,8.3151,1
6e5ad726,12781,8.3151,1
69220e0,11587,8.3178,1
3feb38cf,13121,8.3151,1
3debe825,11771,8.3178,1
66e9a23f,12081,8.3178,1
252a59fc,13191,8.3123,1
1d714998,12828,8.3178,1
5caa614c,12780,8.3205,1
7fb920d3,12278,8.3178,1
546a8d41,9561,8.3233,1
2378db89,11966,8.3233,1
34d27bf7,11923,8.3233,1
2db7a06,11937,8.3233,1
2dbef99,11964,8.3205,1
671ac8d8,10986,8.3233,52
40b01a0f,12835,8.3233,1
19e25355,9556,8.3233,1
4418d0d7,11971,8.3233,1
75758c84,13152,8.3233,1
35d58047,12779,8.326,1
3cbaf438,12539,8.326,61
65724e87,12793,8.3288,1
7cbc3dd6,10873,8.3288,52
723ea39f,11772,8.3288,1
19ce82d4,12792,8.3288,1
6ebfe11c,11956,8.3288,1
55005938,12797,8.3315,1
73f02390,12791,8.3315,1
7455442a,12520,8.3315,61
1960b056,9697,8.326,1
8c61567,10874,8.3315,52
6bc7c484,12474,8.3315,61
7a584b4c,9562,8.3288,1
17ad3a64,13153,8.3315,1
78eb5292,12521,8.3315,61
24f23439,11967,8.3315,1
388cd2f1,12574,8.3315,61
5985aa,13005,8.3342,1
20ae49f2,11938,8.3342,1
37dffc88,12830,8.3342,1
d85040f,11973,8.3288,1
53405414,11924,8.3342,1
1ff8ff03,12567,8.3342,61
3ad875a6,12794,8.337,1
1fd8bb8e,13022,8.337,1
163142bc,12595,8.337,61
6f3d7099,11974,8.3397,1
77ad0078,12971,8.3397,1
1defbf6b,12852,8.3342,1
4935fb04,13158,8.3397,1
35e3b23b,12999,8.337,1
2cdb6ec1,12839,8.337,1
5b4ca6be,11959,8.3342,1
36edad16,12532,8.3397,61
2a553dd5,11957,8.3397,1
4a04af65,13162,8.337,1
2e6839be,12947,8.3425,1
6b23422,11972,8.337,1
5decacff,12946,8.3425,1
5ed49902,12948,8.3425,1
319efeaf,13030,8.3425,1
261adf9a,11961,8.3425,1
1e2904f2,13123,8.3452,1
64cf82bc,9557,8.3452,1
22e2630c,12566,8.3452,61
52f48ec5,11955,8.3452,1
42c0efd,12798,8.3479,1
1ceeb6a6,13122,8.3479,1
2d254c34,12540,8.3479,61
5bd16df3,13178,8.3479,1
3feedb92,11960,8.3397,1
3dc073e4,13006,8.3479,1
56dc014f,12838,8.3479,1
519fa34c,7768,8.3507,1
1f1e279,12575,8.3479,61
488a8b9e,12840,8.3507,1
52c374eb,13031,8.3507,1
5c2fa6e0,13147,8.3534,1
40651080,12576,8.3534,61
6f4deac0,13034,8.3507,1
26e0afee,13192,8.3534,1
7590574,13124,8.3507,1
6fd0f40f,12577,8.3534,61
6fcb08df,11936,8.3562,1
4cf74517,7762,8.3562,1
4df509d6,13161,8.3562,1
62b2d61f,12541,8.3562,61
34a8b58,12596,8.3562,61
6bd277b2,13023,8.3589,1
114627cd,12795,8.3589,1
5c6817e7,9704,8.3589,1
2ac12e80,12993,8.3589,1
7d8660cb,13007,8.3562,1
591f72e,12581,8.3534,61
347cfe6d,7769,8.3534,1
19da1f54,13019,8.3616,1
63bbf6f1,10985,8.3589,52
559d1c7,12843,8.3616,1
3acc87c1,13154,8.3616,1
7482286b,12949,8.3616,1
11e528b6,12568,8.3616,61
7ea08952,13024,8.3644,1
3749196d,12537,8.3616,61
696572ca,13029,8.3671,1
cc1cefd,13009,8.3644,1
76513c2e,12082,8.3616,1
92cc1f8,12536,8.3671,61
7e3bb6e5,12799,8.3671,1
4b9d0135,12844,8.3671,1
4929889d,13193,8.3699,1
36666dda,9698,8.3699,1
59aa49ef,12578,8.3699,61
7a1d6f46,12542,8.3616,61
7ff57df8,7736,8.3726,1
7af8c761,12579,8.3699,61
71961ce0,12597,8.3726,61
60e03acb,13000,8.3616,1
342e8192,12973,8.3726,1
8518bb9,11943,8.3753,1
1802a972,12841,8.3753,1
4961f74f,12599,8.3753,61
28b6baca,13125,8.3726,1
68d48c5f,12084,8.3781,1
6cdccebf,11940,8.3726,1
2ac197e4,13194,8.3781,1
373c089c,12538,8.3781,61
7b46cc50,12782,8.3808,1
71654cb1,13195,8.3808,1
818835e,13035,8.3781,1
57bd8bce,12543,8.3753,61
12014d,12083,8.3836,1
4dfb6953,11941,8.3836,1
16a0b499,13126,8.3753,1
2d78be78,12842,8.3863,1
2431cd8,12544,8.3863,61
3df0daf3,12974,8.3863,1
2b579def,11942,8.3863,1
38c0e060,12783,8.3836,1
ab4216,12764,8.3863,1
32b3e29a,13127,8.3863,1
5023027e,12975,8.389,1
6bbf7dcb,13033,8.3863,1
7c902db6,12972,8.3945,1
3ca1ef81,13165,8.3945,1
407a1926,13166,8.3918,1
43ec11a4,12845,8.3945,1
b14db55,13156,8.3945,1
1bd5bed9,13020,8.3945,1
6655dd88,11944,8.3945,1
451781d7,12954,8.3973,1
68f43453,13021,8.3973,1
5e616ce2,12955,8.3918,1
3158fdd0,12951,8.3973,1
1610533b,13167,8.4,1
6ff07117,13168,8.4,1
266f9616,12950,8.3945,1
73bce845,12874,8.4027,1
67a1f482,13010,8.3973,1
bb549a8,12831,8.4055,1
5130b1ee,9569,8.4055,1
45da854d,13164,8.4055,1
2db76c90,12846,8.4082,1
7b7d36c8,13011,8.4082,1
cee9887,13159,8.411,1
5885f735,13197,8.411,1
49e4e185,12600,8.411,61
5fa1c7c5,13025,8.4137,1
50383192,12796,8.4164,1
3e3e0ad9,13155,8.4164,1
6ff07d34,13196,8.4164,1
528ec52a,12569,8.4164,61
432bda48,12598,8.4192,61
d8d7836,9707,8.4192,1
6178ad6e,11773,8.4192,1
45fb93fe,12953,8.4192,1
581ff893,12570,8.4164,61
3eb5776e,12873,8.4219,1
1a02ae0b,12957,8.4219,1
3ffaad6,12582,8.4219,61
2483015a,12976,8.4247,1
31980ca3,13008,8.4219,1
3ee58e6d,13015,8.4247,1
40323a7d,10987,8.4219,52
7c876af0,13013,8.4274,1
d8b8cd7,12583,8.4274,61
1f0feded,13036,8.4274,1
4e3fcda3,11939,8.4274,1
9d898c2,12956,8.4274,1
9a8fe7e,13157,8.4274,1
589426a8,12833,8.4274,1
3814d8d2,13016,8.4301,1
8f658a6,12584,8.4301,61
69dc9620,12602,8.4301,61
46e31cc8,12832,8.4274,1
3f3bc3da,12848,8.4301,1
21774ea7,12858,8.4329,1
1b7e1147,12847,8.4274,1
5097d739,12977,8.4329,1
45a54bbc,11774,8.4329,1
24e165c1,13163,8.4301,1
3f78058c,9705,8.4329,1
84e9268,12603,8.4384,61
5467df0d,13012,8.4384,1
5897d9b7,13032,8.4384,1
5838f419,12588,8.4356,61
3b709696,12952,8.4329,1
14103354,9699,8.4411,1
6bbb103f,12589,8.4438,61
1ce35f2,12601,8.4438,61
7aed3a71,13026,8.4466,1
3eb5c77b,12580,8.4466,61
2b2ad96a,12853,8.4411,1
2cacc0b,13160,8.4466,1
18a30ed8,9568,8.4466,1
6832d99b,7694,8.4466,1
782c45f9,12604,8.4493,61
5b0321f,13047,8.4521,1
5e539bf,12640,8.4521,61
c5c68fc,9563,8.4438,1
7be5c699,13027,8.4521,1
617c5791,12801,8.4548,1
1a9d1842,13534,8.4575,1
6558b16b,7698,8.4575,1
495c54be,12800,8.4548,1
1c588202,12585,8.4575,61
1f1b8ec7,13014,8.4575,1
3f68b7a6,12869,8.4603,1
143afd51,12802,8.4575,1
4c2a2546,12870,8.463,1
f84f7b2,7735,8.463,1
50f12877,7695,8.4575,1
75abb463,12641,8.463,61
36b81ff2,12859,8.4658,1
2ba51c76,12866,8.4685,1
33457d7,12854,8.4685,1
2b14f37e,7737,8.4685,1
5d253e61,13017,8.4603,1
5ee0df1f,13179,8.4712,1
7fcba1fb,13028,8.4712,1
73c8227f,12803,8.474,1
76adc51,12978,8.474,1
5faaf384,12860,8.474,1
32318ffb,13535,8.4795,1
7d4c45f3,13180,8.4795,1
4f254bff,12875,8.4795,1
1e7c8e1e,13533,8.4767,1
16426886,12590,8.4822,61
93ed460,13536,8.4849,1
6ca11c0b,7697,8.4849,1
165773ff,10967,8.4849,52
13542feb,12877,8.4822,1
6c366435,9706,8.4849,1
8937cfc,12867,8.4849,1
25f63e9a,12849,8.4849,1
176f76b8,12586,8.4877,61
4827afac,12587,8.4877,61
5bc04ec8,12994,8.4877,1
6a437b25,12591,8.4877,61
4fd6b9c4,12861,8.4849,1
2360cc30,12850,8.4904,1
564f4d3f,12864,8.4877,1
f20ef30,13198,8.4904,1
75426f89,10988,8.4904,52
50e62c5d,12855,8.4822,1
7c6ca5cb,9570,8.4932,1
743d9c19,12878,8.4932,1
12658b30,13208,8.4904,1
7300c9e5,12862,8.4932,1
6a5b68b3,12871,8.4959,1
721efcb5,7771,8.4959,1
4c1cc5cd,11775,8.4959,1
39a6624a,12863,8.4932,1
8899b3d,12897,8.4959,1
df725cd,13199,8.4986,1
693ebea6,12643,8.4986,61
284bd498,13212,8.4986,1
276fbb13,13206,8.5014,1
2d512986,13538,8.5041,1
69c50f62,7699,8.5041,1
76ca239f,12865,8.5041,1
5da886da,12879,8.5041,1
7e510717,12898,8.5068,1
7516674b,7770,8.5068,1
7c5195f,13207,8.5096,1
1c93493a,13200,8.5123,1
237c0d38,7772,8.5151,1
6203a82a,13042,8.5151,1
69b9ac46,13205,8.5178,1
7b847ce6,12876,8.5178,1
54248d28,9708,8.5178,1
17f25f59,9571,8.5178,1
684ff775,11023,8.5205,52
30f4d5d6,12868,8.5205,1
40c9432d,13018,8.5205,1
2daba204,13204,8.5096,1
45c4c4fa,13043,8.5233,1
52277768,13209,8.5205,1
132fdfa8,13045,8.5233,1
582fce45,12592,8.5233,61
264c8a1f,13052,8.5233,1
446b529f,11776,8.526,1
31ee5528,9709,8.5288,1
46207e53,13044,8.5288,1
4e31b114,13224,8.5288,1
2d314f3c,7746,8.5288,1
4444f1c5,13046,8.5315,1
5a25ac78,9564,8.5315,1
195f1f39,13223,8.5342,62
3e30fb81,13048,8.5342,1
5d99ef5b,12605,8.5342,61
2a28cefc,9700,8.5342,1
5d644f30,10968,8.5315,52
481c4187,12606,8.537,61
4b6faa57,13213,8.537,1
723abc48,7773,8.5397,1
7f20f4,12856,8.537,1
604b7663,13537,8.5397,1
cf80bb8,12979,8.5397,1
3af33562,12857,8.5397,1
1d0c0688,7747,8.5425,1
26cf8324,13238,8.537,1
6a26f98e,13050,8.5425,1
495d998d,12903,8.5452,1
3edc8757,12880,8.5452,1
3498fe68,13181,8.5452,1
6e948d7c,13210,8.5452,1
33a3f3a9,12899,8.5479,1
161795a1,11022,8.5507,52
658f42b5,13201,8.5507,1
2f3acc15,13049,8.5479,1
3285ce0,13215,8.5507,1
749a845b,13202,8.5534,1
29386bb9,12872,8.5534,1
363d1ec1,11021,8.5534,52
4f1e3677,13053,8.5562,1
e10bc28,12607,8.5562,61
25f731c6,12881,8.5562,1
649f7bf0,13203,8.5562,1
3a0abab4,13051,8.5589,1
4998e0c,10989,8.5589,52
fe3934b,13054,8.5616,1
10bc29bc,13055,8.5616,1
7f8cee05,12958,8.5616,1
372df616,7696,8.5616,1
24475273,7702,8.5589,1
802a476,13239,8.5644,1
55477e8e,13539,8.5644,1
4d234ee5,13540,8.5671,1
15668c11,11033,8.5671,52
49422f96,10990,8.5671,52
b2c9004,11777,8.5699,1
65f13ce1,11034,8.5699,52
327212dc,13057,8.5726,1
13551687,12884,8.5726,1
7c160859,13182,8.5699,1
106c350e,13230,8.5753,1
322a312d,11042,8.5753,52
970f8c1,13228,8.5726,1
45687d76,13541,8.5781,1
345de490,13058,8.5781,1
579d186f,13231,8.5781,1
592554ad,13225,8.5781,1
1ee1fc5c,13039,8.5753,1
5f201132,13211,8.5781,1
4821722,11778,8.5781,1
3b6329bd,13227,8.5808,1
48908240,13240,8.5808,1
3275401a,13056,8.5808,1
17e6b3e1,9573,8.5836,1
3c98d38,12900,8.5836,1
2145623d,12885,8.5781,1
6d8b76d7,12901,8.5836,1
4fd0a93c,12907,8.589,1
3f5db3,12882,8.5863,1
5cc3fadb,12644,8.589,61
ae19303,7703,8.589,1
4dbbe41a,13233,8.5863,1
3c6a6146,13214,8.589,1
76b9a6be,12908,8.5918,1
c11af1f,12905,8.5918,1
a6e4c15,12904,8.5863,1
65e16c4f,13542,8.5945,1
5e56ba1b,13226,8.5918,1
5f3e8f99,13229,8.5945,1
27c86e8f,12645,8.6,61
4925ed2d,12883,8.6,1
22481070,13543,8.6,1
2609feec,13234,8.6,1
9a111e7,13183,8.6055,1
794ce954,12906,8.6055,1
6df9aa4a,13038,8.6082,1
b536e5d,13241,8.6055,1
9084dc3,9566,8.6082,1
69fa24d7,13184,8.611,1
68553e26,9575,8.611,1
9d01025,13235,8.6137,1
485e629c,7700,8.6137,1
6828e097,13702,8.6137,1
586fdc4c,13063,8.6164,1
608b870a,13040,8.6164,1
506e091b,13701,8.6164,1
3cb4cfb3,13216,8.6219,1
56bcce23,13185,8.6219,1
bbbcf8,13059,8.6219,1
4455f3b8,12886,8.6247,1
3355b951,13217,8.6247,1
508c7275,13703,8.6274,1
351e7209,12902,8.6274,1
2fcdfa4e,13323,8.6301,1
724ccf33,12888,8.6301,1
416004d5,13037,8.6301,1
7a8b8ca,13325,8.6274,1
47772dfb,11043,8.6301,52
1251a762,11025,8.6329,52
507d330a,12642,8.6301,61
2e1bc40b,13062,8.6329,1
439c473e,13060,8.6356,1
52a0b270,13324,8.6356,1
4f97e366,11024,8.6356,52
50e22741,10991,8.6384,52
693ebb34,12887,8.6384,1
19750184,13243,8.6329,1
69894d1f,13061,8.6411,1
2890a740,11779,8.6438,1
346b5e7d,13707,8.6438,1
5230055,11026,8.6493,52
2661545b,9565,8.6493,1
b664d70,11027,8.6493,52
78aa1e9a,13700,8.6493,1
659062d7,13244,8.6521,1
3a1ad8ec,13699,8.6466,1
513c665e,10992,8.6548,52
2c290e23,13242,8.6575,1
2c6a780f,9576,8.6603,1
78ace798,13041,8.663,1
54c3a75a,13236,8.6603,1
6df77d7f,13616,8.6658,1
b973ccc,13232,8.6658,1
14188a01,11036,8.6658,52
5d2806af,13218,8.6658,1
b6284f0,7774,8.6685,1
39a1b80c,13245,8.663,1
693975bb,13219,8.6685,1
74b90b4d,12889,8.6712,1
6b63442e,13705,8.6712,1
5f36e096,12648,8.6712,61
7d80c266,11037,8.674,52
41df5df8,13237,8.6795,1
306c23d9,13221,8.6822,1
58365712,13067,8.6822,1
235e2d80,13544,8.6849,1
18d5848e,13068,8.6849,1
70cfbadd,13558,8.6904,1
33fc7e76,13222,8.6904,1
76c12573,12959,8.6904,1
49760ea6,13706,8.6932,1
567ad1e9,13545,8.6959,1
4b3a7809,7775,8.6959,1
23924e5d,13064,8.6959,1
71725582,13625,8.6986,1
5580169d,12646,8.6986,61
45b74ed6,12649,8.7014,61
3c4d6bf8,12647,8.7014,61
d1c2a8a,13619,8.7041,1
6ea1a0ee,12890,8.7041,1
735cf60a,13220,8.7014,1
111f8212,13621,8.7068,1
465a2962,13620,8.7041,1
2a7e0359,13617,8.7123,1
493b6028,13560,8.7096,1
2459740f,13326,8.7123,1
335f58df,12918,8.7123,1
6961f126,13252,8.7123,1
7bc9e602,12920,8.7123,1
4e9fb1d3,12917,8.7096,1
14df0c78,13069,8.7151,1
da3ed97,13622,8.7123,1
32108a1a,13253,8.7178,1
5d8f379c,9572,8.7178,1
3b0105ca,13626,8.7178,1
f4c1d5e,13247,8.7178,1
478b942b,9577,8.7205,1
7417e645,13073,8.7151,1
1bdeb374,13704,8.7151,1
1ba2a878,13065,8.7205,1
935deb,13708,8.726,1
4bfda672,7748,8.726,1
2bb974c0,13246,8.726,1
31df0859,12919,8.726,1
61a85628,12909,8.726,1
12e428c8,13400,8.7151,1
1737f626,9580,8.7288,1
5b8d013,13399,8.7288,1
6547bb10,13710,8.7288,1
2c13fa21,12911,8.7288,1
43dbf43,13559,8.7288,1
47c6df9f,13066,8.7288,1
1f81734c,13546,8.7288,1
2cf0506f,13618,8.7288,1
455e3515,13248,8.7315,1
34152006,13250,8.7315,1
209a2edb,7776,8.7342,1
e47618f,9701,8.7342,1
3a050bcf,13401,8.7342,1
278d1999,7701,8.7342,1
56100745,9702,8.737,1
538147fc,13630,8.737,1
636e5f11,11044,8.7397,52
71a77bc0,13254,8.7425,1
95eebbf,13402,8.7425,1
b6d0d00,13709,8.7452,1
3ea9f5bc,12653,8.7479,61
6855e703,11028,8.7479,52
79d2abcf,13404,8.7479,1
3361a64e,7777,8.7507,1
277fce97,12892,8.7534,1
4294a18b,12921,8.7507,1
53e3b25,13256,8.7507,1
695e749e,13711,8.7562,1
57b3fc2d,11035,8.7562,52
30cc87a9,7704,8.7562,1
474025a4,11081,8.7589,52
445f7586,13251,8.7589,1
4988c5b7,13255,8.7562,1
7bd25fdf,11038,8.7589,52
5e3f0317,13074,8.7616,1
1625de69,13257,8.7589,1
4280f2cb,13628,8.7616,1
7dcc5c58,12608,8.7616,61
5bcdcf4d,13904,8.7616,1
63a384cb,13258,8.7616,1
267024de,13629,8.7644,1
6e3add92,7750,8.7589,1
394192d4,11029,8.7644,52
cc38516,13405,8.7644,1
73b9dd99,13627,8.7671,1
544841e4,13631,8.7671,1
61aaae8b,13623,8.7671,1
71517c9d,13071,8.7699,1
4c39323b,13624,8.7699,1
5a681d39,13070,8.7699,1
1b6f8068,12891,8.7699,1
6e823e09,7789,8.7726,1
78cd6603,13072,8.7726,1
6d15778a,13547,8.7726,1
95f2dec,11045,8.7781,52
14cd12d0,10996,8.7808,52
11e04298,13347,8.7808,1
b7b1448,13249,8.7836,1
74761158,13403,8.7836,1
8d1d694,13548,8.7836,1
1b36b194,12922,8.7836,1
483c2fee,13327,8.7863,1
c040b60,13075,8.7836,1
a670902,11039,8.789,52
24f3b3cb,13260,8.789,1
d19bbe4,13561,8.7918,1
16ca5108,9574,8.7918,1
21eaee2c,13348,8.7918,1
1377cc0a,13328,8.7945,1
205fb74e,9579,8.7945,1
2a234844,7705,8.7945,1
6a25107f,13905,8.7973,1
751c288b,7738,8.7973,1
1c481899,13329,8.7973,1
31f29086,12912,8.7945,1
1a38f94,13076,8.8,1
43c7d137,10995,8.8027,52
1f178506,7749,8.7973,1
3a4450c2,13549,8.8027,1
2706a731,14303,8.8027,1
5a35948f,13333,8.8027,1
79a9057a,13410,8.8082,1
617388cd,11046,8.8082,52
5871cfa9,12923,8.8082,1
73de94fd,13077,8.8027,1
539f7e5,12925,8.811,1
49427351,11051,8.8137,52
4e3c7ff8,11053,8.8137,52
4f02f05,13345,8.8137,1
651cfaae,12924,8.811,1
3f9ec5a7,13712,8.8137,1
12f0ae13,7790,8.8164,1
17fd234f,13330,8.8164,1
5b57f272,11030,8.8137,52
15367294,13263,8.8192,1
5ccc2e68,13411,8.8192,1
47d7f6a7,7752,8.8219,1
354236bb,12654,8.8219,61
13c64055,13563,8.8247,1
2ec4932b,13346,8.8247,1
39966004,14304,8.8247,1
1d457e63,11054,8.8247,52
3305f32c,9581,8.8164,1
3ca05176,13713,8.8219,1
3677c002,13332,8.8192,1
758155d1,12926,8.8274,1
3c6b0088,13414,8.8274,1
aebd700,13349,8.8274,1
785d3ca4,9578,8.8274,1
34fe1cca,11055,8.8329,52
3c81bd87,13562,8.8329,1
588a95df,12894,8.8329,1
c8d1a19,13413,8.8329,1
48514f0e,13993,8.8356,1
790dbe06,13273,8.8329,1
111c79fa,13406,8.8384,1
471e140e,7751,8.8384,1
1da53d38,11084,8.8384,52
6f0454df,13552,8.8384,1
1f481ed4,13564,8.8411,1
7f4ecea,12895,8.8411,1
30fd267e,13918,8.8384,1
40591a4,12650,8.8438,61
496a8f57,13078,8.8438,1
69d9a92c,13415,8.8438,1
30cebcbf,13352,8.8438,1
18ee93b3,13992,8.8466,1
5926738b,7791,8.8466,1
5e3b7ce,12609,8.8466,61
21d7ee97,13264,8.8438,1
64399556,13265,8.8493,1
433d8cdc,13991,8.8493,1
826e169,13594,8.8521,1
10637a64,13261,8.8521,1
26e53a01,11047,8.8548,52
19f7aa1d,10993,8.8548,52
6613de96,14305,8.8548,1
124c531d,13259,8.8548,1
68053738,13334,8.8548,1
67bf3d0b,13353,8.8548,1
433cc4a3,13274,8.8603,1
3318b362,11040,8.8603,52
72e5fece,13272,8.8603,1
6cacc2fc,13593,8.8575,1
49900a16,12896,8.8575,1
3fe523e5,13906,8.8603,1
62aba959,11082,8.863,52
681a2cd2,13632,8.863,1
21134b7d,12910,8.8658,1
377fbeb1,13354,8.8658,1
8212866,12893,8.8658,1
3164e90c,11052,8.863,52
a9704fe,12913,8.8685,1
4057a92b,13994,8.8685,1
4134cb5f,13565,8.8685,1
570e76fc,13566,8.8685,1
658c2817,13714,8.8712,1
18efdb7c,14307,8.8712,1
7fe6950d,13081,8.8712,1
5bfba59b,13551,8.8712,1
5fb3f263,11048,8.8685,52
1d902d,10997,8.874,52
3961e6d2,13416,8.874,1
370f7ac,11056,8.8767,52
72e4520e,13408,8.874,1
74b5e6b4,13350,8.8767,1
34d522ab,13919,8.874,1
2b40595,11083,8.8767,52
521053ef,13595,8.8795,1
94b8f5f,12655,8.8767,61
141634a7,13922,8.8795,1
362c131d,11031,8.8795,52
239fd906,13275,8.8795,1
66f3b11c,13339,8.8795,1
3397fbea,7794,8.8822,1
16014233,13567,8.8822,1
40e30f15,13407,8.8822,1
3b632d44,13331,8.8822,1
37a7d969,13717,8.8849,1
2bab1574,13417,8.8795,1
73682cb3,13920,8.8849,1
51c32697,10994,8.8849,52
58a6c157,13586,8.8822,1
1e6b6fb8,13335,8.8877,1
2bd56f82,13340,8.8877,1
19eac3ff,11041,8.8877,52
51d5b9cb,13596,8.8877,1
4fd89383,13418,8.8877,1
1ac86717,13550,8.8877,1
3f9766df,7739,8.8849,1
3f3ea7d0,13079,8.8904,1
6bc1b95c,12915,8.8904,1
70047ef3,11085,8.8877,52
ce38ad9,13266,8.8904,1
846a404,13597,8.8904,1
420c92fb,13409,8.8904,1
11ac9faf,12916,8.8904,1
7df735a7,13351,8.8904,1
1897a01,7753,8.8904,1
3c5298b0,13419,8.8904,1
1a6f5e8b,13907,8.8932,1
25d8dd04,13269,8.8959,1
d674617,13923,8.8904,1
6d9cca36,13925,8.8932,1
5dbbdb90,13377,8.8986,1
3ee81dde,12662,8.8986,61
908b3ea,13909,8.8959,1
2ce1587,13082,8.8959,1
67a370ad,13908,8.8986,1
12a3915,12914,8.9014,1
7f52d203,13341,8.9014,1
6fc2db37,13910,8.8986,1
374e798a,13267,8.9014,1
3309a9e0,7707,8.9041,1
6251be5b,9582,8.9014,1
d80ffd8,11009,8.9041,52
1e65bba0,12663,8.9068,61
4199f02b,7792,8.9068,1
112b8b9c,13268,8.9068,1
66b9d2d1,7795,8.9041,1
78008170,11032,8.9068,52
652a55ec,13276,8.9068,1
82ec16d,13437,8.9068,1
7c4d24fb,13361,8.9096,1
e844757,13412,8.9096,1
4514cc9f,13599,8.9068,1
39e3de4c,13995,8.9096,1
7c1751f0,13553,8.9014,1
2ccc2b6,13262,8.9123,1
61df8644,13420,8.9096,1
46e9258d,13554,8.9123,1
376471,13355,8.9123,1
648acfb3,13270,8.9123,1
79fa88c0,7793,8.9096,1
76301f3f,13719,8.9151,1
73d29638,13083,8.9151,1
5e1e44ee,14308,8.9151,1
7f5a5033,7796,8.9151,1
52cb6b90,13600,8.9123,1
6f2479bf,13556,8.9151,1
24744f11,13271,8.9178,1
1692c622,13280,8.9178,1
3be4c70b,11013,8.9178,52
327abc0c,13715,8.9178,1
34f07195,13927,8.9123,1
345312ff,13633,8.9178,1
299247e1,12652,8.9151,61
4eef1403,13290,8.9178,1
79a4b892,13443,8.9178,1
e4ce0bf,13587,8.9151,1
554c99b3,13380,8.9178,1
6eda71b4,12651,8.9178,61
58a33f60,13720,8.9205,1
49f7cce,14331,8.9205,1
352ffcef,14330,8.9123,1
8c57c2f,13926,8.9205,1
35d410ca,13555,8.9178,1
365a6691,13557,8.9233,1
7cd82c31,13716,8.9233,1
5f5f0381,14306,8.9233,1
76f9dd48,13598,8.926,1
137243e8,13336,8.9233,1
2e765c13,13937,8.926,1
9120157,13421,8.926,1
31399ea0,13721,8.926,1
30d5e66c,11086,8.9288,52
2c5fb2a1,7740,8.926,1
355e16c4,13911,8.9288,1
48ef4251,13588,8.9288,1
57962ba6,11050,8.9288,52
68d414f,13278,8.9288,1
43a09f6c,14332,8.9315,1
716fb083,13584,8.9315,1
17c27e13,13381,8.9315,1
3c54466f,13379,8.9315,1
7b29d29d,13362,8.9315,1
3cb5696b,13342,8.9342,1
30d22dd6,13718,8.9342,1
3464ef39,13924,8.9342,1
16c6e12,13585,8.9342,1
1605b165,13282,8.937,1
379892ee,13378,8.9342,1
2496ae03,13422,8.937,1
4668487d,12611,8.937,61
e21b5fb,13912,8.937,1
1f56e48a,13423,8.937,1
1bf97cbd,13938,8.937,1
c09bfa9,7797,8.9397,1
f845dbe,13337,8.9397,1
27de9a70,11017,8.9397,52
771216a2,13482,8.937,1
1be3d9d9,13568,8.9425,1
483dddcf,13279,8.9425,1
2ffd756c,13957,8.9425,1
218c7476,13656,8.9425,1
2d85dbc7,13281,8.9452,1
24245c8f,13382,8.937,1
2512e61,13589,8.9452,1
46c37d52,13921,8.9452,1
42e9e38,7778,8.9452,1
2e86a16,14002,8.9479,1
9c17e0c,13425,8.9452,1
54b5ab8b,12610,8.9479,61
249a307b,13930,8.9479,1
65e35624,13376,8.9479,1
6e186ac,13084,8.9479,1
6750658a,13338,8.9479,1
690bce82,13444,8.9507,1
1ec07318,13591,8.9507,1
6b2c8153,13931,8.9507,1
1481b864,11016,8.9507,52
78e7e3c3,14001,8.9507,1
7019f34b,13277,8.9534,1
7deb55d9,7706,8.9507,1
6d5c06e3,13358,8.9534,1
62f52402,13383,8.9507,1
463be8bd,13483,8.9534,1
7baef2a0,13932,8.9562,1
4412d535,14309,8.9562,1
4974a84a,12656,8.9589,61
6988912,13590,8.9534,1
26a4052,13570,8.9562,1
e5d994d,13636,8.9589,1
5c344ece,13657,8.9562,1
60562565,13569,8.9507,1
2a34fd3,13635,8.9589,1
7c1f3377,13484,8.9616,1
386ac655,13291,8.9616,1
3bde6d57,13368,8.9616,1
69c6b130,13933,8.9589,1
7103a60c,13357,8.9616,1
7482b7d0,13080,8.9616,1
1ab49f7b,13571,8.9616,1
4627f22c,13928,8.9616,1
2af80f22,13634,8.9616,1
4b25119a,13292,8.9644,1
755410c2,13637,8.9644,1
c9b3ad6,13356,8.9644,1
6914dd79,13438,8.9644,1
6670a578,13473,8.9644,1
5bac1ed,13450,8.9671,1
50bd1398,13575,8.9644,1
525ced3,13604,8.9671,1
50bab1c3,13592,8.9671,1
73576463,11049,8.9671,52
669df06a,13305,8.9671,1
35fbf0fd,11057,8.9671,52
de20409,13638,8.9699,1
269a0030,13287,8.9699,1
2f8dba29,13293,8.9671,1
451bdb3d,13934,8.9699,1
58c44ddb,13285,8.9644,1
2ea94d73,13914,8.9726,1
6f947cd5,13359,8.9726,1
2a3b21bf,13639,8.9726,1
674a0f40,13722,8.9753,1
5497352d,14003,8.9753,1
6cb7e67d,13306,8.9753,1
776e1ae5,13640,8.9753,1
d3e2b46,13369,8.9753,1
69982d47,7779,8.9726,1
3acfba07,13424,8.9726,1
3d713689,13440,8.9753,1
41694e7a,13726,8.9781,1
69b3a105,13929,8.9781,1
1a9a8f9c,13474,8.9781,1
118b182b,11110,8.9781,52
65c43896,13913,8.9781,1
12d5d319,13286,8.9781,1
5c7d58b0,13439,8.9781,1
15fe5954,13363,8.9781,1
51bac3f5,7711,8.9726,1
6d4b8fc0,13915,8.9726,1
5b45e201,13998,8.9808,1
3c1634c4,13749,8.9808,1
3bb4edd8,13454,8.9808,1
ab040e1,13916,8.9808,1
7e11ee5c,11018,8.9808,52
543ce9a9,7712,8.9808,1
6f6abcce,13441,8.9836,1
67d54e8a,13475,8.9836,1
16472f22,11111,8.9863,52
7d08e91,7708,8.9863,1
3d66de69,13360,8.9836,1
700a7651,13476,8.9863,1
5722d851,11058,8.9918,52
74b9941a,14333,8.9918,1
70ecdad1,13344,8.9918,1
4aeb616d,13999,8.9863,1
b4ad831,13746,8.9918,1
33eb8406,13643,8.9945,1
25c7faf8,13297,8.9945,1
34360724,13917,8.9918,1
69e0cac3,13386,8.9945,1
6c4a84d,13446,8.9945,1
1c4e8257,13288,8.9945,1
1845b9dd,13445,8.9918,1
771ccec4,12660,8.9973,61
54b986aa,13485,8.9973,1
3c0dea50,13301,8.9973,1
933275d,13605,8.9973,1
18c8a251,14008,8.9973,1
5350de15,13343,8.9973,1
43c902ed,13442,9,1
1ecefaef,13935,9,1
79ac2749,7780,9,1
2c59fe1f,13427,9,1
3f8f24dc,13611,8.9973,1
56ce0466,13384,8.9945,1
278c4f13,13486,8.9973,1
4e7cd08f,13641,9,1
56f23066,13452,9,1
35b885a1,10998,9,52
7009a0d2,13723,9,1
58d9fef4,13936,9,1
1fef8489,13294,9.0027,1
2f03a98,13428,9.0027,1
6e8b9f58,13447,9.0027,1
53b9bd6b,13448,9.0055,1
6a591e5a,13660,9,1
17811b2c,11010,9.0055,52
4400d7b6,13996,9.0055,1
27a8d873,13748,9.0082,1
11815bdd,13364,9.0055,1
156bf281,12661,9.0082,61
b2757a2,14310,9.0082,1
49d89c17,12664,9.011,61
40f1c6b,13449,9.0082,1
28d2ae1f,13302,9.011,1
62e7be7e,13642,9.011,1
53cc6fc7,13295,9.011,1
5ef9698d,13370,9.011,1
dbc1a42,13387,9.0137,1
6366861b,13426,9.0137,1
3c2dc047,13289,9.011,1
c2f3252,13365,9.0137,1
7c9f8476,13644,9.0137,1
516c7779,13366,9.0164,1
198f875b,13601,9.0137,1
4e0e8c2f,11089,9.0164,52
36413cff,13658,9.0164,1
1cf34251,13724,9.011,1
693b5e3f,13505,9.0164,1
cebb91c,13610,9.0192,1
363e235a,13371,9.0164,1
30591e06,13608,9.0192,1
64905d65,13606,9.0192,1
3207494,13477,9.0219,1
52521eb5,13602,9.0247,1
1531d356,14000,9.0247,1
6d6046d8,14104,9.0247,1
6d641b34,13609,9.0192,1
2f81179b,13487,9.0219,1
3431ca5e,13659,9.0247,1
7c8f8702,13478,9.0274,1
5b080c86,7783,9.0274,1
16781168,12657,9.0274,61
31e2e1f3,13645,9.0274,1
bbbaeab,14009,9.0274,1
25e1760a,13283,9.0301,1
104cef66,13506,9.0274,1
46694f56,13960,9.0301,1
6022c311,11019,9.0301,52
36baf748,7798,9.0301,1
41fa1926,13479,9.0301,1
4d65fdb0,13385,9.0301,1
3b299546,13661,9.0301,1
5ac835dc,13750,9.0301,1
4b6a248a,13646,9.0301,1
2900c82a,11020,9.0329,52
5e74ebe9,13939,9.0329,1
4b78518e,13732,9.0329,1
4509432e,14311,9.0274,1
5fdd6171,13313,9.0329,1
70b3b338,13429,9.0356,1
9e13564,13451,9.0356,1
67e1745,13731,9.0356,1
208c6f40,13958,9.0329,1
74e69ec9,13372,9.0356,1
5fdb671a,13453,9.0329,1
5f912390,14336,9.0384,1
4e1806c7,13488,9.0384,1
6ea62b45,13311,9.0384,1
2923c318,13501,9.0411,1
7a2ca286,13662,9.0411,1
7ecbf96e,14337,9.0411,1
2810d884,13572,9.0356,1
1f9ce59d,13502,9.0411,1
bb5c7a,14106,9.0438,1
219ac58a,13735,9.0438,1
fe0fdc5,13388,9.0438,1
772841a9,12658,9.0438,61
2d2a9bba,13607,9.0384,1
62b56238,10999,9.0438,52
5aebbd00,11087,9.0438,52
52ed6d4d,13614,9.0466,1
67fd4bb0,13503,9.0466,1
3b3636eb,13573,9.0438,1
1e73fbbe,13751,9.0466,1
197746cd,13307,9.0438,1
2011a6c1,13480,9.0466,1
20c9c7ab,12659,9.0493,61
3a2c7007,13766,9.0493,1
2de4a8c9,13758,9.0493,1
2ccb18c0,13507,9.0493,1
f2972ba,13728,9.0521,1
61b3086b,13725,9.0521,1
69995674,13578,9.0466,1
816e1d0,13508,9.0548,1
693c6818,13940,9.0521,1
5998533b,13997,9.0548,1
2011e833,12612,9.0548,61
39820b3,14004,9.0548,1
68cd7f68,13752,9.0548,1
2bda68be,13736,9.0521,1
1c1302e9,13314,9.0548,1
7098bdb,7781,9.0575,1
2876ab79,14005,9.0575,1
30207d49,14012,9.0575,1
6a298b7c,13668,9.0575,1
6ea9d89a,13737,9.0493,1
25b5d1c7,13669,9.0575,1
38059b6b,14117,9.0575,1
1ed1957c,13367,9.0575,1
3e9cf334,13733,9.0575,1
352c26c9,13579,9.0521,1
73e68480,14334,9.0575,1
21662dc4,13308,9.0575,1
338e26e1,13298,9.0603,1
6a5266f7,13615,9.0603,1
3e9c1f1a,13461,9.0603,1
6cff8f1f,13373,9.0603,1
156339a9,7714,9.0603,1
4b5980d0,13296,9.063,63
453b78b6,13971,9.063,1
552c8079,13509,9.063,1
590e4504,7713,9.063,1
5e5611f5,13312,9.063,1
40362c41,13739,9.063,1
71a85376,11014,9.063,52
5aa51e22,13512,9.0658,1
3492753a,13648,9.0658,1
4881600d,13603,9.0658,1
76b7dbee,13727,9.0658,1
4919f14,14010,9.0658,1
238d1119,13738,9.0658,1
5ed957de,13576,9.0658,1
16f98f40,13747,9.0658,1
555604a7,13759,9.0685,1
4125ce74,13647,9.063,1
605fb6ce,14014,9.063,1
1bfcca9f,13309,9.0658,1
4361673f,14345,9.0685,1
26f720c8,13612,9.0685,1
5049e698,13769,9.0685,1
349b8f98,14006,9.0658,1
7c8b4eab,13613,9.0712,1
742d587a,14122,9.0712,1
6365d092,14335,9.0712,1
56fd268,13284,9.0712,1
5a721e9e,14320,9.0712,1
327dad07,13317,9.0712,1
17463a77,14015,9.074,1
14a543f5,13959,9.074,1
5909e0b3,14105,9.0712,1
13c583e2,12665,9.074,61
4c0f0108,13504,9.074,1
728b4997,7801,9.0767,1
6491230d,13652,9.0767,1
5b7476ee,13455,9.0767,1
6fc72bc9,11090,9.063,52
40cc1f71,13961,9.0767,1
49f425e0,13729,9.0795,1
c473d0e,13430,9.0795,1
2a4ccae4,13767,9.0767,1
52f71a45,14350,9.0795,1
438fab1,13318,9.0767,1
39568c9,14146,9.074,1
250d972a,13734,9.0795,1
64547267,14107,9.0795,1
66a31c48,14321,9.0795,1
4ed8f375,13374,9.0795,1
158c442a,13463,9.0822,1
5cf12576,13768,9.0822,1
224e33fc,14377,9.074,1
2b75124e,13299,9.0822,1
2b843f9b,13770,9.0822,1
3aa8cf74,13977,9.0822,1
7ba1ede4,14351,9.0822,1
5cde83d5,13730,9.0849,1
16276c1,13650,9.0849,1
5ad3d4b8,12666,9.0849,61
50a1509e,13664,9.0822,1
7849a174,14118,9.0849,1
7fa26d6f,13491,9.0822,1
3b900037,13489,9.0849,1
616f827b,12675,9.0849,61
383d0bca,13464,9.0849,1
3f8b925e,13319,9.0849,1
3172542,14016,9.0877,1
1ef61301,14343,9.0877,1
c15a439,14322,9.0877,1
5ca68d2a,14323,9.0877,1
66a18ec9,13982,9.0904,1
2dc7ab1d,13962,9.0904,1
4861f707,13310,9.0904,1
6974b65e,14324,9.0904,1
1d3b987,13978,9.0904,1
6b6eb8b2,13431,9.0904,1
3409be3b,13665,9.0904,1
60fa3681,14312,9.0904,1
7cf9a498,14352,9.0904,1
62cc289d,13375,9.0932,1
4ebe0ad1,13481,9.0932,1
4b8dd7d8,14123,9.0932,1
7a72ae16,14346,9.0932,1
4b1e08a4,14338,9.0932,1
4815499a,13783,9.0877,1
6d037457,13830,9.0932,1
4e471bd2,13462,9.0904,1
26e75ff,11059,9.0932,52
398e163e,14344,9.0959,1
5bb5d10c,13784,9.0959,1
2de2b7e1,13515,9.0932,1
5cd2ee2f,13511,9.0959,1
1e64f512,13753,9.0959,1
606cb264,13315,9.0932,1
58894c37,13435,9.0959,1
13e1729f,13772,9.0986,1
279273da,13771,9.0986,1
22e80ade,14017,9.0986,1
4b124bba,14007,9.0986,1
30121240,13574,9.0986,1
6c574771,13979,9.0986,1
3492add,14167,9.0986,1
28ffeb57,7786,9.0986,1
1cc75131,13490,9.0986,1
6bff9b6,14013,9.0959,1
7e1b068d,14119,9.0959,1
5e3b8b1c,11001,9.0932,52
9c976df,13300,9.0986,1
2f21e00e,13510,9.0959,1
8b20c39,14353,9.1014,1
928b409,14339,9.0986,1
bc9ad5b,14125,9.0986,1
49f45d73,13432,9.0986,1
6975e5d3,13663,9.1014,1
25318c08,14313,9.1014,1
63d45e80,13456,9.0986,1
820884c,13682,9.1041,1
35bfa3f5,13303,9.1041,1
4e3dbfe6,13775,9.1041,1
67c53be5,13577,9.1041,1
1f0afe5a,13829,9.1041,1
262449c3,14347,9.1068,1
2acad7a3,13316,9.1068,1
92b9f93,13433,9.1068,1
477f9740,14314,9.1068,1
4391a43d,14327,9.1068,1
ca1d5e0,13513,9.1068,1
3f9a0423,13666,9.1068,1
6a18c344,13304,9.1096,1
51668cd0,13654,9.1096,1
1f987a8d,13942,9.1096,1
27275396,14378,9.1096,1
704cde41,14325,9.1096,1
7de9fe11,13580,9.1096,1
5c6231ef,14348,9.1096,1
390736bf,13943,9.1096,1
65976f00,13514,9.1068,1
733f1b25,14349,9.1096,1
3e9fa1e4,13651,9.1096,1
3e2dca46,13941,9.1123,1
58909d73,13655,9.1123,1
609c5dec,14379,9.1096,1
6b7194e9,13517,9.1123,1
28a298e2,13980,9.1123,1
780d084a,12613,9.1123,61
7a7c499a,13667,9.1123,1
1dcd4ce0,14357,9.1123,1
2114a233,13963,9.1151,1
7ee769ca,14018,9.1151,1
314ba103,14124,9.1096,1
29e31e29,13436,9.1151,1
5e3efdb9,7709,9.1123,1
5a3fc977,7799,9.1178,1
14e11a09,13754,9.1178,1
3690388a,13653,9.1178,1
7b36a27,13457,9.1178,1
2ec99c5d,13683,9.1178,1
a199c82,14147,9.1151,1
55d43438,13981,9.1178,1
218416f9,14315,9.1205,1
43cd5de0,13964,9.1205,1
5763497,11000,9.1205,52
6ded7eb3,13389,9.1205,1
6c5f8e29,13760,9.1205,1
4103517,13786,9.1178,1
45d4fc1f,14011,9.1205,1
4747d26a,12667,9.1205,61
7132babe,13470,9.1205,1
77ac5acd,14380,9.1123,1
6712bcd7,13434,9.1233,1
544902e,14021,9.1233,1
61c72d72,11015,9.1233,52
74a879b5,14316,9.1233,1
62e97f3,14376,9.1151,1
274aa2f8,13972,9.1233,1
48ec1c5d,13471,9.1233,1
3a8f8bbc,7785,9.1233,1
48a0a377,14317,9.1233,1
422a7dfa,14363,9.1205,1
6a0c9f16,13756,9.126,1
2c183b80,7782,9.126,1
616e9e6f,7802,9.126,1
703aea15,13776,9.1233,1
7e403f2b,14354,9.126,1
1369df58,13831,9.126,1
661a6bc,12668,9.1205,61
21ac9e27,13787,9.126,1
5eea445e,14326,9.1205,1
324d3c4,13779,9.1288,1
8fbd15a,13466,9.1288,1
4de32bc4,13983,9.1288,1
41a75e92,13757,9.126,1
64b80f91,13967,9.1205,1
321f735d,13788,9.1315,1
66f6d3d1,14019,9.1315,1
1d5e5253,13789,9.1315,1
393e12ee,13944,9.1315,1
70f21b0f,13516,9.1342,1
20ca369b,14381,9.1315,1
4fe9241b,13495,9.1342,1
609e66a,14340,9.126,1
6643afc7,13493,9.1342,1
788fbd14,14168,9.1342,1
2ff5ddbb,14022,9.1342,1
17cc337a,13946,9.1342,1
11031464,13755,9.1342,1
58708a98,13785,9.1342,1
23363bc6,14148,9.137,1
55979b39,12615,9.1288,61
6273ad13,13492,9.137,1
69727148,12676,9.137,61
5cbe05db,13582,9.137,1
c6709e,13947,9.1342,1
123c834b,13581,9.1397,1
22f0e319,13777,9.1397,1
7b9b8c66,14141,9.1397,1
5727ce13,14341,9.1397,1
64d606e9,14328,9.1315,1
1286e7e3,13468,9.1397,1
3cf35d1,14365,9.137,1
3138ae52,13392,9.1397,1
5ce7b697,11002,9.1397,52
141a95fb,14355,9.1425,1
69121da8,13670,9.137,1
85212ac,13672,9.1425,1
2d4e55ba,14358,9.1425,1
55e4eb83,7800,9.1425,1
34d6bca6,14169,9.1425,1
d454c94,14356,9.1425,1
2c890fe2,14329,9.1452,1
759f97a5,14020,9.1452,1
17f394a,14318,9.1452,1
cd864f,13686,9.1452,1
64df7fab,13469,9.1452,1
3c503860,13676,9.1425,1
441df3c9,14142,9.1479,1
280efafb,13968,9.1479,1
37b3ea76,12680,9.1479,61
a1d47d8,14319,9.1479,1
21357ee9,13465,9.1507,1
7e339116,14382,9.1507,1
4341cf7,14364,9.1397,1
567b24fc,14372,9.1479,1
36b89a6c,13945,9.1507,1
3c706864,13459,9.1534,1
5e29f5dd,13320,9.1534,1
227325a2,13393,9.1534,1
517a7620,13965,9.1534,1
23e3fd99,13518,9.1479,1
1c6f82c9,13984,9.1507,1
d790b84,13390,9.1534,1
fb0b77d,11004,9.1534,52
33838c27,14137,9.1534,1
531a3954,13970,9.1534,1
15870d3b,12616,9.1507,61
16fa2d98,14120,9.1534,1
1c7b7b65,13467,9.1507,1
33b63e79,13975,9.1562,1
316461c2,14041,9.1562,1
76350c9b,13985,9.1562,1
31d2f16b,13458,9.1562,1
339544de,13790,9.1562,1
216d591f,14126,9.1507,1
7fe2c87d,13987,9.1562,1
591d3743,13966,9.1562,1
40372b0a,12681,9.1562,61
b5927b2,13969,9.1562,1
6291b784,13740,9.1534,1
520623ba,13833,9.1562,1
2b902d8b,13460,9.1562,1
18c6aada,13472,9.1589,1
6f44cd9,14121,9.1534,1
650ca44e,13687,9.1562,1
4f5a3111,13986,9.1589,1
11ed4a1d,13689,9.1589,1
6a94a186,13679,9.1589,1
35db4e7d,14135,9.1589,1
3575b25c,7710,9.1616,1
2b39cf5a,13321,9.1616,1
507fd582,14134,9.1616,1
3f38c156,13688,9.1616,1
27c773bf,13519,9.1616,1
42612b02,13743,9.1616,1
6c9c2509,13973,9.1589,1
15577bbd,13524,9.1644,1
38e71fcf,13976,9.1644,1
25ad605d,13838,9.1644,1
911a823,13677,9.1644,1
18820781,13974,9.1671,1
42e3ab38,13322,9.1671,1
4f5a6a00,11060,9.1644,52
617e6ac5,14170,9.1644,1
65aa8679,14360,9.1671,1
3acf4b9f,13496,9.1671,1
26d92cac,14149,9.1699,1
346342f0,13525,9.1699,1
54b834b,13494,9.1699,1
6ebeae0,13780,9.1699,1
4598a3ce,14127,9.1699,1
2acb5b9d,13671,9.1671,1
411f8f6,14384,9.1726,1
19322175,14150,9.1726,1
5d1f2c5a,14342,9.1726,1
2df893d7,13791,9.1753,1
26a508d6,14171,9.1753,1
30bdc0b4,13839,9.1753,1
14e44705,13678,9.1753,1
5ebfe8f,13762,9.1781,1
7d6b0865,14383,9.1781,1
73064ca6,14128,9.1781,1
2d609a12,14136,9.1781,1
1b8a3cd4,13761,9.1781,1
3e0727e0,13526,9.1808,1
7f253ffa,7784,9.1808,1
563c8a06,13527,9.1808,1
1c9a6089,13764,9.1808,1
1ba57cdd,14385,9.1808,1
4d294abc,11007,9.1808,52
7f7795a5,13840,9.1808,1
30262cea,11088,9.1836,52
55eda7,11003,9.1836,52
72e2bbb,13583,9.1836,1
44375c46,12614,9.1836,61
45f76956,14362,9.1863,1
1c65018e,13649,9.1836,1
624ebb28,7715,9.1836,1
1c8dc3ee,14143,9.1863,1
726798a9,13773,9.1863,1
463a8e1a,14367,9.189,1
235ad174,13497,9.189,1
6db6a766,14172,9.189,1
7f6ebe94,13837,9.189,1
790251ed,13948,9.189,1
c26eec8,11061,9.189,52
5473f5bd,14042,9.1918,1
6bd625b5,12619,9.1918,61
5e636bb9,14129,9.1918,1
3505d4a1,14072,9.1863,1
e6e3c67,13834,9.189,1
45fbee0a,12617,9.1918,61
806baf,12682,9.1918,61
1bbb07c2,13394,9.1918,1
64c98dd6,7804,9.1945,1
7e58a4fb,14131,9.1918,1
7d06758c,13521,9.1945,1
3e40e8f9,13684,9.1945,1
2b9b5842,13685,9.1945,1
164f65da,11091,9.1918,52
6b434a89,14130,9.189,1
2d0b6494,14074,9.1945,1
63efdeac,14108,9.1918,1
5a51f508,13835,9.1973,1
5697145f,12698,9.1973,61
375d3a2d,14138,9.1973,1
4104c796,7803,9.2,1
5c037ba4,13744,9.2,1
1ff1b918,14025,9.1973,1
9af2c99,13690,9.2,1
577de3d3,13954,9.2,1
7dd7269d,13778,9.2,1
30a2b6dd,13781,9.1945,1
77bb3536,14073,9.2,1
78004bc,11005,9.2,52
103b1cf,11011,9.1973,52
3fdb1ce4,14026,9.1973,1
1aea519c,13792,9.2027,1
34d6c572,14144,9.2,1
337482b0,13680,9.2027,1
54af8406,13763,9.2027,1
1c8149be,13522,9.2027,1
1efef209,12670,9.2,61
9089264,12669,9.2027,61
212fb8f7,14155,9.2027,1
3775c9d5,13949,9.2027,1
5ef20b88,13498,9.2027,1
2ed98649,14374,9.2055,1
13a42980,13673,9.2027,1
4f10d303,13988,9.2027,1
56329055,14040,9.2055,1
18526f50,13529,9.2055,1
2a08adf3,14110,9.2055,1
63c9fb7a,14361,9.2082,1
213b6f6e,14366,9.2082,1
2a98bcf6,11062,9.2082,52
4510eb63,13832,9.2082,1
69aeca90,13841,9.211,1
139498d4,13692,9.2082,1
3aafb769,13953,9.2055,1
7c04e95c,14132,9.211,1
3e0d4e4c,14043,9.2137,1
21e8e957,14027,9.2137,1
33493a91,13774,9.2137,1
160d9786,11096,9.2137,52
4d98d212,14373,9.2164,1
1dc0cdd5,13694,9.2164,1
19339ac3,12677,9.2192,61
1eb51858,14368,9.2192,1
7679da67,13391,9.2137,1
7f776ae3,13836,9.2192,1
5bc632c,14175,9.2192,1
ebf39cb,13745,9.2219,1
bdf4f5d,14375,9.2219,1
2978b36f,13793,9.2192,1
5e7ea6ea,14069,9.2192,1
2f2aafdf,14156,9.2219,1
38e34029,13531,9.2192,1
54ec6f91,13520,9.2247,1
7f0eca10,13674,9.2247,1
5a0c679,13395,9.2274,1
27603cec,13765,9.2274,1
10475f76,14151,9.2247,1
19104924,14133,9.2274,1
1ee1a37,13523,9.2301,1
a7636b,13528,9.2301,1
1a00d771,12683,9.2301,61
3c211f81,14109,9.2329,1
16b74b9c,14369,9.2329,1
d757907,13530,9.2274,1
11528c87,13499,9.2329,1
2e78bd75,14139,9.2301,1
9fc00bb,13842,9.2356,1
2f67edc2,14173,9.2384,1
2ad47a1d,11119,9.2356,52
55b179e0,14185,9.2356,1
7fd1c82b,14112,9.2384,1
2671b4ae,14111,9.2384,1
3c214235,13950,9.2384,1
51edcdce,13951,9.2411,1
6e81a70d,14245,9.2411,1
2cb8a18e,14359,9.2384,1
25353296,14152,9.2384,1
7b1521a9,13675,9.2438,1
6ef18877,14370,9.2438,1
4d93e414,14211,9.2438,1
24ce88f9,13741,9.2438,1
2863bf74,14176,9.2438,1
16eaf524,14145,9.2466,1
7a29dbb8,12684,9.2466,61
2fe89f04,13532,9.2411,1
284833ad,13849,9.2466,1
7811ff1d,13989,9.2466,1
4d3c6774,14028,9.2438,1
797c8170,14023,9.2329,1
10c010a9,14186,9.2466,1
675efcbb,15261,9.2466,1
549d5fac,13990,9.2493,1
444848ce,13952,9.2521,1
54e3cfd8,12620,9.2521,61
24e31d9f,12618,9.2521,61
1a3d4690,13802,9.2548,1
1cb56321,13850,9.2521,1
56e2f260,14371,9.2548,1
6ad102c6,14174,9.2521,1
1aa8d0ca,13803,9.2575,1
2db304d5,13742,9.2575,1
6c0382f1,14113,9.2548,1
ea66a85,13697,9.2575,1
ea36e75,13955,9.2575,1
7f963687,14212,9.2548,1
5254d51b,13693,9.2575,1
6774e628,14140,9.2575,1
5de09898,13848,9.2575,1
1790e43d,14157,9.2603,1
2adf5608,13804,9.2603,1
5ed7b245,14189,9.2603,1
7e3f65f7,13810,9.2575,1
1ed25a11,14187,9.2603,1
aecdf5e,11012,9.2575,52
ef3e4fa,7809,9.2603,1
5ecc8c3a,14386,9.2575,1
3d6a483c,14177,9.2603,1
69f9bc07,14159,9.263,1
31e49f52,13797,9.263,1
202169a0,11008,9.2603,52
2fbbc5ab,14190,9.2603,1
1a368cc2,12621,9.2658,61
7edfc879,7807,9.2658,1
75720c10,7808,9.2658,1
60f913e3,14078,9.263,1
45bf1cad,13851,9.2658,1
4b3e0a35,13843,9.2658,1
64b00ee5,14153,9.2658,1
65c0cf0c,13956,9.2685,1
374d28,11112,9.2685,52
287920c6,11006,9.2712,52
13ade85e,14387,9.2712,1
70f6ed88,13879,9.274,1
19e00d4c,13805,9.274,1
4a12b0b3,14075,9.2712,1
2b8cc627,13808,9.274,1
5c60cba7,14160,9.274,1
579f3410,13798,9.274,1
10c219c6,14188,9.2767,1
4f0aa445,14158,9.2767,1
2faee7d,14048,9.2795,1
2ceb6586,11097,9.2795,52
75a8a84d,14248,9.2795,1
2ce745f4,13396,9.2795,1
36d5e4a1,13681,9.274,1
63896d00,14195,9.2822,1
1439e3a2,14246,9.2795,1
2e7dc34,14024,9.2822,1
1b8ed025,13806,9.2849,1
75bf5a58,14076,9.2795,1
734b8ceb,13807,9.2849,1
33c75f39,13799,9.2877,1
103dc54a,14079,9.2877,1
49028003,14388,9.2877,1
68b89e10,11063,9.2877,52
625f9371,13695,9.2877,1
5402f94f,14161,9.2904,1
39600412,13794,9.2904,1
30d7aa90,14247,9.2904,1
2dd300cd,14162,9.2904,1
1cb3ea84,13500,9.2932,1
7ed13902,13844,9.2932,1
5f38b0dc,11064,9.2932,52
66417fbd,13796,9.2932,1
6bcfcacf,13397,9.2932,1
682bfaf8,13696,9.2932,1
728f0971,7787,9.2932,1
1fde3c0a,14154,9.2932,1
ad2148c,13691,9.2959,1
3d99c314,14044,9.2904,1
846ea66,13811,9.2959,1
37d78157,13795,9.2959,1
5907c5cb,7806,9.2932,1
436bcc13,14049,9.2959,1
1dfd8f40,14179,9.2986,1
30192609,14204,9.2986,1
3bcfd464,14196,9.3014,1
5c81774b,14050,9.3014,1
4197339c,7805,9.3014,1
45c749f1,11120,9.3041,52
38c76cc9,12672,9.3041,61
7d6ee341,14249,9.2986,1
2a82f888,13855,9.2932,1
52f13597,13852,9.3041,1
51d3aa24,13845,9.3068,1
5bad3fb4,14082,9.3041,1
6656caf1,14281,9.3041,1
3d500621,14250,9.3096,1
711e1925,13812,9.3068,1
437cd82d,13813,9.3096,1
132d93f1,11065,9.3096,52
2e71febb,13877,9.3096,1
5061db61,14192,9.3096,1
2f271d61,14164,9.3096,1
a3f0518,14273,9.3068,1
75f2adb5,14045,9.3123,1
54d70196,13854,9.3123,1
44a7e2be,14213,9.3096,1
438cc278,14094,9.3151,1
316918d4,14077,9.3151,1
51169449,14163,9.3151,1
3da1f44c,13782,9.3151,1
181b6e82,12673,9.3151,61
614d7aed,13809,9.3151,1
41c0e51,13846,9.3178,1
362d990a,14114,9.3123,1
75818e33,13853,9.3178,1
7f91187c,12699,9.3151,61
7ebd36ea,13847,9.3178,1
1b1bff59,14095,9.3178,1
41a4c0f9,14272,9.3205,1
38ad3ee8,14191,9.3205,1
4f089379,13698,9.3178,1
2f484c2e,14206,9.3233,1
8a61f4d,14165,9.326,1
bad5cf6,14197,9.3205,1
6ce9e672,15507,9.326,1
3de2cf79,14178,9.326,1
36fa00e7,14180,9.3205,1
5751b022,12700,9.3288,61
74a816cc,14205,9.3288,1
5f1a8627,14115,9.326,1
3981481b,14080,9.3288,1
638b3fa9,12671,9.3288,61
57a14b62,12674,9.3315,61
76873efd,7788,9.3315,1
5c01c40f,12628,9.3315,61
7033cbad,12679,9.3315,61
6ff39e04,14166,9.3315,1
553f9224,13398,9.3315,1
81829ba,14198,9.3342,1
3a901875,12622,9.3342,61
5a6bb50a,13814,9.3342,1
299b03fd,13815,9.3315,1
1c0a58,14193,9.337,1
4e4499c7,14216,9.337,1
3fb1ff19,14093,9.337,1
5f9f7c7d,14116,9.337,1
321133f0,12629,9.3397,61
13e331e0,14029,9.3397,1
790318fa,14251,9.3425,1
49fa69f4,12701,9.3425,61
39517ab8,14207,9.3425,1
714a3f52,12704,9.3397,61
135e1401,14389,9.3425,1
6d229822,14097,9.3452,1
6744c857,14081,9.3452,1
6e1c88d,12678,9.3452,61
1c4eb46c,14194,9.3452,1
65d4dc4f,14046,9.3452,1
2493a6d2,13878,9.3479,1
2c3ea76d,14083,9.3479,1
45ba9b52,15508,9.3479,1
64f010e,14070,9.3425,1
3f538223,13824,9.3479,1
668f4f6b,11099,9.3507,52
777e38e3,15262,9.3507,1
9c70073,11092,9.3479,52
2a26c9f2,14047,9.3507,1
364e2fca,14089,9.3534,1
1a92e32b,14214,9.3507,1
3071a0c0,11066,9.3534,52
104fa25,14215,9.3534,1
1d71daae,7810,9.3562,1
5a8686b5,14282,9.3562,1
512e50a3,13822,9.3562,1
674c5a85,14252,9.3562,1
413f419b,14274,9.3589,1
528847b8,14088,9.3534,1
3c55d072,14217,9.3589,1
39483d0f,12685,9.3616,61
2c08024,14051,9.3616,1
1265b243,14071,9.3644,1
3a4be062,14090,9.3644,1
21263d,14100,9.3644,1
44826289,14084,9.3644,1
40f2611,14086,9.3671,1
7879d373,14098,9.3644,1
7ebebdf8,12623,9.3671,61
4176efc6,11122,9.3671,52
48ef391b,13800,9.3671,1
7ebb893e,14283,9.3699,1
7561aa6c,14096,9.3726,1
39f63d9,12630,9.3671,61
3209a550,14199,9.3726,1
10593856,14253,9.3753,1
6893c2fb,14284,9.3753,1
10eaf59b,14030,9.3753,1
4ff5fd62,12702,9.3753,61
6f36f1f3,14057,9.3781,1
3674ffcb,14031,9.3781,1
70bc581c,14181,9.3808,1
408667e4,14101,9.3808,1
7870442,14034,9.3781,1
5f66d428,13816,9.3808,1
b0f94c2,14032,9.3836,1
4e7df2a8,14275,9.3863,1
6c8879d5,14182,9.3863,1
3db715c4,13880,9.389,1
22db324,14208,9.389,1
6b83f0dd,14059,9.3918,1
4a4ab7b7,14054,9.3918,1
4f56820f,13817,9.389,1
200dbc52,14091,9.3918,1
54fca596,12718,9.389,61
30a9f236,13818,9.3918,1
7d0b375d,14201,9.3918,1
4ceafd7f,14099,9.3945,1
25aa929c,14259,9.3945,1
7e788982,13857,9.3973,1
65629237,14200,9.3945,1
14adc275,14092,9.3945,1
2117dba9,13825,9.3945,1
1ebfc985,14209,9.3973,1
1b196290,14060,9.3945,1
16411587,14276,9.3973,1
10df71b2,14203,9.4027,1
f0a2a93,14202,9.4027,1
5f57c400,13801,9.4027,1
68bc4bdc,15509,9.4055,1
726e41a,12687,9.4027,61
305e598,14285,9.4,1
5d0509d9,13819,9.4055,1
3c93b1bd,13820,9.4082,1
367bef58,14218,9.4055,1
1a7ef52a,11100,9.4082,52
6f406c7d,12632,9.4082,61
4e7f3671,11101,9.4082,52
271701c9,14087,9.4082,1
4aad67a4,14257,9.411,1
2662d908,12686,9.4137,61
1199af0b,13821,9.411,1
42b312c1,15517,9.4137,1
e9ffdb8,14256,9.4137,1
7e11b0e8,15264,9.4137,1
2fae2b88,12703,9.4082,61
5ebd6e98,12719,9.4137,61
1f340dec,14258,9.4137,1
430908f6,15263,9.4137,1
697d5c47,15510,9.4164,1
328a4f12,13826,9.4164,1
6ca6c0a0,13827,9.4164,1
53c2fbb5,13828,9.411,1
58870783,14035,9.4137,1
3895215e,13856,9.4164,1
26370587,14225,9.4192,1
46ecb5dd,14102,9.4192,1
5762e38f,11113,9.4219,52
5727097a,14033,9.4219,1
52aaf59a,15265,9.4247,1
49222524,14085,9.4192,1
6ac33380,11121,9.4274,52
3cb85842,11067,9.4192,52
2a7dcbcc,14103,9.4274,1
7ee9f005,14254,9.4247,1
457e7b20,14278,9.4274,1
1d2d7dae,13881,9.4329,1
6e8112b8,15511,9.4329,1
2a66870f,14277,9.4329,1
1c775e18,15512,9.4356,1
6ac18035,13883,9.4356,1
c335b07,14390,9.4329,1
1273fb71,14210,9.4356,1
34d2e0b9,13823,9.4384,1
52f40e3e,15518,9.4384,1
44899c04,14286,9.4384,1
60143cd4,14279,9.4384,1
49ac4f97,13882,9.4411,1
3988edec,14058,9.4384,1
5a45d9b9,11123,9.4411,52
6ad8a933,15524,9.4438,1
182fdfa8,14289,9.4466,1
104e0915,14052,9.4466,1
140b9b18,15513,9.4411,1
162139e6,14183,9.4466,1
12d97d4d,14226,9.4493,1
9de5a6,14255,9.4493,1
48066df6,14261,9.4493,1
6b627a84,14293,9.4493,1
4490dafc,15266,9.4521,1
1d7ae436,13858,9.4493,1
722582ea,15519,9.4548,1
9372885,14262,9.4548,1
4b324465,14294,9.4548,1
1a35261,14692,9.4521,1
2cf33f06,12634,9.4575,61
5f4fb26d,14061,9.4603,1
6f0cda01,11093,9.4603,52
3644bae9,12705,9.4603,61
2d6fc61a,14063,9.4603,1
f11d500,12633,9.463,61
81fdcc2,14263,9.463,1
644da31,12706,9.463,61
1544abe2,15728,9.4658,1
46c8e046,15514,9.4685,1
67c55bd7,14295,9.4712,1
5d38dc3e,14055,9.474,1
57eee776,14290,9.474,1
15347b47,14265,9.4712,1
58e291d5,13884,9.4767,1
789718e8,14394,9.4767,1
521c656f,14227,9.4767,1
17395e8,14288,9.4767,1
37ab28c2,14064,9.4795,1
7b8b6bdb,15727,9.4795,1
54d32a50,14280,9.4767,1
3b9b7c1a,14287,9.4767,1
265a6254,12631,9.4795,61
3633ed1c,14267,9.4795,1
4859a365,15773,9.4795,1
682ccc06,14392,9.4822,1
83706b5,14062,9.4767,1
438fead8,14693,9.4822,1
4b764b05,12688,9.4822,61
bcd254d,12720,9.4849,61
7d0a9d25,14694,9.4849,1
78cd4b6a,14184,9.4849,1
760ff489,14056,9.4877,1
63a50f6d,15527,9.4877,1
40fce182,14260,9.4877,1
463d4653,14520,9.4904,1
6f770804,14393,9.4904,1
7df3889b,14391,9.4904,1
74d19010,12689,9.4877,61
58f25f07,15267,9.4932,1
f125b35,15515,9.4959,1
6e44bd1c,11114,9.4959,52
166de1d4,13860,9.5014,1
5c2d9e79,15525,9.4959,1
417bbd3a,11069,9.5041,52
5028792e,15732,9.5041,1
a1c4454,11068,9.5014,52
73867782,15774,9.5041,1
43e8f1dd,14696,9.5014,1
6ae5482d,14266,9.5041,1
408ebb0f,15730,9.5068,1
422b7be0,15526,9.5068,1
5fe616f7,14291,9.5096,1
37b0c7bb,11115,9.5096,52
294af9be,14464,9.5096,1
77ca9ca8,14219,9.5096,1
7328ed95,14695,9.5123,1
4318b22f,14296,9.5151,1
1c160ca9,15731,9.5123,1
2d2a8d8f,11102,9.5178,52
e267b5e,15516,9.5151,1
3ad67b4a,14268,9.5205,1
16895bfd,15520,9.5205,1
6fb6fa56,14066,9.5205,1
3e37ff24,14292,9.5178,1
52779075,14228,9.5205,1
5b72ad5a,14270,9.5205,1
7f8537a,14065,9.5233,1
5fc47d99,15752,9.5233,1
315eba2c,14234,9.5205,1
7f08d920,14409,9.5233,1
3aae3638,14229,9.5233,1
6a9b10dd,14521,9.526,1
46fabc41,14524,9.526,1
2b1f168,15729,9.526,1
32c9b9c4,12691,9.526,61
3b49e9c7,11124,9.5288,52
709d0760,15733,9.5288,1
6396b586,12624,9.5288,61
6e21222d,11116,9.5288,52
1a52f9ff,14705,9.5288,1
74687010,11103,9.5315,52
2ec5bd2,15734,9.5315,1
5480e48c,14068,9.5315,1
33d7947b,14410,9.5342,1
3ec70eff,14522,9.5342,1
1491099f,14053,9.5342,1
5e95e03e,14525,9.5342,1
d62dbe4,15268,9.5342,1
299f27f,14264,9.5315,1
3bcef961,15754,9.5342,1
4afb425,14698,9.537,1
338be8f5,14067,9.5288,1
20b3f0b0,13861,9.537,1
754a209e,14463,9.537,1
6625abe,13859,9.5315,1
5eecfdee,15269,9.537,1
6e6c7828,15270,9.5397,1
23ab7590,15759,9.5425,1
1174fcb5,13862,9.5397,1
5a5cf35c,15528,9.5425,1
7eb66659,13863,9.5425,1
7316ec9f,15782,9.5397,1
be90098,14697,9.5425,1
3692d4aa,14220,9.5452,1
7b5be88f,14395,9.5452,1
3f6d916f,15735,9.5397,1
7cc3abda,14297,9.5479,1
78ef93e9,12635,9.5507,61
49abadc5,14411,9.5534,1
2bda8372,15881,9.5562,1
4aa660a8,15755,9.5534,1
3635f1f7,11117,9.5589,52
32c14c03,12690,9.5589,61
4dff983a,15882,9.5589,1
31b0e04f,14233,9.5589,1
2d06f727,14523,9.5562,1
159f07d0,15271,9.5507,1
24907311,14230,9.5589,1
2d308312,15744,9.5589,1
3839a8e4,12625,9.5616,61
229cdf0b,15745,9.5644,1
4fd0fd0f,15760,9.5644,1
687f171f,15783,9.5644,1
1df4ec7c,14397,9.5644,1
59541c4e,15753,9.5616,1
1124aaee,15272,9.5671,1
173803a,15747,9.5671,1
4143a85,14298,9.5671,1
3bde0b64,15757,9.5671,1
4291c63d,14396,9.5671,1
631588f5,15977,9.5699,1
76d6675b,15529,9.5699,1
96183bc,15521,9.5671,1
6bb94beb,15756,9.5671,1
2077e8d3,14414,9.5726,1
6c1b62ce,12626,9.5726,61
29322ca9,14465,9.5753,1
875dc77,15958,9.5753,1
17db8cda,14432,9.5726,1
20e191fd,14415,9.5753,1
7504f4ce,15978,9.5753,1
180ea62c,14531,9.5726,1
3ebe473e,11106,9.5781,52
75c8b16f,11107,9.5781,52
598aa852,15762,9.5781,1
34585a89,15761,9.5781,1
78937c8b,11118,9.5808,52
785ac730,12627,9.5808,61
48e0e93f,14271,9.5808,1
44240049,15776,9.5808,1
32de8656,15902,9.5808,1
7cff6d52,15763,9.5836,1
51cac3a2,14416,9.5836,1
1eac61b5,15273,9.5781,1
7a6e0c61,11094,9.5836,52
3cc4c94c,15903,9.5808,1
3b94daa5,14412,9.5836,1
4ccfb407,13885,9.5808,1
56db8a7b,14231,9.5836,1
4b0733f7,15523,9.5863,1
6d102fd6,15901,9.5863,1
48e122d1,14538,9.5836,1
793fd846,14221,9.5863,1
733d0d48,15766,9.5863,1
1570053,14706,9.589,1
40615d02,14467,9.589,1
471b50a0,15758,9.5836,1
5c574246,15530,9.589,1
65bb8407,12711,9.589,61
2ff85cff,15784,9.5863,1
42186ec6,14433,9.5836,1
32fb97f0,14707,9.589,1
1ff3a778,14036,9.589,1
5458b69b,14869,9.5918,1
6dfa9bab,15603,9.5918,1
17557055,12636,9.589,61
82d4f,12692,9.5918,61
23cff226,14398,9.589,1
6e226ea9,14489,9.5918,1
64d9a9a7,15979,9.5945,1
7f5ff198,14448,9.5918,1
79cc5362,14986,9.5945,1
46c11a1b,15959,9.5945,1
76235d9,11098,9.5945,52
7ac844ba,14867,9.5945,1
46c2e51d,15274,9.5945,1
344465c0,15748,9.5973,1
252a6ed4,15775,9.6,1
229e426c,15980,9.6,1
1acb2f11,14466,9.6,1
3d3d94eb,15777,9.6,1
2ac08ce9,15522,9.5973,1
7a1d26ff,12721,9.6,61
39ed3d0a,15736,9.5973,1
68266c10,14988,9.6,1
46af0239,15960,9.5945,1
5438c08,15883,9.6,1
5e5e365c,14235,9.6,1
2fe3131,14468,9.6027,1
25c3324,14419,9.6027,1
1be6ccab,13864,9.6027,1
3425f55d,14413,9.6027,1
26229fc4,14417,9.6055,1
73becdfd,14469,9.6082,1
4150a0f1,15746,9.6082,1
22bb09d8,14232,9.6027,1
26dab019,14868,9.6082,1
1c5f99e8,14532,9.6082,1
190b6ebb,15531,9.611,1
5d980243,15886,9.611,1
286271ed,14449,9.6082,1
2e312b91,15904,9.6137,1
4e417766,15011,9.6137,1
cfdb6a3,15767,9.6137,1
11ea3765,15780,9.6137,1
2323430c,13886,9.6137,1
36a0fb6a,11125,9.6137,52
731f409f,14500,9.6164,1
1236a8f1,15961,9.6137,1
5227e4cd,14405,9.6164,1
673ce30a,15275,9.6164,1
636d3e48,14420,9.6164,1
6aff9102,14700,9.6164,1
4d29dd8c,14299,9.6164,1
20455968,15605,9.6164,1
2ad0bc56,14987,9.6164,1
3cb14f8f,15764,9.6137,1
3f773028,14418,9.6192,1
35f3a0b7,14866,9.6192,1
109ef338,13887,9.6192,1
1a6e9853,15607,9.6192,1
2c1571a6,14878,9.6192,1
2a65f27c,14701,9.6192,1
38c0c1e6,14269,9.6219,1
23b099f,14400,9.6219,1
6c79a58b,15905,9.6219,1
18997367,15114,9.6192,1
6b6661e3,15885,9.6219,1
6e1588e1,12714,9.6247,61
556ab4d1,15737,9.6247,1
600819de,12715,9.6247,61
34b8134d,15964,9.6247,1
15ccbdac,14421,9.6247,1
1996cfb9,15778,9.6247,1
4dfdaf8f,15887,9.6192,1
fed7451,14399,9.6247,1
7b3b2c9a,12722,9.6247,61
b6acf8c,14879,9.6247,1
2b4b88b9,15749,9.6247,1
4f603e7d,14237,9.6274,1
6d1d94f7,11105,9.6247,52
30d62077,14533,9.6274,1
47af7894,12637,9.6192,61
97225ca,14501,9.6274,1
849a23f,14490,9.6301,1
99deed9,15889,9.6301,1
1ec1ec8c,15604,9.6301,1
5e7c75f3,11095,9.6301,52
354a5ca6,15768,9.6301,1
2d0e63b0,15112,9.6301,1
12f4daa,15276,9.6301,1
68137474,14037,9.6274,1
e1ea489,14526,9.6301,1
69566680,15606,9.6274,1
5f1d5bf2,12709,9.6301,61
379b8bf9,15981,9.6329,1
4458e9aa,15113,9.6329,1
3f993744,14880,9.6301,1
65a12451,14716,9.6329,1
e8ebf5f,15750,9.6329,1
d18129d,14402,9.6301,1
7b4d376d,15906,9.6301,1
172207f9,14717,9.6329,1
6c2d3605,14535,9.6329,1
21ec4de7,15781,9.6329,1
3388e0e8,15738,9.6329,1
349224af,15888,9.6356,1
310ab126,14874,9.6356,1
72ca5195,15608,9.6356,1
6b16084,14443,9.6356,1
23238ba1,15982,9.6329,1
47448d62,14534,9.6384,1
67a22ae6,14422,9.6384,1
6a9ad3d6,14539,9.6384,1
55db33a7,15739,9.6384,1
96d2793,15893,9.6384,1
3cbe1418,14989,9.6384,1
80e5af1,14236,9.6411,1
36179be3,15963,9.6384,1
409472dd,14876,9.6411,1
631be52e,15962,9.6356,1
7cac1d7a,14875,9.6356,1
70e65f43,14699,9.6411,1
7aa41a3f,14434,9.6411,1
694e478,14403,9.6411,1
19459d2c,14301,9.6438,1
51e14b3,15884,9.6438,1
47404f14,15794,9.6438,1
1defd021,15740,9.6411,1
2876924d,15285,9.6438,1
18456c20,12695,9.6438,61
7bc8d9d1,15122,9.6438,1
211cda87,14991,9.6438,1
4ae6a4fb,12707,9.6411,61
4b369f6f,14444,9.6466,1
6730d81f,14470,9.6466,1
4ab63fcb,14423,9.6466,1
7f132fd5,15035,9.6466,1
4c04687b,15609,9.6466,1
71bf367b,16131,9.6466,1
102ef873,14767,9.6466,1
76a50024,15741,9.6466,1
198df93b,16237,9.6466,1
1189189f,14990,9.6466,1
768397bd,15610,9.6466,1
28790d69,14540,9.6466,1
5e4b7d7c,14877,9.6493,1
75fcbca,16236,9.6493,1
df9c07e,13888,9.6411,1
49472bd6,14870,9.6493,1
71a4776a,15795,9.6493,1
40c9b73f,14479,9.6493,1
3f06568,14502,9.6493,1
6ca2a4ca,15277,9.6521,1
3e6f9113,14771,9.6521,1
3392b9ae,14527,9.6521,1
33c94191,14702,9.6521,1
62c7220a,15121,9.6548,1
4a3427d6,15907,9.6548,1
811d08a,14772,9.6548,1
2ee847ef,15611,9.6548,1
57d45e6a,16230,9.6548,1
3cb5c9d1,15965,9.6548,1
3aa6db4d,15751,9.6548,1
569d24c9,14491,9.6548,1
234f077e,15532,9.6548,1
3126a987,15814,9.6548,1
3dd6605d,15812,9.6548,1
2d2a042,14473,9.6548,1
597d2391,15813,9.6548,1
5d13c3a8,14503,9.6575,1
4f4011ba,15115,9.6548,1
53c984df,14404,9.6575,1
7afad9b1,14768,9.6575,1
448efe54,15770,9.6575,1
74df3cff,14616,9.6575,1
3792bf4f,15116,9.6521,1
1bad1d08,14528,9.6575,1
1618f246,15798,9.6575,1
7efe7fbe,16132,9.6548,1
34d25f0d,14471,9.6603,1
dd92153,13868,9.6603,1
7e6f38bd,14536,9.6603,1
2f346ff4,12710,9.6603,61
9387728,14719,9.6603,1
4d2f1ce5,14484,9.6575,1
4a027f2d,15743,9.6603,1
46c5f256,15742,9.6575,1
458823a8,15278,9.6603,1
c8e5c91,15123,9.663,1
39f3a1d1,14507,9.6658,1
60515ad5,15908,9.663,1
9ef53cb,14903,9.663,1
78d78a61,15890,9.6658,1
77fbecb3,15815,9.6658,1
532236b4,14763,9.663,1
33033a5d,15785,9.6658,1
39cf49f7,14718,9.6685,1
773acec1,14407,9.6685,1
4acd340e,14542,9.6685,1
62fbd790,14401,9.6603,1
202ecaed,14904,9.6685,1
40a39ad9,14708,9.6685,1
7cd8920a,15771,9.6685,1
2a7756de,13869,9.6712,1
246b1ea1,14508,9.6712,1
78c22da7,14474,9.6712,1
40b2a877,15119,9.6712,1
2c8155b2,14492,9.6712,1
4547ea90,14872,9.674,1
1063035f,14765,9.674,1
5e76c545,16133,9.674,1
787c27fc,15772,9.674,1
2155109,15124,9.674,1
ae4d3ef,15786,9.674,1
6250731b,14424,9.674,1
7b8afb6a,15779,9.674,1
53bf600b,14435,9.6767,1
c9cd606,15120,9.674,1
7f68ba38,16231,9.6767,1
1e41c665,14580,9.6767,1
32bc3f6c,12712,9.6767,61
46249faf,14618,9.674,1
1aabae08,15036,9.6767,1
20a86e1f,15765,9.6767,1
30cae681,14509,9.674,1
63dee8ab,14477,9.674,1
2442c136,15800,9.6767,1
47799b37,15012,9.6795,1
206083b7,14543,9.6795,1
34efbca0,14038,9.6795,1
616907a,16134,9.6795,1
d3d13ac,15803,9.6795,1
577cd64b,14485,9.6767,1
29e44487,14905,9.6795,1
6027f7a7,14300,9.6795,1
52003e99,12638,9.6822,61
37c5e706,14873,9.6822,1
7f9c5f39,16130,9.6822,1
3c0e5d05,15797,9.6822,1
634b0fec,15799,9.6822,1
30ec11ea,15118,9.6822,1
28092d26,12696,9.6795,61
66a1ab57,15787,9.6822,1
5d2eec00,15013,9.6849,1
d9dc50e,14493,9.6849,1
69e02b6,15014,9.6849,1
6c1ca986,14881,9.6849,1
70c4c41,14882,9.6849,1
2d68fe4c,15891,9.6822,1
4ebeeb5a,14766,9.6877,1
47673b92,16181,9.6877,1
22ec197b,16183,9.6877,1
7c734e6e,14764,9.6849,1
489c09f4,15659,9.6877,1
7141df86,14476,9.6877,1
f84c197,15796,9.6849,1
4d6126dd,14426,9.6822,1
651a452c,14703,9.6877,1
1ad81be6,14406,9.6904,1
3379e953,14617,9.6904,1
37618990,15838,9.6904,1
77ea762f,15612,9.6904,1
406e7edb,14240,9.6904,1
1ab35a1b,14408,9.6849,1
23e73ad5,14486,9.6904,1
667c0b6f,14445,9.6877,1
42835281,14769,9.6904,1
651cc8c0,15125,9.6904,1
712874ac,16239,9.6932,1
5db4b62d,14494,9.6904,1
6a2b37eb,14720,9.6932,1
714b8b10,14721,9.6932,1
77eac125,15280,9.6932,1
1e5e492f,14472,9.6932,1
2f258203,14513,9.6932,1
1d1a0e5f,15804,9.6904,1
30a415e7,13889,9.6932,1
1166093f,15126,9.6932,1
5bdf8bf6,14619,9.6959,1
12d0b48a,14781,9.6959,1
5f752879,11104,9.6959,52
4fee155d,14425,9.6959,1
6e60c26e,16232,9.6904,1
79834fcc,14782,9.6959,1
7628ce19,15966,9.6986,1
1c9af189,14581,9.6959,1
fc39665,14529,9.6986,1
30b82e3d,15801,9.6959,1
5823e9f6,14620,9.6986,1
4fe0c7eb,16238,9.6986,1
37c9f7e1,14481,9.6986,1
3bbd2011,14504,9.6986,1
28def9bd,14475,9.6986,1
59e6e35d,14704,9.6986,1
1e4dddce,13865,9.6986,1
74cf1c4,14505,9.6986,1
4ca2dbbe,15533,9.6986,1
13eec086,14427,9.6959,1
7bb084f1,13890,9.6986,1
7d7c25ad,15967,9.7014,1
687f3baa,15279,9.7014,1
d2f3461,14482,9.7014,1
578a6151,15892,9.7014,1
328561d6,14511,9.7014,1
2ec87b66,15117,9.7014,1
5a30cee2,16184,9.7014,1
47a6eddd,15613,9.7014,1
74a756fd,14582,9.7014,1
2ad8ad04,14428,9.7014,1
d6c37fb,14039,9.7041,1
38936ab4,14541,9.7041,1
7d54fb8e,14544,9.7041,1
128bd9ad,15769,9.7041,1
7dacbaa6,14906,9.7014,1
11139907,14722,9.7041,1
77f35be7,11108,9.7014,52
4bc18820,14786,9.7041,1
eab31b4,16135,9.6986,1
74b6644,15286,9.7041,1
1faa9581,14773,9.7041,1
127cfcd2,15660,9.7041,1
553be635,15127,9.7014,1
91ed390,14742,9.7041,1
42d349af,15358,9.7041,1
5ec775e1,14774,9.7068,1
373ca74b,15788,9.7068,1
3dbcf5d7,15894,9.7068,1
42c123a3,14450,9.6986,1
1a079465,14744,9.7068,1
48537e91,14724,9.7068,1
129b3801,14530,9.7068,1
598cddca,14451,9.7068,1
7f8ede22,14621,9.7041,1
2c7a80b4,15559,9.7096,67
67eaee0a,14871,9.7068,1
58371db0,14452,9.7096,1
5141a75a,14741,9.7096,1
29c6f2e6,15989,9.7096,1
19ecc36a,14446,9.7096,1
79d6877a,16240,9.7096,1
25f1946d,16287,9.7068,1
3b3e13f7,12693,9.7096,61
44b67069,14478,9.7096,1
916c2d2,15895,9.7096,1
6b076330,15055,9.7123,1
1cc57301,14512,9.7123,1
24e9e833,16182,9.7123,1
237a2219,15802,9.7123,1
69ee688d,15056,9.7123,1
68375572,14514,9.7123,1
f9394c2,15287,9.7068,1
72e3463a,14639,9.7096,1
7d8b15c3,15128,9.7068,1
2f4543c5,14789,9.7123,1
5ae49f07,13870,9.7123,1
4942351d,16234,9.7123,1
6c4214fb,14725,9.7123,1
5183692e,14506,9.7123,1
691c29dd,14790,9.7096,1
17fe9f5e,15129,9.7123,1
31105dbd,16233,9.7041,1
4f4cba61,15983,9.7151,1
33d58abf,14241,9.7123,1
3b0f0fd9,15849,9.7151,1
58686389,16235,9.7151,1
725d4557,15145,9.7151,1
14483c1d,15661,9.7123,1
6dc2a9d1,14510,9.7151,1
2ef00277,14598,9.7151,1
359f480b,14633,9.7151,1
2df0d412,14739,9.7151,1
55846c5c,16185,9.7151,1
385821f7,12708,9.7151,61
7b493f21,14487,9.7178,1
34d9ff53,14429,9.7178,1
77541cd9,14784,9.7178,1
693284ba,14634,9.7205,1
5bb00e8a,15992,9.7178,1
206841c8,15669,9.7178,1
28ae8646,16244,9.7205,1
5544d0bd,15057,9.7205,1
e5b40c1,14622,9.7205,1
6cdf36c3,14785,9.7151,1
309f11a8,15357,9.7205,1
432dfe3e,15899,9.7205,1
1724f3d2,15018,9.7205,1
2d8a6db,14886,9.7205,1
4a82e579,16136,9.7205,1
66f23e19,15668,9.7233,1
56f8fb76,14745,9.7233,1
11d1610c,15146,9.7233,1
3b501a09,14883,9.7233,1
2ae2655e,15985,9.7233,1
3021b80f,14496,9.7233,1
535cc78e,15909,9.7233,1
68e70fbe,15670,9.726,1
51164f69,12723,9.7233,61
6cca7484,15037,9.7233,1
599fbe24,15805,9.726,1
9d5c056,15039,9.726,1
6adbab02,15149,9.7288,1
550a9c89,11070,9.7288,52
16eb36a8,14758,9.7288,1
71407692,15993,9.7288,1
5630cf9c,14537,9.7288,1
6104fde3,15282,9.726,1
606bdb9e,15040,9.7288,1
126dc5e7,15167,9.7288,1
42f1b419,15038,9.7315,1
4dcb241,15071,9.7315,1
3a553e6f,14726,9.7315,1
46eb963f,14623,9.7315,1
975b387,14760,9.7315,1
685a5652,15534,9.7315,1
7befab70,14743,9.7315,1
61af805c,15840,9.7315,1
69dd9512,14447,9.7342,1
4562fe65,15664,9.7342,1
7fb0c85d,14637,9.7315,1
798248f0,14907,9.7342,1
2b325d3c,15561,9.7342,67
2c18f83a,14635,9.7342,1
64b28afc,15283,9.7315,1
36f1d1d9,14583,9.737,1
c1e7462,11071,9.737,52
4f7a057a,12694,9.737,61
24d401ad,13866,9.737,1
54418aa1,15048,9.7342,1
46de8e4a,15806,9.7342,1
6c86e6e9,16008,9.737,1
73487fd6,14495,9.737,1
7715c17b,14483,9.737,1
2f5949ba,14498,9.7397,1
cc793d5,15850,9.7397,1
74334316,15853,9.737,1
44b53489,14759,9.7397,1
7ef65116,15051,9.7397,1
1df23b7d,14709,9.7397,1
455be85c,14624,9.7397,1
7883b5e0,15360,9.7397,1
16466215,14431,9.7397,1
7bba1d28,14783,9.737,1
771fe8f1,14723,9.7425,1
12566f47,15019,9.7425,1
37a5e1d2,14887,9.7425,1
6c2c4382,15073,9.7425,1
1c5de953,14515,9.7425,1
140dc249,15987,9.7425,1
3500abd8,15826,9.7397,1
2db367db,15827,9.7397,1
48b11758,15535,9.7452,1
56d44c70,13867,9.7397,1
4e53ec5b,16289,9.7425,1
5ed7144f,15665,9.7425,1
24329a56,14787,9.7452,1
14dcab63,15413,9.7425,1
22678b9c,15041,9.7452,1
447486f3,15284,9.7425,1
74245401,15052,9.7452,1
5d26e55,14884,9.7452,1
1b773e18,14626,9.7452,1
7b54709b,15662,9.7452,1
2d86b7ac,15896,9.7452,1
3bb0c48f,15130,9.7452,1
1915ba1f,15851,9.7452,1
419dc10e,15663,9.7452,1
593e2546,16140,9.7479,1
64171652,15666,9.7479,1
50669d8d,14885,9.7479,1
7f5ca33e,14647,9.7479,1
5760ad86,15050,9.7479,1
44059b9d,15843,9.7479,1
b1984be,15671,9.7479,1
6f77eaa5,16316,9.7479,1
75a8f126,16242,9.7479,1
27f67e88,15808,9.7452,1
608d22bc,14430,9.7452,1
54b828d1,16243,9.7479,1
307fdeca,12727,9.7479,61
2ec3822,14454,9.7452,1
16fa14c9,14480,9.7452,1
1feb5c68,15839,9.7452,1
51ac58d1,15809,9.7479,1
326247ee,14636,9.7452,1
74784137,15362,9.7507,1
7e82fb80,15281,9.7425,1
31355bcc,15990,9.7507,1
2ece7eb,15810,9.7507,1
145601f3,14740,9.7507,1
f26d38e,15898,9.7507,1
6a10ae3e,14746,9.7507,1
44443cf6,14488,9.7507,1
62422272,14788,9.7507,1
483a2665,14754,9.7479,1
75d3c87b,14775,9.7507,1
60b9f414,14302,9.7534,1
59baf12e,15667,9.7534,1
3634c579,15988,9.7534,1
53f2fcc5,15897,9.7507,1
7cc4abfb,16288,9.7534,1
727906cc,12728,9.7534,61
62761af7,14747,9.7534,1
2626d6a8,15058,9.7534,1
12a878d6,15020,9.7534,1
7f643ae4,15359,9.7479,1
45910ca2,16010,9.7534,1
17e20745,16137,9.7534,1
7611087,15217,9.7534,1
590ca995,14499,9.7562,1
14354a0a,16321,9.7534,1
136aafe6,16290,9.7562,1
1c006024,15043,9.7562,1
207c3230,13871,9.7562,1
1e27592f,15021,9.7507,1
5874c092,14889,9.7562,1
47ea9af8,14439,9.7562,1
646cd87,15049,9.7562,1
220c0241,14497,9.7562,1
5c0236c2,16293,9.7562,1
20b5d4ce,14791,9.7534,1
4f2c4ae0,14585,9.7562,1
7f368c77,12639,9.7589,61
70931283,14656,9.7589,1
5d453d3b,15994,9.7562,1
165b57d0,14440,9.7562,1
7fe6d696,16041,9.7589,1
1789d4e3,14748,9.7589,1
63519fcc,14625,9.7589,1
2f78a1a1,14640,9.7589,1
666380be,15672,9.7562,1
3f147e5d,15910,9.7616,1
744d34be,15984,9.7616,1
5054398c,14584,9.7616,1
3a4bef8e,14888,9.7616,1
40d7fe09,14641,9.7589,1
5c2d96d8,15807,9.7589,1
2d444c88,14441,9.7616,1
4816e131,15969,9.7616,1
374e798c,15150,9.7616,1
84a8e83,14755,9.7589,1
77aae9d2,16009,9.7589,1
193462de,16317,9.7589,1
45d6d9ed,16294,9.7616,1
1f818254,14442,9.7616,1
65124cfc,15059,9.7616,1
1581c814,15995,9.7644,1
35cb2500,16291,9.7644,1
fd393f5,14756,9.7644,1
42987e67,15042,9.7644,1
7c393a53,15022,9.7644,1
bbbfc84,15288,9.7644,1
67343bd6,14453,9.7589,1
60698360,15045,9.7644,1
63c8132d,15015,9.7616,1
74eb40fe,14627,9.7644,1
41351792,14223,9.7644,1
15be8cec,14517,9.7644,1
5392ef06,14890,9.7644,1
7dd0a93a,16037,9.7644,1
1430a895,15841,9.7644,1
75089f13,15536,9.7644,1
6be7f87c,15844,9.7616,1
31a6b46b,11129,9.7644,52
2cc6e48e,15861,9.7616,1
49c7421c,14545,9.7644,1
58223fb1,14222,9.7671,1
6963d3a1,15415,9.7671,1
6de2370a,14437,9.7616,1
1e465f08,14638,9.7616,65
575024c6,14757,9.7671,1
20d90b56,15060,9.7671,1
5c7f3220,15074,9.7671,1
69bc7d5c,15973,9.7644,1
38a0c5cc,14238,9.7671,1
706d88b8,14749,9.7671,1
26cde467,14436,9.7671,1
4ea6c853,14727,9.7671,1
6b6d1d95,16322,9.7699,1
77597008,14438,9.7699,1
3e7e4c58,16042,9.7699,1
46e2ef94,16138,9.7699,1
4560c368,11109,9.7699,52
790532fc,15075,9.7699,1
3555ad08,16241,9.7699,1
641a7a79,15811,9.7699,1
27a29e11,14599,9.7699,1
7760dacb,15915,9.7671,1
6fc504c2,16310,9.7699,1
583b62f1,16311,9.7699,1
6b5a3df1,15072,9.7589,1
1a9d14d3,15016,9.7699,1
6bb5d4ab,14648,9.7699,1
5e963dfa,15218,9.7726,1
6419366c,15852,9.7726,1
16508db0,15178,9.7726,1
4f9f46c,14657,9.7726,1
6b6f70e4,15303,9.7726,1
686e8ee3,15363,9.7671,1
466881b3,15025,9.7699,1
54c7a9c3,15911,9.7726,1
1fd66da3,14587,9.7726,1
f2ed6ed,15131,9.7699,1
dc9aba2,16312,9.7726,1
64298269,15816,9.7726,1
483e503a,16302,9.7753,1
31de7e6e,15361,9.7753,1
718a574c,16299,9.7699,1
5918b9de,15845,9.7671,1
631d8d47,15151,9.7699,1
21f2b244,15920,9.7753,1
261b101,16300,9.7753,1
1e2b3eda,16190,9.7753,1
3103410e,14631,9.7726,1
1153ffed,14655,9.7753,1
25870f11,15153,9.7753,1
2ae14b19,16292,9.7753,1
6d7b7d71,15044,9.7781,1
53167083,14546,9.7781,1
7e3b2f59,15614,9.7781,1
5ea21a04,12716,9.7753,61
68847454,15916,9.7781,1
3a56629c,14586,9.7753,1
41a9068b,15024,9.7781,1
664fb800,15674,9.7781,1
2873fcf7,16325,9.7781,1
4a2cce83,16301,9.7781,1
46ddd024,15817,9.7781,1
639e0b79,15991,9.7726,1
44df39a6,15996,9.7781,1
711eee36,12729,9.7808,61
463d30a6,14642,9.7808,1
55eb2edb,14588,9.7808,1
69fb3495,15023,9.7808,1
6f1218c2,15790,9.7781,1
4085ad86,15986,9.7808,1
4c94cebb,15842,9.7726,1
7cfb1420,15147,9.7808,1
3d0d775,16295,9.7808,1
6e54a314,15573,9.7781,67
4df5973,11072,9.7781,52
20a117dc,15026,9.7808,1
254f07c2,14728,9.7836,1
22502c6d,15675,9.7836,1
6ec85c7c,15387,9.7808,1
10228417,15301,9.7836,1
38157e38,16038,9.7836,1
65b90fef,16255,9.7836,1
49be9498,15152,9.7836,1
4d38a384,15560,9.7836,67
5ecfe0a5,15676,9.7836,1
73a44ae4,14516,9.7836,1
4e030a5c,15789,9.7781,1
6fea91e3,16326,9.7836,1
462fb49b,16043,9.7808,1
6744ae33,15625,9.7863,1
2888cdc2,15562,9.7863,67
4768c1ea,15921,9.7836,1
36e63b55,16323,9.7836,1
6061863f,16139,9.7863,1
5b517dc4,15154,9.7863,1
192675ab,15046,9.7863,1
1e1dd949,14761,9.7836,1
72a1f4cb,15791,9.7836,1
22ce0806,16207,9.7863,1
86faad9,15302,9.7863,1
19dacb7b,15900,9.7836,1
7848ed0c,12697,9.789,61
5b25962,14992,9.7863,1
576eefea,16313,9.789,1
2222bebc,15065,9.789,1
1dbd1779,14808,9.7863,1
6eab0a3f,15847,9.789,1
a5334e5,15641,9.789,1
2a629bfa,14807,9.7836,1
f9c84af,16318,9.789,1
1d821754,16324,9.789,1
68f1cd42,15538,9.7863,1
7b9628a5,14750,9.789,1
4515c166,15848,9.7918,1
48205627,15829,9.7918,1
2e5d09bc,14643,9.7918,1
64c4dfd2,14630,9.789,1
fb13cdd,15574,9.7918,67
45eac262,15831,9.7918,1
33c238a,15917,9.7918,1
7211341f,14710,9.7918,1
41445670,16314,9.7918,1
53bba09f,14712,9.7918,1
621e80aa,14908,9.7918,1
4795dd51,15226,9.7918,1
54ffee13,15414,9.7945,1
363db775,14459,9.7945,1
55a98014,15695,9.7945,1
3cbfb0a5,14592,9.7945,1
179b5e57,15364,9.7945,1
4c46c5ce,15677,9.7945,1
55764572,15968,9.7945,1
59a960d1,15626,9.7945,1
23bbb69f,16297,9.7945,1
44813a4f,15168,9.7918,1
3f9825cb,14770,9.7918,1
2d257501,15148,9.7945,1
5429a7d1,15997,9.7945,1
7ea99ca5,15047,9.7973,1
14bc0473,15854,9.7973,1
53d42174,15054,9.7973,1
5c4f56c7,15053,9.7973,1
1016cbb0,15214,9.7973,1
1eca3a03,14593,9.7973,1
6002f26c,13872,9.8,1
66090e10,15179,9.8,1
14244c24,16141,9.8,1
5b717681,15365,9.7973,1
2c977e11,16215,9.8,1
377c6ab3,15923,9.8,1
2408c1d,15135,9.8,1
3433b51d,15062,9.8,1
64261864,15615,9.8,1
73d68507,15830,9.7973,1
7570df04,14711,9.8,1
5cc217ea,15063,9.8,1
873c12e,14224,9.8,1
4fca839a,16206,9.8,1
3cb1fd98,16039,9.8027,1
490c98cf,15918,9.7973,1
47dbe813,14729,9.8027,1
7080d0a3,14806,9.8027,1
666c052c,15819,9.8027,1
7da18c28,15366,9.8027,1
1865d7c5,16303,9.8027,1
1fd592b9,14752,9.8055,1
4ecfe339,14632,9.8055,1
797941d2,14730,9.8055,1
383c278b,16189,9.8055,1
2816b2be,15792,9.8055,1
3e7f10c5,16307,9.8055,1
4fce0bee,16214,9.8027,1
7e29ef05,14753,9.8055,1
27708f34,15066,9.8055,1
61cf5a27,16186,9.7973,1
3ec850fd,14667,9.8055,1
646b56b,12713,9.8027,61
6f013195,15912,9.8,1
4c2b0a6e,15457,9.8027,1
57ae6fae,14589,9.8082,1
4781424,15219,9.8082,1
3a249169,15818,9.8082,1
621300a7,15061,9.8082,1
6505b0e6,15169,9.8082,1
76ff1ef1,16111,9.8082,1
5208dc9f,15456,9.8055,1
666bfdd4,16191,9.8082,1
16153bce,16319,9.8082,1
6c790793,15132,9.8055,1
62ff847b,15537,9.8082,1
7607409f,15970,9.8055,1
49f3ceda,14460,9.8082,1
73d0907d,15416,9.8055,1
3f9f3520,15679,9.811,1
68cdb917,15971,9.811,1
6269ad17,16250,9.811,1
2419b24f,15634,9.811,1
2119a2da,16187,9.811,1
5808120e,15180,9.811,1
575214a,15584,9.811,67
77a60d0d,15155,9.811,1
1e44527c,14810,9.811,1
72273c1c,15820,9.811,1
6aa7d834,15828,9.811,1
2dae6e08,16044,9.811,1
11c50e73,14658,9.8137,1
5ac9078b,16304,9.8137,1
e7b129e,16305,9.8137,1
c659fbb,16251,9.8137,1
50fbf377,15156,9.811,1
66bd60b8,15673,9.811,1
698a3a7c,14661,9.8137,1
69f4c98d,16142,9.8137,1
7b136e67,14668,9.8164,66
2daa6c79,15585,9.8164,67
22c542f0,16298,9.8164,1
6db25f84,15630,9.8164,1
d327403,16114,9.8164,1
73851878,15870,9.8164,68
7b5f063a,12725,9.8164,61
46e38aa,14713,9.8164,1
1a62c648,15304,9.8164,1
417f4ba4,15698,9.8137,1
3c8ba545,16257,9.8164,1
4292eb67,14601,9.811,1
374c20f7,15027,9.8164,1
3b90f0d0,15620,9.8164,1
89ae6d,16320,9.8164,1
5595a4c8,15306,9.8137,1
5bad16bc,15616,9.8164,1
18d0899d,15631,9.8192,1
3887d15,15578,9.8192,67
3fa21bc4,14731,9.8192,1
eaa9ab6,16256,9.8164,1
18bccc23,14594,9.8137,1
7295209b,15627,9.8164,1
ade69e5,16327,9.8164,1
4afedd7e,15678,9.8164,1
65ad93de,16213,9.8192,70
470f2160,14891,9.8192,1
7ba601d2,15919,9.8137,1
729c5e1b,14595,9.8219,1
734a31f6,14751,9.8219,1
4df01ade,15566,9.8219,67
6133a23,15621,9.8219,1
16efc07c,15703,9.8219,1
340886d6,15922,9.8219,1
79634c63,14809,9.8219,1
66bea34e,16329,9.8192,1
e3a63c5,14649,9.8192,1
7e746ae2,16296,9.8219,1
1d17311b,14239,9.8219,1
53d93b6e,14762,9.8164,1
e27688d,14461,9.8219,1
2a1c0fbb,14714,9.8219,1
269966b9,15632,9.8219,1
5f7f66a5,15704,9.8219,1
3c013b4f,16011,9.8247,1
9d75f42,16057,9.8247,1
437cf814,16306,9.8247,1
2ebdf26c,15388,9.8247,1
1b536fb7,15400,9.8247,1
3f42a5fe,16101,9.8247,1
c55ef95,14590,9.8247,1
4dba42e1,15579,9.8247,67
4d14b236,15133,9.8247,1
d6f1eca,16059,9.8219,1
3e177e96,14893,9.8247,1
2e6561b5,15175,9.8247,1
315793d2,16309,9.8274,1
59ba12cc,14659,9.8274,1
2cd6ce7f,15171,9.8274,1
293b7a99,15134,9.8247,1
247fb56f,15646,9.8274,1
c7e65a7,15000,9.8274,1
2ddaff5e,15490,9.8274,1
376569ac,15864,9.8274,68
4578326b,14732,9.8274,1
5990ba8f,16060,9.8274,1
58a3e481,15846,9.8274,1
1cf53366,16188,9.8274,1
662f0fa9,16012,9.8274,1
7a1b22c9,15174,9.8274,1
7ef4ac8b,15576,9.8274,67
4bafce30,14628,9.8274,1
55e3d2ab,15575,9.8247,67
764dbfb4,16081,9.8274,1
53bfa892,15289,9.8301,1
108baf73,15187,9.8301,1
7aa091a3,15403,9.8301,1
50f2336f,14550,9.8301,1
7bd54d99,16208,9.8274,1
2d06c502,15862,9.8301,68
18ed50dc,15028,9.8274,1
605ffe2a,16209,9.8301,1
53d0afe0,15592,9.8301,67
48fb0a31,15307,9.8301,1
21d729ec,15874,9.8301,68
3fc57da8,15222,9.8301,1
77ae3d99,13899,9.8301,1
719e082f,14915,9.8301,1
67141bdf,15586,9.8329,67
2f464b44,15581,9.8329,67
4339bee4,14909,9.8329,1
5bb97726,14734,9.8274,1
5dfddb3d,15136,9.8329,1
1af0e9be,14826,9.8329,1
1430ba9a,16100,9.8329,1
6d72feaf,15417,9.8329,1
3737e8f7,16045,9.8329,1
2058abe8,14551,9.8329,1
6f4cc1b9,14650,9.8329,1
2a174ab6,14946,9.8329,1
3b62d104,15029,9.8356,1
38ba1a02,14811,9.8329,1
1e759db6,15172,9.8301,1
30423db2,15489,9.8301,1
201093f6,15093,9.8329,1
dd79c01,14455,9.8356,1
4c982698,16121,9.8356,1
6555edb3,16163,9.8329,1
445be306,14993,9.8356,1
60f05758,16143,9.8356,1
51f6e8d3,14892,9.8356,1
1b04bf2b,16258,9.8356,1
3213ca74,15181,9.8356,1
5c2c9e,15139,9.8384,1
6274f15a,14629,9.8384,1
4a23db7,14457,9.8384,1
541ad1e4,15078,9.8384,1
3a6127ef,15914,9.8384,1
5bb8c4e1,15822,9.8301,1
1e8300ed,15137,9.8384,1
bd9c90f,16147,9.8384,1
38b4c9c4,15067,9.8356,1
23b475dc,16330,9.8356,1
69d05339,15628,9.8356,1
66e05114,15223,9.8384,1
78845ee5,14825,9.8384,1
6878cd85,15701,9.8384,1
69cced6f,15629,9.8384,1
6466fbfe,15642,9.8384,1
69567f1f,15940,9.8384,1
69904d6,15227,9.8411,1
ddaebd0,14897,9.8411,1
7f0dcf6a,15705,9.8411,1
57f3fff8,14547,9.8411,1
59dad7fc,16171,9.8411,1
33f1b67d,15091,9.8411,1
59700a91,15588,9.8411,67
42066ce3,15418,9.8384,1
11342278,15998,9.8411,1
1ede6295,13892,9.8411,1
6a2e681c,16112,9.8411,1
3353d34a,16271,9.8411,1
34400ba,16113,9.8411,1
2793f683,14554,9.8411,1
6e63108d,15458,9.8411,1
7794fbd5,15173,9.8411,1
5a70afee,14591,9.8384,1
799225ca,16013,9.8329,1
f03b50d,14841,9.8411,1
2ae32ee7,15188,9.8411,1
5f19ad6b,14645,9.8411,1
6ea55840,15389,9.8384,1
34bdb28,16331,9.8438,1
4976b9,14916,9.8438,1
681dbf0f,15871,9.8438,68
7aa4d4dc,14930,9.8438,1
68444c16,16308,9.8438,1
48d39ce7,15593,9.8438,67
23f30319,15696,9.8329,1
261325af,15170,9.8411,1
7acd1785,15068,9.8438,1
30a3d036,15419,9.8411,1
bf3e6f0,15212,9.8411,1
3472847c,15589,9.8411,67
2691dc48,15404,9.8438,1
81d9acc,15076,9.8411,1
1c4d2959,15308,9.8466,1
3c3c1fc8,14898,9.8466,1
14e7f79b,15540,9.8466,1
7048d431,15697,9.8466,1
53a2c80,15539,9.8438,1
5924a1b0,15857,9.8466,1
72d4de20,16115,9.8466,1
448b7517,15321,9.8466,1
10810f2a,14926,9.8466,1
6cd405ab,16046,9.8466,1
38a5f3cf,16248,9.8466,1
27991a01,14596,9.8466,1
3f79b987,12724,9.8466,61
734c1a9e,14733,9.8411,1
49317c61,16205,9.8438,1
6460b4b3,14552,9.8466,1
bc6f32c,15472,9.8493,1
7981c652,14736,9.8493,1
6a8aab16,14456,9.8466,1
bae4fd8,15079,9.8493,1
51c322a1,15290,9.8493,1
37cd9212,16253,9.8466,1
589721cd,16116,9.8493,1
7f64a0f3,14674,9.8493,66
64df048,14715,9.8411,1
5dcbbf91,16249,9.8493,1
56462bde,11128,9.8493,52
c7f7add,15176,9.8493,1
655904aa,14673,9.8493,66
656e18a7,11075,9.8438,52
211c70f,15435,9.8521,1
754fec02,15077,9.8521,1
581eca55,15623,9.8521,1
4d204ad1,16047,9.8493,1
4105c5c5,15925,9.8521,1
4b200e1b,15080,9.8521,1
65c23948,15635,9.8521,1
1c70b802,15213,9.8493,1
2a7b81e3,11073,9.8521,52
45bf5284,16328,9.8521,1
e24dcfe,15459,9.8521,1
7a58bc0b,15644,9.8521,1
c5a4e3a,16252,9.8521,1
33ce0647,14819,9.8521,1
1ba5efec,14994,9.8521,1
2422a077,16268,9.8521,1
58884b98,14910,9.8521,1
2541221a,15230,9.8521,1
7a570157,15580,9.8521,67
39e8dc64,12730,9.8493,61
d869e3a,15924,9.8548,1
bada5de,16052,9.8521,1
3c16a6e5,15305,9.8548,1
7e095589,14899,9.8548,1
1fdbdd0,15309,9.8548,1
38b3849b,14923,9.8521,1
58a9241,11076,9.8548,52
6975ac1d,15391,9.8548,1
7f9ec912,15092,9.8548,1
4d466af4,16015,9.8548,1
255293a6,15081,9.8548,1
749b15d7,15420,9.8548,1
304a5a1d,14660,9.8548,1
3a1fca6e,16254,9.8548,1
4ea5872a,16053,9.8548,1
53c2657a,15582,9.8548,67
313a47ad,14940,9.8575,1
53440a77,14995,9.8575,1
73a876ce,16061,9.8548,1
33012474,14927,9.8575,1
50e50a96,15567,9.8548,67
2301b54f,15636,9.8548,1
467dc4f0,15577,9.8575,67
132fa9e7,15390,9.8575,1
29370d72,14644,9.8575,1
517e0378,16265,9.8575,1
7ffb7fd5,15617,9.8575,1
11f5915c,15434,9.8575,1
38428d,16000,9.8575,1
55d321c,15471,9.8575,1
3b396ef0,15974,9.8575,1
4320f123,15319,9.8521,1
57ad5ed7,15394,9.8575,1
381f3c9a,11078,9.8575,52
7af13d3e,15941,9.8575,1
3c6a133d,15443,9.8548,1
7ebeeb58,16315,9.8575,1
504b0b7e,15823,9.8548,1
11710601,14924,9.8548,1
621ad1dc,16062,9.8575,1
e85d559,16107,9.8548,1
77e6542e,14795,9.8603,1
1fc560c0,14947,9.8548,1
2be5c6d5,15221,9.8603,1
beae1ed,15190,9.8548,1
64604ac3,15569,9.8603,67
5097f5ef,16156,9.8603,1
55c15246,16076,9.8603,1
9f8349a,16001,9.8603,1
6f284134,15821,9.8603,1
7ff9b3,15367,9.8575,1
5f73c898,16172,9.8603,1
17677b08,15643,9.8603,1
3a6bb931,14653,9.8603,1
5f31babc,16063,9.8603,1
45266dae,15182,9.8575,1
6148a231,15875,9.8603,68
2843ce33,13891,9.8603,1
4f86583b,14792,9.8603,1
393b0778,14678,9.8603,66
2e6b104c,16014,9.8603,1
3f390e5f,16051,9.8575,1
93d6ddd,15587,9.8603,67
d7aed75,16166,9.8603,1
4d17bdcf,15157,9.8603,1
7407ab41,15158,9.863,1
1566627e,14948,9.863,1
62dadd7b,15858,9.8603,1
6b1778,15292,9.863,1
497fe997,15096,9.863,1
6f2c0754,15942,9.863,1
2cc64ab6,16022,9.8603,1
5b293ecf,15618,9.863,1
25f40af7,14243,9.863,1
3a13205,16192,9.863,1
6cc1a642,16066,9.863,1
352450b7,16064,9.863,1
28f0792e,16152,9.863,1
22cb472f,15595,9.863,67
35fd1a29,15594,9.863,67
602a6981,16280,9.8603,1
333291d4,15395,9.863,1
6ec3f9c9,15396,9.8658,1
5d96f3f1,16157,9.8658,1
548a20ad,15083,9.8658,1
2bfbc904,14602,9.8658,1
7311b7d9,14794,9.8658,1
26d15c3,16040,9.8658,1
688e7704,14735,9.8658,1
6d84bdf0,16148,9.8658,1
135570e6,14242,9.8658,1
797cac42,15291,9.8658,1
6251c23e,11126,9.8658,52
2af298b9,15069,9.8658,1
12181f41,15104,9.8658,1
e9aaffc,15084,9.8658,1
6236dc23,15224,9.8685,1
5c3fa78c,14860,9.8685,1
6bf5af2f,15633,9.863,1
e8f495d,7716,9.863,1
124ff130,15975,9.8685,1
55b1f23f,15976,9.8685,1
8c728d5,16245,9.863,1
132eb6e,16167,9.8685,1
20102f03,15834,9.8685,1
54214ffd,15717,9.8685,1
edb7f4c,15824,9.8658,1
18248c62,15680,9.8658,1
44f11665,16272,9.8685,1
39edc052,15622,9.8685,1
77b1470c,14997,9.863,1
676d3e35,14458,9.8685,1
6451cdcb,16117,9.8685,1
e62c126,15460,9.8685,1
57c87e70,15563,9.8685,67
2d4f4d46,16164,9.8685,1
35bcc238,16211,9.8685,1
3f134e48,16332,9.863,1
2b3c8c24,15913,9.8685,1
7cced178,15007,9.8685,1
2fb061db,14793,9.8712,1
a740b6b,15712,9.8712,1
45e6ebad,16102,9.8685,1
4f29b778,16067,9.8658,1
16258996,16144,9.8712,1
633ba9ff,15189,9.8712,1
9f2195e,15082,9.8658,1
493ed9a0,15138,9.8685,1
7cb6c4b1,14518,9.8712,1
3bf7e8a9,15927,9.8712,1
39e70ad8,15833,9.8712,1
72d384a,15160,9.8712,1
386112d6,15474,9.8712,1
3c5717d3,14911,9.8685,1
53e6fbc5,15926,9.8712,1
7ecff2de,15859,9.8712,1
13ecd1ec,14597,9.8712,1
11b7a68c,16275,9.8712,1
63a1b4cd,16336,9.8712,1
43150bc7,15064,9.8712,1
552049d,14943,9.8712,1
67ccdee5,15473,9.8712,1
6177cc64,15220,9.8712,1
5ab2b5c,16087,9.863,1
6bc2e0f8,16049,9.8712,1
6a783093,16108,9.8712,1
35b3c554,14842,9.8712,1
699ee975,16058,9.8685,1
15a7019e,15097,9.874,1
3ef04711,15143,9.874,1
1542bcfe,15100,9.8712,1
b092a62,14912,9.874,1
260f616c,15825,9.8712,1
1ade988e,13897,9.874,1
5846eb8d,15247,9.8712,1
51fe5e8,14996,9.874,1
443677c2,14917,9.874,1
2a428d22,16070,9.874,1
45371164,14548,9.8712,64
3ffd8c8f,15320,9.8685,1
488274d5,16077,9.874,1
7697cb7a,15645,9.874,1
581c34fc,15248,9.874,1
363d7f6,15691,9.874,1
4b6710fb,15475,9.8712,1
72cf28ca,16090,9.8685,1
4b4d49bb,15311,9.874,1
560cfb43,14812,9.874,1
259fc9b1,15405,9.8767,1
2e1d2cb0,15070,9.874,1
f3ca859,15590,9.8712,67
3e5b8c1e,14939,9.8767,1
22edc083,15860,9.8767,1
48f9dae7,15183,9.874,1
2a20949a,15591,9.8712,67
13639868,15466,9.8767,1
15cb5601,15476,9.8767,1
3be18466,16283,9.874,1
515ba92b,16149,9.8767,1
5ef4dbb0,15438,9.8767,1
687180df,15624,9.8767,1
1140f531,16109,9.8712,1
26b591cb,15003,9.8767,1
2a2b66c7,15467,9.8767,1
33bb717,15225,9.8767,1
52fa1169,15085,9.8767,1
44859f7a,16210,9.8767,1
4eb465e8,15427,9.8767,1
3fd82fa7,14859,9.8767,1
4c49bf6,15229,9.8767,1
10cf3e2d,15928,9.8767,1
3dab006c,14606,9.8767,1
7c176213,15094,9.874,1
38cb8296,14802,9.8767,1
4690273f,15619,9.8767,1
4caf99f0,14669,9.8795,66
235de7e1,14683,9.8795,66
1febbf30,15564,9.8795,67
7bd04169,14798,9.8795,1
3cbe38f3,16118,9.8795,1
7010a26a,16266,9.8795,1
5c2cc25c,15030,9.8795,1
32c08167,14608,9.8767,1
6d69570,14803,9.8767,1
73206432,15685,9.8795,1
455d0888,15469,9.8795,1
1ccc75c1,14553,9.8795,1
2e031e3d,16246,9.874,1
5ef2fe3b,15936,9.8795,1
7346a425,15930,9.8795,1
c5ba5f1,14680,9.8795,66
3a1fb0b1,14796,9.8795,1
1fe18c6c,16212,9.8795,1
73d592ef,15439,9.8712,1
3574673c,14941,9.874,1
6451384e,13873,9.8822,1
230c964d,15688,9.8822,1
7c112a29,15477,9.8822,1
6acaff10,14675,9.8767,66
7b4294f,15422,9.8822,1
40cd790a,15600,9.8795,67
35f85358,14567,9.8795,1
8f71888,14894,9.8822,1
2e2fb688,15368,9.8822,1
5019f6e,15718,9.8767,1
72946e05,16194,9.8822,1
182c6901,14928,9.8822,1
4999c847,15004,9.8822,1
33a829d0,13894,9.8849,1
7d27dad6,15185,9.8849,1
24a78503,15001,9.8795,1
158d206d,16103,9.8849,1
5968b3b8,16168,9.8849,1
2730cad0,15681,9.8822,1
2277bdf5,15793,9.8822,1
252b920c,15598,9.8849,67
573fc9d0,15380,9.8822,1
4bd645fc,13893,9.8822,1
54d1c166,15596,9.8849,67
44baf29,15597,9.8849,67
7d4be3f9,16145,9.8849,1
27cbc7c7,15424,9.8849,1
167942be,14853,9.8795,1
3ad83e2b,15322,9.8877,1
70487164,14646,9.8877,1
4f9285bf,15017,9.8877,1
6de4f39f,16337,9.8877,1
329a2aef,15699,9.8849,1
1468f41b,14827,9.8877,1
4858289a,14558,9.8877,1
133ce353,15565,9.8877,67
4f4f74f0,15402,9.8849,1
1483a750,14651,9.8849,1
590e82a0,14555,9.8849,1
a957db6,15832,9.8822,1
3008886,15234,9.8877,1
7752d5ce,14818,9.8877,1
5ae44206,16196,9.8877,1
7b2cd5bd,14942,9.8877,1
1ec746a0,15002,9.8877,1
7bbdec21,15999,9.8877,1
7cfe0f68,15235,9.8877,1
1de3499c,15251,9.8877,1
65efcc54,14949,9.8877,1
7127e82c,16003,9.8877,1
7dae3c2f,14607,9.8904,1
7a0625af,15972,9.8877,1
30b9a9c3,15855,9.8904,1
6110dbd7,16122,9.8904,1
2fb83951,16154,9.8904,1
237b27cd,15863,9.8904,68
35598bb9,16078,9.8904,1
689b5550,15254,9.8904,1
fb2e5f7,11130,9.8904,52
61ae27e1,15421,9.8904,1
1b112156,16276,9.8904,1
2912d6b1,11137,9.8904,52
31170339,16338,9.8904,1
4a437005,14901,9.8904,1
2196bbd5,15255,9.8904,1
339f3520,14556,9.8877,1
28d78d20,15692,9.8904,1
c07cabc,15465,9.8904,1
5800ece,15938,9.8904,1
115c45b8,15568,9.8877,67
5ba04486,15468,9.8904,1
69c02764,14929,9.8877,1
3f4cec6f,15682,9.8904,1
6cb3b2ec,16173,9.8904,1
466ca853,15937,9.8932,1
2e7f5cfd,15215,9.8932,1
3b4bf8fb,14652,9.8932,1
5faabf0c,15713,9.8932,1
4ad4accd,15378,9.8904,1
69d9bbf4,14799,9.8932,1
3d159a86,15550,9.8932,1
374d10f7,15195,9.8932,1
3d0963c7,14844,9.8904,1
58106017,16065,9.8904,1
7cb266fa,15101,9.8904,1
6de20240,16220,9.8932,1
32777da3,14931,9.8904,1
6568d49,16071,9.8877,1
7b5b7fc1,15683,9.8932,1
72c89f6c,15461,9.8932,1
7ee117a4,15491,9.8932,1
4c6ff1f4,14609,9.8932,1
6cea2acf,14557,9.8904,1
9f06f4b,15379,9.8932,1
5a6febc1,15478,9.8904,1
2cc59b1f,15689,9.8877,1
1f162f22,14679,9.8932,66
2297c25d,14832,9.8932,1
35a85cf4,15601,9.8932,67
703142d,16223,9.8959,1
3db2ef82,16119,9.8959,1
71e7ab1,12731,9.8959,61
29df3a4f,16284,9.8932,1
35c69003,16247,9.8959,1
2afb58ea,15637,9.8959,1
5e4464f6,16023,9.8959,1
114f9b35,15242,9.8932,1
e992033,15865,9.8959,68
f5eff6b,15548,9.8959,1
7f92ca62,16222,9.8959,1
56709c4d,15401,9.8959,1
28c62b2,15238,9.8932,1
45535268,14600,9.8959,1
3d0e480e,16153,9.8959,1
54a65417,14681,9.8959,66
35de35c3,16002,9.8959,1
2049059a,15486,9.8959,1
6a41f102,16104,9.8959,1
25409a7c,15639,9.8959,1
5bb16e65,16082,9.8904,1
4320642f,15462,9.8959,1
623819a4,15184,9.8959,1
430afce5,15451,9.8959,1
3cbf9b7,16123,9.8959,1
25f4e962,15243,9.8959,1
7a32141,15406,9.8986,1
13da0884,14663,9.8986,1
4f804d09,15714,9.8959,1
4dbd0262,16048,9.8986,1
538a9bbd,16018,9.8986,1
10d72760,15099,9.8986,1
5d72d876,15446,9.8986,1
78f97fa8,15228,9.8986,1
7fa94479,15141,9.8959,1
566c90cb,15549,9.8986,1
472fae41,15440,9.8986,1
1d965318,16083,9.8986,1
2ea17b3d,15333,9.8932,1
1b9e681c,16024,9.8986,1
5d750668,13896,9.8959,1
4bd96c9d,15690,9.8959,1
29c6496c,15381,9.9014,1
78a98678,16285,9.9014,1
613707f8,15423,9.8959,1
6e7c1df,16174,9.8986,1
233a3aad,15702,9.9014,1
4b0c685e,16221,9.9014,1
501ad57a,16333,9.9014,1
684b0f9f,15374,9.9014,1
1a56af69,15650,9.9014,1
32b07ae5,15479,9.9014,1
3487d8cc,15480,9.9014,1
4001e34,16025,9.9014,1
2b82c43a,16068,9.9014,1
1ad4f4fd,16110,9.9014,1
109f0ed3,15216,9.9014,1
14ea434a,14797,9.9014,1
5ae5d179,14561,9.9041,1
2974e6f9,14603,9.9041,1
14ba9c36,15552,9.9041,1
7cbbe1e4,15943,9.9041,1
3a8d1d2a,15392,9.9041,1
34c077ac,16277,9.9041,1
745b062e,16019,9.9014,1
57cc6d80,15108,9.9041,1
72745e9e,11079,9.9041,52
5fa5e1e,16072,9.9041,1
32b0241a,15107,9.9014,1
1ef62e14,15202,9.9041,1
2ae2f027,15177,9.9014,1
7810644d,15383,9.9041,1
280b4ade,15249,9.9041,1
7dbf51cb,14676,9.9041,66
4e1c3a92,15719,9.9041,1
61b53bcb,15098,9.9041,1
5ceb9c12,14776,9.9041,1
5b5daf4d,14932,9.9041,1
e9f17f5,16169,9.9041,1
77eddb70,15602,9.9041,67
743ad61e,14604,9.9068,1
3c99d031,14562,9.9041,1
3c92c0bc,14611,9.9068,1
a8337a4,15382,9.9068,1
28ab8acc,14662,9.9041,1
5ac1cfb0,16158,9.9068,1
e34b193,15186,9.9068,1
707c7374,15470,9.9068,1
6d1f26ce,16155,9.9068,1
70e93c1c,15313,9.9068,1
63d154c8,15877,9.9068,68
17585f94,14654,9.9014,1
43b0be80,15647,9.9041,1
17fa78b,15384,9.9068,1
50c49251,15314,9.9096,1
39dafb95,12726,9.9096,61
6c2ba7c5,14665,9.9096,1
2a29507e,15370,9.9096,1
5e0b1970,16084,9.9068,1
30e34777,14664,9.9041,1
1c7cb21,15866,9.9096,68
610dd1c7,15298,9.9096,1
67cb940f,15323,9.9096,1
4db9af7e,16073,9.9096,1
7298fb2b,16105,9.9096,1
7d948f56,15464,9.9096,1
46440707,15310,9.9096,1
460682ee,15931,9.9068,1
737268a6,16175,9.9096,1
2a45b7a1,15203,9.9096,1
4cdfe1d1,14549,9.9096,1
3ebc0b56,16124,9.9041,1
5e6b637f,15373,9.9096,1
59143fac,15706,9.9068,1
6a768c36,15876,9.9096,68
344ecc95,15161,9.9096,1
31bb21f8,15933,9.9068,1
49aa813c,16146,9.9096,1
17e3a303,16179,9.9123,1
24957aaf,15250,9.9123,1
558bef0e,15481,9.9123,1
3d57b0a6,14925,9.9123,1
20e97551,15106,9.9068,1
2a1831f4,16193,9.9123,1
20e15826,15375,9.9123,1
65841b3a,15425,9.9123,1
20b30e1c,15196,9.9123,1
4b9ba4a6,15005,9.9123,1
20e7bbb0,14969,9.9123,1
aedf7e2,16020,9.9123,1
405833a4,16273,9.9123,1
24bef73d,15426,9.9151,1
2148ec15,15867,9.9151,68
5cae4017,15385,9.9151,1
58e6347c,15436,9.9151,1
4942575f,15711,9.9151,1
b323742,15492,9.9151,1
6063d520,15878,9.9151,68
7dccc4ff,16080,9.9151,1
534c8da9,15197,9.9151,1
30e78a26,15879,9.9151,68
3ae00668,15295,9.9123,1
20f2ae51,16216,9.9123,1
3b826d8c,15651,9.9123,1
75a450d1,16054,9.9151,1
c148e90,15088,9.9151,1
3fb49ed5,15708,9.9151,1
36fd0a3c,15482,9.9096,1
348ba94,15934,9.9151,1
3757ab2f,15555,9.9151,1
2b8e497c,15089,9.9151,1
3c63293,15693,9.9151,1
5d34643d,16197,9.9123,1
1b6ef915,15407,9.9151,1
427296ad,15252,9.9151,1
709276da,15686,9.9151,1
ef9e179,15159,9.9123,1
57c5ada6,14944,9.9178,1
34a222f7,14895,9.9178,1
249fd630,16005,9.9151,1
5765a61f,11131,9.9123,52
165667a3,14689,9.9178,66
5eb8ed8f,15571,9.9151,67
6c20ee8c,14900,9.9096,1
49b0dc65,16050,9.9123,1
331fce12,15872,9.9151,68
25e9c1b6,15503,9.9178,1
2ef393c6,15144,9.9178,1
16d1dcad,14777,9.9178,1
42cb7657,15031,9.9178,1
68be1aab,15110,9.9178,1
7d6e1475,16269,9.9178,1
3272bc49,15163,9.9178,1
7fd08b4b,16004,9.9178,1
67fc14a8,14980,9.9178,1
6a3c799e,15140,9.9178,1
4d0b0064,16021,9.9178,1
36fa505d,14846,9.9178,1
77083e0c,14918,9.9205,1
31a45b7e,15599,9.9205,67
385d245d,14821,9.9205,1
614b5b0a,14574,9.9178,1
2d400b12,15008,9.9205,1
68b0f7fd,11074,9.9205,52
12d58b06,15086,9.9205,1
49dcce5f,13898,9.9205,1
5ab003b1,15700,9.9178,1
b1eab76,11132,9.9178,52
262b299c,15376,9.9205,1
9aab530,15142,9.9178,1
535d923f,14954,9.9178,1
2de6c639,14610,9.9205,1
52fe7dd0,14945,9.9205,1
ea1518a,15707,9.9178,1
31d2e60b,15545,9.9205,1
2a9e3906,15105,9.9205,1
bafc178,15199,9.9205,1
f06fc86,15869,9.9205,68
73728d24,15342,9.9205,1
2942a1d3,16106,9.9205,1
724febf4,16150,9.9205,1
71e50c4,16006,9.9205,1
3fc47e6d,15493,9.9233,1
3340c7f,16026,9.9233,1
ea947a6,15371,9.9233,1
449b2fb2,11135,9.9233,52
4bd4f0,15258,9.9233,1
5e27e0a8,15648,9.9233,1
45d53218,14462,9.9233,1
582e73af,15551,9.9205,1
61cd00e,15951,9.9233,1
58880efb,14974,9.9233,1
675f52c5,14569,9.9233,1
b76e9c4,14970,9.9233,1
206e500e,14519,9.9233,1
14a81e77,15006,9.9233,1
39cfdd5e,13902,9.926,1
401278ad,15949,9.926,1
5d46c310,15544,9.926,1
61c229b5,15946,9.926,1
6efb3333,15329,9.926,1
33feeba3,14575,9.926,1
b4f2b2d,16278,9.926,1
2daa038a,15207,9.926,1
7bb03470,14563,9.9205,1
3c9cce8f,15948,9.9233,1
3f577b56,16274,9.9205,1
ecf77ef,15236,9.9233,1
7c2b2358,14670,9.926,66
3e38bcef,15638,9.926,1
6429b19,14962,9.926,1
2982fa0b,15398,9.926,1
7cc0aa17,14998,9.9233,1
2cbcd4c,14565,9.926,1
48f2139b,15296,9.9288,1
77cea2f5,16335,9.9288,1
525a6eb7,16224,9.9288,1
4052adb6,15090,9.9288,1
1c2fb95d,14837,9.926,1
1e746927,15572,9.9233,67
326eccb1,16159,9.9288,1
1fda8388,16286,9.9288,1
171239fe,15684,9.9288,1
4ab0a2d8,14975,9.9288,1
a1f2e37,14820,9.9288,1
2b341f82,15868,9.9205,68
16347692,15939,9.9288,1
5d39711f,14957,9.9288,1
1250ae02,14612,9.9288,1
19136bc5,15428,9.9288,1
2c261e93,11080,9.9288,52
3a812381,16334,9.926,1
2d36ba6d,15237,9.9288,1
36ac6a6c,15687,9.9315,1
2f79a14d,15253,9.9315,1
148bfede,14822,9.9315,1
33b7e0b7,14955,9.9288,1
19406b,15328,9.9288,1
b55704,15032,9.9315,1
18e467d7,16079,9.9315,1
7af5ce4f,15656,9.9315,1
764b3bfe,15095,9.9315,1
280270be,15541,9.9315,1
3c1b2744,15244,9.9315,1
77a35cf,15947,9.9315,1
53a904d9,12732,9.9315,61
7c925199,15710,9.9315,1
19d66848,15411,9.9315,1
4fd4e2f0,16160,9.9315,1
5440a81f,15164,9.9315,1
3a302597,16085,9.9315,1
469cdaf4,15408,9.926,1
108e9eb1,15873,9.9315,68
78a53d32,14936,9.9315,1
29f47269,14956,9.9342,1
79532e4f,14800,9.9342,1
7b2eb590,15483,9.9342,1
6fe120de,16259,9.9342,1
1253e65d,15111,9.9342,1
764c89b0,16161,9.9342,1
27d166e6,16200,9.9342,1
2dbc2f4f,15657,9.9342,1
205055ab,15856,9.9342,1
32435918,15546,9.9342,1
1e89efe0,15554,9.9342,1
52037d29,16125,9.9342,1
705c87cf,14571,9.9342,1
58ff8b45,14902,9.9315,1
2891c54b,16177,9.9342,1
4b4ada44,15553,9.9315,1
9588955,15935,9.9342,1
40fb4762,16007,9.9342,1
548dc24d,15487,9.9342,1
700cde3a,14671,9.9342,66
3d53f34f,14958,9.9342,1
278973d0,14577,9.937,1
1dac52c6,16225,9.937,1
bc7a247,15725,9.937,1
292cf1fb,16151,9.937,1
23e1861d,14564,9.937,1
45d700fd,15192,9.937,1
3a9250e3,15463,9.937,1
cf1186c,15944,9.9342,1
429c8320,14862,9.937,1
3fb1b366,16029,9.9342,1
5bed7dac,15162,9.9315,1
170cf93b,11138,9.9342,52
133ab1ce,14934,9.937,1
75465bd4,14814,9.937,1
3519b50a,16176,9.937,1
7010a4c,14677,9.937,66
77b4feb6,14570,9.937,1
68871836,16165,9.9342,1
31c6954f,15649,9.9315,1
3831862a,15542,9.9342,1
c89bb31,14568,9.937,1
f934c34,15343,9.937,1
6390e997,14605,9.937,1
490fc798,14778,9.9342,1
46d3f79f,15257,9.937,1
16c2e0bd,16095,9.9342,1
6942b029,13901,9.937,1
13ab73c7,13874,9.9342,1
24af552d,14919,9.9315,1
4f1718a0,15484,9.9342,1
7d992128,15450,9.9397,1
a0102aa,14852,9.9397,1
7cdff12e,14572,9.9397,1
2ee2b42c,15499,9.9397,1
693a8b07,14815,9.9397,1
34228039,14933,9.9397,1
6234644f,14688,9.9397,66
6afaadad,13900,9.9397,1
5e5e51bb,14863,9.937,1
5d8b8ddf,16201,9.937,1
24da00af,15087,9.9342,1
5f5ecc06,14823,9.937,1
7d08fd1f,15720,9.9397,1
4220a0d6,15654,9.9397,1
7f93e7a2,14801,9.9397,1
6e5fe2a0,16126,9.9397,1
6f3b7fc1,15448,9.9397,1
55e1873c,15231,9.9397,1
14ff658b,16279,9.937,1
16b2f282,14967,9.9397,1
1200ab46,15953,9.9397,1
3db0144,15652,9.9397,1
372aa389,15653,9.9342,1
6e2b0a37,14666,9.9397,1
43cd19f6,15165,9.9397,1
7966c62f,11133,9.9425,52
3cb04cdb,16217,9.9425,1
22ec3966,16262,9.9397,1
6f30b673,15198,9.9425,1
4038e059,16033,9.9425,1
6905e9e9,15393,9.9397,1
6a9c4ccf,16281,9.9425,1
11fc97fb,15449,9.9425,1
7e3e97cf,16128,9.9397,1
767430db,14824,9.9425,1
396cc784,15369,9.9425,1
7a08fec6,16170,9.9425,1
7d35f3f6,13895,9.937,1
2a90f663,15956,9.937,1
160a922,14920,9.9397,1
751f5452,15583,9.9425,67
485c6af9,14804,9.9397,1
1aa49a47,14972,9.9397,1
1a63bc76,15386,9.9425,1
75227afa,14982,9.9425,1
37aa449e,14851,9.9397,1
5668c0d8,16260,9.9425,1
38982bfd,14685,9.9425,66
13b885b5,14971,9.9397,1
481b7ca3,14849,9.937,1
3125719e,15245,9.9425,1
11913bd0,11134,9.9397,52
6667df22,14978,9.9397,1
49a151a2,15412,9.9425,1
20fdb8ad,14672,9.9425,66
5accc251,16129,9.9425,1
40fff117,15694,9.9425,1
1839a8e5,16198,9.9452,1
5b56c601,14968,9.9425,1
b78534d,16261,9.9425,1
2d820656,14855,9.9425,1
44e9b464,14845,9.9425,1
294b7412,16282,9.9452,1
5a1cbf43,14937,9.9452,1
58fc7bc8,14935,9.9425,1
3bc321ea,15955,9.9425,1
d578eb2,16127,9.9397,1
60f1cabc,15344,9.9425,1
36f7679e,14921,9.9452,1
215b14b5,15504,9.9452,1
60dc37d7,15109,9.9452,1
25661d65,15259,9.9452,1
484a01fd,15557,9.9452,1
1eff003a,14576,9.9452,1
84548f4,15340,9.9452,1
2fec2f49,16034,9.9452,1
2e0fd7ec,14682,9.9452,66
3b976a7d,15715,9.9452,1
3e49e1c9,16016,9.9425,1
74d79748,15009,9.9452,1
5d0f43e5,15317,9.9452,1
2e6d1f73,15952,9.9452,1
464d44bf,14959,9.9452,1
47b6535e,15315,9.9452,1
1357b96a,15495,9.9425,1
43b7ac5b,15194,9.9452,1
64c48122,14835,9.9452,1
5244b820,14951,9.9452,1
4a76f839,15166,9.9452,1
400e585a,15345,9.9479,1
34dd5058,14847,9.9452,1
28e910cc,15208,9.9479,1
55a382d8,15191,9.9479,1
72336ca,15294,9.9479,1
377ffea2,15496,9.9479,1
75b3d94f,15330,9.9479,1
54b7cd33,14843,9.9452,1
44c34d5d,15945,9.9425,1
6b247c1d,14829,9.9479,1
b2247a4,16017,9.9479,1
4107707a,14960,9.9479,1
5e3518d,15256,9.9452,1
218867e6,14813,9.9452,1
20f0377,16055,9.9452,1
6874844d,15200,9.9479,1
71f2e180,14836,9.9452,1
6cc1f32c,14961,9.9479,1
1c3831b0,15655,9.9479,1
b0ccb64,15338,9.9479,1
25438d3e,16091,9.9452,1
64fb09c9,12717,9.9479,61
778a4848,14839,9.9452,1
435b86f7,15337,9.9507,1
2e613213,15723,9.9507,1
68e12d4,16263,9.9479,1
e4db1e1,15331,9.9507,1
37dee76b,14615,9.9479,1
1cc4f9d2,16097,9.9479,1
282da359,15312,9.9507,1
1bb9302e,15954,9.9479,1
ffbfde5,15454,9.9507,1
7659ef89,15547,9.9507,1
6c5a8742,14966,9.9507,1
2cffd01d,14737,9.9507,1
698d89b0,15497,9.9479,1
394945b1,16178,9.9479,1
191a54d,14691,9.9507,66
533ce25a,15430,9.9507,1
be39119,15444,9.9479,1
56f93184,14913,9.9507,1
256e8227,16069,9.9507,1
2959f00a,11139,9.9479,52
1d43f949,15103,9.9507,1
2298e74,14938,9.9507,1
422e4dd,14690,9.9452,66
6d6e4e8b,15336,9.9507,1
53075bac,14857,9.9507,1
35b83866,14850,9.9507,1
37b31629,14963,9.9479,1
79276485,15347,9.9507,1
10149a36,14856,9.9425,1
9fa91b3,14686,9.9479,66
4bb6bbae,16218,9.9507,1
4671158d,15354,9.9507,1
977ed11,16195,9.9534,1
3d060323,15193,9.9507,1
6fc6ee2,14854,9.9507,1
78e9ce58,16027,9.9534,1
4e40bb31,14848,9.9534,1
43d2a6c1,15399,9.9534,1
4528508e,16028,9.9534,1
71a0e24d,16339,9.9534,1
26bc5b27,16089,9.9534,1
453877c3,16056,9.9507,1
1011daa6,15204,9.9507,1
20f147c5,15429,9.9534,1
5b4362a6,16030,9.9534,1
d7123a1,15102,9.9534,1
4950344b,16088,9.9534,69
578a032d,14805,9.9534,1
179c1d28,15431,9.9534,1
13f44851,12733,9.9534,61
5b4ec408,15880,9.9534,68
5c5a2727,15441,9.9507,1
2b5804d9,15205,9.9507,1
caec920,15341,9.9562,1
1adf7723,16035,9.9562,1
371c9ef4,14976,9.9562,1
69b1bd07,13875,9.9534,1
4062135b,13876,9.9562,1
3af2f42f,14840,9.9562,1
51674164,16228,9.9562,1
30e05204,15210,9.9507,1
635881d2,15442,9.9562,1
194e7518,14973,9.9562,1
4ea6521a,16219,9.9562,1
252146cb,14999,9.9562,1
4cd4c999,14566,9.9562,1
17634019,15349,9.9562,1
30920536,15299,9.9507,1
4c58a7bc,15372,9.9562,1
6360a7e2,16227,9.9562,1
6e0e401f,15502,9.9562,1
4e95435d,14896,9.9534,1
4b5317e7,15640,9.9562,1
47796874,14983,9.9562,1
214098ce,15709,9.9562,1
1672cccb,14560,9.9562,1
5ded3b3a,15488,9.9562,1
3d523a41,15447,9.9534,1
49c1e127,15332,9.9562,1
12c07d64,14984,9.9562,1
60fed0a9,15721,9.9562,1
5939091d,14977,9.9562,1
1c78477d,14981,9.9562,1
550ff086,15325,9.9562,1
702c9401,14858,9.9562,1
5c803877,14979,9.9507,1
4d60b31b,15432,9.9589,1
67c1f1f1,16340,9.9589,1
73d9ed94,16031,9.9589,1
2e473018,14838,9.9589,1
7f6e2b3,14914,9.9589,1
66f7a6a0,15300,9.9562,1
ed19df6,15437,9.9589,1
325864f5,15324,9.9589,1
25885556,14950,9.9589,1
7e9135e1,15453,9.9589,1
7c2d39e8,15350,9.9589,1
48a7222d,15346,9.9589,1
30c342c7,15835,9.9589,1
da38554,16074,9.9534,1
6ae65353,15501,9.9589,1
31e6b98d,15335,9.9589,1
397782eb,14865,9.9589,1
2b16039b,14964,9.9589,1
7c3f38c,16092,9.9562,1
1daf4dd3,15452,9.9562,1
7897b372,15239,9.9589,1
5441e414,15494,9.9589,1
41e4cc3d,14559,9.9507,1
5d5a6669,14613,9.9562,1
26c2c007,16096,9.9589,1
68fbce55,15240,9.9589,1
7b173bd8,14687,9.9589,66
726557d7,15932,9.9589,1
3c2e8655,15326,9.9589,1
1507f882,14816,9.9589,1
25f5d0dd,15929,9.9589,1
13ca2b50,15206,9.9562,1
2fd091e4,15316,9.9562,1
4b491d11,14985,9.9589,1
38f5401f,13903,9.9589,1
4b9fdfd3,15351,9.9589,1
3ad2ee35,16162,9.9616,1
526dc501,15232,9.9616,1
19fc8d0c,14831,9.9616,1
29c8888,14965,9.9616,1
61203f12,15556,9.9616,1
6a5868d3,15297,9.9589,1
288a4e63,15353,9.9616,1
6872fdf3,15543,9.9616,1
2b286ff6,14614,9.9589,1
4b100d2e,16229,9.9616,1
14947a1c,15410,9.9616,1
6227ea6f,15260,9.9616,1
1824491e,15409,9.9589,1
709bd233,15724,9.9616,1
3b29d873,14830,9.9562,1
5cfdf560,14864,9.9562,1
660029eb,14573,9.9616,1
cd3a9b1,14922,9.9616,1
7e227c6a,15726,9.9616,1
5cd6e08c,15233,9.9616,1
7272ab6f,11077,9.9616,52
247fbd57,15010,9.9589,1
76d1f12,15498,9.9616,1
3561e2c8,15957,9.9616,1
60c52165,16075,9.9616,1
4a170b8a,15348,9.9616,1
2d408766,16203,9.9616,1
15681fba,15334,9.9616,1
7bcbb7a6,14834,9.9589,1
bfc6f71,15397,9.9616,1
392495de,15558,9.9616,1
6cb294b2,14861,9.9616,1
34883b9,16032,9.9616,1
305bcac8,14684,9.9616,66
4a4f44bc,15201,9.9644,1
63ea544b,14779,9.9644,1
22203d63,14833,9.9616,1
5acf2a91,15246,9.9644,1
587d36e9,16267,9.9644,1
7da578de,15505,9.9644,1
78d4d522,15377,9.9644,1
1ddd2f3a,15485,9.9562,1
7399bd79,11136,9.9644,52
2d07f299,16264,9.9644,1
eef197f,16199,9.9644,1
47942a53,16093,9.9644,1
33880bed,15318,9.9644,1
39e656b,16341,9.9644,1
7d590a60,15836,9.9644,1
2286b8f,16204,9.9644,1
2dd72191,15445,9.9644,1
59076fee,15034,9.9644,1
2343dd15,16036,9.9644,1
4b86dd6d,15570,9.9616,67
3dd40183,15241,9.9644,1
291b6401,14817,9.9644,1
4b8116d3,16086,9.9644,1
3611c77b,15433,9.9644,1
2bd41023,16202,9.9616,1
2fc39b89,16120,9.9644,1
20aa0085,15355,9.9644,1
3bc2e281,16180,9.9644,1
7bb71ffd,15352,9.9644,1
599d5234,14579,9.9644,1
1ae9f05a,14738,9.9644,1
22fbd663,16098,9.9616,1
29a59f17,15500,9.9644,1
1a9a74e5,16226,9.9644,1
31f36816,15209,9.9616,1
4f242ccc,14953,9.9616,1
3310a385,11127,9.9644,52
d3ee237,14780,9.9644,1
36c8dfd7,14244,9.9644,1
7fbca8b7,14828,9.9644,1
1190b9c0,16094,9.9644,1
23ceb6ae,15506,9.9644,1
20bfc593,15327,9.9589,1
272a2cfc,14578,9.9616,1
4e40e77b,15658,9.9644,1
57ec79a9,15293,9.9644,1
a953217,14952,9.9644,1
4d0f8af3,15033,9.9644,1
5945742b,15716,9.9644,1
b207b2d,16099,9.9644,1
39c276e9,16270,9.9644,1
2f7eee33,15950,9.9644,1
6dab940d,15356,9.9644,1
60c659d1,15722,9.9644,1
7fe9905d,15455,9.9644,1
1bebeb44,15339,9.9644,1
c8bbe5d,15837,9.9644,1
70876c1,15211,9.9644,1
