name,tipnum,year,antigen
fb8d673,26,0.1534,1
6852a0f9,49,0.1534,1
22ad416e,62,0.1534,1
64c04d8a,34,0.1534,1
1e7dd8c5,27,0.1534,1
6355f69b,35,0.1534,2
1ba73135,18,0.1534,1
2bbb7dae,28,0.1534,1
7f7d6be1,64,0.1534,1
4df1d94e,6,0.1534,1
3d3a9bc5,36,0.1534,1
719753d7,2,0.1534,1
65248ce5,7,0.1534,1
276997b3,37,0.1534,1
1b10646,50,0.1562,1
42499497,8,0.1534,1
2b44dba8,14,0.1562,1
60863cfc,9,0.1562,1
698c959c,19,0.1534,1
67ef5916,65,0.1562,1
5934aee7,20,0.1562,1
6a7b47d8,29,0.1534,1
6db22e94,66,0.1589,1
3bcbe7b7,38,0.1589,1
36e6b527,39,0.1589,1
2b5c7d04,21,0.1589,1
1b29aa30,40,0.1562,1
7fbb10bd,80,0.1589,1
7cf7cde0,67,0.1562,1
340b3b27,143,0.1589,1
62a57fbc,3,0.1562,1
45bcb5ad,30,0.1589,1
766e837,51,0.1589,1
6a5939ff,52,0.1589,1
2348e397,41,0.1589,1
3f93b8e,22,0.1616,1
33ee4c96,31,0.1589,1
105b1dd5,42,0.1616,1
74eb1012,68,0.1616,1
1417285c,53,0.1589,1
7703ff45,23,0.1616,1
3e04604a,1,0.1616,1
7fcf11e0,10,0.1589,1
37b21e79,441,0.1616,1
1b75e31d,15,0.1644,1
66ed609,4,0.1644,1
1298735,69,0.1644,1
264f10bf,75,0.1616,1
12967260,70,0.1644,1
623820a5,32,0.1589,1
2f6503f8,78,0.1671,1
468b6f2f,43,0.1671,1
71f13443,63,0.1671,1
50d55d6f,44,0.1644,1
35227ee0,45,0.1671,1
73cb72d8,71,0.1699,1
7436d59a,54,0.1671,1
c1da473,79,0.1699,1
7659beba,11,0.1671,1
5eac5f1b,55,0.1699,1
564900b0,72,0.1726,4
53f40f90,46,0.1699,1
1cf4db51,16,0.1726,1
7d2bda80,5,0.1726,1
463c07f1,56,0.1671,1
512c165,73,0.1699,1
7ad4dcaa,12,0.1699,1
2b8e4b2d,24,0.1644,1
4040bef2,25,0.1753,1
631c93a0,57,0.1753,1
45b903bd,74,0.1753,1
19d4b62c,76,0.1753,1
5c262cca,59,0.1753,1
5ba0357d,47,0.1753,1
211bbc75,13,0.1781,1
6b7a745a,48,0.1808,3
5689715f,17,0.1808,1
6a50d874,33,0.1836,1
54f88fda,130,0.1836,1
77de988,81,0.1863,1
5d2c3fc7,77,0.189,1
40b2beb4,60,0.189,1
2ccd4dae,83,0.1973,1
e80e62b,58,0.1945,1
4414d016,61,0.211,1
1430fba1,87,0.263,1
78fa1d54,1538,0.274,1
52d14fc2,2375,0.2932,1
2de85be1,84,0.2959,1
6b0ed3cf,196,0.3041,1
d3e0558,114,0.3123,1
9f83ad8,85,0.3096,1
21c0860e,82,0.337,1
4e18f684,3961,0.3699,1
5315c423,108,0.3781,1
1b730a63,86,0.3836,1
8687772,2393,0.3863,1
79595598,1539,0.4,1
3e261ff5,442,0.4082,1
37036263,88,0.4164,1
3fc68743,92,0.4192,1
4a4a9c7c,954,0.4247,1
4969b744,113,0.4329,1
7a8f827c,2374,0.4274,1
47bec02b,2394,0.4658,1
6b02b2c5,104,0.4849,1
53b28c8f,91,0.5068,1
6d5aae76,96,0.5123,1
75356aa5,3949,0.5753,1
716230d0,89,0.5945,1
40ec194f,100,0.611,1
68b74e74,101,0.6164,1
3e061f0d,97,0.6247,1
6f7b09c8,233,0.6356,1
60383a2a,110,0.6411,1
f9789a1,90,0.663,1
bc624d,132,0.6658,1
20ba2574,94,0.674,1
2e4aa819,234,0.6849,1
7d232065,93,0.6795,1
f022e90,1540,0.6986,1
6c4f9b37,98,0.7041,1
1d2f824f,235,0.7041,1
665efb93,166,0.7151,1
5842f15f,99,0.7342,1
78b63f66,95,0.7589,1
68308564,2395,0.7753,1
9ec4fd7,105,0.7753,1
187fbf1a,197,0.7781,1
51fbee7c,198,0.8027,1
416ae2a,103,0.8164,1
3d0c5a82,352,0.8219,1
6bbdc614,111,0.8438,1
56752803,5598,0.8438,1
3397cab8,5596,0.8795,1
3d914ab8,2376,0.8986,1
3977d3dd,2384,0.8986,1
6296cfc2,1542,0.9014,1
36d6d4f2,131,0.9041,1
1d5cc6a3,353,0.9068,1
3818b610,2396,0.926,1
5cacb38f,112,0.9315,1
10131dba,125,1.011,1
27e0518a,1547,1.0137,1
73dc626b,546,1.0219,1
8cecb6d,5597,1.0603,1
b8e903,115,1.0712,1
6fa02972,3962,1.0822,1
366ffa22,354,1.1068,1
25f1849f,2397,1.1123,1
352e7570,3964,1.1151,1
4b45451b,145,1.1233,1
28ac6159,120,1.1233,1
72c630cf,236,1.1233,1
c725d81,2377,1.1315,1
620f741f,116,1.1425,1
250ef5ec,237,1.1534,1
63cd91c8,238,1.1616,1
2417d37,124,1.1644,1
1e1765e,2398,1.1808,1
71f7b516,117,1.1863,5
1c41b6ab,106,1.1836,1
1ea9e814,2399,1.2082,1
4e32915a,1548,1.2493,1
6ac35618,102,1.2466,1
41fe0a85,146,1.2849,1
485f7f48,262,1.3205,1
3e978dd9,123,1.326,1
593a7c06,202,1.3288,1
3588e3a,107,1.3342,1
75dbd7f0,1541,1.3699,1
32c316f6,204,1.4384,1
3eeb115e,203,1.4466,1
1559ad9,2400,1.4685,1
b051cb9,144,1.4932,1
4c6b6abd,443,1.4932,1
66b5b160,200,1.5123,1
4b1b7c3d,3950,1.5233,1
68d85133,126,1.5342,1
7ff1f017,133,1.5452,1
4921b6a8,541,1.5425,1
491606e5,355,1.5534,1
34846038,169,1.5534,1
246e1801,540,1.5753,1
e159476,167,1.5973,1
7e14bceb,1549,1.6027,1
531024e,147,1.6055,1
690686b1,1550,1.6164,1
3d7c3580,109,1.6247,1
25722192,3956,1.6192,1
1fe8b07d,168,1.6438,1
768a983c,239,1.6493,1
22499f11,201,1.6685,1
7a448482,121,1.6712,1
4440b48f,5613,1.6822,53
192e91b8,4024,1.6959,1
45a26728,2386,1.6986,1
1f134cb9,359,1.7096,1
3cca9dfd,2378,1.7096,1
75b2307f,357,1.7288,1
4ab7c546,542,1.7288,1
5e366718,356,1.7397,1
541e0e61,134,1.7671,1
18fb57f8,2385,1.7726,1
33788e37,127,1.7945,1
65353457,955,1.7973,1
60c6dacc,205,1.7973,1
da57f6b,3963,1.8,1
121f4f30,118,1.8192,1
7a5b41de,240,1.8274,1
3680454e,4025,1.8356,1
60c6f9e8,210,1.8438,1
46be9cbc,4021,1.8493,1
66cb6004,122,1.9205,1
17eff515,444,1.9205,1
683e0d3a,119,1.9233,1
14d45c3e,5599,1.9288,1
52d5e3a6,206,1.9397,1
50b59ad,4026,1.9425,1
11ffe028,5616,1.9452,53
37626ecc,5600,1.9616,1
547336e6,3951,1.9671,1
a14f364,5614,1.9671,53
3c189476,3959,1.9726,1
58c72265,4022,1.9863,1
7721e953,1544,1.9918,1
d8ab4c0,199,2.0027,1
4859143a,5615,2.0082,53
2838002b,3952,2.0137,1
c881fee,3957,2.0164,1
21aa52c8,458,2.0301,1
6e458f30,1543,2.0329,1
59394cdf,2401,2.0384,1
31e8368b,2379,2.0603,1
7d532837,1545,2.0493,1
e1c1947,543,2.0932,1
3dfea95d,4027,2.0959,1
6993c6c6,3958,2.1041,1
1d50e3ef,211,2.1096,1
13abee47,3953,2.1205,1
6d7cc2a0,544,2.1233,1
90a5da8,1546,2.1233,1
67b2bbef,4028,2.126,1
7de7736d,267,2.1288,1
72add623,128,2.1315,1
7685c7b3,547,2.1342,1
2db923d6,268,2.1644,1
5fa6884d,269,2.1671,1
191ce4cf,447,2.1699,1
417c1000,270,2.1699,1
253f2c6a,271,2.1699,1
3d58d787,445,2.1945,1
4eb03c60,148,2.1973,1
30f483e5,5602,2.2027,1
11a979eb,241,2.2438,1
ea3a9be,5617,2.2438,53
4da95bc8,5618,2.2466,53
52326740,3954,2.2493,1
6760b6c0,545,2.2438,1
2b53d21,361,2.2521,1
164a7d39,4029,2.2521,1
4c76383a,2404,2.2493,1
4b065d67,135,2.263,1
1102cfdd,358,2.2603,1
60f13d13,681,2.2795,1
25173781,129,2.2986,1
585d7cf1,682,2.2986,1
21c9fff8,3955,2.326,1
48b94777,360,2.326,1
540edade,446,2.3397,1
67079e5a,548,2.3425,1
95f8b7d,263,2.3479,1
30d51513,264,2.3507,1
b5fe7de,151,2.3534,1
77a27179,4023,2.3562,1
78d8148e,2380,2.3616,1
47841cc3,448,2.3589,1
3c4c703b,2405,2.3699,1
29a51441,242,2.3726,1
4ca91d8e,5619,2.3808,53
728baa61,683,2.389,1
7fad32e,1557,2.3836,1
736fb518,5601,2.3945,1
7269a028,293,2.3945,1
5d1ed4a6,320,2.411,1
c2c0f88,321,2.4137,1
2e5ac60,170,2.4137,1
49a8b75,212,2.4247,1
3db234f4,2387,2.4329,1
28929559,956,2.4356,1
2a152135,5621,2.4548,53
5c28a659,5604,2.4658,1
5495c556,5620,2.4685,53
6b6c79b5,1551,2.4712,1
5332bea5,294,2.474,1
16227c00,4034,2.4849,1
7a9e7103,4039,2.4904,1
2c24946f,152,2.5041,1
55b7549c,4038,2.5068,1
798ecf4a,1553,2.5123,1
7cc96e07,1552,2.5205,1
5df0723e,4030,2.5315,1
75561ef4,2406,2.5397,28
1a2aa776,5606,2.5589,1
1551dfe6,463,2.5699,1
22df321d,957,2.5808,1
673b290c,449,2.589,1
321f2e3,2780,2.589,1
7df53a5e,1554,2.5945,1
28e5238a,5605,2.6027,1
33d0779f,464,2.6,1
6844e422,2389,2.6192,1
5689c36f,550,2.6219,1
57f14347,2381,2.6219,1
672dbaa9,1558,2.6329,1
5d5c961a,549,2.6438,1
2887279a,2382,2.6438,1
71c52d5b,4065,2.6466,1
1302e113,5607,2.6466,1
300d1b5e,3966,2.6521,1
6dbb9d63,4031,2.6521,1
67498a8f,2390,2.6548,1
7663da0b,551,2.6575,1
2e6ce872,685,2.6575,1
5de7550d,153,2.663,1
1f0d2859,2779,2.6685,1
34bbd4c5,3965,2.6767,1
5c60e3db,3968,2.6932,1
1586bf5d,3987,2.7014,1
633f0254,4040,2.7041,1
7ac5f7dd,155,2.7096,1
9c8ef0a,552,2.7123,1
52edbbd3,2388,2.7123,1
77567ad,3960,2.7123,1
72318a84,3969,2.7205,1
69870b34,324,2.7205,1
27f919b1,684,2.7315,1
18750dbe,154,2.7425,1
66eed19e,213,2.7616,1
37e1a8dc,2402,2.7671,1
583a1b00,1555,2.7671,1
208b279,5603,2.7836,52
6812f544,4032,2.7918,1
7860bbf9,3219,2.7973,1
247af667,265,2.8027,1
427d5b61,272,2.811,1
692ae7db,4033,2.8164,1
4a17ba35,3967,2.8192,1
3550dee6,295,2.8219,1
6d83419a,3989,2.8356,1
489204c6,453,2.8384,1
601ce8e6,5608,2.8411,1
172d20c2,2391,2.8411,1
24b96b2f,322,2.8493,1
7c55ef4a,459,2.8548,1
7b0963fe,136,2.8548,1
22c4a9db,3988,2.8548,1
55c776d,266,2.8603,1
6a5384fa,3970,2.8603,1
3ef91949,2392,2.8658,1
39af0945,175,2.8795,1
9898b1d,3972,2.8795,1
a4bd40e,686,2.8849,1
6f88725e,465,2.9014,1
f4cef68,139,2.9041,1
198a4f01,171,2.9068,1
1a564226,137,2.926,1
582e9854,138,2.926,1
1dba312f,5624,2.9288,53
310cba44,553,2.9342,1
7a350923,5628,2.9342,53
75c2f8e9,3223,2.9397,1
5675c209,4041,2.9562,1
be4ba79,243,2.9562,1
1a0ab2a1,450,2.9589,1
4e80f53e,149,2.9671,1
1cae91dc,4271,2.9699,1
4ac04e18,1556,2.9808,1
2717bc76,4042,2.9781,1
64337dca,466,2.9808,1
2be34457,690,2.9781,1
1518ebd3,4069,2.989,1
62837d10,5625,2.989,53
acb30ed,4036,2.9973,1
1fd98e57,4035,3.0164,1
7569d153,5626,3.0219,53
4419f255,150,3.0301,1
3fcdf4ed,454,3.0329,1
3d8b6c3b,273,3.0548,7
6e146f3f,2403,3.0575,1
554cc8e7,689,3.0575,1
5e4c0341,274,3.0575,1
38405607,3971,3.0575,1
75e0bba7,4070,3.0603,1
5d0dfc8f,4037,3.0603,1
46584e0c,958,3.063,1
78300b8d,4002,3.0712,1
427a8ae2,5622,3.0822,53
53ca1c57,172,3.0822,1
32373c89,554,3.0904,1
c5f372f,2383,3.0932,1
361b3ced,3224,3.0986,1
5ea24ab4,5623,3.1123,53
4e0f35c0,362,3.1288,1
6b70c4a0,208,3.1233,1
805e64d,4044,3.137,1
1fcfe44,1559,3.137,1
58b48b79,140,3.1425,1
53ec3792,4066,3.1425,1
3cff9556,157,3.1452,6
22d3fc65,3998,3.1507,1
b69163c,207,3.1534,1
77faab6b,4071,3.1699,1
459842a1,323,3.1671,1
595771f8,222,3.1726,1
58d2a61,156,3.1781,6
4696141a,209,3.1918,1
258da663,5629,3.1945,53
64154e50,1573,3.1945,22
639f8539,2407,3.2082,28
fad7509,3225,3.2137,1
796d9622,5609,3.2247,1
5458bed0,3220,3.2329,1
37c43091,555,3.2411,1
482af27d,3990,3.2384,1
28eddd1d,2411,3.2438,28
4c0ce034,451,3.2493,1
36cc556a,223,3.2493,1
59c5a311,369,3.2548,1
4f134000,5627,3.2575,53
95079ca,376,3.263,1
ea9f3f9,1560,3.2685,1
22f63594,244,3.2685,1
753f38e3,363,3.2685,1
23a260a7,158,3.2767,6
51cf505d,4003,3.2904,1
52d2dce3,460,3.2904,1
56dfd7f0,370,3.2986,1
3198e6b,959,3.3014,1
90d29eb,4278,3.3041,1
1a44e7cb,245,3.3123,1
328cd324,2408,3.3151,28
2760c403,1561,3.3096,1
7da979c8,365,3.3178,1
4a9bad28,3221,3.3288,1
66581b63,227,3.3342,1
33e76e56,687,3.3397,1
1d8b55e7,467,3.3534,1
20cc8322,4280,3.3616,1
740d71ec,176,3.3616,1
42dc219c,468,3.3644,1
53f704d,3991,3.3699,1
412e365b,371,3.3699,1
4f7ce790,1574,3.3699,22
5b9f7173,2409,3.3671,28
5eb3bd83,2410,3.3726,28
7d40b708,4045,3.3781,1
6dba73ab,367,3.3808,9
3030df5,2412,3.3836,28
45e1e10b,141,3.3918,1
7ac90d30,4279,3.3863,1
332f7f20,246,3.3973,1
70339363,4281,3.3973,1
833829a,5630,3.4027,53
13444acc,4272,3.4055,1
134b7248,2427,3.4055,28
5b5ae1fb,366,3.4055,9
379ed978,5610,3.4082,1
232dba43,709,3.4082,1
120e86c0,1563,3.4137,1
639c573b,1562,3.4301,1
5a8232b7,225,3.4301,1
5f43a7e8,368,3.4438,9
11f2f1e1,226,3.4466,1
77ac4d99,1575,3.4493,22
5618a6df,470,3.4466,1
14262713,325,3.4548,1
12ddb18f,2413,3.463,28
58dddede,4286,3.463,1
64b7b7ca,247,3.4685,1
708f6c8,1576,3.4685,22
143586a8,159,3.4712,6
318e2582,688,3.474,1
4e20abf5,224,3.4904,1
edeaa4f,4067,3.5178,1
76e6bf0d,142,3.5151,1
36666dfa,452,3.5205,1
7604ec81,556,3.5205,1
440af256,5611,3.5205,1
3d309eb7,3992,3.5315,1
6e6b2363,364,3.5315,1
21d4da60,2414,3.5342,28
4647c78c,3999,3.5342,1
43cb6b03,3222,3.537,1
12fae71f,4046,3.5425,1
3c34d6c4,372,3.5452,1
2b8606d1,4004,3.5479,1
5305cf8a,4047,3.5534,1
2542e0bf,173,3.5644,1
4b8e259a,455,3.5671,1
74289cb8,5612,3.5671,1
e89f1eb,4000,3.5753,1
15a2de65,228,3.5863,1
68a63ac4,2781,3.5836,1
523e60bf,160,3.589,6
5d5af91,215,3.5945,1
13f9c5ba,161,3.5945,6
10ab7056,3973,3.6,1
50b208e0,4048,3.6055,1
4982089d,961,3.6137,1
6818b28a,960,3.6137,1
35917e26,2429,3.6137,28
4dc52a20,4001,3.6137,1
7e739102,3994,3.6329,1
6fa51253,162,3.6411,6
2143d996,4068,3.6493,1
276ca8b1,4321,3.6548,1
4c23ff18,4273,3.6575,47
a4dc234,2430,3.674,28
37e2c797,377,3.6849,1
3493fd15,469,3.6932,1
560a8104,4005,3.6904,1
14618254,4006,3.7096,1
2513c818,710,3.7178,1
70d9be8e,2428,3.7178,28
3cb884a8,230,3.7288,1
5b098ed5,4043,3.7342,1
59092611,174,3.737,1
41627c46,216,3.7452,1
6e512293,2415,3.7397,28
7c72972a,3995,3.7507,1
6b1ac157,711,3.7534,14
1688461a,2431,3.7616,28
7b335b8b,712,3.7753,14
29e198e7,177,3.7781,1
116f7666,694,3.7781,1
41c29136,456,3.7863,1
7c6fe020,4049,3.7918,1
1d610325,2782,3.7918,1
386296ce,2416,3.7945,28
6dfcebd5,4274,3.7973,47
4a05c3cb,4533,3.7945,1
3d5da853,558,3.7973,1
6e9168aa,4322,3.8,1
7b7c3676,3993,3.8027,1
57041b31,163,3.8055,6
2ee8647f,217,3.8082,1
5d2cf047,4072,3.811,1
381d0770,4282,3.811,1
22c84983,248,3.8164,1
7266ac5b,4284,3.8192,1
55620378,4283,3.8192,1
6f766f5b,1577,3.8301,22
3f80d342,713,3.8329,14
79bd966,214,3.8356,1
5f640160,691,3.8356,1
1a58b037,4275,3.8466,1
46080890,714,3.8438,14
7f2bd9d0,692,3.8521,1
66d4398,557,3.8575,1
5ceb7f7f,457,3.8603,1
3bb854,2785,3.8658,1
5f3d696c,1564,3.8767,1
309499cd,2971,3.8767,1
1d7f17c6,296,3.8767,1
5977b693,4009,3.8795,1
78b31134,4007,3.8877,1
2597ef6e,1578,3.8877,22
11d594b9,471,3.8932,1
75727b3e,231,3.8959,1
1528fe15,178,3.8986,1
f5e8f41,4050,3.9068,1
3293b24f,4099,3.9068,1
54de94a8,2432,3.9151,28
6540070,693,3.9178,1
7d0bb37c,3226,3.9233,1
52a56758,695,3.9205,1
72fec270,4100,3.926,1
548f1bdf,378,3.926,1
74bfd261,2417,3.926,28
d59f409,373,3.9288,1
f621226,4008,3.9342,1
9304a90,3996,3.937,1
254df98a,249,3.937,1
2f6b0b98,3997,3.937,1
6dd04bc0,2791,3.9425,1
a454b1f,5656,3.9425,53
663fe820,229,3.9452,1
5087034c,4323,3.9425,1
2cf4dcc4,326,3.9507,1
5bb43509,4096,3.9507,1
34d5ebf4,218,3.9616,1
2db27ba6,461,3.9644,1
6b1ea331,2433,3.9644,28
944bf7d,462,3.9671,1
27aa9028,3974,3.9781,1
5dccf5a9,2972,3.9808,1
46dd3faf,251,3.9863,1
55803eeb,2973,4,1
780c0399,301,4,1
b54f760,374,4.0027,1
310f2a1e,3975,4.0027,1
1d8aa334,700,4.0082,1
1e004bd7,232,4.0192,1
6089345,219,4.0219,1
2a4b8b13,4540,4.0274,1
7966459e,250,4.0301,1
52651087,5657,4.0329,53
625c1b9e,5631,4.0356,53
73c6eeb8,2792,4.0356,1
7e1eaaf1,717,4.0411,14
7b7f4447,696,4.0466,1
3cce9ccc,2419,4.0575,28
4a2b8b55,3227,4.063,1
48a9e965,1565,4.0658,1
43eb8ba3,2786,4.0685,1
18db9c3e,221,4.0685,1
e47ec7e,4097,4.074,1
1d6c14f9,715,4.074,14
1a8924f0,2783,4.0767,1
69003110,716,4.0795,14
453f7c86,254,4.0767,1
5201291,381,4.0849,1
544591fc,3980,4.0877,1
29738c51,4541,4.0877,1
7a0e932b,4285,4.0932,1
7f3fb261,382,4.0932,1
78d160b,4098,4.0959,1
46abdd74,4010,4.0986,1
32a913af,560,4.1014,1
3c30591a,4287,4.1123,1
3e9e5847,4535,4.1178,1
514c3cd1,300,4.1178,1
2b82693c,4288,4.1123,1
15440ddf,2434,4.1178,28
59542350,4534,4.1233,1
69ce261f,379,4.1342,1
51bd7993,252,4.1425,1
6422ac8e,383,4.1452,1
1c145df9,4073,4.1452,1
d8e6086,4051,4.1479,1
4726eba,298,4.1479,1
de26bdb,1579,4.1452,22
3eb9fe46,297,4.1562,1
4f0e73c3,3977,4.1562,1
2268b1e3,968,4.1589,1
209fe702,2418,4.1616,28
f72eef0,220,4.1644,1
2fba61c3,5632,4.1699,53
2f333618,327,4.1726,1
71cb144e,2788,4.1753,1
665ba373,4011,4.1753,1
17613a30,720,4.1808,14
2bcdd374,328,4.1836,1
28dcb27,697,4.1808,1
39f6a03e,4052,4.1863,1
27d8bd8a,299,4.189,1
71dfb0c,253,4.1918,1
624b9c76,559,4.1973,1
e73a7eb,3976,4.211,1
288014b,4536,4.2164,1
12ffcc1c,4074,4.2164,1
605ed87d,4101,4.2192,1
5e48402c,561,4.2219,1
4d97f8f1,2784,4.2247,1
5716c72f,962,4.2356,1
f573a51,4012,4.2384,1
19dc86f6,4075,4.2384,1
589fcc1,386,4.2438,1
4574b530,1566,4.2438,1
77abccf1,698,4.2466,1
4118e5e7,473,4.2493,1
3c8e2004,164,4.2493,6
762baca0,2420,4.2521,28
5f4e2ad0,5633,4.2575,53
2bcd1a6f,472,4.2493,1
597fdb03,3978,4.263,1
143c4e28,4053,4.263,1
34c83f65,2435,4.263,28
3f59aea3,2974,4.2712,1
11ef1b32,4324,4.2712,1
366f6dcf,302,4.2685,1
40d43824,2421,4.2712,28
320aaa2b,179,4.2767,1
3f289724,2422,4.2767,28
5bd501d3,3319,4.2795,1
19b6c0e,276,4.2877,1
16191e73,384,4.2932,1
77ed018c,1580,4.2986,22
6acc3c92,5658,4.2986,53
1051a6a8,4325,4.3041,1
6379f6e8,3320,4.3068,1
234372b3,256,4.3096,1
3dcd9672,165,4.3151,6
22331126,4076,4.3205,1
5a87b1b,3981,4.3205,1
3f4a972e,4289,4.3233,1
1328e899,4276,4.3233,1
42078288,1581,4.3233,22
780701cf,4326,4.326,1
2ae332de,255,4.3315,1
2d459404,4290,4.3342,1
139f1a06,4542,4.337,1
472754cc,3321,4.3425,1
39ca9d62,1582,4.3507,22
7983eaed,718,4.3507,14
122780f1,375,4.3589,10
6f5b274d,303,4.3589,1
2178649,475,4.3589,1
65903691,2423,4.3616,28
64a5d064,4013,4.3726,1
6fb31fe2,2441,4.3781,28
4a2bf409,5638,4.3808,53
7cfcc34e,2438,4.3863,28
1f830e15,5634,4.389,53
42672756,385,4.3945,1
80be98e,1583,4.4027,22
33de23e0,474,4.4082,1
1d15cf3a,181,4.411,1
7699965,304,4.4137,1
7ccf4349,5635,4.4137,53
2b5f92c7,380,4.4137,1
1880f489,257,4.4137,1
53e9e44d,4277,4.4164,1
553a2072,3228,4.4192,1
720fdc,258,4.4219,1
2a459b8,2789,4.4219,1
613e8af2,562,4.4274,1
1d9fd1d9,5663,4.4274,53
1c885ab,4077,4.4329,1
5f50c50,2439,4.4384,28
253cfccf,2975,4.4384,1
464ee0a8,2793,4.4466,1
3eec017,963,4.4493,1
2ed4cbb6,4537,4.4466,1
6c4c9027,3229,4.4493,1
5db676a6,3322,4.4521,1
4874aa75,5662,4.4521,53
28adfb7f,4017,4.4548,1
4bc28f6d,699,4.4575,1
29c5f365,275,4.4603,1
5b8298bf,2854,4.4575,1
20ac0ca7,387,4.463,1
28697d3d,4078,4.4658,1
4b591c32,964,4.4658,1
412f1e8e,2424,4.4658,28
46042dd0,259,4.4685,1
17213ccb,260,4.4685,1
135406c,183,4.474,1
18faf7a0,965,4.474,1
4c5c13f9,5636,4.474,53
413cadd9,1584,4.4795,22
225fb056,5637,4.4767,53
45d26360,185,4.4849,1
53db2a04,5659,4.4877,53
53dd4674,573,4.4986,1
5f0e3e61,184,4.5041,1
6ecf7d96,3323,4.5068,1
4a3947f3,3324,4.5068,1
41884e71,4079,4.5096,1
15bb83e2,2440,4.5151,28
43a43b56,3979,4.5151,1
5692dd79,180,4.5123,1
fc3b655,261,4.5123,1
56940e87,5660,4.5205,53
16b440c7,4538,4.5288,1
1f793324,5661,4.537,53
7d65c516,564,4.5397,1
3ddca6d6,4543,4.5397,1
4bca67dc,1585,4.5397,22
1dfc9d92,4102,4.5425,1
750a6898,2790,4.5452,1
4ee2b64e,186,4.5534,1
16505352,2425,4.5589,28
13da455b,1593,4.5616,22
ebc32c3,278,4.5534,1
62f185a3,1586,4.5671,22
77d53e8b,969,4.5699,1
51c1a338,2787,4.5726,1
151ac0eb,4103,4.5671,1
868e3a4,4054,4.5753,1
2c5eb6f9,701,4.5808,1
3880bae3,4544,4.5808,1
57c5bd1a,2442,4.5836,28
9baf00f,565,4.5808,1
d0be065,4055,4.5863,1
508a66bf,4327,4.589,1
73f16476,478,4.5918,1
6de089ef,4549,4.5918,1
17b7d424,329,4.6027,1
49537455,563,4.6055,1
4a6f5c5e,566,4.6055,1
23291b0d,2976,4.6082,1
a16fdb8,702,4.611,1
5835d173,1567,4.6137,1
5480a3c9,4539,4.6192,1
3e8eb5af,5664,4.6274,53
6808eb87,567,4.6384,1
39264f8,3327,4.6384,1
3ed4a20f,2807,4.6411,1
481c42ef,188,4.6411,1
2d8a3740,4018,4.6438,1
6767dcb8,479,4.6493,1
2362d791,476,4.6493,1
453647af,2426,4.6384,28
6b415a5d,5639,4.6521,53
7742d108,1570,4.6521,1
6c9dc135,389,4.6548,1
46bcfd73,4104,4.6521,1
2ebd83bd,4301,4.6603,1
1fe76b00,187,4.6575,1
6b2379eb,330,4.663,1
7e4c2365,331,4.663,1
7c5ac1f0,5671,4.663,53
5dacfc6d,2806,4.663,1
79b733b3,279,4.6712,1
667f60eb,1568,4.674,1
4c806895,3230,4.6795,1
7675bafc,581,4.6795,1
369f252a,569,4.6795,1
4ca97a25,2794,4.6795,1
2bfa632a,189,4.6795,1
342a47a7,4545,4.6822,1
64716200,4080,4.6822,1
11092fbd,277,4.6795,1
3f889628,4557,4.6849,1
70f15286,2444,4.6849,28
8ea9c81,2443,4.6849,28
1f39a9db,1587,4.6877,22
3fdc5f7a,966,4.6904,1
67649efe,719,4.6932,14
1c266dec,2808,4.6959,1
6639798c,721,4.6959,14
3a6bff5e,2809,4.6959,1
793b1583,481,4.6959,1
56dd5e45,4106,4.7014,1
90743c3,4328,4.7014,1
124aa560,477,4.7068,1
7b05a80b,2795,4.7096,1
76cdc896,1630,4.7178,22
1e71293a,281,4.7178,1
18082ff6,280,4.7178,1
3f47b07a,2436,4.7205,28
5a2c12ce,5668,4.7205,53
354fea1,4547,4.7233,1
55c75b30,4546,4.7205,1
4268904b,570,4.7233,1
402e2c1c,2445,4.7233,28
253b9b89,3325,4.726,1
64ab734e,4548,4.726,1
3cc04e4f,1588,4.7315,22
13ab086b,305,4.7342,1
bdaba30,3232,4.7342,1
db699c8,4019,4.7342,1
3cc90aae,390,4.7425,1
13aac014,4081,4.7425,1
3c72f7a,568,4.7452,1
7ce99943,2796,4.7452,1
3b5f895c,3231,4.7425,1
5d120e08,332,4.7534,1
34c3aa62,4550,4.7589,1
6453a4bb,970,4.7589,1
411e445a,571,4.7644,1
103b4ee5,5640,4.7644,53
2050ff10,4329,4.7616,1
67923666,589,4.7808,1
1e1d2053,592,4.7808,13
a0a6468,590,4.7836,1
541b0913,572,4.7863,1
6028e80b,4332,4.7863,1
161fe2d0,182,4.789,1
6048d773,4595,4.7918,1
17a06c91,593,4.7973,1
1b7face7,5672,4.8,53
8b2592a,4330,4.8027,1
721fd43a,5669,4.8027,53
544a7645,482,4.8027,1
20c5d3df,4020,4.7945,1
409a5cb9,282,4.8055,1
153e3db3,5643,4.8082,53
26e4d8d9,2978,4.8082,1
2a56663b,4337,4.811,1
2da9c56a,5644,4.811,53
3a63beac,4105,4.8137,1
3f442bf2,388,4.8137,1
6d066d36,337,4.8192,1
15356979,4599,4.8219,1
3f660ed3,480,4.8219,1
2698c0ba,2977,4.8247,1
4579d396,1569,4.8274,1
54181d53,722,4.8274,14
5bfc7b70,4558,4.8274,1
5463e64a,4333,4.8274,1
341e616c,4060,4.8301,1
57fd6a56,4596,4.8301,1
3f70f11a,591,4.8247,1
76f2a7f,2437,4.8356,28
11e6d19b,4600,4.8411,1
22975361,4056,4.8411,1
4c75cd6e,391,4.8411,1
4e583d82,5665,4.8493,53
3b4f3919,4015,4.8438,1
19975ebe,3329,4.8521,1
d1e50bf,594,4.8575,1
5cdf6ca7,5645,4.8575,53
b27d08d,4014,4.8548,1
336708d2,1631,4.8575,22
4d25f013,5670,4.863,53
2fd94a64,2979,4.8658,1
1a4f54aa,4331,4.8658,1
16d07fdb,5666,4.8603,53
11e5eea9,2803,4.8685,1
73a231ee,4551,4.8685,1
16cddf94,4016,4.8712,1
4166b58c,306,4.874,1
8e5cc68,4552,4.8767,1
764723e3,4338,4.8767,1
48690b24,2981,4.8795,1
2a266e86,2452,4.8822,28
52ef2529,2448,4.8795,28
1d785cac,971,4.8822,1
45b88716,4601,4.8822,1
427d499a,976,4.874,1
560e693d,4341,4.8849,1
b46945d,3235,4.8849,1
c6ab1e8,574,4.8849,1
403c4145,578,4.8877,1
1d48440c,4302,4.8877,1
4034b7d,2802,4.8904,1
2f6ee0b9,4057,4.8904,1
702c54c4,333,4.8932,1
6279c218,394,4.8959,1
2f1b16e9,4335,4.8959,1
19bbd7d6,575,4.8986,1
3852fb39,4059,4.9014,1
14b42019,4291,4.9041,1
315de8d4,4334,4.9123,1
69eead6e,284,4.9178,1
7b764ee3,3339,4.9178,36
c2da33a,4339,4.9178,1
5428a9dc,2804,4.9123,1
52e8f123,2855,4.9178,1
4ef1b3cd,1589,4.9123,22
630f116a,1571,4.9205,1
7b9eda6,4061,4.9233,1
66ecaa18,3326,4.9233,1
6cdce215,2805,4.9233,1
57639541,595,4.9288,1
73182e0f,2810,4.9288,1
30b4847a,2453,4.9342,28
78a88b17,4340,4.9452,1
7b174270,703,4.9534,1
5643145a,392,4.9562,1
494d634b,1632,4.9534,22
5d4eb94c,4292,4.9589,1
711f783,1590,4.9589,22
610271c1,2811,4.9616,1
5fdfb25a,1572,4.9671,1
2047ab53,977,4.9644,1
2b2d32b,307,4.9699,1
57ba3ad7,308,4.9699,1
2a1e8ee8,190,4.9699,1
8d96c14,339,4.9699,1
1e7a9adc,5673,4.9699,53
5521876,393,4.9753,1
58607e13,723,4.9753,14
45e04b7f,2797,4.9753,1
515fe363,576,4.9781,1
fe85e6e,4305,4.9781,1
3bdeddd0,287,4.9781,1
54a32966,2812,4.9808,1
135f3b3e,4303,4.9863,1
2baeb3ce,404,4.9863,1
3578a685,4336,4.989,1
3d3596cd,2446,4.989,28
72b31ce2,3340,4.9918,36
1496cd78,2800,4.9945,1
5d09fae7,704,4.9973,1
7063b42b,285,5,1
3d465b58,2801,5.0027,1
57aa1105,4058,5.0027,1
463866c3,4307,5.0055,1
69ff0ec,582,5,1
2b1740c3,395,5.0137,1
57ac74c5,597,5.0137,1
aade048,1594,5.0137,22
24845262,5680,5.0219,53
23a15dce,2798,5.0219,1
262a3907,4062,5.0247,1
75266b5d,4342,5.0274,1
372a7459,2799,5.0356,1
31bb279c,2856,5.0356,1
185d5348,2857,5.0466,1
1f18302e,1892,5.0384,22
6fc8b345,2813,5.0466,1
76d5f428,2980,5.0466,1
b248a59,4348,5.0438,1
1f016e9e,978,5.0548,17
2fe97808,283,5.0575,1
63cbcb66,4602,5.0548,1
11fe1344,334,5.063,1
3b86c8a5,2449,5.063,28
14dfebce,4107,5.0712,1
297292c8,4306,5.0712,1
1584c69c,577,5.0575,1
4877d091,1595,5.0767,22
4539eada,286,5.0795,1
362ae3e8,2450,5.0822,28
2ed3f828,2451,5.0849,28
35e6cb6a,1591,5.0877,22
53b11ba,5667,5.0877,53
5fadbd75,4063,5.0877,1
130acbe8,5681,5.0959,53
658f6240,973,5.0959,1
6f6a3b11,5641,5.0959,53
df256d2,1592,5.0986,22
7ff93a44,4304,5.0932,1
5ec98c6c,288,5.0986,1
7d4d52c2,4343,5.1014,1
1bd959d6,579,5.1041,1
55aa58f,396,5.1014,1
3b56a486,583,5.1068,1
29eef56c,812,5.1096,14
6df545e7,1600,5.1123,22
20d7901c,4559,5.1151,1
78281e6e,4553,5.1151,1
38168c2f,191,5.1205,1
288eba39,4086,5.1233,1
26f2493a,340,5.1233,1
78698d1d,967,5.1315,1
408a3710,705,5.1315,1
c771ad9,598,5.1342,1
172f696,3330,5.1342,1
1d08124a,4108,5.1342,1
29872348,4293,5.1342,1
1db25200,3341,5.137,36
c91c411,584,5.137,1
59abcc6a,341,5.1452,1
51d60d8b,335,5.1452,1
41dbf99a,6438,5.1425,53
4ef691f3,3236,5.1479,1
4c457570,1633,5.1452,22
2d1e8326,483,5.1507,1
3317b836,4082,5.1452,1
4914ceae,4597,5.1452,1
2e1ddc09,4344,5.1479,1
77c37d5f,397,5.1562,1
799bad99,338,5.1562,1
16156dba,1596,5.1562,22
4dcb1a4d,1597,5.1589,22
56a806e5,1893,5.1616,22
3aeda0ea,5646,5.1589,53
1e3e354b,3346,5.1616,36
23fbf38b,289,5.1616,1
74aeca4b,813,5.1726,14
3572563f,5642,5.1671,53
62cf5a8b,2454,5.1753,28
db4bff4,1601,5.1726,22
71af7262,972,5.1781,1
564b11c6,487,5.1808,1
4ec80286,4110,5.1836,1
357b94ab,3345,5.1808,36
662b4fb4,4085,5.189,1
7c75cfbe,3237,5.189,1
6c1d1d71,2985,5.2,1
62d6f415,4087,5.1918,1
5150f7d8,3332,5.2,1
6c8416fb,4603,5.1973,1
50eeb230,193,5.2082,1
4a2cdb65,3331,5.2055,1
549ccbc9,974,5.211,1
13feb13,336,5.211,1
4dc00601,706,5.211,1
681a42bb,194,5.2164,1
5a6a1ef2,2447,5.2192,28
247301df,2862,5.2164,1
69cefb5e,192,5.2219,1
148e5eca,2982,5.2192,1
53fb6346,5647,5.2247,53
596c7a45,1598,5.2219,22
7535832e,1602,5.2274,22
20c22f81,4088,5.2301,1
15d4a56d,980,5.2356,17
65adf54e,580,5.2384,1
f198bce,4083,5.2356,1
7ba7f6ae,4198,5.2384,1
b5841a4,1118,5.2411,17
73ce5bcf,585,5.2438,1
2cb98778,405,5.2411,1
494ab9a1,407,5.2356,1
56d03e,398,5.2466,1
156264bf,3342,5.2466,36
34b212a4,6439,5.2411,53
43c73243,2815,5.2493,1
711be13,1634,5.2521,22
6008d1d,1603,5.2521,23
57c961c8,2814,5.2603,1
1a9bbbcd,3333,5.2658,1
6034c7f7,3328,5.2685,1
6a5f1cc4,5682,5.2685,53
68351cf7,4199,5.2712,1
655ed53e,2858,5.274,1
2fb787ef,3348,5.274,36
69fae691,399,5.2849,1
7bd17e56,4109,5.2822,1
3bc3077f,1894,5.2877,22
28586717,979,5.2877,17
16a8d2e3,596,5.2904,1
667b2dae,342,5.2932,1
452026e1,1604,5.2959,22
2e2b818d,2863,5.2932,1
f4c5ab3,6445,5.2959,53
7ec46161,290,5.2986,1
416d254a,981,5.2986,17
220ac117,4294,5.3014,1
5be04a8,586,5.3041,1
776bca7b,400,5.3014,1
1670e46,309,5.3068,8
283f3ece,485,5.3068,1
285fba87,401,5.3096,1
2af9729e,402,5.3096,1
21655fe,4064,5.3178,1
294021e6,4353,5.3205,1
42303de1,1635,5.3233,22
77788a50,3347,5.326,36
5ee9bed6,2455,5.3205,28
3fe55a17,484,5.326,1
fec41b0,5674,5.3288,53
30e6a18e,4554,5.3288,1
3cf57017,587,5.3342,1
5154eec5,403,5.337,1
5c3eba80,4345,5.337,1
3a1713,3238,5.3425,1
2ff97651,4202,5.3425,1
3ad9b45b,311,5.3479,8
33135c3d,1895,5.3507,22
62d47d24,3343,5.3507,36
7c133967,2987,5.3562,1
57d58371,486,5.3562,1
4968d11a,345,5.3534,1
40b73454,1599,5.3589,22
249889ed,4346,5.3589,1
53949a49,5675,5.3589,53
38d156bc,6446,5.3589,53
28a15541,2986,5.3616,1
514dc195,975,5.3644,1
317afdb0,310,5.3644,8
46cb7f04,2822,5.3644,1
646221c1,4200,5.3699,1
1a405bf7,1902,5.3726,22
70aed7da,3982,5.3726,1
5f0645e2,3233,5.3781,1
5b1c15b1,6441,5.3781,53
3dede41f,4604,5.3781,1
20c39ff9,4350,5.3808,1
5747dcab,4357,5.3781,1
555ace09,291,5.3836,1
6ed0e88e,408,5.3836,1
3ccf3457,2817,5.389,1
4f4860,347,5.3945,1
295ccf78,1119,5.3945,17
3e6e4e6,4133,5.3945,1
6a9bf88c,343,5.3973,1
2f331404,1636,5.4,22
19151881,1896,5.4,22
3948e47d,3234,5.4027,1
482eed15,4349,5.4,1
554545ca,4084,5.4,1
327f8f72,406,5.4055,1
49076fe2,5683,5.4055,53
61304a50,195,5.4,1
54da8162,4555,5.4055,1
22066747,5648,5.4055,53
637e3cc9,2983,5.4082,1
1cea5e79,724,5.4082,14
7f6bf57e,4347,5.411,1
7fbaaa60,1121,5.411,17
6d30592a,3344,5.411,36
2367cb63,6440,5.4164,53
3071a74,409,5.4164,1
29c459de,6447,5.4192,53
67b22700,5651,5.4192,53
4652acc5,1170,5.4219,17
4e5f306e,2823,5.4219,1
1e8c118d,6442,5.4301,53
5bf34bbf,2988,5.4301,1
37bbb950,726,5.4301,14
601c3e0f,830,5.4329,14
932a0f3,1120,5.4384,17
6b1d817b,2818,5.4384,1
7865b1da,488,5.4411,1
38fa2c59,1637,5.4356,22
4aa02d86,1171,5.4438,17
7915364a,4556,5.4466,1
78f89321,3334,5.4493,1
7fe9d31c,348,5.4493,1
386a7fc7,5684,5.4493,53
20ec7a38,3336,5.4521,1
437a246c,2456,5.4521,28
1698a05c,1606,5.4575,22
46ef73a3,4295,5.4548,1
52db88c5,4598,5.463,1
7a3281c4,3335,5.4658,1
4b72dcad,5677,5.4658,53
18bb1fdf,1122,5.4685,17
5ccd969,1172,5.4685,17
61948c49,2881,5.463,1
25f41500,2882,5.474,1
2ef1519c,4564,5.474,1
5b14e9f1,4964,5.4795,1
4ba69cdb,1638,5.4822,22
166ca6b6,2824,5.4822,1
56691643,5676,5.4849,53
5330459b,4560,5.4877,1
2c8f5b62,489,5.4877,1
5f251153,344,5.4877,1
5b905bdf,3984,5.4904,1
2a3c03cd,616,5.4904,1
4160dffa,1123,5.4904,17
102d56d0,312,5.4932,8
462f4bfc,3337,5.4932,1
317765e3,2984,5.4932,1
76afe338,725,5.4932,14
c4eb0eb,1909,5.4932,22
30027a35,5650,5.4959,53
3a5049ab,615,5.4959,1
336fcbfa,982,5.4959,17
7538c629,1173,5.4986,17
26cfde00,832,5.4986,14
64d358ae,4354,5.4986,1
4a5fec94,2825,5.4986,1
6ea708e7,2859,5.4986,1
bab9b96,4310,5.5014,1
692ff438,4134,5.5014,1
40c60293,814,5.5041,14
1f4093f3,5649,5.5068,53
1d6b9d87,346,5.5068,1
510af5a7,4308,5.5041,1
3e7b9e63,1910,5.5096,22
1c77d467,2457,5.5123,28
2979a031,4355,5.5151,1
75585da5,4309,5.5151,1
200b4ae9,4561,5.5151,1
3fe11f12,4135,5.5178,1
39407284,4201,5.5205,1
1b364d27,5678,5.526,53
7faa0e58,4356,5.526,1
57c9c56a,4111,5.5288,1
48849730,588,5.5288,1
726a18f6,2819,5.5315,1
5b1c3ce9,611,5.5397,1
74eb211c,2816,5.5288,1
674dabfc,3265,5.5397,1
18ba05a6,4298,5.5425,1
3a3503ef,1607,5.5397,22
748b34,6448,5.5397,53
7a20ec3a,4351,5.5425,1
2dbab9e7,4610,5.5479,1
65e50ec3,4297,5.5534,1
775d53eb,4565,5.5534,1
53544b1f,2460,5.5507,28
2b59a513,4611,5.5562,1
668735ad,599,5.5562,1
7d2c40cc,2989,5.5562,1
3a1a2a8b,1605,5.5562,22
7b58e09d,815,5.5589,14
a25405a,1897,5.5616,22
6c321d30,4562,5.5616,1
54f9ca30,4352,5.5589,1
fcc0b63,1124,5.5671,17
cad4331,612,5.5699,1
33c77746,292,5.5726,1
fa725ab,4203,5.5726,1
2f209395,707,5.5671,1
5387c0dc,6449,5.5726,53
5bf2e0ad,3349,5.5753,36
667b66f5,2990,5.5753,1
6d4e0c05,2458,5.5781,28
46599602,2991,5.5808,1
2b353f35,601,5.5836,1
678e5576,3271,5.5836,1
7a3d43a6,4566,5.5863,1
72c9287f,3983,5.5918,1
35a82906,410,5.5918,1
ca8b4dd,6443,5.5918,53
705e2365,4623,5.5918,1
729066cc,4605,5.5945,1
6720b80d,349,5.5973,1
7790e73c,313,5.6,8
76d4b7a0,4299,5.6,1
734fa36,315,5.5973,8
75c321e4,6444,5.6027,53
70309b0,738,5.6027,14
6581298d,3455,5.6027,36
3fef0f27,2828,5.6055,1
15589b06,3272,5.6137,1
466257ba,3350,5.6192,36
59b3884f,3352,5.6192,36
35920fb5,3456,5.6219,36
3c9a52ec,2829,5.6192,1
288a8981,5679,5.6219,53
644332aa,4612,5.6247,1
5ba4a126,834,5.6274,14
2dbfe2c4,600,5.6247,1
3048761f,314,5.6301,8
50b62714,2459,5.6301,28
2d9d89ca,5653,5.6356,53
31b80dc0,4563,5.6329,1
5e16fae8,2820,5.6384,1
48f139ba,3353,5.6384,36
291e3937,606,5.6384,1
680c3607,1639,5.6411,22
1245054,1613,5.6411,22
2f1a024f,816,5.6411,14
40d98523,4089,5.6411,1
18d6cb8e,2826,5.6438,1
5b75dd6c,835,5.6411,14
11e37a9d,4090,5.6438,1
32663e05,1898,5.6438,22
3e9a45f7,4567,5.6521,1
10be6311,3000,5.6521,1
1a03c409,3370,5.6521,36
14ad6063,1608,5.6521,22
37a7289,1176,5.6548,17
1916575a,1125,5.6548,17
75cf1c72,5652,5.6493,53
4ce52c41,2821,5.6548,1
168a5f31,1134,5.6575,17
122de265,2883,5.6603,1
392acbfd,3356,5.6603,36
70c44850,614,5.663,1
5ad862b6,1609,5.663,22
22f40c1f,833,5.6658,14
340b7c26,1640,5.6658,22
70bcce41,5685,5.6712,53
dff34f9,1177,5.6712,17
62656398,1899,5.6712,22
19aca03a,602,5.6767,1
d60d9be,1905,5.6767,22
1b38d095,613,5.6795,1
6f9467f7,986,5.6795,17
2624b03e,3351,5.6795,36
1dcfd76c,1615,5.6849,22
2d82206d,317,5.6877,8
752dec21,1005,5.6822,17
7063f130,739,5.6877,14
3c049b14,2827,5.6849,1
59ec52c3,1178,5.6932,17
3f2279ea,490,5.6959,1
7720c5ca,4112,5.6932,1
182f348a,5654,5.7014,53
31fa72b,2992,5.7068,1
6c1a3c09,831,5.7068,14
74dec6a5,1912,5.7096,22
2b02cd3a,1174,5.7096,17
589f1cfd,1614,5.7123,22
2647ce3a,2461,5.7151,28
1b80548f,1616,5.7178,22
8cb3f91,607,5.7151,1
196942b4,2884,5.7205,1
39b1dd90,1914,5.7178,22
50d07b16,1646,5.7205,22
211ff282,727,5.7178,14
325f191a,316,5.7205,8
38a2ee02,1907,5.7205,22
6b0d7740,1126,5.7233,17
5ce76aec,4613,5.7233,1
2320810,836,5.726,14
55f1c1f2,4205,5.7288,46
2dcf24aa,2830,5.7288,1
2df8e124,4311,5.7233,1
4a2f4e7d,603,5.7315,1
58cfada0,1180,5.7315,19
c713867,1906,5.737,22
b63a2ad,4314,5.737,1
66ea090c,4206,5.7397,1
51f2ac12,4137,5.7425,1
5b9a51bf,4136,5.7425,1
515e4009,4568,5.7425,1
5606ff0a,350,5.7452,1
7381eac7,3457,5.7452,36
76b646d0,3357,5.7479,36
2ae34fad,740,5.7479,14
40228363,5930,5.7479,53
213ddac2,1175,5.7479,17
36a6067d,1911,5.7507,22
5d16cbf0,4141,5.7507,1
19528644,4358,5.7507,1
4d3f3796,1900,5.7562,22
29b0f39,2993,5.7562,1
71ba6041,3248,5.7589,1
69391dd1,837,5.7616,14
6454d614,4315,5.7616,1
50e3de8f,3985,5.7644,1
a5bf16d,1641,5.7616,22
2b2db262,4669,5.7699,1
19c4ad16,1908,5.7699,22
690b3565,1617,5.7644,22
2752896d,3338,5.7699,1
7257c473,4312,5.7699,1
50d6cd54,5655,5.7726,53
342fc6f9,2994,5.7726,1
4bf7d04,3268,5.7699,1
3715851f,4671,5.7753,1
77e087cf,4313,5.7781,1
7b2dbbd2,4138,5.7781,1
1f857b0f,318,5.7781,8
1740ec7a,4670,5.7781,1
317fb240,4608,5.7808,1
4ed7ae36,4139,5.7753,1
286a6712,1901,5.7836,22
42580de7,1913,5.7863,22
55f1e78e,419,5.7863,1
439435c9,825,5.7863,14
f357249,491,5.789,1
7c60db87,4609,5.789,1
469e4226,4614,5.7918,1
26778e12,3249,5.7918,1
70cf6f61,4092,5.7945,1
442fdd68,3458,5.7945,36
54f88b0b,4317,5.7918,1
3fd61f99,5688,5.7945,53
3cfdaa7c,4316,5.7973,1
51840c18,4204,5.7945,1
60ac589e,4113,5.8,1
1a6a1bef,1903,5.8027,22
357ad7f3,1904,5.8027,22
6d049402,1643,5.8027,22
50c73b16,492,5.8055,1
7711ae,3273,5.8082,1
3a095855,3269,5.8055,1
38e39f22,1006,5.811,17
729c5eb2,4214,5.8137,1
14fdc01,741,5.8137,14
4a5ecb2e,2860,5.8137,1
3ae5f9c0,1642,5.8164,22
1e5b6b31,608,5.8164,1
ea2df86,1127,5.8164,17
321962c7,708,5.8192,1
2727a6bd,4359,5.8219,1
6260538b,3266,5.8192,1
17a3c6ad,742,5.8219,14
1ab92e03,1179,5.8192,17
7a26feae,4360,5.8329,1
7172a092,6676,5.8329,53
1e3c063a,2831,5.8356,1
3bce4e59,3358,5.8356,36
350b477,3001,5.8356,1
19d8f8ee,5686,5.8411,53
79c40c55,4094,5.8356,1
34da4e4d,319,5.8384,8
a76aac0,2471,5.8438,28
322fb7ad,886,5.8466,14
4bb8d92c,887,5.8493,14
2cef1360,4093,5.8466,1
6cee268e,823,5.8466,14
359139e2,3354,5.8521,36
53dfb13b,4319,5.8466,1
3123dce8,3986,5.8548,1
1c02e632,6677,5.8548,53
353c0043,729,5.8548,14
19d02f7c,4624,5.8575,1
6f2dc88d,417,5.8575,1
12557e3a,5689,5.8575,53
145796a,4361,5.8575,1
67037c82,4408,5.8575,1
3da70e89,992,5.8603,17
42a0d2c1,817,5.8603,14
13df266f,4362,5.8603,1
363f3ddb,1622,5.8603,22
138b963,4300,5.8603,1
18677150,4140,5.863,1
4bcb8ff,1623,5.863,22
32c3d51f,728,5.863,14
37954688,2472,5.863,28
5d13e24b,983,5.8658,17
7edde548,6450,5.8658,53
58360c36,3250,5.863,1
6ff23a05,1644,5.8658,22
529abca1,4217,5.8658,1
7a274ce3,3355,5.8685,36
4f26017c,4207,5.8712,1
d65a369,4318,5.874,1
5663d462,4208,5.874,1
1c83e028,1649,5.874,22
1bfb38ad,1611,5.8795,22
17496413,493,5.8795,1
3b56b89f,838,5.8767,14
6429e74f,4675,5.8822,1
5240fa3b,1648,5.8822,22
44f77e48,4965,5.8849,50
68f17bfb,3274,5.8849,1
47f6445e,2601,5.8849,28
58a225d,4606,5.8849,1
2eb2ae3c,4615,5.8822,1
14bc72c,1645,5.8877,22
51c8909c,418,5.8849,1
2b248ec4,991,5.8904,17
1c1650d1,818,5.8904,14
24e9fa4f,1136,5.8959,17
18ac5562,984,5.8959,17
7025bc45,985,5.8986,17
4b5d2f33,6460,5.8986,53
63603608,617,5.9014,1
5e041ab4,824,5.9014,14
35d4a8b9,4672,5.9041,1
288a2f3e,4411,5.9068,1
68ceedd2,4091,5.9041,1
4a48734f,4296,5.9096,1
34e70108,4409,5.9096,1
2466e64d,4142,5.9096,1
3df893cc,618,5.9123,1
40f2b1c2,4635,5.9096,1
3bd92f6e,3372,5.9151,36
3282e151,2832,5.9151,1
56062ce,4618,5.9123,1
3ee14948,351,5.9178,1
2d268457,5931,5.9178,53
48c56867,888,5.9205,14
5ff67cc2,1128,5.9205,17
7a5b9604,4636,5.9123,1
4e443b0e,4569,5.9205,1
57591aad,412,5.9233,1
3ba57ce8,1135,5.9233,17
4e69b922,6461,5.9233,53
1de8262e,609,5.9233,1
729be2d6,5690,5.926,53
6d08125a,3359,5.926,36
7d5a612f,1184,5.9288,19
37b69d2,4673,5.9288,1
58c005c7,4616,5.9288,1
215fe1fc,4607,5.9288,1
52f0993a,2604,5.9288,28
2f2baabc,1650,5.9342,22
c7f2a53,4215,5.9315,1
21c87344,1181,5.9342,19
1d971dda,6456,5.9315,53
5ae8387a,993,5.9397,17
f353d4b,3371,5.9397,36
545cee6e,1916,5.9397,22
54dbd7fa,3251,5.9397,1
78efceb0,2492,5.9397,28
513b7d50,1624,5.9397,22
55e77a01,1610,5.9425,22
2ffdd4e0,6680,5.9425,53
46100733,2473,5.9397,28
7124ef4c,604,5.9452,1
65d4933f,3363,5.9425,36
7ee0ee0,3004,5.9452,1
7002f4dd,6457,5.9452,53
24e3f896,999,5.9425,17
1ee7861a,3239,5.9479,1
46d3fd1d,1915,5.9479,22
779df951,4674,5.9452,1
4a4078fd,6678,5.9479,53
45491dc6,1618,5.9507,22
602a4fe9,1647,5.9479,22
6af16f41,2885,5.9507,1
6e3eb4fb,2886,5.9534,1
11cd6eac,5932,5.9534,53
2b8026e2,6458,5.9534,53
342407fe,1008,5.9589,17
51ed0dc1,4410,5.9589,1
80f29f4,5687,5.9589,53
14892c9e,621,5.9589,1
3c7c41f2,3002,5.9616,1
362f3d66,3241,5.9589,1
2fbfeba5,4095,5.9616,1
5f70d370,994,5.9616,17
3a686a1b,429,5.9616,1
6064cffc,3267,5.9671,1
5b029170,1191,5.9671,19
457b460,619,5.9671,1
62b81cd4,1007,5.9671,17
5029a32b,995,5.9699,17
4b35d205,4320,5.9671,1
24c94874,2474,5.9699,28
207b4f73,3459,5.9726,36
1309d9fe,1651,5.9699,22
6ac84136,2614,5.9726,28
250ed40e,6459,5.9753,56
3756cfd4,494,5.9781,11
7f232c7,843,5.9781,14
66f61b32,4210,5.9808,1
5c57f429,3005,5.9753,1
5ae9cdee,4679,5.9808,1
7200f674,2602,5.9808,28
21fdf29e,2833,5.9808,1
378f986c,2866,5.9836,1
231da5ce,4572,5.9836,1
56db448f,2606,5.9808,28
6a2dcaa5,4146,5.9836,1
187c25c8,2861,5.9863,1
537b8253,4219,5.9863,1
1d867e27,2865,5.989,1
11f5be24,987,5.989,17
7f67c58c,6474,5.989,53
68de9bb7,839,5.9863,14
67b8f5e5,3373,5.989,36
49e1d873,3364,5.989,36
75d95bf5,734,5.9918,14
69c665da,1652,5.9945,22
7329efe8,2995,5.9973,1
49f1b2da,996,5.9945,17
e14c9d7,3365,6.0027,36
312d3d13,495,6.0027,11
2ea576fc,3243,6.0027,1
6b1f6659,4626,6.0055,1
2f3c7e82,4574,6.0055,1
7ce40c3,3244,6.0055,1
5f53208c,4147,6.0055,1
4f6ea891,3240,6.0055,1
6d9b5eaa,4218,6.0082,1
4d74014b,4625,6.0082,1
3ea0790,620,6.0082,1
76579776,4570,6.0082,1
30c68e70,2495,6.011,28
3aac8c7f,735,6.011,14
60da687a,1009,6.011,17
51070733,2996,6.011,1
46255947,997,6.011,17
32cfa9af,3275,6.0082,1
ad692d9,733,6.0164,14
5953d294,1711,6.0164,22
7bfdc6c6,622,6.0137,1
137502ef,1216,6.0192,19
3eeafe8b,496,6.0192,11
53197f03,2864,6.0164,1
1744bbff,3406,6.0192,36
293ab394,4571,6.0192,1
61f498b0,3374,6.0219,36
6eba1355,4143,6.0219,1
14ff8807,840,6.0247,14
377933c2,2889,6.0247,1
55631617,2462,6.0219,28
6ef423a9,1612,6.0247,22
674ac407,605,6.0247,1
1b906d69,2603,6.0274,28
258ee5f5,1619,6.0247,22
68108cfd,6475,6.0274,53
59cb0704,1129,6.0274,17
59eaffd,1142,6.0274,17
4128d271,411,6.0274,1
7abffb2c,730,6.0301,14
135b36ec,3375,6.0274,36
7f40371e,743,6.0247,14
7afa3f6f,2475,6.0329,28
7eb2fcd5,1917,6.0329,22
186bde33,1713,6.0329,22
4e837892,3377,6.0301,36
790e0228,731,6.0356,14
943a82,2887,6.0384,1
33a8a7b3,1620,6.0384,22
4dae8e1f,5938,6.0384,53
2493872b,6451,6.0411,53
2d05ded3,1193,6.0411,19
5b6661ff,1195,6.0411,19
6281c2fa,1653,6.0411,22
5a93bb5e,2617,6.0438,28
573b313d,5981,6.0438,53
5915e811,4617,6.0438,1
59e31599,5936,6.0411,53
31e2eec3,610,6.0493,1
1bbfdea8,3378,6.0493,36
5d186c17,841,6.0493,14
10f15978,1712,6.0493,22
1a1665a1,4573,6.0521,1
5b18f4a7,2476,6.0521,28
15112391,5937,6.0521,53
7daa9df1,2615,6.0521,28
6b19d135,3379,6.0521,36
634c3e87,2605,6.0521,28
4ade7422,3245,6.0548,1
b3d1270,4966,6.0548,50
2d0c9d1d,1918,6.0548,22
56ff0c12,3466,6.0575,36
7f934629,6453,6.0575,53
5ccb2afe,745,6.0575,14
64217d7e,1219,6.0575,19
7da9e75a,1194,6.0575,19
446ff3a9,744,6.0548,14
15540fcc,4575,6.0575,1
6adee8aa,2619,6.0603,28
f1959d6,2607,6.0603,28
380f80c8,497,6.0603,11
3db8ec58,5939,6.0603,53
6f1b2fd,4211,6.0603,1
5ee5ac60,420,6.063,1
527ee71b,3270,6.0658,1
12fadd7e,732,6.0658,14
244551c8,7030,6.0658,53
2fa869e7,4148,6.0658,1
45746e59,1182,6.0658,19
8f19b3a,6452,6.0658,53
7b04b0e8,819,6.0658,14
75c16551,7031,6.0603,53
19cadd5f,746,6.0658,14
1d66ad17,1626,6.0685,22
43bbdda3,4144,6.0658,1
3d2ed368,3360,6.0685,36
203bb2eb,3246,6.0712,1
72c1d1b7,1220,6.0712,19
1058d7b0,421,6.074,1
5ae7d4ed,2618,6.0712,28
472c5cd7,1192,6.0712,19
cd272c9,998,6.0767,17
7062568d,1627,6.0767,22
14c6b4d0,2477,6.0767,28
29baa468,1625,6.0795,22
3129987b,2478,6.0767,28
2ef2e0ad,4627,6.0822,1
4cc61dc0,3460,6.0822,36
6d8740bc,1137,6.0822,17
1010e737,2463,6.0822,28
29de9a10,4212,6.0822,1
488c2828,4155,6.0795,1
558aaaf6,1000,6.0849,17
25f825b,3461,6.0849,36
15e1f478,2997,6.0849,1
4832f2ce,889,6.0849,14
4aaa226d,6679,6.0849,53
48ef3c24,2616,6.0822,28
365c2238,6681,6.0849,53
2c8442bf,6478,6.0822,53
3d0f2fa0,3380,6.0877,36
73ff6163,4683,6.0877,1
42c06d24,4363,6.0904,1
15dadaa6,3462,6.0877,36
1b45e318,6462,6.0904,53
13b97d6a,424,6.0904,1
4946dbe0,1143,6.0904,17
94185c5,3003,6.0904,1
52d18b74,5984,6.0932,53
119d6462,4213,6.0904,1
2e1f27fe,1715,6.0932,22
6b042327,3376,6.0932,36
2574186a,2493,6.0959,28
7d7e7383,1714,6.0959,22
232acd73,4209,6.0932,1
502a724f,6869,6.0959,53
596e0300,5985,6.0959,53
5cdce70f,4149,6.0986,1
5230757c,1199,6.0986,19
27047b1c,6463,6.0986,53
edb1aff,4216,6.1014,1
2dec92fe,3361,6.0986,36
350460b4,5983,6.1014,53
78351296,988,6.1041,17
64ce68fd,5692,6.1041,53
44c0b128,989,6.1041,17
609623e3,3242,6.1041,1
364cd1ec,1138,6.1068,17
205b1651,1014,6.1068,17
24d58a7d,1621,6.1041,22
37c51b27,4644,6.1096,1
43126f06,5986,6.1096,53
661daf07,890,6.1096,14
31429d05,4968,6.1041,50
1f700583,2494,6.1123,28
368ed199,2888,6.1096,1
4e9fa087,6479,6.1123,53
519c8650,3366,6.1123,36
5a726ef3,2464,6.1123,28
720aa98c,3367,6.1096,36
8569e75,5940,6.1096,53
1a307e3d,3362,6.1151,36
53493c07,4676,6.1151,1
29987e64,6682,6.1151,53
46660973,4576,6.1151,1
1c03d301,3463,6.1151,36
55cf2384,3006,6.1151,1
4c976e96,6683,6.1123,53
5bb0c6ad,6464,6.1178,53
4b76788c,748,6.1178,14
3e068aa5,842,6.1233,14
2616523e,2867,6.1205,1
248f0626,4677,6.1205,1
6269d5e,3008,6.1233,1
4cdb87c2,2479,6.1233,28
2e4888,5693,6.1233,53
33ccc96d,5691,6.1233,53
8f0c230,2465,6.126,28
4d7b486f,866,6.126,14
7fe4fe66,422,6.126,1
6b77c406,1001,6.126,17
37155178,4684,6.126,1
4f85bb83,1183,6.126,19
310e6c61,4974,6.126,50
397af4e8,3407,6.1288,36
61b53a6f,1196,6.1233,19
34b795ab,2625,6.126,28
29b49cd4,1217,6.1288,19
4707e0be,6454,6.1315,53
5752f5ac,2466,6.1342,28
fa9dc73,2467,6.1342,28
73b0ae0,431,6.1342,1
155877da,1139,6.1342,17
a6474ef,4998,6.1342,50
729e770d,867,6.1342,14
33957769,7036,6.1315,53
45ccd586,1148,6.137,17
446bf42d,430,6.1342,1
6ee13ad8,4730,6.137,1
5cddedf6,623,6.1397,1
987003,2624,6.1397,28
235be573,3253,6.1397,1
51a80dee,4619,6.1425,1
388ab7a9,4637,6.1425,1
398dd642,2496,6.1425,28
b0b5f13,1654,6.1397,22
48502e19,499,6.1425,11
34dc2a1d,1919,6.1397,22
5986f4d0,4620,6.1452,1
824db34,1130,6.1452,17
41cd0ccf,1218,6.1479,19
270d16e9,4577,6.1452,1
14144a29,2468,6.1479,28
7ada1c0f,1131,6.1507,17
4782ae3f,425,6.1507,1
5489851b,1197,6.1507,19
7d0b5031,1186,6.1507,19
4bf818bb,4999,6.1507,50
61e85faf,5941,6.1507,53
5619396c,4979,6.1507,50
7951bfd4,6029,6.1534,53
5efcf217,1015,6.1534,17
55ca14b3,1145,6.1534,17
767c3c82,3381,6.1562,36
46723e50,736,6.1562,14
6db44448,7038,6.1562,58
64c9e414,3011,6.1562,1
2a78286,737,6.1616,14
3bf2a48f,500,6.1616,11
462d51a8,4685,6.1616,1
3e1787f9,427,6.1562,1
44ad6c14,426,6.1616,1
3e1840ce,428,6.1671,1
2917e3a3,4114,6.1671,1
179ae7b5,4420,6.1671,1
45b43580,2890,6.1671,1
39e2ef15,4969,6.1699,50
4580d6d7,5999,6.1699,53
175c167d,4680,6.1726,1
531c3f3f,1144,6.1726,17
137bdda6,1920,6.1726,22
522bd05b,3009,6.1726,1
7f78bbf9,6480,6.1753,53
3d4f129b,2869,6.1726,1
4718f1c,2123,6.1753,22
7eba4d8b,7037,6.1753,58
4ced70a4,6025,6.1781,53
559f16f,2834,6.1726,1
7e29d19d,1922,6.1753,22
3a241667,844,6.1781,14
1360272,1670,6.1808,22
34ca9feb,845,6.1808,14
44a81305,1188,6.1808,19
6852d80e,1198,6.1836,19
4f1dedf0,826,6.1808,14
7e8953f3,6476,6.1808,53
2e52c973,1187,6.1836,19
7abd471c,1672,6.1863,22
20a0aab,1185,6.1863,19
4d162ed,5695,6.1863,53
24037dea,1221,6.189,19
10a1b452,2001,6.1918,22
14f11b88,4413,6.1918,1
3ff93f1a,6160,6.1918,53
680c94c7,7032,6.1918,53
6a2c493f,5001,6.189,50
3494fd,2611,6.1945,28
14d85bcf,2609,6.1945,28
78789141,2623,6.1945,28
f7d581c,4414,6.1918,1
302e8834,1152,6.1918,17
568d8a3d,1132,6.1945,17
2d30a947,1003,6.1945,17
2400c7af,4416,6.1973,1
9074360,1189,6.1973,19
6cdf57e4,6132,6.1973,53
3b18c50c,5933,6.1973,53
28f40d63,2610,6.1973,28
247e4afe,3368,6.1973,36
26f3ab,1153,6.1945,17
6af1f02e,5696,6.1945,53
3389ac8c,1002,6.2,17
25ffad6e,423,6.2027,1
6a9c2915,1146,6.2027,17
2d6f14b1,4415,6.2027,1
71f7776,4412,6.2027,1
2d6833a7,6161,6.2,53
1ae4360a,6465,6.2027,53
2b6f8132,2837,6.2055,1
64f70416,6133,6.2055,53
19a76647,1147,6.2055,17
3c3b413b,6477,6.2082,53
5022b810,4980,6.2082,50
6bcd9078,6873,6.2082,53
37c6fea3,3254,6.2055,1
1ca12f0f,749,6.2082,14
511243f9,3408,6.2082,36
143593f3,1628,6.2082,22
137c9f5d,6455,6.2055,53
13cf5877,6162,6.211,53
51b566d4,1190,6.211,19
5001dc7c,990,6.211,17
68936784,4364,6.211,1
1f628bbc,2497,6.211,28
760774c7,6481,6.2137,53
283bb447,1717,6.211,22
5be75983,2627,6.2137,28
50530628,6870,6.211,53
6020939f,6871,6.2137,53
1d3ff1a9,1716,6.2164,22
3fb6e79e,2838,6.2164,1
740ac73a,2626,6.2164,28
6853e7c5,1921,6.2164,22
2a628a48,9387,6.2164,58
919900d,4369,6.2164,1
4133a540,4731,6.2164,1
2363b676,5699,6.2164,53
38aa7f2c,872,6.2164,14
54791010,1133,6.2164,17
11a57b6a,5694,6.2192,53
4de0c5bb,4580,6.2192,1
730e1a77,827,6.2192,16
6f6b7d96,2124,6.2192,22
552f353a,4177,6.2164,1
1ea9ff39,6001,6.2192,53
766785d,3252,6.2192,1
1d779339,4417,6.2192,1
4b7081a9,2628,6.2192,28
2944cacc,3012,6.2192,1
243d08b9,4419,6.2219,1
56eac3b,6684,6.2192,53
54efdb98,6000,6.2219,53
75206467,7040,6.2219,58
7a3dd2a5,1656,6.2247,22
ac2a6ad,6163,6.2247,53
20db9f76,4115,6.2274,1
4efb2dc2,5697,6.2274,53
56aed456,2125,6.2274,22
25f0d3d2,3007,6.2301,1
42929cdc,4384,6.2301,1
5dfaaded,2608,6.2301,28
21a6b90b,4693,6.2301,1
10ac50d,517,6.2301,11
3800237c,3013,6.2329,1
1f2d9da4,4686,6.2329,1
446d55a4,4678,6.2301,1
57a8cd8c,4740,6.2301,1
64583360,875,6.2329,14
20171f55,3247,6.2356,1
5f358751,4145,6.2329,1
53b12e25,7039,6.2356,58
90a18a4,891,6.2356,14
4bcf135d,1655,6.2384,22
1cba9584,3276,6.2384,1
73a4985d,2909,6.2384,1
defff32,892,6.2384,14
771cfc67,2998,6.2384,1
7e93eed1,894,6.2384,14
4df55fa5,1161,6.2384,17
52be52a,6685,6.2329,53
77cf9cd2,2840,6.2384,1
164b019c,6466,6.2384,53
71246c87,1004,6.2384,17
7e58a411,6002,6.2411,53
4f6ff079,897,6.2411,14
2b7cc53c,2002,6.2438,22
20def58d,2480,6.2438,28
6e5757eb,1718,6.2438,22
31a9c7f7,895,6.2438,14
4571ae2b,1149,6.2466,17
1fd68625,896,6.2466,14
7eccf157,5934,6.2466,53
3cc55ef2,3382,6.2466,36
71dd2973,6177,6.2493,53
2678c858,498,6.2493,11
72c43b73,868,6.2493,14
64e0d917,2839,6.2521,1
7ceee249,2612,6.2521,28
1cb4df84,1162,6.2521,17
4f7860c2,6138,6.2466,53
2db2305b,4975,6.2521,50
2645630e,1657,6.2521,22
1cb7d0bd,1671,6.2521,22
10c5cd99,1017,6.2521,17
2c490732,5982,6.2521,53
21194ca6,6178,6.2548,53
3094200,2908,6.2548,1
3d1eeefd,5700,6.2548,53
590a1efb,4579,6.2521,1
329d0500,2498,6.2575,28
7bcd5811,4681,6.2575,1
2826c453,2835,6.2575,1
31ee3893,6141,6.2521,53
389a0593,2613,6.2575,28
62f5a285,6026,6.2575,53
73e9731a,1154,6.2548,17
3383f754,4116,6.2575,1
200a2d4c,1339,6.2575,19
4d295206,893,6.2603,14
130e54fe,4166,6.2603,1
5b5dda2a,624,6.2603,1
5d75643f,870,6.2603,14
1473ba4e,2836,6.2603,1
2c3a7a79,4578,6.2603,1
2f01fd,1018,6.263,17
35161758,5935,6.263,53
34d498aa,9388,6.2603,58
3cbe7a7e,4682,6.2658,1
43282622,4422,6.2658,1
7cc669be,4583,6.2658,1
3bf0e753,6504,6.2658,53
346def65,2499,6.263,28
7218ebc7,2469,6.2685,28
3ed98ba2,3369,6.2685,36
717b6b8d,2841,6.2685,1
73605ab6,2620,6.2685,28
4f96f1f6,5010,6.2685,50
3de0f73d,1923,6.2658,22
17edd40f,5218,6.2658,50
32161c5c,4621,6.2712,1
1fd3f0b1,5987,6.2685,53
73428914,1658,6.2712,22
66a989ae,5942,6.2712,53
1ec8cdcc,1200,6.274,19
787f21fe,7033,6.274,53
24ab9837,1230,6.274,19
7bd48e17,4622,6.274,1
5d9f6d01,3280,6.274,1
77d16be5,1016,6.274,17
2faf6e7e,6874,6.2767,53
573d319c,1660,6.2685,22
71eca91f,5698,6.2767,53
d9e6a84,5988,6.274,53
599639d7,4687,6.2767,1
58a3fc44,9389,6.2767,58
5320023e,628,6.2767,1
679952a8,7041,6.2795,58
6ef02229,518,6.2795,11
7329bb15,3410,6.2795,36
d9d25be,6027,6.2822,53
652ded5b,6134,6.2822,53
480cff44,4167,6.2822,1
2b8e79a1,4630,6.2822,1
76431443,898,6.2822,14
12976fe0,3411,6.2822,36
18da0fdc,4971,6.2822,50
3703355c,4972,6.2795,50
f09c401,1038,6.2822,17
590ccef3,4967,6.2822,50
580be80,1941,6.2849,22
70cd425d,1225,6.2849,19
4995421,6468,6.2822,53
3eeeac50,4165,6.2849,1
738b7bfa,506,6.2849,11
38210777,3409,6.2849,36
3cb2b371,876,6.2849,14
16267cfa,4633,6.2877,1
2962439b,6882,6.2877,53
33a72340,501,6.2877,11
548b2232,4696,6.2877,1
38d90fc,6136,6.2877,53
26e9eddb,4973,6.2877,50
1d2c0c06,7042,6.2877,58
6c8c72d,3385,6.2877,36
29542c5,4976,6.2849,50
53f4cab0,625,6.2877,1
171b81c0,6467,6.2877,53
78fef9af,4643,6.2904,1
1110545e,5000,6.2904,50
48a607ad,1222,6.2904,19
6ca13646,6179,6.2877,53
277faf93,3467,6.2904,36
28430952,508,6.2904,11
3be20aa0,4581,6.2932,1
5e94089c,2621,6.2932,28
4cd27ea,4421,6.2877,1
3474a7b8,2509,6.2932,28
1f681c9c,4631,6.2959,1
61c63705,3282,6.2959,1
18781914,4628,6.2986,1
7a41017b,4735,6.2986,1
cd9aea0,6686,6.2986,53
363daed1,3010,6.2986,1
1d0181e4,4732,6.2986,1
dbee5f7,6875,6.3014,53
4252e224,6135,6.3014,53
12fc8b74,1019,6.3014,17
53919b25,6508,6.3014,53
420e3e12,1231,6.3014,19
1798a7b5,846,6.3014,14
6b9d4d7c,2868,6.3014,1
3aceaf5b,3383,6.3041,36
61492919,4223,6.3041,1
3ededea6,1947,6.3041,22
23fe685a,1687,6.3068,22
d9399c1,4736,6.3068,1
5fe432c9,3387,6.3041,36
77cdc9cd,519,6.3068,11
3fae127c,4221,6.3068,1
6d80d1ad,5947,6.3068,53
2e62c9d9,4117,6.3068,1
50eec4a6,6183,6.3096,53
49f4fcd7,3014,6.3096,1
6063a67,4156,6.3096,1
3e12077f,820,6.3096,14
187f2fef,4638,6.3096,1
7b93b232,4584,6.3096,1
76837a73,6137,6.3096,53
738ac890,6180,6.3096,53
1adaf6b7,507,6.3096,11
41e1b3c6,1661,6.3096,22
5406e635,4632,6.3068,1
6fe66d7a,4733,6.3096,1
e07373e,899,6.3096,14
63ba946f,4689,6.3123,1
2f89645d,3283,6.3123,1
189419c9,6947,6.3096,53
7358516b,752,6.3123,14
524a465f,828,6.3151,14
2f8a4b37,6483,6.3151,53
a67da0c,4688,6.3178,1
445126f9,2622,6.3178,28
73ffcbf0,6184,6.3178,53
1730e25e,6143,6.3178,53
26523ada,1039,6.3178,17
28675e01,1163,6.3151,17
6b79a607,2481,6.3178,28
52dfc2e4,4582,6.3205,1
7c1c20ee,1040,6.3205,17
3c58702c,1150,6.3205,17
665450d3,6030,6.3178,53
76e66c55,5219,6.3123,50
37994687,2891,6.3233,1
41551cb9,6687,6.3233,53
673ad30a,433,6.3178,1
232cd5f6,4734,6.3233,1
666d9102,4370,6.326,1
fb4e9a2,1140,6.326,17
3e27d9dd,829,6.326,14
7be1288a,4978,6.326,50
3f91400d,1662,6.326,22
718e5375,4168,6.3233,1
c80be73,4585,6.326,1
595f5d1f,512,6.326,11
59368ed8,750,6.326,14
49b2afa9,2500,6.3288,28
2b61480c,1659,6.3315,22
2877a3ee,3468,6.3315,36
b63b45a,6876,6.3233,53
664eaba0,6688,6.3288,53
474ebe4d,4977,6.3288,50
52b31d99,3386,6.3315,36
9f36941,6697,6.3342,53
44e4b2f1,6509,6.3342,53
57641266,4423,6.3342,1
656a7211,747,6.3342,14
6da624c6,3384,6.3315,36
2fffe4f0,6507,6.3342,53
4e6da8c4,877,6.3342,14
39ed644d,869,6.3342,14
fa1739b,413,6.337,1
5fa9cefb,5945,6.337,53
eae43e9,1342,6.337,19
7c217642,626,6.337,1
2e3cba87,5992,6.3342,53
2a053970,5991,6.337,53
3b4ae4dd,3281,6.3342,1
7cc6b019,4629,6.337,1
54d6209,4365,6.3397,1
24ecfd4b,6144,6.3397,53
6c30c9a,6028,6.3397,53
1d893036,908,6.3397,14
2a87de5e,2510,6.3397,28
44f01579,6185,6.3425,53
6650ca24,1041,6.3397,17
4cae1690,1341,6.3425,19
1bc3e7dd,6164,6.3397,53
70d7500,5948,6.3425,53
4400228,4970,6.3397,50
68407271,5949,6.3452,53
5466e37f,2895,6.3452,1
38af2986,2842,6.3425,1
3c7a2df9,1240,6.3452,19
574203fd,6047,6.3452,53
34dc7f71,5952,6.3425,53
75fe8375,2910,6.3452,1
2de0a88c,5950,6.3479,53
18066dd6,1207,6.3479,19
5f9cd8c0,4220,6.3479,1
86c13b5,6181,6.3507,53
988dce6,6505,6.3507,53
22cb68dc,4586,6.3507,1
6090d4eb,4151,6.3507,1
1ba8ee9d,2894,6.3534,1
7331a7e6,821,6.3534,14
1a710828,2843,6.3534,1
53493a5,3284,6.3562,1
3c112a8a,4169,6.3562,1
124a002,627,6.3507,1
45e5285c,4385,6.3589,1
2cce4980,909,6.3589,14
e6695bb,2893,6.3589,1
5bb1de7c,2003,6.3589,22
1965fa7b,1942,6.3589,22
67956026,6506,6.3589,53
36551820,6482,6.3589,53
52654324,4371,6.3589,1
3eae26fc,6511,6.3534,53
82eb570,4224,6.3616,1
44f67003,4157,6.3589,1
3cf267da,5943,6.3616,53
6cd6b0d2,513,6.3589,11
73243f7e,878,6.3644,14
27784bad,7573,6.3644,58
509fdd8b,6142,6.3616,53
edc815f,4118,6.3562,1
795d9eef,6510,6.3616,53
563efaa9,6699,6.3644,53
4b3e0df,7572,6.3671,58
6e8f4f6f,822,6.3671,14
43be6629,4690,6.3671,1
23bff670,5946,6.3671,53
7b301eb7,4150,6.3671,1
5a7a58ca,6872,6.3671,53
4154fe42,516,6.3671,11
55342530,5944,6.3699,53
2e8a4c87,1208,6.3726,19
26befd94,1673,6.3726,22
407ea1ef,4171,6.3644,1
497cdb0b,1234,6.3753,19
ed36a59,1020,6.3753,17
34970175,2501,6.3753,28
48059d14,4122,6.3753,1
2cfe0026,6878,6.3781,53
1bc31f03,5708,6.3781,53
41ff670b,1210,6.3753,19
1640116e,4745,6.3808,1
19069bdd,3390,6.3808,36
32167585,6469,6.3808,53
2c4230cb,4634,6.3808,1
7f4e4f01,2482,6.3808,28
79f97e28,6880,6.3808,53
44dbc4bc,1688,6.3836,22
692e7789,4741,6.3836,1
54d7c60f,1201,6.3808,19
64b172f2,1924,6.3808,22
7e55b4fc,5951,6.3836,53
442d8f8d,6003,6.3836,53
732db78b,437,6.3863,1
645d0680,6165,6.3863,53
6d7c0806,6698,6.3836,53
62f8f347,6690,6.3863,53
ed053ba,520,6.389,11
61999670,6689,6.389,53
3beae25f,1226,6.3918,19
680e9419,3015,6.3918,1
32383ceb,2892,6.3918,1
3edd552a,6031,6.3918,53
68e8b89a,5003,6.3918,50
321c8cc8,1164,6.389,17
1f9bb6ed,4981,6.3918,50
6cb71e91,6881,6.3918,53
38976228,1155,6.3918,17
6e3bd33e,6879,6.389,53
605c875b,6484,6.3918,53
13acc10,6540,6.389,53
1c3e4d89,1010,6.3918,17
2c553cca,3388,6.389,36
78c2fc47,4372,6.3945,1
7bc75755,1719,6.3945,22
4b55c930,4225,6.3945,1
380f905a,2875,6.3918,1
7d83de9b,5225,6.3945,50
270cc5b8,2006,6.3973,22
4ee30ffc,2511,6.3973,28
33c8a0ad,6948,6.3973,53
67e780f7,1232,6.3973,19
30f37502,510,6.4,11
1c8e79e7,633,6.4,1
1bfbdb11,6470,6.4027,53
21acf2a3,521,6.4,11
6010643c,637,6.4027,1
2e9f6d48,910,6.4027,14
5693d47,636,6.4027,1
53234ef9,5221,6.4027,50
15dc87d4,4172,6.3945,1
760e30d7,7034,6.4055,53
63542456,4366,6.4055,1
3ac1a854,1340,6.4055,19
735c6d73,1156,6.4027,17
38d45465,2844,6.4055,1
24fa6eb,2485,6.4055,28
540b6fd,1223,6.4082,19
32743d09,2470,6.4082,28
373ff4ce,5015,6.4082,50
22d3e9c1,638,6.4082,1
5d546b8e,414,6.4082,1
6b38c4b4,2483,6.4082,28
5da3d987,6004,6.411,53
6e945b96,6232,6.411,53
4a0e918,4222,6.411,1
4e2c2b4f,4645,6.411,1
730c4eaa,5702,6.411,53
d7a535e,1950,6.4137,22
1cbeab83,6691,6.4137,53
4ed6dc97,2484,6.4137,28
610fe051,4159,6.4137,1
70678bc4,7570,6.4137,58
43c14095,754,6.411,14
2f58c635,4694,6.4164,1
5712852d,5703,6.4164,53
12258f23,1629,6.4164,22
4901faf6,4123,6.4164,1
47d741d6,629,6.4164,1
57471b9,1948,6.4164,22
6c74664c,5002,6.4192,50
2f0cad02,1227,6.4192,19
691c245f,9393,6.4164,58
4fc3697c,4158,6.4164,1
ca20ce,4982,6.4164,50
4a64f968,5013,6.4192,50
42d202a7,1043,6.4192,17
160e0b08,1011,6.4192,17
47939557,2848,6.4219,1
2ad18b74,6032,6.4219,53
78c463b3,1664,6.4219,22
1ef471e8,7574,6.4219,58
4516664c,1720,6.4219,22
993ae75,1157,6.4247,17
63badfb1,3285,6.4247,1
3838e18e,5014,6.4219,50
5febc50,2845,6.4192,1
73ac9ea5,1141,6.4247,17
46de8036,6472,6.4274,53
39952df2,1151,6.4274,17
49790aac,6048,6.4274,53
5e37fc90,9390,6.4247,58
6c5a0850,9391,6.4274,58
7c304294,4386,6.4274,1
7d1d1bd4,7035,6.4274,53
1cafab9b,751,6.4274,14
33853a5c,753,6.4301,14
5e51eaa1,5004,6.4301,50
145b7a2f,5701,6.4301,53
350dd8a4,2008,6.4274,22
4b879904,434,6.4301,1
6bc4e029,5070,6.4301,50
7455e0ac,6050,6.4301,53
2a95109c,1235,6.4301,19
53a1d080,514,6.4301,11
2742cb7,7571,6.4329,58
7d5d973,5113,6.4329,50
6b704de0,1205,6.4301,19
754cda44,6182,6.4356,53
775f3581,632,6.4329,1
2aa7ce3a,6166,6.4356,53
42013e1c,1021,6.4356,17
9155e4d,3277,6.4356,1
1a983bd1,2874,6.4356,1
15bfb4d3,2630,6.4356,28
14e5f63e,5071,6.4356,50
a72c86,1211,6.4356,19
23e3fde9,2007,6.4384,22
787e1cf7,904,6.4384,14
b6b07f0,2009,6.4384,22
439141c0,5989,6.4384,53
7a6b8628,873,6.4356,14
15daf316,5220,6.4411,50
46db2039,2629,6.4411,28
4eca15b1,4374,6.4411,1
71cd2e9,1165,6.4411,17
21e05ee4,766,6.4411,14
3ea56809,4737,6.4411,1
205c85f1,1224,6.4438,19
41b69089,880,6.4438,14
55d8cd35,4178,6.4438,1
6282f125,2512,6.4438,28
77f2385c,4646,6.4438,1
3345585e,4640,6.4438,1
4682b467,3464,6.4438,36
6f5faf36,4986,6.4356,50
372e9b3d,6049,6.4438,53
7c00f6af,4227,6.4411,1
33fc7e4b,4119,6.4466,1
55aa80b0,4641,6.4466,1
4c34b5f3,4587,6.4466,1
1fc6019e,5953,6.4438,53
4f982a0b,1236,6.4466,19
32fb32ed,4695,6.4466,1
4eb68c48,5704,6.4438,53
27442340,4983,6.4466,50
6d6afa95,1046,6.4438,17
3889c128,6186,6.4466,53
6fe39343,6054,6.4466,53
8a10cc7,5955,6.4493,53
1bdaccb5,5222,6.4493,50
6e7a7aa,524,6.4466,11
7c49bff2,4129,6.4493,1
7a91cd18,1233,6.4493,19
7ad621b9,6233,6.4493,53
7ac072dd,1344,6.4521,19
413703be,2876,6.4521,1
70b09245,3260,6.4521,1
43d6846,6473,6.4521,53
4f2d5a91,6877,6.4521,53
4e9cb382,3261,6.4548,1
36fe9a39,3016,6.4548,1
42280419,653,6.4548,1
2db83b42,4375,6.4521,1
3bc9a1d2,5011,6.4548,50
c80b586,1042,6.4575,17
8e415b6,630,6.4575,1
4a0979c1,1949,6.4575,22
4883b455,4128,6.4575,1
240de42c,9392,6.4575,58
cec0cbe,6055,6.4575,53
1b567436,511,6.4603,11
d2aab93,1689,6.4603,22
147acee,4691,6.463,1
58de877f,9394,6.463,58
ed14f59,3017,6.463,1
13b924cc,7047,6.463,58
7fdc53f9,7044,6.4658,58
277209a2,3470,6.4658,36
b3b974c,900,6.463,14
4dc8f73,4387,6.4603,1
517e5da3,4376,6.4658,1
29df8604,2999,6.4658,1
34f4e81f,6139,6.4685,53
4c208fee,4228,6.4685,1
7ba8a0d1,1166,6.4685,17
2c7ec91f,9397,6.4685,58
f4e0a76,4160,6.4685,1
3a3b718a,1012,6.4712,17
29deacf1,9398,6.4712,58
4759ab8e,4425,6.4685,1
7949259c,5074,6.4712,50
7d4a3ecf,2126,6.4712,22
23253d9b,3391,6.474,36
595bbf6e,6570,6.474,53
53702934,1167,6.474,17
4b00daa7,502,6.4712,11
60dece19,5012,6.474,50
5c478e33,4418,6.4712,1
56c84bee,5072,6.4712,50
661de16e,1159,6.474,17
6c5ed1d3,1048,6.474,17
c88fc7d,6701,6.474,53
180b4139,6541,6.474,53
6394b67c,1209,6.4712,19
1114d5c7,1951,6.474,22
b5e5e7f,2633,6.4685,28
40fe207d,6704,6.4767,53
23eb3d2,5709,6.4767,53
6df653ac,6700,6.4767,53
35b3e4bf,1343,6.474,19
4ce7e9d0,1022,6.4767,17
7d2bc5f9,5993,6.4767,53
a7c59ad,4175,6.4767,1
2040d241,438,6.4767,1
531a06f0,6747,6.4767,53
70bd0567,7043,6.4795,58
18e49bec,3397,6.4795,36
3e90906b,6052,6.4795,53
3d3e2ccf,3255,6.4795,1
25b08032,4152,6.4795,1
19b74493,911,6.4767,14
239e9c06,5016,6.4795,50
6f0a94ee,882,6.4795,14
6ad2498d,504,6.4822,11
4e1a282d,1241,6.4822,19
6d2a6ea1,6053,6.4822,53
3a83a1ae,1158,6.4822,17
195eff4,4424,6.4822,1
1e51e4ab,3471,6.4795,36
20b0dea6,1202,6.4795,19
71995cf,655,6.4822,1
69ad784,6692,6.4822,53
693faee,6488,6.4822,53
29dd2097,4647,6.4822,1
2082ca3c,4173,6.4849,1
70248887,1203,6.4849,19
3838fdbb,6051,6.4849,53
1e5b51f4,4226,6.4849,1
55a7081d,2870,6.4849,1
4cbe7c6f,7575,6.4849,58
153e43a6,2127,6.4877,22
11770432,631,6.4877,1
70df4373,1058,6.4849,17
6a14b19f,903,6.4849,14
2e0489d8,1237,6.4904,19
438e8be5,1204,6.4904,19
240a4bc1,2632,6.4904,28
244ad341,6485,6.4877,53
6b9d161e,9395,6.4932,58
61dd08fc,901,6.4932,14
563b6681,6471,6.4904,53
53a8eca0,515,6.4932,11
241977dc,6521,6.4932,53
2737b8a7,4368,6.4959,1
2ea4ce55,654,6.4959,1
23a6aa6e,6709,6.4959,53
4cee9e51,849,6.4932,14
5686f5eb,2547,6.4959,28
3e2fc85d,432,6.4932,1
68443353,6005,6.4959,53
5e584f08,1049,6.4959,17
48bb6b77,6036,6.4932,53
701f6827,4697,6.4986,1
42c90767,4163,6.4986,1
1157f262,6056,6.4959,53
debcf4f,1952,6.4959,22
1e98fd56,1160,6.4986,17
15cde0f2,912,6.4986,14
3b27d4cb,5994,6.4986,53
68e5e557,656,6.4986,1
930064a,755,6.4986,14
31cec750,6145,6.5014,53
4bfe6beb,1663,6.4986,22
4efa6fd3,6486,6.4932,53
9f2e406,881,6.5014,14
4ec1562f,4984,6.5014,50
76d8dd2f,4698,6.5014,1
c7ce441,526,6.4986,11
6b41a0d0,503,6.5014,11
750dab6a,6729,6.4986,53
5bd59fa6,4699,6.5041,1
31b9ebca,2486,6.5041,28
1387977,756,6.5041,14
3330ba28,6037,6.5041,53
67190ea0,5990,6.4986,53
7fd7bfd2,2205,6.5041,22
726ba0d4,4426,6.5041,1
1ceec59,850,6.5041,14
437fced6,5073,6.5014,50
6c3cb417,2631,6.5068,28
3eb1fedc,6169,6.5068,53
2ed7af6d,1228,6.5068,19
588d22ca,5273,6.5068,50
65b94e73,4639,6.5068,1
6c2cc2df,4377,6.5041,1
7f13b4f0,5710,6.5068,53
606ca3f4,2548,6.5068,28
4e3952aa,1101,6.5068,17
4148561,4367,6.5068,1
61dc57c8,1722,6.5014,22
6b6c4b16,9396,6.5096,58
9181d45,1028,6.5041,17
93ac6bf,527,6.5096,11
d927930,1740,6.5096,22
ef31d5d,5705,6.5068,53
2c9f4a8d,5954,6.5123,53
7cec36e,4692,6.5123,1
589ee216,6234,6.5123,53
46db5bcc,2896,6.5151,1
50d4afbf,6167,6.5151,53
21f0d378,4176,6.5178,1
6a3d76d,6949,6.5178,53
3a57d6d0,6702,6.5151,53
33629c4e,5706,6.5178,53
e510b02,6710,6.5205,53
1248343f,1238,6.5205,19
6c56915d,639,6.5205,1
6794c89e,522,6.5205,11
4058bc07,4153,6.5205,1
46d7b615,871,6.5205,14
c6f1e17,642,6.5233,1
2aab9e33,6492,6.5233,53
35831f56,509,6.5233,12
156d9b3c,5996,6.5233,53
547c7137,6950,6.5233,53
47d4fdd6,652,6.5233,1
78cb6335,4174,6.526,1
51c1573b,6033,6.526,53
7230c2ed,1674,6.526,22
2a5d3408,1721,6.5205,22
5390fe04,1954,6.526,22
6452c888,4648,6.526,1
3ff133b6,1085,6.526,17
7ccfad34,1047,6.5233,17
3db64f24,6543,6.5288,53
4e953289,6951,6.5288,53
287b1c77,1206,6.5288,19
590e3a17,5223,6.5288,50
5a9f9778,1052,6.5288,17
6cc5731e,4124,6.5288,1
293259ba,4389,6.5288,1
3eb3341c,3257,6.526,1
6d62d5bf,2489,6.5288,28
466be7b9,2911,6.5288,1
1d8ae4c0,6705,6.5288,53
3b08945e,5226,6.5288,50
7c125da2,5005,6.5288,50
7a6a0b2,5427,6.5315,50
19449698,5995,6.5315,53
4d40f862,3389,6.526,36
32152ff0,4161,6.5315,1
5c849b5d,2849,6.5288,1
568fa215,6171,6.5342,53
11ab6ba1,5279,6.5342,50
6e95034f,2850,6.5342,1
1fd40a6,2515,6.5342,28
24dc7517,2513,6.526,28
3f2db4d3,2014,6.5342,22
470b8e18,6146,6.5342,53
185fea4e,874,6.5342,14
1c262cd,525,6.5342,11
4671cb2f,4162,6.5342,1
537587df,2045,6.5342,22
4156fa1f,4702,6.537,1
1428641e,2012,6.537,22
5d4dc6cb,3472,6.537,36
5742f50b,852,6.537,14
fc843cd,6170,6.537,53
33cf844e,2010,6.537,22
1d8e9cf3,6754,6.537,53
10dd9e95,2514,6.537,28
556e14de,902,6.5397,14
2b182f9,2871,6.537,1
4f2a6f49,5125,6.5397,50
3e901dde,3258,6.5397,1
26aa1b5b,1666,6.5425,22
34733b4,528,6.5425,11
defdf6f,879,6.5425,14
2d8b4f55,3256,6.5425,1
67aefb05,847,6.5425,14
55309551,4251,6.5397,1
1c4e08ef,1667,6.5425,22
37d5ebe1,1024,6.5425,17
1123a9bc,2011,6.5425,22
67250800,6730,6.5425,53
5dc55dc3,5018,6.5425,50
2ea2f5b3,3116,6.5425,1
2240c792,5276,6.5452,50
6a5472cb,3469,6.5452,36
6eded9c7,913,6.5452,14
6deaaed2,5277,6.5452,50
1a36dde9,6952,6.5452,53
2380bc71,5956,6.5425,53
7d883c4,6235,6.5452,53
3ffc31d3,9400,6.5425,58
13897a50,6542,6.5425,53
12e7e863,5020,6.5425,50
354c3f64,6140,6.5479,53
76c95caa,4154,6.5479,1
28658909,9399,6.5425,58
1c2d6822,5075,6.5507,50
ebe671e,2897,6.5507,1
70e63daf,1044,6.5507,17
7e52c0af,6238,6.5507,53
24059bc8,4164,6.5534,1
1815bfee,4985,6.5534,50
265516a9,4987,6.5534,50
1cbc5024,6487,6.5534,53
34f454f1,1665,6.5534,22
5df60d59,7581,6.5534,58
552516f4,4701,6.5534,1
6cf32a2c,6703,6.5507,53
607a2971,848,6.5562,14
1e39682a,3465,6.5562,36
67bb447c,5039,6.5534,50
73c83271,6191,6.5562,53
ea7184a,6731,6.5562,53
3f27994e,2487,6.5562,28
6a8adeb8,6748,6.5589,53
58e32222,5278,6.5507,50
6e30143c,4130,6.5562,1
511d7140,6489,6.5589,53
14f68211,4388,6.5589,1
102eab73,2488,6.5589,28
16cc86f,3262,6.5589,1
7e51ccbe,5966,6.5562,53
63f812dc,2846,6.5589,1
5955f892,1362,6.5616,19
3c45b5f8,851,6.5616,14
4c01baf2,4131,6.5589,1
6fcc2f5c,6343,6.5616,53
3400b315,905,6.5616,14
19abcb5f,3259,6.5616,1
35305c42,4593,6.5616,1
85057e7,5006,6.5616,50
49c7aa35,6512,6.5616,53
47ffda9e,4432,6.5616,1
49000d,523,6.5616,11
a2c908c,906,6.5589,14
4f8b69da,1363,6.5616,19
32bbd484,5019,6.5644,50
7ece05fe,6544,6.5534,53
47dc0b93,6547,6.5644,53
f5d220d,1060,6.5644,17
619b6b9a,757,6.5644,14
69ba20a2,1277,6.5644,19
fddb2a6,6038,6.5671,53
6f7463a2,1675,6.5671,22
7645077f,2046,6.5671,22
2b763996,4590,6.5671,1
48536d4c,6034,6.5671,53
3564478c,1053,6.5671,17
726ca71e,5997,6.5671,53
3ec5f036,914,6.5644,14
2e786301,1239,6.5671,19
36d9b16b,1103,6.5671,17
4ca89fb4,4120,6.5699,1
b12d4a2,6376,6.5699,53
14851aef,1229,6.5699,19
58a002ae,6147,6.5699,53
7bd9de19,4373,6.5699,1
24303cb0,4989,6.5699,50
b4a3dfb,6217,6.5699,53
697a32a8,5114,6.5726,50
66c727f8,3286,6.5726,1
5aa91bad,1677,6.5699,22
244d724,3412,6.5726,36
583b9772,2013,6.5726,22
79c936a,4592,6.5726,1
15fa8447,5017,6.5671,50
4122c369,2130,6.5726,22
1be0441,2004,6.5726,22
31239c2b,3403,6.5753,36
35a70d7a,7582,6.5753,58
56c3df67,4594,6.5671,1
7310d59,6058,6.5753,53
175aa144,7045,6.5753,58
3a35b540,5707,6.5753,53
3774a3a1,7576,6.5726,58
7f846acf,1045,6.5781,17
3d96b4fa,6550,6.5781,53
569c7a3a,3278,6.5753,1
2a9e99bd,646,6.5781,1
678906c,883,6.5781,14
38e54ee4,634,6.5781,1
646b9925,4642,6.5753,1
1b067c7a,5957,6.5753,53
6cd2d036,1212,6.5781,19
3a5e65ac,4738,6.5781,1
32dfff60,6148,6.5808,53
233f9a1,6513,6.5808,53
20df05b1,4170,6.5808,1
18c5023e,5711,6.5808,53
6bfdbb1a,6192,6.5781,53
319be6b5,2877,6.5781,1
7e887155,6520,6.5808,53
5815f202,762,6.5836,14
2349e960,2549,6.5836,28
626c3270,5228,6.5836,50
2f85f5a2,3052,6.5836,1
38f9fdd4,3291,6.5836,1
7ae490f,2490,6.5808,28
772f8f6e,6490,6.5781,53
47cba747,1214,6.5808,19
44b7e27c,415,6.5836,1
449f37ad,6199,6.5836,53
4fd1221a,2502,6.5836,28
4fc084af,5243,6.5863,50
552bf38f,4427,6.5863,1
36b266aa,1741,6.5863,22
2ef44f54,5967,6.589,53
13eb2778,6236,6.589,53
58c52c56,2634,6.589,28
52f81b4a,1050,6.5863,17
419437f7,1676,6.5863,22
5e7a60ae,6545,6.5918,53
14604cfe,3055,6.5918,1
65b675b8,4230,6.5918,1
7786100f,758,6.5918,14
7af47141,6382,6.5918,53
4365424d,6522,6.5918,53
6ce5c55d,657,6.5918,1
5dccb96f,3053,6.5918,1
3a2866cc,6493,6.5918,53
7d691fee,925,6.5918,14
17fec19a,5227,6.5945,50
29c14ace,6911,6.5945,53
24ce077b,640,6.5945,1
6643e192,3398,6.5945,36
1fa4f590,658,6.589,1
2824a9da,644,6.5945,1
4abbfe04,1102,6.589,17
4a70a115,1029,6.5945,17
7e263011,6380,6.5973,53
2eafcc21,2060,6.5973,22
7100136,4591,6.5945,1
6a10fbfa,4378,6.5973,1
3fa07c31,4229,6.5973,1
2dca2417,2047,6.5973,22
13fb1948,853,6.5945,14
4618df3e,6150,6.5973,53
62232f07,3018,6.5973,1
65bd9bc4,4705,6.6,1
594022b6,915,6.5973,14
1667986b,1242,6.6027,19
20db0e20,760,6.6027,14
5d3d15d9,6912,6.6027,53
42b58699,6149,6.6027,53
25564f15,12983,6.6,58
5ef607af,4121,6.6,1
45f3a6ba,6187,6.6055,53
4f882c77,5808,6.6055,53
571cc40e,7048,6.6055,58
f9109c9,5127,6.6027,50
6fb10bd4,6529,6.6055,53
85fd3e,6546,6.6055,53
54e146d6,6168,6.6055,53
1828d1c9,1345,6.6055,19
768d661c,641,6.6082,1
4700e077,6218,6.6082,53
39934f05,6344,6.6082,53
40d8661f,7757,6.6082,58
1e204154,3263,6.6082,1
380690a,5126,6.6082,50
43432255,6239,6.6055,53
40a85cbc,2552,6.611,28
5c1e9f1c,1086,6.611,17
2bec8923,4742,6.6082,1
5c5675ac,4252,6.611,1
65da5f9,6713,6.611,53
4125432,4778,6.6137,1
2cdccdd3,855,6.6082,14
43c826f1,6006,6.611,53
2851211c,5224,6.6137,50
3e7453e0,6172,6.6137,53
740ca3a8,4126,6.6137,1
7671fc76,4234,6.6137,1
57897a65,5274,6.6137,50
4b7ec827,4428,6.6137,1
5a7e3303,5454,6.6137,50
418be9e5,1429,6.6137,19
2395e676,2640,6.6137,28
3fd3ea33,3117,6.6137,1
251221e,918,6.6164,14
291cff7c,6736,6.6137,53
25360a7f,4655,6.6164,1
514ee98,5007,6.6137,50
e5e7df6,1013,6.6164,17
5cfe2165,2872,6.6164,1
4077845e,4654,6.6082,1
55070bdd,6749,6.6164,53
77c55fcb,416,6.6137,1
a892d08,3401,6.6137,36
76a01d73,6494,6.6192,53
1b14b999,5008,6.6192,50
46728637,6196,6.6164,53
550029c,5244,6.611,50
73eddcc0,4127,6.6192,1
4d8b7b55,1087,6.6192,17
1f1a1fed,5275,6.6137,50
1a5bba70,2641,6.6192,28
74d6e27,4700,6.6192,1
1b716850,1104,6.6219,17
1d809834,907,6.6219,14
118aec48,6240,6.6219,53
5ea06ce3,645,6.6219,1
19efd57d,6349,6.6192,53
75bfac31,2912,6.6192,1
578b4285,3399,6.6219,36
3391f662,643,6.6219,1
156d5090,6548,6.6219,53
6e0b4387,6693,6.6164,53
9a83706,4752,6.6247,1
1b1522b7,4588,6.6247,1
3133cb27,6523,6.6247,53
17edc26,4988,6.6247,50
35f7dcd0,535,6.6274,11
772bd2a4,854,6.6274,14
7ab2931a,2005,6.6274,22
3de0088d,4649,6.6274,1
9c363cd,5021,6.6274,50
763684a7,6549,6.6274,53
411b75f4,2642,6.6274,28
36f31e1d,7759,6.6274,58
3fe572ab,2128,6.6274,22
b6acc2e,1168,6.6274,17
19a50b85,1680,6.6219,22
5f5166d4,7577,6.6301,58
75af9697,659,6.6274,1
30b7990,6524,6.6301,53
2d269c1a,7046,6.6301,58
70f03e2c,5968,6.6301,53
41b8ea94,7758,6.6301,58
19a7ccca,2016,6.6301,22
f845a8,919,6.6274,14
71080ac5,2015,6.6301,22
77e2a23a,3118,6.6301,1
5004f190,5429,6.6301,50
12932b3d,1051,6.6329,17
23fc5588,1364,6.6329,19
416dd0bf,1365,6.6329,19
76c77af2,3056,6.6329,1
36922173,2635,6.6329,28
3e9fbc1,2503,6.6329,28
3dd32e5f,3288,6.6329,1
7c427c78,4656,6.6356,1
5385b367,4231,6.6329,1
74bb99dd,5314,6.6356,50
503ef0c3,6721,6.6356,53
27c5762f,6350,6.6356,53
3ff0f700,6913,6.6356,53
41907512,4589,6.6356,1
69cd698c,3649,6.6356,37
1b4cce11,5428,6.6301,50
4e52249e,6711,6.6384,53
762282a3,5009,6.6384,50
34584190,2550,6.6384,28
365bdf9e,6922,6.6384,53
69727b1f,3057,6.6384,1
2e38dd39,4650,6.6384,1
ba7db08,5430,6.6384,50
7d855f2d,6530,6.6301,53
6081e43a,6959,6.6384,53
15cac82c,6035,6.6384,53
6f9ae309,9401,6.6384,58
21259d36,6722,6.6411,53
5a501a69,5455,6.6411,50
dfb5a39,6188,6.6411,53
545ddd5f,1346,6.6384,19
4e336802,4990,6.6411,50
76895866,6007,6.6411,53
7ae298ce,5040,6.6411,50
2cd0978c,5115,6.6411,50
7bad2abd,4379,6.6356,1
2e8b2eb2,2637,6.6411,28
127d096d,6201,6.6411,53
444b74dd,2639,6.6411,28
3ab98059,6195,6.6438,53
2853bd71,6057,6.6411,53
5fdaf877,1213,6.6438,19
516668a1,926,6.6438,14
2596a480,6750,6.6438,53
5dec46e2,2516,6.6466,28
53db5323,1956,6.6411,22
1d7f70fa,1268,6.6466,19
61d8b933,2913,6.6466,1
38f620ee,6237,6.6466,53
66d6c41c,7192,6.6466,58
566e1ade,4991,6.6466,50
6e4791f1,4743,6.6493,1
6d64473a,2062,6.6466,22
44a760ef,4253,6.6493,1
7e659a1d,2129,6.6493,22
772e9cb9,1215,6.6493,19
40034172,6189,6.6493,53
4223fcd8,6737,6.6466,53
27084064,1092,6.6493,17
6f4ec0ac,1428,6.6493,19
7512856d,6707,6.6521,53
27f54ca0,6100,6.6521,53
243dd7b3,4390,6.6521,1
41d3b830,6902,6.6521,53
200b748a,5128,6.6466,50
2d16ac67,4232,6.6521,1
675c7639,1681,6.6521,22
3b1250da,3287,6.6521,1
5f576fbf,635,6.6521,1
6322b082,5713,6.6521,53
40c6dc16,647,6.6548,1
58ab35fd,6712,6.6548,53
4c7a3f73,7578,6.6548,58
23237814,1690,6.6548,22
5cc26d6f,2531,6.6521,28
75ff62ad,4429,6.6548,1
3af2668,1059,6.6548,17
2aaff3d,6009,6.6466,53
4dcc4312,5281,6.6548,50
b13712c,6904,6.6548,53
3f20714e,6208,6.6575,53
28d0a906,5076,6.6575,50
39d54c0f,6525,6.6575,53
2bf41fd3,6517,6.6575,53
43a8ba0c,6738,6.6575,53
671b6d78,2878,6.6575,1
6e3ba669,1366,6.6521,19
394e4877,2879,6.6575,1
6c480b74,4433,6.6603,1
4333013c,1668,6.6603,22
454dbb8c,3479,6.6603,37
e0b5ea2,5811,6.663,53
6ca6b59f,2873,6.663,1
2234f7bc,4430,6.663,1
79553827,6220,6.6603,53
6e2d662d,4380,6.663,1
516c6d5a,648,6.6603,1
38625cd5,1272,6.663,19
3092319f,5348,6.663,50
699da8b3,1243,6.663,19
546d79b,6516,6.663,53
40a6a5ca,6039,6.663,53
ca5998,763,6.663,14
500edda6,1089,6.663,17
623a7c40,1054,6.663,17
51739593,2847,6.663,1
3a700bc,5129,6.6658,50
25e21e83,5077,6.6658,50
63acb84c,7258,6.6658,58
140bbe03,4706,6.6658,1
59196e1c,4779,6.663,1
62003763,505,6.6658,11
f812d88,649,6.663,1
57232ba6,6960,6.663,53
127b5624,6526,6.6658,53
1e917ce7,1023,6.6658,17
cea98a7,660,6.6658,1
1cf99ccc,3703,6.6685,37
6f320d76,4431,6.6685,1
1578faa1,7583,6.6685,58
2102652d,1169,6.6685,17
3ab55ae1,6514,6.6685,53
770a68d0,5809,6.6685,53
34e153ae,1925,6.6685,22
26fad7b,6381,6.6685,53
6c96ca35,6346,6.6685,53
6dff154c,5290,6.6685,50
1330336c,5285,6.6658,50
5f38b7f6,3289,6.6685,1
2129172a,6708,6.6685,53
36bc5d90,4254,6.6685,1
1feb4c82,5457,6.6685,50
6de263ee,6896,6.6712,53
4576fa28,6739,6.6685,53
708b43,6706,6.6712,53
574f1ab9,761,6.6712,14
3eb6c73d,6552,6.6685,53
7bfc1335,5962,6.6685,53
92911d8,3264,6.6658,1
18b78ebb,3290,6.6712,1
269c4896,4258,6.674,1
2e9bfc57,6008,6.674,53
35e5270a,4125,6.674,45
748357bf,6045,6.674,53
301f6941,4259,6.674,1
78136fdc,2017,6.674,22
41974251,3647,6.674,37
5d56e01e,6197,6.674,53
6f8ad998,2853,6.6767,1
1e4a7060,2061,6.6767,22
33867aa4,1278,6.6767,19
5c225a6c,2551,6.6767,28
789858f4,2518,6.6767,28
78871e99,1091,6.6795,17
4cea7852,4132,6.6795,1
3e6087c,6907,6.6767,53
695a4e0e,1682,6.6767,22
69895adb,6551,6.6767,53
53ecf0e6,3279,6.6795,1
607ab70f,1244,6.6795,19
5b6baf30,884,6.6795,14
78177904,440,6.6795,1
4c48dd20,5714,6.6795,53
793fd969,3301,6.6795,1
48f12ccb,5282,6.6822,50
7f2bfb51,7756,6.6795,58
3c3762e9,1943,6.6822,25
2aa7dd52,650,6.6822,1
369c1992,1955,6.6822,22
58215ca9,767,6.6849,15
5d747ea0,5284,6.6849,50
316f7ab9,1090,6.6849,17
488653b9,4744,6.6849,1
113efeb6,6900,6.6849,53
22758c31,3646,6.6849,37
1699e652,2852,6.6849,1
de3fcaf,5998,6.6877,53
401f3d9a,651,6.6877,1
77259844,6193,6.6877,53
37dd52cd,3648,6.6877,37
aef2d92,3633,6.6877,37
213c7b48,6899,6.6849,53
6c42b937,2491,6.6877,28
3530799b,1683,6.6877,22
cfa614a,5288,6.6849,50
7f8a5efa,4753,6.6877,1
13464477,5142,6.6877,50
19401fc2,5095,6.6849,50
6f8cb3d,6553,6.6877,53
30b296d8,6571,6.6904,53
6f9d41b5,4484,6.6822,1
424dbf32,5351,6.6904,50
22c2565,1669,6.6904,22
260c77ae,4662,6.6904,1
23190a33,4992,6.6904,50
c02854d,2519,6.6904,28
6a311c48,2517,6.6932,28
35e83365,2520,6.6932,28
6f668ea5,4257,6.6932,1
2a9235e0,439,6.6932,1
79074298,6923,6.6877,53
41b1ea13,7760,6.6932,58
4698f79a,6963,6.6932,53
59812785,3645,6.6932,37
2c999b6,5251,6.6932,50
2175d08c,9451,6.6959,58
bdd2038,6883,6.6959,53
394f913a,3069,6.6959,1
77601572,2553,6.6932,28
278da914,6059,6.6959,53
7e420c49,532,6.6959,11
69c7807a,2554,6.6959,28
2cc40a39,3416,6.6932,36
6d07adfd,6594,6.6959,53
5b785156,1347,6.6986,19
5bc90ddd,6173,6.6959,53
11f78624,3706,6.6986,37
44660030,4391,6.6959,1
487f4f47,3058,6.6986,1
7530509f,1945,6.6986,25
519455ff,6953,6.7014,53
5eeaaab8,5456,6.7014,50
7c7f3f4f,4739,6.7014,1
8ecd770,6993,6.7014,53
4293b0b6,3480,6.7014,37
3a5bb45d,9482,6.7041,58
49932544,3054,6.7041,1
4c93fe7e,9729,6.7041,58
3d067fbd,2898,6.7041,1
222af7cb,7584,6.7041,58
824ac0b,7579,6.7041,58
4534468f,1742,6.6986,22
15ddf268,5814,6.7041,53
466e9ea3,5143,6.7014,50
330fbd0a,435,6.7041,1
54e885da,3481,6.7014,37
2e833cf5,6930,6.7041,53
2e5c639d,6577,6.7068,53
1c757b73,4657,6.7068,1
757b1f58,5051,6.7068,50
52dc621a,7351,6.7068,58
6948414a,3705,6.7068,37
428aebce,5229,6.7068,50
f072889,2063,6.7068,22
389e74f9,6897,6.7068,53
4a036f4c,858,6.7068,14
5ae2a74b,927,6.7041,14
9631d42,6041,6.7068,53
1ca2433b,3302,6.7096,1
2a577346,1270,6.7096,19
6125f349,1957,6.7096,22
703d7b22,4392,6.7068,1
107d4360,2636,6.7096,28
7b3bda6b,1684,6.7068,22
7e084585,3485,6.7096,37
6f54c441,6258,6.7096,53
357eb88e,5471,6.7096,50
21a5dd59,3634,6.7096,37
7b9236c0,6901,6.7096,53
3a5a4624,3704,6.7068,37
6421887,533,6.7123,11
4f3f7de7,1269,6.7123,19
4f7db2c2,768,6.7123,15
40bdf161,916,6.7123,14
28bef434,1105,6.7123,17
3eae5784,2851,6.7123,1
1c670931,6714,6.7123,53
33fed525,6694,6.7123,53
6c3e983a,856,6.7123,14
20e0e04e,6531,6.7123,53
46a4be2,1437,6.7096,19
41f8f1b7,3510,6.7123,37
591f4efa,5250,6.7123,50
50f42f33,5352,6.7123,50
7eda3707,6961,6.7068,53
28395665,6174,6.7123,53
2eca7f9c,3059,6.7151,1
d018c21,1030,6.7151,17
22ccf089,5431,6.7151,50
36f0639c,4994,6.7151,50
402400cb,4381,6.7096,1
3d6fa1cc,6190,6.7123,53
3c8e42c4,6732,6.7151,53
7983a564,1953,6.7151,22
19c1c0c7,6925,6.7151,53
13b52cd0,3711,6.7151,37
7ddbfe8b,917,6.7123,14
59e073f2,1271,6.7151,19
17b69268,6074,6.7151,53
61d6aa40,7585,6.7178,58
73fabd7f,5812,6.7178,53
64aa9c3f,4993,6.7178,50
45f43d29,6723,6.7178,53
22a486da,6898,6.7178,53
3e0f0cbb,6715,6.7178,53
1d89ecc0,5023,6.7178,50
3bbebb4b,5286,6.7178,50
13caea49,9402,6.7178,58
bc59367,5353,6.7178,50
4d692c70,6209,6.7151,53
1fd436f1,5283,6.7178,50
517ea2a3,6211,6.7205,53
76075d40,2523,6.7205,28
7289f55c,6924,6.7205,53
3dfde240,536,6.7205,11
4cd43642,1056,6.7205,17
5fe665c3,1055,6.7178,17
681bfec1,6615,6.7233,53
24ba43df,5280,6.7178,50
19247101,2207,6.7233,22
26c0a4f0,6903,6.7233,53
742f2241,759,6.7233,14
5b63f89c,2899,6.7233,31
4c5b036a,8007,6.7233,61
437527f3,5249,6.7233,50
44a489b8,6555,6.7233,53
352730f9,13243,6.7205,95
254ce939,7353,6.7233,58
270c04bf,2070,6.726,22
f31f325,5252,6.7233,50
281e5a8,3019,6.726,1
682100b4,4179,6.726,1
640d55b1,6347,6.726,53
3ff8bc7c,5958,6.7233,53
64253ace,7259,6.726,58
69043f47,6535,6.7233,53
940a673,6198,6.726,53
76eca37,2019,6.726,22
bd632ce,3809,6.726,37
acdc5de,6194,6.726,53
4ad0735e,2048,6.726,22
2e68344,6378,6.726,53
e19de55,6733,6.7288,53
7f5792d3,3707,6.7288,37
36d454e4,3810,6.7288,37
9e1dd9,6345,6.726,53
51a70cfc,857,6.726,14
560c802f,3665,6.7288,37
40b580e9,2507,6.7315,28
3b75326,1348,6.7315,19
17d054c0,3482,6.7315,37
6750f336,5467,6.7315,50
b8e95fd,4255,6.7315,1
3219c9c9,2522,6.7315,28
27faed1e,6755,6.7288,53
47537394,6527,6.7342,53
388d37fe,3519,6.7342,37
4426e6a7,1349,6.7342,19
34c47120,7859,6.7315,58
68577bff,4651,6.7342,1
3f4af1d3,4260,6.7342,1
393493cc,661,6.7342,1
4ad44993,2020,6.7342,22
5d0e7c98,6740,6.7342,53
581e43ac,2532,6.7342,28
ed56c45,1057,6.7342,17
1e2b6162,5964,6.7342,53
136224a0,5827,6.7342,53
7b127f8e,5960,6.737,53
53a29df2,1088,6.737,17
555626c8,885,6.7342,14
70c4cf63,7352,6.7342,58
7201b2ff,3650,6.737,37
25616bcc,5255,6.737,50
e576c77,1031,6.737,17
1a075d3e,5432,6.737,50
900a35d,2880,6.737,1
74c4422c,1928,6.737,22
11d77d16,6742,6.7342,53
262de59f,6219,6.737,53
7e0348d0,6175,6.737,53
286a3fa4,920,6.7397,14
4db91def,6756,6.737,53
5783e61c,7260,6.7397,58
77cdaf7f,1367,6.7397,19
136c3c9e,2521,6.737,28
6a82b648,8089,6.7397,61
51079331,7580,6.7397,58
1f2b148e,8015,6.737,61
22790e02,5959,6.7397,53
3553a7ab,4780,6.7397,1
345164b5,1438,6.7397,19
3855eb65,5291,6.737,50
4aafb83d,1926,6.7425,22
35e067d6,1099,6.7425,17
6044bc95,6267,6.737,53
5f036676,3393,6.7397,36
70e870de,5289,6.7425,50
481aa030,6412,6.7397,53
4d3a62bd,3473,6.7425,37
7fc3975e,7761,6.7397,58
4573a275,6962,6.7425,53
21a70d69,6617,6.7452,53
68b8c6a4,4658,6.7452,1
49ab81a7,6885,6.7397,53
ddf6e32,6351,6.7452,53
10595499,5230,6.7452,50
73c358ab,1097,6.7425,17
667049cd,7354,6.7452,58
102815cf,5813,6.7452,53
4a8f66cf,9404,6.7425,58
771689b7,6210,6.7479,53
23e07935,4652,6.7479,1
473a72a5,8733,6.7452,61
176c91e0,1287,6.7479,19
72c954e0,6398,6.7479,53
36951b87,4653,6.7479,1
266424dc,6383,6.7479,53
6edd8f4,4746,6.7479,1
4d86b8b5,6928,6.7479,53
12d63dd6,13992,6.7452,95
61c64dfd,6101,6.7479,53
6eb20ad6,5253,6.7452,50
6683d7dd,13011,6.7479,58
16058a11,6528,6.7507,53
7117c0ea,2504,6.7507,28
e419981,1093,6.7507,17
2dd6e7b2,6533,6.7507,53
2dda2d12,9426,6.7479,58
7ea034f1,1694,6.7507,22
22892965,7099,6.7507,58
66539c7,2506,6.7507,28
4ea351b,5472,6.7507,50
78242a29,6931,6.7507,53
7ff33358,1962,6.7507,22
75c8e60,2638,6.7507,28
2858344d,5041,6.7507,50
7dcf9eb0,6734,6.7479,53
7a6d6036,13012,6.7534,58
24639642,6348,6.7534,53
472f3320,5963,6.7534,53
2e3c9dd4,5024,6.7534,50
2f87acbd,2914,6.7534,1
19090024,6379,6.7534,53
176efe89,9659,6.7534,58
29e67977,5882,6.7534,53
637e93a2,6377,6.7534,53
718e3934,5712,6.7562,53
11741b3a,2533,6.7562,28
b43f5a2,3404,6.7562,36
1c3794eb,921,6.7562,14
548eb7d4,6633,6.7562,53
3bc06bf4,7593,6.7562,58
1c7059c0,2064,6.7562,22
2d6c2cbf,6618,6.7534,53
39962255,1753,6.7534,24
3650e940,1025,6.7589,17
19267940,1032,6.7589,17
7869dfd,6719,6.7589,53
4bc34066,6965,6.7589,53
43cf47c1,6718,6.7589,53
6909ca81,4659,6.7589,1
909911,3400,6.7589,36
20d985fd,2018,6.7589,22
5a53cb28,1098,6.7589,17
ad9671e,3402,6.7589,36
59895046,6360,6.7562,53
bc26074,4236,6.7589,1
60932f05,6010,6.7562,53
55d1d11d,4660,6.7589,1
328acf82,5078,6.7589,50
15705690,2134,6.7589,22
513ec59d,6534,6.7616,53
28cdb51b,6202,6.7589,53
3ef3f151,6532,6.7589,53
25820673,2206,6.7616,22
1da83699,6200,6.7616,53
22944013,6890,6.7616,53
4967de0e,3303,6.7616,1
2df5fe7f,6741,6.7616,53
3a26e987,2208,6.7616,22
56852c4f,1061,6.7589,17
1d13d173,1678,6.7616,22
6af3eb71,1285,6.7616,19
6877e656,13663,6.7616,95
6510400e,534,6.7616,11
660b8d96,2051,6.7616,22
4ebd322f,6954,6.7616,53
4672d5da,6270,6.7644,53
6a4270dc,5042,6.7644,50
4286bd6b,6246,6.7644,53
42743823,7049,6.7644,58
4c026ee3,6116,6.7644,53
13564a45,6917,6.7644,53
44444b2f,7137,6.7644,58
23337399,6413,6.7644,53
3efdee15,6268,6.7644,54
196e3d54,6964,6.7671,53
1e36031,3020,6.7671,1
384b485e,1679,6.7671,22
1dc1433c,5116,6.7671,50
5eb0714b,6095,6.7671,53
66276ebf,1944,6.7671,25
e4b7bb2,6518,6.7671,53
6ca0db9d,1970,6.7671,22
3147c56b,10063,6.7671,58
6c48176a,2133,6.7699,22
390b77ba,5031,6.7699,50
531d3f35,6884,6.7699,53
726b15ae,9427,6.7671,58
5cfec4a0,3060,6.7699,1
76e7194d,4434,6.7699,1
70a16b12,7594,6.7699,58
486c3a25,5349,6.7699,50
14fdd6b,6908,6.7699,53
1275741b,6224,6.7699,53
30326c2f,5022,6.7726,50
282b05f7,5485,6.7726,50
2da0f96,6221,6.7726,53
79581d24,6927,6.7726,53
1b840634,1969,6.7726,22
40347bb8,6955,6.7726,53
4d37ef31,9406,6.7726,58
3dc6bb22,3520,6.7726,37
30c0caf4,5287,6.7699,50
4227d2c6,7135,6.7726,58
6234c5c5,2135,6.7699,22
5bbc559a,7134,6.7753,58
38b61cee,7050,6.7753,58
e97e666,6717,6.7726,53
4ac9009c,2131,6.7753,22
5e457352,6495,6.7726,53
73e08cda,3666,6.7753,37
38733eeb,13246,6.7753,95
6e029926,6241,6.7753,53
7b39af24,922,6.7753,14
18a93c1c,7355,6.7699,58
4aacd2f3,4180,6.7753,1
48e3f6da,5052,6.7781,50
35867d8,13247,6.7781,95
3f923540,769,6.7781,15
964fd19,5235,6.7781,50
25739d8c,6042,6.7781,53
2b106c8c,2076,6.7781,22
59a7d2ae,8971,6.7753,61
34abb427,1026,6.7781,17
27a0d2f0,6695,6.7781,53
7a4cceb0,3807,6.7781,37
550ac390,5715,6.7781,53
72f1fade,6519,6.7753,53
5c67f9f5,4382,6.7671,1
72455b55,7193,6.7808,58
4be3376c,4661,6.7808,1
3507546,2555,6.7808,28
363913c4,6176,6.7808,53
189bd7d6,13248,6.7808,95
5572fca7,436,6.7808,1
3fb09aa8,3476,6.7808,37
2d307a0c,9608,6.7808,58
db59aaf,9403,6.7808,58
5fbf9422,1929,6.7808,22
21660b22,3651,6.7836,37
63335c6d,3486,6.7836,37
42f2c246,5815,6.7836,53
7a90eb85,6081,6.7836,53
614f50be,1961,6.7836,22
706168ae,2071,6.7836,22
9c892fb,6259,6.7836,53
5dfc9176,6040,6.7753,53
46adf0d7,7194,6.7836,58
5f40d51a,3305,6.7808,1
7aaac86e,2524,6.7836,28
3d72d4b4,13023,6.7836,58
7115e80c,4181,6.7836,1
70e0c6ab,13249,6.7836,95
492e8ee0,5961,6.7836,53
79c19ec3,10064,6.7836,58
60ace45a,1691,6.7836,22
4bd05b8f,8011,6.7836,61
3df319c0,6203,6.7836,53
97d910,5130,6.7836,50
79e736c,13664,6.7863,95
4e5b5c33,6744,6.7863,53
6b436121,3677,6.7863,37
55227a00,6222,6.7863,53
21d376db,5972,6.7836,53
35be23c9,6559,6.7863,53
27ea3e46,1350,6.7863,19
357d0c16,7412,6.7863,58
39e0e444,7066,6.7808,58
45c729f1,3517,6.7863,37
3f3b933,5865,6.7863,53
392c7238,6743,6.7863,53
64ecc4b7,7858,6.7863,58
1898e17a,7293,6.7863,58
63ce97b,6578,6.789,53
5c5be636,4261,6.789,1
64dc4c46,5035,6.789,50
5e904876,6619,6.789,53
15cf1ef,6075,6.7863,53
60caa78e,3292,6.789,1
63a397f7,5491,6.789,50
3f2cb00d,3394,6.789,36
6ffe7783,3518,6.789,37
5999ed8e,2136,6.789,22
62b6a50e,7067,6.7863,58
6c5ac7e4,6716,6.7863,53
1339f9b7,4747,6.789,1
49cf8f05,9428,6.7863,58
68cfc1e7,6096,6.7863,53
5facee2f,3661,6.789,37
230ee977,5096,6.789,50
7858f285,6491,6.7918,53
6b7ad80c,2505,6.7918,28
657377d9,6757,6.7918,53
6dcb9e10,6082,6.7863,53
395bce81,4703,6.7918,1
4546d231,6814,6.789,53
613cdea7,5060,6.7918,50
cd9c908,5492,6.7918,50
34bc932a,1685,6.7918,22
4a8fe7db,3658,6.7918,37
2dc717cd,6212,6.7918,53
6f141af4,2072,6.7918,22
3fe1e1ff,13013,6.7918,58
ae568e7,6271,6.789,53
1f097f09,1692,6.789,22
508505a6,6362,6.7918,53
605bf850,5032,6.7945,50
415806ec,3657,6.789,37
15fdd8f9,6813,6.7945,53
6d2d57d5,4435,6.7945,1
4bf1f28d,4182,6.7918,1
520bab58,6043,6.7918,53
5365a893,13245,6.7945,95
28248816,3655,6.7918,37
2f30e138,3576,6.7945,37
206eceed,2525,6.7836,28
7361c50a,5473,6.7945,50
5e31cb43,5268,6.7918,50
52598cab,3684,6.7863,37
397ef689,8846,6.7973,61
7a488ef9,1933,6.7973,22
2c872efb,7010,6.7973,53
1c3a15d1,6573,6.7945,53
7cbc93fb,3021,6.7973,1
629e7413,4707,6.7973,1
29bd0245,7762,6.7973,58
3036adac,6067,6.7973,53
5c1f01ff,3578,6.7973,37
6855ae5b,9422,6.8,58
2de71cd7,1245,6.7945,19
49fa1c71,7356,6.7973,58
74679297,5054,6.8,50
5e30f9b0,6616,6.8,53
51416dfe,4749,6.8,1
40eeb529,7763,6.7973,58
ed609ff,3712,6.8,37
64da4432,12994,6.8,58
2bbe234a,9483,6.8,58
7d605944,1971,6.8,22
7ddad54c,7862,6.8,58
4a1c845a,7055,6.8,58
27ae7994,6816,6.8,53
125cd7b5,9423,6.8,58
59ddb8b4,5256,6.7973,50
2491fa18,2025,6.8,22
fca3b73,530,6.8027,11
5b7c81c7,8090,6.8027,61
8c1cfe6,2558,6.8027,28
2f690462,5257,6.8027,50
4837aad,6366,6.8,53
17bd1d25,8012,6.8027,61
7bc6081b,4748,6.8027,1
5accd8ed,7008,6.8027,53
724cabfe,5315,6.8,50
658108ca,6720,6.8027,53
2ac4a0c,5828,6.7973,53
1d651ee6,1033,6.8027,17
21d2a617,6496,6.8,53
4cf82dbf,7709,6.8027,58
2ce4f206,2073,6.8055,22
19435b52,4996,6.8055,50
2d95b473,6363,6.8055,53
208de1ab,13993,6.8055,95
2b72537e,2556,6.8055,28
16cc0388,8847,6.8055,61
28681489,9429,6.8055,58
285e0bdb,3662,6.8,37
679137c2,3474,6.8055,37
5e4171ed,3072,6.8055,1
36e5eaf0,1034,6.8055,17
6e3d3f24,6498,6.8055,53
fc2a06,5025,6.8027,50
5567fded,529,6.8055,11
4ccc2fdb,6011,6.8,53
780cf8db,5079,6.8055,50
4b0ffd79,3674,6.8082,37
2a89557c,1286,6.8082,19
2a424204,923,6.8082,14
40a04a34,5493,6.8082,50
44f7c118,6296,6.8082,53
6d3f170c,6536,6.8082,53
3a685c6a,4488,6.8082,1
5a8b5e5,3068,6.8082,1
59efdbe7,5043,6.8082,50
6105f0bc,7597,6.8082,58
2336e742,13014,6.8027,58
36a4035f,4393,6.811,1
6e8049d8,3516,6.811,37
703b5722,4704,6.811,1
1133c68f,7596,6.811,58
5ffd5405,6065,6.811,53
4be5a44f,2561,6.811,28
5dcde897,4183,6.811,1
52454a1f,5269,6.811,50
185600bd,7063,6.8082,58
67ad612e,6499,6.811,53
10c6648,3119,6.811,1
3337afae,6269,6.811,54
4b5a0e65,7360,6.811,58
4772b231,6390,6.811,53
25aeb2b1,2562,6.811,28
2b6a2375,7195,6.811,58
30d8395b,3635,6.8137,37
4e0dbae3,8013,6.8137,61
6e4b50d8,1062,6.8137,17
6269e64b,3739,6.811,37
3202eb8d,12993,6.811,58
14648f61,7062,6.811,58
48891733,6070,6.8137,53
396afd98,6012,6.8137,53
141c1f40,6297,6.8137,53
3167c0cd,5842,6.8137,53
1e9b9d42,1963,6.811,22
31d7795d,3713,6.8137,37
5f3fd4c2,8035,6.8137,61
597d1262,6815,6.8137,53
2b2d367a,6956,6.8137,53
2443fa7a,2075,6.8137,22
2b125e03,2132,6.8137,22
1d24c252,4786,6.8137,1
2e54723e,7136,6.8137,58
50eaec02,3636,6.8164,37
644b0c5d,1295,6.8137,19
7f55618f,13997,6.8164,95
367b3870,6595,6.8164,53
fec2af2,7860,6.8164,58
4d305393,13017,6.8164,58
769be065,6386,6.8164,53
7bd3a90a,14370,6.8164,95
1506b738,6584,6.8137,53
5a65c2c0,7064,6.8164,58
73549921,6044,6.8164,53
15a9e5b8,5319,6.8164,50
11151287,6926,6.8164,53
21469a39,1434,6.8137,19
4ece8c0c,6384,6.8164,53
74d25181,2074,6.8137,22
35b63f42,13244,6.8164,95
41b188f6,6994,6.8137,53
167b8c70,6272,6.8164,53
1b29541,5292,6.8164,50
1acd53a9,3028,6.8164,1
4c252f22,4383,6.8137,1
48ed55cb,3808,6.8192,37
5d69218,13503,6.8192,95
4f0496de,6970,6.8192,53
1edbd041,6247,6.8192,53
968c7d7,3738,6.8192,37
2abdfc23,5458,6.8164,50
38383f5d,5117,6.8192,50
8dca7b2,3735,6.8164,37
27c51b74,7357,6.8192,58
2a170e2f,3029,6.8192,1
39aba2e3,5092,6.8192,50
401afd76,6223,6.8164,53
77a79abb,531,6.8192,11
5272616e,3716,6.8164,37
176bc3e7,6735,6.8192,53
7ae7078f,770,6.8219,15
1ebf1e8a,6098,6.8219,53
5f877522,6278,6.8219,53
592cdc1,9842,6.8219,58
5fc2edbc,3736,6.8219,37
2e0641ba,1433,6.8219,19
163af1ce,5104,6.8219,50
50d766a4,3392,6.8219,36
542347f9,4256,6.8219,1
328e48b9,3031,6.8164,1
56c415af,7065,6.8192,58
35467ab2,2049,6.8219,22
17313a38,7647,6.8219,58
5963bba8,13250,6.8247,95
1968ebbd,3521,6.8247,37
670a92c8,3030,6.8247,1
6ff7ec52,1372,6.8247,19
18a2fc6a,6891,6.8247,53
7109eb6e,6061,6.8247,53
2c66f258,4754,6.8247,1
2e3d4784,7051,6.8164,58
3573b01c,9450,6.8247,58
6b18800c,6253,6.8247,53
33db011c,6399,6.8247,53
3bdd6441,2537,6.8247,28
531aacf,764,6.8247,14
2d6a1925,6294,6.8219,53
2dde464,2026,6.8247,22
615572d,7052,6.8247,58
52f26712,1697,6.8164,22
7d39f241,5062,6.8219,50
5a9dd851,3812,6.8247,37
27434116,8036,6.8274,61
4ad07f5e,662,6.8274,1
bdb4be1,6060,6.8274,53
3f30559b,5883,6.8274,53
246e89a,2052,6.8274,22
4ba54d03,1693,6.8274,22
1a7093d5,6621,6.8274,53
2751918d,9421,6.8247,58
1266afc5,1972,6.8274,22
734a35df,13016,6.8274,58
7a07a237,5486,6.8274,50
6dbafe58,861,6.8274,14
46ccc79b,7009,6.8274,53
61f35000,3306,6.8274,1
7b869cd1,5097,6.8247,50
43b5752c,6400,6.8301,53
79c71b3c,5331,6.8301,50
5917eb80,5144,6.8301,50
229fd3f2,7692,6.8301,58
4aebde98,12989,6.8301,58
b343202,5965,6.8301,53
6d19830f,5505,6.8301,50
54e9cc59,7370,6.8274,58
31c5dd1d,7418,6.8274,58
25cedaa3,6299,6.8301,53
f40583a,3413,6.8301,36
2e60a326,2209,6.8164,22
3152bec2,6264,6.8301,53
359f646,6077,6.8274,53
744192af,6069,6.8301,53
1b923c5,6356,6.8301,53
77531448,13504,6.8301,95
44d7a9b6,9408,6.8301,58
5f398b23,6497,6.8274,53
621a6189,3511,6.8301,37
6f966478,1106,6.8329,17
60c481cb,5146,6.8329,50
5163a273,5131,6.8329,50
d0ab983,6214,6.8329,53
6db70e66,778,6.8329,15
1e14ff6b,6560,6.8329,53
3bac395,8037,6.8329,61
29b900c2,5106,6.8329,50
726a7590,9411,6.8356,58
65854fbc,5245,6.8356,50
3d9b242e,7068,6.8356,58
680ac9c5,5731,6.8356,53
2c726bd7,5061,6.8329,50
42ee4a22,6320,6.8356,53
9547b16,3475,6.8329,37
46e32d2f,6385,6.8356,53
223dcb89,5487,6.8356,50
5b26986,5172,6.8356,50
1cc76aea,7013,6.8274,53
36e13eaf,924,6.8356,14
7b98d007,3061,6.8356,1
6934e709,7358,6.8329,58
5c12069c,6295,6.8356,53
218e2a2d,7101,6.8356,58
5f000f9d,1035,6.8274,17
25990825,1695,6.8356,22
2aeb646,7138,6.8356,58
3d85e4fa,1432,6.8356,19
734740ec,7367,6.8384,58
632f249b,4235,6.8384,1
1ef2a681,6260,6.8384,53
69992f9f,5732,6.8384,53
7b29a462,3737,6.8356,37
11a72dc8,1094,6.8356,17
40191f6,6537,6.8301,53
3b733bbe,9819,6.8384,58
32a0dbcb,1279,6.8384,19
765be3df,6572,6.8384,53
3438e5d,3637,6.8356,37
396db5b0,859,6.8356,14
19a880d5,8970,6.8384,61
6f63b603,4709,6.8384,1
2f143d36,13092,6.8384,58
1b5ed59c,9409,6.8384,58
53c5d152,6117,6.8356,53
4fca3372,6099,6.8384,53
34c38de6,7493,6.8356,58
71784dec,5102,6.8384,50
1239ac76,8329,6.8411,61
72b4d242,1351,6.8411,19
1ccace8a,4995,6.8356,50
71551aba,6391,6.8411,53
6f9af641,6640,6.8384,53
309fbdd8,4711,6.8411,1
7aeb9bdf,9458,6.8384,58
2332cef2,8016,6.8411,61
14873475,2526,6.8356,28
1ba20c2b,9768,6.8411,58
561e03fa,3424,6.8411,36
7f615f6e,8916,6.8411,61
4f74afb8,13052,6.8411,58
530672b7,3304,6.8411,1
708d4f85,6758,6.8438,53
3e41f9a3,3312,6.8438,1
5a42c1cf,5853,6.8438,53
45fd5a38,7595,6.8438,58
1efcc3f5,6515,6.8438,53
3ad94031,779,6.8438,15
4e35c5f8,6579,6.8438,53
68121e17,4720,6.8438,1
72f985f7,6097,6.8438,53
2040f902,9839,6.8438,58
5d7a3d0a,5733,6.8438,53
10deb1ef,3477,6.8438,37
231a1c09,14503,6.8466,95
4dcca686,1452,6.8466,19
3d803958,9430,6.8438,58
459a7a59,2539,6.8466,28
7bf28920,1927,6.8466,22
776c7939,1288,6.8466,19
4b1ac475,14138,6.8466,95
575068d4,8010,6.8438,61
5d4437fd,1352,6.8466,19
32100efc,8009,6.8466,61
26a10c36,6500,6.8466,53
3b054dfb,2643,6.8466,28
47826eb9,7057,6.8466,58
75d7ef5b,3022,6.8466,1
5bb99d6b,13015,6.8438,58
4ac27972,2050,6.8466,22
1e613135,5854,6.8466,53
5406b895,8008,6.8466,61
434325bb,6538,6.8466,53
1a93cd48,3715,6.8438,37
decafb6,1291,6.8438,19
6c4f7c8e,7100,6.8438,58
61751de,6352,6.8493,53
367be241,7935,6.8493,58
3286904b,3579,6.8493,37
5a7f18b2,1746,6.8466,22
4dc3b47f,6300,6.8493,53
19e3b905,7920,6.8466,58
1ad06fcb,6263,6.8493,53
24433e6c,3512,6.8493,37
2241e667,7670,6.8493,58
468c9be6,7059,6.8493,58
59c015,7861,6.8493,58
59c03973,6751,6.8493,53
5069ec2d,1353,6.8493,19
6d640812,13091,6.8466,58
40bbb907,1965,6.8493,22
e2c806d,6746,6.8493,53
113b1d01,13048,6.8493,58
19d24a,9754,6.8493,58
5cd2b3ac,7609,6.8493,58
413c4ab0,6745,6.8466,53
5168dacd,6091,6.8493,53
2bf99512,5081,6.8493,50
9e69aab,1289,6.8493,19
62635679,7863,6.8493,58
2be5c64a,5044,6.8521,50
8af704c,7011,6.8521,53
6f19354e,6109,6.8521,53
434ed7ea,9452,6.8521,58
17b1764a,2138,6.8521,22
12e33560,14371,6.8521,95
613d1a60,1246,6.8521,19
4728e04c,1686,6.8521,22
5bb7ddc5,5973,6.8521,53
5074abe6,3419,6.8521,36
1ee6e849,8014,6.8521,61
59134592,4664,6.8521,1
59b9e47c,6204,6.8521,53
3c05537b,2564,6.8548,28
694bd516,5055,6.8548,50
495be486,6996,6.8548,53
aa707ea,6999,6.8548,53
1c2b88c6,5356,6.8548,50
aa38eb3,3656,6.8548,37
11ca899c,6066,6.8548,53
1c4a34b5,5894,6.8548,53
2e60f881,5810,6.8548,53
6ecd3833,1966,6.8521,22
788df54f,6076,6.8548,53
352f9977,4663,6.8548,1
1c22dba3,6724,6.8548,53
1b2974b4,5480,6.8548,50
c99dd13,7651,6.8548,58
25f8e392,14372,6.8521,95
45b409d6,13018,6.8548,58
41235ae8,13994,6.8548,95
4f413d00,6588,6.8548,53
3d28a9c6,3405,6.8548,36
1f9d6c88,3667,6.8521,37
5dae5b2d,14114,6.8548,95
38b113f7,7053,6.8548,58
7e5e90dc,6365,6.8548,53
a535ab3,7296,6.8548,58
250b1fe7,6995,6.8548,53
2211b101,5895,6.8548,53
699d5e8c,8849,6.8521,61
15159e1a,5098,6.8575,50
1fc73414,12984,6.8521,58
4cc74e3,9407,6.8575,58
fd1739d,6420,6.8575,53
7258b1a7,6298,6.8548,53
4b0404b8,6367,6.8575,53
206600a5,6318,6.8493,53
6d45fe58,928,6.8575,14
6adad4df,2653,6.8575,29
8dad1f1,5866,6.8575,53
690c25f6,5717,6.8575,53
5eee74f9,771,6.8575,15
35a49a58,9840,6.8575,58
7751158a,3309,6.8575,1
7f7aad03,6265,6.8603,53
33a7eb21,3483,6.8603,37
521e57a9,3821,6.8603,37
34d3ccb,6590,6.8603,53
437971e8,3125,6.8603,1
3c7bc148,5850,6.8603,53
558c940,864,6.8575,14
16c37171,4708,6.8575,1
4a120167,7104,6.8603,58
36c0cf1f,3714,6.8603,37
3ebe1e1e,6301,6.8603,53
5cade900,1299,6.8603,19
51e8531d,1936,6.8603,22
61e0d608,6261,6.8603,53
2f606ac4,9412,6.8603,58
1cb663c1,1958,6.8603,22
fd5abf1,3717,6.863,37
68626c95,4712,6.863,1
44780d17,3070,6.863,1
5ffb93b4,14396,6.863,95
6b7fd632,9664,6.863,58
4957728f,3577,6.863,37
32aaa9f4,7586,6.863,58
3b6d43fe,7934,6.863,58
36be0a03,8386,6.863,61
23e584a0,3071,6.8603,1
39f9e01b,5026,6.863,50
51545959,2543,6.863,28
36d6af8e,6361,6.863,53
70fe4545,12995,6.863,58
7fb10f7e,3417,6.863,36
715a78bf,12987,6.863,58
c5c1f40,2167,6.863,22
ff57b9a,14768,6.863,95
da3d34c,6392,6.8575,53
7a1ee779,9755,6.8603,58
16d45165,7056,6.8603,58
32d9d18e,3425,6.8603,36
21f35d2a,2654,6.8658,29
2c5b5342,787,6.8603,15
18b060d5,13529,6.8658,95
641997ec,2527,6.863,28
5fb89c48,10285,6.8658,77
290f15be,6554,6.863,53
32226e82,4436,6.8575,1
1aac29dd,8737,6.8658,61
16dbc1c,4997,6.8658,50
6ef9678a,1440,6.863,19
73d02658,5099,6.8658,50
573eb86e,9546,6.8658,58
509efb6a,6792,6.863,53
a70e4b4,5103,6.8658,50
669134ba,5843,6.8658,53
4173d6a9,12990,6.8658,58
7e699af3,3669,6.8658,37
1cc97e82,5045,6.8658,50
73b184ce,2077,6.863,22
1c6a4ae6,3478,6.8685,37
43f3115c,7306,6.863,58
717fa5d3,8387,6.8685,61
e97c8c6,7413,6.8685,58
7668f5d6,12985,6.8685,58
40e48e88,2168,6.8685,22
1b460e39,5266,6.8685,50
179b71bf,4831,6.8685,1
4fa48c66,7967,6.8685,58
27fa5a72,7921,6.8685,58
430e10cb,5433,6.8685,50
6892f955,1368,6.8685,19
51c56144,6635,6.8685,53
24486b71,862,6.8685,14
51149c40,6078,6.8685,53
6c957b04,5046,6.8658,50
5460ab6e,8915,6.8658,61
622f46e1,7587,6.8685,58
4e135769,7294,6.8685,58
1d8843a0,7648,6.8685,58
7a7ca083,6581,6.8685,53
2d688eed,5082,6.8685,50
5bd4f5a6,7359,6.8685,58
72141b84,7102,6.8685,58
422ec204,6017,6.8685,53
fffc510,1745,6.8685,22
17ff9240,6205,6.8685,53
48b5465c,9414,6.8658,58
57529f71,2534,6.8712,28
653606,1744,6.8712,22
5310a540,6556,6.8712,53
1bbdfabe,5090,6.8712,50
267407ce,9883,6.8712,58
4df2ecd2,1743,6.8712,22
73db1ca8,10284,6.8712,77
24b12ebc,5734,6.863,53
2f17c496,7650,6.8685,58
6c7d7f12,772,6.8712,15
6a315f24,6561,6.8712,53
307faacc,9545,6.8712,58
21ddeb21,4262,6.8712,1
265f95e7,3682,6.8712,37
13538318,6574,6.8712,53
46f73677,2540,6.8712,28
b13cdaf,5254,6.8712,50
45d9ab0f,7494,6.8712,58
507551d0,3418,6.8712,36
1579c772,663,6.874,1
3155ee17,3307,6.8712,1
3057afe9,5036,6.874,50
1f73fefe,7361,6.8685,58
604837e9,6248,6.874,53
75a3f0fa,7599,6.8712,58
178f3ecc,3293,6.874,1
7daabc92,6013,6.874,53
7dae39d7,7693,6.874,58
5c78aef4,7531,6.874,58
36b6b1a1,3123,6.874,1
1ed0d5c9,1354,6.874,19
25d94143,6793,6.8712,53
123c3745,3313,6.874,1
58ea7956,1067,6.8767,17
412add15,1296,6.874,19
507554cb,6557,6.8767,53
b2a24f8,1431,6.8767,19
892b785,860,6.874,14
107455c3,788,6.8767,15
6381de97,6262,6.8767,53
39562bfb,6929,6.8767,53
24e59dcb,5844,6.8767,53
dd4b190,2094,6.8767,22
3c96d57c,6357,6.8767,53
5f53ca4d,6388,6.8767,53
160d1ed9,1430,6.8712,19
1622f805,6563,6.8767,53
54a6d483,3487,6.8767,37
7b951fe9,2021,6.8712,22
7314ea93,5080,6.8795,50
7b973aff,7922,6.8795,58
5921882,4187,6.8767,1
562b358e,2535,6.8795,28
6af4f0b1,13998,6.8795,95
23f0daa,5294,6.8795,50
18f39e21,14113,6.8767,95
40bd8fd0,3493,6.8795,37
55fec94d,5380,6.8795,50
5a761139,7012,6.8795,53
20de0580,6206,6.8795,53
62c980b1,12988,6.8822,58
2fa6d92e,3676,6.8822,37
4533fa3a,2578,6.8822,28
15110519,6266,6.8822,53
17c8a112,2557,6.8822,28
ebe656c,2918,6.8822,1
7ea185d1,12986,6.8822,58
1a2b20d2,9410,6.8822,58
5486acab,3073,6.8822,1
49a242ef,6817,6.8795,53
3bc0a7ac,9453,6.8795,58
1b30aaf8,3492,6.8822,37
665829f7,3675,6.8795,37
75a3263,14378,6.8822,95
5c34ad5d,7103,6.8822,58
424dab49,5107,6.8849,50
65fd2566,10078,6.8822,58
3362da90,5048,6.8849,50
4ac5d7e4,7297,6.8849,58
65fd2a16,9547,6.8849,58
6927e5da,1946,6.8849,25
4c340434,12996,6.8849,58
282a90a1,3585,6.8849,37
240bb228,2065,6.8849,22
72548a46,13666,6.8849,95
1e2d359c,5436,6.8849,50
627e0160,14397,6.8849,95
781d5261,3687,6.8822,37
1b9d75f5,3659,6.8849,37
4d4dda7a,1247,6.8795,19
39c39f8c,3426,6.8849,36
3abb879a,1290,6.8795,19
a7c29d4,6558,6.8849,53
28dcf4ac,5033,6.8849,50
589e1e9f,2139,6.8849,22
5596bd5f,863,6.8877,14
7b2381fc,7610,6.8849,58
23717b08,4184,6.8877,1
1d425e55,6620,6.8877,53
52f4a0c5,2545,6.8877,28
31689ec8,8882,6.8822,61
7a3626e2,1300,6.8877,19
1d7d7439,4755,6.8795,1
1c38decc,6227,6.8849,53
33193105,3638,6.8877,37
12422135,5468,6.8877,50
65475930,13251,6.8877,95
2e0d724c,8093,6.8877,61
58a70708,7694,6.8877,58
5befdea0,6364,6.8849,53
3d29796d,1373,6.8877,19
4be9234,5293,6.8877,50
41e41ffd,7000,6.8877,53
219bdf8e,13049,6.8877,58
4241fc3,8735,6.8877,61
68333470,5350,6.8877,50
74fb1241,7020,6.8877,53
1501f0d4,9413,6.8877,58
6a992a55,2658,6.8877,29
4ee7fac2,6641,6.8904,53
62229045,6539,6.8877,53
783f4b85,6228,6.8904,53
5b571d55,1302,6.8904,19
2a97cd17,6892,6.8904,53
5c41c0b8,8973,6.8877,61
5e20dbd6,5847,6.8904,53
1047e1f2,2032,6.8904,22
4170a215,7450,6.8904,58
3d7ec8f2,6427,6.8904,53
2995453f,2137,6.8904,22
7b0304b5,9568,6.8877,58
23258e68,6249,6.8877,53
68d7eba6,6072,6.8904,53
2b81a8e8,7105,6.8877,58
6be8f73e,5897,6.8904,53
50cfb995,1273,6.8904,20
82d705a,3580,6.8904,37
3cb98adb,6415,6.8904,53
774f9f9,7865,6.8904,58
50a9b86a,5816,6.8877,53
7cd4f446,14496,6.8932,95
2bc685e1,9564,6.8932,58
1f98e426,5970,6.8877,53
3f036d1d,2031,6.8932,22
22f4e87f,7366,6.8904,58
79d94ea3,7874,6.8904,58
76db2f44,6819,6.8932,53
21b83c6a,6634,6.8932,53
5ff93828,8881,6.8932,61
5f7d6c5,5091,6.8877,50
457114,5267,6.8932,50
33da8be9,6562,6.8849,53
5361ba94,5320,6.8904,50
6a4207a8,5132,6.8932,50
689b1fc3,9665,6.8849,58
437d0e15,11247,6.8932,77
241f4050,1095,6.8932,17
582ed749,9756,6.8932,58
7a74fb5d,7868,6.8932,58
260c6fda,7261,6.8932,58
4aa196d7,5511,6.8932,50
61072430,537,6.8932,11
3f44f580,7591,6.8904,58
62374f26,6093,6.8932,53
366c68c5,8736,6.8932,61
7dd7f639,2169,6.8904,22
2fc560d,6636,6.8904,53
24e66a99,5149,6.8932,50
6fbfda59,6794,6.8932,53
7c98ec91,6905,6.8959,53
6468fe77,5083,6.8959,50
3c7ec3a3,5855,6.8959,53
2bdbd417,1959,6.8932,22
109c4999,5332,6.8959,50
60bd1946,2090,6.8959,22
6422dbf8,7611,6.8959,58
332486bb,3708,6.8959,37
798d28a7,3513,6.8959,37
c0330ed,6593,6.8959,53
7ea17075,5316,6.8959,50
69272044,14380,6.8959,95
79fff5d7,765,6.8932,14
6cee265d,7298,6.8959,58
1939c16d,7598,6.8959,58
72f65c19,7139,6.8959,58
61c35bf0,6627,6.8959,53
494ce70e,5490,6.8959,50
4f9bf2bd,786,6.8959,15
7be0e093,3120,6.8959,1
52daf9dd,1696,6.8959,22
53f6842,6250,6.8986,53
4721d913,10079,6.8986,58
2b659b7c,2900,6.8986,31
3b7b9ab7,1982,6.8986,22
3eea8814,7710,6.8959,58
463cef1e,4710,6.8986,1
40e98af3,7764,6.8986,58
36646c37,5174,6.8986,50
47d047e9,11449,6.8959,77
2019d386,4237,6.8986,1
5f489b4b,6092,6.8959,53
4ad945b9,1297,6.8932,19
50fe44b4,4242,6.8986,1
54189f2e,3681,6.8986,37
a748622,7423,6.8986,58
6ad30b46,2057,6.8986,22
5e05d8f8,4394,6.8986,1
466bf003,1747,6.8932,22
3c10828,1036,6.8986,17
6d2a7e35,5118,6.8986,50
33ad7848,3124,6.8986,1
6dde1aa4,5774,6.8959,53
74ac04f4,7592,6.8986,58
1a4419bb,1374,6.8959,19
41552419,8041,6.8986,61
7fa7c201,6820,6.9014,53
67267cce,9666,6.9014,58
41c2d016,8384,6.9014,61
5cd4e9b0,9488,6.9014,58
484bcd7a,2141,6.9014,22
93db9b8,1275,6.9014,20
5e288ae9,9485,6.9014,58
1747933f,13001,6.8986,58
254a61f5,3602,6.9014,37
337c583b,5437,6.9014,50
57e8d795,3652,6.9014,37
4d0d6043,3600,6.8986,37
42c0525b,5845,6.9014,53
3b3ef5de,6387,6.9014,53
13020374,5034,6.9014,50
6a52df02,5975,6.9041,53
7b17f9a2,6589,6.9041,53
5dbe81fb,6073,6.8959,53
11620f97,5469,6.9041,50
36c8b490,5354,6.9014,50
328253c6,7875,6.9041,58
3ac827ba,7864,6.9041,58
6d347876,13024,6.9041,58
292a469b,9781,6.9041,58
b2bb1c,6071,6.9041,53
25012030,8734,6.9041,61
12d022a,2904,6.9041,31
4f143db1,3663,6.9014,37
34f1a456,6094,6.9014,53
4986e4e8,6909,6.9041,53
218e938f,7385,6.9041,58
48dbf9c6,2210,6.9041,22
264cbcd9,4185,6.9041,1
1f267f52,9662,6.9041,58
4a6195d2,9950,6.9041,58
3deb2696,5173,6.9014,50
40364663,5137,6.9014,50
5de35091,7649,6.9041,58
1e0a8580,9567,6.9041,58
327ab5fc,3678,6.9041,37
74736964,6414,6.9041,53
3353d8a3,13115,6.8959,58
793f7dcc,6014,6.9041,53
58fc39ec,5100,6.9041,50
7bbf2b68,5867,6.9014,53
61425f29,2023,6.9068,22
1543d33b,6068,6.9068,53
5d57083d,6416,6.9068,53
1e8df242,5898,6.9068,53
3fad132b,6997,6.9041,53
715a80be,5134,6.9068,50
5c61c8f6,6369,6.9068,53
1e6ee16c,3310,6.9068,1
5e320fab,1981,6.9068,22
2f5ce9cd,5258,6.9068,50
a26d3e8,7866,6.9041,58
22b093db,9494,6.9041,58
58529c22,13995,6.9068,95
16539fd4,9563,6.9068,58
5e091e52,6110,6.9068,53
76ddfdbe,9670,6.9041,58
44a14175,6726,6.9068,53
620c2fe8,5084,6.9068,50
2ef31c07,10021,6.9041,58
211fefeb,6696,6.9014,53
24548b32,15756,6.9041,95
46e1fa48,3829,6.9068,37
5c44a21f,9951,6.9068,58
60febf73,13093,6.9068,58
3239fa64,9405,6.9068,58
3149f0a4,5851,6.9096,53
7ecd1ae,5971,6.9041,53
387fcba1,13050,6.9096,58
761c77a,6725,6.9096,53
7af6e728,5049,6.9096,50
4c4e402,7368,6.9096,58
5b0d4f3d,2231,6.9096,22
65c42495,3294,6.9096,1
6c176540,3308,6.9096,1
2195104d,8385,6.9096,61
51aa9b88,1274,6.9096,20
2521489,7307,6.9068,58
46f668da,5506,6.9041,50
27b9d07a,9486,6.9096,58
119c2821,3514,6.9068,37
65ca5b06,1370,6.9068,19
18825527,1298,6.9068,19
a66ece2,7262,6.9068,58
4ed3a92b,6919,6.9096,53
7fa3f5cc,6824,6.9096,53
f0e1739,5231,6.9096,51
5af4092,8388,6.9096,61
3ccf070,7001,6.9123,53
a44d273,3062,6.9068,1
3813bd39,2563,6.9123,28
e5e820c,5470,6.9123,50
58fe3262,3395,6.9096,36
27b6519b,13996,6.9123,95
58623e2f,2541,6.9123,28
5273411c,9484,6.9096,58
7dbdaa6f,6592,6.9123,53
7330d6f6,10065,6.9123,58
72be283b,9487,6.9123,58
5479fa98,6423,6.9123,53
41564305,11448,6.9123,77
80c9e46,7058,6.9123,58
18f2b3fa,7671,6.9123,58
3c43746,5896,6.9123,53
70791250,5852,6.9151,53
1c6b5cb7,13255,6.9151,95
152bedab,6319,6.9151,53
110b51a3,7447,6.9151,58
49fb1af4,5236,6.9151,50
281872b9,6229,6.9123,53
33572ac3,8096,6.9151,61
66d89f4e,8894,6.9151,61
b84556b,5085,6.9151,50
4d4c3e48,11252,6.9151,77
681f80b,8972,6.9151,61
c0acb2a,2538,6.9151,28
250cf8cd,1027,6.9123,17
99e2c5a,9415,6.9151,58
4b8cd3a2,5101,6.9151,50
d6dcc2,5977,6.9151,53
5a5f0469,2091,6.9151,22
1857557f,4238,6.9151,1
3684f72d,6788,6.9151,53
60d346d3,8094,6.9151,61
56d5a6c7,7449,6.9151,58
740b8c38,1303,6.9151,19
56d5d36b,3813,6.9151,37
6373088,9820,6.9151,58
1e6b761c,6254,6.9151,53
441339f3,5145,6.9151,50
2c4ae2bc,9841,6.9123,58
169f4b82,1096,6.9151,17
57d29a6c,8390,6.9151,61
7f90b6e2,5148,6.9178,50
7267cf0,6906,6.9178,53
33664620,10294,6.9178,77
7c0231aa,3428,6.9178,36
3fc0d5bc,2053,6.9178,22
451d5300,12004,6.9178,77
716876af,5737,6.9178,53
1c0a9649,10080,6.9178,58
255edd41,9565,6.9178,58
af41fb9,8326,6.9178,61
6b9f4dc,15992,6.9178,95
381bdd46,3641,6.9178,37
706bacd2,7140,6.9178,58
5af31247,1254,6.9151,19
43ac7cd5,8886,6.9178,61
238cc34b,5147,6.9178,50
9af1954,5848,6.9178,53
6f3804ca,9416,6.9151,58
421838c3,5047,6.9178,50
7cb3d50,5738,6.9205,53
76dfe144,5969,6.9205,53
596ea501,3427,6.9205,36
5a3340cf,2919,6.9205,1
44cd764,7797,6.9205,58
d10c368,5027,6.9151,50
21fa3966,3670,6.9205,37
610f30ae,5974,6.9205,53
39a2c1c,2901,6.9178,31
89ab484,2054,6.9205,22
785b9df8,5488,6.9205,50
6049581d,13029,6.9178,58
44323237,6279,6.9205,53
4c5726f2,13030,6.9205,58
32e172c4,8331,6.9205,61
122db722,8333,6.9205,61
6f82ce88,5976,6.9205,53
4b923add,8994,6.9205,61
61b10a02,6887,6.9205,53
587f33a2,9096,6.9233,61
217040ab,1930,6.9233,22
7beec28a,1369,6.9233,19
3325f522,3604,6.9233,37
65d036a2,3683,6.9233,37
10738ef5,7422,6.9233,58
1d84f4e3,1376,6.9233,19
65ee3623,9730,6.9233,58
3e7678f2,8896,6.9233,61
226606fb,6591,6.9205,53
2e6e2064,2915,6.9233,1
14f7eaa6,9708,6.9233,58
194ba122,9731,6.9233,58
b083d2e,7323,6.9233,58
4c3a17e9,664,6.9233,1
543a412b,1931,6.9233,22
cbc2855,7263,6.9151,58
7fb323d0,1960,6.9233,22
3b35cfb5,7295,6.9233,58
7a82fefa,6910,6.9205,53
711e64b0,2092,6.926,22
772b50a1,1108,6.926,17
11e04037,6324,6.926,53
43d7dd9,9495,6.926,58
604a20a,6585,6.926,53
2b075433,7918,6.926,58
3875589c,4723,6.926,1
574939fe,3127,6.926,1
747ec5ef,5763,6.926,53
6549b19f,12992,6.926,58
776ab412,4239,6.926,1
4b88f98c,2916,6.926,1
6972e5c8,14440,6.926,95
6b2104b4,10084,6.9233,58
43cc8506,6637,6.926,53
61a46349,13019,6.9233,58
23391f21,6421,6.926,53
1f068610,7269,6.926,58
7c6125e0,2536,6.926,28
5ba27bdf,7448,6.926,58
63ff8a8e,8389,6.926,61
19dee5c9,1110,6.926,18
32c3c6e4,865,6.9233,14
47f8bb79,8748,6.9288,61
fcc5cda,5871,6.9288,53
2511aac7,1355,6.9288,19
61521047,5438,6.9288,50
4d0a1e6f,6311,6.926,53
54871de8,1113,6.9288,17
4f2b47c4,14374,6.9288,95
22ece877,6753,6.9288,53
534d0445,1375,6.926,19
4ea98125,14897,6.9288,95
5ba9ea53,4486,6.9288,1
1960eb31,5489,6.9288,50
1ec30e01,6886,6.9288,53
76a5228f,1253,6.9288,19
25174eb0,6285,6.926,53
2735539e,2577,6.9288,28
335ade59,7936,6.9288,58
696fdc60,5296,6.9288,50
35ef7d35,5151,6.9288,50
2a92c7f6,7698,6.9288,58
27b6d899,780,6.9288,15
2f99ae4d,7054,6.9288,58
427b6220,5110,6.9288,50
cb3b98f,7893,6.9288,58
30227298,6207,6.926,53
21c10615,6580,6.9288,53
38320a6f,3753,6.9315,37
295ca327,7196,6.926,58
a49b226,5856,6.926,53
2391ecd4,11456,6.9233,77
7aad4ffb,7894,6.9315,58
20d0a117,5119,6.9315,50
bd8fbbb,3853,6.9315,37
54d55e92,3668,6.9288,37
47d1247c,5108,6.9315,50
4e7622,7106,6.9315,58
49c6e15e,3719,6.9288,37
2c15cdb3,13569,6.9315,95
60dcfea9,6255,6.9315,53
71707a2d,4833,6.9315,1
59687819,7340,6.9315,58
42d64a1a,3816,6.9288,37
2ee0c40a,5849,6.9315,53
5d6c4892,14898,6.9315,95
5f167ed9,7169,6.9315,58
4d0d3ef8,1439,6.9315,19
58b8fa24,3311,6.9288,1
4f474bfd,9959,6.9315,58
3c3da3fd,6638,6.9342,53
49b5841a,5512,6.9342,50
3cd82672,9660,6.9342,58
47cb9d57,6321,6.9315,53
16b8ec18,8039,6.9342,61
1c5c39e,2213,6.9315,22
73483f81,3752,6.9342,37
ede7c2c,13137,6.9342,58
15646985,6981,6.9342,53
3439113e,1107,6.9342,17
44ed9f1d,12347,6.9315,77
76eb1436,7069,6.9342,58
5bd82163,14420,6.9342,95
ba929db,11246,6.9342,77
58ed8d1a,14782,6.9342,95
3db7516a,7308,6.9342,58
636820f3,7769,6.9315,58
4f717f2b,2143,6.9342,22
3f407e36,14899,6.9342,95
3b6ed895,13020,6.9342,58
39d1971,3740,6.9342,37
794bc9d2,14011,6.9342,95
7e70eb90,7674,6.9342,58
3a1bcf7c,2508,6.937,28
77fc12da,3130,6.937,1
505e40ae,8848,6.937,61
747a87c7,5363,6.937,50
290b1d5e,7324,6.937,58
4d8f472c,13124,6.937,58
53c42ddd,3624,6.9342,37
5a72e685,5716,6.9342,53
780b9655,2093,6.937,22
91b85e7,781,6.937,15
3e9a15cf,9566,6.937,58
70067e82,1754,6.937,24
73919a57,5440,6.937,50
578c134e,3688,6.9315,37
1586e9ec,9865,6.937,58
1bba7565,8850,6.937,61
26d80e5,2033,6.937,22
6cb7d90a,1435,6.9342,19
130ba5e9,9710,6.937,58
56378f7f,6920,6.9342,53
30bdb476,1775,6.937,24
24aad2a5,6575,6.937,53
4d058d5e,6889,6.9342,53
4aae047d,9460,6.937,58
1883ebab,1381,6.937,19
56e931bf,6225,6.937,53
2424ee3d,7003,6.937,53
6b880991,3621,6.937,37
1e138b28,6286,6.937,53
194af5f2,7322,6.937,58
6b15bad,13125,6.937,58
5e71840,6501,6.937,53
7af891f,789,6.937,15
4904197d,5514,6.937,50
5951e63d,14375,6.9397,95
62c185d1,6795,6.937,53
45645fc3,5295,6.9397,50
4856e6f9,7002,6.9397,53
1ce3676f,14421,6.9397,95
78fc7a37,5133,6.9397,50
3e0e346,12001,6.9397,77
1351f04a,3484,6.937,37
6ac6cdb6,5246,6.9397,50
624130e8,9771,6.9397,58
dbb1d6a,1380,6.9397,19
1e3e6be7,7798,6.937,58
160de328,3601,6.937,37
1273c87c,13053,6.9397,58
4e840cf9,5271,6.9397,50
1b81080e,2542,6.9397,28
62ecacf5,2579,6.9397,28
6ed0a8fc,2058,6.9397,22
3fc9cc44,13123,6.937,58
dd921b,13094,6.937,58
138f2b76,1304,6.9397,19
2848932f,7672,6.9397,58
1483b6f6,6785,6.9397,53
7f7f6bd2,5053,6.9397,50
13de636c,9952,6.9397,58
79e03efa,5513,6.9397,50
70dd0336,6213,6.9397,53
7478d704,6759,6.9425,53
14dd0fe4,14500,6.9425,95
6cb2e46b,2095,6.9425,22
74ee8e78,1983,6.9425,22
461cb716,4240,6.9425,1
3ac2321e,2528,6.9425,28
41281891,5462,6.9425,50
41b5c382,7371,6.9397,58
62b268a5,9497,6.9425,58
49cbe42f,6402,6.9425,53
48268117,2144,6.9425,22
2760e242,3586,6.9425,37
4dc7bc47,5063,6.9425,50
56e6514b,6888,6.9425,53
409a2d24,14373,6.9397,95
3c482219,2211,6.9425,22
1c1aa520,13136,6.9425,58
7812c3e1,7766,6.9425,58
69f032ca,666,6.9425,1
14d58d07,3121,6.9425,1
5d2f1918,5152,6.9425,50
f6182b5,13505,6.9425,95
33ccc497,6322,6.9425,53
259a1506,3660,6.9397,37
5b42c646,9707,6.9425,58
6347d59c,7415,6.9425,58
4605e735,6983,6.9425,53
13b86b1e,6628,6.9425,53
5e05ffd9,5317,6.9397,50
3b32ab0,11253,6.9425,77
6a6659bc,3063,6.9425,1
3ad63f75,7141,6.9397,58
4b5ce4c1,6389,6.9425,53
5120b1b0,5364,6.9425,50
3836fa34,1755,6.9397,24
953a991,8116,6.9425,61
6467fdd3,538,6.9452,11
2750259,3751,6.9452,37
2e23843a,10286,6.9452,77
6fb72e91,14141,6.9452,95
59f8f5a1,9757,6.9452,58
7ada0d7f,6242,6.9452,53
382a7858,3664,6.9425,37
6ed12c94,1371,6.9452,19
449c9cdd,1356,6.9452,19
7c1f7d28,6622,6.9452,53
762cd220,5335,6.9452,50
1dd73a58,10022,6.9452,58
5cb7986f,5135,6.9452,50
30be6740,14142,6.9452,95
3b65aae1,1984,6.9452,22
1b3fa324,6503,6.9452,53
b92cfb1,2096,6.9452,22
6b065a4c,15841,6.9425,95
7d22d76f,11508,6.9452,77
1be26d6c,1114,6.9452,17
2e9bdc6,1383,6.9452,19
690c6e6,9501,6.9452,58
5f9d3842,6417,6.9452,53
4adc37eb,5868,6.9425,53
1295d562,1748,6.9425,22
34ef0571,9885,6.9452,58
3c6e978d,7870,6.9479,58
309dfa85,5183,6.9479,50
3cc9d110,9821,6.9479,58
3d85ed15,7325,6.9479,58
60ef9f60,6252,6.9479,53
a20b1e3,8332,6.9452,61
67148593,3671,6.9479,37
c376888,5735,6.9479,53
4628f95b,9610,6.9452,58
e32ccec,2036,6.9479,22
7c81dd6b,2214,6.9452,22
f8f314a,5719,6.9479,53
7321c4b1,5461,6.9507,50
2d0f4b7f,6893,6.9507,53
724219af,2215,6.9479,22
6a8feea7,9663,6.9507,58
18171c18,3680,6.9507,37
65ee57e7,5499,6.9507,50
703a594,5872,6.9507,53
126c9905,6586,6.9452,53
323bb08c,1251,6.9507,19
25fd9843,5718,6.9507,53
69d320b7,7016,6.9507,53
23b5487a,1377,6.9507,19
3f48b66d,9455,6.9507,58
499ab430,2216,6.9507,22
264ac25f,1723,6.9507,22
4284f45,2546,6.9507,28
37c49410,6118,6.9507,53
7cfd6fbd,2175,6.9479,22
234d974,9976,6.9479,58
6fbc6955,14274,6.9507,95
15bd4111,6422,6.9507,53
6c24ab4a,5899,6.9507,53
6dfe46f2,3620,6.9507,37
441e3075,3710,6.9479,37
99a5ca2,5829,6.9507,53
79322ff4,4241,6.9507,1
75481746,6762,6.9507,53
7a450ab7,6818,6.9507,53
a827537,6576,6.9507,53
51a65789,7326,6.9534,58
39038fc6,5475,6.9534,50
c445d87,9769,6.9534,58
15f6aaf5,5297,6.9534,50
2478cada,7431,6.9534,58
5b060dd5,3709,6.9534,37
760faddd,14837,6.9507,95
53577165,9983,6.9534,58
7d51a6ed,5184,6.9534,50
5d500ab0,5460,6.9507,50
56ba3582,3122,6.9507,1
3e0eba69,5777,6.9507,53
36705275,7416,6.9534,58
4e98158b,5884,6.9534,53
13c08362,7675,6.9534,58
1451a2bd,7362,6.9479,58
5fc78fac,5495,6.9507,50
69976848,6251,6.9534,53
51fdfd92,9548,6.9534,58
46b1bf5c,1312,6.9534,19
5f6ca97d,6566,6.9534,53
3cb5f7d3,3128,6.9534,1
2b912334,8895,6.9534,61
21a8cba,7954,6.9562,58
491a88fa,1037,6.9534,17
7307f7e5,5785,6.9562,53
cc1679e,2097,6.9562,22
54cd7f92,6564,6.9562,53
609f8d39,5885,6.9562,53
36b6a2cc,5776,6.9562,53
7c4ddb8d,6769,6.9562,53
2bf6a1b8,5759,6.9562,53
5ae0eec5,5037,6.9562,50
6782c3fc,6154,6.9562,53
7be86c70,14895,6.9562,95
78cb0103,6984,6.9562,53
66ae84c3,6215,6.9562,53
17c236c9,4186,6.9562,1
2f7143ad,11457,6.9534,77
f128c59,2145,6.9562,22
1d8899e4,4724,6.9562,1
ed12fe7,4665,6.9562,1
9e8408e,7792,6.9562,58
1b7a90e2,1100,6.9562,17
38f8cf67,9862,6.9562,58
46a251f0,4263,6.9562,1
3e33c40b,9743,6.9562,58
25d8e7d0,9466,6.9562,58
7ee8d2ef,5830,6.9589,53
7cc61d36,14499,6.9589,95
33746fcc,2217,6.9589,22
1347e635,6796,6.9589,53
6862018c,6763,6.9589,53
7d362b7e,5463,6.9507,50
714365ea,9073,6.9589,61
3d20f959,8040,6.9589,61
7ecdfcb2,5322,6.9589,50
2dbaeb3e,6353,6.9589,53
1e0d6f2,7895,6.9534,58
6b668f11,14495,6.9562,95
51364915,7960,6.9589,58
2b2fbb16,5887,6.9589,53
4eb12a03,8917,6.9589,61
2c7fbfc7,7588,6.9589,58
73beb35e,8091,6.9589,61
102322dd,3679,6.9589,37
4602ccc4,3522,6.9589,37
17d2c244,7264,6.9589,58
1170a7a3,4832,6.9589,1
2913b7a,1248,6.9589,19
18cc4a9a,6752,6.9589,53
3093636a,13409,6.9589,95
4ebf5a4d,9889,6.9589,58
48f8c1ab,7142,6.9589,58
49b9ea12,8127,6.9589,61
5de00139,3023,6.9616,1
14c57848,9831,6.9616,58
27021885,9508,6.9616,58
7dc95475,14405,6.9589,95
29796057,14379,6.9616,95
2f96f610,1964,6.9616,22
72a2d312,8330,6.9616,61
45d33bf3,8479,6.9589,61
39ba9e98,6151,6.9562,53
274a90c6,665,6.9562,1
3ff4d449,9469,6.9616,58
5b2aaae6,539,6.9589,11
df03cf8,9549,6.9616,58
7fa1ed3,12991,6.9616,58
74c5724a,6216,6.9616,53
6d0aa607,7721,6.9589,58
63f94cda,14012,6.9616,95
160996c4,3581,6.9589,37
3422daf0,5873,6.9616,53
6baaa91c,1315,6.9589,19
5d2b8413,7414,6.9616,58
53a810f0,3396,6.9616,36
7a1e09c3,9732,6.9616,58
58c9b92a,13031,6.9616,58
66950966,1280,6.9616,19
590f5515,4243,6.9616,1
7529bad4,2055,6.9616,22
7f73e5a3,5775,6.9616,53
556018f5,8858,6.9644,61
6ae6138e,14894,6.9644,95
24f6f98d,6083,6.9616,53
4ad0cc93,6226,6.9644,53
1cb108dd,9667,6.9644,58
7c8fa815,8996,6.9644,61
26afbe69,5232,6.9644,51
358611a0,9514,6.9644,58
50101978,7700,6.9616,58
21e5002d,8851,6.9644,61
202bdb04,1384,6.9644,19
6fdb9ca3,7497,6.9644,58
7b2c659e,5784,6.9644,53
7e22604a,6998,6.9644,53
774ff3cb,9661,6.9616,58
642c06cd,9431,6.9644,58
3195bee5,9964,6.9644,58
942f5dd,10169,6.9644,77
11da71fe,9417,6.9644,58
7c1763bf,2657,6.9616,29
74ce065d,7589,6.9644,58
6abce904,6760,6.9589,53
66f7a1f9,7110,6.9616,58
282b302c,2140,6.9644,22
5b41b326,4188,6.9562,1
262b04e9,7791,6.9671,58
3ad49cd6,9822,6.9671,58
2a2c2b09,8335,6.9671,61
48045445,7713,6.9671,58
6f66b40d,9928,6.9671,58
6b1ebb52,8452,6.9671,61
66678bfc,7790,6.9644,58
456899b,5175,6.9644,50
173c6d4c,5263,6.9671,50
5be3c67a,4722,6.9671,1
4d20757a,7600,6.9671,58
537a83a7,5357,6.9644,50
998da5f,6565,6.9671,53
7725b7d7,7417,6.9671,58
4881095e,2078,6.9616,22
20d7bc27,5262,6.9644,50
7d3a902d,7869,6.9671,58
337fb155,9587,6.9671,58
349f7b26,5434,6.9616,50
7b9a15c8,8738,6.9699,61
3d2c86f1,4396,6.9699,1
5288596e,13570,6.9699,95
4bccfd1e,13116,6.9699,58
1c33af73,9611,6.9699,58
53bab198,6046,6.9699,53
7825da72,7770,6.9699,58
68f6af31,5028,6.9699,50
69bfdd6b,6764,6.9644,53
6f0f97b5,5064,6.9671,50
300eff11,5248,6.9671,50
26702829,9912,6.9671,58
392f366c,3697,6.9699,37
647d995f,11719,6.9699,77
44336208,4244,6.9699,1
73be543e,9890,6.9699,58
f089809,7309,6.9699,58
609fd7c3,2105,6.9671,22
204301ea,3295,6.9699,1
28fcc3dc,9718,6.9699,58
2a1925fe,1313,6.9699,19
2bf66425,12037,6.9699,77
afd8475,7363,6.9671,58
29626d59,5109,6.9699,50
375d8679,1250,6.9699,19
fa99d29,9760,6.9699,58
41054d23,1750,6.9699,22
7b37f8ff,6989,6.9699,53
2082c7ae,7364,6.9671,58
63015642,3811,6.9644,37
8867354,5038,6.9726,50
4c3282bb,2066,6.9699,22
4c5f23ee,4667,6.9726,1
4fdde85,9845,6.9726,58
21f64238,4437,6.9699,1
7abb8324,9884,6.9726,58
13e17977,5736,6.9726,53
28c6a48c,3420,6.9699,36
7039cc75,7170,6.9726,58
563dc3f5,4395,6.9726,1
4e8f3284,7919,6.9726,58
53f01d1d,3024,6.9726,1
6d143972,5494,6.9726,50
550e7d4e,2034,6.9726,22
207fd36,3430,6.9726,36
5002f623,6798,6.9726,53
62227e79,13667,6.9726,95
648b1af7,3639,6.9726,37
31699fd5,5270,6.9726,50
7d7aef23,5153,6.9726,50
386e9a46,10287,6.9699,77
5bb819cf,7369,6.9753,59
7cfe86db,9496,6.9753,58
2a186577,9744,6.9753,58
57f2d0d6,1109,6.9753,17
7ddb3efc,6767,6.9753,53
2f832102,6280,6.9753,53
66b636e9,4834,6.9753,1
fecc495,6582,6.9753,53
144dbe59,3414,6.9726,36
4ed9c1de,2580,6.9753,28
42dd4728,9489,6.9753,58
78734229,6583,6.9753,53
6ad12a27,13121,6.9753,58
73671a2b,3695,6.9753,37
3d8748ea,9418,6.9753,58
491b9113,3126,6.9753,1
54a6fba3,3523,6.9753,37
5793c543,3582,6.9753,37
547117d8,6079,6.9753,53
5f5030bf,5823,6.9726,53
37928f63,2067,6.9726,22
6d06e4d1,15591,6.9753,95
5ebe987b,5978,6.9753,53
30d55163,5355,6.9781,50
53cddf39,7171,6.9781,58
fdedd4f,4725,6.9781,1
9cb9e48,7014,6.9781,53
2c94a240,5833,6.9781,53
1f43f63b,7924,6.9781,58
36d0a0f8,7332,6.9781,58
43687693,7108,6.9781,58
b59950c,8006,6.9781,61
1c9520c0,6502,6.9781,53
7294058d,3741,6.9781,37
6b29c4b7,9490,6.9781,58
7b1b3f3d,1063,6.9781,17
48ff97c6,1378,6.9781,19
fc98a20,9772,6.9781,58
616772e5,7495,6.9781,58
5d235e39,13253,6.9781,95
7fe36077,9505,6.9781,58
4b9689ea,2567,6.9781,28
84d9232,13118,6.9781,58
4fd8d794,12096,6.9781,77
2b5ce6c0,1301,6.9753,19
547ae398,5260,6.9781,50
30c22727,1990,6.9781,22
392f22dc,799,6.9781,15
7589a9df,5786,6.9781,53
76ecf2d5,5105,6.9781,50
298e6d98,6354,6.9781,53
30cdce05,3415,6.9808,36
57b60830,14139,6.9808,95
17cff9d8,13999,6.9808,95
2fb06daf,5150,6.9808,50
4ec6de4c,3488,6.9808,37
3e5b58d6,7876,6.9808,58
7ac50215,5247,6.9808,50
48a37e62,8436,6.9808,61
594b20a5,9668,6.9808,58
dc42aff,12999,6.9808,58
3122036d,4397,6.9781,1
1dd3ddf3,6153,6.9781,53
466996da,6152,6.9808,53
79aabb77,8244,6.9781,61
7e11420f,3529,6.9808,37
7964f2ef,8739,6.9808,61
58fcbfc5,3694,6.9781,37
5bc3cd6c,5886,6.9808,53
779eb460,7532,6.9808,58
4bd1630f,2917,6.9781,1
29b3c3f6,13122,6.9808,58
140c4392,3152,6.9808,1
51e144d2,14783,6.9808,95
535ec73a,5365,6.9808,50
64c502d4,7501,6.9753,58
12a3dd0d,5722,6.9753,53
493fdc5f,8480,6.9808,61
6d07d58e,1317,6.9808,19
6c7db555,9079,6.9836,61
26b6cb62,5979,6.9836,53
2062d9ac,5900,6.9808,53
2ca52318,14406,6.9808,95
7d31355a,791,6.9836,15
1b4fcff7,6982,6.9836,53
1a9916d6,12363,6.9836,77
1e6d4c16,2212,6.9836,22
24fa25bd,1281,6.9836,19
2c001390,7765,6.9836,58
293858eb,1725,6.9808,22
4ced1a4c,12002,6.9836,77
1e908aa1,8437,6.9836,61
32a09670,4750,6.9836,1
59b46fcf,13361,6.9836,95
7d2f31cf,14497,6.9836,95
67f07949,7652,6.9836,58
51d570d1,7771,6.9836,58
318c04db,13039,6.9836,58
2b65a733,13665,6.9836,95
34c2a2f9,9989,6.9836,58
2fc04ad9,6914,6.9836,53
4e7a69bf,7601,6.9836,58
7786f1f1,14140,6.9836,95
4b1e4459,783,6.9781,15
31b7f613,9739,6.9836,58
37ed9329,13252,6.9863,95
1a56818f,1379,6.9863,19
23533210,5160,6.9863,50
2dda5f07,3854,6.9863,37
76f5e54e,6368,6.9836,53
580158e6,6971,6.9863,53
62782244,1939,6.9863,22
1d257b6b,3025,6.9863,1
3aa30401,8042,6.9836,61
44a32214,9711,6.9863,58
1637940e,6932,6.9863,53
f0e6f7c,9440,6.9863,58
357eee8e,11720,6.9863,77
3a281179,2559,6.9863,28
3362569,11450,6.9863,77
5e581499,14013,6.9863,95
74e57cb8,7082,6.9863,58
36adf634,9499,6.9863,58
40290e5,2583,6.9836,28
1ae0b020,7329,6.9863,58
453f0f78,782,6.9863,15
1cfa5dbd,6282,6.9863,53
544bc075,9592,6.989,58
c6f637f,7793,6.989,58
1311b362,5237,6.9863,50
2e683ab7,3421,6.989,36
1696612d,7653,6.989,58
4d7f8580,13117,6.9863,58
4ef85910,6244,6.989,53
60b19d72,3429,6.9863,36
17b26e80,5093,6.989,50
6e3d34,10082,6.989,58
9a655b7,5720,6.989,53
66746bb6,7715,6.989,58
a423007,9789,6.989,58
e8099a1,7107,6.989,58
35b07e2b,5481,6.989,50
705c8af0,7114,6.989,58
5b1e8c71,8128,6.989,61
31489815,3026,6.989,1
5d67b552,13026,6.9863,58
6b855ef4,9843,6.989,58
61c29fb4,9459,6.989,58
5735e481,9515,6.989,58
432aef9d,6797,6.989,53
2996bf2,2027,6.989,22
6bd82c78,8038,6.989,61
77537b2a,1282,6.9918,19
fba88ad,6084,6.9918,53
24749f8c,10081,6.9918,58
188e3513,790,6.9918,15
1bf8c8c0,1255,6.9918,19
5744195,7498,6.9918,58
5653bc5,3822,6.989,37
5277e6b6,12596,6.9918,77
2d8c2c27,2160,6.989,22
3e115df9,6921,6.9918,53
65b54576,6765,6.9918,53
38563fc8,8763,6.9918,61
3b36ce67,9463,6.9918,58
4763659e,6786,6.9918,53
55792c22,13571,6.989,95
61334de1,2645,6.9918,29
2e623a44,4668,6.9918,1
2743e83f,5050,6.9918,50
53899b9a,4666,6.989,1
7fce2ac1,13882,6.9918,95
8204687,2581,6.9918,28
3bc7d8c9,3700,6.9918,37
40e0c615,14403,6.9918,95
7f6f6457,9439,6.9918,58
47d57995,5193,6.9918,50
547477d4,8092,6.989,61
36304565,5764,6.9918,53
42d1f036,13549,6.9918,95
4475617,13035,6.9918,58
ed714,5724,6.9863,53
2062fe8a,1934,6.989,22
708da5fa,5725,6.9945,53
6c7b0f51,8245,6.9918,61
216602a8,9844,6.9945,58
1f2f0f7d,8143,6.9918,61
20403eb0,1256,6.9945,19
32024ac7,3622,6.9918,37
696fcdfb,7060,6.9945,58
1d70417f,8749,6.9918,61
5d5a5600,7500,6.9945,58
4cb87c41,14504,6.9945,95
1483e717,7021,6.9945,53
2b8bc64c,13138,6.9945,58
3c1cd6d3,9761,6.9945,58
33f97d06,14398,6.9945,95
3c2c454c,9984,6.9945,58
49e05d23,5300,6.9945,50
1310b082,12364,6.9945,77
695e41c8,9470,6.9945,58
6b79eeab,7968,6.9945,58
3521c0ad,2142,6.9945,22
54fbcdc9,5459,6.9945,50
7e638a6f,9891,6.9945,58
6861b181,9454,6.9945,58
4cc91690,7143,6.9973,58
77d6930c,9698,6.9973,58
490f9e83,6822,6.9918,53
48eb59b1,3696,6.9973,37
62f5bd92,13560,6.9945,95
15845f6b,2178,6.9973,22
708c09e3,5360,6.9973,50
74f5fcf4,8408,6.9973,61
37785f95,8122,6.9973,61
64132247,5727,6.9973,53
302116,7334,6.9973,58
1063f3e2,6273,6.9918,53
4b2aaf46,15590,6.9973,95
3e5bc541,5384,6.9973,50
3fe26b0d,7896,6.9973,58
33d9fee8,13051,6.9973,58
309163f0,6015,6.9973,53
380f89e4,1985,6.9973,22
2e5faa3b,2083,6.9973,22
4ece037c,8123,6.9973,61
62d8b3ab,9419,6.9973,58
59edc2e3,6642,6.9973,53
ab0b597,2192,6.9973,22
345b825e,1283,6.9945,19
13392a95,15842,6.9973,95
24f408cb,9738,6.9973,58
179d1009,2102,6.9973,22
2b671dcf,6080,7,53
52170936,9506,6.9973,58
1e500bd5,6846,7,53
43c6338f,3642,7,39
1971d4e0,3489,7,37
1d472555,9721,6.9973,58
67f2a499,5306,7,50
e5dca57,9793,7,58
4be61fcb,10172,6.9973,77
7c75ca58,5333,7,50
6bb4d7e2,9833,7,58
4ffd2a4c,14527,7,95
2f924e96,9758,6.9945,58
7de77636,2646,6.9973,29
30a1a5af,7466,7,58
2bf35c10,13410,6.9973,95
449d718c,9977,6.9973,58
6d63d99e,8182,6.9973,61
50528540,6986,7,53
5ba692cc,3606,7,37
41bbc49,15785,7,95
350ec97,10170,7,77
35397306,13550,7,95
46e5f316,8857,7,61
2d9060f,6315,6.9973,53
5bf90be9,1111,7,18
25a6f2d3,3718,7,37
4cb2c832,7266,7,58
69156d5,9441,7,58
1524a3ad,8918,6.9973,61
31698855,14941,7,95
706ebb0,9467,7.0027,58
5d2f503a,1068,7.0027,17
510482b4,7699,7,58
618d7af2,6230,7.0027,53
51665618,6016,7.0027,53
76ef728e,1252,7,19
38b4fc5,7533,7.0027,58
95bffac,7265,7.0027,58
8303954,5497,7.0027,50
393cf86d,7430,7.0027,58
6aeeae09,9613,7.0027,58
6798cad8,1276,7.0027,20
3e344489,10722,7.0027,77
68c46a7c,9863,7.0027,58
77c50f8b,1316,7.0027,19
562ac5a1,8166,7.0027,61
4a26d3e1,7711,7.0027,58
1faf21d6,8481,7.0027,61
4a3eddb7,8327,7.0027,61
17ac753,6652,7.0027,53
5e9c39a0,9720,7,58
5e9be81f,13883,7.0027,95
225e91f6,3528,7.0027,37
75499ab1,6768,7.0027,53
4a27ec81,4781,7.0027,1
4bfd3eca,6787,7.0027,53
1d7ad762,12348,7.0027,77
a046e9f,8942,7.0027,61
3be6ba4b,8997,7.0027,61
3e9b9148,1751,7.0027,22
245f4a6e,2068,7,22
51e9e980,5915,7.0027,53
73c09619,5846,7,53
384a8ec4,1064,7.0055,17
6698af99,8117,7.0055,61
78a3ef23,9888,7.0055,58
f24de70,10299,7.0055,77
63f44dfe,4783,7.0055,1
40b3d27e,12365,7.0055,77
304c03d6,3685,7.0027,37
278ef7bc,6821,7.0055,53
449b891f,5757,7.0055,53
2e15af42,13572,7.0055,95
660a1189,3515,7.0027,37
e706a63,9918,7.0055,58
4faa5dee,9892,7.0055,58
11544647,14522,7.0055,95
41b760c6,1776,7.0055,24
7817f9ee,1436,7.0055,19
4c9929e1,14457,7.0055,95
514158b1,9614,7.0055,58
185fb764,2544,7.0055,28
1d8c53af,5509,7.0055,50
4653147f,9735,7,58
2494c547,13506,7.0055,95
6d2875f,9930,7.0055,58
eb5442f,8482,7.0055,61
6353e476,3623,7,37
1cbdc298,13119,7.0055,58
1b22faee,4487,7.0082,1
7b33ffe,7877,7.0082,58
4213dd9c,2186,7.0082,22
50e942fe,792,7.0082,15
2ce56cc1,5869,7.0082,53
5ebec2c7,5870,7.0082,53
29d1bb1,15993,7.0082,95
187957ae,13194,7.0082,58
69622dd5,5980,7.0082,53
1ffdb304,7070,7.0082,58
377de2c6,1260,7.0082,19
5dd7370b,3672,7.0055,37
fc1cf38,8095,7.0082,61
7d563857,14217,7.0082,95
68acd5f,9792,7.0055,58
67d69db1,10144,7.0082,58
5f5fb8b8,7061,7.0082,58
25e59ee9,8334,7.0082,61
41ee9a31,8043,7.0082,61
4057253b,5086,7.0082,50
c8f39e6,7969,7.0082,58
594fc48,6602,7.0082,53
309ed1d9,9962,7.0082,58
4919540c,13532,7.0055,95
3c2c04c0,2663,7.0082,29
1ef8d9b1,13528,7.0055,95
57c0fc45,5326,7.0082,50
582ed3ae,6987,7.0055,53
79a2434c,6428,7.0082,53
5b944593,5366,7.0055,50
1b6ac39,3742,7.0082,37
2d84e64e,5787,7.0055,53
5faf342d,6431,7.011,53
5f693612,9424,7.0082,58
5a3ff27c,14212,7.011,95
71b23fd5,3533,7.0082,37
87354ad,7956,7.011,58
1da5eefe,9722,7.0082,58
3b0dbf3b,14900,7.0082,95
5ba17318,6062,7.011,53
49e592fd,3640,7.011,37
1a135dd4,9762,7.0082,58
7b054721,9791,7.011,58
1b6813cc,12003,7.011,77
4d06ce8c,9696,7.011,58
743967a2,10168,7.0027,77
2d27cb1d,1938,7.011,22
7d4e4412,5176,7.011,50
18d9433c,8118,7.011,61
49342349,6086,7.011,53
5a587651,9963,7.0082,58
5539c7dc,6312,7.0082,53
6af1544,7534,7.0055,58
7abaee4,8919,7.011,61
4ca5c2a4,7004,7.011,53
6f6deb33,4751,7.011,1
3c705c42,9528,7.0082,58
4adae05a,9491,7.0137,58
7734b899,14905,7.0082,95
66cf511a,7654,7.0137,58
761ee271,5721,7.0137,53
1d3b2f27,7005,7.011,53
6d82cc49,13126,7.0137,58
37048393,7333,7.0137,58
5a39678d,9733,7.0137,58
37b0d233,7424,7.0137,58
363cb3de,9492,7.011,58
206bb401,9612,7.011,58
4d27c1d4,5029,7.0137,50
65042d07,7453,7.0137,58
5eaccbf8,13195,7.0137,58
7458ee2d,6245,7.0137,53
6f3cbb54,14838,7.0137,95
3ccd572e,1937,7.0137,22
4f971802,7365,7.0137,58
77dce903,2920,7.0137,1
7db00ab7,1069,7.0137,17
28a18c2e,1967,7.0137,22
7f73716,13574,7.0164,95
2b925608,7022,7.0164,53
5c320c70,5030,7.0164,50
4cb67204,14529,7.0164,95
31ae3c97,6281,7.0164,53
8350ebc,1756,7.0137,24
45735225,7955,7.0164,58
4428c246,12260,7.0164,77
3b71ae95,2022,7.0164,22
7b7b77e8,7899,7.011,58
24821e69,7929,7.0164,60
5b1bc6d5,6624,7.0164,53
59a31502,9825,7.0164,58
6f901da5,11466,7.0164,77
4a5ca9dd,3603,7.0137,37
b16ae91,3743,7.0164,37
6484e763,9502,7.0164,58
c0430d8,5502,7.0137,50
23b962c4,1249,7.0137,19
1d653204,3673,7.011,37
29c7cc60,7878,7.0137,58
5e197134,9741,7.0164,58
73b618df,15760,7.0137,95
1b71eb2f,12020,7.0164,77
2fb01f57,9960,7.0137,58
3a354b44,6021,7.0164,53
7906cc3d,13803,7.0164,95
6d3a68a1,8759,7.0137,61
425f98f6,6302,7.0164,53
31cb6b68,2529,7.0164,28
52208492,6639,7.0164,53
1d88ddcf,14116,7.0164,95
23c9c1bf,2907,7.0164,31
1d6f7518,6231,7.0164,53
4884caa0,1749,7.0192,22
4bbd6633,13165,7.0192,58
1080bc2e,9420,7.0164,58
7d2953b8,1724,7.0192,22
1b883eb0,11721,7.0192,77
4cf3e5a4,8995,7.0164,61
3b245f0c,7267,7.0192,58
2be63293,5758,7.0192,53
2ed0e58a,13801,7.0164,95
19d3c77b,15935,7.0192,95
4374174f,9887,7.0192,58
5a31fc12,6393,7.0192,53
7364ae6b,9509,7.0192,58
748b5763,9012,7.0192,61
17a6f8d2,5138,7.0192,50
42225758,10288,7.0192,77
1463ae81,11514,7.0192,77
3a7dc321,672,7.0192,1
1abddcd4,12392,7.0192,77
13fc9eb7,7794,7.0192,58
4af5d04c,9673,7.0192,58
436b7835,4245,7.0192,1
189157b,13551,7.0192,95
10821f37,13562,7.0164,95
175bdfb2,3689,7.0192,37
63f4faf1,2584,7.0192,28
7e72173,6766,7.0164,53
1f554b6a,4835,7.0192,1
563ab17d,5139,7.0192,50
7db253df,5435,7.0192,50
62611632,8477,7.0164,61
125dea39,4782,7.0192,1
68c1fbb9,9966,7.0219,58
2c0fbdb8,8940,7.0137,61
2c3544a5,3297,7.0219,1
1934bd48,9569,7.0192,58
1a06464a,3027,7.0219,1
67f76b11,6018,7.0219,53
36c4e82a,7335,7.0219,58
a26cd47,3653,7.0219,37
223aee5f,9461,7.0192,58
7ec9a6ea,9827,7.0219,58
6f5d94a1,13561,7.0164,95
532d20f8,5726,7.0219,53
d4bf7ff,9864,7.0219,58
2e6a48b3,4485,7.0219,1
269074d4,5327,7.0219,50
155d681a,6433,7.0219,53
6f852bd3,9609,7.0192,58
16261e8c,1314,7.0219,19
6be011b0,9075,7.0219,61
2c36d650,3832,7.0192,37
92531d6,13668,7.0219,95
77469550,9080,7.0219,61
51b2374a,6111,7.0219,53
4bacef7a,9916,7.0192,58
6b27dc58,13555,7.0192,95
28883879,7930,7.0219,60
23d91d29,6103,7.0219,53
68404245,7454,7.0164,58
443ba708,7502,7.0164,58
112b66cb,7739,7.0192,58
4fe3292e,7871,7.0219,58
7889df67,2906,7.0219,31
6006abbf,6323,7.0219,53
12b1f859,12997,7.0192,58
2b996811,14556,7.0219,95
bab0ee0,3605,7.0219,37
41fc3c60,3530,7.0247,37
3fc616fb,1382,7.0247,19
7738b1df,14784,7.0247,95
6a56fc51,2056,7.0247,22
395923f5,5474,7.0247,50
19661782,6313,7.0247,53
71c9691e,1973,7.0247,22
2b62fb38,10086,7.0192,58
7c628cf9,4726,7.0247,1
760b3e71,15592,7.0247,95
63dedce,9615,7.0247,58
6a0a9a81,3587,7.0247,37
3356a6f9,6625,7.0247,53
2f4e208c,1257,7.0247,19
13c9a566,5233,7.0247,51
3c9ee9d8,2905,7.0247,31
55a43018,3830,7.0247,37
bb02060,2644,7.0219,29
260ead1,2152,7.0247,22
436d959a,14381,7.0192,95
550c46e5,8483,7.0247,61
17b111bf,6155,7.0247,53
1e97a5b5,8252,7.0274,61
6a47628f,12026,7.0274,77
60fefc87,5140,7.0274,50
5772a513,5234,7.0274,51
74eb0845,14199,7.0219,95
25e95f4d,6063,7.0274,53
5c4d7e99,15787,7.0274,95
326495b3,9699,7.0274,58
707cf4d1,6915,7.0274,53
358551bb,14117,7.0274,95
15ad8436,9521,7.0274,58
5c7973bb,13036,7.0274,58
250acdd6,3422,7.0274,36
33854c4e,7109,7.0274,58
2eb15f76,7386,7.0274,58
255a8e80,13139,7.0274,58
7bd441ec,5334,7.0274,50
2d68308,6432,7.0247,53
73fc2478,5501,7.0274,50
58f33d1c,2035,7.0274,22
32172c86,800,7.0274,15
47b59011,5165,7.0274,50
3552f2e4,9746,7.0274,58
4dbfe4e8,2560,7.0274,28
25e475d4,6394,7.0274,53
3c1aba1a,13683,7.0247,95
4dc50d97,6966,7.0274,53
46bd6bb5,2218,7.0274,22
4071fc63,14906,7.0274,95
f8c2158,4784,7.0247,1
29d2441d,9671,7.0274,58
4c1e4d05,7087,7.0301,58
615377f0,6988,7.0274,53
2e8e0d5d,14462,7.0274,95
7f7130b9,14404,7.0301,95
1547563d,14377,7.0301,95
786ea17a,14014,7.0301,95
2b0f47f5,5740,7.0301,53
51195993,11722,7.0301,77
fa34208,3698,7.0274,37
711bd06a,7164,7.0301,58
6ad5da1b,6761,7.0301,53
7ff3764b,9913,7.0301,58
62c469b9,7900,7.0274,58
f223b29,7925,7.0301,58
20952227,7656,7.0301,58
64d4212c,3296,7.0301,1
7142d3,7714,7.0301,58
1e94da87,1752,7.0301,22
17995768,9826,7.0329,58
5281c9f6,14001,7.0301,95
58ec6eaf,7327,7.0329,58
6094d7d7,7881,7.0301,58
3d6bfeba,6727,7.0329,53
61794e98,9503,7.0329,58
5a5bdd0e,5857,7.0329,53
1c3793fd,8758,7.0301,61
1d364bba,10297,7.0301,77
7ecb20ef,2115,7.0329,22
55edac20,3654,7.0329,37
51dab83e,12353,7.0329,77
71d27183,7980,7.0274,58
2ad2253,2170,7.0301,22
5639eb0e,1932,7.0329,22
4d6a24ae,6243,7.0329,53
6e8dc145,7879,7.0301,58
6a929fe2,9672,7.0301,58
82ea55a,9961,7.0274,58
aa262eb,3827,7.0329,37
8fbc8c6,5112,7.0329,50
45d04818,5111,7.0301,50
636c4360,1258,7.0329,19
3a6a71a,6918,7.0329,53
11d64eca,7071,7.0329,58
1151225c,10184,7.0329,77
6fc2c21b,15936,7.0329,95
123baecc,8476,7.0329,61
18aad3f9,6985,7.0301,53
1eba3c8e,9915,7.0274,58
17608f80,4489,7.0329,1
3138125f,3298,7.0301,1
29e385e6,15937,7.0329,95
50c848db,9023,7.0329,61
1f4ad1c0,7172,7.0329,58
67bb4a43,8124,7.0356,61
6e91929c,5741,7.0356,53
5b68e61d,9931,7.0356,58
4974f33b,3588,7.0329,37
f9ff04,7017,7.0274,53
621e98f5,3607,7.0356,37
7e5ac2a5,8438,7.0356,61
10d90b7e,9867,7.0301,58
5f97d7be,2226,7.0356,22
49d83589,7939,7.0356,58
613f89fd,6396,7.0356,53
3965fc5f,7268,7.0356,58
58aee6ea,6567,7.0356,53
50d2e40b,6395,7.0356,53
4d3fff8d,2172,7.0356,22
5b2e6571,7204,7.0356,58
74984148,14407,7.0356,95
33ad016c,9098,7.0329,61
15c4303,9745,7.0356,58
2971bbb4,2193,7.0356,22
1f553dd3,2187,7.0329,22
3dca9ee3,9464,7.0356,58
18c0e068,13006,7.0356,58
67971f44,15786,7.0329,95
4428f934,14458,7.0329,95
270ffee9,3814,7.0301,37
75a1ac35,9471,7.0356,58
3875da7,2219,7.0384,22
358a53a1,6022,7.0384,53
36e8ed7d,2171,7.0384,22
1dac48cd,15850,7.0384,95
6ec8b5ff,2084,7.0356,22
571bb7e4,1284,7.0356,19
35f4a431,8998,7.0356,61
306be1fd,13362,7.0356,95
5c06d902,3314,7.0384,1
41197188,7712,7.0384,58
6a555319,8999,7.0384,61
60fb6d20,9829,7.0384,58
f700ccb,10090,7.0384,58
56fb99c,3686,7.0356,37
4562efb3,1727,7.0384,22
7e4b0852,9507,7.0384,58
291aebd5,14059,7.0384,95
71524504,13804,7.0384,95
1c1777c6,3881,7.0356,43
13a078b,4264,7.0329,1
989b1eb,10298,7.0356,77
5b44d81e,12998,7.0384,58
7d6b52bc,9734,7.0384,58
1ef25270,5817,7.0384,53
3ba97132,6568,7.0384,53
5ab0beac,9917,7.0384,58
27c919cc,3701,7.0384,37
90413b,667,7.0384,1
c7df28b,15593,7.0384,95
53e77876,5515,7.0384,50
3c0f0cbf,3866,7.0384,37
3e141b9c,11248,7.0411,77
5d9e5f7f,7612,7.0411,58
30a5e5c1,3855,7.0411,37
35d2b872,3699,7.0384,37
717c2083,3432,7.0411,36
40e0c2f6,8764,7.0411,61
6051e3b0,9759,7.0411,58
7039af01,9701,7.0411,58
65031895,1261,7.0384,19
4f42b098,7880,7.0411,58
9733cf4,8354,7.0411,61
66d00209,5503,7.0384,50
5b2ce875,1441,7.0411,19
1b045f8,7779,7.0411,58
a6ae281,14408,7.0384,95
11345da6,3032,7.0411,1
7712c5c3,6842,7.0411,53
4bc1e414,7197,7.0411,58
46777059,13000,7.0411,58
485de711,7716,7.0411,58
7bb74ad1,12005,7.0384,77
35e7c871,3815,7.0384,37
1a6ab4b9,7121,7.0411,58
2a045567,9081,7.0438,61
768bd470,676,7.0438,1
5e4f12a4,7111,7.0438,58
790d0313,3720,7.0438,37
38c31099,6156,7.0438,53
38ad3f21,5121,7.0411,50
772d9bf1,6644,7.0438,53
7789626d,9462,7.0411,58
51516d82,13070,7.0438,58
750df6bf,2098,7.0438,22
40d5e920,7270,7.0438,58
1b13d605,9504,7.0438,58
1150922c,14062,7.0438,95
2f61fac2,7122,7.0438,58
a3971e4,6283,7.0438,53
50de205c,14000,7.0438,95
3f2d5f8e,5324,7.0438,50
2a796bb5,2069,7.0438,22
6b8e994f,1701,7.0384,22
4af398a2,6355,7.0438,53
6f0a2ab7,8478,7.0438,61
1f776f5d,2037,7.0411,22
7e328bc5,4798,7.0438,1
14150197,6841,7.0411,53
61e921ad,3744,7.0438,37
370983ba,3614,7.0438,37
13a00f81,6973,7.0438,53
7926d293,14554,7.0438,95
516a7053,7535,7.0438,58
2a052d97,3615,7.0438,37
394ae351,5482,7.0356,50
76b71ca1,10289,7.0466,77
6de1d53d,7499,7.0466,58
531ecd96,2649,7.0466,29
74dd12cc,7624,7.0466,58
7737f055,9468,7.0466,58
1909c589,8125,7.0466,61
7f102edc,6587,7.0466,53
5795801d,9719,7.0466,58
6993d13f,6314,7.0466,53
4bc2a351,3882,7.0466,43
388a2e52,7072,7.0466,58
3bf5724,9886,7.0466,58
54cdff57,13256,7.0466,95
2f2308bb,2298,7.0466,22
6a14df82,5381,7.0466,50
7b0fa1b5,5496,7.0466,50
7125fe25,11454,7.0438,77
8da9152,6434,7.0466,53
33d6e059,2565,7.0438,28
4875048,5382,7.0466,50
5a8d522b,5301,7.0466,50
6011829,7928,7.0466,60
251e498,7115,7.0466,58
3c6ae18a,9834,7.0384,58
cc6e026,12412,7.0466,77
34c1786a,14060,7.0466,95
20871c7,3817,7.0466,37
7d923bcf,2655,7.0466,29
f70203a,13507,7.0493,95
435be4ae,2188,7.0493,22
64fdf6ef,6102,7.0493,53
5f01fd86,12007,7.0493,77
1ec629e8,14166,7.0493,95
1039bbfa,6789,7.0466,53
1b787d9c,15843,7.0493,95
4b455eb8,3131,7.0466,1
6463a751,9510,7.0493,58
61143866,14459,7.0493,95
451a62,2299,7.0438,22
79657c14,6623,7.0493,53
1774f32,5272,7.0493,50
1d90bddc,2582,7.0493,28
41608072,10185,7.0493,77
695e1436,8144,7.0493,61
3b0950d5,9432,7.0493,58
3c8659,5158,7.0493,50
451af53c,14399,7.0438,95
5cfca60d,7795,7.0493,58
a63d5b6,7605,7.0466,58
6d2b93c3,13531,7.0493,95
2d02dabf,784,7.0493,15
67955c5f,2146,7.0493,22
49e89f08,9828,7.0466,58
5bc9201c,9986,7.0493,58
62bc29a6,8129,7.0466,61
5950c06c,5056,7.0493,50
464a66e0,4836,7.0493,1
3b5cb9a0,2664,7.0493,29
6ec9b84b,7467,7.0493,58
54cd1491,4191,7.0493,1
461617d4,2059,7.0493,22
1cdb823f,14204,7.0493,95
45e4f7a9,5919,7.0493,53
764ee8e,5746,7.0521,53
1ae80cd9,13881,7.0493,95
26bdfa89,7024,7.0466,53
50e3e13d,6830,7.0521,53
32d81d37,7957,7.0521,58
3061211f,15757,7.0521,95
680c4171,3690,7.0493,37
21ac874b,13508,7.0521,95
2765cf42,3721,7.0521,37
6e89604a,6967,7.0521,53
1ccae909,7203,7.0493,58
16473428,6831,7.0521,53
6fa39b45,8100,7.0521,61
133872c7,3831,7.0521,37
53947f74,1263,7.0521,19
7e86d0e9,12038,7.0521,77
76bace7c,5760,7.0521,53
107a90d4,5476,7.0521,50
f07706b,12184,7.0521,77
3df3f303,1112,7.0521,18
123a66e1,9770,7.0521,58
62a5d40d,7772,7.0466,58
424c2f0b,6600,7.0521,53
5a8d0586,5166,7.0521,50
6085b7aa,9082,7.0438,61
40352e9a,13573,7.0521,95
2149d835,8884,7.0521,61
6d8075ad,11509,7.0548,77
4e173b61,10068,7.0548,58
3dcf4721,12039,7.0548,77
2ab8a229,6626,7.0548,53
362fdee,5323,7.0548,50
6c0515c7,2103,7.0548,22
24628f7,6119,7.0548,53
75fdd7ed,6643,7.0521,53
61e4d931,7434,7.0548,58
4d86c0b7,3833,7.0548,37
250b43e7,8355,7.0521,61
1639c621,7923,7.0548,58
de029b4,3818,7.0548,37
733ef2d4,7015,7.0548,53
4a0a5468,5141,7.0548,50
35e122b5,7330,7.0493,58
6db1e2e6,13669,7.0548,95
6110cb6d,2104,7.0548,22
79217a33,6401,7.0521,53
45e91b28,677,7.0493,1
27ad77a1,9965,7.0493,58
40019b9a,7462,7.0548,58
3203914b,6316,7.0493,53
3fbefc78,4233,7.0521,1
73e28451,7673,7.0548,58
3ff30cfc,4727,7.0521,1
11544b80,2179,7.0548,22
594128ee,13363,7.0548,95
3e66ef9b,6629,7.0548,53
19558047,8246,7.0548,61
2aeec0a6,9669,7.0548,58
7ab88b4d,5464,7.0521,50
732bb9b6,14275,7.0548,95
5ba79684,14901,7.0548,95
46c9582c,5498,7.0548,50
1afe5ba3,5299,7.0575,50
24225952,11452,7.0575,77
aeab269,10067,7.0548,58
465360f9,6317,7.0575,53
66e8320,14840,7.0548,95
6ea5f30d,9929,7.0575,58
587bdf42,11455,7.0575,77
75d57de,11517,7.0575,77
75d8a396,13798,7.0575,95
47775060,7112,7.0575,58
34a41bbb,14002,7.0575,95
32a343a2,8257,7.0575,61
5fad018f,7018,7.0548,53
6f59cdff,14115,7.0493,95
7bb46a6c,7867,7.0548,58
532288eb,8097,7.0575,61
45234535,6660,7.0575,53
2db4d62d,5123,7.0575,50
1d1cb0f7,14555,7.0575,95
5a3e066f,7387,7.0575,58
7ae0c726,8442,7.0575,61
1c9f78c3,9434,7.0575,58
434a9c88,14130,7.0575,95
4f74a2c4,7985,7.0575,58
3b29171e,6991,7.0575,53
118e636a,13799,7.0575,95
763048f8,3064,7.0575,1
1f0b278e,14200,7.0575,95
12eb5eb2,13563,7.0575,95
709ceab6,14276,7.0575,95
1be5dc12,2585,7.0575,28
41f1bd5,8120,7.0575,61
2c1dc558,14498,7.0575,95
64cb10a7,5778,7.0575,53
73959fd2,1732,7.0575,22
5808594f,7796,7.0575,58
4dddd07e,10087,7.0575,58
17339beb,15594,7.0603,95
712faf4a,15845,7.0603,95
2e9bc5b2,9500,7.0548,58
66e53574,6597,7.0603,53
655d47b6,7745,7.0575,58
459857f6,9852,7.0575,58
49c1e5f0,3531,7.0603,37
39071f2f,7937,7.0603,58
92acc63,5820,7.0603,53
7686d3ee,8365,7.0603,61
71a61d2f,6325,7.0603,53
378e988e,5318,7.0603,50
627affd7,8044,7.0603,61
36f11737,9740,7.0603,58
76a8aba4,1259,7.0603,19
37a68f3b,9074,7.0603,61
742f2ba9,5298,7.0603,50
4ad9d2b4,9532,7.0603,58
791fa5c0,9954,7.0603,58
7ac3228f,8883,7.0603,61
773c3c1d,9621,7.0603,58
79547e04,13887,7.063,95
73f41c3c,8328,7.0603,61
77418627,13197,7.0603,58
14f5151a,6418,7.063,53
23f0f4d,2038,7.063,22
51f9f6ca,12024,7.063,77
2a72326c,14146,7.0603,95
1613bffd,3431,7.063,36
6c2c8f15,3860,7.063,37
22648e1a,11249,7.063,77
79cf47cb,8545,7.063,61
72fd7bfc,13557,7.0603,95
4927c69d,7768,7.063,58
42c07413,7590,7.063,58
4a1c0f79,13884,7.063,95
53a7af5d,7113,7.063,58
24c3989a,7943,7.0603,58
65e210fd,7425,7.063,58
4fafbcff,3616,7.063,37
211c2f10,11453,7.063,77
192364e1,1262,7.0603,19
334817aa,9953,7.063,58
1d8a648a,6829,7.0575,53
6c33fac0,5765,7.0575,53
5e49fbfd,5739,7.063,53
1eed3b8b,13564,7.063,95
1ceb40db,4193,7.063,1
6ffd4c7c,7986,7.063,58
7e7ac46d,9010,7.0658,61
9bc994a,13885,7.0658,95
4f97fd3e,6064,7.0658,53
74c9264f,1453,7.0603,19
3bff44c8,1264,7.0658,19
4a8cc61c,7604,7.0603,58
627d2a8c,5889,7.063,53
f669940,13556,7.0658,95
7fe8eb9f,13476,7.0658,95
53f86e58,5367,7.0658,50
a0978af,3858,7.0658,37
7f6c23aa,7767,7.0658,58
585a07e1,14896,7.063,95
52e56a57,12006,7.0658,77
63cd2933,3423,7.063,36
5bc192c6,7145,7.0658,58
5356f295,7681,7.0658,58
361324d6,14201,7.0603,95
4bdbbd48,1968,7.0658,22
43b6cedd,13095,7.0658,58
49b8e329,8618,7.0658,61
7b56cfc2,7331,7.0658,58
2927c82a,10721,7.0658,77
1eb81f7a,7207,7.0658,58
89fd018,6601,7.0658,53
7d2a37f0,5120,7.0658,50
61501453,2163,7.063,22
323a4f37,14061,7.0658,95
730532d7,7940,7.0658,58
2d98a002,6120,7.0658,53
689d4725,8142,7.0658,61
5b71aab9,7801,7.063,58
77c89390,14528,7.0658,95
2d819434,1115,7.0685,17
73315880,3859,7.0685,37
45f1b936,2101,7.0685,22
1383e753,6274,7.0685,53
2064b2a0,9866,7.0658,58
165a2ac,7469,7.0685,58
491593bf,2029,7.0685,22
45205cb1,3532,7.0685,37
1f928630,5325,7.0658,50
4ce7e17d,1702,7.0658,22
40d40707,13477,7.0685,95
d1a9cbf,3609,7.0685,37
6c88ad73,6653,7.0685,53
5178e05e,5831,7.0685,53
9e55336,7419,7.0685,58
4ee7436f,15788,7.0685,95
2e6b898b,3722,7.0685,37
7214a00,2161,7.0685,22
247ed531,5803,7.0658,53
288fd812,1778,7.0658,24
4629cba,5477,7.0685,50
507616ea,7451,7.0685,58
22a3fabe,6916,7.0685,53
2fdfc5a0,801,7.0685,15
7ba54ac6,3540,7.0685,37
23cb2cd0,5747,7.0685,53
7dda4a37,7799,7.0685,58
1d7bd220,7518,7.0685,58
2030bd3b,3433,7.0685,36
71139e58,775,7.0685,15
5eb7e9bf,9742,7.0685,58
1d1eda9b,9985,7.0685,58
28c5051e,11287,7.0685,77
38e26566,8920,7.0685,61
19a0e157,7396,7.0685,58
55eedd7c,3825,7.063,37
34f52c6f,3745,7.0712,37
3fb8a781,7282,7.0712,58
5fd4e268,10129,7.0712,58
743665a1,6828,7.0712,53
57904366,9623,7.0712,58
4a9b8baf,9823,7.0685,58
3224f736,8487,7.0712,61
757897be,2665,7.0712,29
20267104,3625,7.0712,37
36f6405c,8667,7.0712,61
2ae55f9a,14400,7.0712,95
1c3c1297,6371,7.0685,53
34c4be5,4192,7.0712,1
2cba4942,14614,7.0712,95
23fe9cf3,14203,7.0712,95
120a2a55,13199,7.0712,58
1b7c741,1940,7.0712,22
369c9618,8247,7.0685,61
5c7838b,7961,7.0712,58
52899ec4,5913,7.0712,53
41361042,8119,7.0658,61
11124e42,12138,7.0712,77
2ea01eee,8126,7.0712,61
17420b6a,1726,7.0712,22
3b57ab87,7942,7.0685,58
923d8f8,14202,7.0685,95
a40f7c0,11288,7.0712,77
24b9df08,14277,7.0712,95
3ca80858,9674,7.0712,58
7d0077d3,13530,7.0712,95
232799ae,3129,7.0712,1
3454712a,2902,7.074,31
39277e97,14501,7.074,95
16550d93,1991,7.074,22
538cb724,5302,7.074,50
4cf9be12,14409,7.074,95
5bb35b86,9498,7.074,58
59e245a1,15759,7.074,95
5884b6df,7342,7.074,58
17edf602,15949,7.074,95
6fe1fc2e,8742,7.074,61
6ee9c6ee,8889,7.074,61
2f47dfde,3174,7.074,1
644358da,13176,7.074,58
4a3c8f0,7341,7.074,58
24dda03c,9622,7.074,58
35752256,5186,7.074,50
74219b62,15761,7.0712,95
4b0e39aa,9000,7.0712,61
51f09c73,15948,7.074,95
59f2586a,8668,7.074,61
18650a31,3856,7.0712,37
41efcf9,9957,7.074,58
3ee756b9,1443,7.0712,19
6b214612,5832,7.074,53
5b25edc5,9763,7.074,58
282f3b6c,12583,7.074,77
2c79f24e,6665,7.074,53
4d893005,8520,7.0767,61
3936a7b4,9981,7.0767,58
68930fa5,14422,7.0767,95
b9b6b7b,7146,7.0712,58
2e2412b4,2099,7.0767,22
f166b15,10893,7.074,77
3916644,12413,7.0767,77
3a3b984d,5194,7.0767,50
54076cd3,7606,7.0767,58
738fbfb4,8744,7.0712,61
231fc20d,8098,7.0767,61
1fed4bb8,14205,7.074,95
1746bd47,9956,7.0712,58
5829e661,7800,7.074,58
193ac204,2651,7.0767,29
44e87484,7144,7.0767,58
31ad472a,7987,7.0767,58
13a378dd,7503,7.0767,58
5cc6b24f,5837,7.0767,53
47ecc33c,3537,7.0767,37
5b8da107,6290,7.074,53
c2294b,4728,7.0767,1
8afcc1e,2079,7.0767,22
6192438e,6107,7.0767,53
47c70620,6326,7.074,53
57214322,13202,7.0767,58
4638a0fc,9958,7.0767,58
30015b19,5358,7.0767,50
43fcf0a4,2028,7.0767,22
1e1983aa,6974,7.0767,53
1da5ffd5,8544,7.0767,61
27c6a6eb,7006,7.0685,53
4cc1c1e0,10191,7.074,77
39b0b67,3608,7.0767,37
514ddc6d,9111,7.0767,66
796c71a,5478,7.0795,50
6f262431,5307,7.0795,50
63a4cac6,15815,7.0795,95
7147c9a7,5057,7.0795,50
2a5c34db,9850,7.0795,58
154d3b49,5878,7.0795,53
50fa31dc,14502,7.0795,95
e902cce,5822,7.0795,53
1fbfc095,6849,7.0767,53
540ed555,5779,7.074,53
28e53bee,14118,7.0795,95
675f1cf,9832,7.0767,58
29109bff,8757,7.0795,61
198079d3,6358,7.0795,53
3b6f1698,7820,7.0795,58
484a5d20,14129,7.0795,98
6acc8d01,5750,7.0795,53
6bf7f1fd,1777,7.0795,24
4615501f,7118,7.0795,58
5caca6a0,9516,7.0795,58
52068cb1,6648,7.0795,53
6aae715,5902,7.0795,53
6ad3ca77,14570,7.0795,95
5373f82b,8368,7.0767,61
4b0d3c9b,3618,7.0795,37
357695f0,9097,7.0767,61
64354e04,14523,7.0795,95
21bcb12,5238,7.0822,50
1041a087,16018,7.0822,95
5c3fb004,12414,7.0795,77
5d676766,1442,7.0822,19
136c47a0,7537,7.0822,58
e3498d2,5321,7.0822,50
2faab680,5386,7.0822,50
4990b844,13169,7.0822,58
38b0a791,13171,7.0822,58
12e85a5d,7702,7.0795,58
688ce036,2086,7.0822,22
241237fb,5122,7.0822,50
192390c7,15758,7.0767,95
49c90b0c,6425,7.0822,53
46cbdf53,3861,7.0822,37
73d3859e,9442,7.0795,58
22836cd5,5888,7.0822,53
76f3868b,9978,7.0822,58
77636232,10054,7.0822,58
6fca0aca,5065,7.0822,50
204d77c5,1318,7.0822,19
353d1988,1307,7.0822,19
527139b3,12010,7.0822,77
da8dd8,6894,7.0822,53
6a778496,3435,7.0822,36
439906e5,6023,7.0795,53
6e91918,4190,7.0822,1
394adf55,8859,7.0822,61
6daa21e9,3534,7.0767,37
3baf4bfe,5159,7.0849,50
63ff53d0,7615,7.0822,58
75c0b44a,3819,7.0822,37
1a1f7dd0,14587,7.0849,95
629326bf,13065,7.0822,58
2a15bdff,14218,7.0849,95
4890cf7b,15820,7.0849,95
566f2bb5,8392,7.0849,61
244a838a,5836,7.0849,53
30f7e0b6,6426,7.0849,53
2686b213,2300,7.0822,22
6737fd86,14460,7.0849,95
172577ce,14839,7.0849,95
420d1af8,2118,7.0849,22
76357907,14401,7.0849,95
65305bf8,5124,7.0822,50
3d335115,6291,7.0822,53
1bc65155,3820,7.0849,37
194ca7a,7198,7.0849,58
3d699f9c,5901,7.0849,53
1def66e0,6327,7.0849,53
24fd49c5,8248,7.0849,61
5c34760e,6832,7.0849,53
487b1d0d,6403,7.0822,53
3bbc09eb,5201,7.0849,50
1ca04c70,9974,7.0849,58
3bc08284,8363,7.0849,61
44bb07f4,13552,7.0822,95
1f93bdd9,7958,7.0849,58
1ceb197,5834,7.0795,53
3e25d788,9967,7.0822,58
22bde31f,14133,7.0849,95
2042ffe4,671,7.0822,1
54f4b072,8939,7.0849,61
44fda4f3,15939,7.0795,95
81f805b,2587,7.0849,28
2086558c,8484,7.0849,61
9151268,10043,7.0877,58
3e9f7171,3756,7.0877,37
2fa7e298,7399,7.0849,58
4f9921f0,5762,7.0877,53
66eacecc,13040,7.0877,58
47cd062b,9586,7.0849,58
21ce35a,13686,7.0822,95
40cc448,8396,7.0849,61
3420f6ab,2106,7.0877,22
4ec0cb9e,13041,7.0877,58
6fe1b0ca,12041,7.0877,77
1bf3425a,7463,7.0877,58
7e90644d,3541,7.0849,37
1cdcd153,12216,7.0822,77
7c690e26,13684,7.0877,95
2ffaf9cd,5094,7.0849,50
2e1a8ffa,7343,7.0877,58
53d53478,5155,7.0877,50
38c9ffbe,9973,7.0822,58
3a99dd99,8867,7.0849,61
29f92118,5195,7.0767,50
5135817b,10044,7.0877,58
27233695,3755,7.0877,37
2baaa1f8,5761,7.0877,53
51262601,7780,7.0877,58
31372cdc,15938,7.0877,95
4c744dd8,10066,7.0877,58
32af80cf,5818,7.0877,53
5259beb5,13267,7.0877,95
5a8039ee,5874,7.0849,53
3474a5eb,7695,7.0877,58
7a93e252,5821,7.0877,53
652047a3,12143,7.0877,77
7e059ddc,6800,7.0849,53
3e345da0,5336,7.0877,50
75013415,11257,7.0877,77
2f7eec70,3824,7.0904,37
4a9a0abf,7906,7.0904,58
2d605110,9011,7.0904,61
31a5d041,5207,7.0795,50
7958021b,673,7.0904,1
4f5c63d1,2173,7.0904,22
69e0a769,10069,7.0904,58
3ee8e2aa,11468,7.0904,77
238ee6a5,3823,7.0877,37
30577f43,10074,7.0904,58
3437cbdf,1705,7.0877,22
73359718,7926,7.0904,60
5cf2a0bf,14151,7.0904,95
6bf3860e,13032,7.0877,58
43ca54b8,13025,7.0904,58
2f7d6847,6406,7.0904,53
421bec96,9026,7.0904,61
702fb7e7,1444,7.0877,19
39110605,9790,7.0904,58
286ffa0b,3589,7.0904,37
6c949011,3692,7.0904,37
618992eb,7703,7.0904,58
c376532,13558,7.0904,95
62cad179,4837,7.0877,1
501991f1,3610,7.0904,37
7f1965b,6157,7.0904,53
314f2683,1066,7.0877,17
4fad8aac,9979,7.0904,58
629e4778,13434,7.0904,95
7e14d4c3,3754,7.0904,37
28403aa9,13254,7.0904,95
755cc614,6770,7.0904,53
4cfffa65,9893,7.0904,58
5607caf9,2043,7.0904,22
46b2e2c6,11467,7.0932,77
1e58941f,10723,7.0932,77
d279da6,8364,7.0932,61
651fcef9,6275,7.0932,53
346ab44e,802,7.0932,15
6e4836b0,1699,7.0932,22
5fb35c72,7504,7.0932,58
2a28c4bd,5744,7.0932,53
4440397b,7655,7.0932,58
25692d79,13027,7.0932,58
abb62d2,5198,7.0932,50
4f2eff3b,7284,7.0932,58
a608c44,4189,7.0904,1
660e6a94,12461,7.0932,77
37723975,670,7.0904,1
f1ddf87,13800,7.0932,95
129643a6,9529,7.0932,58
111708c,12366,7.0877,77
145ee0f0,12179,7.0932,77
1a069e1e,5136,7.0932,50
32c1ca9f,9465,7.0904,58
53c1caa7,5239,7.0932,50
59de5543,10075,7.0932,58
3a6467e8,9617,7.0932,58
6cdd709,9593,7.0932,58
5b84a185,7372,7.0904,58
705b93fb,8121,7.0932,61
35197fcb,14167,7.0932,95
6999f13f,3883,7.0932,43
6e2ec489,2182,7.0932,22
104169a,7464,7.0932,58
7ff207b6,9777,7.0932,58
1a7910e6,6276,7.0904,53
531a97f8,6569,7.0932,53
75ac94ad,13687,7.0904,95
54bdec44,7901,7.0932,58
3b1d8ed2,8887,7.0932,61
607caafc,9709,7.0932,58
3cbf6b1e,9847,7.0959,58
1103bc43,3826,7.0959,37
2da789d8,2232,7.0959,22
16438fe4,1357,7.0959,19
417fe8e0,9530,7.0959,58
6df8c4a,3691,7.0959,37
17a73c00,8885,7.0959,61
463bbf95,9511,7.0959,58
1d11adbf,10148,7.0932,58
23176e15,7907,7.0932,58
59d01be1,9868,7.0959,58
5aeaf511,7148,7.0959,58
77b97be7,9894,7.0959,58
67d54cfa,7200,7.0959,58
7faaf1d3,13056,7.0932,58
26fcf2d4,12139,7.0959,77
1aa6c3af,8619,7.0959,61
5759fe9d,2903,7.0959,31
63b237dd,9899,7.0932,58
7fd5a9cc,13478,7.0959,95
3efe9eb0,12021,7.0959,77
12e9997b,7746,7.0959,58
a5c30ad,12368,7.0959,77
581573e3,4721,7.0959,1
12d46d4f,7872,7.0932,58
4c281c2f,1700,7.0932,22
2ca76bb4,10070,7.0959,58
279a945f,6359,7.0959,53
6964b93c,1935,7.0959,22
54e37124,5442,7.0959,50
50357bd0,9456,7.0959,58
656cc0e2,7741,7.0959,58
69a97104,11724,7.0932,77
1a623802,1698,7.0959,22
37b514ef,11461,7.0959,77
55c7003b,5185,7.0959,50
562fa1b1,3746,7.0959,37
232a72ac,6728,7.0959,53
328d59cd,4785,7.0959,1
74acdb21,6772,7.0986,53
7f054f9e,7959,7.0986,58
122e4e9d,7468,7.0986,58
39274740,1992,7.0986,22
1297f3c1,5908,7.0986,53
2bc0e696,9517,7.0986,58
7e6c35cf,6277,7.0986,53
1e56c639,2039,7.0986,22
1d489ff4,9100,7.0986,61
31103e9d,14063,7.0904,95
109e5d33,773,7.0986,15
2ecda73d,6288,7.0932,53
602dbd3,15763,7.0959,95
520ca66e,7614,7.0986,58
5fec53d8,5359,7.0986,50
17029866,3436,7.0986,36
6f386a6e,15846,7.0986,95
2c0fdcfb,14278,7.0986,95
3cc356ea,10295,7.0986,77
18ca039,14064,7.0959,95
2d4bc17c,14057,7.0986,95
607a8ff6,6781,7.0986,53
7f71282a,12594,7.0986,77
4b353a64,14773,7.0959,95
59a34528,6645,7.0959,53
3c61c799,13127,7.0932,58
9081bf6,3757,7.0986,37
3dcaab4d,6599,7.0986,53
5a27ecd7,2586,7.0986,28
4ef9dda9,14119,7.0986,95
13a64687,2100,7.0986,22
38bf8c24,13004,7.0986,58
7b76141e,9824,7.0986,58
130e58fe,13670,7.0986,95
538ebdaa,13567,7.0986,95
131adba3,9955,7.0986,58
5780ab48,8750,7.1014,61
44bcc625,7840,7.1014,58
1c1d9342,9550,7.0986,58
7db5f197,15672,7.1014,95
38b7fa41,1072,7.1014,17
6a3fdcf4,9969,7.1014,58
1a48c572,6435,7.1014,53
7d8f053e,7941,7.1014,58
48a3b6e5,14376,7.1014,95
4fc13842,6020,7.1014,53
5b0d8532,14531,7.1014,95
732a874,13566,7.1014,95
52f332e9,3140,7.1014,1
143613dd,13028,7.1014,58
46b7d4df,9443,7.0986,58
23a5307c,7602,7.1014,58
31c64d74,4759,7.1014,1
c0349c9,1447,7.1014,19
7a6955df,2156,7.0986,22
1d306d88,9024,7.0959,61
5ee519b4,3595,7.1014,37
2865aab9,2659,7.1014,29
54c9f4c4,3315,7.0986,1
5767aec4,3617,7.1014,37
2b95737,13435,7.1014,95
6710de5a,11731,7.1014,77
11ce43b5,5162,7.0986,50
3b1dc3bf,6773,7.1014,53
250be776,7613,7.1014,58
675b16d5,6778,7.1014,53
a3aea9c,2183,7.1014,22
60c17491,11520,7.1014,77
1c284dd,6771,7.1014,53
62f2bcbb,8866,7.1014,61
3f41c473,7346,7.1041,58
77c146d,8045,7.1041,61
54cf5af6,7019,7.1041,53
3159296b,11723,7.1041,77
78ffd7ad,10085,7.1041,58
2502b856,15647,7.1041,95
413ec8de,5206,7.1041,50
681a40ee,5361,7.1041,50
365ea326,14080,7.1041,95
70d8bc2,12367,7.1014,77
17483e75,5167,7.1014,50
29bb693f,1073,7.1014,17
1ef42cee,9571,7.1041,58
5df0fb85,8489,7.0986,61
7babcc88,13054,7.1041,58
36483862,12597,7.1041,77
44484d05,14206,7.1041,95
7b648a3e,5199,7.1014,50
5313f39,1977,7.1014,22
21926a04,7696,7.1041,58
717589b7,6779,7.1014,53
56eecd7c,7496,7.1041,58
50c892c1,7165,7.1041,58
f22c79c,7276,7.1014,58
3d524e36,6654,7.1041,53
1d77f1cd,10088,7.1041,58
9bd3638,7120,7.1041,58
10ba1eb4,5370,7.1041,50
1bc8da7d,9737,7.1041,58
3fb6d16b,2162,7.1041,22
1deda6c9,8495,7.1014,61
6a4a648,2180,7.1041,22
4c7716c5,12415,7.1041,77
3d8ea100,7076,7.1041,58
34ba1253,6895,7.1041,53
441121e3,1065,7.1041,17
331ada54,12587,7.1041,77
7bd4fb96,9435,7.1068,58
1f185635,9846,7.1068,58
52cb620c,7834,7.1068,58
23d565d4,5447,7.1068,50
27fd1efa,9479,7.1068,58
37e6da7b,5200,7.1068,50
6b328f5a,13033,7.1041,58
36c6d5f7,9700,7.1068,58
7fe2d74d,13269,7.1068,95
3f140a21,10042,7.1068,58
39b4ff8c,15966,7.1068,95
3ea03aba,8517,7.1041,61
478f918b,8891,7.1068,61
41173a6b,15816,7.1068,95
417e36d3,3828,7.1041,37
43d80d49,3643,7.1068,37
5ea479df,5310,7.0986,50
616efd5b,11518,7.1068,77
1952577f,774,7.1068,15
2d459c49,14148,7.1068,95
54bdcc53,8888,7.1068,61
422f77ba,9677,7.1068,58
49cd292f,13886,7.1068,95
318e695c,7175,7.1068,58
335787b1,13066,7.1068,58
b6bf46a,7301,7.1068,58
3240d01a,2228,7.1068,22
1264032c,3626,7.1068,37
50625cb5,6287,7.1068,53
47e3a77,2085,7.1096,22
308aeae2,13022,7.1096,58
245e2bc,2666,7.1096,29
408091b5,12182,7.1041,77
b21ecb9,8751,7.1096,61
3558b650,7420,7.1068,58
5129b33f,9804,7.1041,58
526297e3,5303,7.1096,50
7f1fdf11,9014,7.1068,61
3b56f47e,1308,7.1096,19
4b4c3f72,6112,7.1096,53
d576477,6397,7.1096,53
5c3932fc,4439,7.1041,1
cb1c59b,5308,7.1096,50
74136b0e,14772,7.1096,95
7ab33a77,11732,7.1096,77
482577,5337,7.1068,50
2ad52da3,11726,7.1096,77
763e3682,7682,7.1068,58
1c979052,10291,7.1096,77
11d9bae,5914,7.1068,53
1e080346,7506,7.1096,58
5faaee6d,5369,7.1041,50
5c11680e,5058,7.1096,50
7c2476de,9109,7.1096,66
22e8582f,10071,7.1096,58
6b9394b4,13170,7.1096,58
2a391399,13021,7.1068,58
6f05e14a,12354,7.1096,77
8b100e7,9697,7.1068,58
7dbf4fc8,6669,7.1096,53
22725427,2650,7.1096,29
42bb5966,5196,7.1096,50
207c3f73,8439,7.1123,61
a103775,7328,7.1123,58
273ae5bb,6019,7.1123,53
17595e17,2165,7.1096,22
f3155f3,12025,7.1123,77
4ef764c1,13937,7.1123,95
3e105799,2116,7.1123,22
63e41faa,6657,7.1123,53
667f40e8,7007,7.1123,53
13dbf18a,7456,7.1123,58
2fcbc0f7,14068,7.1096,95
6c9183eb,6113,7.1041,53
7075e691,13177,7.1123,58
3cee1eb4,3495,7.1123,37
4dd3bda6,3539,7.1123,37
2d3de12c,5922,7.1123,53
7bd5dcfa,9624,7.1123,58
2fb06890,9678,7.1123,58
72a3cb74,5921,7.1123,53
3e74702a,8519,7.1123,61
1722d3f7,7432,7.1123,58
6e9ac4cf,3491,7.1123,37
2c6c6cb1,2041,7.1041,22
4cb780e0,5753,7.1096,53
4078fa23,8017,7.1123,61
5d103726,3538,7.1096,37
65943cf7,5240,7.1123,50
2ad2dd10,6823,7.1096,53
2d7c938b,5751,7.1123,53
573db809,10149,7.1123,58
4d58c4f5,7452,7.1123,58
71093805,14864,7.1123,95
6e3b5cc3,7722,7.1123,58
38d0caf8,7119,7.1123,58
35bed157,5259,7.1123,50
938b0ad,7123,7.1123,58
40118aca,13198,7.1123,58
73efe77c,4713,7.1123,1
78605bdd,15950,7.1123,95
3b9719ef,12027,7.1151,77
7793cf04,9940,7.1151,58
77667be8,1976,7.1151,22
3bede814,6806,7.1151,53
41a9f207,7897,7.1123,58
7c24a11,6407,7.1151,53
783e4184,6631,7.1123,53
4272c3bc,7616,7.1151,58
68f5921,4438,7.1151,1
52f6acac,5087,7.1151,50
4604db8f,9425,7.1096,58
5cc1553f,9629,7.1151,58
8fa1238,12008,7.1151,77
6982bc54,5309,7.1123,50
74400457,6661,7.1068,53
133445bf,11254,7.1151,77
450a824b,8369,7.1151,61
1db93300,2195,7.1151,22
692ffe5c,9594,7.1151,58
7e86da80,8490,7.1151,61
5887577b,6114,7.1151,53
498e8efa,5767,7.1151,53
1dfb85f8,5441,7.1123,50
b305505,9522,7.1151,58
69eef797,5088,7.1151,50
d7deef3,9570,7.1151,58
54aa5d0e,14058,7.1151,95
153fd626,3535,7.1123,37
1cae21f9,1703,7.1151,22
2e22fb4,3702,7.1123,37
42650cb,8068,7.1151,61
6fc3388f,7676,7.1151,58
1b9f10be,3494,7.1151,37
662a76ed,12185,7.1151,77
5fb19acc,6825,7.1178,53
701bc6c6,16021,7.1178,95
23416d9c,2233,7.1178,22
28f7d67,6289,7.1178,53
11837d0d,2119,7.1178,22
2715d7fe,9524,7.1178,58
516494d3,14027,7.1178,95
28f9bfdd,13691,7.1178,95
2298d4da,12011,7.1178,77
2bbb4d50,6106,7.1178,53
38978112,9773,7.1178,58
5e0c86f8,9531,7.1178,58
3b6eddb3,9083,7.1178,61
5f34e000,3547,7.1151,37
2e14f77b,11325,7.1151,77
14159f07,11451,7.1178,77
59db4b73,9736,7.1178,58
211784a8,9457,7.1151,58
28b100de,7398,7.1178,58
10644f68,7883,7.1178,58
13e71ec4,2660,7.1178,29
469f1767,5164,7.1178,50
e48ead4,13204,7.1178,58
2e5fbc33,7680,7.1178,58
1c72a99f,2108,7.1178,22
374885eb,5161,7.1178,50
2cff5253,14065,7.1178,95
7e9fd79c,7116,7.1151,58
2df25258,8760,7.1178,61
24453828,15762,7.1178,95
58d68ad5,5154,7.1151,50
57519696,13685,7.1178,95
577298d7,1385,7.1178,19
77fcdd8b,13105,7.1123,58
5dccd51f,5059,7.1178,50
68ad70f3,2568,7.1205,28
7980440b,9013,7.1205,61
65a481b6,14622,7.1205,95
3e1a5eb2,5769,7.1205,53
679263ed,13802,7.1178,95
7deddd86,13101,7.1205,58
7ec40020,5371,7.1178,50
3fac877f,12584,7.1178,77
7ca078ba,6937,7.1178,53
532fa1f6,9914,7.1205,58
40bd47f8,8148,7.1205,61
6c84c681,3834,7.1205,37
1ea69acf,10055,7.1205,58
5cd8e8aa,7718,7.1205,58
456a711b,7302,7.1205,58
6b644851,9523,7.1205,58
46a10750,6410,7.1178,53
41cc4042,8488,7.1205,61
6c9bb1cb,6975,7.1205,53
6b96da56,9747,7.1205,58
7d629c96,9445,7.1151,58
340d75ab,9636,7.1205,58
17e0ed38,7166,7.1205,58
4a79c1f8,8548,7.1205,61
24cfe454,7149,7.1205,58
2396720d,12355,7.1205,77
3adde6c4,11469,7.1205,77
7c69ebf9,2024,7.1205,22
6cf05061,6424,7.1233,53
4a4942cd,7075,7.1178,58
68823a06,5819,7.1233,53
15a3cb9f,2194,7.1233,22
78943b01,7182,7.1233,58
53c0bcba,3132,7.1233,1
3a45d4dc,7402,7.1205,58
4b1131c9,11462,7.1233,77
250c1392,13005,7.1233,58
5ca74f3f,7882,7.1178,58
5b22b99,8183,7.1233,61
49b642ce,5531,7.1233,50
47efdd9f,12028,7.1233,77
23ac673,10083,7.1205,58
6402afbc,5916,7.1233,53
70f8be46,5383,7.1233,50
49c286e3,16019,7.1178,95
1d1fc8f6,8101,7.1233,61
6c91fba6,5507,7.1233,50
59ae62fc,15608,7.1233,95
48612b4,13595,7.1233,95
673d32aa,7927,7.1233,60
412a920,14076,7.1205,95
2e0182dc,9444,7.1233,58
62af606c,14152,7.1233,95
2b6ff734,5794,7.1233,53
1a26261a,2667,7.1233,29
1480ef96,7775,7.1205,58
5ca1f8f,13674,7.1233,95
4e7ff29b,5875,7.1233,53
1f0a0284,13575,7.1233,95
42d59bb0,14213,7.1233,95
27ff6a88,6803,7.1233,53
4df145a4,9588,7.1233,58
3c074e75,6429,7.1233,53
cc28e9b,1974,7.126,22
1f2d2cca,8391,7.126,61
4a4e7ec7,5835,7.126,53
1639f62c,7285,7.126,58
2f62517a,9776,7.126,58
e970426,14150,7.126,95
78aa2242,10292,7.1205,77
4b9f6fd0,5510,7.126,50
412bc3d6,2040,7.126,22
7582e773,1757,7.126,24
18fac549,12356,7.126,77
6cd245ca,9764,7.126,58
2e7a5444,14154,7.126,95
76bcbfb,6158,7.126,53
18c18db3,7433,7.126,58
1d16a8a1,10186,7.126,77
52ffe128,8454,7.126,61
565fc36f,7154,7.126,58
2afb7594,13935,7.126,95
3f097aa9,8021,7.126,61
73964723,9477,7.126,58
67aee0f7,14155,7.126,95
7158e503,6284,7.126,53
4fc213d6,14402,7.126,95
3ee4986f,6303,7.126,53
7f0a6fcf,7536,7.126,58
6fb39181,15951,7.126,95
30b06302,8099,7.1233,61
2a8da29b,7946,7.126,58
6d5c412,9919,7.126,58
72c1ae3,15954,7.126,95
751962d0,5788,7.126,53
4602a702,3583,7.126,37
1dc4c23,7538,7.126,58
2981ed5e,14149,7.1233,95
58741571,3747,7.1233,37
6c9e40cf,8046,7.126,61
7da712b3,7972,7.1288,58
5f9a6696,8865,7.1288,61
51a50e6b,12589,7.126,77
17b0155c,10231,7.1288,77
405237c4,10023,7.1288,58
6aafedbd,1074,7.1288,17
44d98a1f,5448,7.1288,50
17366323,14411,7.1288,95
27877bf3,15848,7.1288,95
1ca8940,10187,7.1288,77
16c776d0,14920,7.1288,95
1e469f65,11258,7.126,77
7360483c,6646,7.126,53
20237bd,3434,7.126,36
57572e34,9968,7.126,58
7a8ba3f8,5903,7.1288,53
509cb67b,3316,7.1288,1
43b0dc0a,7470,7.1288,58
6070a109,14045,7.1288,95
2d786cc6,7888,7.1233,58
a4b9ef2,8694,7.1288,61
3fd1ceae,5516,7.1288,50
7ac415d2,7397,7.1288,58
14345810,12110,7.1288,77
425ef86a,15707,7.1288,95
734bea31,8975,7.126,61
297b1b0f,6933,7.1288,53
1fb922e8,14160,7.126,95
33e58051,9476,7.1288,58
2a9104dd,1386,7.126,19
62779dc,5504,7.1288,50
77f5a974,9782,7.126,58
4550c363,10929,7.1288,77
706dada3,13268,7.1288,95
5a54b08e,14777,7.1288,95
210d7b00,1292,7.126,19
3183410,7657,7.1205,58
7a0c1355,8853,7.126,61
3e4c4436,6656,7.1315,53
64a8e482,7679,7.1315,58
2eb7566c,7426,7.1315,58
6ccd5f1e,7678,7.1288,58
307cdb45,9433,7.1288,58
1353a53c,6799,7.1315,53
7c3850c,776,7.1315,15
4d8897af,7167,7.1288,58
79ae71c4,3592,7.1315,37
1701f45,12144,7.1315,77
57005add,7740,7.1315,58
59746f44,5754,7.1315,53
42846a83,15952,7.1288,95
430fdfa1,9110,7.1315,66
168cb3af,2588,7.1315,28
6c78f075,5748,7.1315,53
dc94f0b,6833,7.1315,53
30067bc4,2714,7.1315,29
4364b7a0,13688,7.1315,95
68b40ce1,2220,7.1315,22
2fc2b7eb,14214,7.1315,95
2c99318c,11521,7.1315,77
4aa64a08,8572,7.1315,61
23d94b9,6936,7.1315,53
4160a80e,12349,7.1315,77
387a06fa,8130,7.1315,61
5d0a4528,5799,7.1288,53
2584b28b,2117,7.1315,22
4bf272de,10050,7.1315,58
2357f08c,7903,7.1315,58
2c7bd2cb,13120,7.1315,58
2c6b2d25,15994,7.1315,95
7457cef4,7117,7.1288,58
2ac0689,11250,7.1315,77
6368e6e5,9551,7.1315,58
68188362,8571,7.1315,61
7dcf1579,6934,7.1342,53
5173fcc1,14530,7.1342,95
1a07f920,8890,7.1342,61
2d47b409,7348,7.1342,58
542126b9,1730,7.1342,22
6f70fd40,10895,7.1342,77
7e2b5746,14143,7.1342,95
444ad4be,9869,7.1342,58
259abe34,6801,7.1342,53
9b53a76,807,7.1342,15
2c5e1c99,9941,7.1342,58
442c6eaf,15967,7.1315,95
34371300,5241,7.1315,50
3dfd73b0,2716,7.1342,29
1471f97a,6024,7.1342,53
38bf0419,15941,7.1342,95
489795b9,15767,7.1342,95
6fe9d312,5339,7.1342,50
63ca62fc,11734,7.1342,77
78ebedd6,1305,7.1342,19
48593bfe,1993,7.1342,22
6f10ed12,7510,7.1315,58
c25852f,10076,7.1342,58
1027a658,1265,7.1342,19
2d75a6fa,13071,7.1342,58
19608830,14208,7.1342,95
1d18ec2a,5345,7.1342,50
3aba3702,5163,7.1315,50
1a16c187,8254,7.1342,61
1a54e649,11727,7.1342,77
40f73095,9625,7.1342,58
2b1e1dae,6976,7.1342,53
728ebb3,13174,7.1342,58
43f9cff2,6605,7.1342,53
1851594e,14412,7.1342,95
16458ab,7542,7.137,58
58e45c84,6411,7.1342,53
7b291292,15764,7.137,95
7622d45a,6968,7.137,53
762723bb,7976,7.137,58
642b68f9,7347,7.137,58
1ed10884,1978,7.137,22
2ddf344e,12145,7.137,77
4d3fa5ab,6603,7.137,53
72ec7055,5242,7.1315,50
64efc3a4,5450,7.137,50
30c6e633,7458,7.137,58
e41f7d,10048,7.137,58
119bb9ec,5372,7.1315,50
3cc970bf,8740,7.137,61
bf3ba98,2656,7.137,29
49cf0623,2121,7.137,22
c8332ab,7023,7.137,53
2c3ccbb1,1454,7.137,19
60244303,12462,7.137,77
540c7e03,14845,7.137,95
769512e5,8576,7.137,61
631670f6,13510,7.1342,95
29bd5e66,13270,7.1315,95
6bc32c09,7975,7.137,58
359f09ae,11463,7.1315,77
65de4e2b,3611,7.137,37
206ef701,2087,7.1397,22
3ddebede,12040,7.137,77
26d36298,5168,7.1397,50
5482a12f,13673,7.1397,95
191d1068,3135,7.137,1
e25ba76,9025,7.1397,61
aea350a,13690,7.137,95
335fde88,9848,7.1397,58
3f897ccc,13196,7.137,58
72159a15,8977,7.1397,61
3fa5a6f,803,7.1397,15
202fa66c,5208,7.1397,50
6dc9977f,5920,7.1397,53
33d26de1,9939,7.1397,58
622a70d6,7083,7.1397,58
3f6ba639,9619,7.1397,58
1e38bcc4,3837,7.1397,37
3ea56787,2107,7.1397,22
56791f22,13034,7.1342,58
f380c45,2221,7.137,22
6d0039f5,8262,7.1397,61
6c9bf8f3,2184,7.1397,22
3605760d,7833,7.1397,58
2389a615,12431,7.1397,77
6c1ccc05,8793,7.1397,61
bf9fe2,8518,7.1397,61
1d9734e6,14410,7.137,95
73c0904f,13079,7.1397,58
1fe67875,14153,7.1397,95
31c2a4fc,8897,7.1397,61
793606d6,14134,7.137,95
3f3f97a5,9512,7.1397,58
58ad69d,13078,7.1425,58
219ee2ce,8974,7.1425,61
1b3504a6,1448,7.137,19
f8c25d2,8155,7.1425,61
528e38bb,8549,7.1425,61
56ab4c5a,15817,7.1425,95
6a6403ee,1975,7.1425,22
1fe2f0ef,12180,7.1425,77
4c8ff3b0,10290,7.1425,77
1ad1e07d,7457,7.1425,58
1614a6e1,8132,7.1425,61
1e795944,7508,7.1425,58
13ceebbd,10119,7.1425,58
62f96dea,13168,7.1397,58
2d582b48,13591,7.1425,95
389fe496,7547,7.1425,58
b8f7eca,9920,7.1425,58
29df352f,2164,7.1425,22
5f68a586,13936,7.1397,95
7c55d8a8,15860,7.1397,95
3306d748,14461,7.1425,95
38949dac,5446,7.1425,50
6a741636,6085,7.1425,53
74fa2eea,10180,7.1425,77
4736791,8253,7.1425,61
1eadb60c,6782,7.1425,53
1b948e06,5917,7.1425,53
3e3c7ee0,6774,7.1425,53
21ecd959,9493,7.1425,58
520206be,9910,7.1425,58
6d595646,7304,7.1425,58
2cc278f0,6658,7.1425,53
304ffe73,13819,7.1425,95
77aecf32,13082,7.1425,58
35db108f,4787,7.1397,1
12178b14,7271,7.1452,58
2c17e7d2,7776,7.1452,58
5de44343,8946,7.1452,61
5cb2d092,5508,7.1452,50
3180ece3,7177,7.1425,58
d4375d1,8366,7.1452,61
1fe18eec,1306,7.1452,19
60e02808,7548,7.1452,58
2a1c42c6,12022,7.1452,77
1ccd5492,15940,7.1452,95
1f047cd3,2924,7.1397,1
f482f09,8356,7.1452,61
6e09e680,9518,7.1452,58
26cb83f5,9794,7.1452,58
50d42a7a,5479,7.1452,50
1eaa770e,10046,7.1452,58
be8b6d8,8441,7.1425,61
45ac864b,8547,7.1452,61
3f36afbd,12595,7.1452,77
45984785,12358,7.1452,77
34ee22b6,9778,7.1425,58
79b13122,7519,7.1452,58
42fb0850,15641,7.1452,95
2be7693c,1729,7.1452,22
3b5c95dc,13045,7.1425,58
714c8851,13689,7.1452,95
73f032ee,8167,7.1452,61
7453f77a,3153,7.1452,1
31ed90d4,6647,7.1452,53
41258fea,8338,7.1425,61
56b4f716,13367,7.1452,95
7d915757,10091,7.1425,58
33b0b262,6804,7.1452,53
17b7966e,9853,7.1479,58
58b37b49,2652,7.1452,29
5853bbb,9618,7.1479,58
51afd47b,6972,7.1479,53
6832ae3e,14169,7.1479,95
5ea722f8,13102,7.1479,58
1518260f,8151,7.1479,61
3528ab81,8771,7.1452,61
1d8d6356,13481,7.1479,95
3179cbbf,2572,7.1479,28
7d1e1fef,9702,7.1479,58
4cc7d0f0,7471,7.1479,58
2b909b72,9905,7.1479,58
50eeeea5,9836,7.1479,58
5df1da85,6659,7.1452,53
222ad6b7,9015,7.1479,61
23047ba2,11510,7.1479,77
5098c252,14623,7.1479,95
7f7c9838,6329,7.1452,53
2c0a40a0,14311,7.1452,95
58e1b4f8,11729,7.1425,77
3ce9f87c,14590,7.1479,95
4e7d67e4,12432,7.1479,77
555b8b4b,7683,7.1479,58
2b2ade00,9049,7.1479,61
5bdee38d,9943,7.1479,58
52d63a6e,6837,7.1452,53
4182c8a1,7310,7.1479,58
2ff134ea,8485,7.1479,61
4c868ca4,6596,7.1452,53
2b2187b,7208,7.1452,58
52e53f30,12459,7.1479,77
1e36664c,16023,7.1479,95
68fc03ac,5189,7.1452,50
32583c8c,5789,7.1479,53
a4cb87c,14616,7.1452,95
51be75e3,5197,7.1479,50
77ce5d5a,12181,7.1452,77
5ae741e9,13271,7.1479,95
29a8ba65,14069,7.1479,95
b9bc3de,10072,7.1425,58
e3a6b7a,8159,7.1507,61
6e329b5d,8158,7.1479,61
2257f6c,6670,7.1479,53
71ee6977,2591,7.1507,28
33999be9,4756,7.1452,1
5775c9c5,15953,7.1507,95
a4909ea,5904,7.1507,53
705b838d,5749,7.1507,53
59ac4cf5,10176,7.1507,77
20ee9de4,8693,7.1507,61
622ac64a,5338,7.1507,50
4ec17669,14427,7.1507,95
753150a0,7617,7.1507,58
2164e25f,3133,7.1507,1
5c33d55d,9099,7.1479,61
15c868af,2176,7.1507,22
50ff3641,13797,7.1507,95
479b7cce,3729,7.1507,37
3719d95,15942,7.1507,95
2fb4c8ae,2569,7.1479,28
662376ab,9017,7.1507,61
29c4a11d,3524,7.1507,37
7f9f399a,8586,7.1479,61
29a67128,10894,7.1507,77
56fb5516,9942,7.1507,58
5f8306df,7981,7.1507,58
5343887b,3644,7.1507,37
55163860,5918,7.1507,53
59498431,12188,7.1507,77
1ebbc439,12357,7.1507,77
51f497c5,5449,7.1507,50
48eea65c,10049,7.1479,58
35c570a3,8261,7.1479,61
20b80226,4788,7.1479,1
60e28004,13067,7.1479,58
507a0dc3,11733,7.1397,77
155d7962,1994,7.1507,22
b834302,14219,7.1507,95
6b4ad966,8743,7.1507,61
77e6f013,7938,7.1507,58
1fdc96ab,10724,7.1534,77
61346a5b,8868,7.1534,61
70beae2c,8154,7.1479,61
24262879,6671,7.1534,53
4d02c8b4,8103,7.1534,61
36906671,7512,7.1507,58
637ad217,3612,7.1534,38
7434a44a,8168,7.1534,61
717eab2e,8047,7.1534,61
7f4a6940,9906,7.1534,58
52b7aff3,8032,7.1534,61
2a629add,5156,7.1479,50
1ff4c20e,10725,7.1534,77
4e33334e,9749,7.1534,58
4a10c67d,9990,7.1534,58
741a0990,14122,7.1534,95
4dc741af,13037,7.1534,58
1ab9b21a,8496,7.1507,61
c2626f2,14769,7.1534,95
5656bc1e,14123,7.1507,95
7ce3534c,8497,7.1534,61
722479cd,3490,7.1534,37
519941f,9596,7.1534,58
14c00c9a,7704,7.1534,58
52e7dfc4,9472,7.1534,58
31323fca,15852,7.1534,95
6009d230,7841,7.1534,58
29790b42,6942,7.1534,53
458cf856,1075,7.1534,17
65605342,5766,7.1534,53
4bd6958c,7697,7.1507,58
2a94a4af,6790,7.1534,53
8f8a7e3,9525,7.1507,58
370fc2be,7209,7.1507,58
6f651ffd,6977,7.1534,53
10e09d68,13536,7.1507,96
1fdee207,12369,7.1479,77
52d499a0,1319,7.1507,19
1509eef0,11251,7.1534,77
7968d738,6655,7.1507,53
1962ae4,5178,7.1479,50
69b03e0b,6802,7.1534,53
1fdfa304,9837,7.1534,58
457ba061,8573,7.1534,61
750a6320,12585,7.1534,77
1d225bec,8152,7.1562,61
7f870ccf,5500,7.1562,50
6767c3f6,7982,7.1562,58
e4cc96a,9473,7.1562,58
54ef1af8,5188,7.1562,50
41d2bf59,14467,7.1562,95
4ea061b4,10118,7.1562,58
986fddb,1731,7.1562,22
50a7e76e,14787,7.1562,95
4dba254,13559,7.1562,95
493bdeba,12394,7.1562,77
7e219a78,13044,7.1562,58
77ed8a63,8941,7.1562,61
189e8f67,15721,7.1562,95
410e5722,10754,7.1562,77
3e4f2749,3134,7.1534,1
56d78fb7,13436,7.1562,95
4d72b99c,14168,7.1562,95
139d417b,14015,7.1562,95
21fbf2e2,10192,7.1534,77
12ff16b8,9835,7.1562,58
783f8967,2715,7.1479,29
4f621ac3,12115,7.1534,77
1d1d7d3,12460,7.1562,77
227f5e76,10113,7.1562,58
20d961a5,10045,7.1562,58
5ecbebbe,7507,7.1562,58
346b7c09,14469,7.1534,95
309baf52,6330,7.1562,53
5ba434ad,3693,7.1562,37
651da93d,7344,7.1562,58
5a33a27c,14121,7.1562,95
35570607,7521,7.1562,58
585bdec0,10293,7.1562,77
22a0983a,9637,7.1562,58
65c7fe50,3299,7.1562,1
682dabd1,7514,7.1562,58
6e86c5ca,6607,7.1562,53
48c1f168,7505,7.1562,58
12aea35e,1293,7.1562,19
1758e1f9,6941,7.1534,53
4f28de4d,3890,7.1589,43
8a53c71,8980,7.1589,61
6ff6da68,8169,7.1589,61
3f71b946,14557,7.1589,95
3622d253,12598,7.1589,77
4953c1c9,7723,7.1562,58
17453652,9779,7.1562,58
4e399b48,16022,7.1589,95
5728ba18,5780,7.1589,53
4fe8e670,5909,7.1589,53
7c30b040,5790,7.1589,53
52b163a3,8249,7.1589,61
5c2045df,14785,7.1589,95
62690faf,9783,7.1589,58
60883b71,9921,7.1589,58
758ab044,12588,7.1507,77
19c33590,14028,7.1589,95
1a71f69e,10322,7.1589,77
471395ca,9436,7.1589,58
426f7302,15720,7.1589,95
6d2dfef0,15847,7.1562,95
4c5f1397,8577,7.1589,61
4cb0c039,14615,7.1589,95
17d6a1a0,7873,7.1589,58
150e07d4,2589,7.1589,28
21796d49,8761,7.1589,61
3d5ea21b,14505,7.1589,95
6b82c057,13675,7.1562,95
49fba726,9534,7.1589,58
2cae396a,5451,7.1589,50
68a09798,5792,7.1562,53
2064345,5793,7.1589,53
46d70a93,8772,7.1562,61
5ca0d89,13225,7.1589,58
3baafa66,777,7.1616,15
13034b4f,5328,7.1616,50
5b9bca53,9599,7.1616,58
2ffcb8a2,6159,7.1616,53
72c4b15e,8456,7.1616,61
71ff77eb,6945,7.1616,53
cb9ae07,14307,7.1589,95
602c0c3c,5205,7.1616,50
21f2302f,14228,7.1616,95
3b43a28e,14942,7.1616,103
2adf9133,6852,7.1616,53
7dc68b77,7336,7.1616,58
3c4ecb5e,7973,7.1616,58
96338d6,14384,7.1616,95
3c037d07,7603,7.1589,58
6a0335bd,2246,7.1616,22
235786b9,9595,7.1616,58
6989adb6,2080,7.1616,22
4ec51ec5,7199,7.1616,58
385fba52,13839,7.1562,95
3d98647d,8440,7.1616,61
22655f39,14124,7.1589,95
625a2de,6630,7.1616,53
6070b7e9,3497,7.1616,37
1eb59c16,12171,7.1589,77
1621846e,7303,7.1616,58
7554d632,10047,7.1589,58
3db9f726,7974,7.1616,58
5813c087,12116,7.1589,77
6a74b2bf,11515,7.1616,77
70ec496b,7727,7.1616,58
21e9097,9001,7.1616,61
44cf7fab,8149,7.1616,61
be1ccc7,7401,7.1616,58
19d47bc1,14131,7.1644,95
6fb8da44,5374,7.1644,50
5035c23f,2044,7.1644,22
55b7ab0a,13081,7.1644,58
10349609,11459,7.1644,77
6f87c80e,8342,7.1644,61
46444540,8104,7.1644,61
381e538d,5342,7.1644,50
5099407f,11458,7.1644,77
18f35da,14429,7.1616,95
65850eee,14589,7.1644,95
2fcdabe8,8892,7.1589,61
35cd8cd6,6673,7.1644,53
2d80785f,2147,7.1644,22
4d145e50,5858,7.1644,53
27f4e0ed,5452,7.1616,50
2bdb62,2153,7.1644,22
42fbb264,7970,7.1644,58
1b893dd1,7540,7.1644,58
465e3a79,14423,7.1616,95
7480062e,13141,7.1644,58
76a0e913,9908,7.1644,58
7ebed251,9597,7.1616,58
2aae2317,9980,7.1616,58
35d9dcb4,7509,7.1644,58
2c92c5b2,10368,7.1644,77
5efcface,14468,7.1644,95
67ec086b,14691,7.1644,95
13a9c3ce,3503,7.1616,37
4844fc37,7717,7.1644,58
3383a5f7,2590,7.1562,28
342b5cbc,3723,7.1644,37
68526e62,1818,7.1644,24
69415e44,6328,7.1644,53
60ba21f,10328,7.1644,77
6c029c15,6990,7.1644,53
37fa3dea,13509,7.1644,95
28891334,10089,7.1644,58
2e21a0e4,11519,7.1644,77
46296425,14943,7.1644,103
7c8fd4e5,14144,7.1644,95
2579a1da,14902,7.1589,95
7e39f430,11289,7.1671,77
1e494870,10073,7.1671,58
134c1fd0,14207,7.1671,95
2efe523f,6775,7.1671,53
7b530b12,6807,7.1671,53
44a6b646,2042,7.1644,22
2d350a33,10150,7.1671,58
4afaf83c,8752,7.1671,61
1e2423db,4441,7.1671,1
6d650d50,785,7.1671,15
4db8c433,12434,7.1671,77
e0d8075,12253,7.1671,77
132bb290,8765,7.1671,61
2c2e61d5,6604,7.1671,53
69e4f68d,9805,7.1671,58
b08ddec,13205,7.1671,58
69b1561,11522,7.1671,77
4579412f,14464,7.1671,95
1a86a09c,14588,7.1562,95
54987ddf,7842,7.1671,58
19b23d1d,8587,7.1671,61
164d773d,5439,7.1644,50
3960a728,6104,7.1644,53
2e01535e,13851,7.1671,95
6dd56461,3065,7.1671,1
26d3d956,7373,7.1644,58
4decce9,6408,7.1644,53
47b9db6e,14442,7.1671,95
5bdaa62e,5906,7.1671,53
2add9ee4,2223,7.1671,22
67bf139a,6608,7.1671,53
43002790,10197,7.1671,77
7b215fcf,7725,7.1671,58
125eac8a,13142,7.1671,58
75446d53,13128,7.1671,58
71ea5625,8695,7.1671,61
6af893a2,8255,7.1671,61
288605ca,7427,7.1671,58
5928f832,5890,7.1616,53
6b73a3e7,13068,7.1644,58
fd028b1,7978,7.1671,58
211bdf6a,3502,7.1699,37
39ab26d6,7558,7.1671,58
275ca0b9,6606,7.1699,53
29c79143,6978,7.1699,53
56d8fb9e,8048,7.1671,61
3625ea05,1445,7.1699,19
74becd10,12189,7.1699,77
61e6074d,13553,7.1699,95
70f304e4,7183,7.1699,58
691fbd3d,2157,7.1699,22
6b4b3b43,7151,7.1671,58
3ac68508,5385,7.1699,50
52fa7290,13143,7.1699,58
13689d14,15849,7.1699,95
52f8a70e,14157,7.1699,95
4618cba7,16020,7.1699,95
74bb6104,7181,7.1699,58
7a5b545e,13450,7.1699,95
7b34d777,7124,7.1699,58
54f81e88,8620,7.1699,61
7b717e45,7179,7.1699,58
54ed936e,9712,7.1616,58
7434d409,10033,7.1699,58
29e62a97,5742,7.1699,53
5915eab8,14125,7.1699,95
61db6417,13172,7.1699,58
331d60b9,10400,7.1699,77
2b3746df,11728,7.1699,77
18fa53da,3728,7.1699,37
5d01392b,9907,7.1699,58
67400540,14533,7.1699,95
3f80b9b9,7802,7.1699,58
2e901128,14532,7.1671,95
7a8cadb0,6370,7.1699,55
1d81cda4,2247,7.1699,22
2776f2dc,9750,7.1726,58
941ae4b,5925,7.1699,53
16bf73fe,13366,7.1726,95
5406060,3074,7.1671,1
15b08206,1388,7.1699,19
1107550d,9748,7.1726,58
7c4af450,10151,7.1726,58
3b88b602,8102,7.1726,61
7a8fd8d9,6776,7.1726,53
10134c1d,8553,7.1726,61
6b3ed53c,5265,7.1726,50
40ba5a6b,4440,7.1699,1
6b79de58,10145,7.1726,58
478b2dcd,3498,7.1726,37
6fb49afe,5177,7.1671,50
636963d5,9751,7.1726,58
723e3501,14029,7.1726,95
6045502f,3862,7.1726,37
45ebc961,7173,7.1726,58
650e75d2,9077,7.1726,61
239b1d53,3613,7.1726,38
e43c848,8976,7.1671,61
d5672bc,15651,7.1726,95
7e2201c3,13103,7.1699,58
116e6d6,6409,7.1699,53
47d89f11,7627,7.1726,58
5c63f64a,10024,7.1726,58
4cf27406,13140,7.1726,58
728f3cb6,6373,7.1699,53
712c05e1,1733,7.1726,22
32be6c28,8258,7.1726,61
6db36c3d,14220,7.1699,95
66d297b1,10171,7.1726,77
77408587,10181,7.1699,77
36de786b,7539,7.1726,58
407a2809,6598,7.1726,53
326750a8,2177,7.1753,22
417887de,8164,7.1726,61
4a0b2ba,11743,7.1644,77
150bf847,14647,7.1699,95
1de1085e,12270,7.1753,77
18223a4b,12190,7.1753,77
19967e97,7658,7.1726,58
30efca30,9830,7.1726,58
53157422,7887,7.1753,58
46a325e6,5768,7.1753,53
4fdabf1b,9577,7.1753,58
12c7f377,9897,7.1753,58
651202b1,7180,7.1753,58
1d5ede55,14424,7.1726,95
428d540d,9480,7.1753,58
58b50920,7977,7.1753,58
7b3cb98e,2224,7.1753,22
2d479f0d,7279,7.1726,58
46804086,8453,7.1753,61
6e055967,8339,7.1753,61
435e5a3a,8860,7.1726,61
1e89b18e,12023,7.1753,77
f27eaa5,6944,7.1726,53
4be70fb7,14215,7.1753,95
fedb9cd,15851,7.1781,95
7d848cc,12263,7.1781,77
5c3b7c7f,14470,7.1781,95
69277fd2,7150,7.1781,58
777f68a,1387,7.1753,19
6cf9d79f,7168,7.1781,58
1f90f700,3504,7.1781,37
7dd116ee,6632,7.1781,53
7a0e55af,8753,7.1753,61
54b8ed82,14120,7.1753,95
17b44c5f,3548,7.1781,37
58e9205e,5905,7.1753,53
2bcadf7d,11523,7.1781,77
40d9f4b4,1735,7.1781,22
893b5f5,3590,7.1753,37
35cafc27,10173,7.1781,77
3de1741c,9002,7.1753,61
472ab4e9,11464,7.1726,77
2c1b582e,7147,7.1781,58
63cfd21b,3835,7.1781,37
23e8654d,2673,7.1753,29
2bae8873,14846,7.1781,95
41a18ed3,6372,7.1753,53
7756536f,6108,7.1781,53
1fabf83,9714,7.1781,58
615860fc,9982,7.1753,58
2cc2bd12,15765,7.1781,95
694a4ece,14209,7.1781,95
3d18f2c3,5190,7.1781,50
372b9d3d,12351,7.1753,77
3049ed02,8022,7.1753,61
1f653a1c,15722,7.1781,95
26f62ecf,13173,7.1781,58
1d7128e1,9975,7.1781,58
67855f66,668,7.1753,1
51862c50,9601,7.1781,58
4691f0f9,8340,7.1808,61
52b3feea,2174,7.1808,22
1f00f5b5,793,7.1808,15
7f84bea9,6436,7.1808,53
177921d7,13072,7.1753,58
36db9f98,14680,7.1808,95
490cdf36,8773,7.1808,61
1ffdfd2f,7784,7.1808,58
7bd27307,7889,7.1781,58
2295228f,7773,7.1808,58
63678c95,8165,7.1808,61
394c07a6,7516,7.1781,58
3c8deb37,9987,7.1808,58
53817848,6105,7.1808,53
5e91cf05,2566,7.1781,28
3b236374,9535,7.1808,58
45a97e8c,14525,7.1808,95
647f43a1,7407,7.1808,58
3d5709bf,3758,7.1781,37
65cc7565,5907,7.1808,53
773b3763,15599,7.1808,95
45d4926b,11555,7.1808,77
5b28a33b,9616,7.1781,58
5eb74310,5261,7.1781,50
125996b8,11411,7.1836,77
3304e30,12393,7.1836,77
4d36513f,1819,7.1836,24
585662fe,7522,7.1836,58
3970e455,6777,7.1836,53
4db558e3,7989,7.1836,58
2462f686,15943,7.1836,95
275fa93b,9838,7.1836,58
369acd71,7781,7.1836,58
4394c103,7388,7.1836,58
283e1a1d,14515,7.1836,95
16d21103,7283,7.1808,58
4c1e7493,8893,7.1836,61
296728ca,8393,7.1836,61
71d13109,5880,7.1836,53
3eecbcb3,9016,7.1836,61
770d6c39,9092,7.1836,61
5bd06ffc,14638,7.1836,95
488824a7,6826,7.1836,53
485fdf3f,7990,7.1836,58
58b96404,14216,7.1808,95
20185f63,5089,7.1836,50
3ce893fd,14558,7.1808,95
35cc35db,13178,7.1836,58
2646ee22,8588,7.1836,61
44474ece,8341,7.1836,61
3cc85ac0,11524,7.1781,77
68fed26f,7305,7.1836,58
79d816ac,15861,7.1836,95
7171667,10794,7.1808,77
7977421f,9579,7.1836,58
67849af4,11866,7.1836,77
5e508dde,9027,7.1781,61
2a5e4e47,9849,7.1836,58
61cb1c5d,14066,7.1781,95
31425664,3857,7.1836,37
22efddc1,9078,7.1836,61
7ffc03ab,15600,7.1808,95
61ffa052,8250,7.1808,61
3b9bffce,6844,7.1836,53
49bf0321,3536,7.1836,37
7bb5cbe3,7473,7.1836,58
20b3514,14775,7.1836,95
5ed6e141,8251,7.1836,61
423737f9,12446,7.1836,77
2636c5fe,5187,7.1863,50
7dcee7b9,6969,7.1863,53
147bcda8,6663,7.1863,53
6f88a821,15864,7.1863,95
39fb7d4b,9076,7.1863,61
75f85a7d,13175,7.1863,58
41e17756,2530,7.1863,28
3fa4cfe7,13703,7.1863,95
15c7a192,7629,7.1863,58
381a9e8a,10030,7.1863,58
667dbb70,7774,7.1836,58
51e12e70,10320,7.1863,77
4398fbf7,3880,7.1863,43
4823185c,7983,7.1863,58
6040fbfb,8410,7.1863,61
6b6d6ab8,12396,7.1863,77
33274b0b,13166,7.1863,58
631654cb,8343,7.1863,61
4eef471,7988,7.1863,58
45676fe,8581,7.1863,61
8db95a2,5191,7.1863,50
d201a6c,14599,7.1863,95
5cc1a70f,13468,7.1863,95
2f7f9d9a,7747,7.1863,58
1829ef0d,10093,7.1836,58
15d7651e,8064,7.1863,61
447f4174,11291,7.1836,77
34eb31c1,13451,7.1863,95
17bf972c,9051,7.1863,61
179df4ed,11290,7.1836,77
40b94351,8511,7.1863,61
6ee821cd,14867,7.189,95
772fe0a8,8582,7.189,61
5022a985,8153,7.1863,61
3bcf525a,7705,7.189,58
31e62db9,7979,7.189,58
1eaf8401,13449,7.1863,95
5b8478d0,3526,7.189,37
1a18bc78,7077,7.189,58
f862fe,7178,7.1863,58
1a93d167,669,7.189,1
78fed1b8,7475,7.1863,58
44748f,8626,7.189,61
5f60f383,3300,7.189,1
5bfc19e1,14425,7.189,95
6013888f,11511,7.189,77
76429604,5876,7.189,53
2e668fa4,7803,7.1863,58
52da326c,10397,7.189,77
15eeb898,7884,7.189,58
4bb072da,9713,7.189,58
29203f1e,9475,7.189,58
50edc7c1,12586,7.189,77
6651a2a8,14788,7.1863,95
7efd6eaa,13099,7.189,58
5fbee3b8,7911,7.189,58
72965a0f,8778,7.189,61
33a18e31,13009,7.189,58
53ebcaa5,10250,7.189,77
24b3b3fc,9901,7.1836,58
1b0554a0,2148,7.189,22
33f54011,9803,7.189,58
c9a9058,1266,7.1836,19
39dda0b0,1294,7.189,19
1a9dd8c,14639,7.1863,95
3038294d,5892,7.1863,53
29541293,13482,7.189,95
71144fb1,4442,7.189,1
3e1ea9a2,5264,7.189,50
4f9d8d6d,7885,7.189,58
5ab61725,5743,7.189,53
4654ce87,7277,7.189,58
6566ece6,14508,7.189,95
2add611a,10120,7.189,58
156e683b,14743,7.189,95
5e76808d,8139,7.1918,61
7d2398cb,3838,7.1918,37
1de3511e,8741,7.1863,61
7baacd29,7991,7.1918,58
5d68a1b2,8921,7.1918,61
77d915a,3891,7.189,43
11325839,9578,7.1918,58
70366f14,5891,7.1918,53
775aabad,14803,7.1918,95
30c31cae,9932,7.1918,58
5ab4e3ea,6666,7.1918,53
59448b15,10246,7.1836,77
1ac901e6,12012,7.1918,77
375264c8,15595,7.1918,95
386cd6d1,6780,7.1918,53
453ac985,5443,7.1918,50
385bee14,13200,7.1918,58
6a4f0ec8,14903,7.1918,95
4b93b8d4,13179,7.1918,58
34cb870e,14506,7.189,95
27ae16f3,13057,7.1918,58
40e2775c,10236,7.1918,77
52c908c6,14222,7.189,95
3a520666,15844,7.189,95
6d1c9651,5343,7.1918,50
3e175439,4267,7.1918,1
2482e405,6649,7.1918,53
e49b7c5,7823,7.1918,58
76e1643,6992,7.189,53
35c3c0b,12463,7.1918,77
30cd42a9,12591,7.189,77
73f93cea,15955,7.1918,95
300b7348,5192,7.189,50
452e0d8,5910,7.1918,53
668c383d,9785,7.1918,58
eba03fa,7476,7.1918,58
3c8ee64f,5312,7.1918,50
62a8358,10401,7.1918,77
15edf765,14385,7.1945,95
59d048b0,10092,7.1945,58
2d12f37f,7719,7.1918,58
bb23091,3034,7.1945,1
711eb85d,14441,7.1918,95
58d1109b,15944,7.1918,95
39f46f9,9478,7.189,58
1933d8a3,10188,7.1945,77
77188cf0,14681,7.189,95
1deb5788,8515,7.1918,61
4d6ec966,2154,7.1945,22
34bff6bc,1736,7.1945,22
74de90ae,7947,7.1945,58
4f4042aa,3075,7.1945,1
40147e8,8854,7.1945,61
41e31edf,15887,7.1945,95
59efbcbe,9526,7.1945,58
72310228,8367,7.1945,61
30a8906d,9627,7.1945,58
c7b515b,12183,7.1945,77
2cb793b,15723,7.1945,95
61aa1d9,15791,7.1918,95
5f565223,7405,7.1945,58
9f1211b,11460,7.1945,77
50aa83bf,9519,7.1945,58
36df41a,3542,7.189,37
6e47691e,8173,7.1863,61
6e3e6434,12166,7.1973,77
6a8db537,7890,7.1973,58
6858f562,7821,7.1973,58
6ac4158,5770,7.1918,53
5946c0cf,3760,7.1945,37
53f6d70a,13938,7.1973,95
4ef40684,804,7.1918,15
49572660,15652,7.1973,95
2d951893,4266,7.1973,1
483ec4ac,3499,7.1973,37
26102b09,9774,7.1945,58
56047d8d,2109,7.1973,22
5350b65e,1446,7.1973,19
6df5133c,7886,7.1973,58
4a9a35e8,9003,7.1973,61
597c4967,13058,7.1973,58
3f87c123,8632,7.1945,61
64000a6f,8546,7.1973,61
693372cb,7550,7.1945,58
2c9af022,9446,7.1945,58
3734b52c,13537,7.1973,95
363bf430,8551,7.1973,61
44ec7d16,6307,7.1973,53
3f0c8e49,9474,7.1945,58
ac9b02c,7549,7.1973,58
236ea88c,10296,7.1973,77
2d83d151,3033,7.1973,1
44f02aa5,10182,7.1973,77
7a99257c,15645,7.1973,95
63d3ebe0,9603,7.1973,58
38765f15,7472,7.2,58
56310c62,12395,7.2,77
de5e109,8486,7.2,61
bcc1813,795,7.2,15
4eacbecd,7513,7.1973,58
78881995,1117,7.1945,17
32dcc013,5824,7.2,53
3858bfaa,2674,7.2,29
533f3432,13100,7.2,58
78ceb24e,11725,7.2,77
2cc6291c,5362,7.2,50
abe8cf7,9895,7.2,58
519e66c1,13008,7.1973,58
7baa4664,14954,7.2,103
767bd79d,5879,7.2,53
6be88e87,10077,7.1945,58
49625555,12117,7.2,77
cf3e54a,2675,7.2,29
57484d29,8176,7.2,61
60d2b37b,9520,7.2,58
483d57c3,6667,7.1973,53
5c86a57e,8397,7.1973,61
627a9e34,2230,7.2,22
670e64f5,9513,7.1973,58
6bf19870,14221,7.1918,95
3c1d5dbc,14078,7.2,95
4994babe,6847,7.2,53
7ab689af,3759,7.2,37
4921682f,9909,7.1973,58
6b80bd87,9533,7.2,58
7fbd45ce,2222,7.2,22
291b1738,10131,7.2,58
78cb654c,13226,7.2,58
64679598,9723,7.1973,58
6bb97224,8150,7.2,61
53b9651,3437,7.2,36
10bd200d,14507,7.2,95
616e47f5,14847,7.2,95
41e621ae,15728,7.2,95
4bad9a06,15865,7.2027,95
1836bedd,6662,7.2027,53
61f2489e,10025,7.2027,58
7230faba,7660,7.2027,58
2ab5e03,7742,7.2027,58
2fc6d8dd,8411,7.2,61
212280aa,5928,7.2027,53
5c83d303,11262,7.2,77
29130703,10321,7.2027,77
4e1f1182,9036,7.2027,61
61a9d292,7403,7.1973,58
8319c67,10135,7.2027,58
17629f5f,1267,7.2027,19
71900f64,6843,7.2027,53
688931bb,14038,7.2027,95
2a50ec62,8627,7.2027,61
645e483e,13167,7.2,58
3f22a85c,8200,7.2027,61
1b4acd34,12009,7.2027,77
6a501a16,3863,7.2,37
804bfbf,15875,7.2027,95
4b75fa0e,13534,7.2027,95
666b3cfe,7073,7.2,58
2b857e6a,15826,7.2,95
41ef41a6,9605,7.2027,58
2ed6cb10,10232,7.2027,77
e53ffde,14136,7.2027,95
25ae661f,12601,7.2,77
1a1d3298,13096,7.2027,58
2cd4741b,805,7.2,15
1aeb799f,13258,7.2027,95
2132e915,10396,7.2027,77
777aedb2,13701,7.2027,95
47e3076,13372,7.2,95
4808837,15853,7.2055,95
45e63eb9,14135,7.2055,95
732a1d51,2158,7.2055,22
531d79fb,5826,7.2027,53
2e8395d9,9604,7.2055,58
381155db,7400,7.2055,58
535c829f,13512,7.2055,95
422a0940,8457,7.2055,61
4bbb2584,7891,7.2055,58
27bb7dbb,3724,7.2055,37
291471f3,9638,7.2027,58
1bda1ccf,7822,7.2055,58
4582c88,9896,7.2055,58
3c325f59,7701,7.2055,58
5ad45b85,14679,7.2055,95
b4d7a3a,7201,7.2055,58
77e7984d,8903,7.2,61
321ec655,12140,7.2055,77
20fecaca,14770,7.2055,95
1cf88fd8,8623,7.2027,61
68e66209,8762,7.2055,61
7c84aad7,6419,7.2055,53
37ea70fa,9626,7.2055,58
7382343c,5387,7.2055,50
2b5cf3db,8060,7.2027,61
72d73675,4714,7.2055,1
16def575,8948,7.2055,61
749f0046,8669,7.2027,61
3891e725,7743,7.2055,58
733e0adc,8861,7.2055,61
12aa2c93,7984,7.2055,58
1ebb93b0,6305,7.2055,53
2924f78d,9018,7.2027,61
2acf709f,14145,7.2055,95
6373431e,6609,7.2055,53
7088ff69,12765,7.2027,77
69c21fe1,8574,7.2027,61
2b26277a,5368,7.2055,50
25b0350c,8344,7.2027,61
742ae2ad,8455,7.2055,61
d6ec6de,4194,7.2055,1
7d4d436e,9628,7.2055,58
d2e705d,8769,7.2082,61
17e92dfe,2676,7.2082,29
33d5725a,2181,7.2082,22
5753c71b,8131,7.2082,61
10c9d107,7908,7.2082,58
18e715e6,1986,7.2082,22
6beaadf6,15821,7.2082,95
35b2eba8,3761,7.2082,37
2ded08e6,2234,7.2082,22
7372a5b5,13445,7.2055,95
4d492330,15884,7.2082,95
6f046e9a,14659,7.2055,95
16e2941f,5388,7.2082,50
2aebe1a4,6292,7.2082,53
4cd2a641,9679,7.2082,58
48864c48,14463,7.2082,95
43a9b7c,7892,7.2082,58
7129bc9e,5465,7.2082,50
2890ec54,13479,7.2082,95
528e1102,3584,7.2082,37
2bf8154,11736,7.2082,77
75aea98c,7421,7.2082,58
3ece10d1,11745,7.2082,77
1113a910,8986,7.2082,61
3337ac31,13073,7.2082,58
4dfc3e22,5926,7.2082,53
3fae7d4,10329,7.2082,77
6014382f,7835,7.2082,58
f2d9592,8589,7.2082,61
1f5f662,3543,7.2055,37
2d54d550,12397,7.2082,77
79444369,9902,7.211,58
60388917,8562,7.211,61
1a26c8d6,6943,7.2082,53
34ce7b16,14465,7.2082,95
3f3bd68a,13369,7.211,95
643f850f,7406,7.211,58
48f39126,6437,7.211,53
6c84715f,7561,7.211,58
fa255e5,7608,7.2082,58
6ecc4d1d,13370,7.211,95
7b9dfa7b,3496,7.211,37
7643aa36,7607,7.211,58
4963acc6,1737,7.211,22
226d6f79,1116,7.211,17
452fd28c,11737,7.211,77
3ffd0bac,13074,7.211,58
17436b9,15789,7.2082,95
33550deb,7744,7.211,58
58ac03ad,14320,7.211,95
1173a966,7435,7.211,58
4604608f,9539,7.211,58
5da517f1,2661,7.211,29
65acc683,1738,7.211,22
69187bc9,11735,7.2082,77
cfd6e7d,8777,7.211,61
7992fa8c,15877,7.211,95
7a89a3e3,10026,7.211,58
50e55948,7904,7.211,58
3ef305b,5745,7.211,53
370c4baf,7465,7.2082,58
59248158,11770,7.211,77
6e85b724,8409,7.211,61
14509ca5,11599,7.211,77
41d4fcb3,8175,7.2055,61
3c078b90,4265,7.211,1
696b40bd,3138,7.2082,1
7ff827a3,9851,7.2082,58
6fdd394d,10152,7.211,58
98a6161,7459,7.211,58
23322ecb,10056,7.211,58
9d130cb,8444,7.211,61
372acb6d,9705,7.211,58
31bb8b94,11326,7.211,77
6b6075ab,8871,7.211,61
6bb75764,8755,7.2,61
aa788dc,9600,7.211,58
672d4537,5344,7.2137,50
f08a954,3317,7.2137,1
715cbc94,15708,7.2137,95
761f8f58,11598,7.2137,77
5ed5c3a6,9970,7.2137,58
680241c8,1739,7.2137,22
144a2d10,14802,7.2137,95
650bb502,2197,7.2137,22
7ff5887f,7455,7.2137,58
2f83f2fe,7389,7.211,58
5fbbdc5b,8065,7.211,61
25cdda65,5066,7.2137,50
1d56d87b,5893,7.2137,53
7900fd6a,2301,7.2137,27
2df2cd2d,10369,7.2082,77
2c2a85cc,9715,7.2137,58
3f9d9210,2575,7.2137,28
677f6cde,9780,7.2137,58
4c41f54a,14233,7.2137,95
77e1d24a,12592,7.2137,77
f9d2d9f,15642,7.2137,95
1318b92e,5376,7.2137,50
5030f5a2,8516,7.2137,61
29ba1e6c,9527,7.2137,58
4f2d3f11,3864,7.2137,37
192a2e13,9854,7.2082,58
4ee04571,2235,7.2137,22
37506bbf,6430,7.2137,53
11a30ff3,12146,7.2137,77
79b69c14,12615,7.2137,77
5931e162,9602,7.2137,58
1536fcf8,14416,7.211,95
30791ea4,797,7.2137,15
218f6072,2229,7.211,22
540b25f7,7944,7.211,58
285a3f27,8346,7.211,61
3f2431f7,14284,7.2137,95
7e36e1bf,4839,7.211,1
5c4513bd,7125,7.2137,58
438658c8,3748,7.2137,37
61364b7,7728,7.2137,58
7fc9d055,4789,7.211,1
36bbed0a,3836,7.2137,37
4217d89b,9934,7.2137,58
5f3c2ab2,14147,7.2137,95
3612633,7520,7.2137,58
6ec60278,14390,7.2164,95
77c6117,15729,7.2164,95
7bd3b263,9630,7.2164,58
45846e11,10726,7.2164,77
1b0f711b,14285,7.2164,95
7b43c8bd,6850,7.2164,53
7f9fdfb4,7376,7.211,58
19392a8e,14443,7.2164,95
7fab3b5e,8768,7.2164,61
1f4c1a19,5723,7.2164,53
25ca252a,9972,7.2137,58
1e2f043b,14509,7.2164,95
167c4954,7226,7.2164,58
4e92302a,7084,7.2164,58
68c5936d,14953,7.2164,103
646c0409,6306,7.2164,53
767e9148,7631,7.2164,58
41089cc8,9752,7.2164,58
1726c0be,5859,7.2164,53
714e00bd,15862,7.2164,95
2e026dde,8855,7.2164,61
72a010a0,13821,7.2164,95
6a98dd88,2596,7.2164,28
13f64b16,1704,7.2137,22
4b1ac355,9775,7.2164,58
4ad07963,13098,7.2164,58
7701817a,15643,7.2164,95
5bd9768f,15818,7.2164,95
46c416ca,13576,7.2164,95
f166410,7898,7.2137,58
68682e7b,6308,7.2164,53
74e72ed9,5801,7.2082,53
641a43c4,14339,7.2164,95
3b75440c,14156,7.2137,95
20e6bcb,13911,7.2137,95
3e04a97e,8579,7.2137,61
1944ce4b,14286,7.2164,95
73d8c981,9004,7.2164,61
45eab05d,7994,7.2164,58
344bcb18,14127,7.2192,95
2f9fdbb6,3318,7.2192,1
b6f64f7,13940,7.2192,95
1a3e9b05,7088,7.2192,58
5551080a,9903,7.2192,58
ac6b847,15727,7.2192,95
60bfa10c,11738,7.2164,77
31ac84c6,15605,7.2192,95
54ca2e1,13097,7.2192,58
5f24d745,14561,7.2192,95
601f5866,9574,7.2192,58
7d3522a8,8554,7.2192,61
28ea037c,5797,7.2192,53
12aba766,2196,7.2137,22
510d77db,13511,7.2192,95
2d46fabd,8259,7.2192,61
155ea4f5,8943,7.2192,61
4b4bd9f4,806,7.2192,15
1f3f9257,13823,7.2192,95
6736832f,2189,7.2192,22
5d3f83bd,9786,7.2192,58
48ae7597,13083,7.2192,58
2be0fbff,12766,7.2192,77
789c3a57,14865,7.2192,95
591f6c92,11516,7.211,77
6226a8eb,12141,7.2192,77
4eb59853,12616,7.2192,77
3194dc3d,8767,7.2219,61
57e24d50,7128,7.2219,58
5fba72cb,9101,7.2219,61
3f19eb3e,7511,7.2219,58
220d4f7e,12147,7.2219,77
40183c6c,8443,7.2219,61
55571f2,8779,7.2219,61
2e431c5a,8949,7.2192,61
667dd053,10324,7.2219,77
67077bac,6979,7.2219,53
49f35c5f,9787,7.2219,58
7f6428f7,6664,7.2219,53
77138000,8256,7.2219,61
2b154f55,3726,7.2219,37
da1aab1,3868,7.2219,37
26aa43a1,13106,7.2219,58
4e41cc3c,9447,7.2219,58
4d52d4f4,13808,7.2192,95
4c3c45ec,14771,7.2219,95
b52fa28,7184,7.2219,58
7f9117a8,12163,7.2219,77
243f89da,2120,7.2219,22
a02ab94,8578,7.2219,61
169d8346,8590,7.2219,61
61c6ea6a,8987,7.2219,61
39efded1,6791,7.2219,53
262e9c73,8133,7.2192,61
5cd3ac43,15766,7.2192,95
a908809,8445,7.2219,61
4d4ed6dc,2236,7.2247,22
1bd3228f,14039,7.2247,95
1fd11602,5179,7.2247,50
5ea1100f,9870,7.2247,58
18d95c4d,14945,7.2247,103
507f1b12,14524,7.2219,95
6bbccff7,7720,7.2247,58
7c4ab584,5068,7.2247,50
2abdf36a,13278,7.2247,95
7c0684d2,4840,7.2247,1
232caa4,14907,7.2219,95
ffc6e62,7025,7.2247,53
26330c8c,14576,7.2247,95
63509d83,10256,7.2247,77
77230ca7,8947,7.2247,61
1bc0e35f,8512,7.2219,61
25a9cbc7,8263,7.2247,61
4272e674,14510,7.2219,95
2ddb8ca9,14279,7.2247,95
319d4856,7962,7.2247,58
5a815a51,12167,7.2247,77
15c6220f,12359,7.2192,77
36ab4a09,7659,7.2219,58
f955633,14445,7.2247,95
7eda2dac,3544,7.2247,37
255e15d9,7349,7.2247,58
755d80f1,11730,7.2219,77
50dc74a7,13671,7.2219,95
7f44845d,796,7.2219,15
f9c84b,12447,7.2247,77
2ae1a6b1,14559,7.2192,95
33a2f114,9064,7.2192,61
68c28b,5825,7.2247,53
7df076eb,13893,7.2247,95
5b55d8b7,9620,7.2247,58
7ca63942,7729,7.2247,58
58a85d93,8990,7.2247,61
1e12a097,7998,7.2219,58
6bf75382,2166,7.2247,22
12bdf1c1,5923,7.2219,53
26561b97,5781,7.2219,53
3c888e0b,13069,7.2247,58
76a2eb61,6845,7.2219,53
2515e29a,9716,7.2274,58
37158715,15610,7.2274,95
2b20b870,5532,7.2274,50
66afb936,8566,7.2274,61
70339cd7,13368,7.2274,95
8b3bc0c,8869,7.2274,61
11b4eae4,1309,7.2274,19
1385bf20,2576,7.2274,28
8f8d26f,7971,7.2274,58
64c12283,8024,7.2247,61
7107b1cb,15724,7.2274,95
4f457c74,14342,7.2274,95
1e0b459,14158,7.2274,95
6cd84bdc,10136,7.2274,58
201d2665,8260,7.2274,61
44df58ce,13378,7.2247,95
40196e70,7186,7.2274,58
6e315b04,14848,7.2274,95
27d676a9,15653,7.2274,95
197153b5,10031,7.2274,58
1210d405,14921,7.2274,95
761d4438,2155,7.2274,22
2ed6b9a1,14077,7.2247,95
626a076c,12264,7.2164,77
71150c6f,8264,7.2274,61
65314eb4,2570,7.2274,28
7911eaae,3727,7.2274,37
4bf2c387,12401,7.2247,77
125dc8e2,7963,7.2274,58
7d7670f3,9102,7.2274,61
b44b169,13080,7.2274,58
5677b57d,14560,7.2274,95
2a117d89,9034,7.2274,61
64ae61d0,10106,7.2274,58
6203610e,2150,7.2192,26
4acf5bd5,15609,7.2301,95
21f8c3ac,13826,7.2301,95
a40f2f,1070,7.2301,17
17135e0a,13939,7.2301,95
35dfc559,5772,7.2301,53
4c7aacf7,2574,7.2301,28
27b2aece,3035,7.2301,1
40b0ec37,9676,7.2301,58
60cd5e79,14340,7.2301,95
6d23bf64,10217,7.2301,77
5f55a8d0,9765,7.2301,58
84c9308,10189,7.2301,77
23a4ee00,9088,7.2301,61
18c33659,15725,7.2274,95
60e5c255,13084,7.2301,58
12f78dae,8336,7.2301,61
625fd80b,1310,7.2274,19
103effb8,12593,7.2301,77
11ce6218,10323,7.2301,77
46d091b1,9035,7.2301,61
3f7a0772,3036,7.2301,1
23f91f16,5067,7.2247,50
490cf7a6,12286,7.2301,77
420eb18b,7677,7.2274,58
445de7ee,5444,7.2301,50
26e193df,13364,7.2301,95
494f41e6,1996,7.2301,22
25321993,7628,7.2301,58
24b27c46,6115,7.2301,53
22a5f676,13577,7.2274,95
96c075b,8160,7.2329,61
233902c2,9052,7.2329,61
10ca2732,9019,7.2329,61
1dd1751b,12467,7.2329,77
746eff25,8506,7.2329,61
1f2adc78,13860,7.2329,95
5e988b18,3137,7.2329,1
379a2ebf,7078,7.2329,58
4877447d,13365,7.2274,95
4b630d81,13085,7.2329,58
263c189,1998,7.2329,22
18b94a96,7152,7.2329,58
5014048a,15790,7.2274,95
6a1fb150,10057,7.2329,58
39c3a697,13263,7.2329,95
25b047af,9059,7.2329,61
737ae28f,2081,7.2329,22
778f5475,12014,7.2329,77
71ea52ad,7517,7.2301,58
600deee5,15673,7.2301,95
44de1b6d,7130,7.2329,58
63f4b166,14242,7.2329,95
17b36181,2594,7.2329,28
6e556d91,10247,7.2329,77
3084d104,8030,7.2329,61
61a0cc78,10797,7.2329,77
5591b652,9063,7.2329,61
13284207,7706,7.2329,58
6542e793,14079,7.2329,95
56548c16,2717,7.2329,29
31f059a8,14444,7.2329,95
690b4ae2,4195,7.2329,1
38e205be,11373,7.2329,77
4aa41a88,5791,7.2329,53
79aa276d,8575,7.2329,61
4ac53ee0,10732,7.2329,77
62a21df3,6374,7.2301,53
8383b75,15814,7.2329,95
2001f450,1071,7.2329,17
43d0fc8e,9933,7.2301,58
31ef2c82,8624,7.2329,61
78454a59,6650,7.2329,53
2813bfa6,7724,7.2329,58
57c98275,10130,7.2356,58
13b9208e,931,7.2356,14
5bfa8547,14290,7.2356,95
93f1be3,7278,7.2356,58
127efa9b,11472,7.2356,77
4899150a,6672,7.2356,53
1052a306,1734,7.2356,22
47c671e3,10177,7.2356,77
36578afb,8873,7.2356,61
1aa672ad,2571,7.2356,28
53181488,9904,7.2356,58
53a96aa4,6851,7.2356,53
2714505b,9053,7.2329,61
676ac075,13380,7.2356,95
2d1e0610,12282,7.2356,77
3e31eb6f,7176,7.2356,58
26554a47,8555,7.2356,61
132fe697,8552,7.2356,61
2346505e,14030,7.2356,95
7eb5eca0,794,7.2301,15
6f38c70a,12254,7.2356,77
4fee1a8a,14126,7.2329,95
43656642,12465,7.2329,77
3620bc44,11465,7.2356,77
52301ad0,5466,7.2356,50
3312cda,7992,7.2356,58
3c344c7c,2647,7.2356,29
535986af,2925,7.2356,1
40f2388d,8201,7.2356,61
548b7ace,2595,7.2356,28
6bf0c15,10755,7.2356,77
ce2b7e4,14849,7.2356,95
12ab5da8,14159,7.2356,95
1df91839,14624,7.2356,95
76924c83,2225,7.2356,22
5ab30fbb,9704,7.2356,58
63587037,13371,7.2356,95
6361455c,5313,7.2356,50
7a9ca62f,14711,7.2356,95
3212f2c9,14749,7.2356,95
677f0c62,13484,7.2384,95
47860172,13239,7.2384,58
58b46a73,12148,7.2384,77
7d155f16,9675,7.2356,58
621650ca,5782,7.2356,53
156c406b,1987,7.2384,22
6e704747,13543,7.2356,95
5aee081e,5329,7.2384,50
394a4870,10137,7.2356,58
690acf93,10219,7.2356,77
1e92b5c1,13513,7.2384,95
7234932b,13261,7.2384,95
3d4d25b3,16024,7.2384,95
19d65cd5,9029,7.2356,61
269f6e2b,11374,7.2384,77
2da8fb84,9573,7.2384,58
7bd388d1,15726,7.2384,95
50c8438a,8018,7.2384,61
d7b918e,9536,7.2384,58
67e53f7e,11744,7.2384,77
616224e0,3525,7.2329,37
4192e6ea,9552,7.2384,58
69107d9b,5536,7.2384,50
32eb8fc9,14280,7.2301,95
12f86052,7707,7.2384,58
97b653,8714,7.2384,61
125171d8,3894,7.2356,43
437765fd,12283,7.2384,77
da7ac22,7993,7.2356,58
303fa6eb,14757,7.2384,95
9a26896,10157,7.2384,58
2979de85,6375,7.2384,53
51590eda,7708,7.2384,58
61af7e6f,13568,7.2384,95
2cea844f,10330,7.2384,77
6766078e,9005,7.2384,61
4b80faa1,15644,7.2356,95
523612d5,14289,7.2384,95
487042fa,9922,7.2384,58
30c07f47,3619,7.2384,37
3ee59db9,808,7.2411,15
7c59de0c,2190,7.2329,22
1e1bdbe8,14842,7.2411,95
b4d09c7,14137,7.2384,95
54b62d43,10398,7.2411,77
741053e2,14841,7.2411,95
67bf4ad5,8856,7.2411,61
55244190,14072,7.2384,95
15200447,15735,7.2411,95
6b82e6ca,14516,7.2384,95
7099ef95,12186,7.2411,77
1e1750de,7948,7.2356,58
6d6deab1,7337,7.2411,58
1ab20e4d,14223,7.2384,95
fa52360,14786,7.2411,95
72791260,15733,7.2411,95
51fe5648,8171,7.2384,61
30ff9046,10107,7.2411,58
32c5cc8a,14514,7.2411,95
380f6cf9,14742,7.2384,95
cb9a77d,13411,7.2411,95
1e17f6bb,12402,7.2411,77
7e6c959a,14067,7.2411,95
52a6389f,3750,7.2411,37
5ac2d2e8,8872,7.2356,61
4e1b0fdd,8622,7.2438,61
95d03f,15874,7.2384,95
d30ca43,12590,7.2438,77
2cb34770,7552,7.2438,58
11ff5559,13257,7.2384,95
4fb2e0b9,9084,7.2438,61
59416b75,10141,7.2411,58
52a8c0cc,13544,7.2411,95
5cc8d157,14031,7.2438,95
6496852e,9937,7.2438,58
3cf9062d,11789,7.2411,77
6e31d804,10325,7.2438,77
7a8bcbae,8681,7.2438,61
1fd355ab,12097,7.2438,77
2a649e24,8556,7.2438,61
5e582d2b,7345,7.2411,58
be33f25,13007,7.2438,58
3461f253,15597,7.2438,95
3ec92f1c,13086,7.2438,58
663e4901,11513,7.2438,77
3eef76b6,5340,7.2438,50
26a6385,13146,7.2384,58
4965b107,10768,7.2438,77
1abb45d0,8184,7.2438,61
14a07d1d,10309,7.2438,77
b0e3bd7,10190,7.2411,77
7cc85465,11739,7.2438,77
3c1d1be9,9971,7.2438,58
7d067eab,12767,7.2438,77
2b42d1e2,13580,7.2438,95
6c8e5c42,10110,7.2438,58
22316e0b,13862,7.2438,95
516897de,14162,7.2438,95
6fbd8aea,7026,7.2438,53
3b2b06a7,1389,7.2438,19
65b1de1,14171,7.2438,95
1398ac93,8766,7.2438,61
10719ed0,10393,7.2438,77
738cbc47,12438,7.2438,77
2de603c2,15596,7.2438,95
7bccced9,14778,7.2438,95
67d7486e,13489,7.2438,95
221591b6,10027,7.2411,58
712fae57,15730,7.2384,95
6cca5ba3,14866,7.2466,95
71edfae5,13262,7.2466,95
2ca4588e,10097,7.2411,58
2075065b,3591,7.2438,37
1edc56b5,14070,7.2466,95
f8ad59,14692,7.2466,95
e16f5e0,13038,7.2438,58
6d96da7,10111,7.2438,58
7accea37,8170,7.2466,61
3f1b0252,7562,7.2384,58
61b59a4,13385,7.2466,95
4be2b895,8862,7.2466,61
56e27e8c,13133,7.2466,58
318cff90,7350,7.2466,58
6d86467c,13206,7.2466,58
33fe7d49,7474,7.2466,58
762d73a4,11787,7.2466,77
72e9e002,7902,7.2466,58
7780661d,5771,7.2438,53
208b628e,9653,7.2466,58
7f617545,11512,7.2411,77
76e77c0f,3730,7.2438,37
3fb55bd5,10731,7.2466,77
2298afd4,5209,7.2411,50
597c261b,3562,7.2466,37
2dc3bb2c,16025,7.2466,95
38bd26b2,9806,7.2438,58
5fbcc87e,8635,7.2466,61
3faa6282,4400,7.2466,1
6748616c,14210,7.2466,95
5762ac72,14243,7.2466,95
63b989a,15946,7.2438,95
3ffd4f1b,14537,7.2466,95
1b9a1a89,2237,7.2438,22
40061ab1,9086,7.2438,61
3b20b38e,8031,7.2438,61
59d934b4,14321,7.2493,95
37c985d,15732,7.2493,95
56ac9abe,6808,7.2493,53
1da99cb0,13055,7.2493,58
dc56725,15601,7.2493,95
6a1cb8b0,14389,7.2493,95
58d7b627,9911,7.2493,58
94aed91,13535,7.2493,95
2f104fd2,5927,7.2493,53
6b923284,15956,7.2466,95
20c6abb8,8271,7.2466,61
45454709,12013,7.2493,77
1bbd1c55,14426,7.2466,95
367eae2f,12043,7.2493,77
23f04833,7730,7.2438,58
4c622e4b,6256,7.2493,53
3fcecc26,12350,7.2493,77
7c820226,11470,7.2493,77
5d127c55,12122,7.2438,77
5fa773f4,8398,7.2493,61
5f01ca,8852,7.2493,61
33013b8e,9554,7.2493,58
4939421b,13538,7.2466,95
2546ea28,2719,7.2466,29
6bf8da01,14414,7.2493,95
13d1c7e5,13437,7.2493,95
107b661e,6304,7.2493,53
2e5a129a,13822,7.2493,95
100f32da,10121,7.2521,58
2fed993,13483,7.2521,95
6165c980,1449,7.2521,19
2ffb331f,14799,7.2521,95
320827ea,14071,7.2521,95
7988ec23,7153,7.2466,58
1ae8ebd8,12417,7.2521,77
29d01538,16026,7.2493,95
bfb4e6c,13480,7.2521,95
dce90c0,8023,7.2521,61
7bdb39ad,8905,7.2493,61
81f764b,9753,7.2521,58
45f4c93c,8265,7.2493,61
1cebc033,14032,7.2521,95
2c165a2,5453,7.2521,50
36c87a9f,8550,7.2521,61
4ff9b416,7726,7.2493,58
69eca709,15648,7.2521,95
6d4dea15,9106,7.2521,61
1e9364d9,5800,7.2521,53
79bb6f11,12172,7.2521,77
72608a0e,12129,7.2521,77
6b7af916,10237,7.2521,77
6921b96b,7311,7.2493,58
5a0bec78,6121,7.2521,53
6b3efb18,14904,7.2521,95
6e0eff0a,10132,7.2493,58
7d76224e,11788,7.2466,77
52800994,8071,7.2521,61
368e084e,14333,7.2493,95
2a74c3bc,10727,7.2521,77
339b8f57,9857,7.2521,58
6105fc19,15854,7.2521,95
270f540f,13207,7.2521,58
2b6a1a71,15731,7.2493,95
44e4c97c,7515,7.2521,58
acf10cd,8499,7.2521,61
573d82b7,14341,7.2521,95
4182e3c8,15876,7.2521,95
2cffb3b3,7909,7.2548,58
4e322079,15182,7.2548,103
3c89080a,14960,7.2548,103
4010a850,2921,7.2548,1
79a1d16,15945,7.2521,95
56a9547d,9437,7.2548,58
66de3ec5,10394,7.2548,77
9c78739,8981,7.2466,61
52da3e28,15185,7.2521,103
7d7a1753,8029,7.2521,61
2adfc747,12029,7.2521,77
36c964dd,9878,7.2548,58
302c372,14415,7.2521,95
2e6f9cce,15961,7.2493,95
7ade83bb,7565,7.2548,58
7ccefb1,3136,7.2548,1
1240b569,15885,7.2548,95
409bd203,7428,7.2521,58
4ed642f0,11256,7.2548,77
2e878dfc,8140,7.2521,61
397b9eb8,5881,7.2521,53
27ee585e,1320,7.2548,19
5b534f91,9898,7.2548,58
49a9d16a,7185,7.2548,58
2cc218b9,14161,7.2548,95
793b99d7,6946,7.2548,53
76350d4c,13736,7.2548,95
38556ea6,7460,7.2548,58
3ff0da47,8049,7.2548,61
3cb0ad0,15792,7.2521,95
786fc2c,674,7.2548,1
261bde5f,10193,7.2521,77
3528a464,3506,7.2575,37
5394e92f,12191,7.2548,77
6f9484d9,14132,7.2548,95
cb36264,5795,7.2575,53
39047f00,7910,7.2575,58
577564a8,11263,7.2575,77
2f64b13f,7287,7.2575,58
5f1f3b33,9065,7.2575,61
48a8d2f6,14956,7.2575,103
3484af6f,12271,7.2575,88
3e630d89,9481,7.2575,58
5afa908f,14922,7.2575,95
18036fd5,8988,7.2521,61
16322141,9924,7.2548,58
5fd0d513,8686,7.2575,61
1b58e913,12150,7.2575,77
7dc1b3f,7280,7.2575,58
21f54108,7381,7.2575,58
220bef24,13272,7.2548,95
3e4900eb,3500,7.2575,37
2534fa0d,7787,7.2575,58
38d1e04d,10808,7.2575,77
2a8cf0a6,11747,7.2575,77
42561877,5924,7.2575,53
49a0ec34,11255,7.2575,77
34af58eb,1728,7.2575,22
36c928e1,13805,7.2575,95
44ae0bef,5796,7.2548,53
1c411f8e,13104,7.2575,58
a218e02,10240,7.2575,77
4407e7ad,8513,7.2575,61
210e9dd6,14082,7.2575,95
3b7641ec,14186,7.2548,95
fb3d41e,12416,7.2575,77
9e40a74,14909,7.2575,95
8454d83,15947,7.2575,95
72a5ae6a,13145,7.2548,58
7bd5e8f3,8674,7.2575,61
6ad7c0b3,10103,7.2575,58
43c9c037,2227,7.2575,22
1cc0e0da,8591,7.2521,61
480611c1,7559,7.2575,58
1c80822a,13723,7.2575,95
114521f5,2240,7.2603,22
a18c537,678,7.2603,1
59258aa6,9900,7.2603,58
726855ac,8286,7.2575,61
6a610819,11525,7.2603,77
21389510,5534,7.2603,50
5293c629,10158,7.2603,58
da5a39e,12118,7.2575,77
4b2ee167,14625,7.2603,95
635b425c,10146,7.2575,58
40c04349,5202,7.2603,50
1e6e9031,14536,7.2603,95
2e1b6365,809,7.2603,15
4c58977f,14564,7.2575,95
b6a253,8633,7.2575,61
6a33456c,2149,7.2603,22
23db029d,8950,7.2548,61
1f461304,7523,7.2603,58
17ad8cfc,9683,7.2603,58
223c0060,14391,7.2603,95
5254296e,9654,7.2575,58
7d25de13,12261,7.2548,77
6147727,14779,7.2603,95
44695885,5304,7.2603,50
3705063f,1707,7.2603,22
56774584,7731,7.2603,58
6483838a,10900,7.2575,77
410b7d72,7630,7.2575,58
4f28b8a6,7408,7.2603,58
50837b82,9028,7.2603,61
28e42dcb,8780,7.2603,61
329e2548,3872,7.2575,37
7051c25f,1997,7.2603,22
c6e16bc,7949,7.2603,58
38795635,8982,7.263,61
73ed75d3,8414,7.263,61
7c9de19,6674,7.263,53
7a6e8410,9784,7.263,58
39995a70,13888,7.263,95
4b236b88,2573,7.263,28
5378ccd2,15187,7.2603,103
5d388ca9,14908,7.263,95
2e8117a4,4842,7.2603,1
7eae56d7,12142,7.263,77
6b250b8c,1450,7.263,19
2d7a3013,14804,7.263,95
72e19f85,7804,7.263,58
547b8a4a,2718,7.263,29
58ef76fc,2082,7.2603,22
1bd57f06,7205,7.263,58
62c837c6,14597,7.263,95
4cdc8f3f,15180,7.263,103
6536c64e,7187,7.263,58
6d973978,13297,7.263,95
4e6ceaa0,11471,7.263,77
7e718124,8684,7.263,61
1fc38497,13863,7.2575,95
2da63c12,10140,7.263,58
79ae8c27,13864,7.263,95
656eea93,6126,7.263,53
50be4058,7410,7.263,58
223483ca,10756,7.263,77
3eee6d32,8412,7.263,61
33ac017c,10248,7.263,77
11323bd1,15216,7.263,103
179ec0ee,5157,7.2603,50
5ad4a8d2,12194,7.263,77
44e98292,9448,7.2603,58
920e515,12030,7.263,77
94cbb53,10930,7.2575,77
68b48324,10335,7.263,77
33253f6d,11746,7.263,77
17d934d8,8051,7.263,61
19df737b,14466,7.263,95
75a5c530,9706,7.263,58
3944d503,8625,7.263,61
67e54907,14776,7.263,95
1c313e81,8951,7.263,61
543aa2b,15886,7.2603,95
1689169b,7661,7.263,58
5e1473f6,675,7.2603,1
4a44e6ee,12149,7.263,77
416759fa,8756,7.2658,61
c879da0,14417,7.2658,95
140d6ce9,12195,7.263,77
697b265d,13757,7.2658,95
12281a01,10032,7.2658,58
22f2ef79,3555,7.2658,37
5de7b5ea,8671,7.2658,61
6d9e29c5,7286,7.2658,58
3f34de65,12175,7.2658,77
a8867dd,8273,7.2658,61
6a20db83,11760,7.2658,77
76ec0703,8287,7.2658,61
6f32384d,9060,7.2658,61
264d0cf9,5346,7.2658,50
4add2770,3869,7.2658,37
5c1ff537,12433,7.263,77
22114ea9,7382,7.2658,58
6cf5a4d6,9008,7.2658,61
4f30f89f,14224,7.2658,95
1fc48d2f,3527,7.2658,37
66b9039b,10174,7.2658,77
6ca51a03,12196,7.2658,77
44696538,10028,7.2658,58
5fbaa77,13442,7.2658,95
4d475e57,13596,7.2658,95
9f620fe,7625,7.263,58
6b9d45d,14283,7.2658,95
5ec97eef,8870,7.2658,61
5c267eca,11328,7.2658,77
290b2687,13381,7.2658,95
11c20288,10733,7.2658,77
4225dc60,13698,7.263,95
599127d1,2648,7.2658,29
4cba140a,3556,7.2658,37
3cf53c04,14601,7.2658,95
5e9717ad,7404,7.2658,58
3d22af50,8504,7.263,61
6d5da88a,7805,7.263,58
71dbeb6f,9767,7.2658,58
645bec4c,9537,7.263,58
4c2b87b8,6338,7.2658,53
4c327f4f,12370,7.2658,77
621c7535,11259,7.263,77
591eccb6,7995,7.2658,58
4998966a,2662,7.2658,29
6584acc7,12111,7.2658,77
160f4011,8505,7.2658,61
173b3a38,9061,7.263,61
38ef3f15,8105,7.2658,61
35c9c5a4,4791,7.2658,1
592a14c4,8874,7.2658,61
170e0f23,13076,7.2685,58
56d89d40,15736,7.2685,95
b6c7dde,10114,7.2685,58
2dc796da,10395,7.2685,77
24423b92,11332,7.2685,77
43d24f2e,10206,7.2658,77
5172e889,8953,7.2685,61
4092c53b,5773,7.2685,53
75b9f810,3884,7.2685,43
24c372b6,1779,7.2658,24
62b3e007,15611,7.2658,95
34de4a77,13234,7.2685,58
e9d5d84,10407,7.2685,77
31f4d823,8670,7.2685,61
5dced59e,13235,7.2685,58
4cbaa5c2,11526,7.2685,77
a71d3d0,12044,7.2685,77
7d507cc4,10108,7.2658,58
6e64de67,9062,7.263,61
74da41b8,8446,7.2658,61
79462648,15793,7.2685,95
604b0817,12419,7.2685,77
6420a89d,11556,7.2685,77
2cffd598,10034,7.2685,58
64c3c229,14750,7.2685,95
5c707516,8172,7.2685,61
3d754a45,9766,7.2685,58
6ff41b66,8019,7.2685,61
222330ca,13540,7.2685,95
68d5be65,12360,7.2685,77
155c4e3b,9058,7.2685,61
4adb5143,12105,7.2685,77
5deb1d3f,14577,7.2685,95
120b12cf,7806,7.2712,58
65d1bb23,7429,7.2712,58
7510af93,13758,7.2712,95
701756eb,8061,7.2712,61
3a40bf4c,9726,7.2712,58
52a01384,13824,7.2712,95
22bc5274,12620,7.2712,77
3b2b8aa6,1076,7.2685,17
1ba7a2d1,14003,7.2712,95
6856e8c6,8715,7.2712,61
74c484bd,7380,7.2712,58
57d3905f,10207,7.2712,77
53d8512,7390,7.2712,58
45525833,9020,7.2712,61
1a1d9887,8275,7.2712,61
7bc02da4,13487,7.2712,95
5107a2f3,13382,7.2712,95
38fba8d4,8415,7.2712,61
6fbfec38,5180,7.2712,50
703cec91,15606,7.2712,95
199098e8,12398,7.2712,77
75eca113,12192,7.2712,77
10340a72,13725,7.2712,95
1014c8a,6651,7.2712,53
7aea60,9090,7.2685,61
1d30655f,12617,7.2685,77
d44bbd3,14602,7.2712,95
4d8edd92,13825,7.2712,95
3d135793,13692,7.2712,95
6aed83bb,9935,7.2712,58
74690924,3552,7.2685,37
5c5bae59,11867,7.2712,77
7bd3c58e,5783,7.2712,53
7d256114,13519,7.2712,95
531f5f7,3867,7.2685,37
401130b5,14641,7.2712,95
250b728c,12426,7.2712,77
73708af8,14640,7.2685,95
3a4d0e66,3870,7.2712,37
79fe9fa4,8922,7.2685,61
75f56e31,7281,7.2685,58
30a38cb6,16032,7.2712,95
4ec2073c,10244,7.2712,77
39927356,15602,7.2712,95
349cd87f,7553,7.2712,58
18763466,14915,7.2712,95
46533bb3,13010,7.2712,58
6c71f8ec,10205,7.2712,77
3e7c8a3d,6122,7.2685,53
17805c90,4841,7.2603,1
5434bb24,10134,7.2712,58
48d17370,7409,7.274,58
2b84441e,1995,7.274,22
71730e31,10409,7.274,77
4c62cb5,5347,7.274,50
6402a853,13075,7.274,58
270b0d50,13412,7.274,95
3ae1ff07,14413,7.274,95
2ea6091b,2185,7.274,22
6ef509a2,14562,7.274,95
47cd9878,10370,7.274,77
367cf0e2,8138,7.2712,61
3c1d4c38,14727,7.274,95
2a937aed,6087,7.274,53
49e21af0,11534,7.274,77
6b67321a,8609,7.2712,61
78498e1,10198,7.274,77
57923c06,6336,7.2685,53
7c3760d4,4443,7.274,1
2d1d6450,12436,7.274,77
18e3abb2,7785,7.2685,58
7b6b922e,15801,7.274,95
74f1ce99,14578,7.274,95
4555545c,10896,7.2685,77
3245ae0d,9103,7.274,61
75335951,12155,7.274,77
33ca8c43,14081,7.274,95
493519a5,12399,7.2712,77
48503b09,10931,7.274,77
561ff348,8272,7.274,61
3909c10b,3871,7.274,37
12c2dc18,6404,7.274,53
733cfbe1,8682,7.274,61
5e46fafd,8186,7.2712,61
3fdf28a1,12352,7.274,77
167309a1,12219,7.274,77
610583fd,7080,7.274,58
87d1c32,13236,7.274,58
4ea1a7bc,13554,7.274,95
409191c8,8274,7.274,61
d46e84c,12435,7.274,77
6d3ae95a,13456,7.274,95
1095f48c,7227,7.274,58
2ee53f06,13444,7.2767,95
6236f4c3,7206,7.274,58
537f5f25,10133,7.2712,58
58886441,8277,7.2767,61
62422633,12098,7.2767,77
65582872,10179,7.2767,77
309d48f6,7312,7.2767,58
496fb799,14758,7.2767,95
2b2c98c8,3505,7.2767,37
58ac4020,5375,7.2767,50
7c93e8ff,10485,7.2767,77
31b8483e,13592,7.2767,95
2613c563,14946,7.2685,103
415a7c55,14853,7.2767,95
2a3276a0,7845,7.2767,58
4a7eda84,7174,7.2767,58
66cda812,10255,7.2767,77
6936f3b1,14282,7.274,95
53a103f7,14947,7.274,103
3096dd6c,3895,7.2767,43
8163ec0,6935,7.2767,53
56e3ff08,9113,7.2767,66
d86e098,13726,7.2767,95
b7d21f9,15822,7.2767,95
47f1e815,14235,7.2767,95
444e5c98,13485,7.2767,95
32a4ee68,3037,7.2767,1
6e23bdd,12466,7.2767,77
6fa86b23,13298,7.2767,95
63769636,8202,7.2767,61
7b765c8b,14303,7.2767,95
41cef15d,14850,7.2767,95
23de6274,9087,7.2767,61
32045afa,13279,7.2712,95
369c1fc9,8394,7.274,61
7fc79f95,13581,7.2767,95
49b5cd29,14211,7.2767,95
19a8cba9,15734,7.2767,95
4f9ced02,13731,7.2767,95
ce4f853,10406,7.2767,77
6bdfb063,7950,7.2767,58
34f5cb32,9553,7.274,58
7e25c193,9449,7.2767,58
233be330,12771,7.274,77
1c29d453,8069,7.2795,61
63457bf1,14418,7.2795,95
37a481e5,5863,7.2795,53
216e73da,13846,7.2795,95
3bd8909e,3501,7.2795,37
698140fa,10147,7.2795,58
7a394f86,2111,7.274,22
2d564259,10333,7.2795,77
281b13b8,4398,7.2795,1
2d46077f,14563,7.2795,95
60a1ffff,2302,7.2795,27
57383a45,7189,7.2795,58
34dd36c8,15863,7.2795,95
4281aaa,10404,7.2767,77
391c58e3,14957,7.2795,103
74de4f44,9717,7.2767,58
6222b988,12123,7.2767,77
3f14a872,5729,7.2795,53
7bad1870,9874,7.2795,58
7d8fdc2e,12112,7.2795,77
a16d4ee,9807,7.2795,58
10dbaae6,13224,7.2767,58
61bef63b,12284,7.2795,77
3a65e15,9925,7.2795,58
4b9ce3,2922,7.2795,1
58295e34,14798,7.2795,95
7e6cb03d,8448,7.2795,61
3cc699a0,9631,7.2795,58
71879844,10252,7.2795,77
5e52aa50,3845,7.2795,37
40e03697,12768,7.2795,77
1c9016ec,10257,7.2795,77
14139747,13598,7.2795,95
591b6839,13672,7.2795,95
180eb903,8052,7.2795,61
5bfddd52,14294,7.2795,95
435eb98,13280,7.2795,95
c14edf6,2112,7.2795,22
5ae2406,13201,7.2795,58
ecc06ed,14019,7.2767,95
63676096,7828,7.2795,58
48a52e49,10410,7.2795,77
63f511f6,6335,7.2795,53
d60980b,10159,7.2795,58
555b3ae1,13514,7.2795,95
346d9165,14526,7.2795,95
7f5c4cbf,14448,7.2795,95
114ba40,15709,7.2767,95
7675239f,8991,7.2795,61
7af58382,12285,7.2795,77
224bc300,6838,7.2822,53
37cd05c9,14571,7.2795,95
3fef5a42,8621,7.2822,61
60d9effb,12193,7.2822,77
366699f1,9009,7.2822,61
4ac90ffe,8337,7.2822,61
fb161af,11260,7.2822,77
20b8e195,3553,7.2822,37
22135d62,1360,7.2822,19
1d8f9dd1,7211,7.2795,58
20271021,14806,7.2822,95
249fa193,13144,7.2822,58
44c98415,14281,7.2822,95
43cc48dc,9798,7.2795,58
7b8cf58a,8359,7.2822,61
63b254c2,10795,7.2822,77
3a78f21e,8146,7.2822,61
1bd3d725,6405,7.2822,53
76f5170,8904,7.2822,61
768a111b,13299,7.2822,95
3bd3a6f,8211,7.2822,61
b9ff5d6,6809,7.2822,53
e70717f,8877,7.2822,61
73694510,9107,7.2822,61
5f0ce1e5,5802,7.2795,53
554d90af,7829,7.2822,58
2108fe95,7272,7.2822,58
2c7e9842,8992,7.2822,61
15861918,11413,7.2795,77
2cf72bef,13578,7.2822,95
4aed84b2,13383,7.2822,95
1289a925,7732,7.2822,58
37623cb5,11414,7.2822,77
4fc85fc,8745,7.2822,61
225fd1e5,10058,7.2822,58
4310908,11929,7.2822,77
4756937f,8775,7.2795,61
8d3b41c,10195,7.2822,77
18c7b6a5,8774,7.2767,61
5bae582a,13594,7.2822,95
7d8f507e,14322,7.2822,95
218376d3,2151,7.2795,26
192efe13,15827,7.2822,95
2df652a2,10116,7.2849,58
430203e,14858,7.2849,95
6dbc12ea,8360,7.2822,61
33b8c66,15819,7.2849,95
39b4573c,14598,7.2849,95
6e7bfb9,6090,7.2849,53
26c861ea,9872,7.2849,58
237c94dd,7541,7.2822,58
7cfb7468,10734,7.2822,77
67edd17c,13488,7.2849,95
2cf3b5a,15824,7.2849,95
33d566fd,9875,7.2849,58
45d29da2,3549,7.2849,37
62ade944,11608,7.2849,77
6b42a25c,12361,7.2849,77
102c5185,8417,7.2849,61
4142e1af,13440,7.2849,95
4c28c70a,9880,7.2849,58
3206cc91,10413,7.2822,77
40d4032d,2030,7.2849,22
16cdcd01,14100,7.2849,95
1c575845,15217,7.2849,103
18b17d1a,14034,7.2849,95
1d5bb1,14170,7.2849,95
781cc84a,11412,7.2822,77
41b78d,7633,7.2849,58
267252b0,10399,7.2822,77
3538b2c9,12201,7.2849,77
3ea9ad58,7551,7.2822,58
59f2d8d5,8521,7.2849,61
2b7862bc,13841,7.2849,95
17b3c4bd,11293,7.2849,77
57b4f013,8020,7.2849,61
7350720f,12468,7.2877,77
26885581,8000,7.2849,58
125b7432,5805,7.2877,53
54e7dcb0,10138,7.2822,58
6285324a,7411,7.2877,58
7980b774,7777,7.2822,58
39780eda,7129,7.2877,58
a80c124,11868,7.2877,77
6e40a9a8,8906,7.2877,61
2bb49067,11294,7.2877,77
6091bb2b,8500,7.2877,61
27f3bab6,10218,7.2877,77
6c2fcb60,8070,7.2877,61
602abe20,10183,7.2877,77
b4c5664,14728,7.2849,95
31d07bb1,13203,7.2877,58
702686f,6668,7.2877,53
2336d220,10251,7.2877,77
27b101a0,10035,7.2822,58
16d8b3d8,14774,7.2877,95
7f4e3811,8077,7.2877,61
4d71c9ba,11761,7.2877,77
5843b5e6,8561,7.2877,61
bd69b45,11329,7.2877,77
556a49e,7626,7.2877,58
21bc5ec2,13443,7.2877,95
46a98197,8907,7.2849,61
722b5744,13565,7.2877,95
380f021,7618,7.2877,58
3c334fa7,11292,7.2849,77
cf17eeb,7085,7.2849,58
6dee3db,5373,7.2877,50
2db0ad9,12599,7.2877,77
24b32352,9936,7.2877,58
23321709,8563,7.2877,61
5283e88f,10115,7.2877,58
854adc4,8770,7.2877,61
35c0b62f,8944,7.2877,61
38695b5b,5393,7.2877,50
6f965c1,7383,7.2877,58
4b732201,3749,7.2877,37
66e48c26,8564,7.2877,61
56a53f1b,13579,7.2849,95
1b3f8f63,9555,7.2904,58
53bc7bb6,5728,7.2904,53
490ec52f,7190,7.2904,58
bc9f594,9686,7.2904,58
74eb4e11,7126,7.2904,58
1b103e06,15188,7.2904,103
55f915d4,5862,7.2877,53
13489378,14591,7.2849,95
429d35dc,8203,7.2904,61
2c501b83,12448,7.2904,77
68713ec8,12217,7.2904,77
46c47e11,7642,7.2904,58
11c0e6e2,13438,7.2904,95
3d606b5a,14649,7.2904,95
5c869540,8717,7.2904,61
39575c37,15189,7.2877,103
2fb64a09,13593,7.2877,95
11b2de1e,9104,7.2904,61
1d4583b7,13129,7.2904,58
79f675fd,7377,7.2877,58
7a433810,13208,7.2904,58
67b8c353,9093,7.2877,61
60fdb394,11474,7.2904,77
2aee6beb,12621,7.2904,77
498e451e,1322,7.2849,19
680db527,11798,7.2877,77
6561caa1,14789,7.2904,95
25c1703c,8361,7.2904,61
330a09c,9923,7.2904,58
70666026,8498,7.2904,61
3c0944d5,13379,7.2904,95
cd1aa4,13087,7.2849,58
79440ff,1786,7.2904,24
23579a7,8639,7.2904,61
696a9f82,8205,7.2904,61
1fb34196,8983,7.2877,61
3a056927,14851,7.2904,95
13d4d781,7566,7.2904,58
2effccf6,5911,7.2932,53
2bc5974e,12151,7.2932,77
2401d570,11327,7.2904,77
3a988f40,13134,7.2877,58
f453f4d,13722,7.2877,95
5f8dca2f,8900,7.2932,61
58f54977,14128,7.2932,95
26e93fa6,8276,7.2904,61
f0d361,12376,7.2932,77
319dade2,8524,7.2932,61
4a6f9a89,13077,7.2932,58
4be8aa56,2198,7.2904,22
4351e457,1999,7.2904,22
2c2af794,10102,7.2932,58
2a4742ab,13180,7.2932,58
766908bc,12052,7.2904,77
3ad6397a,13265,7.2932,95
413bffe3,3593,7.2932,37
5179bf75,14651,7.2932,95
6feb710e,7684,7.2932,58
647d9860,14955,7.2932,103
617eff49,9855,7.2932,58
7a27b7eb,10238,7.2932,77
76386929,8345,7.2904,61
66393dcd,8206,7.2932,61
52ee5305,6834,7.2932,53
5ad86fa0,14393,7.2932,95
4caa7e2e,9703,7.2932,58
53e89b53,14511,7.2932,95
1d8713ff,14101,7.2932,95
3b4d3dbe,13697,7.2932,95
7c78fbd8,7685,7.2932,58
32ff82d7,10798,7.2932,77
122989f6,9054,7.2932,61
b15517c,7778,7.2932,58
2ea8a30a,7931,7.2932,60
b078300,3139,7.2932,1
608f6532,8413,7.2932,61
12dc22c3,5533,7.2959,50
3e3736ec,14593,7.2959,95
1f080ee7,7952,7.2959,58
74534eff,9055,7.2959,61
74353262,9089,7.2959,61
6fee03b2,13213,7.2959,58
5f64c423,5798,7.2959,53
6869c8f5,12164,7.2959,77
37499c29,3875,7.2932,37
59031889,2159,7.2959,22
466f6388,15888,7.2959,95
6cab28fc,15686,7.2959,95
27c8d02d,14324,7.2959,95
60e725d0,3551,7.2959,37
1bb44531,8557,7.2959,61
5ab2d19e,13413,7.2932,95
67fc9a63,14800,7.2959,95
3eeceae9,2720,7.2959,29
7c8bdc8,10304,7.2959,77
4bbab28e,798,7.2959,15
48960618,15598,7.2959,95
456c26f4,3885,7.2959,43
11740641,9050,7.2959,61
5390cf5a,8162,7.2959,61
74f3cd30,14944,7.2959,103
4da02964,7951,7.2959,58
2c133bbf,12288,7.2959,77
357e400e,14712,7.2959,95
4090eee,7826,7.2959,58
5136fb2a,13520,7.2959,95
1d910361,7202,7.2959,58
5a285eed,2721,7.2959,29
161a5538,11931,7.2959,77
7093137a,6124,7.2959,53
650c9c02,13732,7.2959,95
7dcb7978,7338,7.2959,58
39bc506c,9575,7.2959,58
515c8ce2,3731,7.2959,37
50b1e647,13486,7.2959,95
76975590,14107,7.2959,95
220581ec,14780,7.2959,95
2df3541e,8145,7.2986,61
187df6de,9808,7.2986,58
4dcc54d1,14650,7.2959,95
4721b848,2677,7.2986,29
bd65ee9,12119,7.2986,77
3c32b829,8795,7.2986,61
4b8e7277,13693,7.2986,95
1cef977d,11539,7.2986,77
12760b6,6675,7.2986,53
383f576d,14660,7.2959,95
116553b3,9647,7.2986,58
7a8e4ed6,8603,7.2986,61
29409622,8583,7.2986,61
1358716c,13599,7.2959,95
62d86c6b,10332,7.2986,77
511ed855,1988,7.2986,22
6a5de10e,9572,7.2932,58
47018be1,8025,7.2986,61
1782417c,10336,7.2959,77
7fad67b3,8358,7.2986,61
30f9efa9,13707,7.2932,95
5cadfc32,6805,7.2986,53
5cf36872,14807,7.2959,95
7c94c862,13806,7.2986,95
35a93d29,8800,7.2986,61
7ebcf6fe,6853,7.2986,53
7b30c1f4,3732,7.2986,37
31dc0e0d,7830,7.2959,58
4cbfd9c,10098,7.2959,58
1e3fec91,11473,7.2986,77
7877d859,11756,7.2932,77
6165daaf,7374,7.2986,58
1c278816,14308,7.2959,95
5dde092b,8797,7.2986,61
47dbb113,13764,7.2986,95
1a80ca1,7788,7.2959,58
4e571e99,10194,7.2986,77
6e10487d,14074,7.3014,95
ca40a80,1758,7.3014,24
74593f85,13439,7.3014,95
35d5f8ab,10249,7.3014,77
43808b5e,5752,7.3014,53
2f3f60f3,10377,7.3014,77
1227d786,14617,7.3014,95
8ad75c9,7233,7.3014,58
4fb0d5f9,10796,7.3014,77
1b5c0c04,13889,7.2986,95
376b730e,9856,7.3014,58
540b5b17,11930,7.3014,77
7bb04e0f,3438,7.3014,36
1ab9425a,7824,7.2959,58
1d5d4372,7639,7.2986,58
669a40f1,8875,7.2986,61
a85bc2f,8945,7.3014,61
4d89d8b,7127,7.3014,58
73e908b1,10331,7.2986,77
47c053f5,13315,7.3014,95
6003ebe6,10352,7.3014,77
20f716a8,9039,7.3014,61
1b602e87,7543,7.3014,58
493e458c,5860,7.3014,53
5efa99e5,15650,7.3014,95
21d91507,8798,7.3014,61
2949a7ac,1451,7.3014,19
267dce31,2668,7.3014,29
398305c2,7634,7.3014,58
230d0063,3550,7.2986,37
29b29056,810,7.3014,15
402ac94a,4446,7.3014,1
61a66998,13843,7.3014,95
164423e8,11887,7.2986,77
516a9e35,12373,7.3041,77
2a6363d7,5445,7.3041,50
17ee76ed,13392,7.3014,95
1189dc3,14073,7.3014,95
5320ded1,2113,7.3014,22
626c62b9,11270,7.2986,77
2e8a332c,15630,7.3014,95
6d13907,7525,7.3041,58
257124ca,11528,7.3041,77
43e24a9b,15717,7.3041,95
16e1d260,14713,7.3041,95
171903af,11609,7.3041,77
5f0a7975,14855,7.3041,95
188f094a,7299,7.3041,58
49e82e52,12053,7.3041,77
2a1f16c8,10036,7.3041,58
28c87c65,14856,7.3014,95
518297dd,13582,7.3041,95
ed9f239,1788,7.3041,24
6e7c7ff1,3508,7.3041,37
666e46d2,12121,7.3041,77
239709bd,6331,7.3041,53
629e6fcc,10142,7.3041,58
6f100799,12113,7.3014,77
7b5c947f,8567,7.3041,61
609db048,5756,7.3041,53
716c4398,8163,7.3041,61
200e808c,5311,7.3041,50
1e2fbee3,8754,7.3014,61
659f106d,14449,7.3041,95
1cf3e35,1323,7.3041,19
cddc1b4,14573,7.3041,95
1f3e2334,14859,7.3041,95
7c055e96,6293,7.3041,53
4c3e9b5,7965,7.3041,58
667158f8,13457,7.3041,95
155f9dcb,8348,7.3041,61
8b8f081,8204,7.3041,61
5e9ffeee,12464,7.3041,77
30d60600,4444,7.3014,1
450a3ac9,12427,7.3041,77
29501c08,10307,7.3041,77
21e9435d,8161,7.3041,61
6623cd5b,10575,7.3041,81
2f770192,13842,7.3041,95
47ea37ff,15654,7.3068,95
532291b9,8106,7.3041,61
7a4587c3,12051,7.3041,77
7abb7789,8107,7.3068,62
20a2490,11934,7.3068,77
1449aee1,6088,7.3068,53
53a14a88,6309,7.3068,53
7207684a,10196,7.3068,77
21faec3e,15186,7.3068,103
4c089688,10245,7.3068,77
781d6046,15799,7.3068,95
4d16cd2e,5181,7.3068,50
213190c7,10902,7.3068,77
683df993,14852,7.3068,95
74c8ea29,10769,7.3068,77
1ed063b6,13901,7.3068,95
d5c3f7a,10728,7.3041,77
20c621be,10175,7.3068,77
2730b554,12050,7.3068,77
3ae0afd7,8357,7.3041,61
171a107e,13873,7.3068,95
56abe01e,7837,7.3068,58
4771e0a4,6610,7.3041,53
6549770b,10338,7.3068,77
5ae8f262,14644,7.3068,95
53ca4231,8876,7.3068,61
5b19db8e,13820,7.3068,95
1bf6ec2c,2191,7.3068,22
35292176,12262,7.3068,77
284fae53,10200,7.3041,77
2915aaa1,7188,7.3068,58
1b2eb8f4,14225,7.3068,95
5aeb423,9725,7.3068,58
79700771,5877,7.3041,53
6d716fa2,3839,7.3096,37
2c98133a,10239,7.3096,77
285cf4aa,4196,7.3096,1
5823422e,14655,7.3096,101
5d97058f,8898,7.3096,61
634044c2,14648,7.3041,95
21119dd4,15646,7.3068,95
4dfc4b0f,8593,7.3068,61
24a1fbe,13733,7.3096,95
40ba1feb,9652,7.3096,58
6d68c515,9095,7.3096,61
42634f84,10414,7.3068,77
10861f99,12265,7.3096,77
d31f25,8799,7.3096,61
2b383247,14759,7.3096,95
4358e38,15714,7.3096,95
737f57cb,14244,7.3096,95
7fb583e0,12469,7.3041,77
5325e4ea,9944,7.3096,58
4b97e39c,4838,7.3096,1
21574aa3,7155,7.3041,58
4a57c5e6,10221,7.3096,77
54613300,8078,7.3096,61
4e28157f,10051,7.3096,58
4806be7c,15889,7.3096,95
22548d75,3077,7.3096,1
201ea113,8067,7.3096,61
3b87f5e1,11620,7.3096,77
6fce9734,7157,7.3096,58
32ea50fe,11610,7.3096,77
3a8e49e4,9879,7.3096,58
67296989,5861,7.3096,53
6385b070,12289,7.3096,77
78e9ec03,14661,7.3096,95
784bbf81,14534,7.3096,95
18643e40,5389,7.3096,50
342d79e4,7314,7.3096,58
58a196fc,3507,7.3096,37
7ae54921,9540,7.3096,58
4ddb2b8a,6848,7.3068,53
74748a4f,5203,7.3096,50
2bc93f7c,14108,7.3096,95
7bb5d765,12622,7.3096,77
6fa634e2,12156,7.3096,77
3f50edab,9094,7.3096,61
5d0017e2,9680,7.3123,58
85bfdd8,9648,7.3123,58
5604c915,11619,7.3123,77
15190564,8984,7.3123,61
538499d5,3846,7.3123,37
6e015bcb,12625,7.3096,77
3363feee,12173,7.3123,77
64817067,13515,7.3096,95
143d5183,8033,7.3123,61
2451d030,7733,7.3123,58
70069fcc,10160,7.3068,58
5cbe8bac,7831,7.3068,58
33d3ca14,9642,7.3096,58
4d1c34a4,9799,7.3068,58
9a03a34,3896,7.3123,43
21eb3347,13241,7.3123,58
cc5ce04,8685,7.3123,61
4f65fe77,7478,7.3123,58
20d0622c,15958,7.3123,95
28a99d98,14016,7.3123,95
5020f2c1,10837,7.3123,77
5ba86044,10242,7.3123,77
72b7a32f,7748,7.3123,58
51556e57,8416,7.3123,61
3b300497,14656,7.3123,101
35f47cb8,3076,7.3123,1
556b2e87,13917,7.3123,95
4d74a8e2,13542,7.3123,95
6215263d,10241,7.3123,77
2d744f8b,7027,7.3123,53
513d6570,14572,7.3123,95
57a9bba4,13827,7.3123,95
713b7144,3873,7.3123,37
41ae0c55,11740,7.3123,77
ac1fe93,14790,7.3151,95
546f057,8701,7.3068,61
89efcb3,14239,7.3151,95
1fa81fc0,12267,7.3151,77
2ed564c4,8803,7.3151,61
2b6532eb,7158,7.3151,58
1993ab98,7313,7.3151,58
461af175,7384,7.3151,58
436c4e36,13490,7.3151,95
411cceda,3141,7.3151,1
45d7620a,3597,7.3151,37
54d7a29c,1787,7.3151,24
756b5bce,10735,7.3151,77
52a621a7,13765,7.3151,95
2c9fcecb,9926,7.3151,58
45354a86,7846,7.3151,58
3591e790,6089,7.3123,53
6aafdcc5,6827,7.3123,53
9e7632e,4445,7.3151,1
1758e914,11476,7.3151,77
5bdc0d4f,6257,7.3151,53
34521dc8,10212,7.3151,77
200fb673,12106,7.3151,77
12434f4f,8066,7.3151,61
67bde558,8185,7.3151,61
294e8e3d,3900,7.3123,43
dd67a81,8057,7.3151,61
6bcc245c,14923,7.3151,95
50b7f966,12470,7.3151,77
5886fd08,8147,7.3151,61
ac6dad,13785,7.3151,95
66c32b2c,12204,7.3151,77
564af43,8794,7.3151,61
3b58cf1c,7210,7.3151,58
750f475c,13694,7.3151,95
6846343e,13491,7.3151,95
54cb6dd8,14860,7.3151,95
1b3965f5,14714,7.3123,95
3a068804,14958,7.3178,103
3bcab4f4,13454,7.3178,95
1b741a79,14627,7.3151,95
66290624,7912,7.3151,58
69831294,14419,7.3151,95
7807644,9927,7.3178,58
3c1c131f,13919,7.3151,95
12aa3a9e,15649,7.3151,95
634c9ded,13729,7.3178,95
67fae596,5840,7.3178,53
7224c040,8696,7.3151,61
7540ef7d,8683,7.3151,61
874b803,1989,7.3178,22
3b22869d,14745,7.3178,95
781f35ad,5069,7.3178,50
7f3b6cb6,10209,7.3178,77
4f5df092,16027,7.3178,95
6064818a,14109,7.3123,95
61576276,7482,7.3178,58
452dfc36,11581,7.3178,77
2f6e64cd,13373,7.3178,95
28d246c,12439,7.3151,77
65545d61,11261,7.3178,77
55442e2c,12421,7.3178,77
2178e890,12266,7.3178,77
1a794934,3154,7.3151,1
7b667a1b,9858,7.3178,58
5100f50d,10099,7.3178,58
1e366fc,5806,7.3178,53
16780519,5390,7.3178,50
70a2532e,5755,7.3178,53
799410a9,14913,7.3178,95
385c5983,9606,7.3178,58
63b07731,8747,7.3178,61
6e227b18,7827,7.3178,58
38a4eb08,5391,7.3178,50
5a7de411,2722,7.3178,29
b73e9c,12307,7.3178,77
7d307f29,14287,7.3178,95
2c71b551,811,7.3178,15
6253272c,13828,7.3178,95
57bb0a1b,12772,7.3178,77
6e419dae,4246,7.3178,1
10767e78,6835,7.3178,53
6b67511d,14163,7.3205,95
640365b8,14430,7.3205,95
64d387b,14394,7.3205,95
256b0374,9992,7.3205,58
426e3832,6939,7.3205,53
74d5417d,8580,7.3205,61
b04d4fa,14240,7.3205,95
64e5bb01,15368,7.3205,103
1968644a,12306,7.3205,77
47e800b3,7229,7.3205,58
131a6c31,1311,7.3205,19
4183f8e9,11335,7.3151,77
6a66bfb0,8507,7.3205,61
23122c4e,10101,7.3178,58
79824652,8647,7.3205,61
384813c3,8449,7.3205,61
239453aa,12437,7.3205,77
7ee83c49,14323,7.3178,95
21ac871b,11776,7.3205,77
13eeaf3c,13227,7.3178,58
7835cbc5,9041,7.3205,61
291ce8f4,13275,7.3205,95
4780bafe,5839,7.3178,53
251694a,13541,7.3205,95
64a0a173,9991,7.3205,58
36574428,11477,7.3205,77
321d35c1,9639,7.3205,58
70882e36,12268,7.3205,77
799a1254,9788,7.3205,58
18d09f2d,6332,7.3178,53
43b812cb,15803,7.3205,95
72f06d14,8347,7.3151,61
5bd1d9ac,10305,7.3233,77
5bd56c97,9859,7.3233,58
47640c0c,8634,7.3233,61
44497061,12203,7.3233,77
35203d31,7191,7.3233,58
60e99e80,7560,7.3205,58
70aeafd,8673,7.3233,61
84f5805,12375,7.3233,77
3cb23588,10961,7.3233,77
1003a100,679,7.3205,1
400efcff,13492,7.3233,95
32730b8b,11440,7.3233,77
1f407638,7621,7.3233,58
56de3e58,7563,7.3233,58
1246cf71,15716,7.3205,95
259830c2,7086,7.3233,58
2f23f388,13836,7.3205,95
7bf2f304,9633,7.3233,75
13f00ed4,11527,7.3205,77
f8eb978,13946,7.3233,95
3769769c,8746,7.3233,61
53135e93,11790,7.3233,77
362e0c48,3596,7.3205,37
5f5e09b4,6613,7.3205,53
253b32f7,8050,7.3233,61
591a7d5a,14781,7.3233,95
767f4527,14226,7.3233,95
10b4472c,7945,7.3233,58
563e553e,7093,7.3233,58
2094313e,13384,7.3233,95
122b8f27,10371,7.3233,77
6b847141,14801,7.3233,95
3618aff9,8610,7.3233,61
6f6352e7,14291,7.3233,95
23cc966e,13954,7.3205,95
6e7f93f4,6938,7.326,53
6f42a5e0,14684,7.326,102
20e36bab,14763,7.3233,95
53776f29,13273,7.326,95
2676ebca,14928,7.3233,95
34843cc3,7847,7.326,58
1eebe694,3876,7.3233,37
f01b7cb,10836,7.3233,77
67679f25,13856,7.326,95
75f3cef4,3545,7.326,37
5bbdfde1,12371,7.326,77
76de00b8,14316,7.326,95
7f4c04c9,12031,7.326,77
7908f553,13386,7.326,95
63a95884,14017,7.326,95
611414d5,15715,7.326,95
3ad12165,2122,7.326,22
3c0c2d47,9069,7.326,61
15c82f3a,10154,7.326,58
543b23ea,7751,7.326,58
67d2fa01,15203,7.326,103
7cd17d4,13786,7.326,95
3a6985a9,7079,7.326,58
16c1205c,11932,7.3233,77
38f9bec4,14172,7.3233,95
6e8cdc21,7378,7.326,58
63259669,5305,7.326,50
13d76afe,6611,7.326,53
6565f1e0,13276,7.326,95
6d8044b9,7544,7.326,58
29cfa5b8,10348,7.326,77
1bd94b37,14020,7.326,95
225911be,15957,7.326,95
af11f91,4197,7.3233,1
405115de,11331,7.3233,77
2f1b24e1,8362,7.326,61
45a5145d,14744,7.326,95
47aa86ef,7689,7.326,58
2ed7f72,9030,7.326,61
f1d9421,5841,7.3288,53
79d7850f,11540,7.3288,77
14bd6194,8628,7.326,61
7331012,13420,7.3233,95
646c2049,15737,7.3288,95
7d333bc,9037,7.3288,61
4744b1f,8402,7.3288,61
73a0c585,14861,7.326,95
21d62e36,5210,7.3233,50
5e185a59,7753,7.3288,58
31da1c19,15968,7.3288,95
41b46208,12372,7.3288,77
44df6c1f,8058,7.3288,61
54e85d2c,9682,7.3288,58
48be1f7a,9438,7.3288,58
2af89047,3733,7.3288,37
15f8ae93,14538,7.3288,95
36f903d,14540,7.3288,95
3b920ae5,10139,7.3288,58
5586df78,14657,7.3288,101
5da6f6d,2926,7.3288,1
7acbe993,13447,7.3288,95
51a5010d,9727,7.326,58
32bb795e,7379,7.3288,58
5b0eab09,8212,7.3288,61
644cc963,12198,7.326,77
41ee2308,11378,7.3288,77
38baff51,10384,7.3288,77
5334e479,14325,7.3288,95
4a76ed22,9724,7.3288,58
51a20091,11600,7.326,77
5327dc17,14642,7.326,95
63615318,14751,7.3233,95
cce6852,8191,7.326,61
59521da2,15833,7.3288,95
1b0830c8,7567,7.326,58
4d2957d2,14792,7.3288,95
2003ed04,7089,7.326,58
4993838f,14234,7.3288,95
36e0fe17,12418,7.3288,77
7c3a0e1a,8464,7.3288,61
163ca9a6,10736,7.3288,77
31f0b8de,10337,7.3288,77
ea41829,9557,7.3288,58
5bfe6d89,12387,7.3288,77
6a5f20a7,12042,7.3315,77
5edd537a,15832,7.3315,95
70967dd8,14519,7.3315,95
582cd466,10486,7.3315,77
4be58ddc,10897,7.3288,77
7f974159,15768,7.3315,95
32e2afcf,5169,7.3315,50
2811d4dc,12420,7.3315,77
6e5b3b53,3887,7.3315,43
3cac8bce,4403,7.3315,1
29de7d9,1077,7.3315,17
6571113b,10955,7.3315,77
97a3091,8629,7.3288,61
20291945,7749,7.3315,58
78831475,8899,7.3288,61
3e1b0024,13516,7.3315,95
7a97e14d,7315,7.3315,58
e2c0a7b,15196,7.3315,103
7e8d60de,14535,7.3315,95
154d9793,13494,7.3315,95
78d8a4c8,8716,7.3315,61
105379a7,13259,7.3315,95
7013e764,7300,7.3315,58
99b17fa,13495,7.3315,95
34d80ce5,15960,7.3315,95
2f09f525,8697,7.3315,61
3fcdc598,9040,7.3288,61
6cb161fd,1393,7.3315,19
500a2dc2,14843,7.3315,95
1ffd4fe,2248,7.326,22
75344f00,9021,7.3315,61
2484a53b,14104,7.3315,95
2561f854,1780,7.3315,24
5ac69022,5518,7.3288,50
d5d9835,9994,7.3315,58
2870c1fe,7477,7.3315,58
cf159d8,13232,7.3315,58
26f8b34a,7554,7.3315,58
48d17037,7156,7.3288,58
292cd528,15959,7.3342,95
2f15764c,10339,7.3342,77
4c94f207,10326,7.3342,77
f07736a,13602,7.3288,95
40cd6237,8034,7.3342,61
dcc013d,13228,7.3342,58
44eedb74,14791,7.3342,95
2f810d24,13446,7.3342,95
1b29a79d,13734,7.3315,95
27cd5cd9,10224,7.3342,77
30deb215,15711,7.3342,95
259ea01,5730,7.3315,53
25162f43,14035,7.3315,95
73d56133,10153,7.3315,58
36de3b46,6614,7.3342,53
7b1ad67e,10109,7.3342,58
6f629269,8188,7.3342,61
3766aa4f,7289,7.3342,58
70a5a3ee,10405,7.3315,77
c8b3c2f,11415,7.3342,77
5d2132a2,6783,7.3342,53
262b02b5,6612,7.3342,53
1d915c7b,9650,7.3342,58
241de0ed,7999,7.3342,58
797a8d53,9580,7.3342,58
2d1a04fc,1081,7.3342,17
535a9540,2110,7.3342,22
6f8df2b5,12168,7.3342,77
188b0d4e,9877,7.3342,58
35b61b19,13704,7.3315,95
4876d4b7,3892,7.3342,43
4f01b86c,10301,7.3342,77
f203dbf,8156,7.3342,61
a4b8191,14018,7.3288,95
2235f3ef,11797,7.3342,77
13a1d37,10349,7.3315,77
74663f03,8672,7.3342,61
373ffb47,11271,7.337,77
36663b3b,11765,7.3342,77
38a5358d,7632,7.337,58
5f0c8b00,14652,7.337,95
6eb47c01,13740,7.337,95
2befc8f3,3546,7.337,37
2c578156,16072,7.337,109
3d4fc00c,7953,7.337,58
70d6f7d0,10029,7.337,58
43439d12,9541,7.337,58
25ab0169,12174,7.3342,77
35e679bb,12403,7.337,77
766a80ab,7318,7.3342,58
46728aca,9634,7.337,75
31c591c1,12305,7.337,77
4c986ed9,5377,7.337,50
4a35ed50,7339,7.3288,58
68784365,3847,7.3288,37
2c644423,3874,7.3342,37
5bdea081,13042,7.3315,58
75ae8c32,7526,7.3342,58
15f2210a,3886,7.337,43
7acfcaf8,1358,7.3342,19
35bcfc6c,15712,7.337,95
4c4597e4,10327,7.337,77
347239f5,12290,7.337,77
306ebd89,7159,7.3342,58
60b6c6fd,14857,7.337,95
97751f,13107,7.3342,58
529ab6fd,10932,7.337,77
32c5e956,8801,7.337,61
1f96d1a1,14292,7.337,95
9415d9c,2199,7.337,22
eeb3f17,6957,7.337,53
6d0c7ac0,5864,7.3342,53
709ea16e,6310,7.337,53
24f435ba,8001,7.3397,58
2a20819e,3734,7.3397,37
2f30d065,9022,7.337,61
590cc080,6836,7.3397,53
5c5077fe,7160,7.337,58
72d2219b,12769,7.3397,77
5bc8745c,2241,7.3397,22
67fd83c0,12133,7.3397,77
64ffb765,10729,7.3397,77
3bcfd383,15962,7.3397,95
5872e398,8282,7.3397,61
4000065e,7081,7.3397,58
59ddc5a4,14304,7.3342,95
1c4b56d7,10356,7.337,77
536a08e5,8462,7.3397,61
19cd7ad6,10980,7.3315,77
1398d620,12197,7.3397,77
24dfc112,15710,7.3397,95
62e4c6b0,5838,7.3397,53
614ac729,8002,7.337,58
34b624f6,14645,7.3397,95
6e3ba423,11338,7.3397,77
2aae3e12,11602,7.3397,77
46b6ee58,12321,7.3397,90
1d6ac7e1,9598,7.337,58
187ed12e,14687,7.3397,95
2bd774be,10300,7.3397,77
70d29178,14075,7.3397,95
11a61be9,7752,7.3397,58
3b4c154c,13603,7.337,95
555544aa,6810,7.3397,53
4537a83a,7288,7.3397,58
31be467,12374,7.3397,77
210ab8b5,12600,7.3425,77
7ab73fad,14451,7.3397,95
5b84445,15178,7.3425,103
7db65ab0,14817,7.337,95
244101a1,13713,7.3425,95
98d9aa3,10164,7.337,58
4a848668,8395,7.3397,61
d597911,7215,7.3397,58
4275c1d0,7687,7.3425,58
274813bf,6856,7.3397,53
499166f8,3888,7.3425,43
fc60f2a,8059,7.3425,61
63512443,7825,7.3425,58
4e3167d,14305,7.3425,99
468716bf,8026,7.3425,61
15658263,8908,7.3425,61
db29c5e,13807,7.3397,95
7987ee1a,6940,7.3425,53
68b07f54,14764,7.3425,95
131eae55,9056,7.3425,61
f5212b5,7843,7.3425,58
719edf0e,10105,7.3425,58
372f1819,9649,7.3425,58
512574af,6855,7.3425,53
4efd0384,9809,7.3425,58
491cc3fa,5912,7.3425,53
6bce510,13242,7.3315,58
7c467964,11614,7.3425,77
5a01a44b,5341,7.3425,50
7df849a9,7734,7.3425,58
752dbfe2,8592,7.3425,61
14d84032,5378,7.3425,50
46869af,9988,7.3425,58
5b9a9694,10934,7.3425,77
cee5250,11433,7.3425,77
12332532,13766,7.3425,95
30d2e14a,13865,7.3397,95
14243e80,1708,7.3452,22
422b25e6,12218,7.3425,77
4d0a3501,8157,7.3452,61
33889222,12205,7.3452,77
6ed6aed,15181,7.3425,103
1df27bc3,13699,7.3452,95
14ce741,12169,7.3452,77
76a27cc8,15794,7.3452,95
1b75daf3,11333,7.3452,77
15d7863d,11330,7.3425,77
73c71d29,13240,7.3452,58
16666ba5,10353,7.3425,77
23f199d8,3865,7.3452,37
abe05f5,7555,7.3452,58
41db7fde,12293,7.3452,77
64450f03,8501,7.3425,61
4b55750a,5929,7.3452,53
313e5038,9640,7.3452,58
2b81fc4e,9108,7.3452,61
6770c32a,14227,7.3452,95
b8f465f,10104,7.3452,58
7ed17eb,14925,7.3452,95
449138be,10815,7.3452,77
6056cfee,9576,7.3452,58
1de395d,14924,7.3425,95
6ee334c2,12269,7.3452,77
5a6b5403,5394,7.3452,50
23fab568,12054,7.3452,77
75053746,6125,7.3452,53
6b40deda,13043,7.3425,58
561fc6a,10901,7.3452,77
72d39d20,14766,7.3397,95
4f427e7,12287,7.3452,77
58178f38,4401,7.3452,1
529fbafc,13414,7.3397,95
3ccb0712,13059,7.3452,58
2e373c9c,9641,7.3452,58
1925c473,7964,7.3452,58
7d2ff620,7317,7.3452,58
5248fb23,15603,7.3479,95
5e6be55a,1321,7.3479,19
365f85ef,9947,7.3479,58
79d61913,14868,7.3479,95
1eed90b,14628,7.3479,95
3f2a1e0,14093,7.3479,95
16f6d35e,13493,7.3479,95
5c4c4c92,4800,7.3452,1
2b9de091,15800,7.3479,95
b0173da,14472,7.3479,95
3df6a9a3,10483,7.3479,77
44a41077,13216,7.3479,58
2379837a,9881,7.3479,58
1dbae160,8698,7.3479,61
47dd8050,8458,7.3479,61
23ac1699,14805,7.3479,95
47ea079f,7316,7.3479,58
6771e315,13739,7.3479,95
6f42e5e9,4405,7.3452,1
2539a880,9590,7.3479,58
161b97f,8648,7.3479,61
5c124db5,2303,7.3479,27
ee344f2,13181,7.3452,58
7676956a,11615,7.3452,77
1ee34e8c,14746,7.3479,95
6ba7065a,11757,7.3452,77
7ff70b08,7905,7.3479,58
58e587c5,8278,7.3479,61
3de81c59,8954,7.3452,61
39fbb246,14579,7.3452,95
d1b94f5,14926,7.3479,95
6abdf6f5,8027,7.3507,61
3a20c0f1,12255,7.3479,77
12a53f30,7832,7.3507,58
b1d540a,10963,7.3507,77
2dd50fe1,12032,7.3507,77
18310c4a,15795,7.3479,95
5022d4d6,14517,7.3507,95
73aa66aa,14753,7.3507,95
2a7af8ff,4406,7.3507,1
4479d496,14326,7.3479,95
34af2516,3598,7.3507,37
31a07728,14948,7.3507,103
348fdcfa,16050,7.3507,95
72cd2ad9,10117,7.3507,58
3f073603,3848,7.3507,37
d2c1ffc,3899,7.3507,43
8fa1e64,14916,7.3479,95
478e7aaf,7230,7.3507,58
e0b041e,13920,7.3507,95
5c0e1b65,13714,7.3507,95
67f74e4,7564,7.3507,58
bd3f43d,10372,7.3507,77
5abf99c9,9066,7.3507,61
3701ae9d,7789,7.3507,58
3eee1d0,13891,7.3507,95
2f9707fb,15858,7.3507,95
7a9b4825,10741,7.3507,77
1fb16fa7,12294,7.3507,77
9c0b211,1979,7.3507,22
330f90f2,10416,7.3479,77
479b1722,9091,7.3507,61
502468f5,15878,7.3534,95
5cf808da,12623,7.3534,77
133f9bb7,12606,7.3534,77
c82acf5,9938,7.3534,58
7f920e50,14245,7.3534,95
633067a0,15780,7.3534,95
49874a42,10155,7.3534,58
cbdaa52,680,7.3534,1
c914770,14720,7.3534,95
15414a34,9876,7.3534,58
7a4e2642,15190,7.3507,103
1aa353cc,13452,7.3534,95
7bad85f0,10484,7.3534,77
64a2605b,14594,7.3534,95
79010036,9559,7.3534,58
6f5536bb,8863,7.3534,61
10e5f83c,7635,7.3534,58
6f6835ae,8108,7.3534,61
787dbfb6,14102,7.3507,95
f2ab85a,15204,7.3534,103
490cb7ea,11441,7.3534,77
67e72e20,15693,7.3534,95
7272bd65,13853,7.3534,95
28c02319,13151,7.3534,58
1fa97b82,13840,7.3534,95
4df620c,13441,7.3534,95
5a97da99,10208,7.3534,77
3d69cd3b,13469,7.3534,95
1418e964,8305,7.3534,61
6b2826e9,1394,7.3534,19
f0f6a07,15857,7.3534,95
7ed70c06,9581,7.3479,58
7cfc6ec8,7807,7.3534,58
2f7cfbfa,10903,7.3534,77
5c99f92,13890,7.3534,95
762f63a4,13847,7.3534,95
6e7728b4,14626,7.3534,95
269cadab,14600,7.3534,95
6fe093e5,12165,7.3534,77
af40d05,14871,7.3534,95
5d11a667,14688,7.3534,95
1e23a99b,1980,7.3562,22
75377e01,11336,7.3562,77
5f81d987,12634,7.3562,77
f737e8e,14033,7.3534,95
c9f618a,12056,7.3562,77
4216c16e,5535,7.3562,50
138a754a,9681,7.3507,58
799febb,7094,7.3562,58
5334cb4f,10487,7.3562,77
707d4cf3,3599,7.3562,37
204ea803,4715,7.3562,1
5a6cec10,7786,7.3562,58
414fe23,13835,7.3562,95
4474ebce,14103,7.3562,95
c50b9dd,3889,7.3507,43
4b36d234,4402,7.3562,1
16506670,2242,7.3562,22
3596777f,14164,7.3562,95
56dfd098,5182,7.3562,50
44178dae,14327,7.3507,95
5f4805cf,2238,7.3562,22
4a3e9bb0,12384,7.3562,77
18ce9326,14293,7.3534,95
4c152007,8985,7.3562,61
6466720d,11269,7.3562,77
1d9da1a2,11623,7.3562,77
cc0e74f,8864,7.3562,61
7b9f7533,14313,7.3562,95
17f355e0,9795,7.3562,58
454282eb,10758,7.3562,77
2032875c,13421,7.3562,95
3c1c7449,13229,7.3534,58
13a86772,14629,7.3562,95
77136f4d,11601,7.3562,77
77a5aa71,9043,7.3562,61
43fb02a8,12440,7.3562,77
26a12bb4,10347,7.3507,79
121d405b,11272,7.3562,77
7e183c52,8649,7.3562,61
24b4f7c2,11888,7.3562,77
b67946b,9946,7.3562,58
6a2a9150,13264,7.3562,95
730002c4,4729,7.3534,1
45dcf9e0,1078,7.3534,17
4a8ba2ac,10730,7.3562,77
4cc54a5a,6980,7.3534,53
1ebd2cfd,15607,7.3562,95
4fccbee7,13705,7.3562,95
7f84950e,11933,7.3562,77
78bfafb9,9655,7.3562,58
4f88a08,8796,7.3589,61
44ddb72b,5395,7.3534,50
b5a9448,929,7.3562,14
6d2b88e3,8349,7.3589,61
20b485b,4757,7.3589,1
47ba3827,15218,7.3589,103
42fd850e,14793,7.3589,95
3c4c8b0b,10968,7.3562,77
1d5aa1cd,14643,7.3589,95
2c075e15,12158,7.3589,77
3a6a20b2,14752,7.3589,95
ac99a45,10359,7.3589,77
14110704,1079,7.3589,17
5c8d8882,10334,7.3589,77
4a6c82f0,8174,7.3562,61
4ed303de,8526,7.3589,61
64838cf5,6123,7.3562,53
201f62ac,8194,7.3589,61
216854bf,3558,7.3562,37
66e74f4f,1820,7.3589,24
3d27140a,14433,7.3589,95
3d5d5eb1,8053,7.3589,61
72d48641,14653,7.3589,95
44ff4898,11375,7.3589,77
da40800,13583,7.3589,95
23f17046,10201,7.3589,77
6aae3575,8688,7.3562,61
405f152b,8350,7.3589,61
72ea80ce,7529,7.3562,58
740bcac3,11535,7.3589,77
3bf48772,11621,7.3589,77
17206347,12220,7.3589,77
3085dcac,12124,7.3589,77
3ae99dab,13849,7.3589,95
1232b9f0,10037,7.3616,58
4e97624b,12308,7.3616,77
55f031d,8467,7.3589,61
46229cb0,8450,7.3616,61
3ed27483,14395,7.3616,95
4820b237,13941,7.3616,95
4f5a6ffa,7461,7.3562,58
24cdfd92,1709,7.3616,22
56a9c41,10161,7.3616,58
76f79a72,14580,7.3616,95
28b18603,7096,7.3616,58
65cd2828,8878,7.3589,61
7974bed4,14760,7.3616,95
28adbd2f,15655,7.3616,95
c08b7a7,10981,7.3616,77
884266,8630,7.3616,61
5c56cebd,3557,7.3616,37
19d754dd,12381,7.3616,77
50ab6dcf,9006,7.3616,61
12f29ece,13947,7.3616,95
78bb990b,13834,7.3616,95
5b695b7d,8676,7.3616,61
502790ca,7808,7.3616,58
27757b0,14646,7.3616,95
4c4a7992,8687,7.3589,61
1189d080,15687,7.3589,95
56a570ee,10408,7.3616,77
7272d8f0,15963,7.3616,95
7a717684,13759,7.3616,95
6351d770,10962,7.3644,77
f9caa10,6337,7.3616,53
43b6126,7810,7.3644,58
7243990d,12770,7.3644,77
16127aed,12291,7.3644,77
7b95d508,7479,7.3644,58
11332c40,13062,7.3644,58
7fd6449a,3725,7.3644,37
7a168c9f,13912,7.3644,95
2f7e3b40,3554,7.3644,37
272753c3,11439,7.3616,77
6a982129,7232,7.3644,58
24a43a91,8447,7.3644,61
7a5eb17e,8909,7.3644,61
677a5cbd,11264,7.3644,77
517a0ce6,14951,7.3644,103
fb5647c,14693,7.3644,95
27b27b4c,13790,7.3616,95
4cc0a812,10915,7.3644,77
493563a9,4404,7.3644,1
46efeeb0,3628,7.3644,37
73c5dd64,9591,7.3616,58
20790fba,8195,7.3644,61
683a4a59,14654,7.3616,95
3654d481,8955,7.3644,61
3a0c6b36,12045,7.3616,77
58466ff5,13727,7.3644,95
769d60a2,14328,7.3644,95
61659023,6784,7.3616,53
3c165f96,7528,7.3644,58
651ac6f9,14309,7.3644,95
e482468,13782,7.3644,95
4361590a,13393,7.3644,95
4d85541f,13274,7.3644,95
5e20d1d0,12157,7.3644,77
7e9b7e58,13696,7.3644,95
313f7e87,7636,7.3644,58
1aed100,13809,7.3644,95
78dfc8a3,13625,7.3644,95
1f9d5e0b,14658,7.3644,101
3a519a1e,10094,7.3616,58
70d01095,10259,7.3644,77
764c54fc,14574,7.3644,95
3543138,10210,7.3644,77
3563da26,7090,7.3671,58
45c720a7,5804,7.3671,53
51387757,7216,7.3671,58
11d067e3,9067,7.3671,61
734751b9,8525,7.3671,61
585e171d,8527,7.3644,61
24e0c6a9,12377,7.3671,77
36f08fad,12159,7.3671,77
7ff3ca53,13218,7.3671,58
51b234f9,11758,7.3671,77
57bddc4f,5330,7.3671,50
754a9d9f,8426,7.3671,61
47f5e97c,10306,7.3671,77
26b50283,9007,7.3616,61
1fd3fdbe,1395,7.3671,19
56bee78e,14959,7.3671,103
3ed43dbe,8111,7.3671,61
56029d11,15807,7.3671,95
582d3c48,14872,7.3671,95
589304fe,15370,7.3644,103
47b5eb9f,10124,7.3671,58
59d0c6d,13533,7.3671,95
6a1acca3,11753,7.3671,77
3463bfea,8653,7.3671,61
7497f96c,10964,7.3671,77
1c160d72,2251,7.3671,22
710594f9,10258,7.3671,77
58b0f9dc,8880,7.3671,61
1327273f,12405,7.3644,77
3ff6c5b4,11536,7.3671,77
62892cef,4399,7.3589,1
4b6eb7e6,4758,7.3671,1
3da8477b,9860,7.3671,58
179c812e,5517,7.3644,50
7d953ae7,12640,7.3671,77
1e4e3d0c,4494,7.3671,1
358b847e,14595,7.3671,95
4a678e2b,13311,7.3644,95
3901e3b8,12046,7.3671,77
56c80fc9,14869,7.3671,95
3f09c91a,9042,7.3671,61
49691e06,3566,7.3699,37
7fc338b0,13724,7.3699,95
69e3c6c6,8650,7.3699,61
185383f9,7273,7.3671,58
194b37db,9105,7.3699,61
7a10a854,12152,7.3699,77
7f2b9afa,13281,7.3644,95
6e67deb5,10313,7.3699,77
809a62f,12187,7.3699,77
cc1a09c,7527,7.3699,58
4cf4ab30,13390,7.3699,95
6fab141e,14452,7.3699,95
2ad6ef1a,13695,7.3671,95
2b927f9c,7545,7.3699,58
42d6fcf5,3563,7.3671,37
756a0b55,9998,7.3699,58
68d994dd,14910,7.3699,95
61290586,13837,7.3699,95
500f68c5,3040,7.3671,1
254b1765,1759,7.3699,24
5e903a,9112,7.3699,66
26a2b06e,7809,7.3699,58
24858390,7838,7.3699,58
f678e85,8802,7.3699,61
26d8dc65,14794,7.3699,95
726a5033,3893,7.3699,43
6c1c104,13852,7.3699,95
e505b4f,8178,7.3699,61
3df0efa6,10264,7.3699,77
1d3bdbe3,14473,7.3699,95
15fae0a1,6857,7.3699,53
19fc5b72,15806,7.3671,95
234b0a34,13473,7.3699,95
60ec297d,3897,7.3699,43
22513229,14949,7.3671,103
598ddada,13708,7.3644,95
22ec7175,8459,7.3699,61
234a0394,13787,7.3699,95
62e89a18,14434,7.3699,95
7285c15a,15995,7.3726,95
821adae,9684,7.3726,58
3fcdfd7a,11531,7.3726,77
7e6b542f,4248,7.3726,1
8872e1f,1324,7.3699,19
58713458,8879,7.3699,61
7c9fd955,13387,7.3726,95
4df6815,8927,7.3726,61
35995947,9643,7.3699,58
649b7858,9542,7.3726,58
664c40ef,1326,7.3726,19
19ac13f3,7686,7.3726,58
6c3d8409,13448,7.3726,95
660022e0,14618,7.3726,95
12001ee5,10816,7.3726,77
5966dfc0,7228,7.3726,58
5d29b73b,13854,7.3726,95
78c4a6dd,7530,7.3616,58
246314e6,8675,7.3726,61
35969d6b,12406,7.3726,77
439335a8,11762,7.3726,77
6028657f,14844,7.3699,95
6b968ae5,13524,7.3726,95
2ce47ac5,12624,7.3726,77
3ce4900d,8301,7.3726,61
9c7753,10002,7.3726,58
5a782c9d,14873,7.3726,95
55c54745,8776,7.3726,61
4db9c108,11265,7.3726,77
2efc1103,13498,7.3671,95
357bdc85,15183,7.3726,103
4a7b4a00,15859,7.3726,95
49c963c6,9645,7.3726,58
7f307f5,8302,7.3726,61
62ef41cf,7290,7.3726,58
6c877c7a,8003,7.3726,58
7cbc10a0,12422,7.3726,77
7ee99ba2,9070,7.3699,61
613316f1,14695,7.3726,95
2c492fb1,5211,7.3753,50
613ae725,14247,7.3753,95
360933d4,8401,7.3753,61
2aac0ca5,10967,7.3753,77
47336ba1,11379,7.3753,77
182ab6d9,11334,7.3753,77
2e1f6936,13539,7.3753,95
517778b2,14808,7.3753,95
56503bf2,11624,7.3753,77
7c39315b,13944,7.3753,95
19eaba08,13735,7.3753,95
1bf49f1d,11273,7.3753,77
374a992,15713,7.3753,95
56a57ec4,13861,7.3753,97
1af5740c,8399,7.3753,61
3a6ebff,13868,7.3726,95
b21c85a,15855,7.3753,95
797c852a,13546,7.3726,95
69fea1d1,14329,7.3753,95
564dd784,8491,7.3753,61
2be3c0d7,13474,7.3753,95
7383d5d3,12153,7.3753,77
1fae2f47,14392,7.3753,95
500029d3,1396,7.3753,19
3c2e54a,11791,7.3753,77
3f0fb0e1,8597,7.3753,61
2dd5aa7a,7524,7.3726,58
10bffe88,2304,7.3753,27
3b8be341,7782,7.3753,58
e5b699f,14295,7.3726,95
28ee3800,2249,7.3753,22
6061bb04,8690,7.3781,61
749deaf7,8636,7.3781,61
10e89ece,13545,7.3781,95
45aa0add,11532,7.3781,77
287e30f7,11475,7.3781,77
332fbd5d,13214,7.3753,58
67e54b18,16052,7.3781,95
728c49db,7480,7.3781,58
2b2c36f5,13585,7.3781,95
65cf9029,12107,7.3781,77
65a7a398,15197,7.3781,103
2e8f8039,13283,7.3753,95
28d799bf,14296,7.3781,95
35485532,13832,7.3781,95
c39fccf,14603,7.3781,95
3805dfef,10199,7.3781,77
72d4cd84,11890,7.3781,77
3e3965bd,13942,7.3781,95
28552f32,12362,7.3781,77
7cb97f51,11587,7.3781,77
6ec53dc0,15191,7.3781,103
1ba4a928,8502,7.3781,61
1a0939d1,12773,7.3781,77
2dfd9e36,14754,7.3753,95
6a918d74,8028,7.3753,61
544284e7,8678,7.3781,61
756f80f,9685,7.3781,58
469bcafd,13791,7.3781,95
20871577,13374,7.3781,95
7235622c,8400,7.3781,61
60a2d83c,10780,7.3808,77
48502678,11889,7.3808,77
50e4aea8,14021,7.3808,95
52492985,13769,7.3808,95
2671efb0,10402,7.3781,77
50169033,14765,7.3808,95
19bc0faf,8424,7.3808,61
6cd873de,14346,7.3808,95
457d0d9a,14682,7.3808,95
2540dc0c,14471,7.3753,95
218e9a0e,11604,7.3781,77
58b628e7,13956,7.3781,95
77dff6ac,7640,7.3808,58
5a632410,11613,7.3808,77
64a39fd8,13892,7.3808,95
364258d1,11424,7.3808,77
f689bb8,12449,7.3808,77
3b0be6f0,12295,7.3808,77
66f07ba2,14539,7.3808,95
6e928b46,10268,7.3808,77
2d926120,11339,7.3808,77
666c8a71,8492,7.3808,61
3a4c075,10220,7.3808,77
7996a3fc,15796,7.3808,95
47b3568f,9644,7.3808,58
458e730a,14344,7.3808,95
6823fd9e,3439,7.3808,36
608ca4a6,14312,7.3781,95
2cc96208,13391,7.3808,95
71935e30,10757,7.3808,77
4733752b,8957,7.3808,61
429f40ff,6958,7.3808,53
25a1b386,11870,7.3808,77
4ea81bdc,10354,7.3836,77
12eeb50f,7662,7.3836,58
2ace9715,8468,7.3836,61
25b3c49,14382,7.3836,100
ca3b125,14911,7.3836,95
6b822b73,7836,7.3836,58
352a7f29,11377,7.3836,77
b1ee205,8514,7.3836,61
6e48b4b1,14795,7.3836,95
7ff31ac4,14317,7.3808,95
5d07ffa,10817,7.3836,77
d6993f0,12154,7.3836,77
63658b5e,7483,7.3836,58
482346bf,2669,7.3836,29
2fe15045,7783,7.3836,58
29c8c5ec,13002,7.3836,58
81e30a2,9543,7.3836,58
663894f0,12400,7.3836,77
347c3036,13715,7.3836,95
11ba2d84,11376,7.3836,77
11ba2d84,25639,7.3836,143
13badee2,15802,7.3836,95
7eb27dfa,8952,7.3808,61
3ffe953d,8718,7.3808,61
5c8ff9c8,13899,7.3836,95
1ae72c49,11575,7.3836,77
9a79fef,13902,7.3836,95
49314552,8706,7.3808,61
9d4d112,3509,7.3836,37
2481bc23,11795,7.3836,77
76350c2,13717,7.3836,95
320eef26,8290,7.3781,61
71d627e0,3903,7.3808,43
581ffd5d,16071,7.3781,109
45e753dc,14246,7.3836,95
9a35d7,14428,7.3836,95
d5f399,12607,7.3863,77
407c3d44,12256,7.3863,77
672ed503,15893,7.3863,95
18280389,7274,7.3781,58
cdb213,11589,7.3863,77
49926b36,9044,7.3863,61
37ce622e,11560,7.3863,77
16f9ef8e,5379,7.3863,50
742642fb,13716,7.3836,95
62b55ebf,13848,7.3863,95
7eeb69f,8705,7.3836,61
6b5b1de9,13396,7.3863,95
5f02c9a0,15856,7.3863,95
1b991f7c,14870,7.3836,95
4245161e,13960,7.3836,95
fcc9c9e,13913,7.3863,95
4d4ffa2d,13547,7.3863,95
306d1a87,8728,7.3863,61
79eb8ae3,8192,7.3863,61
2ada185d,11533,7.3863,77
67ff42f0,3175,7.3863,1
40c50efe,10227,7.3863,77
7384b035,14386,7.3863,95
654a579a,13089,7.3836,58
6ff2bcbe,8427,7.3836,61
18a48d43,10202,7.3863,77
3d3da026,10178,7.3836,77
39653581,12057,7.3863,77
47df4f2c,7850,7.3836,58
2f851bd7,14173,7.389,95
137745f1,8677,7.389,61
75ffef8,13921,7.3836,95
471b58d,13233,7.389,58
439beb29,7220,7.389,58
7e007a59,15964,7.389,95
795c9ded,13230,7.389,58
50ad17fa,10211,7.389,77
335bd74c,14518,7.389,95
4c737c65,8925,7.389,61
2cf24533,7750,7.389,58
2d34802d,15184,7.3836,103
14d88590,13453,7.389,95
439f533a,13497,7.389,95
123aba5c,10355,7.3863,77
2cdfbef5,13922,7.3863,95
6d9e9e9e,13237,7.389,94
7c7b4afb,13771,7.3863,95
45c4c0cd,9656,7.389,58
2eb6a73,15823,7.389,95
531254cd,11348,7.389,77
309f3688,16039,7.389,95
55ffb96f,10898,7.389,77
7598f0c6,11586,7.389,77
16b99410,8689,7.3863,61
4f58cc46,9038,7.389,61
ead5d5c,11869,7.389,77
3c01928f,10270,7.389,77
6642980b,3898,7.3863,43
6f715279,15738,7.389,95
609788c,2597,7.389,28
bd2a576,15633,7.389,95
3b77cb69,13844,7.389,95
48eeaa76,8465,7.389,61
37a75bb6,14474,7.3863,95
5cd70378,15778,7.3918,95
49879ecc,7485,7.3918,58
2c80ff1f,13710,7.389,95
326716ec,13316,7.3918,95
39304bf1,8207,7.3918,61
1780fcda,8466,7.3918,61
374ebf4a,7568,7.3918,58
7c4469b0,10213,7.3918,77
42ca3691,9114,7.3918,66
699951d0,14512,7.3918,95
1ddc208c,12202,7.3918,77
6343ea79,10265,7.3918,77
21b5adb4,14809,7.3918,95
325879ad,8637,7.3918,61
116cb9e7,12292,7.3918,77
6d808991,11595,7.3918,77
61544198,8187,7.3918,61
554ab128,5204,7.3918,50
34c7a2d7,15674,7.3918,95
1030d90e,5519,7.389,50
10df34bb,13415,7.3918,95
64e7f96e,11754,7.3918,77
538fe38,14914,7.3945,95
dc23862,12059,7.3945,77
4ed9f0c3,14431,7.3945,95
3b71c8e6,15769,7.3945,95
4249b023,8430,7.3945,61
58b7b8bf,14040,7.3945,95
3c0164e,11482,7.3945,77
1f5d3f7c,8719,7.3918,61
48f090c9,12120,7.3945,77
6bb64b2d,16051,7.3918,95
1e039bbc,8707,7.3945,61
7b94ba83,7091,7.3918,58
78e5a1d9,14454,7.3918,95
e35d766,15179,7.3945,103
c697367,8055,7.3945,61
52f780cb,13706,7.3918,95
7490825,15828,7.3945,95
739f14f0,14343,7.3945,95
2767614d,7291,7.3945,58
6052cc8d,8114,7.3945,61
157b7fd5,7221,7.3945,58
e4de994,8463,7.3945,61
410ad058,9544,7.3945,58
5dfbac3d,8493,7.3945,61
2b3b35ab,13003,7.3918,58
4adb6811,11478,7.389,77
5dc4f902,8640,7.3945,61
7c7ef4a3,12102,7.3945,77
4db8d8d,11358,7.3945,77
5dde3cc3,13147,7.3945,58
2f3accbe,3907,7.3945,43
3e30b2a8,3627,7.3945,37
44c64085,10799,7.3945,77
685254fa,7488,7.3945,58
11f42a72,9635,7.3945,75
2a6a7f16,11266,7.3945,77
5cded0b6,8266,7.3973,61
2651aa53,10966,7.3973,77
1646b351,10965,7.3973,77
271a3299,11766,7.3973,77
6fadfc40,12062,7.3973,77
455cda63,2743,7.3973,29
6ef4e3a9,13152,7.3973,58
4d8b191d,11940,7.3973,77
4d44a310,13496,7.3973,95
6e68f719,13709,7.3973,95
3400d2a8,10350,7.3945,77
29b24863,13900,7.3973,95
2eef7b49,16028,7.3973,95
27c8b8d6,15897,7.3973,95
4132901f,13760,7.3973,95
329e0ec3,10052,7.3973,58
84e1150,12017,7.3945,77
5a2a77a3,14513,7.3973,95
4f1b3878,14813,7.3918,95
73d383c0,14686,7.3973,95
11bf9b64,8923,7.3973,61
53957786,12125,7.3973,77
133a67bf,15636,7.3973,95
5a8b8538,1082,7.3973,17
3529d02a,9057,7.3973,61
58201950,10266,7.3973,77
20f16c95,7556,7.3973,58
26d58ff6,13455,7.3973,95
5d86b386,15774,7.3973,95
5b4cbff,9687,7.3973,58
2e8a8a18,15604,7.3973,95
242a1a00,7212,7.4,58
4c588780,13749,7.4,95
6f9056c7,13397,7.4,95
1530cb67,10340,7.4,77
61be29db,8958,7.3945,61
39affc9b,15970,7.4,95
6952c6eb,10269,7.4,77
4999368,13961,7.4,95
17610b6f,8612,7.3973,61
70118a9,14854,7.4,95
781be33c,10941,7.4,77
30d13d84,10935,7.4,77
2f746282,5392,7.4,50
11b86b7e,8804,7.4,61
20bff395,12429,7.4,77
71af6bd,9948,7.3973,58
f0690f7,11574,7.4,77
714a25d8,15896,7.4,95
3e1ec6c7,7557,7.4,58
32f2c3f4,14335,7.4,95
6d0ebd64,15880,7.4,95
3df11166,12114,7.4,77
486153c3,13877,7.4,95
329a552d,3594,7.4,37
bf4c775,11559,7.4,77
54f74efd,14432,7.3973,95
7591d0e1,12108,7.3973,77
51d840c4,10979,7.4,77
13477a3b,10112,7.4,58
49a53206,10982,7.4,77
7cea7075,8214,7.4,61
787a1d1,8594,7.4,61
1eca101,2088,7.3918,22
14ca0f85,1390,7.4027,19
741f3a18,15660,7.4,95
5bd99536,13300,7.4027,95
61ea3eb5,14238,7.4027,95
2518b32a,8193,7.4027,61
28da926b,9556,7.4027,58
3f3dd263,13929,7.4027,95
31b41fbe,14635,7.4027,95
f925ca7,10942,7.4027,77
14419a13,8928,7.4027,61
6f732f9c,12170,7.4027,77
1346b1d3,8460,7.4027,61
4239c712,15661,7.4,95
5f53dc96,14306,7.4,99
261b5a5f,13395,7.4027,95
292a172f,10985,7.4027,77
f44f3f0,3840,7.4027,37
3c9b45d,15971,7.4027,95
42bf6fde,10310,7.4,77
3b558bc9,8404,7.4027,61
13263420,8644,7.4027,61
5d030145,3560,7.4027,37
64fb54a4,16010,7.4027,95
73e79031,13957,7.4027,95
51422d59,10351,7.4027,77
140e071d,8469,7.4027,61
2aee2f4c,15770,7.4027,95
65c74438,1706,7.4,22
25af953c,14698,7.4027,95
7d9ebe71,10003,7.4027,58
41fd587b,14248,7.4027,95
1ab29b47,2000,7.4027,22
7f28977,10839,7.4027,77
2c425873,8134,7.4,61
1c549155,7275,7.4027,58
37412c24,14387,7.4027,95
2fe372ec,10225,7.4055,77
793a71ff,13767,7.4055,95
7cc6171,2252,7.4055,22
39a7e128,15369,7.4027,103
23633a23,7213,7.4027,58
1b05d923,1361,7.4027,19
251be66b,9949,7.4055,58
2c29a28d,12060,7.4055,77
2333fd41,9589,7.4055,58
19bb6926,14697,7.4055,95
2cc267f3,8989,7.4055,61
5690e4be,11395,7.4055,77
6af5d2d8,15775,7.4055,95
28c574f9,8289,7.4055,61
178763ed,8303,7.4027,61
14d75761,13770,7.4055,95
4663c0b7,9032,7.4055,61
2c4b9b1,2089,7.4055,22
12577ac,13182,7.4055,58
2d91e46e,13833,7.4027,95
75afff13,15198,7.4055,103
5201c926,8611,7.4055,61
50743cc9,11588,7.4055,77
78b35cdd,8288,7.4055,61
5aa36531,10987,7.4055,77
50fe5e11,8785,7.4027,61
c6ae5d1,13810,7.4,95
6e5d1535,11561,7.4055,77
2f966f22,3901,7.4055,43
d3aa217,8062,7.4027,61
56a58a0c,14662,7.4055,95
ce31988,11741,7.4055,77
5057d950,6854,7.4055,53
4ca45307,13850,7.4055,95
3be3b2bc,7484,7.4055,58
14567a9e,13742,7.4055,95
58c632b9,8304,7.4055,61
1eb3eced,13108,7.4055,58
6e5967f2,12423,7.4055,77
aabe30,11622,7.4055,77
6e78f949,13597,7.4055,95
495dfc92,8699,7.4027,61
6c1e74bc,11792,7.4082,77
39900c31,13784,7.4082,95
108b08fb,16053,7.4082,95
3614cf14,13525,7.4055,95
29b0f6fe,12064,7.4082,77
10f8967d,10576,7.4055,81
58fc8849,13209,7.4055,58
3ae0663b,8700,7.4082,61
4880902d,8470,7.4082,61
149320e,3878,7.4082,37
66a988c5,8177,7.4082,61
6e2e5011,5520,7.4082,50
3236a113,8720,7.4055,61
eb4d9dc,9810,7.4082,58
5215381d,12015,7.4055,77
427921df,9813,7.4082,58
65ad8d92,13088,7.4082,58
683c76f5,15614,7.4082,95
6f857cd8,13829,7.4055,95
475722cd,13285,7.4082,95
4c2b8421,15631,7.4082,95
472bd88f,11749,7.4082,77
38c1f0e,8509,7.4082,61
7d3314f8,13792,7.4055,95
da56363,14702,7.4027,95
6883f64f,9871,7.4082,58
6d298df3,10746,7.4082,77
745fdf79,7546,7.411,58
1748ca93,8004,7.411,58
72b98856,8819,7.4082,61
535ed5e7,13061,7.411,58
59707ce2,5212,7.4082,50
7a71be4,12441,7.411,77
8db8c95,14620,7.4055,95
83d390d,11529,7.411,77
3678fb64,12058,7.411,77
45dd2ce5,3877,7.411,37
13acf1a1,1080,7.411,17
4510054b,6839,7.411,53
17886d78,13584,7.411,95
67ebbae3,1782,7.411,24
aec6e32,13518,7.411,95
49e1185a,14437,7.411,95
77279509,12272,7.4082,88
28f5b53a,11557,7.411,77
5927d89b,13418,7.4082,95
5cfefad6,13416,7.411,95
1c0423d8,14566,7.411,95
2df21be7,13737,7.411,95
6c90f5cb,15879,7.4082,95
15c93811,15969,7.411,95
48307adb,10314,7.411,77
69c9c106,14083,7.4055,95
ecd2fa4,13788,7.411,95
7a5ebc51,11403,7.411,77
806ab17,13931,7.411,95
335d30b9,14383,7.411,100
5506d308,15680,7.411,95
5888a5b4,12134,7.411,77
7cfd63c0,10267,7.411,77
7f6e8e52,11755,7.411,77
18392e14,14236,7.4082,95
423b0d52,2598,7.4137,28
5f03b5a4,10984,7.4137,77
5494bc08,9646,7.4137,58
627d947f,12257,7.4137,77
50c6100,13238,7.411,58
1f47ad6e,13317,7.411,95
5dab95b7,11759,7.4137,77
2cae16f6,11576,7.4137,77
682091d0,8079,7.4137,61
4acc7602,11616,7.4137,77
68c28ee8,10010,7.4137,58
69c5a86a,9796,7.4137,58
35801a02,10776,7.4082,77
22edecfa,4249,7.411,1
1cd506d6,10226,7.4137,77
601c7e6a,9882,7.4137,58
24de0cfb,10415,7.4137,77
6fb6716b,7844,7.4137,58
33be41de,13517,7.4137,95
11bb5268,8418,7.4137,63
25ec053f,14882,7.4137,95
2680d0c6,12222,7.4137,77
7624a40c,11394,7.4137,77
72edb939,13903,7.4137,95
390e9d1e,13399,7.4137,95
7c0ea2fd,12100,7.4137,77
6cf500f8,7736,7.4137,58
5c285b5a,8726,7.4164,61
43931597,14435,7.4164,95
364e1061,11537,7.4164,77
e389696,9651,7.4164,58
7a8c4e6,9538,7.4164,58
37496330,14604,7.4164,95
6c40b5e4,12626,7.4164,77
19c4adc2,8727,7.4164,61
42203cc0,11763,7.4164,77
18ecb99d,14565,7.4137,95
8668e34,13838,7.4137,95
4928f42a,11874,7.4164,77
56a875f9,3564,7.4137,37
75befa70,11605,7.4164,77
5837d55b,10039,7.4164,58
36bb1e3b,1781,7.4164,24
217b3ea1,8651,7.4164,61
1a2a5f41,11275,7.4164,77
44815d24,12404,7.4164,77
a9021f6,1325,7.4164,19
4970d2a,3906,7.4164,43
74280bce,8595,7.4164,61
6f80ab2,14174,7.4164,95
685c9690,12605,7.4164,77
634895fc,14696,7.4164,95
5f8a2ae2,13747,7.4164,95
62ae8982,7443,7.4164,58
79eb1116,10904,7.411,77
1961063b,8691,7.4164,61
15377f61,10162,7.4164,58
21a1b697,15371,7.4137,103
1505eb91,10936,7.4164,77
32457bb8,3849,7.4164,37
3c168a28,8112,7.4164,61
3f709600,12408,7.4164,77
2dd7034f,3908,7.4192,43
4a08a0f7,11594,7.4192,77
17b42c07,14520,7.4164,95
eb51df2,11590,7.4192,77
67a91c6,12221,7.4192,77
13a2373d,13215,7.4192,58
2540e55a,10773,7.4192,77
3bc268d,3088,7.4192,1
511a739d,12258,7.4192,77
5383bd5c,14165,7.4192,95
7ba8378e,10203,7.4192,77
52b8a587,11349,7.4192,77
14b7fa15,14619,7.4192,95
714bf843,15797,7.4192,95
132130a9,8815,7.4192,61
11253fcb,14874,7.4192,95
5f8209ee,15700,7.4192,95
71257bbd,6858,7.4192,53
6b1bb948,13587,7.4192,95
53f80887,15718,7.4192,95
4d56ef9e,9812,7.4192,58
1cfab66f,11401,7.4164,77
46d8cede,8530,7.4137,61
70bfeeb4,13305,7.4192,95
63907c14,13132,7.4192,58
5dce1b8d,7319,7.4192,58
2a90f7c7,1456,7.4219,19
2abe6275,3841,7.4219,37
257bf3d8,8291,7.4219,61
45eb4bbf,11577,7.4219,77
6868a20a,6333,7.4219,53
7f5761e3,7966,7.4219,58
319cd8b8,8080,7.4219,61
7e7df64c,12229,7.4219,77
4b031860,12602,7.4164,77
1173c6b4,3559,7.4164,37
54aa040c,1455,7.4192,19
797f9461,15740,7.4219,95
2e71daee,8631,7.4219,61
7d620758,9800,7.4219,58
796cf69c,11606,7.4219,77
f9279,13470,7.4192,95
7c35b94c,13394,7.4164,95
5c33aa8e,13750,7.4219,95
31863e97,15701,7.4219,95
2f40e62d,8956,7.4219,61
7eeed550,15965,7.4164,95
28b39b45,13060,7.4219,58
3f4877d9,12428,7.4219,77
3fba8421,10204,7.4164,77
17636c75,12063,7.4219,77
1faf7f9c,9657,7.4219,58
6325250f,13046,7.4219,58
8d52ec6,7320,7.4219,58
1a5d65b,8829,7.4219,61
4d9fb6d,11752,7.4219,77
606e27f5,9945,7.4192,58
2aa97baa,11794,7.4219,77
b2bd327,14297,7.4192,95
406253bc,1783,7.4219,24
b904c21,14694,7.4219,95
512295ca,15776,7.4164,95
30b7d06f,8284,7.4247,61
65d08fb5,6339,7.4219,53
72b490f0,11767,7.4219,77
7c0e1261,12407,7.4247,77
4e4f5e98,12099,7.4219,77
1dc29772,10011,7.4247,58
441e4e15,12206,7.4247,77
54e395fc,1359,7.4247,19
127b7576,8825,7.4247,61
1eeae042,13217,7.4247,58
179a8dea,11416,7.4247,77
21c217ea,15829,7.4192,95
685b1661,8425,7.4192,61
217a13d8,14450,7.4247,95
13cc9d1e,13304,7.4247,95
62cc3fc0,14177,7.4247,95
53000934,13830,7.4247,95
6043b8a8,2592,7.4247,28
acb348,14755,7.4247,95
63d8e52b,7839,7.4247,58
22b0e833,9632,7.4247,58
12cdce5b,13783,7.4247,95
11fcc1fd,8081,7.4247,61
37664573,11442,7.4247,77
4266235f,12130,7.4219,77
66b37785,13746,7.4274,95
1a70c21e,13728,7.4219,95
2846338d,11545,7.4274,77
2810eb2f,9558,7.4274,58
6ad661c3,15836,7.4274,95
6d740b84,11385,7.4274,77
b73290,12207,7.4274,77
1efba1ae,13962,7.4274,95
6389e2ab,14094,7.4274,95
6e43c4d,8054,7.4274,61
7ff5acf6,15658,7.4247,95
3210b0a7,13700,7.4219,95
26209c5e,13148,7.4274,58
71a5919a,9031,7.4274,61
2ad8b69d,11558,7.4247,77
5d95b9bf,14592,7.4274,95
551628cd,12424,7.4274,77
f552ce7,9797,7.4274,58
38772022,9047,7.4274,61
65034ff7,8813,7.4274,61
77458443,13284,7.4274,95
152b5aa9,10243,7.4274,77
333f7eff,10905,7.4274,77
32c83e8a,8604,7.4274,61
5609b30d,14041,7.4247,95
4dcba3d3,11389,7.4274,77
424628e2,15892,7.4274,95
27a56d1,3850,7.4247,37
4a7a08e7,10782,7.4301,77
6be7bf4c,8503,7.4301,61
39b5534c,8113,7.4247,61
29f0aa92,9815,7.4301,58
796cbda3,12618,7.4301,77
63cbbf59,8109,7.4274,61
70f7bf5f,14455,7.4301,95
7c36a46,8584,7.4274,61
61450e2a,7321,7.4274,58
5cff3fe9,13924,7.4301,95
3bd7050b,9068,7.4301,61
40621070,14475,7.4301,95
7eed5e52,14241,7.4274,95
3c6bacad,11479,7.4247,77
33ad0b97,8708,7.4274,61
16086a7c,14330,7.4301,95
46b9195d,8558,7.4274,61
5232c016,7688,7.4301,58
9189874,10781,7.4247,77
68b6816a,15809,7.4301,95
5c1648a1,9085,7.4301,61
52ebc18f,16040,7.4301,95
169d99b4,13955,7.4301,95
5b8b682b,13811,7.4301,95
90c65f6,13422,7.4301,95
7e31383e,15739,7.4301,95
353670bb,8638,7.4301,61
395d382b,8063,7.4301,61
5b46fcc4,2678,7.4301,29
4377568d,15621,7.4301,95
43bda4f8,2200,7.4301,22
1c471922,10342,7.4247,77
21b87bf4,13751,7.4247,95
4508b79c,12016,7.4301,77
6c24d52d,13925,7.4301,95
15444376,15834,7.4301,95
6c7eac6d,3843,7.4301,37
4c5ab8c3,14747,7.4301,95
79750c7,8189,7.4301,61
424a5f7e,13768,7.4301,95
42fea4fc,14880,7.4329,95
75161026,7218,7.4329,58
6c92c72d,10343,7.4329,77
7cb3c46e,5213,7.4301,50
4b5d5640,13291,7.4329,95
e0fe82d,14796,7.4329,95
74defd6e,6840,7.4329,53
16acc72f,13927,7.4329,95
37e27cec,13676,7.4329,95
46c3b454,11530,7.4329,77
4d2286,10841,7.4301,77
654d434d,10156,7.4329,58
465da4bd,7932,7.4329,60
43b489e7,12627,7.4301,77
456b1495,13310,7.4301,95
6da57850,11591,7.4329,77
358e36a8,10775,7.4329,77
112f29e9,8209,7.4329,61
3afc0f3d,9811,7.4329,58
10ee7288,8559,7.4329,61
370d7441,10143,7.4329,58
3db501d6,13730,7.4329,95
272e7b4b,8522,7.4329,61
63513270,13928,7.4329,95
586d516,11873,7.4329,77
bd93f92,11274,7.4329,77
51864c33,14249,7.4329,95
1a121d37,7489,7.4301,58
526916b,8641,7.4329,61
6f0ee10d,14730,7.4329,95
2d6976d1,12473,7.4329,77
2577f758,12378,7.4329,77
4eed509b,10983,7.4301,77
7f712de4,15612,7.4329,95
1d6905c,7028,7.4356,53
296fe1d6,13772,7.4301,95
6d3e81e9,12603,7.4356,77
251b6175,10786,7.4356,77
3b10900a,13277,7.4356,95
88e5672,8295,7.4356,61
5373763f,10165,7.4329,58
496ab212,13855,7.4356,95
7c0b9f13,12425,7.4356,77
431fcde3,13793,7.4329,95
2e5492e,2305,7.4329,27
44e5837b,3842,7.4356,37
2382a85c,10759,7.4356,77
16f90292,8471,7.4301,61
f8be3e9,15656,7.4356,95
7c8fc052,12199,7.4356,77
4aef15c3,7222,7.4329,58
5609c4ae,11337,7.4356,77
76da3a7b,10271,7.4356,77
4f6e365a,16011,7.4356,95
5edea1b7,2250,7.4356,22
6cadf6a2,8901,7.4356,61
7499732d,13744,7.4356,95
53378627,2114,7.4356,22
78cf46ef,14883,7.4329,95
7b54b7b2,9814,7.4356,58
69e4aad2,12325,7.4356,90
446bb3ee,8781,7.4329,61
2b8213fa,13589,7.4356,95
2978d05b,10426,7.4356,77
77cf1be1,932,7.4356,14
6ea22235,8679,7.4356,61
5584e1d8,14006,7.4384,95
3a91093b,8280,7.4384,61
358e0d9b,9873,7.4329,58
2bfa75a1,8208,7.4384,61
4ac23295,8352,7.4384,61
78828cd,10488,7.4384,77
38ba8034,14814,7.4356,95
ad08ec9,15996,7.4384,95
40d84263,4718,7.4356,1
28a6f130,13460,7.4384,95
4f77a8dd,13471,7.4384,95
14fa7d3c,7690,7.4384,58
73f1a94b,8196,7.4384,61
a073db3,12778,7.4384,77
78ade4b7,7224,7.4356,58
76059bad,11603,7.4356,77
446f4f0,15667,7.4356,95
43926ad9,15694,7.4384,95
548db640,2307,7.4384,27
2502311,13318,7.4384,95
e8f878f,13417,7.4356,95
3ddd13da,7223,7.4384,58
f106a8e,3852,7.4356,42
6dc9621a,13472,7.4384,95
544fe655,12208,7.4384,77
268eb0ac,3904,7.4329,43
73982464,11748,7.4384,77
556751bf,11485,7.4384,77
71b85793,16073,7.4384,109
7eb17808,12312,7.4384,77
2d69aca2,7663,7.4384,58
782f727a,14875,7.4356,95
1fe0066f,14605,7.4384,95
70e55685,10123,7.4411,58
56111a9,9993,7.4411,58
658db11b,11764,7.4411,77
7ac110bb,6340,7.4384,53
20ca2018,7029,7.4411,53
2dab81f1,8267,7.4411,61
25a6e836,13231,7.4411,58
571060f1,4495,7.4384,1
262b50eb,13964,7.4411,95
57fef9d6,15192,7.4411,103
450b4c47,8353,7.4411,61
58ad1347,9861,7.4411,58
5eff898f,12224,7.4411,77
1148bbff,15899,7.4411,95
6d981d35,16042,7.4384,95
4d086919,14630,7.4411,95
527e6d8b,12126,7.4411,77
6bda378,16030,7.4411,95
2b61772f,14683,7.4411,95
284c901e,11177,7.4411,77
25af93fb,13948,7.4411,95
49ca0f0,7292,7.4411,58
56b3fbbb,14596,7.4411,95
6f517578,7848,7.4411,58
4fa9bfb2,14818,7.4411,95
1640ddf7,15804,7.4411,95
77ba64ef,13266,7.4411,95
6d71b1bb,13526,7.4411,95
132425d5,12637,7.4411,77
11f25c2c,10917,7.4411,77
14d8480,9033,7.4411,61
2574155a,13063,7.4411,58
174c96ac,10772,7.4411,77
145cbb55,14022,7.4411,95
7e6cee9d,10937,7.4411,77
79d854da,11800,7.4384,77
7c83507e,10260,7.4411,77
f0950b4,13319,7.4438,95
7e7ec413,6334,7.4438,53
5c4aaa19,8351,7.4438,61
3f6516a2,12779,7.4438,77
453b2182,13612,7.4384,95
235d99fb,14446,7.4411,95
729d527b,8281,7.4438,61
6694f1d4,14816,7.4438,95
6dcf4148,10357,7.4438,77
6ec2ef49,7375,7.4411,58
72e9f422,13761,7.4438,95
6c9316e8,14105,7.4384,95
3d3439c5,11380,7.4411,77
7c6f65e6,8786,7.4411,61
52e6585,14288,7.4411,95
38dbc9e6,13260,7.4384,95
243d3529,8403,7.4438,61
301ef55,8190,7.4438,61
23fa341d,3851,7.4411,37
26417f94,7217,7.4438,58
68286a8f,5807,7.4438,53
2ddd3d50,8652,7.4411,61
558e7faa,7391,7.4438,58
337c1804,1821,7.4438,24
2c96ad42,14815,7.4384,95
7ea5f73f,10315,7.4466,77
c0d7e2a,7619,7.4438,58
2a58332e,12452,7.4466,77
7937a259,14950,7.4438,103
287abe4f,10943,7.4411,77
4f616944,13548,7.4466,95
4009823,10988,7.4466,77
24cbf2c5,14632,7.4466,95
602aa96f,10316,7.4466,77
1d5febe3,13949,7.4466,95
487ff765,14917,7.4438,95
59b09a45,10827,7.4466,77
796cdcb,10411,7.4466,77
2216166c,14229,7.4466,95
128b4f62,15890,7.4411,95
1742b290,12471,7.4466,77
649130ca,11295,7.4466,77
75205368,11871,7.4466,77
289f9d3b,14927,7.4466,95
3a284b32,8136,7.4466,61
387ca8d5,7234,7.4466,58
4f3017a1,15226,7.4384,103
3c42d3f,8279,7.4466,61
1b922d39,8494,7.4438,61
795530d5,14685,7.4466,102
639b94a2,12055,7.4438,77
3efcb204,14715,7.4493,95
17a9386a,13130,7.4493,58
71be3765,4793,7.4466,1
7b4f278e,10496,7.4493,77
444e92c1,8431,7.4493,61
1f7964de,11541,7.4493,77
1ffc7d4b,13930,7.4493,95
1d8d4a6d,12223,7.4493,77
2d651b87,13605,7.4493,95
191b85fd,9560,7.4466,58
79eec561,14621,7.4493,95
657c0411,8826,7.4493,61
4456f6c2,14699,7.4493,95
584f932,15881,7.4493,95
72ad05cd,11538,7.4493,77
7791813c,14811,7.4493,95
785b8762,7644,7.4466,58
5a34ac32,15997,7.4466,95
402d49d4,10777,7.4493,77
3b4ea88c,9071,7.4493,61
1f8a5810,7225,7.4493,58
602022ef,13149,7.4466,58
4ae9a4d6,11750,7.4493,77
4ad7fcf,12326,7.4493,90
492afd92,11384,7.4493,77
287c9902,12135,7.4493,77
17d3ff62,16006,7.4493,95
2f3447cf,11768,7.4493,77
48c84d77,3041,7.4493,1
5c1c0fe7,13047,7.4329,58
408806e1,13588,7.4493,95
5e50a50f,12131,7.4493,77
1228934e,14332,7.4466,95
b58659f,15839,7.4493,95
1f2fb4fb,14912,7.4466,95
307cec65,1784,7.4493,24
1f9016f1,13894,7.4466,95
61e42cbf,16008,7.4493,95
4433a0d1,12641,7.4493,77
1257f9fa,13606,7.4493,95
87da1e2,16058,7.4493,95
703d0f27,8929,7.4521,61
321cf97b,14436,7.4521,95
4462a0a8,15205,7.4521,103
e67f842,8654,7.4521,61
36e9a856,14952,7.4521,103
3335dc1b,7437,7.4521,58
1b5c0f58,10589,7.4521,81
3806f23,9045,7.4493,61
410568dc,10830,7.4521,77
5555652b,8817,7.4493,61
3a55d3b2,15425,7.4521,103
41082d6f,8421,7.4521,61
41f1bb1a,13153,7.4521,58
2bd86870,15835,7.4493,95
3f04f6fa,15782,7.4466,95
fc4ba5b,13743,7.4521,95
3fe7d720,8210,7.4521,61
738292ad,5396,7.4493,50
4ee79ca7,15688,7.4521,95
1b71ef45,9561,7.4521,58
9ab2fb8,14036,7.4521,95
35a79f7,12635,7.4521,77
205e06b,10360,7.4521,77
65751d7c,14606,7.4493,95
71eacd50,10986,7.4521,77
69bb7986,16085,7.4548,109
35a249b7,13312,7.4548,95
212f975b,12608,7.4493,77
c842dad,12638,7.4548,77
41575fbc,10938,7.4548,77
3fd288e4,14178,7.4548,95
66f08a8b,10831,7.4548,77
3b384c41,16079,7.4548,109
167cf7ce,10122,7.4548,58
7fa131ca,14881,7.4548,95
1477bd97,12101,7.4548,77
3436271e,8680,7.4548,61
6dade002,12609,7.4548,77
3785ed45,10261,7.4548,77
4b325b24,13398,7.4548,95
27fe7730,8723,7.4521,61
59bab5b6,10222,7.4521,77
f6b9bee,11872,7.4548,77
76488406,15900,7.4548,95
77bcf86,7231,7.4548,58
791ebdc6,11877,7.4548,77
5d4829b,8432,7.4521,61
151d4654,13590,7.4521,95
5633cd24,14005,7.4548,95
64690b50,13762,7.4521,95
3d37efa4,3762,7.4548,37
1cd662c3,13943,7.4548,95
54c4c690,13720,7.4521,95
785b64d3,11751,7.4548,77
7a13eeb3,11592,7.4548,77
ac3495c,12176,7.4548,77
55fc5b48,7641,7.4521,58
27fee721,12409,7.4548,77
42072f1,3565,7.4548,37
355f5e49,12160,7.4575,77
61a362b0,13475,7.4521,95
563243d7,13419,7.4548,95
6a561df,11013,7.4575,77
1152c00,10004,7.4575,76
5478ba76,16015,7.4575,95
7b597870,15699,7.4575,95
3fb1b037,14634,7.4548,95
12378587,8197,7.4575,61
3aeadeed,14008,7.4575,95
a40ab38,8528,7.4548,61
38c2824f,15748,7.4575,95
429fa9b5,13459,7.4575,95
1677236d,7643,7.4548,58
7a869af8,14314,7.4575,95
59cd44d8,13866,7.4575,95
7510e7fb,13426,7.4575,95
59ecd3ec,11543,7.4575,77
57cffae5,14175,7.4575,95
76afeff7,12259,7.4575,77
38b0fa80,11796,7.4575,77
3561c803,7620,7.4548,58
4aedfd52,8613,7.4575,61
75212450,8141,7.4575,61
7c78ad54,15219,7.4575,103
43232ca1,12322,7.4575,90
79e0a5f3,8806,7.4575,61
197401f7,7933,7.4575,60
66815efa,8115,7.4575,61
5e9b1866,13156,7.4603,58
1afef5de,12628,7.4603,77
23d5e9d8,8419,7.4603,63
2026baed,1785,7.4575,24
79498f27,14231,7.4603,95
1553687a,10095,7.4548,58
2580a201,11192,7.4603,77
78ee2f0b,8072,7.4603,61
3137ac31,10038,7.4603,58
74f992e7,3567,7.4603,37
417c0be8,14095,7.4603,95
4f62ab05,11383,7.4603,77
46fd4395,11607,7.4603,77
42432a5c,9658,7.4603,58
4c353ed1,15632,7.4603,95
7eab8f07,14756,7.4575,95
5f29e871,8814,7.4603,64
5494a12,13458,7.4575,95
1fab5102,8787,7.4603,61
290450c5,12033,7.4603,77
bf53155,13718,7.4603,95
1b0f3a3a,7092,7.4603,58
54d9ea93,10969,7.4603,77
5f501ab5,10578,7.4603,81
1cfc7db5,13738,7.4603,95
4d916a23,8902,7.4603,61
7d8df793,11118,7.4603,77
6257ff2f,4891,7.4603,1
6ec62050,7219,7.4603,58
1fb1dcf2,12309,7.4603,77
1afb915d,9995,7.463,58
4a720e5,15236,7.463,103
5bfd0776,9818,7.463,58
495e52f5,11423,7.463,77
58995160,10373,7.463,77
6584f29e,8529,7.463,61
56f19fef,8428,7.463,61
6d03a63e,8596,7.4603,61
7f83e8af,8056,7.4603,61
3d51e5c3,14748,7.4603,95
2207d78c,10989,7.463,77
67850b61,8783,7.4603,61
17c773f9,8818,7.463,61
77e1373e,14331,7.463,95
452cbbfc,7095,7.463,58
39f27ea5,4762,7.4603,1
486a3925,11399,7.463,77
6476b6ad,10361,7.463,77
69c9fbcd,13932,7.463,95
a3d7e3b,8721,7.463,61
26c99c3e,15193,7.463,103
58ef171e,15634,7.463,95
78bca4a4,10838,7.463,77
1991c12e,14608,7.4603,95
7353964e,8703,7.463,61
53a428dd,7637,7.463,58
4ea02f89,14812,7.463,95
3e35b181,15657,7.4603,95
592f0fc2,3905,7.4575,43
7414a7b8,15830,7.463,95
6fae9e25,15825,7.463,95
3621034f,2306,7.4658,27
44313796,3913,7.4658,43
ba284fe,13745,7.4658,95
2ad2cb57,15882,7.4658,95
14578e39,15779,7.4658,95
591796a2,10318,7.4658,77
468d6c0a,7996,7.4658,58
7ab99fff,10272,7.4658,78
2abc9476,7486,7.4658,58
52b7e0d7,6862,7.4658,53
2947ffde,13831,7.4658,95
25da5d89,15869,7.4658,95
37f0dea5,13845,7.4658,95
65fc0008,13926,7.4658,95
68559c62,11350,7.4658,77
15b4b5aa,14729,7.463,95
3ffb8c8f,7074,7.4658,58
1a30096d,14669,7.463,95
2c402bb3,7735,7.463,58
2e7cc3,3079,7.4658,1
419cc7b4,13527,7.4658,95
6a8f61d2,15719,7.4658,95
70283cd4,13183,7.4658,58
6ac938dd,10800,7.4658,77
47f99b84,8313,7.4658,61
60ff55a8,16074,7.463,109
12cbdb5a,8782,7.463,61
51801bff,15423,7.4658,103
72accec2,10012,7.4658,58
79025ea8,13904,7.4685,95
4767b871,8293,7.4658,61
634a0635,10308,7.4685,77
3244a640,12327,7.4685,90
268ab414,15743,7.4685,95
1d85b91b,7691,7.4658,58
5b73c310,10234,7.4685,77
57043a4a,14633,7.4658,95
3aecae0b,10374,7.4685,77
4d964973,10006,7.4685,58
7e5e955a,14106,7.4685,95
69bf5a77,15681,7.4685,95
1a666940,14567,7.4685,95
55ea4f1e,7849,7.4685,58
654476ae,8729,7.4685,61
6fbacb19,7490,7.4685,58
7c45487b,7645,7.4685,58
55c012da,8215,7.4685,61
1377efca,10771,7.4685,77
2a2c0cbe,8692,7.4685,61
2f8a7587,15702,7.4658,95
7cfc8f10,14453,7.4685,95
29ff1497,13719,7.4685,95
20cbeafc,13741,7.4658,95
55aa7dd,14731,7.4658,95
4fd90234,4716,7.4685,1
57c580d0,15783,7.4685,95
549318ee,16086,7.4685,109
6a0e9566,13428,7.4685,95
64f6d13,10787,7.4685,77
567b4648,16029,7.4658,95
51342611,10760,7.4685,77
4c70b3a0,7487,7.4685,58
2a0cffe7,8642,7.4658,61
57562840,8585,7.4712,61
5b936de4,12177,7.4712,77
2be7dc29,8730,7.4658,61
721b5ba3,15868,7.4712,95
2162cdc0,12636,7.4712,77
77fea9f5,15293,7.4712,103
6659fd75,15301,7.4712,103
28be8737,15294,7.4712,103
abddd6,12442,7.4685,77
40176c6a,15659,7.4712,95
5584f6d5,14345,7.4712,95
48cdddba,2593,7.4712,28
3b625191,15840,7.4712,95
7c1f0b45,10163,7.4712,58
22043c7d,7915,7.4712,58
79096284,8405,7.4712,61
598b606b,7737,7.4712,58
34cef269,15898,7.4712,95
2b4b07d1,3763,7.4712,37
2f0a74de,10378,7.4712,77
33283d59,11625,7.4712,77
2c6e5296,15220,7.4658,103
2ee4e748,14918,7.4712,95
5d6218ca,13282,7.4712,95
282c6ecc,14636,7.4712,95
21322b3c,10262,7.4712,77
7f96376e,16009,7.4712,95
76414173,11390,7.4712,77
3b28a339,14703,7.4712,95
206d4350,12103,7.4712,77
bf314ab,15295,7.474,103
45107ffc,8472,7.4712,61
3926f4f4,13135,7.474,58
dbbf409,3879,7.4712,37
47e9b982,9801,7.4712,58
180431ee,13871,7.474,95
542cab98,14196,7.474,95
17525fdd,4449,7.474,48
1285c17e,11542,7.474,77
1c8a068e,14230,7.474,95
16a58934,5537,7.474,50
27649013,15744,7.4712,95
1b563bb0,8805,7.474,61
57a4f022,14179,7.474,95
2589a303,2670,7.474,29
6d723fcb,11880,7.474,77
4bf4f7ed,14919,7.474,95
5fcf039d,13624,7.474,95
6e15de7e,9816,7.4712,58
7821980a,10818,7.474,77
4434f3b7,8110,7.4767,61
155b0b36,16007,7.4767,95
34613ef3,10362,7.4712,77
4811d3d3,12474,7.4767,77
8b70281,8292,7.4767,61
6bfdf16b,10311,7.4767,77
5656cc41,14097,7.4767,95
109f0213,8268,7.4767,61
200ca98b,8451,7.4767,61
3321ead1,11801,7.474,77
43224dd1,14176,7.4767,95
24fe7248,14610,7.4767,95
2c4d8b5e,15372,7.4767,103
69482fad,11945,7.4767,77
3e736cfe,10418,7.4767,77
2efbe564,7161,7.4767,58
6e2c9c9e,9046,7.4767,61
46b1e3b1,13522,7.4767,95
63807305,13313,7.4767,95
12217ad4,13958,7.4767,95
18e3cc62,12109,7.4767,77
2c0bab6,9607,7.4767,58
510618a4,14007,7.4767,95
31fe41da,8406,7.4767,61
5fb5b322,15201,7.4767,103
28906aeb,10819,7.4767,77
2e962347,13950,7.4795,95
4fb4dd09,8598,7.4767,61
c87a5b4,13869,7.4795,95
276b51fd,16055,7.4767,95
3878c24c,7214,7.4767,58
514d1cdf,14315,7.4795,95
60d6a947,13951,7.4795,95
1d4fe819,15666,7.4795,95
635b335e,12273,7.4795,88
5a49600e,15894,7.4795,95
f806691,13109,7.4795,58
6d6d4858,11596,7.4795,77
57965768,8724,7.4795,61
4acb5f53,8137,7.4795,61
46ce1484,8461,7.4795,61
4a765622,10874,7.4795,77
64d54bf8,8933,7.4795,61
4ddee8bc,10385,7.4795,77
2896db78,14193,7.4795,95
1e4a80da,11267,7.4795,77
66f51277,11544,7.4795,77
79fbce63,13306,7.4795,95
5cd49d1d,10412,7.4767,77
4207c0e4,14318,7.4767,95
7f2313c,930,7.4795,14
881c42e,10970,7.4767,77
46a909e3,14187,7.4822,95
4693a4f2,12610,7.4822,77
3e6d485e,13400,7.4822,95
4291bf97,13623,7.4822,95
4d4dda48,13895,7.4822,95
4437a35f,1761,7.4822,24
4adf5c2b,11582,7.4822,77
1e24c296,2201,7.4822,22
7612504b,11426,7.4795,77
4dfadbbd,8213,7.4767,61
55691165,8407,7.4822,61
5186bbc2,11392,7.4822,77
2852c7f6,12472,7.4822,77
18dce8d3,7392,7.4795,58
2054a92c,15901,7.4822,95
44684e4f,13965,7.4822,95
7a3b4c43,6341,7.4822,53
55eb9a7,12200,7.4822,77
466de9,10096,7.4822,58
6da4198,11769,7.4822,77
26a35c54,14962,7.4822,103
56c05aa6,15891,7.4849,95
65da5cb2,7913,7.4849,58
31580710,10906,7.4849,77
da5bc93,15676,7.4849,95
59e4d2eb,7240,7.4849,58
7bcf01e0,10358,7.4822,77
6e6c3aa9,11597,7.4849,77
1ffdd0f3,13752,7.4849,95
3f1ca6bb,15690,7.4849,95
2b1462b6,12604,7.4849,77
1b17e009,8643,7.4849,61
40905839,11480,7.4849,77
4f268bf0,13461,7.4822,95
3e2da0af,13604,7.4822,95
64dee0af,11793,7.4849,77
26cd2d9d,8135,7.4849,61
5d4f5bbf,14689,7.4849,95
eb4b061,8283,7.4849,61
66baa3f5,14810,7.4849,95
1dfcf280,13462,7.4849,95
52128567,9688,7.4849,58
7527ae39,14004,7.4849,95
5ebb2f44,11386,7.4849,77
24a9aee1,11427,7.4822,77
3dd5e046,7622,7.4849,58
62d63eae,8378,7.4849,61
2ac812ab,7131,7.4795,58
2d0ec9b9,10750,7.4822,77
522637dc,2681,7.4822,29
56d1b030,11402,7.4877,77
3cb5078c,8379,7.4877,61
4439a45f,14670,7.4877,95
588c8d0e,12774,7.4849,77
1749c138,7441,7.4877,58
1fe6a233,7664,7.4849,58
339b717a,15296,7.4877,103
23faf41a,7646,7.4877,58
7dfed430,10375,7.4877,77
26668937,7916,7.4849,58
24e796bc,15615,7.4849,95
2ff4caf8,13923,7.4877,95
cc1eee1,12323,7.4877,90
76ed9e3f,10233,7.4877,77
352237a4,13287,7.4849,95
7db98b86,12136,7.4849,77
807c3c1,10747,7.4877,77
5c296b28,15805,7.4877,95
14aeb8d6,11562,7.4877,77
4716907f,10600,7.4877,81
6f848a37,13155,7.4877,58
662e3e35,8834,7.4877,61
61a68ede,12611,7.4877,77
7ca858a9,10956,7.4877,77
4d7c0901,13789,7.4849,95
662e7ab,14096,7.4877,95
112abec4,11381,7.4877,77
49586e5d,10223,7.4849,77
1a7fed79,7162,7.4904,58
2f79c158,1397,7.4904,19
2e0f1b7,13323,7.4904,95
75a1c726,13464,7.4904,95
132e01ff,15424,7.4904,103
57b641c0,10971,7.4904,77
3624396f,14388,7.4904,95
33cc0b55,12331,7.4904,90
2a288900,15746,7.4904,95
1fa5e69e,8294,7.4904,61
508ed52a,10737,7.4904,77
160b121a,12379,7.4904,77
e0efbaf,13131,7.4849,58
35d326ba,8216,7.4904,61
798a2720,13402,7.4904,95
22ab9e2e,11276,7.4904,77
25ddf93,16089,7.4904,109
716eaf8d,4790,7.4904,1
576f030f,2243,7.4904,22
7ba519ae,13430,7.4904,95
581a21a,1789,7.4877,24
19777e0,14961,7.4932,103
2ecf7ba6,8422,7.4932,61
7df47fb8,14568,7.4932,95
756d936e,10125,7.4877,58
4fffc254,12388,7.4932,77
1ab88246,11296,7.4932,77
446f2716,4407,7.4932,1
5d803a16,15831,7.4904,95
3167672c,10166,7.4932,58
6c5cbe90,10341,7.4904,77
32a8abef,15838,7.4932,95
fc26d3b,10920,7.4932,77
53ceb65f,11967,7.4877,77
5aef2a88,15696,7.4904,95
2d6f15e9,13748,7.4904,95
31d81eca,8993,7.4932,61
17823ae0,12430,7.4932,77
349af9f2,9802,7.4932,58
618f62d5,8924,7.4932,61
2c7ceeb1,12385,7.4932,77
4098e84d,13945,7.4932,95
3657ec55,2682,7.4932,29
10d01e60,11430,7.4932,77
3c12477,11481,7.4932,77
160363a0,8816,7.4904,61
75b55dfb,7638,7.4932,58
6fb61052,15695,7.4932,95
7f8520da,8599,7.4904,61
17c2021a,15703,7.4932,95
4f7ff741,10778,7.4959,77
64ed3584,14336,7.4959,95
755dd948,15798,7.4959,107
729652e9,16043,7.4959,95
2d9383c5,8978,7.4959,61
727832a5,3078,7.4959,1
24ad5fc0,11583,7.4959,77
78452195,14934,7.4959,95
646c50a6,13463,7.4959,95
55507a45,10276,7.4959,78
668e9750,8709,7.4959,61
2813871e,13292,7.4932,95
2efc0bda,13933,7.4932,95
213f7b20,10376,7.4959,77
682bb72d,15902,7.4959,95
7828de12,12775,7.4959,77
17773020,11437,7.4959,77
6a8ef250,13875,7.4959,95
5e11b368,14195,7.4959,95
107dc1ab,14797,7.4986,95
18afa260,11742,7.4986,77
124dfd27,7754,7.4986,58
2e9b45f8,8961,7.4986,61
163059eb,8315,7.4986,61
331a3e09,8560,7.4986,61
604341f1,13427,7.4986,95
5887d5d5,14319,7.4986,95
551a34a4,7481,7.4986,58
1e4db4cb,12411,7.4986,77
6a8d967f,3038,7.4986,1
8851751,10387,7.4986,77
72339379,11777,7.4986,77
12b8a18,13600,7.4986,95
672ee629,8565,7.4986,61
4cf20cf,10127,7.4959,58
793da2c,11436,7.4986,77
278c6a10,7241,7.4986,58
6d7080fd,15866,7.4986,95
39514eda,6342,7.4986,53
46b79e20,10870,7.4986,77
494a8dc3,14611,7.4932,95
13f6c955,14671,7.4986,95
146ca5b8,15895,7.4986,95
d374fa3,10761,7.4986,77
492f68ff,7855,7.4986,58
5496d08c,8377,7.4986,61
9fd0819,16057,7.4932,95
2526eec3,13874,7.4986,95
125bf793,14298,7.4986,95
20010db7,15015,7.4986,103
4271ab8b,15373,7.4986,103
45cb7389,10344,7.5014,77
356ca095,8979,7.5014,61
503305f0,7097,7.5014,58
1d19870a,7442,7.4986,58
355d4dab,8568,7.4986,61
7abf8578,7393,7.5014,58
326b135a,11802,7.5014,77
631bf3ca,15750,7.5014,95
272f9df7,10005,7.5014,58
3c74ca17,10317,7.5014,77
3a660ca4,2671,7.5014,29
4151b84a,16016,7.5014,95
507d3971,13523,7.5014,95
3e31f95f,15622,7.5014,95
667e68a7,8523,7.5014,61
6cc40517,10751,7.5014,77
76fa4eea,13867,7.5014,95
7cf37fbd,11036,7.5014,77
457c67e3,7440,7.5014,58
2d84f331,8711,7.5014,61
95c2ee6,15221,7.5041,103
2dc2eb06,14700,7.5041,95
2df5bc39,13914,7.5041,95
70086e77,14042,7.5041,95
4a9c20ad,11884,7.5041,77
3d643180,12085,7.5041,77
6cf91562,10875,7.5014,77
43a2d05,11359,7.5014,77
4ae5dcf,10899,7.5014,77
2f9c8cbf,9072,7.5041,61
3cd4c436,7914,7.5014,58
b6ace2b,8725,7.5014,61
5e6d9846,15677,7.5041,95
285bf661,10957,7.4959,77
63e97ea1,11486,7.5014,77
3eafff61,13307,7.5041,95
c32ff5a,10229,7.5041,77
7b2de843,10809,7.5041,77
53199df1,14767,7.4986,95
120c2404,15871,7.5041,95
95fd130,15237,7.5041,103
30405e1d,15055,7.5041,103
1da44fa8,3042,7.5041,1
6170a262,2239,7.5014,22
24dbff8,11894,7.5041,77
719287b1,13401,7.5068,95
6b30ee2,14929,7.5068,95
39d5c893,8702,7.5068,61
5688022e,11387,7.5068,77
33c2b841,7812,7.5068,58
3e9c9f0e,14049,7.5068,95
75176098,8731,7.5041,61
2d1864c5,15422,7.5068,103
1163628e,10126,7.5068,58
770ff5ce,13301,7.5014,95
3a1ea0a5,12780,7.5068,77
176da9a6,10235,7.5068,77
2fa24e19,10779,7.5068,77
2c115cba,14717,7.5068,95
a37e9c9,14963,7.5068,103
64e79a06,12310,7.5068,77
2bb315b7,10489,7.5068,77
de178f7,14048,7.5068,95
382da123,15613,7.5096,95
60c22b8a,16090,7.5096,109
7b1d426f,10825,7.5096,77
4d2dc7d2,13521,7.5068,95
53ef9488,13302,7.5068,95
5379ef23,13897,7.5096,95
734a81bb,13896,7.5096,95
55cf78c2,7098,7.5096,58
56b65837,15675,7.5096,95
3eefe1,3914,7.5068,43
71d11a17,16034,7.5096,95
5eb59b71,14521,7.5096,95
e665d5b,11803,7.5096,77
7092e10d,9817,7.5096,58
7a45919,12313,7.5096,77
447519cd,14581,7.5041,95
7edcea58,3915,7.5123,43
cc088e1,13154,7.5123,58
50e1fb3a,14232,7.5123,95
6b3d8afd,10319,7.5123,77
4ef46a12,7997,7.5123,58
5763c7be,8314,7.5123,61
24d9a2f6,11885,7.5123,77
5f6cca33,12161,7.5123,77
5801d941,13753,7.5123,95
35489ca9,16060,7.5123,95
12a4524f,8423,7.5123,61
79f4a069,12209,7.5123,77
7c5ff389,13898,7.5123,95
45db9363,10762,7.5123,77
13c69148,11876,7.5096,77
69507a2f,12132,7.5123,77
79517d93,11119,7.5123,77
621aea4d,10990,7.5123,77
615a9e3c,14192,7.5123,95
1819d5c2,8932,7.5123,61
780349ff,10788,7.5096,77
5f68cb66,1493,7.5123,19
72147f0c,14663,7.5096,95
6a951a44,9999,7.5123,58
5f0bc254,15883,7.5123,95
3836dc62,7814,7.5123,58
3da534fb,8375,7.5123,61
240febd2,15998,7.5123,95
668a922d,14188,7.5123,95
6792f5ca,14761,7.5123,95
7304072f,13952,7.5123,95
280e23e6,11268,7.5151,77
3c59234f,14110,7.5151,95
1aa7c730,1402,7.5151,19
6aeb4d0b,7811,7.5041,58
39851206,14704,7.5151,95
60cd07c3,13423,7.5123,95
44f7c2ad,12034,7.5123,77
74c45c2d,15974,7.5151,95
65407591,14762,7.5151,95
6d3b95e5,6859,7.5096,57
1723c045,2202,7.5151,22
41d0d3b8,1760,7.5151,24
275adaee,7665,7.5123,58
16ffe75d,8198,7.5151,61
1fd73c2f,12629,7.5151,77
58dd717e,9996,7.5151,58
3d331130,16054,7.5151,95
29214d21,12648,7.5151,77
408d9257,15678,7.5151,95
c11cc52,16013,7.5151,95
669df82d,14612,7.5151,95
55f83301,13466,7.5151,95
7f300f0c,8614,7.5151,61
761324da,10810,7.5151,77
5aa01f65,14477,7.5151,95
53f5c88c,13754,7.5151,95
64bc15da,12612,7.5151,77
478189c8,8508,7.5151,61
285b5016,8374,7.5151,61
72da394f,13908,7.5151,95
26725485,11662,7.5123,77
f163e30,15772,7.5151,95
441229d3,10403,7.5151,77
363b1aa7,8005,7.5151,58
15085d6e,8645,7.5151,61
2bd11641,14964,7.5151,103
7e58ee59,14337,7.5151,95
10d82d17,13431,7.5151,95
47ece14f,5170,7.5123,50
64ac84ed,7436,7.5151,58
1f65cfd9,12277,7.5151,88
5d3f9407,11020,7.5178,77
126845cb,11546,7.5178,77
c5eba22,8784,7.5151,61
2c18d47f,12386,7.5178,77
133f51fc,13376,7.5178,95
2c13b6fd,12410,7.5178,77
d2d90d4,13333,7.5178,95
7a46239b,12619,7.5123,77
74dbb4f9,11893,7.5178,77
1e8a2d31,15867,7.5151,95
2f1fc443,12335,7.5178,90
4ed54a44,10040,7.5123,58
6700531b,8910,7.5178,61
282c196f,11804,7.5178,77
7940edf5,8710,7.5178,61
785e1fd7,13332,7.5178,95
307186d2,11968,7.5178,77
d16603b,8433,7.5178,61
629cc626,12631,7.5178,77
4ea0ea6c,10498,7.5178,77
4b7928cc,14456,7.5178,95
43d126d3,15872,7.5178,95
435936a9,11626,7.5178,77
7f2a7f6d,8836,7.5178,61
3610196e,15194,7.5178,103
34ad6828,10789,7.5178,77
7e8027d0,10053,7.5178,58
3c6ee29,13190,7.5205,58
10d6d998,11547,7.5205,77
52fdee7a,11037,7.5205,77
64904622,13432,7.5205,95
5f73b716,1768,7.5205,24
3ba38eb0,13934,7.5205,95
446280b3,10041,7.5151,58
445ff3cc,13286,7.5205,95
79d1287b,11487,7.5205,77
1f96c035,11393,7.5205,77
38e71b79,14824,7.5205,95
685073ce,10766,7.5205,77
26050b9e,14250,7.5151,95
18b21c4f,4801,7.5205,1
318ce004,10577,7.5205,81
3130199f,11361,7.5205,77
662265d8,13872,7.5205,95
5a15d274,14701,7.5205,95
2e5adaef,8732,7.5205,61
5bcb62f9,8429,7.5205,61
52cdfd1d,7851,7.5205,58
497bb80,4717,7.5205,1
35dab66c,8308,7.5205,61
a5620cf,14935,7.5178,95
1c7e056a,11875,7.5205,77
412844d1,7856,7.5205,58
5fa9874a,13870,7.5178,95
7c307cfc,14024,7.5205,95
45428341,8930,7.5151,61
6b3f713b,11895,7.5178,77
25cb3453,11277,7.5233,77
26c6e2f7,12781,7.5233,77
68bcc478,13607,7.5233,95
669913de,10855,7.5233,77
59eebd4f,10008,7.5233,58
8e765b8,3909,7.5233,43
7472a15b,13334,7.5233,95
65323478,15870,7.5233,95
5df920b9,10388,7.5205,77
7a80e0ff,4792,7.5233,1
491af954,7163,7.5233,58
a48da8f,10877,7.5233,77
7ae39f6a,10386,7.5233,77
1bfa9114,8655,7.5233,61
6f9ff7e7,1391,7.5233,19
71d16319,11900,7.5205,77
2af37a3d,7444,7.5233,58
17afba86,10228,7.5233,77
20b4965e,13907,7.5233,95
5812fb56,13210,7.5233,58
48220f7c,8835,7.5205,61
321174ca,8535,7.5233,61
58008384,8820,7.5233,61
17870b99,10918,7.5233,77
4f06bffa,14111,7.5205,95
1eaff59a,10279,7.5233,78
760835f4,14237,7.5233,95
937d77d,14098,7.5233,95
2a488412,12647,7.5233,77
5bc9901,8434,7.5205,61
7fbf0f23,11966,7.5233,77
738fe7d3,15741,7.526,95
482f22b5,7237,7.526,58
646346d9,13150,7.526,58
321fe764,12330,7.526,90
69769f24,14607,7.526,95
262947b6,14476,7.5233,95
47bcb6e3,8809,7.526,61
407d6f20,10007,7.526,58
57bb40bb,10579,7.526,81
71f6d710,11901,7.526,77
28ad09e9,14438,7.5233,95
1d0e2a6f,14037,7.5233,95
2799ca49,8180,7.526,61
3fa78c83,10916,7.526,77
1408f038,11951,7.5233,77
2827b559,7569,7.526,58
5301ebfe,12279,7.526,88
3f30eea3,13608,7.526,95
3c70be52,13429,7.526,95
6faa10d4,14009,7.5233,95
2eb20a50,8615,7.526,61
33a848c4,11417,7.526,77
b55ede4,8307,7.526,61
7c618202,8298,7.526,61
32ee40f2,14575,7.5233,95
7a4a661a,10876,7.5233,77
58362794,15777,7.5233,95
6dcff846,8306,7.526,61
1002708e,11400,7.5233,77
d7ddacb,8373,7.526,61
7c624dc8,11593,7.5288,77
58fcb56d,12382,7.5288,77
18559750,10312,7.5288,77
7b9dad13,7738,7.5288,58
15ffb3a5,10417,7.526,77
ada49c3,14705,7.5288,95
28952baa,8380,7.5288,61
1c4ec6ff,1083,7.5288,17
63fe7ca9,10765,7.5288,77
1b9be5e5,7852,7.5288,58
73d26ba4,15749,7.5288,95
14aedfc0,7132,7.5288,58
79b696a,11425,7.5288,77
df2f76c,12061,7.5288,77
aad1550,12127,7.5288,77
62a7fd3b,12314,7.5288,77
6cd2beaf,12128,7.526,77
636e52be,8179,7.5233,61
7300113b,8646,7.5288,61
9fd0912,13609,7.5288,95
6b189ae8,13794,7.526,95
368bec95,14189,7.526,95
686ab344,15973,7.5288,95
6380507d,8532,7.5288,61
222f8d5d,10345,7.5288,77
27e1b358,8722,7.5315,61
46b58b2f,15745,7.5315,95
695596cb,8533,7.5315,61
d33030,16056,7.5315,95
7b930fad,14447,7.5315,95
2a023801,8605,7.5315,61
1fc07da9,11778,7.5315,77
22127b30,8822,7.5315,61
6b74f91a,11807,7.5315,77
485ae5a5,13857,7.5315,95
4004329d,9582,7.5315,58
5221798,10742,7.5315,77
1ce9e5bc,16033,7.5315,95
150329b8,14197,7.5315,95
27901410,15972,7.5315,95
46614aa5,10427,7.5315,77
536a1b26,12336,7.5315,90
fdd0f2,11892,7.5315,77
27ea7469,11878,7.5315,77
6b122653,3155,7.5315,1
256ee295,4843,7.5315,1
68a2a33c,7438,7.5342,58
636849a,12479,7.5342,77
720bf109,10820,7.5288,77
152844c6,12783,7.5342,77
85161a5,10419,7.5315,77
50a2de3a,15640,7.5342,95
751798d0,10774,7.5342,77
316add75,13191,7.5342,58
4171c6ee,11360,7.5342,77
47b7c0bc,12275,7.5342,88
6a19f2fa,16044,7.5342,95
69c6ea55,13586,7.5315,95
205e3ea5,13617,7.5342,95
5915b832,3156,7.5342,1
7c3e1fc8,14877,7.5342,95
2274d658,12639,7.5342,77
738e6fa5,10429,7.5342,77
6f6c6441,13963,7.5342,95
b6212ac,15255,7.5288,103
66f53d06,10846,7.5315,77
f20d38e,10924,7.537,77
6a10e065,8913,7.537,61
3d37ca21,7813,7.5315,58
13e05c77,13755,7.537,95
7c60ca51,8473,7.537,61
6f82d6e,8531,7.537,61
670c5003,13712,7.537,95
6eb943cf,10770,7.537,77
6f39c7c,12383,7.537,77
7aca8fb6,14718,7.537,95
2e0fc,12632,7.537,77
58b24b7,15623,7.5342,95
1fb5fa5b,15679,7.5342,95
2188b8f2,16031,7.537,95
6f289620,12451,7.537,77
f91244a,15639,7.537,95
4bd73a6,13858,7.537,95
748eb999,13294,7.537,95
18832044,9997,7.537,58
4471117f,11936,7.537,77
20da7e2b,13308,7.537,95
26efad0e,15662,7.5397,95
276f2897,12337,7.537,90
32c742aa,13773,7.5397,95
682709d9,10059,7.5342,58
6b593fec,15912,7.5342,95
18012f8a,10263,7.5397,77
476b03c0,14198,7.5397,95
112cc17d,12278,7.5397,88
4292196c,8837,7.5342,65
43dd6659,11902,7.5397,77
1da8c525,16087,7.5397,109
659d95,13966,7.5342,95
3f2c2f23,7133,7.5397,58
2ec03a33,10580,7.5397,81
1c4bc496,13424,7.5397,95
34a44d98,15697,7.5397,95
6077e1c,14544,7.5397,95
5d5d1214,7238,7.537,58
3d66bab,10302,7.5342,77
2ce8d840,13677,7.537,95
1122b45f,12776,7.537,77
24dac9dd,2723,7.5397,29
7bc4ceae,6811,7.5397,53
14e175de,15689,7.5425,95
7ea195da,12311,7.5425,89
7a25461d,10743,7.5425,77
843eca5,14862,7.5425,95
295fba67,15837,7.5425,95
179327f6,15195,7.5425,103
656e7f9b,11891,7.5425,87
62abf5a8,10364,7.5425,77
35abc885,11904,7.5397,77
229a3c51,8311,7.5425,61
2c381363,11628,7.5425,77
3abc33d8,12162,7.5342,77
22b3ed38,12035,7.5425,77
4e7c4106,3629,7.5397,37
150599e2,15691,7.5425,95
6ad26a6e,11382,7.5425,77
28561b24,11779,7.5425,77
639e295b,10363,7.5397,77
57207d3,14088,7.5397,95
6095ca81,8296,7.5397,61
14cde21d,14707,7.5425,95
4918b535,8317,7.5425,61
2d3eb3ef,10871,7.5425,77
38677504,10790,7.5425,77
2fe6d4c0,8807,7.5452,61
54c0062b,3142,7.5452,1
c397697,14112,7.5452,95
15c3adbc,13626,7.5452,95
f75fd41,14721,7.5452,95
162c68bb,15808,7.5452,95
4209c50b,5171,7.5452,50
5c39e13,15683,7.5452,95
25fce41f,14099,7.5452,95
d5ba956,10763,7.5452,77
50e039ab,15682,7.5452,95
5c4d8f21,11879,7.5452,77
6b331c9b,15026,7.5452,103
d72718b,14085,7.5452,95
45e7a1bd,14609,7.5452,95
7f96902,13295,7.5425,95
56853537,11193,7.5452,77
70e84308,12380,7.5452,77
66019c41,2679,7.5452,29
1e933375,3764,7.5452,37
526ef8dc,14569,7.5425,95
2dbd532b,10389,7.5452,77
47343149,15025,7.5452,103
40bbba41,11881,7.5452,77
65360292,11780,7.5425,77
22552114,11014,7.5452,77
603d11fb,8285,7.5452,61
448de26e,11434,7.5452,77
76a1d67c,8073,7.5452,61
5979310c,15637,7.5425,95
c8e9a23,8235,7.5452,61
24c47563,11617,7.5452,77
75118dc,8931,7.5452,61
7584727,13185,7.5479,58
2ced5b30,14087,7.5479,95
3c0ceef0,14350,7.5479,95
442b24d0,7815,7.5479,58
10f220d,11391,7.5479,77
765ca30e,16014,7.5452,95
47fdddc7,3902,7.5479,44
1c5dc0a6,12443,7.5479,91
1cd7a59,8808,7.5452,61
792a2f27,12475,7.5479,77
8fd26c9,12018,7.5452,77
5090c620,10752,7.5479,77
22ba6464,14181,7.5479,95
48cfcdd8,8914,7.5479,61
603480f1,11812,7.5479,77
1f2c47a,12450,7.5479,77
57c18c9d,9115,7.5479,66
5bc2bd7e,15811,7.5479,95
3643fb11,8074,7.5479,61
472b20f9,1772,7.5479,24
71bc94c9,4447,7.5479,1
35cbb107,8821,7.5479,61
1c794fdc,14878,7.5479,95
2cb9842,14542,7.5452,95
36dccc2f,13188,7.5479,58
17c45e0e,11340,7.5479,77
6e17c1a9,13375,7.5479,95
7f6f9678,15635,7.5479,95
879d8b2,12332,7.5479,90
293e21e6,15229,7.5479,103
7769b50b,6863,7.5507,53
4268b1c6,14666,7.5507,95
413723a5,8823,7.5507,61
195e0b74,14478,7.5507,95
6b132e5b,10303,7.5507,77
232524b9,8962,7.5479,61
2111990a,7439,7.5507,58
417cdbb3,15297,7.5507,103
2444579a,14084,7.5507,95
5c9672bc,14043,7.5507,95
357ac7f1,2744,7.5507,29
2d4a262c,8370,7.5507,61
3ff02d0b,15752,7.5507,95
14139927,11611,7.5425,77
390e45e8,3911,7.5507,43
5662c3e7,15742,7.5507,95
35c4d395,11278,7.5479,77
b623853,14180,7.5479,95
404ba922,13610,7.5479,95
3477bcc1,8199,7.5507,61
40881dd2,8474,7.5507,61
3583df,14613,7.5507,95
137ea037,14183,7.5507,95
9c4a2ab,15638,7.5507,95
25a5094c,12211,7.5452,77
433c6ad7,8959,7.5507,61
6fc159e1,7394,7.5507,58
743e08fd,10009,7.5507,58
79dc805f,1710,7.5534,22
27e557ac,14086,7.5534,95
59963761,3916,7.5534,43
3c7d63e3,12488,7.5534,77
3880ed71,16045,7.5534,95
25c34c46,15753,7.5534,95
4d064aa0,15227,7.5534,103
1a335a98,14664,7.5534,95
25e7d7ca,11814,7.5534,77
1af90e4c,14667,7.5534,95
3251306b,13915,7.5507,95
65d504f9,4760,7.5452,1
634a70c,15873,7.5534,95
718209ac,14936,7.5534,95
65b26541,15698,7.5534,95
7ef0b7ba,14722,7.5534,95
2c295d46,8435,7.5534,61
619666f6,7755,7.5562,58
17f89fe8,10926,7.5562,77
aeb0468,10832,7.5562,77
58987215,13405,7.5562,95
bccb131,12296,7.5534,77
12a52775,13211,7.5562,58
343363f1,1822,7.5562,24
403fb90d,13157,7.5562,58
5b2c73c5,10499,7.5562,77
1cef9797,10833,7.5562,77
209f0b84,10764,7.5562,77
358714a8,12453,7.5562,77
702e0e43,13601,7.5562,95
ea203e2,13678,7.5562,95
336834ea,15781,7.5562,95
b62cb19,12274,7.5562,88
64dbc89,1770,7.5562,24
186e12b1,11772,7.5562,77
6a53aa32,13425,7.5562,95
77749e62,2680,7.5562,30
1ea14756,15616,7.5562,95
224db8a2,11488,7.5562,77
4d7fd831,16077,7.5534,109
606deff5,15228,7.5562,103
1cb6cdf1,16059,7.5534,95
5fbb8850,12777,7.5589,77
74a5af4c,15784,7.5589,95
6c817021,14706,7.5589,95
35089d0,11629,7.5534,77
365dc55d,10813,7.5589,77
50048056,10840,7.5562,77
3794081c,8420,7.5589,61
7a7706e2,10801,7.5589,77
7dbad3db,11903,7.5562,77
56439587,10853,7.5589,77
2371192f,14194,7.5589,95
24e81a98,6860,7.5562,53
721ecfa7,6861,7.5589,53
501a2863,3568,7.5589,37
12986494,12086,7.5562,77
390bbf89,13320,7.5589,95
5d535eea,11627,7.5589,77
2a50b11b,3844,7.5507,37
2ff8d987,15704,7.5589,95
129f93fe,10847,7.5589,82
5c0b3c13,14631,7.5589,95
d664fc2,14044,7.5616,95
59e79ac,8830,7.5589,61
69f55e10,10601,7.5616,81
2e96e9ca,16041,7.5562,95
2b93b00c,8236,7.5616,61
2b78a3af,12630,7.5589,77
51521be8,7917,7.5616,58
14dfe15d,11428,7.5616,77
588260d3,8319,7.5616,61
57992808,10878,7.5616,77
3de308ae,10594,7.5589,81
4ed85388,10391,7.5616,77
2053e427,10802,7.5616,77
4bed2c79,13324,7.5616,95
4295ac10,13090,7.5562,58
552a8464,12178,7.5616,77
59e2c95a,11021,7.5644,77
66af6c9d,13627,7.5644,95
44830ad5,2599,7.5644,28
450bbf85,11483,7.5616,77
aec0667,10497,7.5644,77
173a4823,13630,7.5644,95
4b333db3,11882,7.5644,77
53dc44c7,10379,7.5644,77
3969bfe5,14665,7.5644,95
370cf894,10842,7.5644,77
7cd783bb,10919,7.5644,77
2e5bf737,10602,7.5644,81
1f907447,10856,7.5644,77
6bf276c7,11896,7.5644,77
2bf8fa59,16088,7.5671,109
5aeb525e,13702,7.5644,95
2f9afc8,12498,7.5644,77
46453708,11578,7.5644,84
55688c29,11886,7.5671,77
3e793549,11975,7.5671,77
52bf2aed,13629,7.5671,95
5246eb46,10282,7.5671,78
3dd46b71,11431,7.5671,77
4af0c2ff,1790,7.5671,24
3ff60cd3,11771,7.5671,77
6133710e,13774,7.5671,95
4d86e95b,8534,7.5671,61
1e897506,14668,7.5616,95
3aa398de,4844,7.5671,1
4006028a,13314,7.5671,95
44aaab5,11015,7.5644,77
3a383e13,8911,7.5671,61
399d66d7,10595,7.5671,81
1a5bd6ae,13756,7.5644,95
56f00820,1791,7.5671,24
2c31b8f1,8616,7.5671,61
7dffa0c0,15773,7.5671,95
39d5f777,10581,7.5671,81
6fb24965,10803,7.5671,77
4ee59252,13335,7.5671,95
50ba1140,12389,7.5671,77
4e1cc2ee,4490,7.5699,49
27571cab,10280,7.5699,78
4df9e84a,13377,7.5699,95
58e4ea15,15670,7.5699,95
2e612909,14190,7.5699,95
2560690d,8181,7.5699,61
477508f1,8828,7.5699,61
6fd6a943,10908,7.5699,77
109d52ee,14690,7.5699,95
3ab3746f,8617,7.5699,61
361369f1,13876,7.5699,95
594edd42,15246,7.5699,103
6411cb95,13916,7.5699,95
308fb99,1400,7.5671,19
7978c334,15206,7.5699,103
5489610b,11484,7.5671,77
7b020215,14584,7.5699,95
62f195f2,3918,7.5671,43
4e67cf6d,1392,7.5699,19
6e7b70c8,16036,7.5699,95
7c98268c,15692,7.5699,95
1ed02dc,12478,7.5726,77
79bcf110,10822,7.5726,77
783210cd,12341,7.5726,90
3f12eadf,10843,7.5726,77
33e00c6d,8831,7.5699,61
36289cf0,12344,7.5726,90
4cff6a,8231,7.5699,61
2a80656,11396,7.5726,77
1fd25751,11781,7.5726,77
74abfc14,10783,7.5699,77
5cc7b44c,14089,7.5726,95
f03f820,6865,7.5726,53
3b97b711,10738,7.5699,77
4011a19,12633,7.5726,77
36f207ed,11435,7.5726,77
1d12167b,12333,7.5699,90
7c96b441,10346,7.5726,77
7a3fabfd,8538,7.5726,61
5c541638,15249,7.5644,103
51f87207,12489,7.5726,77
1805f0c5,16012,7.5726,95
1f62c07b,15256,7.5726,103
637be079,8082,7.5726,61
7181ce5b,10811,7.5726,77
46b58b76,10784,7.5726,77
4f5dfac3,10584,7.5726,81
7399b379,10995,7.5726,77
24afc0b6,1457,7.5753,19
66919c98,14820,7.5753,95
463af96b,15913,7.5753,95
788688ae,14023,7.5726,95
5ef7a099,10590,7.5753,81
34689283,15618,7.5753,95
2508c4c4,9048,7.5753,61
6907eb33,12137,7.5753,77
a977de2,8926,7.5726,61
7a1b0ab9,2672,7.5753,29
1c14288b,11022,7.5726,77
19d6cfda,16078,7.5753,109
4ec2cc91,14483,7.5753,95
6b7dbe35,8381,7.5753,61
4fdef1a0,1771,7.5753,24
7e17fdd4,14708,7.5753,95
5cfb7e6d,10748,7.5753,77
737cd237,12613,7.5726,77
55441a10,11418,7.5781,77
24f1c7f,12048,7.5781,77
4b176e09,13879,7.5781,95
498785f,15975,7.5781,95
a2fd3e2,14716,7.5781,95
d20ccdc,10273,7.5781,78
18d84a25,9690,7.5781,58
7ed2dc6,15199,7.5781,103
68cf0811,8656,7.5781,61
1c0b7629,10854,7.5781,77
f621e10,15812,7.5753,95
13b810b0,14719,7.5781,95
17461f58,8607,7.5781,61
4d15f6f7,12104,7.5781,77
7bb22e5d,11352,7.5781,77
5d8ae0c4,11355,7.5781,77
1a777f62,11563,7.5781,77
3dec0fab,3066,7.5781,1
150ddd89,10390,7.5781,77
79918197,8371,7.5781,61
47e0ed62,10823,7.5781,77
5f2cf4af,10767,7.5781,77
5a8f4523,10061,7.5781,58
552aa34e,12210,7.5781,77
55f3eb59,13192,7.5781,58
74874ae6,8083,7.5808,61
29cb828a,7445,7.5781,58
4a33c474,12324,7.5781,90
11fa9290,11813,7.5781,77
11ca7332,15705,7.5808,95
5f54db97,12089,7.5808,77
2a7edd25,8309,7.5808,61
6fd5b4e8,12316,7.5808,77
2dc409c3,6864,7.5781,53
2e2253f8,10274,7.5808,78
54b5e78f,13303,7.5808,95
87e9fc9,11351,7.5808,77
4ace08da,8960,7.5808,61
caa0778,13336,7.5808,95
3fdca327,10275,7.5781,78
47499a51,8606,7.5781,61
3cbb84a8,10739,7.5781,77
7e9f2196,15617,7.5808,95
4047d421,15754,7.5808,95
7af58c2b,11906,7.5836,77
74c1fa53,14937,7.5836,95
71650a36,8608,7.5836,61
7310793e,14543,7.5836,95
4262b851,12345,7.5836,90
111b5e76,10749,7.5808,77
63b4a221,11444,7.5836,77
6f8376a8,8601,7.5836,61
39c12ba7,14184,7.5836,95
60aca213,8600,7.5836,61
2b0fa89e,13953,7.5808,95
5fcdad61,1823,7.5836,24
5d19bcd0,13337,7.5781,95
6f61392c,10501,7.5781,77
6ad8a2e9,10281,7.5808,78
3cc5ac74,12073,7.5863,77
3920cd14,14545,7.5863,95
23b47b9d,15982,7.5863,95
ed1b828,12212,7.5863,77
689f4887,15230,7.5863,103
477f7097,11280,7.5863,77
3f993810,3919,7.5863,43
5648c200,8310,7.5863,61
28da040f,12019,7.5863,77
55db2019,15258,7.5863,103
47129155,9728,7.5836,58
3ffe5100,16082,7.5863,109
7bd5bae8,15810,7.5836,95
6b9d3f50,13959,7.5863,95
674a11d2,3039,7.5863,1
3481ac57,12315,7.5863,77
62d542d5,11946,7.5863,77
60b08660,10848,7.5808,77
57c3df25,14582,7.5863,95
2a851a59,12343,7.5863,90
6e99229e,13613,7.5863,95
4e1dff98,10907,7.5863,77
d82e668,8827,7.5836,61
6e2424d6,12784,7.5863,77
6ae666ab,10277,7.5863,78
26121672,14050,7.5863,95
4cc8798a,14185,7.589,95
42f50756,13212,7.5863,58
b86d2da,13721,7.589,95
2c2c9ce6,7853,7.5863,58
1abbae97,12444,7.589,91
701ec521,15684,7.5863,95
48b0c2c6,12074,7.589,77
4db3c9fa,10824,7.589,77
6ddc7ebd,13465,7.589,95
5b0a706,11279,7.5863,77
42386e31,10013,7.589,58
44098c9a,10420,7.589,77
5122d12c,16128,7.589,109
172671f8,16091,7.589,109
60cdbfbc,3912,7.5863,43
17ae6c8d,16017,7.589,95
16e6c1af,10586,7.589,81
1e03f2b5,13064,7.5863,58
3a8ef93c,15747,7.5918,95
5e2020e4,10972,7.5918,77
7eeb6936,15976,7.5918,95
7ffcba04,2927,7.5918,32
6907605d,13711,7.5863,95
3276ebde,14046,7.5918,95
6d8eda74,8510,7.5918,61
7844fdc4,14357,7.5918,95
4889ac2a,15663,7.5918,95
42fcb03f,8376,7.5918,61
523f03a5,10812,7.589,77
57123a27,13288,7.589,95
4c5417cb,14025,7.5918,95
49390a97,3920,7.5918,43
63b11a3e,13859,7.5918,95
25b4d76d,14930,7.589,95
49b2665f,10492,7.5918,77
55bfa93a,12049,7.5918,77
158bc620,15200,7.5945,103
48deb04c,10490,7.5945,77
23553383,8237,7.5918,61
2059973b,16080,7.5918,109
7a039df1,15250,7.5945,103
47e21e2d,7235,7.5945,58
4d21e479,15019,7.5945,103
21ad52a9,14351,7.5918,95
4727bf78,15298,7.5945,103
10e3c2c7,10582,7.5918,81
5223ee8e,11782,7.5918,77
63f67644,15914,7.5945,95
4f356ce0,10214,7.5945,77
2097b1b6,11404,7.5918,77
3f6bc8c3,16081,7.5945,109
2aef005a,14310,7.5973,95
29020c1b,12036,7.5973,77
6f7fcd3c,14884,7.5973,95
69dca889,3046,7.5973,1
745bbe05,13159,7.5973,58
15975d9d,933,7.5973,14
673b3578,10128,7.5973,58
3b9cc24c,13906,7.5918,95
490643e,11883,7.5945,77
12fc3419,13918,7.5973,95
8841cc5,2203,7.5973,22
21063046,12490,7.5973,77
64f83dc0,16075,7.5973,109
29bf960e,2923,7.5973,1
ed2ea4e,8712,7.5973,61
9e4ce3e,11810,7.5973,77
212e89f3,11612,7.6,77
313a0990,13325,7.6,95
28230563,13193,7.6,58
719ab67,15978,7.5973,95
522dcb66,8840,7.6,61
333a2e3a,16076,7.6,109
1b3ed053,12214,7.6,77
7a67a8a0,2600,7.6,28
3022d23,13635,7.6,95
490aecb7,11362,7.6,77
75c0780b,16046,7.5973,95
17e9c377,14709,7.6,95
5109f9c,10583,7.6,81
1be1b4dd,8297,7.6,61
6d97978a,15202,7.6,103
343c1334,4268,7.6,1
18316e6,12642,7.6,77
35d18650,2683,7.6,29
23809b6b,11947,7.6027,77
727a7356,10380,7.6,77
1c52c60e,7246,7.6027,58
48f33a8a,14980,7.6,103
260b7b9e,3044,7.6027,1
1f519a09,11388,7.6,77
f292f2c,15247,7.6027,103
cc05667,14347,7.6027,95
382d114b,3176,7.6027,1
5b59df12,11567,7.6027,77
7095a66e,12299,7.6027,77
19ec25db,15064,7.6,103
64466af3,11941,7.6027,77
77d425a0,11809,7.6027,77
27a3d558,10958,7.6027,77
126f97dc,2745,7.6,29
5f99ee8a,12318,7.6027,77
85f1678,14938,7.6027,95
5ef0cbf6,13219,7.6027,58
67c0dc65,14026,7.6055,95
773d83a9,10167,7.6,58
721b7e0,14191,7.6,95
263bc5e0,11952,7.6055,77
1d24bdc2,3561,7.6027,37
3e3f3a83,14885,7.6055,95
1ab5eece,11829,7.6055,77
5f567389,12280,7.6055,88
3e14aff2,4250,7.6055,1
25af4352,15624,7.6055,95
7774a0c2,14352,7.6055,95
2fbb7eb0,14710,7.6055,95
439d8af5,10883,7.6055,77
586dc64b,10253,7.6027,77
707abc7,11548,7.6055,77
5789e715,14879,7.6055,95
640f308d,10283,7.6027,78
73bd0b69,8541,7.6082,61
5c58edc9,7242,7.6082,58
6a312797,8963,7.6082,61
50d2e085,8810,7.6082,61
4baf5fb5,8075,7.6082,61
5002c5ac,10991,7.6082,77
33ec4da4,10062,7.6082,58
747d5594,10365,7.6082,77
451efe59,12788,7.6082,77
3f77cf3,10849,7.6082,77
3045d712,12499,7.6027,77
52278044,13500,7.6082,95
4c68be61,7817,7.6082,58
7e366d83,11663,7.6082,77
461e8652,14334,7.6055,95
72f63d01,8222,7.6082,61
21839b4f,13111,7.6082,58
896a8a8,4448,7.6082,1
1c887a52,8838,7.6055,65
28d51b75,12080,7.6082,77
3b794dbc,8713,7.6082,61
214733b8,8542,7.611,61
6c501866,11419,7.611,77
5e4e2fa8,12477,7.611,77
5ec099a7,11773,7.611,77
2cfbdd78,10535,7.611,77
4602ab34,14439,7.611,95
2a7d08ba,12067,7.6082,77
72067f06,14637,7.611,95
5615132,10740,7.6027,77
5fb6fd98,11353,7.6082,77
c3eb651,12342,7.611,90
4ec457b4,8536,7.6082,61
4123679f,15669,7.6082,95
2911181e,7854,7.611,58
5064bf53,15668,7.611,95
20101cf3,14969,7.611,103
58f7b737,14338,7.611,95
3cf13b1c,10821,7.611,77
6634ac82,15999,7.611,95
47c499b2,13795,7.6027,95
322f283e,12476,7.6082,77
733dcbc,9691,7.6137,58
44a03064,14299,7.6055,95
27ca284b,11397,7.6137,77
5ce4fcc,10603,7.6137,81
7e2f903,12088,7.6137,77
2685ffe,11799,7.6137,77
6cef8a54,14939,7.6137,95
226adaa0,10382,7.6137,77
75a07d49,15245,7.611,103
5322dfe2,7816,7.611,58
30464089,2244,7.6137,22
4638aeba,13905,7.611,95
56153103,13326,7.611,95
202954bd,15685,7.6137,95
7ce93d78,7236,7.611,58
22e90a39,13404,7.6137,95
43ed0026,16035,7.6164,95
21273da0,13189,7.6164,58
5ec59dae,16037,7.6164,95
30522a46,11630,7.6137,77
34a3b677,3158,7.6164,1
5e71ca18,1458,7.6164,19
52810416,5484,7.6137,50
4623364b,14010,7.6164,95
34f9ebcc,13184,7.6137,58
1a49f94b,10534,7.6164,77
5a1b1c90,13296,7.6164,95
46138dd8,15299,7.6164,103
1bd08a90,12093,7.6164,77
1dc0f32a,10992,7.6164,77
349e998a,7668,7.611,58
6098ed7c,10828,7.6164,77
4d31db80,5483,7.6082,50
127f3d03,6812,7.6164,53
4400677f,10791,7.6164,77
6923130b,11283,7.6164,77
7360f4a6,15239,7.6164,103
30cedc91,15977,7.6164,95
5bb278ae,15376,7.6164,103
2af88398,14583,7.6192,95
5ec997a5,8912,7.6164,61
1825e2b9,11584,7.6192,77
509a8e1b,11783,7.6192,77
3e1023d3,14090,7.6137,95
2c76ef0b,12092,7.6192,77
1bf1f016,8269,7.6192,61
1f9f5f25,11935,7.6192,77
198659bf,8935,7.6192,61
26984fd8,8372,7.6164,61
202ee9be,10278,7.6164,78
3bbb4407,8602,7.6164,61
7681a714,13289,7.6192,95
2fde7226,12276,7.6192,88
4a5d668f,10381,7.6192,77
2e93e5e2,8299,7.6164,61
1de90563,13388,7.6192,95
7c93e1a5,11356,7.6219,77
4bdc6544,13878,7.6219,95
3095e504,8087,7.6219,61
2000f353,10000,7.6219,58
14880c2,11178,7.6192,77
6ba5637c,13467,7.6219,95
54df5f95,10921,7.6219,77
37220262,13293,7.6219,95
109ff5be,14051,7.6219,95
559429ff,11905,7.6219,77
7b19f72f,14256,7.6192,95
5c0fcb3c,14979,7.6192,103
33d2e706,14965,7.6247,103
47fdeb52,13628,7.6247,95
7369dc0d,8318,7.6247,61
2e931cdd,14182,7.6247,95
519dbf77,16094,7.6247,109
75d38895,15922,7.6247,95
5d5c4a06,14366,7.6247,95
87898e1,11948,7.6247,77
5c349390,13611,7.6247,95
1f4dcc26,8788,7.6247,61
5630c294,10925,7.6247,77
60686c14,13967,7.6247,95
5cb20169,14360,7.6247,95
776d3780,10922,7.6247,77
354cad4a,10974,7.6247,77
a7fcd9f,10060,7.6247,58
29541808,10433,7.6247,77
6bb4ff40,15259,7.6274,103
65a1fd02,8824,7.6274,61
2c9895f0,8316,7.6274,61
4bf6a7ad,9689,7.6274,58
35573a01,15224,7.6247,103
41301a01,12614,7.6274,77
48adde77,12782,7.6219,77
220e738d,11281,7.6274,77
2e05d2ff,13633,7.6274,95
61b9430e,7395,7.6247,58
5692c23c,10430,7.6274,77
6f24252c,7666,7.6301,58
495c00d9,10909,7.6301,77
181f9064,11842,7.6301,77
188d2bb2,15771,7.6247,95
564e60ca,10254,7.6301,77
7f3de812,8382,7.6301,61
1b45db21,11618,7.6301,77
6ae4b340,7492,7.6247,58
45f1a4a6,11907,7.6301,77
379a2a22,15207,7.6301,103
4f09c6e6,9562,7.6301,58
5f64da6d,15257,7.6329,103
6acd8e73,15251,7.6329,103
35dfa6bd,9692,7.6329,58
25fc5ed9,14825,7.6329,95
44ed4f42,11364,7.6329,77
5d0d8321,10792,7.6301,77
ad84eca,14365,7.6329,95
7d3033fb,10493,7.6329,77
5b3530e5,15222,7.6329,103
1c78a7cc,13642,7.6301,95
2410c607,5397,7.6247,50
15b55d2f,12491,7.6329,77
375c8d93,11297,7.6301,77
67f5e564,15755,7.6329,95
3e6a6891,12334,7.6329,90
1ce8a1a5,8811,7.6329,61
45ca6d1f,15625,7.6329,95
238bdb32,8704,7.6274,61
6b9dc4e2,10503,7.6356,77
65e17e0,8569,7.6356,61
5fe27b07,13407,7.6329,95
1dcbbcf8,8658,7.6329,61
e740b56,10230,7.6356,77
22cd6982,12076,7.6356,77
527a43f6,12065,7.6329,77
277203ed,8934,7.6356,61
2c9f83d,10001,7.6356,58
5165f1f4,10428,7.6356,77
1d13929c,10100,7.6356,58
54db79c5,10431,7.6356,77
630165d8,12068,7.6356,77
227bac7c,15238,7.6356,103
773b4602,13406,7.6329,95
1d15d21d,7491,7.6356,58
1c933451,10383,7.6356,77
4003a8bf,12213,7.6356,77
13896357,13632,7.6356,95
7bcefb5b,15225,7.6384,103
6b08ef4a,11827,7.6356,77
48785b05,10834,7.6356,77
4d4ccfe7,15813,7.6384,95
15079ec2,10826,7.6329,77
199fab1a,12066,7.6384,77
3e1d75c7,8383,7.6356,61
13356b5f,12454,7.6384,77
3f1dad4c,8660,7.6384,61
38adbd29,8537,7.6356,61
1175c570,11579,7.6384,84
5ce2917f,11284,7.6356,77
75d67b3f,11811,7.6384,77
6559d3ef,6128,7.6384,53
4d818949,13812,7.6384,95
5a3f78fe,16048,7.6411,95
2b43fe05,11354,7.6329,77
18903125,14931,7.6411,95
27712902,11564,7.6411,77
57ae3930,11398,7.6329,77
14c839ae,1773,7.6411,24
6af749ff,14724,7.6411,95
61b8b150,11954,7.6411,77
3c71b577,16092,7.6411,109
2032b7ef,4799,7.6411,1
39b2b3d5,11341,7.6384,77
17a5a4d8,10923,7.6411,77
4eada5b4,7623,7.6411,58
352178e,15231,7.6411,103
3333b54d,8223,7.6411,61
60bf10b,15242,7.6356,103
2a0bd604,14821,7.6356,95
2888ddc2,11429,7.6438,77
103224f9,10432,7.6438,77
3e05626f,12328,7.6438,90
675f5f0d,16001,7.6438,95
13101e14,12298,7.6438,77
1974cc54,13343,7.6411,95
3f2faa1c,11785,7.6438,77
1284f563,10829,7.6384,77
707fb46,1774,7.6438,24
1a3d7b9c,1494,7.6438,19
9ce2671,15706,7.6438,95
32012036,10940,7.6438,77
3cd4e5c6,15016,7.6411,103
4b1f4d1,12346,7.6438,90
75a19e40,16095,7.6438,109
d24c32b,10421,7.6466,77
1645ed9c,8966,7.6466,61
1d5994f9,14932,7.6356,95
64734a8c,10604,7.6438,81
16839449,13433,7.6438,95
7ea39ef0,10862,7.6466,77
4f65f0b2,10857,7.6466,77
76f5cdcf,13909,7.6466,95
275a61b4,14259,7.6466,95
590368f9,14819,7.6438,95
3903e30b,11568,7.6466,77
f1ec4d,15300,7.6438,103
6140da51,15671,7.6493,95
15e3400c,8936,7.6493,61
57e5b6e9,13338,7.6466,95
71580ca5,8657,7.6493,61
77784db7,11774,7.6493,77
16adc28d,4719,7.6493,1
19c10374,7243,7.6493,58
6369bc5b,15983,7.6493,95
b8beb9e,13220,7.6493,58
5b5f78fe,4847,7.6493,1
52e5a9b7,10939,7.6466,77
28666a47,10910,7.6493,77
2a24a0cc,10596,7.6493,81
3b6fcc5f,3043,7.6493,1
15ca240d,12338,7.6493,90
6a9d9f12,11664,7.6493,77
6530604d,10502,7.6521,77
20785580,15208,7.6493,103
64d6f7ce,11491,7.6521,77
62b59149,12457,7.6493,77
461a75a,6866,7.6521,53
66573603,4893,7.6521,1
35ecd580,13408,7.6521,95
7b1d25ad,11420,7.6521,77
4c27f41,10753,7.6493,77
72cf06e3,10927,7.6521,77
20f9752c,12081,7.6521,77
2df7d197,11976,7.6521,77
7e64417c,11282,7.6493,77
5701b439,11120,7.6521,77
6cc62350,14585,7.6548,95
66b4c835,15028,7.6548,103
ccb0bc7,7244,7.6548,58
755cc61d,12785,7.6548,77
29ef066b,7446,7.6548,58
746e6ca5,15223,7.6548,103
34dbe77d,12047,7.6548,77
505a1ad4,11493,7.6548,77
7a3206ed,8218,7.6548,61
2724b3d5,12390,7.6548,77
4a88e5a,15252,7.6575,103
540e2675,14863,7.6548,95
76293504,12391,7.6575,77
71a56420,3917,7.6575,43
1a2e8566,12087,7.6548,77
189627ed,11549,7.6575,77
27a8b0ee,11898,7.6575,77
e503eef,13158,7.6575,58
7d76445f,10611,7.6575,81
78ce0a4e,15209,7.6521,103
131deb22,13110,7.6548,58
30b974b0,13221,7.6548,58
2adcd0,13619,7.6575,95
61701b7e,11438,7.6603,77
2de3f10e,13403,7.6575,95
3db7a9a9,13813,7.6603,95
3a1d1fe3,10959,7.6575,77
58d0f78e,16047,7.6603,95
17cb0477,9693,7.6603,58
6bf3a957,16002,7.6603,95
39c351cd,13339,7.6603,95
66f0bdfc,14733,7.6603,95
3517016f,11443,7.6603,77
29d7e5e9,5399,7.6603,50
5f185895,15066,7.6603,103
7c763782,14876,7.6603,95
3656bf4a,15375,7.6603,103
1f8a6aad,13344,7.6575,95
6da89f5,8232,7.663,61
4687ad62,15751,7.6575,95
9643c18,12786,7.663,77
14a51151,10591,7.663,81
3fb86fc5,15664,7.663,95
77729138,15210,7.663,103
5922fe60,10814,7.663,77
6a5ce822,14723,7.663,95
15b128eb,14052,7.663,95
14fe8ce9,8233,7.663,61
2a38795e,11038,7.663,77
3d1d52b9,11825,7.6603,77
6a588d28,4845,7.663,1
75320b62,10844,7.6603,77
10ee3d2,8570,7.663,61
5670964d,6867,7.663,53
4f91cc6d,14358,7.663,95
17f0906b,15374,7.6603,103
53fb4304,14886,7.6658,95
4bda79d2,12319,7.6658,77
2b2edaaa,8234,7.6658,61
4a44b58,11830,7.6658,77
72c2286d,16129,7.6658,109
33f170fc,1763,7.6658,24
46ce5346,8225,7.6658,61
24dc7f32,11942,7.663,77
3a1be6e5,10019,7.6658,58
4577bd7f,14933,7.6658,95
304612a2,7818,7.6658,58
1cc38475,8832,7.6685,61
7f2156c0,10879,7.6685,77
476faf48,13112,7.6685,58
2226558e,12445,7.6685,91
22468d93,14362,7.6685,95
5724484d,15244,7.6685,103
6d8ba80e,1762,7.6685,24
7157014f,10880,7.6685,77
836b292,7245,7.6685,58
d52750d,14734,7.6685,95
7d910a14,10392,7.6685,77
4c34967f,10785,7.6685,77
6bad2a20,11953,7.6685,77
1f17943b,8789,7.6712,61
726f0e80,8967,7.6712,61
1e3e7138,13389,7.6712,95
2ec56129,15240,7.6712,103
5b710f4f,11943,7.6712,77
590fd22b,11786,7.6712,77
3455cf83,11421,7.6712,77
319c2c09,12281,7.6712,88
62445602,10014,7.6712,58
457d5eeb,14888,7.6712,95
5fcea810,8475,7.6712,61
fe22b84,10793,7.6712,77
4fd6983c,13796,7.6685,95
60f30d2b,16123,7.6712,109
72de7e36,10366,7.6712,77
4ad7a70d,11179,7.663,77
54770bd8,14261,7.674,95
3e53ea01,8968,7.674,61
35424fd1,14257,7.674,95
2f1b7e12,14300,7.674,95
5779a48f,1824,7.674,24
20e18ea2,15065,7.674,103
4ca468ad,11956,7.674,77
383b64c5,14889,7.674,95
22fce291,11363,7.674,77
2924a3fd,7669,7.674,58
5e80f327,2724,7.6712,29
e44fcf2,14672,7.674,95
61ca0c97,11422,7.6712,77
2344127,11949,7.674,77
4799c39a,11957,7.674,77
6e9304f7,8238,7.674,61
5f8c0306,10993,7.674,77
758e9180,13636,7.674,95
1159359b,12077,7.6767,77
52740a10,8320,7.6767,61
761dc5c2,11489,7.6767,77
dfc34a,10612,7.6767,81
3f746464,13309,7.6767,95
2ae5addb,13968,7.6767,95
4a751327,1403,7.6767,19
52defc7e,10597,7.6767,81
2ce5b0fc,10500,7.6767,77
6a677504,14982,7.6767,103
302ea640,13186,7.6795,58
52207749,14981,7.6767,103
77384c7f,8659,7.6795,61
765b7034,8217,7.6795,61
6d470c90,10944,7.6795,77
3382c419,12492,7.6795,77
7f418a51,15665,7.6767,95
1eac2c95,15377,7.6795,103
6249771f,11550,7.6795,77
57a7849d,11182,7.6795,77
58ef966f,12297,7.6795,77
7ad0848d,10863,7.6795,77
5fd735c2,10973,7.6767,77
768f40a8,14983,7.6767,103
1d67b188,13634,7.6795,95
63edba45,11298,7.6795,77
53e6f9e4,14940,7.6795,95
667dde60,8224,7.6795,61
4940c8e,12230,7.6767,77
572fadf,15243,7.6767,103
97470d9,8084,7.6822,61
dc5809a,11345,7.6822,77
293f7b8e,13222,7.6822,58
278ed37e,8790,7.6822,61
35b86152,8300,7.6822,61
1f602d84,1483,7.6822,19
4b7236ab,16780,7.6822,109
4d51c6ed,13340,7.6822,95
1c95e91a,11342,7.6822,77
74b9f028,10960,7.6822,77
6ad1a92b,16093,7.6822,109
25197277,10858,7.6822,77
51088b8b,10806,7.6795,77
74c3b5f8,14541,7.6822,95
6b2ecfbf,12215,7.6822,77
242a256,14348,7.6849,95
37e66323,11974,7.6822,77
48891fc,13631,7.6822,95
5a69a90f,10587,7.6849,81
6377f8b7,12317,7.6849,77
af2ed54,16130,7.6822,109
e897852,10598,7.6849,81
284aab69,11445,7.6822,77
4ece0f0e,935,7.6767,14
12a0f420,8539,7.6849,61
f25336d,13290,7.6849,95
4a2b8133,12069,7.6849,77
74a35107,11938,7.6849,77
6137ba47,13679,7.6849,95
472f5357,14887,7.6849,95
72fb821f,15915,7.6795,95
519b7098,12482,7.6877,77
3f5e38c5,12075,7.6877,77
53128d27,11285,7.6877,77
636748eb,10491,7.6877,77
5e6f1a3b,8270,7.6877,61
54faaede,16049,7.6849,95
1a2c2c94,10804,7.6877,77
43551f2a,12339,7.6795,90
654d6bb9,11632,7.6877,77
6440a590,12458,7.6877,77
ff5250,11405,7.6877,77
1f736d00,14258,7.6877,95
74348d8b,2746,7.6877,29
7aaa2017,10215,7.6877,77
1ba766f7,3045,7.6877,1
1f3813ee,2747,7.6877,29
4f308d57,10975,7.6877,77
64b1a63e,9116,7.6877,66
4401f481,11495,7.6877,77
1bf9288c,10805,7.6904,77
50e85491,13321,7.6904,95
390198e4,13327,7.6904,95
726fd6b9,14822,7.6904,95
2ba2ad4f,10422,7.6904,77
20802d30,4794,7.6904,1
325eb96d,12500,7.6904,77
72dd17a,4505,7.6904,1
752d9394,13187,7.6904,58
bfb1538,16083,7.6877,109
2a3350da,15905,7.6932,95
6de11120,13763,7.6932,95
40b4c589,13880,7.6932,95
2bb9d589,2253,7.6932,22
42ebbe7,16038,7.6932,95
57af3c8f,11552,7.6932,77
2f149f82,12091,7.6932,77
67aa1320,8791,7.6932,61
7ef8e2fc,9117,7.6932,66
6dddfde6,14985,7.6932,103
2a766e4,11631,7.6932,77
24613bda,14359,7.6904,95
732714d4,8812,7.6932,61
5dc2157b,12231,7.6932,77
6ac62ef0,15253,7.6959,103
536fe50a,11446,7.6959,77
18a5ca07,12787,7.6932,77
55017da5,10508,7.6959,77
e6b685b,13160,7.6932,58
ae5f9eb,15979,7.6959,95
22808b29,11939,7.6932,77
14c3888c,10744,7.6959,77
547355f7,15426,7.6959,103
4a7123e4,7667,7.6959,58
1f8da341,10884,7.6959,77
3972ba5a,8661,7.6959,61
728e81d,11826,7.6959,77
317dd210,11492,7.6959,77
7250a9d8,11357,7.6986,77
3094ad86,11775,7.6986,77
b58b78,15261,7.6986,103
2cb9515e,2245,7.6986,22
730beb8b,11784,7.6932,77
35465bfc,15906,7.6986,95
3c6859f9,2725,7.6986,29
4783635f,14349,7.6986,95
6f4f8ab6,15211,7.6959,103
462925b,11299,7.6986,77
28a037e4,5539,7.6986,50
4e75a00f,10911,7.6986,77
620e5df9,1486,7.6986,19
72eefba9,15058,7.6986,103
5bd8ed07,10507,7.7014,77
38ce5bab,16781,7.7014,109
28bf38de,6129,7.7014,53
2d09bdd3,11365,7.7014,77
15e86bb0,11808,7.7014,77
31a5cda0,11950,7.7014,77
7b7ccb3c,11199,7.7014,77
104b905b,8076,7.7014,61
2ad47545,13345,7.7014,95
4ad3a2e9,15213,7.7014,103
5584aede,4451,7.7014,1
453ee739,15909,7.7014,95
483cba79,10593,7.7014,81
414b9066,15027,7.7014,103
1658b64c,11432,7.6986,77
665a0807,11815,7.7014,77
4b1899c7,11897,7.7014,77
56cde862,12303,7.7041,77
2ddd7ac5,11045,7.7041,77
55ef0f4,8219,7.7041,61
55d4ca31,16084,7.7041,109
574ce21,10495,7.7014,77
33d8f4b8,12082,7.7041,77
1beb7df5,12455,7.7041,77
3c0185a5,15241,7.7068,103
261027fe,12078,7.7041,77
52997ab0,3440,7.7068,36
6285f1eb,13328,7.7068,95
50246208,11181,7.7068,77
772c9025,10494,7.7068,77
6ef9288a,12843,7.7041,77
58cb22ce,13639,7.6986,95
23be9617,9694,7.7068,58
50f9944a,13348,7.7096,95
43479bc8,13329,7.7096,95
36680ea7,3442,7.7096,36
4251732c,2308,7.7096,27
64dd4652,11585,7.7096,77
33847af0,13501,7.7096,95
2fc3f30e,14970,7.7096,103
50a5a4e5,15923,7.7068,108
5e449775,10592,7.7068,81
3c833a80,7247,7.7123,58
7d36417a,1484,7.7123,19
4e8735b7,11017,7.7096,77
7e6cf4ea,11042,7.7068,77
393f54e,15980,7.7123,95
79163576,13322,7.7068,95
5261d4ce,4795,7.7123,1
41414449,5538,7.7123,50
ecb9d6e,11121,7.7123,77
3fc4d1e6,11407,7.7096,77
152016e9,12233,7.7068,77
4d52a6a8,16096,7.7123,109
64d084bd,14547,7.7123,95
1719e3f9,11955,7.7123,77
70c35f81,934,7.7123,14
8fe5026,12456,7.7151,77
bbc4dd1,14974,7.7151,103
43c97455,3157,7.7151,1
113ba1af,12480,7.7123,77
49658e5a,10885,7.7151,77
205e9062,10864,7.7151,77
3d5783c5,5398,7.7151,50
76d7efc,12090,7.7123,77
28bd33e0,14263,7.7123,95
6447d981,15378,7.7151,103
1358c0d,12340,7.7151,90
55bcc1c9,15916,7.7151,95
ee2e541,12300,7.7151,77
145fcaad,12301,7.7151,77
4e0e9276,12226,7.7178,77
63763a5e,3765,7.7178,37
50f71d70,13223,7.7178,58
4f08fdad,8540,7.7151,61
3a17af61,14966,7.7178,103
301777,10933,7.7178,77
52c669e5,12070,7.7178,77
3d0095bf,11044,7.7178,77
13db5098,10542,7.7151,77
3ab2f250,10745,7.7178,77
3d592ec0,14361,7.7178,95
71576731,10886,7.7178,77
3dd20db3,11937,7.7205,77
5cbac2ad,12481,7.7178,77
71b78b18,15984,7.7205,95
56c94c0,15929,7.7205,95
287ebe4b,7819,7.7205,58
2fca5c82,14732,7.7205,95
156ece16,8323,7.7205,61
22dbae43,15981,7.7205,95
6c06e571,9583,7.7205,58
3edfc793,11366,7.7205,77
6f791e4b,12502,7.7205,77
ed25df0,8841,7.7205,61
186b53de,11309,7.7205,77
53032687,11565,7.7205,77
29a8722,10945,7.7205,77
2cd52312,13341,7.7205,95
7148ba09,10367,7.7205,77
6b849bd8,14301,7.7205,95
b79fb85,14735,7.7233,95
2d4787e8,4247,7.7233,1
4c3c158,14253,7.7233,95
16d39cfe,15212,7.7233,103
139e0d,14264,7.7233,95
724e6fd6,13644,7.7233,95
17580ac7,11040,7.7151,77
14894296,12232,7.7233,77
5da531b5,15061,7.7233,103
586d44a0,13970,7.7233,95
1c8c39fb,8085,7.726,61
4bd5069f,16124,7.726,109
3f89bec9,3441,7.726,36
1b218b7c,13775,7.726,95
df3b5dc,11286,7.726,77
70cd1678,10216,7.726,77
13cf0700,10544,7.726,77
61c29c46,10543,7.726,77
710f88f7,5543,7.726,50
1192619b,11406,7.7233,77
69692e78,13680,7.726,95
275d352,10976,7.726,77
77a04ff6,1764,7.726,24
7ae539c5,14254,7.7233,95
1d82e609,11346,7.726,77
5adfc20f,2686,7.7178,29
761c6545,14486,7.726,95
2ef851d6,11343,7.7233,77
3b64b8f,14975,7.7233,103
50ce712d,15020,7.726,103
4e865c12,11039,7.7288,77
74a50e81,8839,7.726,65
61066b1d,10511,7.7288,77
505dbe81,15029,7.7288,103
7339fabe,7239,7.7288,58
2f34335e,12094,7.7288,77
59d1ffc7,14482,7.7288,95
7d38eb26,13637,7.7288,95
40acfbb6,12079,7.7288,77
7c7c1517,11908,7.7288,77
725c7705,10520,7.7288,77
725ffb48,10996,7.7288,77
37d37771,2749,7.726,29
4887d3b3,8226,7.7288,61
2dfa2139,12304,7.7288,77
46b4193,15059,7.7288,103
3f35f67f,7248,7.7288,58
10067323,5215,7.7315,50
6fd1e05e,11580,7.7315,84
7399941e,10509,7.7315,77
626c3137,11367,7.7315,77
14007c82,11570,7.7315,77
7433ad4c,13640,7.7315,95
4b35feb0,8322,7.7315,61
48539b68,14485,7.7315,95
6f9f4805,12302,7.7315,77
3d763b7d,16061,7.7288,95
c402e2c,13161,7.7342,58
5f200a8c,1792,7.7288,24
7a487e7c,4269,7.7342,1
6f84acb7,14481,7.7315,95
369095e9,11805,7.7342,77
52b43df5,4802,7.7315,1
34d43a03,6868,7.7342,53
6c500bb2,14548,7.7342,95
334dc4dd,13638,7.737,95
1ae3aae5,11016,7.737,77
6686410,11023,7.737,77
59437a3b,14890,7.737,95
6b4e9327,7249,7.737,58
18e6502e,12225,7.737,77
5debefc6,11551,7.737,77
1f3bc4e2,14674,7.737,95
f3ab89,14255,7.737,95
2a3efc99,14480,7.7342,95
5dd24699,15924,7.7315,108
489e99ae,14252,7.737,95
5b47af63,8324,7.737,61
2829b3c7,10928,7.737,77
54d5a7b3,11831,7.7315,77
493287c7,6130,7.737,53
69746ef4,11674,7.737,85
74c63fb0,8938,7.7397,61
29c1cf85,11043,7.7397,77
60c882a6,11196,7.7397,77
7028a86b,11977,7.7397,77
5a459a97,1769,7.7397,24
4c93f6f1,16132,7.7397,109
6da2259,10545,7.7397,77
4324b68d,3192,7.7397,1
64bee48b,11129,7.737,77
37c9b293,13614,7.7425,95
605696d9,13973,7.7425,95
6a0d480,14826,7.7425,95
15a9f263,10599,7.7425,81
6f8e976f,15903,7.7425,95
606ac2ac,15928,7.7425,95
3bba3419,14251,7.7425,95
3bbee33a,12083,7.7425,77
425dd6b9,10015,7.7425,58
77486dcb,14546,7.7425,95
615e34c4,8964,7.7425,61
7af0f26f,14484,7.7452,95
10001bd4,11899,7.7452,77
5c6b9ddd,11817,7.7425,77
4c837a80,10608,7.7452,81
311d9af5,16778,7.7452,109
3870ae9b,14891,7.7452,95
73455e00,14265,7.7452,95
24e3e165,3766,7.7452,37
2153e9b9,13162,7.7452,58
21d61d3b,3445,7.7452,36
76d634fb,12227,7.7452,77
690b0485,11408,7.7479,77
2b41c2e6,10016,7.7479,58
15e1f816,15214,7.7479,103
2c4dcb28,10607,7.7479,81
44f1054,10606,7.7479,81
43f98dca,15432,7.7479,103
4c4ee4bb,14047,7.7479,95
668a31a1,16779,7.7479,109
9fcddc,15248,7.7479,103
22fc656d,2687,7.7507,29
2eadc5db,8937,7.7479,61
7c31442e,12329,7.7507,90
70e9800,10850,7.7479,77
80364c,3767,7.7507,37
f187c4b,14829,7.7507,95
396a19df,14091,7.7507,95
38a84330,10585,7.7507,81
4e4e703f,14549,7.7507,95
4f7d1dec,11852,7.7507,77
34bca6c,15427,7.7507,103
7900a8f6,2265,7.7479,22
44f2e061,10017,7.7534,58
63c7076e,10609,7.7534,81
3e02a9d0,15017,7.7534,103
4239f1fe,15908,7.7534,95
748040e6,15215,7.7534,103
111be030,11197,7.7534,77
4a3c790a,16133,7.7479,109
4bca068e,13969,7.7534,95
519abe6b,11958,7.7534,77
615b15b4,11344,7.7479,77
6c60ae60,11310,7.7534,77
12e2c531,11300,7.7562,77
2234c9bc,14823,7.7452,95
b6900d9,11184,7.7534,77
322642b5,8086,7.7562,61
34be5d88,12494,7.7562,77
6df33076,11189,7.7562,77
5bdce93f,16131,7.7562,109
77f90c38,11018,7.7589,77
5fa1b2d1,13502,7.7562,95
89a35a,12649,7.7534,77
1c8d1e34,16795,7.7589,109
5a2dad8e,13346,7.7589,95
1c3ec4fa,10516,7.7534,77
20175353,2309,7.7589,27
63f2506a,14353,7.7589,95
2adeebd0,10521,7.7534,77
4d81ab2b,9695,7.7562,58
67a967e,4763,7.7589,1
6c099b5f,11944,7.7616,77
761ed046,11553,7.7589,77
1659e3b5,10994,7.7616,77
44424e66,11130,7.7616,77
64b1e6d2,9585,7.7616,58
642d86e2,14487,7.7616,95
3db09599,12483,7.7616,77
6b57dd37,16796,7.7562,109
bb31f9,11569,7.7616,77
829ad9a,1495,7.7616,19
318ced5b,10423,7.7589,77
64672038,15919,7.7616,95
3d0af1b4,10835,7.7616,77
780adef2,13499,7.7616,95
2e3a129d,16125,7.7616,109
73819182,13910,7.7616,95
19ec5917,1793,7.7616,24
37bfe996,4506,7.7644,1
59d655a6,11566,7.7616,77
20a8b19b,11816,7.7616,77
49efab06,15056,7.7644,103
361d2e38,15985,7.7644,95
4d42fd0d,11494,7.7644,77
5f94e6a,15319,7.7644,103
317a7248,12228,7.7644,77
6e49e6b1,10912,7.7644,77
3ce3f4b4,12484,7.7671,77
12319729,15060,7.7644,103
3439c4e0,8543,7.7671,61
7bfc5613,13814,7.7671,95
19768316,15318,7.7671,103
50132fd1,13817,7.7671,95
38ab92e7,10913,7.7671,77
5c408ccb,11843,7.7671,77
424f5fd6,11960,7.7671,77
5b9ad542,11125,7.7699,77
76599314,13641,7.7699,95
12810b92,12657,7.7699,77
2a0847fb,10845,7.7699,77
2735a73d,11001,7.7671,77
1d4e41fc,8325,7.7699,61
709045c,10882,7.7699,77
6fd6bcd9,14976,7.7699,103
65d0f251,15434,7.7699,103
196a4186,10546,7.7699,77
afe1eb6,15312,7.7699,103
451ad051,8312,7.7671,61
1ff08c5f,7253,7.7699,58
2b0e8ba9,13342,7.7699,95
2535d96b,15023,7.7671,103
7d50b78a,13815,7.7699,95
7a10d38,4894,7.7726,1
1ae7d531,13621,7.7726,95
142acdc5,11834,7.7699,77
f23296b,11806,7.7726,77
6a74ed6,11183,7.7699,77
77b733e2,11201,7.7726,77
787028e1,13620,7.7753,95
3a7696cf,8239,7.7753,61
2c88989b,11301,7.7753,77
62ee96cb,11909,7.7753,77
1ba08d57,10872,7.7753,77
156ea002,12084,7.7753,77
7d4aae74,11371,7.7753,77
71c04424,13682,7.7753,95
1ade88c1,14830,7.7726,95
6b0437d8,15932,7.7753,95
1677b9f0,11368,7.7753,77
64cf1884,11853,7.7781,77
5015fec6,2310,7.7781,27
74d1c5da,13681,7.7753,95
7af8a35b,14736,7.7781,95
75bb6699,11200,7.7781,77
14df15f2,12493,7.7781,77
3cce2013,12234,7.7781,77
61bb44dd,12505,7.7781,77
763e6aa5,15433,7.7753,103
c3b8ead,15317,7.7781,103
60a76a5d,7857,7.7781,58
2d2410e2,11410,7.7781,77
6bdc0dd7,4450,7.7781,1
b81191e,13971,7.7808,95
4861438c,15018,7.7781,103
27af0ad5,11959,7.7808,77
3971a0f1,11302,7.7808,77
256216d5,11679,7.7808,85
28ca3ca1,3768,7.7808,37
61fca75b,12643,7.7781,77
1dafd4e3,1766,7.7781,24
547fdf7a,11041,7.7808,77
78d481f3,8220,7.7808,61
631be6c,14551,7.7808,95
237ae936,12844,7.7836,77
1d9b9f9a,15626,7.7808,95
2ed45ebb,1794,7.7836,24
3daecec4,10859,7.7836,77
570250f4,4892,7.7836,1
27e9c641,8221,7.7836,61
b8598fe,10618,7.7836,81
7fc2f3e1,11024,7.7836,77
698ba98a,15320,7.7808,103
4fa5a963,16145,7.7836,109
73ef5b24,11828,7.7836,77
391a0d9d,12495,7.7836,77
362f205d,15910,7.7863,95
114a0c0e,3047,7.7863,1
797fa83d,3089,7.7863,1
7040ea4d,11490,7.7836,77
4883c51c,14673,7.7863,95
3f2201d0,11194,7.7836,77
7e495046,11186,7.7863,77
1d6dba74,1398,7.7863,19
7af321f2,15430,7.7863,103
d96ae63,13618,7.7863,95
71308d,14363,7.789,95
22951280,10510,7.789,77
166aadf4,10512,7.789,77
75f5f27a,9584,7.789,58
7670829,1767,7.789,24
4d28bf11,10881,7.7836,77
4723b526,10536,7.7863,77
4e5a53b,7252,7.789,58
5ed9e1ff,14302,7.7918,95
6f72b189,2752,7.7918,29
56810d02,11195,7.7918,77
7d0f8e09,11666,7.7918,77
cd11871,11409,7.789,77
2534a8ad,3921,7.7918,43
766706d4,10537,7.7918,77
171fe67e,11676,7.7918,85
274eec19,13615,7.7918,95
595d5a9b,12496,7.7945,77
4426ceb8,15911,7.7945,95
347363ed,10610,7.7945,81
6a44817c,15271,7.7945,103
6ed20ed5,10860,7.7863,77
a1780cd,16146,7.7945,109
4d56a149,10517,7.7945,77
6be6979c,11025,7.7945,77
6e23a262,10998,7.7945,77
4160c840,15021,7.7945,103
f61ee71,11667,7.7945,77
71bbedee,14986,7.7973,103
53165ea2,11856,7.7973,77
4ac1fdf7,2204,7.7973,22
6e5ccf3f,11668,7.7973,77
2f86109,4899,7.7973,1
459d8bde,10614,7.7973,81
56579a74,11046,7.8,77
5fff5bd6,10424,7.8,77
458ff77a,10619,7.8,81
6bf5b6b8,14266,7.7973,95
2ac472e6,14489,7.7945,95
3aecf1b,14553,7.8,95
39a0cc33,13163,7.7973,58
29ba4fec,15925,7.8,95
3c97ef87,14987,7.7973,103
aa8fb23,15986,7.8,95
7fa6edc9,15930,7.8,95
644b4c0d,14550,7.7945,95
5ce67b54,14552,7.8,95
76fce399,14827,7.8027,95
5ae6839c,11312,7.8027,77
3df3c4a,14488,7.8027,95
6b9d4818,15263,7.8027,103
66cdb658,10522,7.8027,77
3ca1a956,4491,7.8027,49
57f12d7e,11048,7.8027,77
75adda0b,1765,7.8027,24
5ab11943,14479,7.8027,95
74a1d3ae,11122,7.8,77
65501688,13349,7.8027,95
1f974b04,11844,7.8027,77
2ecdaab9,16126,7.8055,109
548b306d,3446,7.8055,36
11bd72a1,7254,7.8055,58
318a8822,14971,7.8027,103
5a548608,11073,7.8055,77
14603a7c,15907,7.8027,95
33bc6329,13816,7.8027,95
1a64b528,11185,7.8055,77
185659b4,10525,7.8055,77
57bbd22b,10524,7.8055,77
5abe98e9,11832,7.8055,77
3f90d004,14260,7.8082,95
2ab6be50,14677,7.8082,95
23950ba7,13975,7.8,95
8858ec1,15057,7.8082,103
dc2b6ec,13355,7.8082,95
6ab100e2,14269,7.8055,95
346b47a0,2753,7.8082,29
2b303b43,7250,7.8055,58
20f3c5b1,15442,7.8082,103
11d1fa2e,11969,7.8082,77
381e6295,11311,7.8082,77
6ce93470,11675,7.8082,85
56266471,11347,7.811,77
7c66b7d5,11006,7.8082,77
42062ba5,15264,7.811,103
947f3ba,14262,7.811,95
6ca70b0f,14586,7.8082,95
3cc29a6,8969,7.811,61
2536c151,7251,7.811,58
569e9d51,10997,7.811,77
60f27e1b,12650,7.811,77
3459fe79,16413,7.811,109
27f68dea,11019,7.811,77
5a0f850,13113,7.811,58
76514c59,16127,7.811,109
d00dedc,11180,7.8082,77
318a0f08,11665,7.8137,77
149ec973,1084,7.8137,17
1e8a8b4b,16137,7.8137,109
286e6da1,11669,7.8137,77
412b9313,14828,7.8137,95
1c6a82b2,16797,7.8137,109
3ea803ec,13645,7.8137,95
2470cf15,10425,7.8137,77
60a536e2,16412,7.8137,109
43026b2b,15022,7.8137,103
6bd8e214,2266,7.8137,22
233ac9cf,15627,7.8164,95
21c2ecf7,10865,7.8164,77
69f5956f,13353,7.8137,95
202ebc95,15076,7.8164,103
c4a32c6,11854,7.8137,77
3a59d2ec,4452,7.8164,1
46d03362,15494,7.8164,103
7f426625,12501,7.8137,77
2addb74c,11496,7.8137,77
77dc6cd3,16800,7.8137,109
3e60e76,11071,7.8164,77
70ca5238,11554,7.8192,77
6ff93361,10999,7.8192,77
28598e05,11970,7.8164,77
6a3c9a8a,5214,7.8164,50
3cf7d529,10551,7.8192,77
f51e97f,10588,7.8192,81
1ce81591,8088,7.8164,61
46309945,11126,7.8192,77
66c30e0e,10977,7.8192,77
2995a1cf,7256,7.8137,58
4dd82b5e,3067,7.8192,1
4f84e151,15272,7.8219,103
4f9ee3cf,11123,7.8219,77
4b81a82a,10547,7.8192,77
1cab7f33,3081,7.8219,1
33635121,3630,7.8219,37
478fe8df,1487,7.8219,19
2f690716,11962,7.8219,77
175119af,15988,7.8192,95
51573397,12320,7.8219,77
69a6e072,12504,7.8219,77
98f66cd,5216,7.8247,50
79e3616c,15302,7.8219,103
e900be7,15926,7.8219,95
1113f7fb,8240,7.8247,61
7930b5c5,14267,7.8219,95
27cb7fe1,10538,7.8247,77
14149fc8,14831,7.8247,95
63e1b9ee,11047,7.8247,77
7617e09c,10528,7.8247,77
298a97cc,14364,7.8247,95
27a81129,16062,7.8219,95
5b4a0684,15269,7.8247,103
27825e7b,13778,7.8274,95
5acb99b0,16435,7.8274,109
3d0dea99,11677,7.8274,85
31a1a8f3,13818,7.8274,95
2cc0bfcc,10866,7.8274,77
67294172,10914,7.8274,77
36f8a59a,13354,7.8274,95
3bc54b8,5217,7.8274,50
23b56dd3,15034,7.8219,103
18291036,8833,7.8247,61
5bc4b66,15270,7.8274,103
5737306a,14967,7.8274,103
fc023d4,12497,7.8274,77
229a271b,15309,7.8247,103
5bcd6866,15265,7.8274,103
24108b63,8965,7.8301,61
45e802cd,11961,7.8301,77
22e8866d,14972,7.8301,103
4ddae691,12236,7.8274,77
4c32563a,15987,7.8274,95
6cd9874c,15927,7.8301,95
69a20e70,14490,7.8301,95
f1f36c7,15262,7.8301,103
56f6fb11,13779,7.8301,95
1558b1a3,15322,7.8301,103
51423298,2750,7.8301,29
71812c1b,15232,7.8274,103
8296dd5,4846,7.8329,1
7e76db19,14892,7.8329,95
3e60f0bd,11982,7.8329,77
6d2f0d4f,11670,7.8329,77
7e52375c,13616,7.8329,95
65b5b560,11819,7.8329,77
4679f29e,16000,7.8329,95
2e282add,8228,7.8329,61
3ff26c2a,15078,7.8329,103
6d8b87da,11983,7.8247,77
5fd7841,13350,7.8329,95
4d9bd5f4,1488,7.8356,19
74c721e2,16003,7.8274,95
7da3d0e6,8321,7.8356,61
6507aa46,16144,7.8329,109
13f29063,7255,7.8329,58
55d39c,11980,7.8356,77
4d503a45,14367,7.8356,95
2e17f7e9,1490,7.8329,19
29e10bc0,13356,7.8356,95
1460032d,16805,7.8329,109
706e453,10435,7.8356,77
4b4864e4,12095,7.8301,77
25070bc6,11131,7.8329,77
5a717adb,14968,7.8356,103
1e34e91d,13347,7.8384,95
7b6fd55e,10807,7.8384,77
4e475022,9118,7.8384,66
4bfb821c,12644,7.8384,77
439cb0c3,11857,7.8384,77
126aadc9,15077,7.8356,103
17aa5fff,11979,7.8384,77
16101e7e,12651,7.8384,77
73e2e623,14973,7.8384,103
3611f075,10620,7.8384,81
56c474,15904,7.8384,95
1ede61f7,10436,7.8384,77
266a6615,15350,7.8384,103
61a993f4,6131,7.8411,53
24396d99,8842,7.8411,61
127a680e,16063,7.8411,95
e5dd2b3,15310,7.8356,103
67d5ee9a,11127,7.8384,77
29cda68,13643,7.8384,95
71b76148,13776,7.8438,95
e5742de,4897,7.8438,1
7338cd96,11187,7.8411,77
5eb1d023,8229,7.8438,61
1e4fbf0b,8227,7.8411,61
4acee7a7,11050,7.8438,77
25f41ec2,1491,7.8384,19
648f386a,10550,7.8411,77
28124191,16414,7.8438,109
2ce6ab5f,15931,7.8438,95
112892bb,15428,7.8438,103
14af8c52,5521,7.8466,50
9feaac5,13622,7.8466,95
10db44f6,1836,7.8466,24
50d98f9c,10504,7.8466,77
45b3a11c,11818,7.8466,77
45d084de,11313,7.8466,77
2d1678e4,3769,7.8466,37
7335f184,13351,7.8466,95
51425701,6127,7.8466,53
1bf4452b,3177,7.8438,1
4397ac08,15067,7.8466,103
5dd82dc6,16134,7.8493,109
24df356,13780,7.8493,95
79d64929,11000,7.8493,77
1ee19323,10523,7.8466,77
194c3f77,11008,7.8493,77
774add26,3080,7.8466,1
40f3e6f6,10447,7.8521,77
270550c9,11680,7.8521,85
590c4fcd,11128,7.8493,77
45a6ff37,8663,7.8521,61
5140fabc,15429,7.8521,103
606eae7c,15313,7.8521,103
151cec48,15917,7.8521,95
7e87fcc,4796,7.8521,1
6b5da427,16415,7.8548,109
241836e6,11053,7.8548,77
57cc142b,12235,7.8493,77
5a429503,15321,7.8548,103
618bdba1,15435,7.8548,103
67afd6cf,15106,7.8548,103
1326cfe0,16798,7.8548,109
e425d82,12503,7.8575,77
24fcfce3,12485,7.8548,77
6f280f24,11499,7.8575,77
53931f00,2684,7.8575,29
6ad89ff2,5541,7.8521,50
55b107db,11833,7.8575,77
704d8b42,10434,7.8575,77
33957a4c,4761,7.8575,1
558616ce,4453,7.8575,1
45416b8b,11821,7.8548,77
192ed27b,12486,7.8603,77
1d9c44c3,14977,7.8603,103
404e0774,8844,7.8603,61
5c4593a4,16799,7.8603,109
4bf21787,4895,7.8603,1
441ad57a,14989,7.8603,103
3bdf2b66,8843,7.8603,61
156f9bed,14678,7.863,95
b1aeece,11984,7.863,77
284347cb,14270,7.863,95
7b3284ba,15628,7.863,95
69912fa3,10518,7.8603,77
2b57adec,10851,7.863,77
77e74ad6,8241,7.863,61
189f07c4,15314,7.863,103
7813df43,13330,7.863,95
5a447218,15254,7.863,103
6e3d2560,15068,7.863,103
23c1638b,11964,7.8658,77
642fea21,4496,7.8658,1
4380e110,11026,7.863,77
4c1a1c6d,2255,7.8658,22
540fa4fe,5542,7.8658,50
1b7f7b26,11981,7.8658,77
258fd7e4,11963,7.8658,77
221ee010,10613,7.8658,81
58002cc1,11228,7.863,77
aeb12e3,15311,7.8658,103
53dbc720,16807,7.8658,109
4ea7eacf,15495,7.863,103
15cc2408,11822,7.863,77
200c3f49,14725,7.8658,95
408758c1,14368,7.8658,95
12292638,10514,7.8685,77
63a95720,12645,7.8658,77
2f4ee630,940,7.863,14
1731c339,13777,7.8685,95
6d0ac04e,4803,7.8658,1
36c92331,11004,7.8685,77
3cc21343,15436,7.8658,103
62d93d7a,11051,7.8658,77
1f70629f,4767,7.8658,1
6415243,13352,7.8712,95
3df2fa75,11314,7.8712,77
425d8651,2324,7.8712,27
5e25701f,16135,7.8712,109
527ae2d2,11633,7.8712,77
78f18bba,15024,7.8712,103
5630e5fb,11855,7.8712,86
23e0d2aa,11303,7.8712,77
2689d876,10548,7.8685,77
52d13b46,14268,7.8658,95
39f13da,11988,7.8685,77
402c9ec8,11002,7.8712,77
264fe481,2254,7.874,22
4eedd256,11049,7.874,77
153ddbc6,17245,7.8712,109
ff58f0d,12071,7.874,77
72699d16,10947,7.874,77
a381a32,13357,7.8712,95
6ec70b78,14737,7.8712,95
377581cd,10018,7.874,58
172a8a17,11369,7.874,77
6814e1ac,15619,7.874,95
da13b37,14092,7.874,95
7511253e,16138,7.874,109
6cb290df,1399,7.8767,19
3a78dafa,4900,7.8767,1
21185f91,14893,7.8767,95
4b7810df,13164,7.874,58
257bf9b1,1837,7.8767,24
62a10397,11141,7.874,77
6de97db9,14053,7.8767,95
3c0ae242,11150,7.8685,77
1aed5374,15379,7.874,103
663ef5d9,15071,7.874,103
105560eb,15351,7.874,103
5b9ca58,11965,7.8795,77
6f6eccc3,11634,7.8795,77
1f6844a9,15629,7.8795,95
e69eaa0,11142,7.8795,77
45491a3f,10513,7.8767,77
5c58ce81,14676,7.8767,95
32c671c9,12072,7.8795,77
2b3c42fc,16439,7.8795,109
40503fea,11072,7.874,77
1f9552a6,12845,7.8795,77
14884af,13980,7.8822,95
40b552cc,15352,7.8822,103
4d203007,14984,7.8822,103
657c4c8b,11820,7.8822,77
5796c3e4,1492,7.8822,19
543a3123,15918,7.8822,95
12be5845,15234,7.8822,103
3b3c6f83,15342,7.8822,103
78f74bec,11978,7.8822,77
349becfd,11229,7.8767,77
55f39069,2691,7.8822,29
b778811,10549,7.8849,77
114ef502,5404,7.8849,50
356f96e2,14726,7.8849,95
77050388,13976,7.8849,95
1c92f591,15069,7.8822,103
552b5eb2,13981,7.8849,95
4e4f9507,12658,7.8849,77
1c3a1a73,1489,7.8849,19
1421bc2e,8242,7.8849,61
437c433f,12237,7.8849,77
48c908bc,2685,7.8849,29
7bd78005,12646,7.8849,77
479801d9,11671,7.8877,77
637e179e,11003,7.8877,77
bbd62db,15303,7.8877,103
268f82bc,16440,7.8877,109
2a79ad28,11009,7.8877,77
2a75cc33,11571,7.8877,77
7ba49321,11678,7.8822,85
2d64866d,15934,7.8904,95
4daf92a0,7257,7.8849,58
2a5866d0,4507,7.8904,1
4ee47a43,10861,7.8877,77
1a954b6,11315,7.8849,77
1535bd5c,10890,7.8904,77
3d671207,11132,7.8904,77
52b4c4e8,15989,7.8904,95
2e4833fc,2748,7.8904,29
79edb18d,13982,7.8904,95
2ed7f2c2,1825,7.8877,24
2458e590,3159,7.8904,1
27169fb6,3770,7.8932,37
161d2366,11074,7.8932,77
7f1ab993,14990,7.8877,103
40bac1c,11637,7.8877,77
1022a25f,11124,7.8932,77
6cc1b457,8243,7.8932,61
3da64c2,16064,7.8932,95
7ca371cc,10622,7.8904,81
565f89ea,8230,7.8932,61
54d5795d,4901,7.8932,1
536ae924,4508,7.8959,1
3466bff,11636,7.8959,77
1c16f639,12794,7.8932,77
716e4de6,16806,7.8959,109
640c474a,10873,7.8986,77
4eb692f8,8662,7.8986,61
4122aeec,16097,7.8986,109
52a5929d,11837,7.8986,77
34066129,3083,7.8986,1
4a9171c3,10867,7.8986,77
1b2b2612,13358,7.8986,95
7a38f2fd,10515,7.8986,77
7c88cce7,15073,7.8986,103
653b0dc,11370,7.8986,77
478dd6bc,11198,7.8986,77
6dcc5a63,15070,7.9014,103
7a1f6baa,17260,7.9014,109
40ca7ffa,15233,7.9014,103
29fa3bc7,15035,7.9014,103
5b04f26f,16004,7.9014,95
74d72e88,11860,7.9041,77
7215f785,11497,7.9014,77
73d68056,10891,7.9041,77
60f00479,11985,7.9041,77
1c1b0582,13977,7.9041,95
416f605b,11005,7.9041,77
6fc8c10,11858,7.9041,77
7d283e2b,11835,7.9014,77
664f937a,1849,7.9068,24
223cbd24,11304,7.9068,77
cce49fd,8792,7.9068,61
186b6c80,4454,7.9068,1
7a15ff91,11230,7.9068,77
37b99014,11501,7.9068,77
60db77ea,11007,7.9068,77
27c92348,11151,7.9068,77
6485445d,10529,7.9068,77
3139d62b,16423,7.9041,109
a6693c1,4515,7.9096,1
64db22a6,16437,7.9096,109
2a3225cc,13983,7.9096,95
39a166a7,12791,7.9096,77
2425d47c,15030,7.9068,103
5545262f,11500,7.9123,77
6b835fdd,13646,7.9096,95
f05d27f,10852,7.9123,77
20dfd602,15933,7.9123,95
56f09e19,11863,7.9123,77
4a0fd86b,12798,7.9123,77
3e7177a8,10455,7.9096,77
6d57cd4e,13359,7.9151,95
11dffa95,11502,7.9096,77
605332c4,15358,7.9151,103
468c755f,2937,7.9151,32
32817881,16789,7.9151,109
2aed4415,15036,7.9151,103
67e244d,2936,7.9096,32
61effe22,15343,7.9151,103
f0aabd8,1459,7.9123,19
76b66def,16147,7.9123,109
4fca46c8,3197,7.9178,1
51caaffd,10605,7.9151,81
b448a77,4768,7.9178,1
4ed847e5,16101,7.9178,109
167907a8,13647,7.9178,95
38dec4e0,10561,7.9151,77
53b9b4f0,11638,7.9205,77
57885c3d,2935,7.9205,32
78b07389,11672,7.9205,77
74dbf415,15620,7.9205,95
6adbc04a,15107,7.9205,103
1e81a5c0,15353,7.9205,103
7fa70098,1828,7.9178,24
47008de,3910,7.9205,43
61876007,12846,7.9205,77
2f202f19,2323,7.9205,27
1bcd6327,2267,7.9233,22
5ca90306,11052,7.9205,77
581bd6b5,11029,7.9233,77
39288241,16099,7.9233,109
766d6248,13972,7.9233,95
6d41e3e4,11028,7.9233,77
6c9e3f9,15080,7.9233,103
12ec6115,4866,7.9233,1
6b6ff385,10868,7.9178,77
14c4a383,10505,7.9178,77
53eba073,10889,7.9233,77
9a6fc71,10437,7.926,77
60bc7410,1485,7.926,19
40390097,10563,7.926,77
312c254c,10615,7.926,81
262ebdde,10621,7.926,81
c55051,10454,7.926,77
3ebe714c,11910,7.926,77
360be3b4,12506,7.9233,77
66dda67c,12487,7.926,77
4c30252e,10453,7.926,77
14909f5,11133,7.926,77
68365c2b,11498,7.9288,77
63d3f917,15108,7.9288,103
54d1044c,12795,7.9288,77
44a03e16,10448,7.9288,77
38448631,16065,7.9288,95
2e07b916,16801,7.926,109
77f2eb9a,11823,7.926,77
6f42fb0e,15920,7.926,95
67480b82,16098,7.9288,109
67821aab,10888,7.9288,77
3d45c444,11233,7.926,77
2575dc37,10616,7.9315,81
41a299ba,11572,7.9315,77
52fe4791,11506,7.9315,77
bd6b8ef,11188,7.9315,77
754d4257,11865,7.9315,77
6639df5e,11306,7.9288,77
6c62802e,13974,7.9315,95
3383e56a,11986,7.9315,77
5d7438a5,3082,7.9315,1
13e1ee44,15354,7.9315,103
c215995,15315,7.9342,103
24cab460,3569,7.9342,37
84ead26,11057,7.9342,77
1441f1a5,14978,7.9342,103
12aaff49,13781,7.9342,95
63b230c8,3771,7.9315,37
1ee89605,15323,7.9342,103
152925ab,12857,7.9342,77
292578a6,16005,7.937,95
5bf90a4,15316,7.937,103
402a77ed,16788,7.937,109
326c2b50,15267,7.937,103
68eedba6,12507,7.937,77
112d5caf,11643,7.937,77
22bc478,13984,7.937,95
31d51f8,14675,7.937,95
51ce59c6,10526,7.937,77
1a9b0a4c,15266,7.937,103
5fd2da07,14055,7.9342,95
4fe39bb2,15440,7.937,103
725c0084,11504,7.937,77
34d06ec5,11202,7.9315,77
68846423,10540,7.9315,77
718de4ec,2726,7.9397,29
4b27009c,4517,7.9397,1
18ca2c41,11911,7.9397,77
2fdbcfdb,17261,7.9397,109
6435037f,11836,7.9397,77
17e5dc85,11864,7.9397,77
5e04521c,14271,7.9397,95
720febcd,10527,7.9397,77
78062b7e,11027,7.9397,77
2fd0eb10,12240,7.9425,77
66534ed6,17246,7.9397,109
63b23b6e,15380,7.9397,103
61fa54f6,15344,7.9425,103
5a8ac269,10519,7.9425,77
50939852,11824,7.9425,77
2662ef96,10539,7.9425,77
e420821,15037,7.9425,103
7cd93bcc,12792,7.9397,77
704c27b4,14832,7.9425,95
607a80e4,12238,7.9397,77
40085530,12796,7.9452,77
41636874,1404,7.9452,19
30eb21bd,10869,7.9452,77
2c61023c,11913,7.9452,77
7bbb18b7,10562,7.9452,77
5ffe6379,16424,7.9452,109
14856ac3,11673,7.9425,77
6a4c2411,15038,7.9425,103
62d4177a,14272,7.9452,95
7b2cdf6b,15081,7.9452,103
34739140,15444,7.9479,103
215638b2,14739,7.9479,95
d9f724a,16421,7.9452,109
6f8b344,16441,7.9479,109
5b504294,16139,7.9507,109
1b32e377,10978,7.9507,77
74af4618,11573,7.9507,77
7e89cf38,10530,7.9425,77
bbca64d,12654,7.9479,77
ceeab62,12655,7.9507,77
b31db0b,11317,7.9507,77
7dcae505,17251,7.9479,109
3e6b1b6b,13331,7.9507,95
32ce7e8a,11316,7.9507,77
3722125b,13360,7.9507,95
1dea3b77,10617,7.9507,81
f54659f,2754,7.9534,29
7bbccbe2,14054,7.9534,95
3ac7c031,4510,7.9562,1
1d50adf8,15355,7.9562,103
53fe2dda,11305,7.9562,77
512d0ca6,1514,7.9507,19
7ba01913,13650,7.9562,95
4cd32eba,11318,7.9562,77
4891b959,11239,7.9534,77
50b6e2de,11030,7.9562,77
69479c52,2325,7.9562,27
3cb4d93e,4497,7.9562,1
40e3ae36,9119,7.9562,67
18bcca08,12789,7.9562,77
792ae480,14273,7.9589,95
1b3888bd,11033,7.9562,77
9c23356,12790,7.9562,77
1e6d5969,15109,7.9507,103
4b1de3fa,11031,7.9616,77
7c1ca09e,10541,7.9616,77
20bf7c22,1408,7.9589,19
517abe8e,15990,7.9616,95
7f5a5ec5,10949,7.9589,77
b08e656,11840,7.9589,77
2faec6fe,11859,7.9616,77
2ba4834b,4498,7.9616,1
615fef36,15437,7.9616,103
6a54c8c,16790,7.9616,109
4a532058,14997,7.9616,103
4f849b4b,5540,7.9616,50
139396da,4509,7.9616,1
1ca2e138,4764,7.9644,1
304f0f0c,16066,7.9589,95
634db8bd,15235,7.9616,103
c86d222,16420,7.9644,109
6c67d748,8664,7.9616,61
67c750dd,2757,7.9616,29
101d7ffc,10456,7.9616,77
fa2c4d4,10950,7.9671,77
2fb80446,14354,7.9671,95
213ed95c,11503,7.9671,77
73b197a4,16100,7.9671,109
2ead60b7,11914,7.9671,77
41d8cb10,12652,7.9699,77
16fb1e4e,11322,7.9671,77
6908a782,11204,7.9699,77
23faba96,11447,7.9699,77
2ce5cacc,3570,7.9699,37
3ce20d81,14355,7.9671,95
7a7bc98f,1826,7.9699,24
2b62140b,10506,7.9699,77
65a56647,9123,7.9671,67
9802f8a,11227,7.9671,77
6cbb52a4,3571,7.9699,37
493de9c6,14740,7.9699,95
4b0ce987,10887,7.9699,77
1eeefc5,1406,7.9671,19
2a58dd25,2928,7.9726,32
2f32db6b,16422,7.9726,109
56b7f320,11148,7.9699,77
70756ea1,14056,7.9644,95
773f4927,2268,7.9699,22
3eacb9b6,17247,7.9753,109
18f9047c,4898,7.9726,1
34958635,10449,7.9753,77
6fcef660,11223,7.9726,77
34748326,936,7.9726,14
64febb30,12858,7.9781,77
7d22b5f9,11145,7.9781,77
7c423db4,11321,7.9753,77
43ff80e8,12239,7.9753,77
64a7b9aa,1407,7.9781,19
745a7bab,9124,7.9781,67
65ec692b,11032,7.9753,77
82e47bf,11861,7.9726,77
519dd5f9,10946,7.9808,77
76bd7b42,15359,7.9808,103
709ef18f,15260,7.9781,103
a77539c,10450,7.9808,77
35fa6d36,12660,7.9808,77
f81e887,1838,7.9808,24
288067a0,11203,7.9781,77
6adbfc4c,11224,7.9808,77
2f15f9b6,11134,7.9808,77
1fceb47b,10566,7.9808,77
729f4db9,14738,7.9808,95
79bbe969,11635,7.9836,77
184b4ef8,17262,7.9836,109
656b7504,16784,7.9836,109
522d3c99,10443,7.9836,77
52f5a723,15356,7.9808,103
4f927f6f,11205,7.9808,77
3872ac6a,3573,7.9836,37
23f47d5c,11987,7.9808,77
1e24eaac,4455,7.9836,1
25d6d405,11838,7.9836,77
5ae5a323,12797,7.9836,77
77d955e9,16782,7.9863,109
51788b1c,11507,7.9863,77
4e91b034,16802,7.9863,109
14085a51,16136,7.9863,109
5d74231f,16436,7.9836,109
2a7f6f29,10892,7.9863,77
17341192,15456,7.989,103
54670350,8845,7.989,61
28f7ae18,15362,7.989,103
79a08a08,11862,7.989,77
4e2fbc2f,11231,7.989,77
22be4b39,11307,7.989,77
37acb618,13648,7.989,95
4a218a2f,16803,7.989,109
79dc8980,8665,7.989,61
1debb4f2,15345,7.989,103
296be201,9125,7.9863,67
21220547,11075,7.9863,77
5fbc5ed4,10457,7.9918,77
7e9b7d89,2311,7.9918,27
7b258d42,11682,7.9918,85
3d1300fb,11972,7.9918,77
201e1e50,15062,7.9918,103
56139bb8,3631,7.9918,37
653339c5,12799,7.9918,77
10b53a5,4765,7.989,1
618f4f63,2751,7.9918,29
57ca1372,2929,7.9918,32
58346998,17248,7.9945,109
24ba8fa7,14356,7.9945,95
7406f9fe,11996,7.9945,77
3e82629d,10552,7.9918,77
65cf8893,10444,7.9945,80
6c20fd64,4456,7.9945,1
15f8e43a,16785,7.9918,109
2375e413,13654,7.9918,95
56722672,15443,7.9945,103
7bc930ab,11135,7.9945,77
62dba451,16438,7.989,109
30d05504,15116,7.9945,103
7756a4da,3922,7.9945,43
45289ef3,1827,7.9973,24
48244107,11054,7.9973,77
a164cad,14741,7.9973,95
b48941a,11845,7.9973,77
3b7f953,11992,7.9973,77
69f1ac5b,2755,7.9945,29
513af6ec,8666,7.9973,61
1e1d4095,12800,7.9973,77
22dc5f64,941,7.9973,14
46abac10,11640,8,77
4020bfbf,11649,8,77
34cd46c6,2688,8,29
74aa0844,17249,8,109
5966ca5a,15330,8,103
6f7af1ed,1327,7.9945,19
2ae276fa,11647,7.9973,77
3a00a2dd,14998,7.9973,103
74c7ee16,11639,8,77
508b20e2,11644,8,77
f2cd080,12653,8.0027,77
68465687,13985,8.0027,95
4bab443,14991,8.0027,103
51aab8d3,16067,7.9945,95
1a565bae,17250,8.0027,109
1353e436,11372,8.0055,77
497b6ab5,11993,8.0055,77
4d132f69,16783,8.0055,109
6530864e,4848,8.0055,1
694ebc8a,2312,8.0055,27
1bb3e0a1,13988,8.0082,95
7bf24dd4,14999,8.0082,103
2f4e4da4,4902,8.0082,1
4e2dacf5,15072,8.0082,103
521bf356,13986,8.0082,95
3b6e882c,10442,8.0082,77
787bf3a5,15304,8.0082,103
3314a859,10451,8.011,77
39f8c82b,11232,8.0137,77
6690d188,15445,8.0137,103
457993ab,2930,8.0137,32
77f9312,3168,8.011,1
48754911,2269,8.0137,22
79587db,1850,8.0164,24
67691a30,11681,8.0164,85
6e8439bd,12662,8.0164,77
c5bc8bd,4867,8.0164,1
1b65132e,11234,8.0164,77
4f7dd0bf,937,8.0164,14
27db2db2,17252,8.0192,109
84c1be3,12674,8.0192,77
474a9286,10458,8.0192,77
1506b4f2,15031,8.0192,103
1db3026f,5522,8.0192,50
7a2facd5,2256,8.0192,22
6bcead5d,9120,8.0192,67
3b520c4,4518,8.0192,1
10f85c96,4499,8.0192,1
30f9cb5f,12847,8.0192,77
2ec32c58,16425,8.0192,109
4da8a44,12707,8.0219,77
4a65f77e,11146,8.0192,77
3a918ddc,11971,8.0219,77
56947aa5,5400,8.0219,50
597e62b0,11147,8.0219,77
5e517468,15110,8.0192,103
28c9e01b,11010,8.0219,77
1fdfb8b6,5547,8.0247,50
4f8799a3,942,8.0247,14
1642be80,10452,8.0247,77
3a3393a4,11060,8.0219,77
43fe6980,14369,8.0247,95
5d1d65c1,13979,8.0247,95
3fe56cdc,4877,8.0219,1
585042df,15455,8.0247,103
4c5ca002,11973,8.0274,77
6a54a49e,11989,8.0247,77
1f4b67e2,10469,8.0274,77
5b82f6a2,16426,8.0274,109
5c51f778,12809,8.0274,77
36a385bb,16140,8.0274,109
48c6f3a2,15117,8.0247,103
61b31608,15331,8.0274,103
613208e,15458,8.0274,103
4b3b5b2c,11645,8.0301,77
2e0c3ef4,11505,8.0247,77
6347f2d7,15361,8.0301,103
135b7c9,12659,8.0301,77
6a3fd215,15438,8.0329,103
4b1c8779,11011,8.0329,77
7d35f67a,15074,8.0329,103
211419d,11319,8.0329,77
7beb1481,11915,8.0329,77
34df6e96,11648,8.0301,77
668bc851,10567,8.0329,77
6e1e60b4,16429,8.0356,109
4df23eea,10565,8.0356,77
296521c,11308,8.0356,77
3ae7db5f,15446,8.0356,103
60625b56,10570,8.0356,77
27611777,10627,8.0356,81
7b38781f,11061,8.0384,77
4b8ec3d6,11058,8.0384,77
4f37c4db,16149,8.0384,109
60c2b8e5,10459,8.0384,77
5882cc62,11684,8.0384,85
65af34d7,15305,8.0384,103
2fc79f,11055,8.0411,83
144f35a5,15327,8.0411,103
613fb259,4896,8.0411,1
5cb880,11642,8.0411,77
2f1093c0,11916,8.0411,77
33051379,16418,8.0411,109
7a70ac2f,10438,8.0411,77
27e3e03e,11320,8.0356,77
4f069331,5544,8.0411,50
1d5bc5d,15063,8.0411,103
5e0aeaa1,10568,8.0411,77
215a41c7,10564,8.0411,77
42bb2643,11839,8.0438,77
699e2347,15324,8.0384,103
5e6b947,17618,8.0411,122
721b6bd6,16837,8.0438,119
7bcdd8d6,938,8.0438,14
306cbd43,10531,8.0438,77
605f70d2,11641,8.0411,77
7843f385,16427,8.0438,109
51af6280,16103,8.0438,109
74197405,11190,8.0466,77
44311b0b,3574,8.0466,37
5ff32abf,11646,8.0466,77
70caa999,10464,8.0466,77
384b251f,12661,8.0466,77
5ca68deb,4814,8.0466,1
2b6d0827,4849,8.0493,1
3cf9557c,16941,8.0493,119
2fbf0c3a,11323,8.0493,77
23f5677a,15112,8.0493,103
125afbf4,17253,8.0493,109
5e7f43f7,11064,8.0493,77
25d96391,11206,8.0493,77
181f3c55,13649,8.0493,95
791d9194,12818,8.0493,77
3cdd5018,16843,8.0521,119
1819dc8f,16940,8.0521,119
7985b64d,4905,8.0521,1
6c0119d8,4769,8.0466,1
1f056a49,3084,8.0521,1
3a0ad9d0,12656,8.0521,77
6c2187ba,15501,8.0521,103
384273ad,16442,8.0548,109
5ce972a4,16786,8.0548,109
3041f4b0,17619,8.0548,122
50bda955,10623,8.0548,81
7bc967f4,10569,8.0548,77
6c22567b,10470,8.0548,77
5379cb3b,15439,8.0548,103
6e332700,4519,8.0575,1
5e751bf5,15921,8.0575,95
209a1fce,12859,8.0575,77
3da738f5,11650,8.0575,77
4a5b0366,4516,8.0575,1
4841671a,14833,8.0575,95
3c87136b,16804,8.0575,109
62680f42,10467,8.0548,77
4c931f5a,12819,8.0603,77
760ad6c3,17254,8.0603,109
1f4a56ff,4766,8.0603,1
2d32706b,15273,8.0548,103
31c9dde8,11191,8.0603,77
4877e6ad,14834,8.0603,95
5aa58cf6,1851,8.063,24
21efe804,11225,8.063,77
1075b791,11059,8.063,77
6826d173,15268,8.0603,103
5ebdd082,3451,8.063,36
a007dc0,16102,8.0603,109
7d35a0a3,10650,8.0603,81
b8141cf,12820,8.0658,77
5a24db70,15441,8.0658,103
2edf93b0,12817,8.0658,77
3b08a9fd,15381,8.0658,103
13d1a3f2,15082,8.0658,103
3bb0441f,2931,8.0658,32
326f3d21,13987,8.0658,95
ede86b3,10020,8.0658,58
620fa377,3572,8.0658,37
630109c0,17620,8.063,122
1d38031c,15328,8.0658,103
e43409e,15360,8.0658,103
5675b3af,11846,8.063,77
49fea60d,15364,8.0685,103
22dae9fb,15075,8.0685,103
7f272e5f,2694,8.0685,29
4b412df,1839,8.0685,24
38c6028a,4457,8.0685,1
10cb8abb,11208,8.0685,77
4da6a158,2692,8.0685,29
1a5ef7e2,11207,8.0658,77
b353b65,12680,8.0685,77
2826d098,15382,8.0658,103
2f33f236,16787,8.0712,109
6938af33,15502,8.0712,103
27e97708,12848,8.0712,77
5fbdbecc,11034,8.0712,77
3397fc66,939,8.0685,14
7df1584d,16416,8.074,109
7f6edd5e,11998,8.074,77
198828d4,12542,8.074,77
4de3b787,15286,8.0712,103
6a49d35f,4906,8.074,1
1a7c7bda,15496,8.0767,103
21dec804,3085,8.074,1
d7071b1,1409,8.0767,19
6ca1bfe5,1410,8.0767,19
13a7492d,14492,8.0767,95
64635824,10653,8.0767,81
34ec84a0,12849,8.0767,77
6325e4d1,15032,8.0767,103
2048dbfc,16148,8.0767,109
4a6237b9,12241,8.0795,77
34bee4a9,16430,8.0795,109
64a7af1a,10440,8.0767,77
53ee389e,13989,8.0795,95
2868dc33,15365,8.0795,103
5b4c8150,2756,8.0822,29
73ecf978,3193,8.0822,1
30b4c000,3048,8.0822,1
69b27673,16428,8.0822,109
47531661,11651,8.0822,77
61292390,10532,8.0822,77
755b632,1829,8.0822,24
1366a899,10441,8.0849,77
5c4de35,10439,8.0822,77
7f3f3110,15431,8.0849,103
5571ece3,11683,8.0849,85
742736cd,16141,8.0849,109
7375a4b4,15363,8.0877,103
5063e999,10460,8.0849,77
5e0f281f,15039,8.0849,103
167a61d6,2693,8.0877,29
56d2e534,17057,8.0877,119
68ad0661,10951,8.0849,77
c1e0df9,15111,8.0877,103
529048ca,10461,8.0849,77
1df04c20,12801,8.0904,77
5ccaf1ef,1503,8.0904,19
20c75e4a,10445,8.0904,77
70c18480,5545,8.0904,50
6fcf57f4,15449,8.0932,103
6401866b,15332,8.0932,103
7ad1c77e,3160,8.0932,1
7eaeb1af,12709,8.0932,77
4f6785be,10468,8.0932,77
391ae3e8,16791,8.0932,109
237cf7e,16443,8.0959,109
17d2583b,10624,8.0959,81
7f88b674,17256,8.0932,109
46bb2cc1,15504,8.0959,103
3712bf0f,1797,8.0986,24
138e1c54,12675,8.0986,77
742053e3,11922,8.0959,77
48503e26,9121,8.0986,67
31622ed0,15447,8.1014,103
4dc6b497,17258,8.1014,109
3f66e9a5,11062,8.0986,77
77c7904d,11212,8.1014,77
18e6a1d,11991,8.1014,77
4866d504,10651,8.1014,81
76a8e679,15448,8.1014,103
307ca293,15991,8.1014,95
7b720929,15113,8.1041,103
6dec148e,13990,8.1041,95
95e4ad8,2257,8.1041,22
776e7002,15274,8.1041,103
76026752,5523,8.1014,50
4d37b8fb,16216,8.1041,109
22533c46,11226,8.1041,77
65bdbc78,4500,8.1014,1
668d7763,15118,8.1041,103
4a4d19d3,4903,8.1041,1
5cd7d26c,4524,8.1014,1
49035264,11990,8.1041,77
32f0c916,15451,8.1068,103
7d3009ac,3161,8.1068,1
369a412a,5565,8.1068,50
4e37feb7,16838,8.1014,119
d10eab3,11209,8.1068,77
5e531907,13978,8.1041,95
5c856b73,12810,8.1068,77
6a5fd3a2,16431,8.1068,109
598e8be2,16950,8.1068,119
51171242,4270,8.1068,1
ea84cd2,12678,8.1068,77
4e76ac6,10652,8.1096,81
42bac07c,16150,8.1096,109
57808f23,12805,8.1096,77
682a3362,15288,8.1096,103
566cc94a,3632,8.1096,37
57e88952,2932,8.1068,32
1a6ed189,10625,8.1096,81
6b0a4ab4,15357,8.1096,103
25602958,11213,8.1096,77
314db4a8,15452,8.1068,103
15b1d52,16417,8.1096,109
6d557669,12793,8.1123,77
495bb872,10465,8.1123,77
156fad05,15329,8.1123,103
2c4c3031,11841,8.1123,77
4c878377,17257,8.1123,109
aa742b0,2695,8.1123,29
1eabf3be,10446,8.1151,77
3104d0f3,12710,8.1151,77
26c39017,11921,8.1151,77
764462eb,11063,8.1151,77
769ec32a,15457,8.1151,103
1e7a4986,5546,8.1151,50
628cb6f,4932,8.1151,1
b223189,12802,8.1151,77
36aaabd8,11211,8.1178,77
775d88b0,16444,8.1151,109
6639b2d2,16792,8.1178,109
7213fa14,16552,8.1178,109
38f4568d,2943,8.1178,32
18736b6c,10571,8.1178,77
225bef8a,3165,8.1178,1
62e82b1d,11994,8.1178,77
1ffa8f3,4904,8.1205,1
1a7cb874,1460,8.1205,19
252f50ef,16069,8.1205,95
67a6330e,10533,8.1233,77
44b54c24,15453,8.1233,103
38f1dc71,12811,8.1233,77
47317c03,12814,8.1233,77
115909a8,11154,8.1233,77
511f01e,15325,8.1233,103
3b8bbce,2331,8.1233,27
4d386578,12850,8.1233,77
7fe3b3cb,17621,8.1233,122
4908d604,4464,8.1233,1
4947fa12,15326,8.1233,103
55a565d,15346,8.1233,103
5c970b17,12543,8.1233,77
3b47aeca,15348,8.126,103
3e8886a5,15122,8.126,103
48e96c0c,12815,8.126,77
1fd633f2,10555,8.1233,77
7b7d5cac,10948,8.126,77
13a50c8,15450,8.126,103
18170823,17263,8.1233,122
2b0d5ef,15459,8.1288,103
2cd73fe8,10626,8.1288,81
6703bb92,2332,8.1288,27
1b1442e3,12682,8.1288,77
3d5e9ee2,12803,8.1288,77
6e313591,16841,8.1288,119
7f17c0d7,11090,8.1288,77
47c3c69e,15513,8.1288,103
3677f859,13655,8.1288,95
518ddebb,15509,8.1288,103
6fc99cad,3049,8.1315,1
2e99f8fb,16951,8.1233,119
27a57841,4465,8.1315,1
18e21208,16142,8.1315,109
437de09a,14988,8.1315,103
3bedd94d,1853,8.1315,24
f3e89f0,3443,8.1315,36
5a52b0eb,12515,8.1288,77
5e43961d,16104,8.1315,109
bb10b29,1504,8.1315,19
44ab275c,12664,8.1315,77
589575ec,12708,8.1288,77
5f6dde75,15045,8.1342,103
1ddc58fb,10655,8.1342,81
1e37f02a,17255,8.1315,109
3bba577,11923,8.1342,77
32144d03,12804,8.1342,77
4df0d03a,16303,8.1342,109
366132ea,3447,8.1342,36
6ce7df0e,12511,8.1342,77
32a95ff8,9122,8.1342,67
224560fb,1412,8.1342,19
296a4a1a,12676,8.1342,77
697f1589,11143,8.1315,77
3b32a807,12860,8.137,77
439c6606,3444,8.137,36
596f2550,4525,8.137,1
4ad78436,11847,8.1342,77
5b655a62,12712,8.137,77
4e5b91ec,15347,8.1315,103
51a4e50e,15091,8.137,103
1517155a,12732,8.137,77
1b813e01,15333,8.137,103
fb563d8,2944,8.1397,32
51fc4f5b,15114,8.1397,103
5b9513b8,15366,8.1397,103
7549fa5d,12514,8.1397,77
27099c5a,1854,8.1397,24
55c51ea4,12242,8.1397,77
2345c61e,15278,8.1397,103
5fa67f0c,16432,8.1397,109
50be091d,15079,8.1425,103
6a9f8a45,15334,8.1425,103
1752998c,11152,8.1425,77
14beb7ca,11156,8.1425,77
66d29a6e,11918,8.1425,77
115d2b3f,15367,8.1425,105
1aaad84e,13652,8.1452,95
3afcdce7,1860,8.1452,24
2c27b45f,1861,8.1452,24
2f3ad6ae,10572,8.1452,77
639e03af,11137,8.1452,77
3f59f0df,12912,8.1452,77
55df9849,16845,8.1452,119
2ecd2e27,16842,8.1479,119
573b12f6,4797,8.1479,1
442bf0c5,12863,8.1479,77
32fadc06,11056,8.1479,77
34842f97,12876,8.1479,77
73ff8336,15454,8.1479,103
45bfcd63,2933,8.1425,32
7c5c931d,16217,8.1479,109
67eaf98b,1464,8.1479,19
72078a76,12677,8.1507,77
7dee4133,15093,8.1507,103
6532e1e8,11924,8.1507,77
3d8cbed1,11995,8.1507,77
105214ce,16808,8.1507,119
55a47a64,11686,8.1479,85
1b3e1e9c,16106,8.1507,109
1c067fd3,12683,8.1479,77
273f49cc,11917,8.1507,77
338a177d,12711,8.1534,77
2559356b,1496,8.1534,19
14563311,15460,8.1534,103
2bfdab63,14995,8.1507,103
3cb1e564,15287,8.1534,103
6619add2,18140,8.1534,122
4431e6,11155,8.1534,77
10188c2f,10669,8.1562,81
7ff9ab87,16211,8.1562,109
7bb9ba4e,1795,8.1507,24
76bd2098,11324,8.1562,77
5ed2c093,11912,8.1562,77
1f4aab4b,16811,8.1562,119
750e91a6,2758,8.1534,29
21a312dc,16967,8.1562,119
177ea76c,15461,8.1589,103
5fe02b48,4815,8.1589,1
5e6202b3,10553,8.1589,77
67eece51,11997,8.1507,77
5495007,11153,8.1562,77
5bad818d,14835,8.1589,95
4e13bc18,10654,8.1562,81
159467d1,12886,8.1616,77
5f8c89d6,3166,8.1616,1
7a496855,3923,8.1616,43
499bf74,4908,8.1616,1
54a02e36,12681,8.1589,77
4b1f0e88,12545,8.1616,77
7c895f8f,16809,8.1644,119
a26a3d8,11687,8.1644,85
4a950520,18137,8.1644,122
1072d545,10628,8.1644,81
55f0dcab,10656,8.1644,81
3be7119,17264,8.1644,122
27e316b7,14493,8.1644,95
30e654a8,16938,8.1644,119
625001c,11210,8.1644,77
647ba9fd,15306,8.1589,103
14bd2ad2,19981,8.1644,143
16fc6ff9,15505,8.1644,103
3877b8da,2318,8.1644,27
1faca68,17622,8.1644,122
7c6c8b3f,12812,8.1644,77
99ab0ec,9291,8.1616,67
710cd68,12546,8.1644,77
1fba19c8,11159,8.1671,77
cae786d,16554,8.1671,109
66df64d9,2261,8.1671,22
5b505a1a,15275,8.1671,103
43fd173c,12813,8.1699,77
1fbcc27f,16823,8.1699,119
60aeacf5,10559,8.1699,77
39f7ba70,15507,8.1699,103
12980e85,17092,8.1699,119
6b4e9993,10554,8.1699,77
7e12590b,4520,8.1699,1
7ab25883,12000,8.1699,77
288c9d76,3167,8.1699,1
37110bf5,12816,8.1699,77
5ba7c61d,12736,8.1671,77
3339ebaa,15280,8.1726,103
7f92a796,15498,8.1726,103
40e35532,18138,8.1699,122
2591f41d,10471,8.1726,77
59092fbe,10556,8.1753,77
33cd8d1e,11689,8.1753,85
695d1490,15040,8.1753,103
75a8c44a,12721,8.1726,77
43c634ba,10629,8.1753,81
532287a3,15083,8.1753,103
c5855a4,1461,8.1753,19
d20292b,12821,8.1753,93
296b899b,11165,8.1753,77
2985e9b0,16143,8.1753,109
65bb0d78,11035,8.1753,77
7fb1afd1,16110,8.1781,109
6bbad589,15084,8.1781,103
38e9301b,11999,8.1726,77
2efc90b,16433,8.1781,109
7652a7d7,1852,8.1781,24
7a37a147,2258,8.1781,22
88a56f7,15506,8.1808,103
4534d8ea,9290,8.1808,67
7912c615,11066,8.1781,77
ea9a785,11136,8.1808,77
6a9f7adc,15115,8.1808,103
38697d1,11091,8.1781,77
58a4716e,16218,8.1808,109
6dcb61be,16810,8.1781,119
1a1dbaff,10558,8.1808,77
1ea0e229,9138,8.1836,67
5d671d62,11089,8.1836,77
780c5d7,11144,8.1836,77
7515b4fd,12525,8.1836,77
684d995c,5401,8.1836,50
1f701ce8,11848,8.1863,77
7a998e69,1411,8.1836,19
7bb64290,1405,8.1863,19
7f35b3c3,1497,8.1836,19
60bd7791,16553,8.1863,109
56615729,3194,8.1863,1
1f0a3db7,15290,8.189,103
1bd27735,15349,8.189,103
4d732e3e,1413,8.1808,19
46f9d9fe,946,8.189,14
1a7d0617,12861,8.189,77
5454776a,15033,8.189,103
82a100,10472,8.189,77
8bcaec7,11692,8.189,85
54dbc599,16151,8.1918,109
3d6c7e1c,26107,8.189,143
7a834c79,11012,8.189,77
d9b9b64,16844,8.1863,119
1884b176,2938,8.1918,32
7523fe37,16793,8.1918,109
56fefc13,5405,8.189,50
5743a0e8,16210,8.189,109
3c991317,18136,8.1918,122
5da4605d,11214,8.1918,77
7c4c58ea,11693,8.1918,85
1523846e,18141,8.1945,122
44b27d15,11092,8.1945,77
79006bf4,2327,8.1945,27
7086d195,12687,8.1945,77
1338f0a5,12715,8.1945,77
1a311658,12852,8.1945,77
4d3c8ade,12663,8.1973,77
37190746,2934,8.1973,32
63f074d8,16794,8.1973,109
71613d28,14996,8.1973,103
6816fa3f,14993,8.1973,103
582233a0,15285,8.1945,103
277e3cd5,9212,8.1973,67
771e830a,14992,8.1973,103
4748ca56,12666,8.1973,77
3f3827ea,15042,8.1945,103
764eac9e,15307,8.1945,103
2080be16,3169,8.2,1
211bca2a,15511,8.1973,103
5fe2be94,15514,8.2,103
1364eb8f,13114,8.2,58
2e9b6d7a,17259,8.2,109
5c4bd3aa,12880,8.2,77
799ea63b,17265,8.2,122
62b69b8,1865,8.2,24
4cf761f7,11685,8.2,85
4e232d40,11235,8.2027,77
4280e5c1,12547,8.2027,77
1fbb3280,11065,8.2027,77
68340059,15497,8.2027,103
79f64c28,10473,8.2027,77
3faa7932,12679,8.1973,77
67e8cf96,12509,8.2027,77
7ac13deb,12807,8.2027,77
3ca83f01,16812,8.2027,119
2af09456,1855,8.2055,24
74d6d605,15462,8.2055,103
18d94244,16107,8.2055,109
6b041ad1,16068,8.2055,95
4433f3c9,14994,8.2055,103
16a97087,12879,8.2055,77
548dfaa9,2333,8.2055,27
d0aae58,15499,8.2055,103
614491e,1515,8.2055,19
f8120dd,15043,8.2055,103
4d8d199f,2263,8.2082,22
107d65e1,11067,8.2055,77
2b9e8df5,15291,8.2082,103
fe67d21,11849,8.2082,77
2a02cca3,947,8.2082,14
61e5a6d7,12822,8.2082,93
65c10e27,12526,8.2082,77
51abf66f,12716,8.2082,77
e05388a,2326,8.2055,27
32b6531e,16445,8.211,109
eede63f,15085,8.211,103
7b7103,2262,8.2055,22
271dc8ee,15503,8.211,103
27b341b0,15308,8.211,103
460e9767,11236,8.2082,77
2ce4a2d7,11652,8.2082,77
1e748f97,15390,8.211,103
1da615cc,11925,8.2082,77
5435e42e,11149,8.211,77
315090ea,15510,8.211,103
69b691d9,16152,8.211,109
5bb18627,10630,8.211,81
7614e0e8,2334,8.211,27
dfb6e90,10680,8.2082,81
501e1eaf,948,8.2082,14
71682601,9126,8.2137,67
7c92a35,10640,8.2082,81
560b9984,15041,8.2137,103
d2e23b,3143,8.2137,34
3f0a5a3f,14836,8.211,95
20997fe8,15276,8.2164,103
6e4f614c,10462,8.2164,77
640212b8,15289,8.2137,103
73d6f739,12733,8.2137,77
185bb094,13991,8.2164,95
75d34228,15119,8.2164,103
61879b7d,1419,8.2137,19
124f38c0,16446,8.2137,109
d0bf7d2,12684,8.2137,77
7968b319,11157,8.2164,77
3d43fc32,16555,8.2164,109
4ce791da,4466,8.211,1
7859241e,949,8.2192,14
2abef9a0,15500,8.2192,103
fb4fcf9,15335,8.2192,103
16f27795,12738,8.2192,77
935d658,12523,8.2192,77
34f2ab15,4868,8.2219,1
53a0041,13656,8.2219,95
21f3693f,11919,8.2219,77
3613eb58,15046,8.2219,103
58949abf,15386,8.2219,103
5ddf00e7,12513,8.2219,77
7cd4a24a,26109,8.2219,143
29b98d99,12527,8.2192,77
5504bb73,12665,8.2192,77
10813e68,4501,8.2247,1
7079510c,15279,8.2247,103
29e67bbb,11215,8.2219,77
4c56fe5b,16105,8.2247,109
3cf91b81,12851,8.2247,77
632cc23,12737,8.2247,77
1c9344fd,16846,8.2274,119
e1841c5,16212,8.2274,109
674cc512,18139,8.2274,122
131dff69,15094,8.2274,103
5fc7ac1b,13653,8.2274,95
35e7afd,16824,8.2274,119
56c62c7,10475,8.2247,77
409432d,12668,8.2247,92
78130272,15095,8.2274,103
545127fb,3575,8.2301,37
86a161f,15512,8.2274,103
6ef6278f,11653,8.2301,77
20281157,15044,8.2301,103
40c897b2,11694,8.2301,85
5c715b1d,10573,8.2274,77
18caab5a,12887,8.2301,77
2918980b,16813,8.2329,119
47df2d93,15387,8.2329,103
279d2e96,13657,8.2329,95
6c412de1,12720,8.2301,77
23ec48d0,12806,8.2329,77
6eb1b78c,2759,8.2329,29
50bcbc7c,11138,8.2329,77
1e1bd163,15463,8.2301,103
296f0070,11095,8.2329,77
69d49f8,12667,8.2329,77
5f70a0b8,11690,8.2356,85
3c9e710d,11850,8.2329,77
9f465be,11691,8.2301,85
49242d2a,16952,8.2356,119
138b21d6,12881,8.2356,77
52232364,15388,8.2356,103
5cd22cb3,12719,8.2384,77
76216b02,12883,8.2384,77
1e845591,10670,8.2384,81
544b5206,26108,8.2384,143
350e3074,15120,8.2356,103
3e5d0faf,3090,8.2384,1
19314b88,1862,8.2384,24
64354ad7,11158,8.2356,77
343d752d,16070,8.2411,95
58a1b31d,17267,8.2411,122
6413bda3,11698,8.2411,85
7641960d,12548,8.2411,77
56f4116d,16826,8.2411,119
450a7d30,12884,8.2384,77
ba7f4b4,16456,8.2438,109
5e4b9786,3163,8.2438,1
28c28a5b,4804,8.2438,1
3eb7918e,12877,8.2438,77
52f7a51b,15384,8.2438,103
6d0432e8,9211,8.2438,67
a81d0b8,10466,8.2438,77
8f491c9,4772,8.2438,1
345852de,2727,8.2438,29
41c332c9,11237,8.2466,77
36618e3a,16816,8.2466,119
32e19c5e,15092,8.2466,103
1e372912,17492,8.2466,122
680f46a8,16942,8.2466,119
522515cd,17058,8.2466,119
6c9860bb,21534,8.2466,143
4b40ab83,12688,8.2466,77
5aebbb66,11216,8.2493,77
4f207836,1516,8.2493,19
598a47fa,4907,8.2493,1
59e88e45,4934,8.2466,1
239973c8,12516,8.2493,77
2e7fe912,11139,8.2493,77
4bf1c630,12862,8.2493,77
cab42b8,19798,8.2521,122
4279ec1d,4813,8.2521,1
5ffec8b1,10635,8.2521,81
3791e7b5,16839,8.2521,119
635b743e,12508,8.2521,77
6179cd7d,11851,8.2521,77
6c6dcc4b,15047,8.2521,103
45ff2a37,4521,8.2521,1
7d6bd172,4870,8.2521,1
5256f987,10634,8.2521,81
50db7812,11656,8.2521,77
6c494eac,10557,8.2521,77
11a4be8e,1517,8.2548,19
5fca9473,10560,8.2548,77
4f0ae216,17361,8.2548,122
2a272db4,3050,8.2548,1
6ec28d1c,11160,8.2548,77
2af5a0b1,16939,8.2548,119
21654615,15508,8.2548,103
77f50bb,12866,8.2521,77
22ec87e4,12243,8.2548,77
37219476,16304,8.2548,109
1ffd1810,10678,8.2575,81
689520c9,12524,8.2575,77
180ad376,5566,8.2548,50
2b3baa76,12854,8.2575,77
13547b8c,12544,8.2575,77
6e531bd5,4770,8.2548,1
1919b397,16108,8.2575,109
574642a1,15086,8.2548,103
67fecbde,4522,8.2603,1
7edaa687,10641,8.2603,81
1185e947,3091,8.2603,1
2e36c92e,12685,8.2603,77
45d465eb,14494,8.2603,95
206264ba,12808,8.2603,77
31d3fb53,16556,8.2603,109
1cc079b2,14491,8.2575,95
f22e3ff,12823,8.2575,93
69bf24cd,18143,8.2603,122
5acbdaf4,11068,8.263,77
746cbb9d,9213,8.2603,67
6c4983f4,15336,8.263,103
1a067ca,12246,8.263,77
7c404bfc,16434,8.263,109
785822fa,13651,8.2603,95
6979ce3f,11695,8.263,85
498fa6c7,5402,8.263,50
37ee1ba1,12864,8.263,77
e18a054,16305,8.2658,109
29378f9e,2329,8.2658,27
1dbabde1,15516,8.2658,103
42551457,10476,8.2658,77
561957be,9128,8.2658,67
5ace8ee4,2328,8.2603,27
18cf8c2d,15121,8.2575,103
119f8fe9,12713,8.2658,77
29b552ae,11654,8.2658,77
4c1a93b,1420,8.2685,19
4cdc59f7,12510,8.2685,77
62cb5726,12722,8.2685,77
f467c51,12517,8.2685,77
66ad2cb9,10702,8.2712,81
64784f3,12853,8.2712,77
1919c700,11077,8.2712,77
287a662d,9129,8.2685,67
10306663,12686,8.2712,77
2ca824c0,15474,8.2712,103
55664f0,12672,8.2712,92
2607e7bd,10631,8.274,81
71b122a9,15389,8.274,103
16724dba,9132,8.274,67
17d35231,5525,8.274,50
6d420a57,12882,8.274,77
47abf170,3092,8.2712,1
7e527ae2,9134,8.274,67
1331dfcc,15292,8.2712,103
5ca456dc,4869,8.274,1
17aa4f8d,15096,8.274,103
6ac7ef9d,10703,8.2767,81
307ee200,9127,8.2767,67
7af0d4d,16160,8.2767,109
1a7d6dcb,5406,8.2767,50
5fee8f2e,15464,8.2767,103
a002849,16498,8.2767,113
4e2d8d76,12878,8.2767,77
753a9921,10677,8.2767,81
6ea0cc11,16164,8.2795,109
458b178,18414,8.2767,122
2f64d922,16109,8.2795,109
24adeee7,16840,8.2795,119
5ff88c2,11699,8.2795,85
44ed3a74,16220,8.2795,109
4dc95602,12689,8.2822,77
6e646fa9,15097,8.2822,103
658438a,12867,8.2795,77
7f98721b,3051,8.2822,1
528bc906,16953,8.2822,119
5575ec13,26655,8.2849,143
64ba98fe,11696,8.2849,85
1175b124,18146,8.2849,122
291c80fe,15125,8.2822,103
61f96f5e,16219,8.2822,109
2d4111bb,1869,8.2822,24
210e2eec,15277,8.2849,103
5be15baa,2330,8.2877,27
67a13d63,11240,8.2877,77
424824e5,4511,8.2877,1
29de0f1c,16954,8.2877,119
12e10b0e,9130,8.2877,67
438c3ef3,17093,8.2904,119
2915662a,2259,8.2904,22
2d2859c4,19333,8.2904,122
4e03365b,1831,8.2904,24
2ec42f88,5567,8.2904,50
3467e825,17362,8.2904,122
163e33fc,12913,8.2904,77
7937ae86,1498,8.2904,19
76806647,12244,8.2904,77
7dad9e72,15465,8.2849,103
1aebf3e8,12512,8.2904,77
2ca94529,12528,8.2904,77
5eec2dad,9135,8.2877,68
2babca69,10659,8.2904,81
3a648f60,16214,8.2904,109
7f554f77,4771,8.2904,1
76e9c712,16213,8.2932,109
40eb8475,16457,8.2932,109
35e6f683,11688,8.2932,85
2be770d0,11069,8.2932,77
5e539645,11103,8.2904,77
64ce9176,4933,8.2959,1
662bec5c,12247,8.2959,77
7e1cbc2c,1468,8.2959,19
5b8f339e,19982,8.2959,143
62c857b6,15123,8.2959,103
6018e782,22821,8.2959,143
42bd16c8,17412,8.2986,122
59d0d135,18513,8.2986,122
7e2feeac,19516,8.2986,122
70e96aa1,12926,8.2986,77
7a3eee8a,12673,8.2986,92
6b8f454c,1414,8.2986,19
4bdaca6c,10676,8.2986,81
6cd90062,19799,8.2986,122
575ec33a,11697,8.3014,85
466a59b8,18511,8.3014,122
5bfe72b3,12518,8.2986,77
3d13b9c9,1867,8.3014,24
6fd52376,16847,8.3014,119
7f00b3be,16459,8.3014,109
32269b67,9293,8.3014,67
5e66e877,26110,8.3041,143
2f5a91f4,10657,8.3041,81
4ad5dd9a,1462,8.3041,19
3790393,15466,8.3041,103
607c9c21,18907,8.3041,122
62165599,9216,8.3041,67
18f19726,18193,8.3041,122
614f08b0,19517,8.3041,122
77db4476,1863,8.3041,24
71bdf11f,24999,8.3041,143
1560dbbf,15048,8.3041,103
458afe17,12865,8.3041,77
51d61927,12855,8.3068,77
6ec2d860,18514,8.3068,122
7be37fa7,15467,8.2986,103
4ffd2f0b,11093,8.3068,77
5c53b868,1870,8.3068,24
46ba4d0a,1499,8.3096,19
2d54b0b0,11168,8.3041,77
4e3b8fb3,11170,8.3096,77
2b5e67d5,16499,8.3096,113
2fc5b872,21535,8.3096,143
9e65ff6,9292,8.3096,67
172bc6e4,10679,8.3096,81
48b7365a,11169,8.3096,77
42326ced,10952,8.3123,77
5a637ee8,17730,8.3123,122
58e75bfe,1866,8.3123,24
42713872,25755,8.3123,143
63c5b6fb,26384,8.3123,143
12b1493f,16849,8.3123,119
5364f1bf,15050,8.3123,103
31be7886,16817,8.3123,119
7f026224,15049,8.3123,103
67e2344a,12927,8.3123,77
13ffc800,10681,8.3123,81
5147f8b1,11161,8.3123,77
3db8b3ff,11097,8.3123,77
4b0e9066,1415,8.3123,19
265cfecf,3086,8.3151,1
483008c5,3448,8.3123,36
875fad6,16827,8.3151,119
30ef7d77,15000,8.3151,103
fdd56ac,15337,8.3151,103
4eb66b1e,16215,8.3096,109
688342d,3924,8.3151,43
4dc7f54e,19519,8.3151,137
6e94756a,4458,8.3151,1
28caa26c,17493,8.3151,122
3b509f7c,12670,8.3178,92
55d9d2f0,3170,8.3151,1
12b7bd3a,22159,8.3151,143
60a847a7,15087,8.3178,103
1d0c401c,1830,8.3151,24
6594f1f,12248,8.3178,77
710cc53d,16559,8.3178,109
29286c83,12562,8.3178,77
b1f937e,16557,8.3178,109
74ec3ea1,11926,8.3178,77
3881b694,10474,8.3178,77
52279973,15338,8.3205,103
2554742a,10713,8.3205,81
5586a8e,1469,8.3205,19
1150d07a,16447,8.3205,109
6bda9757,1868,8.3205,24
6d295b22,16312,8.3205,109
1f7b1167,1328,8.3205,19
5931041c,4459,8.3205,1
666e4042,12671,8.3205,92
4139f7e6,16112,8.3178,109
60e368f,10636,8.3205,81
57cec3b6,15282,8.3233,103
43b6e55d,11166,8.3233,77
4d3ebc0a,1421,8.3233,19
2b06ac68,11659,8.3205,77
3af3516c,10574,8.3178,77
1b81e6f7,11238,8.3233,77
6f6974d7,11076,8.3178,77
578f4bdc,17538,8.3233,122
77d70870,2313,8.326,27
2f1e2adf,16500,8.3233,113
6375ee23,11217,8.326,77
479ee156,12714,8.326,77
6a6293d2,3162,8.326,1
25398266,11660,8.3233,77
1cd42c6,18909,8.326,122
69f16414,11096,8.3233,77
59d5ac2d,19801,8.326,122
5db6dd07,26656,8.326,143
275748c6,15547,8.326,103
4e14c4f8,21536,8.326,143
2c27c8ea,26967,8.3288,143
558a6269,19298,8.326,122
58e7bd87,16956,8.3288,119
45ebdf25,11171,8.3288,77
2db0e064,15385,8.3288,103
3fc21da0,10661,8.3233,81
5aac945a,26235,8.3288,143
41a57add,11658,8.3288,77
39bae,10463,8.3288,77
6bbc014d,11927,8.3315,77
695f454f,16419,8.3315,109
37bd3d20,12249,8.3315,77
44bc2e87,15126,8.3315,103
7a8c7c0e,18162,8.3315,122
10958210,17623,8.3315,122
580dfb0a,16364,8.3288,109
4bdeefd6,4492,8.3288,49
2242c7fc,16828,8.3315,119
5a74120d,2689,8.3288,29
1b284f26,16848,8.3315,119
3ec582d2,2945,8.3288,32
2730f508,19983,8.3342,143
12e7d4aa,10953,8.3342,77
28078268,15567,8.3342,103
1b8976fc,18147,8.3342,122
775f543f,11661,8.3342,77
735f35be,16365,8.3342,109
42015bd4,16955,8.3342,119
50408254,10671,8.337,81
7078a5e1,25000,8.337,143
20161384,5403,8.337,50
680123a9,11241,8.337,77
77ee85ca,11218,8.337,77
3d1a0216,16825,8.337,119
35f0b792,17094,8.337,119
3c075edf,15468,8.3342,103
600c6d28,15469,8.3397,103
32700c02,2946,8.337,32
965a313,19518,8.3397,122
19ff1b88,16306,8.3397,109
78826f75,11098,8.3397,77
1f3e9f68,16560,8.3397,109
7e75371c,17113,8.3397,119
5a2c7efa,12521,8.3425,77
507c24a3,12750,8.3425,77
2f19480a,18908,8.3397,122
387023f6,17624,8.3425,122
7662467,25037,8.3425,143
5e9dac49,9131,8.3397,67
6cfb6839,9214,8.3425,67
3e8451df,16463,8.337,109
75cabe0e,15281,8.3425,103
44a2c528,16850,8.3397,119
72d184c7,26236,8.3397,143
6ec739eb,18163,8.3425,122
4e5dd0f3,15476,8.3452,103
1c04d795,15339,8.3452,103
628d8f6e,16905,8.3452,119
4e331b3e,11657,8.3452,77
3552fab5,12915,8.3452,77
15286ea4,5549,8.3452,50
53845540,16460,8.3425,109
2f2abbeb,12928,8.3452,77
2152b79f,19299,8.3425,122
3777652,20085,8.3425,143
55fc65d6,27282,8.3479,143
2f736961,12522,8.3479,77
1ba9dd5f,12691,8.3479,77
23d4ed9e,12692,8.3479,77
5d8f7bc1,16329,8.3479,109
1530eee7,15402,8.3479,103
73cd1ccc,11104,8.3479,77
213cb541,2314,8.3479,27
2eadd66c,16328,8.3479,109
2e561c92,12749,8.3479,77
74aad71c,17266,8.3507,122
9f7611a,15124,8.3507,103
70966c0a,18194,8.3507,122
6243f329,16902,8.3425,119
62cb2222,12564,8.3507,77
2611c49d,12529,8.3479,77
42be9102,3772,8.3534,37
4a1e574,19334,8.3534,122
47943fd6,12921,8.3507,77
3ab356b6,12563,8.3534,77
6cdf67ea,4819,8.3507,1
122e5851,16814,8.3507,119
192f9525,18144,8.3507,122
7fa36359,15128,8.3534,103
75e678bf,12917,8.3534,77
5df6f037,15392,8.3534,103
5f858cfd,11655,8.3534,77
3f09bb8c,12565,8.3534,77
5a6a87f5,19800,8.3534,122
3d89b6f9,23948,8.3562,143
3eb78e4a,12554,8.3562,77
4d261f05,15470,8.3562,103
15e8c59c,3164,8.3534,1
3f8108f6,18911,8.3562,122
315a65dc,18910,8.3562,122
339d7863,5548,8.3562,50
4ebe9722,26237,8.3562,143
69ffab43,9215,8.3562,67
79cff0bb,12717,8.3562,77
1b590edb,15150,8.3562,103
43df23b3,3178,8.3562,1
79e2ab6d,15471,8.3589,103
7faec6c2,1465,8.3589,19
2cd2303a,23314,8.3589,143
16aa4ca8,25757,8.3562,143
7a7f24d3,11099,8.3589,77
73ee7588,11162,8.3616,77
146b7690,12552,8.3616,77
4e00d82f,16818,8.3616,119
a0b124b,25038,8.3616,143
951e665,11100,8.3616,77
9d1f70f,3087,8.3616,1
99380f2,16313,8.3616,110
6676e838,15127,8.3616,103
411ae04f,11928,8.3616,77
13513b6d,15391,8.3616,103
153585ac,16558,8.3616,109
2e427447,11140,8.3616,77
5bb77446,12856,8.3589,77
3413e8,18522,8.3644,122
16ba9339,25756,8.3644,143
74bdf30d,18512,8.3644,122
c2a58d0,1856,8.3644,24
350bb41c,16563,8.3644,109
62cdefce,17495,8.3644,122
5138edc8,12824,8.3616,93
15005a06,20221,8.3616,143
576120c4,18142,8.3589,122
9531e20,15129,8.3644,103
6110f042,12718,8.3644,77
76d7460c,11105,8.3616,77
28ee2f12,9142,8.3644,67
342149e8,4460,8.3644,1
395d9631,10642,8.3671,81
5f29e3b8,1418,8.3671,19
13023977,11078,8.3671,77
4acd12ba,17135,8.3644,119
74bd9d86,19821,8.3671,122
1ff4e9cc,4528,8.3644,1
f50eda9,1470,8.3671,19
d9ba4b5,16819,8.3671,119
2fe13f7e,11094,8.3699,77
176309c7,10954,8.3699,77
1fd69327,10632,8.3699,81
3db7a6b1,22160,8.3671,143
72e7632b,5524,8.3699,50
1d519f74,16221,8.3726,109
4fb83264,16461,8.3726,109
3f3fa593,10478,8.3726,77
6984ee22,22822,8.3726,143
66a6ffe4,16946,8.3726,119
1a898fb,17891,8.3726,122
32dcc9cf,17497,8.3726,122
4dc217bc,2732,8.3726,29
43672772,17764,8.3726,122
4dbbceba,17539,8.3726,122
56e06973,15538,8.3726,103
ddc34c2,18694,8.3753,122
5cd4a342,15527,8.3753,103
54f92fdd,19802,8.3753,122
1f63093,1798,8.3753,24
7b50cb68,16580,8.3753,109
17469ae4,25464,8.3753,143
6ef1e5fd,17061,8.3753,119
5eb33218,2315,8.3753,27
1b8141e4,23949,8.3753,143
735d808f,18417,8.3753,122
2345b92d,16564,8.3753,109
f7861b,17060,8.3781,119
61c845f5,16614,8.3781,109
262c9826,10672,8.3699,81
282ed11f,16182,8.3781,109
14d54d5f,12868,8.3781,77
371145dd,12669,8.3781,92
753e06b1,15520,8.3781,103
2bc69720,16581,8.3699,109
15c788b2,2730,8.3726,29
2845187a,12519,8.3781,77
2d4b884d,22409,8.3781,143
32ab7553,16154,8.3753,109
1b00e9ac,26968,8.3753,143
1b06a47e,17731,8.3781,122
1aef1fa9,10643,8.3781,81
6afe5eb3,1796,8.3781,24
396bf52,15517,8.3808,103
1fc77b05,1466,8.3808,19
314c09d7,16232,8.3808,109
29dfd28b,17525,8.3808,122
1f0594cd,3452,8.3808,36
3b3ecb7b,12885,8.3753,77
63e61193,12690,8.3808,77
5742a29b,1423,8.3808,19
6aed6f7a,4818,8.3808,1
3d71a326,19359,8.3808,122
6260d48a,16371,8.3836,109
e61ebb9,10480,8.3836,77
43499c1d,4493,8.3836,49
2db7e0dd,27283,8.3836,143
38dcd6f3,10658,8.3836,81
56057e7,15088,8.3836,103
42debdb1,16971,8.3836,119
77e87a42,16277,8.3863,109
54bf33a1,25040,8.3836,143
72864e5f,2728,8.3863,29
73bb5f95,10684,8.3863,81
7c1d8c8b,26657,8.3863,143
21ef843f,16851,8.3836,119
4b99858c,12723,8.3863,77
1e0911bf,15563,8.3863,103
b2dde16,11106,8.3863,77
22c37f11,12741,8.389,77
648f63e5,4850,8.389,1
13e68aba,27622,8.389,143
322ad616,18195,8.389,122
3598903a,16582,8.389,109
50a035f1,4512,8.389,1
69a2f303,16578,8.3863,109
ddc0247,3773,8.3863,37
7cb44a86,15518,8.389,103
2deae75c,16373,8.389,109
53ae2309,11710,8.3918,85
3e0dcd01,15051,8.3918,103
60b3403c,2941,8.3918,32
265c8675,16947,8.3918,119
1a998b71,11700,8.389,85
388d5540,1417,8.3918,19
6838e295,16278,8.389,109
471a1f9d,16153,8.3918,109
12f0fd0e,12916,8.3918,77
44e43e22,16561,8.389,109
161154ab,9163,8.3918,67
399230b6,25465,8.3918,143
4b762238,11167,8.3918,77
2c1fb207,17518,8.3918,122
49ef8c88,22410,8.3918,143
55c72d12,12914,8.3918,77
7df8b09c,18169,8.3945,122
2ca6baae,12734,8.3945,77
1998e87e,11920,8.3945,77
1d276b68,1416,8.389,19
755bf9e2,16618,8.3945,109
23d8f010,16611,8.3945,109
1095abba,16183,8.3945,109
4d9fdb85,10683,8.3945,81
5ce161a,3783,8.3945,37
78bfa783,16625,8.3945,109
54757b52,15393,8.3973,103
28f888c7,12693,8.3945,77
a70b2ba,17892,8.3973,122
204edeff,15089,8.3973,103
133e6a80,12825,8.3918,93
6c6e2c5e,16366,8.3973,109
6384b60b,3093,8.3945,1
2bdffa97,17628,8.3945,122
356b35a2,16155,8.3945,109
55e123e5,9143,8.3973,67
13d53192,3925,8.3973,43
31295cfc,1864,8.3973,24
2617d6aa,15522,8.3945,103
4870f9db,21673,8.4,143
e823a30,15481,8.4,103
62a8d867,27030,8.4,143
3e0a31dc,18523,8.3973,122
71fbb9e7,18415,8.4,122
43d33ba0,9133,8.4,67
6eb74e52,1799,8.4,24
4a78d803,10477,8.4,77
25138441,16156,8.4027,109
90b2585,16118,8.4027,109
25f3a2b1,10637,8.4027,81
5d9a2f28,21013,8.4,143
51ae4c58,17191,8.4027,119
68a6fba0,17761,8.4027,122
3851dc3c,15148,8.4027,103
34be4771,1422,8.4027,19
17511132,12744,8.4027,77
48758383,19362,8.4,122
2ff3821f,16157,8.4027,109
7ef3168d,16917,8.4027,119
12abcbdb,12760,8.4055,77
383043ed,18214,8.4027,122
27f70d58,27028,8.4027,143
43faebbe,15098,8.4055,103
25dbca32,16622,8.4027,109
52e5bafb,17137,8.4055,119
1fceda4f,17496,8.4055,122
4c9923,22412,8.4055,143
14ff358f,1401,8.4055,19
6f0ef778,17114,8.4055,119
6fb5474,3774,8.4082,37
1601cdb6,17737,8.4082,122
46cc5d1c,16943,8.4082,119
46e88f7d,18145,8.4082,122
629a5009,12549,8.4082,77
fa45298,16462,8.4082,109
1789c123,12530,8.4082,77
4b0d6f52,16372,8.4082,109
7b277422,10633,8.4082,81
56bac94c,16829,8.4,119
f639a61,23956,8.4082,143
7489cde,12739,8.4055,77
50bef1e1,18008,8.4082,122
7790ccd2,17329,8.4082,122
2fb41320,27410,8.4082,143
6ff2e490,16158,8.4082,109
6f82b08b,18273,8.4082,122
7c218f88,2690,8.4082,29
7303ae3f,16619,8.4082,109
56248712,19015,8.411,122
6a732d3d,15099,8.411,103
378e3df5,12831,8.411,93
b2d02ab,16815,8.411,119
71d1edad,17072,8.411,119
17c61d0,17464,8.411,122
6fe04596,15149,8.411,103
cbb3a9b,15519,8.411,103
72791224,12566,8.4082,77
10e99f5a,19984,8.411,143
7dc8a424,3775,8.411,37
6fd285d7,12832,8.411,93
28f236e4,1463,8.411,19
1220f9ec,12929,8.4137,77
4e6fb7bd,10673,8.411,81
35e197e1,2696,8.4137,29
763ec3d0,2729,8.4137,29
4f429ee5,12888,8.4137,77
5328770e,11172,8.4137,77
5a38e178,13661,8.411,95
695977dd,12761,8.4137,77
58e602e4,9137,8.411,68
69f91965,17494,8.411,122
32170709,12918,8.4137,77
2f390312,1872,8.4164,24
d7c6eb7,9318,8.4164,72
f9b801b,16330,8.4164,109
2c6f6c4c,12742,8.4137,77
264a0987,17116,8.4164,119
410cbfcf,12759,8.4164,77
2feb688f,26385,8.4164,143
78b17c32,3171,8.4164,1
ec15492,4816,8.4164,1
2a177042,23057,8.4164,143
5e4cda9f,12531,8.4164,77
2d6f6d88,18524,8.411,122
298ec973,16165,8.4164,109
380a2960,26132,8.4164,143
4b851277,16111,8.4164,109
aa84dc,16458,8.4164,109
23e0f1e3,9136,8.4164,68
5ba13e7c,17765,8.4192,122
1ec1e919,16331,8.4192,109
5bc01370,16948,8.4192,119
76802a7b,16903,8.4192,119
9e53491,17136,8.4192,119
7cc572e7,9165,8.4192,67
604d5de4,16687,8.4192,109
3415a955,15403,8.4164,103
1f125961,23374,8.4164,143
124ca23b,16501,8.4192,113
3f73a7ae,12536,8.4164,77
355b7fd9,21537,8.4192,143
2c9d3726,15090,8.4192,103
15938f24,25466,8.4164,143
21c9ba85,23315,8.4219,143
32537c5,2270,8.4219,22
70a370d6,3144,8.4192,34
6dee25cf,1467,8.4219,19
d9f5295,16251,8.4219,109
68a10a25,12890,8.4192,77
5f8c04d7,2260,8.4219,22
280f0b53,10660,8.4219,81
44fe9145,16332,8.4219,109
6e4f1d00,26658,8.4247,143
72938d5b,22161,8.4247,143
221645c9,10712,8.4247,81
7e743a93,16121,8.4247,109
12d29c77,16579,8.4247,109
4632430,22536,8.4247,143
6a7488b2,12251,8.4219,77
3cffaadd,16623,8.4247,109
7cebaa20,12735,8.4164,77
1b1a775c,16688,8.4247,109
53a5f8e2,12724,8.4247,77
4ab5a617,18912,8.4247,122
61b44329,15568,8.4274,103
72abbf49,9164,8.4274,67
2fcb66b5,26112,8.4274,143
30895e14,16448,8.4247,109
1112488f,3195,8.4274,1
527cec8f,1505,8.4247,19
26f6c6bb,15052,8.4274,103
37249d06,19360,8.4247,122
2205ddd9,16307,8.4274,109
5cf5558f,16161,8.4219,109
386c1d1a,12740,8.4274,77
5f2028ae,19001,8.4247,122
89d3564,15394,8.4274,103
336f2380,10646,8.4274,81
6a0daf51,12726,8.4301,77
7ade7fb5,10682,8.4301,81
cf1044c,19361,8.4301,122
1477e879,16252,8.4301,109
52ca3824,22251,8.4301,143
5c567026,16367,8.4301,109
50e35e07,15477,8.4301,103
545e3159,15539,8.4301,103
55ba620b,15521,8.4301,103
5c109cde,17766,8.4301,122
58473074,15001,8.4274,103
5b4f2840,16830,8.4301,119
5d63b318,17062,8.4329,119
5cd3206,17190,8.4329,119
d487e95,17629,8.4329,122
6468765b,16166,8.4301,109
77401a48,18913,8.4329,122
46474fbe,3196,8.4301,1
67cdf1d,10644,8.4329,81
6acd80d6,18416,8.4329,122
4db0e97a,10639,8.4329,81
3601c6b5,10638,8.4329,81
1bb5a965,15395,8.4329,103
317665cd,16250,8.4329,109
6f674849,16957,8.4192,119
5112c0c9,1518,8.4301,19
575f310d,15383,8.4274,103
1d6ee9a5,17413,8.4329,122
25054ea,21675,8.4356,143
3583c30a,17063,8.4356,119
3757acd5,18009,8.4329,122
1f34bfc8,12250,8.4356,77
58e7206f,17894,8.4356,122
761eb527,10479,8.4356,77
1f684d83,12743,8.4356,77
1c574980,12695,8.4329,77
42317762,22249,8.4329,143
26276f3d,17160,8.4329,119
5083e2ad,17330,8.4356,122
4722d7ce,1506,8.4356,19
4496f580,17893,8.4384,122
62abbfdb,19300,8.4384,122
7fe87a34,16949,8.4384,119
c049016,15283,8.4384,103
2ea55ea0,12252,8.4384,77
5dec9401,20222,8.4384,143
207f6e53,16620,8.4384,109
6206ad00,15537,8.4384,103
5e8352ae,23957,8.4384,143
7d1cf2d,27623,8.4356,143
5ad75780,19335,8.4384,122
63a28c47,17732,8.4384,122
341b439e,12557,8.4384,77
70496191,13658,8.4411,95
3bfb7bc3,1471,8.4411,19
10c2434f,10685,8.4411,81
677535a4,22411,8.4411,143
3d374eaa,17569,8.4411,122
91c8d67,17733,8.4411,122
32e2203c,12558,8.4411,77
3038d514,26111,8.4384,143
7e2e0ea2,9317,8.4411,72
35b8a1d3,17625,8.4384,122
13b4c3b5,20895,8.4411,143
30f4f23f,2697,8.4411,29
46121140,4526,8.4411,1
48475c3e,15340,8.4411,103
7ddb97e8,16968,8.4384,119
6a29f766,12827,8.4411,93
4d1eb99c,10481,8.4411,77
3c676372,19803,8.4411,122
4eb36e6c,16502,8.4329,113
6f76d485,16944,8.4438,119
4a419cca,16333,8.4438,109
4d3a1a03,20086,8.4438,143
182fddc6,10686,8.4438,81
41a4e0ba,15482,8.4411,103
7459388,18164,8.4438,122
33303526,16617,8.4438,109
74141ebe,25001,8.4411,143
1a326b61,27411,8.4438,143
478b4959,25039,8.4411,143
150f701c,16309,8.4356,109
7c15440c,27412,8.4466,143
1a52ca04,22255,8.4466,143
3120c315,28511,8.4466,143
38c0df33,26133,8.4466,143
2704788f,24998,8.4466,143
6ea3c903,4776,8.4466,1
2c3f3823,25472,8.4466,143
622d2c39,10674,8.4466,81
6726251,17762,8.4438,122
55a26302,12697,8.4466,77
468b9c7d,17138,8.4411,119
6ba517c2,16368,8.4466,109
38a4d22a,16169,8.4493,109
1b3e2064,17570,8.4493,122
29318bec,16171,8.4493,109
3da8b429,21674,8.4493,143
2bf73f49,19363,8.4466,122
10f98bde,16170,8.4493,109
560550b0,27063,8.4493,143
5478df32,19804,8.4493,122
155d56b5,16831,8.4493,119
7f8a797a,16821,8.4493,119
66394ea2,15396,8.4493,103
2371aa2e,16958,8.4438,119
66622e07,22413,8.4493,143
5f0dfe20,15541,8.4493,103
209af38a,21898,8.4493,143
7bbd31e0,20224,8.4493,143
cf70f4a,15479,8.4466,103
2279e420,21573,8.4493,143
1235e2b1,19340,8.4493,122
31295411,17115,8.4493,119
654455de,12725,8.4521,77
46cdb01f,12745,8.4493,77
78b7e525,18275,8.4493,122
1dd58f99,15523,8.4493,103
51fd9b63,11242,8.4521,77
665d8222,23568,8.4521,143
30021e17,12828,8.4521,93
3c483d98,16615,8.4493,109
47d5ddb0,15515,8.4493,103
15570ca,3784,8.4521,37
46783f9b,23373,8.4521,143
7b6382b4,26238,8.4493,143
6bac4bd,12532,8.4493,77
2cc32780,1873,8.4548,24
39844194,23950,8.4548,143
2b404164,15161,8.4548,103
4cd1109a,17363,8.4548,122
1c1eba91,15130,8.4548,103
2fac3219,27031,8.4548,143
29d471b5,16229,8.4548,109
b64e8a,18010,8.4548,122
44a7cbc6,25983,8.4548,143
1fd56803,5526,8.4521,50
2d042bf1,1331,8.4548,19
2757be3d,11070,8.4548,77
15a77643,12930,8.4548,77
6fa466ca,26244,8.4521,143
60dd3e56,18274,8.4575,122
6373936c,12869,8.4575,77
79cf7f69,20491,8.4575,143
50d465b,12870,8.4575,77
39de69a8,17763,8.4575,122
6af4abc8,3205,8.4575,1
375a7132,16945,8.4575,119
57741b7d,10662,8.4521,81
1baab56f,5552,8.4575,50
643dad85,17131,8.4575,119
8099623,18196,8.4575,122
1053a9db,19338,8.4575,122
1fdede92,16285,8.4575,109
381b3992,15053,8.4575,103
668ba25c,22539,8.4575,143
11d3e203,12727,8.4575,77
5f9c2c9b,16852,8.4603,119
5644f368,12245,8.4603,77
6d6632be,17064,8.4603,119
632b06eb,13659,8.4575,95
6d0b50a1,15542,8.4603,103
5d6d16e1,9152,8.4603,67
2c437197,10692,8.4548,81
5ec8644d,20490,8.4575,143
70ec5563,15536,8.4603,103
4b4b09cb,3780,8.4521,40
7ea4c45d,16624,8.4603,109
49dccdd7,16257,8.4603,109
5b09dec2,12537,8.4603,77
481f8139,11220,8.4603,77
10c1224b,15543,8.4603,103
3f5ce7f1,16583,8.463,109
2ab6d116,19987,8.4603,143
614fbd53,17194,8.463,119
2188de62,9298,8.463,72
1e148b30,15404,8.463,103
26435ba8,12919,8.463,77
7de31c3,10675,8.463,81
c91f3f1,21153,8.463,143
5f652da6,13662,8.463,95
43c7793d,944,8.463,14
79b0277e,16631,8.463,109
5ebe749,19364,8.463,122
6f41cc25,23569,8.463,143
f9641a2,16342,8.463,109
79e845eb,27284,8.4658,143
11ec57a,3145,8.4658,34
79ed99f0,17626,8.4658,122
1e0f4d18,16314,8.463,109
444b5c3e,16114,8.4658,109
291ac2fc,16744,8.4658,109
20961dac,19339,8.4658,122
7f378e41,10687,8.4658,81
34b9e8ff,18515,8.4658,122
8f5b1c8,16504,8.4658,113
1dc28b3f,16344,8.4658,109
1ce5229e,15472,8.4658,103
3768e15,17161,8.4658,119
40704dbc,16820,8.4658,119
65aecf8b,12696,8.4658,77
1793682c,25041,8.4658,143
1fc742cc,27029,8.4658,143
6c3c3b72,18165,8.4658,122
6c594313,18418,8.4658,122
1b24539e,23952,8.4658,143
5b8d06c6,19301,8.4658,122
1952bda6,17739,8.4658,122
a13eb90,23612,8.4658,143
7f9a60b,22162,8.4685,143
34712b04,15564,8.4685,103
38c21fa1,3776,8.4658,37
1d856472,16718,8.4685,109
2d183c42,25522,8.4685,143
371bd398,22823,8.4658,143
671b1e14,16833,8.4685,119
5a8f30f8,3179,8.4685,1
7298031f,17332,8.4685,122
1e0ecb22,16230,8.4685,109
215a8d49,17117,8.4685,119
766ac885,18276,8.4685,122
232139ab,22414,8.4685,143
1cf0ef5d,23432,8.4712,143
2f1716a,9278,8.4685,67
30431ad0,9218,8.4712,67
58fc8021,16822,8.4712,119
44c95bf7,20093,8.4712,143
2d397eb2,16113,8.4712,109
244a305e,16933,8.4712,119
6b4d8035,17268,8.4685,122
c772b9d,12837,8.4712,93
73f6bc9a,9198,8.4712,69
30365fba,26494,8.474,143
569c6be0,16562,8.474,109
3d480970,16719,8.4685,109
7db52a79,9217,8.474,67
23a179ad,10663,8.474,81
163f9587,17365,8.474,122
14f6c375,18734,8.4712,122
12780a88,17527,8.474,122
21007960,18280,8.474,122
94410fc,12889,8.474,77
63bd3ffe,17118,8.474,119
4172a597,27307,8.474,143
340fdb28,12694,8.474,77
631b0fa0,17738,8.474,122
63774e2f,17005,8.474,119
1f6deab6,22250,8.474,143
19aa3d0f,18429,8.4712,122
4a7130cf,17119,8.474,119
4039a4b0,12520,8.474,77
1433ff3d,9336,8.4767,73
69b69ba0,17192,8.4767,119
6a897049,28399,8.4712,143
3f91890f,23613,8.4767,143
2fee8414,17498,8.4712,122
6c5a3e6e,9140,8.4767,67
614b0b71,18334,8.4767,122
3859309b,16988,8.4767,119
6a8ada72,17811,8.4767,122
311f3d13,16969,8.4767,119
c0bdc10,28331,8.4767,143
35225e63,16616,8.4767,109
9475bff,17367,8.4767,122
41781861,17769,8.4767,122
1341a702,16503,8.474,113
19d7cb65,16585,8.4767,109
129845fe,15131,8.474,103
3437224f,16267,8.4767,109
7c7ea830,17331,8.4767,122
71c1f95,27285,8.4795,143
496733aa,15139,8.4767,103
790becb8,12829,8.4795,93
626a407,23058,8.4795,143
5f6f664b,12950,8.4795,77
18c16a76,21571,8.4795,143
60775ce4,11079,8.4795,77
1569067b,21089,8.4795,143
328274c5,18773,8.4795,134
72ee53f4,26660,8.4795,143
41dbc732,18581,8.4795,122
52da87a5,16855,8.4795,119
fdd195b,26116,8.4795,143
fac8aa7,19000,8.4795,122
6300d002,16621,8.4795,109
4e8c42,17540,8.4822,122
10d12e37,3786,8.4822,37
7140b07b,27064,8.4822,143
1a52f546,11083,8.4795,77
fa99315,22537,8.4822,143
1c724519,1871,8.4822,24
36bd0ad,17500,8.4822,122
16ef9dbb,16567,8.4822,109
6d6ac920,27041,8.4822,143
62582475,20033,8.4822,143
6fad05bd,18013,8.4822,122
10b2857d,19002,8.4822,122
7150dffb,20223,8.4822,143
321e4e5d,1507,8.4822,19
58f61fe0,26115,8.4822,143
7baee307,18166,8.4822,122
7ca98122,21572,8.4795,143
3c85544c,16854,8.4822,119
4cc45db3,20365,8.4767,143
54645523,17571,8.4822,122
444f8fb7,12826,8.4795,93
58de3273,15284,8.4822,103
68ce08db,16370,8.4849,109
7e7f06ba,9294,8.4849,72
3af173fd,18227,8.4849,122
23522f6a,12550,8.4849,77
8c4891b,16853,8.4849,119
4475ae25,17269,8.4849,122
21206fda,21151,8.4849,143
5af97ba8,27308,8.4849,143
393023f5,16308,8.4849,109
3ffcb8bf,15544,8.4849,103
135c720a,2264,8.4849,22
31a08104,5553,8.4849,50
4768f62d,11243,8.4849,77
1216ef7a,11221,8.4822,77
937234e,16453,8.4849,109
53544b97,16973,8.4849,119
23e8bfd5,19468,8.4849,122
1675a20d,26971,8.4877,143
2668cede,12751,8.4877,77
f9ecff1,1858,8.4849,24
57112177,21706,8.4877,143
31e13a57,27338,8.4877,143
abf93ac,16172,8.4877,109
6a41b21b,24128,8.4849,143
6d59d0b,15574,8.4877,106
34052cbd,25546,8.4877,143
c0e8be8,27409,8.4877,143
7ada4b36,2335,8.4822,27
2d7f1971,21325,8.4904,143
72ac2a11,11107,8.4904,77
1decff1c,16159,8.4877,109
1148d8,15054,8.4877,103
78b8d2f9,16728,8.4904,109
5093b523,19017,8.4904,122
67fc152e,4523,8.4904,1
2a7db432,24126,8.4877,143
4529693e,9139,8.4877,67
20a07e2d,15151,8.4904,103
1eb14fda,13660,8.4849,95
5346db82,20605,8.4904,143
14dd39fc,9149,8.4904,67
37af6c5c,24280,8.4904,143
23f42aec,10482,8.4904,77
468b7fdb,16906,8.4877,119
4e9fe1ed,11219,8.4904,77
84f940,17917,8.4904,122
3be4ac2f,17952,8.4877,122
77e5fa83,18197,8.4904,122
3bf3701a,17004,8.4877,119
4e22f5ca,18149,8.4904,122
75c41dd9,9220,8.4877,67
682cd11d,16647,8.4904,109
27fea24d,1472,8.4932,19
76378de3,28593,8.4904,198
2e5e4044,11714,8.4932,85
7ba1aa83,3785,8.4932,37
750b38d3,17366,8.4932,122
3f19fb04,28526,8.4932,143
6319c0c3,24171,8.4932,143
159a8b91,24127,8.4932,143
397be451,16380,8.4932,109
494af9a1,16859,8.4932,119
64f82793,15473,8.4932,103
32c65970,17521,8.4932,122
25ffee9e,15572,8.4904,103
20aa1b4,17414,8.4959,122
4340cf1c,3146,8.4959,34
5d59b124,17526,8.4959,122
5502483c,12920,8.4959,77
7838d1a3,18735,8.4959,122
22e94b24,21152,8.4959,143
6794584a,18914,8.4959,122
7754150d,17132,8.4932,119
495f678d,19342,8.4959,122
2187a5e9,15565,8.4959,103
6414ef9b,26969,8.4959,143
333f6269,25002,8.4959,143
16e188c,11081,8.4959,77
1d5a4da5,9219,8.4959,67
5ef111a2,17133,8.4959,119
16950c3f,1500,8.4959,19
67cecc19,12551,8.4959,77
28369220,1833,8.4959,24
7e1cfa85,17211,8.4959,119
40d6e58d,16930,8.4986,119
5169578a,18749,8.4959,122
72aae946,21707,8.4986,143
4dd27815,16369,8.4986,109
54037bf8,26291,8.4986,143
238e1678,18167,8.4986,122
38c0d084,23614,8.4986,143
192ddf46,12830,8.4986,93
668c1559,12698,8.4959,77
299f7ecb,20091,8.4986,143
7a718056,16120,8.4986,109
440b3b6c,18198,8.4986,122
422bc869,18279,8.4986,122
77af0581,26181,8.4986,143
12859fa2,12535,8.4986,77
6d8b178e,12539,8.4986,77
10108fc1,18923,8.4986,122
6695cea5,16119,8.4849,109
4f751578,11108,8.5014,77
60c3d691,16907,8.5014,119
3ccb56d7,10704,8.5014,81
7b585940,17896,8.5014,122
b460a52,18282,8.4959,122
13ee4594,16253,8.5014,109
672caec2,25985,8.5014,143
73d65b61,18011,8.5014,122
3b7e5358,18774,8.5014,134
2d59f2e,17895,8.5014,122
d7b08,22256,8.5014,143
41acb474,17890,8.5014,122
41c1353b,16254,8.5014,109
8ec4ac8,9299,8.5014,72
690d013d,21824,8.5014,143
2253b0b8,16449,8.5014,109
7458a132,20034,8.5014,143
4d5072ea,16222,8.5014,109
570ee96,4853,8.5014,1
6f204efa,1501,8.5041,19
3ddcd532,27927,8.5041,143
73553741,17120,8.5014,119
715363e3,11244,8.5041,77
1c69a4ad,28089,8.5041,143
47c79757,18151,8.4986,122
1df25fd1,10645,8.5014,81
77546bf7,26659,8.5041,143
2649f57c,19835,8.4986,122
7241b3c7,11110,8.5041,77
154c2ecf,15002,8.5041,103
5dcfb3cd,11109,8.5041,77
20078534,19341,8.5041,122
524c6372,15007,8.5041,103
613a11f,16343,8.5041,109
6f1846b4,12534,8.5041,77
3496630d,19097,8.5041,122
4f69c141,27813,8.5014,143
2bc7e6c4,12922,8.5068,77
7e8f6c2d,22252,8.5068,143
767ab3e7,28595,8.5068,198
658f31ba,9141,8.5041,67
480fe659,16586,8.5068,109
496d45d0,11163,8.5068,77
4c06a6d4,15162,8.5068,103
11345a1b,15143,8.5068,103
50985c0f,17897,8.5068,122
6792456b,26661,8.5068,143
44f2cf8c,17200,8.5068,119
3d3bf1c0,15573,8.5068,103
2fd1ba4c,18150,8.5068,122
5a9d1bc0,23667,8.5041,143
8c121b0,4881,8.5096,1
6a166499,24281,8.5096,143
48b7b04d,19016,8.5096,122
7ac6f180,19896,8.5068,122
7b0b83c9,17815,8.5068,122
22e0029d,21090,8.5096,143
57a0eb54,16885,8.5096,119
7600e6c2,17953,8.5041,122
1a275ad1,17813,8.5096,122
3d959797,28594,8.5041,198
1f438e52,22165,8.5096,143
4fe93ca5,16856,8.5096,119
6fb8165b,18525,8.5068,122
55323f1f,23434,8.5068,143
7e000d14,27048,8.5096,143
7d322d98,24129,8.5096,143
1ddebad9,16287,8.5014,109
5ca07230,23316,8.5096,143
7b383a8f,9145,8.5096,67
519dbf2,26026,8.5096,143
541df17d,27928,8.5096,143
2a0b3e47,16454,8.5096,109
46b98873,21046,8.5096,143
464a116f,18170,8.5123,122
7cef3e69,16191,8.5123,109
47c2be90,17165,8.5123,119
34485929,23375,8.5123,143
3eb8a5c3,17740,8.5123,122
3ba1d80b,22259,8.5123,143
6945c7d1,17066,8.5123,119
1f325ac1,9337,8.5096,73
64df6259,9338,8.5123,73
510b9f49,4817,8.5123,1
1637a1f6,17465,8.5123,122
1bde15a3,19336,8.5096,122
40c712b,19304,8.5123,122
6f3d850f,18484,8.5123,122
585143c7,27309,8.5123,143
4aea3dc4,17073,8.5123,119
9f05734,27990,8.5123,143
22637fed,17145,8.5096,119
49fb150f,16592,8.5123,109
7c8fa6b1,21676,8.5151,143
1eece7cc,16886,8.5151,119
2e19b032,15341,8.5151,103
25db0b32,11111,8.5151,77
1cfe9473,3781,8.5151,40
766c06bd,21610,8.5123,143
d3ca98e,12747,8.5151,77
6e47003b,19337,8.5151,122
13b8145a,17199,8.5123,119
7b0d4752,18281,8.5151,122
24f05143,17519,8.5123,122
1315f164,4878,8.5123,1
45057de5,16904,8.5151,119
16ccbbdb,16860,8.5096,119
76a5987,9228,8.5096,67
55ccae16,17446,8.5151,122
26add517,17499,8.5151,122
73de1624,17467,8.5151,122
249dd9f5,11080,8.5178,77
8db087e,18199,8.5178,122
3857ab6d,25483,8.5178,143
701ac41d,12757,8.5151,77
7376930c,9199,8.5178,69
233efde4,16835,8.5178,119
5f032e8f,28011,8.5178,143
26b7262d,11084,8.5178,77
2b34ca,15548,8.5178,103
47023930,12839,8.5151,93
13873de9,19459,8.5123,122
c9ef7fa,16336,8.5178,109
55ca0fc7,15475,8.5178,103
35777f7,19098,8.5151,122
29156a01,4473,8.5178,1
5119b5b9,25903,8.5151,143
43308397,12946,8.5178,77
4cb7f21a,16315,8.5178,109
524f69fe,2273,8.5178,22
57fee047,18419,8.5178,122
1a2ecabe,12540,8.5178,77
6faecd80,9159,8.5205,67
6d69f716,9148,8.5205,67
444063dc,17522,8.5205,122
641c4fcb,27289,8.5205,143
5908b852,12538,8.5205,77
c5d9003,20897,8.5205,143
7d475c05,17336,8.5205,122
5fb4c5fc,16286,8.5205,109
18ad1355,23958,8.5205,143
1ec9659c,22293,8.5205,143
5929b534,23951,8.5205,143
204b00c8,16972,8.5205,119
500c982f,18148,8.5205,122
5bce237,16384,8.5205,109
112867a1,16974,8.5205,119
699d780c,15008,8.5205,103
69d7ba76,24172,8.5205,143
5de458f0,19897,8.5205,122
3f2bb421,26330,8.5205,143
6decd90a,18775,8.5178,134
6f3391a3,5568,8.5205,50
74562657,2319,8.5205,27
67317fa0,18595,8.5233,122
10ef776d,19988,8.5233,143
728743ed,21834,8.5233,143
51dd824d,17335,8.5233,122
26b11ed5,23663,8.5233,143
7eb3c83e,15528,8.5233,103
79a8f03e,4879,8.5233,1
a65d821,17166,8.5233,119
615a821f,19465,8.5178,122
364ea2e8,22857,8.5233,143
290a2df2,12567,8.5233,77
179d01ed,16566,8.5233,109
4be49b70,23953,8.5205,143
339d67ef,1832,8.5233,24
6e251f9,4773,8.5233,1
7eff896a,17124,8.5205,119
1127d31,25473,8.5233,143
5968c0e3,26693,8.5233,143
4d112fae,23954,8.5233,143
4f275bbf,1329,8.5233,19
5d4e5c9f,16506,8.5233,113
42bef00d,24130,8.5233,143
7e7239,16279,8.5178,109
696cbab,15140,8.5233,103
63d5ac52,16374,8.526,109
73199265,18485,8.526,122
458913ca,16584,8.5233,109
67996705,1857,8.526,24
27ed4c06,15478,8.5233,103
41b6a1c7,27991,8.526,143
5c1c923d,28512,8.526,143
69972f2b,25904,8.526,143
67a24985,16288,8.526,109
59ec7a21,12901,8.526,77
66d951c3,27814,8.526,143
5e6caa5f,23433,8.526,143
e5238ce,9230,8.526,67
34d56657,4467,8.526,1
182e7e47,16509,8.526,113
2f797535,12835,8.5233,93
232b014f,16627,8.526,109
3ca0c9ac,18203,8.526,122
37b16dd5,12965,8.526,77
23d8e7b1,12559,8.526,77
48ef79cb,17523,8.526,122
31fb5be,9319,8.526,73
78be0f8f,20510,8.5288,143
333538e0,21835,8.5288,143
9627a83,26134,8.5288,143
6d63e171,12838,8.5288,93
6ec7972c,20887,8.5288,143
5ef1ec37,21154,8.5288,143
44993d31,27421,8.526,143
5eb5e143,19470,8.5288,122
3e836c21,11708,8.5288,85
2caffb8d,27043,8.5288,143
16f3ccca,26662,8.5288,143
7d6e2a7b,25984,8.526,143
3b856ae6,9279,8.5288,67
7093f052,12900,8.5288,77
15db8fa,21608,8.526,143
487feb50,17095,8.5288,119
159964f5,16347,8.5288,109
46f238d5,17139,8.5288,119
52fd58cf,16334,8.5233,109
5e4c8d19,17059,8.5288,119
14ebcd11,27160,8.5288,143
31b2f7e2,12758,8.5288,77
6db54de5,3180,8.5288,1
5dc41346,24170,8.5233,143
65c70311,26113,8.5288,143
5fd96ef5,21116,8.526,143
79f28f0b,25296,8.5288,143
396e07cc,22253,8.5315,143
4d1fd50,19986,8.5288,143
5953a950,16739,8.5315,109
4d69ca49,26970,8.5315,143
1dc6740,17734,8.5315,122
200e8e38,18168,8.5315,122
2bbecc14,21171,8.5315,143
6f63e91a,15145,8.5315,103
6cdb5d3d,17996,8.5315,122
38f071d0,12533,8.5315,77
6573d4b6,16310,8.5315,109
1528da3b,27042,8.5315,143
455ed0f9,16512,8.5315,113
232c4f16,19024,8.5315,122
1869d452,17693,8.5315,122
62e0965,16381,8.5315,109
718545a2,17364,8.5288,122
63c4758d,15576,8.5315,103
30ee92cc,17645,8.5288,122
717b3f38,18243,8.5342,122
2766ae01,16748,8.5342,109
67cedf7d,17122,8.5342,119
23f249ba,17825,8.5342,122
b582003,21215,8.5342,143
71de5fef,15540,8.5315,103
6817744a,15406,8.5342,103
195c81cf,15570,8.5342,103
8f890ae,16255,8.5342,109
52cb8c86,26822,8.5342,143
395f28b9,22164,8.5342,143
3976b792,16379,8.5342,109
e4b75dd,11173,8.5342,77
42fae95a,20087,8.5342,143
4ebc1cb0,3449,8.5342,36
1b091d08,12948,8.5342,77
4eb96629,10688,8.5315,81
5b1ce69d,21162,8.5342,143
75eb28d2,25009,8.5342,143
a4fcb28,19089,8.5315,122
1b397037,18697,8.5342,122
26598a3a,5527,8.5342,50
235438f6,16832,8.5342,119
1fc01a0f,17134,8.5342,119
2e8b5ffe,16280,8.5342,109
31845d8b,16834,8.5315,119
33c11c9d,17686,8.5315,122
59a34885,2733,8.5342,29
5bb258cf,15569,8.5342,103
443d31d4,16745,8.5315,109
7f23e83a,16857,8.5342,119
17d19777,17018,8.5342,119
3c87603b,17898,8.5342,122
7711e56a,28527,8.537,143
75ba3344,11245,8.537,77
7df78f48,4939,8.537,1
58a41fb6,25010,8.537,143
38a65ea0,2731,8.537,29
3f277737,9202,8.537,69
1ba35384,9320,8.537,73
6302a6e9,22163,8.537,143
69dbb777,12754,8.5342,77
6dc1ebb4,9144,8.537,67
281cdaf,17707,8.537,122
6cffbafb,4851,8.537,1
1a3c7c63,27123,8.537,143
2ee8105c,12541,8.5315,77
4c96d27e,27067,8.537,143
5daf9175,17468,8.537,122
67dbe7b4,17814,8.537,122
248921c7,3450,8.537,36
7a2a9df0,25548,8.537,143
4a0daffa,20609,8.537,143
30f281e7,17980,8.537,122
11f78ab5,26975,8.537,143
7c9d0655,17368,8.537,122
5bc80443,10647,8.537,81
5aa43fea,18924,8.537,122
7f114b64,16341,8.537,109
5ae684ca,25905,8.5397,143
529ec411,16259,8.5397,109
46a5cfb9,18853,8.5397,122
5d542132,12746,8.5397,77
852d212,15577,8.5397,103
28eb1b97,17572,8.5397,122
cf1ecd7,19985,8.5397,143
64c122f7,24330,8.537,143
18e0c2ec,17193,8.5397,119
7c2ba652,16238,8.5397,109
68a755c4,15408,8.5397,103
7174f3ee,15529,8.5397,103
6b339b53,17074,8.5397,119
3e099845,9235,8.5397,67
7f47d535,1502,8.5397,19
18618fc7,16749,8.537,109
4a3af07a,19882,8.537,122
7d3e448b,16628,8.5397,109
3c83cfb6,16750,8.5397,109
6935f35c,3094,8.5397,1
74117720,16198,8.5397,109
6933bdb4,16697,8.5397,117
6626a605,17337,8.5397,122
20cf068e,21048,8.5397,143
5f98cdc0,15146,8.5425,103
78e60904,15009,8.5425,103
2b32059a,17817,8.5425,122
78f79877,27362,8.5425,143
20d40a91,19883,8.5425,122
39bb3586,10648,8.5425,81
7b3ad662,17121,8.5397,119
21ee9fe,16648,8.5425,109
79a9a171,18918,8.5425,122
466ef734,16970,8.5425,119
2619fd7a,27413,8.5425,143
53bda15e,19018,8.5425,122
620d876e,17278,8.5425,122
536b0b4c,27070,8.5452,143
6971bdc5,16593,8.5425,109
3af0ce76,27771,8.5452,143
2b663f4b,943,8.5425,14
4fbe1c94,16649,8.5452,109
557643b9,18082,8.5452,122
6728b204,12699,8.5397,77
43d96be5,16239,8.5452,109
ac1fe21,26326,8.5425,143
17ba55e,19469,8.5452,122
69928353,3147,8.5452,34
3dc44879,12728,8.5452,77
700958e1,17954,8.5452,122
c08d01a,9233,8.5452,67
753c9037,16116,8.5425,109
289f4d50,19343,8.5452,122
36299844,27337,8.5452,143
cdd1030,18450,8.5452,122
1df194b4,17009,8.5452,119
38b130d3,9271,8.5425,67
42a07439,28528,8.5452,143
2698b0cd,18926,8.5452,122
380739e8,17415,8.5452,122
375dd49e,12840,8.5452,93
65b5d0e,16923,8.5479,119
5b472015,27071,8.5479,143
471bf040,12752,8.5479,77
b4456b1,26114,8.5452,143
24e62eb6,4527,8.5397,1
429c7a12,18810,8.5479,122
7b81e92a,16233,8.5479,109
7d46f790,12560,8.5479,77
21a9661b,26136,8.5479,143
39280b9e,27930,8.5479,143
2cae0193,18917,8.5479,122
661e89e1,11175,8.5479,77
ceda287,15524,8.5479,103
75e02c7f,17334,8.5479,122
291e19c9,16163,8.5452,109
7761f155,1508,8.5479,19
3bddcc8a,12931,8.5425,77
5a45b8ec,22565,8.5479,143
2eb2f40f,19019,8.5479,122
73dcc89c,19589,8.5479,137
77bb6041,17123,8.5479,119
22574ba0,20911,8.5479,143
552215de,18925,8.5479,122
1a3248be,16858,8.5479,119
2117eae0,9295,8.5479,72
6c0991f9,12555,8.5507,77
401c5d51,19462,8.5507,122
588e14b9,18012,8.5507,122
1dc76693,20508,8.5507,143
3de1ba8b,4909,8.5507,1
1fb58eb3,19003,8.5507,122
37367a20,17635,8.5479,122
11e361ab,9158,8.5507,67
2166a4fe,16689,8.5507,117
12157677,23741,8.5507,143
64b6d212,9166,8.5507,67
16f6f96f,12966,8.5507,77
1c923c23,17146,8.5507,119
248617b1,19187,8.5507,122
2eea8cfb,21915,8.5507,143
8c72a1b,12947,8.5507,77
315843ba,12755,8.5479,77
10ba3690,17140,8.5507,119
1044f97f,26292,8.5479,143
1dbaac70,17076,8.5507,119
511ca90c,2316,8.5507,27
f3ee191,9236,8.5507,67
2c1cda2e,17528,8.5507,127
5faa1984,27992,8.5479,143
324a3e43,20092,8.5479,143
68129c0f,22450,8.5507,143
20836451,23573,8.5507,143
34a5831f,28022,8.5534,143
6a0407c5,23471,8.5534,143
656d5538,23955,8.5534,143
19634f7e,18215,8.5534,122
22f911ef,20892,8.5507,143
6889105a,18516,8.5534,122
67425ce6,18309,8.5534,122
7c094070,19398,8.5534,122
64d9e7cf,17125,8.5534,119
ec5f4d2,17501,8.5534,122
2e6e3e90,11174,8.5534,77
5b3ee2d7,16383,8.5452,109
707291e0,26388,8.5507,143
51308858,21574,8.5507,143
5a7292a4,17270,8.5534,122
e75b650,23973,8.5534,143
22f1c513,22825,8.5534,143
4668bd3c,16992,8.5534,119
134f9fe1,23342,8.5534,143
7b59c44d,18526,8.5507,122
302b7cee,17164,8.5534,119
1cdefea5,27815,8.5534,143
4e63d74b,17997,8.5534,122
1fdc215f,2317,8.5534,27
708315d2,19894,8.5562,122
1b24db20,18868,8.5562,122
70e42537,9322,8.5534,73
e4c34ad,26145,8.5562,143
66098d33,19866,8.5562,122
768bdd86,20088,8.5562,143
48ecb930,26328,8.5562,143
5bc9b709,24331,8.5562,143
5e802932,28386,8.5562,143
3fe5ef3c,9147,8.5562,67
ad5fcda,15397,8.5562,103
65d34871,950,8.5562,14
4f1921ed,3100,8.5562,1
59fea6f8,17520,8.5562,122
45c1b431,16311,8.5562,109
7c68a231,17637,8.5562,122
387fd0d,18841,8.5534,122
60e9fe0a,19025,8.5562,122
2a873d61,27624,8.5562,143
517a2d9,24023,8.5562,143
29f21de5,19822,8.5562,122
10b25bc0,25474,8.5589,143
543b8092,11164,8.5589,77
2ce1b34e,16989,8.5562,119
14d8cd61,16231,8.5562,109
26f674f0,21091,8.5589,143
2dfcf72a,22858,8.5589,143
2f92d50e,17291,8.5589,122
e487871,23105,8.5589,143
40be0ae7,2284,8.5589,22
5ca90f1c,21708,8.5589,143
16a6e604,23873,8.5589,143
1fb40baf,15566,8.5589,103
6607f151,24195,8.5589,143
2fa57b7b,16959,8.5562,119
f570b8a,16162,8.5562,109
5e17e5e5,18815,8.5562,122
76a637b1,17632,8.5589,122
574ec4a6,17694,8.5534,122
571169a7,17851,8.5589,122
536bbe9d,16335,8.5562,109
295a8a8b,9231,8.5589,67
6e062bae,17028,8.5589,119
32862b98,27065,8.5616,143
cd9ecd1,27286,8.5616,143
25852540,17466,8.5616,122
3c17f403,9237,8.5616,67
41e43fd8,23664,8.5616,143
1ee03711,27472,8.5616,143
1db905be,26855,8.5589,143
5a0e3e5d,4502,8.5616,1
1e0d4de6,25467,8.5589,143
7e77bb00,21873,8.5589,143
61304360,22538,8.5616,143
4a06799,26386,8.5589,143
34f13e0d,27032,8.5562,143
40673708,20893,8.5616,143
38b2bbf,27034,8.5616,143
3cb4b0d1,18001,8.5616,122
60c343ed,17029,8.5616,119
5dff18ae,17676,8.5589,122
2459bb6e,4805,8.5616,1
7ed5ba89,17147,8.5616,121
4734295,17646,8.5562,122
327740fa,15546,8.5616,103
39f3d0cc,11222,8.5589,77
21ec10dd,19678,8.5644,137
48874d45,17042,8.5644,119
1b55b72e,17818,8.5644,122
5ac293b,15545,8.5644,103
36982b0b,16754,8.5644,109
64c312f3,17741,8.5616,122
1de03723,18915,8.5644,122
5707a1ad,17308,8.5616,122
6a5787e7,16199,8.5644,109
7a34e702,25547,8.5644,143
46c97009,16569,8.5616,109
1ad950e2,18219,8.5644,122
4c6784e1,17695,8.5644,122
edc4551,19849,8.5616,122
19012664,19659,8.5644,137
4d26fd76,9270,8.5644,67
2b83cf88,16256,8.5644,109
11366698,26334,8.5644,143
2b959ff0,18757,8.5644,122
1012de65,21172,8.5644,143
7dfa7396,25475,8.5644,143
767c174d,18842,8.5644,122
26f20720,17926,8.5616,122
5642df93,19090,8.5644,122
74627165,12753,8.5671,77
6232c6db,18042,8.5671,122
54cf16ba,9190,8.5671,67
1431f5f7,17065,8.5671,119
73bf574d,16450,8.5644,109
2e8b8186,23816,8.5671,143
7cf53ff,26288,8.5671,143
5af12d10,22257,8.5671,143
7322198d,5569,8.5671,50
468cd798,20625,8.5616,143
2b19ff7a,16746,8.5671,109
309c29a3,21900,8.5671,143
399015c2,12572,8.5644,77
443de9a4,22478,8.5671,143
203b3c76,16192,8.5616,109
73061ba2,16184,8.5671,109
713bd8e3,19921,8.5671,122
48bcfd03,22659,8.5644,143
63e74d79,16385,8.5644,109
1ac615ff,17899,8.5644,122
5f25c5c3,17826,8.5671,122
69abb738,17900,8.5671,122
4bbff62c,22824,8.5671,143
35153a84,16733,8.5671,109
4008c332,15552,8.5671,103
1aee9dc0,27423,8.5699,143
7857c587,22030,8.5699,143
433b9761,23874,8.5699,143
69f81b14,16451,8.5699,109
7525ddb5,27185,8.5699,143
1437f513,24173,8.5699,143
1b4b5e4c,16936,8.5699,119
45452db,18244,8.5699,122
2d5dc9fe,22567,8.5699,143
22995692,25003,8.5699,143
764e7195,11709,8.5699,85
3736e82e,16626,8.5644,109
1152a699,23742,8.5699,143
52839f74,27729,8.5671,143
57c48e68,22544,8.5699,143
57337b26,17524,8.5699,122
53517937,15551,8.5699,103
32e59c8a,17633,8.5699,122
1d673416,16240,8.5699,109
6e234e1c,4475,8.5699,1
2205f2b5,27035,8.5699,143
7a45af03,19188,8.5671,122
5ea6f3d9,12895,8.5699,77
2a0115bf,26821,8.5699,143
279cda10,22545,8.5699,143
70765457,9232,8.5699,67
5aea1872,21576,8.5726,143
761fe8bf,5528,8.5671,50
19a749bb,27733,8.5699,143
3b290bdd,19471,8.5726,122
7aa41af2,17272,8.5699,122
38323d1d,19244,8.5726,122
42effc14,19679,8.5726,137
1bfb5131,2939,8.5671,32
10cc694,19893,8.5726,122
1a69b1eb,16258,8.5699,109
68ffd670,18771,8.5726,122
4a467b53,18343,8.5726,122
32563217,16185,8.5726,109
1ba53b95,22546,8.5726,143
5a969309,21584,8.5726,143
4ccc827d,17019,8.5726,119
4f89c779,20942,8.5726,143
7dc2348e,12834,8.5699,93
1322fee4,22277,8.5671,143
3bd54997,19197,8.5699,122
3ae6f39b,17502,8.5726,122
566cc60d,20748,8.5726,143
43b5a5cb,17652,8.5726,122
4e42ec0d,17829,8.5726,122
7e2e1766,16876,8.5699,119
42108d4e,18277,8.5726,122
2ce5f33a,27652,8.5726,143
759e402f,11112,8.5726,77
7b05ecdd,18002,8.5726,122
82d20ec,27068,8.5726,143
3d39740e,23665,8.5753,143
6a5f828e,5550,8.5726,50
3ec63cb0,23615,8.5753,143
395e9c7f,12891,8.5753,77
6de9fc8d,18171,8.5753,122
1b067c3a,16348,8.5726,109
68c85da9,19521,8.5753,137
142af056,16656,8.5753,109
595a3bc8,16394,8.5753,109
7915a49,16655,8.5753,109
7bf5a9fa,17767,8.5753,129
53bafd12,22566,8.5753,143
10d11f73,11176,8.5753,77
18ddf2da,10693,8.5753,81
4e313242,16375,8.5753,109
4ae704fb,17955,8.5753,122
52d5b053,2760,8.5726,29
2569c3f1,9238,8.5753,67
620d463c,25524,8.5753,143
1ebe9456,20492,8.5753,143
103f465a,18216,8.5753,122
6f173b26,17273,8.5726,122
40a0b7e,15557,8.5726,103
cbe9165,20606,8.5726,143
66591b3e,19825,8.5753,122
3041d2d8,26387,8.5753,143
64446e55,19345,8.5753,122
1a469f4d,18520,8.5753,122
5c21852,21047,8.5753,143
1c09fe01,17653,8.5753,122
32278655,27732,8.5753,143
c4e45db,11113,8.5781,77
3a2b94f8,16281,8.5781,109
4bbfa4c1,19710,8.5781,137
1895a241,16690,8.5753,117
168e8a28,27734,8.5781,143
681065bf,25171,8.5781,143
5e3f5dd0,20890,8.5753,143
6b8d6bfc,18060,8.5753,122
9b0636f,20094,8.5781,143
6266c27b,18761,8.5781,122
4693d23a,22258,8.5781,143
11701fab,26027,8.5781,143
46c1939f,20035,8.5781,143
4ce02b33,17416,8.5781,122
18415dce,18003,8.5781,122
401b5efe,18605,8.5781,122
a0c6009,27730,8.5781,143
47786bc8,11702,8.5781,85
cc4b1f4,23570,8.5781,143
55c5f1c4,16115,8.5781,109
4fb3a92c,27214,8.5781,143
26d684fb,2337,8.5781,27
28c64073,15553,8.5781,103
22f48dc2,27414,8.5781,143
1b977418,15152,8.5753,103
5d95b690,27341,8.5781,143
58451389,12748,8.5781,77
7efc0d48,21092,8.5808,143
365f489d,17201,8.5808,119
a6d3b64,18951,8.5808,122
180e978e,12923,8.5808,77
1e1283d0,9167,8.5808,67
6e3b02c0,16176,8.5808,109
deeb278,28387,8.5808,143
61b0f6ac,23974,8.5808,143
6b36f549,23999,8.5808,143
5d2dc7ed,23472,8.5808,143
25a8d342,11715,8.5808,85
3f9a640,21538,8.5808,143
434b44cd,15144,8.5808,103
4433b8db,10696,8.5808,81
1f8b7d50,2274,8.5808,22
2c2ad3e3,22568,8.5753,143
3208638e,16918,8.5808,119
4f7b27e7,25906,8.5808,143
568f6fe9,21839,8.5808,143
6db45397,27363,8.5808,143
122ae995,27168,8.5808,188
68e595f8,21847,8.5781,143
7e37c31c,16337,8.5808,109
49f7751f,17647,8.5808,122
536a0b14,27417,8.5808,143
164926ad,20891,8.5753,143
52473bc9,17827,8.5808,122
12283dbe,15398,8.5808,103
1119a644,22878,8.5808,143
4e3a9684,18242,8.5808,122
25c875f9,17981,8.5808,122
16a137e4,27974,8.5808,143
7e55ad61,16466,8.5808,109
765e7933,23343,8.5808,143
2aa9da3a,21709,8.5836,143
30bdf75d,17977,8.5836,122
56bc2b0e,16993,8.5836,119
4e396adb,22451,8.5836,143
53ae570b,9189,8.5836,67
37323f4e,21093,8.5836,143
733d1108,28546,8.5836,143
68ea21ea,17020,8.5836,119
5fb983a2,16641,8.5836,109
51b06599,27186,8.5836,143
7e0e9151,25884,8.5836,143
58600991,16572,8.5808,109
613c9606,27416,8.5836,143
720bbd10,21540,8.5836,143
47d1c85e,16376,8.5836,109
78052e19,18421,8.5808,122
20719c09,23675,8.5753,143
25f8a2a7,18437,8.5836,122
a346835,24024,8.5836,143
5b90ea8c,17097,8.5836,119
772da423,16467,8.5836,109
17a0ddfb,23221,8.5836,143
3efc6afa,18092,8.5836,122
62e42323,18487,8.5836,122
3733d311,9245,8.5808,71
78f28fe0,15102,8.5808,103
69acda00,16235,8.5836,109
34dad675,9222,8.5836,67
c5b3b81,26331,8.5863,143
1b050a65,15556,8.5863,103
35d9539a,18217,8.5836,122
14f6bfdf,17697,8.5863,122
495bdb81,21326,8.5863,143
767daa4a,16747,8.5863,109
21f941d5,9153,8.5863,67
121c31ad,16978,8.5863,119
33b56c76,16659,8.5863,109
2881bfb0,27731,8.5836,143
1bec941c,17212,8.5836,119
64ce5701,23875,8.5863,143
439da49c,9223,8.5863,67
307f741b,21063,8.5808,143
22446dc8,24329,8.5863,143
283168be,28332,8.5863,143
d682e37,17816,8.5836,122
23ffd242,20888,8.5863,143
686ba58a,20312,8.5863,143
4bbc44a1,19316,8.5863,122
7e9d277,21916,8.5863,143
5a596d0a,18494,8.5863,122
6f2bd43e,27791,8.5863,143
2c6f8619,27953,8.5836,143
469b0c36,18153,8.5863,122
f2814f8,15575,8.5863,103
1e88092a,20521,8.5863,143
7dbf2c6f,9181,8.5863,67
2f33a4e1,19932,8.5863,122
3157e78d,15483,8.5863,103
7e17aa8b,23571,8.5863,143
20883d3a,20520,8.5836,143
122e8166,26289,8.5863,143
1c4b7721,25270,8.5863,143
5fcbd5d1,16725,8.5863,109
3ecb52ff,17638,8.5863,122
cb1b35a,20261,8.5863,143
5808c1f1,20763,8.5863,143
1f3d57ae,9146,8.589,67
1e596cc5,27165,8.589,143
7a61995b,15526,8.5863,103
5754bbb9,9272,8.589,67
64f8d8af,951,8.5863,14
118d63b9,4854,8.5863,1
44671a09,19715,8.589,137
32bae89f,27287,8.5863,143
10a563c7,21575,8.589,143
6a4f4ac1,28085,8.589,143
2db8a536,18772,8.589,122
1604b2d3,3101,8.589,1
739f5e9c,27044,8.589,143
489fb073,19375,8.5863,122
416eb038,17216,8.5863,119
46cf9b01,15550,8.5863,103
5816f2e3,28098,8.589,143
6bb74118,17222,8.589,119
1e0b54e7,19922,8.589,122
6255994c,27166,8.589,143
577cb15d,27929,8.5863,143
786a5b9,3929,8.589,43
697cf920,21016,8.589,143
27ad82ba,19722,8.589,137
1569394b,18517,8.5863,122
3bd02445,12949,8.5863,77
356b6fe6,16507,8.589,113
7e1883a3,18752,8.589,122
45988232,18920,8.589,122
22675e4a,16629,8.589,109
182fa44f,17709,8.5918,122
7655fcf3,26327,8.5918,143
4c6a7c01,25135,8.5918,143
54e7fec8,16755,8.5918,109
310f35c7,11701,8.5918,85
68e4e571,17677,8.5918,122
77f11618,1875,8.5918,24
1c0ba790,24073,8.5918,143
54e208db,17708,8.5918,122
1b62a05b,17081,8.5918,119
4633076e,5407,8.5918,50
645c34f9,16465,8.5918,109
252a28c5,27245,8.5918,143
61ca586b,9280,8.5918,67
6fa44c71,1876,8.5918,24
6ada4680,1840,8.5918,24
1ec2371e,23668,8.5918,143
2df82dad,28464,8.5918,143
5d25ac3e,20285,8.5918,143
60723ba7,27072,8.5918,143
58a48f6f,16920,8.5918,119
575129a2,27471,8.5918,143
3ba8f3a0,1841,8.5918,24
4a765871,18876,8.5918,122
365579a7,9179,8.5918,67
68974af6,23350,8.5918,143
14de81b7,18245,8.5918,122
6c93e68d,15156,8.5918,103
711622f9,4935,8.5918,1
230406d7,21578,8.5918,143
30e3d95c,16323,8.5918,109
70a22453,23104,8.5918,143
7393b62e,21899,8.5918,143
f99fe45,21585,8.5918,143
211effd3,30000,8.5945,198
94e0e52,11082,8.5918,77
630ec689,18739,8.5945,122
16a02736,27446,8.5918,143
407fc71f,23576,8.5945,143
2e333bf8,15480,8.5918,103
27fccae1,19026,8.5945,122
2675903,27339,8.5945,143
6cc5fca1,15580,8.5945,103
6e1893ad,27984,8.5945,143
7467c5c6,16117,8.5945,109
382e09da,16931,8.5945,119
65776ff,17773,8.5945,122
318c6136,1859,8.5945,24
1b231951,21198,8.5945,143
c305b30,18816,8.5945,122
530ba336,19680,8.5945,137
165e05d7,16889,8.5945,119
6e56c726,19027,8.5945,122
3c818e0b,20769,8.5945,143
af86eb3,12968,8.5945,77
6063d463,1834,8.5945,24
9cec7ed,16339,8.5945,109
4aa83e8c,16386,8.589,109
3f6be15b,23222,8.5945,143
3177f793,20607,8.5945,143
6940796c,9191,8.5945,67
59014399,18828,8.5918,122
398010db,23228,8.5945,143
3745a317,27036,8.5945,143
5d24278a,16282,8.5945,109
e6aba3c,23618,8.5945,143
12348e0f,12568,8.5945,77
6f886886,16632,8.5945,109
37d575e2,21942,8.5945,143
11a3931d,18085,8.5945,122
2d122514,17369,8.5863,122
51764f4b,4947,8.5918,1
a96a403,17558,8.5945,122
61f5dbe0,22295,8.5945,143
5aba7f6a,18320,8.589,122
16f0bad6,9155,8.5945,67
2a760799,16594,8.5973,109
4999098b,18776,8.5973,122
76900a07,16960,8.5973,119
65253809,20818,8.5973,143
773d14e1,19805,8.5973,122
7f75b1fb,22540,8.5973,143
6938175e,15011,8.5973,103
7e213acf,28538,8.5973,143
897d73e,16388,8.5973,109
443e5355,18646,8.5945,122
1616d840,27046,8.5973,143
61166f0f,18930,8.5973,122
570e7a34,19146,8.5973,122
619c3f7b,18430,8.5918,122
41e82fd0,16926,8.5973,119
13d45ef5,22826,8.5973,143
37af5961,22728,8.5973,143
37c8cf08,21609,8.5945,143
375ee08e,18228,8.5973,122
6cc2366,16479,8.5973,109
4b65168f,21054,8.5945,143
175107d8,18807,8.5973,122
3a243064,15164,8.5945,103
7a3efd3e,16588,8.5973,109
1d8e360c,20055,8.5973,143
7ebc8a5c,17768,8.5973,129
5a2a475,20279,8.5973,143
650022ff,21769,8.5945,143
685ae46c,19868,8.5945,122
4a08248e,15405,8.5973,103
1d7d2606,18875,8.5973,122
408813d,16601,8.5945,109
2835141d,22260,8.5973,143
1efc058a,15101,8.5973,103
7a0fcb70,2761,8.5973,29
3428089e,18881,8.5973,122
45c929d9,22294,8.6,143
1652336b,17026,8.6,119
5884934,12729,8.5973,77
7d419ca8,27073,8.6,143
d6c87e2,16468,8.6,109
7ba6cc5a,17541,8.6,122
7f76cc15,19638,8.5973,137
54c78e96,18953,8.6,122
73fda5c3,4852,8.6,1
1c9b9b45,26031,8.6,143
347b8361,22859,8.5973,143
79725da8,26752,8.6,143
30ad30f7,19616,8.6,137
2ee0589c,17485,8.6,122
4668a6aa,22827,8.6,143
47dd4e3b,9195,8.6,67
2d9c2cd2,26753,8.6,143
74ef8b1e,18916,8.6,122
586719a7,20898,8.5973,143
5b39a9f7,19466,8.6,122
170ff4fe,19871,8.5973,122
1fb03a7a,23574,8.6,143
212a3a1b,20894,8.6,143
7ffab20a,24026,8.6027,143
699aca13,4880,8.5973,1
15a7bda,19814,8.6027,122
168bfb2,9192,8.6027,67
1fa7e261,3198,8.6027,1
32519d50,24025,8.6,143
35e7697d,18817,8.6027,122
124366b9,19887,8.6027,122
a12f780,19302,8.6027,122
330daf1d,17634,8.6027,122
58c4d9b3,16922,8.6,119
78508c20,18555,8.6027,122
76f2aed6,17215,8.6027,119
6bc1f97f,19884,8.6,122
15b6acf5,18854,8.6027,122
697b03ef,20511,8.6027,143
a1c9408,4503,8.6027,1
2924f20b,17812,8.6027,122
6ef28e35,18438,8.6027,122
efa0fda,17162,8.6,119
3a52a9c2,12893,8.5973,77
4e03561a,18014,8.6027,122
1a4b2cea,27473,8.6027,143
2ff16e9e,19885,8.6027,122
7fd6404e,26864,8.5973,143
11043768,16935,8.6027,119
6b7d805b,16452,8.6,109
3f9ab8a8,18959,8.6027,122
72035b25,28529,8.6,143
420c9d7a,20313,8.6027,143
45f4a238,9221,8.6,67
54147667,15409,8.6027,103
490544c3,23617,8.6027,143
2f410dd6,16244,8.6027,109
30482d01,20943,8.6027,143
47f3b168,18812,8.6055,122
61b203a1,18206,8.6055,122
1b788cd,17078,8.6055,119
263f0a90,27310,8.6055,143
7c1d87ce,25525,8.6055,143
d432ce7,20255,8.6055,143
308f2c62,25505,8.6055,143
6e3adb69,19677,8.6055,137
7e890297,2275,8.6055,22
69e15023,18818,8.6055,122
6a392db5,17654,8.6055,122
77721749,16836,8.6027,119
231cf0ac,17687,8.6055,122
1b459635,18952,8.6027,122
2d6eb270,24197,8.6055,143
e9976ed,27106,8.6055,143
4a447e02,17852,8.6055,122
7d87bd41,10649,8.6055,81
57d611b0,27078,8.6027,143
25a27db3,18461,8.6055,122
604959f4,23676,8.6055,143
313184c7,15571,8.6027,103
9948f91,18246,8.6055,122
49b95657,11114,8.6055,77
601b4c66,16919,8.6055,119
7c0e96d2,16866,8.6027,119
7f40f536,18698,8.6055,122
cb02706,17318,8.6027,122
6913afa,23581,8.6055,143
40009f82,23959,8.6055,143
30b5364c,15003,8.6055,103
75664153,18843,8.6055,122
55ec95d3,28014,8.6055,143
78a960f8,15132,8.6055,103
7b218a54,21015,8.6055,143
58ed8fa1,27049,8.6055,143
3303943,12556,8.6027,77
32c376fb,17742,8.6055,122
15e6efb,18954,8.6055,122
76da27ae,24196,8.6082,143
74a2f217,18969,8.6082,122
5d7f36d6,19022,8.6082,122
2f24a234,21165,8.6082,143
8641729,19460,8.6082,122
6bb57e78,10717,8.6082,81
4fd83c5e,3782,8.6055,40
383c26bb,25824,8.6082,143
407fbb49,20765,8.6082,143
45e71293,19617,8.6082,137
6d928859,15549,8.6055,103
23209e1d,22946,8.6082,143
468a053f,18420,8.6082,122
5eae7360,12561,8.6082,77
2787e8ac,9168,8.6082,67
6e2391e0,18919,8.6082,122
29741464,16338,8.6055,109
e03a721,26146,8.6082,143
231be0f2,26183,8.6082,143
43a9e799,16243,8.6082,109
3b41aeb5,17333,8.6082,122
329f5a8d,21770,8.6082,143
21b6d950,17630,8.6055,122
5d56a1e4,20089,8.6082,143
6bd498fd,21827,8.6082,143
23d7fc38,17774,8.6082,122
34bccd4b,23437,8.6082,143
5c0d03b9,19099,8.6082,122
13516bb5,25549,8.6082,143
f7b63db,9182,8.6082,67
5dff21ea,12952,8.6082,77
14fa1cd6,22166,8.6055,143
69dbf127,27422,8.6082,143
714f336a,20315,8.611,143
25fef323,26500,8.6082,143
1aa7607,16587,8.611,109
374efddc,16662,8.611,109
54526854,9200,8.611,69
3f124c3c,16657,8.611,109
6da7d716,20493,8.611,143
3f6f8eeb,25523,8.611,143
2d83ed5a,28390,8.611,143
7f8f24c7,18563,8.611,122
52d1e4a6,29056,8.611,198
19d868d,18696,8.611,122
42465883,20886,8.611,143
4469e510,21167,8.611,143
19c0ddef,22569,8.611,143
740489b4,23331,8.611,143
4f655f7,18020,8.611,122
f3c611c,19467,8.611,122
108ceab1,20555,8.611,143
4015983d,18422,8.611,122
767a2425,2338,8.611,27
1aa29f77,25758,8.611,143
7e6c2f8a,16387,8.6082,109
6d8c37f0,22570,8.611,143
1b49e0c,21974,8.611,143
2648d913,9296,8.611,72
10a63818,28418,8.611,143
289fa38a,19639,8.6082,137
24a032de,23351,8.611,143
68b7bcc8,20149,8.611,143
1c19cb8,19681,8.611,137
1c07c1b9,23148,8.6082,143
61214dd2,17902,8.611,122
34f7218f,1877,8.6082,24
1164c30d,17417,8.611,122
577eb253,19872,8.611,122
1ccdb9c5,25760,8.611,143
7a9f9468,27050,8.6082,143
2f5f2ec,27171,8.611,143
4dd44c9d,21639,8.611,143
b53d1fb,18695,8.611,122
2a525057,21943,8.6082,143
3c26d773,21840,8.6082,143
2b3cb04,28084,8.611,143
40933ee,17627,8.611,122
6b562756,16602,8.6137,109
6141e800,18840,8.611,122
7db6e4c7,16877,8.6137,119
306d3edc,21163,8.6137,143
6a5bc310,26420,8.6137,143
286ae7d8,20118,8.6137,143
43427b3,21539,8.6082,143
224f1b84,28403,8.611,143
4cc1da5b,25011,8.6137,143
4e6e6b2e,26851,8.6137,143
50f0bbe,19401,8.6137,122
2975e880,21577,8.6137,143
17ac37e1,16353,8.6137,109
235b2547,25529,8.611,143
6f79720,18824,8.6137,122
3b7dabcb,12836,8.6137,93
4d98807a,26261,8.6137,143
1bfaae75,18706,8.6137,122
3713f593,17148,8.6137,119
d672ac6,18705,8.611,122
3f7e2ee4,18956,8.6137,122
5b92fb52,12903,8.6137,77
3283845f,17300,8.6137,122
52002b0a,27827,8.6137,143
7a17e3b4,21880,8.6137,143
4e12c72a,16990,8.6137,119
216edd1,25617,8.611,143
519dcee2,9297,8.6137,72
14529d26,25005,8.611,143
4ca12311,26695,8.6137,143
796c2731,18594,8.611,122
46b91c20,16505,8.6137,113
4682027c,25004,8.6164,143
3fe0816,17225,8.6164,119
1bb3f2f7,27262,8.6164,143
1565b5bd,25478,8.6164,143
4322d48f,16193,8.6137,109
b360d97,18518,8.6164,122
306fda45,27263,8.6164,143
34cfa2f5,18172,8.6164,122
cbf318c,27653,8.6164,143
596c0a38,23616,8.6164,143
3199c96c,23506,8.6137,143
171f5ea2,19556,8.6137,137
63549a07,28388,8.6164,143
653153fa,1474,8.6164,19
41c59fdb,18777,8.6164,122
5e8e8ebe,18205,8.6164,122
267fb329,25822,8.6137,143
2bc8e7b2,11101,8.6164,77
3c86742f,20626,8.611,143
124c1539,27069,8.611,143
7f4ba39c,17008,8.6164,119
559a29b5,20509,8.6164,143
50a8a448,18043,8.6164,122
3903a1c3,18296,8.6164,122
a06a8e1,16236,8.6164,109
4b149e07,17921,8.6164,122
42bfcf5c,25930,8.6164,143
4fd1e51d,23106,8.6164,143
696193ba,11711,8.6164,85
6d32d8a2,12904,8.611,77
364dc016,21355,8.6137,143
491b617e,27066,8.6164,143
26902afc,1509,8.6164,19
438991d7,19152,8.6164,122
18b47a9,16934,8.6164,119
3885b6cc,17075,8.6192,119
2a073033,23507,8.6192,143
d672845,9239,8.6192,67
2ef0717,15578,8.6192,103
24182a82,22690,8.6192,143
17c9f250,18278,8.6192,122
46189e8,20764,8.6192,143
4dcce32,17828,8.6164,122
30cdebec,18882,8.6192,122
8ec6c1f,20884,8.6192,143
4ae0855d,24211,8.6192,143
1263b523,19198,8.6164,122
3af517f6,26794,8.6192,143
702c4403,19807,8.6192,122
48d84501,25042,8.6192,143
2fe14361,10715,8.6192,81
45a4379c,17297,8.6192,122
61e5f1ad,16756,8.6192,109
6e209a1f,12871,8.6192,77
7cbec784,9240,8.6192,67
78a79029,27172,8.6192,143
19620d8e,15525,8.6164,103
59e16939,9194,8.6164,67
17c79331,21828,8.6192,143
7d5d03b4,19520,8.6192,137
77d5697c,15133,8.6192,103
39f262de,9154,8.6192,67
252f6e1e,27500,8.6192,143
e5a2f91,18065,8.6137,122
1b8fcd4d,12872,8.6192,77
47cdc9c9,26135,8.6192,143
19cc00b0,18201,8.6192,122
51daacde,1526,8.6192,19
463582bf,17710,8.6192,122
45c50149,28023,8.6192,143
2335da91,16664,8.6164,109
a9fdcbf,9281,8.6164,67
732f94dc,25043,8.6192,143
1965c07c,28094,8.6192,143
60873c89,23575,8.6192,143
6f01cd31,1424,8.611,21
7f66d3a5,25497,8.6192,143
5850868d,27047,8.6219,143
702e8fc,30475,8.6137,198
49cd7494,19424,8.6219,122
5e38efe1,16921,8.6219,119
103c63ec,17163,8.6219,119
3f31d952,12833,8.6219,93
638944d7,19757,8.6219,137
735c0552,17077,8.6219,119
6a02bb3f,17772,8.6219,122
3d71276a,25942,8.6219,143
30d510d5,19558,8.6164,137
5bc81464,22852,8.6219,143
724e5c36,16237,8.6219,109
500d0f4b,17631,8.6137,122
612ba1b8,18234,8.6192,122
1e0f25e1,12969,8.6219,77
5ff7970,21825,8.6219,143
5d02a15,24302,8.6192,143
394a6d76,16731,8.6219,109
5e0d7793,16726,8.6192,109
35d09143,25162,8.6219,143
2047a1db,21773,8.6219,143
2443b744,26239,8.6192,143
4e884f67,16596,8.6219,109
7a8eb065,2762,8.6219,29
55c12e1c,24131,8.6219,143
147be274,19211,8.6219,122
7b0073fc,27174,8.6219,143
7b8c08ca,17503,8.6219,122
1ed59651,17292,8.6219,122
3ed1ef20,17775,8.6219,122
66583719,18152,8.6219,122
5f984501,20413,8.6219,143
6c386d7,26042,8.6164,143
53e7dae2,23961,8.6219,143
4836420c,17636,8.6192,122
517eb04c,17922,8.6192,122
6ff154ec,27685,8.6247,143
725ca45e,25618,8.6247,143
6f78079b,23180,8.6192,143
1f01503d,27169,8.6247,143
65dd57f3,18753,8.6247,122
6e2990,21035,8.6247,143
78f313f0,26185,8.6219,143
5e7f3518,15163,8.6247,103
27bfa67f,19344,8.6247,122
17870397,26457,8.6247,143
21229e2,16260,8.6219,109
d7f949c,9193,8.6247,67
7c2c0e0a,19850,8.6247,122
531831a3,27314,8.6219,143
40565f1b,19523,8.6219,137
31fcf8f9,24328,8.6247,143
2d3cfc92,19472,8.6247,122
3f3b55bf,27045,8.6247,143
4d677bc4,19010,8.6247,122
1b8a69a1,16122,8.6219,109
5118de2e,19557,8.6247,137
346bef1f,20889,8.6247,143
42241b0d,19624,8.6247,137
aabb589,20948,8.6247,143
3266e47f,26119,8.6247,143
60f9a8c,15005,8.6219,103
7c828fec,19199,8.6247,122
1dd5f35c,23146,8.6247,143
2aa2ea11,17712,8.6247,122
762de4ee,20896,8.6247,143
d39521b,19119,8.6219,122
14b36555,15579,8.6247,103
43e39db7,21972,8.6247,143
281e3b4,19869,8.6247,122
719ec984,16751,8.6219,109
688d59cd,18754,8.6247,122
4f10bc1c,18737,8.6247,122
679b0044,9303,8.6247,72
38ca3725,25622,8.6247,143
3f9f1b51,25479,8.6247,143
3dde6e5e,21014,8.6247,143
d86d4b4,31286,8.6247,198
278d081,15168,8.6219,103
6be2bcf4,15554,8.6219,103
583f630,19925,8.6274,122
586c14fe,16589,8.6274,109
2c60774a,19763,8.6274,137
62024006,20226,8.6219,143
263a781f,27187,8.6274,143
58c16530,12762,8.6274,77
77348345,12951,8.6219,77
7c6efd5,16590,8.6274,109
72c995b2,2942,8.6274,32
5a59cb7f,18439,8.6274,122
21f2863e,27415,8.6247,143
728f07ee,20259,8.6274,143
1db33e73,1878,8.6274,24
4207f62d,16865,8.6274,119
7cdd9fda,10694,8.6247,81
49ab3509,29897,8.6274,198
4311fba5,19851,8.6274,122
3edadb74,16518,8.6274,113
2ee9b03a,20257,8.6274,143
3efacb93,28062,8.6219,143
72fad33a,18813,8.6274,122
1a13b76a,28063,8.6274,143
7918bc72,16234,8.6274,109
11564691,20384,8.6274,143
40b610ce,25600,8.6274,143
323e6dad,20096,8.6274,143
798e9dd9,17988,8.6219,122
e79bcb4,22871,8.6274,143
2d380124,18521,8.6274,122
11b18525,27266,8.6274,143
5023c1bb,16382,8.6274,109
13fc4b17,30476,8.6274,198
7ea0596d,17978,8.6274,122
63256331,27340,8.6274,143
2d4558f7,21164,8.6274,143
78eecfe6,9229,8.6274,67
5c100abb,27107,8.6274,143
2b8e5b34,20367,8.6274,143
11d9a48f,22261,8.6274,143
20074b65,23964,8.6274,143
2707f18c,16167,8.6247,109
687388bf,21829,8.6274,143
7d1325c1,25539,8.6274,143
6ff6f7a6,22583,8.6247,143
33ef7d31,17127,8.6274,119
2929544a,21327,8.6274,143
5d6b17a0,22685,8.6274,143
578906c,3199,8.6274,1
4db66307,21216,8.6274,143
2e5ef5ff,19037,8.6247,122
2b8d2183,19245,8.6274,122
6ab73f6e,18108,8.6274,122
1467c764,18174,8.6274,122
4b7df899,16173,8.6274,109
8396afb,17771,8.6247,122
27cbf33b,16650,8.6274,109
f8c8819,23270,8.6274,143
5c139ac9,19522,8.6301,137
76652ac8,26827,8.6301,143
4256caf7,18931,8.6301,122
29714ee4,18431,8.6301,122
7a460754,16909,8.6301,119
69744cd1,27264,8.6274,143
3618185d,12763,8.6301,77
42ed6d1b,18452,8.6301,122
50f62b5e,19023,8.6301,122
61c81dcc,19100,8.6301,122
2a11d7e0,21836,8.6247,143
5c3df80f,21094,8.6301,143
7511d326,16927,8.6274,119
54968635,19317,8.6301,122
709ce590,16639,8.6274,109
4352960c,17779,8.6301,122
3821f5a3,16983,8.6301,119
489fb63e,27629,8.6247,143
58e66bbc,9339,8.6274,73
4fc1a555,2698,8.6301,29
18f4b857,2321,8.6301,27
2fcfca07,23590,8.6301,143
1233ee69,18596,8.6301,122
449fffc9,18736,8.6301,122
6360102,19315,8.6301,122
3b3d2793,9321,8.6301,73
6af35d01,19888,8.6274,122
51a99621,23223,8.6301,143
1b58cb55,21733,8.6274,143
67a1a307,21158,8.6301,143
4ae96912,16984,8.6301,119
35f201df,20097,8.6274,143
45995935,17778,8.6301,122
581cc739,16349,8.6301,109
324feea6,21155,8.6274,143
1796fdc9,22548,8.6301,143
18c94eff,18200,8.6301,122
30cf12a,27817,8.6301,143
265277d0,17213,8.6301,119
6ba59762,9300,8.6301,72
4bfd476a,23572,8.6301,143
1991565c,17841,8.6301,122
fcdcf19,16283,8.6274,109
2cc84e49,19926,8.6274,122
6b11c235,25512,8.6301,143
4af61e2a,2736,8.6301,29
5946829e,18742,8.6301,122
371225f9,24027,8.6301,143
52f74944,20541,8.6301,143
6194d769,28542,8.6329,143
280a1a7e,17447,8.6329,122
45b53f93,16867,8.6329,119
632ef731,27167,8.6329,143
57adc289,16864,8.6329,119
bfb2f79,18093,8.6301,122
735a1d92,4774,8.6329,1
1f7ffdcd,27985,8.6329,143
bfc166c,27051,8.6329,143
59ae708d,23591,8.6329,143
7abb50a7,20904,8.6329,143
1aca5ba8,28391,8.6274,143
6a9d17aa,28547,8.6301,143
1f3d2418,17221,8.6329,119
716e71eb,25163,8.6329,143
5bee4d53,1874,8.6329,24
1db85396,20248,8.6329,143
7b7000e1,20256,8.6329,143
33af033c,22979,8.6329,143
314cdd8b,19461,8.6329,122
18619a24,29794,8.6329,198
2a0fd238,19120,8.6329,122
63ede6c1,15010,8.6329,103
2890af63,31287,8.6329,198
7fe78f7f,29896,8.6329,198
c099d1b,26120,8.6329,143
6b439a1d,23444,8.6329,143
6714b25a,23473,8.6329,143
5e677673,26117,8.6329,143
4a52e26c,23963,8.6274,143
90d102e,18960,8.6329,122
7e69f060,12756,8.6329,77
3c2d0b95,10714,8.6329,81
6131cffe,20750,8.6329,143
45a38f2f,16345,8.6329,109
5caa09f9,17421,8.6301,122
3eab4989,25526,8.6329,143
dc2f96,18462,8.6329,122
3187351d,26054,8.6329,143
65a2f11b,21973,8.6356,143
a039c6e,26850,8.6356,143
27614ce4,21356,8.6301,143
6b42a227,15142,8.6356,103
63e54d8f,16241,8.6356,109
113d42c1,18229,8.6356,122
602ed95e,16508,8.6356,113
7148ead5,20901,8.6329,143
7cb5c64,18738,8.6356,122
471b5416,18067,8.6329,122
79668520,21593,8.6356,143
30a636b6,24028,8.6356,143
4bf65129,17418,8.6356,122
16030c4f,28405,8.6356,143
5b01d42a,27955,8.6356,143
5a135a7a,17223,8.6301,119
23952708,26459,8.6356,143
2d7a3641,26823,8.6356,143
780f0740,18495,8.6356,122
5ddd7b,18492,8.6356,122
388f42b1,28340,8.6356,143
70091742,20522,8.6329,143
431bb469,9203,8.6356,69
32a88fcf,27993,8.6356,194
3cc271d3,2336,8.6356,27
4e1c6fe5,25508,8.6329,143
4e294461,17689,8.6356,122
cf10ddf,10699,8.6356,81
33130a0a,25164,8.6356,143
7ad13d79,27538,8.6356,143
579f1681,16296,8.6356,109
53115a5f,15410,8.6356,103
578a2a17,18087,8.6356,122
4b3c74fa,26262,8.6356,143
2443ff6a,25173,8.6356,143
bc7ce7d,23352,8.6329,143
525dbef8,28701,8.6329,198
5401ec36,28112,8.6356,143
6f82f173,26852,8.6356,143
5a836ed8,15399,8.6356,103
6516a10e,4855,8.6356,1
67586895,16890,8.6356,119
3af20b87,20610,8.6384,143
207f3ed8,1845,8.6384,24
2e8e1595,21166,8.6384,143
3e2d81c6,18606,8.6384,122
465cf619,10697,8.6356,81
768b5a4,18808,8.6356,122
57267a96,19734,8.6384,137
1961a15a,4910,8.6384,1
5d7e205,20458,8.6384,143
241a2098,19870,8.6384,122
669d642a,20280,8.6356,143
20b40a5,18173,8.6384,122
38f65d2b,17989,8.6384,122
4d9db44d,21049,8.6384,143
1766e76,17601,8.6384,122
3572115e,10664,8.6356,81
402c25e0,19927,8.6384,122
18fa5b28,17096,8.6384,119
12ef4219,19628,8.6384,137
32f0a3d5,9275,8.6384,67
33f2536b,9273,8.6384,67
1352834e,17372,8.6384,122
59bba917,17690,8.6384,122
312cd7b3,25484,8.6356,143
6753448,18528,8.6384,122
13a9f3b,22915,8.6384,143
54d6d1a,18970,8.6384,122
19004e7,25333,8.6356,143
262f43fa,16630,8.6384,109
2d9c7e10,29057,8.6384,198
98a9a28,12873,8.6384,77
528bb34f,17691,8.6384,122
5b7f1266,15165,8.6384,103
36b41568,12932,8.6384,77
7d731a22,22296,8.6384,143
28e591f0,18533,8.6411,122
23b1e20e,21173,8.6411,143
46ae0c4b,15560,8.6411,103
5bad73cc,21096,8.6411,143
28afd6dd,17235,8.6384,119
49b0de1a,20751,8.6384,143
18def1e9,22278,8.6411,143
2cf77f04,28573,8.6411,143
2899117b,21117,8.6384,143
30d60d1e,16640,8.6411,109
1e639c77,23059,8.6356,143
51ecc1af,26141,8.6384,143
3f68ab53,9324,8.6411,73
47391138,16316,8.6411,109
40ab09c5,19147,8.6411,122
46f49bc9,22262,8.6411,143
1fd51a90,16595,8.6384,109
4a571a52,22686,8.6411,143
2484e826,15104,8.6411,103
1352a4a0,19403,8.6411,122
719a4fd0,28533,8.6411,143
7fb7de16,17172,8.6384,119
654de226,19402,8.6384,122
660bf371,19875,8.6411,122
607a3cb4,20106,8.6411,143
433d0ba4,22872,8.6384,143
42bd8bba,20950,8.6411,143
496b8d37,16979,8.6384,119
70426f10,23592,8.6411,143
41ec7230,16168,8.6411,109
11858e0a,22254,8.6411,143
6a272182,28389,8.6411,143
7f301bc4,23666,8.6411,143
1ce9c1dd,9325,8.6411,73
3e365d82,17319,8.6438,122
75b07ef2,28392,8.6438,143
7ff3230d,16340,8.6438,109
352e0036,16994,8.6438,119
6d4e40f7,26121,8.6438,143
125f98a1,16691,8.6411,117
38c21d1a,17153,8.6411,119
406a441e,20383,8.6411,143
451f3bd0,27455,8.6438,143
4c3cdbdc,22541,8.6438,143
61a5b8b,18041,8.6438,122
536a7354,26976,8.6438,143
3d9e6308,30477,8.6438,198
503ad424,10665,8.6438,81
2fc68a11,26182,8.6438,143
50e460e,19020,8.6438,122
57e7528,18390,8.6438,122
753a1be7,16469,8.6438,109
4bb6d0ac,16268,8.6438,109
50bb4dc9,20918,8.6438,143
27725fe6,18489,8.6438,122
7689ab87,18832,8.6411,122
5153b915,26290,8.6438,143
17a14feb,18822,8.6438,122
2dcd1ab0,18204,8.6438,122
2c9d2023,28095,8.6411,143
2642f57c,17696,8.6438,122
137a133d,18826,8.6438,122
5fad8b56,25485,8.6411,143
1af434b8,28404,8.6438,143
2b2ccb8f,21917,8.6438,143
688cd62c,20514,8.6384,143
5bc81750,16878,8.6384,119
6022a965,18423,8.6438,122
3bc32fd6,17859,8.6438,122
2d1f665d,27940,8.6438,143
232ce864,17776,8.6438,122
38c509c6,21826,8.6438,143
4dd9f63a,20903,8.6438,143
1b224c52,18488,8.6438,122
5f09e89a,16991,8.6466,119
4f125184,22830,8.6466,143
4d78067a,19121,8.6466,122
4431835b,20370,8.6466,143
546cee7f,15141,8.6466,103
9af1b07,23226,8.6466,143
4e9979e,16510,8.6466,113
4c8af703,17236,8.6466,119
7f26e7fb,16317,8.6466,109
ea0bc3b,17126,8.6466,119
2efc7ebb,16242,8.6438,109
463d9f16,17025,8.6466,119
5d944a3d,19555,8.6466,137
15c5774b,17961,8.6466,122
1e0f40ac,18230,8.6466,122
1703252b,17171,8.6411,119
3460a954,16289,8.6466,109
4bdad847,31151,8.6466,198
751b9158,28574,8.6466,143
1175b577,19325,8.6466,122
577b3ecd,28160,8.6466,143
20ee9404,23832,8.6438,143
3deb78be,26501,8.6466,143
14d3af0a,19376,8.6411,122
28b17eea,18700,8.6466,122
7c2b914c,28002,8.6466,143
1ae338ff,20749,8.6466,143
13c17f56,19212,8.6466,122
30a415ea,9284,8.6438,67
10254343,27996,8.6466,143
1382a578,17858,8.6466,122
ba14391,17688,8.6466,122
1bba1c4a,18155,8.6466,122
21bf6b25,28452,8.6466,143
2790b30f,17230,8.6466,119
26acc1a7,25468,8.6438,143
6dbfc174,21985,8.6411,143
370379a5,23583,8.6466,143
15a9ac81,9263,8.6438,67
55c8f66a,28086,8.6466,143
30e71a89,28260,8.6466,143
1175b547,10718,8.6411,81
466f39c6,17918,8.6466,122
6a0dbeff,17457,8.6466,122
3298da9b,26853,8.6466,143
20710104,28409,8.6466,143
1f6fbdc5,23817,8.6466,143
18920291,19634,8.6466,137
6ba45cc9,20368,8.6438,143
6c2a4f1a,26469,8.6466,143
447b0aba,17923,8.6411,122
2923aff1,17711,8.6466,122
26980665,28056,8.6466,143
2e961ead,21856,8.6466,143
107ad6fa,19153,8.6493,122
c483095,28111,8.6493,143
6a85a457,19917,8.6493,122
7478acdc,19735,8.6493,137
32f369af,11716,8.6493,85
7ff23bfc,21616,8.6493,143
38929f49,25074,8.6466,143
93dcacb,25540,8.6493,143
202a7452,3926,8.6493,43
4e698670,9157,8.6438,67
62ad3023,27954,8.6493,143
5a1d52f,23960,8.6493,143
765aa92d,18744,8.6466,122
7402eb90,1842,8.6493,24
7fa5f11b,27654,8.6493,143
15202d6,16757,8.6493,109
28afbd0c,18344,8.6493,122
2c48eb33,17030,8.6493,119
74265b6d,16200,8.6493,109
57169705,18285,8.6493,122
34abb81c,21842,8.6493,143
31532f40,2940,8.6493,32
1e476043,28073,8.6493,143
64d6babb,17419,8.6438,122
2e80adcc,17979,8.6493,122
22ed787f,18750,8.6493,122
41207d98,27288,8.6493,143
205ba3e,17231,8.6466,119
22a22f91,18961,8.6493,122
282256f8,17031,8.6493,119
79f02225,26306,8.6493,143
301783e4,29948,8.6493,198
7219e4c3,16570,8.6466,109
4836e9ee,22729,8.6493,143
302f1bc7,16396,8.6493,112
3c2bb685,21053,8.6466,143
1a9723f,19569,8.6493,137
7eaf827d,23166,8.6493,143
36164f4c,19427,8.6438,122
7d5ea061,20752,8.6493,143
57e85895,10719,8.6493,81
1d1af0dd,9205,8.6493,69
1f242569,19400,8.6493,122
5cb357,28012,8.6493,143
1b4c75ee,27737,8.6493,143
59b806f6,27956,8.6493,143
ef5bae2,23120,8.6493,143
44a33ff9,27747,8.6466,143
7a124569,27816,8.6493,143
d72b37f,15411,8.6466,103
3bb969c5,9169,8.6493,67
209acc0,25691,8.6493,143
218834c9,21926,8.6521,143
7c099bf6,25941,8.6411,143
14d8b013,19399,8.6493,122
21ee40b7,20790,8.6521,143
5b7871e4,20512,8.6521,143
7ade8d83,23149,8.6521,143
24d162e1,12892,8.6521,77
3b36383e,23344,8.6493,143
7e4401ab,23349,8.6521,143
b50d285,25528,8.6521,143
294a073e,27630,8.6521,143
5ad9a3d4,18088,8.6521,122
42361e3a,20301,8.6521,143
48cb398a,18962,8.6521,122
45821eec,17459,8.6521,122
5252d28b,15407,8.6521,103
20e7d135,16735,8.6493,109
3171bbca,18755,8.6521,122
47f18af4,26191,8.6521,143
6451a676,27546,8.6521,143
2053f6fd,20249,8.6493,143
3e23e5bb,19862,8.6466,122
2b0a65e,21579,8.6521,143
6bbbd268,17820,8.6521,122
2ac99aa3,27163,8.6521,143
54e025fc,19728,8.6521,137
52c512e4,16665,8.6438,109
74e91c18,19619,8.6521,137
75cf0ce6,27792,8.6493,143
72cac657,26694,8.6521,143
475772f4,18751,8.6521,122
124d6027,19640,8.6521,137
349ee26c,19028,8.6493,122
26fc77e0,21328,8.6521,143
1f68f6b4,17777,8.6521,122
3bb46370,25006,8.6521,143
47086620,16734,8.6521,109
3e3d6abe,19030,8.6493,122
1ff3e5b4,4911,8.6521,1
36ab5811,9180,8.6521,67
653c749f,20095,8.6521,143
6638f69b,20338,8.6466,143
7e8fb6cf,16377,8.6493,109
7a32e658,21925,8.6521,143
2f0f0b3a,16534,8.6521,113
e22bc6e,19607,8.6521,137
d184aab,9340,8.6493,73
60756d76,21157,8.6521,143
37f4ec99,19305,8.6521,122
1665ced4,9151,8.6521,67
2c2ef7c5,18529,8.6521,122
63acbdf9,16928,8.6521,119
28797227,27573,8.6521,143
38f9d395,26184,8.6521,143
63b28b90,25620,8.6493,143
65f7b16a,26446,8.6521,143
67c1fb9,15006,8.6548,103
258b7385,26580,8.6548,143
706f0198,23965,8.6548,143
776ea0e,18720,8.6521,122
5fd2676b,9171,8.6548,67
39b53aff,26495,8.6548,143
31de8f90,28698,8.6548,198
1c8253f,9160,8.6548,67
4dede352,18321,8.6548,122
5d9f4ad2,22846,8.6548,143
1878ecfe,23972,8.6548,143
5859d313,20628,8.6548,143
15d509ea,25476,8.6548,143
7a8c4c39,26162,8.6548,143
12196c83,18965,8.6548,122
5de24060,16194,8.6548,109
222483e,22935,8.6548,143
14f5d222,15004,8.6548,103
e710703,2322,8.6548,27
c80a901,11703,8.6548,85
432e09b1,15400,8.6548,103
53ddda52,23577,8.6548,143
698366c9,24340,8.6521,143
60421259,27077,8.6548,143
5312ec61,27699,8.6548,143
6e20b31b,21032,8.6493,143
1c673538,1835,8.6521,24
6c473c37,18957,8.6548,122
2872b43a,16455,8.6521,109
43217244,21830,8.6521,143
66ca41ed,24179,8.6521,143
3dc3a47b,16603,8.6493,109
33b96f87,19816,8.6521,122
4f77d1a3,21831,8.6548,143
27333d14,26011,8.6548,143
e57ceae,10666,8.6548,81
46ac3e72,26521,8.6548,143
725dca63,28534,8.6548,143
ae046f8,17542,8.6548,122
3af2cbb4,28453,8.6548,143
1d0a2d36,16982,8.6548,119
52ccffec,19626,8.6548,137
118f226,29912,8.6521,198
947a37b,17700,8.6548,122
7ddc4fe4,21771,8.6548,143
25c4768c,28548,8.6548,143
69eb9c9f,18311,8.6548,122
2fa4ca46,23224,8.6548,143
1b4ce8b2,1473,8.6548,19
1dba9d41,18496,8.6575,122
2800f50d,26263,8.6575,143
21ffecb1,28341,8.6575,143
5d0a8944,21179,8.6575,143
44e16d04,19246,8.6575,122
14934731,23781,8.6575,143
3b946033,25513,8.6548,143
70f59659,26470,8.6575,143
65509994,19823,8.6575,122
1e406815,18183,8.6575,122
4c449059,9150,8.6548,67
6c197cd3,16932,8.6575,119
5f615d40,23962,8.6575,143
62bd14ae,22981,8.6575,143
7ab07532,16378,8.6575,109
1bcdcfc9,25986,8.6548,143
3c95d787,18928,8.6575,122
3607bcdf,23229,8.6575,143
4f6746c8,26137,8.6575,143
3aa17b6a,16597,8.6575,109
289aba56,20064,8.6548,143
23701ade,27267,8.6575,143
5654497e,25243,8.6548,143
671f12f5,21586,8.6575,143
1aaa5c4a,19716,8.6575,137
39af032b,24370,8.6575,143
4d44a2d9,18929,8.6575,122
5253893e,19806,8.6575,122
1ad3c732,20467,8.6575,143
6677d027,27625,8.6575,143
3756c593,12910,8.6548,77
5b243918,9326,8.6575,73
339e1acf,18699,8.6575,122
7d4a7ffb,27818,8.6548,143
79a4dd37,27560,8.6548,143
50983460,21952,8.6575,143
3b2d7e2,19625,8.6575,137
4039fd39,25901,8.6575,143
78a15c79,28032,8.6521,143
6e22f762,17197,8.6521,119
31b0d2f4,16891,8.6575,119
24280ee7,12958,8.6575,77
2bf7ef6e,28721,8.6548,198
2e2ae1f2,18740,8.6575,122
52179495,21852,8.6575,143
19b3c18a,25619,8.6575,143
7510c900,21951,8.6575,143
6507cb51,23346,8.6575,143
13cae20,27561,8.6575,143
1524bdf6,28575,8.6521,143
7b7920fb,21955,8.6575,143
3e00dd3,17080,8.6575,119
207f3186,18758,8.6575,122
44d6d607,17749,8.6548,122
74ad0866,19576,8.6575,137
466180f0,28400,8.6575,143
1f4b6abb,2285,8.6603,22
6d5fe1bb,16870,8.6603,119
6e127192,19832,8.6603,122
21f4f848,19492,8.6603,122
71ad3a4e,19636,8.6603,137
3b01528b,16326,8.6603,109
7f5be9e2,17274,8.6603,122
6d9b9d8b,28532,8.6603,143
72d13b3b,17226,8.6603,119
75fca53c,16975,8.6603,119
22ef69b,30478,8.6603,198
44d83402,12902,8.6603,77
64ecc182,26765,8.6603,143
552a6f51,26972,8.6575,143
2844f7d,27735,8.6603,143
f52b362,27831,8.6603,143
456ff58d,19889,8.6575,122
293bbe7f,20638,8.6603,143
4012b106,28334,8.6603,143
42709857,21853,8.6603,143
442627af,22547,8.6603,143
7e5f713b,16633,8.6603,109
2b907577,20286,8.6603,143
620a1606,27772,8.6575,143
433aa420,20459,8.6603,143
6de4f272,19158,8.6603,122
6e4573fc,9234,8.6603,67
188abb3e,22571,8.6603,143
1d59c7bd,21837,8.6603,143
354a32ac,18519,8.6603,122
7f772115,27228,8.6603,143
3269368e,28530,8.6603,143
61de7b51,17770,8.6603,122
5983485c,1425,8.6575,21
7cfde8e8,21882,8.6603,143
28d6285d,22031,8.6603,143
565ea94,19629,8.6603,137
9560304,17027,8.6603,119
e60ce23,16729,8.6603,109
43dc0ca4,25527,8.6575,143
604d85e4,25597,8.6603,143
6c6de78d,23994,8.6603,143
387a9f17,17577,8.6603,122
603768ba,22026,8.6603,143
2a6c6fba,28465,8.6575,143
f71129,18235,8.6575,122
23ed94bf,18015,8.663,122
4f8335f2,26192,8.663,143
36f32df6,17751,8.663,122
6db8207,18486,8.663,122
4695d00f,20262,8.663,143
3e9db5ac,27052,8.6575,143
7759dbd5,28513,8.663,143
719a86ac,27342,8.663,143
276011c8,30135,8.663,198
5be2e3bd,24030,8.663,143
7df16499,25542,8.6603,143
208565f5,9173,8.663,67
2e928e5e,3777,8.663,37
b18c2c6,18829,8.663,122
2cd17c3c,23356,8.663,143
14aae6a1,26118,8.663,143
5af20093,24282,8.663,143
11d32dfe,25640,8.663,143
60a885ed,21945,8.663,143
2d6b75cc,19191,8.663,122
afcccc1,26569,8.663,143
1415d71,12908,8.663,77
4040a395,27931,8.663,143
64e3c19d,24283,8.663,143
12d01dd8,16322,8.663,109
7ea65187,16666,8.663,109
3bbf09cd,16732,8.6603,109
412ac80e,18674,8.663,122
5306232e,20515,8.663,143
1f606aa0,18527,8.6575,122
5c52f9e0,26332,8.663,183
42c684c9,28393,8.663,143
4b2f30dc,26697,8.663,143
312276c7,18310,8.663,122
25ac321d,25992,8.663,143
295265c4,16752,8.6603,109
357b2f24,21854,8.6603,143
70f4ad38,17098,8.663,119
52b94cce,17101,8.663,119
7ead5d92,16224,8.663,109
4cb63b4b,18825,8.663,122
76f00b5c,25075,8.663,143
1a9e08a9,26766,8.663,143
e4b87a5,24029,8.663,143
73da9944,17309,8.663,122
7758dd46,20627,8.663,143
586d688,16704,8.663,117
6fb75dd1,18451,8.663,122
3d13892d,25304,8.6658,143
1aa43772,30341,8.663,198
29259038,19836,8.6658,122
7ca90918,27986,8.6658,143
5dd2bd41,16245,8.6575,109
66f60e2e,17015,8.6658,119
4a091071,17079,8.6658,119
63d7f698,16651,8.6658,115
5702c233,18391,8.6658,122
1ff25527,20369,8.6658,143
49a3af89,9302,8.6658,72
159ce313,25943,8.6658,143
66016eaa,25888,8.6658,143
544eb8c9,16924,8.663,119
126c2ee8,16861,8.6658,119
5998840a,3096,8.663,1
d93a757,26138,8.6658,143
7f65598d,12978,8.6658,77
5ecc2e58,28549,8.6658,143
3d7d5245,28723,8.6658,198
4369495f,16177,8.6658,109
237c87aa,24831,8.663,171
5350f77a,26856,8.6658,143
6ac75ac,28531,8.6658,143
392d35cf,21175,8.6658,143
3007b004,22301,8.663,143
64b86a59,25251,8.663,143
15c6277,4468,8.6658,1
510facde,27819,8.663,143
5c05a16b,25900,8.6658,143
7bc8e210,3453,8.6603,36
196578c4,19886,8.6658,122
27b17bf5,29150,8.6603,198
35a05e6a,20468,8.6658,143
44dfaf4c,18086,8.6658,122
5bf8af0b,20480,8.6658,148
783b1da5,19091,8.663,122
4a2ae93e,17227,8.663,119
67a116e9,12911,8.6658,77
7d4ead1f,19009,8.6658,122
14488a2,9323,8.6658,74
4452d835,27828,8.6658,143
6424332f,20615,8.6658,143
79da558c,18089,8.6658,122
717429fd,27994,8.6658,194
2335d496,17006,8.6658,119
664d2694,22853,8.6658,143
4d9079e4,12960,8.6658,77
1dfb8a6a,16699,8.6658,117
10e77c27,25480,8.6658,143
62f93967,17195,8.6658,119
1f119129,27932,8.6658,143
51809476,18231,8.6658,122
10e9fcf6,27200,8.6658,143
3b44bc88,20260,8.663,143
284fea10,16663,8.6658,109
7db9e84b,19660,8.6658,137
22e8b546,9344,8.6658,73
3cd6fd6f,9355,8.6658,73
6b9e8f8f,18218,8.6658,122
2d45f2e0,19306,8.6658,122
5957c907,28426,8.6658,143
3ef205ee,16642,8.6658,109
3544aada,27074,8.663,143
36c1aa7,20119,8.6658,143
2a39b90a,17310,8.663,122
4dc142bb,12967,8.6658,77
6332e398,27474,8.6658,143
7330875e,23321,8.6658,143
14a691db,23068,8.6658,143
5335dd6e,21927,8.6658,143
27efdab3,12700,8.6658,77
5012b367,19149,8.6685,122
21deab7b,24000,8.6685,143
701ad8f7,17486,8.6685,122
d39a537,22433,8.6685,143
54dacc61,24473,8.6685,171
1196c416,4529,8.6685,1
37ed6bb3,21367,8.6685,143
77bd6064,12977,8.6685,77
75861336,23332,8.6685,143
4f23e7d5,16178,8.6685,109
5217cfe4,17504,8.6658,122
71bc87bb,21640,8.6685,143
efb96e6,12701,8.6685,77
12d9791d,9352,8.6685,73
5703c7d3,18895,8.6685,122
28e387fb,19873,8.6685,122
72b4092e,28072,8.6658,143
3b075a38,21855,8.6658,143
6919a718,19510,8.6685,122
1d4a9938,9161,8.6685,67
79255e21,17903,8.6658,122
78720da7,18175,8.6685,122
5c7744d6,28207,8.6685,143
726527a0,4871,8.6685,1
65cac96d,9343,8.6685,73
36cd57a3,20420,8.6685,143
14afa9e0,22113,8.6685,143
4b29ffff,3454,8.6685,36
5e3a7be8,20612,8.6685,143
388dc50d,19493,8.6685,122
bbfe2d0,19729,8.6685,137
5793cc4b,30481,8.6685,198
5a7b086a,17082,8.6685,119
4eedfabd,25334,8.6658,143
c881b85,17294,8.6685,122
241f07ba,10698,8.6685,81
7855c1a6,23445,8.6685,143
31edbb73,17001,8.6685,119
33d7cd7c,21975,8.6685,143
7f4fbcb0,20314,8.6685,143
29411a0e,17022,8.6685,119
75ab0a76,19867,8.6685,122
781a8592,15103,8.6685,103
6d607249,22333,8.6685,143
7ab20c1d,19036,8.6685,122
5b02e82f,18073,8.6685,122
7657b183,23395,8.663,143
5a4d9cce,25530,8.6685,143
30f5a17e,18083,8.6685,122
6877499e,16511,8.6685,113
7c7a74df,21582,8.6685,143
376a197a,18830,8.6712,122
1f758b5,17217,8.6658,119
1c94f7a4,18322,8.6712,122
40f4afdf,19186,8.6712,122
71357b69,17559,8.6712,122
3367b465,26478,8.6712,143
54a1caba,19890,8.6712,122
6f28126b,20820,8.6712,143
543ae1fd,27426,8.6712,143
7702e917,26426,8.6712,143
5e466d,27075,8.6685,143
2fcab747,12730,8.6712,77
4bec6ef7,15530,8.6685,103
2c7c8e4a,9156,8.6658,67
1e599b95,24832,8.6712,171
73cfdced,27173,8.6712,143
15081d7,18566,8.6712,122
7b5a7e35,21587,8.6712,143
331ca1ca,19103,8.6712,122
3eb93bf0,9201,8.6685,69
13613146,24343,8.6712,143
45a5c011,20642,8.6685,143
32b415ee,27748,8.6712,143
1ba12c72,16915,8.6712,119
46aa3583,18565,8.6685,122
1d0c541,21262,8.6712,143
6a1e3822,20494,8.6712,143
78975bea,16571,8.6712,109
6a472a36,27424,8.6712,143
6dba10f2,28847,8.6712,198
37e4635c,12764,8.6712,77
6d6738f7,20611,8.6712,143
767eea4f,16324,8.6712,109
3d36851b,21542,8.6712,143
34f4a761,28551,8.6685,143
67b13d53,17010,8.6685,119
586480b1,28455,8.6712,143
509ad073,23318,8.6712,143
5a319cd7,16390,8.6658,109
5b9c294c,18814,8.6685,122
67d8f4de,24177,8.6712,143
4a4252f1,16937,8.6712,119
2477b54f,25993,8.6712,143
489ac379,16284,8.6712,109
1097c541,18367,8.6712,122
953c7d1,28543,8.674,143
4974f30b,19092,8.674,122
112b2d2,15581,8.6712,103
576b7057,20469,8.6712,143
701d84b8,19990,8.674,143
2e5b900b,19824,8.674,122
79f81a36,27343,8.6712,143
6e822797,11085,8.6685,77
807de7,18424,8.674,122
ce55c68,22794,8.6712,143
35f5ce68,21711,8.674,143
4ab4f9de,19347,8.6685,122
49d8da2a,28096,8.674,143
6f78c965,19327,8.674,122
74e5dc6c,17033,8.6658,119
f2bf56,19635,8.6712,137
1972b127,21033,8.674,143
1531c3b3,20098,8.6712,143
16f431a9,28335,8.674,143
3feef1f3,12979,8.674,77
65325cde,22302,8.6712,143
694522d6,18531,8.674,122
5e0b3f2e,30882,8.674,198
16a22c75,28097,8.674,143
618156d3,23169,8.674,143
21128ba7,18632,8.674,122
266732e4,18154,8.674,122
2d3a34ef,20282,8.674,143
21a163d9,12905,8.674,77
4a7d8ef0,26295,8.6712,143
6ef47361,20390,8.674,143
7f877bab,23347,8.674,143
60e886ad,28013,8.674,143
4afd9ec2,18656,8.674,122
6c518363,25172,8.674,143
28cff761,28099,8.674,195
30dd884,3172,8.674,1
c36d13b,28198,8.674,143
2a1b45f1,31223,8.674,198
4ab1814a,20819,8.674,143
1d120382,26977,8.674,143
2797a612,26502,8.674,143
57d34bdc,18369,8.674,122
11ae3bbd,945,8.674,14
1cad2419,25598,8.674,143
610b6a8,28428,8.674,143
4150e480,19346,8.674,122
19f737e5,22942,8.674,143
44d8e53c,19148,8.6767,122
4bd0901d,20949,8.6767,143
2bc33909,20166,8.6767,143
5e3b5d84,27246,8.6767,143
5d1d051d,28553,8.674,143
128236db,18710,8.6767,122
20bb4ef3,25887,8.674,143
24e8e01d,17013,8.6767,119
11e82c70,19618,8.6767,137
12dfe478,16758,8.6767,109
59e743d8,18373,8.6767,122
68e9ec06,9341,8.6767,73
be2010e,21953,8.6767,143
5bb937ae,10695,8.674,81
3628e485,28286,8.674,143
1186b79a,22903,8.6767,143
61acebe,18934,8.6767,122
af72ed5,20165,8.6767,143
18617c62,19899,8.6767,122
691cbf27,24577,8.6767,171
4d02eff9,5571,8.6767,50
7eb0e10a,12955,8.6767,77
6d2100d2,27229,8.6767,143
61486fd6,16871,8.6767,119
3b6f2921,16893,8.6767,119
422e37f7,18745,8.6767,122
276c88f0,29913,8.6767,198
5f86514,25576,8.6767,176
4e2f4a83,26931,8.674,143
33dda333,23319,8.6767,143
5d97c87d,27749,8.6767,143
471c72ab,20928,8.6767,143
74be6430,20766,8.674,143
37d6495f,18883,8.6767,122
71405a74,5529,8.6767,50
556df7dd,27598,8.674,143
527596a4,10667,8.674,81
576cb104,21055,8.6767,143
248cc267,19661,8.674,137
1ee51a34,11704,8.6767,85
6e13de5d,20916,8.6767,143
888b76f,10668,8.6767,81
4512c02a,30696,8.6767,198
60db6ffa,26044,8.674,143
2e182d7,18676,8.6767,122
476c99c5,15157,8.6767,103
528d0674,23619,8.6767,143
10d069b8,19853,8.6767,122
26d2f52c,22879,8.6767,143
3e605da9,22479,8.6767,143
1d4dfab3,20841,8.6712,143
27c9f1c8,23181,8.6767,143
3447d120,26275,8.6767,143
50d2911,18943,8.6767,122
7767c361,19365,8.674,122
1fc83bf4,17167,8.674,119
158c37fc,22795,8.6795,143
7925d1fd,9204,8.6795,69
7e417939,16318,8.6795,109
30107973,18094,8.6795,122
6ed9e31e,24178,8.6795,143
1a9e0aee,17311,8.6795,122
5e1a97d8,20193,8.6795,143
4de39a79,20539,8.6795,143
7e0bb957,25769,8.6795,143
5f6b749b,22980,8.6795,143
3548cce2,23600,8.6795,143
64a9b860,1882,8.674,24
a10aa22,17043,8.6795,119
47cb74a3,16762,8.6795,109
755d51e,9196,8.6795,67
43000f6d,22687,8.6795,143
30dce433,20123,8.6795,143
22d9959d,22639,8.6795,143
199f30f0,28624,8.6795,198
38c3b31a,20100,8.6795,143
56d310c,17338,8.6795,122
16015423,18721,8.6795,122
46d53dab,23876,8.6795,143
6d46d3cb,25469,8.674,143
3bc127d0,27626,8.6767,143
11ffb43e,25166,8.6795,143
71070e41,17218,8.6795,119
658566d7,17682,8.6795,122
1d0eb43c,16700,8.6795,117
72d9fa53,17469,8.6795,122
1eebee72,16565,8.674,109
34c41e26,3931,8.6795,43
2a07a6c9,25621,8.6795,143
57d79ee8,17853,8.6795,122
791be9ef,18675,8.674,122
3f906f7a,17386,8.6767,122
22611b9,27554,8.6795,143
43fff7f1,17281,8.6795,122
283401b8,22734,8.6795,143
a5faa80,9183,8.6795,67
14e3407b,31415,8.6795,198
267a2087,23317,8.6767,143
1aa2e609,26448,8.6795,143
402515c8,16568,8.6795,109
6fbd1a40,21723,8.6795,143
1a860bc6,29901,8.6795,198
53ae5a04,18530,8.6795,122
12b7f0ef,15531,8.6767,103
1cd98a5a,19463,8.6795,122
6bd0ff5e,26447,8.6795,143
510486a4,20919,8.6795,143
412201d9,17014,8.6767,119
6cbfa19a,24351,8.6795,143
3c647d0d,20090,8.6795,143
50225fd0,25759,8.6795,143
1dfb0c4,23225,8.6795,143
758bbb5,20902,8.6712,143
10fd6214,27736,8.6795,143
f6ef913,16273,8.6822,109
4df0fbf1,20829,8.6795,143
31d53b1b,20927,8.6822,143
4ac312f7,22730,8.6822,143
321dccdd,20770,8.6822,143
7cb215ae,17657,8.6822,122
606d67fb,26865,8.6795,143
32eb85ab,28570,8.6795,143
6eccdc0f,17750,8.6822,122
52b87fac,21176,8.6822,143
596188bf,28733,8.6767,198
37c998e5,18831,8.6822,122
3fed16b7,17699,8.6795,122
2eb94bf9,22688,8.6822,143
7bc81ae1,19831,8.6822,122
bdabcd,18544,8.6822,122
57b25dc3,17664,8.6822,122
33b0324f,20616,8.6822,143
89429ca,28459,8.6822,143
6e60ec2f,9342,8.6822,73
659a18d6,17293,8.6822,122
20030de3,21159,8.6822,143
121371e6,17860,8.6822,131
3be0c017,5417,8.6822,50
e092315,26357,8.6822,143
36dd5b22,16668,8.6822,109
3f48905e,18564,8.6767,122
2151fd8,28115,8.6822,143
80da361,2320,8.6822,27
45438504,25386,8.6822,143
191bc2c5,19947,8.6822,122
622a6bd8,20629,8.6822,143
2f9a6018,20067,8.6822,143
486b439a,28402,8.6822,143
3ffffbaa,17901,8.6822,122
11598436,19600,8.6795,137
56936132,27364,8.6822,143
705e5bed,9246,8.6822,71
6756a493,23320,8.6822,143
75334c70,23167,8.6822,143
28960ed4,25370,8.6849,143
65417005,4820,8.6849,1
37e12202,24470,8.6849,171
9df0335,21710,8.6849,143
585eb842,28116,8.6822,143
4542eddd,9247,8.6849,71
40a6ed33,19933,8.6849,122
18e4c6dc,18045,8.6849,122
79cd27ce,21611,8.6849,143
2e896c7a,25692,8.6849,143
1046aa9b,16995,8.6849,119
1902fc2d,17454,8.6822,122
3df79c79,21654,8.6849,143
4acf2181,9175,8.6849,67
2f406e1e,19718,8.6849,137
a771b1f,27268,8.6849,143
be24a7c,12896,8.6849,77
3892a1a8,23743,8.6849,143
140e183a,17271,8.6849,122
26935647,27562,8.6849,143
3f3b4943,9282,8.6849,67
128930ed,24344,8.6849,143
171356d8,16710,8.6795,117
3c2d2ba4,17154,8.6849,119
7622354e,9301,8.6849,72
4abf74a3,27821,8.6822,143
2f2b4de6,19918,8.6849,122
747e1eb6,22091,8.6849,143
1391dd32,12894,8.6849,77
22baa98f,21366,8.6849,143
41c1b45c,19446,8.6849,122
578b9443,22297,8.6849,143
c61347b,17320,8.6849,122
5384bbaa,30883,8.6849,198
4e6194a5,18500,8.6849,122
7c5a0fc3,16606,8.6849,109
3960ba37,22107,8.6849,143
324208d4,28514,8.6849,143
330798a2,17152,8.6822,119
44edacdd,25506,8.6822,143
66bdc59,27170,8.6849,143
3a666fa1,21787,8.6822,143
78b0b647,16272,8.6849,109
18c0d491,26186,8.6849,143
66962910,21613,8.6849,143
31621810,25481,8.6822,143
69b38371,21722,8.6849,143
6021f281,28122,8.6849,143
7e5bd648,19029,8.6849,122
5fd8f30b,15147,8.6849,103
2a854b8a,16737,8.6849,109
45df01a1,17196,8.6877,119
651666c4,25335,8.6849,143
7d4e91c6,17956,8.6849,122
1815521f,22850,8.6877,143
7d974cfe,16887,8.6877,119
160ef669,19891,8.6877,122
1f4785cf,23018,8.6877,143
4162273d,16389,8.6849,109
507624b2,18869,8.6849,122
7dbaffe2,12897,8.6877,77
58f0ca65,17021,8.6877,119
5ccb5637,22595,8.6877,143
3d975e79,26028,8.6849,143
1eddddf9,26496,8.6877,143
74b84ea9,22675,8.6877,143
40a08fa5,17607,8.6877,122
46dc1368,27350,8.6849,143
41bfe95c,19216,8.6877,122
5d6b7138,26705,8.6877,143
31fdc687,16612,8.6877,109
7564baba,16667,8.6877,109
5385a02d,29827,8.6877,198
6dce4608,17370,8.6877,122
5cd90fff,25271,8.6877,143
66eabfc9,23183,8.6877,143
32d87cc8,22606,8.6877,143
6239b143,23966,8.6849,143
1c43e1e1,19021,8.6877,122
3a21a67,19366,8.6877,122
5c6adc97,28738,8.6849,198
68629ff5,28410,8.6877,143
72ed18e7,18368,8.6877,122
5d710c50,21484,8.6877,143
5e3ea2f6,20933,8.6877,143
4d5cfa74,20421,8.6877,143
576cf918,25767,8.6849,143
2aa6c29,20540,8.6822,143
29284798,27584,8.6877,143
30d9793,25825,8.6877,143
33991ad3,25830,8.6877,143
6283e3ad,20487,8.6877,143
4c9c0112,20523,8.6849,143
9fc7ce2,19602,8.6877,137
66a2c341,20281,8.6877,143
1d9612c4,21123,8.6877,143
3bef2855,18556,8.6877,122
60751450,21657,8.6877,143
a847fd0,21774,8.6877,143
d5d9d57,26523,8.6877,143
7acc0d0a,18074,8.6877,122
57e120a5,17371,8.6877,122
1f7e799d,18336,8.6877,122
362def5d,27033,8.6877,143
2c1300cf,20150,8.6795,143
168ca702,21031,8.6877,143
a69ec6c,23376,8.6849,143
30dc51ba,27556,8.6877,143
1c96abe7,23977,8.6877,143
7229e9e0,25387,8.6877,143
1198b8a4,26458,8.6877,143
1ef7d4a9,22584,8.6877,143
4779972d,12909,8.6877,77
73d8f275,9283,8.6877,67
4e036307,17011,8.6877,119
6e71a4f2,9252,8.6849,71
653a96ee,17819,8.6877,122
51459b66,16892,8.6877,119
40bc112,25857,8.6877,143
67beb355,20681,8.6904,143
5602d4aa,28640,8.6904,198
2b61eba7,16201,8.6904,109
71b8ac88,18927,8.6904,122
76ef8762,25167,8.6904,143
630e9df1,16961,8.6877,119
23e9a2be,18635,8.6904,122
77159b7,28625,8.6904,198
e1f919b,28599,8.6904,198
3319693d,18641,8.6904,122
7c5301e7,21065,8.6904,143
246f8bba,22691,8.6904,143
4a7d21db,12934,8.6822,77
474c65c2,19192,8.6904,122
3f64bc97,19248,8.6904,122
670ed29a,19266,8.6904,122
445e5459,16711,8.6904,117
60184b65,22348,8.6904,143
df2f3c,23333,8.6877,143
7a82c3f5,17603,8.6904,122
6b09543d,17128,8.6904,119
5d433999,19157,8.6849,122
7fa20237,21918,8.6904,143
1353fb5d,29900,8.6904,198
32daedb6,22908,8.6904,143
76919585,26476,8.6877,143
194d82da,18944,8.6904,122
15480bbd,20065,8.6904,143
701ae3ff,24212,8.6904,143
a5d7dc4,28467,8.6904,143
7ff36507,19691,8.6904,137
509cddbe,22854,8.6904,143
2ab39ca7,19765,8.6877,137
d918715,24802,8.6904,171
6c43683e,16720,8.6904,109
87ce3ec,22897,8.6904,143
2421779a,28477,8.6904,143
3e9c00e0,3778,8.6904,37
6ef3df47,18666,8.6877,122
3fb48109,25550,8.6904,143
48c10c59,18966,8.6904,122
5e102dfb,16398,8.6904,112
27cdf52e,17574,8.6877,122
79887a37,18283,8.6904,122
622f00c6,17276,8.6904,122
45624ac5,26605,8.6904,143
7630b9b1,25987,8.6904,143
224c6b1e,16319,8.6904,109
6ae09efc,19159,8.6904,122
50830855,18848,8.6904,122
4ab01bb3,17909,8.6904,122
b659d60,12898,8.6904,77
651ce58e,17666,8.6904,122
2d9598d8,21682,8.6932,143
7ed336b0,27655,8.6932,143
6732635a,28535,8.6932,143
d63debb,17083,8.6932,119
401b7c41,27987,8.6932,143
4229c159,24090,8.6932,143
437bd29c,16908,8.6932,119
21a4d369,16473,8.6932,109
37a7511a,20124,8.6932,143
2c45dadb,22771,8.6904,143
5cb2a39e,12959,8.6932,77
20eaf503,29830,8.6932,198
303a8588,19575,8.6932,137
2baa6211,21581,8.6932,143
32ab0256,22666,8.6932,143
f4ca0c8,20068,8.6904,143
451ebbed,24213,8.6932,143
399ff242,20828,8.6932,143
5ded263c,20899,8.6932,143
37be2665,27402,8.6904,143
7cf22ac,10707,8.6932,81
4104cdf5,17678,8.6932,122
75eccf2f,17982,8.6932,122
332752f9,28177,8.6904,143
30fb8f80,17752,8.6932,122
4d83dc73,26528,8.6932,143
2a0fcb53,25989,8.6932,143
3909ec8a,18247,8.6932,122
704785d3,17842,8.6932,122
57bd2afd,20233,8.6904,143
3030d1c8,20385,8.6932,143
6383f3f9,25507,8.6932,143
3782e989,22900,8.6932,143
426dbd05,20014,8.6932,143
41192e4f,11712,8.6932,85
77110935,9224,8.6932,67
3af6e7a1,23620,8.6932,143
bf13015,26761,8.6932,143
237c7629,22947,8.6932,143
476c8558,22415,8.6932,143
5c5b8bd2,21199,8.6932,143
36444af7,17924,8.6932,122
5ea869d4,20855,8.6932,143
f945904,25768,8.6932,143
4f99bbe1,17000,8.6932,119
4f1cacdb,28722,8.6932,198
52679a25,18316,8.6904,122
7f16b514,18427,8.6932,122
2e1d0cc7,30722,8.6932,198
7dd24fa4,23446,8.6932,143
57825eb1,18312,8.6932,122
59438c36,18392,8.6932,122
395a40d6,21580,8.6932,143
732efcfc,20934,8.6932,143
40413eed,26043,8.6932,143
1cee3252,25077,8.6932,143
595c90a8,19250,8.6932,122
326b27a5,18374,8.6932,122
227a09d7,17169,8.6904,119
36a6e408,21702,8.6904,143
2f3baf0f,27265,8.6932,143
5bb72c2c,2735,8.6932,29
66533e22,17044,8.6932,119
dee7b42,25155,8.6932,143
ce95853,18896,8.6932,122
6e5dd3ae,23168,8.6904,143
11804269,28580,8.6932,143
6fca0f70,19864,8.6932,122
2927f91a,18248,8.6932,122
29e79f33,21746,8.6932,143
26b28b74,26517,8.6904,143
3ae7036c,19348,8.6932,122
47f76007,18857,8.6932,122
5e92acf,26696,8.6932,143
1310ec41,19665,8.6932,137
61bf717,27555,8.6932,143
46568db,26078,8.6932,143
a06eb7c,25509,8.6932,143
489695ca,27820,8.6932,143
21203a56,29829,8.6959,198
12819bb7,20045,8.6959,143
49cc3116,25406,8.6959,143
5c701a7d,17321,8.6959,122
430b065f,20339,8.6932,143
5684d754,19687,8.6959,137
50afdab,23377,8.6959,143
2a867e61,26670,8.6959,143
56c2863e,22572,8.6959,143
abddd69,23001,8.6959,143
58888e30,18256,8.6959,122
41e48636,15561,8.6959,103
3550b42,25048,8.6959,143
31fdf47a,26479,8.6932,143
6767c8d4,18858,8.6959,122
7b823306,22303,8.6932,143
1e32df76,20284,8.6959,143
44e4e981,16391,8.6959,109
3596c8e9,18454,8.6959,122
6cee97e7,28035,8.6959,143
69e937f,29826,8.6932,198
5c7ac724,28420,8.6959,143
edf25b5,10716,8.6932,81
13884b4,21174,8.6959,143
d0d7507,16179,8.6904,109
15c48aee,16538,8.6959,113
67b3f642,19354,8.6932,122
10b6958c,12924,8.6932,77
76757fd0,15012,8.6904,103
4757180a,25510,8.6959,143
3f2ee744,20945,8.6959,143
1b901fd8,18657,8.6932,122
327c5389,17168,8.6959,119
46c66885,25017,8.6932,143
392eaf1f,21122,8.6959,143
5a8a750b,18453,8.6959,122
71f26bb9,28539,8.6932,143
6a07d480,17593,8.6932,122
1f700b05,20302,8.6959,143
23af5514,21601,8.6959,143
53ea09a3,17597,8.6959,122
4f954b8d,27631,8.6959,143
31a71fc4,16269,8.6959,109
65d06ea4,28646,8.6959,198
7a677938,22027,8.6904,143
7943c0c6,24234,8.6959,143
7013b915,9266,8.6959,67
16d04cfd,19719,8.6959,137
690431b7,17481,8.6959,122
573f49a6,16520,8.6959,113
309de677,22124,8.6959,143
5d2b2a60,28090,8.6959,143
4988329c,19258,8.6904,122
64d73072,19428,8.6959,122
3ba6ccc1,24362,8.6932,143
3fda89ff,18819,8.6959,122
37ce504a,22542,8.6959,143
6a47b261,20556,8.6932,143
670abb2c,27997,8.6986,143
cf44343,19733,8.6986,137
497d1e97,9346,8.6986,73
1efe7963,19666,8.6986,137
2c9f724b,27773,8.6986,143
25fd2c0,18156,8.6959,122
2377edba,29828,8.6986,198
4eafbdd6,11717,8.6986,85
19f58362,17683,8.6986,122
65408b4e,15166,8.6986,103
79c6b061,21050,8.6986,143
4a34f382,17552,8.6986,122
7fef9735,19813,8.6959,122
1e14697d,18762,8.6986,122
521d9766,20956,8.6986,143
3fd8d644,18658,8.6959,122
3c0db8b5,17420,8.6986,122
1ef71c8,27514,8.6986,193
3ff77034,17099,8.6986,119
4664fb78,19473,8.6904,122
177d2b11,16246,8.6986,109
6d666907,21936,8.6986,143
6914d24f,18202,8.6959,122
8ca4b2e,17393,8.6932,122
f5d41a3,19904,8.6959,122
7691dc85,19898,8.6986,122
2861bd01,28117,8.6986,143
67a894e8,26802,8.6986,143
3de13008,17460,8.6986,122
45eca6c5,16677,8.6986,109
604082cc,27248,8.6986,143
436c45f8,19923,8.6986,122
10906904,29576,8.6986,198
77b94ced,1800,8.6986,24
57c31651,17277,8.6986,122
17f068e1,1510,8.6986,19
4ed7c8f0,19717,8.6986,137
3371b887,18827,8.6986,122
12937894,27966,8.6986,143
2ff0900f,16186,8.6986,109
604e7a3e,19711,8.6986,137
539498f5,28419,8.6986,143
6cc29794,21119,8.6986,143
26af8a10,21886,8.6986,143
5e455330,17904,8.6986,122
60b9ca38,20229,8.6986,143
571bd7b4,22377,8.6986,143
7cc045b0,22992,8.6986,143
6fcc4f9c,19903,8.6986,122
a3ecbfb,22660,8.6986,143
1b644d86,28412,8.6986,143
7416505a,26033,8.6986,143
124b9f29,26329,8.6986,143
55f341f0,19251,8.6986,122
6c58a515,18428,8.6986,122
61e5b7ad,26055,8.6986,143
3879ed,23703,8.6986,143
331904d5,9257,8.6986,71
58d4ce6a,20227,8.6959,143
16a8a08e,22991,8.6986,143
588654ba,2739,8.6986,29
2424f454,27389,8.6986,143
3f71cf43,28468,8.6932,143
73654fdf,1475,8.6986,19
d3c7847,21901,8.6986,143
5e4315be,28114,8.7014,143
6ff9c2e2,24001,8.7014,143
36bb7375,16692,8.7014,117
33cb33,28100,8.7014,195
582bdba5,19874,8.6986,122
1e83cbfb,12907,8.6959,77
3f4ce41b,19919,8.7014,122
5201085c,17032,8.7014,119
5471174a,18425,8.7014,122
542dd22c,28427,8.7014,143
c99988e,20498,8.7014,143
560032a9,26803,8.7014,143
a17a464,25902,8.7014,143
3011abb8,18339,8.7014,122
708c08dc,22452,8.7014,143
151f87ef,21848,8.7014,143
27cee91e,10689,8.6986,81
104d4d07,20283,8.7014,143
1f37cfb6,25401,8.7014,143
2d3c68dd,18095,8.7014,122
3de64f4e,21989,8.7014,143
6db0d7f5,25371,8.7014,143
17ef9a31,18157,8.7014,122
4d0dbb40,12906,8.7014,77
13d20c9d,20513,8.7014,143
595b7291,20885,8.7014,143
56c8dacb,18432,8.6986,122
3daca098,20019,8.6986,143
56798b0e,21357,8.7014,143
6f2c5a7e,26663,8.7014,143
5434a4aa,25049,8.7014,143
443a3265,19122,8.7014,122
1ccaf21a,18945,8.7014,122
6f12b76,1881,8.7014,24
b8fb8a5,21583,8.6986,143
7711cef6,20056,8.7014,143
622d636b,11115,8.7014,77
293c1716,26999,8.7014,143
261923dc,24251,8.7014,143
5f062f97,16180,8.6932,109
256a2f3c,22586,8.7014,143
143176f1,18747,8.7014,122
56393927,19946,8.7014,122
1f740051,26477,8.6986,143
701cc7a0,24399,8.7014,143
1e8824a3,23182,8.7014,143
167c654,21180,8.7014,143
efa35a6,18888,8.7014,122
3eae28a1,26212,8.7014,143
2819c913,18237,8.7014,122
69972b37,16464,8.6986,109
776b4d8f,17392,8.6986,126
48817050,18639,8.7014,122
725a2c1,17608,8.7014,122
4c389cff,3787,8.7014,37
ff876d8,24342,8.7041,143
2561ee4c,18335,8.7041,122
963b463,25209,8.7041,143
5194f10d,21713,8.7014,143
594350a4,22894,8.7041,143
15c1b3e2,16591,8.7041,109
3f782c98,19989,8.7041,143
4912bee3,19818,8.7014,122
a171115,21543,8.7041,143
1251ed16,20414,8.7041,143
6c331f28,20037,8.7041,143
308a51eb,17854,8.7041,122
2a77156,24372,8.7014,143
41b31617,3788,8.7041,37
1f030549,19568,8.7041,137
5088a992,31416,8.7041,198
6b3d93de,21957,8.7041,143
95a825b,12573,8.7041,77
30ce7fe7,25486,8.7041,143
37e01dfa,21772,8.7014,143
3044dbbb,18110,8.7041,122
6d51cfb2,21986,8.7041,143
2e23b4b8,25919,8.7041,143
191b734b,25298,8.7041,143
f94ead0,12925,8.7041,77
6c5b98cf,17480,8.7041,122
5fee7788,9170,8.7041,67
1dadc615,20069,8.7041,143
35c76d1a,28401,8.7041,143
56a068d,21018,8.7041,143
2994739f,20043,8.7041,143
5a7a85d6,16736,8.7014,109
545b9c3e,16247,8.7041,109
1d0b656,21075,8.7041,143
b523578,29572,8.7041,198
58845f1,27977,8.7041,143
d3a9312,15532,8.7041,103
9dcf6e5,30002,8.7041,198
133feb53,1478,8.7041,19
54df9308,12953,8.7041,77
da42882,20316,8.7041,143
63a19c0d,25811,8.7041,143
fa88659,23227,8.7041,143
27c71377,27957,8.7041,143
b0bcf35,16727,8.7014,109
3da83e4e,28638,8.7041,198
2ff4a33e,25931,8.7041,143
30b7511c,20228,8.7041,143
14622b06,18865,8.7041,122
65904258,24074,8.7041,143
43120fb2,23833,8.7014,143
2a27a554,17863,8.7041,131
20401e7d,17823,8.7041,122
2af584d8,26451,8.7041,143
4d90815c,25601,8.7041,143
7fa27763,20206,8.7041,143
5a8a90bf,15555,8.7014,103
7a99ce65,20263,8.7068,143
410e1202,21177,8.7068,143
7ccc56aa,23755,8.7068,143
351fb20e,25990,8.7068,143
3b9ec37a,18955,8.7068,122
fc0c88a,18702,8.7068,122
1127a6de,26139,8.7041,143
59e0e936,4775,8.7068,1
14a87463,17907,8.7068,122
1da57ae4,18759,8.7068,122
5f322306,19860,8.7068,122
31983ed8,17295,8.7068,122
13569ca2,25428,8.7041,143
6f6fc884,26045,8.7068,143
38b3a266,20633,8.7068,143
ef79dce,18433,8.7068,122
5293e180,17983,8.7068,122
2c329e77,20400,8.7068,143
7e691c36,26472,8.7068,143
3fbb68af,17275,8.7041,122
6f53d097,19160,8.7041,122
b597a74,22961,8.7068,143
383c35eb,27793,8.7068,143
4ad6ef89,16730,8.7041,109
78fd12f0,17573,8.7041,122
4e433975,27836,8.7068,143
3f658f42,25599,8.7068,143
42329580,17530,8.7068,122
52c865a4,30001,8.7068,198
5176619,20272,8.7068,143
39b6a4f9,18634,8.7068,122
41ec2ca3,24371,8.7068,143
169bf666,26978,8.7068,143
40d3ffa0,21076,8.7068,143
51a7475b,18111,8.7068,122
6fbec4d8,27142,8.7041,143
265f278f,20107,8.7068,143
792ee21b,17743,8.7068,122
12d8fffa,28102,8.7068,143
bd9717d,30342,8.7068,198
11603708,9347,8.7068,73
54e54cd6,18113,8.7041,122
5a55426b,2734,8.7068,29
f2751f4,12956,8.7068,77
4fb58bf4,23361,8.7041,143
3148fd28,9264,8.7068,67
24304a20,24199,8.7068,143
417ea770,19620,8.7068,137
577c7c8f,25044,8.7068,143
7463f65a,25889,8.7068,143
176a2909,17470,8.7041,122
61bd3771,22848,8.7068,143
554c5911,20524,8.7068,143
7465b57e,22180,8.7068,143
7812f062,19429,8.7041,122
709c46ae,21841,8.7068,143
47af0d7d,12702,8.7068,77
238a29c4,26342,8.7068,143
3131b22d,28702,8.7068,198
412a724b,12938,8.7068,77
3329e3e9,28394,8.7068,143
6ba5a5e9,18971,8.7068,122
eca9593,16910,8.7041,119
605eef13,22745,8.7068,143
6ae38e8a,18921,8.7096,122
12e82ed5,20258,8.7096,143
2ef4567f,27317,8.7068,143
74c8283f,4808,8.7096,1
637967c2,17155,8.7068,119
30b473fe,25149,8.7096,143
3cff9c39,19895,8.7096,122
9c3c249,25327,8.7096,143
212ce3c4,16709,8.7096,117
32944f9c,18823,8.7068,122
724a13a3,26524,8.7096,143
650c4629,21838,8.7068,143
2378ab8f,23970,8.7096,143
3380f8d3,26030,8.7096,143
1175320b,15158,8.7096,103
16cf1302,26514,8.7096,143
7d6dc31a,16354,8.7068,109
a70bd41,25321,8.7096,143
40f0d0a5,23360,8.7096,143
708de687,18016,8.7096,122
447fce25,24472,8.7096,171
7ca259cb,18612,8.7096,122
129b125e,17448,8.7068,122
2afcaa43,21118,8.7096,143
71770fb6,24341,8.7096,143
d3d6754,16660,8.7096,109
133e6224,16526,8.7096,114
37099e30,25028,8.7041,143
598be51b,18317,8.7096,122
13c80596,19767,8.7068,137
75a9c77c,21944,8.7096,143
eaa2fe7,26518,8.7041,143
3ade2f0b,22281,8.7096,143
80fa014,27633,8.7096,143
5bb8e036,18371,8.7096,122
3b7b23c2,22735,8.7068,143
7d3a32e,19608,8.7096,137
60114e1a,23782,8.7096,143
3f1b90e8,17822,8.7096,122
4ae1981f,21987,8.7068,143
56446825,18597,8.7068,122
7c8579e2,26293,8.7096,143
3c4f8d69,25402,8.7096,143
5f30d6d8,18184,8.7096,122
6b406104,25551,8.7096,143
19d79c41,28113,8.7096,143
6c27ca1e,16604,8.7068,109
28e9fb31,25322,8.7096,143
632394e,16963,8.7068,119
7128484a,22693,8.7096,143
2cc32636,2339,8.7096,27
759ca360,18633,8.7096,122
508c0c06,28221,8.7123,143
2a94b33,19837,8.7123,122
37ee2fc6,16535,8.7123,113
27f91df8,20935,8.7096,143
1725c93d,21440,8.7123,143
5f9de839,28036,8.7123,143
70066465,4882,8.7123,1
19cb6c13,22375,8.7123,143
7632b40f,19426,8.7123,122
cb6c1ac,22982,8.7096,143
4f67f7d5,24474,8.7123,171
7f0b0220,25907,8.7123,143
3d624226,25623,8.7096,143
44491408,17745,8.7123,122
17b00664,23452,8.7123,143
2eba8601,26450,8.7123,143
9078bf4,25915,8.7123,143
265b8b80,17388,8.7123,122
60d41551,22585,8.7041,143
1a241dc4,28101,8.7096,195
2f496d5f,22422,8.7123,143
55b4e4bd,16270,8.7123,109
d860d0e,19815,8.7123,122
150a1dc7,20391,8.7096,143
2ffae89f,27661,8.7041,143
4bbd5baa,12970,8.7123,77
395ecf6c,19902,8.7123,122
7cff09a5,18963,8.7123,122
7cfdd377,19539,8.7123,137
2c570a10,20516,8.7096,143
4b9a8b5,18284,8.7096,122
2578d383,22990,8.7123,143
6a925def,17394,8.7123,122
6ea4d339,23386,8.7123,143
27112258,22588,8.7123,143
441609f2,26333,8.7123,183
3c1349ba,19876,8.7123,122
7466781a,26213,8.7123,143
9518516,18112,8.7123,122
5acb872c,17719,8.7123,122
2ee64c1e,17998,8.7123,122
89e8ee1,19494,8.7123,122
2b5839e2,26944,8.7123,143
4fff8140,17735,8.7096,122
490b8d74,24089,8.7123,143
5591aef7,28333,8.7068,143
2984db22,24833,8.7123,171
1a42aad3,18070,8.7123,122
fb7e4c2,22677,8.7096,143
796e2c8a,26188,8.7123,143
570905d5,21283,8.7096,143
585b89dd,26407,8.7096,143
25a6028c,12972,8.7123,77
5740b437,16395,8.7123,112
67e1cbe9,22731,8.7123,143
78595d6d,18701,8.7123,122
7c4826da,12841,8.7096,93
2e7bc468,17671,8.7123,122
472ceccd,28585,8.7123,143
752c6370,28752,8.7123,198
486ff5f9,17544,8.7123,122
38473018,21200,8.7123,143
182de959,19695,8.7151,137
e8c2ecf,20920,8.7068,143
39fbd2da,9176,8.7151,67
1cbcf9c3,22847,8.7151,143
38bdf20d,9177,8.7151,67
4f2db362,17999,8.7151,122
20b8061e,21920,8.7151,143
47b27dd1,20020,8.7096,143
1048d2b0,16290,8.7151,109
325cc578,20417,8.7151,143
39efdf3a,25336,8.7151,143
52b4addb,27557,8.7151,143
6bc1ea9,21002,8.7151,143
5037819c,19526,8.7151,137
414e9e7,17296,8.7151,122
131881f6,26032,8.7151,143
1de98432,19943,8.7151,122
73b956cb,26245,8.7151,143
15965743,17958,8.7151,122
79c11f0c,26029,8.7151,143
5ab98a02,18707,8.7151,122
638f9090,18075,8.7151,122
4484efed,18109,8.7151,122
354cb10e,21958,8.7151,143
23b3c43f,28064,8.7151,143
3c27dbc9,17927,8.7151,122
5f3fb027,17433,8.7151,122
403c881b,16226,8.7151,109
fabbe0f,15558,8.7123,103
328411f9,16912,8.7151,119
30ff6df3,18651,8.7151,122
5319be36,20109,8.7151,143
701c1773,19667,8.7151,137
12e35d43,16248,8.7151,109
40ead2d6,28751,8.7151,198
527318eb,26530,8.7151,143
192877a3,19176,8.7068,122
11a92880,26013,8.7151,143
7433401,18741,8.7151,122
4d3dd042,18232,8.7151,122
17722329,22334,8.7151,143
4e5b644c,26294,8.7151,143
4fc7f46f,9184,8.7151,67
51ba32aa,12954,8.7151,77
72a6471f,21067,8.7123,143
74cb5909,17220,8.7096,119
45faf73,25831,8.7151,143
4f0e230,19474,8.7096,122
3982f5d1,12981,8.7151,77
44aed30e,25244,8.7151,143
6a03c983,20853,8.7151,143
183bfbff,19511,8.7151,122
13dec787,23150,8.7151,143
103c46ae,18382,8.7151,122
7661b836,28858,8.7151,198
2238d104,21463,8.7178,143
56834b11,22732,8.7178,143
7008fccb,23248,8.7151,143
33844cb9,26587,8.7151,143
7cc7ab4a,16519,8.7178,113
417f7551,23514,8.7178,143
252b2c8b,26706,8.7178,143
693c30fc,22607,8.7178,143
78cc48e6,26266,8.7178,143
42237f53,23230,8.7178,165
3e105ce8,28821,8.7178,198
363c440d,21753,8.7178,143
36a32006,27961,8.7151,143
2cb2c54c,25988,8.7178,143
75b2fe6e,16759,8.7178,109
49790b2c,24252,8.7068,143
6675a115,21541,8.7178,143
5c579032,17012,8.7178,119
3e744458,15169,8.7151,103
3f5518d1,28750,8.7178,198
45fbab91,12874,8.7178,77
74e37b27,27645,8.7178,143
1455a389,22641,8.7151,143
5152e6f7,18545,8.7178,122
81f73df,21747,8.7178,143
7c74f372,17551,8.7178,122
1f9b719d,17037,8.7151,119
70ce0b0a,4912,8.7178,1
493ea771,21219,8.7178,143
3a4cb402,18614,8.7178,122
201783b6,16598,8.7178,109
e157bff,21734,8.7178,143
7e9f3d4f,25932,8.7178,143
7e09efcd,22948,8.7178,143
4230da52,16187,8.7178,109
1d838ab2,25723,8.7178,143
1af1a908,21354,8.7151,143
2b374a1c,27796,8.7178,143
347a3b13,26215,8.7151,143
6f91e762,18221,8.7178,122
6ec62638,25603,8.7178,143
729f9d7,19696,8.7178,137
79686b01,28282,8.7151,143
689eb99a,18061,8.7178,122
8d4e91c,23774,8.7178,143
57fce9d8,17067,8.7151,119
21907c2c,27190,8.7178,143
6d76b045,16888,8.7178,119
70b99618,18463,8.7178,122
5f0a0d1a,20066,8.7178,143
6f089d0a,25770,8.7178,143
37a4ec36,18850,8.7178,122
b11a58c,19247,8.7151,122
47c1b29,30288,8.7178,198
2f373661,19214,8.7178,122
3f62baed,27418,8.7178,143
39d94548,25018,8.7178,143
5d98a409,16320,8.7178,109
4b0a15e5,16695,8.7178,117
6eb15d0c,23937,8.7151,143
61957bbb,21946,8.7178,143
1512ec3b,24394,8.7178,143
121581c4,15534,8.7151,103
a35d763,27958,8.7096,143
52256cd1,19562,8.7178,137
118b5efd,23156,8.7205,143
5b09a7d4,16634,8.7205,109
39782a21,28429,8.7205,143
45154ef1,15584,8.7205,103
533ad76f,27311,8.7205,143
15ba30d,17821,8.7178,122
65ac16d0,9345,8.7205,73
75f78ce7,20618,8.7205,143
41064bc9,17219,8.7205,119
ab199a2,21019,8.7205,143
1c90a827,20271,8.7205,143
717a5340,20344,8.7205,143
190f27f3,19621,8.7205,137
6aa46f18,21439,8.7205,143
2e1b9f8,27217,8.7178,143
975293f,23535,8.7205,143
19ff6c62,16999,8.7178,119
23a6dc1a,20470,8.7205,143
6c5e9767,27979,8.7205,143
53cefe33,16573,8.7178,109
7516cb5b,21068,8.7205,143
15c64ab5,27585,8.7205,143
5c532bba,25945,8.7205,143
64b87dc3,20542,8.7178,143
44ae7af8,17458,8.7205,122
7213d25,20287,8.7205,143
20154c96,29651,8.7205,198
4c5c445,4872,8.7205,1
655eadd5,29915,8.7205,198
5290723c,16693,8.7205,117
5c56a55e,19355,8.7205,122
562d23be,15533,8.7178,103
460d1cab,19723,8.7151,137
17dd87c4,19215,8.7205,122
7e48bc34,26343,8.7205,143
41475090,28281,8.7178,143
6f81f457,23783,8.7178,143
1419bdc4,28550,8.7205,143
2f8b0a6f,18349,8.7178,122
54331cde,25890,8.7205,143
34707943,20345,8.7205,143
6d5e1594,17204,8.7205,119
1af1a222,20366,8.7205,143
56e8884e,18158,8.7178,122
226e12bf,15562,8.7151,103
61e559b1,27837,8.7178,143
7c0a02ac,23578,8.7205,143
6bfd4fbd,21978,8.7205,143
4b504351,21066,8.7205,143
404c1af8,17598,8.7178,122
79450074,29918,8.7205,198
75693f54,20613,8.7205,143
32a6e63c,15582,8.7205,103
1e159da6,21959,8.7205,143
1f94a97e,22263,8.7205,143
4e035c58,15401,8.7205,103
4b91c4a2,20944,8.7205,143
795b98db,17305,8.7205,122
43be11d7,16913,8.7205,119
112b6133,20630,8.7205,143
170b6464,19230,8.7178,122
527a06f3,25643,8.7205,143
7742c127,28104,8.7205,143
44c156b1,19865,8.7233,122
8a52209,21034,8.7233,143
aeae070,29584,8.7233,198
6bc043f3,25779,8.7233,143
257af4e4,23601,8.7233,143
46e2f28,23087,8.7233,143
595ab6b5,21125,8.7233,143
306cb9b6,24198,8.7233,143
4243a68b,16539,8.7233,113
37a1d684,17282,8.7233,122
3bc231db,12574,8.7233,77
280b4ca0,24345,8.7233,143
832fffe,12703,8.7233,77
22545bca,21618,8.7233,143
784867e2,21056,8.7178,143
39c251a6,18833,8.7233,122
2690946f,19944,8.7233,122
269a017c,17395,8.7233,122
1dd6053a,16698,8.7233,117
36b22847,20973,8.7233,143
14a3f112,17561,8.7233,122
4dd16a39,17698,8.7233,122
62c4831b,25245,8.7205,143
4f96b5ac,21790,8.7205,143
5aef6278,11102,8.7233,77
7a1e52d2,24601,8.7233,171
599274ec,16480,8.7233,109
68c15c09,21404,8.7205,143
63e10b62,17483,8.7233,122
25fb905e,19528,8.7233,137
5f3a7a98,19833,8.7233,122
3df95462,22665,8.7233,143
56a8f2a4,23603,8.7233,143
2f28f14f,19189,8.7233,122
23caa088,22573,8.7233,143
5467bad7,26973,8.7233,143
45cb4f2d,17670,8.7233,122
2d016c52,25310,8.7233,143
5bb9479a,17173,8.7205,119
32e1ff38,19838,8.7233,122
2d4c7c6e,18795,8.7233,122
b09f669,20161,8.7205,143
1a1df505,17716,8.7233,122
19d2b70e,20110,8.7233,143
27b8d141,17905,8.7178,122
69d966d4,23930,8.7233,143
2da76f38,23074,8.7233,143
52c88b16,22941,8.7233,143
58e71254,21080,8.7205,143
39b4f2d0,19425,8.7233,122
1bf9dcf4,27127,8.7233,143
6da4784c,2271,8.7233,22
18f1c00e,16669,8.7178,109
7318255a,25533,8.7233,143
5ac4922,22596,8.7205,143
2f02c56b,16996,8.7233,119
265359b1,27143,8.7233,143
26925239,20073,8.7233,143
68ba28bf,20986,8.7233,143
76d86288,25482,8.7205,143
597e1582,21655,8.7178,143
6618a630,16670,8.7233,109
52af3350,18047,8.7205,122
6be9066a,25470,8.7233,143
66ce7bca,19900,8.7205,142
45446805,18068,8.7233,122
5bc5a31c,21664,8.7233,143
6edae64e,9267,8.7233,67
4d2377a9,17228,8.7205,119
63eb0851,17352,8.7233,122
58a655ec,19155,8.7178,122
6054e0d,22694,8.7205,143
7a6458bb,23677,8.7233,143
3ec41abd,25541,8.7233,143
71563bd,18490,8.7233,122
515dc2c9,16643,8.7233,109
3b3ee43b,26058,8.7233,143
25311013,17908,8.7205,122
9958783,16486,8.7205,109
36e147f2,24834,8.7205,171
7ab26229,26368,8.7233,143
572e54e4,20495,8.7233,143
2a948d4b,17984,8.7233,122
7222681d,20021,8.7205,143
4ec07f7c,21979,8.726,143
278aefa7,27894,8.726,143
22616c6,28091,8.726,143
63a5f41f,16753,8.726,109
2e534c88,22898,8.726,143
5ed46932,19766,8.726,137
6c76d408,16658,8.726,109
20bfd095,22964,8.726,143
143cff06,19512,8.726,122
695c994a,20974,8.726,143
6d35837a,20900,8.726,143
1e028515,21964,8.7233,143
1399c956,17488,8.726,122
567d4fae,28161,8.726,143
264b92f6,21071,8.726,143
67a4eb16,15559,8.726,103
6d04f0da,24576,8.726,171
308a5755,19689,8.726,137
4a2caf90,28336,8.7233,143
a100198,17034,8.726,119
40d8b220,25832,8.726,143
228a6591,22885,8.726,143
df50e7f,17476,8.726,122
7e3c298,23435,8.726,143
2af29f6,18313,8.726,122
73f872df,21070,8.7178,143
565b0c29,19441,8.726,122
4f35f378,20304,8.726,143
342e93f1,18972,8.726,122
4f07121,27462,8.7233,143
531711ed,27195,8.726,143
a441fd2,12569,8.7205,77
6a8a83d1,23353,8.726,143
2a7b246a,18077,8.726,122
2d05217d,21947,8.7205,143
7951180,25595,8.726,143
393f8ea8,23585,8.7233,143
4a94a591,16929,8.726,119
4c65fb70,25272,8.726,143
3692cd8f,19948,8.726,122
47981004,20639,8.726,143
61286a35,29834,8.726,198
714616aa,20830,8.726,143
14667850,20340,8.726,143
24a7e276,27547,8.726,143
4b70635e,5408,8.726,50
7608fc84,12980,8.726,77
e3bddb8,24421,8.726,143
545359b2,25516,8.726,143
4f7ca51c,18607,8.726,122
55eb112c,20822,8.7233,143
75e553e,21881,8.7233,143
3603658d,18935,8.726,122
78d32436,23689,8.726,143
6f893bff,25246,8.726,143
522d2a75,19356,8.726,122
6cfbf5a0,19692,8.726,137
272f72ab,4504,8.726,1
660d017d,24373,8.726,143
aad44ce,20120,8.7288,143
6b3e2339,20543,8.7288,143
507bd2a9,28571,8.7288,143
c1d4827,19194,8.726,122
6cf6e65e,21887,8.726,143
764b3712,9329,8.7288,73
782b4de8,18811,8.7288,122
1e117eba,17232,8.7288,119
458ebf30,21741,8.7288,143
6a52f334,21908,8.7288,143
48b4a79b,18640,8.7288,122
5d45e499,16540,8.7288,113
6d82a73e,23704,8.7288,143
103422e9,18543,8.7288,122
7d51c70b,31318,8.7288,198
f428514,27657,8.726,143
77016895,17304,8.726,122
46133ff6,17861,8.7288,131
3589d1a0,16403,8.7288,112
2ef89820,25429,8.7288,143
684e8b6e,25477,8.7288,143
524118aa,17487,8.726,122
df2619b,20503,8.7288,143
768da554,22587,8.7288,143
1c5e1a3d,18861,8.7288,122
4600d554,28414,8.7288,143
58e08ab6,16914,8.7288,119
43dc33fb,25029,8.7288,143
78339adb,26241,8.726,143
2f5a8f07,5570,8.726,50
5be536b5,9285,8.726,67
2fbf464f,27194,8.7288,143
6fd58c99,9304,8.7288,72
33bc0eef,27450,8.7288,143
36fbf94d,19720,8.7288,137
4b89605b,26358,8.7288,143
115db088,28730,8.7288,198
448501d2,27941,8.7288,143
7f7fc9f,12973,8.7288,77
7b74f30d,21619,8.726,143
546f51f8,17429,8.726,122
284a620d,25763,8.7288,143
44ad7d47,22374,8.7288,143
7c866249,28219,8.7288,143
52c81cb0,18647,8.7288,122
7fd7746f,17373,8.7288,122
29e956ee,21677,8.7288,143
68141d1,18809,8.7288,122
495aef62,18222,8.7288,122
5be54765,15105,8.726,103
385834d1,27962,8.7288,143
345b65c2,26214,8.7288,143
5c080d6e,21069,8.726,143
2a64bdd4,26061,8.7288,143
5bcb0992,15170,8.7288,103
224c4086,26240,8.7288,143
4dd64478,12933,8.7288,77
4253ca0b,27845,8.7288,143
41d7cc4a,27054,8.7288,143
1dfec86,26147,8.7288,143
375d9c4c,9274,8.7288,67
7e558d41,25323,8.7288,143
220a0312,26525,8.7288,143
5dc03e85,17198,8.7288,119
23054267,10708,8.7288,81
7168ecc3,12842,8.7288,93
fc13670,18967,8.7233,122
6f3de477,21902,8.7288,143
388736f,18293,8.7288,122
5f60518d,22736,8.7288,143
56ff267c,27542,8.7151,143
6047d694,11116,8.7288,77
2014d2f8,18860,8.7288,122
23eb8aaf,29268,8.7288,198
7d25134e,17482,8.7288,122
52461650,25168,8.7288,143
5a20fa46,23334,8.7288,143
533adfd3,21202,8.7288,143
c6b89fa,22943,8.7288,143
aee199d,18426,8.726,122
5f04c4ed,22970,8.7288,143
3d12adcb,19101,8.7288,122
6d66c7ca,23083,8.7288,143
7f5b3d87,27967,8.7315,143
441289b1,21903,8.7315,143
173e090a,21464,8.7288,143
6e6494ac,16271,8.7315,109
4630005e,25366,8.7315,143
1db3d7c5,21604,8.7315,143
7aa2fb20,9353,8.7315,73
30a9c12c,17529,8.7315,122
76dd1597,18286,8.726,122
7553f976,28745,8.7288,198
18457707,18534,8.7315,122
661b7582,25869,8.7315,143
7874b57b,22098,8.7315,143
12067b4a,22622,8.7288,143
21c8cb42,26707,8.7315,143
1c421d9c,17489,8.7315,122
41c0ac02,17142,8.7315,119
603d535b,17150,8.7315,119
7c816c5,22416,8.7315,143
b6a455d,4913,8.7315,1
50058742,27037,8.7288,143
4f8e588e,28305,8.7315,143
17f47632,24816,8.7315,171
45a37daf,19442,8.7315,122
40c5dfab,26035,8.7315,143
29a25e0,25427,8.7288,143
5b83d843,20423,8.7315,143
66f4a195,25151,8.7315,143
6b826128,30773,8.7315,198
2e06eddb,20929,8.726,143
6dbd0987,28411,8.7288,143
7271392f,28724,8.7315,198
a828d68,19748,8.7315,137
1373c1d6,25446,8.7315,143
1687030e,18729,8.7315,122
6d44f8b0,22224,8.7315,143
30fb0773,25142,8.7315,143
625525da,27662,8.7315,143
7333d1bd,25908,8.726,143
7ec3c37c,29833,8.7315,198
6fe53260,28466,8.7288,143
39ab2d63,2737,8.7315,29
507220d9,28456,8.7315,143
1ab9d31f,27599,8.7315,143
776a57cc,28536,8.7315,143
17d2a27e,21217,8.7315,143
1f2e30ca,24672,8.726,171
7bd81b76,20415,8.7315,143
56673cb5,23436,8.7315,143
2922c4d,28181,8.7315,143
2763cfe4,15484,8.7288,103
25205824,18441,8.7315,122
41b6a6d5,19033,8.7315,122
4a4d5aa1,10705,8.7315,81
592ee7e1,23688,8.7315,143
600b0fcf,29738,8.7315,198
474d8a92,27646,8.7315,143
67f54888,29574,8.7315,198
7187a1e9,21203,8.7315,143
5ab5ac51,26671,8.7315,143
17c91e87,21156,8.7315,143
bccef7c,18870,8.7315,122
47088f05,28639,8.7315,198
17f287b8,25260,8.7315,143
30287491,17422,8.7315,122
6fca7935,19498,8.7288,122
311ccbf,17303,8.7315,122
621b7f,17553,8.7288,122
64a19691,26225,8.7315,143
30b3ae1e,17283,8.7315,122
731d6b1e,18026,8.7288,122
4f22a799,26606,8.7315,143
5429f376,19690,8.7288,137
42dbfef6,22640,8.7315,143
5272ac31,18613,8.7315,122
4a2f78fa,19817,8.7315,122
10eb0049,9241,8.7288,67
d5a70ec,21377,8.7315,143
4a8e4652,25430,8.7315,143
7b571f51,25944,8.7288,143
3376a13a,21832,8.7315,143
6d756aa8,23756,8.7315,143
55711d82,17224,8.7342,119
169f2dea,18711,8.7342,122
10662172,25247,8.7342,143
560039fc,23711,8.7342,143
5558cb2f,18353,8.7342,122
b40b3b3,20015,8.7342,143
645f3f4c,21051,8.7342,143
408bdd5f,28432,8.7342,143
4593ff04,27549,8.7342,143
64edc8c6,17985,8.7342,122
128be193,21545,8.7315,143
52ad5202,23923,8.7342,143
1c58055a,23385,8.7342,143
1e0ecc2,22357,8.7288,143
5b514825,24003,8.7315,143
161bbda5,22676,8.7342,143
471c1be0,25991,8.726,143
4a3508e9,25320,8.7342,143
4c356b91,18561,8.7288,122
4a3cceab,27822,8.7342,143
1df41252,22146,8.7342,143
564962dc,25278,8.7342,143
34594abc,24600,8.7342,171
53d7d645,22342,8.7342,143
6e8c38ef,21025,8.7342,143
734ee860,18337,8.7342,122
d3c501f,22025,8.7288,143
60b4da03,23896,8.7342,143
6ff0ddba,26608,8.7342,143
6b7935cc,22436,8.7342,143
4aa3c14,21027,8.7288,143
46d74923,26337,8.7342,143
42088a40,18122,8.7342,122
2bfc92b6,18018,8.7342,122
9090550,22550,8.7342,143
c8dda83,27223,8.7342,143
5c96c2f9,25076,8.7342,143
5aca19a1,27038,8.7342,143
15ec596c,19508,8.7342,122
1c99c80d,4940,8.7342,1
540efd04,21843,8.726,143
3e656c76,20189,8.7342,143
34687d0a,23218,8.7342,143
433865d2,21485,8.7342,143
607d566c,23744,8.7288,143
756e90c9,17424,8.7342,122
2992343,9225,8.7342,67
739cc18f,16482,8.7342,109
20fd037,23297,8.7342,143
2cd92341,22706,8.7315,143
8cb282c,16661,8.7315,109
9a21924,26857,8.7342,143
426ab068,31611,8.7342,198
3e984e7a,28120,8.7315,143
13a74d06,17016,8.7342,119
6f439bcd,17312,8.726,122
76b1d438,25827,8.7342,143
61cfc376,16536,8.7342,113
1d58aaab,20774,8.7342,143
6e36d73e,23215,8.7288,143
16deded4,27128,8.7315,143
9956b0a,25642,8.7342,143
51c09561,29269,8.7342,198
9973740,27686,8.7342,143
69df70d8,19563,8.7288,137
4bb09bd2,29583,8.7342,198
4ccd41bb,23126,8.7315,143
7fbfd1da,23357,8.7342,143
1e8e6458,25629,8.7342,143
50e4d83a,26220,8.7342,143
347b5626,20416,8.7342,143
4dd038a2,21628,8.7342,143
2e937dfe,22678,8.7342,143
7d9ea699,17151,8.7342,119
3cd89144,24305,8.7342,143
1647df41,18004,8.7342,122
7379f306,20102,8.7342,143
6244d529,19093,8.7342,122
1eb8e595,17380,8.7288,122
2b710731,19328,8.737,136
53dbe1aa,27144,8.737,143
6f06d914,27658,8.737,143
36cb1d2c,27895,8.737,143
1520cc4b,20905,8.737,143
19faa9f4,19929,8.7342,122
40ed1da6,18669,8.737,122
2e215aea,20544,8.737,143
3d7089f1,25891,8.7315,143
54b61914,22106,8.7288,143
6de9518f,22376,8.737,143
21dcd42e,29605,8.737,198
710932a2,27635,8.737,143
59a10108,25823,8.7342,143
7d73f6dc,27933,8.737,143
44f5c782,20660,8.737,143
7cd1619c,29902,8.737,198
4f0e5020,20856,8.737,143
25ad5794,20151,8.7342,143
52871f3c,18792,8.737,122
33fdf0dd,23462,8.737,143
ecf29d2,27447,8.737,143
4111de68,24471,8.7342,171
2e7d2f3,18044,8.7342,122
2b055789,25150,8.737,143
77a2312c,26279,8.737,143
d417b3,29376,8.737,198
4ff96b5f,17315,8.737,122
4e41d436,17129,8.737,119
288cb783,21332,8.737,143
84554ae,18636,8.737,122
ce2756a,27513,8.737,193
1bf7610,20496,8.737,143
23fdb2ad,18499,8.7342,122
3c2bca9d,25057,8.7342,143
67b7ca7c,28304,8.737,143
1d423f6c,21218,8.7342,143
53649eb3,26471,8.737,143
3179d960,18532,8.737,122
68440119,17007,8.737,119
33089ef3,18182,8.737,122
6471ea22,16701,8.737,117
72b96e4c,20225,8.737,143
13785da,23384,8.737,143
13176119,22836,8.737,143
6cda08c2,18069,8.737,122
24de8089,10709,8.737,81
4f955eca,17279,8.737,122
6722e188,22901,8.737,143
5b0279b6,18370,8.737,122
b086097,22995,8.7342,143
6e8e1c32,29862,8.737,198
56d78b7f,22628,8.737,143
1e1345ea,16356,8.737,109
62a596,28267,8.7342,143
1adecd9e,27574,8.737,143
703831c9,15413,8.737,103
74801631,17301,8.737,122
61db5322,21742,8.7342,143
d85c0ba,29569,8.737,198
3c820eba,25388,8.737,143
4847b685,21120,8.737,143
733ebeec,28739,8.737,198
509d2021,25826,8.737,143
7cc60356,16355,8.737,109
94071d5,20771,8.7342,143
2844155e,21487,8.7315,143
6ee639b1,20972,8.737,143
f0f77cf,21781,8.737,143
114a1a15,21178,8.737,143
362ac227,27539,8.737,143
7a3abb07,19496,8.737,122
707ea34c,18722,8.737,122
4bb0383,22949,8.737,143
6460d2c9,21888,8.737,143
4b2dbfc1,26336,8.7342,143
2d45981e,28431,8.737,143
4e4c012b,17925,8.737,122
1a595ae0,18708,8.737,122
12b7a47a,17214,8.7342,119
360a6b22,20349,8.7342,143
7023da7f,27164,8.737,143
5656a00d,22097,8.7315,143
78bdb6b5,21724,8.737,143
570649ac,26063,8.737,143
b38d632,19915,8.737,122
33911ba,20975,8.7397,143
39188111,20608,8.737,143
5aad18f7,23584,8.737,143
4fb01509,21017,8.7397,143
2a1e6e7a,22549,8.7397,143
57f37221,23710,8.7397,143
652ba288,19477,8.7397,122
2a7ceb79,17856,8.7397,122
529ba30d,22671,8.7397,143
4122f791,17390,8.7397,122
3fe63bd0,16325,8.737,109
7e1f146,17857,8.7397,122
4a0be5e0,20460,8.7288,143
789e66fe,22828,8.7397,143
7628fa86,16181,8.7397,109
7ecb5ec4,17862,8.7397,131
6bfa8018,19991,8.7397,143
1197d80b,20036,8.7397,143
6058a20f,27830,8.737,143
51958848,28065,8.737,143
750cd1c0,17596,8.7397,122
4ac96539,20167,8.7397,143
6fa4feb5,17286,8.7397,122
120eecc1,26784,8.7397,143
3243a686,27419,8.7397,143
19fbd91,18049,8.7397,122
7ef036,21754,8.7397,143
4867f7da,17149,8.7397,119
7667f505,18800,8.7397,122
2d6a72f3,25790,8.7397,143
51e531fa,27319,8.7397,143
26ed94b0,11086,8.7397,77
51436e90,26079,8.7342,143
2fc073a1,9265,8.7397,67
5752fd42,9330,8.7397,73
1d50bb0c,26854,8.7397,143
683e777b,9356,8.7342,73
572d71d8,27191,8.737,143
7b5c4de7,21329,8.7397,143
3ba40723,22167,8.7397,143
23344380,28647,8.737,198
1f2b458f,25445,8.7397,143
60100f8,28192,8.7397,143
1d078204,16894,8.7397,119
1c2efa67,16962,8.737,119
596cd350,18653,8.7397,122
57640e45,23478,8.737,143
76d2a10f,27162,8.737,143
1dc49070,29916,8.7397,198
228d26cb,20290,8.7397,143
556c12f9,21909,8.7397,143
fab5a28,18677,8.7397,122
445b8e68,19819,8.7397,122
7115b7c0,17379,8.7342,122
5c655d84,17755,8.7397,122
6f82ab7b,21988,8.737,143
3a2dd6b9,21782,8.7397,143
221d375a,22114,8.7397,143
7e6a2f6e,16613,8.7397,109
4499aab,26390,8.7397,143
50851c85,17490,8.7397,122
1be95628,21665,8.737,143
34570b64,19693,8.7397,137
7c835387,17375,8.737,122
65510d95,27312,8.7397,143
15a94e23,23579,8.7397,143
49a09a6,28209,8.737,143
5513470b,25812,8.737,143
269eda57,23654,8.7397,143
59937ae6,25602,8.7397,143
6c1edc2e,22335,8.7397,143
657c2492,21976,8.7397,143
3fea0538,18851,8.7397,122
6be9ec5a,18023,8.737,122
d9b9927,18849,8.7397,122
248dc533,21660,8.7397,143
660bdf0e,23969,8.7397,143
9a7d532,25471,8.7397,143
2d886360,20319,8.7397,143
4f653f23,21883,8.7397,143
67e68fbf,18727,8.7425,122
5f2ddfe2,19856,8.7397,122
68149f70,19156,8.7425,122
55850d78,16261,8.7425,109
6696271,28220,8.7425,143
55a19e74,16964,8.7425,119
644299ed,12941,8.7425,77
2861750a,20847,8.7425,143
65d6e09d,22053,8.7425,143
312812c9,20342,8.7425,143
4d5a4238,25253,8.7425,143
3c5d906d,28016,8.7397,143
4c20ebfa,18345,8.7425,122
6fca1e51,19993,8.7425,143
724df8bd,20957,8.7425,143
3d4ad93d,27563,8.7425,143
6d44e801,27076,8.7425,143
26f0a168,16223,8.7425,109
3081d7d6,9357,8.7342,73
19771b71,21023,8.7425,143
1f22079b,17855,8.7425,122
721faa53,9354,8.7397,73
385150f1,26356,8.7425,143
1b895d72,18236,8.7425,122
3a8471e1,18878,8.7425,122
35c609d0,26906,8.7425,143
7220141,25776,8.7425,143
1fa55a39,1846,8.7425,24
5691ae1a,17203,8.7397,119
4f83c650,16911,8.7425,119
4a0edef9,29624,8.7315,198
5d31e6f0,23967,8.7425,143
68b6232,17556,8.7397,122
57eb85f5,15412,8.7425,103
6bae60e7,27934,8.7425,143
6a14e489,19267,8.7397,122
6da6f8b1,12731,8.7425,77
39fa1d04,28105,8.7425,143
64bd62fb,21241,8.737,143
182ced3e,19564,8.7425,137
6f7287b4,24253,8.7425,143
20fa0e6b,20350,8.7397,143
490c2fa0,28024,8.7425,143
77437be5,18686,8.7425,122
1e384a34,23895,8.7425,143
6537fef0,20640,8.7425,143
111d49b2,26153,8.7425,143
6aa92302,17036,8.7425,119
6d9f1e1,21462,8.7425,143
5aec72e4,28576,8.7342,143
2147f0d2,26082,8.7425,143
25566cb,16404,8.7425,112
4bcac999,27201,8.7425,143
7288f956,27249,8.7425,143
6cd746b5,25309,8.7425,143
451d16da,22193,8.7425,143
580689e1,25101,8.7425,143
6df189fe,26169,8.7397,143
7bf5c9ea,20844,8.7425,143
3bc5981b,21614,8.7425,143
43dfcd4e,28699,8.7397,198
1643f27f,27908,8.7425,143
7a6638d7,30774,8.7425,198
1bb9f01c,18973,8.7425,122
cabb630,28265,8.7425,143
5726dd0,21368,8.7425,143
4e994d29,19476,8.7397,122
1a746df6,23070,8.7425,143
4b3f52be,27838,8.7425,143
5db5bae4,25345,8.7397,143
59c1447e,18050,8.7452,122
60e3996d,20659,8.7425,143
51788d6d,17473,8.7452,122
21ea6f3c,25045,8.7452,143
63b29adc,18253,8.7452,122
72db3dcb,24005,8.7425,143
17982b45,26211,8.7452,143
1b090d45,25297,8.7452,143
69e81297,25933,8.7452,143
42f64f04,23362,8.7452,143
335802cc,18457,8.7452,122
606842c7,22145,8.7452,143
493d98f7,25056,8.7452,143
68fc4920,18005,8.7452,122
1e0c224a,20641,8.7425,149
394370bb,19535,8.7452,137
39eb1ceb,27634,8.7452,143
4afe4b3d,22181,8.7452,143
68a246df,28066,8.7452,143
4dfd911c,19637,8.7452,137
6f99e6b0,19527,8.7452,137
4bf04e57,21775,8.7452,143
5786efdd,20767,8.7452,143
2d68df4c,30299,8.7452,198
c3cce8c,28478,8.7452,143
3863e459,22580,8.737,143
2c3015dd,22172,8.7452,143
4c28ef81,22855,8.7397,143
2751dbf7,22629,8.7452,143
5ed91b7b,19303,8.7425,122
4d73393f,25087,8.7452,143
614153b1,20293,8.7452,143
3b79c88,22627,8.7425,143
6a9efcff,17782,8.7452,122
43b91c38,20499,8.7425,143
17d77fb1,22169,8.7452,143
7ce07a21,19682,8.7452,137
61041846,27434,8.7452,143
6a579082,28006,8.7452,143
46d1408e,22148,8.7452,143
391f1b07,19852,8.7397,122
7898f24a,18667,8.7452,122
2e9dae5b,17306,8.7452,122
14407cf0,17575,8.7452,122
62045e36,27010,8.7425,143
2302a652,21588,8.7425,143
27c3c89e,21602,8.7425,143
15929f97,20619,8.7452,143
b5364f4,16760,8.7425,109
1cb70ada,17387,8.7452,125
5f1b8061,16696,8.7452,117
1f2e805a,28364,8.7452,143
292885db,25946,8.7452,143
dedbbfe,24147,8.7452,143
ef62aaa,26529,8.7452,143
65b1577e,23678,8.7425,143
8da004e,21064,8.7452,143
34b21fd5,27829,8.7397,143
688878e0,24160,8.7397,143
5794ac21,19044,8.7452,122
38711b0a,17736,8.7452,122
6071b43a,19731,8.7452,137
4b159fac,28572,8.737,143
3992d74b,23348,8.7452,143
3b800257,9256,8.7479,71
98b2238,19694,8.7479,137
64369757,21024,8.7452,143
3b98c82,27794,8.7452,143
2cbe2b31,21678,8.7479,143
7c74567c,28395,8.7479,143
704a7c4d,25058,8.7479,143
2c28fa8a,22849,8.7479,143
696fe7ad,9348,8.7479,73
633aae11,20388,8.7479,143
174e2142,20583,8.7479,143
3e00e6e4,17650,8.7479,122
4fb0aaf9,20103,8.7479,143
601980ee,27403,8.7479,143
b0edacd,22644,8.7479,143
2c811180,19622,8.7479,137
3df2a79b,17023,8.7479,119
47c5107,28626,8.7479,198
4b78d0fb,16262,8.737,109
28ceaf96,25495,8.7452,143
7ddf7f7f,18558,8.7479,122
55ebc0f0,27124,8.7479,143
bed7323,21267,8.7452,143
7d8d6ba9,16359,8.7479,109
1b1ff976,18779,8.7479,122
201d1162,16249,8.7479,109
46f0579c,23151,8.7479,143
4d97f3f2,18464,8.7479,122
5b5119ca,25165,8.7479,143
3f619f9f,26124,8.7452,143
7be96358,19683,8.7479,137
99317b4,21849,8.7479,143
5a5fd005,22626,8.7479,143
69f131b6,21168,8.7479,143
59b27c73,26046,8.7479,143
20387d56,19172,8.7452,122
488dee46,26062,8.7452,143
6c76c0aa,17554,8.7479,122
c6a3013,9197,8.7479,67
46f18409,24334,8.7479,143
6129bd4f,27959,8.7452,143
be3e2,20025,8.7479,143
3b804250,21124,8.7479,143
6637079b,30484,8.7479,198
2cac1698,16721,8.7479,109
c31587,25100,8.7452,143
3968550d,22055,8.7479,143
67bd9664,18862,8.7479,122
2be954dd,27963,8.7452,143
331e130a,18051,8.7479,122
4825f859,24303,8.7425,143
43a0498f,9268,8.7479,67
189edb57,28372,8.7479,143
228ea29a,22831,8.7452,143
4019c013,19329,8.7479,122
614b7382,28210,8.7479,143
6cbb8c2,22501,8.7479,143
47e675a5,21928,8.7479,143
10ab95b1,27798,8.7479,143
2ac63345,25494,8.7479,143
3c618f2b,25403,8.7479,143
71109377,15535,8.7479,103
52f9bad,17937,8.7452,122
49e590a4,18465,8.7425,122
52a2dec6,26410,8.7479,143
275c74ce,27968,8.7479,143
5e57717b,12957,8.7452,77
4baa004,17471,8.7479,122
3b52baa5,20858,8.7479,143
7f4217e7,29745,8.7479,198
5ec58478,22434,8.7452,143
706c9a97,18472,8.7479,122
2fc5c53c,28537,8.7479,143
1f7e4652,28103,8.7479,143
436841a6,27832,8.7479,143
60e5abd7,21844,8.7425,143
31fcebf7,17377,8.7479,122
2550777d,19524,8.7479,137
4871e953,23785,8.7479,143
366a8825,17965,8.7425,122
4915f48a,27739,8.7479,143
3e71367d,21686,8.7479,143
1f600d0c,23069,8.7479,143
411bdb15,23515,8.7479,143
392d6a02,20791,8.7479,143
4aca5bac,26831,8.7479,143
7ed12705,18251,8.7479,122
18862df1,17744,8.7479,122
7114b80,29573,8.7425,198
e4e752,25777,8.7479,143
553e5c1a,21201,8.7479,143
22a0a0b7,21403,8.7479,143
b60f8b7,22482,8.7452,143
620ef10,22339,8.7479,143
580e7bf4,17024,8.7479,119
21d9ad42,16514,8.7507,113
6db04d6,16671,8.7507,109
af2e1fa,19641,8.7507,137
b2bc7db,18782,8.7507,122
67f4c841,19721,8.7507,137
9b71e8e,27627,8.7479,143
39d78ddd,27575,8.7479,143
2437562c,27606,8.7507,143
7177486e,19195,8.7507,122
300020c1,21126,8.7507,143
35bcfa79,22298,8.7507,143
2b244cd4,17830,8.7507,122
605b45e6,17381,8.7452,122
516c6704,27448,8.7507,143
3d13062,12982,8.7507,77
a9a8e20,24375,8.7479,143
30549ee0,16521,8.7507,113
2328ba9,5416,8.7479,50
86af9ad,20432,8.7507,143
56df9d0e,29377,8.7507,198
42e8aaab,18318,8.7507,122
54111e9c,20292,8.7507,143
be92222,28337,8.7425,143
2174f9bc,28586,8.7507,143
264ea2cb,17713,8.7507,122
7a77bd60,25840,8.7507,143
38cd683e,28396,8.7507,143
36601f87,18046,8.7507,122
54a49fe9,22028,8.7507,143
d935c5e,20294,8.7507,143
3e72df82,26825,8.7507,143
6d796a7d,22899,8.7507,143
2aa2560f,18652,8.7507,122
79fd57fd,22208,8.7507,143
515b198f,17986,8.7507,122
7757bb5b,12935,8.7507,77
4ffd8990,27663,8.7507,143
5c2c6d2d,20431,8.7507,143
55329046,17349,8.7507,122
1f7564d8,19996,8.7507,143
3ce7dfaf,21860,8.7507,143
39d981b,19914,8.7507,122
426c888e,27207,8.7507,143
768b77bf,19820,8.7507,122
7493d466,19414,8.7507,122
1b21d7af,23261,8.7507,143
3d2f04bd,25210,8.7452,143
10b4ba28,19924,8.7507,122
7aee7cbc,23039,8.7507,143
6f6750e1,21714,8.7507,143
2a28ab5c,23121,8.7507,143
1f7821cb,19623,8.7507,137
68692838,28729,8.7507,198
16faa504,28740,8.7507,198
4228400,29737,8.7452,198
43cf1f62,26582,8.7507,143
2c523e0c,25569,8.7507,143
727a3434,17280,8.7507,122
6abc98c5,22044,8.7479,143
70c78264,20108,8.7452,143
316b6dfa,25552,8.7507,143
ae440ba,20631,8.7507,143
37fbbdb4,16360,8.7507,109
1483e4eb,23447,8.7507,143
7e6d5f3c,17170,8.7507,119
56a431db,31417,8.7507,198
783f1aaa,28743,8.7507,198
3cd820a6,19504,8.7507,122
61c3cdc3,25910,8.7507,143
37772f6a,16672,8.7479,109
23771207,20240,8.7507,143
54aad55b,27109,8.7507,143
290a0278,24333,8.7507,143
2708644c,25870,8.7507,143
3c74bd80,25367,8.7507,143
3ef6b758,25962,8.7507,143
47167b3c,16694,8.7507,117
23d85d96,28076,8.7507,143
4954b52d,25771,8.7479,143
6f83a660,19662,8.7507,137
3ad96cd0,18780,8.7507,122
53f2a364,20753,8.7507,143
123f3216,23216,8.7507,143
319e50a4,20772,8.7507,143
45a50230,28119,8.7507,143
24f0c3ff,30008,8.7479,198
1666e53e,20546,8.7507,143
7b3fc140,19505,8.7507,122
59f21ae3,26526,8.7507,143
78cfe1ec,25156,8.7507,143
5921a4de,19538,8.7534,137
5c915b7b,17987,8.7534,122
157d6708,26152,8.7534,143
249bd2aa,18302,8.7534,122
123a24ca,26122,8.7534,143
46696507,22692,8.7534,143
1075b432,23880,8.7534,143
6ecec413,18017,8.7534,122
2d91a174,16644,8.7534,109
155cb8a8,16202,8.7534,109
ca897ec,27181,8.7534,143
205db89c,19173,8.7534,122
1db45c81,24332,8.7507,143
f319bdc,18032,8.7534,122
542fd78,26012,8.7507,143
7dd082c5,31252,8.7534,198
257876a5,16195,8.7534,109
68acb3ce,22092,8.7534,143
57c3ba0e,27313,8.7534,143
45f824b3,25605,8.7507,143
23d3aff7,23271,8.7534,143
2eec5a80,27176,8.7534,143
64b58699,28182,8.7534,143
606ceb00,17477,8.7507,122
5e7e5ced,3181,8.7534,1
120a25f8,26974,8.7534,143
5a43f86e,19525,8.7507,137
79f647f9,28741,8.7534,198
3c59627e,27578,8.7534,143
3e96554,27193,8.7507,143
71c58aba,24096,8.7534,143
3223449f,21544,8.7534,143
77e65a3d,26307,8.7534,143
48d25b6a,12940,8.7534,77
2b2c1648,26076,8.7534,143
76e1d9cd,18728,8.7507,122
5e4e6c32,23582,8.7534,143
1bbcf274,20295,8.7534,143
45ecf8f3,22543,8.7534,143
5069391d,25531,8.7507,143
283ead6c,22882,8.7534,143
5bc7ba5,17560,8.7534,122
796f1634,21370,8.7534,143
60d769d5,27475,8.7534,143
44f419a1,20481,8.7507,143
3d5ffd6e,28700,8.7534,198
5b58d833,28342,8.7534,143
5a87abda,19916,8.7507,122
1c5e89e,19443,8.7534,122
4333d145,20422,8.7534,143
5eb70050,23679,8.7534,143
3989a927,26389,8.7534,143
17262790,18384,8.7534,122
45b92bac,28479,8.7534,143
4a4275c8,16738,8.7534,109
48dc9ac5,23851,8.7534,143
58250d64,23290,8.7534,143
7fe3aea,27365,8.7534,143
7e99bb57,18056,8.7534,122
272c7d79,18946,8.7479,122
151fb05,18314,8.7534,122
ff0caf6,24174,8.7534,143
716f8866,18802,8.7534,122
421fd61f,18287,8.7534,122
61cbc90,19034,8.7534,122
89be685,17610,8.7534,122
53a7348,19506,8.7534,122
5ab23147,22226,8.7534,143
dca5b5a,25300,8.7507,143
2029ca24,27345,8.7534,143
53e6bfbe,28067,8.7534,143
5b3cd998,24290,8.7534,143
2d756f33,27600,8.7562,143
5bb10de2,19178,8.7562,122
66865bd3,9276,8.7562,67
3949dcd2,26193,8.7562,143
2d337a02,25532,8.7562,143
484327a,16291,8.7562,109
7bfc3c27,29571,8.7562,198
20ec92e,31330,8.7562,198
3669e364,16722,8.7507,109
5682427f,25764,8.7562,143
1ad71d5b,15013,8.7562,103
215aab31,20101,8.7534,143
79e8e1f1,18948,8.7562,122
4685a82,23707,8.7562,143
70dba498,15134,8.7562,103
340e9146,19269,8.7562,122
40f9a7d5,19330,8.7562,122
6035902,18781,8.7562,122
2bd1c23e,19448,8.7562,122
6b95e2a3,19128,8.7562,122
66df370b,20072,8.7562,143
7a08b99b,28421,8.7562,143
5f6d44d6,21095,8.7562,143
1ba92562,20038,8.7562,143
4513e73,28460,8.7534,143
3baa9b03,12961,8.7562,77
e542354,26143,8.7562,143
5c0485c9,3927,8.7562,43
512b8a9c,19959,8.7534,122
3e366139,22191,8.7534,143
1157bb28,19190,8.7562,122
69054e06,19464,8.7534,122
64f746d0,2342,8.7562,27
69c5dcde,16477,8.7534,109
4567a435,19497,8.7507,122
6d1a7e1,17084,8.7534,119
58ceb02d,22909,8.7562,143
1faab4c6,20823,8.7562,143
6794fd0a,18076,8.7562,122
6c71b0b6,22040,8.7562,143
35f0594c,17287,8.7562,122
41132acd,20264,8.7562,143
4be97a60,25553,8.7534,143
2afc97ab,29198,8.7562,198
7261957b,31320,8.7562,198
54c74958,28369,8.7562,143
547d03da,19532,8.7562,137
1af29731,18899,8.7562,122
64c61359,19808,8.7562,122
a250b10,27344,8.7562,143
367aaa5d,26909,8.7534,143
38bfe8bc,26163,8.7534,143
6c376829,22171,8.7507,143
4ee88334,17505,8.7562,122
2da3e0f6,22642,8.7562,143
6a9e17f6,27643,8.7562,143
3dbf5cac,26455,8.7562,143
3744990c,18844,8.7562,122
5d27b42,25604,8.7562,143
1fe9eda9,23776,8.7534,143
58f498c4,19264,8.7562,122
4bebf62f,25641,8.7562,143
5df59c7b,17702,8.7562,122
da1b6c9,26796,8.7534,143
71ef2d01,15586,8.7562,103
65a1e79d,20497,8.7562,143
1446a916,26590,8.7534,143
18946791,28517,8.7534,143
391a151f,30512,8.7562,198
14d142a9,20317,8.7562,143
1cdef217,18383,8.7562,122
5b04e2,22661,8.7562,143
76a9631e,25498,8.7562,143
13fbeba1,20930,8.7562,143
57866ac4,22592,8.7562,143
495cbe97,21378,8.7507,143
7baef20a,19217,8.7562,122
117ee29b,26064,8.7562,143
22f9a3e1,20620,8.7562,143
1ff58533,29577,8.7534,198
2b009ad8,23898,8.7534,143
7bc10c43,28222,8.7562,143
5745adaa,19447,8.7562,122
384cea08,22359,8.7562,143
ba33c2f,26828,8.7562,143
78739a0c,25279,8.7562,143
2215055,17207,8.7562,119
5de2f6b3,22707,8.7562,143
4f32fb64,23474,8.7562,143
5c1a2e,17941,8.7562,122
2bf5bb74,20566,8.7562,143
23def5a7,19507,8.7562,122
69c3c801,9307,8.7562,72
23b40552,27988,8.7534,143
3172f786,29949,8.7562,198
375ac4c7,20009,8.7562,143
63fd7c46,20559,8.7562,143
140923f8,28092,8.7589,143
9a80ac4,21712,8.7589,143
32613838,27842,8.7589,143
423925a8,23975,8.7589,143
53fcbe4f,25176,8.7589,143
5bebf73a,27404,8.7589,143
fe106fc,12937,8.7589,77
620195c,23995,8.7589,143
3dbb4158,24201,8.7562,143
b838e66,20925,8.7589,143
f55fa0b,19768,8.7589,137
62ca2481,26801,8.7589,143
9b9f844,24809,8.7589,171
6eefd9aa,18820,8.7589,122
79089aaf,27700,8.7589,143
74622d42,18947,8.7589,122
2a986a44,29267,8.7589,198
59adb227,16361,8.7589,109
1f901a8e,21725,8.7589,143
fa2b25f,19200,8.7589,122
32428ce6,29750,8.7562,198
16222c0e,17936,8.7589,122
64a3c03,18746,8.7589,122
1991122e,28541,8.7589,143
3bb7b09,22170,8.7589,143
25b8f224,20303,8.7589,143
521e5b96,22168,8.7589,143
724568b4,16321,8.7589,109
635414b0,20463,8.7589,143
3b6f58e0,21658,8.7562,143
5924b47b,1883,8.7589,24
fd6723,17533,8.7589,122
1ec4a9aa,9174,8.7562,67
434f0218,23789,8.7589,143
11536844,20046,8.7589,143
226fac9,22883,8.7562,143
7e5d019a,17376,8.7589,122
1572b50d,27907,8.7589,143
2e163a79,28471,8.7589,143
1b536dc0,28077,8.7562,143
d94eee1,12580,8.7589,77
4d2535f9,28734,8.7589,198
d65cff1,18052,8.7589,122
125ec3ef,25280,8.7589,143
d4ef883,25761,8.7589,143
1294dea1,22589,8.7589,143
6c3840a3,24286,8.7562,143
38e09b1c,25559,8.7589,143
4290f663,20584,8.7589,143
76c55946,27823,8.7589,143
2850e0ac,10706,8.7589,81
1454b6c1,25934,8.7562,143
513269c6,19382,8.7589,122
de115cf,20343,8.7589,143
229bc15f,23877,8.7534,143
13489973,18223,8.7589,122
543c9609,28229,8.7589,143
285134e8,26498,8.7589,143
7f85a390,24287,8.7589,143
1be3a873,17990,8.7589,122
2bdff9d8,18055,8.7534,122
a086e3f,18871,8.7589,122
5843c5cd,19911,8.7589,122
5ee55e86,26979,8.7589,143
aa07dbb,28846,8.7589,198
43109346,18968,8.7589,122
715e240b,26399,8.7589,143
781ad23e,18834,8.7562,122
6758b915,22880,8.7562,143
3fd7e4d8,27080,8.7589,143
60e9f90d,27980,8.7589,143
6097e767,20461,8.7589,143
4e325269,21605,8.7589,143
4ec39e53,9331,8.7589,73
614d3717,23284,8.7589,143
3ebe4886,16678,8.7589,109
6243f422,20617,8.7589,143
385da3b3,27833,8.7616,143
5457a947,23942,8.7616,143
746b3646,17017,8.7589,119
9f43e0d,21884,8.7616,143
3f9bd13b,18660,8.7616,122
3c9aebc7,16397,8.7616,112
2ec337f2,23108,8.7616,143
6a8ebd40,22679,8.7589,143
477a7f51,20057,8.7616,143
6fd635e5,30007,8.7562,198
ea5232d,28183,8.7616,143
115efb04,20525,8.7589,143
5ca9e89,24200,8.7589,143
5b6deac8,20567,8.7616,143
7cf616c3,22804,8.7616,143
1a164482,19357,8.7616,122
4bf9af9f,27914,8.7616,143
2772e29a,18845,8.7616,122
7ff62782,30289,8.7616,198
337a76b1,27666,8.7616,143
1be01608,19179,8.7616,122
1d63d7bc,22071,8.7616,143
53e739a5,16491,8.7616,109
33c81296,17543,8.7616,122
280312b1,17472,8.7562,122
2b5eee3a,19503,8.7589,122
419ed0e5,17314,8.7562,122
32b136e2,18288,8.7616,122
2972c9f,23217,8.7616,143
5e643dc9,20099,8.7616,143
694ac718,25518,8.7616,143
693fc7f0,19177,8.7616,122
5a920b4c,21132,8.7616,143
164a356b,21204,8.7616,143
298752bd,20981,8.7616,143
53ddea14,25791,8.7616,143
1659806b,21190,8.7589,143
14fb7c69,23189,8.7616,143
7fad6f1,28153,8.7616,143
168840d1,26404,8.7589,143
2a39855e,23971,8.7616,143
65eeac44,29570,8.7616,198
3472a356,16292,8.7616,109
60a8e3c1,24873,8.7616,171
65d89ff,18617,8.7616,122
164199fc,19758,8.7616,137
6e96481c,16761,8.7589,109
3788e071,20210,8.7616,143
1019abaa,18434,8.7616,122
7a61da27,24187,8.7616,143
60f532ee,27250,8.7616,143
108ecde9,25917,8.7616,143
4d9770a9,26080,8.7616,143
39d32bde,12575,8.7616,77
70f81c48,9286,8.7616,67
167f663b,22856,8.7616,143
609b5e65,20482,8.7616,143
40360473,12939,8.7616,77
1d3fb4e7,18671,8.7616,122
27eda953,16488,8.7616,109
63e09d50,17714,8.7616,122
57083441,21465,8.7616,143
45d53383,20527,8.7616,143
25ad3f52,25261,8.7616,143
6fc0ad85,20568,8.7616,143
797c2600,24149,8.7616,143
15595b87,20274,8.7616,143
5942b1d1,17130,8.7616,119
330483f9,11718,8.7616,85
2b50efbf,21461,8.7616,143
748a0c31,23976,8.7616,143
388af748,20071,8.7616,143
3079fb3,23405,8.7616,143
27c8f066,28742,8.7616,198
48177360,23690,8.7616,143
528c8361,27146,8.7616,143
6d497484,20237,8.7616,143
d62f28b,18100,8.7616,122
7e9d0c34,20318,8.7616,143
483c1f0d,25596,8.7644,143
6ef7afda,17604,8.7644,122
258a559,21589,8.7644,143
741bfe25,16653,8.7644,109
6271a03e,22700,8.7644,143
113d8cca,20341,8.7644,143
4a1d0f0a,15587,8.7644,103
1947f0ec,19150,8.7644,122
3206df37,21910,8.7644,143
5d19f919,22590,8.7644,143
7fdec8ef,18866,8.7616,122
59b88768,22360,8.7644,143
5d43140f,21739,8.7644,143
4f00ff8f,26933,8.7644,143
4690cf30,12942,8.7616,77
5b8e934d,27225,8.7644,143
1e28175f,26373,8.7644,143
561c6f92,16740,8.7644,109
16b5d32e,20529,8.7644,143
6f3784ba,27112,8.7616,143
398e2e4e,18350,8.7616,122
674244cf,23286,8.7644,143
5217c74a,21965,8.7644,143
6a035285,17384,8.7644,122
2237edd5,18027,8.7644,122
57a6b160,18936,8.7616,122
3be71149,29581,8.7644,198
4b80ebca,20651,8.7616,143
5644fe2a,18559,8.7616,122
641f07b8,27425,8.7644,143
348b7833,28033,8.7644,143
37654ab2,26584,8.7644,143
7bf7392f,25007,8.7644,143
ab33dd5,20331,8.7644,143
65969650,17208,8.7644,119
783b708a,19038,8.7644,122
3a4710e3,19578,8.7644,137
2989cfeb,25858,8.7644,143
787cf89c,18299,8.7644,122
5be07839,21422,8.7644,143
59a2abae,20831,8.7644,143
3e33c1e6,20802,8.7644,143
219466a4,17240,8.7644,119
796df31f,27320,8.7644,143
35dec847,19992,8.7616,143
154213eb,16965,8.7644,119
1761f6a1,24288,8.7644,143
15302272,20588,8.7616,143
1021a59,20792,8.7644,143
42dd76ce,22041,8.7644,143
4705e835,16227,8.7644,109
5f49ca8a,23088,8.7644,143
4e88d3e8,20557,8.7644,143
674aa7f1,17910,8.7644,122
f66af6d,21991,8.7616,143
1eea2991,18670,8.7644,122
2432e627,25519,8.7644,143
1e15380b,23285,8.7644,143
517c3cf9,26128,8.7644,143
39b688fc,9349,8.7644,73
d70fa41,20430,8.7534,143
7ee1ef56,9260,8.7644,71
6a43a4e7,29500,8.7644,198
18dfd880,25299,8.7644,143
59f37456,26804,8.7616,143
6e91da03,25395,8.7644,143
48bd384c,17531,8.7616,122
5e3ab8dc,20131,8.7644,143
29294b60,25086,8.7644,143
6b3adbd7,23364,8.7644,143
b9b5571,17641,8.7644,122
ece086,30005,8.7644,198
63fdd9b0,24803,8.7644,171
5ea4527b,17639,8.7644,122
fc5a403,26754,8.7616,143
684a8dad,10690,8.7644,81
1d035c47,25631,8.7589,143
193c4802,17038,8.7644,119
3b7b029a,24031,8.7644,143
7e0c7bd,20980,8.7644,143
5d077b9d,23824,8.7644,143
26005467,25813,8.7644,143
1f8e38b5,19151,8.7671,122
44d007cc,19536,8.7644,137
226d4758,27188,8.7671,143
6ea8c1e,27039,8.7671,143
24abfab9,28515,8.7671,143
60816787,24491,8.7671,171
289ebb48,18233,8.7671,122
7a464839,19475,8.7671,122
1c30bfa,20545,8.7644,143
3c12186a,23558,8.7671,143
6a15f91a,22225,8.7671,143
378c5beb,18900,8.7671,122
7fc3daa3,19102,8.7644,122
66c6927a,16297,8.7671,109
235e7a91,26216,8.7671,143
76583e12,28577,8.7671,143
172ff4b8,18338,8.7644,122
45a8f165,23897,8.7671,143
157281b3,1519,8.7616,19
22ed85a1,30485,8.7671,198
1e93c2d,2272,8.7644,22
4a8f3f70,22772,8.7671,143
48aedc9d,17339,8.7671,122
4950a322,19202,8.7671,122
34192c10,26167,8.7671,143
aed443a,25342,8.7671,143
4668bff6,22591,8.7644,143
367f87d8,23157,8.7671,143
4b7b54ab,25447,8.7671,143
2bd7056a,26785,8.7671,143
28c398e9,21629,8.7671,143
617b896e,23084,8.7671,143
62488b6e,19408,8.7671,122
73075580,18680,8.7671,122
6068e2df,18889,8.7671,122
54d83aeb,28439,8.7671,143
72edc8e5,20250,8.7671,143
3b8f286d,25059,8.7671,143
1cd64bd9,21718,8.7671,143
9cc25ca,20437,8.7644,143
15fa6ef6,27390,8.7671,143
45dadb40,20924,8.7671,143
5774f064,25141,8.7671,143
7952e1d0,25704,8.7671,143
57132856,16723,8.7671,109
27940500,18477,8.7671,122
49263c43,23625,8.7671,143
1be66673,26833,8.7644,143
5579acc1,20148,8.7671,143
52420f6b,15014,8.7644,103
2a7ee544,17479,8.7671,122
283db86,29911,8.7589,198
5493db78,27114,8.7671,143
1a8470b3,16263,8.7671,109
58ff0ddf,18265,8.7671,122
30105f74,17609,8.7671,122
4158c3a6,18024,8.7671,122
5f68741,16474,8.7671,109
19352392,17692,8.7671,122
208dc9ef,25916,8.7671,143
742ef49f,21192,8.7671,143
3cb9d4,16605,8.7671,109
31c1ea1d,29733,8.7671,198
1586604,23818,8.7671,143
4f541571,18879,8.7671,122
44cad60d,28280,8.7671,143
2ac3e756,12875,8.7671,77
14ec6111,22873,8.7671,143
56464dce,20768,8.7671,143
708f88d,26375,8.7671,143
39d635ea,19892,8.7671,122
c9a8cd1,29625,8.7671,198
7b0980ba,21932,8.7671,143
1fc59a28,27548,8.7671,143
37c4040b,27459,8.7671,143
17b4955f,9269,8.7671,67
4f907f7c,31356,8.7671,198
78ab2a64,21020,8.7644,143
4b0ceb83,18932,8.7671,122
782181d0,24037,8.7671,143
34866a37,22874,8.7644,143
155f9ec9,24006,8.7671,143
39a33f12,26806,8.7671,143
4d7806f7,27896,8.7616,143
4aa80abd,24304,8.7671,143
493410f,25394,8.7671,143
23e87cf7,22283,8.7671,143
3139c37,26129,8.7699,143
ed16d1c,16895,8.7671,119
735b45fe,28044,8.7699,143
4266399,28118,8.7699,143
64c9b82e,25833,8.7699,143
7ba462a4,30701,8.7699,210
7e184941,24306,8.7699,143
4995c7b0,15136,8.7699,103
77104dfa,23438,8.7699,143
60b40e64,27053,8.7699,143
38ddf194,28642,8.7671,198
4b3f58f,21659,8.7699,143
63fc0aee,19945,8.7699,122
7c2cacaa,26797,8.7616,143
5e63dc4a,23996,8.7699,143
23fbefdb,22733,8.7699,143
74fdfb61,21596,8.7699,143
6ff977fc,26374,8.7699,143
6cd1bb97,19663,8.7699,137
102804e1,20241,8.7644,143
b15d376,20371,8.7699,143
2f77037f,26625,8.7699,143
d259fb5,23680,8.7699,143
4e9b0805,21791,8.7699,143
1ec4123b,17324,8.7699,122
3befecf6,16881,8.7699,119
2c147c0f,1803,8.7699,24
6fc5299a,21221,8.7699,143
3ad992a8,27797,8.7699,143
4321a02,18466,8.7699,122
40fece2e,27502,8.7699,143
4f05363a,4806,8.7671,1
393fa1a0,18648,8.7699,122
2d494e8f,18491,8.7699,122
2991161b,27175,8.7699,143
1b706ab6,24176,8.7699,143
7da23b04,26335,8.7699,143
3954a7b1,26123,8.7699,143
5e8ebb22,16527,8.7616,114
46334f9f,30884,8.7699,198
2a253646,19478,8.7699,122
3650659c,19953,8.7671,122
1d2c8fdf,19863,8.7671,122
a2b8943,22299,8.7671,143
413f6452,25424,8.7699,143
6b3bb20a,4513,8.7699,1
422bed35,17100,8.7671,119
77621c69,18071,8.7671,122
ec9372d,25630,8.7671,143
34eecf52,22358,8.7671,143
29b1debf,21330,8.7699,143
4e571eb4,21546,8.7671,143
7c56a2e9,19213,8.7671,122
9e0280c,22054,8.7699,143
4bb6e23d,16392,8.7699,109
6cd599d2,28296,8.7699,143
1a019842,22881,8.7699,143
12a96346,17383,8.7644,122
6dc43a76,20291,8.7699,143
6e72dc24,26226,8.7699,143
2e29d331,9350,8.7699,73
5ab1415e,19280,8.7699,122
387c8d3e,26378,8.7699,143
61166a24,23586,8.7699,143
544541b0,19052,8.7671,122
19fd19de,16741,8.7699,109
79ade18b,25175,8.7699,143
256486fd,27998,8.7699,143
77719f3f,19181,8.7699,122
6335be6,27543,8.7699,143
46c8233d,22708,8.7699,143
10845312,23387,8.7699,143
11567c91,30483,8.7699,198
6aa591e3,26672,8.7699,143
76551b3a,26904,8.7699,143
44fbca21,18352,8.7699,122
66eb94db,26786,8.7699,143
76392c9e,26224,8.7671,143
58036470,28587,8.7671,143
20873b6c,23708,8.7699,143
7ed5788d,26142,8.7699,143
64650fb4,17035,8.7699,119
5e1212af,24810,8.7644,171
47570e5a,22895,8.7671,143
1213172d,21788,8.7699,143
5ec7b274,18239,8.7699,122
100e5469,19809,8.7699,122
6f54adec,30482,8.7671,198
65f47554,28406,8.7699,143
6c33f8c,17322,8.7699,122
428a213f,21358,8.7699,143
500f42d7,22865,8.7699,143
2efd7481,28087,8.7726,143
6865eadf,29763,8.7726,198
7b055be8,20104,8.7726,143
77458700,25434,8.7699,143
7738724f,23705,8.7699,143
32245955,23130,8.7699,143
75507edc,21919,8.7726,143
2e768af1,19318,8.7726,122
1a682f7a,19380,8.7699,122
a962393,21956,8.7726,143
7cc60a83,24824,8.7726,171
667d26e8,18560,8.7644,122
3db5d6a2,20373,8.7726,143
604e03c,27125,8.7726,143
4ada606d,21059,8.7726,143
3a42b3c2,30386,8.7726,198
459f45b8,16206,8.7699,109
560c8b6f,27147,8.7726,143
2bf5a0b1,18084,8.7726,122
77289492,27975,8.7726,143
6e685b12,29168,8.7726,198
516561e2,15155,8.7726,103
6380df52,24391,8.7726,143
7ef5b65a,16882,8.7726,119
50bf5bb4,18724,8.7726,122
7c233a7a,25169,8.7699,143
6b33e6d,21160,8.7726,143
63ac0ba6,28588,8.7726,143
49e49e9c,23706,8.7726,143
2cf18d30,20845,8.7726,143
6bb6002a,27774,8.7726,143
332e8e95,17555,8.7726,122
30dc426d,18125,8.7726,122
5da12a94,25119,8.7726,143
7d19b41d,17993,8.7726,122
3a04c70d,18315,8.7726,122
6819250a,12974,8.7726,77
3cb84717,18298,8.7726,122
cb1b5c1,20589,8.7699,143
109127f5,28078,8.7726,143
31816198,25860,8.7726,143
4f7f1840,20438,8.7726,143
4ee1b3d3,23545,8.7726,143
57d68b75,24321,8.7726,143
6d61adb6,23075,8.7726,143
4acad77c,17583,8.7726,122
111ecc86,21021,8.7726,143
5a6b0542,19031,8.7726,122
19d74af7,26824,8.7699,143
2ab003d5,4856,8.7726,1
7ab9e79b,20152,8.7726,143
50ac71b2,29860,8.7671,198
1ad5e967,23219,8.7726,143
4ee4ee1d,19123,8.7726,122
1816ae6a,22560,8.7726,143
3b35df6d,21643,8.7726,143
e8572af,17298,8.7726,122
2f9f7928,30697,8.7726,198
68893925,26531,8.7726,143
3b2e2cc9,23455,8.7699,143
16e6a038,17302,8.7726,122
6cc7db18,16896,8.7726,119
33ddb3e,18028,8.7726,122
2688c1fc,27847,8.7726,143
6c0af980,28860,8.7726,198
4fce7359,19431,8.7726,122
22c7b5b5,19307,8.7726,122
42a00730,18238,8.7726,122
795d301d,19367,8.7726,122
36568547,23984,8.7726,143
4535d0d4,22936,8.7726,143
5ac0afda,16645,8.7726,109
181baa35,28629,8.7726,198
856bcf3,17660,8.7671,122
630e7e5d,18958,8.7699,122
3c6fa399,19284,8.7726,122
7960ec23,18642,8.7726,122
34ca914c,23623,8.7726,143
446c76d8,15415,8.7699,103
5400049e,15171,8.7726,103
153216ec,17374,8.7726,122
6b4de19d,20418,8.7726,143
4c30809a,20332,8.7726,143
18404976,27843,8.7726,143
1d40a9e4,18964,8.7726,122
1905e2d8,22667,8.7726,143
51798532,27476,8.7726,143
4be87d92,28126,8.7699,143
53ffe282,16742,8.7726,109
65dac907,24364,8.7726,143
5a7fe59f,19169,8.7699,122
7817909b,20917,8.7726,143
6e2cdcd3,18567,8.7726,122
18797c70,16327,8.7726,109
7507cac1,17141,8.7753,119
709b76e6,18254,8.7753,122
5c5c7185,16868,8.7726,119
6ffd09f8,19570,8.7753,137
7931d208,19353,8.7753,122
2baacfd4,26986,8.7753,143
ada001,19218,8.7753,122
3f4229c8,25795,8.7753,143
38f75511,19104,8.7753,122
455ee9b4,22094,8.7753,143
289ee4b6,16203,8.7753,109
6bc8404,18649,8.7753,122
461061f,29950,8.7753,198
36c04c6e,17602,8.7753,122
69a4a554,28058,8.7753,143
26694110,23249,8.7753,143
bda80c0,17545,8.7753,122
7072e5a,26568,8.7753,143
3390a1e8,26945,8.7726,143
7fd23ccb,27995,8.7753,194
20d16f71,20230,8.7753,143
1e1af0cf,27457,8.7753,143
2f100297,21597,8.7753,143
4669d8bc,18000,8.7753,122
6de88de7,17562,8.7753,122
24bd841d,20652,8.7753,143
10d2fe2a,23123,8.7726,143
18f678b4,27865,8.7753,143
31d849f8,23853,8.7753,143
798daeb2,9206,8.7753,69
7ea92c07,22338,8.7753,143
5531c8be,20643,8.7753,143
26d5cc69,3206,8.7753,1
32391e3f,2740,8.7753,29
5c7d56b,26678,8.7753,143
5ee88955,21297,8.7753,143
732ea032,27795,8.7753,143
5656a065,30297,8.7753,198
2ce49476,19430,8.7753,122
1733600c,17431,8.7726,122
d0be19e,25198,8.7753,143
6e3d2dd2,30775,8.7726,198
66f25347,18846,8.7753,122
6a4d6c95,25346,8.7753,143
38986753,26905,8.7726,143
3fcc8e2f,2286,8.7753,22
2ad1d87d,12553,8.7726,77
4b508afa,24097,8.7753,143
4af87ec1,17455,8.7753,122
605dfe30,22561,8.7753,143
31a12a32,23253,8.7753,143
6a4777df,27002,8.7753,143
250f3737,22300,8.7753,143
4bd66690,4461,8.7753,1
2c885b21,21420,8.7753,143
19260e29,17313,8.7753,122
14c01438,17959,8.7753,122
45e870f0,20634,8.7753,143
198241f5,17474,8.7726,122
77bd50b7,17939,8.7753,122
6348fbac,28848,8.7753,198
652168c5,26299,8.7753,143
6e27007d,26140,8.7753,143
7302cde6,28005,8.7699,143
57b3ddb1,27919,8.7753,143
e86019d,21715,8.7753,143
39bae0c2,11713,8.7753,85
6f483b60,30290,8.7753,198
ac0a692,21133,8.7699,143
43d7bc2e,26254,8.7753,143
2d05e866,30733,8.7726,198
1deefe28,22672,8.7753,143
3b8559d,29821,8.7753,198
11dce491,19647,8.7753,137
cc3874e,22192,8.7726,143
728b7c34,18393,8.7753,122
704fecdb,25448,8.7753,143
311a5bf2,20329,8.7781,143
21f34368,18783,8.7781,122
8b0e1be,18176,8.7781,122
716ed47,20754,8.7781,143
64b0e39c,28703,8.7781,198
5f630461,22108,8.7753,143
50d1a322,24098,8.7753,143
328456cd,22033,8.7781,143
601d00aa,24007,8.7781,143
352b336,25249,8.7781,143
28de2d02,19764,8.7726,137
4455ff31,16188,8.7753,109
19408c2a,27315,8.7753,143
1150d7f8,23005,8.7781,143
70d0de7,21394,8.7781,143
6c4ad640,21704,8.7781,143
71f6363f,26427,8.7781,143
6f3ef8e1,17046,8.7781,119
660ec0ee,21656,8.7781,143
10e2ac27,18399,8.7781,122
9039bfd,23691,8.7781,143
3341b44b,28641,8.7753,198
4e240df2,23483,8.7781,143
73c62bd2,17069,8.7753,119
63df9cf4,28121,8.7781,143
76163f01,17143,8.7781,119
484b3e64,27659,8.7781,143
1e226f10,23107,8.7753,143
a910404,22227,8.7781,143
1536119e,24374,8.7781,143
521fca0e,22750,8.7781,143
43367637,17584,8.7781,122
4185eb71,26946,8.7781,143
649ab83e,28020,8.7753,143
48f95119,20153,8.7781,143
41868e46,28601,8.7753,198
388e01ff,26680,8.7726,143
563ebbfc,25514,8.7781,143
4aae1994,20913,8.7781,143
6754a24d,25594,8.7781,143
65274627,26165,8.7781,143
13c3d231,29905,8.7753,198
119cc1b7,19379,8.7781,122
2dee3285,28199,8.7671,143
eac8d9f,22832,8.7699,143
4c2810cd,19259,8.7781,122
13617111,20002,8.7781,143
4f4713e2,22417,8.7781,143
272a58b7,27460,8.7781,143
256dafe0,23692,8.7781,143
29cf6df8,26795,8.7781,143
313e6829,21666,8.7781,143
4691a5ef,25425,8.7781,143
e4b0072,17389,8.7753,122
5c390cee,27978,8.7781,143
1e044860,16515,8.7753,113
55f13892,27398,8.7781,143
a0d747c,27824,8.7781,143
3efface,20921,8.7753,143
17a5c821,22229,8.7781,143
4448952b,27108,8.7781,143
2b5ed5fd,21911,8.7753,143
4e233c83,24730,8.7753,171
4ba26c85,22662,8.7781,143
77374dac,16869,8.7781,119
5fa67c99,21028,8.7781,143
bf2f00e,1476,8.7781,19
32afc591,25624,8.7781,143
6f830f04,25311,8.7726,143
22146575,17780,8.7781,122
3e7a93b9,16174,8.7781,109
45bfa331,30298,8.7781,198
72b55aaa,18053,8.7781,122
5b980d7,25248,8.7753,143
40762d8,16674,8.7726,109
6e0adeba,19664,8.7753,137
36b2a9db,19454,8.7781,122
43c55dd4,24076,8.7781,143
7f4428e2,23004,8.7781,143
406a9470,23345,8.7781,143
782d6dc9,22802,8.7781,143
5b72ff66,16530,8.7781,114
52fcfd2,17791,8.7781,122
357d1320,28480,8.7781,143
11f21213,26667,8.7781,143
22276c1,20500,8.7781,143
174476dd,16522,8.7781,113
4e67202c,24202,8.7781,143
354d276d,23186,8.7781,143
34aec95d,2949,8.7781,32
25ab3577,26503,8.7781,143
52ba17ae,17484,8.7753,122
e9024db,27981,8.7781,143
4cb6e075,26480,8.7753,143
30ca7419,17547,8.7808,122
324f02c9,2771,8.7808,29
3d764ea7,18400,8.7808,122
56454ed0,29210,8.7781,198
4c107218,26980,8.7808,143
46b8a434,29509,8.7808,198
adc7c8,17928,8.7808,122
358f95e0,16646,8.7808,109
25316a46,25343,8.7808,143
6f227d63,24032,8.7808,143
2d23448a,22803,8.7808,143
602e0556,28123,8.7808,143
63b49463,28202,8.7808,143
4d79a109,27316,8.7808,143
31cc14a0,20922,8.7808,143
21d8b37a,18006,8.7808,122
66083cae,27564,8.7808,143
6679a88f,28187,8.7781,143
37c1d9f4,28643,8.7808,198
53e6ef15,27839,8.7808,143
742c548b,26196,8.7781,143
5fbaa751,1511,8.7808,19
660ddb2b,23910,8.7781,143
16ba3287,20115,8.7808,143
2771eb8,28068,8.7808,143
14699a71,19444,8.7808,122
1e632782,28457,8.7753,143
163f73e6,19053,8.7808,122
17528406,19861,8.7808,122
1693d093,25254,8.7781,143
2c073d47,19371,8.7808,122
746590a4,27776,8.7808,143
77c24a27,28823,8.7781,198
733de69d,17428,8.7808,122
1ef01b5f,26536,8.7808,143
b08e0c3,18608,8.7781,122
5330a1b6,23717,8.7808,143
4f25ac43,21590,8.7808,143
51116c1b,16523,8.7808,113
2c3b2614,26164,8.7808,143
1dd39002,21486,8.7753,143
4b38af1f,28438,8.7781,143
291d558f,26473,8.7808,143
73b69503,25920,8.7808,143
72e458f7,24376,8.7808,143
7c2a51e3,24475,8.7808,171
3f58c2c4,16490,8.7808,109
780146a1,24315,8.7808,143
28f29ab6,21633,8.7808,143
6797302,25301,8.7781,143
2357ec4d,18659,8.7781,122
7f4edfeb,20190,8.7808,143
d88aaed,27656,8.7808,143
3113b6c0,18855,8.7808,122
22361953,19004,8.7808,122
7c3f3283,21405,8.7808,143
75871b68,26830,8.7781,143
11990c33,28184,8.7808,143
14379fa9,19319,8.7808,122
1e50557b,25170,8.7808,143
2988aa5a,21661,8.7781,143
59a68a1c,26280,8.7808,143
644c767f,22860,8.7808,143
3ded0651,23825,8.7808,143
150f0c92,27463,8.7808,143
78948245,26081,8.7808,143
7fececa6,28561,8.7781,143
2ae6b284,27640,8.7781,143
476050d6,24367,8.7781,143
1bba74d5,24203,8.7808,143
32b22d8,21845,8.7808,143
1cc6c2ab,21716,8.7781,143
5965d705,16362,8.7808,109
11b10c20,20389,8.7781,143
4bd6d12c,19769,8.7781,137
61af9167,25496,8.7781,143
1685afa8,27632,8.7808,143
fcc7154,22558,8.7808,143
726e8e30,26592,8.7781,143
6fd70db3,15172,8.7781,103
5414070e,22699,8.7808,143
1d84b13c,24406,8.7808,143
38be8a09,17605,8.7808,122
3ea79c20,17665,8.7808,122
694ab4d2,18901,8.7808,122
1d12e282,20238,8.7808,143
5130cdeb,23264,8.7808,143
53740d71,28037,8.7836,143
6fa4dfe9,21644,8.7836,143
6528366d,23298,8.7836,143
3220f0b6,26987,8.7836,143
414c6c06,16897,8.7836,119
26e28081,25014,8.7836,143
8dea851,17385,8.7808,122
2c617c79,22911,8.7836,143
41deb4a5,16470,8.7836,109
19f18c03,25814,8.7781,143
3bffef67,17039,8.7808,119
461e4469,25312,8.7808,143
613b6a67,19378,8.7836,122
74bf63d7,21783,8.7836,143
307f3ef0,28093,8.7836,143
476099a,25329,8.7836,143
3ea43321,27253,8.7836,143
318a5ef9,26449,8.7836,143
78cb6e86,27272,8.7836,143
4c4592dc,19201,8.7836,122
53e79d4e,21419,8.7836,143
30f96c5d,28820,8.7808,198
13e59b9a,21298,8.7836,143
7d8f019,20558,8.7836,143
377374bf,26077,8.7808,143
73563848,26932,8.7808,143
1cb4d681,28822,8.7836,198
6754dace,17582,8.7836,122
5852b4f5,28017,8.7836,143
1a0443cf,24408,8.7836,143
203e9ed0,25282,8.7836,143
61fdb2b3,11705,8.7836,85
2c455765,17239,8.7836,119
14677319,20273,8.7836,143
407ba75b,22423,8.7836,143
4c9ffdcd,16712,8.7836,117
4a677544,18877,8.7808,122
65b738aa,18096,8.7836,122
78eb0a38,24800,8.7836,171
4b29e17d,18787,8.7808,122
3a956009,28200,8.7836,143
471d8618,27775,8.7836,143
663b6d99,18066,8.7808,122
46a111ac,12705,8.7836,77
4207320c,25772,8.7808,143
5383976d,27872,8.7836,143
6e697f21,20026,8.7836,143
db6308e,19311,8.7836,122
200b2f31,22228,8.7836,143
5b67ee6e,19322,8.7836,122
14903290,17241,8.7836,119
3125d754,27586,8.7836,143
482e04e6,20854,8.7836,143
2cde8713,20857,8.7836,143
394f24aa,19106,8.7836,122
26cfcba0,17456,8.7836,122
1efef2ab,16357,8.7836,109
26fd078c,18683,8.7836,122
46400878,26296,8.7836,143
66a1e6e,16925,8.7836,119
5ea047c8,26665,8.7836,143
37228d1d,20048,8.7836,143
71675049,20530,8.7836,143
27a8b965,28276,8.7836,143
7b6a345f,17180,8.7808,119
5883044a,28179,8.7836,143
19181596,28188,8.7836,143
13adf20b,27751,8.7836,143
712c128a,16350,8.7808,111
5b4e183c,28884,8.7836,198
1a655b98,23122,8.7836,143
1baff64b,29955,8.7836,198
676e729f,17183,8.7836,119
76c784ba,28886,8.7836,198
5de3fda6,28297,8.7836,143
391a55ff,17351,8.7836,122
2df422c9,11117,8.7808,77
675c9199,28359,8.7836,143
25905e19,26682,8.7836,143
4ece52f9,28552,8.7836,143
42a0d383,24708,8.7808,171
41f34217,28618,8.7836,198
66b4bca6,19223,8.7863,122
5ad17313,19901,8.7863,122
1e298f01,29795,8.7863,198
45118529,19697,8.7863,137
68350a1,22551,8.7836,143
5983eec,26066,8.7863,143
4c69dbbb,17234,8.7863,119
50f38ccf,27435,8.7863,143
587433f2,20587,8.7836,143
1c5f094e,18297,8.7836,122
1ee9bd7d,23944,8.7863,143
5230df9b,16196,8.7863,109
4bf4f939,28018,8.7836,143
2b229d8c,25487,8.7863,143
4fd3e4df,27451,8.7863,143
1c82ba0d,18455,8.7863,122
489a7201,19826,8.7836,122
77eb5863,27752,8.7863,143
27cebf5d,18260,8.7863,122
2e952b7b,22962,8.7863,143
35844ed2,16513,8.7863,113
18813041,18079,8.7863,122
4a67405b,2770,8.7863,29
4dae749f,27846,8.7836,143
5acb5126,20560,8.7863,143
4b597106,18548,8.7863,122
15ce9e07,18549,8.7863,122
5ce12df7,16189,8.7863,109
76bc8776,17938,8.7863,122
3b4c85ae,27518,8.7863,143
57804d4,17576,8.7863,122
5ba273c,22457,8.7863,143
5eba7cc,29951,8.7863,198
5ad5332a,19323,8.7863,122
1f4ec200,28557,8.7836,143
4b999512,18351,8.7836,122
13149e6a,30003,8.7863,198
60aba341,23272,8.7863,143
91c3396,28826,8.7863,198
2fd9098b,19479,8.7836,122
e2a16a2,20561,8.7863,143
1bd87ad6,9312,8.7863,72
39fa2ec3,27942,8.7863,143
4762316,19051,8.7781,122
6c9e308d,20958,8.7863,143
32dfb4ba,27664,8.7863,143
5a3b0814,26664,8.7863,143
6f60fed6,22958,8.7863,143
7267b1ef,20194,8.7863,143
3dd2a17d,17045,8.7863,119
3f2b657b,20653,8.7836,143
57d5ba06,24307,8.7836,143
630c3ae1,20268,8.7863,143
187291da,29579,8.7863,198
308302e0,26264,8.7863,143
54e7b936,25511,8.7863,143
2e183c26,26369,8.7863,143
2268947e,24150,8.7863,143
140092d8,15167,8.7863,103
329bd35,18598,8.7863,122
ad406d1,16680,8.7863,109
50c86f35,19671,8.7863,137
639320b4,19358,8.7863,122
6dd54ca4,26415,8.7863,143
c05d9ec,22944,8.7863,143
6aa87776,19928,8.7863,122
40e0167c,23420,8.7863,143
3a8c1854,30296,8.7863,198
717d24c7,17667,8.7863,122
18646c50,28026,8.7863,143
315ebbed,26155,8.7836,143
71cd184c,19154,8.7863,122
2bd9f099,17957,8.7863,122
10e40f5e,20121,8.7808,143
54a14f7c,12936,8.7863,77
4d3732dc,20526,8.7863,143
290e4edb,30723,8.7863,198
19203a5b,27464,8.7863,192
47a44cac,21102,8.7863,143
33713756,28261,8.7781,143
68d2df75,25396,8.7863,143
7038d2d6,23759,8.7863,143
6f7852ae,21559,8.7863,143
46ea3bc8,25211,8.7863,143
159c2151,17350,8.7836,122
2fed7f33,26392,8.7863,143
69c9ee66,25515,8.7863,143
737e0c09,27566,8.7863,143
51ba24cc,24257,8.7863,143
6722e24f,24368,8.7863,143
13c0d153,23655,8.7863,143
1fc971a3,23109,8.7863,164
579020ff,31161,8.7863,198
578cf285,20039,8.7863,143
27cc42a1,20808,8.7726,143
32935542,23878,8.7863,143
64d20c37,28046,8.7836,143
547ac2f2,25921,8.7863,143
11664b96,26533,8.7863,143
397735bd,20488,8.7863,143
4d303510,22862,8.7863,143
4f5f1316,26952,8.7863,143
ba20a53,22095,8.7863,143
6c46cb90,26910,8.7863,143
122ddad6,21379,8.7863,143
5ff6b7c4,18178,8.7808,122
1298ee02,26712,8.7863,143
b5eef9b,28493,8.7863,143
6c1cd178,22888,8.7863,143
2bdb11f0,23288,8.7863,143
20c8f15e,25185,8.7863,143
164a6e99,24365,8.7863,143
173891f2,25050,8.7863,143
4df8c2ce,23406,8.789,143
47e55d18,17002,8.789,120
347b1e43,23718,8.789,143
20c016bb,22945,8.789,143
73a4a450,21004,8.789,143
120357f5,23233,8.789,143
47ea934c,25438,8.789,143
5719bc9,26866,8.789,143
7841e658,31249,8.789,198
152169d5,18790,8.789,122
3574c004,24603,8.7863,171
632474de,16346,8.789,109
14a02dc4,16576,8.7863,109
a756dfc,19958,8.789,122
a519144,27593,8.7836,143
193604ea,26194,8.789,143
59f40196,4474,8.789,1
4cafc961,9258,8.789,71
4af2ba01,25179,8.789,143
634af6e1,17156,8.7863,119
52be5b7c,28021,8.7863,143
1a4ba3af,28057,8.7863,143
14c7b462,26265,8.789,143
281d8546,12899,8.7863,77
77e000f6,18557,8.7863,122
43a90d15,17659,8.7863,122
4b89814,24356,8.789,143
40cb0a70,17679,8.789,122
375b452f,20662,8.789,143
7352da6a,26056,8.789,143
33783b9f,24291,8.789,143
3c113774,26276,8.789,143
3ac43c9,25152,8.789,143
7c2970da,26376,8.789,143
64296da5,28019,8.789,143
9363e32,23908,8.789,143
3c2912f7,16197,8.789,109
bb11a08,17202,8.789,119
245a1a9e,24353,8.789,143
1ca56789,22971,8.789,143
686f6040,19129,8.789,122
6b8d461f,23198,8.789,143
1f772f1a,23479,8.789,143
28599a52,21904,8.7863,143
3ba78279,18436,8.789,122
3a1b86ac,19725,8.7836,137
1cb2710a,23553,8.789,143
785de3c4,16487,8.7863,109
7fee02fc,17614,8.789,122
1926d54b,20443,8.789,143
28e65f8e,17792,8.789,122
41a73845,22916,8.789,143
1613cd44,23124,8.789,143
1474f81,23587,8.7863,143
652d421d,20976,8.789,143
e3154b7,17284,8.789,122
219244b7,21121,8.789,143
2963c42c,17461,8.7863,122
1263bdc6,22934,8.789,143
16f3c7d1,17640,8.789,122
392f3cc7,23095,8.789,143
25778e44,27607,8.789,143
12026c62,22709,8.789,143
1d806e69,20049,8.789,143
418aa1d5,1477,8.789,19
15c5ef47,27516,8.789,143
43958bee,22069,8.789,143
6775617e,16393,8.7863,109
c595615,16264,8.789,109
d394a80,29205,8.789,198
13d49e68,25305,8.789,143
29d1f482,22983,8.789,143
6ffef653,17940,8.789,122
2854dc66,22746,8.789,143
1fc430da,20773,8.7808,143
3997a244,21685,8.789,143
2143874b,17658,8.789,122
2ffac8e9,17563,8.789,122
11867f2c,30513,8.789,198
15876ada,27393,8.789,143
7585968f,29508,8.789,198
2843cefe,17452,8.789,122
5187e69f,23509,8.789,143
735a9c9c,18473,8.789,122
5da5f997,25252,8.789,143
2f066811,25453,8.789,143
6b27f8e3,23019,8.789,143
407ed4b4,19260,8.789,122
57a4806,28249,8.789,143
22638a49,1513,8.789,19
5078b6d3,18098,8.789,122
44cacdf,19406,8.789,122
53a1ee28,22066,8.7918,143
6d2e07d7,27290,8.7918,143
78f5ea8f,28230,8.789,143
503ae94b,17068,8.7918,119
dd02ddb,9310,8.7918,72
5590c091,25275,8.7918,143
4cbe7d9,20174,8.7918,143
19be9b1a,25436,8.7918,143
45b2e6ab,19381,8.7918,122
58bf5175,21005,8.789,143
6ba76427,24825,8.7918,171
fc9797f,27196,8.7918,143
624255d7,25153,8.7918,143
3097708a,29873,8.7918,198
1281ab14,26515,8.7918,143
39ed79e7,2738,8.7918,29
7fe1434a,16190,8.789,109
56c73aba,28744,8.7918,198
26db2158,19778,8.7918,137
2dc31629,20334,8.789,143
3285c18e,30099,8.7918,198
5d782f8e,29468,8.7918,198
26130fa5,29073,8.7918,198
22561498,22695,8.7863,143
17112ca5,27935,8.7918,143
b040678,16874,8.7918,119
179c5cc9,20325,8.7863,143
57c6876,20775,8.7918,143
2addf8db,23359,8.789,143
1b160878,23085,8.7918,143
300aeaa4,16608,8.7918,109
45059278,28859,8.7918,198
235c6d76,28271,8.789,143
822e4ad,24205,8.7918,143
6f9a60c7,18385,8.7918,122
6e5a91e,23481,8.789,143
46925369,26826,8.7918,143
57771f46,25963,8.7918,143
590ac09a,25909,8.7918,143
652a0f24,19196,8.7863,122
4e2ce7c6,20825,8.7918,152
1a71fc71,21612,8.7918,143
4a8ec109,28237,8.7918,143
1570e1b5,17047,8.7918,119
20969f10,22912,8.7918,143
9ad4e13,26683,8.7918,143
1caab923,27834,8.789,143
e458e4a,19377,8.7918,122
1a3fee8d,20793,8.7918,143
7901f60f,23363,8.7918,143
302b3bad,19954,8.7918,122
12bed43c,21933,8.7918,143
77900b60,25351,8.789,143
1572a13,18127,8.789,122
68c89fc7,28746,8.7918,198
59be2a30,24436,8.7918,143
cb3a9d6,22267,8.789,143
4330d2eb,18188,8.789,122
6faa5bed,19908,8.7918,122
7e46b2d7,23040,8.7918,143
7e085314,18760,8.789,122
3bea61b4,24004,8.7918,143
6a23017,26832,8.7918,143
4d39fa1e,20129,8.7918,143
7115805e,20931,8.789,143
fd9cecd,20518,8.7918,143
191aa809,30004,8.7918,198
eaf11b5,26798,8.7918,143
c44f374,25892,8.7918,179
3f47d886,18884,8.789,122
518e95d2,22483,8.7918,143
1d98350a,26699,8.7918,143
6bccbdb5,27964,8.7863,143
40382ceb,18583,8.7918,122
3e7e2472,26681,8.7918,143
39682b49,16681,8.7836,109
65bd113b,29072,8.7918,198
706b2bb3,26297,8.7918,143
39d148e3,9172,8.789,67
377e7b79,19039,8.789,122
36204609,27594,8.7918,143
3b99ad3f,19509,8.7863,122
8bc6cff,17836,8.7918,122
4c5d6b22,25046,8.7918,143
78f96cae,18681,8.7918,122
effc6db,30097,8.7918,198
654f986f,17174,8.7863,119
426cfb9f,26912,8.789,143
71436360,28344,8.7918,143
1faba8d,21382,8.789,143
18efd63d,22963,8.789,143
57c84a00,17790,8.7918,122
332bca6,25426,8.7918,175
29ff625a,27079,8.7945,143
658accc3,18101,8.7945,122
7bb508c4,26789,8.7918,143
5509164c,23784,8.7945,143
b2b1958,23012,8.7945,143
1ea6da77,12704,8.7945,77
8679289,16635,8.7945,109
63a9b3be,26585,8.7945,143
6d1952f9,27177,8.7945,143
3bb8bb92,22993,8.7945,143
688a9464,26250,8.7945,143
40578e60,18898,8.7945,122
355db102,24284,8.7945,143
7410bf39,18535,8.7918,122
37fe7239,19171,8.7918,122
a0afe02,18359,8.7945,133
361f6293,30522,8.7945,198
20c15155,28201,8.7945,143
3b5f59b8,21098,8.7945,143
66f85a3f,19530,8.7945,137
38593c35,25627,8.7945,143
2b3eb789,21466,8.7945,143
5f78be6e,23251,8.7945,143
6cf6b281,27482,8.7945,143
1eabbea0,17579,8.7918,122
3aa636e8,21875,8.7945,143
64fa4cca,18072,8.7945,122
7eeb15f5,25625,8.7945,143
3df6fa36,18644,8.7918,122
36ec9a16,20504,8.7918,143
6eab90ac,21961,8.7945,143
2624e55d,21687,8.7945,143
2c898ce5,18054,8.7918,122
7ee78f48,1801,8.7945,24
4e71c27d,20644,8.7863,143
33f0d614,29270,8.7945,198
4f7ed8e3,29652,8.7918,198
2f708b4d,21874,8.7945,143
6d2fdc24,27209,8.7945,143
2d0d89d6,19724,8.7945,137
148de554,17205,8.7918,119
2c510b52,23266,8.7945,143
6dd36437,28124,8.7945,143
168f8b9c,18788,8.7945,122
482e0040,18257,8.7945,122
6c01898c,18358,8.7945,133
1a05bae7,23239,8.7945,143
703c0150,28558,8.7945,143
48a83317,26666,8.7945,143
7ab96f2b,23805,8.7945,143
28059e67,19249,8.7945,122
1fe0db02,27517,8.7945,143
fc67f2f,2772,8.7945,29
28d9555,4941,8.7918,1
1b2c66cd,21284,8.7945,143
27af4d80,29919,8.7945,198
5f8291b3,23593,8.7945,143
31cb802b,23086,8.7945,143
492992d1,19094,8.7945,122
14b70539,23786,8.7918,143
5ff31115,29456,8.7945,198
32541818,29458,8.7945,198
376eab99,27182,8.7945,143
1bdcfe80,19839,8.7918,122
5ce03f57,16406,8.7945,112
4e66780b,27799,8.7918,143
c16203d,27148,8.7945,143
70c2f7c1,31321,8.7945,198
6ff47b21,28725,8.7945,198
2d857409,22439,8.7918,143
18175d89,25454,8.7945,143
505ee792,24161,8.7945,143
6df4226c,19698,8.7945,137
a6facec,20419,8.7945,143
ccca494,24132,8.7945,143
2b89b0e8,18872,8.7945,122
67a210b7,18078,8.7945,122
105dc863,27215,8.7918,189
79dc26f8,17177,8.7918,119
20c4da59,20235,8.7945,143
1fb4d7db,5554,8.7945,50
68645b32,23992,8.7945,143
1684888d,12581,8.7945,77
4ede6f2a,20987,8.7945,143
ef78743,29751,8.7945,198
37449349,17462,8.7945,122
67ff04d2,25060,8.7973,143
7d33e358,18859,8.7973,122
4fc1dc93,17929,8.7973,122
7d3e97b7,18709,8.7973,122
6ef38d82,19854,8.7973,122
cb89a27,23042,8.7918,143
4d5cea67,27515,8.7973,193
44d64f54,25008,8.7973,143
363b45d1,22029,8.7973,143
4f61a433,21388,8.7973,143
7e1a8893,20528,8.7973,143
54bf5ae5,29211,8.7945,198
22e503c9,18031,8.7973,122
4e1cdf89,27178,8.7945,143
64e888c9,25451,8.7973,143
15d5250e,25013,8.7973,143
4aae9ec3,25913,8.7973,143
405f2714,18160,8.7973,122
68975801,22154,8.7973,143
48193b1a,27247,8.7973,143
767fec5c,21641,8.7973,143
4fa10200,21735,8.7973,143
1d241ca5,24154,8.7973,143
15f0372c,24164,8.7973,143
52868690,22996,8.7945,143
76955c2e,18458,8.7973,122
4bd02e43,23762,8.7973,143
6f7a6951,19879,8.7945,122
28a974ce,21552,8.7973,143
520c0afb,20912,8.7973,143
46d11ec1,28319,8.7973,143
2085b28d,23113,8.7973,143
1c89672d,18784,8.7973,122
1700bddb,22340,8.7973,143
2ee0ed95,22336,8.7973,143
6089d99e,23681,8.7945,143
6d951ed8,19967,8.7973,122
3a72ac48,27989,8.7973,143
13d762d6,23257,8.7973,143
3dbc0c1b,25994,8.7973,143
781ab6aa,25742,8.7973,177
57a5550d,28347,8.7973,143
7fcc4cfd,22689,8.7945,143
22cd5bcb,16682,8.7973,116
f4f16de,21980,8.7973,143
f373bd2,19877,8.7973,122
723f2707,20842,8.7973,143
13914805,23184,8.7973,143
6f092619,16481,8.7973,109
27522b30,22574,8.7973,143
50dc20e2,15135,8.7918,103
5b5022e1,20242,8.7945,143
7dcffe7c,29457,8.7973,198
4bf2415e,25828,8.7945,143
7a18b3f2,28139,8.7945,143
584477f4,29058,8.7973,198
2085c17a,26497,8.7945,143
223be708,18325,8.7973,122
7b9abaa0,16702,8.7973,117
44220102,23536,8.7973,143
4aa286ed,22910,8.7973,143
37dc3b16,22110,8.7973,143
735bd1f9,12706,8.7945,77
7a5eab19,17546,8.7973,122
19bdd8f7,23250,8.7973,143
4ae38bb0,24801,8.7973,171
4d43f0d3,22829,8.7973,143
13088278,19642,8.7973,137
455a1f84,9178,8.7973,67
32571db8,22378,8.7918,143
60c0a649,23287,8.7973,143
370ce36b,21617,8.7945,143
22bf7c31,22774,8.7973,143
280f1f03,23778,8.7973,143
4d1806a5,24389,8.7973,143
7167b212,19684,8.7945,137
1d5fb3d6,18021,8.7945,122
44d80ab8,21962,8.7973,143
147ff227,30314,8.7973,198
12b51539,15100,8.7973,104
38a08be6,24380,8.7973,143
195ff323,16577,8.7973,109
79fe32dd,16879,8.7973,119
7df77a90,1843,8.7973,24
16f241c3,28736,8.7973,198
70d26ed5,27113,8.7973,143
7832c2c8,19949,8.7945,122
469acb8b,27040,8.7973,143
438d211c,31322,8.7973,198
3e5714a4,17684,8.7945,122
3a2fb6f4,9327,8.7973,73
59e8c3a2,19730,8.7973,137
37227ed5,21497,8.7973,143
3156bea1,27576,8.7945,143
f524dc3,22554,8.7973,143
76092669,19648,8.7973,137
69630ed9,24099,8.7973,143
41bf26a5,26762,8.7945,143
3d76bdc9,19627,8.8,137
4d9311f6,21022,8.8,143
4dd1865e,28080,8.8,143
49341d53,19534,8.8,137
76315072,27487,8.8,143
7d59dab,20821,8.8,143
529c2006,19643,8.7973,138
3b2b7183,28168,8.8,143
47e50454,22056,8.7973,143
670032cd,19969,8.8,122
5f59605e,28555,8.8,143
3f9ea55f,28628,8.8,198
5036c15c,18922,8.8,122
7c5423f6,20433,8.8,143
b95f25d,26586,8.8,143
1f5a38e1,22388,8.8,143
5524c208,25872,8.8,143
33fed5d1,16679,8.8,109
175ddee9,20938,8.8,143
598e71d3,28038,8.8,143
2ac9cc68,23027,8.8,143
6fdcc4bd,22796,8.7973,143
168ff539,24378,8.8,143
3ca50ed2,20023,8.8,143
586b3fa2,21187,8.8,143
511bf13e,16207,8.7973,109
38d4e019,22109,8.7973,143
2c93ba4f,28287,8.8,143
6383a0ff,18252,8.7973,122
2d840650,19688,8.8,137
239880df,18189,8.8,122
3c53789d,18821,8.8,122
da3fc9a,17106,8.8,119
98ddf8,19613,8.8,137
67e13b4c,20346,8.8,143
40d120bd,21949,8.8,143
52044311,18730,8.7973,122
14b533b4,26673,8.8,143
7a605135,29082,8.8,198
337d520c,17919,8.7973,122
439183b9,16543,8.8,113
7e0420ec,19312,8.8,122
6153fe0,17434,8.7945,122
5f21f01c,18240,8.7973,122
19b3f93f,18114,8.8,122
10e23c0a,23713,8.8,143
4fbe7dba,31621,8.8,198
10d4580a,22070,8.7945,143
607ba192,31242,8.8,198
70c60cb0,12577,8.8,77
308a1c91,2699,8.8,29
318974e6,24285,8.8,143
d668cc0,20531,8.8,143
1fad37ff,24258,8.7973,143
30acdbcf,28361,8.8,143
50a227df,27465,8.8,143
2af64769,29822,8.7945,198
134fce7b,17463,8.8,122
456b0d7e,17960,8.7973,122
4b656d3,22668,8.8,143
1ce38423,21499,8.8,143
7132add2,19132,8.8,122
30ea0a7e,19499,8.8,122
abed1c1,23588,8.8,143
6caf4e77,18177,8.8,122
5a998dff,18504,8.8,122
5a5bd813,18550,8.8,122
28a99ffa,19105,8.8,122
114d0886,20517,8.8,143
3ec91965,23763,8.8,143
3ad6d5ef,20804,8.8,143
19032e08,30486,8.7973,198
7d31349d,26474,8.7973,143
bc5086f,18801,8.8,122
10a99482,18789,8.8,122
730cd55,20022,8.7973,143
743d0d5,19320,8.8,122
7322997c,23712,8.8,143
50077107,21645,8.8,143
51dc4437,16489,8.7973,109
16b2b286,26019,8.8,143
4800e3a1,27489,8.8,143
235e7042,28268,8.8,143
2f0e6aa4,16175,8.8,109
44eaa90b,21757,8.7973,143
7724a05d,22337,8.7973,143
38f658f3,26023,8.8,143
b0bf57f,27318,8.8,143
64f15e03,15416,8.8,103
2c663306,20645,8.8,143
75421167,3095,8.8,1
273661da,25408,8.8,143
2d0d840f,22773,8.8,143
4362d6eb,26057,8.8,143
264e2ec9,18703,8.8,122
5a388bf3,29503,8.8,198
3262a36b,27859,8.8,143
738e74d4,18569,8.8,122
268e31c0,18731,8.7973,122
1b5f24a2,18440,8.8027,122
71e16bbe,15173,8.8027,103
56bfe712,30142,8.8027,198
31d76616,28088,8.8,143
561711c5,28397,8.8027,143
1403af6,26588,8.8027,143
7b860dfb,28661,8.8027,198
5b61e152,20114,8.8027,143
52a8e2ee,25554,8.8027,143
3c5f4847,23007,8.8,143
3c4852b0,20908,8.8,143
776a7917,26001,8.8027,143
62c05a86,28735,8.8027,198
241b3be9,20409,8.7973,143
5a382008,22701,8.8027,143
7ebe4899,26395,8.8,143
1eca39a2,22363,8.8027,143
44e86934,25635,8.8027,143
63738de1,27456,8.8027,143
1579ea0d,23258,8.8027,143
78d0d9e7,21857,8.8027,143
320fb20c,31755,8.8027,198
74a6bce4,20485,8.8027,143
3bee9cfb,18778,8.8027,122
440d02e2,27100,8.8027,143
3a6ce465,19252,8.8,122
7b6c2e50,21603,8.8027,143
342a7c82,18538,8.8027,122
189c62f7,24390,8.8027,143
450ee24d,23775,8.8027,143
5f8a4a12,15174,8.8027,103
3416fe24,19206,8.8027,122
38a3e30d,30724,8.8027,198
43d3a534,28627,8.8,198
717d3b89,28079,8.8027,143
4e0192b7,21395,8.8027,143
f9dc7d8,17532,8.8027,122
7caa256e,21169,8.8027,143
a53c2cc,26572,8.7973,143
5bb60a7d,18435,8.7973,122
592fe3a,22344,8.8027,143
1d2b3c72,26907,8.8027,143
3007fbec,27903,8.8027,143
43810b93,16265,8.8027,109
5b09fa73,28481,8.8027,143
4978ac06,24400,8.8027,143
d74d1f7,19161,8.8027,122
2a3932e,20757,8.8027,143
16ed2b6b,18340,8.8,122
1af9bd2c,18186,8.8027,122
6d23f54d,22778,8.8027,143
5e4d2934,20803,8.8027,143
40320d4,27486,8.8027,143
31a93ced,20826,8.8027,152
2f8de315,21689,8.8027,143
50c423fc,22645,8.8,143
2632ef01,28015,8.8027,143
783f415,27105,8.8027,143
40cac3f7,27391,8.8027,143
7fb5fe5c,18097,8.8027,122
3f603ff4,22361,8.8027,143
4e4a3027,12943,8.8027,77
49affba9,10691,8.8027,81
8c14594,1330,8.8027,19
6e6053b,26621,8.8,143
38c7158c,12576,8.8027,77
2713d1bb,16966,8.8027,119
247fdd30,30546,8.8027,198
7b8b6f80,22559,8.8027,143
4df27217,18756,8.8027,122
4d997550,21634,8.8027,143
3066ab7e,18672,8.8,122
74befb51,12578,8.8027,77
54696d29,29920,8.8027,198
a55cf79,18864,8.8027,122
44ac8dfd,22950,8.8027,143
c600896,28583,8.8027,143
f871e38,27452,8.8,143
10982ac4,28047,8.8027,143
341211a9,18190,8.8027,122
383a8b05,23494,8.8,143
ffb24e4,22149,8.8027,143
5e64f1d5,24263,8.8027,143
7a5f2ce9,21072,8.8027,143
16d1e204,26189,8.8,143
405b283e,30136,8.8027,198
394883b9,29460,8.8027,198
3af3d81d,20003,8.8027,143
232bcc85,18661,8.8027,122
d7d79ff,28247,8.8027,143
3a281a06,20758,8.8027,143
470013b1,21161,8.8027,143
77ca426a,25082,8.8027,143
6317087c,22919,8.8027,143
1ea5bf7f,26187,8.8,143
311b8c4,31261,8.8027,198
64a76e87,20351,8.8027,143
23fd7439,21374,8.8027,143
78f2ccd2,4884,8.8027,1
4c7dbf01,29580,8.8,198
4b9fdaf4,23015,8.8027,143
14935656,19054,8.8027,122
1117ef94,18029,8.8027,122
5c07a441,19182,8.8055,122
327d674f,22424,8.8055,143
780438e,20236,8.8055,143
9af84ce,28422,8.8055,143
68eb0c16,16654,8.8027,109
31f5595b,21406,8.8027,143
1bcde28f,20191,8.8055,143
346cf0d8,24289,8.8055,143
2309d1a4,25555,8.8055,143
41908b6f,22753,8.8055,143
712bb4f7,23152,8.8055,143
6a8f0408,27151,8.8055,143
3936c3b1,15137,8.8055,103
7c38ec0b,25537,8.8027,143
3e5edf1f,18725,8.8055,122
50986377,5557,8.8055,50
76b33e0e,26125,8.8055,143
42a58228,17920,8.8055,122
47e078d7,1426,8.8055,19
4d81fa86,25083,8.8055,143
657259e9,28731,8.8055,198
b2833ad,23262,8.8055,143
49bfad84,18329,8.8055,122
2fc7ed7d,19226,8.8055,122
6a56e4a1,27294,8.8027,143
580d547d,29877,8.8055,198
12f2a18a,23997,8.8055,143
2615eddd,29753,8.8055,198
36295067,20849,8.8055,143
4354463,20070,8.8055,143
3cc5b9e,20661,8.8027,143
abe353f,18609,8.8055,122
7668e667,26267,8.8055,143
5850b295,30140,8.8027,198
39a112aa,21861,8.8027,143
42cdcf6c,26937,8.8055,143
7327428c,17594,8.8055,122
2ebe8267,3790,8.8055,37
1fbbe158,23517,8.8055,143
3321eb6c,30519,8.8055,198
7adbeca6,23879,8.8055,143
2cf9fccb,25177,8.8055,143
202cf420,16574,8.8055,109
7913c6e9,30096,8.8055,198
60dd605c,26126,8.8055,143
5c1b9da0,16205,8.8055,109
45ab7719,28350,8.8027,143
7900e459,17175,8.8055,119
3eca92ad,22886,8.8055,143
359ecaa8,24405,8.8055,143
3568b726,20336,8.8055,143
61fd05a2,16862,8.8027,119
7a701f46,27224,8.8055,143
779e8f98,24366,8.8055,143
4b34affe,24392,8.8027,143
210113cf,24002,8.8055,143
6a72db1a,16528,8.8055,114
628946cd,21444,8.8055,143
28cc55fb,18379,8.8,122
615e3079,22494,8.8027,143
12a80c3d,15159,8.8055,103
7c8d1ac9,18572,8.8055,122
55bbe1fc,17615,8.8055,122
7dac6aa8,25069,8.8055,143
2f3748c4,28240,8.8055,143
3b7844b9,1512,8.8055,19
78cc3c7c,29874,8.8055,198
31c6f62b,17285,8.8055,122
2a74a242,28540,8.8055,143
2f212391,23624,8.8055,143
3ac53fd9,17680,8.8055,122
4361f9b4,21296,8.8055,143
4510285d,26790,8.8027,143
36e9f326,19591,8.8055,137
cdf7612,28492,8.8055,143
76d23a9,19760,8.8027,137
630bb6c5,21489,8.8027,143
70a3768a,19909,8.8055,122
3c439d73,22557,8.8055,143
78d51866,18765,8.8055,122
46563427,29101,8.8055,198
2daa0d41,28208,8.8027,143
da2b582,23671,8.8055,143
5d648a78,27347,8.8055,143
2a646aff,15414,8.8055,103
5759aaf7,22350,8.8027,143
4f4f1b3b,17441,8.8027,122
36817fe0,20581,8.8027,143
32958c4,23439,8.8027,143
3fbbd85d,18323,8.8055,122
656c09b9,20347,8.8055,143
497a2564,9242,8.8055,67
25afc34f,30143,8.8055,198
128e9202,18547,8.8027,122
2fcd81cc,20125,8.8055,143
4e55dd58,23275,8.8055,143
15bbda66,28323,8.8082,143
73434451,24223,8.8082,143
53dd30a7,29952,8.8082,198
501cdc59,18863,8.8082,122
1bbf44d6,20965,8.8055,143
7237ea3c,21703,8.8082,143
211c2020,1527,8.8082,19
599fafb6,29898,8.8082,198
6f575ec8,19685,8.8082,137
6f193736,22631,8.8082,143
31920fcd,19737,8.8082,137
e2f2e00,21684,8.8082,143
430443f3,24180,8.8082,143
72c00ae4,25652,8.8082,143
67c2b63a,30137,8.8082,198
32360514,20532,8.8082,143
451e727c,24155,8.8082,143
5809f25d,18380,8.8055,122
2464baf7,28737,8.8082,198
5665ab27,18835,8.8055,122
54f91a5a,22576,8.8082,143
62c21f2b,18019,8.8082,122
6370a286,21547,8.8082,143
1837015c,27097,8.8082,143
400e3ca,25632,8.8082,143
76499f26,21036,8.8082,143
10cb67fb,18037,8.8082,122
3056a95f,27481,8.8082,143
334b022c,28043,8.8082,143
9c11bcc,26283,8.8082,143
42fe51b0,23016,8.8055,143
7096219d,27580,8.8082,143
476704e1,27006,8.8082,143
2c563443,20598,8.8082,143
2d48557e,20471,8.8082,143
1d0bf2b6,28708,8.8082,198
6234bdfa,25068,8.8082,143
7f5d69d3,17992,8.8055,122
10d130e3,9277,8.8082,67
520dfe0d,23231,8.8082,143
151152db,18456,8.8082,122
116b25b,20132,8.8055,143
2519a422,24148,8.8082,143
3a01bdd0,23505,8.8082,143
e3154a1,20154,8.8055,143
58db2589,28732,8.8055,198
308ba204,18255,8.8082,122
75376f8,22913,8.8082,143
3c3beef,17144,8.8055,119
2b52473,21097,8.8027,143
1fc799ce,21459,8.8082,143
7ad5dc1e,26571,8.8082,143
5272fe41,16274,8.8082,109
6f432da3,20647,8.8055,143
733b6205,24214,8.8055,143
6d119e4b,18132,8.8055,122
2d4b86ab,23129,8.8082,143
46acb926,26829,8.8,143
3074aa65,25574,8.8082,176
18f7dd24,27544,8.8082,143
79f5fbb7,25212,8.8082,143
5ab30826,25250,8.8082,143
4f81b697,24604,8.8082,171
69394cbe,27129,8.8082,143
3f472a6d,20547,8.8082,143
7df7e79b,27270,8.8082,143
7cf4d203,9308,8.8082,72
1c586aef,25859,8.8082,143
3f00d3bc,23968,8.8082,143
37a5f38d,16275,8.8082,109
1cff245e,27458,8.8082,143
1aed71ee,20932,8.8082,143
58e48617,22553,8.8055,143
61c03384,19386,8.8082,122
4f83636,23556,8.8082,143
75eb4546,18289,8.8082,122
5a54438b,18294,8.8055,122
9c3b1d2,22211,8.8082,143
69ffff7d,19495,8.8082,122
2cf33df2,29575,8.8055,198
39d8c5f,20374,8.8082,143
17c4f0df,19404,8.8055,122
66220575,24220,8.8082,143
156f14d,19840,8.8082,122
34ff4038,17158,8.8082,119
5b6fdd8c,25896,8.8082,143
6b9d8c36,21441,8.8055,143
5df7c491,16775,8.8055,109
1347a197,30516,8.8082,198
36618dce,18376,8.8055,122
311a4b08,25012,8.8082,143
52aac2f6,28338,8.8082,143
7c4f8a2d,23396,8.8082,143
77da5830,12975,8.8082,77
467a7797,17157,8.8082,119
255b365b,16475,8.8082,109
2162fd74,23268,8.811,143
6299a36d,24441,8.811,143
217c1597,26251,8.811,143
342f08e0,21929,8.811,143
483a09d0,22047,8.811,143
7e05c4fe,22511,8.811,143
3f94b604,23128,8.811,143
73b0d11e,19035,8.811,122
6bdc2231,25047,8.811,143
3bae3980,26036,8.811,143
21108c67,26805,8.811,143
54dd817a,21726,8.811,143
5e9aec7a,28827,8.811,198
14b2ac10,27488,8.811,143
31e47955,23476,8.811,143
98ae842,26698,8.811,143
7a2c35,23656,8.811,143
1a9d206,28726,8.811,198
13152db7,19193,8.811,122
4d830f6f,29924,8.811,198
1c49896e,21784,8.811,143
533f5103,20759,8.811,143
697db646,18446,8.811,122
3c503471,26218,8.811,143
6c02d86c,24163,8.8082,143
451c3ba6,27152,8.811,143
41577ac5,9248,8.811,71
7c992d22,28228,8.811,143
6a24b65,21398,8.811,143
22c7811c,20658,8.8055,143
583c46d3,23758,8.811,143
6df990cb,20375,8.811,143
79141772,20505,8.811,143
6745a62d,23559,8.811,143
5d757ec8,24175,8.811,143
7c2bc265,20501,8.811,143
25dde515,21744,8.8082,143
6fe35b4d,16575,8.8082,109
1996eb47,23993,8.811,143
3b8c2afa,21736,8.811,143
71b385d3,26154,8.811,143
6e9c1e68,23358,8.811,143
4ff819b,18601,8.811,122
2a1d9e90,25410,8.811,143
701cbad3,21496,8.8082,143
58aafb79,16204,8.811,109
1d6c241e,17784,8.811,122
65678d71,27765,8.811,143
23486653,27540,8.811,143
36e31267,30963,8.811,198
2aad6845,17564,8.811,122
36978acb,18224,8.811,122
4aa714d3,27197,8.811,143
137214f3,20946,8.811,143
6ddde196,21433,8.811,143
73688230,22150,8.811,143
79238f44,21598,8.811,143
b500d3f,23760,8.8082,143
886552a,18654,8.811,122
3f482f08,19779,8.811,137
5a74ce0a,18986,8.811,135
51c6198e,17843,8.8082,122
6bd33999,31304,8.811,198
151d6b84,29582,8.811,198
6965e3b3,21967,8.811,143
80e9d78,20333,8.811,143
7ae36211,25730,8.811,177
4dc6782,25693,8.811,143
426264d1,16880,8.811,119
3e7bc4b8,26222,8.8082,143
5fe9da8c,20376,8.811,143
38ee4684,27325,8.811,143
697bf9a4,18743,8.811,122
9c5ae37,22155,8.8027,143
18e93839,22663,8.8082,143
52f997c6,19227,8.811,122
64f9f2e4,26554,8.8082,143
40e94c5a,19880,8.811,122
11109c8e,25435,8.811,143
fc96ecd,21331,8.811,143
248cd302,17176,8.811,119
2e0dc055,22555,8.8082,143
66b2d801,20195,8.811,143
3becddf6,25922,8.811,143
5fe0b14a,12976,8.811,77
7f176340,18185,8.811,122
3d41bb63,17438,8.811,122
597cb93d,21490,8.811,143
7d0edbf6,28556,8.811,197
2050bacc,18459,8.811,122
6499d0e5,28266,8.811,143
5433f5b6,26277,8.811,143
5fe955ad,18135,8.8137,122
7aca1246,22435,8.8137,143
50fefb02,26199,8.8137,143
1b2b2aee,28189,8.8137,143
efa501b,23240,8.811,143
24883ba0,30517,8.8137,198
309e2d8,17681,8.8137,122
4137c40d,23131,8.8137,143
1d113eb8,23191,8.8137,143
1c58edd0,26197,8.8137,143
78a15381,28597,8.8137,198
339a723,21921,8.8137,143
34f2716f,25841,8.8137,143
4b1adc50,26916,8.8137,143
5f6acf75,22502,8.811,143
2da5b242,21073,8.8137,143
afbc790,21182,8.8137,143
49e9ce0a,20061,8.8137,143
179e62c3,20635,8.8137,143
6647a9a8,17534,8.8137,122
1e060622,23440,8.8137,143
73a2094,22837,8.8137,143
1e319002,20127,8.8137,143
4a221313,23554,8.8137,143
3a902f07,22630,8.8137,143
2ecef8ee,28003,8.8137,143
d7cc03,28164,8.8082,143
12f4ed9b,27753,8.8137,143
4894de5d,18303,8.811,122
11444629,18401,8.8137,122
2fcd27d6,25180,8.8137,143
6b3eff7c,22381,8.8137,143
1ae08f81,24156,8.8137,143
74e8ccb6,28273,8.8137,143
47aea90c,28243,8.8137,143
11bd5b8,21667,8.811,143
1f19de9d,30803,8.8137,198
2d262cb4,21748,8.8137,143
1f7216d5,27348,8.811,143
37c8cc21,27432,8.8137,143
1413aae2,22043,8.8137,143
409bb696,22362,8.8137,143
11a7652e,22984,8.811,143
64f625e6,23267,8.8137,143
7343145,27086,8.8137,143
d78b822,29876,8.8055,198
233c3e6,25895,8.8137,143
1f81fa30,20756,8.811,143
35a562fb,22100,8.8137,143
7dd465c5,29972,8.8137,198
61e4b56a,26059,8.8137,143
4c54a5af,29752,8.8137,198
71a4931c,25194,8.811,143
6f889569,18187,8.8082,122
31ac3f10,23723,8.811,143
14752e00,23259,8.8137,143
75a793aa,21960,8.8137,143
4ecdfb39,25120,8.8137,143
20ced271,18933,8.8137,122
b4628dc,19998,8.8137,143
5b42d21b,18791,8.8137,122
1231301a,18480,8.811,122
443a2577,15418,8.8137,103
7e80f5e4,18713,8.8082,122
583bc97d,20296,8.8137,146
339f2225,19646,8.811,137
12dbbd50,27126,8.8082,143
283565ac,20562,8.8082,143
446711d7,25381,8.8137,143
ea38d74,27860,8.8137,143
db88109,21738,8.8137,143
3f59bf02,23269,8.8137,143
434ce897,20330,8.811,143
511605a7,23475,8.8137,143
18ef6645,28320,8.8137,143
45a7b414,20848,8.811,143
6a3c7bf5,29212,8.8137,198
4e103e75,17991,8.8137,122
2f4a212d,22762,8.811,143
4c74a7cf,22552,8.8137,143
459e9e67,9259,8.8137,71
a32e337,24393,8.811,143
748fe815,23602,8.811,143
1d2c6394,17655,8.8137,122
71b462ee,26208,8.811,143
2cf0abf0,26400,8.8137,143
3146ce02,28004,8.8137,143
22f70fd6,20871,8.811,143
3a02477f,22279,8.8137,143
51ab0887,18363,8.8137,133
444ca368,26217,8.8137,143
6dca3f3a,23909,8.8137,143
6afbca5f,20506,8.8137,143
426a51c0,18615,8.8137,122
639ced06,19611,8.8137,137
5f132da0,27357,8.8137,143
3f3271f4,26570,8.8137,143
6b8ebd2f,23829,8.8137,143
4bc080c3,19966,8.8164,122
7b7a05cf,20846,8.8164,143
7f8a237b,27835,8.8164,143
39327f07,26583,8.8164,143
274bcacb,31323,8.8164,198
cb4f790,21373,8.8164,143
220b9c86,21922,8.8164,143
8eb1587,18291,8.8164,122
59af5aae,23158,8.811,143
6afc951f,23931,8.8137,143
d0f9b16,26452,8.8164,143
694e0e7a,20122,8.8164,143
710f9bc3,29083,8.8164,198
5aacfa05,21445,8.8164,143
243db27a,17181,8.8164,119
742adc57,26915,8.8164,143
79768092,19452,8.8164,122
4437316b,19231,8.8164,122
d50e5f5,19784,8.8164,137
37f42288,19220,8.8137,122
2fba486c,29169,8.8164,198
62852f19,23410,8.8164,143
1f44f64b,23200,8.8164,143
15b1c71b,23187,8.8164,143
4af02b1b,26708,8.811,143
74f518a3,17648,8.8164,122
68b504e9,22503,8.8164,143
23031301,17382,8.8164,122
1bcd4f84,28598,8.8137,198
5fdaf9,21662,8.8164,143
68bb7f45,27874,8.8164,143
400d0457,22674,8.8164,143
7bad9c4c,28747,8.8137,198
a6d5dd2,23911,8.8164,143
741bd674,26540,8.8137,143
4b44e33f,16764,8.8164,109
2b27a448,20939,8.8164,143
1256f2e,28127,8.8164,143
3fdf00bd,25432,8.8164,143
53ee4162,17233,8.8164,119
457daab3,21220,8.8164,143
6f0bf12d,25407,8.8164,143
2816de99,18126,8.8164,122
9d26fa8,24437,8.8164,143
21d27413,28193,8.8164,143
11e06b9d,17962,8.8164,122
f9c8d2e,16652,8.8164,109
15a90c5a,19349,8.8164,122
34678b3a,20507,8.8137,143
27698010,20105,8.8164,143
3547bbe3,28565,8.8164,143
ca7c334,28473,8.8164,143
6f32f6c5,25867,8.8164,143
5e59a598,18712,8.8164,122
34fb9d5,19603,8.8164,137
684dc0ac,24805,8.8164,171
3e8e7102,28610,8.8164,198
605de6e5,23289,8.8164,143
73bbfa13,18856,8.8164,122
306f2c91,22562,8.8164,143
dc474a0,18768,8.8164,122
b0a9d14,21285,8.8164,143
4ef285e,21862,8.8164,143
28a821b2,17651,8.8164,122
6e73173,25873,8.8137,143
6b7b7cf6,19480,8.8164,122
59daee86,23243,8.8164,143
240a803b,28274,8.8164,143
4dc680b9,17108,8.8164,119
72955cdb,26148,8.8164,143
7c3532d1,22015,8.8164,143
cce7e34,20407,8.8164,143
45d88bbb,28211,8.8164,143
75f4f45c,9253,8.8164,71
2ddf1dbd,23407,8.8164,143
7829116d,25893,8.8164,143
769ef82,27231,8.8137,143
f7a341,25861,8.8164,143
556dbd27,28486,8.8164,143
a60c2,31332,8.8164,198
7c7a5152,22887,8.8164,143
3018abd7,30545,8.8164,198
78c547a9,23028,8.8164,163
40f95913,21785,8.8164,143
13262dbe,29863,8.8164,198
14a42b23,18685,8.8164,122
66956a1e,25392,8.8137,143
2fc2b629,26589,8.8137,143
335f0ad1,20337,8.8164,143
34bf916a,29121,8.8164,198
3e04772f,20632,8.811,143
3b538056,17107,8.8164,119
1cede68c,25947,8.8164,143
51e5aa95,23819,8.8137,143
19995502,19390,8.8164,122
439e411,24100,8.8137,143
7713bb9c,21396,8.8164,143
bde16e9,28483,8.8137,143
583c73d5,22418,8.8164,143
13ee0daf,20266,8.8192,143
794b8b15,21188,8.8137,143
13b01d30,25628,8.8192,143
259a38b,26271,8.8192,143
3940cace,31263,8.8192,198
5a203b3c,28834,8.8192,198
d68024b,17103,8.8192,119
a837c1,20305,8.8192,143
7f96104e,22464,8.8192,160
6fe12a61,27943,8.8192,143
3f5e63d3,17430,8.8192,122
309ca1cc,19418,8.8192,122
fb50bab,24733,8.8192,171
710503e5,27374,8.8192,143
549728ba,25885,8.8192,143
1b4c4606,26622,8.8192,143
4e0b1662,26015,8.8192,143
6944b45b,23985,8.8192,143
4fb9331,27449,8.8192,143
7dfe99de,17071,8.8192,119
6bd02805,27198,8.8192,143
277abf48,20398,8.8192,143
7fc0d28d,26914,8.8192,143
767984c2,24034,8.8192,143
1c830a08,21243,8.8192,143
6e71662f,21668,8.8192,143
175c95d6,29878,8.8164,198
2d394c6b,29207,8.8192,198
296ec08e,25409,8.8137,143
4c4b9b92,25894,8.8192,143
1ac4bea8,18880,8.8192,122
3fca45e8,28440,8.8192,143
58f70c6e,18678,8.8192,122
7c2dd4e,22111,8.8164,143
1745412f,17785,8.8192,122
7acda32a,16997,8.8192,119
1ab94461,22270,8.8164,143
1a5d87f2,26065,8.8192,143
b80d2d5,20834,8.8192,143
36f1b6b3,20923,8.8192,143
213287b4,22867,8.8164,143
71f845bf,28185,8.8192,143
7c63372f,22383,8.8192,143
471c523e,23899,8.8192,143
7226724e,18341,8.8192,122
1032a074,21557,8.8137,143
41c01408,25324,8.8192,143
247f8950,17491,8.8164,122
157a243,18375,8.8192,122
89591d0,24409,8.8192,143
40a20425,20836,8.8137,143
183286d,24346,8.8164,143
596e0404,26359,8.8192,143
72fc330,28162,8.8164,143
6517f0d0,23171,8.8192,143
3544537b,29502,8.8164,198
2d1cc5fe,27803,8.8192,143
2f7cdef4,17783,8.8192,122
70c7d16c,19387,8.8192,122
47baa7d,25544,8.8192,143
4720dd5b,22703,8.8192,143
4c840bb8,29917,8.8192,198
49780464,26676,8.8192,143
2800b80,19045,8.8192,122
5b7171ef,21923,8.8192,143
747cb08,31303,8.8192,198
e95b4a0,31205,8.8192,198
ccb72f9,26303,8.8192,143
5ce58486,27840,8.8192,143
65c30b99,23408,8.8192,143
46d09335,24707,8.8192,171
11db6dac,17051,8.8164,119
61ea0aa5,18794,8.8192,122
1d40852e,23442,8.8192,143
1c885ac2,25325,8.8192,143
5e833b5d,20837,8.8192,143
147f9b2c,28482,8.8192,143
428eb647,22578,8.8192,143
25f11424,17580,8.8164,122
1d57cdc4,23025,8.8192,143
7b711412,21737,8.8192,143
3cef91f2,27239,8.8192,143
61d31330,31224,8.8192,198
1474687c,17578,8.8192,122
5421dbb8,16774,8.8137,109
795ca52c,12570,8.8192,77
a7eef91,11706,8.8164,85
4ade8f2d,28289,8.8164,143
10f871d5,19409,8.8164,122
c91c323,28163,8.8192,143
716ea747,29459,8.8192,198
4ff7f9a0,26643,8.8192,143
1c524f52,31749,8.8192,198
1e581f20,18892,8.8192,122
6ac2073b,20648,8.8164,143
6464fdee,22042,8.8192,143
3a9b5f5d,18207,8.8192,132
6676a662,20866,8.8192,143
1cf79e48,30300,8.8192,198
5fbf8bb5,26623,8.8192,143
3fbe56a8,30528,8.8192,198
6ca8a28b,31434,8.8192,198
4c8d7488,28360,8.8219,143
6fccbc8f,19736,8.8219,137
220abcc8,20299,8.8164,146
61bb5d3b,21409,8.8192,143
b9ffef8,20978,8.8219,143
2c91e237,22061,8.8219,143
4d8d234c,21371,8.8219,143
1a114bf9,29809,8.8219,198
26330bee,25372,8.8219,143
51a80f1c,18360,8.8219,133
253443ef,17794,8.8192,122
6179d24,18763,8.8219,122
38459a73,21594,8.8219,143
2904b288,25765,8.8219,143
2ea8a77c,28644,8.8219,198
146cf130,17906,8.8219,122
6e77cc,21635,8.8192,143
48dc9b6d,21889,8.8219,143
cf215bb,26372,8.8219,143
678ac01e,19263,8.8192,122
149c48ae,21642,8.8192,143
2bc578c0,25016,8.8219,143
22ff74a9,22266,8.8219,143
673f8de6,25797,8.8219,143
7bfc1377,19453,8.8219,122
55534bad,28145,8.8192,143
4ac7b626,25281,8.8219,143
3ce85ee8,26485,8.8219,143
2723a42e,22032,8.8219,143
3c5f6c16,20397,8.8219,143
4b5e9b3d,21189,8.8219,143
35bf93a0,22271,8.8219,143
f8753ed,21562,8.8219,143
6df937d5,25174,8.8219,143
487fa1d7,18300,8.8219,122
77475c96,17718,8.8219,122
3e2cf34d,25744,8.8219,177
b81c75e,24352,8.8192,143
3e45aee0,22484,8.8219,143
732bf652,10710,8.8219,81
2a44d5e1,21099,8.8219,143
2ffa4cc0,23477,8.8219,143
7be6c4dc,23199,8.8219,143
3c5bc571,23557,8.8219,143
1458eb15,20251,8.8219,143
10ee3dce,19449,8.8219,122
1c8909ef,31738,8.8192,198
6168caf2,28039,8.8219,143
3faebe3,28140,8.8192,143
629ba61f,19541,8.8219,137
36891dd2,21109,8.8219,143
11116eab,21977,8.8219,143
3081dae,31154,8.8219,198
45603a99,23024,8.8219,143
7a74d774,26609,8.8219,143
2c817383,24264,8.8219,143
47fbaafa,22500,8.8219,143
4ed3265,18225,8.8219,122
1e137065,15138,8.8219,103
4ccf3d01,20207,8.8219,143
5a6335cc,27251,8.8219,143
6709683,22917,8.8219,143
6be3f232,19644,8.8219,137
6ef62773,26021,8.8219,143
2df8b234,19221,8.8219,122
2fbeed86,19960,8.8219,122
5b38f821,23077,8.8192,143
544adcfa,16531,8.8219,114
42a918a,19368,8.8219,122
6c2bea29,28415,8.8219,143
33f0baf,19164,8.8164,122
3421e8f7,20401,8.8219,143
28c4f7a2,19270,8.8137,122
783285f1,25328,8.8219,143
4b7b427c,23852,8.8219,143
70a66db4,22453,8.8219,143
7f50fde5,22341,8.8219,143
1321f2f3,19405,8.8219,122
2582a49,25332,8.8192,143
41d03c7b,31754,8.8192,198
39174e71,23291,8.8219,143
253d85ca,26302,8.8247,143
6674e946,23836,8.8247,143
26073217,21399,8.8247,143
50cb8863,17070,8.8247,119
3cc01e63,18573,8.8247,122
6cba56d3,29875,8.8247,198
2d45acdb,30387,8.8247,198
32cdb4ee,17722,8.8219,122
41af107b,28828,8.8247,198
132fe543,23626,8.8247,143
2d1d253b,22489,8.8247,143
2863406a,27378,8.8247,143
2d3e7737,9328,8.8219,73
720bdcba,22280,8.8192,143
1e622a45,19592,8.8247,137
5a92e04f,19630,8.8164,137
685a67de,21688,8.8192,143
4cbb3e5,16765,8.8247,109
280951ca,17299,8.8247,122
2736668c,27701,8.8219,143
6aeb6abd,22057,8.8247,143
331d1f99,19268,8.8247,122
33e6a89e,19388,8.8247,122
51032829,30009,8.8247,198
45952683,26405,8.8219,143
741a020e,28107,8.8247,143
72bee64b,30291,8.8219,198
6f25687f,20833,8.8247,143
3ab4da55,27405,8.8219,143
567952be,22955,8.8247,143
7257300d,9351,8.8247,73
77de1cb2,26198,8.8247,143
6ba4166e,27017,8.8219,143
77544506,18562,8.8247,122
3cc8d4b9,19907,8.8164,122
47e859c9,29880,8.8247,198
3bf4741e,16208,8.8219,109
70281268,23802,8.8247,143
2501151e,23255,8.8247,143
5f96601b,19955,8.8247,122
47daab73,26231,8.8247,143
7c7ad8b0,23765,8.8219,143
77515ab2,22664,8.8164,143
2459063d,29203,8.8219,198
5ad508a3,26534,8.8247,143
612e8d5c,23595,8.8247,143
362f3d5a,27999,8.8247,143
24bc99df,22093,8.8247,143
5945c330,26166,8.8247,143
64ad6568,27153,8.8247,143
4eb3ef3b,25796,8.8219,143
249f7a43,30725,8.8219,198
533461a3,25228,8.8247,143
143394df,22633,8.8247,143
441f3645,18161,8.8247,122
42c7196e,18398,8.8219,122
1e8c78ae,26763,8.8247,143
4d4eb27b,2947,8.8247,32
12dc94f3,20234,8.8247,143
6295c672,23904,8.8247,143
18e3bf27,30141,8.8192,198
20061b2a,28306,8.8219,143
560b78d5,25159,8.8247,143
1ae19230,21850,8.8247,143
1f7e1ccc,18764,8.8247,122
f318b42,18950,8.8247,122
27187a1,23670,8.8247,143
1497e5cd,19032,8.8247,122
7be013ef,28007,8.8247,143
7888ec4a,18131,8.8247,122
764a2075,23841,8.8247,143
5dd80afc,19759,8.8192,140
26dc05c3,19968,8.8247,122
190947ee,21749,8.8247,143
3ee79532,23828,8.8247,143
2375f7f8,28885,8.8247,198
65c11c48,27203,8.8219,143
36241129,22623,8.8247,143
5d1ea027,9309,8.8247,72
34684cda,17932,8.8247,122
382ea798,17435,8.8219,122
d71e5cd,19170,8.8247,122
5560df89,26273,8.8247,143
435b2155,28619,8.8247,198
35a3ab78,23008,8.8247,143
78fcd833,18902,8.8192,122
2475ef90,22517,8.8247,143
3fa7c0ee,24404,8.8219,143
2b33dc32,19256,8.8247,122
31780188,20044,8.8247,143
19a894b4,20011,8.8247,143
70beaf2,22902,8.8247,143
326c646d,21963,8.8247,143
43e957e9,17701,8.8247,122
1eb97614,22747,8.8247,143
463d434b,28074,8.8274,143
7559e5d6,28435,8.8274,143
172308ed,18493,8.8274,122
2945cf4b,25673,8.8274,143
2c4889ad,18497,8.8274,122
1efc43ff,30948,8.8274,198
4ba08fe2,25359,8.8274,143
6dfeeebc,19046,8.8274,122
672baac6,19561,8.8274,137
6840a2ae,26047,8.8274,143
14dff7e2,18134,8.8274,122
5bcfb504,25015,8.8274,143
61884921,28345,8.8274,143
cb0d26c,19738,8.8274,137
673b44ff,23043,8.8274,143
1c4e409c,11707,8.8274,85
41faba89,19047,8.8274,122
68b1bf5b,20253,8.8247,143
5510120e,29103,8.8274,198
412ad4d7,16872,8.8274,119
6207d0b6,9313,8.8274,72
7a9f0ca,26934,8.8274,143
527c0253,22579,8.8274,143
4567f8a7,22442,8.8274,143
19b912dd,25815,8.8274,143
515e9e80,21719,8.8274,143
63027062,24839,8.8274,171
19da0e65,19790,8.8274,137
4824c879,19590,8.8274,137
ca2e1e3,29122,8.8274,198
6dabf563,23170,8.8247,143
1dda19d4,24675,8.8274,171
543a852c,25384,8.8274,143
1f5b8942,9207,8.8274,70
3a33f8d2,30014,8.8274,198
801021a,21954,8.8274,143
32167df6,25842,8.8274,143
50df1062,27096,8.8274,143
4558be77,25307,8.8274,143
454b5015,18793,8.8274,122
a3942a0,26209,8.8274,143
609bd506,27844,8.8274,143
600a0add,18668,8.8274,122
60a1abad,18602,8.8219,122
7ff59454,9359,8.8274,73
41f85d49,21425,8.8274,143
7194fb49,20859,8.8274,143
374b22ef,19389,8.8274,122
1c05da15,26228,8.8247,143
4f01aaf5,18208,8.8274,132
77ee7f7,22512,8.8274,143
4c10b449,25886,8.8274,143
2d9bc91,20434,8.8274,143
1a085031,26679,8.8274,143
286fe417,18637,8.8219,122
7767689d,16998,8.8274,119
6afbb5ed,21948,8.8274,143
2300e607,26542,8.8247,143
7b51a38e,20548,8.8247,143
2c49bfaf,23185,8.8274,143
1b2a3316,16636,8.8247,109
42c29595,10711,8.8247,81
3fbedeaa,22368,8.8247,143
4983cb11,28469,8.8247,143
49055700,27179,8.8274,143
28d02d48,28075,8.8274,143
622819c7,19407,8.8274,122
2b2ad0a6,22851,8.8274,143
48f43f94,17668,8.8274,122
3c7da333,18624,8.8274,122
61e7e1af,27672,8.8274,143
43233a75,21679,8.8219,143
71e07932,18342,8.8274,122
3ef16d57,26381,8.8274,143
5710ed82,22621,8.8274,143
9249456,19732,8.8274,137
530ee795,31203,8.8274,198
66a0a376,27490,8.8274,143
c42d680,22779,8.8247,143
360c2edd,27427,8.8219,143
1b279a6e,18714,8.8274,122
3f31e4d0,16405,8.8274,112
5ce94b53,9187,8.8274,67
b44fcd5,22966,8.8274,143
2c97f339,20348,8.8274,143
1c30951f,21029,8.8274,143
a95f619,29535,8.8247,198
269b01ca,23463,8.8247,143
3586201b,22491,8.8274,143
2d86c3d9,19410,8.8274,122
806dd4e,18305,8.8274,122
76ed08d5,18481,8.8274,122
72ef68eb,19540,8.8274,137
696cf564,29594,8.8274,198
573eb9aa,28373,8.8301,143
490ba838,19183,8.8301,122
40aa39c2,27003,8.8301,143
231cd705,26555,8.8219,143
4e632366,22063,8.8301,143
6cb230e9,17184,8.8274,119
78ec1f2f,20936,8.8274,143
79d3cc43,31204,8.8301,198
40a1044b,25829,8.8247,143
69995dd9,28238,8.8301,143
3eb63b9f,23605,8.8301,143
437e71d8,26506,8.8301,143
5b731bff,26684,8.8301,143
78a7e2dd,29208,8.8301,198
4836297b,22632,8.8247,143
4e37ecea,25326,8.8301,143
4eb286f4,26150,8.8301,143
c904428,23761,8.8301,143
578b28b4,26767,8.8301,143
77424495,23235,8.8301,143
47821b14,17432,8.8301,122
46d4cf8,20914,8.8301,143
2b922b0a,22889,8.8301,143
439be7a2,23555,8.8301,143
261875a8,25306,8.8301,143
6c7fb7c,18129,8.8301,122
719590c4,27082,8.8301,143
1f710882,30812,8.8301,198
3cb5a39,26629,8.8274,143
34c95b9a,27431,8.8274,143
669bdadd,28315,8.8247,143
3bd5657a,27545,8.8301,143
2c775f9a,27509,8.8301,143
413b9bb4,22002,8.8247,143
7534d2bf,18105,8.8301,122
4d41a3f6,23821,8.8301,143
5dafe191,20867,8.8274,143
4bb2ee31,22067,8.8274,143
18c07cd2,22716,8.8301,143
58de322f,23938,8.8301,143
7a5ff3cc,28433,8.8301,143
26c059d0,29501,8.8274,198
3dfd9736,23945,8.8301,143
141b95ec,20571,8.8274,143
115fd530,19219,8.8301,122
35750012,25157,8.8301,143
d8b6867,25517,8.8274,143
64e065ad,27269,8.8301,143
2c1c3828,21858,8.8274,143
43058ece,23175,8.8301,143
5eed632c,17425,8.8274,122
39c7b851,30203,8.8301,198
74571a39,26345,8.8301,143
1b4b9983,27192,8.8274,143
2e0a6dc5,22624,8.8301,143
6c87d3e8,27754,8.8274,143
2a0b4d65,19500,8.8274,122
66410ccf,18007,8.8274,122
21810605,16537,8.8301,113
5c1823b5,23409,8.8247,143
f0cfd8d,30891,8.8274,198
2c883d36,19255,8.8274,122
159ae311,21372,8.8301,143
3ba9fdde,26421,8.8247,143
42c16b1c,17102,8.8301,119
6b59fc6f,30950,8.8301,198
76417f3a,28554,8.8301,143
1b4d9d49,19180,8.8274,122
529d8cb7,20760,8.8301,143
39681e0e,23110,8.8301,143
7683b80f,23657,8.8301,143
b46b14a,22321,8.8301,143
7c96d2be,26247,8.8301,143
42d001af,23060,8.8301,143
29788a3a,23388,8.8301,143
170ab2be,25996,8.8301,143
1c8387bd,28318,8.8301,143
5d4391c3,21876,8.8301,143
42cfb1c0,23161,8.8301,143
1f5c3ebd,22214,8.8301,143
72185e36,18355,8.8301,133
30c59d89,21407,8.8301,143
7da23628,28288,8.8274,143
7149cfdb,16763,8.8301,109
f9eae99,22426,8.8301,143
3f47b8b2,21191,8.8301,143
23f25306,31225,8.8274,198
1c7a77b4,21981,8.8247,143
1d34a865,27688,8.8301,143
66eae8c4,26149,8.8247,143
3c284b2d,24363,8.8301,143
64ea5e83,31756,8.8301,198
55315b7b,19749,8.8301,137
1ab951be,30487,8.8301,198
2ba426e5,26127,8.8301,143
1d8c7b54,26210,8.8301,143
4239111d,25659,8.8301,143
640127e,16545,8.8301,113
125d8c45,19324,8.8301,122
18c413e5,19612,8.8301,137
66ec9d72,27392,8.8301,143
6cd7d94b,23842,8.8301,143
12165f30,27240,8.8329,143
2a753dac,19383,8.8301,122
3f526eb,4857,8.8301,1
7a3fab59,22019,8.8329,143
5a7094f1,19531,8.8301,137
596b4a4e,30321,8.8329,198
70267f24,19726,8.8329,137
77c4671a,15585,8.8219,103
159960e1,18063,8.8329,122
2a77a452,31419,8.8329,198
696b2167,23835,8.8329,143
3dc377e7,16492,8.8301,109
79dae78a,19228,8.8301,122
6e1899d7,20599,8.8329,143
5ec8ed6a,17085,8.8329,119
434b3418,27766,8.8301,143
7812c51b,21786,8.8329,143
56da9b24,12971,8.8329,77
21a024ef,19412,8.8329,122
7ca66609,21864,8.8329,143
659c674a,21184,8.8301,143
49badfba,9332,8.8301,73
b484cff,26807,8.8329,143
9c9e509,24369,8.8329,143
46905c17,26379,8.8301,143
40b0d5b8,24395,8.8329,143
95646e5,17994,8.8329,122
56c26793,17715,8.8329,122
4ff11b6b,21498,8.8274,143
bc59666,23634,8.8329,167
4d1e8fb3,15417,8.8329,103
7644899b,18133,8.8274,122
485903af,18330,8.8329,122
48860d56,22232,8.8329,143
3129ee7b,29797,8.8301,198
4d469ac7,28290,8.8329,143
16f8389e,18571,8.8329,122
2f225ee5,23988,8.8301,143
7d7802cb,17963,8.8329,122
6185afc5,29151,8.8329,198
35c6129,28434,8.8329,143
54379514,17535,8.8329,122
69df3c01,28887,8.8329,198
540c05ab,16981,8.8329,119
34b9632a,26544,8.8329,143
5ccecf9c,21224,8.8329,143
5d0a68be,21863,8.8329,143
4c61df30,20326,8.8329,143
78f4aa4a,29899,8.8329,198
7ab264d,27969,8.8301,143
38a1437d,22997,8.8301,143
2db3bb0b,9334,8.8329,73
6f6969d2,22182,8.8329,143
3292288f,20937,8.8301,143
6c55e9de,27760,8.8329,143
5c0e7cbc,16609,8.8329,109
788db916,21384,8.8329,143
5b7830d8,27161,8.8329,143
343f5aaf,19413,8.8247,122
18203970,27145,8.8301,143
37644d54,23265,8.8329,143
223417a7,9333,8.8329,73
1c9ba40c,22868,8.8329,143
38500dc9,26919,8.8329,143
21a2580a,20906,8.8329,143
3439bf87,23232,8.8329,143
36b20f88,23135,8.8329,143
e3462d2,16358,8.8329,109
3d650916,22399,8.8301,143
44d94cba,16706,8.8329,117
6231c5e6,20435,8.8301,143
4fbe1980,18080,8.8329,122
5a8694d8,23190,8.8329,143
54b4afae,20047,8.8329,143
38464e2b,23443,8.8247,143
70b32ba,18682,8.8329,122
69c556d7,17242,8.8274,119
45580823,23061,8.8301,143
18fd4d9e,27703,8.8329,143
12407fbc,22713,8.8329,143
4c0001ac,2948,8.8329,32
f308515,20133,8.8329,143
7dd3b8d0,27879,8.8329,143
6c7f8549,23580,8.8329,143
7eaec095,26908,8.8329,143
20bef40b,21195,8.8329,143
2badc524,19529,8.8329,137
4bd8edb9,23719,8.8329,143
5b9d7c46,17159,8.8329,119
c54c592,28248,8.8329,143
4995b5d9,24438,8.8329,143
45ac3c77,18684,8.8247,122
756307c8,24215,8.8329,143
1a2b73d5,21937,8.8329,143
5f3134a3,28314,8.8329,143
11931ed2,16548,8.8247,113
3b6e69e1,26000,8.8329,143
1f05b57f,17109,8.8356,119
72b5bc10,26642,8.8301,143
24770ac9,16516,8.8356,113
6c9e4ec7,28059,8.8356,143
7b2a899c,30520,8.8356,198
42c9f1b8,16547,8.8301,113
5e82b066,24077,8.8356,143
108d29a,24255,8.8356,143
5654f15c,24165,8.8356,143
dfcf8c4,9305,8.8356,72
1db5a130,24347,8.8356,143
1fe15089,30322,8.8356,198
3433c37,21057,8.8356,143
4809bdb9,25816,8.8356,143
f522a20,19225,8.8356,122
3f5ea6db,18482,8.8356,122
25e68783,21207,8.8356,143
4de6e3d9,22081,8.8356,143
435e0b4e,31319,8.8356,198
200712f3,26917,8.8329,143
5d0a4555,19224,8.8356,122
3e1a3ff9,28767,8.8329,198
74b82e9f,25079,8.8356,143
65737514,19234,8.8356,122
1c19f3a5,18102,8.8356,122
7dfb73c3,22516,8.8356,143
449bc90c,18584,8.8356,122
12f17e72,20267,8.8356,143
27086665,23114,8.8356,143
59ad6c45,27407,8.8356,143
7fee69d8,20324,8.8356,143
66758ab9,24105,8.8356,143
22ae35c,17839,8.8356,122
30d77818,22861,8.8356,143
3c7b6773,29837,8.8356,198
76111207,25191,8.8356,143
23f43f9a,17566,8.8356,122
4fcf2ed5,25273,8.8356,143
31308c01,31235,8.8356,198
33ba6d52,29879,8.8329,198
5f9c85d5,23537,8.8356,143
6913a175,19415,8.8356,122
21443c97,19321,8.8329,122
5cf668d2,20959,8.8356,143
3c464ee3,19095,8.8329,122
7cfd693,29914,8.8356,198
73a3c716,22702,8.8356,143
1cfc8148,23608,8.8356,143
12c3f562,22065,8.8356,143
6bc1d2e7,20306,8.8329,143
63723fe,25393,8.8356,143
5a8784f0,25144,8.8356,143
7eb904b1,25449,8.8356,143
735c96e1,25214,8.8356,143
16ef2487,18123,8.8356,122
29f8cd77,26935,8.8329,143
1f52c875,28133,8.8301,143
82eaee0,23125,8.8356,143
670a787e,21625,8.8356,143
8f6829d,30538,8.8356,198
1eee296,18616,8.8356,122
7cca05e5,20835,8.8329,143
84b8466,20779,8.8329,143
48b75b8a,27665,8.8356,143
7469da6b,19827,8.8356,122
2657c22,25411,8.8356,143
2e2ca4a6,21170,8.8356,143
5cb5c1e2,31331,8.8356,198
6635e29d,16980,8.8329,119
4f181615,19331,8.8356,122
45a82c4,25331,8.8356,143
7692e97c,24874,8.8356,171
7c2816ec,26918,8.8356,143
3ffacc39,24226,8.8329,143
30dddd6d,4469,8.8356,1
60412510,23139,8.8356,143
179f96d,22126,8.8329,143
680b767f,16707,8.8356,117
3663f8a6,29397,8.8356,198
2d53bfa,17237,8.8356,119
5f6332df,28602,8.8356,198
119f1acf,25926,8.8356,143
22142e0d,20614,8.8356,143
7bbbb9e4,18704,8.8356,122
b9b4421,22965,8.8329,143
3b7f31b4,26219,8.8356,143
4d287a47,23256,8.8356,143
2488584f,18570,8.8329,122
276f6e95,22798,8.8356,143
76049c15,19332,8.8356,122
78f03ad0,22062,8.8356,143
1e5c4fa1,23010,8.8301,143
421b9139,23076,8.8329,143
548b5a1f,26281,8.8329,143
102d495b,27873,8.8356,143
15afbcfc,20872,8.8356,143
691cc2b8,17824,8.8329,122
4593ad46,27965,8.8356,143
ba37529,20402,8.8356,143
713e9297,23136,8.8301,143
e0ab0e3,21891,8.8356,143
662aa582,17396,8.8356,122
76b09e53,29921,8.8356,198
739f0038,21110,8.8384,143
28492b00,27189,8.8384,143
1b7c9d3e,23089,8.8384,143
694cda04,21006,8.8384,143
625989d5,30100,8.8356,198
329afb5,21423,8.8384,143
7c434783,18361,8.8384,133
73d02ef5,26920,8.8384,143
5de9167b,27004,8.8384,143
13734e74,21620,8.8384,143
623813,30015,8.8384,198
756a7cc6,21591,8.8384,143
73f4318,27761,8.8384,143
c30cff4,26481,8.8384,143
1270d74a,26614,8.8356,184
1b793b9e,19601,8.8384,137
71aeacea,9162,8.8384,67
3d53f87b,21912,8.8384,143
40894b4a,28753,8.8356,198
54d70e96,25136,8.8301,143
6a07a59,16773,8.8356,109
2412cad6,21595,8.8329,143
2ecb0605,30315,8.8384,198
42041ef4,28472,8.8356,143
4773d65f,12962,8.8384,77
7585e01d,26397,8.8384,143
3082b86,20777,8.8356,143
619976ad,24840,8.8384,171
388185ef,30525,8.8384,198
ac1d1e0,22125,8.8384,143
62de0fea,19229,8.8356,122
20485c2c,18568,8.8384,122
a4e6a96,23682,8.8384,143
2c67c1a2,28000,8.8384,143
4eac513e,28381,8.8384,143
37cf98a7,26538,8.8384,143
2842dcc3,24827,8.8384,171
3a3a72b8,21268,8.8384,143
1633e160,26867,8.8356,143
5d7259a1,16713,8.8384,117
63682208,25743,8.8384,177
aae336f,31153,8.8356,198
39febbb,19232,8.8384,122
4c6f0538,20024,8.8329,143
3d785e10,23518,8.8384,143
6e3516df,20447,8.8356,143
157b653d,22937,8.8384,143
6945961a,21869,8.8329,143
27f6012c,22748,8.8384,143
5d3708cf,29735,8.8356,198
1b727e58,18062,8.8384,122
10de0b67,17178,8.8384,119
75ca08c3,24535,8.8384,171
72646f4c,20425,8.8384,143
7dc2389c,25143,8.8384,143
5d984f30,27636,8.8384,143
68901d0a,27299,8.8384,143
3dfdf2d7,25215,8.8384,143
185479bb,24835,8.8384,171
74beb4f5,24348,8.8384,143
6bc0949d,28600,8.8384,198
39f9a878,29086,8.8384,198
25b875d,20192,8.8384,143
3c392ff,18867,8.8384,122
6c488a66,17509,8.8384,122
188645ff,19040,8.8384,122
46b958dd,25636,8.8384,143
59f27e9f,19435,8.8384,122
7141c47d,20252,8.8384,143
5b42de17,19308,8.8384,122
57310a12,18847,8.8356,122
1d7d90ed,27740,8.8356,143
6260cd13,31288,8.8384,198
2f1f052e,20074,8.8384,143
7021fb45,30885,8.8384,198
1aaf754,19514,8.8384,122
6546aa27,19133,8.8384,122
32a7f5d4,18035,8.8384,122
77a2807d,24425,8.8384,143
3232c990,23696,8.8384,143
4d23db16,15160,8.8384,103
1b6595b1,20960,8.8384,153
4ba21368,20196,8.8384,143
46a6569d,17795,8.8384,122
150ede34,27430,8.8384,143
22f11939,18885,8.8384,122
7913675c,30699,8.8411,198
df5c45d,23648,8.8411,143
6ee954a9,27005,8.8384,143
44fbb09c,20502,8.8301,143
263016d8,21460,8.8411,143
5c4f96f,27755,8.8411,143
21acb962,18331,8.8411,122
384a829b,18048,8.8411,122
69b7fe68,25488,8.8411,143
1eead59c,26394,8.8411,143
3c4758af,12579,8.8384,77
78e481ec,18679,8.8411,122
14d68a31,17104,8.8411,119
13ce2fa7,27550,8.8411,143
5cd8fb02,20243,8.8411,143
5adc5216,22613,8.8411,143
66b4340,16637,8.8411,109
264cd6be,26227,8.8411,143
3dd7399e,28518,8.8411,143
5a380d0,25911,8.8411,143
590ea267,30479,8.8411,198
505719f4,20335,8.8411,143
19b776de,26764,8.8411,143
1da8a7bf,28379,8.8384,143
49401da,23480,8.8356,143
28a596b5,26406,8.8411,143
176fab14,17703,8.8411,122
a0604f9,29925,8.8411,198
52cbcf59,29695,8.8411,198
678d1647,27055,8.8411,143
33943a9b,18949,8.8411,122
76758e0b,21271,8.8411,143
72e1ae4e,26170,8.8411,143
48fa5d27,30323,8.8384,198
4447f266,23606,8.8411,143
1e983933,16705,8.8411,117
61f47770,27508,8.8411,143
7bfd1d0c,20811,8.8411,143
d214d7,18261,8.8384,122
5f5ce45f,29461,8.8411,198
1d514733,25344,8.8384,143
e573ce8,28861,8.8411,198
1eb3f559,28154,8.8411,143
3946da9,19162,8.8411,122
26f594cc,25499,8.8384,143
318a27fe,23300,8.8411,143
60ded5b,25255,8.8411,143
795c9fe,22577,8.8411,143
d4c7e34,26190,8.8384,143
6d991db4,25404,8.8411,143
4974269,15419,8.8384,103
4f480b79,18940,8.8411,122
5ab1d5db,18687,8.8411,122
4e3dcb28,28559,8.8411,143
2d64a13c,18304,8.8411,122
43b7c77a,28484,8.8411,143
66660605,24602,8.8356,171
585c94aa,17288,8.8411,122
5039b3dc,26868,8.8411,143
2d4822b6,16766,8.8411,109
7bc84f34,22598,8.8411,143
478d7d23,23238,8.8411,143
30d559b5,22212,8.8356,143
5ab7915d,17845,8.8411,122
21916d4e,22673,8.8356,143
3606552f,19272,8.8384,122
f8e1d34,29578,8.8356,198
23460d83,18723,8.8384,122
459d4dcf,25536,8.8411,143
158f6364,21061,8.8411,143
41b6d77e,21390,8.8384,143
2e92751e,20075,8.8411,143
3e2e05c1,28454,8.8384,143
2d172d92,27324,8.8411,143
7531c4ca,23355,8.8411,143
3bffc7a0,21442,8.8411,143
72709066,31265,8.8384,198
3b04b4fa,30104,8.8411,198
741b22cf,23724,8.8411,143
99c1d76,31358,8.8411,198
4c1b0922,1844,8.8384,24
6313a1c7,20797,8.8411,143
59215367,26860,8.8411,143
1516ee63,19761,8.8356,137
7c08361a,18179,8.8384,122
3a5df89e,25626,8.8384,143
684e72a0,17581,8.8411,122
162dfbf7,23745,8.8384,143
13bbe674,25775,8.8411,143
34ea6aa7,22805,8.8411,143
96f22c6,18326,8.8411,122
12af9a39,27704,8.8411,143
6b2439d8,27257,8.8411,143
c7cc949,17475,8.8384,122
7cf5a312,23244,8.8438,143
126590e7,19537,8.8411,137
78061d2f,25707,8.8438,143
5845818a,31254,8.8438,198
32992d4a,29734,8.8438,198
6325f538,20352,8.8438,143
5df9b313,21434,8.8438,143
294420f7,22048,8.8438,143
524cbbe8,19930,8.8438,122
1e8c08ac,20000,8.8438,143
7ce3d9de,24254,8.8438,143
e7d4145,22440,8.8438,143
6b68be5,27863,8.8438,143
3112e320,22669,8.8438,143
4fa544c6,28346,8.8438,143
2bb6531e,9311,8.8411,72
19ed1c2e,17847,8.8438,122
3f40e7d0,18552,8.8411,122
5aa6178a,24407,8.8438,143
43119163,19482,8.8411,122
32ece943,18387,8.8438,122
aaaf6a9,28562,8.8438,143
60daaa31,26939,8.8411,143
2f0fb5c0,19649,8.8438,137
7afce793,18180,8.8411,122
27be49db,26416,8.8411,143
1280e43f,17086,8.8411,119
58a1c645,19254,8.8438,122
4073e21a,25490,8.8438,143
5d2e45f8,29059,8.8438,198
389652cb,22780,8.8438,143
80b2f17,19207,8.8438,122
1d3f8335,29864,8.8438,198
1578f026,22504,8.8438,143
4203d1ba,27254,8.8438,143
6d2d5d87,11088,8.8438,77
3c8fb4a2,21488,8.8438,143
5d48ae2d,27081,8.8438,143
19a2a3f,29736,8.8438,198
65c8eee,16484,8.8438,109
47b70023,28630,8.8438,198
5f96e73e,23368,8.8438,143
f8de521,20027,8.8438,143
6d4431c0,18767,8.8384,122
128d8253,18106,8.8438,122
7a4a282b,21037,8.8438,143
71bede6d,28596,8.8438,198
1a8e7eae,20580,8.8411,143
5688960e,19857,8.8438,122
28e91996,20112,8.8438,143
32232440,21615,8.8438,143
7b86c0a6,27570,8.8438,143
34977d0,23241,8.8438,143
3015577a,21930,8.8438,143
6adb0219,28109,8.8438,143
78f1c1aa,23127,8.8438,143
1834528b,22318,8.8438,143
508b51aa,21636,8.8384,143
62725a68,16476,8.8384,109
5d4be74,21745,8.8438,143
14f83b1d,27567,8.8438,143
2ee29303,26246,8.8384,143
2ab7ccbf,22797,8.8438,143
24ee8174,28446,8.8438,143
54bf2e9b,28462,8.8411,143
14ad7c2,21794,8.8438,143
4b4b93cc,11087,8.8411,77
3b8a3663,28129,8.8356,143
39e80fed,21193,8.8411,143
46d9d55d,19445,8.8438,122
11faee83,18107,8.8438,122
7ba9ebf1,27154,8.8438,143
6fa82c0e,18209,8.8438,132
67537f9b,26537,8.8411,143
219b0b04,23604,8.8411,143
15d99aa5,21222,8.8384,143
3bbf1c4c,27660,8.8438,143
47ec1307,26607,8.8438,143
44ec6f47,23292,8.8438,143
3ed6e3d5,22513,8.8438,143
67835a18,17840,8.8438,122
1546c9,24423,8.8411,143
241d77d8,25653,8.8438,143
3ce3c77,29209,8.8438,198
a8fbf90,19384,8.8384,122
77a16743,17340,8.8438,122
384d6dd8,18159,8.8438,122
381b4af8,25352,8.8466,143
4a12d322,17378,8.8466,122
3d9686cf,22634,8.8438,143
41f16541,20372,8.8438,143
d482028,16549,8.8466,113
1201f30a,26402,8.8466,143
4ed6b9ab,19999,8.8466,143
47ffee40,22994,8.8466,143
d6e4093,20059,8.8466,143
10ea6b97,25914,8.8466,143
6b0a83c0,27503,8.8466,143
53bfed0f,18625,8.8466,122
2c2a5533,28447,8.8466,143
6f5f25f2,21081,8.8466,143
2f701959,27351,8.8466,143
5074bf5a,16724,8.8466,109
7c0ff7ce,16873,8.8466,119
272a6b1,22906,8.8466,143
103b1d0,24587,8.8466,171
1362abb4,18582,8.8438,122
149463b8,21375,8.8438,143
61ef901f,16529,8.8466,114
deb3c59,27777,8.8438,143
48b7b11d,22319,8.8466,143
62ddaa6b,23098,8.8466,143
750ddfaf,25676,8.8466,143
6f3fc9a7,19740,8.8466,137
42b3fb15,25375,8.8438,143
5fc1f434,22209,8.8466,143
50408355,23071,8.8438,143
4babde55,18377,8.8466,122
161def66,20876,8.8466,143
6e36ad03,20809,8.8411,143
462dc9c5,17398,8.8411,122
1223a07e,21792,8.8466,143
76f9d19,23508,8.8466,143
7e70344d,24440,8.8466,143
623568c1,20355,8.8466,143
56bba9a7,27018,8.8466,143
5914d35e,21630,8.8466,143
22681a30,26221,8.8466,143
5dc5906c,21003,8.8466,143
56b8fce2,20275,8.8466,143
29494b48,21223,8.8466,143
4b927dcb,26809,8.8466,143
3aa5d225,27762,8.8411,143
2beb767f,16408,8.8466,112
481b7b41,24104,8.8466,143
103f2bac,28272,8.8466,143
49fe774,22213,8.8438,143
74372116,19373,8.8438,122
5e07c7a6,26377,8.8466,143
67659da2,20646,8.8466,143
eeea8a9,28362,8.8438,143
75314a47,23064,8.8466,143
38c3ea66,28128,8.8438,143
7380f851,16898,8.8466,119
6e81bef4,24806,8.8466,171
4c4e5a86,24818,8.8466,171
850bd68,28878,8.8466,198
77ccad57,22174,8.8466,143
50fbf912,25658,8.8466,143
24cdc12c,17179,8.8438,119
29fb8320,26460,8.8466,143
3bcf255d,20128,8.8466,143
3473785f,23732,8.8466,143
7efd0b5c,27349,8.8466,143
b6a7520,17849,8.8438,122
49cd4cdd,21626,8.8438,143
6653643b,26988,8.8466,143
70e23446,22034,8.8438,143
28f99c0f,24162,8.8438,143
bf19669,22235,8.8466,143
76fe4990,28316,8.8438,143
175f130d,25818,8.8438,143
73a2ec0d,24181,8.8438,143
74e76ece,20171,8.8466,143
70510b0b,24103,8.8466,143
7964b9b5,25330,8.8466,143
1f79a977,22282,8.8466,143
7b5fec11,20377,8.8438,143
34017caa,25373,8.8466,143
4c702072,28106,8.8466,143
1e900a9a,19828,8.8466,141
1aab423d,16478,8.8438,109
2fa0602c,25662,8.8466,143
257099ee,25995,8.8438,143
68ce4e82,9287,8.8466,67
42b6638e,19789,8.8466,137
76145ddb,30949,8.8438,198
366e438e,16471,8.8466,109
17f00344,21471,8.8466,143
d50f566,20953,8.8466,143
597e9b92,17793,8.8438,122
1dc8d100,20586,8.8466,143
a350bde,25385,8.8466,143
c4243b,19934,8.8466,122
2dcb9dba,24008,8.8466,143
765009d2,22749,8.8466,143
5419873d,20163,8.8466,143
32031105,24317,8.8466,143
7d4e0795,31306,8.8466,198
755d8479,24033,8.8438,143
40ae125,22151,8.8438,143
c1f9a4f,28365,8.8466,143
7693278f,20947,8.8466,143
726266ef,21621,8.8493,143
6a5a27f1,26309,8.8493,143
56fb2d93,23021,8.8493,143
73bd188f,17397,8.8493,122
20edcc14,25762,8.8466,143
41d993f8,26393,8.8466,143
7a07419d,28754,8.8493,198
61655732,19712,8.8493,137
2f26ba66,17649,8.8493,122
226dba29,25303,8.8493,143
62260c50,23736,8.8411,143
29b10be1,28292,8.8493,143
33de613b,30102,8.8493,198
7d1539f6,19261,8.8493,122
7cad299b,24788,8.8493,171
248a470c,30329,8.8493,198
2e3bfed2,23934,8.8493,143
ff416f7,29654,8.8438,198
4fe3798b,17548,8.8493,122
5a97701d,23903,8.8493,143
2babd8f3,21950,8.8493,143
44720df,26456,8.8493,143
4b3c90bb,31765,8.8493,198
14fb8a8f,20941,8.8493,143
50bc2efd,24377,8.8493,143
7993fe58,21865,8.8493,143
314abb6f,19309,8.8493,122
44d391f5,28450,8.8493,143
1cb3b5ea,24426,8.8493,143
79af1068,22614,8.8466,143
2f983d1,17450,8.8493,122
48550266,26396,8.8493,143
2ca049c0,20551,8.8493,143
74a43998,22384,8.8493,143
75095b34,17040,8.8493,119
152f21c1,20308,8.8493,143
7c6e0b85,21934,8.8493,143
3b6f84ed,22173,8.8411,143
245b5680,26300,8.8493,143
6ed202e1,24101,8.8493,143
513d24f4,30027,8.8493,198
3d70263b,23354,8.8493,143
7aff8594,21592,8.8493,143
4075c4ab,28144,8.8466,143
4c45520,17243,8.8493,119
3c66cbc8,22959,8.8493,143
4c792217,27884,8.8493,143
9b6381,27428,8.8466,143
7f1394d3,17756,8.8493,122
935a315,19739,8.8493,137
64e9523,28879,8.8493,198
2005ad9f,30908,8.8466,198
5d95f58d,28001,8.8438,143
576fa501,16875,8.8466,119
2ab71adc,17757,8.8438,122
71ebe360,26556,8.8493,143
37e87f3,21637,8.8466,143
7fc57126,25227,8.8493,143
e1abb56,20041,8.8493,143
1c6921b3,28709,8.8438,198
32b731bd,24151,8.8493,143
45016907,21078,8.8493,143
1e1abafa,3791,8.8493,37
4b2b6433,30192,8.8438,198
409a8e32,19184,8.8493,122
e1d8e77,4944,8.8493,1
451b2824,20664,8.8493,143
5501c648,19005,8.8466,122
41fe29c4,28131,8.8493,143
237269ba,23486,8.8493,143
3f343ff8,30389,8.8493,198
64dc8dd0,18319,8.8493,122
545c2886,28470,8.8493,143
79eee48,28516,8.8493,143
64d3b40e,24338,8.8493,143
4b928d07,24235,8.8493,143
329f60ca,19579,8.8493,137
7a868c93,27252,8.8466,143
7a342c1e,22518,8.8493,143
4f1933c6,20851,8.8493,143
36939def,30103,8.8493,198
78bf6dba,16607,8.8493,109
23b0fa6f,27768,8.8466,143
25316adc,23242,8.8493,143
fe7e770,18324,8.8493,122
c36898b,24216,8.8493,143
287169e0,30119,8.8493,198
63881b8,28581,8.8493,143
586c6407,26756,8.8493,143
36d43a68,25340,8.8466,143
e1697e8,17478,8.8438,122
2d8bd1a3,20570,8.8493,143
339776ac,22077,8.8493,143
6f7ca0eb,28028,8.8493,143
78ecc016,31622,8.8493,198
427fb134,18378,8.8493,122
310a7611,19436,8.8493,122
3b7bf323,19235,8.8493,122
fa8c4c9,17846,8.8493,122
2589682a,26637,8.8521,143
43cf066,19762,8.8493,137
1ac08bbe,20170,8.8521,143
7818dc09,19041,8.8521,122
1c1ecac2,27199,8.8521,143
72b83953,27227,8.8521,143
6cbbd1c1,26799,8.8521,143
527da0cb,22593,8.8521,161
38df289c,28317,8.8493,143
b1efc75,23293,8.8521,143
3919010e,29470,8.8521,198
65d951e,23011,8.8521,143
4707d681,25843,8.8521,143
3b867740,22612,8.8521,143
4ae6104f,25781,8.8521,143
20798968,26808,8.8521,143
23a124b0,25383,8.8521,143
47d19e8d,27825,8.8493,143
59b3e038,25160,8.8521,143
5187a039,20838,8.8521,143
2b99a62e,16610,8.8521,109
4796e8a1,20489,8.8438,143
474758fc,23843,8.8521,143
133d20c,31184,8.8521,198
4fb4d080,21335,8.8521,143
32f0418e,23441,8.8521,143
6dd93c7b,30205,8.8521,198
b974f38,27420,8.8521,143
76ea660e,18128,8.8521,122
69d6796d,27673,8.8493,143
4d48bac8,30016,8.8521,198
7c97d2d6,25500,8.8521,143
5968115c,21134,8.8521,143
32f160d,22009,8.8521,143
bb9725a,20239,8.8521,143
497a1099,25274,8.8521,143
50811a1b,26700,8.8521,143
72477cfd,17089,8.8466,119
2b65e178,29861,8.8521,198
6b8e7dec,23096,8.8521,143
726956dc,27741,8.8493,143
3ab0f474,17325,8.8521,122
2ae0cb48,28309,8.8521,143
2e0a914d,23020,8.8521,143
3673e87d,25023,8.8521,143
e9487d9,18301,8.8466,122
5ad72546,16544,8.8521,113
8b1bb4c,21389,8.8521,143
2282b7c8,24325,8.8521,143
5878da2c,25302,8.8521,143
71e1f15e,16363,8.8493,109
5be11af4,18537,8.8521,122
3e0686f1,27483,8.8521,143
6c6acab7,23986,8.8521,143
72ddd4ac,26551,8.8466,143
cc8b0a8,20907,8.8521,143
5f2d3d7f,23806,8.8521,143
65286b5f,27971,8.8493,143
36ed04a8,19419,8.8521,122
79ccbbe2,26461,8.8521,143
3872e7a4,26172,8.8521,143
30c80983,19393,8.8493,122
6b80c20,23422,8.8521,143
571fae96,20861,8.8493,143
29c76bab,27098,8.8521,143
1431b0b8,25291,8.8493,143
206cfd3b,24259,8.8521,143
3c63417f,18467,8.8521,122
1768c35b,25181,8.8521,143
4c97d361,27568,8.8521,143
a080fdf,28380,8.8466,143
4dcaae80,31236,8.8521,198
6b8476ff,27276,8.8521,143
197aac35,31152,8.8521,198
53463e32,17426,8.8521,122
4be03474,28591,8.8521,143
39b9079,29799,8.8493,198
4fcc9f3b,26380,8.8466,143
2d999f5e,30531,8.8521,198
67104d0d,25022,8.8521,143
385711ce,25231,8.8521,143
13c974b8,28165,8.8521,143
724b7af0,25543,8.8521,143
18d9bf40,16351,8.8521,109
17563991,29084,8.8521,198
178f93d4,19350,8.8521,122
4fbb5929,16409,8.8521,112
23d2fa74,31661,8.8521,198
668e26d4,28748,8.8521,198
40320125,22751,8.8521,143
2bc82bc4,25792,8.8521,143
3eaf5d85,22905,8.8521,143
29007402,20357,8.8521,143
79eb732e,19842,8.8521,122
1397e1dc,30804,8.8493,198
5710c55e,29378,8.8521,198
7d1a0bda,28252,8.8521,143
2288a217,20940,8.8493,143
2860c796,19411,8.8521,122
5f4a6554,30808,8.8521,198
73ffe660,18104,8.8521,122
f7d6c37,23111,8.8521,143
391c849,29739,8.8521,198
3d72132d,25053,8.8521,143
f51f2bd,26168,8.8521,143
a7b1b74,20439,8.8521,143
6e83d2d8,29589,8.8466,198
19daf0e1,4470,8.8466,1
635d9cc1,17848,8.8548,122
63995e0d,20426,8.8548,143
31eb59b1,23527,8.8548,143
410e5846,19065,8.8548,122
4eba6f32,18976,8.8548,135
67fa29de,20594,8.8548,143
cb7c241,16771,8.8548,109
3fc877f9,27226,8.8521,143
22164ccd,26668,8.8548,143
14942588,17746,8.8548,122
26034891,18627,8.8548,122
5a088417,20408,8.8548,143
4ae8dbbf,24166,8.8548,143
7fe51f0f,25233,8.8521,143
439e97a2,24310,8.8548,143
5da88bfa,22863,8.8548,143
511196d3,27326,8.8548,143
65bf699,9306,8.8548,72
31cf4277,28293,8.8548,143
2821e8ef,21448,8.8548,143
6309f49b,19174,8.8548,122
75db4436,17439,8.8521,122
2c6d9b2a,23099,8.8548,143
67fab82a,18726,8.8548,122
e8d044a,20126,8.8521,143
40bb42aa,23397,8.8548,143
6fee447f,27366,8.8548,143
2f1a2663,26298,8.8521,143
1d93e042,26858,8.8548,143
7a75f48,16228,8.8548,109
621866e8,20276,8.8548,143
1af73e7f,24313,8.8521,143
64a02a7c,16472,8.8521,109
39d44aa8,18115,8.8466,122
66b3475a,24045,8.8548,143
5170043b,20582,8.8548,143
5b5319db,24318,8.8548,143
78f4d008,25431,8.8548,143
1d62f6a0,18938,8.8548,122
6197fbc1,21205,8.8548,143
22c9bbe9,26539,8.8548,143
41a855a8,21776,8.8521,143
7ce35b28,18290,8.8548,122
76be75e2,27255,8.8548,143
28a9d107,23921,8.8548,143
5e978c74,30951,8.8548,198
47d02108,25633,8.8548,143
218c18c1,22379,8.8548,143
24987877,20951,8.8548,143
425fa40a,17090,8.8548,119
4c11528,26034,8.8548,143
454a4f61,17451,8.8548,122
2276cc7f,22152,8.8548,143
1db653cf,18586,8.8548,122
52cd9c2a,26428,8.8548,143
11d26d04,26701,8.8548,143
4f176b9,19920,8.8521,122
6741918,17656,8.8548,122
1275289d,20667,8.8548,143
53ffe983,31750,8.8521,198
3df23937,18292,8.8493,122
3fcac9c0,31213,8.8548,198
742f6fe1,18536,8.8548,122
1950bbf8,21086,8.8521,143
f96d45f,22010,8.8548,143
225a598f,21905,8.8521,143
30ad93a,26398,8.8521,143
ecdf772,17704,8.8548,122
16d7a732,28603,8.8493,198
67a0bba2,16883,8.8548,119
7b3353d5,20573,8.8548,143
6d5ed7f9,20755,8.8548,143
bd5fb1d,23365,8.8548,143
6ac2fb72,25102,8.8548,143
85d3023,19750,8.8548,137
69916706,27274,8.8548,143
4db8743a,28416,8.8548,143
305c0f94,22345,8.8493,143
5161ed94,27501,8.8548,143
2126ddd6,20392,8.8548,143
159fa1c0,22696,8.8548,143
332a19e9,24296,8.8548,143
3dbdb212,20030,8.8548,143
6dcd3a9e,22904,8.8548,143
339e77fe,25276,8.8493,143
6ca68e6a,26709,8.8521,143
7875d08a,23837,8.8548,143
5098c535,24445,8.8548,143
65d016,20585,8.8548,143
22eb7be1,20254,8.8548,143
57558496,21026,8.8548,143
478034e,17506,8.8521,122
4499a5b8,20824,8.8548,143
acc43ab,26859,8.8548,143
1979a37e,17616,8.8521,122
523e6173,31250,8.8548,198
3ec40d9e,23693,8.8548,143
7cf5fe42,21413,8.8548,143
3853f0e1,22076,8.8548,143
31ee2636,18941,8.8548,122
10faec81,17436,8.8493,122
43ae0732,16399,8.8575,112
64dd235e,17831,8.8575,122
24427665,22714,8.8575,143
3e6df70f,28174,8.8438,143
631b1888,22480,8.8575,143
50bf144e,20592,8.8575,143
5d750ad4,21077,8.8548,143
6a33ae41,27944,8.8575,143
515734d7,29462,8.8548,198
79e247d7,23803,8.8548,143
c34d195,30909,8.8521,198
77556209,30890,8.8521,198
7b0237f4,19961,8.8575,122
131b45cf,30889,8.8575,198
782c7484,18249,8.8521,122
523eba6d,17723,8.8548,122
38e98a49,28343,8.8575,143
719595a6,29224,8.8548,198
61f0f17c,28366,8.8575,143
6a065744,24152,8.8575,143
4dcc75bb,25862,8.8575,143
39831589,19782,8.8575,137
64e68fba,28705,8.8575,198
3c824815,28270,8.8575,143
124d9393,18057,8.8575,122
3343e30e,25061,8.8575,143
1f102d39,21264,8.8521,143
63882183,18445,8.8548,122
334bcc23,26344,8.8575,143
1f3c12d7,28655,8.8575,198
3d9abc8a,28430,8.8575,143
17eaa8ea,23777,8.8575,143
50eb0009,30967,8.8575,198
4047c5b8,24312,8.8548,143
42f9e33b,25062,8.8548,143
2aef6902,29595,8.8575,198
4f096443,25234,8.8493,143
220cdf1e,21100,8.8575,154
785dac50,29087,8.8548,198
75b0785b,28029,8.8575,143
24c6a896,25349,8.8493,143
60f6673f,24311,8.8575,143
755c785d,27007,8.8548,143
3d8b40d,31172,8.8575,198
12cb2ef8,31305,8.8575,198
41d76c01,20016,8.8575,143
575f6af6,18587,8.8575,122
11e1c4cc,27218,8.8575,143
5a9684e6,24308,8.8575,143
20db5cd1,30138,8.8548,198
c7f9ae6,22352,8.8575,143
1327f801,20175,8.8575,143
400b440c,25608,8.8575,143
7d78ef37,20535,8.8575,143
73f099d,29504,8.8575,198
77670b36,25283,8.8575,143
5b2c022b,23920,8.8575,143
61975f2e,20269,8.8521,143
1039439d,17238,8.8548,119
a319382,27116,8.8575,143
1e1bd160,22035,8.8575,143
51ea572e,27763,8.8548,143
6aec2a62,26067,8.8521,143
31d9763e,17557,8.8575,122
718921b4,24354,8.8575,143
1204d5f1,20010,8.8575,143
72595b8c,26417,8.8575,143
796dc09f,26644,8.8575,143
252076d2,26532,8.8575,143
37f210a,29819,8.8575,198
3bc32450,21412,8.8575,143
37e9d9f,28475,8.8575,143
1400cc57,27211,8.8575,143
6e8dc8ac,22582,8.8575,143
4c4e9089,17353,8.8575,122
3b2b7efa,31267,8.8575,198
295b6fbc,21683,8.8575,143
29130a93,21343,8.8575,143
11610de0,24209,8.8575,143
71dd7d98,20761,8.8575,143
309da90,30488,8.8575,198
327f1ff0,17796,8.8575,122
2b680a52,27183,8.8575,143
31c3931a,24224,8.8548,143
7cd312e8,26060,8.8575,143
4b48cfe9,31206,8.8575,198
3619121d,26862,8.8575,143
5dc8a416,26535,8.8548,143
70beb7f6,28081,8.8575,143
149eaf5b,20590,8.8575,143
6a69de2f,21185,8.8575,143
72992f60,22284,8.8575,143
771d27c2,30698,8.8575,198
1618aa0d,21106,8.8575,143
32a49647,17931,8.8575,122
9fd5d5c,28889,8.8575,198
17c05896,28520,8.8575,143
445bc0a1,21242,8.8575,143
5401a1c7,27088,8.8603,143
675cf264,23132,8.8603,143
27a01a7c,28706,8.8603,198
525b70c3,22045,8.8603,143
312fd069,20001,8.8603,143
3e7ab8cc,27346,8.8575,143
7840aabc,22998,8.8603,143
372e0aa8,24245,8.8603,143
78cd28bc,29888,8.8603,198
2df7f23d,17440,8.8548,122
46a08397,24208,8.8521,143
11cbaa1,27945,8.8603,143
1005eaf6,16767,8.8603,109
27194d1,31655,8.8603,198
408f1333,25355,8.8575,143
24226031,24448,8.8603,143
1b4f6c19,3200,8.8603,1
1516a4bd,29202,8.8603,198
1f557f78,27204,8.8603,143
2d382ba7,29597,8.8603,198
57028ecb,26733,8.8603,143
1a2cf5d9,24582,8.8603,171
7eec8f0b,23839,8.8603,143
7a636d21,26557,8.8603,143
5a700d9c,23133,8.8603,143
36796066,28449,8.8603,143
4b06c94d,25137,8.8603,143
2aedaf69,25440,8.8521,143
70ab4b45,26702,8.8603,143
4b4c587c,25105,8.8603,143
dac7f66,30809,8.8603,198
110e05a7,24732,8.8603,171
709d833f,22875,8.8603,143
37cceca2,24225,8.8575,143
8cf8692,18332,8.8603,122
1d97787d,18618,8.8603,122
732e73e6,22556,8.8603,143
6fb682c7,20984,8.8603,143
3f4fda6f,24731,8.8603,171
193d196b,19645,8.8603,137
198ce8e9,19931,8.8603,122
42f7f1a5,26255,8.8603,143
1f0e72e,4952,8.8603,1
32ad736,24319,8.8603,143
722d7079,17326,8.8603,122
481975f0,18403,8.8575,122
698afb5,26936,8.8603,143
c981575,28519,8.8603,143
719fb79a,20860,8.8603,143
24d94df8,20977,8.8521,143
3d6e4fa2,17606,8.8603,122
7191d6c7,22938,8.8603,143
7d3e9c08,25863,8.8575,143
13e6b8da,18626,8.8603,122
5c3ae65b,30423,8.8603,198
23e224f5,28321,8.8603,143
2a35325d,20051,8.8603,143
43f4bd65,21246,8.8603,143
cb36fa9,26475,8.8603,143
730585a,21194,8.8603,143
354701c5,16524,8.8603,113
36e37aea,18058,8.8603,122
3b9efc57,22210,8.8575,143
21ba95b8,20477,8.8603,143
244dfb5d,22646,8.8603,143
7f5c0578,26083,8.8575,143
29098f38,21030,8.8575,143
41084d9,18226,8.8575,122
1decb6fb,24450,8.8603,143
7172d6b6,27101,8.8603,143
3a2e4cd6,17403,8.8603,122
5fbb74e4,23274,8.8603,143
5f8d1586,25706,8.8603,143
382dafa7,28524,8.8603,143
699a05da,27099,8.8603,143
702d0c88,31253,8.8575,198
74355a3d,22222,8.8603,143
43a34018,20440,8.8575,143
16268f5c,25780,8.8603,143
ef7985c,23659,8.8548,143
504dcf0d,19370,8.8603,122
7f6ac70c,23838,8.8575,143
9b7e69c,31262,8.8603,198
2b49d499,19369,8.8575,122
19ce8cd4,20839,8.8603,143
27c51d47,22194,8.8603,143
1f68d4ad,28269,8.8603,143
11f09c25,16985,8.8575,119
74f87f9e,22697,8.8603,143
193df5f9,20967,8.8603,143
161dfcbc,21931,8.863,143
3195bee,20113,8.863,143
67591ea9,21846,8.863,143
23f8cf8f,30805,8.863,198
34aad09c,22349,8.8603,143
42ce69cd,21340,8.863,143
3bcf8534,22841,8.863,143
72c07f88,2276,8.863,22
5c1fa4cb,27134,8.863,143
1bbda1f,26981,8.863,143
1ff15a01,23939,8.863,143
7ffea7f3,27180,8.863,143
100c6f7c,20988,8.863,143
669845e,22775,8.863,143
6b530487,12582,8.8603,77
21bdfcb1,21400,8.8603,143
669c2b97,20656,8.8603,143
17d124f3,24410,8.863,143
6455defa,22876,8.863,143
2a43eeb5,22351,8.863,143
2d04a8f9,25368,8.863,143
336ce716,24588,8.863,171
4d0d6f9c,1427,8.8603,19
79845d8f,28351,8.863,143
4c07324c,28291,8.863,143
444c1855,27972,8.863,143
10cc139d,23366,8.863,143
3e9f825f,16225,8.863,109
4d251772,21966,8.863,143
dbcc417,22078,8.863,143
1a35bb69,10720,8.863,81
6a951349,25178,8.8603,143
5b3a2c09,28766,8.863,198
1975d04b,24189,8.8603,143
5e773be5,19055,8.863,122
2e2cdeff,25778,8.863,143
6c618f28,21885,8.863,143
66b1bcc9,27135,8.863,143
5171dfdc,26084,8.863,143
19e2382b,17209,8.8603,119
799afcf0,2955,8.863,32
4d76e249,21993,8.863,143
45ddb8ac,23162,8.863,143
6b8eb19b,28852,8.863,198
75342fff,29549,8.863,198
4b8fada4,23038,8.863,143
31917a36,22704,8.863,143
1921ac70,22520,8.863,143
73dc4a6,9188,8.863,67
3169ab68,20682,8.863,150
b1337b9,23380,8.863,143
1f454887,18220,8.863,122
76b4b73d,24796,8.863,171
7e0857af,25218,8.863,143
15de5f82,23176,8.863,143
a7a6068,26861,8.8603,143
7d1dfeb3,18388,8.863,122
18c62061,22922,8.8603,143
2d72428e,28674,8.863,198
7eac1542,22575,8.863,143
278c53df,22406,8.863,143
ee0aa67,24324,8.8603,143
3139ff07,23026,8.863,143
2fa1ea67,26453,8.863,143
676696ff,23003,8.863,143
6a7656e7,27804,8.863,143
25112028,17449,8.863,122
61ce6a5c,20985,8.863,143
1f7170a5,18619,8.8603,122
30598fa6,20178,8.863,143
3fa343fe,31657,8.863,198
673afb83,18381,8.863,122
7534f1b2,29881,8.863,198
61d453e9,20322,8.8603,143
44cd509e,20042,8.863,143
3eb2fe06,20781,8.863,143
5d967029,24492,8.863,171
f2b60b8,16525,8.863,113
741b4d67,19257,8.8603,122
26708b37,27232,8.863,143
20ce0023,23192,8.863,143
65f8df0b,24314,8.863,143
4b1f2a8a,19533,8.863,137
654126fb,18250,8.863,122
47ca3057,24190,8.863,143
64e9af22,20077,8.863,143
5610824f,22217,8.863,143
3a0a0088,12944,8.8658,77
2cd4c716,27866,8.8658,143
5edfd11,18124,8.8658,122
573d0519,23721,8.8658,143
3d595136,28560,8.8658,143
1bd289d6,22781,8.8658,143
5fcecd71,23392,8.8658,143
37bfddfc,22635,8.8658,143
5dd0bb6f,31357,8.8658,198
62fa7801,18785,8.8658,122
155d5589,17289,8.863,123
7de2f9a6,26144,8.8658,143
5c442ae3,22323,8.8658,143
40655c91,24206,8.8658,143
417f9c7,19208,8.8658,122
351ca334,17041,8.8658,119
4a925903,16410,8.863,112
377c6180,20483,8.863,143
238be6c8,22176,8.863,143
c9e7f69,21449,8.863,143
6f27fe04,21743,8.8658,143
5ccb78cd,25382,8.863,143
4c96816,23137,8.8658,143
506d796e,21877,8.8658,143
2ff7313d,27327,8.8658,143
28fd291e,25439,8.8658,143
673b7dcf,29587,8.8658,198
fdd8940,18030,8.8658,122
5c26de4f,30729,8.8658,198
4ace622f,23482,8.8658,143
bba07b1,23978,8.8658,143
60adcb6e,22923,8.8658,143
37d3c60c,20982,8.8658,143
5dedb21f,2340,8.8658,27
68a5759a,29740,8.8658,198
640b6c97,19455,8.8658,122
3fd77828,25660,8.863,143
169d2a78,23032,8.8658,143
26501ffe,26223,8.863,143
1980b077,23041,8.8658,143
1d929d57,27862,8.8603,143
586c28a9,26686,8.8658,143
62a3ba77,22046,8.8658,143
442ae632,26757,8.8658,143
5835f5c8,24817,8.8658,171
1a956c7,26020,8.8658,143
309e0fdf,18295,8.8658,122
51c4b3bc,29629,8.8658,198
2e4bcbf1,20424,8.863,143
74c5a1d7,17717,8.8658,122
3dc3b37c,27706,8.8658,143
4a2f9ab9,28488,8.8658,143
53058295,28942,8.8658,198
3e029913,19995,8.8658,143
4ee6c961,25560,8.8658,143
6e9edb92,21646,8.8658,143
58526eaa,22099,8.863,143
2d79b09e,21890,8.863,143
4a00e22f,25288,8.863,143
72b2beb2,18599,8.863,122
ae7cc44,28648,8.8658,198
12bdc4c1,20169,8.863,143
10190d48,23924,8.8658,143
6999a014,19962,8.8658,122
59d1df02,24446,8.8658,143
3ef1bda4,19742,8.8658,137
a40d3d2,18099,8.863,122
2928dca0,25802,8.8658,143
76278597,19385,8.8658,122
753ebf0b,28398,8.8658,143
21d97d9e,23453,8.8658,143
1276f89c,17872,8.8658,131
565ee535,29206,8.8658,198
7332903b,21426,8.8658,143
1ea47743,20244,8.8658,143
427c38cf,23236,8.8658,143
5465523d,25606,8.863,143
21ba7e39,27644,8.8658,143
3ebae0a2,18356,8.8658,133
43424249,28645,8.8658,198
1b2d5df1,27602,8.8603,143
268e3fb8,25948,8.8658,143
580475ee,23029,8.8658,143
31d231bc,22264,8.8658,143
40e120a2,24396,8.8658,143
17c5b4f9,21755,8.8658,143
6c1508ea,29671,8.8575,198
4cea9b05,19432,8.8685,122
5c7460a,18402,8.8685,122
3f1f4837,23115,8.8658,143
7b094566,20572,8.8658,143
6323cbb1,29626,8.8685,198
5c6b26c9,18766,8.8685,122
19f09383,23669,8.8685,143
28e3c7ae,21333,8.8658,143
32a34776,26703,8.8685,143
55e0ff40,17643,8.8685,122
691e4bb6,23521,8.8658,143
5038c65b,22112,8.8685,143
4dc93b54,22833,8.863,143
7b215bf4,27090,8.863,143
2969b12f,4809,8.8685,1
3f75a047,25112,8.8685,143
1a14d09e,22492,8.8658,143
3b622f66,21291,8.8685,143
4aed2d05,21680,8.8685,143
2e690dbe,22389,8.8685,143
7c3438f5,23787,8.8685,143
3c8ce7ac,26549,8.8685,143
167a4333,29585,8.8685,198
16bff644,25313,8.8685,143
35196493,27628,8.8685,143
52388c42,20665,8.8685,143
537b8b73,16294,8.8658,109
811a737,18033,8.8685,122
61757da7,27519,8.8685,143
1f36b0e6,20475,8.8685,143
10198060,29469,8.8685,198
d3bce13,30794,8.8685,198
1b05d288,19878,8.8658,122
15b4b54b,25582,8.8685,176
5fe67a1f,26429,8.8685,143
70e018f3,28136,8.8685,143
39007ab5,26675,8.8685,143
75fd4085,24449,8.8658,143
293bc4da,25864,8.8685,143
69cd9d79,20136,8.8685,143
1915325b,24188,8.8685,143
754f85e4,22128,8.8685,143
6aa91aa0,19577,8.8685,137
1d431e3b,19912,8.8685,122
2d746022,22231,8.863,143
241da0cd,25277,8.8685,143
643c2f4,18585,8.8658,122
d8fa3fd,28132,8.8685,143
445d7149,31418,8.8658,198
5c115f54,28458,8.8685,143
7af538a9,28563,8.8658,143
a15fc41,24091,8.8685,143
25ed0373,24673,8.8685,171
74808f2f,22265,8.8685,143
73500365,19571,8.8685,137
764dded0,19858,8.8685,122
7eade5d1,21833,8.8685,143
20335dd6,26037,8.8685,143
3ac55d94,26304,8.8685,143
5e14a65,26248,8.8685,143
48da3731,22380,8.8685,143
3be25e64,26284,8.863,143
1056923,23764,8.8685,143
e38b904,23009,8.8685,143
17c2744d,23998,8.8685,143
3efa19af,21181,8.8685,143
149c2322,24401,8.8658,143
5f27482c,17685,8.8685,122
5b433f99,22490,8.8685,143
359a623f,23398,8.8685,143
40eac29d,20574,8.8685,143
25e98484,23097,8.8658,143
23e1fae4,24422,8.8658,143
6714c857,19829,8.8685,122
1f9d510,21451,8.8685,155
17110198,27869,8.8685,143
7eb56a5a,25362,8.8685,143
3f2243ab,28423,8.8685,143
20e5a6f3,26454,8.8685,143
736ed0ce,17087,8.8685,119
70bc500a,23002,8.8685,143
6f3e8244,31796,8.8685,198
3a0cc243,31506,8.8658,198
179ee1b2,12571,8.8685,77
530cf4b,20307,8.8658,143
1e07410b,30006,8.8685,198
42458652,24153,8.8685,143
22b66cd9,27400,8.8685,143
217fb553,25577,8.8685,176
554b76e,27302,8.8685,143
79c059a3,16293,8.8658,109
f4257c6,28212,8.8685,143
33d6c094,26504,8.8685,143
1f6a4bf2,21663,8.8685,143
6b4dc680,20111,8.8685,143
7a0caf94,28890,8.8658,198
cbcf80,25341,8.8685,143
268558ab,19420,8.8712,122
64a74d2,30139,8.8712,198
1cd9a4b0,25405,8.8712,143
1095f780,23280,8.8712,143
452ceda4,28522,8.8685,143
70f53a7f,29550,8.8712,198
7e4bcdf8,25848,8.8712,143
2158fcf5,27960,8.8658,143
1e4e36a9,27008,8.8685,143
769cf07,22268,8.8712,143
3cada909,28283,8.8712,143
65d24a21,17206,8.8712,119
2faf4f4f,21760,8.8712,143
674d951e,22939,8.8712,143
30bad3a,20874,8.8685,143
6c1f288c,20231,8.8712,143
3dab31e7,20596,8.8712,143
4adfe731,20827,8.8712,152
14e3f12d,23276,8.8712,143
1ade075,28173,8.8712,143
656dcdae,31162,8.8685,198
503e585d,25350,8.8712,143
5b5fa1ee,19203,8.8685,122
359f4cb8,20157,8.8658,143
5c47d33f,17185,8.8712,119
3e14f718,22737,8.8658,143
1c4aac37,18873,8.8712,122
3abc2e81,26038,8.8712,143
75894fe2,23154,8.8712,143
6c3cda7c,30964,8.8712,198
255ee8d8,21397,8.8712,143
7ecd02d4,17437,8.8712,122
4104a4b0,20361,8.8712,143
7b7c5154,25654,8.8712,143
4b6179d6,26911,8.8712,143
30bb5a33,28850,8.8712,198
19ab504a,26085,8.8712,143
f662a09,24583,8.8712,171
6b232e71,31392,8.8685,198
2b4c450a,27115,8.8712,143
68267929,30017,8.8712,198
61bca9c6,28034,8.8712,143
562e3046,18610,8.8712,122
240cdc54,18894,8.8712,122
6da1b9ca,25876,8.8685,143
36956a66,29596,8.8685,198
119ed0f2,21273,8.8712,143
53b240e9,28877,8.8712,198
33bddcbc,29170,8.8712,198
2e6656f7,19963,8.8712,122
49981a89,22115,8.8685,143
86cae5b,28186,8.8712,143
291710ef,21555,8.8658,143
5569cbd6,27019,8.8712,143
ef29e6e,25918,8.8712,143
2a95e85b,27588,8.8712,143
313d3336,16493,8.8712,109
4924fe62,25418,8.8685,143
40e1f99d,20359,8.8685,143
73f136b9,22581,8.8712,143
2d9299ac,29953,8.8712,198
36bed0b3,21795,8.8685,143
5887efe8,19910,8.8712,122
17e5c874,24116,8.8685,143
2e037cdd,22972,8.8712,143
6ef80ae6,26548,8.8712,143
9e7407e,26401,8.8712,143
30f88f5e,23391,8.8712,143
528e808,16276,8.8712,109
2ba96d71,21913,8.8712,143
187e2cca,27897,8.8712,143
6c88c2e4,26202,8.8712,143
2e221fd5,27210,8.8685,143
4e003d85,27569,8.8685,143
277140f3,26624,8.8712,143
d44291b,20873,8.8712,143
33a643d1,21269,8.8712,143
7c85bc35,27577,8.8712,143
51de0d8e,31165,8.8712,198
7dfeea5f,21563,8.8712,143
7c4786fa,22877,8.8712,143
2df2e953,27271,8.8685,143
c61231e,27020,8.8712,143
7e494c8,26174,8.8712,143
16a1da78,22230,8.8658,143
6c79cdf,30204,8.8712,198
13f01d08,23418,8.8685,143
4677baab,21247,8.8712,143
44407041,18796,8.874,122
1725dd72,18103,8.874,122
7c756b47,21938,8.8712,143
1a403bfd,25158,8.874,143
7909ce04,18893,8.8712,122
4312849e,20519,8.874,143
38cbccb5,18588,8.874,122
59b54f9,23254,8.874,143
6f33b7b8,30604,8.8712,198
65c1d802,21452,8.874,155
587d3db4,18603,8.8712,122
f9c6451,17565,8.874,122
6954af73,26714,8.874,143
3fc08f0,18891,8.8658,122
1ba85b96,21758,8.874,143
2a0955ca,20358,8.874,143
465b0236,17930,8.8712,122
ab802b9,25949,8.8712,143
53959c93,27492,8.8712,143
3352342e,25817,8.874,143
2d06cac0,29754,8.8712,198
6761a813,29812,8.874,198
18efc168,27920,8.874,143
3abe751f,15153,8.874,103
21f5f842,26982,8.874,143
4b3efd5f,18503,8.874,122
2dbc91d1,25219,8.874,143
64e30ff4,29810,8.874,198
6adadcc2,26272,8.874,143
56b200c3,22718,8.874,143
3fa309bd,26486,8.874,143
1f4931dd,24157,8.8712,143
63a9016f,22776,8.874,143
5f29fd14,21383,8.874,143
19db4a2a,29802,8.874,198
4f4a4715,27861,8.874,143
64c385ea,25800,8.874,143
7492053b,22600,8.8712,143
375b9b99,23746,8.874,143
2ab40088,24411,8.8712,143
52a02ce1,18181,8.874,122
36ff4053,29835,8.8685,198
7ce396a3,16407,8.874,112
5d938246,30301,8.874,198
5729793c,31228,8.874,198
296bd3be,25070,8.8712,143
4bd901c,31656,8.874,198
4d4a2f41,21859,8.874,143
480cb500,27220,8.874,143
669721b4,24228,8.874,143
94c8ff5,29974,8.8712,198
15b0e779,29811,8.874,198
6a937273,18937,8.874,122
7d65b8a3,26575,8.874,143
856c2ee,25705,8.874,143
50eca6ba,28768,8.8712,198
2fab0b85,23779,8.874,143
7f5b1e73,27396,8.874,143
4ab7ae54,25745,8.874,178
626e5667,19416,8.8685,122
156e9e8c,27880,8.874,143
32e1b2d4,28169,8.874,143
45537fd2,29085,8.8712,198
72e0dcc2,19964,8.874,122
551ec471,19273,8.874,122
6099dea6,21740,8.8712,143
e29f945,19110,8.874,122
34e5baa0,27702,8.8685,143
badc9fa,25655,8.874,143
55de9ab2,22754,8.874,143
76c0e134,27058,8.8712,143
6f6965f6,25557,8.874,143
a6e83f8,19783,8.874,137
4859a5e2,22234,8.874,143
2bc4830d,26411,8.8712,143
2d6f8d57,25398,8.874,143
5a7c1e00,28631,8.874,198
7e9e966c,19956,8.8685,122
91ab04,20360,8.874,143
fc29cf0,26006,8.8712,143
35741f16,20155,8.874,143
3fd3d222,23456,8.874,143
29f8c9da,29628,8.874,198
4e7f1b12,24536,8.874,171
32979757,20448,8.874,143
2929b8e9,26983,8.874,143
3cb09e75,18064,8.8767,122
1d531903,23747,8.874,143
137008d1,28436,8.8767,143
77fa04a6,27603,8.8767,143
4f016f1a,28324,8.8767,143
4a9ffcf8,26836,8.8767,143
59ba43fa,29746,8.8767,198
7e42a35f,16776,8.8767,109
3a7f6a32,25450,8.8767,143
fb229b9,18364,8.874,133
49c0e26,30965,8.8767,198
6faf0db1,27136,8.8767,143
30a1df1c,30892,8.8767,198
54a81a10,22437,8.874,143
437d57b1,21447,8.8767,143
6b310fe6,27551,8.8767,143
55d674a3,24792,8.8767,171
68e8988a,22784,8.8767,143
41ba9c93,29123,8.8767,198
68d38bca,23594,8.8767,143
bfee709,23304,8.8767,143
6d6be9b9,18798,8.8767,122
78a0be83,21870,8.8767,143
c59f786,18716,8.8767,122
5fa9d011,21514,8.874,143
70e38fab,26151,8.8767,143
3f5e7c54,18025,8.8767,122
7cf859fe,23526,8.8767,143
4c9dff8b,18036,8.8767,122
108a1f1d,23621,8.8767,143
6eb2a5cd,21446,8.8767,143
22c2d893,29463,8.8767,198
1c4b429c,29215,8.8767,198
5cf9d4ff,20968,8.8712,143
271e8e60,28523,8.8767,143
132ccc50,25096,8.8767,143
55b5330b,28461,8.8767,143
47795b6e,18987,8.8767,135
14c7b06f,19166,8.8712,122
61fca0eb,25213,8.8767,143
1dadfab4,24265,8.8767,143
10826044,28134,8.8767,143
396feef3,28275,8.8767,143
3d90facd,21691,8.8767,143
4f1acf91,24885,8.8767,171
4c990676,24606,8.8767,171
1e5df390,19788,8.8767,137
a8a5500,5530,8.874,50
a476160,23919,8.8767,143
303ba477,31226,8.8712,198
29c493a6,17442,8.8767,122
2dea8a5e,27852,8.8767,143
1c17b2e2,26788,8.8767,143
7162b50b,19604,8.8767,137
7c364122,22085,8.8767,143
5778c80,25347,8.8767,143
3c63d3b4,26545,8.8767,143
2456be6e,26546,8.8767,143
40f89d02,29222,8.8767,198
e09fb6e,30344,8.8767,198
372375a3,25089,8.8767,143
261708e7,27292,8.874,143
228391aa,24402,8.8767,143
6390dc1f,26285,8.8767,143
4fb233a3,23889,8.8767,143
517c4a82,23454,8.8767,143
6fcc8fc6,22670,8.8767,143
a59c604,12963,8.8767,77
5428c3c7,28206,8.8767,143
67b3bb9a,25935,8.8767,143
6c8aaa15,24797,8.8767,171
28272866,22907,8.8767,143
4e77a9d6,16884,8.8767,119
3a03f05e,20466,8.8767,143
4016e3ef,25491,8.8767,143
7c5adbd1,25376,8.8767,143
447acfab,27582,8.8712,143
50539614,25361,8.8767,143
79f523fa,20983,8.8767,143
680040ba,19834,8.874,122
4d24cce4,21756,8.874,143
3a5a4734,20353,8.8767,143
6ae04976,21288,8.8767,143
8fc100,28374,8.874,143
6b277e19,28135,8.8767,143
32cf7ae,18507,8.8767,122
6b6fa544,28363,8.8767,143
1516fee8,29606,8.874,198
45919de5,20552,8.8767,143
2164837e,20040,8.8767,143
37b74793,28166,8.8767,143
5d9d7814,22064,8.8767,143
15f40e33,27693,8.8767,143
5c43c7dd,29684,8.8767,198
5939d058,21408,8.8767,143
54bf9f33,28448,8.8712,143
618f9601,24292,8.8767,143
2330c8c2,24335,8.8767,143
349c77ec,19936,8.8767,122
1cf2204b,26278,8.8767,143
1d0924a,19310,8.8767,122
24832c6a,23022,8.8767,143
73f70c01,20063,8.8767,143
7e0a9a4c,17453,8.8767,122
7b4d0505,26282,8.8767,143
4610867a,20600,8.8767,143
5c28593b,23326,8.8767,143
dcc1dbd,23367,8.8712,143
27be3eb2,30020,8.8712,198
3448626d,20060,8.874,143
6abe0c51,24060,8.8795,143
76a911c8,24807,8.8795,171
1be5db55,18357,8.8795,133
4fb78957,21548,8.8795,143
7fe6698d,18786,8.8795,122
4df82d35,29510,8.8795,198
3ad465ed,24841,8.8795,171
70e2f1ce,30726,8.8795,198
44d042e,26953,8.8795,143
31c74881,30972,8.8795,198
3d5a4a09,19130,8.8795,122
68729159,23596,8.8795,143
24b8ab42,30731,8.8767,198
48b8a78f,21868,8.8795,143
43b07d59,20675,8.8795,143
7ffe3cf,28862,8.8795,198
5c9d2a40,21500,8.8795,143
2cd57d24,21334,8.8795,143
40df73bd,23411,8.874,143
45944a,24789,8.8795,171
3ac4e45c,3930,8.8795,43
7fee53b,20462,8.874,143
7b5ea09a,25591,8.8795,176
103cfae,19614,8.8795,137
40a766d7,18836,8.8795,122
15231c65,16675,8.8795,109
4431ddaf,18804,8.8795,122
6cec4d4d,21906,8.8767,143
1ccbbad6,21763,8.8795,143
129f93a5,21427,8.8795,143
6975deff,28582,8.8795,143
33da0741,23193,8.8795,143
7e3960f4,23528,8.8795,143
26217b8a,20832,8.8795,143
48cdd650,26834,8.8795,143
f887b90,26922,8.8795,143
37c2a60,28830,8.8795,198
2e2cecae,24791,8.8795,171
875c06d,16777,8.8795,109
44ed6e08,17662,8.8795,122
60d250f8,30996,8.8767,198
26a073df,23673,8.8795,143
6fa0b239,20989,8.8795,143
49707108,22493,8.8795,143
6642cb00,23252,8.8795,143
4bd6fb8c,23273,8.8767,143
43d9629c,22233,8.8795,143
290221a4,22382,8.8795,143
6330fdbd,22075,8.8795,143
13da2010,18191,8.8795,122
1b9f7d75,30023,8.8767,198
232870a3,25063,8.8795,143
11670b3d,21430,8.874,143
4711ac6e,26610,8.8795,143
589de3c,21671,8.8795,143
651d7f2d,23607,8.8767,143
550a645,26729,8.8767,143
4fe8085d,26249,8.8795,143
4db57a2,16209,8.8795,109
a31b403,31377,8.8795,198
ad3498e,24795,8.8795,171
79f7aca6,18886,8.8795,122
5f60269,19513,8.8795,122
5bce3332,25865,8.8767,143
4c57a8d8,26923,8.8767,143
38a7699c,17613,8.8795,122
79870e71,22445,8.8795,143
537af5d0,21599,8.8795,143
4f912d6e,23196,8.8795,143
43046283,17786,8.8795,122
3e714d2c,27256,8.8767,143
51217bf6,29882,8.8795,198
7fc43815,18715,8.8795,122
7b149648,29903,8.8795,198
63dd00be,25363,8.8795,143
3da83e19,21472,8.8795,143
9040cad,31237,8.8795,198
575e8908,28205,8.8767,143
556908bb,27581,8.8767,143
827e37d,25798,8.8767,143
7bd66499,22519,8.8795,143
74034c96,23546,8.8795,143
5dcb47df,28175,8.8795,143
7efe83a7,24381,8.8795,143
49f5ab0e,26301,8.8795,182
27fc295a,27397,8.8795,143
208e77c5,20158,8.8795,143
2a672bc8,17865,8.874,131
4eae5851,19011,8.8795,122
85e1e27,22320,8.8795,143
5b3d70b6,26594,8.8822,143
48172972,18192,8.8822,122
74479cf1,26403,8.874,143
c101b78,26954,8.8822,143
3c18728c,18501,8.8795,122
4db590c4,23780,8.8822,143
55d3d97,21983,8.8822,143
2971a9bb,17549,8.8822,122
76e9b232,18346,8.8822,122
17bb3f9b,20062,8.8822,143
1391df8b,30700,8.8822,198
7b66097e,17933,8.8795,122
2348b548,24009,8.8822,143
180beb31,23237,8.8822,143
5682484c,23884,8.8822,143
78bee50a,19372,8.8822,122
1de4861b,18267,8.8822,122
7b60821a,22608,8.8822,143
3c75ac24,22272,8.8822,143
787153ce,19905,8.8822,122
411cd685,16769,8.8822,109
226e9af8,19830,8.8822,122
f2a0b55,20310,8.8822,143
3e93ecee,28863,8.8795,198
2f967394,23658,8.8822,143
5d8bba8b,22220,8.8767,143
7a04f741,9186,8.8822,67
5b518073,28354,8.8822,143
6110f8db,24322,8.8795,143
47c7525e,24081,8.8822,143
4718f7cf,26984,8.8822,143
1a7bbe92,22425,8.8822,143
2f52874e,25229,8.8822,143
4dfee7b6,20270,8.8822,143
305619f5,21265,8.8822,143
307026bf,30316,8.8822,198
77b8810d,18974,8.8822,135
4dc11b1b,21206,8.8822,143
4d582ae7,22940,8.8822,143
7caca82d,25078,8.8822,143
4faffe5c,30835,8.8822,198
3aab38a9,28521,8.8795,143
a733d71,21994,8.8822,143
67021ca,30191,8.8822,198
1f840ce9,25192,8.8822,174
2f694c5b,29977,8.8822,198
3c627472,30893,8.8822,198
3b9b7c45,17391,8.8822,122
97af2e7,31271,8.8822,198
3e3cedb4,23488,8.8767,143
447cc9b,22454,8.8795,143
61a943dc,23421,8.8822,143
4e476a7f,26351,8.8795,143
2e5e4ea6,31272,8.8822,198
14c77ce2,27976,8.8822,143
3f5b7a05,29219,8.8822,198
4a3aeb03,21392,8.8795,143
16cda79c,23006,8.8767,143
15863081,22127,8.8767,143
2ce3c69c,22643,8.8822,143
3942e9cb,21244,8.874,143
5dad27b4,26305,8.8822,143
40d2adf1,18389,8.8822,122
736de251,31294,8.8822,198
3b580330,23808,8.8822,143
15faa921,26003,8.8822,143
21debcad,29279,8.8822,198
74363042,25339,8.8822,143
73bdf77e,28239,8.8822,143
f0cec77,20979,8.8822,143
4f7fef16,16295,8.8822,109
1b100980,25731,8.8822,177
5ee19e80,28231,8.8822,143
3666ae7f,29865,8.8822,198
6d1e0fa,24167,8.8822,143
1d16b5a9,18498,8.8822,122
13086614,23134,8.8822,143
4f512d15,27778,8.8822,143
4cc777d6,19515,8.8822,122
45989884,29278,8.8822,198
6d0bc663,21300,8.8822,143
6b56d0fa,20533,8.8795,143
14ed31cc,27149,8.8822,143
2b746752,22096,8.8822,143
5c7acc2d,31155,8.8849,198
5d27339e,17612,8.8849,122
6eacce87,28232,8.8849,143
66ea7af7,23030,8.8849,143
6cfbc9a3,22594,8.8849,143
8a4bc61,31668,8.8849,198
748304,3932,8.8822,43
28d3dd7a,26597,8.8849,143
357c6c3f,25420,8.8795,143
7781de2,31659,8.8795,198
2a92eed8,23927,8.8849,143
eda342d,25838,8.8822,143
10a7d3c1,24339,8.8849,143
5891ac5d,24236,8.8822,143
1fc12da0,25803,8.8849,143
2218e4ae,22346,8.8849,143
7d3cc79c,25090,8.8849,143
289a7f22,28108,8.8795,143
3667ce75,28141,8.8849,143
3cfe55da,21443,8.8849,143
3e20fbbc,26499,8.8849,143
75bef1a5,18643,8.8849,122
5bf85542,27510,8.8849,143
40636986,22921,8.8849,143
3b3999de,21359,8.8849,143
3bfb6dc7,25419,8.8822,143
23f9c1f,24808,8.8849,171
1b749b5f,20427,8.8849,143
7c0831ae,19501,8.8849,122
4000feee,20926,8.8849,143
20f5267c,25348,8.8849,143
5e548919,16541,8.8849,113
41c78078,17869,8.8822,131
5ceb084c,23510,8.8849,143
61c55fef,23834,8.8849,143
26f53ab7,26940,8.8849,143
2f3a3ed3,26269,8.8849,143
555c666c,20028,8.8849,143
1d6e620c,20288,8.8795,143
1ead710f,24734,8.8822,171
1102c0ef,17290,8.8849,123
6f30a8ba,18130,8.8849,122
59e9dc36,19351,8.8849,122
1c8da50e,22285,8.8849,143
2c39fb0d,20058,8.8849,143
2b3b53dd,31255,8.8849,198
41244b78,21101,8.8822,143
563b3706,24336,8.8822,143
35b95f5f,26482,8.8849,143
446d578e,24811,8.8849,171
27f1bbf0,18600,8.8822,122
287d3b0f,30547,8.8849,198
5741daf8,25369,8.8849,143
793e26b9,24035,8.8822,143
53ba2c55,30206,8.8822,198
12dec06e,23722,8.8849,143
4b115ed7,25774,8.8849,143
4312a2e2,26591,8.8849,143
4148e651,23092,8.8849,143
25f183a6,20674,8.8849,143
64578629,29759,8.8822,198
37ed796a,21385,8.8822,143
32043df3,28082,8.8849,143
34782f8c,23381,8.8822,143
1d3d7616,21600,8.8849,143
45a4b8bf,21079,8.8849,143
4583cd56,28836,8.8849,198
567b8bb0,20404,8.8822,143
238acabc,19175,8.8849,122
5571951d,22698,8.8822,143
ec31b98,28765,8.8849,198
46f27fb,19222,8.8849,122
24ff17bf,23487,8.8795,143
7145d2e0,18306,8.8849,122
e00c63e,28769,8.8849,198
28c568a8,18628,8.8849,122
3e4cb9f3,17832,8.8767,122
4361113e,29077,8.8849,198
1c6c1960,23990,8.8849,143
1f6fa26d,23177,8.8849,143
44b70352,23078,8.8849,143
f14021b,18939,8.8849,122
734fbd80,18664,8.8822,122
1151154e,30627,8.8822,198
6d0039a5,27669,8.8877,143
42abeac4,19583,8.8877,137
6d2ee8e3,25647,8.8877,143
4c86ecac,18576,8.8877,122
39c5ad0f,23547,8.8877,143
24a59d39,29154,8.8822,198
5f3de68d,27091,8.8877,143
29f782be,18307,8.8877,122
3d4eef5a,24812,8.8877,171
358ae19f,27769,8.8877,143
429434c2,26256,8.8822,143
5b3602d,30302,8.8877,198
1044f057,28194,8.8877,143
5abaf93a,24299,8.8877,143
385e7deb,27300,8.8877,143
2672d0c5,29480,8.8877,198
470253c7,23531,8.8877,143
599d988c,22218,8.8877,143
11835a14,20403,8.8877,143
1cfd0237,26561,8.8877,143
57079566,20672,8.8877,143
674393bb,23281,8.8877,143
6c1b26bd,27056,8.8877,143
18036db3,21761,8.8822,143
73c46770,24501,8.8877,171
8e1fcf8,23201,8.8822,143
3dfa0d97,19283,8.8877,122
457fba62,27668,8.8877,143
3e97816e,29703,8.8877,198
10594855,22782,8.8877,143
6e388e2b,20076,8.8877,143
69b9a928,20029,8.8822,143
442873d,20393,8.8877,143
5dc8b93c,28294,8.8877,143
6dcea2a,28370,8.8822,143
2cbf750c,26270,8.8877,143
8eb695a,29886,8.8877,198
18806c15,24207,8.8849,143
79ec4895,23195,8.8877,143
2e2c45b1,22237,8.8877,143
2c209e4e,20137,8.8877,143
7d5e4897,22419,8.8877,143
662563ed,23748,8.8877,143
7d96375c,21386,8.8877,143
315be492,23912,8.8877,143
3ece08de,23013,8.8877,143
73392ee1,25080,8.8877,143
78871edb,26769,8.8877,143
3f59db0d,20534,8.8877,143
51c8d700,31264,8.8877,198
1f8ebd1f,23989,8.8877,143
257ad629,16768,8.8877,109
540af038,28728,8.8877,198
43ed5d6e,20164,8.8877,143
29e16649,17585,8.8877,122
5a5926c2,25897,8.8849,143
c896884,26016,8.8877,143
59d18681,27738,8.8877,143
707eb6f8,23093,8.8877,143
520f4590,23766,8.8877,143
41730625,28620,8.8877,198
14c37504,22599,8.8877,143
118fd812,19811,8.8877,122
39043c76,22142,8.8849,158
601f475d,25377,8.8877,143
63b982d6,25161,8.8877,143
6ffb650f,31619,8.8849,198
db6faa,23627,8.8877,143
18a4044b,25661,8.8849,143
29b9dad,26559,8.8795,143
1e7ae9af,28375,8.8904,143
36fc43ec,28213,8.8904,143
6d81dca6,22355,8.8904,143
55bf1b01,27092,8.8877,143
b9792ee,18805,8.8904,122
5fa05353,18665,8.8877,122
3c27c0ed,24110,8.8904,143
11edb37b,31173,8.8904,198
265a434a,26730,8.8904,143
102605df,25286,8.8877,143
7bbdb619,27911,8.8904,143
2d1daa34,27221,8.8904,143
799f212b,20780,8.8904,143
5152308,19780,8.8904,137
71a170f3,21935,8.8904,143
4584aa24,28463,8.8904,143
67ba1da0,16495,8.8904,109
672cee05,28853,8.8904,198
4b8d9c8b,17947,8.8904,122
6e01220b,17443,8.8904,122
31515be1,28262,8.8904,143
6310776,31751,8.8904,198
6ed8d73,22758,8.8904,143
21a320e1,18663,8.8904,122
145417ae,18748,8.8904,122
4052fa98,26630,8.8904,143
6eb7bb44,17187,8.8904,119
1a16f967,19702,8.8904,139
141247e4,24320,8.8904,143
2c16326b,20199,8.8877,143
7efed600,24715,8.8904,171
46625516,30115,8.8904,198
6b12417c,23672,8.8904,143
6db9169d,18645,8.8904,122
657f83fc,26543,8.8877,143
31e1b0a0,23308,8.8904,143
48811e41,22806,8.8904,143
6d29f432,23492,8.8904,143
c0d4ad3,18266,8.8877,122
7450fa08,19542,8.8904,137
d0618c4,23793,8.8904,143
3fc1b027,26573,8.8904,143
48882092,24584,8.8904,171
83b5cd4,21431,8.8904,143
2a91b185,19392,8.8904,122
59e28e65,26317,8.8904,143
67f36ed1,21560,8.8904,143
62b2759f,20677,8.8904,143
1cda386e,27692,8.8904,143
aa49e4f,24158,8.8904,143
50e7a97b,25912,8.8904,143
2e8824f,26787,8.8904,143
2552160e,20794,8.8904,143
6e1da786,30795,8.8904,198
680e2567,20138,8.8904,143
5cfe56c,22458,8.8904,143
43f3f560,28707,8.8904,198
76a47976,29221,8.8904,198
6f185fd8,25773,8.8904,143
2b1c99fc,24495,8.8877,171
150633d2,19107,8.8904,122
49828ce7,19281,8.8849,122
1c382368,27102,8.8904,143
317349a8,21186,8.8904,143
154f74f7,20441,8.8904,143
74518ddf,22739,8.8904,143
85ccc42,28172,8.8904,143
20bd3a56,30343,8.8904,198
48f7370d,27399,8.8904,143
15896e18,27647,8.8904,143
3e1c4b08,31787,8.8904,198
501a68f0,22397,8.8904,143
32aa1503,27329,8.8904,143
13394d3b,23683,8.8904,143
212462a1,21058,8.8904,143
6d3d69ae,24078,8.8904,143
7f032133,26715,8.8904,143
239b61d0,21697,8.8877,143
20c5c0bb,26774,8.8795,143
6e602521,28727,8.8904,198
1bc5b705,22840,8.8904,143
4e91168c,21245,8.8904,143
22768f68,26800,8.8904,143
441a38ac,28040,8.8849,143
3cf7441e,24010,8.8904,143
761ac5a6,26688,8.8904,143
32b99b23,21606,8.8877,143
12838a5b,24674,8.8904,171
24224fd3,17948,8.8904,122
3168cca3,23905,8.8904,143
3739b924,17536,8.8904,122
49275c63,18887,8.8904,122
7f4dde43,23538,8.8904,143
2dd8233f,23844,8.8904,143
8b708dd,20006,8.8877,143
72bd7076,25950,8.8904,143
30d92bdb,25565,8.8904,143
46d11f6a,28714,8.8904,198
29674fb0,19391,8.8877,122
10afe06,24266,8.8932,143
10a487a2,25951,8.8932,143
2065948b,23757,8.8932,143
39c26e31,23720,8.8904,143
6f6e4dc1,17244,8.8932,119
5bc35e19,23700,8.8932,143
570e4826,21052,8.8932,143
7d170710,19669,8.8932,137
608a4d36,23792,8.8932,143
4aaad5cc,24247,8.8932,143
2178f4a8,22842,8.8904,143
723cb8f1,25583,8.8877,176
492c7d9,25121,8.8932,143
41787fdc,24293,8.8932,143
73296938,27233,8.8904,143
15121e41,22486,8.8932,143
7acbf35,29599,8.8877,198
5c92041f,19066,8.8932,122
5a8a683,26837,8.8932,143
3d707fa7,21301,8.8932,143
38158e5e,26755,8.8877,143
67d26bef,21990,8.8932,143
5a22db7e,18852,8.8904,122
1a7ee207,25739,8.8877,177
28c8eaaf,22401,8.8932,143
244d2ba8,22710,8.8932,143
303e2601,22485,8.8932,143
7c0be253,24424,8.8932,143
1188590f,26516,8.8932,143
5c5530fd,20450,8.8904,143
1d1a1b58,20327,8.8932,143
b6a91c5,29653,8.8932,198
3e207bd2,29124,8.8904,198
48a6fbae,18038,8.8932,122
6db31d38,19483,8.8932,122
18940aab,21647,8.8932,143
5599123a,28649,8.8932,198
685a1db0,24357,8.8932,143
3add4521,28203,8.8904,143
1d75875e,22101,8.8932,143
250c0709,21060,8.8904,143
3819c950,20311,8.8904,143
96e47e,17787,8.8932,122
31e8dc45,26098,8.8932,143
7499a13e,25065,8.8932,143
23cb5b4,30966,8.8932,198
139bc203,17049,8.8904,119
22ea27d1,19285,8.8904,122
353e0499,25966,8.8877,143
4243fc8f,19593,8.8932,137
7b6a35a8,21208,8.8849,143
5c9ebfd3,19165,8.8904,122
59436ba2,27353,8.8932,190
4b94381,18394,8.8904,122
2ed4f1cb,28749,8.8904,198
574285fb,28650,8.8932,198
7ce47b00,21866,8.8932,143
44c4022,29836,8.8932,198
53789cb9,24412,8.8932,143
5b7506a3,18386,8.8904,122
5226feaf,25834,8.8932,143
1188c44d,21286,8.8932,143
7322b41c,23725,8.8932,143
91f4c5,26704,8.8932,143
6527a1fe,22968,8.8932,143
6892abc,27355,8.8932,143
325aabbb,22324,8.8904,143
543e6bb8,23202,8.8932,143
5b868a26,25501,8.8932,143
4fff9fc8,23090,8.8932,143
3f6e8f9,25538,8.8932,143
57074055,19565,8.8877,137
64968c4f,26768,8.8822,143
435258ce,29820,8.8932,198
2c6a3d38,20277,8.8932,143
18efb96c,17611,8.8932,122
484baaca,18081,8.8932,122
190e0f25,25570,8.8932,143
647072c1,22487,8.8932,143
1b193fa,19951,8.8932,122
143974fc,27087,8.8904,143
7d273679,28891,8.8932,198
1aa6b566,19326,8.8822,122
1705cb8b,22438,8.8932,143
48c4c303,31166,8.8932,198
34806a70,23542,8.8932,143
233639ed,24260,8.8932,143
4cbeb05,24607,8.8932,171
1a56f793,17781,8.8904,122
74e4f301,22920,8.8904,143
6485f7ca,30548,8.8932,198
5d5d2d41,31156,8.8904,198
4f368e56,28371,8.8932,143
6271124c,23324,8.8932,143
10cc063d,29171,8.8932,198
315e99f8,21793,8.8932,143
5dd8db7,27694,8.8932,143
51fa3639,22985,8.8932,143
7ee2e764,28190,8.8959,143
14eb6986,25220,8.8877,143
51bfa3ba,28155,8.8959,143
38663c0f,27853,8.8932,143
13f952ba,23325,8.8904,143
3c6615c0,25836,8.8959,143
515635a0,26349,8.8932,143
1ebec155,21410,8.8932,143
3230134b,25868,8.8932,143
3b3fd746,2950,8.8959,32
5b240eb4,26734,8.8959,143
3378d8ec,20168,8.8959,143
1602f83,23065,8.8959,143
44a04d0e,27234,8.8959,143
3f8aba80,21147,8.8959,143
4a40ba25,16708,8.8959,117
4a5c98d9,22918,8.8959,143
cd264a1,20297,8.8959,146
22312969,28474,8.8959,143
66e68101,27429,8.8959,143
29388e6a,28675,8.8932,198
70c41c4,26483,8.8959,143
61532e36,28564,8.8959,143
4ad8ae6c,20591,8.8959,143
277e3283,19605,8.8932,137
429945c9,16483,8.8959,109
715f2d54,24237,8.8959,143
7c94f4f8,17052,8.8932,119
73b09ec8,18546,8.8959,122
6630e614,24579,8.8932,171
250c4017,28170,8.8959,143
2d33ee72,24790,8.8959,171
76dbec18,19787,8.8932,137
1ea6ad5,23220,8.8959,143
46218e07,22325,8.8932,143
74d3b8cf,20464,8.8932,143
120bfffc,25193,8.8932,174
3b0cb9ef,19751,8.8932,137
5d413161,27867,8.8932,143
d8027,18988,8.8932,135
f2f54de,20776,8.8959,143
4534b28a,19204,8.8959,122
2c486f23,20172,8.8959,143
6a4e6478,17188,8.8959,119
785699f2,1521,8.8959,19
4f20a997,21266,8.8959,143
daaab82,18539,8.8932,122
6deaf85f,28849,8.8959,198
2b4b3b6,21289,8.8959,143
447f299b,28241,8.8959,143
4e61231b,21276,8.8959,143
164f67ee,25677,8.8959,143
2c5d5d78,21401,8.8959,143
bd36246,16352,8.8932,109
4cede1dc,21501,8.8959,143
21708fb8,22807,8.8959,143
6780b073,28348,8.8959,143
3e39861f,27375,8.8959,143
77d13f97,23378,8.8959,143
5411d3b0,22711,8.8932,143
55310726,27328,8.8959,143
1729ae5,31268,8.8959,198
71399bc5,24443,8.8959,143
13d8beb9,29598,8.8959,198
6d0b06d2,17323,8.8959,122
375dd490,28027,8.8959,143
a07960d,17048,8.8877,119
5c7ccc82,18505,8.8959,122
73bff081,20783,8.8932,143
69746c49,23303,8.8959,143
30d4cca3,22488,8.8932,143
2b90491f,25091,8.8959,143
655834a,24012,8.8959,143
3cf747de,26550,8.8959,143
92e6d59,27671,8.8932,143
1f0cdc20,18210,8.8959,132
762b622d,23632,8.8932,167
446abe35,23112,8.8959,143
600c099f,29838,8.8932,198
4ae98907,29106,8.8959,198
4c26fe33,24712,8.8959,171
6131c790,17747,8.8959,122
58419ac6,21196,8.8959,143
61f17ad8,20004,8.8959,143
67567650,24537,8.8986,171
1cfadbef,30390,8.8986,198
731882a7,2956,8.8986,33
195511a6,17911,8.8986,122
4de5002a,17328,8.8986,122
78a8fda,25437,8.8986,143
30303836,26017,8.8986,143
159d7b7,22353,8.8986,143
64d863e6,21254,8.8986,143
377fc4f8,22928,8.8986,143
6bfbba9,26274,8.8986,143
499430a6,28204,8.8986,143
587f62d9,25066,8.8986,143
6ef4bd21,15154,8.8986,103
2765ec03,18308,8.8986,122
f5b4463,25107,8.8959,143
5cfc69b5,26560,8.8986,143
3485738c,19881,8.8959,122
7f53dd88,22884,8.8959,143
77de3395,21717,8.8986,143
48d04d1a,22116,8.8986,143
57d65e9f,18655,8.8986,122
7c707c38,23389,8.8986,143
36086670,21648,8.8959,143
30cca9bf,29742,8.8986,198
7a3e8a21,22273,8.8986,143
1f79015f,25314,8.8986,143
6ab7df26,9314,8.8932,72
3f63129e,25958,8.8986,143
aa82d5f,17186,8.8986,119
3182e8d1,23694,8.8986,143
66266447,22175,8.8986,143
1da7fe1,19096,8.8986,122
323cd94a,30523,8.8986,198
156cda71,29800,8.8986,198
338e7c6d,21867,8.8932,143
665f2207,20232,8.8986,143
32fd410f,25637,8.8986,143
5cdd6df3,25684,8.8986,143
4131ba73,23335,8.8986,143
11cdb2c,24384,8.8986,143
1e4c9e12,22398,8.8986,143
46e141ed,23091,8.8986,143
a4f9960,19417,8.8986,122
6dedf6be,27826,8.8986,143
17ab591f,26722,8.8959,143
5b899c2e,21292,8.8959,143
1cb4ab29,29560,8.8986,198
2dfb9aa6,19615,8.8959,137
2f21c1a1,30480,8.8986,198
6a920a2f,31427,8.8986,198
620f16fb,27273,8.8932,143
75f08e78,19584,8.8986,137
42f04ca,25217,8.8986,143
25a2f127,26547,8.8986,143
1688f876,28137,8.8986,143
3f8083a6,30127,8.8986,198
4ef25960,27370,8.8986,143
32070d20,30524,8.8986,198
1ef98e,18797,8.8986,122
3b38c798,25397,8.8986,143
67dda0c6,24268,8.8986,143
6d39df10,28110,8.8986,143
7d35d38,20156,8.8986,144
1a9c89b0,24046,8.8986,143
6765897c,27757,8.8986,143
6db4dec6,23277,8.8986,143
4ed65d3f,28881,8.8986,198
30f98c5c,23194,8.8959,143
7b1cdd56,20877,8.8986,143
4f5f2d2c,20676,8.8986,143
30157e1d,28566,8.8932,143
4cd6e285,29906,8.8959,198
30310c2f,21272,8.8986,143
2d5a8112,17669,8.8932,122
3624f732,29954,8.9014,198
4d9de9b9,18347,8.8986,122
75f5d451,30125,8.9014,198
c5e89ec,23079,8.8986,143
19ae1544,20850,8.9014,143
1d527232,25067,8.9014,143
3fa09000,20881,8.9014,143
64ac8cf9,3928,8.9014,43
1c456869,26687,8.9014,143
12884a31,21696,8.9014,143
2913f8f0,21299,8.9014,143
2958626f,19855,8.9014,122
1e69410d,22420,8.9014,143
4ee05933,22719,8.9014,143
7802fc67,24159,8.9014,143
12a3a212,19785,8.9014,137
4696f862,29080,8.9014,198
af30842,26346,8.9014,143
657d3cbf,27117,8.9014,143
6a41a130,23979,8.9014,143
2083371e,23496,8.9014,143
544267dc,18874,8.9014,122
1b6511f2,19781,8.9014,137
41b9236f,25489,8.8986,143
9c6bbc4,18478,8.9014,122
552e687,22183,8.9014,143
627d8f3c,24836,8.9014,171
51a4e800,22372,8.8986,143
6d80616b,21549,8.8986,143
7f74d482,20799,8.9014,143
71fea03f,22505,8.9014,143
76ca2e8,25093,8.9014,143
69891057,22783,8.9014,143
30000920,25054,8.9014,143
347ba847,22597,8.9014,143
1419b680,20478,8.9014,143
566227c2,28048,8.9014,143
77489ef1,27552,8.9014,143
4731c031,23457,8.9014,143
2e617100,19972,8.9014,122
69fa0f39,21727,8.9014,143
5af6abe1,19502,8.9014,122
138fc8c6,28611,8.9014,198
6565a389,31289,8.9014,198
36c342c6,25380,8.9014,143
ff900e0,20176,8.8986,143
603f1b5d,27258,8.9014,143
d1b3664,20476,8.9014,143
21e29073,18333,8.8986,122
665b6aaf,25353,8.9014,143
7ea670ca,20278,8.9014,143
2adac16c,24102,8.9014,143
1f8ebd4c,25938,8.9014,143
42b91898,29904,8.9014,198
223db200,19451,8.9014,122
466835fe,25199,8.9014,143
5e323fce,30514,8.9014,198
6f50b6ad,17995,8.9014,122
13fdcb8a,28489,8.9014,143
79737064,30781,8.9014,198
361170f8,18460,8.9014,122
5c1e4d49,19450,8.9014,122
21426cdb,20328,8.9014,143
43d0c8c7,16299,8.9014,109
7efbe6f5,29280,8.8986,198
50a18866,24875,8.9014,171
2e790f38,27868,8.9014,143
62b7021d,27882,8.9014,143
27e4787c,23854,8.8986,143
609fe3b,19770,8.9014,137
5a37a424,29078,8.9014,198
caf295,24191,8.9014,143
4e95d68,23840,8.9014,143
4d5893e8,18241,8.9014,122
2a2918e3,19209,8.9014,122
61182e9b,29627,8.9014,198
7da00969,21690,8.8959,143
336c19a8,18022,8.9014,122
3aa21bfe,26558,8.9014,143
7a06f3a3,17347,8.9014,122
58aee249,21277,8.9014,143
25384374,25182,8.9014,143
764abf22,25784,8.9014,143
5c9d37fe,21728,8.9014,143
730e2a8e,24439,8.9014,143
14cae478,21293,8.9014,143
9cad5b5,16485,8.8986,109
37daea6c,23826,8.9014,143
3f36d986,28578,8.9014,143
24d09ae,25095,8.9014,143
151933,21038,8.9014,143
5d67874,17587,8.9014,122
433fc46d,19610,8.8986,137
2356cfec,28605,8.9041,198
49bca251,17806,8.9014,122
6148f6d4,24093,8.9041,143
5ce94a3c,22890,8.9041,143
49d5d7e2,24727,8.9041,171
65d74aa3,20553,8.9041,143
430fee9b,12964,8.9041,77
4ab5d382,23845,8.9041,143
5521f46c,28496,8.8986,196
322c43ed,18553,8.9014,122
6d718559,30195,8.9041,198
716f3ab6,17316,8.9014,122
5136c55a,26713,8.8959,143
b6ed984,23848,8.9041,143
7e70de2a,19668,8.9041,137
5046d573,26173,8.9041,143
1636edcb,26595,8.9014,143
5b8dd02f,18258,8.9041,122
34d70a43,23813,8.9041,143
3a37cd4a,27767,8.9041,143
5dccd343,19205,8.9041,122
20938387,22927,8.9041,143
15aa3312,27921,8.9041,143
11f3e170,20183,8.9041,143
2a9e6ec6,31519,8.9041,198
162d4fa9,21453,8.9041,155
52dbccdd,25709,8.9041,143
5c2d5f97,20762,8.9041,143
59ce28a,17934,8.9041,122
7930b597,23423,8.9041,143
75013348,23050,8.9014,143
43e60b98,24476,8.9041,171
7305912e,2352,8.9041,27
218c39dc,29285,8.9041,198
5d6cbc77,23767,8.9041,143
218b4fe1,27915,8.9041,143
671d027a,17586,8.9041,122
52422a83,29555,8.9041,198
12c0abce,25103,8.9041,143
2af722e5,20198,8.9041,143
51f8841d,21074,8.9041,143
122daa93,20673,8.9041,143
5a4fdc3,17189,8.9041,119
16570798,20411,8.9041,143
31aa123,30911,8.9014,198
7c9ceae1,27461,8.9041,143
5e745a54,24294,8.9041,143
7e11101,20666,8.9041,143
77ae82e0,22156,8.9041,143
7031fdc5,20181,8.9014,143
26f45959,21391,8.9041,143
3d246484,29214,8.9041,198
417e2f8e,29519,8.9041,198
3e5e2db1,30157,8.9014,198
3a6495b2,28245,8.9041,143
24fac63e,21623,8.9041,143
1506c01c,27057,8.9041,143
14489f70,28487,8.9041,143
5b341bed,16532,8.9041,114
375a3998,22647,8.9041,143
6739831c,3102,8.9014,1
1ca91765,19950,8.9041,122
47f03ae0,17110,8.9041,119
21005d7f,16714,8.9041,117
a8a1b20,25871,8.9014,143
45606b12,18989,8.9041,135
5ecc272b,26991,8.9041,143
7fdcf151,20182,8.9041,143
182d2128,31612,8.9041,198
3be56cf7,17003,8.9041,119
616c23b0,18806,8.9014,122
5e26b5c9,19973,8.9041,122
2f73fb44,24383,8.9041,143
3fe1a889,20211,8.9041,143
3f107d66,21087,8.9041,143
54f31fb0,15420,8.9041,103
52a8e1ab,27529,8.9041,143
64ea77b1,20952,8.9041,143
567d3e45,29979,8.9041,198
6aba82a1,23094,8.8959,143
26f81ed9,26156,8.9041,143
1198b248,16638,8.9041,109
2ea82928,26710,8.9014,143
10b919d6,26541,8.9041,143
7651c3ce,20597,8.9041,143
228f25be,19433,8.9068,122
735e6a4c,27721,8.9068,143
4d81a9ae,17705,8.9068,122
152e6e61,18039,8.9014,122
2cbf2250,25263,8.9068,143
6d1990b9,18090,8.9068,122
4e7eacba,22951,8.9068,143
36e0ea71,27394,8.9041,143
76ecf9da,24261,8.9068,143
10d7dc00,28180,8.9068,143
31ea0afb,19006,8.9014,122
68ddd5,19727,8.9068,137
11dbd62b,30969,8.9068,198
3fc22fcc,19421,8.9041,122
5e1e571d,20990,8.9014,143
18debf7e,21084,8.9068,143
57fb48c0,26647,8.9041,143
79e9a1bc,21313,8.9068,143
5563b723,23935,8.9068,143
382bd7be,20159,8.9068,143
359b2533,16770,8.9068,109
14b867d,17588,8.9068,122
49d9f3d8,17644,8.9068,122
2f294b7a,22891,8.9041,143
43774111,20994,8.9068,143
47448361,22371,8.9068,143
1e524f6c,25389,8.9068,143
1893284d,23080,8.9068,143
7d84c2be,20970,8.9041,143
53ac2360,20436,8.9068,143
4827bd6,23749,8.9068,143
8a77d05,22236,8.9068,143
9f7ed1c,28322,8.9068,143
5371ab0f,23914,8.9014,143
523d5fae,23529,8.9014,143
2e3a6f00,21467,8.9041,143
4576d2f4,16772,8.9068,109
760ad00a,19457,8.9041,122
40a35cda,28634,8.9068,198
785bab4f,25566,8.9014,143
bc927c2,18622,8.9068,122
2be33c31,2763,8.9014,29
47ff5768,25284,8.9068,143
717cf01b,23493,8.9068,143
54583ca8,20173,8.9068,143
166de6d6,28612,8.9014,198
245d529e,27848,8.9041,143
66ae38f6,19271,8.9068,122
32b78226,22459,8.9068,143
271f45a4,31227,8.9041,198
5e3d4cc7,9315,8.9068,72
103a2c3c,24067,8.9068,143
1e122aaf,27369,8.9068,143
43fd7eac,18662,8.9068,122
77124960,30105,8.9068,198
3608d072,30968,8.9068,198
4bec011e,21253,8.9041,143
39c0c34e,23081,8.9068,143
11e0c2c4,21454,8.9014,155
745cc0d1,19437,8.9068,122
4a70568,24696,8.9068,171
3bc26c01,25455,8.9068,143
2ca36f5f,29512,8.9068,198
3e6b7852,18769,8.9068,122
af7267a,22082,8.9068,143
2dba6b2,23062,8.9068,143
2ad1708c,24066,8.9068,143
1d3f3b1e,29704,8.9041,198
78737903,29074,8.9041,198
27c2be89,17348,8.9068,122
636efed,25106,8.9041,143
10157295,18673,8.9068,122
37613bc4,21085,8.9068,143
6235c3fe,25657,8.9068,143
1ed05da,21380,8.9068,143
3369d598,21699,8.9068,143
2911d9f,28880,8.8986,198
4ef71400,22717,8.9068,143
5a65cfa7,19458,8.9068,122
5d168b5,27718,8.9068,143
50125c91,27150,8.9068,143
26331587,20954,8.9014,143
69ff8103,24217,8.9041,143
1d93736c,28125,8.9041,143
53cec981,31291,8.9068,198
5fa7429b,20486,8.9068,143
6186fbc5,30618,8.9068,198
4e09cbb0,25024,8.9068,143
7464896f,30101,8.9068,198
3a7b683c,17105,8.9068,119
726a8c9c,28060,8.9096,143
17bcbbd0,19134,8.9068,122
75cd1bf2,31163,8.9096,198
41322231,30912,8.9096,198
4f927c6f,30782,8.9096,198
11cdf489,24036,8.9096,143
306d0d52,28442,8.9096,143
37658440,26735,8.9068,143
4575db47,23305,8.9096,143
15865a72,25849,8.9068,143
261922ab,23393,8.9068,143
5d7f4c59,27012,8.9096,143
6b119df7,29213,8.9096,198
704d5351,29688,8.9096,198
7d468cc7,31660,8.9096,198
3ff67a8e,21992,8.9096,143
1b0911fc,23697,8.9096,143
3cfb9d25,22969,8.9096,143
5be24168,19585,8.9096,137
412f569e,19262,8.9068,122
127a39b6,23278,8.9068,143
4bd551fa,28494,8.9096,143
72889c69,24323,8.9041,143
3b067835,30858,8.9096,198
88501c,29104,8.9068,198
43fc7e32,19700,8.9096,137
7521c9f0,25433,8.9014,143
74801389,16743,8.9096,109
da3cfe7,25360,8.9096,143
4f6966ff,21104,8.9096,143
6fc48cce,25766,8.9096,143
1451b68f,21062,8.9096,143
71e9f15,20536,8.9041,143
3444f97,18838,8.9096,122
482d01cd,27379,8.9068,143
4aaeff3e,26286,8.9041,143
2ae460b3,24580,8.9096,171
51512389,25235,8.9096,143
22c4e881,24578,8.9096,171
35d33b9,29813,8.9096,198
235e7976,25928,8.9096,143
7b4b5bff,21387,8.9096,143
79f62ac2,30600,8.9096,198
7e4e34f7,29076,8.9041,198
1464107c,20993,8.9096,143
44214e4f,18942,8.9096,122
65946197,31270,8.9096,198
6fd634d7,21720,8.9096,143
6af2185e,26723,8.9096,143
5e21028c,26257,8.9096,143
10bc6c31,27922,8.9096,143
56623f68,27637,8.9096,143
2ca8fd12,17759,8.9096,122
7acbaf69,22079,8.9096,143
96599e5,23484,8.9096,143
4e3b7ede,28233,8.9096,143
25104a66,2287,8.9096,22
287094a,28621,8.9096,198
175bdf6b,27524,8.9096,143
2708024e,25964,8.9068,143
71ac6851,19042,8.9096,122
12e21316,28604,8.9068,198
32d055ff,20595,8.9041,143
15b47ab9,26487,8.9096,143
2fc3fc1c,21376,8.9096,143
483e91d8,23715,8.9068,143
78715a8d,31532,8.9096,198
4e269688,26203,8.9096,143
64224d60,19745,8.9096,137
16b8395,23695,8.9096,143
7e35b04c,17050,8.9096,119
54fe5c52,27219,8.9096,143
3de2a8cd,19841,8.9096,122
42b94e03,24349,8.9096,143
306ec1eb,9335,8.9096,73
4a0693b8,22715,8.9096,143
19e2fd64,20134,8.9096,143
3f9414fd,23172,8.9096,143
1123610d,20971,8.9068,143
57849b5b,18479,8.9096,122
2ed8197c,23539,8.9096,143
29614940,31662,8.9096,198
276688d5,28244,8.9096,143
2d47be3d,30010,8.9096,198
5eeab68d,29741,8.9096,198
7d62df59,20812,8.9096,143
6ed1c000,29803,8.9096,198
7ef72db1,21341,8.9068,143
75a2b23c,27783,8.9096,143
1ed123c6,22752,8.9096,143
7ee031dc,24059,8.9096,143
412b4827,27750,8.9096,143
393d1114,29389,8.9096,198
59ee675d,17427,8.9096,122
4eb6b0b5,23530,8.9096,143
3127166e,23101,8.9041,143
89f19f0,23382,8.9096,143
6280bf92,24256,8.9068,143
7288ad86,18611,8.9096,122
4b318319,25104,8.9096,143
60c314ef,31766,8.9096,198
4a3d4325,18541,8.9096,122
317561cf,30629,8.9096,198
61f0d9df,23383,8.9123,143
6f9874ec,25081,8.9096,143
38e895e9,25927,8.9096,143
5bf5ea2c,26507,8.9068,143
40f49a77,28715,8.9096,198
6070dd27,23419,8.9123,143
7a91a3ff,31359,8.9096,198
6aa3699,25051,8.9096,143
62693319,20362,8.9123,143
4965396,21338,8.9123,143
73ef96a0,16703,8.9123,118
24a678ba,22147,8.9123,143
ffc76cc,27779,8.9096,143
39c08e46,31757,8.9123,198
36955548,19559,8.9123,137
6d24ace6,24316,8.9096,169
21e18888,29060,8.9123,198
4482461b,27230,8.9123,143
725e308b,29075,8.9096,198
4dc7c06e,21381,8.9096,143
70c8d52e,24047,8.9123,143
6cebf16a,23246,8.9096,143
41e391b7,30856,8.9123,198
32d4fd55,30913,8.9123,198
590daaed,1879,8.9123,24
21dd1415,23100,8.9123,143
12894957,25025,8.9123,143
4833f84,26204,8.9123,143
37d0fedf,25094,8.9123,143
6a63bfbb,21550,8.9123,143
7fc8c9f7,29464,8.9123,198
62aaa695,28874,8.9123,198
523c8a19,17307,8.9123,122
25556982,29234,8.9096,198
1ceb9bae,19394,8.9123,122
7dceb424,26576,8.9123,143
2b4208a8,19791,8.9123,137
1d18239b,20309,8.9123,143
138f40c3,24397,8.9096,143
53f98ff7,19167,8.9096,122
68c5da68,28711,8.9123,198
341d3810,31333,8.9123,198
5d7def08,30857,8.9123,198
58937cc3,22386,8.9123,143
62eafce3,27587,8.9123,143
42e44567,28176,8.9123,143
434d1c9,19069,8.9123,122
5934b4e7,19236,8.9123,122
76a4f9a4,20782,8.9123,143
b2caa1c,19703,8.9068,139
29348829,30424,8.9123,198
55db8264,17317,8.9123,122
2600858c,30896,8.9123,198
4812b71a,31181,8.9123,198
456a0bf1,20320,8.9096,143
4cab699a,21344,8.9096,143
6ea5a966,30126,8.9123,198
33d269cf,22141,8.9123,143
26f2c9c7,23913,8.9123,143
607509cd,24783,8.9123,171
3bd32674,30207,8.9123,198
3102833a,21762,8.9123,143
72afe2e5,31435,8.9123,198
5213716e,31788,8.9123,198
629f261a,27511,8.9123,143
47217220,23014,8.9123,143
4a1408eb,26677,8.9123,143
3c588c6,29743,8.9123,198
1871c152,4777,8.9123,1
199ad1ca,22618,8.9123,143
319ba8bb,20216,8.9123,143
548d100e,18551,8.9096,122
3eb40924,26391,8.9041,143
1198258c,20185,8.9123,143
1785b0b9,24477,8.9096,171
7f50dbc,22102,8.9123,143
3b44602c,25953,8.9123,143
25a7a349,22068,8.9096,143
75c34634,30043,8.9123,198
1ac2a866,23153,8.9123,143
3a816ba4,30970,8.9123,198
7c6b592d,31533,8.9068,198
5af43ddd,29975,8.9123,198
422963af,19913,8.9096,122
31cb27e,27222,8.9123,143
4cecd63d,26371,8.9123,143
5a0c3d48,25804,8.9123,143
359132db,27293,8.9123,143
4ef0eb61,23497,8.9123,143
48519ef3,19487,8.9151,122
47cddd0b,23846,8.9151,143
7c905ec7,26308,8.9123,143
40abbc64,28676,8.9096,198
949fcf3,17970,8.9151,122
20c55d54,26195,8.9151,143
5e5d49ed,22755,8.9151,143
430896de,31001,8.9151,198
5e05428,26338,8.9151,143
f45863d,2741,8.9151,29
3be3a419,19485,8.9151,122
3c5a7bdd,24585,8.9151,171
3b1c296a,28490,8.9151,143
18cb345a,19484,8.9151,122
4d681639,28178,8.9151,143
3e2e8836,18903,8.9123,122
514588bd,27438,8.9151,143
bc8ac86,22443,8.9151,143
4a603041,30730,8.9151,198
c56e03,19994,8.9151,143
7db81ec6,29199,8.9151,198
33da316b,24063,8.9151,143
7873ed69,17537,8.9151,122
536d2112,24092,8.9151,143
2ce6c7b7,27670,8.9151,143
6e1e5b97,25556,8.9151,143
cad7e56,19233,8.9151,122
19d8dbc7,27715,8.9151,143
6b52c20f,29693,8.9151,198
930ccfe,25956,8.9151,143
518d0bc6,28242,8.9151,143
4d532083,25738,8.9123,177
2a6bb8b1,25021,8.9151,143
57544549,30124,8.9151,198
5292cbb2,29551,8.9151,198
6ebea75e,19606,8.9151,137
3a3dc532,23820,8.9151,143
35a67fb0,22636,8.9123,143
604cf2b3,26956,8.9151,143
4de44cf4,28770,8.9151,198
386f260c,16546,8.9151,113
2370f208,17673,8.9151,122
2320f7cc,24379,8.9123,143
6e564050,20200,8.9123,143
7730a701,21146,8.9151,143
185cd6ff,25694,8.9151,143
5942ccbe,25562,8.9123,143
7d86952c,20215,8.9123,143
ffc3d32,27243,8.9151,143
144136e0,29747,8.9151,198
71e9f91c,26638,8.9151,143
3e81fca3,31280,8.9151,198
77e731aa,26738,8.9151,143
191c97c9,19632,8.9151,137
2783acef,23790,8.9096,143
16563858,19939,8.9151,122
58f23159,19957,8.9151,122
2922231f,25572,8.9151,143
25ad5751,17758,8.9123,122
38c01c81,25337,8.9123,143
71f19a39,26791,8.9151,143
6123b32c,21551,8.9151,143
3ea95c89,28872,8.9123,198
3a402d18,15583,8.9151,103
25c1ac5,19670,8.9151,137
7f8168e5,27295,8.9096,143
bb82e88,19746,8.9123,137
30abfa0a,20784,8.9151,143
52c354e8,29890,8.9068,198
26f1d815,28171,8.9123,143
6c776e2d,26615,8.9123,184
3e3a203,28277,8.9151,143
4bcfd283,22049,8.9151,143
2e4e96a3,16676,8.9151,109
63d69a9f,18118,8.9151,122
7a00d6ad,28308,8.9151,143
2a6ad9e7,19810,8.9151,122
1f044de3,19704,8.9151,139
48d12efe,19937,8.9151,122
40e8e0cc,17964,8.9151,122
3c31bcd7,25390,8.9151,143
593b189,18977,8.9151,135
7db1909f,23485,8.9151,143
16795e7,23649,8.9151,143
4080fdeb,19699,8.9151,137
47e98bb7,26268,8.9151,143
760f5099,19185,8.9178,122
4b7a3b12,29465,8.9178,198
cd2e833,25289,8.9123,143
76d6e2d,20162,8.9178,143
bea7dc1,31207,8.9178,198
11527505,20810,8.9178,143
a5a946c,16977,8.9151,119
662a9f0c,18803,8.9178,122
3e76f27d,20017,8.9178,143
62a948f2,22515,8.9123,143
50c96954,27291,8.9178,143
59258c2a,17642,8.9178,122
177294ff,9358,8.9178,73
203882d7,21470,8.9178,143
7e14f73d,30198,8.9178,198
3fb4b03b,25844,8.9178,143
511d7133,5551,8.9178,50
2d8f08be,31281,8.9178,198
52cbd283,22238,8.9178,143
48e49589,27613,8.9151,143
b6127a8,26645,8.9178,143
31cf4b1e,31752,8.9178,198
3d1cc86e,25257,8.9178,143
51b85a99,24828,8.9178,171
53667b61,25732,8.9178,177
183a5da8,18621,8.9151,122
43bea979,19481,8.9178,122
50c15f05,26810,8.9178,143
301c9b0f,22347,8.9178,143
7a8157b9,26370,8.9178,143
4cc2ccf1,23390,8.9178,143
16a19b1b,27609,8.9151,143
42b1ae23,23023,8.9178,143
6882e2b9,26863,8.9123,143
e1dd09e,25607,8.9178,143
367ed8d0,29964,8.9151,198
7261c5f1,21139,8.9178,143
3676b704,23379,8.9178,143
3de4b30f,25837,8.9178,143
3d6ebd28,27604,8.9178,143
6763e04b,27280,8.9178,143
7d1fa8a6,21415,8.9178,143
7e688584,21339,8.9151,143
180b5134,28710,8.9151,198
64394189,20813,8.9178,143
2c7627db,30920,8.9178,198
246ed904,26347,8.9178,143
546ffba6,31216,8.9178,198
162f82ee,25695,8.9178,143
3834acab,29798,8.9178,198
25e10c89,25575,8.9178,176
e787158,31391,8.9178,198
64aaba8b,25724,8.9178,143
79e60341,23045,8.9178,143
544eddb0,23788,8.9178,143
197184d0,18629,8.9178,122
290b50e6,24442,8.9178,143
28be1b97,25456,8.9178,143
618bf9ca,21777,8.9151,143
438a0b16,29536,8.9178,198
3ee5066d,25587,8.9151,176
564840b3,30392,8.9178,198
e728b4e,21287,8.9178,143
300966e3,23263,8.9151,143
2348094f,19286,8.9178,122
2da34d1a,27906,8.9151,143
56e60833,23234,8.9178,143
350771d1,23540,8.9178,143
e6fd4dc,27205,8.9178,143
39939396,24242,8.9178,143
5f52b307,23311,8.9178,143
5155d8c5,16976,8.9178,119
216c2f07,23188,8.9178,143
446179f,25138,8.9178,143
4ec6469b,28824,8.9178,198
122d03fb,21705,8.9178,143
31aa3c76,27982,8.9178,143
717e3953,23282,8.9178,143
4530320c,21314,8.9178,143
393e56af,21477,8.9151,143
59178472,25224,8.9068,143
59a38aa2,22354,8.9178,143
1dc763c8,26350,8.9178,143
5607c5f1,18442,8.9178,122
1fc0b190,28831,8.9178,198
4e00e536,25417,8.9178,143
3356ef57,22864,8.9178,143
76658505,28443,8.9178,143
509a6122,27297,8.9178,143
38da1e8d,27541,8.9178,143
69f29ecd,26775,8.9123,143
3c727296,27259,8.9151,143
6b49396c,29125,8.9205,198
66e595b0,24605,8.9205,171
65756b3f,22421,8.9205,143
d332f6a,20177,8.9151,143
227a1a98,21721,8.9178,143
68f84372,17356,8.9205,122
269ae1c1,20386,8.9205,143
32c6c207,23548,8.9205,143
409aa01d,30303,8.9205,198
6a5398af,25656,8.9205,143
1bb6e8cd,24581,8.9205,171
1fe4c746,30953,8.9205,198
aeb06ef,25851,8.9205,143
7c8b71fd,4954,8.9205,1
5f32317d,16684,8.9205,109
50d71e21,24496,8.9178,171
69b03d8a,26130,8.9205,143
3b3e822d,29806,8.9205,198
1c9d082e,31771,8.9205,198
74533b8a,22036,8.9178,143
38375dc5,26242,8.9205,143
4a0b9707,24385,8.9123,143
1c6714e7,24447,8.9205,143
644cd586,20961,8.9205,143
5307c2ac,31625,8.9205,198
272f7c9a,25256,8.9205,143
4acd9c9e,17327,8.9205,122
c459ac7,22615,8.9205,143
6ea9790c,30549,8.9205,198
356d4d7,20394,8.9205,143
62aed96f,29956,8.9205,198
3483b06d,30330,8.9205,198
5856694b,18395,8.9205,122
79cefd81,22896,8.9178,143
5c0a8aad,20879,8.9178,143
694f0d97,30193,8.9178,198
3b40b6de,27520,8.9178,143
356c66c2,19210,8.9205,122
3dbbdd20,31436,8.9205,198
2c895cb5,21693,8.9205,143
1241f9bc,27883,8.9205,143
3d450f89,19609,8.9178,137
444dc740,29384,8.9178,198
277c5034,21183,8.9205,143
41f6dc9a,21336,8.9205,143
3ac370f5,29506,8.9205,198
5ce74101,26051,8.9205,143
763aea1a,27691,8.9178,143
3382e919,20649,8.9123,143
4467f1ff,23750,8.9205,143
226e4f3b,18540,8.9178,122
3a51b56,20265,8.9178,143
274be01a,21796,8.9205,143
26dd6526,26770,8.9205,143
7105f416,19287,8.9205,122
5c581505,20909,8.9178,143
c1f9e22,26689,8.9178,143
27cb4b5c,24240,8.9205,143
5f78248f,18975,8.9205,135
4314e258,28567,8.9205,143
43122409,28662,8.9205,198
330a9a96,27723,8.9205,143
67813dc8,30776,8.9178,198
580a13f5,18483,8.9151,122
2ff5f74d,21450,8.9151,143
2e6db148,28771,8.9205,198
50a4bf1f,22308,8.9178,143
34c69171,27155,8.9178,143
3c98edae,27530,8.9205,143
537f6355,27716,8.9205,143
28d2999c,19112,8.9178,122
5dfb97de,23864,8.9205,143
20cc19b,25232,8.9205,143
5db6d809,25287,8.9205,143
11f83fa7,20878,8.9205,143
757b6d21,21270,8.9205,143
4959046b,27904,8.9205,143
7126595d,17798,8.9205,122
481d2ff9,20601,8.9205,143
5a46caba,24736,8.9233,171
2300c063,24243,8.9205,143
dbcb347,19776,8.9233,137
c4784c7,28356,8.9233,143
21bf6701,19276,8.9205,122
64daf952,20636,8.9205,143
4fe0d385,23412,8.9233,143
2d840051,26685,8.9233,143
8a2ce5a,26422,8.9233,143
60ec7282,20321,8.9233,143
3bb151d3,22326,8.9233,143
50bdb3e4,21211,8.9233,143
5db6a72a,24819,8.9233,171
43f862d8,28755,8.9233,198
40036047,25937,8.9233,143
7d1cd930,22967,8.9205,143
1595f09b,21669,8.9205,143
4ecfbb36,30309,8.9205,198
3ec770be,25545,8.9233,143
3ac628ef,29200,8.9233,198
55812e86,22020,8.9233,143
6bc35877,29824,8.9233,205
4fd48526,27358,8.9233,143
229cc0c6,17346,8.9233,122
53c94525,21248,8.9233,143
1dc0f3a6,21469,8.9205,143
55211ce5,25236,8.9233,143
27ebc9ad,22756,8.9233,143
144ed06d,28295,8.9205,143
48e7297c,23424,8.9233,143
52a0ae05,25845,8.9233,143
2b7fb35d,24065,8.9233,143
4950d3e7,21624,8.9233,143
3c61f609,22189,8.9233,143
62f58e94,24403,8.9233,143
15c76a,19594,8.9233,137
380dbf78,26996,8.9233,143
6f0afefa,22403,8.9233,143
39b94d1d,22309,8.9233,143
76b96e26,22799,8.9233,143
239af9f6,25030,8.9233,143
1cc35ad5,17399,8.9233,122
41ed9831,29485,8.9233,198
687d5982,27059,8.9233,143
1c918322,22522,8.9233,143
5588d2f5,24608,8.9233,171
2129d4fb,18502,8.9233,122
43e65b29,21290,8.9233,143
4155bb9e,30112,8.9233,198
52d9c63b,19288,8.9233,122
3d384e97,5583,8.9233,50
4cf6650a,24120,8.9205,143
2013be41,19163,8.9233,122
3c675c66,20840,8.9233,143
3c7512ce,21130,8.9233,143
6ebe82a0,28888,8.9205,198
1a952b7,22275,8.9233,143
72baa88,30209,8.9233,198
6397db5f,19282,8.9233,122
44d5ed7c,9226,8.9233,67
77604681,29471,8.9233,198
3c978e30,25687,8.9233,143
66321cc0,24204,8.9233,143
3b226e7a,21145,8.9178,143
4e8363d1,23863,8.9233,143
4ee5823f,25678,8.9233,143
3847533f,23726,8.9205,143
4576dfde,20955,8.9233,143
27605935,25338,8.9205,143
253c384d,20323,8.9233,143
4038ee2a,24813,8.9233,171
64d79e5a,27244,8.9233,143
164f0f70,29655,8.9205,198
5275b3a4,27477,8.9233,143
553b4e7e,29511,8.9205,198
7b10ff,27615,8.9233,143
7cdf38b4,31669,8.9233,198
12058cd0,22838,8.9233,143
6d12e5a7,29520,8.9233,198
62d51ec5,29516,8.9233,198
674a80b3,23674,8.9233,143
5997e386,19971,8.9233,122
23521ace,19792,8.9233,137
693b0b57,20621,8.9233,143
5a4751db,22306,8.926,143
f9debf7,20868,8.9233,143
3e4d28e0,26353,8.926,143
492f1ca2,23312,8.9233,143
5ee46f7b,29887,8.926,198
3234ea53,31335,8.926,198
39c22720,17229,8.926,119
52967db1,20354,8.926,143
5cb552b,27618,8.926,143
14fa054b,30861,8.926,198
78297d5e,30391,8.9233,198
6dda667a,28246,8.926,143
40f37d8a,22131,8.9233,143
c40f585,27687,8.926,143
537d9b2b,30550,8.926,198
608ddf97,29095,8.926,198
5e5a8c4a,22402,8.9233,143
55bdb6d9,20429,8.926,143
6aa6db86,31768,8.9233,198
64d9d022,26412,8.9233,143
6e6b282f,4858,8.926,1
56d85045,27841,8.9233,143
a7edbf3,26352,8.926,143
200c425e,27241,8.926,143
17113c20,24183,8.926,143
35f1cff,21607,8.926,143
7f02fe24,31360,8.926,198
3d5e4d28,23827,8.926,143
2330969f,23046,8.926,143
5873cee2,28191,8.9233,143
3068f816,19952,8.9205,122
40f66334,31251,8.9178,198
7f10c43e,25819,8.926,143
5833212d,19168,8.926,122
1e71e017,19456,8.926,122
4942b562,25563,8.926,143
69ae1387,27352,8.926,143
605792d2,25782,8.926,143
10660bb8,29537,8.926,198
511d7ad0,27406,8.926,143
407d59bc,26921,8.9233,143
59d6481f,23714,8.9233,143
79cda356,30515,8.926,198
43bc8d45,25747,8.926,177
1cc26d6d,31615,8.9233,198
225fb05f,29562,8.926,198
69a68c37,24837,8.926,171
25bb7ac,21523,8.926,143
161863a2,30149,8.926,198
31691281,24458,8.9233,143
6c73f7af,29679,8.926,198
33cacb5a,23211,8.926,143
661abbf2,22405,8.926,143
1f1e40aa,28376,8.926,143
6c230269,27279,8.926,143
9d694ac,30796,8.9233,198
db051fb,29518,8.9233,198
3a206b4f,31157,8.926,198
57d677b1,25354,8.926,143
23120768,31424,8.926,198
2bbf9bb9,25558,8.926,143
1e5c9452,25108,8.926,143
279feec5,20787,8.926,143
24316404,25589,8.926,176
43107e78,31797,8.926,198
700a0835,30813,8.926,198
2a5c38cd,25315,8.926,143
a8eec62,28568,8.926,143
52bfd230,24735,8.9233,171
121c85a1,22952,8.926,143
32f76c77,24064,8.9205,143
4fe76bb7,26464,8.9233,143
3860a7a9,21274,8.926,143
5bdf3c08,21622,8.926,143
6d148972,28485,8.926,143
63651e29,3789,8.926,37
1f2a3afb,27905,8.9205,143
15a2be69,25564,8.926,143
1c3ffc7e,26505,8.9233,143
68f1969d,27638,8.926,143
23ae59fc,29845,8.926,198
23ffea16,25954,8.9233,143
40c02e1b,22187,8.926,143
24611de0,20992,8.926,143
75d1d129,9185,8.926,67
29222adf,10700,8.926,81
1d61b624,24094,8.9233,143
5f6df7c1,17879,8.926,131
68d36916,17672,8.926,122
44f1f7f1,26002,8.926,143
3f522edf,17972,8.926,122
71e8f38,22427,8.926,143
7476cd14,18506,8.926,122
3f73e214,22241,8.926,143
11f907f3,19940,8.926,122
626d2dbb,25590,8.926,176
2031428f,16916,8.926,119
7277df,17838,8.926,122
596d3ebd,21255,8.926,143
52e6c0de,16298,8.9233,109
78e9c537,28437,8.9288,143
6b36997a,23630,8.9233,143
4a7871e5,20800,8.9151,143
5b9eca77,3933,8.9288,43
3f9a01ea,25154,8.9288,143
9ecbb53,19434,8.9288,122
564e1e5d,25586,8.9288,176
7baebb91,26724,8.9233,143
14d4605f,23628,8.9288,143
780e77b5,19843,8.9288,122
5e14221f,20387,8.9288,143
50e8687f,25092,8.9288,143
67893ca5,31158,8.926,198
714381f7,29961,8.926,198
6cb15c3e,23213,8.9288,143
134a9f6d,23830,8.9288,143
72a6eb,25786,8.9288,143
2e30ce54,27565,8.926,143
48062700,31378,8.9288,198
ff0789a,17878,8.9288,131
1aa0d271,30128,8.9288,198
32caed1f,22446,8.9288,143
4b0de261,23698,8.926,143
47357732,22625,8.9288,143
5b9a16ff,26253,8.9288,143
3eddba86,26792,8.9288,143
1ae749d6,25238,8.926,143
7687215f,27553,8.9288,143
7da1fc9e,28254,8.9288,143
2e7b6026,25188,8.9288,143
ef235c6,27103,8.9178,143
41b0609e,22276,8.9288,143
3307313a,25898,8.9288,143
46881d2c,28234,8.9233,143
4512588,25237,8.926,143
594b5c3e,9254,8.9288,71
1bbd7319,24013,8.9288,143
11391fb5,21468,8.9288,143
7f205213,27356,8.9288,143
17de01c3,17876,8.926,131
147715aa,30098,8.9288,198
562c5a94,25820,8.9288,143
64a29986,25967,8.9288,143
3dbfe610,16411,8.9288,112
5a08387d,20852,8.9288,143
76febcd3,26616,8.9205,184
6e06523,23849,8.9288,143
442d9c89,24309,8.9288,143
7fe1bda7,21210,8.9288,143
5f7d9fa1,21627,8.9233,143
5c66a8b9,30910,8.9288,198
592a176b,21914,8.9288,143
714b1113,27695,8.926,143
24e3663,22603,8.9288,143
4278080c,23589,8.9288,143
2b32539a,17837,8.926,122
4fdef28b,20655,8.9288,143
34a973d2,25667,8.926,143
222a98d8,17341,8.9233,122
3f39c68,28061,8.9288,143
463bdf94,22705,8.926,143
770bd3f5,25019,8.9288,143
bc0d607,20428,8.926,143
306dab3d,26736,8.9288,143
46f719b0,26004,8.9288,143
4b8a8f87,30747,8.9288,198
16951bb2,20995,8.9288,143
4bfc7e1e,20549,8.9288,143
3538c448,18732,8.926,122
2ad183df,22766,8.9288,143
14a745bc,21789,8.9288,143
3c83c5b8,18837,8.9288,122
4f6a5ce4,27697,8.9288,143
6903f1ad,27478,8.9288,143
47a7d394,26049,8.9288,143
652b70dd,29586,8.9288,198
c24640d,27849,8.9288,143
783b8de0,24616,8.9288,171
46296ca1,29761,8.9288,198
ec385d3,19560,8.9288,137
7781dcec,21553,8.9288,143
4912f759,24398,8.926,143
3ba25b85,22058,8.9288,143
6d623716,19686,8.9288,137
791a227d,25020,8.9288,143
7f1dda74,24185,8.9288,143
3d11b5de,18262,8.926,122
6820fc7,1884,8.9288,24
58748871,21342,8.9288,143
2452ceee,23425,8.9288,143
6d278baa,22514,8.9288,143
350d7e6a,30748,8.9288,198
63b6d719,30971,8.9315,198
2367a33b,20472,8.9315,143
5f2c9026,26252,8.9288,143
6dbb0093,27558,8.9315,143
339bcd60,25968,8.9315,143
2dfbce53,29220,8.9315,198
166dc66a,19440,8.9315,122
23e7e3ac,18327,8.9233,122
4efada7d,30921,8.9315,198
3d801ca7,25877,8.9315,143
45a6d3eb,22742,8.9315,143
6820d365,25064,8.9315,143
5940a270,25458,8.926,143
4171b217,18259,8.9315,122
7c29fbba,30569,8.9315,198
f63465f,22221,8.9315,143
6fdb49a6,28579,8.9315,143
6ed08604,15421,8.926,103
6b2c0962,22288,8.9315,143
536c36e1,23210,8.9315,143
1f41d791,21142,8.9315,143
1c327488,19292,8.9315,122
2c861be8,28444,8.9315,143
39c2e199,25223,8.9315,143
b2b137e,24709,8.9315,171
1a47a0d5,28339,8.9288,143
682a12e,26593,8.9315,143
5d8f3be3,31186,8.9315,198
28e2564e,24238,8.9288,143
5ce75662,15485,8.9315,103
77808ba3,25578,8.9315,176
4fff1701,30158,8.9315,198
75956896,28606,8.9315,198
6daa2968,22960,8.9315,143
6e19993,22059,8.9315,143
31a8faec,31394,8.9315,198
60539b6b,26099,8.9315,143
5f949a44,27242,8.9315,143
4bb52e69,29274,8.9315,198
57a3cf7f,23245,8.9315,143
9acdcc5,26552,8.9315,143
30bf162,22956,8.9315,143
7f7faaab,31789,8.9315,198
366e4a0c,18354,8.9315,122
594be2f0,18717,8.9288,122
517985a,20395,8.9315,143
7bf40a1,9261,8.9288,71
43454470,26869,8.9315,143
459f728a,23684,8.9315,143
7cf3f72b,25421,8.9315,143
1340a5c,26989,8.9315,143
683ba8ce,22786,8.9315,143
560e8c61,23709,8.9315,143
35a76324,21764,8.9315,143
1460f926,21140,8.9315,143
21a85ebc,17833,8.9288,122
3e7a36c,19237,8.9315,122
dd74e77,25866,8.9315,143
1e6d2f22,27744,8.9315,143
7dd3cfed,19775,8.9315,137
4391eff8,26993,8.9315,143
7482b50b,28476,8.9315,143
3e18086,25290,8.9315,143
41e83103,23413,8.9315,143
602e9bb0,29957,8.9315,198
2c0c4662,25568,8.9315,143
29b37cb6,31214,8.9315,198
29857f0d,18476,8.9315,122
2dce0bfa,27780,8.926,143
56ffa5f3,29079,8.9288,198
4dc78405,16863,8.9315,119
42adc88b,29505,8.9315,198
56ca2875,25258,8.9315,143
18bb5b98,20219,8.9315,143
41290216,22050,8.9315,143
69ad0326,31800,8.9315,198
c03fb2c,26068,8.9315,143
45687708,26771,8.9315,143
42667650,23449,8.9342,143
43921f,19111,8.9342,122
1f60502,21638,8.9342,143
720f203,17748,8.9342,122
7605c041,23622,8.9342,143
6a4a77f4,25052,8.9342,143
5ba5a1aa,26581,8.9342,143
5b95e037,17971,8.9342,122
3ca24cc,25088,8.9288,143
3a860696,17357,8.9315,122
4cd8489d,18348,8.9342,122
38b88d69,19062,8.9342,122
6a0632f6,23147,8.9342,143
603e2b96,18554,8.9342,122
6e2c1bac,29227,8.9342,198
128310c5,20453,8.9342,143
49c911e1,25571,8.9315,143
583ae1d5,20805,8.9315,143
773371f6,27936,8.9315,143
46182987,23609,8.9342,143
56457005,16300,8.9342,109
5cca4730,31393,8.9315,198
5d8d0351,24082,8.9342,143
997c44e,31623,8.9342,198
52b6657c,29926,8.9315,198
2f0ee277,19007,8.9342,122
2173c361,24295,8.9342,143
1451db95,18620,8.9342,122
75add1e6,30613,8.9342,198
2d68887e,26883,8.9342,186
468acaae,27528,8.9342,143
12bf2e79,24926,8.9342,171
828c2c8,31740,8.9342,198
139110ca,20678,8.9315,143
7ad341be,25573,8.9342,143
1174647b,20410,8.9342,143
5f84da1f,26598,8.9342,143
44089665,20969,8.9342,143
2436f1eb,29980,8.9342,198
16d30eaa,29557,8.9342,198
6f7e7a4d,29090,8.9315,198
6fc56279,28357,8.9342,143
7c6f6fc3,29486,8.9342,198
724788ba,30936,8.9342,198
6ef738ad,26941,8.9342,143
2ae549a0,30886,8.9315,198
2d733a48,30746,8.9342,198
21fe9a3e,20082,8.9342,143
633f6504,24609,8.9342,171
34da0b9e,27303,8.9315,143
4582fc18,21428,8.9342,143
34f2fcec,23017,8.9342,143
e72140,22073,8.9342,143
1868631d,19439,8.9315,122
26460792,28759,8.9342,198
7c8a1d75,20575,8.9315,143
5f3c9b94,26522,8.9342,143
66684c12,27909,8.9315,143
3d43bb49,21515,8.9342,143
110e6821,20806,8.9342,143
2ad5b1af,24459,8.9342,143
ef9603b,24231,8.9342,143
2e400b5e,20650,8.9342,143
4c6d21d7,24193,8.9342,143
4bb2b93c,23523,8.9342,143
e8fe0c9,29102,8.9342,198
20bb00bd,23940,8.9342,143
5fdfee4,20078,8.9342,143
5bd8dc3e,19771,8.9342,137
2a20f624,31658,8.9342,198
5266a535,26014,8.9342,143
38866b43,21995,8.9288,143
5c149013,21670,8.9288,143
89e2a17,22481,8.9342,143
6f36793c,23922,8.9342,143
64e1dbea,23804,8.9342,143
52bf4e46,23073,8.9342,143
2b080894,30324,8.9288,198
5b8b4ba8,30631,8.9342,198
772b7b50,26759,8.9342,143
1d7fc0d4,21650,8.9342,143
359a7043,27616,8.9342,143
60d49cff,18396,8.9342,122
5e3d92cc,24262,8.9342,143
72e083a0,26994,8.9342,143
117a8448,25026,8.9315,143
7784f64c,24241,8.9342,143
451db182,20217,8.9342,143
6d960e12,28407,8.9315,143
3316d702,30614,8.9288,198
2b1155da,25579,8.9342,176
768b4dec,19125,8.9342,122
19575424,30937,8.9315,198
266df3e7,23491,8.9342,143
ed4c709,18630,8.9342,122
bffaf16,23426,8.9342,143
27b777a8,2952,8.9342,32
6e0c4a72,27579,8.9342,143
46482435,25114,8.9342,143
30b9a4f5,29528,8.9342,198
2c2f8f7d,22369,8.9342,143
207c0f50,21871,8.9315,143
2792eee6,24221,8.937,143
5a7168ed,29973,8.937,198
3e0d9ee4,30628,8.937,198
a7540b9,20116,8.937,143
4ab3d828,29883,8.937,198
7a66ea46,25567,8.937,143
2b01d3e7,18448,8.9342,122
b512eb6,29831,8.937,198
5ff7c56c,31624,8.937,198
128e300e,23035,8.937,143
37355753,17344,8.937,122
3593fb9d,27881,8.9342,143
1e64841a,22080,8.937,143
542e84e6,18328,8.937,122
37c3c02d,28225,8.937,143
2a519649,22738,8.9342,143
4eca89ea,27696,8.937,143
b4df8d,25788,8.937,143
209d62c9,24244,8.937,143
9f60c5f,29152,8.937,198
b61a704,24382,8.937,143
2f3320f6,25113,8.937,143
9ddca2a,22455,8.937,143
429d6af2,21345,8.937,143
7b30120a,23629,8.937,143
4d32a90a,27441,8.937,143
2a59a61c,25955,8.937,143
3ba935f,29808,8.9342,198
78617160,20685,8.937,150
2043fd9f,18447,8.937,122
47cdd6cd,22157,8.937,143
103a8500,22869,8.937,143
63a31c16,25452,8.937,143
5c33baf8,30110,8.937,198
75e1740d,9316,8.937,72
3137fd34,25391,8.9342,143
4a0f14a8,20007,8.937,143
b2a836b,24793,8.937,171
7595cf1f,27850,8.926,143
7bc542c4,24106,8.937,143
495da340,9227,8.937,67
7f4d4531,31273,8.937,198
16b350db,22649,8.937,143
1c872033,27983,8.937,143
38e4c740,27104,8.937,143
345d7d0f,26574,8.937,143
55780f01,23279,8.9342,143
7756e941,22190,8.937,143
70db3b25,1528,8.937,19
4db7c8ce,29201,8.937,198
6e1b2cb9,26639,8.937,143
dcf95f2,22447,8.937,143
3a060e16,17182,8.9342,119
7c17237,27805,8.9342,143
7a74457,29407,8.937,198
76b63154,29385,8.937,198
7c4ae72a,25221,8.937,143
7016725e,27467,8.937,143
4d2e05f7,29126,8.9342,198
a55b197,23031,8.937,143
210d6440,17870,8.937,131
225adea2,25412,8.937,143
624a76bd,21393,8.9342,143
5ff6c6be,27674,8.937,143
78080dde,30902,8.937,198
32ed59fb,24710,8.937,171
3233e85,27678,8.9342,143
6a89cb69,31336,8.9342,198
52575d1b,23498,8.937,143
a2de42b,18733,8.9233,122
3785de8f,30806,8.937,198
10e034fd,23417,8.937,143
3416770b,18372,8.937,122
5cc15b17,20218,8.937,143
3928f018,31164,8.937,198
28fe6c1c,27009,8.937,143
2f57f827,30332,8.937,198
79981739,29553,8.937,198
74e8022,23072,8.9342,143
5c8b925b,20005,8.937,143
4c0dcf2d,20915,8.937,143
7595384a,22304,8.937,143
75cf2c28,28653,8.937,198
6a9f94a,17974,8.9315,122
6b0ba8e,22651,8.937,143
24e679d2,29694,8.937,198
78ed526c,20778,8.9397,143
31478792,27912,8.9342,143
32202ffe,21135,8.9397,143
32bdec01,1804,8.9397,24
259fe881,31767,8.9397,198
5da7008,28704,8.9397,198
3773b06c,18468,8.937,122
77f02a4d,26995,8.9397,143
3a05da07,29466,8.937,198
9695d66,22006,8.9397,143
53e8672a,20550,8.9397,143
79b24deb,28352,8.9397,143
3ea87b63,25878,8.9397,143
6d736538,24095,8.937,143
2eb2979d,17423,8.937,122
3e736456,21103,8.9397,143
55c5bb66,19970,8.9397,122
23e95e43,30798,8.9397,198
19dd3bdc,25241,8.9342,143
3ca9ad65,22619,8.9342,143
3495e3a9,20863,8.9342,143
444f2f1d,23328,8.937,143
24d3ff3e,31229,8.9397,198
2dbd7a91,22637,8.937,143
5dceb721,26725,8.937,143
647d74a9,25414,8.9397,143
2cfdeb78,30190,8.937,198
11f71e3d,24499,8.9397,171
57d88760,26200,8.9397,143
7f074505,23047,8.9397,143
3c62d7b6,17617,8.9342,122
15cd20f1,17913,8.9397,122
6bd56af,22158,8.9397,143
43571410,23048,8.9397,143
69a2b4ab,19772,8.9397,137
1594cbc6,24337,8.9397,143
7970eff5,17788,8.9397,122
2fc935f,24355,8.937,143
4d7e56ba,26086,8.9397,143
330f07a7,9255,8.9397,71
550f1cf2,27216,8.937,189
100f1344,28226,8.9397,143
2ffb4c79,22390,8.9397,143
6402541e,27381,8.937,143
49473ce0,31790,8.937,198
213a83bf,30601,8.9397,198
54d79b65,21424,8.9397,143
22039745,24478,8.9397,171
52530fd9,26430,8.937,143
27814957,24350,8.9397,143
4f65f271,4873,8.9397,1
71e2ed67,19713,8.9397,137
3b851945,19109,8.9397,122
71a4fd04,18443,8.9397,122
16633493,17663,8.9397,122
b32dc82,22785,8.9397,143
7675aa54,29552,8.9397,198
1f08e81,28224,8.9342,143
3e3a54d8,17866,8.937,131
693d6874,30903,8.937,198
101af828,19012,8.9397,122
fb47c68,28491,8.9397,143
3c6945f,23044,8.937,143
c8eff18,27689,8.9397,143
5772c3d7,31246,8.937,198
534a9f39,18034,8.937,122
10eeaaa9,18211,8.9397,132
27bda087,26229,8.9397,143
5c30ed57,17590,8.9397,122
1d9de17d,29960,8.937,198
7843bb85,29656,8.937,198
32309592,29091,8.937,198
69318cd6,27595,8.9397,143
1b550e84,28495,8.9397,143
7eaf01f8,26243,8.9342,143
480597ba,27184,8.937,143
2d37f550,22444,8.9397,143
1ea5ff5c,30526,8.937,198
18038db1,24232,8.937,143
3d8bf3db,20300,8.9397,146
7cdf614c,20785,8.937,143
6ed096f2,19545,8.9397,137
5f3edb6b,21416,8.9397,143
5bd4ab38,28255,8.9397,143
5c06740f,24186,8.9397,143
368b1e7b,20654,8.937,143
1f476e42,29760,8.9397,198
61349bf9,26008,8.9425,143
606b82be,23660,8.9425,143
44fad58f,26631,8.9425,143
1d465ba,22616,8.9425,143
6620bb81,30797,8.9425,198
5ae2bb89,29061,8.9425,198
48265bf7,24239,8.9397,143
6afd1efc,27401,8.9425,143
9625c91,30895,8.9425,198
469390c7,17850,8.9425,122
3c109201,26069,8.9425,143
3e987181,28408,8.9425,143
41abb7d3,24107,8.937,143
cd7a4b3,23541,8.937,143
25052417,26310,8.9425,143
7f4a9dd8,25668,8.9425,143
3439ae1c,25415,8.9425,143
47f288aa,26737,8.9425,143
36025c5a,19013,8.9425,122
5b326f69,20202,8.9288,143
3a1bedac,19108,8.9425,122
36324364,20786,8.9425,143
1dbdac27,23768,8.9425,143
7f93e232,2348,8.9425,27
4cac10e0,25374,8.9397,143
5210f4b4,2742,8.9425,29
4ed9d0e2,18770,8.9425,122
2bca2218,27395,8.9425,143
fc76d66,23809,8.9425,143
7359a685,23991,8.9425,143
7f6b242d,19631,8.9425,137
160f4cd5,21970,8.9425,143
7fb5b5e2,23532,8.9425,143
6d66d01b,29561,8.9425,198
51592ee,28613,8.9425,198
318d7377,17805,8.9425,122
20d63850,21233,8.9425,143
506edf08,27583,8.9397,143
17e16327,20843,8.9425,143
3705cd0c,20201,8.9425,143
45a9ce9c,27453,8.9425,143
6c02b625,18589,8.9425,122
36ce7619,22188,8.9425,143
2aaad3bc,20869,8.9425,143
3d4874f6,23458,8.9397,143
21fc355b,27722,8.9425,143
58b61cdf,28355,8.9425,143
49d41370,30529,8.9425,198
1d8dc76e,25936,8.9425,143
6146d050,23173,8.9425,143
21d067ce,21455,8.9425,143
49e8c7cf,20465,8.9397,143
3aaddf2b,19131,8.9425,122
6d3e4c7e,26087,8.9397,143
4ff2b800,28377,8.9425,143
c0efff4,22391,8.9425,143
330a4e2f,25785,8.9425,143
40abd88e,29807,8.9288,198
14ab1337,30779,8.9425,198
b69e060,23733,8.9425,143
51816bb5,20143,8.9425,143
4f70b6a3,29088,8.9425,198
38e26d1,19124,8.9425,122
47a0bc20,26363,8.9425,143
1da6bba2,28195,8.9397,143
57a9d31b,26382,8.9425,143
25e3df91,21043,8.9425,143
5235428b,30602,8.9425,198
676026b1,23727,8.9425,143
4f33ea54,22385,8.9397,143
569bc9a2,20396,8.9397,143
6dbf8bb7,25443,8.9425,143
b0c7d1f,20962,8.9425,143
5b3d4760,23987,8.9425,143
5363537c,28441,8.9397,143
42108894,24011,8.9425,143
2a1cf14c,29607,8.9397,198
1b2bb528,29744,8.9425,198
529afd82,4462,8.9425,1
14888b6d,17943,8.9425,122
59d38e21,21554,8.9425,143
1f17e2c6,23394,8.9425,143
1ae46a4b,25216,8.9425,143
4a675999,27690,8.9425,143
f807472,25801,8.9425,143
2fa1a696,23901,8.9452,143
162e271b,27913,8.9452,143
66f51fd6,27705,8.9452,143
6adad49e,22305,8.9452,143
486d5a45,21225,8.9425,143
2f1cbaac,26131,8.9425,143
61d91b36,24636,8.9452,171
5d1b5db7,17871,8.9452,131
7f869b23,22973,8.9452,143
88c621e,17210,8.9452,119
358587a5,17797,8.9452,122
1cac3a88,24503,8.9452,171
1bdd3a4f,23906,8.9452,143
50c9e594,17354,8.9425,122
49e8f887,29235,8.9452,198
346de348,29608,8.9425,198
4690a8c8,19673,8.9452,137
596a10cb,27617,8.9452,143
73f4d5f2,21517,8.9452,143
57c8e7a1,26812,8.9452,143
748a2096,24883,8.9425,171
ce439b3,27371,8.9425,143
236fce19,22286,8.9452,143
4614ab62,26360,8.9452,143
56f1a9ee,27436,8.9452,143
7bf53b22,30702,8.9452,210
3da74ade,24192,8.9452,143
3c731b2d,26071,8.937,143
5f5fe87a,27011,8.9452,143
4ba84a6,17567,8.9452,122
56c48338,4807,8.9452,1
72ca50be,26070,8.9452,143
52766aa5,23516,8.9452,143
2394bf9,27089,8.9452,143
7096c5c5,28167,8.9425,143
507934c9,27304,8.9425,143
31bb5f21,20208,8.9425,145
7995ac6c,22843,8.9342,143
3f6be676,31785,8.9452,198
262d522e,22143,8.9452,158
4d04439d,30120,8.9452,198
40c1dc04,30532,8.9397,198
19a6709d,19438,8.9452,122
16bad75f,22074,8.9452,143
791e7d89,26617,8.9452,184
35eefca6,18117,8.9452,122
7c849602,16673,8.9452,109
5a99592d,17053,8.9425,119
7091f87b,16599,8.9452,109
7a6921d5,12945,8.9452,77
38a0f9f2,31243,8.9452,198
28e09ffa,28070,8.9425,143
602a330b,22387,8.9452,143
57cde8bd,28873,8.9452,198
64190c18,17942,8.9452,122
6e475c9b,19633,8.9452,137
5b491600,19374,8.9452,122
1f2fd873,18718,8.9452,122
777a5ddc,29284,8.9452,198
4fcacb8e,17589,8.9452,122
639f67a3,26793,8.9452,143
70f594c6,29823,8.9452,205
5544b3b9,29064,8.9452,198
4c4b9424,31783,8.9452,198
54f15071,19812,8.9425,122
7edcd773,29128,8.9452,198
468f8477,27277,8.9452,143
58315ff,29958,8.9425,198
87ebd8d,28636,8.9452,198
78d71e40,23543,8.9452,143
68ad4fca,26414,8.9452,143
3b92abbe,25882,8.9452,143
3681f876,24940,8.9452,171
636ffc60,17091,8.9452,119
4beea9fe,17507,8.9452,122
1a30dd42,29283,8.9479,198
b0b9bdd,24891,8.9479,171
95a4669,29825,8.9479,205
30a14d7c,22757,8.9479,143
e3ea3cf,30021,8.9479,198
593c14a6,21984,8.9479,143
7e0e5a2a,26340,8.9479,143
28e78e6,27491,8.9479,143
22136c6,25364,8.9479,143
43a5f36d,24838,8.9479,171
7a85469b,22428,8.9425,143
b3d5865,31381,8.9479,198
4370e35b,25997,8.9452,143
2f225ec3,19580,8.9479,137
7f436422,22400,8.9479,143
1e5ce5df,21348,8.9479,143
21115d94,20053,8.9479,143
5a72a774,26691,8.9479,143
671b2ebf,24184,8.9452,143
31d340a,20298,8.9479,146
3c10ea69,23907,8.9425,143
7a165bab,29801,8.9479,198
35101a9a,29907,8.9479,198
bc0a451,31784,8.9452,198
61976c47,28892,8.9479,198
2994a8dd,26022,8.9479,143
6e7c34ab,19063,8.9479,122
1ce5b3bf,26596,8.9452,143
4967c278,22523,8.9452,143
12897e5e,23881,8.9479,143
48a6cd1c,26232,8.9479,143
44785695,26465,8.9452,143
75316dee,22287,8.9452,143
2c939698,23178,8.9479,143
5223603b,21303,8.9479,143
54694814,20479,8.9479,143
2ac9016a,25459,8.9452,143
1ade65fd,23932,8.9479,143
5335ec25,25645,8.9452,143
4d0227bf,18449,8.9479,122
41ec4836,29689,8.9479,198
2f22bd24,21337,8.9479,143
46bad4b0,25399,8.9479,143
3a125c86,28451,8.9479,143
6671bba4,23208,8.9479,143
6bad057c,28665,8.9479,198
5c00e1d3,21851,8.9425,143
4c0fb1b7,24610,8.9479,171
190ce4d5,19253,8.9479,122
645132dc,23138,8.9452,143
f160969,20197,8.9479,143
54c36f21,29489,8.9479,198
65f0ee07,25883,8.9479,143
8dae7b7,28253,8.9479,143
37b8fa84,27493,8.9479,143
784d2135,30860,8.9507,198
71a950b4,31446,8.9507,198
1aaf78ed,23209,8.9507,143
4597c350,17345,8.9507,122
350b6dbc,9243,8.9507,67
32a57173,22129,8.9507,143
245ea6a1,30887,8.9479,198
4557dad7,21516,8.9507,143
7c268016,18839,8.9507,122
a2e0eae,20050,8.9507,143
3ea11c6e,20135,8.9479,143
50a9f08b,30132,8.9507,198
1133f91,29286,8.9507,198
7a69cc06,19845,8.9507,122
4c1ded49,30292,8.9479,198
61355cfd,31626,8.9507,198
532f61e9,29487,8.9507,198
4bd833aa,28835,8.9507,198
7fe5cf2b,19014,8.9507,122
fdd36fb,23260,8.9507,143
5c31123b,20862,8.9507,143
7439007d,27923,8.9507,143
7ef63833,28584,8.9479,143
2f3b3c51,20117,8.9507,143
7bcf5347,26942,8.9507,143
47c98eab,22130,8.9507,143
7e1e6d22,29959,8.9507,198
7f4a5ccd,23155,8.9479,143
74fd3959,26436,8.9507,143
7442911e,21128,8.9507,143
79b895c9,29153,8.9507,198
54391207,23448,8.9507,143
4993ce28,4955,8.9507,1
29396c65,26758,8.9507,143
1412a256,22844,8.9507,143
8a723f9,30345,8.9507,198
5f924e4b,28083,8.9507,143
3d2a4b98,25230,8.9507,143
3cab5e79,29685,8.9507,198
2a85b8b0,27479,8.9507,143
d221afe,30129,8.9507,198
408ffd07,27720,8.9507,143
2f961805,25492,8.9507,143
4928c318,20454,8.9507,143
794a6768,23855,8.9507,143
2546ca8c,30150,8.9507,198
5440d529,27156,8.9507,143
6b986d63,31182,8.9507,198
74d10625,30304,8.9507,198
7bee3ba4,28866,8.9507,198
29d5406d,26312,8.9507,143
18ed341,18890,8.9507,122
7d921d7b,20991,8.9507,143
77ab2a76,22239,8.9507,143
1fb76a1,26007,8.9507,143
6f7054df,18040,8.9507,122
747ecac6,24713,8.9507,171
31d1bd3,24229,8.9507,143
6e09b70e,25145,8.9507,143
405fc823,30916,8.9507,198
1c91eca6,30990,8.9479,198
42751214,21968,8.9507,143
29dd5a0a,24444,8.9507,143
56fa5632,24267,8.9479,143
acf29f8,23489,8.9534,143
346ff652,25698,8.9534,143
5e60a779,21692,8.9534,143
1daebbb5,31274,8.9534,198
28ad672a,27851,8.9425,143
168f25ce,26466,8.9534,143
6eddd111,26870,8.9534,143
254b77fe,22845,8.9534,143
66edad4a,25746,8.9534,177
7ecb5741,28651,8.9534,198
16d0383e,19705,8.9534,139
168536ac,30109,8.9534,198
688f4705,20880,8.9534,143
4cda740a,26311,8.9507,143
5b5cb467,26566,8.9534,143
6453d9f6,25240,8.9534,143
76760d16,28367,8.9534,143
69134df6,16494,8.9507,109
5752233f,27639,8.9507,143
2d34dc4a,24941,8.9507,171
6b6c6a47,29225,8.9534,198
1863f621,26171,8.9534,143
5eee75c9,30533,8.9534,198
bbc55b2,21136,8.9534,143
6e8a84d2,29488,8.9507,198
4fab039c,27591,8.9534,143
553324d2,29832,8.9534,198
5d854261,23633,8.9534,167
5ad0750e,27787,8.9534,143
77bd03a0,28713,8.9534,198
64749894,26018,8.9507,143
3b64ac31,26005,8.9534,143
7e1a0513,31277,8.9534,198
4c056776,27608,8.9534,143
15a413fd,18365,8.9534,133
a9ba2ea,26040,8.9534,143
140082ac,25585,8.9534,176
7359798d,27408,8.9534,143
46d7a7e0,23399,8.9534,143
59148315,26669,8.9534,143
118cd122,23159,8.9534,143
109345d,22495,8.9534,143
39a4b0e0,27281,8.9479,143
42b7f893,25726,8.9534,143
35452426,29609,8.9534,198
7da6550f,19486,8.9534,122
6199c9eb,22617,8.9534,143
210765a7,23751,8.9534,143
1c97d62b,20289,8.9534,143
6f8f6eb9,31741,8.9507,198
3a91beee,23522,8.9534,143
efa58b,17661,8.9534,122
60d7c83b,31208,8.9534,198
42537c84,26872,8.9534,143
3fed4ab8,21631,8.9507,143
44df0d7,25939,8.9534,143
3dc07a08,22456,8.9534,143
5a857675,31803,8.9507,198
3eb96fd,26287,8.9534,143
5606b4b2,24061,8.9534,143
3da62ded,27013,8.9479,143
4ce1d2f2,30404,8.9479,198
1362e9ed,21278,8.9534,143
70226c17,25588,8.9507,176
7c67febb,27973,8.9452,143
3ed3c587,21141,8.9507,143
3afa7e31,23033,8.9507,143
595bffad,22638,8.9534,143
1a8a401b,21456,8.9507,143
3a554130,21700,8.9534,143
5337bbbd,30518,8.9534,198
4e4353fc,25679,8.9534,143
551780e1,24820,8.9534,171
491a2bce,23203,8.9534,143
1dd588c0,23752,8.9562,143
631dbec6,21982,8.9562,143
a643acc,28445,8.9562,143
3bc630c8,29554,8.9562,198
7e2e5465,25879,8.9562,143
70cb3ee8,3792,8.9562,37
5bd2d867,25442,8.9562,143
5118f3a5,24613,8.9562,171
5d99089f,30938,8.9534,198
7374de7e,21649,8.9562,143
748c41ba,23327,8.9562,143
39d0beac,20622,8.9534,143
2fc3e7e8,27523,8.9562,143
3a8bdf7f,27206,8.9534,143
2c1cc805,17914,8.9562,122
108536f4,28654,8.9562,198
1ba65d2f,20203,8.9562,143
38844102,24804,8.9562,171
20c97fab,28069,8.9534,143
44dd2cea,25202,8.9562,143
e4b9894,25998,8.9562,143
290ea3d0,20796,8.9562,143
37c02d3f,23414,8.9562,143
5c9f384b,28138,8.9562,143
7188f54e,30790,8.9534,198
23d55cd3,19060,8.9562,122
a5a4150,27376,8.9562,143
154a2443,22812,8.9507,143
30b21bc1,29672,8.9534,198
626aa1c,24230,8.9562,143
f9c5dcf,22834,8.9562,143
4bb01843,26938,8.9562,143
6bfc7ee7,29892,8.9562,198
58b95fce,25835,8.9562,143
35a61333,21672,8.9562,143
7e9f77c4,22835,8.9507,143
35577eb6,29805,8.9562,198
769c25b6,30210,8.9562,198
64c95384,23063,8.9534,143
1d9f7337,17881,8.9562,131
64632573,20593,8.9562,143
6173fba5,21082,8.9562,143
64578118,17358,8.9562,124
73f1a9b1,17949,8.9562,122
5d0a8138,27137,8.9562,143
49f2487b,28368,8.9562,143
235ae7ef,27384,8.9562,143
7bddfddd,20380,8.9562,143
59f7f36,18978,8.9562,135
c153dfc,29127,8.9562,198
307b10f,30570,8.9534,198
7884d60e,27521,8.9562,143
6ca3ffd6,28635,8.9562,198
123b5bbb,26413,8.9534,143
37e46edd,31361,8.9534,198
4d11a48b,25365,8.9562,143
698eea89,19844,8.9562,122
1aa0e521,30060,8.9534,198
520e934d,21969,8.9562,143
46089d57,19714,8.9562,137
584cedbd,27367,8.9562,143
45589278,28264,8.9562,143
636af565,24227,8.9562,143
618a2e7a,15175,8.9534,103
48a0ba5e,20683,8.9562,150
5e1416f3,20578,8.9562,143
5f5e841b,23925,8.9562,143
6b2b8348,25262,8.9562,143
37bda43c,28326,8.9562,143
5b6289a9,22930,8.9589,143
253fbfb8,27385,8.9589,143
e6a9958,30862,8.9589,198
396c6a1e,10701,8.9589,81
768c835b,22219,8.9562,143
6264ae30,30917,8.9589,198
2e96204d,29762,8.9589,198
527386fd,18604,8.9589,122
746cdc9e,23511,8.9589,143
6998212c,28307,8.9589,143
2e0a7497,27596,8.9562,143
3c0ebc56,30521,8.9562,198
230577d2,29379,8.9589,198
319fd700,25881,8.9562,143
4c4cb368,29129,8.9589,198
4ef33c3b,19126,8.9589,122
5695abb,16899,8.9589,119
dda1623,25699,8.9507,143
4232f74f,27756,8.9589,143
6bccdb92,27648,8.9562,143
a52faf,26690,8.9589,143
24bfe8d2,30619,8.9589,198
45adfe18,28656,8.9589,198
79899968,26776,8.9589,143
6f097d87,25317,8.9589,143
2cd48199,18059,8.9589,122
21c9dfda,25225,8.9562,143
7a6b5a49,24108,8.9589,143
4f9cceb5,22004,8.9589,143
29c2b0c0,20442,8.9589,143
47cc4696,30121,8.9589,198
3ecd4923,23295,8.9589,143
289476ba,22525,8.9589,143
80dd8f3,27275,8.9589,143
21cd5621,29467,8.9589,198
fbadbe6,31420,8.9589,198
691640a2,19274,8.9589,122
22217fff,23941,8.9589,143
37c2a812,17508,8.9589,122
2454045f,26348,8.9589,143
7d688ed8,22329,8.9589,143
2620c287,25441,8.9589,143
f579f3b,29386,8.9589,198
ba50472,22521,8.9562,143
32825590,23728,8.9589,143
12969dbd,28614,8.9589,198
210b7693,23885,8.9562,143
2ae6054,20864,8.9589,143
22a09b44,22506,8.9589,143
2ba54309,21779,8.9589,143
47d91d8,23369,8.9589,143
66b56a8b,28263,8.9534,143
7eb8d02a,17802,8.9589,122
f65a369,22184,8.9589,143
2939737a,17882,8.9589,131
4a8d1b1b,19313,8.9589,122
41a2c4d4,28298,8.9562,143
313b2944,21996,8.9589,143
79a3654a,23769,8.9562,143
5b7feffc,30317,8.9562,198
39bfe54a,26073,8.9589,143
2be1fb39,22274,8.9589,143
6eec02cd,27377,8.9589,143
c87a36f,31379,8.9589,198
2823ad0c,17404,8.9589,122
6e7098f7,25584,8.9589,176
6004059e,28025,8.9589,143
51a95e2a,29105,8.9589,198
6457c2de,28670,8.9589,198
67d8dc55,23519,8.9616,143
162434e6,24879,8.9616,171
65389c43,29673,8.9616,198
e0a5983,20875,8.9589,143
4ee29529,20473,8.9589,143
5521cad1,19265,8.9616,122
fbaa399,30734,8.9589,198
53a025ac,21360,8.9616,143
9b1a92c,31769,8.9616,198
3c959938,27675,8.9589,143
521d8d89,20031,8.9616,143
6906b9d6,23174,8.9616,143
8614a38,27938,8.9616,143
5a3e93dd,30221,8.9616,198
3a0ea05b,28867,8.9589,198
5ec2a97f,25850,8.9589,143
116a1b36,23946,8.9616,143
600d16eb,23794,8.9616,143
4cb167a9,27505,8.9589,143
773a611,29401,8.9616,198
f41425a,22196,8.9562,143
10e30e9a,21304,8.9616,143
5728bf00,22441,8.9616,143
9ebbf18,21694,8.9616,143
68d862b,1880,8.9616,24
2c59d976,27888,8.9589,143
4d71c8da,19906,8.9562,122
482710bc,22038,8.9616,143
403840fc,18119,8.9616,122
527a2744,22327,8.9616,143
110e12c9,20563,8.9616,143
aeb4db5,2951,8.9616,32
615c52a4,28214,8.9616,143
44630da4,24884,8.9616,171
63e1c1d3,27610,8.9616,143
60a29aec,30022,8.9616,198
1db446b,23650,8.9616,143
291ff86,19290,8.9616,122
6f93595e,30630,8.9616,198
1b12dbba,20444,8.9616,143
40312caf,17973,8.9616,122
38fd7fbd,27359,8.9616,143
353fac13,27386,8.9616,143
7ca2ba4f,25669,8.9616,143
3d0555bd,16517,8.9616,113
6e56d537,22461,8.9616,143
2641a3da,18120,8.9616,122
4f58059f,27781,8.9616,143
58670974,23933,8.9616,143
c09022,31009,8.9616,198
2b34bc93,31244,8.9616,198
39d3abb,16266,8.9616,109
244f2097,26613,8.9616,184
4403b1c3,20186,8.9589,143
404668e1,24798,8.9616,171
4e98845e,27382,8.9616,143
130e4e82,28413,8.9589,143
4a5a6889,24637,8.9616,171
320194dc,27321,8.9616,143
4c5c3a94,21632,8.9616,143
39a81043,27138,8.9589,143
3318d95c,27650,8.9616,143
5203fbe3,18799,8.9616,122
4b04cf0a,28589,8.9616,143
3257e421,23900,8.9616,143
31da3a14,28278,8.9616,143
4770090e,27504,8.9644,143
ae12ee0,22185,8.9644,143
67f0dc29,17935,8.9644,122
6a0b5a1a,29556,8.9616,198
2d74162c,29922,8.9644,198
1ed68be2,26157,8.9644,143
6f7482f4,28215,8.9644,143
2e61ab4c,25740,8.9644,177
4f113b3d,19067,8.9644,122
7ffa734f,30116,8.9644,198
5c765be1,23661,8.9616,143
72b2dfea,25109,8.9644,143
10dc9ab5,28851,8.9644,198
512a213b,23883,8.9644,143
17a420f0,26839,8.9589,143
6f00b8a2,27806,8.9644,143
3be85940,23197,8.9644,143
5f418c58,25787,8.9616,143
5fe25d72,25580,8.9644,176
69f745de,18366,8.9644,133
102c33f9,19488,8.9644,122
435c4ee8,25799,8.9562,143
e98923c,25634,8.9644,143
5d92ff84,28424,8.9644,143
6ca66521,21229,8.9644,143
2e0ed697,22003,8.9644,143
2d93bd9d,19859,8.9644,122
5797dceb,22892,8.9644,143
2cd0ac34,23370,8.9589,143
7d6c153a,20008,8.9644,143
708ea72c,28825,8.9644,198
dda8c48,21457,8.9644,143
4719f6bd,27278,8.9644,143
d3d5f05,29472,8.9644,198
2425f39a,28130,8.9644,143
7d44839a,23467,8.9644,143
75e02e91,24042,8.9644,143
1242825f,22648,8.9644,143
19f00aae,28223,8.9644,143
40711259,28358,8.9589,143
34112860,31758,8.9644,198
32c714c7,22866,8.9644,143
2b7bcd4b,19997,8.9644,143
72d55f72,27494,8.9644,143
2d6ac12a,25204,8.9644,143
15af264b,20579,8.9644,143
6350f1a7,28868,8.9644,198
59e4c9e9,23460,8.9644,143
5e3f9785,19743,8.9616,137
5454c1a9,26206,8.9644,143
21b05ffd,21429,8.9616,143
45094fa5,25952,8.9589,143
21cbdae7,25971,8.9616,143
67a87b3e,27937,8.9644,143
1583a7eb,19941,8.9616,122
366f5d11,22429,8.9644,143
3914581e,28666,8.9616,198
6e185253,26818,8.9644,143
1d41b589,21759,8.9589,143
15f5e535,15176,8.9644,103
1ec02f62,30294,8.9616,198
59bea54f,19061,8.9644,122
4271d2ce,24386,8.9644,143
520ccaf4,20537,8.9644,143
68ea41cd,31804,8.9589,198
44d21542,28608,8.9644,198
8f958b4,30025,8.9644,198
3c167835,31290,8.9644,198
648b253,27948,8.9644,143
52e4dfdd,31607,8.9644,198
720a50c5,19049,8.9644,122
109a11cd,29884,8.9562,198
1fc2143b,21369,8.9644,143
5cdbf7ba,30615,8.9644,198
28b5d1cb,23943,8.9671,143
6861b969,26578,8.9671,143
678d0b92,21362,8.9671,143
646846fe,21695,8.9671,143
36edc139,31215,8.9671,198
62d5e831,29539,8.9671,198
79abff3,26089,8.9671,143
60d48202,23495,8.9644,143
844e509,24945,8.9671,171
2ebd1d49,24168,8.9671,143
63e4eccf,25200,8.9671,143
71f6de1,17884,8.9644,131
31d3b267,24876,8.9671,171
1e1065f9,26418,8.9671,143
58816427,31608,8.9671,198
3847a531,25697,8.9671,143
1cc7696c,28353,8.9671,143
30aba019,25400,8.9671,143
2d093458,16550,8.9671,113
7e7add82,31295,8.9644,198
59d15728,21503,8.9671,143
34179f63,24821,8.9671,171
5058c64d,31770,8.9644,198
38143fef,22178,8.9671,143
78668709,25110,8.9644,143
7fa96647,25520,8.9671,143
2bddf73a,17111,8.9671,119
23b989a5,30732,8.9671,198
35c54931,21892,8.9671,143
79d7de4f,23179,8.9671,143
3df79268,23247,8.9671,143
52ecc0d2,21907,8.9671,143
4d7f977f,24611,8.9671,171
725679bc,29398,8.9671,198
a9d0d39,30859,8.9671,198
b78bad0,23902,8.9671,143
2c6e8704,22005,8.9671,143
3f26113d,30727,8.9644,198
ed3bdc9,23533,8.9644,143
6cc58def,17789,8.9671,122
2225049d,24932,8.9671,171
2d85461d,17511,8.9671,122
3e2b9b91,28829,8.9671,198
7e41c34e,18623,8.9671,122
74ca31f7,20807,8.9671,143
73f824dd,26955,8.9671,143
262925e,24829,8.9644,171
170828ac,27649,8.9671,143
116dde20,20474,8.9671,143
64f04658,20795,8.9671,143
61c624f0,28882,8.9671,198
44a6e4b6,20576,8.9671,143
764afe33,23140,8.9644,143
3d3b3c2f,23212,8.9644,143
929b204,19572,8.9671,137
5998e675,22460,8.9671,143
2a682aa4,19059,8.9589,122
bf2e2bc,25748,8.9644,177
1ad4078,25416,8.9671,143
4f8fd854,24182,8.9671,143
513a349e,2353,8.9671,27
3aec0917,17966,8.9671,122
2617fbf4,29978,8.9671,198
176bda1a,29521,8.9671,198
177592ad,25534,8.9671,143
4d0b85e5,25874,8.9671,143
54da0feb,28609,8.9671,198
1da8a460,26339,8.9671,143
50e16b75,27110,8.9671,143
26f3bd82,25609,8.9671,143
4de46ff1,21414,8.9644,143
3c8eca1a,4936,8.9671,1
33e7d440,26025,8.9671,143
41c586d2,25965,8.9644,143
6b34fdf8,20212,8.9671,143
501042b1,28425,8.9671,143
56508e27,27676,8.9644,143
75e4fccd,19289,8.9589,122
5b181579,30347,8.9671,198
170ff8df,26424,8.9671,143
56c75c3,23296,8.9699,143
45d82545,16600,8.9699,109
172bba6f,27454,8.9671,143
97a99,28982,8.9671,198
c03c62e,31245,8.9699,198
64220e71,17595,8.9699,122
6054edbd,25316,8.9699,143
2a66db1a,21256,8.9699,143
38464ace,22072,8.9699,143
4ce38a31,21729,8.9699,143
b1dbf15,22777,8.9699,143
714ab664,23936,8.9699,143
173f1b67,18631,8.9699,122
1da53374,28854,8.9699,198
4d4790f3,21346,8.9644,143
2bc47b59,18992,8.9699,135
118a5aa6,31256,8.9699,198
44cfa965,21226,8.9699,143
70450c1b,23753,8.9699,143
174dae8,22404,8.9699,143
9e2772c,27667,8.9699,143
305f63f4,25593,8.9699,176
68a28430,31183,8.9699,198
4fa6b056,24719,8.9699,171
5e90ce7,19043,8.9699,122
5567e599,25444,8.9699,143
1e6c6c02,25111,8.9699,143
6293e8fb,27383,8.9699,143
184dc0ff,17720,8.9699,122
726cb542,19543,8.9699,137
f1ddb71,20449,8.9699,143
72342e59,30117,8.9699,198
48852d8,19581,8.9699,137
17c27721,26408,8.9699,143
13d921ae,26992,8.9671,143
2d681960,31428,8.9671,213
727eb6f7,25852,8.9699,143
21eb1807,19057,8.9699,122
67338070,25206,8.9699,143
3d3d0969,29226,8.9699,198
3a73d937,25318,8.9699,143
2c7589be,25648,8.9699,143
43a1d55e,25285,8.9699,143
386afd5a,29229,8.9699,198
6d49cd7f,16533,8.9699,114
555ff0ab,30220,8.9671,198
49571b80,22813,8.9699,143
7e9834d8,27118,8.9699,143
4912cd1,25457,8.9699,143
329e4ca8,24079,8.9699,143
6b7e8134,18474,8.9616,122
1091707d,18904,8.9699,122
487f9b11,25031,8.9699,143
39850285,23560,8.9699,143
660a60f1,30044,8.9699,198
34ff56c0,17724,8.9671,122
5c07e7a9,20363,8.9671,143
2b17164a,30024,8.9699,198
1f04a72a,27121,8.9699,143
e840f65,23524,8.9699,143
40830123,25999,8.9699,143
53b5fa3f,18409,8.9699,122
69323a94,20187,8.9699,143
5b503148,29529,8.9699,198
4763fff0,23795,8.9671,143
1f316426,31209,8.9671,198
568d5aad,28216,8.9671,143
1f413285,28497,8.9699,196
63a911fd,18638,8.9726,122
1b376186,26039,8.9726,143
43f3816f,26873,8.9699,143
39d9f89d,17355,8.9726,122
57f7cd63,27571,8.9726,143
7cfa1899,28756,8.9726,198
5c617dd1,22720,8.9671,143
52171b9e,23459,8.9726,143
34667cb,28544,8.9699,143
6a332e15,26876,8.9726,143
46a1dd1a,30922,8.9726,198
11f9afea,27745,8.9726,143
21b1fa21,21363,8.9726,143
52812b84,26052,8.9699,180
1a8075c3,29130,8.9726,198
465a1f86,23051,8.9699,143
26272e6a,25674,8.9726,143
6814959e,17912,8.9726,122
33125e13,21107,8.9726,143
2aa51bdf,24946,8.9726,171
3c158722,29216,8.9726,198
70e14d5b,20996,8.9726,143
51a27792,27093,8.9726,143
535be59a,30293,8.9726,198
43674444,23754,8.9726,143
391642e6,22650,8.9699,143
7b4abcb1,24799,8.9699,171
7731f177,20018,8.9726,143
e8ddeb1,29839,8.9671,198
507bcf4,29563,8.9726,198
2b8627d1,22652,8.9726,143
53c4d19f,28607,8.9699,198
5db69cfb,29387,8.9726,198
335ce500,27970,8.9726,143
60b98936,18542,8.9726,122
b841f83,30542,8.9726,198
32e99c84,23651,8.9726,143
1126098d,27707,8.9671,143
649b6a1f,26508,8.9726,143
303be769,20405,8.9726,143
1b689eea,30222,8.9726,198
3a23966b,952,8.9726,14
5d7c8a2,25203,8.9726,143
6a3867de,29481,8.9726,198
35f82bbd,25741,8.9726,177
134e63a7,4956,8.9699,1
28673bb4,24498,8.9726,171
148aff1,20623,8.9726,143
4faf8e05,20180,8.9644,143
7599c9a6,25581,8.9726,176
1ac8594b,19291,8.9699,122
152acfe9,23082,8.9726,143
481fc63,19777,8.9726,137
40f2fc25,21349,8.9726,143
7b9dc964,21042,8.9699,143
380b1479,31004,8.9726,198
af0b04e,25725,8.9726,143
33e285ff,19586,8.9726,137
64a64472,21007,8.9753,143
4bdc78f8,21138,8.9753,143
539e0020,27949,8.9753,143
71e5776b,25115,8.9753,143
11ad1df2,19965,8.9753,122
3647af45,28378,8.9753,143
6094f82b,29390,8.9726,198
3a10857d,28071,8.9753,143
432b5d40,19672,8.9699,137
4795d4f6,23520,8.9726,143
481dffe7,31786,8.9726,198
f8f136f,29687,8.9753,198
318a448e,24723,8.9726,171
28d2dea2,25783,8.9753,143
744b960a,17799,8.9753,122
7874807e,27910,8.9753,143
1bb905ca,22839,8.9753,143
25a0ffd1,28944,8.9753,198
15f3a6d3,23322,8.9753,143
49d8b363,27094,8.9753,143
1a1c68c7,19127,8.9753,122
61e97f1e,23141,8.9753,143
302daed3,20788,8.9699,143
3c62401e,26205,8.9753,143
45414d05,26777,8.9753,143
7f0a76cd,17883,8.9753,131
2f5ed04b,30331,8.9753,198
220c14c9,30307,8.9753,198
c40c226,21044,8.9753,143
43268fce,18264,8.9726,122
2d5ede1a,24080,8.9753,143
27057865,26985,8.9753,143
502adbb4,29818,8.9726,198
100cf3be,22498,8.9753,143
e69a125,27885,8.9753,143
3accaa9e,20569,8.9753,143
551c10fc,31437,8.9753,198
59d68c6a,25195,8.9753,143
5f270b9f,25875,8.9753,143
2fc487ec,26640,8.9753,143
da8747b,27202,8.9726,143
1c84e9d7,17945,8.9753,122
29aa914b,27788,8.9726,143
44f2fdc8,20798,8.9753,143
23ee6d3a,17760,8.9726,122
189fe2c1,21556,8.9726,143
308ed54d,29065,8.9726,198
65c20850,21778,8.9726,143
368da59d,30534,8.9726,198
59f2aeb4,1520,8.9753,19
66da99cb,25700,8.9753,143
1b4e63b,23887,8.9753,143
7441eed5,17591,8.9753,122
180a27af,27717,8.9753,143
2fbb0c8d,22986,8.9753,143
1d9ddc70,21997,8.9753,143
3bbe64c6,21263,8.9753,143
40f20222,22289,8.9753,143
7fc37793,18688,8.9753,122
37daa1d5,29108,8.9753,198
44578502,26101,8.9781,143
d74018a,24880,8.9781,171
c87511a,27021,8.9753,143
46959d1f,25821,8.9781,143
5c34b1ba,29405,8.9781,198
3e0277e0,23214,8.9781,143
46059ab7,27601,8.9781,143
70bc1cec,21473,8.9781,143
97cda20,17342,8.9781,122
24ec0198,29757,8.9781,198
4e56e790,21411,8.9781,143
5e1dd9ca,30553,8.9781,198
31dfb5f3,25124,8.9781,143
75fb8291,23450,8.9781,143
52df8de9,29277,8.9753,198
ce881d9,23464,8.9781,143
295d51ae,27855,8.9781,143
3c0bda07,29404,8.9781,198
70378058,29522,8.9781,198
59716bc5,25139,8.9699,143
3a0ba4a2,20406,8.9726,143
11dfdf7b,24502,8.9781,171
7366f4a5,30894,8.9781,198
3f9f9fd1,4479,8.9781,1
66e58e12,25140,8.9781,143
6de2f4a4,22931,8.9781,143
2a9da64,25535,8.9781,143
46aec548,3148,8.9781,34
5f4381b0,20789,8.9781,143
50cab5b,30148,8.9781,198
10b7633b,21681,8.9699,143
7f31388a,28217,8.9781,143
3307b7f2,26313,8.9781,143
333b05f,27946,8.9753,143
63058511,18270,8.9781,122
ec514b5,18993,8.9781,135
15060493,28669,8.9781,198
1bb099e6,27619,8.9781,143
51f6387,23052,8.9781,143
4afd4338,25242,8.9781,143
49b56a7b,22144,8.9781,158
6ffae468,21765,8.9753,157
701a2fd8,18469,8.9753,122
43a96852,30997,8.9753,198
ee77907,30527,8.9781,198
299a132,27916,8.9781,143
2e230f60,20663,8.9781,143
16c26768,31326,8.9781,198
735b9ae7,28142,8.9781,143
3707fe87,17835,8.9781,122
29d9621,31179,8.9753,198
b513394,18590,8.9781,122
3473d11d,29588,8.9781,198
310f09dc,31006,8.9781,198
39f42abc,28041,8.9781,143
57b68f3d,24751,8.9781,171
7de757ef,29131,8.9781,198
346ff066,20684,8.9753,150
2cd68d9d,20455,8.9753,143
4f7a305d,22763,8.9781,143
8655e72,26467,8.9781,143
434263d8,24714,8.9781,171
5be0b448,27235,8.9781,143
45069fb1,21730,8.9781,143
6732cfad,19596,8.9781,137
373e2c30,19938,8.9808,122
69228c6b,21361,8.9808,143
1869e038,27870,8.9781,143
18a87de9,24928,8.9808,171
699686f6,19396,8.9808,122
4b760756,22373,8.9808,143
2f8f6858,30054,8.9808,198
38140a91,24070,8.9808,143
5233e816,30571,8.9808,198
9af908c,29271,8.9781,198
54531679,26318,8.9808,143
4a6903,23338,8.9808,143
4df44244,22953,8.9808,143
20b3a974,28227,8.9808,143
382a8086,27015,8.9781,143
7486b924,21315,8.9726,143
f88c4f0,18979,8.9808,135
27d7c4c6,22496,8.9808,143
1f2d440c,28052,8.9781,143
70aa7326,27130,8.9808,143
485e441a,31798,8.9808,198
15deab61,22136,8.9808,143
241cd327,30489,8.9808,198
6daa555c,17807,8.9781,122
65120119,20213,8.9808,143
80f5c3,30223,8.9808,198
7c7a0889,21083,8.9781,143
237b4858,21731,8.9808,143
46befd88,20637,8.9808,143
4f99b93,23160,8.9781,143
711658dc,24589,8.9781,171
5d042837,30530,8.9808,198
6ce7cca2,22870,8.9808,143
248af7ae,26943,8.9781,143
5a22a364,18116,8.9808,122
67998b5b,23812,8.9808,143
1ba0520f,26817,8.9808,143
49f00f05,30350,8.9808,198
3a34a612,28652,8.9808,198
115c315c,27466,8.9808,143
2db2a714,19275,8.9808,122
8753952,25710,8.9808,143
41b4877e,26925,8.9808,143
5e2fad6c,30012,8.9808,198
2e89a124,26739,8.9808,143
f17b20e,25685,8.9808,143
6afd4be5,23635,8.9808,167
499acf1b,27746,8.9808,143
2a79c78d,23329,8.9808,143
184c870e,29388,8.9808,198
4972e0a4,19314,8.9808,122
186e5581,24538,8.9808,171
a48c02b,23512,8.9781,143
713a380,27305,8.9808,143
63b25940,28525,8.9808,143
1f3ad6cf,23466,8.9753,143
670361b7,31802,8.9781,198
2818b52,2277,8.9781,22
75925af4,25205,8.9808,143
4264c45d,25123,8.9808,143
6f87e865,30194,8.9781,198
70fd21a3,21129,8.9808,143
1e0ed48c,30783,8.9836,198
6ec2436c,25413,8.9836,143
57cbf52c,27433,8.9836,143
66cf0e4b,25265,8.9836,143
20b62ab4,31174,8.9781,198
30e940db,27506,8.9836,143
60fd4263,22527,8.9836,143
83f4044,28310,8.9836,143
55a6fa,27298,8.9836,143
7ac0c1b3,31170,8.9836,198
70246ad2,23981,8.9836,143
26b29f2,28943,8.9836,198
2f242d33,28679,8.9836,198
5315ac3d,22987,8.9836,143
b42e77,31307,8.9836,198
34ad1d7,29686,8.9781,198
5b4ba32a,31266,8.9836,198
558850c5,24785,8.9808,171
2b027a0d,22914,8.9836,143
ae42e8c,24737,8.9836,171
cb08e09,19278,8.9836,122
1b29f922,30888,8.9836,198
23c32a58,24015,8.9836,143
3b6e9494,23301,8.9836,143
21f798ec,20910,8.9836,143
878e0e2,25222,8.9808,143
30f722,27708,8.9836,143
5404feef,28501,8.9836,143
6e2f9fdd,21652,8.9836,143
211f1d0a,27512,8.9836,143
261177ec,24939,8.9836,171
4788b3ee,18263,8.9836,122
55111647,25502,8.9836,143
47d2ba4f,22356,8.9836,143
56fb97dc,24624,8.9836,171
56b8ae4c,28983,8.9836,198
1efc08f2,28030,8.9808,143
337fa2d6,25610,8.9836,143
409c7755,23831,8.9836,143
6e0139d0,2766,8.9836,29
3cd3f69d,28979,8.9836,198
4216c26d,25975,8.9836,143
c31a1eb,27947,8.9836,143
6b99c604,24627,8.9808,171
6d011c8a,29966,8.9781,198
6456f6fd,24246,8.9836,143
48dda2f4,31744,8.9836,198
3cac1428,27301,8.9836,143
3d93c4af,19650,8.9836,137
2bad4f5e,26562,8.9836,143
181f9cff,29559,8.9836,198
3df0470a,29380,8.9808,198
ae55b36,30196,8.9836,198
612109c8,15177,8.9836,103
42b40fff,23306,8.9836,143
26289b32,26088,8.9836,143
1f869efd,30580,8.9836,198
19df40ea,22954,8.9836,143
5d5cf8aa,27898,8.9836,143
49900092,27857,8.9836,143
70d96550,25264,8.9836,143
12f05743,24716,8.9836,171
7063bf24,17444,8.9808,122
2c5c77b8,20564,8.9836,143
135869d2,29482,8.9863,198
28107d0c,24327,8.9836,143
384a6d02,22343,8.9863,143
6507b9e5,28042,8.9863,143
553d7fb0,18905,8.9863,122
460d85a4,22370,8.9836,143
5fb9a3c,22602,8.9863,143
45e12528,26207,8.9836,143
7b9f12db,21402,8.9863,143
6328e473,26577,8.9863,143
22ec5dee,28009,8.9863,143
4f55e2de,26611,8.9863,143
3d14679,23685,8.9863,143
112b7659,23915,8.9863,143
db8512,22988,8.9863,143
4018abca,24326,8.9836,143
6dfd9b95,23490,8.9863,143
20bbe205,25033,8.9863,143
5409fdf1,28196,8.9863,143
6004af0c,25646,8.9863,143
29d08ae5,31613,8.9863,198
75ff79d8,17944,8.9863,122
2a556266,23525,8.9836,143
70bcca56,31297,8.9863,198
fe8a58e,3798,8.9863,37
f7e71dc,28869,8.9836,198
22429134,24122,8.9863,143
e13cffd,31010,8.9836,198
107ec436,24085,8.9863,143
2cfd0d1d,22117,8.9863,143
3a859cae,17873,8.9863,131
708b9aa5,25521,8.9863,143
46f66eb1,26201,8.9863,143
2a70697,29223,8.9863,198
5575d097,26419,8.9863,143
14518a81,29566,8.9863,198
3823741c,29976,8.9863,198
4dd5064f,23798,8.9836,143
777c32dc,27807,8.9863,143
6f61ab30,18268,8.9726,122
4c41a154,26742,8.9863,143
29c331ed,21088,8.9863,143
3b757c2,23049,8.9863,143
263e0adf,24617,8.9863,171
3f3f0cdb,27380,8.9863,143
5de51827,22103,8.9863,143
1cef49ce,20179,8.9836,143
2c934fe7,16986,8.9863,119
6b0dd77a,27856,8.9863,143
1edcde1c,22394,8.9863,143
789b5530,18991,8.9863,135
4e41c1b3,26041,8.989,143
4bf27906,26432,8.989,143
e302a04,30539,8.989,198
33a6625a,29231,8.9863,198
113683cb,20870,8.989,143
513a8407,27360,8.989,143
9d8ed6f,27854,8.989,143
96ceabc,25292,8.989,143
2c611881,30778,8.9863,198
297ebbb6,28953,8.989,198
67039863,30406,8.989,198
954b735,29748,8.989,198
2dd5138e,21347,8.989,143
71aaae89,29804,8.989,198
28a6644,17915,8.989,122
a91e05f,27014,8.989,143
26500327,20220,8.989,143
231c3d00,24551,8.9863,171
7e6110c,20184,8.989,143
2708ab7,31491,8.989,198
241fe8e5,22393,8.989,143
66a9355b,18689,8.989,122
517036f3,22989,8.9863,143
57532b58,23330,8.989,143
c50b997,28760,8.989,198
23fc56ab,28328,8.989,143
36e1cf,22037,8.989,143
73eb2b89,20577,8.9863,143
3d2cc747,22104,8.989,143
5e5dbf4f,27083,8.989,143
75310c56,31614,8.9863,198
5facd61a,21561,8.989,143
4613457,28008,8.989,143
193ed000,23055,8.9863,143
49f98f73,17880,8.989,131
7acd9b42,22195,8.989,143
7637bf1,24931,8.989,171
3e467101,21279,8.989,143
33082912,27683,8.9863,143
2509b3ba,27468,8.989,143
50f08778,22620,8.989,143
3929f819,29218,8.9863,198
3dfbebd4,17803,8.989,130
346a5844,27605,8.989,143
4658a762,31187,8.989,198
7fb462df,22118,8.989,143
79e7391,22609,8.989,143
2ea45870,23882,8.989,143
58bb848d,27387,8.989,143
3e754fa6,21197,8.9863,143
3d958cbd,29238,8.989,198
31fe34a7,27095,8.989,143
356541f9,24428,8.989,143
2179308c,28049,8.989,143
3018a07a,29236,8.989,198
5e2a63b1,23791,8.9836,143
7083e1d2,29217,8.989,198
6ff60cb2,21294,8.989,143
73c2431e,27111,8.989,143
1e5c2d6d,31275,8.9863,198
7e3ac90,30318,8.989,198
728dd766,27725,8.989,143
1d6f3594,19114,8.989,122
42232917,29062,8.9918,198
583e8aef,30923,8.9918,198
44944069,30810,8.9918,198
20b31efa,25319,8.9918,143
7b83f06a,20130,8.9918,143
3d5ba6b4,24497,8.9918,171
57c67407,30914,8.9918,198
31b7f19e,20364,8.989,143
79a064f,30106,8.9918,198
9cb7d9c,20565,8.9918,143
6d2fdc6f,19422,8.9918,122
9adeb81,19423,8.9918,122
718d02b,16400,8.9918,112
672d4f1,26053,8.9918,180
556d7ac9,29392,8.9918,198
463208af,28637,8.9918,198
20a5120b,21651,8.9918,143
88373d8,18444,8.9863,122
617d07bc,19773,8.9918,137
5f788268,19277,8.9918,122
9d99e58,25663,8.989,143
1e4e022,20204,8.9918,143
82d4745,20188,8.989,143
135dffea,29538,8.9918,198
56b39887,29406,8.9918,198
70708783,25970,8.9918,143
1285f1a7,21137,8.9918,143
6e5beeb2,23036,8.9918,143
61620067,27698,8.989,143
24e6245e,26885,8.9918,186
505ef3de,23799,8.9918,143
6deb28bb,31180,8.9918,198
57751da3,21474,8.989,143
5cf475ca,31282,8.9918,198
49256ede,23636,8.989,167
6ec2a427,30049,8.989,198
5a58f7b4,30940,8.9918,198
25fd8310,17888,8.9918,131
47cc5aef,28716,8.9918,198
9538885,16301,8.9863,109
212c98c4,30577,8.9945,198
68807af2,30620,8.9918,198
4d3e4e2f,31296,8.9945,198
509abb70,25696,8.9945,143
1535f31f,19942,8.9918,122
7e095ca1,24218,8.9918,143
41793a79,25923,8.9945,143
443d581d,29399,8.9945,198
7eaae68e,22801,8.9945,143
4af241ae,29696,8.9945,198
4250107b,24738,8.9945,171
6c83559c,28143,8.9945,143
45b45014,23302,8.9918,143
1f5c633f,26090,8.9945,143
1d93863d,23610,8.9945,143
5f829e3c,21800,8.9918,143
29db1fe5,23890,8.9918,143
120be129,21939,8.9863,143
4e88ce3a,31210,8.9945,198
2bf287ba,27709,8.9945,143
4fab1bb8,24843,8.9945,171
384e5bab,27507,8.9918,143
4131f0f,19048,8.9945,122
75461c5f,19793,8.9918,137
7d37e5d3,29756,8.989,198
6a564716,29680,8.9918,198
76a1c634,21998,8.9945,143
33c0885b,22712,8.9918,143
43ab69c5,19744,8.9945,137
420709ef,24590,8.9945,171
711bfa8d,21250,8.9945,143
29ad6d4f,22601,8.9945,143
51458e28,30576,8.9945,198
2f7f6759,22448,8.9945,143
6670460b,17343,8.9945,122
481117da,23980,8.9918,143
a14dc82,25207,8.9945,143
77dd2726,17445,8.9918,122
137967c8,31429,8.9945,213
53960dba,23283,8.989,143
7fca3b86,21305,8.9945,143
6130d74e,31801,8.9945,198
39afab87,24933,8.9918,171
5ab78ad5,27758,8.9918,143
740f8c0e,19058,8.9918,122
13e2af66,25186,8.9945,143
5be30bef,23037,8.9945,143
5755cd0e,30616,8.9918,198
31d20413,28329,8.9918,143
76f8b969,22431,8.9918,143
39b591db,29564,8.9945,198
7a51e940,3935,8.9945,43
3f2a9014,29097,8.9945,198
1826820e,28667,8.989,198
46ee1742,21924,8.989,143
67bd6110,24075,8.9945,143
72131f75,21257,8.9945,143
19d29b13,25201,8.9945,143
2f30db6c,28327,8.9945,143
23098a7b,24927,8.9945,171
498bc1d8,27237,8.9918,143
49657965,31792,8.9945,198
448cd1f9,25711,8.9973,143
27b9c2f,24269,8.9945,143
156908b9,25493,8.9973,143
37c810f4,25969,8.9973,143
2ed264d3,25880,8.9973,143
70160fc2,27899,8.9973,143
2d67fdb9,18996,8.989,135
5adf1751,25929,8.9973,143
67161425,26819,8.9973,143
273e6f1a,17834,8.9945,122
3526d471,26726,8.9945,143
17e1381b,23631,8.9973,143
4081b1fe,26233,8.9973,143
1413504b,30786,8.9945,198
17158be4,21302,8.9973,143
92a58fd,20381,8.9973,143
4967934b,17512,8.9945,122
44e90667,23800,8.9973,143
4af697b9,28870,8.9973,198
71876fa8,31535,8.9973,198
2ab12cd5,30863,8.9973,198
2667cdda,27939,8.9973,143
5852ddf0,23891,8.9973,143
195b59ad,19008,8.9973,122
1262037d,25675,8.9973,143
31164260,23807,8.9973,143
cfcc679,21320,8.9973,143
29075085,23796,8.9973,143
6774b508,25847,8.9973,143
658f3b70,17400,8.9973,122
660970e3,24493,8.9973,171
759997df,17753,8.9945,122
3707a091,29558,8.9918,198
2b4f59ba,16900,8.9945,119
66caa58,27131,8.9973,143
3f72e225,25460,8.9973,143
35fbce72,23163,8.9973,143
477eb8b8,26383,8.9973,143
64a8d3fe,27864,8.9973,143
e86a94,23428,8.9945,143
7f58b59,26711,8.9973,143
773916b7,27213,8.9973,143
2f3e2248,27120,8.9973,143
44dde183,31338,8.9918,198
66c8edc5,24550,8.9945,171
4dcc1d06,23734,8.9973,143
13be5a95,26648,8.9973,143
38447098,28875,8.9945,198
19431490,23340,8.9973,143
344a0e93,16987,8.9973,119
1ff7d47e,26361,8.9973,143
55c1807d,20865,8.9945,143
424ac85c,30573,8.9973,198
6693e165,24541,8.9945,171
4e1afaed,29408,8.9973,198
5b0ba471,21228,8.9973,143
4f7c802a,28632,8.9973,198
68679a6e,18980,8.9973,135
2ba631c0,31395,8.9973,198
312b7a79,21251,9,143
723d9ea1,24929,9,171
6b69cf99,29400,9,198
6948c681,24878,9,171
44dfde84,23430,9,143
61046ea9,28757,9,198
403f7f0e,23926,9,143
5a0d7ef8,22800,9,143
445b3b8e,18470,8.9973,122
2b08257,24877,9,171
5c19b828,21105,9,143
61eb219b,30346,9,198
7c158c60,17405,8.9973,122
5a17f5a7,25259,9,143
6b5caaa3,19741,8.9973,137
434a7aa,27296,9,143
76466b0d,25592,9,176
4e196ba7,23429,9,143
2bc6150e,27651,9,143
309a6ca8,23639,8.9973,167
2541ab67,24248,9,143
609aa2c1,29517,9,198
655bb926,21317,8.9945,143
7e2eaee6,26924,9,143
569c38d7,30107,9,198
41846ff2,26947,8.9973,143
4bbbe01b,21227,8.9973,143
63a5146f,25196,9,143
5b0f13b4,29866,9,198
50ddcfad,23701,9,143
67301fe1,31382,9,198
2cfd6904,22137,8.9973,143
fcc4d9c,20882,9,143
31d25b6f,21252,9,143
4d757957,30737,8.9945,198
567a85a3,9208,9,70
11087321,26409,9,143
75b70772,2354,9,27
68f1cdb2,26874,9,143
47fcdbeb,26158,9,143
71394a6c,16542,9,113
7c456c31,17359,9,124
5fef49f5,9244,9,67
5d3a9836,17088,8.9973,119
f7979cb,25855,8.9973,143
580aa8f1,29632,9,198
7d0ff2e4,19706,9,139
747d2e5b,24048,9,143
308ea63e,28031,8.9973,143
3d4eddfe,28680,8.9945,198
3fd49061,26599,8.9973,143
22c66e36,19747,9,137
67bc8306,26468,9,143
2c561322,26175,9.0027,143
379ac951,24720,9.0027,171
263ca64a,21148,9.0027,143
259bb538,30807,9.0027,198
39487daa,21127,9.0027,143
6fc23888,22787,9.0027,143
1e7554eb,29066,9.0027,198
1a67c8d5,26024,9.0027,143
5879eb93,26564,9,143
1bb40820,17728,9.0027,122
637e4c1b,28197,9.0027,143
19a1d8f3,25125,9.0027,143
e939d27,31772,9.0027,198
35dd71dd,19395,9.0027,122
24d2fde9,31396,9.0027,198
45f14c54,23597,9,143
7aebbf15,28590,9.0027,143
3323dfc0,31362,9.0027,198
7aa5eb5,30777,9.0027,198
214b1626,23294,8.9973,143
7fc6c84b,23549,9.0027,143
4c484fef,23888,9.0027,143
48618af8,25940,9.0027,143
61385479,28949,9.0027,198
183b845e,19549,9.0027,137
51f68382,25308,9,143
5f4f9964,27306,9.0027,143
7c779568,17360,9.0027,124
382ae7cc,30045,9.0027,198
1b650d01,26009,9.0027,143
5da589d8,27208,9.0027,143
625a6565,22138,9.0027,143
7e02afb1,23309,9.0027,143
3e9eb9cc,21322,9,143
51653d54,28615,9.0027,198
207f95e9,19674,9.0027,137
74dca79c,26716,9.0027,143
573c6417,26314,9.0027,143
1e1682f7,22215,9,143
2235c70e,19582,9,137
4bebd970,25793,9.0027,143
f05918,19786,9.0027,137
78074bcf,30811,9.0027,198
228b0d97,29275,9.0027,198
248b49fb,27122,9.0027,143
31be3443,31805,9.0027,198
330493f5,25899,9.0027,143
711fef69,27480,9.0027,143
fa5a420,18121,9.0027,122
4f7985bb,30915,9.0055,198
58752c9a,24722,9.0055,171
561ff45a,25924,9.0027,143
7439ce1d,28150,9.0055,143
77eec97c,29273,9.0055,198
68e3ae7,29383,9.0055,198
683167f1,20378,9.0055,143
2f1ab348,30011,9.0055,198
15e9c990,28257,9.0055,143
14cd4778,30919,9.0055,198
63630e04,26820,9.0055,143
199971d3,24504,9.0027,171
42679e39,25853,9.0055,143
4bd787bd,21478,9.0055,143
3c6fe78a,24460,9.0055,143
4707cd2d,17967,9.0055,122
15c22bf7,27238,9.0027,143
55b94c2c,21249,9.0027,143
6b2ae920,28383,9.0055,143
5a9969ab,26509,9.0055,143
28ba0078,26997,9.0055,143
10af4211,25789,9.0055,143
512ddee7,21564,9.0055,143
55b4daa6,26341,9.0055,143
69eb5ad9,28994,9.0055,198
112a2e5c,25187,9.0055,143
508f34c3,22788,9.0055,143
2ecf1078,24117,9.0055,143
5d5d9eed,29567,9.0055,198
6e532a0d,22740,9.0055,143
2e4ba155,17969,9.0055,122
78512834,28832,9.0027,198
1b2563c9,26646,9.0055,143
3ebe3353,20997,9,143
4d0c6cd8,21701,9.0055,156
796a13de,15588,9.0055,103
3c6dfdc5,28622,9.0055,198
26642a2e,27572,9.0055,143
690fb11a,25638,9,143
474b6a4f,30751,9.0055,198
44661e2,31324,9.0055,198
149b24b6,24676,9.0055,171
452f803b,27212,9.0055,143
533a7085,24886,9.0055,171
13295951,20883,9.0055,143
66037c1a,24612,9.0027,171
73abd4f,30130,9.0055,198
63c3724a,23947,9.0082,143
1bbfa6f5,28616,9.0082,198
564c8fa0,27886,9.0082,143
ff6b7e9,27726,9.0082,143
5d74a39d,22395,9.0082,143
6d8df7f7,24297,9.0082,143
3b1a2ec8,24062,9.0082,143
9198784,28951,9.0082,198
33ea20b1,30735,9.0027,198
7cdebe50,26717,9.0082,143
4b7a051a,27724,9.0082,143
217c1ed3,30152,9.0082,198
49d2a175,30799,9.0082,198
641c88df,27782,9.0082,143
63717444,27084,9.0082,143
691d345,31002,9.0055,198
1dd84458,19489,9.0082,122
5c135bb6,17568,9.0027,122
30cc91d7,20815,9.0082,143
5c496a9b,24711,9.0082,171
1118ad81,21209,9.0082,143
544a81ac,19846,9.0082,122
befe5f9,24049,9.0082,143
4d67d1d9,26048,9.0082,143
5aed675c,28871,9.0082,198
5a2aca4c,24451,9.0082,143
2e1e3cdd,31239,9.0082,198
31105400,19774,9.0082,137
5d04c9de,29540,9.0082,198
6ce282a5,29674,9.0082,198
74fbf65d,19135,9.0082,122
60164ddf,26878,9.0082,186
3f316dd4,29067,9.0082,198
448009d5,21780,9.0055,143
33b3d289,30617,9.0082,198
3c8f5c4a,25226,9.0082,143
6e2586b1,26563,9.0082,143
5a4e196c,27000,9.0082,143
1ec47d51,20999,9.0082,143
586f1fcf,29409,9.0082,198
63f7983b,24014,9.0082,143
5b0fb62c,27590,9.0082,143
1a3d1a7d,17801,9.0082,122
3092f52f,24071,9.0082,143
d813899,4471,9.0082,1
2db0df81,21502,9.0082,143
5f2cc6b8,24628,9.0082,171
78307bff,20412,9.0055,143
2b9ce95a,18990,9.0082,135
7218eda7,20079,9.0082,143
7cf1c190,24480,9.0082,171
2cc6dfe5,25650,9.0082,143
57164558,28992,9.0055,198
65dac317,27679,9.011,143
6e365004,19935,9.011,122
2247c8df,24934,9.011,171
152231be,18650,9.011,122
67ad9fcb,18471,9.011,122
20941b26,21143,9.011,143
2743ae3,26489,9.011,143
438af9e5,30939,9.011,198
5e1efcd9,31334,9.0027,198
5a358965,25239,9.011,143
51ed162f,28256,9.011,143
7a6dc0a2,29590,9.011,198
72ed8dd3,31773,9.0082,198
5b3c4f63,29923,9.0055,198
2db49bc0,22240,9.011,143
15ba465e,24133,9.011,143
1451bc37,24222,9.011,143
acc287b,27681,9.011,143
33323916,24505,9.011,171
3a51de2b,20963,9.011,143
78c08e52,29848,9.011,198
4870dc7e,29885,9.011,198
23787d52,27001,9.011,143
48d50b1d,21568,9.011,143
489c06b6,28677,9.0055,198
6a447c3a,25293,9.011,143
5ed057df,31169,9.011,198
3ea223ba,25503,9.0082,143
16a32b6e,26315,9.011,143
5f4f202c,4948,9.011,1
3fdeab5,22307,9.011,143
2cedb683,31337,9.0082,198
231a102b,27484,9.011,143
5721a24,29758,9.011,198
69b6f07d,26484,9.011,143
28ae0a66,19397,9.011,122
5bc6dc10,21318,9.011,143
4ef05e76,27877,9.011,143
101b7acd,22760,9.011,143
48beaf92,23916,9.011,143
2575ccc9,29749,9.0082,198
79321aea,25708,9.011,143
67715003,18475,9.0055,122
69ba25ff,31238,9.011,198
223ce717,29705,9.011,198
1fc30efd,18411,9.011,122
145b8a48,29069,9.0055,198
2cf6c0e1,27496,9.011,143
3a36c7c7,20356,9.011,143
69b79e37,28382,9.0137,143
6e84c11a,23699,9.0137,143
5c3f3f8f,18575,9.0137,122
26451f48,25461,9.0082,143
45ba1bdc,30208,9.0137,198
3c2e22a9,22244,9.0137,143
69bd553d,25356,9.0137,143
28f40b22,28623,9.0137,198
3c8bee7a,22430,9.0137,143
21f9c501,21231,9.0137,143
491efa73,29610,9.0137,198
62be7503,23117,9.0137,143
3f0f89c7,19595,9.0137,137
6129d0d4,21432,9.0137,143
e97d03d,31494,9.0137,198
60b879bf,26892,9.0137,186
713f0ec6,28349,9.0137,143
5e3fcf45,2764,9.011,29
6e19ea87,24677,9.0137,171
321cead1,2765,9.0082,29
4dcf137a,30836,9.0137,198
448f7d3b,30295,9.0137,198
646ac708,22087,9.0137,143
458654d0,28258,9.0137,143
3561c229,24823,9.0137,171
7067dbd9,22929,9.0137,143
55f8f2e8,30133,9.0137,198
4fbe164b,29272,9.0137,198
6d68e053,30151,9.0137,198
15c86f65,26740,9.0137,143
a09318c,22242,9.0137,143
44fe9a07,29092,9.0137,198
7bcdd09d,28712,9.0137,198
70c99295,21230,9.0137,143
330f4851,28010,9.0137,143
16cda342,24194,9.0082,143
2aacd634,20964,9.0137,143
63a84ef0,26871,9.0082,143
6e20bd7a,24586,9.011,171
150cc44f,24053,9.0137,143
59ddadac,26462,9.0137,143
78a3a7a9,26814,9.011,143
2d9c21f4,23336,9.011,143
73f70bef,23341,9.0137,143
13830eaa,29591,9.0137,198
60de8e29,28837,9.011,198
545aef53,26050,9.0137,143
31a1849e,31386,9.0137,198
76fd3c19,22721,9.0137,143
3adc3a5e,31492,9.011,198
2e6754ea,22893,9.011,143
2d440602,22653,9.0137,143
107cf240,29478,9.0137,198
4ba924db,19056,9.0137,122
5f7de940,25712,9.0137,143
520480bb,27119,9.0137,143
259d9649,18397,9.0137,122
2710e1dd,28053,9.0137,143
1eb591c9,17510,9.0137,122
17973b96,22186,9.0164,143
61e07087,29490,9.0164,198
60c43b8e,22610,9.0082,143
28069d2c,27917,9.0164,143
8b88ff8,24041,9.0164,143
72d6dcb3,23499,9.0137,143
51fd47df,19701,9.0137,137
26dd5ef2,29611,9.011,198
445b66e6,24358,9.0164,143
58a87cbc,25644,9.0164,143
328e8868,20399,9.0164,147
1423ff1e,28569,9.0164,143
584519a6,28279,9.0164,143
47b6281e,24701,9.0164,171
5ce0e1c8,28156,9.0164,143
57302e45,3182,9.0164,1
27c8952c,22497,9.0164,143
5148af13,17844,9.0164,122
a7dfa53,21797,9.0164,143
5c69bf5f,17726,9.0137,122
3feb200b,23164,9.0164,143
2b4f30d2,27368,9.0082,143
4e05f88a,19490,9.0164,122
37b6dce6,29381,9.0164,198
5f873552,22000,9.0164,143
398abdd1,22322,9.0164,143
30958233,31670,9.0164,198
6b11d392,16683,9.0164,109
d7d8bc5,17675,9.0164,122
a31b7d2,26893,9.0137,186
363d201c,19064,9.0164,122
6cfa2e63,25055,9.0137,143
f27218,24479,9.0164,171
659abcd7,27236,9.0164,143
62120891,30703,9.0164,210
5f26ab86,30603,9.0164,198
4fdd11ae,30918,9.0137,198
23e5637b,30924,9.0164,198
57d73795,31325,9.0164,198
4cd770c8,29068,9.0164,198
555d231d,31383,9.0164,198
7c9b1181,22090,9.0164,143
e76c93e,29663,9.0137,198
ebfd803,24553,9.0164,171
64af28c9,29634,9.0192,198
138955a4,30540,9.0192,198
37ba494d,24494,9.0192,171
47b5e079,26731,9.0192,143
5ac17126,28147,9.0192,143
2e7b36d,30991,9.0192,198
33c2baf,28681,9.0192,198
66a9eaa4,24614,9.0192,171
5b64e368,26816,9.0192,143
e776820,31311,9.0192,198
5f6e7089,28758,9.0192,198
3d6d5998,17916,9.0192,122
1438785b,22290,9.0192,143
213b2494,31276,9.0164,198
d7df202,22197,9.0192,143
4b7f26db,9360,9.0192,73
5a0bdbac,19597,9.0192,137
d268a16,28325,9.0192,143
75c100a2,29675,9.0192,198
174e01fa,21000,9.0192,143
139c6e04,24888,9.0192,171
2a53205b,30333,9.0164,198
57eae1a3,26633,9.0192,143
30cc6b75,27682,9.0192,143
40d0df26,24743,9.0192,171
73b27e9f,24500,9.0192,171
73d56eb3,26094,9.0192,143
a9fd384,23640,9.0192,167
2091247f,22016,9.0192,143
667ee6a4,24135,9.0192,143
28ffc09e,26813,9.0192,143
6d83a72,19544,9.0164,137
22651ce8,29081,9.0192,198
5e206cec,24039,9.0192,143
192b8759,21527,9.0137,143
231d117a,19551,9.0192,137
773b098b,28284,9.0164,143
66619a0e,30159,9.0164,198
21ad271a,29541,9.0192,198
5aa11831,26423,9.0192,143
7cb768cf,22331,9.0192,143
53ef4183,31198,9.0192,198
39b4101a,30555,9.0192,198
716965c1,31609,9.0192,198
365f9a33,24794,9.0219,171
1f952622,31627,9.0219,198
6b8d10a,24717,9.0219,171
3c45fb71,20451,9.0219,143
760160c8,25649,9.0219,143
42f6beb2,16496,9.0219,109
4013fc1c,25664,9.0219,143
e35595,29630,9.0219,198
13eeb88b,24058,9.0219,143
6e948d1e,25751,9.0219,177
31387fcc,29894,9.0219,198
2b6ddb83,30047,9.0219,198
4da10485,25098,9.0219,143
7178c52,29796,9.0219,198
75a35563,29681,9.0219,198
30d72997,27784,9.0192,143
75179624,29708,9.0219,198
4ed9e1c8,25854,9.0192,143
21bead3d,24270,9.0219,143
264a0f32,25197,9.0219,143
282ca30c,19709,9.0219,139
61c3b69b,31739,9.0192,198
6095ccca,20379,9.0219,143
ecc6180,25713,9.0219,143
349642a0,19279,9.0164,122
79efb3fd,27680,9.0192,143
5e4a535,31423,9.0192,198
4b59cadf,31308,9.0192,198
6054cc93,23702,9.0219,143
4a05eb27,24930,9.0219,171
4d5c0256,30738,9.0192,198
4928305b,25651,9.0219,143
69c5e946,19598,9.0219,137
6c4fc993,21569,9.0192,143
412c38fe,30061,9.011,198
490e7268,17877,9.0219,131
f473dd6,24935,9.0192,171
57689d59,31684,9.0219,198
3d9d4e60,31003,9.0192,198
5192d211,31806,9.0219,198
55acdcfa,24052,9.0219,143
d541f4,26632,9.0192,143
7bae689,31610,9.0219,198
37ce2e06,20214,9.0219,143
436880b0,21144,9.0219,143
2a25bb66,24630,9.0219,171
3125d225,21504,9.0164,143
1faa6b73,30259,9.0219,198
35f6c297,31380,9.0192,198
4893c8a8,21417,9.0219,143
544cb43d,28633,9.0247,198
34ff7120,20209,9.0219,145
184df19d,26565,9.0247,143
766ac4b,22310,9.0247,143
4bdbae27,19753,9.0247,137
1d5bf97c,22924,9.0247,143
6a6d2253,30788,9.0247,198
585bcfa1,31675,9.0247,198
6167a9ad,23641,9.0219,167
4e67e81b,19707,9.0247,139
111c9127,17725,9.0247,122
c3568b2,22121,9.0247,143
fc9bcdd,4476,9.0247,1
9e95c42,25925,9.0219,143
78bf4a54,24842,9.0247,171
5fe8cd09,25126,9.0247,143
1d85bd7d,4945,9.0247,1
2fa9e522,31439,9.0247,198
5ecdf9c3,30425,9.0247,198
2f8eb900,31185,9.0219,198
5ca2f5a4,30388,9.0247,198
44d8bccb,30050,9.0164,198
453bebbc,24718,9.0247,171
7565c833,31421,9.0247,198
445734bd,27742,9.0219,143
f93f646,23642,9.0219,167
15ef9a03,31507,9.0219,198
4e10ecdd,24109,9.0247,143
731234cd,24893,9.0247,171
339fdb7e,31313,9.0247,198
232e2a8d,29850,9.0247,198
4a789369,21653,9.0247,143
347e8ff,24724,9.0247,171
4e4e87c2,27354,9.0247,190
48e74d2d,27875,9.0219,143
1c66b6c4,28617,9.0247,198
351a61e9,25972,9.0247,143
34e6b9b7,30349,9.0247,198
7ea83b76,22499,9.0219,143
120b8dfa,27022,9.0247,143
2e378f54,18413,9.0247,122
147d7dc7,30954,9.0247,198
3d84291a,26177,9.0247,143
5170aa16,24889,9.0247,171
732e070d,25665,9.0247,143
af051cf,30122,9.0219,198
3bb4f938,18719,9.0219,122
61716b13,30018,9.0219,198
1e9db1bf,22291,9.0247,143
2cd878f,25122,9.0247,143
1d8eeb4,27876,9.0247,143
6b1b246f,30787,9.0247,198
1d1f39b4,30254,9.0219,198
18f870fa,23323,9.0247,143
76e76d95,19352,9.0247,122
300c80b3,18897,9.0247,122
286e281,23451,9.0247,143
59a22d8b,23513,9.0274,143
146478ef,22465,9.0274,160
40397bc8,25753,9.0274,177
751e1ba4,27719,9.0274,143
3d18aef9,24892,9.0274,171
a0c1ab5,29664,9.0274,198
35fcca06,21319,9.0274,143
1e0c707,21421,9.0274,143
3c77c56d,24429,9.0274,143
4a63fa4,30360,9.0274,198
7cb126af,18508,9.0247,122
7ba031cb,22932,9.0247,143
1602523e,27330,9.0247,143
11dd6706,30123,9.0247,198
24333186,21803,9.0274,143
51c2eff1,24427,9.0274,143
55d5d455,25839,9.0247,143
2f4a7cbe,24887,9.0274,171
1248d7d0,27522,9.0274,143
54b30f0f,29592,9.0247,198
2fbf0eb0,23886,9.0274,143
53ec2875,24043,9.0274,143
74e938f,22153,9.0274,143
4b493f1e,29228,9.0247,198
312c103d,30131,9.0274,198
1c547249,26913,9.0219,143
2e494e36,21698,9.0247,143
5d68729b,22999,9.0274,143
5fdb17e7,22407,9.0247,143
41ad78f0,31676,9.0247,198
6022f06f,27764,9.0247,143
47e2aa3,29612,9.0274,198
1a1c6c1d,16401,9.0274,112
1d7f2496,24040,9.0274,143
6a290ede,26877,9.0247,186
1f770a0a,27388,9.0274,143
66f2e17d,24233,9.0219,143
24d22a1,24894,9.0274,171
20b093c8,24083,9.0274,143
7b0ea8e,30197,9.0274,198
76b81a0c,21352,9.0274,143
1d0b7650,22957,9.0274,143
398188ea,23770,9.0247,143
39e5e1ce,25686,9.0274,143
295fd7a4,23850,9.0274,143
69dc0a0b,28235,9.0247,143
fbbf484,27684,9.0274,143
4944bad5,28668,9.0247,198
7c37adcf,24625,9.0274,171
792abbe6,25099,9.0301,143
6acac816,30336,9.0301,198
3a051e1f,27611,9.0274,143
56fb9998,22764,9.0274,143
17e31f5d,26511,9.0274,143
2bd5efcf,21801,9.0301,143
3932e94c,23550,9.0274,143
338f90ab,29483,9.0274,198
3c997870,23534,9.0301,143
1cd17e7b,29093,9.0301,198
383643bb,30749,9.0301,198
1660b578,21971,9.0301,143
592575d7,22122,9.0301,143
ac52dc2,29706,9.0301,198
2e88dc7b,21232,9.0274,143
2429798a,31217,9.0301,198
41ca6435,26234,9.0274,143
37f1c302,18405,9.0301,122
450883e6,26948,9.0301,143
7ef4a7ee,26095,9.0301,143
2d8be438,29175,9.0301,198
42013d2a,26835,9.0301,143
7b511fbb,23686,9.0301,143
7a47b484,22060,9.0301,143
81f35d0,30361,9.0301,198
433ca194,30134,9.0192,198
3063c28f,27439,9.0247,143
77c7a393,30992,9.0301,198
497b9a28,22088,9.0301,143
607b90e,28980,9.0301,198
14626ff7,25032,9.0301,143
2091985b,29507,9.0274,198
e48517c,23856,9.0301,143
1c11cb0c,21351,9.0301,143
4459a01d,24618,9.0301,171
5a07ce7f,28330,9.0301,143
36dfd3a5,24050,9.0301,143
7f2dae51,28236,9.0247,143
53d2a2af,25976,9.0301,143
4173036b,21766,9.0301,157
3fc4c453,17804,9.0301,130
1fddda18,19294,9.0301,122
160dd8b6,25462,9.0301,143
4c0a300,19550,9.0301,137
42c1aeed,19295,9.0329,122
fab66f2,1532,9.0329,19
7515936f,28545,9.0301,143
33bdb1b7,28961,9.0329,198
3652258a,21878,9.0274,143
57ba807,21307,9.0329,143
4b0d171e,25856,9.0329,143
4a5465dc,29523,9.0329,198
6da78f40,22722,9.0329,143
5ad0cbd,19675,9.0329,137
5b4325b6,31005,9.0329,198
78d57c27,24016,9.0329,143
3d413cf6,3937,9.0329,43
11c68c64,18412,9.0329,122
7ce3a205,22396,9.0274,143
3ecf46ba,25752,9.0274,177
6d282100,22269,9.0329,143
48a8256d,28761,9.0329,198
2373afbd,29287,9.0329,198
29ba55f7,24453,9.0329,170
6d842cec,31191,9.0329,198
4188207d,23738,9.0329,143
4802e66c,4477,9.0329,1
336c1776,23730,9.0329,168
7fc3bebb,20679,9.0329,143
7f48f2f6,25689,9.0329,143
20264af5,31192,9.0329,198
73a23e20,24740,9.0329,171
11f66089,27743,9.0329,143
2911ff03,24631,9.0274,171
3b726936,26176,9.0329,143
59430346,24507,9.0329,171
7b13d2cf,26159,9.0329,143
5d5cc349,20456,9.0329,143
75cf2a0d,17754,9.0301,122
39c7e076,20452,9.0356,143
55d00c80,25561,9.0329,143
34d75ec1,24725,9.0356,171
6a6d6989,30713,9.0356,210
23aefae1,25611,9.0356,143
5137673e,26354,9.0356,143
6acab0da,26811,9.0356,143
66d960cc,27900,9.0356,143
68f60b80,25682,9.0356,143
2928f37,28657,9.0329,198
3de1b3df,22743,9.0356,143
10137baf,27789,9.0356,143
45b80c94,30111,9.0356,198
48e1c826,28299,9.0356,143
4e0f5933,19293,9.0329,122
5e1c0d3a,25129,9.0329,143
6ed3226d,19050,9.0356,122
6516e21b,27878,9.0356,143
2370b667,20382,9.0329,143
1d3b0aee,27641,9.0356,143
6a0c936e,31677,9.0356,198
38d8a20e,17975,9.0329,122
1e3df8fc,22392,9.0329,143
6f91de5b,26433,9.0356,143
5b14fdaf,28855,9.0356,198
558d9240,24702,9.0356,171
2838922d,31534,9.0356,198
59b365ce,30728,9.0356,198
253602d2,30412,9.0356,198
26cc70a5,30491,9.0329,198
2b076928,26840,9.0356,143
1c909ba6,4478,9.0356,1
7055cbe3,21458,9.0356,143
328a4d32,18271,9.0356,122
27bff923,30258,9.0356,198
3f6a1bd9,3793,9.0329,37
61bed504,26743,9.0329,143
13de7dc,24689,9.0384,171
228a4d85,28301,9.0384,143
59937039,17800,9.0384,122
7bcc358d,30582,9.0384,198
36c80c01,29063,9.0356,198
79d17013,22765,9.0384,143
2149e929,28502,9.0384,143
4fa4f9db,26843,9.0329,143
df45aae,21566,9.0301,143
7b2af715,25749,9.0384,177
46e5ccf0,17946,9.0356,122
40a56470,30144,9.0384,198
15c459f8,30800,9.0384,198
7dc600ba,28658,9.0384,198
57bb0e9,29755,9.0384,198
52481486,27437,9.0384,143
633cf29c,27497,9.0384,143
7ef6d385,19708,9.0384,139
494a4e3a,29707,9.0384,198
4444479,30013,9.0384,198
16ba8c53,26741,9.0384,143
5e181ffa,17867,9.0384,131
13e0cb3f,26425,9.0384,143
45b8a19d,31211,9.0356,198
63f942df,24826,9.0384,171
21e382e7,30256,9.0384,198
adda236,23307,9.0384,143
759d450f,25357,9.0384,143
3f1abeee,21879,9.0384,143
3f2e54d9,25666,9.0384,143
16680659,22140,9.0356,143
2b215ac9,30574,9.0384,208
41a67c8d,17674,9.0384,122
20144493,30055,9.0356,198
c6360fc,22039,9.0384,143
5aeff5e7,25463,9.0384,143
7b390b61,21802,9.0384,143
909429f,20457,9.0356,143
1e7ab7c2,24552,9.0356,171
4a3e9ce1,24822,9.0384,171
3b9f2927,31495,9.0356,198
8ce4f36,20624,9.0384,143
4b10e90a,25116,9.0411,143
9f930d,28050,9.0411,143
428b4428,17886,9.0356,131
384604b0,26010,9.0384,143
7452e20b,18574,9.0411,122
8291077,31617,9.0411,198
6bf7708c,22132,9.0411,143
109bbf5e,28950,9.0411,198
5acae2b7,25681,9.0411,143
5aa96018,29851,9.0411,198
18f05a79,25127,9.0411,143
7b51a1d6,29514,9.0411,198
3bbbbc63,23431,9.0411,143
76178505,23729,9.0384,143
6cae3a2c,29565,9.0356,198
edc85f8,31742,9.0411,198
1a87697e,21306,9.0356,143
7cb986e9,4949,9.0411,1
776d0afc,22761,9.0411,143
503f17d,25117,9.0411,143
364c0bd6,24895,9.0384,171
80005ad,23814,9.0329,143
4ae7ebd4,17706,9.0411,122
2bae2869,17721,9.0411,122
ac368fb,29909,9.0384,198
ab3e216,24881,9.0411,171
3a7d2984,31508,9.0356,198
6c3987a6,25794,9.0411,143
360e0728,23053,9.0411,143
279b25a2,1529,9.0411,19
747909dc,30952,9.0411,198
54ddb442,31283,9.0411,198
64a33fa3,22313,9.0411,143
24e72d8,27785,9.0411,143
122cdeb6,17592,9.0356,128
1514146c,29908,9.0384,198
6ce45f64,31366,9.0384,198
506f8ccd,30736,9.0411,198
5b684cbb,27770,9.0384,143
b71bb51,29542,9.0411,198
18032847,24693,9.0411,171
69294d26,23143,9.0301,143
1d84e7db,21482,9.0411,143
53d59470,22315,9.0411,143
7f706323,18091,9.0411,122
5c935196,21525,9.0301,143
6693cfe0,26431,9.0438,143
199aa156,30062,9.0438,198
650fb03d,20144,9.0438,143
6515dc5d,24897,9.0438,171
648f07,29070,9.0438,198
1ecf2325,21479,9.0438,143
235652eb,28499,9.0438,196
5b4265ae,29241,9.0438,198
171eef81,29543,9.0438,198
1ed8e107,29391,9.0411,198
4a6c3378,21519,9.0438,143
56ff9867,18404,9.0438,122
36fd17de,30199,9.0438,198
78e35215,19599,9.0438,137
21ea54d7,18994,9.0411,135
3e8d217b,23544,9.0438,143
b7cdc2d,29868,9.0438,198
55e1797b,28954,9.0438,198
37f0ea28,23337,9.0411,143
169494bc,23917,9.0438,143
444f5ced,25118,9.0438,143
293f7dfd,28883,9.0438,198
5475f1f3,21258,9.0438,143
77cbe300,25084,9.0438,143
475ae67b,18578,9.0438,122
37eb6765,20052,9.0438,143
79cc7249,27372,9.0411,191
2b4e3818,20145,9.0438,143
3b50d92,23772,9.0438,143
4462622f,26950,9.0411,143
134c5aa1,27614,9.0438,143
9082cbb,16716,9.0438,117
53dc4b7a,9262,9.0384,71
78ae150e,24430,9.0438,143
1ae96854,27139,9.0438,143
9c6d1e8,19491,9.0438,122
4163599f,22311,9.0438,143
7e5572d2,24904,9.0438,171
23374c8c,25688,9.0438,143
70d54d52,21999,9.0438,143
73c5572a,29230,9.0438,198
78db2023,16551,9.0438,113
2b0a646d,29232,9.0438,198
472df741,30019,9.0438,198
1cd9e19a,23797,9.0411,143
12107265,31167,9.0438,198
3cfe0284,31193,9.0438,198
46bc908e,17550,9.0438,122
6b36d6f1,17874,9.0438,131
67c77a42,30253,9.0438,198
4ff80e04,19115,9.0438,122
1c7ee350,22089,9.0438,143
3ee438b1,18995,9.0466,135
2ee0b086,25422,9.0411,143
622d5045,26259,9.0466,143
6d2afa2a,31794,9.0466,198
53b2e035,25128,9.0438,143
15a0c086,24679,9.0466,171
6a5e0bc,20246,9.0466,143
191b7169,21505,9.0466,143
11bcb577,23737,9.0438,143
2bfdf6c0,18998,9.0466,135
41acbd14,28157,9.0438,143
2745303,30348,9.0466,198
40a6fa1d,27023,9.0466,143
34c5e873,31195,9.0466,198
3edea0db,25146,9.0438,143
7d7268c0,24038,9.0411,143
704a53dd,27495,9.0466,143
5006ea9c,24937,9.0466,171
27078493,29633,9.0466,198
3c9a7670,3149,9.0466,34
7b0942f2,27061,9.0466,143
1eec1e85,27322,9.0466,143
79d955ce,23611,9.0466,143
22ffa083,30581,9.0438,209
7ed14eff,18577,9.0466,122
62e1757a,31679,9.0466,198
d27b6a0,30792,9.0466,211
73c199b7,28500,9.0438,143
4085d524,17727,9.0466,122
292622eb,29867,9.0466,198
198403d9,18592,9.0466,122
66772d7f,20816,9.0466,143
8b5e860,22925,9.0466,143
109ca2e7,31299,9.0466,198
79b5a254,23637,9.0438,167
293ff1e6,26957,9.0438,143
767c3d6b,27260,9.0466,143
393ec5ee,22017,9.0466,143
4bf606b0,29568,9.0438,198
512d2d2c,31616,9.0466,198
148de072,22139,9.0466,143
24532674,15589,9.0466,103
723553d9,24387,9.0466,143
6535bf91,23066,9.0466,143
4502a360,24417,9.0411,143
329f92e2,31314,9.0466,198
5f27a5dc,31212,9.0466,198
5dc9ba56,20966,9.0466,143
6014471d,4921,9.0466,1
75fafb47,27526,9.0466,143
273db254,28856,9.0466,198
38e77b5d,26618,9.0466,184
3fc568bb,24452,9.0466,170
70e682e7,21316,9.0466,143
606d8da7,21567,9.0466,143
22830218,22292,9.0466,143
21bdb886,22223,9.0493,143
6588e7ec,31014,9.0493,198
69845e4f,27373,9.0493,191
71befd2,17887,9.0493,131
53ad02a5,28151,9.0493,143
1f98e9de,29544,9.0493,198
3d0dca46,31807,9.0493,198
76308d8e,27158,9.0493,143
4d3301c7,23644,9.0493,167
5849ab51,16901,9.0493,119
15bdc7a6,29677,9.0493,198
463160ad,30409,9.0466,198
65f290c1,21526,9.0493,143
341fd918,29138,9.0493,198
61f7cb65,27485,9.0466,143
1a8cb00a,28864,9.0493,198
57f59ffe,17401,9.0493,122
1d684b01,28663,9.0493,198
421b172a,17402,9.0493,122
3de8f383,24121,9.0493,143
469981af,23918,9.0493,143
1976ea3e,28772,9.0493,198
34e0c7d,23638,9.0493,167
4c238c9e,31298,9.0493,198
79c0837c,26951,9.0493,143
48ff5786,30492,9.0493,198
20a324d0,31438,9.0493,198
735ee112,29545,9.0493,198
5dd7d25d,26092,9.0493,143
2e09007e,23892,9.0493,143
53afbda0,29869,9.0493,198
2f5c88ee,30973,9.0493,198
577d90b6,28907,9.0493,198
345bf53e,26463,9.0493,143
5237193b,26490,9.0521,143
7ce27525,27727,9.0521,143
7c5bfc60,19070,9.0521,122
47983b7d,17514,9.0521,122
5379bc33,23739,9.0521,143
2c01d4b5,21039,9.0493,143
587b357,30623,9.0521,198
113be466,29204,9.0521,198
7b16b2b1,23034,9.0521,143
4695fecf,31339,9.0521,198
650ea281,24119,9.0521,143
414dea2e,29515,9.0521,198
2847074e,22528,9.0466,143
38cdb26d,29682,9.0466,198
6d0fd088,24890,9.0521,171
248c4a4,30362,9.0521,198
2c7a4259,29239,9.0521,198
3c174def,19548,9.0493,137
699cceda,24118,9.0521,143
2db55aa9,5409,9.0521,50
5323adcc,25097,9.0521,143
55ddea72,24300,9.0521,143
6bb2b113,24542,9.0493,171
2e77f5a2,25130,9.0521,143
5a38040d,31430,9.0521,213
64e2c162,30791,9.0521,211
5d5f6df1,24690,9.0521,171
29e81038,18362,9.0521,133
72f0bb17,21872,9.0521,143
33ea7164,21275,9.0438,143
15fcb20d,22364,9.0521,159
616660c7,31523,9.0521,198
8e6c503,21475,9.0493,143
6867f42a,24210,9.0521,143
187b5ff1,31665,9.0493,198
60fdf407,22023,9.0521,143
4ac97461,24691,9.0493,171
74396ee6,29132,9.0521,198
232802ef,17600,9.0521,122
5e57cc93,21295,9.0521,143
3b352b46,4821,9.0521,1
61ee45ac,29479,9.0521,198
52e67b75,29593,9.0521,198
60854f8c,30308,9.0466,198
5f744324,30750,9.0548,198
24d33333,28659,9.0548,198
3ca80d5f,30556,9.0521,198
2ff8fc43,30622,9.0548,198
65cb2f1f,31678,9.0466,198
185b3de1,22808,9.0548,143
64650940,28148,9.0548,143
c97eb6b,31425,9.0548,198
30988e31,28682,9.0548,198
2fe02a17,30904,9.0548,198
71ed19f6,29614,9.0548,198
3d0e3182,23928,9.0548,143
e7159fb,31538,9.0521,198
7aecb702,27924,9.0548,143
63d73300,29484,9.0548,198
2f999cd9,30407,9.0548,198
2ba3b650,20484,9.0548,143
34e84081,4530,9.0548,1
6e7d3a2f,22611,9.0548,143
d610c6d,21524,9.0548,143
3b463aa7,25071,9.0548,143
4ddc8906,19974,9.0548,122
4a777ed0,22432,9.0521,143
e22fc63,31015,9.0548,198
61a86d8b,24454,9.0548,170
4ff00197,28981,9.0548,198
45e999cc,25670,9.0548,143
6c54acce,26260,9.0548,143
1da4ce6a,5555,9.0493,50
529798f0,27808,9.0548,143
5b394c97,27157,9.0575,143
1242b9e2,27132,9.0575,143
292ee25e,27918,9.0575,143
56d8d117,25733,9.0575,177
4790af93,24084,9.0548,143
56dc1e02,30897,9.0575,198
51d62092,22529,9.0548,143
fb404e4,28146,9.0575,143
4d1adeb6,30551,9.0575,198
3f60cea3,27710,9.0575,143
7b00f519,30756,9.0575,198
1b32985b,27332,9.0575,143
340e3cfd,29402,9.0575,198
79ce0b21,20445,9.0575,143
155e8aa4,28285,9.0575,143
53ae3b6f,22086,9.0575,143
70cee686,26879,9.0575,186
5c519101,26102,9.0548,143
19fdb7a2,17868,9.0548,131
632098a2,23339,9.0575,143
41f7b2ea,29968,9.0575,198
117efa4c,31808,9.0575,198
654a1f66,30710,9.0575,210
2487ee5,21520,9.0575,143
1c25a077,29159,9.0575,198
5b902ab6,25957,9.0548,143
7ed4eca4,25680,9.0575,143
189ed5a8,21565,9.0575,143
4638abe3,31316,9.0575,198
2d1a58f2,22021,9.0548,143
6c64a4e2,26553,9.0548,143
350cd406,29115,9.0575,198
5b51649a,31327,9.0575,198
24f36aca,19552,9.0575,137
79ccf1bf,31171,9.0575,198
6df98902,23893,9.0575,143
6cf9bb81,23822,9.0575,143
3e86dc5f,29962,9.0575,198
6ea31aa1,24461,9.0548,143
51398885,28995,9.0575,198
70a9aa39,27858,9.0548,143
78c5e457,30784,9.0575,198
ec58ffc,28985,9.0603,198
97cae00,27060,9.0575,143
13255301,20817,9.0603,143
362dec65,28259,9.0603,143
795075e9,28764,9.0603,198
5bc8bf50,28986,9.0603,198
507ff2f8,23102,9.0603,143
62cc4273,20998,9.0603,143
124264f,26875,9.0603,143
3d73b718,31188,9.0603,198
16f6a09b,29676,9.0603,198
4a5d5c3f,23771,9.0603,143
30d887a0,22741,9.0603,143
2e749cd4,28311,9.0603,143
2ec50557,30351,9.0603,198
2eab9cb3,29765,9.0603,198
e3781fd,27527,9.0603,143
7aa6e21c,25131,9.0603,143
70be43a0,26963,9.0603,143
2821700,23142,9.0575,143
6b5fd012,27469,9.0603,143
300856c4,26778,9.0603,143
7df3e4db,21259,9.0603,143
7f520b86,27559,9.0603,143
6dfa297b,31431,9.0575,198
1f36fc76,31384,9.0603,198
34fc6fab,30814,9.0603,198
5c073c9e,26959,9.0603,143
830a56d,3106,9.0603,1
7d010677,25294,9.0603,143
12e03c6a,30334,9.0603,198
2e6d6ebc,28946,9.0575,198
690e24b,28498,9.0603,196
73d77e50,29513,9.0603,198
60470f2c,28958,9.0603,198
259a9516,18591,9.0603,122
2419b954,25754,9.063,177
6c747679,30305,9.063,198
34123ab4,29410,9.063,198
7fc10d6e,15486,9.063,103
77cd1b8,24069,9.063,143
45513b05,19573,9.063,137
2cebe9e2,24068,9.063,143
636385b8,24721,9.0603,171
4681c4fa,21212,9.0603,143
a44463c,31240,9.063,198
79130a6f,28250,9.0603,143
6fc82373,22810,9.063,143
6a20eb0,27531,9.063,143
4eccac8a,25266,9.0603,143
661176c9,21528,9.0603,143
1cadd129,28945,9.063,198
7b05816,22133,9.063,143
11f101de,25147,9.063,143
6a1f4b14,29889,9.0575,198
3a724796,2360,9.0603,27
57b8c92f,24051,9.0548,143
524d4b26,30575,9.063,198
4bab4f40,30490,9.063,198
63cdff54,19546,9.0603,137
722db3b3,27620,9.063,143
2508d5c8,24938,9.063,171
4a01d2ab,28993,9.0603,198
5bc145e4,17054,9.063,119
57fa2697,24072,9.063,143
22431bf1,24301,9.063,143
4855b7f0,26990,9.063,143
c85a0db,24432,9.0603,143
73bdb89a,31509,9.063,198
6e279511,30866,9.0575,198
5d3a2aca,17808,9.063,122
6b76a9e3,31196,9.063,198
5b727164,21798,9.0575,143
3e7db7cd,9249,9.0603,71
1fdf4ba1,24699,9.063,171
133f5eea,24418,9.063,143
5b8ee4b8,23847,9.063,143
89ee3db,1530,9.0658,19
39d3d6f5,26096,9.0658,143
6df9232a,23054,9.0658,143
458f871,28959,9.0658,198
285f6766,20146,9.0658,143
2be782ff,24415,9.063,143
5720d98d,24626,9.0658,171
73e45030,26437,9.063,143
593ecd92,24545,9.0658,171
45550150,30325,9.0658,198
303ca54d,9362,9.0658,73
2bc95b61,26845,9.0658,143
638b807b,28384,9.0658,143
32b6d136,29116,9.0658,198
63027280,30427,9.0658,198
3641a560,31315,9.0658,198
9f6738b,22001,9.0658,143
dcd2ce2,29870,9.0658,198
619e8d12,29475,9.0658,198
7d2bc9a9,30051,9.0658,198
467a09c9,22789,9.0658,143
9a0bf29,31284,9.0658,198
7caa40a6,16715,9.0658,117
2140ef85,26364,9.0658,143
1864c9ed,21940,9.0658,143
19d19868,26438,9.0521,143
6f6dcb64,24413,9.063,143
227d1871,21941,9.0658,143
3b213dc9,23000,9.0658,143
2d835f25,21350,9.0658,143
3828543,29967,9.0658,198
3d171f7f,31791,9.0658,198
2d0d954c,31312,9.0658,198
f6aa261,22134,9.063,143
3827bede,23415,9.0603,166
2f189c04,26998,9.0658,143
2a71927f,22366,9.0658,143
70d254fa,30994,9.063,198
7586c570,22179,9.0658,143
6da327af,24947,9.0603,171
1c0cdabf,30046,9.0658,198
394b0f4d,28300,9.0658,143
26385ff2,31159,9.0685,198
1e959f78,26881,9.0685,186
385114bf,23810,9.0685,143
5ba4649e,26887,9.0658,186
1653d739,24642,9.0658,171
5ac6e2cb,23646,9.063,167
2b7423b4,29393,9.0685,198
1b302e89,29767,9.0685,198
7e306ec9,31666,9.0685,198
760d479e,25690,9.0685,143
2f715dd8,23416,9.0685,143
6c17d6d3,16717,9.0658,117
172ed906,31300,9.0685,198
1867cfd9,29403,9.0685,198
2512a201,31247,9.0685,198
3fcc944c,29394,9.0685,198
2361159c,18407,9.0658,122
6db03b5,30052,9.0685,198
36e9bbc5,24592,9.0685,171
6ddc37a0,23204,9.0685,143
f023a1,21213,9.0685,143
11016f11,27361,9.0658,143
46ba1272,19652,9.0685,137
182277bb,29665,9.063,198
420ba42d,31017,9.0685,198
63eed0e9,29981,9.0685,198
6f839a03,27085,9.0685,143
793c2c03,19566,9.0685,137
72a81330,27711,9.0685,143
4a1982a6,27261,9.0658,143
78c71282,24416,9.0685,143
6754ec14,21149,9.0658,143
14f4217f,26527,9.0685,143
78d14a44,26842,9.0685,143
c304bd6,30632,9.0685,198
3e33f8f3,26627,9.0685,143
7e47976d,21518,9.0712,143
4b0dae03,23551,9.0712,143
456d324f,27026,9.0712,143
64b8ae71,24123,9.0712,143
2686a174,23645,9.0712,167
dd7e11,25612,9.0685,143
2c0edb0f,9361,9.0712,73
d6423d9,27333,9.0712,143
1e7aae00,23310,9.0712,143
753c6628,30707,9.0712,210
2f300d23,29094,9.0712,198
36699f7,31387,9.0712,198
47cd5a7b,30543,9.0712,198
13fa2330,31189,9.0712,198
48273d35,28763,9.0712,198
5e3c1f3f,20083,9.0712,143
7f87a996,24896,9.0712,171
71ca58ce,24844,9.0712,171
4654ce21,19587,9.0712,137
37eb8d4b,29849,9.0685,198
990b96e,26815,9.0712,143
2a3f9cba,19847,9.0712,122
7c5d4bb9,30906,9.0712,198
4a7a6a1a,28996,9.0712,198
5b0c1f09,24506,9.0712,171
211027cb,22135,9.0712,143
2dc7b14e,27331,9.0712,143
64d587e2,31016,9.0685,198
7b4b3200,30907,9.0712,198
6278bdc9,27592,9.0712,143
42f6f032,28947,9.0712,198
522b74e3,17864,9.0712,131
27770eec,22330,9.0712,143
70528794,30780,9.0712,198
26a872df,31363,9.0712,198
57e3eaa2,30405,9.074,198
2261f70c,25085,9.074,143
2b6403cf,30925,9.074,198
4fee4f10,20139,9.0712,143
7101ab5,29667,9.074,198
2a6444cc,20032,9.0712,143
21154034,30572,9.074,198
1c3e1dc9,22680,9.074,143
1bfc7949,31168,9.074,198
13b60cde,20205,9.074,143
1829ea7c,24745,9.074,171
74956ce5,29963,9.074,198
4b6e1be,31026,9.074,198
cdb650f,26319,9.074,143
2f2848b6,29276,9.074,198
11910780,29117,9.074,198
159967c,16497,9.0712,109
78053d25,30048,9.074,198
27288484,22767,9.074,143
75a5febf,19113,9.074,122
700c7e73,28952,9.074,198
2b74bba2,24557,9.074,171
76e0326a,31388,9.074,198
1d0ce53c,23982,9.074,143
4cb11fad,19547,9.074,137
374a84ef,30153,9.074,198
2f5ebe1b,31278,9.074,198
3cb2b265,28664,9.074,198
42d8f1b0,29240,9.074,198
46ed85ca,26362,9.074,143
265a6cd,29099,9.074,198
58916efc,21570,9.074,143
7199de11,23552,9.074,143
11d97e73,21001,9.0712,143
5bf0c63d,18509,9.0712,122
748c4040,30605,9.074,198
27b936a3,21521,9.074,143
713b43b1,30837,9.074,198
186f0d13,30606,9.074,198
45f3f10d,29871,9.074,198
53eb27b3,23894,9.074,143
3d090f43,28762,9.074,198
5dee8a64,23716,9.074,143
24ab95cd,22083,9.0712,143
47c38f88,17406,9.074,122
7574600f,28158,9.074,143
7cf634d,23313,9.0712,143
d130ab8,19239,9.074,122
78956f4e,22365,9.074,143
51016792,29098,9.074,198
14b8f081,30801,9.074,198
711e90e3,27062,9.074,143
2da8a3f4,4914,9.0712,1
7b7bb3e9,24632,9.074,171
14f5422b,25701,9.074,143
387b3a33,24595,9.074,171
19d2cdd2,18406,9.0712,122
6bc7cd6d,26886,9.074,186
31200a70,28051,9.0767,143
f1ac479,23801,9.0712,143
597fa8a3,21435,9.0767,143
5e789803,25846,9.0767,143
14ace557,26258,9.0767,143
3834ab1d,24272,9.074,143
6dcdb5d3,22408,9.0767,143
5c0f5190,24055,9.0767,143
7891d002,25358,9.0767,143
3191f177,24481,9.0767,171
65e0e04e,26949,9.074,143
20271550,22024,9.0767,143
6503b20c,31745,9.0767,198
512942d2,28312,9.0767,143
4ca80f4,30032,9.074,198
43a6eced,30363,9.0767,198
35c1355b,19553,9.074,137
57c1413d,27889,9.074,143
1ef6ecdf,25072,9.074,143
5adb9617,30905,9.0767,198
2f2a1a1b,26612,9.0767,143
5b9f4a97,26634,9.074,143
67c8d752,21010,9.0767,143
3addaa3f,24746,9.0767,171
5cea75ac,31194,9.074,198
45d895bd,24111,9.0767,143
6432b463,3104,9.074,1
45e19df0,25268,9.0767,143
12ba4b21,31525,9.0795,198
13ce51b6,23206,9.0795,143
622e7e00,22312,9.0795,143
fa3fcb5,30974,9.0767,198
3d0d7357,29766,9.074,198
a045323,26650,9.0795,143
2b6971a8,25148,9.0795,143
6bcac4a7,24936,9.0795,171
a687b89,29433,9.0795,198
1b27daba,20140,9.0795,143
7b231c47,20687,9.0795,150
46710078,25750,9.0795,177
f8c9f0c,29668,9.0795,198
4ca9d9b3,9250,9.0795,71
2adb764d,17875,9.0795,131
49799675,24882,9.0795,171
7452de2,29814,9.0795,198
6cdaa6f9,26960,9.0795,143
1d42cc31,31442,9.0767,198
180d3bd2,29006,9.0795,198
36093f0c,20814,9.074,143
fddaa5a,28149,9.0795,143
4f5dcd4,31524,9.0767,198
75d7b433,29546,9.0795,198
1ee9599b,1847,9.0795,24
ad914da,20686,9.0795,150
250fe9c1,29281,9.0795,198
6834f0a1,25267,9.0767,143
26500673,21506,9.0795,143
420d820f,31510,9.0795,198
ab3c051,21476,9.0795,143
488e7a19,29530,9.0795,198
7703a51,30646,9.0795,198
5c6e9c08,29395,9.0795,198
29c3dd4a,24681,9.0795,171
3de6316b,25073,9.0767,143
683da7c,24619,9.0822,171
a7ca4f,24044,9.0822,143
37397e9c,22177,9.0822,143
6dc70d02,23461,9.0822,143
3b587c79,26103,9.0822,143
23101154,22655,9.0822,143
3eb0559a,26888,9.0822,186
34702b54,27589,9.0822,143
1d5b52cb,30224,9.0822,198
616a1262,26732,9.0822,143
19291182,31248,9.0822,198
3a102942,25671,9.0795,143
7d9ae9c1,28960,9.0822,198
4c521d12,3779,9.0822,37
1d26b01b,24645,9.0822,171
726087c8,25208,9.0822,143
26c7c0c4,19567,9.0822,137
3f44f9b8,21353,9.0822,143
cb9f13c,19068,9.0795,122
50dfd734,23427,9.0822,143
57462d11,1332,9.0795,19
78d1135c,26718,9.0822,143
60082d62,30118,9.0822,198
5d3299a6,24615,9.0822,171
237b104e,29473,9.074,198
db31562,27800,9.0822,143
7d88ac7b,22449,9.0767,143
5c4afd95,22656,9.0822,143
27c87f32,25734,9.0767,177
324576ac,21235,9.0822,143
772e89a7,17599,9.0767,122
a96efeb,31511,9.0822,198
fe6297e,26927,9.0822,143
1bb1d79,29382,9.0822,198
656ed393,26321,9.0822,143
7c873984,29176,9.0795,198
41d36848,31448,9.0822,198
22d7c2f4,24482,9.0849,171
3321e13a,26519,9.0822,143
18daf5de,28865,9.0849,198
b3b5f1d,25423,9.0822,143
4e351ce7,23823,9.0822,143
7aaca205,28948,9.0849,198
57c197cd,27532,9.0849,143
14febc41,28045,9.0849,143
6e0a126b,21732,9.0849,143
a57b0d7,19752,9.0849,137
38aeff8,21281,9.0849,143
6ce3575e,24744,9.0849,171
d9ee237,30998,9.0849,198
78563976,30493,9.0849,198
4fb0efa3,26846,9.0849,143
391f18ac,23207,9.0849,143
43eadae2,29853,9.0849,198
abed660,26674,9.0822,143
42bbed63,27440,9.0795,143
32057e0,22119,9.0849,143
1688b0ac,28773,9.0849,198
6a7969cb,29491,9.0849,198
77b45112,29697,9.0849,198
76aa8753,22367,9.0849,143
71caadce,26961,9.0849,143
2d5f8b7d,23598,9.0849,143
4e0bd665,18906,9.0849,122
2fd20ab0,24112,9.0849,143
25f454fa,24638,9.0849,171
4e256be,23468,9.0849,143
518babf1,22744,9.0849,143
73392e8c,22123,9.0822,143
74edf795,23056,9.0849,143
674fa0f8,30499,9.0849,198
693ec5f7,22243,9.0849,143
62ac1810,29940,9.0822,198
6e74f397,24920,9.0849,171
5483ed9b,22105,9.0849,143
4f49e9c1,24056,9.0795,143
4da704a0,21040,9.0877,143
406aec8,28962,9.0877,198
4fa274e6,26365,9.0877,143
4f259b32,19116,9.0877,122
3ad20472,24113,9.0822,143
b938d0e,27871,9.0877,143
71069b06,30145,9.0877,198
57caddde,30053,9.0877,198
34d5301e,31443,9.0849,198
1e0e5362,30310,9.0877,198
2d85646d,29893,9.0877,198
9e25650,30535,9.0877,198
8475e9f,29613,9.0877,198
158fda49,23735,9.0849,143
79760ed9,20670,9.0822,143
623d8771,17885,9.0877,131
503c9e0f,22723,9.0822,143
3b0a4bd3,31537,9.0877,198
72c39aad,24845,9.0877,172
7c4b9d8b,26773,9.0877,143
48b3a8eb,27016,9.0877,143
210e36fd,17516,9.0877,122
4f76d683,29282,9.0795,198
6f71bd23,23858,9.0877,143
2a0dab3f,19848,9.0877,122
3ad0a4d6,22316,9.0877,143
17f2bbfe,26072,9.0877,143
6a39d4af,31747,9.0877,198
1302c5a5,21111,9.0877,143
71f8fa43,31013,9.0849,198
4e3116be,30785,9.0877,198
38c6c2b7,26727,9.0877,143
6a892f7b,30584,9.0877,198
6fa3e062,29846,9.0877,198
593f2537,2349,9.0877,27
1f7d5c48,24298,9.0877,143
3cac5a2b,19978,9.0877,122
4c7c0d2c,25807,9.0849,143
6c4a8f09,24057,9.0877,143
192001d4,21529,9.0877,143
2adfd615,24726,9.0904,171
47036dd9,21236,9.0904,143
4e044fd4,30607,9.0904,198
6bba0d78,31175,9.0877,198
42f4c1ad,30557,9.0904,198
53b0f5c1,3183,9.0904,1
4a0770c2,27759,9.0877,143
16b6a1fe,30498,9.0849,198
2ddcbf9d,29089,9.0849,198
25a366b,31218,9.0904,198
7916491a,25973,9.0904,143
173eee2c,29713,9.0904,198
866a79a,30755,9.0904,198
2b7c5e39,20671,9.0877,143
63142c9c,21418,9.0877,143
2881e77d,16685,9.0904,109
1566df80,24846,9.0904,172
5c22c683,30319,9.0849,198
1e906157,24682,9.0849,171
398dd7f7,20657,9.0904,143
6e577b6c,27950,9.0904,143
1a348599,24678,9.0877,171
50e85e82,26744,9.0904,143
4def1711,24692,9.0904,171
5f4f46e,18997,9.0904,135
1a0a5334,31493,9.0904,198
242c05a1,30714,9.0877,210
362253e8,30057,9.0904,198
3c09da2,23652,9.0849,143
4b1bed1d,23205,9.0849,143
f5ef8d2,30311,9.0877,198
5bbfa06,19241,9.0932,122
2bc747c2,25614,9.0932,143
590b2ef8,26628,9.0932,143
2c6df295,2957,9.0932,32
380a8100,26316,9.0904,143
40ea76bb,27677,9.0932,143
5182d033,30558,9.0904,198
123869cc,29185,9.0932,198
7e56f80a,18579,9.0932,122
6d1a16d5,29172,9.0904,198
2ade400d,26926,9.0932,143
7bf93a93,21893,9.0904,143
701ecfe,26600,9.0932,143
32260b4e,21238,9.0904,143
fb71f61,19794,9.0932,137
57b1e8b2,2961,9.0932,32
652e7d75,24814,9.0932,171
675076e5,30754,9.0904,198
4dd99e15,23502,9.0932,143
50ab2179,29173,9.0932,198
807b7a6,25613,9.0932,143
1ed4b606,31190,9.0932,198
7ad71c67,27642,9.0904,143
73fe5aad,21237,9.0932,143
46f179f3,17410,9.0904,122
7dae93ad,22759,9.0932,143
3f588c5b,30752,9.0932,198
3e72822f,22120,9.0932,143
73814af3,20669,9.0904,143
7abb8cd5,31631,9.0904,198
1faed8d,26100,9.0932,143
2bb37467,29936,9.0932,198
2a8705f6,4950,9.0932,1
521c7530,20245,9.0959,143
74678682,17513,9.0959,122
1d1e5e7f,17409,9.0904,122
22278b06,22809,9.0932,143
1287d369,24539,9.0959,171
238381fc,19296,9.0959,122
6b184098,29107,9.0959,198
75799946,29847,9.0959,198
59c9001b,23643,9.0959,167
667ae6bf,31686,9.0959,198
4f4f7668,26178,9.0904,143
76c5656e,22768,9.0959,143
16954a89,24271,9.0959,143
671d7a75,31219,9.0959,198
56e32737,5556,9.0959,50
39047c0f,24847,9.0959,172
69a82dd6,29615,9.0959,198
622bf7b5,31007,9.0959,198
3f98108b,22468,9.0959,160
33da1bdf,31397,9.0959,198
7ccf580c,31440,9.0932,198
41e48e7f,31230,9.0932,198
3e87d280,21799,9.0959,143
2c39f089,2355,9.0959,27
4834981a,29985,9.0959,198
5d60326c,23103,9.0959,143
5be91ef4,31667,9.0932,198
51366f0c,27024,9.0959,143
3e1bf480,22332,9.0959,143
7b08e190,28218,9.0959,143
3e083211,30554,9.0959,198
622794ee,22314,9.0959,143
712a28e0,25683,9.0959,143
7cadc771,29764,9.0959,198
10747db1,21112,9.0932,143
38b72602,29895,9.0959,198
6f935d14,24462,9.0959,143
7443ca0b,30413,9.0959,198
31cd34ec,30552,9.0959,198
1100671d,20160,9.0959,143
3209db10,24455,9.0932,170
222a0979,25132,9.0959,143
33782b46,26626,9.0959,143
57a49bd5,22769,9.0959,143
56794223,26772,9.0986,143
f16af99,27525,9.0986,143
5e458e56,29983,9.0986,198
1d3c09e9,26745,9.0986,143
7ce54ec8,30898,9.0986,198
4beb0a44,20080,9.0986,143
810d2c,25714,9.0986,143
6fafbaf6,27498,9.0932,143
6aaa02ed,21321,9.0986,143
1ca6fee5,30716,9.0986,210
26f6f08f,29492,9.0986,198
5bf8c6f9,21508,9.0986,143
2f29ce44,29133,9.0932,198
4992bf7a,30793,9.0986,211
62e8317b,30312,9.0986,198
16932cde,28686,9.0986,198
730bc721,30621,9.0986,198
6e5918b7,25702,9.0986,143
5aec400c,31432,9.0959,198
32ec1369,24086,9.0986,143
2947df17,30364,9.0986,198
11ac8fa6,21804,9.0986,143
7c15f9ff,26889,9.0986,186
46e9d3d0,26320,9.0959,143
3c33607d,25959,9.0986,143
173e8812,17407,9.0986,122
1a095bec,26366,9.0986,143
48ac649f,29183,9.0986,198
3d880393,30541,9.0986,198
32f3383e,19242,9.0986,122
73b93366,31628,9.0986,198
16c6e43e,18272,9.0986,122
1a1facd7,25977,9.0986,143
4a194243,29657,9.0986,198
7f38c9ab,31011,9.0959,198
27e90fa,25504,9.0959,143
61ba4f03,24054,9.0986,143
1cd35c3c,22467,9.1014,160
7b4d3265,24912,9.1014,171
7b467c15,24942,9.1014,171
48b7f629,18981,9.0959,135
4e0361bf,20680,9.1014,143
5c4fac00,30200,9.1014,198
1421c548,22814,9.1014,143
63507f5b,29411,9.1014,198
360be417,27887,9.0986,143
1785617a,25808,9.1014,143
d94fd47,23469,9.1014,143
6ddee109,19676,9.1014,137
3b3bf907,26894,9.1014,186
37a5d29e,24456,9.1014,170
49c9bf9,2356,9.1014,27
38aea4a1,20668,9.1014,143
12fa0836,26958,9.0986,143
8b665c9,23731,9.1014,168
68157475,31389,9.1014,198
25534e7a,26635,9.1014,143
67aa495e,26880,9.1014,186
5a193d77,30868,9.1014,198
5c89f04f,30211,9.1014,198
28349c03,31812,9.1014,198
13248ee4,22682,9.1014,143
1f7c8177,31671,9.1014,198
20e32c7c,29635,9.1014,198
15367187,25295,9.1014,143
6aef0e6,30993,9.1014,198
7da2ae7d,24620,9.0986,171
441bfd79,3097,9.1014,1
62071634,19975,9.1014,122
13dff352,24169,9.0986,143
7be67612,24508,9.0986,171
600dbc22,26841,9.1014,143
3ae1b0a1,31317,9.1041,198
17cffdf2,25809,9.1041,143
59cd5b7,26728,9.1014,143
56c891cc,24704,9.1041,171
1ed62be1,24948,9.1014,171
76529d39,3184,9.1014,1
6f963568,18410,9.1014,122
1089d691,30789,9.1014,198
42e6ce32,28719,9.1041,198
133768b5,24414,9.1014,143
2464b6ca,29660,9.1041,198
3630057b,31232,9.1041,198
1916a97f,31629,9.1041,198
31cc0828,28417,9.1041,143
301f3a3d,18510,9.1041,122
73863387,27786,9.1041,143
6b2fa98,23470,9.1041,143
2ac3e660,26491,9.1041,143
600677f7,30393,9.1041,198
7b1f3658,31539,9.1041,198
321835d4,30352,9.1041,198
236f6f35,20081,9.1014,143
162a7dde,25034,9.1041,143
170e1215,29935,9.1041,198
351144ad,30161,9.1041,198
148534b5,24629,9.1041,171
e2119c0,21483,9.1041,143
6f8ed577,27951,9.1041,143
67c00564,26440,9.1041,143
3f8ed86e,22216,9.0986,143
20777ea6,20554,9.1014,143
1c7fd1ac,31160,9.1068,198
7a8f96cc,9288,9.1068,67
70429746,23773,9.0986,143
87cd148,26692,9.1041,143
471235b4,9209,9.1068,70
209ef317,30640,9.1068,198
699a12c2,31526,9.1068,198
6f25d0cb,26964,9.1068,143
394ce70e,18269,9.1068,122
6e9dad7b,27952,9.1068,143
799f20a4,24431,9.1068,143
5728be68,26760,9.1068,143
164a9fce,23857,9.1068,143
48606e9e,27470,9.1068,143
4b95f49c,31527,9.1068,198
6896cd6f,20012,9.1068,143
595cc878,5418,9.1068,50
1b2a8872,25736,9.1068,177
50f50117,29600,9.1068,198
34a03e81,22051,9.1041,143
b803f65,28963,9.1068,198
44a65f7f,17408,9.1068,122
3c230345,29965,9.1068,198
9c27676,29233,9.1068,198
48a2548e,31257,9.1068,198
3331b3c,23687,9.1014,143
7598f182,30113,9.1068,198
5105ed5f,30955,9.1068,198
4b6e40cf,28303,9.1068,143
509f4865,30212,9.1068,198
6239a715,26567,9.1068,143
92f5595,28909,9.1068,198
6eba5414,30635,9.1068,198
1ca8d118,27612,9.1068,143
2579927a,30578,9.1068,198
f8f2ad0,29136,9.1068,198
4528d16,30583,9.1068,198
2021253b,30408,9.1068,198
7adb0036,22790,9.1068,143
13d8a755,22791,9.1068,143
6577c654,26488,9.1068,143
31ebf0d6,28660,9.1068,198
4cd62f3c,24555,9.1096,171
6eae4c20,20538,9.1068,143
381abcaf,29007,9.1096,198
6304889e,30711,9.1096,210
333d30a0,29071,9.1096,198
1e56f40d,23653,9.1096,143
20574ab,27925,9.1068,143
6f975f80,19238,9.1096,122
28107a94,29532,9.1096,198
14f1507,19588,9.1096,137
284689a9,29184,9.1096,198
7d78b87e,21041,9.1068,143
285cd526,28908,9.1096,198
5617a99f,21364,9.1041,143
2f097977,24219,9.1096,143
7fcc15d9,20054,9.1096,143
331eb6fe,3098,9.1096,1
b1d43ab,25810,9.1068,143
602d5806,27025,9.1096,143
510be4c6,24510,9.1096,171
48b47b5,31177,9.1096,198
42e4b89c,19240,9.1096,122
2385ab70,20602,9.1096,143
29e22a6e,27597,9.1096,143
778a6608,19795,9.1096,137
10cd103d,31292,9.1068,198
1e1de77f,22792,9.1096,143
26140f88,22681,9.1096,143
7abe23f0,30410,9.1096,198
b6905c7,19297,9.1123,122
d07236d,3202,9.1068,1
5b60340e,31328,9.1096,198
490f177,29157,9.1123,198
50ca2d31,26097,9.1123,143
13ce4dd2,29941,9.1096,198
27e6088d,29910,9.1123,198
10210cc7,28687,9.1096,198
677bc21b,29100,9.1123,198
7dfc983b,24593,9.1123,171
7cde9110,31176,9.1123,198
1d9ff384,21114,9.1096,143
aaa32da,28385,9.1096,143
130e5ef4,24705,9.1123,171
1b501b94,24558,9.1123,171
79b1c8a9,29658,9.1096,198
225609a7,30216,9.1123,198
535093ee,23859,9.1123,143
43ce0ae7,24921,9.1123,171
3195bf11,23116,9.1068,143
58d935b1,29096,9.1123,198
2b84bc8b,29547,9.1123,198
2f5a5a83,21239,9.1123,143
3dd365fe,27926,9.1096,143
e79c991,29636,9.1068,198
1f1c0152,30608,9.1151,198
26e9cbd6,17515,9.1151,122
52344e7f,28684,9.1151,198
62efce70,27901,9.1123,143
44b5ab46,29982,9.1096,198
7db0b879,26074,9.1151,143
440c700,22604,9.1151,143
7ba9404b,25978,9.1151,143
67298d00,28839,9.1096,198
eafe538,30026,9.1151,198
cd54b2a,24643,9.1151,171
3dcfe9e3,20013,9.1151,143
162522d7,29174,9.1151,198
2e71417d,25703,9.1151,143
6118667c,29678,9.1151,198
6752930e,26179,9.1151,143
753046c,24465,9.1151,143
41f808d5,24457,9.1096,170
33a71f8,28251,9.1096,143
3cb6d8d2,24830,9.1151,171
4f8fe6a9,16302,9.1151,109
4eb0f12d,17729,9.1151,122
1ed5ecb2,1885,9.1151,24
bd11cb5,26619,9.1123,184
14afd7f2,29396,9.1178,198
2425c160,31799,9.1123,198
6d556550,29631,9.1178,198
5c54a434,23144,9.1178,143
7b01b4be,22654,9.1178,143
362ee80b,22011,9.1151,143
3c0a116f,29237,9.1178,198
7ab39c5b,24761,9.1178,171
1079d4ea,31620,9.1178,198
50c029af,30999,9.1178,198
3bfe23d,20147,9.1178,143
42103cf1,20247,9.1178,143
1c90a0e3,29618,9.1178,198
893e8bc,28990,9.1178,198
2e7dccb5,30579,9.1178,198
48cadc65,24700,9.1178,171
3498614b,24633,9.1178,171
76e50c68,31680,9.1151,198
772c249d,26443,9.1178,143
47a67b74,24655,9.1151,171
7e6855cc,17889,9.1178,131
2bd8f3cf,19796,9.1178,137
37f456a9,26884,9.1178,186
29439dc6,24905,9.1123,171
5e26339c,31793,9.1178,198
4838ec09,26439,9.1178,143
29337568,28152,9.1178,143
18451acb,28998,9.1178,198
68f4b17f,30869,9.1178,198
19a09d34,17976,9.1178,122
7a1c52e,30160,9.1178,198
8f63977,21507,9.1178,143
307763b2,31746,9.1178,198
4305b48a,23465,9.1178,143
c8a0eef,29289,9.1178,198
53573a06,20689,9.1178,150
fb5fda2,30753,9.1178,198
7d45438a,29548,9.1178,198
74c461b9,1533,9.1178,19
4d40c3d7,24728,9.1205,171
4621533e,21150,9.1205,143
11af1163,27801,9.1178,143
46b16346,28833,9.1205,198
da44e3c,29769,9.1205,198
41505415,3185,9.1205,1
289d7155,25805,9.1205,143
65fb9c53,31663,9.1205,198
11346387,22084,9.1205,143
4a01eb7e,17950,9.1205,122
3e28813b,30958,9.1178,198
932eed7,31385,9.1205,198
4a66317d,24484,9.1205,171
73c63566,24911,9.1151,171
36d97a7b,21045,9.1178,143
28836e21,29186,9.1205,198
53955f95,30108,9.1205,198
11ba2d84,11376,9.1205,77
11ba2d84,25639,9.1205,143
6c4d976a,28997,9.1205,198
eb73e39,30957,9.1178,198
9452faf,18408,9.1205,122
5f8c0ea4,30306,9.1205,198
269c9b37,26838,9.1205,143
660a446d,26367,9.1205,143
66fc7901,28876,9.1233,198
821ebae,24742,9.1233,171
593aa254,24114,9.1205,143
7faadb1c,31632,9.1233,198
1bbdcf67,24463,9.1233,143
6564e706,29666,9.1233,198
2c3a493d,18213,9.1233,132
780a1c4b,29525,9.1205,198
2fa0d951,31618,9.1233,198
2a1189d5,29181,9.1233,198
26b5a6c1,26897,9.1233,186
53068387,31342,9.1233,198
7ac5a2e7,23983,9.1233,143
5c3cd34b,30815,9.1205,198
70f26dc5,22974,9.1233,143
57b4e5a3,28965,9.1233,198
30495e69,26322,9.1233,143
67cc101d,28838,9.1233,198
3e00819f,30717,9.1233,210
33ae6bd4,21234,9.1205,143
59fbffb3,24419,9.1233,143
7da52ef1,26620,9.1205,184
5d503124,21805,9.1205,143
6509f000,29988,9.1233,198
2db95ed0,21437,9.1205,143
c155328,28302,9.1233,143
5779f718,25737,9.1233,177
50324912,25672,9.1233,143
627826ba,27902,9.1233,143
77ad384e,24249,9.1233,143
c378b21,26746,9.1205,143
6b9f0ba9,18983,9.1205,135
73c6f0f5,29141,9.1233,198
317e4d46,31201,9.1233,198
5e3092d4,27802,9.126,143
7f5a425b,29852,9.126,198
1d956ff,19977,9.126,122
12712705,25980,9.126,143
56f42ce6,25727,9.126,143
15234f03,22811,9.126,143
1131b592,26641,9.126,143
d252ea2,21008,9.126,143
a63e1be,28720,9.126,198
7d077f08,24694,9.126,171
72d37cfc,31202,9.126,198
329f0568,21436,9.126,143
6e52da11,29699,9.1205,198
7ba9b874,22526,9.126,143
3d107736,24556,9.126,171
544dd8f4,21009,9.126,143
2cb7023e,26928,9.126,143
1aeb75c4,20801,9.126,143
24fc1868,31329,9.1233,198
1e4cfe7b,18982,9.1233,135
a7eb97e,29891,9.126,198
4b7aa8a0,30941,9.126,198
f01c6ff,30213,9.126,198
76475e42,29119,9.1288,198
90dbcbd,29929,9.1288,198
17ac2a94,31241,9.1233,198
169b30a0,27621,9.1233,143
4104b482,29617,9.1288,198
5ae2d97f,30926,9.1233,198
3e6e6eca,25190,9.1288,143
48601b19,29474,9.1288,203
1b5afd12,16402,9.1288,112
7312c85,30633,9.1288,198
6c57c0a7,19976,9.1288,122
4b54343d,31231,9.1233,198
6010ba3,29714,9.1288,198
4e7170a9,25720,9.1288,143
402a28e6,27728,9.1233,143
5fe7e33c,23861,9.1288,143
953eeb3,21280,9.1233,143
75df5b03,24512,9.1288,171
2ab50902,26895,9.1288,186
246743e4,30154,9.1288,198
61569bf9,23599,9.1288,143
702ae22d,24950,9.1315,171
72550833,30959,9.1315,198
6cb30dfe,23561,9.1315,143
39efdac2,30975,9.1288,198
1ef37c58,4883,9.1315,1
44bdeb25,30398,9.1315,198
6c9bfbbc,30225,9.1315,198
4e56d774,31390,9.1315,198
3095d2b1,21491,9.1315,143
776b27ab,24509,9.1315,171
727f94a2,21108,9.1315,143
59b0ad0b,26962,9.1315,143
472eecd6,26434,9.1315,143
69d6cde7,24559,9.1315,171
67028efb,24433,9.1315,143
43e4eb89,29691,9.1288,198
3b86bfe5,29155,9.1315,198
4e39ec1c,31512,9.1315,198
bfebc1f,29292,9.1315,198
5418e172,30058,9.1288,198
6f3a1988,30432,9.1315,198
279ed85c,23067,9.1315,143
251e92,30544,9.1288,198
296932dd,29711,9.1315,198
57097dab,29616,9.1315,198
44090549,22328,9.1315,143
158479ac,22471,9.1315,160
759b5e1b,30559,9.1315,198
61adbfb8,26747,9.1342,143
69e38126,24949,9.1342,171
654ce21e,30739,9.126,198
5333ae02,26180,9.1315,143
7c7759f9,25615,9.1342,143
55b84dfa,31809,9.1315,198
9e81de0,30155,9.1315,198
b3642d1,19243,9.1342,122
7462ee6a,17055,9.1342,119
453bbe0b,24943,9.1342,171
3c59fc4,23562,9.1342,143
4a0b8541,29989,9.1342,198
7b55aac6,29937,9.1315,198
4af11112,29698,9.1342,198
7392761b,24511,9.1342,171
ea9566,28912,9.137,198
379eb9cb,30320,9.137,198
6bc15584,31398,9.1288,198
3e3f7454,27891,9.1342,143
44d5cc87,27027,9.137,143
6b3f313e,30865,9.137,198
526278d1,24703,9.137,171
77801f30,29531,9.1342,198
2bfc8314,24562,9.1342,171
32a0fe28,31018,9.137,198
21fb283d,26601,9.1342,143
532cf08d,30956,9.137,198
39f7bf9b,28991,9.1342,198
7812ec84,2962,9.137,32
3ee0bd1c,22022,9.137,143
4df60c10,24741,9.137,171
796a25bb,31293,9.137,198
7de5566a,25979,9.137,143
21ff7159,17517,9.137,122
127ce39e,26965,9.137,143
6f97eb4d,30430,9.137,198
47784cf9,28592,9.1342,143
1079147a,20084,9.1397,143
46d6e9ff,18212,9.1397,132
98e1114,31433,9.1397,198
656c65f8,29942,9.1397,198
35f1279b,26512,9.1397,143
bd06b91,24486,9.1397,171
77012842,24787,9.1397,171
306bba58,19654,9.1397,137
6869b2eb,29659,9.1397,198
50c6e9c7,24899,9.1397,171
6e2c59bb,31279,9.1397,198
525d661a,30162,9.137,198
650b8bf7,27810,9.1397,143
3f09bf73,24901,9.1397,171
569eb8e2,26779,9.1397,143
3a2681a9,25133,9.1342,143
104b4b32,31008,9.137,198
4cb81222,9251,9.1397,71
3a987c1b,2288,9.1397,22
1ad2ac93,24641,9.1397,171
a7c82d9,25189,9.1397,143
4a0efc5f,18593,9.1397,122
3908816b,22317,9.1397,143
163fcff3,27323,9.137,143
2f6b1698,30995,9.137,198
5debc621,2278,9.1397,22
52d24f3b,19754,9.1397,137
2ad501,24786,9.1397,171
3a7a42c5,31027,9.1397,198
4dd24cc4,22198,9.1397,143
116f73c7,26355,9.1397,143
4e0b5191,29109,9.1397,198
ee064fc,29526,9.137,198
660848f5,24757,9.1397,171
6664638f,22770,9.1425,143
390fa7eb,22246,9.1425,143
2d9cfe82,31814,9.1425,198
8b4b499,26579,9.137,143
2be4e128,5419,9.1425,50
47039144,26649,9.1397,143
2056b849,24546,9.1425,171
65ebdfd7,26780,9.1425,143
219f0c7e,25735,9.1425,177
6fc07908,24900,9.1397,171
6b3d9e21,31687,9.1425,198
7e3cf7ff,26750,9.1425,143
3b2d62ce,26929,9.1397,143
45929a88,23865,9.1425,143
1c3792b8,24360,9.1425,143
45e4d74e,24634,9.1425,171
1b7ccb89,24944,9.1425,171
2e707e38,31422,9.1425,198
2e65416,26719,9.1452,143
1c8023a8,26492,9.1452,143
366d329d,21240,9.1452,143
43c21e76,24388,9.1452,143
5371d818,27790,9.1452,143
5895a551,29637,9.1425,198
7373229c,19979,9.1452,122
e2e9ff8,27811,9.1452,143
3ed82ccf,5584,9.1452,50
63b48214,24747,9.1452,171
9b93b3c,29771,9.1452,198
7392a4ac,21011,9.1425,143
cd34045,26091,9.1425,143
4b30d7e9,29984,9.1452,198
b107568,30056,9.1452,206
6d411762,22018,9.1452,143
658ff4fa,24554,9.1425,171
7b86a3e7,21522,9.1452,143
3644bce1,28955,9.1452,198
5b68cecf,30647,9.1479,198
15bfc7de,30536,9.1479,198
60fd23c,21308,9.1479,143
60f034d3,29712,9.1479,198
1dc121d,27133,9.1479,143
1cdfaa5f,29815,9.1452,198
77b50f2d,25378,9.1479,143
f53add5,19117,9.1479,122
6e7e1ad8,24697,9.1397,171
f92c81a,30255,9.1479,198
508162a2,29496,9.1452,198
422e4062,25184,9.1452,143
5c183a25,29110,9.1479,198
4553eba4,24684,9.1452,171
572ced7,24680,9.1479,171
1e1c05de,28054,9.1479,143
2e016b2f,26435,9.1479,143
33d5a5d8,30114,9.1479,198
690176cd,21751,9.1479,143
22909afb,30961,9.1479,198
403552e6,21323,9.1479,143
174dbcc6,28964,9.1479,198
32b0f513,29930,9.1479,198
2c557df8,30183,9.1479,198
4e80c1a1,24591,9.1452,171
3451ff3b,21365,9.1452,143
224cbedd,31775,9.1479,198
533b7ed2,4810,9.1479,1
17c9ccf,26603,9.1479,143
6c18ba5,21113,9.1507,143
4e84df15,30942,9.1507,198
751759d9,30636,9.1479,198
1afe144b,31258,9.1507,198
72ea0c76,22815,9.1507,143
682522f7,24913,9.1507,171
5eba6e8d,30494,9.1479,198
3dfc5a63,23401,9.1507,143
6c0f5625,18999,9.1507,135
6394ba3,31685,9.1507,198
24127eae,25183,9.1507,143
7be2070d,31285,9.1479,198
6d4ac82a,30163,9.1507,198
4844c69b,30411,9.1507,198
1d4eb5f9,28313,9.1452,143
3382a971,30585,9.1507,198
21e2f273,24273,9.1507,143
31659bb9,27890,9.1479,143
16320fef,23500,9.1507,143
7d83a84b,30899,9.1507,198
4c5c2e27,29527,9.1507,198
46b32449,31220,9.1507,198
70742786,24759,9.1479,171
763f1310,28906,9.1507,198
161e2c6c,31309,9.1534,198
49d0c38a,30759,9.1534,198
18498521,2958,9.1479,32
1660b2ab,28857,9.1507,198
717a9147,23403,9.1534,143
68103507,29602,9.1534,198
484af012,29770,9.1507,198
5142e123,22052,9.1507,143
3ef9d071,29156,9.1534,198
6acd2a02,31029,9.1534,198
121a96fb,30034,9.1534,198
79ab281a,31178,9.1534,198
134cc8ff,30033,9.1534,198
5c7e7ec1,31540,9.1534,198
2c745767,31630,9.1534,198
4974b575,24916,9.1534,171
2f6af5d1,23400,9.1534,143
f34c2c7,24914,9.1534,171
fa1f3de,30428,9.1507,198
20861c9d,25715,9.1534,143
2ec7b885,22605,9.1534,143
56fb14f1,17411,9.1534,122
564422f3,30433,9.1562,198
151126ec,24017,9.1562,143
4636ae52,22926,9.1534,143
55a62581,19651,9.1534,137
5b74ef58,30560,9.1562,198
2cd01d7f,24621,9.1562,171
20a9dadb,28672,9.1562,198
7c33106,29603,9.1562,198
5fe76289,3107,9.1562,1
54e240d3,30156,9.1562,198
3b09ced9,30059,9.1562,198
789862ab,31340,9.1562,198
477be8cf,30260,9.1507,198
6bec3eba,30718,9.1562,210
f7bfa64,2705,9.1562,29
7a719254,29160,9.1507,198
1dc192d,26847,9.1562,143
420c2fc9,30871,9.1562,198
62d42045,30429,9.1562,198
6847db4b,20690,9.1562,150
33567d24,17056,9.1589,119
fb1f2b2,28984,9.1589,198
38bfb4fd,31536,9.1562,198
346f7d64,31447,9.1562,198
4e2a728c,27140,9.1589,143
d3fb504,29715,9.1589,198
5b74aa6b,28717,9.1589,198
1e29f5a4,24850,9.1562,172
6da119f6,24124,9.1534,143
30a4aff,27535,9.1589,143
736d480f,4915,9.1589,1
d3483fb,22466,9.1589,160
d6d27ed,22007,9.1589,143
14d93b7f,22199,9.1589,143
3ddb5944,4463,9.1589,1
6ff19570,30821,9.1616,198
25724242,24361,9.1616,143
63e8ede2,31441,9.1616,198
3b22fa8b,30641,9.1616,198
bc7952c,24695,9.1616,171
569845e8,31444,9.1616,198
31ee3706,23862,9.1616,143
52d76e5e,23860,9.1616,143
650eefdd,23647,9.1616,167
71ad5191,22793,9.1616,143
313b0ea5,28683,9.1589,198
58f72342,30867,9.1589,198
4e4b9a41,31000,9.1616,198
48a83afc,26899,9.1644,186
4a954f86,25719,9.1644,143
51afae9c,20446,9.1644,143
3888dc2a,30586,9.1644,198
36361608,31813,9.1616,198
5904154a,24466,9.1644,143
398d9893,31688,9.1644,198
15fa1a70,30353,9.1644,198
6b6dfd69,25616,9.1644,143
123a0b0b,24784,9.1616,171
47a640df,30180,9.1644,198
24aebc1,31200,9.1644,198
648d854,25379,9.1644,143
44e8f9c5,26604,9.1644,143
4b6a233,17968,9.1644,122
31bde93f,30704,9.1616,210
6348c4eb,28678,9.1616,198
64fc082a,4923,9.1644,1
24b6e699,24908,9.1644,171
2793151b,30637,9.1616,198
7939f4c7,24487,9.1644,171
7d801e92,28159,9.1644,143
4c15150c,24915,9.1644,171
6e91bd95,19980,9.1644,122
51155691,17809,9.1644,122
673c0fb8,24560,9.1644,171
1a35e943,27335,9.1644,143
792b9285,29661,9.1671,198
271f2ef,27533,9.1671,143
5377cd6,30638,9.1616,198
307df2c2,25716,9.1671,143
1567f1f2,2289,9.1671,22
3d1cc600,24018,9.1671,143
180c8f3b,22245,9.1671,143
26639120,27334,9.1616,143
78a115f9,24922,9.1671,171
79578ccc,3201,9.1671,1
64be8217,31030,9.1671,198
53150a75,30500,9.1671,198
2f1c327b,25806,9.1644,143
154c5c29,30146,9.1671,198
50b883a0,28688,9.1671,198
204a8c39,25035,9.1671,143
3ad51d1c,21260,9.1644,143
2b857d60,20141,9.1644,143
65440d81,21807,9.1671,143
129ea814,22201,9.1671,143
62f9c64,26651,9.1644,143
5addc78d,23371,9.1699,143
46f4dae9,21750,9.1699,143
6c19fbc,30873,9.1699,198
432cb2e0,21806,9.1699,143
24957c99,31633,9.1699,198
2ee5708f,1523,9.1699,19
5ea318d3,27812,9.1699,143
549550c4,19554,9.1699,137
4d4bb9ec,23404,9.1699,143
72885304,27712,9.1671,143
2deaa415,22008,9.1671,143
7df68878,5558,9.1671,50
1d51050b,28718,9.1671,198
3bd57295,29854,9.1699,198
4f3aea7c,30313,9.1699,198
5529151e,30201,9.1699,198
4538065b,30426,9.1699,198
75986d8b,31664,9.1699,198
3c648e08,31341,9.1699,198
2c3502cb,30944,9.1699,198
29bac3c8,24646,9.1699,171
1f780741,31497,9.1699,198
7f4de68,28896,9.1699,198
2406711b,29840,9.1726,198
243a4ef0,28911,9.1699,198
39add896,27534,9.1726,143
3d3b707,29969,9.1726,198
7c888036,27809,9.1699,143
2315c2e9,24848,9.1699,172
2334f7d,24250,9.1699,143
1c46bbb3,23662,9.1699,143
24f7113d,29816,9.1726,198
29f88dc0,31541,9.1726,198
31a87725,21480,9.1726,143
429ef2ed,30537,9.1699,198
513d1964,29927,9.1726,198
5acb7cc3,30431,9.1726,198
189ad980,29944,9.1726,198
4f85d57,22507,9.1726,143
69034685,22683,9.1726,143
1be005df,29943,9.1726,198
d209fe8,29134,9.1699,200
65c0cf98,26720,9.1753,185
60061f20,30900,9.1753,198
7a245e6f,24652,9.1753,171
1f37f8ba,28956,9.1753,198
557899fa,24706,9.1753,171
5d5a38a0,24815,9.1699,171
13ac64e7,19574,9.1726,137
60e82f79,22976,9.1753,143
7bbd0046,22462,9.1753,143
103e1d82,30864,9.1753,198
6a9bf182,29476,9.1753,198
1ae03b6a,23566,9.1753,143
3bd24ca8,24647,9.1753,171
28fed4a4,24464,9.1753,143
646b1c28,30587,9.1753,198
1ddc27d8,29601,9.1753,198
6fc7462,31019,9.1753,198
2f62cf19,24898,9.1753,171
588ed97d,24748,9.1753,171
71e765a5,29781,9.1753,198
df97ea6,31310,9.1753,198
6843441f,31496,9.1753,198
51604409,21261,9.1753,143
1b60d9cd,21530,9.1753,143
5daa9849,23563,9.1753,143
2f3b5c5f,30651,9.1726,198
7ca815bd,28503,9.1753,143
1f2a67c2,28967,9.1781,198
611b1554,4942,9.1781,1
68fab1ee,26748,9.1781,143
1dd6c10a,29662,9.1781,198
216f2af0,30394,9.1781,198
654994,30326,9.1781,198
73ab4bda,29135,9.1781,198
5696459d,31199,9.1781,198
18e72a3c,24902,9.1781,171
252f9d0f,30816,9.1781,198
edac631,24849,9.1781,172
56ba45b0,23815,9.1781,143
cee2a3a,21481,9.1781,143
772d2391,30960,9.1781,198
2e331f9e,21814,9.1781,143
1a5537f8,31233,9.1753,198
533c03a8,30817,9.1781,198
7680bf27,18691,9.1781,122
7213e382,30719,9.1781,210
80e1a7b,3211,9.1753,1
6cbc77fa,2361,9.1781,27
5ac54a1c,16686,9.1781,109
745e0293,24658,9.1781,171
2ed831c3,24483,9.1781,171
29cfbfe4,9210,9.1808,70
2b2ef471,26749,9.1781,143
442d46ac,31234,9.1808,198
4b21fa74,23145,9.1808,143
3bc4dca6,31774,9.1726,198
6fa064a5,23402,9.1808,143
411647db,24468,9.1808,143
520e7d7,29970,9.1781,198
189c3a39,24749,9.1808,171
74f5f0c3,23501,9.1808,143
72e5919,31364,9.1781,198
5b21874,30872,9.1781,198
7c06b709,25721,9.1808,143
272e23a2,31449,9.1836,198
52bd50cf,30337,9.1836,198
5010c714,30715,9.1836,210
47d99354,29817,9.1836,198
e2eda59,23567,9.1781,143
584bdb0d,28789,9.1836,198
56551dd8,29008,9.1808,198
69383d85,30901,9.1808,198
43828f73,30870,9.1808,198
63663c58,29700,9.1836,198
344b32d6,24683,9.1836,171
60c8c3e3,30757,9.1836,198
3d97adb1,30181,9.1836,198
6b00af9d,31776,9.1836,198
1d14278f,25722,9.1836,143
13844cb6,26160,9.1836,181
15116e78,26161,9.1836,181
336060e2,5559,9.1836,50
5b4feaf4,23299,9.1836,143
5d724d54,23565,9.1836,143
6ca24bb0,21813,9.1836,143
4592f71a,30501,9.1863,198
4fdf2562,30399,9.1863,198
725e9af2,29425,9.1863,198
19f87794,30164,9.1863,198
2acadc95,17951,9.1863,122
50b7a0e4,29524,9.1863,198
4289832b,30400,9.1836,198
dde6ec3,30036,9.1863,198
73df4b03,30802,9.1836,198
75d0c680,24276,9.1863,143
7bce93ca,26781,9.1863,143
5184206,24467,9.1863,143
8eb24c,24917,9.1863,171
305627c2,29140,9.1863,198
c1696f5,24685,9.1863,171
7f81a531,31088,9.1808,198
34e17af1,30401,9.1863,198
70de29c8,28790,9.1863,198
74ba0afb,24760,9.1836,171
21744e51,29841,9.1863,198
37114da7,29112,9.1863,198
f88d48e,25718,9.1836,143
7dd25063,21812,9.1836,143
7c43b678,22975,9.1836,143
4182a022,27442,9.1836,143
8e72038,18690,9.1808,122
67d9380f,27141,9.1863,143
6a42fb51,29291,9.189,198
1beb47f1,29775,9.189,198
523306a0,30624,9.189,198
10808431,21214,9.189,143
6c8b2fa,27336,9.189,143
38b39484,28968,9.189,198
3e2dd4b4,30824,9.189,198
521f91b1,22524,9.1836,143
4a63222b,29493,9.189,198
63c88d2a,22463,9.189,143
4d7fc81c,26602,9.1836,143
ee3fc2b,24758,9.189,171
205f665f,22933,9.189,143
7590ea3,31542,9.189,198
247489d3,24420,9.1836,143
34d5197c,29669,9.189,198
832747f,30705,9.1918,210
2546a969,29931,9.1918,198
137e6a3e,20688,9.1918,150
7e705e00,31513,9.1918,198
31936b7b,29692,9.1918,198
2d919acc,29986,9.1918,198
2acf872a,29945,9.1918,198
3d8c63f6,30035,9.1918,198
1bbc0832,31682,9.1918,198
41f0aa19,4472,9.1918,1
6b12d9ef,31501,9.189,198
4a7469bb,29938,9.189,198
45236602,30929,9.1918,198
143920d0,29701,9.1918,198
505df02c,31681,9.1918,198
2d7d8669,29494,9.1918,198
44ad1bcc,30761,9.189,198
4a1add24,24543,9.189,171
3f08df10,30356,9.1918,198
23fc1fe6,31810,9.1945,198
318b1a09,29690,9.1945,198
173a11c1,28966,9.1918,198
2ab355f,31743,9.1945,198
202f1f33,26510,9.1945,143
19cf8c29,25728,9.1945,143
26acc3ac,4943,9.1918,1
67a357de,23372,9.1945,143
4bfc439d,30168,9.1945,198
2e37300f,30215,9.1918,198
6cf178ec,4514,9.1945,1
6e4637c6,27443,9.1945,143
13a68077,25027,9.189,143
1cb7d8bc,31221,9.1945,198
3a6fd935,26636,9.1945,143
2dcf313f,23165,9.1945,143
7268db47,31031,9.1945,198
4f2103f9,31345,9.1973,198
6be74ba4,30648,9.1973,198
1dc45359,30217,9.1973,198
556a5845,26721,9.1945,143
110885ac,30365,9.1945,198
459a187b,24906,9.1973,173
719c416c,30760,9.1973,198
7633876a,30218,9.1973,198
23c359e5,29709,9.1973,198
3ab15bc0,29242,9.1973,198
360fc426,30172,9.1973,198
351e550f,29290,9.1973,198
258b64aa,26230,9.1973,143
7b1cbbb9,31343,9.1973,198
4fe9afa6,31426,9.1973,198
76dccbcf,27893,9.1973,143
3e3a0fc6,30214,9.1973,198
406a929f,24653,9.2,171
427c81ab,26782,9.2,143
1ed68438,27892,9.2,143
52eeb898,24729,9.2,171
3c44c93c,26890,9.2,186
282e4a41,21531,9.2,143
ef9e736,29928,9.2,198
2d19ab6b,24134,9.2,143
29f4a409,19755,9.2027,137
33639522,24644,9.2027,171
6945ad4d,24136,9.2027,143
5ddbfef2,29477,9.2027,198
28c43704,24019,9.2,143
2da71f4f,31012,9.2027,198
241c0af9,19136,9.2027,122
7b8eabb8,31498,9.2,198
bf941dd,29146,9.2027,198
4f92aa2a,31777,9.2027,198
46e7c8cb,19756,9.2027,137
435e0715,1848,9.2027,24
4c59b4e4,30226,9.2027,198
194736ae,29774,9.2027,198
632781af,18984,9.2055,135
619e14dd,31753,9.2055,198
217f00eb,31087,9.2055,198
12aacd7e,4859,9.2055,1
1d098caf,30185,9.2055,198
32f86bc3,27159,9.2,187
23d1a9bd,21509,9.2055,143
6391ed28,26441,9.2055,143
7a708d74,24274,9.2055,143
3e756e79,25036,9.2055,143
e087f05,30439,9.2055,198
7aa320fa,26442,9.2055,143
4f22bc07,27536,9.2055,143
6c9d16d6,31778,9.2055,198
6110781f,29495,9.2055,198
1f754264,30932,9.2055,198
15006b9e,25729,9.2055,143
4db1b66a,22200,9.2055,143
ae6e155,27499,9.2055,143
32ccec0a,23503,9.2055,143
585a5adc,26520,9.2055,143
71ffe55,19653,9.2055,137
798e96e6,30945,9.2055,198
3a4e5baa,28671,9.2082,198
1fa1e08f,24909,9.2082,171
4ad8f3cd,31259,9.2055,198
38f44038,24750,9.2082,171
32cd5195,2768,9.2082,29
7a96cf6d,30712,9.2055,210
6a23ed28,31529,9.2027,198
67682d3a,30505,9.2055,198
3f7189bb,31690,9.2082,198
73d0d49f,4860,9.2082,1
66f2d60,19655,9.2082,137
2aca5f22,23811,9.2082,143
20c8d16a,24544,9.2055,171
136c89db,30634,9.2082,198
341532bf,21532,9.2082,143
13c7a899,28913,9.2027,198
66c6e252,28897,9.2082,198
705ef1e2,24907,9.211,173
910b2e,31683,9.211,198
5b2cb3fb,30174,9.211,198
19bdd7c7,29158,9.211,198
7f18061b,25960,9.211,143
5135ea01,29188,9.2082,198
305607,22472,9.211,160
7744ba29,29872,9.211,198
180e599e,29246,9.211,198
48d34204,30357,9.2082,198
36c8dcfd,25717,9.2082,143
6281dbe8,30202,9.2082,198
34ca244d,31222,9.211,198
660d450f,29113,9.211,198
2e58e3a2,30758,9.211,198
349ce8a8,31634,9.211,198
4443f5f2,30708,9.2137,210
3912b596,24115,9.2137,143
21ce497b,23929,9.2137,143
2de74570,30706,9.211,210
7eed21cc,24698,9.2137,171
25daa786,28893,9.211,198
1e269b03,30589,9.2137,198
381dea2c,30927,9.211,198
2342e0f5,31674,9.2137,198
768ca7d7,31748,9.2137,198
61d7a0b3,30930,9.211,198
76231e04,30184,9.2137,198
22cbbfb6,30561,9.2137,198
6b571d1,29604,9.211,198
1514cccf,30763,9.2137,198
499a34e6,5410,9.2137,50
27a7c0ef,26844,9.2164,143
ab10633,24359,9.2164,143
473f03d3,31515,9.2164,198
39f0c11e,29190,9.2137,198
23ff22f2,30609,9.2164,198
daac020,28988,9.2164,198
20789200,31502,9.2164,198
21d5ffc2,4822,9.2164,1
386ce3af,27537,9.2164,143
3a6efa0f,30709,9.2164,210
529246d,24087,9.2164,143
b8ce0e5,31795,9.2164,198
54a21ba0,29187,9.2164,198
19d13db9,29939,9.2164,198
1307d18b,19138,9.2164,122
703a7a0e,29000,9.2192,198
1344395d,28504,9.2192,143
2c2391a0,29716,9.2192,198
559778a2,21558,9.2192,143
39f0313d,26882,9.2192,186
7d4b42b8,24739,9.2192,171
6de7845d,31530,9.2192,198
1e9f8358,18692,9.2192,122
152f3d82,30434,9.2055,198
3e68ee01,22509,9.2164,143
35ba32b,29139,9.2192,198
3b1a03a4,24547,9.2192,171
1c63d8fd,30065,9.2164,198
4d777240,28989,9.2192,198
7e44069f,30327,9.2219,198
13ebd23e,28843,9.2219,198
7807f4c4,26783,9.2219,143
7aa17f09,30762,9.2192,198
c32f76f,31344,9.2219,198
4105bef5,27444,9.2219,143
90a862f,23740,9.2219,143
447bc4e7,28055,9.2219,143
663d3c5,26093,9.2192,143
77cbbd37,29193,9.2192,198
6c59a52e,31032,9.2219,198
27bae31d,29842,9.2247,198
475c46,28842,9.2247,198
18a25a70,29683,9.2219,198
35b37703,24910,9.2247,171
322a7e56,20142,9.2247,143
137bcde8,30649,9.2247,198
29e416ad,31269,9.2247,198
325cd78b,29932,9.2247,198
42a6aad0,24513,9.2247,171
5d77704c,19797,9.2219,137
62715cd,23564,9.2247,143
58a7ab42,24516,9.2247,171
2f206aac,29776,9.2247,198
59f66c9a,25981,9.2247,143
4ae5d790,30438,9.2219,198
62e664d6,31673,9.2247,198
37d6a017,29137,9.2247,198
21d0085e,30962,9.2274,198
67c19314,31020,9.2192,198
73617a53,24857,9.2219,172
2d9c915,5411,9.2274,50
2e00b6e8,29120,9.2274,198
44788d0e,26075,9.2274,143
2fcaefa6,17810,9.2274,122
63970a2b,30588,9.2274,198
488b4747,28999,9.2274,198
481bb3a5,21767,9.2274,157
3054d2df,19141,9.2274,122
6b4950ac,24434,9.2274,143
7254d3ba,29114,9.2274,198
796a93fd,29182,9.2274,198
24edce16,31528,9.2274,198
6c7991ee,29177,9.2274,198
7aad7494,31672,9.2247,198
5b40875d,21510,9.2219,143
6f281719,26896,9.2301,186
2f144ee,24485,9.2301,171
29e1b350,27445,9.2301,143
761802b3,31197,9.2247,198
564e0b7f,19118,9.2247,122
4756dcf6,25961,9.2301,143
1873c12e,26444,9.2301,143
2e485509,28840,9.2301,198
87bb64c,30186,9.2301,198
793b6ad9,31028,9.2301,198
7fc7be61,30219,9.2301,198
134b4c8d,21752,9.2301,143
4657517e,26900,9.2301,186
2e0b9029,30147,9.2247,198
641886cf,29189,9.2301,198
266e189b,24020,9.2301,143
6a4cf9f0,24639,9.2301,171
13401052,29434,9.2301,198
6f0807ff,29163,9.2274,198
13a867c1,31089,9.2301,198
6222fa1a,30171,9.2301,198
33a6a585,29001,9.2329,198
65dad9aa,24654,9.2329,171
ed18826,29419,9.2301,198
4a421d11,28916,9.2329,198
3a815578,30495,9.2329,198
1a04fdf7,26891,9.2329,186
1c08f9bf,30639,9.2329,198
2fac741d,30355,9.2301,198
6f3c6ce3,24566,9.2329,171
6c422787,28910,9.2329,198
75dc4e6c,19139,9.2356,122
480afe65,29971,9.2356,198
131423da,24594,9.2356,171
5f54b139,5578,9.2356,50
48ec3b91,31090,9.2356,198
578a1d3f,30496,9.2356,198
6532fee7,24489,9.2356,171
1f155601,29111,9.2329,198
360cc6c1,21492,9.2329,143
31e856da,30742,9.2356,198
43df53c6,29638,9.2356,198
764fb0e2,27713,9.2356,143
26a55a24,21282,9.2329,143
558886ac,24469,9.2356,143
6cf0aeb8,2767,9.2356,29
67b3cb64,21819,9.2384,143
6bcbd9cc,24488,9.2384,171
7a679fff,28957,9.2384,198
130b6b65,24125,9.2384,143
7ee49efb,24137,9.2301,143
59f0f13c,24762,9.2356,171
6a9a6a8b,19137,9.2384,122
5f2adbad,22247,9.2384,143
635dbb56,30182,9.2384,198
19743fd0,22012,9.2384,143
516c2fd8,29785,9.2384,198
681bd94c,24656,9.2384,171
3357dabf,24918,9.2329,171
61658051,30740,9.2384,198
5957b912,28914,9.2384,198
69755f0f,2773,9.2384,29
5f922ad4,30565,9.2411,198
2fbe6955,24622,9.2384,171
797fae2f,22563,9.2384,143
12b85e7f,28917,9.2411,198
7643fa13,30502,9.2411,198
3a1596c6,26966,9.2411,143
358d4ef3,24088,9.2411,143
7b07161c,21438,9.2438,143
f3dd121,31036,9.2438,198
6496f34,30176,9.2438,198
2b1ce4a5,18693,9.2411,122
426600b7,24021,9.2329,143
1d4324de,28915,9.2438,198
5e37769c,25269,9.2438,143
12428833,9289,9.2438,67
49fdf2cc,30028,9.2438,198
60535174,25974,9.2438,143
64b2ec74,24919,9.2466,171
1d4e5e8,31037,9.2466,198
7d1f6f1,2350,9.2466,27
7df3df8e,30506,9.2466,198
399d5b43,17112,9.2466,119
74b33d4,25982,9.2466,143
e515d08,29412,9.2466,198
23b7c872,30366,9.2466,198
7c16cb3f,22657,9.2438,143
280c128f,18580,9.2411,122
3319e1e6,29002,9.2438,198
20e20f01,24022,9.2466,143
77f852f,30414,9.2466,198
438ebb3c,24752,9.2466,171
222c1a9d,30066,9.2466,198
47330758,30507,9.2438,198
fe3ed5b,29144,9.2438,198
3dc2eee0,30037,9.2466,198
3fc961a1,19142,9.2438,122
3bf959d,21493,9.2493,143
9286a3f,30435,9.2466,198
567eb585,24275,9.2493,143
46671324,30067,9.2466,198
32d7b620,31689,9.2493,198
28ad9ee3,30029,9.2493,198
c06083c,28685,9.2493,198
6774d679,21012,9.2493,143
78645bd7,30610,9.2493,198
5b950bc3,1535,9.2438,19
2515dda6,29178,9.2466,198
50895774,29768,9.2521,198
22ffa46c,30625,9.2521,198
67f56f6,29720,9.2521,198
2afc1992,28774,9.2521,198
5e5c273c,29855,9.2521,198
f116862,28894,9.2521,198
48be9180,28791,9.2521,198
353b7742,3150,9.2521,34
709c45f9,29782,9.2521,198
324833a,24660,9.2521,171
8d78615,31499,9.2521,198
422d2e14,30819,9.2521,198
508c1825,31779,9.2466,198
77167c5d,30642,9.2521,198
2fc217af,29020,9.2521,198
43c5ab84,29179,9.2548,198
6ef48bfa,24959,9.2548,171
68b36066,26898,9.2548,186
c9d907f,31399,9.2521,198
3d4245ae,31451,9.2548,198
686d2ba8,28507,9.2548,143
329133d7,26901,9.2548,186
5eeddea4,24518,9.2548,171
635d5e74,24435,9.2548,143
58ce0065,29142,9.2521,198
1c7e7bb5,28775,9.2548,198
581b0bc,24517,9.2548,171
4f72e20c,24138,9.2548,143
72097a35,22202,9.2575,143
1ca9442,21309,9.2575,143
29af7136,23118,9.2575,143
6cae2aec,22510,9.2521,143
46631465,30187,9.2575,198
7f82064e,28506,9.2575,143
2abff578,24540,9.2575,171
784b07d8,31450,9.2575,198
2655f488,31551,9.2603,198
2c41363a,24596,9.2603,171
21ca78a0,20691,9.2603,150
490a267a,30653,9.2575,198
1c4b0e16,30173,9.2603,198
1465c8af,1886,9.2603,24
3c1ebf80,24657,9.2603,171
35e6fd3f,22473,9.2575,160
2812759b,31635,9.2603,198
2dc7340f,31500,9.2603,198
69b8b41f,28689,9.2603,198
2093e417,30590,9.2575,198
229efa3f,30946,9.263,198
36edc52f,30257,9.263,198
1b358d8f,24278,9.263,143
1a5987a1,25134,9.263,143
759f754a,31544,9.263,198
70cf2226,24514,9.263,171
28d355ad,22530,9.263,143
7e61ab99,29180,9.2603,198
70674f97,19143,9.2603,122
79b09daf,22564,9.263,143
8c55142,29196,9.263,198
2f34c740,30328,9.263,198
5acba02,29195,9.2603,198
4bfcc109,24277,9.2658,143
38b2868c,30931,9.2658,198
2040bc7f,30818,9.2658,198
26807257,22658,9.263,143
72637dfa,31545,9.2658,198
f43cbfc,31516,9.2658,198
229ab794,30825,9.2658,198
e30d3ad,24561,9.2658,171
2b16a59d,29843,9.2658,198
67d5f33c,30503,9.2658,198
76d8c811,30743,9.2658,198
2d967117,22013,9.2658,143
6bb23cb2,29021,9.2658,198
109f749,28987,9.2658,198
92cf17e,20692,9.2658,150
1fb4a5a3,29435,9.2658,198
41a8af74,30643,9.2658,198
de78e15,24649,9.2685,171
71806f10,29118,9.2685,198
3ffd6dd6,26323,9.2685,143
5134dc56,24954,9.2685,171
55631a0b,29143,9.2685,198
7fd9102a,30188,9.2658,198
27e90758,22469,9.2658,160
26007906,26751,9.263,143
732e4dae,31763,9.2685,198
65a6a799,24563,9.2658,171
48ff9f1,28508,9.2685,143
d1ef4ce,29288,9.2685,198
49710829,24860,9.2685,172
5c7e4452,29619,9.2712,198
14651e18,4827,9.2712,1
26cd1598,28841,9.2712,198
60d6b20b,24956,9.2712,171
3d821122,28673,9.2658,198
721ad1b5,22508,9.2685,143
278f6fd2,30177,9.2685,198
2d26e265,24861,9.2712,172
5cb45aa3,24640,9.2712,171
1d45215c,2959,9.2712,32
536a86b9,29987,9.2658,198
5951905b,3210,9.2685,1
fc792f9,26324,9.274,143
2e7782,30395,9.274,198
7158a0e0,21115,9.274,143
45a32056,28895,9.274,198
4212fdc5,28925,9.274,198
427b2915,31301,9.274,198
71982bf9,29934,9.274,198
4573ca8a,30611,9.2767,198
190ef3e2,2706,9.2767,29
2a65257,21768,9.2767,157
32517619,5421,9.2767,50
69adcd43,31546,9.2767,198
7d2a277,29710,9.2767,204
37d67c30,29717,9.2767,198
e8e256d,30943,9.2767,198
6fbc1751,30764,9.2767,198
9ce262a,31760,9.2767,198
34883f5b,4959,9.2685,1
1b9dfc7e,29783,9.2795,198
1f2e24c1,30165,9.2795,198
6074cf04,1333,9.2795,19
26764afc,24548,9.2795,171
18f35a56,24659,9.2767,171
6cf93b3a,31543,9.274,198
29f0248,30508,9.2795,198
44d5f1f0,29248,9.2795,198
46f622d6,23866,9.2822,143
63f3f1d9,29019,9.2822,198
4ce02291,30838,9.2822,198
1ae346b3,26902,9.2822,186
190422ad,1887,9.2822,24
72351a0c,26445,9.2849,143
5a2760e,26104,9.2849,143
79a3225a,29933,9.2849,198
7b36d3b4,30354,9.2849,198
410a6689,30986,9.2849,198
1bb5f1de,2769,9.2849,29
d31e6a0,29993,9.2849,198
6d60b4ae,4885,9.2849,1
194d1f0b,30267,9.2877,198
7f4ca9a5,30981,9.2877,198
4bc39c93,31033,9.2877,198
49c567ad,29197,9.2849,198
21687fff,31547,9.2849,198
58e06398,23868,9.2877,143
fb147e,19140,9.2877,122
3b73ebf6,31692,9.2822,198
6c83df0f,31503,9.2877,198
d419b7d,24515,9.2877,171
e99253d,5560,9.2904,50
6cec2496,31759,9.2822,198
847e337,22248,9.2904,143
48e45ea6,29305,9.2877,198
336ce36d,30227,9.2904,198
2a4401b3,26105,9.2904,143
6a3547dd,29003,9.2904,198
3aed8b12,30612,9.2904,198
6938a1c9,23504,9.2932,143
7d1af1bf,29426,9.2932,198
70dfa21e,29309,9.2932,198
5c5da921,31781,9.2932,198
1aa4d3cd,26513,9.2932,143
661a4174,27714,9.2932,143
4c477e90,4886,9.2932,1
7612dd87,24635,9.2932,171
667ae9ae,29670,9.2904,198
6b38682d,29533,9.2904,198
573ee43c,30822,9.2932,198
4bc0c51e,31693,9.2877,198
20faa3b5,24952,9.2932,171
11fc099d,24142,9.2932,143
392d728f,29161,9.2932,198
4407dc06,22532,9.2932,143
19927e92,30982,9.2932,198
6c80911e,31403,9.2959,198
54bb7796,953,9.2932,14
1dc1ddf2,4887,9.2959,1
4faa6dcf,31811,9.2959,198
4546fc46,19656,9.2959,137
56d3a4d7,24951,9.2959,171
2da69d91,19657,9.2959,137
3e9beb9a,29639,9.2959,198
22c32d93,29856,9.2932,198
50154141,31504,9.2959,198
49c614c7,29145,9.2932,198
2860f15e,2953,9.2932,32
13f4fe74,30178,9.2959,198
6911ba02,30977,9.2959,198
1088fbcb,24953,9.2959,171
3fcd0285,31552,9.2986,198
bfe5c56,29702,9.2986,198
6fdb3681,30179,9.2959,198
385ade12,26903,9.2986,186
6fd42ab6,24650,9.2959,171
1631d7f6,29244,9.2986,198
2068948f,30038,9.2986,198
4e2c64de,29310,9.2986,198
637637,30510,9.2986,198
18f58faa,30978,9.2986,198
10c5b52a,31782,9.3014,198
7cddbcd7,24903,9.3014,171
51fa2d06,29308,9.2986,198
7324b9c4,29148,9.3014,198
4ab33bc0,30504,9.2986,198
7e0f75e3,31452,9.3014,198
6fa555f1,29247,9.2986,198
68bd7b05,29191,9.2986,198
6fb7d71e,30030,9.2959,198
3c899c13,28900,9.2986,198
39ac460c,29718,9.2986,198
43d15ff3,19658,9.3014,137
7ce39615,30626,9.3014,198
2dbdb1b0,28792,9.3041,198
6b3b56dd,28927,9.3041,198
5d24d910,21311,9.3041,143
6e3789e,30591,9.3041,198
66d00569,29640,9.3041,198
70fd2721,24139,9.3041,143
360701ea,29786,9.3041,198
26201832,3940,9.3041,43
97ed02a,24753,9.3014,171
5d3b0a59,31404,9.3014,198
5d37a9bf,21310,9.2986,143
408d1d0f,28690,9.3068,198
4010d32e,2293,9.3068,22
5533e3b3,30080,9.3068,198
2610a33a,30175,9.3068,198
d7ce42,30081,9.3068,198
29c4676c,29428,9.3068,198
60cde5b6,30652,9.3068,198
4880e9c5,29990,9.3068,198
6b2a9a9c,31514,9.3068,198
5531fc65,30567,9.3041,198
6db0df53,31531,9.3096,198
5ade4320,28971,9.3096,198
155f477f,18985,9.3096,135
2a1ec132,29004,9.3096,198
7016d2c0,30072,9.3041,198
587958a1,30039,9.3096,198
37f2986e,31815,9.3096,198
6c64a628,21324,9.3096,143
29c28ee1,26848,9.3068,143
5388207a,29436,9.3096,198
6bb9d8f3,30979,9.3096,198
2dff8796,24490,9.3096,171
d948902,29621,9.3096,198
69390819,24648,9.3041,171
5efa75a5,29437,9.3123,198
3f517ed8,20603,9.3123,143
1cc3b0b4,31455,9.3123,214
39188d9f,19144,9.3123,122
528d2598,24521,9.3123,171
6df65262,30768,9.3096,198
688a6e1d,4823,9.3151,1
20ac54da,24957,9.3151,171
5c196a6a,31761,9.3151,198
6804a07a,21511,9.3123,143
825a1e,30947,9.3151,198
31b193f5,30169,9.3151,198
61a91da0,31038,9.3123,198
5d5e274d,31505,9.3178,198
20573d0c,31780,9.3123,198
1b16559d,24686,9.3178,171
c4b26af,31302,9.3178,198
20030c24,31517,9.3178,198
39a5ea75,29162,9.3123,198
10b6ea61,24862,9.3151,172
459dd886,29194,9.3151,198
4c8c03b8,22724,9.3178,143
7dc78e3d,4480,9.3178,1
6b2725b2,26849,9.3123,143
756c3caf,30980,9.3151,198
4ce53f55,30166,9.3178,198
679797a7,31260,9.3178,198
26e05b0e,30436,9.3178,198
2d1aa36f,29534,9.3178,198
697621d5,21131,9.3178,143
7438e0d5,30720,9.3205,210
11c27690,4824,9.3178,1
777db93f,31040,9.3205,198
7cd65101,30063,9.3205,198
14908d96,30976,9.3233,198
4ab3f1a0,22977,9.3233,143
6eafebd3,24765,9.3233,171
5da2909b,24754,9.3096,171
5fd61b49,30767,9.3233,198
643d30e8,26493,9.3233,143
a3ddfe2,30068,9.3233,198
1bdd4c05,30167,9.3205,198
52b231ad,30335,9.3233,198
3d5174e1,24279,9.3233,143
59f77e66,22205,9.3205,143
283bac39,1524,9.3233,19
32753c76,29719,9.3205,198
6b47cfca,30984,9.3233,198
5d07483f,26930,9.3151,143
3fe119b7,28509,9.3233,143
4a4e2016,29313,9.326,198
1f229f0a,30933,9.3233,198
78837a61,31548,9.326,198
4f98f867,30440,9.3233,198
746d2f12,29192,9.326,198
323269a9,30562,9.326,198
7f3c245a,31041,9.326,198
1c0f09ae,28926,9.326,198
14dc9188,29415,9.326,198
48a014d1,1334,9.326,19
95429be,24770,9.3233,171
17d4c23a,29844,9.326,198
73f2eb17,30509,9.3288,198
3d27430,30839,9.326,198
2b63a42d,31021,9.3288,198
73cec83a,24623,9.3288,171
2545e790,31034,9.3288,198
4d90ad83,29414,9.3288,198
29cfef1d,24763,9.3288,171
1a977669,22531,9.3288,143
7e598c7f,31691,9.326,198
6e3a0470,31095,9.3315,198
86ae271,21512,9.3315,143
584e8756,30928,9.3288,198
559667c8,30497,9.3315,198
536477c2,30934,9.326,198
79cb9608,31694,9.3315,198
adf5a74,30228,9.3315,198
5f39965a,24549,9.3315,171
72deefbb,31346,9.3315,198
a7b2e29,28779,9.326,198
4b43c73a,30874,9.3315,198
75e453a6,1805,9.3315,24
59bc0e7b,30189,9.326,198
7c62b892,29427,9.3315,198
294dda33,22684,9.3342,143
7ee3c5df,19145,9.3342,122
4715c3ae,31093,9.3342,198
2eda55f6,31039,9.3315,198
e3208d9,4922,9.3342,1
25f571cc,3799,9.3315,37
69019e5c,29784,9.3288,198
268ed239,29772,9.326,198
92c739e,4916,9.3288,1
604dc9a6,30592,9.3342,198
b4aa6a8,29147,9.3342,198
1c4455bc,31521,9.3315,198
7952db16,31520,9.3342,198
36be6a79,21894,9.3342,143
78ee53e4,24140,9.337,143
638509b3,24598,9.337,171
1d861c0f,30741,9.3342,198
5dd47cc,5579,9.337,50
235153b6,30823,9.3342,198
4cb4a6a1,24597,9.3315,171
185171e9,30358,9.3397,198
783c290c,4532,9.337,1
359a7088,30650,9.3397,198
1c7f496e,30087,9.3397,198
6859a2a5,29994,9.3397,198
759775ee,30415,9.3397,198
66da8c8c,28973,9.3397,198
a2aeef,30645,9.3342,198
66f0a3ac,28693,9.3397,198
28869299,3203,9.3425,1
1a8ac5e9,28972,9.3425,198
f4ad581,29164,9.3425,198
6c44ea07,31365,9.3425,198
704aaf4c,30239,9.3397,198
3c238921,28505,9.3425,143
651ca5f9,30879,9.3425,198
6cf57b27,30875,9.3452,198
2e436f8f,30983,9.3452,198
2c22bddb,28510,9.3452,143
16b46a16,29311,9.3425,198
5eaa84ef,29005,9.3452,198
b5695c4,31762,9.3452,198
2b9c7f0e,4531,9.3452,1
2b2f34e9,31518,9.3452,198
1e251914,29165,9.3452,198
2a3553bb,26106,9.3452,143
4c71bfc1,22978,9.3479,143
216257a1,21494,9.337,143
694e288c,21810,9.3479,143
3b94c130,29293,9.3479,201
d4f82ef,3941,9.3452,43
3e2313b8,20604,9.3479,143
6d6f3016,24564,9.3479,171
26b156b8,30262,9.3452,198
3b319e1f,21808,9.3507,143
6fc82440,31350,9.3507,198
4a982b6c,30402,9.3479,198
6c004f54,29620,9.3507,198
4057bfed,24651,9.3534,171
4028d0fa,2290,9.3507,22
551ca963,29497,9.3534,198
7630f781,22816,9.3534,162
77de7f86,28969,9.3479,198
7c96f95a,22203,9.3534,143
552c707a,3936,9.3534,43
12827373,30985,9.3562,198
142bced9,29312,9.3534,198
3f678232,24766,9.3534,171
23991eb2,30031,9.3562,198
108db195,23869,9.3562,143
5b9ac6f7,3934,9.3562,43
5a023f1c,28793,9.3562,198
3960fdbc,24599,9.3589,171
10957f83,24565,9.3589,171
6de9651d,29315,9.3589,198
60c9bb29,29413,9.3589,198
2bf882f3,31636,9.3589,198
102a8968,29991,9.3507,198
36cdd7fd,30082,9.3589,198
7348b1ea,29422,9.3562,198
689daed6,3105,9.3589,1
1b7022fe,30261,9.3562,198
7470d479,31405,9.3589,198
30d56256,31023,9.3589,198
3cdaebc5,31094,9.3589,198
2523ef1d,29306,9.3616,198
687f298e,23867,9.3616,143
728281ad,4946,9.3616,1
7e8a576e,30437,9.3616,198
7123eda5,29645,9.3616,198
234098,21815,9.3589,143
6c565f30,29250,9.3616,198
51ac3676,31549,9.3616,198
1b7f5518,31351,9.3616,198
a5d2ca0,30744,9.3589,198
6cb45baf,30766,9.3644,198
7689e121,30396,9.3644,198
5f4c5e42,29646,9.3644,198
173fbd7d,31550,9.3644,198
119c214f,28976,9.3616,198
eaee24f,31639,9.3644,198
7464bb16,31553,9.3616,198
28a874e5,29314,9.3644,198
3a43ef16,29307,9.3644,198
37a9196,22204,9.3644,143
69c410d1,31818,9.3644,198
4a52e837,30240,9.3671,198
38a9aaf4,24687,9.3671,171
5ea50c8c,24567,9.3616,171
1d37d9a8,24851,9.3671,172
4a160db9,24755,9.3671,171
31dceb2,30878,9.3671,198
240627fa,24662,9.3671,171
2b41ad22,22470,9.3671,160
76162a2f,31097,9.3671,198
554f47dc,30170,9.3671,198
1e92ba1e,31367,9.3671,198
568d499,22014,9.3671,143
2f4ee309,21816,9.3699,143
424bc00c,31522,9.3699,198
5cbcd38,1888,9.3699,24
2a151bfa,29857,9.3699,198
537747b5,30270,9.3699,198
729bf31a,19076,9.3699,122
73bf14c0,30820,9.3671,198
57a551a7,30987,9.3699,198
6e4c16e5,21820,9.3699,143
7788dd8d,31096,9.3726,198
35b5a419,30568,9.3726,198
377db39e,29249,9.3726,198
5a326cb4,28899,9.3699,198
5822421,23119,9.3726,143
1ad38548,29294,9.3726,201
14a643c9,21811,9.3699,143
7573bdb6,24864,9.3726,172
c2ba828,30397,9.3753,198
56901b70,24764,9.3726,171
77da9c97,30654,9.3753,198
603c46e8,29316,9.3753,198
50ef3d2f,30566,9.3753,198
76f184f0,31024,9.3753,198
274a18ee,20693,9.3753,150
7157ccec,2774,9.3753,29
587881ac,28898,9.3753,198
22d45857,29791,9.3753,198
4a1408ae,31022,9.3699,198
552eb98b,2707,9.3781,29
1ad12f6e,2343,9.3781,27
403ff34d,2358,9.3781,27
638a879,1522,9.3781,19
6ae5e09,26652,9.3781,143
266c4db6,30644,9.3781,198
35d5ac4a,21809,9.3781,143
2e94fced,28776,9.3781,198
766da1e9,22533,9.3808,143
2c7e73b,30935,9.3808,198
46020b28,31764,9.3808,198
26cb5dd9,24525,9.3781,171
5ead485e,29417,9.3781,198
e78af30,30877,9.3781,198
45d4c88b,29992,9.3808,198
78970135,24854,9.3808,172
52b17174,24853,9.3808,172
2e9a0e44,30076,9.3808,198
1a414c71,29317,9.3808,198
79325f22,24863,9.3753,172
2dd93a92,5561,9.3808,50
39ec6798,30441,9.3808,198
477aa6cf,29721,9.3836,198
15ece00e,30241,9.3781,198
fc9a8b3,20694,9.3836,150
20dcc09e,28777,9.3836,198
57c84895,30088,9.3836,198
226a060d,29946,9.3836,198
3ce8d601,29790,9.3808,198
428237ec,31348,9.3836,198
78bc0ddb,3800,9.3781,37
455d6297,3204,9.3863,1
6662a6a3,29773,9.3863,198
74bc387e,24858,9.3863,172
2bd9e32b,22725,9.3863,143
5d663175,30242,9.3863,198
33b63212,31820,9.3863,198
61a54a9c,2357,9.3863,27
1b87c077,31369,9.3863,198
68a32a1a,26654,9.389,143
7dc990b8,31453,9.389,214
14eb6f66,19075,9.3863,122
3673c437,30268,9.389,198
13d23ef6,30367,9.389,198
6250356c,29149,9.389,198
46e522e7,24958,9.3918,171
532d25ce,21495,9.3918,143
7bd701e0,30089,9.3918,207
7970b5e2,2700,9.3918,29
1a6814f5,31445,9.3918,198
20515123,21817,9.3918,143
63ca9cc8,22726,9.3918,143
58db4e27,4825,9.3918,1
1fe9faf6,24661,9.3945,171
45fc8a42,30263,9.3945,198
6f0e0397,29789,9.3945,198
5895ee62,31043,9.3945,198
8fb91cc,3173,9.3945,1
2974a40b,29438,9.3945,198
4e612de5,29995,9.3945,198
36f90809,29439,9.3918,198
332fe6f3,30765,9.3918,198
16ca0c20,21513,9.3945,143
41e8064a,29788,9.3945,198
15498a4a,29792,9.3945,198
19913014,30840,9.3918,198
6756ca6f,28901,9.3973,198
668d4a99,30090,9.3973,207
6a6f299b,31640,9.3973,198
3f4f87d8,28975,9.3973,198
2fce11b5,9363,9.4,73
3cbe9292,1525,9.3973,19
7e1aa391,4811,9.4,1
72cfe749,26653,9.4,143
317dcf8f,21312,9.4,143
316bcee,29724,9.4,198
6e6133ac,29420,9.3973,198
798c5186,30084,9.4,198
454c13da,2363,9.4,27
48344195,24855,9.4,172
1dfd631,28974,9.4,198
73d7084b,29418,9.4,198
6f7aa4c,30769,9.4,198
17eaeeab,31406,9.4027,198
707143a9,29498,9.4027,198
55865cbe,19084,9.4055,122
3fd48772,20698,9.4055,151
7f0ba995,30083,9.4055,198
6f04ea01,2291,9.4055,22
59dc1d6,31035,9.4,198
21120f5,24924,9.4082,171
29e29e80,2359,9.4055,27
62991e77,28970,9.4082,198
79edfa41,22534,9.4082,143
e2f416d,22727,9.4082,143
5b88b3e8,24955,9.4082,171
30705a3e,28902,9.4082,198
1a3090e1,31347,9.411,198
38814a7b,19083,9.4082,122
c195e14,31454,9.411,214
114beb3c,22818,9.411,162
1210bb8c,30064,9.4137,198
2003b25a,29499,9.4137,198
3e2a8923,23870,9.4137,143
7805990c,30368,9.4137,198
69f73850,29423,9.4137,198
6f5e915b,28929,9.4137,198
52726f88,24756,9.4055,171
387b8774,30403,9.411,198
6c62a48e,5580,9.4164,50
772d3410,29644,9.4164,198
36620b52,5585,9.4164,50
619a9bc3,30826,9.4164,198
507ff420,22476,9.4164,160
62cf13a0,24141,9.4192,143
52467acd,29416,9.4164,198
1fd15570,1889,9.4192,24
2b79f2df,24663,9.4164,171
356ade14,29623,9.4192,198
13f47b70,19082,9.4192,122
7285ebd1,29622,9.4192,198
160e0054,29009,9.4192,198
1eb8295a,30077,9.4192,198
75f7e6ff,31819,9.4219,198
2ae0a8af,22207,9.4219,143
55325278,30091,9.4219,207
45e83cca,2341,9.4219,27
186e8cc5,2280,9.4247,22
7e04233c,31372,9.4192,198
340ef21d,31456,9.4219,214
3004863a,31637,9.4247,198
68362fc3,24925,9.4219,171
5a8b5740,24144,9.4219,143
5c603c5b,31352,9.4247,198
661ffd55,31458,9.4247,214
322f928,29787,9.4247,198
407f6d4b,29648,9.4219,198
71be7765,2279,9.4274,22
6867dfba,31816,9.4274,198
54de0628,15488,9.4219,103
9817a0c,31092,9.4274,198
1dfe29ad,22819,9.4247,162
26501a6c,24688,9.4274,171
7e8ef52d,24767,9.4247,171
29bb7c8,29726,9.4274,198
c8fc8d,31401,9.4247,198
6c170e78,22206,9.4301,143
4a32faec,1335,9.4301,19
15c83195,29243,9.4301,198
52a38b35,30069,9.4274,198
6132bd7,20695,9.4329,151
5bab4463,19071,9.4274,122
1151c138,31025,9.4329,198
fbb821a,24771,9.4329,171
1d3be593,30841,9.4329,198
410f4afb,21821,9.4301,143
5e5d8c9e,30271,9.4329,198
7ee4a6bb,31370,9.4356,198
5f54436a,29725,9.4356,198
cacb1c8,28977,9.4329,198
374f7a34,28930,9.4329,198
583f9617,29299,9.4356,201
1a5ad9ac,24775,9.4384,171
544293f,29641,9.4356,198
78f665ee,24865,9.4384,172
11bdb9c9,28695,9.4384,198
5defff10,28784,9.4384,198
79463843,31101,9.4384,198
3254fb90,31638,9.4384,198
4edb6fe2,2954,9.4411,32
6c6e0e56,24143,9.4411,143
24a2b7b8,30842,9.4411,198
313f50c7,24923,9.4411,171
1ae1641,1534,9.4411,19
7e990c36,2702,9.4411,29
510a3af7,30876,9.4411,198
240e9d7d,28931,9.4411,198
388e3b14,19079,9.4438,122
496dad2c,30074,9.4438,198
92044ca,24568,9.4438,171
5ef12ba0,31373,9.4438,198
54cbf5b,31368,9.4438,198
750d6549,31821,9.4411,198
24cbf018,24667,9.4438,171
5e753c99,30880,9.4438,198
22b27bca,31091,9.4438,198
42d29441,28778,9.4466,198
28447994,30075,9.4438,198
12670c13,28918,9.4466,198
20678649,30829,9.4466,198
5bf8c3d0,30338,9.4466,198
50f5ca71,29429,9.4466,198
6533cb2,24570,9.4493,171
2c7eafff,31374,9.4493,198
4f5dede0,19080,9.4466,122
5074fe15,30264,9.4521,198
9acb2b3,3214,9.4521,1
104f5e72,30881,9.4521,198
20fc03d2,21533,9.4466,143
1b71581d,31099,9.4493,198
2d26051b,29424,9.4521,198
30dd8376,2703,9.4521,29
472e472e,30721,9.4493,210
2b7b4c52,20696,9.4521,151
72825530,24960,9.4548,171
41ad2b81,30511,9.4548,198
1d37c6f1,29647,9.4548,198
2895f54e,24778,9.4548,171
59fd35d2,29245,9.4548,198
36787f9e,28805,9.4548,198
71a4ec4f,30073,9.4548,198
7be9e7d9,31051,9.4521,198
4d52d004,28904,9.4521,198
5287bcc4,24776,9.4548,171
38cfa3f4,28845,9.4548,198
4a3ecaa5,28978,9.4575,198
73ca4b05,24777,9.4575,171
553f1c5f,24572,9.4575,171
654323ff,15487,9.4603,103
2eaea394,30830,9.4603,198
65dce08f,30078,9.4521,198
7f280395,30040,9.4603,198
33ccaeef,29947,9.4603,198
5c4255ce,30235,9.4603,198
713277fd,30339,9.4603,198
5d8cee40,5586,9.4603,50
73e839cc,28932,9.4603,198
6be8beb4,2963,9.4575,32
2971acba,28694,9.4575,198
17461d14,22817,9.463,162
380b3ab0,1336,9.463,19
54323ee,30655,9.463,198
25055a88,29446,9.463,198
6b2797c3,24868,9.463,172
94898c5,29859,9.463,198
3b5ce679,28844,9.4658,198
34822a80,23871,9.4658,143
6891e777,4917,9.463,1
63cc3a5c,24526,9.4685,171
2e0f1850,24856,9.4658,172
72bc4cc6,29318,9.4658,198
7cdd1525,30041,9.4685,198
642bd2ff,31400,9.4685,198
574fbe3b,31459,9.4712,214
55d37054,31098,9.4712,198
3c83f26,24852,9.4685,172
4d43d7b1,24145,9.4685,143
138299e5,21895,9.4712,143
391653c8,24146,9.4712,143
7709c56e,24961,9.4685,171
357ae5a6,3804,9.4712,37
32b00f5d,1811,9.474,24
393392d0,3794,9.4767,37
6ca932a3,31375,9.4767,198
a8022d,31042,9.4767,198
629d904b,4828,9.474,1
50e5a1a2,29421,9.4767,198
6f76ab9f,29452,9.4767,198
75e51c7c,3796,9.4767,37
359cd187,29858,9.4795,198
a4a8506,24869,9.4795,172
3b8d00b7,30844,9.4795,198
46185ed5,24768,9.4767,171
1bc3ac96,1802,9.4767,24
48004680,1812,9.4795,24
68398214,30770,9.4795,198
d672c0b,30233,9.4795,198
1bdb7f8f,30418,9.4795,198
1fb164d7,29722,9.4795,198
76e385ff,29649,9.4822,198
1990ccab,31822,9.4822,198
53eebd5f,3945,9.4822,43
130997aa,29997,9.4822,198
78acec0,2362,9.4822,27
677390ea,29453,9.4822,198
18e0bf0e,30563,9.4795,198
3ec2fd08,2701,9.4822,29
e4ae4ea,4481,9.4767,1
22d04e5,31641,9.4849,198
682dfe07,3110,9.4877,1
447beb7f,30416,9.4877,198
73812124,30340,9.4877,198
599afe7,20697,9.4849,151
61a989bd,29447,9.4877,198
3084a786,30070,9.4877,198
2d817657,21896,9.4877,143
482e452,24769,9.4904,171
55cbafea,28903,9.4904,198
6796c539,28691,9.4904,198
3f2a4363,31102,9.4904,198
514c8375,3216,9.4932,1
29cb611e,30236,9.4932,198
3c665b36,24668,9.4932,171
32896efb,5587,9.4932,50
1a73b123,3942,9.4904,43
9c0764b,29301,9.4932,201
74b5f2ac,19085,9.4932,122
7bf135fc,23872,9.4932,143
36a9355a,31825,9.4932,198
3712d031,30265,9.4932,198
75c06e5f,30771,9.4959,198
1e87f89b,24669,9.4959,171
723d236d,31823,9.4959,198
78c5614f,29450,9.4959,198
66a0b75f,28692,9.4959,198
5bdf420a,22474,9.4986,160
7f69792b,31100,9.4959,198
5741f96b,30269,9.4959,198
a69e57e,31045,9.4932,198
7c2dd0fa,24519,9.4959,171
e338b4b,26325,9.4986,143
32aaddf,3186,9.4986,1
24bf94b8,29295,9.4986,201
6710b259,2960,9.4986,32
6d0bcf7c,30245,9.4986,198
47b78f02,29777,9.5014,198
348c68ed,22820,9.5014,162
710b3917,24772,9.5014,171
425081fd,30843,9.4986,198
63b38dcc,29449,9.5014,198
1d36999,28928,9.5041,198
564fa24e,1806,9.5041,24
31919c2f,1480,9.5041,19
4b5fc9c2,31557,9.4986,198
3a27188,31824,9.5014,198
7e997c3f,3151,9.5014,34
7e24ea11,30988,9.5041,198
664402b8,31044,9.5068,198
52471d74,29302,9.5068,201
233ca1d1,29300,9.5068,201
5ec1d7ad,28696,9.5068,198
186c5f4,28780,9.5096,198
1b83ebfc,31554,9.5096,198
32008ff9,30989,9.5096,198
30f56710,30593,9.5068,198
6958777d,30417,9.5123,198
5e46a6c7,31558,9.5123,198
5a9e7af8,29996,9.5096,198
66edc5ad,31376,9.5123,198
eded930,29440,9.5123,198
41c85b5c,29303,9.5123,201
1d1b5466,31046,9.5151,198
389931c7,29430,9.5151,198
6b013f87,28933,9.5096,198
3c92b2bd,30745,9.5151,198
1accbe,3108,9.5151,1
29fa2fff,2351,9.5151,27
2a6b8327,31402,9.5178,198
48746cea,31353,9.5178,198
1e5d2666,31053,9.5178,198
11891175,29650,9.5178,198
66207785,30234,9.5151,198
10a4a2dd,29723,9.5178,198
675ebf5b,24779,9.5178,171
7b5c8f1f,30594,9.5178,198
3645ad70,30266,9.5205,198
cc5e804,29642,9.5205,198
69bc2a46,24773,9.5205,171
5c3bcfe6,24670,9.5178,171
25f76760,5422,9.5205,50
43008709,28905,9.5233,198
ba19a1d,24866,9.5233,172
21e60fd7,28697,9.5233,198
60a6d2a5,30827,9.5233,198
545bd18a,21897,9.5233,143
68403aed,28919,9.5205,198
6a069cfc,31349,9.5205,198
5bd0,28934,9.5233,198
2df9767a,28795,9.526,198
7b1cba9a,30237,9.526,198
6e9d6fcf,2364,9.526,27
12626046,3217,9.526,1
4c5dff8a,5420,9.526,50
2af10add,31407,9.526,198
3427ad73,4829,9.526,1
21b18588,30042,9.526,198
35469be1,31371,9.526,198
3a5d86a6,22475,9.5233,160
d38cd98,4953,9.5233,1
16c4936c,31827,9.5288,198
34c1d48b,30243,9.526,198
3d84bb55,5412,9.5288,50
2b83759f,29166,9.526,198
3c1ca697,30564,9.5288,198
e711d8b,1531,9.5315,19
34aee542,3188,9.5288,1
2c68ae91,31054,9.5315,198
40d69a67,31048,9.5315,198
75198d95,21822,9.5315,143
73824bf8,31710,9.5315,198
69a0b2c6,31457,9.5342,214
63911976,3207,9.5342,1
3045243f,24520,9.5342,171
59b00880,31642,9.5342,198
60fc5306,3208,9.5342,1
de8bb70,31047,9.5342,198
1c0096a,29727,9.5342,198
183da1b1,28781,9.537,198
41105e3e,30369,9.537,198
43f64179,31708,9.537,198
5c3f7c36,31354,9.5342,198
2fc5982d,15491,9.5397,103
42fc9b34,3801,9.5397,37
2af2429,29643,9.537,198
37399af3,24574,9.537,171
749bd384,31460,9.537,214
597a9e7,31649,9.5425,198
2394a75a,30094,9.5425,207
3b7d1297,29336,9.5425,198
630acdeb,30079,9.5425,198
44441c4c,4874,9.5425,1
58815fd9,22477,9.5397,160
3c8a8e46,31817,9.5425,198
722ca0be,30092,9.5452,207
4150efed,30359,9.5425,198
1316d338,9374,9.5452,73
4accf78d,24671,9.5452,171
4c6437f9,31559,9.5425,198
1e49c63b,20715,9.5479,151
9f7ac1c,1807,9.5479,24
242a4230,28782,9.5479,198
6fff6afa,31052,9.5507,198
491c72b3,24859,9.5507,172
19b41db5,29779,9.5479,198
2d97d5d3,29793,9.5507,198
65bb3bad,28783,9.5507,198
5b5a2993,4926,9.5507,1
717951a1,31461,9.5479,214
5cfcb5ca,29448,9.5534,198
4819b38e,24522,9.5534,171
57954069,24569,9.5507,171
53158740,4918,9.5534,1
5bb3ce13,24870,9.5507,172
51af7247,30229,9.5534,198
6ae0c58a,24664,9.5534,171
6fe08e9b,31560,9.5562,198
ff8cc2c,24665,9.5534,171
2a660622,4875,9.5562,1
191222a1,2344,9.5562,27
f16463,9376,9.5562,73
6c513d62,29342,9.5534,198
1a310c1f,31555,9.5589,198
72ef225,28785,9.5534,198
ca9aafe,28921,9.5589,198
2423b52e,24774,9.5616,171
1de3a3f4,29252,9.5616,198
28ccc012,30371,9.5616,198
16ba0e57,30093,9.5589,207
6a0792e6,28794,9.5644,198
3e29d8ff,30231,9.5644,198
73e58bcf,24867,9.5644,172
3aae04c,1479,9.5671,19
3560fce,30828,9.5671,198
45d86145,5424,9.5644,50
1a3c31c2,28810,9.5671,198
6a622974,30095,9.5644,207
4e400a49,4876,9.5699,1
7bc1c5fc,4924,9.5699,1
7d5b5430,19087,9.5699,122
7b8fc097,22535,9.5699,143
465c05,31842,9.5699,198
4e1a0c06,31826,9.5726,198
69472b21,29431,9.5699,198
6cc9c5e6,19086,9.5753,122
5e5d0a0e,28806,9.5753,198
40b957ff,29010,9.5753,198
107762ea,24871,9.5753,172
323363f7,4925,9.5753,1
7ecf3685,30232,9.5753,198
391ddf06,30656,9.5726,198
40812c5,30071,9.5699,198
e84bb14,21823,9.5753,143
25cff81c,24976,9.5753,171
c4a1b89,30230,9.5753,198
25a47213,30677,9.5781,198
4890beff,30673,9.5753,198
6c15f22,29167,9.5781,198
634eca59,28920,9.5781,198
4b7d8d24,20716,9.5753,151
6367f0e2,31567,9.5781,198
3a477bcd,31563,9.5781,198
39b2fb8a,29780,9.5808,198
65783966,30832,9.5808,198
36857fdd,28808,9.5836,198
28d21470,9366,9.5781,73
3b45ded5,30370,9.5836,198
74ee0168,9365,9.5836,73
5a2ecad4,30443,9.5781,198
7e396bfe,29011,9.5863,198
467081dd,20699,9.5863,151
42912d3a,30442,9.5863,198
6e4537d6,9367,9.5863,73
5b96d77b,24666,9.5863,171
192acbbd,30238,9.5836,198
5219dd5f,21818,9.589,143
1525ab4d,28796,9.5918,198
78e59b9d,28809,9.5918,198
375dc01f,29778,9.589,198
2b32008e,24575,9.5918,171
2bcbc7bb,24573,9.589,171
1c409bb3,29728,9.589,198
712f7063,29729,9.5918,198
13f5b966,31832,9.5945,198
4798e1f6,29454,9.5945,198
64650f32,29022,9.5918,198
3db62bb3,28797,9.5918,198
1e9c9c22,31647,9.5973,198
1094199a,5588,9.5945,50
2511c90f,29353,9.5973,198
1b117a42,31055,9.5973,212
709a683,31120,9.5945,198
1b86bf87,29251,9.5973,198
61814d59,31057,9.5973,198
3a96549b,30372,9.5973,198
723bbd00,29451,9.5945,198
4a73a9d7,30246,9.5973,198
5a2019b1,31561,9.5973,198
7474eff5,28812,9.6027,198
1ff48fa7,30670,9.6027,198
489ea09f,29337,9.6027,198
1229d5ac,2775,9.6027,29
41f19b5b,2345,9.6055,27
40769dce,3111,9.6027,1
7ac3bd75,31562,9.6055,198
75281e5c,24872,9.6027,172
47e470ea,30831,9.6055,198
1b3c590f,30833,9.6055,198
565a2270,24977,9.6055,171
619de920,29014,9.6027,198
1036b53b,29030,9.6082,198
311505db,5563,9.611,50
55925033,2282,9.6082,22
583cbb7,29338,9.611,198
2c1f8faf,2294,9.611,22
2b5161fe,29442,9.611,198
32738292,4826,9.611,1
255725e6,30244,9.611,198
75a75f27,31711,9.611,198
449bd8d4,1808,9.6137,24
2515d4cb,29039,9.6137,198
2c8ddf34,29253,9.6137,198
5eb1f06,30671,9.6137,198
2b227a3b,9377,9.6137,73
64b3461f,4961,9.6164,1
61a11e1c,30674,9.6164,198
6f8b65ce,9378,9.6192,73
32455416,31712,9.6164,198
6a7c00f3,31408,9.6164,198
a8e13c7,28936,9.6219,198
74733f37,29441,9.6219,198
40e29162,29730,9.6192,198
589f888c,31829,9.6247,198
2275b873,4889,9.6247,1
4f92a18d,28922,9.6247,198
2cbc2fdf,31828,9.6219,198
1b2f509c,30834,9.6247,198
65b9ad53,30772,9.6301,198
7d52f5a6,31058,9.6301,198
3f50609d,30420,9.6301,198
30e9e124,9375,9.6301,73
3f3a6bb1,29296,9.6301,201
6a2da07d,5574,9.6301,50
22a8741d,31836,9.6329,198
f05af00,2365,9.6329,27
be7a614,29320,9.6329,198
5c377636,28813,9.6301,198
378f6b7d,29319,9.6356,198
7bae9d76,29254,9.6356,198
48905c69,28923,9.6356,198
4f39334e,28814,9.6356,198
7958fbbb,4862,9.6356,1
3540a36e,29322,9.6329,198
79124331,3943,9.6384,43
55c6b1ac,31833,9.6384,198
48c5ad8f,29297,9.6384,201
14ce0396,29321,9.6411,198
7ff9d2bb,4888,9.6411,1
795c3d49,29031,9.6411,198
78b5f726,31059,9.6411,198
257183ed,30377,9.6411,198
4746c89d,28799,9.6411,198
476794fa,4861,9.6411,1
778c04ab,31843,9.6438,198
46516ceb,24780,9.6438,171
5e7fb71d,2965,9.6438,32
2544386c,3189,9.6438,1
32fad933,24527,9.6438,171
1b62a327,30280,9.6438,198
7f81cdb3,5591,9.6438,50
5ce54a01,31713,9.6438,198
58e69ea9,30249,9.6438,198
3cb1f7c7,1890,9.6438,24
4dac59b7,29032,9.6466,198
3b6fa741,24529,9.6466,171
57906553,30250,9.6466,198
64acbfa9,31648,9.6466,198
4be2236a,31838,9.6466,198
df1c0f8,30272,9.6466,198
591f96e8,4927,9.6493,1
740be2e8,31467,9.6521,214
371da374,28800,9.6493,198
5bc3b34d,24571,9.6521,171
58cf2b95,29455,9.6521,198
2ecaa95,31643,9.6493,198
1194c30,30247,9.6521,198
2494222d,9383,9.6548,73
5f03748b,31715,9.6548,198
52626a9,31650,9.6521,198
62798c9a,30675,9.6548,198
8a0c2e0,28807,9.6548,198
294a3429,29443,9.6575,198
2ccafe67,29343,9.6575,198
586cbb99,31846,9.6575,198
294cee4a,28798,9.6548,198
3775918,31409,9.6575,198
7032f8b0,31462,9.6575,214
186d8639,24528,9.6603,171
36ded4f2,28811,9.6603,198
4e4d457c,30657,9.6603,198
7830e906,3103,9.6603,1
350fb314,3944,9.663,43
41a7a7c2,30281,9.663,198
11e8240,31556,9.663,198
255c41ba,29023,9.663,198
63a249,30672,9.663,198
6d83c116,30276,9.663,198
75629cf6,29298,9.663,201
11e6e2d3,30248,9.6658,198
641f7e2d,31645,9.6658,198
1e0d6e8d,29444,9.663,198
2389b285,3938,9.6658,43
50715c93,28924,9.6658,198
bfb1dd,29304,9.6658,201
7627cc34,31704,9.6658,198
69563acb,29344,9.6658,198
7a5a0fe,24781,9.6685,171
5d6af15d,31469,9.6685,214
1564d0a8,24968,9.6685,171
4dbc30ad,31568,9.6685,198
6734cbb4,31056,9.6712,198
5a7c282b,2366,9.6685,27
1e8ab500,19088,9.6712,122
6dde3e16,31468,9.6712,214
5e0c4295,4812,9.6712,1
729928a1,19072,9.6712,122
5526f4e8,9379,9.6712,73
3331342d,30676,9.6685,198
9a88d8a,30451,9.674,198
2f8392d3,31593,9.674,198
13a7755c,29348,9.6767,198
5c77e2ca,4830,9.6767,1
28409ba9,30659,9.6767,198
126a42d0,31119,9.6795,198
21cc5f44,2367,9.6795,27
202b5bb5,29255,9.6712,198
51ff578b,30452,9.6795,198
969d3b4,9384,9.6795,73
70e48de,19073,9.6822,122
4babf219,24962,9.6822,171
25589ce3,29013,9.6795,198
6564365a,19077,9.6822,122
269163cd,31695,9.6849,198
6122e0d8,29012,9.6849,198
fcd79b,2964,9.6767,32
4bbc8a42,31049,9.6849,198
44eee738,31709,9.6849,198
6b5da433,28802,9.6822,198
69cc7b63,29323,9.6849,198
f7b8aaa,30273,9.6877,198
1f9e72a2,9380,9.6877,73
2f4ec527,28815,9.6877,198
79383ec5,2967,9.6877,32
4a5cd1fd,31834,9.6904,198
4041acb6,31061,9.6932,198
32a02c7f,29432,9.6932,198
2ca6cd7e,30085,9.6959,198
654eb598,31644,9.6959,198
14500039,29256,9.6959,198
3ae85b44,31716,9.6959,198
5bec0686,30454,9.6986,198
4682e659,28801,9.6986,198
4dc6cdec,31830,9.6986,198
382ff877,31831,9.7014,198
7546c7d8,29340,9.7014,198
6f113933,31646,9.7014,198
7b54bd20,31575,9.6986,198
b37ddd2,29341,9.7014,198
3cff0e7d,29339,9.7014,198
7fc4663d,4962,9.7041,1
197a0057,28803,9.7041,198
479913e5,31576,9.7041,198
351618d,31125,9.7041,198
5f780a54,30251,9.7041,198
1649c154,31698,9.7014,198
1940fe43,20700,9.7068,151
1115a9ef,31720,9.7068,198
ea02b33,29258,9.7068,198
5375a55,31835,9.7041,198
2f0c2533,31122,9.7068,198
3261dcca,31840,9.7096,198
56bb18d2,2966,9.7096,32
5141d618,31126,9.7096,198
481756a0,31839,9.7068,198
74f1c49c,31121,9.7068,198
75f46aa8,30378,9.7096,198
6fc6f491,9381,9.7123,73
72480e0,29445,9.7068,198
16ff72fa,31595,9.7123,198
7d0b61bc,30379,9.7151,198
3a4f7d0f,3215,9.7151,1
7659454,30845,9.7123,198
30394134,31565,9.7151,198
6cb8e1c4,30283,9.7123,198
4f385f33,19081,9.7151,122
5a4ce9b9,31123,9.7151,198
656cb73f,31483,9.7178,214
1e88a76c,24978,9.7178,171
6918d1e9,24530,9.7096,171
287e7ec0,3113,9.7178,1
3e31cca,31719,9.7178,198
58a26a26,1481,9.7151,19
eaf0a42,28937,9.7178,198
219705e7,24979,9.7205,171
7a44e76b,30658,9.7205,198
61dab1a5,29015,9.7205,198
17515ac6,29257,9.7233,198
a22d4b4,31569,9.7233,198
ef0ddf6,29998,9.7233,198
53521cfc,4957,9.726,1
4a3bb510,4928,9.726,1
67b1c8aa,1536,9.7233,19
5d7f4550,29345,9.726,198
7aab29f0,3805,9.726,41
2030330f,30595,9.726,198
723c443e,31570,9.726,198
38a69d3b,2281,9.7288,22
4f226b37,3946,9.7288,43
31ca0379,30086,9.7288,198
58d76972,30663,9.7288,198
b711097,31060,9.726,198
7b903f31,4864,9.7288,1
6b1d99c9,31844,9.7233,198
7942caa7,29259,9.7288,198
aad9e18,31584,9.7233,198
6952eac6,29346,9.7288,198
13c1296a,29999,9.7315,198
6aaf797,9382,9.7342,73
2a124b96,30252,9.7342,198
1415290a,31571,9.7342,198
526fcef2,5592,9.737,50
72ae28ce,24523,9.7342,171
cd4e887,15492,9.737,103
16440a0e,3212,9.737,1
4538a3a6,31050,9.7342,198
2ba43cb5,31841,9.737,198
28cf8957,4951,9.737,1
374dc19,28817,9.737,198
6f59e8d2,30274,9.737,198
35d6a203,4890,9.7342,1
70c6a5da,24963,9.737,171
7497feec,31065,9.737,198
3f9d7198,31070,9.737,198
6bccc20d,31652,9.7397,198
4e7d5f79,31069,9.7397,198
4e3b3a0f,31699,9.7342,198
1984c352,5581,9.7397,50
1afe93e1,31127,9.7425,198
17aff619,30373,9.7425,198
626816a7,20727,9.7397,151
330de502,30850,9.7397,198
6698509b,29349,9.7425,198
24714a2e,31478,9.7425,214
4a7ea4da,4930,9.7425,1
22099cb2,24969,9.7425,171
7e705804,30381,9.7452,198
580d91a0,5423,9.7452,50
7a35536e,31714,9.7452,198
421bc8dc,30665,9.7479,198
507e5dde,29355,9.7479,198
6f196b7f,31717,9.7479,198
3f84684e,2369,9.7479,27
11b9622,3802,9.7479,37
7dd75e7d,2368,9.7507,27
5f656cb4,31581,9.7507,198
7b03b6b4,31066,9.7479,198
3c9f0249,31837,9.7507,198
26749570,29368,9.7507,198
4de6cdec,31696,9.7507,198
61971375,28786,9.7507,198
15e3d33f,30664,9.7507,198
73337121,4929,9.7507,1
71eeb522,5594,9.7507,50
7ab29a08,31355,9.7507,198
283b0cd1,31697,9.7507,198
2da55b5a,29016,9.7507,198
234a48c2,30286,9.7534,198
5eeb7f22,29025,9.7534,198
4b189ff3,29354,9.7534,198
6e12c601,29371,9.7534,202
721f6137,31476,9.7534,214
4f5b7417,30453,9.7534,198
1dfc5ee1,30285,9.7534,198
5aa8aa9a,24782,9.7562,171
4e8bf7dd,31475,9.7562,214
41e30ef8,9370,9.7562,73
558c311f,5589,9.7534,50
5f5594eb,30662,9.7589,198
4ef1b5c3,31586,9.7589,198
64a1e0e,31594,9.7589,198
173cf62b,31566,9.7589,198
60d5ef01,29731,9.7616,198
238c291a,31653,9.7562,198
508d134c,29027,9.7616,198
1391fb33,2777,9.7616,29
2cbab7ce,28816,9.7616,198
636ccac4,31847,9.7616,198
21eaeb4a,29362,9.7616,198
19459b48,29347,9.7589,198
511b330,30596,9.7616,198
ae63bc,24964,9.7644,171
76e87858,9386,9.7644,73
43423216,5425,9.7644,50
1b82e15f,31479,9.7644,214
5a7ca76b,29028,9.7644,198
4b42817d,31124,9.7671,198
3802a82a,1809,9.7671,24
d1d3dca,29044,9.7644,199
5f9d6cfd,30380,9.7671,198
b471a,29045,9.7671,199
2d65ecc9,2711,9.7671,29
497267c2,30277,9.7644,198
7d3c1095,31136,9.7671,198
27d5abbf,24980,9.7699,171
25540828,31473,9.7699,214
18d3d130,3218,9.7699,1
7fc22737,30461,9.7699,198
626728e2,31470,9.7699,214
6865ff42,4919,9.7699,1
6d75bf2e,31723,9.7699,198
44ef8443,5413,9.7726,50
3e0c628,24982,9.7726,171
589bce8e,29372,9.7726,202
6d0a6026,31484,9.7699,214
e61e905,3190,9.7726,1
2bd38ad8,9364,9.7726,73
1fc3a530,31654,9.7726,198
5f0fe529,2969,9.7726,32
5a5bb966,24524,9.7726,171
5cb2f31d,28787,9.7726,198
5e5a279e,31108,9.7699,198
2a8c2d94,28935,9.7726,198
7e5cb7d1,29049,9.7753,199
160bdc9a,30851,9.7753,198
278aa93,29026,9.7753,198
11f9678d,28818,9.7753,198
18ae4cf2,3187,9.7753,1
332d626f,31474,9.7753,214
698f2ae9,31577,9.7753,198
360170ad,30421,9.7753,198
1d3b8c33,29024,9.7726,198
4af2ded0,31845,9.7753,198
79cbb1f5,30375,9.7781,198
6046b6eb,30384,9.7781,198
32aa9fca,31572,9.7781,198
3dc338d6,5590,9.7781,50
263af280,30462,9.7781,198
4b09e2e2,30374,9.7781,198
333df72b,31477,9.7781,214
2dabbab,28804,9.7753,198
646820f5,30854,9.7808,198
5efc533d,30852,9.7781,198
40c9b126,24965,9.7808,171
3116e54d,31721,9.7836,198
66c60727,3114,9.7863,1
1b0d4cfc,1337,9.7863,19
2bfd6129,30684,9.7863,198
430cfc82,2709,9.7863,29
6cf63129,31728,9.7863,198
4e413544,20730,9.7863,151
48fb8d4c,31700,9.7863,198
1ed2544b,31486,9.7863,214
3a1e53ff,2295,9.789,22
7db2aaed,29046,9.789,199
6937d9fa,31732,9.7863,198
65cba89b,30383,9.789,198
2d829e76,30846,9.7863,198
59283a48,30463,9.789,198
458fbce9,31067,9.7863,198
7d0aa47c,24983,9.7918,171
763ea6e8,29330,9.7918,198
12a055ab,30422,9.7918,198
2a97a814,24970,9.7918,171
13dfe21e,31602,9.7918,198
400fd7bf,31587,9.7918,198
2b0f6c78,28938,9.7918,198
3de097f8,30679,9.7918,198
3b1269bf,31463,9.7945,214
2cd2b1c1,2346,9.7945,27
40716957,31564,9.7945,198
104da18d,4960,9.7945,1
38ba6daa,31128,9.7945,198
15f9fc5,3213,9.7945,35
4aaf7568,2347,9.7973,27
3793e479,29359,9.7973,198
5c2f181c,30847,9.7973,198
217315eb,20718,9.7973,151
37de4c04,24531,9.789,171
10c62098,29033,9.7945,198
385eaed5,31582,9.7973,198
148aced9,19074,9.7973,122
1c15ae3a,5562,9.7945,50
25703c1e,24966,9.8,171
191ceb61,30382,9.7973,198
4130ac8,20709,9.8,151
49762499,28788,9.8,198
450f8321,29369,9.7973,198
49b4ab6f,31103,9.8,198
78a337f3,30660,9.8027,198
5c177435,29360,9.8027,198
14a518f8,29050,9.8027,199
21389e82,29374,9.7973,202
40ce6035,28819,9.8,198
19edd01b,9385,9.8027,73
3864d659,29358,9.8027,198
f8c6bca,30444,9.8027,198
59997209,24967,9.8055,171
77ee239e,31701,9.8055,198
3e4813d3,31722,9.8055,198
db413e7,30445,9.8055,198
13fcda16,20701,9.8055,151
38b9e27,30275,9.8082,198
167fb5a,29732,9.8082,198
466ef931,30686,9.8082,198
7fcfa62e,30690,9.8055,198
5249a91b,31485,9.811,214
2710f52e,1813,9.811,24
199377bd,30284,9.8137,198
1b6f4c77,30419,9.8137,198
4f12f70,31573,9.8137,198
36cdc2e4,31062,9.8164,198
47d0098,4963,9.8164,1
24681345,30466,9.8164,198
2644a6ea,30456,9.8164,198
47a95aa1,31145,9.8164,198
4aae678b,31080,9.8164,198
2e38a7a0,30471,9.8192,198
2d48277b,4937,9.8192,1
4144c55,30385,9.8219,198
20b90c21,31596,9.8192,198
1912b582,30278,9.8219,198
72fc04a7,31585,9.8219,198
1ee3867c,31588,9.8219,198
76535985,31078,9.8219,198
7ae14c68,24993,9.8247,171
68aaa6af,29326,9.8219,198
6a780da0,29324,9.8219,198
727b7187,3099,9.8247,1
60bfe1b,31651,9.8247,198
7f8af97,30678,9.8247,198
7fd5eb,3795,9.8192,37
76f970be,19078,9.8274,122
4bdb3f10,29260,9.8301,198
1535740e,30467,9.8274,198
61e43ec6,31480,9.8274,214
3846ffc7,15489,9.8301,103
77102bb0,29029,9.8301,198
58714f1,29264,9.8301,198
639ffcec,2296,9.8274,22
17b688ee,31410,9.8329,198
576496d0,5414,9.8274,50
5853f33c,31464,9.8329,214
654e445b,29034,9.8329,198
461c41e4,31727,9.8329,198
551ae0d,31730,9.8329,198
1a813824,30687,9.8356,198
353d9de1,29051,9.8356,199
72304269,31733,9.8356,198
654bace8,30688,9.8356,198
5488dafe,29041,9.8356,199
417cc2c4,29363,9.8356,198
18779d9f,31138,9.8356,198
18c2d199,31724,9.8356,198
73b4bce6,31072,9.8384,198
6824b7f2,31702,9.8356,198
35fb8d51,31144,9.8384,198
717290bb,29052,9.8384,199
50b07af2,29373,9.8384,202
7304b8a5,3803,9.8384,37
3a795a31,31143,9.8329,198
680aaa39,30855,9.8384,198
3aece53c,31071,9.8411,198
77fde8c2,29042,9.8384,199
3d40adae,31063,9.8384,198
543c0128,30661,9.8411,198
703eb438,20728,9.8356,151
53c208c7,1814,9.8411,24
1e14be6a,30473,9.8384,198
222e36a1,31703,9.8438,198
4d2030b0,31079,9.8438,198
5d03ff66,30853,9.8438,198
55837a2e,31104,9.8438,198
1644c469,1537,9.8438,19
72f18b6d,30376,9.8438,198
2d18cf25,5572,9.8411,50
52e707b3,2778,9.8466,29
61f1cf86,31583,9.8493,198
5d91dc31,29361,9.8438,198
2fed8b9c,2704,9.8493,29
1a314688,24971,9.8521,171
66971528,24994,9.8493,171
491b9c50,31488,9.8466,214
6e220e7f,9368,9.8521,73
1fba7584,29261,9.8548,198
74b0e0b1,2708,9.8521,29
1b528c5e,31718,9.8548,198
582045c3,20710,9.8548,151
147a0d16,31603,9.8575,198
67bcd240,31597,9.8575,198
68839295,31489,9.8575,214
32d7cc1b,30685,9.8548,198
2a970375,2776,9.8603,29
222e6ca,31465,9.8575,214
760165ea,5582,9.8603,50
77ae87b8,29370,9.863,198
3cda4e2,20711,9.863,151
ff60794,15493,9.863,103
72250db5,31729,9.8603,198
526af8cb,31074,9.863,198
71b5d70e,29036,9.863,198
1f31876e,31073,9.863,198
20c4e9bb,31137,9.8658,198
6f2c63bc,15490,9.8548,103
7f788440,31578,9.8658,198
2d95591a,29040,9.8658,199
7ad600b3,30459,9.8658,198
4bc7f897,30282,9.8658,198
2504a540,24995,9.863,171
369d4c79,31139,9.8658,198
7674557b,31147,9.8685,198
3113f220,2371,9.8685,27
7330973a,31466,9.8685,214
fa018ff,31604,9.8685,198
4c8d76b,31075,9.8685,198
7b0abf29,30848,9.8685,198
5a073aa,29328,9.8685,198
66c9f438,2292,9.8685,22
5b1492e0,30279,9.8685,198
7ba42bad,31076,9.8685,198
27865e24,31146,9.8685,198
9aa3a06,30457,9.8685,198
27f73fed,31064,9.8712,198
1762d27d,20737,9.8712,151
4e3e702a,31599,9.8658,198
7d5491fd,5576,9.8712,50
26cacb93,29375,9.874,202
4793fd4d,5564,9.874,50
72e8806e,31481,9.8712,214
169c7d85,31706,9.874,198
366d7db2,31482,9.8767,214
68b6870d,29351,9.874,198
3094fa17,30446,9.8767,198
2e82a3bf,29334,9.8767,198
770004eb,29350,9.8767,198
2b526be9,31068,9.8767,198
3c8178d6,20707,9.8767,151
725bba2,31574,9.8767,198
7075c0f1,24985,9.874,171
4840e035,31589,9.8795,198
7f306623,1482,9.8795,19
49d02133,31848,9.8795,198
55e23acc,31487,9.8795,214
4788e28a,20741,9.8767,151
5032de30,30455,9.8795,198
6f11bf07,31081,9.8795,198
1e7422ed,3947,9.8767,43
617ed5cc,30447,9.8767,198
72b83822,31731,9.8795,198
b4e0ac9,20738,9.8795,151
444012dd,31117,9.8822,198
38bd7508,5593,9.8822,50
3070e64a,30468,9.8822,198
21dafed7,4938,9.8822,1
7ccd1c89,31725,9.8849,198
15ee7fc8,24991,9.8849,171
1361f401,30691,9.8849,198
53b0c369,20729,9.8822,151
72e499b,24533,9.8849,171
433c7559,31109,9.8849,198
10fa5d03,29364,9.8877,198
37660774,31411,9.8877,198
4c732c1,30287,9.8877,198
d7f9c5c,31490,9.8877,214
26f21841,30458,9.8877,198
7150d153,30693,9.8877,198
5166f49d,29053,9.8904,199
2a019082,29327,9.8904,198
1336b9f7,31140,9.8877,198
2edac06a,20739,9.8904,151
59f756ab,31849,9.8904,198
27c7a73f,31590,9.8904,198
3fd39314,31129,9.8904,198
190c6c18,20719,9.8904,151
612d26c3,30694,9.8904,198
20c7643,29329,9.8904,198
4ef7a280,3112,9.8932,1
3e38abb0,30474,9.8904,198
5216b36f,4483,9.8932,1
21e41e25,30597,9.8932,198
5bf2daad,31084,9.8932,198
5361f42e,9371,9.8932,73
6931855f,29365,9.8959,198
20603018,24990,9.8932,171
323e3e6f,20702,9.8959,151
332a1b3b,3109,9.8959,1
7ec08841,30464,9.8959,198
22dcd333,29357,9.8932,198
61d25c41,1815,9.8959,24
2427083,31111,9.8959,198
783a620a,31598,9.8959,198
3cbb6375,3939,9.8986,43
5442386,31085,9.8986,198
4ff810f7,4931,9.8986,1
9b922d3,31086,9.8986,198
752eb40e,20731,9.8959,151
c4bfb3a,24532,9.9014,171
3f0168a2,1891,9.9014,24
12e9c115,30472,9.9014,198
4155412c,31148,9.9041,198
1d990417,30465,9.9041,198
3e2a38f8,31082,9.9041,198
74067b98,20734,9.9041,151
3e2465f7,31077,9.9041,198
43aeb746,4958,9.9014,1
1fe54b5f,29265,9.9041,198
3d1a907c,31726,9.9068,198
71679019,20732,9.9068,151
6219ea4f,24973,9.9041,171
37f5f3a7,31705,9.9068,198
315ee079,31600,9.9096,198
58f7f059,31734,9.9041,198
45e12d6d,31736,9.9068,198
6887fc0c,29262,9.9096,198
70f75270,29331,9.9096,198
2d14e74c,30689,9.9096,198
195b1a25,1810,9.9096,24
77a940a7,20708,9.9123,151
1765110f,4482,9.9123,1
3273979a,30666,9.9096,198
7d1c4737,30692,9.9123,198
5ba3cccb,31471,9.9123,214
4e820779,30695,9.9123,198
c932c2f,24974,9.9123,171
47bdde2b,4865,9.9096,1
463d8b1f,3797,9.9123,37
796f07be,29366,9.9096,198
3c6f49cc,31735,9.9151,198
2988e83a,31579,9.9123,198
347fb67,30680,9.9123,198
34084205,24972,9.9151,171
2944e46,31591,9.9151,198
44f346f1,20717,9.9151,151
76fb676a,5575,9.9178,50
2a54bf6d,31083,9.9178,198
1674e583,30668,9.9178,198
36326f75,29017,9.9178,198
6828638c,29356,9.9151,198
67080633,31113,9.9151,198
72619164,30469,9.9205,198
4be5882c,30448,9.9178,198
61b1feae,31707,9.9178,198
5661afac,31107,9.9178,198
362037ff,24984,9.9205,171
738d2bd2,31132,9.9205,198
166e9ffc,29333,9.9205,198
78859b0c,31141,9.9178,198
3e15345,31105,9.9178,198
5dbca135,20745,9.9205,151
5812022c,31116,9.9233,198
7f0cae83,31472,9.9205,214
244b7201,31112,9.9233,198
a01bedc,20733,9.9233,151
442da839,9372,9.9205,73
1a59ab25,20746,9.9205,151
425d7092,20743,9.926,151
3e021ee1,29038,9.926,198
76c9686f,29054,9.926,199
6caba883,20712,9.9288,151
130f046d,31115,9.9288,198
42d8cb6c,20742,9.9288,151
1c183f24,29043,9.9288,199
3575a4ff,31130,9.9288,198
280af6e8,30599,9.9288,198
37ee4101,2970,9.926,32
3d54e5fb,5595,9.9288,50
4a836f5b,30449,9.9288,198
e3682e,24987,9.9288,171
524a04a5,20720,9.9288,151
313d2701,29037,9.926,198
5a7a7127,3948,9.9315,43
401b2cae,29047,9.9288,199
5b228e9b,31134,9.9315,198
37fafd1,20725,9.9288,151
2a85fbe1,20744,9.9315,151
a8515d0,24988,9.926,171
13e23672,20713,9.9315,151
600a1f6e,1338,9.9288,19
5cfb34c3,20735,9.926,151
220419aa,30682,9.9342,198
db3af,31131,9.9342,198
25e547a,30450,9.9342,198
78635de,28940,9.9342,198
20c6c5ec,1816,9.9315,24
6ea7a30d,24992,9.9342,171
5cdb5cd,2283,9.9342,22
68b0fe10,2297,9.9315,22
183d8af8,31133,9.937,198
2e2364e4,24975,9.937,171
6d73eed8,29367,9.9288,198
50e16343,20721,9.937,151
710fa637,29352,9.937,198
46a8df30,20714,9.937,151
2907f98b,4920,9.937,1
6fa7ba1a,29035,9.9397,198
a1825d3,20722,9.9397,151
605a7e21,29263,9.9397,198
5d99dc19,30681,9.9397,198
68a8870a,28941,9.9397,198
68799470,20726,9.9397,151
7cbf2f5b,31606,9.937,198
8f1713c,24981,9.9397,171
6c9c9b76,3806,9.9397,41
77c29797,31737,9.9397,198
17922050,5415,9.9425,50
7ea4f355,20724,9.9425,151
6b5139bf,5573,9.9425,50
6dce918c,3115,9.9425,1
41f2dbe8,30669,9.9452,198
658c0db2,20704,9.9452,151
35bdcc1e,3191,9.9452,1
3ceb640d,28939,9.9452,198
25b0d0ed,31135,9.9452,198
72ca6228,2372,9.9397,27
772e105e,2370,9.9452,27
6ca3f6fd,31106,9.9425,198
1082d9ba,2710,9.9479,29
331654ff,24986,9.9479,171
5ebdcab0,31118,9.9479,198
12ecbb97,31601,9.9479,198
1547e574,30667,9.9479,198
130eb16f,30470,9.9479,198
12bebe5d,29266,9.9479,198
4066f787,24996,9.9507,171
65799f9e,29325,9.9452,198
5e4574b,29332,9.9507,198
4fbfba00,9369,9.9479,73
7c5cca2a,20705,9.9507,151
72fb35,31142,9.9507,198
29dcef51,20747,9.9507,151
34fc89fe,5577,9.9507,50
4ef7f061,29335,9.9479,198
7ed6794d,31149,9.9534,198
6b1f51fe,20740,9.9534,151
5dc5dc76,29048,9.9534,199
357dc5cc,31605,9.9534,198
4e1bd7fd,2712,9.9507,29
4f46a57,20703,9.9534,151
67db134e,4863,9.9534,1
5586da0f,3209,9.9534,1
1bee0189,24997,9.9534,171
6a6b8e6d,31114,9.9562,198
305a85d4,20706,9.9562,151
5515b10d,2968,9.9562,32
1a9de97c,20723,9.9562,151
25f30f6,31150,9.9589,198
36a05f02,5426,9.9589,50
33a4e6f3,2373,9.9589,27
787269e1,30460,9.9589,198
588683e8,1817,9.9589,24
5d29f216,31414,9.9616,198
21bc60fb,9373,9.9616,73
6b870738,30849,9.9616,198
13625e9c,30598,9.9616,198
270e5bbd,30683,9.9589,198
35a5b408,31580,9.9616,198
66c8db43,31592,9.9589,198
20ec119f,24534,9.9644,171
67dfffb8,31412,9.9644,198
32d9834d,2713,9.9644,29
2a4474ea,29018,9.9644,198
a76b022,31413,9.9644,198
6e09b9d,20736,9.9644,151
124cbceb,29055,9.9562,199
6c718604,24989,9.9644,171
3cc15987,31110,9.9644,198
