"","computational_time_error","taylor_time_error","fullode_time_error","partialode_time_error","computational_value_error","taylor_value_error","fullode_value_error","partialode_value_error","computational_time","taylor_time","fullode_time","partialode_time"
"1",0,3,0,1,0.0122883509094818,0.00663903982873271,NA,0.00237475405391918,0.594999999999999,0.0289999999999964,0.494,0.0929999999999964
"2",0,3,0,1,0.000192513670518091,8.90831287432281e-05,0.000222572017330225,6.78454709366338e-05,0.542999999999999,0.00399999999999778,0.0579999999999998,0.139000000000003
